,Cell Type 1,Cell Type 2,Gene 1,Gene 2,C_p,Z,Z_pval,Z_FDR,C_norm_p,C_np,pval_np,FDR_np,C_norm_np,selected
1,CD4 T Cell,CD4 T Cell,SLC2A1,SLC2A3,562.6096,11.983987796138024,2.1553876777943858e-33,1.9675738137542113e-32,0.338061110005191,3207.3047,0.005994005994005994,0.018289616070475988,0.5121515366643591,True
10,CD4 T Cell,CD4 T Cell,SLC7A5,SLC7A7,87.220146,1.8578515756369205,0.0315950473152073,0.10073783201950152,0.03018383877654377,6181.0,0.000999000999000999,0.0036387453605996652,0.9115367652546116,True
11,CD4 T Cell,CD4 T Cell,SLC1A5,SLC1A5,93.75995,1.9971540534069938,0.022904225273017106,0.07577337684306412,0.04099313140290454,1062.7202,0.001998001998001998,0.006955070246209487,0.2270624212192556,True
13,CD4 T Cell,CD4 T Cell,SLC1A5,SLC3A2,99.52897,2.120038312561302,0.017001407221680823,0.05862554214372698,0.04351542585198205,3298.129,0.002997002997002997,0.0100203747620161,0.7046832501030829,True
14,CD4 T Cell,CD4 T Cell,SLC3A2,SLC7A5,159.93536,3.4067377847407285,0.0003287212758201359,0.0014819401778776618,0.0734833099507158,4205.714,0.000999000999000999,0.0036387453605996652,0.41568032616355094,True
16,CD4 T Cell,CD4 T Cell,SLC1A5,SLC38A7,544.12305,11.590210567867246,2.309976931557705e-31,2.0742649997661027e-30,0.23789803494898035,3278.1482,0.000999000999000999,0.0036387453605996652,0.7004141405262982,True
17,CD4 T Cell,CD4 T Cell,SLC1A5,SLC7A5,-3.213557,-0.06845106556848993,0.5272867136622932,0.773508827038457,-0.001405011055972912,2395.9463,0.000999000999000999,0.0036387453605996652,0.5119215367384439,True
18,CD4 T Cell,CD4 T Cell,SLC7A7,SLC7A7,33.606876,0.7158505340506315,0.23704182254718775,0.5253828415298062,0.017058210091428362,1655.0428,0.000999000999000999,0.0036387453605996652,0.4708075469195119,True
22,CD4 T Cell,CD4 T Cell,SLC38A7,SLC7A5,151.15877,3.2197900031737996,0.0006414226616206556,0.0027998608245346076,0.07684836038974617,2316.8887,0.000999000999000999,0.0036387453605996652,2.7920546465376246,True
32,CD4 T Cell,CD4 T Cell,SLCO2B1,SLCO2B1,251.54378,5.3580626011148444,4.205954816853983e-08,2.360484846193562e-07,0.14415260159720614,2628.2798,0.015984015984015984,0.04246960768699899,0.4366810016225529,True
50,CD4 T Cell,CD4 T Cell,SLC39A8,SLC39A8,367.59375,7.8300101243656774,2.439153408644569e-15,1.7199158650698884e-14,0.13420028168086529,335.53952,0.000999000999000999,0.0036387453605996652,0.2402010289678402,True
51,CD4 T Cell,CD4 T Cell,CUBN,SLC40A1,297.47964,6.336529471417873,1.1749912406149733e-10,7.343695253843583e-10,0.13351872073917334,388.16208,0.008991008991008992,0.02582274122744097,4.742386562427357,True
55,CD4 T Cell,CD4 T Cell,SLC11A1,SLC3A2,40.658134,0.8660473810099829,0.19323208953491322,0.44842889976456657,0.012026517888858834,43.511333,0.013986013986013986,0.03784653231147696,1.0511723713894348,True
56,CD4 T Cell,CD4 T Cell,SLC40A1,SLC40A1,82.94044,1.7666907119900732,0.03864001985366611,0.1195612428664774,0.056807264641700835,1795.6842,0.012987012987012988,0.03566969859104691,1.2032448962083981,True
58,CD4 T Cell,CD4 T Cell,SLC11A2,SLC3A2,136.55476,2.908714261428426,0.0018145919713289619,0.007475847072890854,0.06295646245275775,3295.235,0.000999000999000999,0.0036387453605996652,0.7216791833150761,True
70,CD4 T Cell,CD4 T Cell,SLC5A5,SLC5A5,132.48706,2.8220692692122205,0.002385743497130156,0.009630524208598794,0.05278752520545001,49.897278,0.011988011988011988,0.033384337181805536,0.0965069116748586,True
74,CD4 T Cell,CD4 T Cell,SLC29A1,SLC29A1,215.21721,4.584280674874282,2.277759866943042e-06,1.1790756958293393e-05,0.085514910482298,464.02698,0.012987012987012988,0.03566969859104691,0.22785881986002848,True
106,CD4 T Cell,CD4 T Cell,MSR1,MSR1,319.1458,6.798034370407977,5.302807867889033e-12,3.45153174833014e-11,0.16989895274642539,2390.772,0.012987012987012988,0.03566969859104691,0.43943464342447436,True
107,CD4 T Cell,CD4 T Cell,CD36,MSR1,124.644035,2.6550072155713926,0.003965335606081503,0.015467621158473948,0.03954797656187159,100.45771,0.002997002997002997,0.0100203747620161,0.6972383475462818,True
112,CD4 T Cell,CD4 T Cell,ABCA1,ABCA1,254.64938,5.424214234655015,2.9105016766581526e-08,1.6460420793439422e-07,0.1236537143080041,2100.5376,0.000999000999000999,0.0036387453605996652,0.4146241504135293,True
143,CD4 T Cell,CD4 T Cell,CD38,CD38,227.56796,4.8473605753722495,6.255745171436007e-07,3.3567413115022474e-06,0.11463583156580312,1499.5592,0.000999000999000999,0.0036387453605996652,0.3676786817295647,True
177,CD4 T Cell,CD4 T Cell,TAP1,TAP1,596.4218,12.704211760230605,2.801557101833016e-37,2.6339425743729207e-36,0.2675589988737974,27825.105,0.000999000999000999,0.0036387453605996652,0.9408988747261596,True
182,CD4 T Cell,CD4 T Cell,AQP7,AQP7,383.5988,8.170928840273904,1.5301205488619902e-16,1.096503324917387e-15,0.18797794391025013,67.92558,0.000999000999000999,0.0036387453605996652,0.514884298007847,True
185,CD4 T Cell,CD4 T Cell,AQP5,AQP5,196.4462,4.184444690353425,1.4293201762723918e-05,7.082217089637978e-05,0.07963626771087251,9.713954,0.003996003996003996,0.01292824822236587,0.04392395236507483,True
189,CD4 T Cell,CD4 T Cell,AQP7,ATP7A,414.35156,8.825985015854425,5.425027772101413e-19,4.1013955665371505e-18,0.2030479702730315,9.97666,0.003996003996003996,0.01292824822236587,0.07562431187733103,True
209,CD4 T Cell,CD4 T Cell,SLC6A9,SLC6A9,114.90146,2.4474833569406997,0.0071928884480546035,0.026912167662789335,0.049053948715497925,128.15816,0.005994005994005994,0.018289616070475988,0.1368744521143594,True
216,CD4 T Cell,CD4 T Cell,SCNN1A,SCNN1A,413.97318,8.817925092165275,5.830010645321457e-19,4.392473773872331e-18,0.23103179110919028,2436.1836,0.002997002997002997,0.0100203747620161,0.4870067007263485,True
228,CD4 T Cell,CD8 T Cell,SLC38A7,SLC7A7,24.806213,0.6290646464306802,0.2646533672407569,0.5702619078645104,0.03329822971764557,229.98288,0.004995004995004995,0.015676192566349483,0.7895050086260422,True
229,CD4 T Cell,CD8 T Cell,SLC7A5,SLC7A5,5.9403157,0.15064139589385675,0.4401293023949835,0.773508827038457,0.006482242309928881,910.86694,0.002997002997002997,0.0100203747620161,0.46450580009025116,True
231,CD4 T Cell,CD8 T Cell,SLC1A5,SLC1A5,101.33265,2.5697105070684003,0.005089176579403977,0.01957375607463068,0.1470040419174776,1064.2738,0.000999000999000999,0.0036387453605996652,0.795055533848101,True
234,CD4 T Cell,CD8 T Cell,SLC3A2,SLC7A5,77.54658,1.9665157911302893,0.02461953003092748,0.08071977059320486,0.10602000553769919,1260.2334,0.012987012987012988,0.03566969859104691,0.39615056462256437,True
236,CD4 T Cell,CD8 T Cell,SLC1A5,SLC38A7,195.91154,4.968151518279466,3.3797069744622436e-07,1.8450013260091652e-06,0.28421036223209656,886.7902,0.000999000999000999,0.0036387453605996652,0.6624681271291774,True
237,CD4 T Cell,CD8 T Cell,SLC1A5,SLC7A5,-34.19458,-0.8671457065261978,0.8070689099972377,0.8868105259659272,-0.04960633637139299,1759.9423,0.000999000999000999,0.0036387453605996652,1.314747980056698,True
238,CD4 T Cell,CD8 T Cell,SLC7A7,SLC7A7,5.618001,0.1424677659901558,0.44335526932049174,0.773508827038457,0.005879646590433072,1091.6957,0.000999000999000999,0.0036387453605996652,0.7919764517756097,True
247,CD4 T Cell,CD8 T Cell,SLC43A2,SLC43A2,78.60129,1.9932623568916585,0.023116363042712473,0.07624587510339946,0.08700238115912756,383.8409,0.004995004995004995,0.015676192566349483,0.4041491912647868,True
252,CD4 T Cell,CD8 T Cell,SLCO2B1,SLCO2B1,245.43764,6.224091447931436,2.421772613065134e-10,1.4557103138642882e-09,0.3135764318412412,2794.0596,0.000999000999000999,0.0036387453605996652,1.014625097053637,True
270,CD4 T Cell,CD8 T Cell,SLC39A8,SLC39A8,144.43555,3.66276363260687,0.0001247543752739955,0.0005827168271821447,0.1904163629559029,100.29426,0.006993006993006993,0.02076196408180214,0.26505711049529085,True
271,CD4 T Cell,CD8 T Cell,CUBN,SLC40A1,316.47992,8.025663795595467,5.048921164879804e-16,3.5831053428179255e-15,0.3231898397947754,816.91144,0.000999000999000999,0.0036387453605996652,22.804816602925573,True
326,CD4 T Cell,CD8 T Cell,MSR1,MSR1,190.91255,4.8413812746454985,6.446985209633279e-07,3.4509409881248695e-06,0.25035524270888676,2014.4027,0.000999000999000999,0.0036387453605996652,0.919493840160091,True
349,CD4 T Cell,CD8 T Cell,ABCG2,FOLR2,137.41656,3.4847681715134784,0.0002462818007947959,0.0011217804591067309,0.16947022470403741,19.402353,0.004995004995004995,0.015676192566349483,0.7041287896807101,True
354,CD4 T Cell,CD8 T Cell,FOLR2,FOLR2,241.13127,6.114885639575061,4.831311575086635e-10,2.8882840938017925e-09,0.1888437092796673,59.738842,0.003996003996003996,0.01292824822236587,0.3271786304727562,True
359,CD4 T Cell,CD8 T Cell,SLC29A3,SLC29A3,42.47814,1.0772098439468738,0.14069326423860667,0.3513339175084389,0.047781487533215566,192.07887,0.008991008991008992,0.02582274122744097,0.32810829232308897,True
363,CD4 T Cell,CD8 T Cell,CD38,CD38,343.3703,8.707581171266888,1.5521395454483577e-18,1.1575277966055548e-17,0.2503330161108965,2355.5725,0.000999000999000999,0.0036387453605996652,1.186010977276291,True
370,CD4 T Cell,CD8 T Cell,ABCC3,SLCO2B1,41.530495,1.0531783129961587,0.14612963800456502,0.3616256508549415,0.03642000219113047,238.45276,0.004995004995004995,0.015676192566349483,1.2542054239908067,True
397,CD4 T Cell,CD8 T Cell,TAP1,TAP1,322.29755,8.173193907766683,1.5016534776451572e-16,1.0796201473265835e-15,0.4109212849154282,19354.96,0.000999000999000999,0.0036387453605996652,1.865451606881983,True
402,CD4 T Cell,CD8 T Cell,AQP7,AQP7,195.75636,4.964216236582843,3.448952858096817e-07,1.878142645498267e-06,0.1984395816763356,22.260786,0.000999000999000999,0.0036387453605996652,0.35112258988519424,True
450,CD4 T Cell,gd T Cell,SLC7A5,SLC7A7,137.63684,3.0244377229220505,0.0012454787496248019,0.005229109254149931,0.12341538403736424,5493.4243,0.000999000999000999,0.0036387453605996652,1.8657210138417772,True
451,CD4 T Cell,gd T Cell,SLC1A5,SLC1A5,307.37292,6.7542255637633355,7.180009877316371e-12,4.65959343070679e-11,0.3165024200159517,661.87115,0.000999000999000999,0.0036387453605996652,0.2894279578918002,True
453,CD4 T Cell,gd T Cell,SLC1A5,SLC3A2,8.30769,0.18255352178015402,0.4275741778153772,0.773508827038457,0.008554442086719452,2881.2305,0.015984015984015984,0.04246960768699899,1.2599259610529996,True
454,CD4 T Cell,gd T Cell,SLC3A2,SLC7A5,90.049675,1.9787553415695502,0.023921779382589204,0.07878430335583271,0.07985399306652441,2509.606,0.000999000999000999,0.0036387453605996652,0.5216329048032127,True
455,CD4 T Cell,gd T Cell,SLC3A2,SLC7A7,112.09304,2.463137180734383,0.006886360465779098,0.02589742397387011,0.09940154561818958,1778.6704,0.001998001998001998,0.006955070246209487,0.3697046582702916,True
456,CD4 T Cell,gd T Cell,SLC1A5,SLC38A7,260.99603,5.7351377884813814,4.871655166027724e-09,2.827873711150658e-08,0.26874805587154565,1854.4551,0.000999000999000999,0.0036387453605996652,0.8109299557525221,True
457,CD4 T Cell,gd T Cell,SLC1A5,SLC7A5,6.7053733,0.1473441543355403,0.4414301913311586,0.773508827038457,0.006904534203388124,1448.9084,0.000999000999000999,0.0036387453605996652,0.6335894985488402,True
458,CD4 T Cell,gd T Cell,SLC7A7,SLC7A7,-47.7848,-1.0500252354431021,0.8531467447249279,0.9124653849651667,-0.04812542247125858,868.54553,0.015984015984015984,0.04246960768699899,0.6189425134621799,True
462,CD4 T Cell,gd T Cell,SLC38A7,SLC7A5,1.297617,0.02851388956734154,0.4886261451305295,0.773508827038457,0.001147641558011167,1413.4723,0.000999000999000999,0.0036387453605996652,3.526840898942948,True
467,CD4 T Cell,gd T Cell,SLC43A2,SLC43A2,149.6729,3.2889185345490954,0.000502865646397142,0.0022259646319390592,0.1446944922312432,457.44476,0.000999000999000999,0.0036387453605996652,0.39496291909426334,True
472,CD4 T Cell,gd T Cell,SLCO2B1,SLCO2B1,192.9715,4.2403637734853215,1.115789177426746e-05,5.553701788096926e-05,0.31708983940467605,1364.3788,0.000999000999000999,0.0036387453605996652,0.576067195058509,True
473,CD4 T Cell,gd T Cell,SLC16A1,SLC22A5,113.342125,2.490584615416132,0.006376656207360204,0.02418731664860767,0.10735561302519211,265.23874,0.014985014985014986,0.040105879521937914,0.2646584566361847,True
510,CD4 T Cell,gd T Cell,SLC5A5,SLC5A5,311.09164,6.835940861910037,4.073427430449631e-12,2.6750866707430412e-11,0.22495006422682465,101.92613,0.000999000999000999,0.0036387453605996652,0.330145074180375,True
533,CD4 T Cell,gd T Cell,SLC1A5,SLC5A5,42.969803,0.944220253320268,0.17252855378314463,0.41033818197072236,0.044246078604077144,302.798,0.013986013986013986,0.03784653231147696,0.13240977093707582,True
543,CD4 T Cell,gd T Cell,SLC3A2,SLC43A2,-26.148466,-0.5745874929196688,0.7172148436479793,0.833843357931907,-0.023187861941196007,1269.2372,0.000999000999000999,0.0036387453605996652,0.26381666675514864,True
544,CD4 T Cell,gd T Cell,CPT1A,CPT1A,78.94378,1.734713916343247,0.04139574506933447,0.12631156609228272,0.07605129195002158,1500.043,0.005994005994005994,0.018289616070475988,0.7787909629545086,True
546,CD4 T Cell,gd T Cell,MSR1,MSR1,274.5735,6.033489324628904,8.022829759406586e-10,4.783258935147558e-09,0.33136256764984207,1549.0328,0.000999000999000999,0.0036387453605996652,0.6478921959976841,True
549,CD4 T Cell,gd T Cell,SLC6A12,SLC6A12,48.138355,1.0577942408827974,0.1450746294935072,0.35941912712355384,0.04884336338911888,15.220773,0.017982017982017984,0.046928160807164374,0.1377380360921984,True
567,CD4 T Cell,gd T Cell,FOLR1,FOLR1,451.8725,9.9294652465281,1.549565440275938e-23,1.2673025905602468e-22,0.4512640423406009,8374.395,0.000999000999000999,0.0036387453605996652,1.5355754072112264,True
574,CD4 T Cell,gd T Cell,FOLR2,FOLR2,184.98642,4.064899358101668,2.4026596435429843e-05,0.00011825170505133256,0.2227659044098017,22.491133,0.003996003996003996,0.01292824822236587,0.15303992261096283,True
583,CD4 T Cell,gd T Cell,CD38,CD38,184.40532,4.052130232094033,2.537669946599228e-05,0.00012461772059192637,0.16033589505406154,3253.0889,0.000999000999000999,0.0036387453605996652,1.4568595710882193,True
609,CD4 T Cell,gd T Cell,SLCO1B3,SLCO1B3,414.09827,9.099412708414665,4.541079971160156e-20,3.493138439353966e-19,0.8291671604056452,4.5177774,0.004995004995004995,0.015676192566349483,0.7670234272131713,True
617,CD4 T Cell,gd T Cell,TAP1,TAP1,451.6029,9.923541214327305,1.6443821221968938e-23,1.3398669143826543e-22,0.4704657091588175,26526.352,0.000999000999000999,0.0036387453605996652,1.8966585019874316,True
640,CD4 T Cell,gd T Cell,CLCN3,CLCN3,100.3745,2.20563340239069,0.013704839177974116,0.048010583107552636,0.08661237475181584,344.9334,0.005994005994005994,0.018289616070475988,0.41710047609268086,True
649,CD4 T Cell,gd T Cell,SLC6A9,SLC6A9,76.43738,1.6796381541015333,0.04651386975469233,0.13903602372326512,0.0908942714442558,119.23258,0.016983016983016984,0.044692149955307854,0.3152903929208816,True
656,CD4 T Cell,gd T Cell,SCNN1A,SCNN1A,342.81567,7.533046019912045,2.4785065526805824e-14,1.714690067892227e-13,0.33783542280512313,3116.2107,0.000999000999000999,0.0036387453605996652,1.0916135689389492,True
660,CD4 T Cell,other,SLC2A3,SLC2A3,641.4023,3.1325208157686535,0.0008665606881057982,0.0037235029567046015,0.02458324009951227,929.52277,0.000999000999000999,0.0036387453605996652,0.02070513707845487,True
661,CD4 T Cell,other,SLC2A1,SLC2A3,8068.292,39.404431967797194,0.0,0.0,0.4968955211499126,84465.78,0.000999000999000999,0.0036387453605996652,1.386685026364721,True
665,CD4 T Cell,other,SLC2A4,SLC2A4,5212.112,25.45523955714555,3.0884221736469288e-143,4.30033467216661e-142,0.3070334349314288,12178.309,0.000999000999000999,0.0036387453605996652,110.81172813332347,True
666,CD4 T Cell,other,SLC2A1,SLC2A9,2940.044,14.3587715637434,4.693819301140431e-47,4.736881863536215e-46,0.18106616243243046,14420.565,0.000999000999000999,0.0036387453605996652,0.23674418039033285,True
668,CD4 T Cell,other,SLC38A7,SLC7A7,667.26,3.2588064097210023,0.000559409925250505,0.0024605522975246386,0.03137658677856953,5549.279,0.000999000999000999,0.0036387453605996652,0.6883639221599257,True
669,CD4 T Cell,other,SLC7A5,SLC7A5,-842.1011,-4.1127061986839575,0.9999804476037957,1.0,-0.03860115531514879,24013.807,0.000999000999000999,0.0036387453605996652,0.4399991038131031,True
670,CD4 T Cell,other,SLC7A5,SLC7A7,3197.5503,15.616397262877966,2.814906572373756e-55,3.007300275718121e-54,0.14657282749745482,103839.25,0.000999000999000999,0.0036387453605996652,1.90262117224392,True
671,CD4 T Cell,other,SLC1A5,SLC1A5,4181.9395,20.424018966303365,5.114630025071144e-93,6.251214475086954e-92,0.19923637665694638,21532.578,0.000999000999000999,0.0036387453605996652,0.4990827922665332,True
672,CD4 T Cell,other,SLC3A2,SLC3A2,110.87303,0.5414886862814077,0.29408539685048735,0.6179444823983498,0.00568354709873062,11720.665,0.000999000999000999,0.0036387453605996652,0.13558532345028473,True
673,CD4 T Cell,other,SLC1A5,SLC3A2,1047.8871,5.117736862926986,1.5461180101273136e-07,8.503649055700225e-07,0.049923541049169386,57231.504,0.000999000999000999,0.0036387453605996652,1.3265136487293832,True
674,CD4 T Cell,other,SLC3A2,SLC7A5,1488.5575,7.269910732444487,1.7986256792684202e-13,1.2250701221023296e-12,0.07630608191496421,19535.537,0.000999000999000999,0.0036387453605996652,0.22598821047457507,True
675,CD4 T Cell,other,SLC3A2,SLC7A7,1681.6443,8.212920153311211,1.0793655284211285e-16,7.785587418119615e-16,0.08620405133487809,35335.176,0.000999000999000999,0.0036387453605996652,0.408759334176541,True
676,CD4 T Cell,other,SLC1A5,SLC38A7,2790.6313,13.629060920502125,1.3450985746491847e-42,1.292234438527601e-41,0.13295153708570528,13451.1875,0.000999000999000999,0.0036387453605996652,0.31177205896243265,True
677,CD4 T Cell,other,SLC1A5,SLC7A5,98.87274,0.48288091550590345,0.31459014662402907,0.6432140544357472,0.004710505024545533,45196.01,0.000999000999000999,0.0036387453605996652,1.0475546215116638,True
678,CD4 T Cell,other,SLC7A7,SLC7A7,904.26434,4.416303082419869,5.0201640760949265e-06,2.5684560389322877e-05,0.04772828797925831,28633.975,0.000999000999000999,0.0036387453605996652,0.9483164254370274,True
679,CD4 T Cell,other,SLC1A5,SLC7A7,239.309,1.168752375966027,0.1212517065201133,0.3098185300165497,0.011401183527142717,2051.1707,0.000999000999000999,0.0036387453605996652,0.047542099771745575,True
680,CD4 T Cell,other,SLC38A7,SLC3A2,80.01611,0.3907877274609791,0.34797707357686586,0.6890635120333978,0.003762600013950859,9616.379,0.000999000999000999,0.0036387453605996652,1.1928700159435133,True
681,CD4 T Cell,other,SLC38A7,SLC38A7,-369.6492,-1.8053160179095018,0.964487377747799,0.9906032824673939,-0.017382025065897862,2017.2404,0.000999000999000999,0.0036387453605996652,0.25022990042446036,True
682,CD4 T Cell,other,SLC38A7,SLC7A5,1378.2545,6.731206107354942,8.413120796143109e-12,5.443784044563188e-11,0.06480970208044404,11141.219,0.000999000999000999,0.0036387453605996652,1.3820197724639411,True
683,CD4 T Cell,other,SLC7A11,SLC7A11,648.79675,3.168634394553463,0.0007657846068568486,0.0033163900296950136,0.03337479620830058,139.70312,0.000999000999000999,0.0036387453605996652,0.11019179548418101,True
684,CD4 T Cell,other,SLC1A5,SLC43A2,23.687849,0.11568820725044132,0.45394982637208225,0.773508827038457,0.0011285388675237604,22381.467,0.000999000999000999,0.0036387453605996652,0.5187583613611096,True
686,CD4 T Cell,other,SLC1A5,SLC7A11,349.0119,1.7045262808946355,0.044141405252376746,0.13302889254140937,0.016627659849037732,2427.4683,0.001998001998001998,0.006955070246209487,0.05626393788816133,True
687,CD4 T Cell,other,SLC43A2,SLC43A2,1827.0657,8.923138269508577,2.266291587976176e-19,1.725204669047608e-18,0.0857410600934029,12909.26,0.000999000999000999,0.0036387453605996652,0.6020608756259237,True
688,CD4 T Cell,other,SLC43A2,SLC7A5,-389.63632,-1.9029303795828092,0.9714751848673167,0.9957171746079165,-0.01828496467290059,5237.56,0.000999000999000999,0.0036387453605996652,0.24426884672481833,True
689,CD4 T Cell,other,SLC16A1,SLC16A1,575.59576,2.8111308008885985,0.002468385595145718,0.009891526975083022,0.024349219621437917,6836.2812,0.000999000999000999,0.0036387453605996652,0.32380577225207346,True
691,CD4 T Cell,other,SLC22A5,SLC22A5,2282.2014,11.145958837542805,3.746639966545674e-29,3.270876161270033e-28,0.1079305819883861,6642.969,0.000999000999000999,0.0036387453605996652,0.6350371860071827,True
692,CD4 T Cell,other,SLCO2B1,SLCO2B1,7158.731,34.962260568314115,4.216261066995256e-268,6.532235455908143e-267,0.42461323230317183,61094.254,0.000999000999000999,0.0036387453605996652,1.0185753310650174,True
694,CD4 T Cell,other,SLC16A1,SLCO2B1,289.26523,1.4127317180773822,0.07886731089968946,0.21879960148715863,0.012236682426432806,20337.295,0.000999000999000999,0.0036387453605996652,0.9632917732423466,True
695,CD4 T Cell,other,SLC16A1,SLC1A1,-321.7214,-1.5712432357847723,0.9419369196084081,0.9779693814619431,-0.013609664343874946,17026.38,0.000999000999000999,0.0036387453605996652,0.8064677565493438,True
697,CD4 T Cell,other,SLC1A3,SLC7A11,-548.925,-2.6808743855398727,0.9963284962944391,1.0,-0.029136191573288974,28014.637,0.000999000999000999,0.0036387453605996652,7.060706236257115,True
699,CD4 T Cell,other,SLC1A3,SLC1A3,264.01294,1.2894030014496605,0.09862900925178963,0.26142628958305686,0.014013447652768568,301.16824,0.003996003996003996,0.01292824822236587,0.07590533890349095,True
700,CD4 T Cell,other,SLC16A1,SLC1A5,374.2349,1.8277119156013106,0.0337963994436998,0.10729015696412633,0.015831123483698376,3864.5862,0.000999000999000999,0.0036387453605996652,0.18304912674282298,True
703,CD4 T Cell,other,SLC3A2,SLC7A11,27.157042,0.13263126783553347,0.4472425013580189,0.773508827038457,0.0013921178347867777,3567.4817,0.000999000999000999,0.0036387453605996652,0.041268832199828805,True
704,CD4 T Cell,other,SLC1A1,SLC1A1,14.043602,0.06858702681107816,0.4726591728264664,0.773508827038457,0.0004941298589095026,6127.49,0.000999000999000999,0.0036387453605996652,1.7560821621401193,True
705,CD4 T Cell,other,SLC1A3,SLC3A2,809.3709,3.952856566927447,3.8611865532958016e-05,0.00018669473444507173,0.04296030683755381,962.4588,0.000999000999000999,0.0036387453605996652,0.24257458443914262,True
710,CD4 T Cell,other,SLC39A8,SLC39A8,4513.29,22.042289801531773,5.663097930638603e-108,7.160238762876395e-107,0.21160652630588436,3351.5156,0.000999000999000999,0.0036387453605996652,0.3057776754257185,True
711,CD4 T Cell,other,CUBN,SLC40A1,9487.691,46.3365841135939,0.0,0.0,0.3655388196676414,13488.821,0.000999000999000999,0.0036387453605996652,15.382469931410709,True
712,CD4 T Cell,other,SLC11A1,SLC11A1,139.15555,0.6796166193772075,0.24837362185933776,0.5442458178902134,0.009444760130933011,263.4714,0.01098901098901099,0.030994646379261765,1.3485865984790886,True
715,CD4 T Cell,other,SLC11A1,SLC3A2,198.61653,0.9700159098987555,0.16601928090740814,0.40092471788836215,0.013480493753342912,344.44174,0.002997002997002997,0.0100203747620161,1.7630357916448487,True
716,CD4 T Cell,other,SLC40A1,SLC40A1,1808.6987,8.83343663615648,5.075392282126477e-19,3.850297593337327e-18,0.09160830815785165,42513.016,0.000999000999000999,0.0036387453605996652,2.362987182417054,True
718,CD4 T Cell,other,SLC11A2,SLC3A2,287.81033,1.405626210260744,0.079917574411344,0.22060058181299477,0.01430518268045641,54787.395,0.000999000999000999,0.0036387453605996652,1.3310307144502227,True
719,CD4 T Cell,other,SLC11A1,SLC39A8,377.17545,1.8420731672516855,0.03273222406304031,0.10421258022965078,0.025599637666694312,60.88736,0.003996003996003996,0.01292824822236587,0.3116538479385244,True
723,CD4 T Cell,other,SLC16A9,SLC22A5,2790.2776,13.627333206305488,1.3773183372507781e-42,1.317434931283353e-41,0.15140536159844017,2353.8364,0.000999000999000999,0.0036387453605996652,0.4304206677076697,True
725,CD4 T Cell,other,SLC22A4,SLC22A5,826.7375,4.037672548850477,2.699206760972678e-05,0.0001319612194253309,0.0425198169416103,932.71844,0.000999000999000999,0.0036387453605996652,0.24337641693176879,True
730,CD4 T Cell,other,SLC5A5,SLC5A5,4356.034,21.274273743327658,9.826651745810945e-101,1.2213917424171796e-99,0.2423697545655726,1563.0743,0.000999000999000999,0.0036387453605996652,0.3862224132415948,True
732,CD4 T Cell,other,SLC12A2,SLC1A5,291.5136,1.4237125102993649,0.07726485538398092,0.2154406614002003,0.014273253074424737,11854.418,0.000999000999000999,0.0036387453605996652,0.8728935576541657,True
733,CD4 T Cell,other,SLC22A5,SLC29A1,532.92377,2.602726617312282,0.0046242834769699565,0.017879479172818815,0.02520319719977606,5134.3906,0.000999000999000999,0.0036387453605996652,0.4908240362716573,True
734,CD4 T Cell,other,SLC29A1,SLC29A1,1183.785,5.781443815989493,3.7031108214738696e-09,2.16096652712003e-08,0.057106911648961256,8806.53,0.000999000999000999,0.0036387453605996652,0.4782663482495731,True
735,CD4 T Cell,other,SLC5A1,SLC5A3,1336.3934,6.526762312118259,3.360328407408333e-11,2.136624998930154e-10,0.06175174912285966,3082.8215,0.000999000999000999,0.0036387453605996652,1.2619966930131326,True
736,CD4 T Cell,other,SLC1A5,SLC22A4,427.05627,2.085684296981847,0.01850361489422391,0.0634080261172782,0.020345857632943873,6815.44,0.014985014985014986,0.040105879521937914,0.15796848741176406,True
739,CD4 T Cell,other,SLC1A5,SLC5A3,565.80505,2.7633143133115246,0.0028608819020599766,0.01134043276492243,0.026956140819140308,43298.848,0.000999000999000999,0.0036387453605996652,1.0035820915060298,True
742,CD4 T Cell,other,SLC12A2,SLC5A3,195.3532,0.954078223374517,0.1700220241060793,0.406132956605184,0.009564992817376166,14974.342,0.000999000999000999,0.0036387453605996652,1.1026274355316978,True
743,CD4 T Cell,other,SLC29A1,SLC5A3,466.02167,2.275985934759758,0.01142342573074484,0.04079794903837443,0.022481326780542082,12254.604,0.000999000999000999,0.0036387453605996652,0.6655248197286453,True
744,CD4 T Cell,other,SLC22A5,SLC5A3,206.32414,1.007658825758418,0.15680913895689091,0.3820377693301883,0.009757545770177633,19326.223,0.000999000999000999,0.0036387453605996652,1.8474976492512927,True
745,CD4 T Cell,other,SLC5A1,SLC5A1,2901.4907,14.170482909742212,6.976882463388733e-46,7.008740374180462e-45,0.13407139156384776,703.99414,0.000999000999000999,0.0036387453605996652,0.28818998044504496,True
747,CD4 T Cell,other,SLC5A1,SLC5A5,-108.65193,-0.5306411390983995,0.702166259061712,0.8318609423455932,-0.00502056255902446,316.3496,0.000999000999000999,0.0036387453605996652,0.12950219679192215,True
750,CD4 T Cell,other,SLC5A3,SLC5A3,1579.4478,7.7138062957752425,6.105988866821484e-15,4.264500160954687e-14,0.06872816375099171,63345.41,0.000999000999000999,0.0036387453605996652,0.9634252609248302,True
752,CD4 T Cell,other,SLC12A2,SLC12A2,1046.7446,5.112157264180842,1.5925024887410902e-07,8.736921384614459e-07,0.05125129817997393,5125.9844,0.001998001998001998,0.006955070246209487,0.3774490446826405,True
753,CD4 T Cell,other,SLC1A5,SLC5A5,398.99747,1.9486489284925386,0.025668682363902223,0.08390951144217666,0.01900907713265623,5698.117,0.000999000999000999,0.0036387453605996652,0.13207114448119178,True
755,CD4 T Cell,other,SLC12A2,SLC5A5,198.28285,0.9683862664355026,0.1664257478570979,0.4012461080285376,0.009708436327306603,2001.1431,0.000999000999000999,0.0036387453605996652,0.14735307083106916,True
756,CD4 T Cell,other,SLC22A4,SLC5A3,250.10713,1.2214889440594212,0.11095047456479912,0.2895504674288945,0.012863223966092551,4564.3716,0.000999000999000999,0.0036387453605996652,1.1909922092184084,True
759,CD4 T Cell,other,SLC5A3,SLC5A5,-512.39197,-2.502452124256851,0.9938331847257794,1.0,-0.02229624815302118,7512.2104,0.000999000999000999,0.0036387453605996652,0.11425379193707412,True
762,CD4 T Cell,other,SLC16A4,SLCO2B1,519.9092,2.5391651566733784,0.005555867724437489,0.02129426653965588,0.02267152512546085,2729.2842,0.000999000999000999,0.0036387453605996652,1.0947051781294332,True
763,CD4 T Cell,other,SLC3A2,SLC43A2,1007.3137,4.919582114294969,4.3364589019327263e-07,2.349805316318226e-06,0.05163667748015932,41201.746,0.000999000999000999,0.0036387453605996652,0.47662415504747113,True
764,CD4 T Cell,other,CPT1A,CPT1A,1279.4918,6.24886264331497,2.0672615532975444e-10,1.256346800346574e-09,0.06040404285543831,30310.312,0.000999000999000999,0.0036387453605996652,0.8160583611204527,True
765,CD4 T Cell,other,CD36,CD36,3124.3892,15.259088320243192,7.161778172715809e-53,7.574957682680183e-52,0.17247309933810326,191.16925,0.000999000999000999,0.0036387453605996652,0.21910121666446825,True
766,CD4 T Cell,other,MSR1,MSR1,7320.3687,35.751676912509424,3.115247070953059e-280,4.966335910215022e-279,0.40293303430962757,49177.098,0.000999000999000999,0.0036387453605996652,0.9026758523401576,True
767,CD4 T Cell,other,CD36,MSR1,1153.9487,5.635727399071689,8.71604731059512e-09,5.0328882108423264e-08,0.06370048794154108,1150.341,0.000999000999000999,0.0036387453605996652,1.3184186233469353,True
768,CD4 T Cell,other,SLC6A1,SLC6A1,736.5498,3.597208268838819,0.00016082546667129077,0.0007480254263780966,0.04046881717312621,15.772392,0.004995004995004995,0.015676192566349483,0.07247766680870643,True
769,CD4 T Cell,other,SLC6A12,SLC6A12,978.3667,4.778208829855599,8.843182133235254e-07,4.687951974245195e-06,0.050977526131811224,330.05573,0.000999000999000999,0.0036387453605996652,0.16582136124300578,True
772,CD4 T Cell,other,ABCA1,ABCA1,4670.224,22.808734343303062,1.8778159944545772e-115,2.415903618596532e-114,0.25570067575628014,48138.12,0.000999000999000999,0.0036387453605996652,1.0706668542205953,True
786,CD4 T Cell,other,CHRNA5,CHRNA5,681.5543,3.3286178675236195,0.00043639032632210404,0.001954408971791848,0.031538245933265874,143.9222,0.000999000999000999,0.0036387453605996652,0.07204091930455728,True
787,CD4 T Cell,other,FOLR1,FOLR1,10580.704,51.67470827098485,0.0,0.0,0.5638180897823488,176280.05,0.000999000999000999,0.0036387453605996652,1.7215510187215346,True
788,CD4 T Cell,other,ABCC4,ABCC4,3899.816,19.046166298310762,3.5346875395172586e-81,4.136336482413813e-80,0.2000413291810222,11150.817,0.000999000999000999,0.0036387453605996652,0.7622307317567505,True
790,CD4 T Cell,other,ABCC3,ABCC3,1198.2117,5.851901527135504,2.429921768693522e-09,1.429365746290307e-08,0.058687706024661696,829.3367,0.000999000999000999,0.0036387453605996652,0.21302090792900194,True
791,CD4 T Cell,other,ABCC4,SLC19A1,849.1518,4.147140949595155,1.6832641363637422e-05,8.303096636771822e-05,0.04355730044904837,2466.5286,0.000999000999000999,0.0036387453605996652,0.16860323400864774,True
792,CD4 T Cell,other,FOLR1,SLC19A1,546.3812,2.668450999657672,0.003810094645267594,0.014914961244819764,0.02911522862238529,11691.022,0.000999000999000999,0.0036387453605996652,0.11417453072153488,True
793,CD4 T Cell,other,ABCC3,FOLR2,425.1134,2.076195580917778,0.018937932915837754,0.06449450838211,0.020821805585345906,382.06528,0.002997002997002997,0.0100203747620161,0.09813613116078827,True
794,CD4 T Cell,other,FOLR2,FOLR2,4355.1875,21.270138675809413,1.0732256230414961e-100,1.3264586352198267e-99,0.2004888112652715,893.8125,0.000999000999000999,0.0036387453605996652,0.24984648017172345,True
795,CD4 T Cell,other,ABCC4,FOLR1,-207.35727,-1.012704475564823,0.8443993302645179,0.9101805617745905,-0.010636405572995791,30330.473,0.000999000999000999,0.0036387453605996652,2.0732846367779394,True
796,CD4 T Cell,other,TRPV6,TRPV6,383.64807,1.8736845839645653,0.030486955984487356,0.09777157895899735,0.019767518065047413,19.734413,0.01898101898101898,0.049069614287005583,0.05938192359291052,True
797,CD4 T Cell,other,LRP1,LRP1,4093.0989,19.990133771873825,3.3557818775442946e-89,4.0123478970638304e-88,0.2152512773011216,26617.652,0.000999000999000999,0.0036387453605996652,0.9740838637178751,True
799,CD4 T Cell,other,SLC29A3,SLC29A3,1887.2002,9.216827028299353,1.530108199435828e-20,1.1894834059218451e-19,0.09112406643438932,6323.251,0.000999000999000999,0.0036387453605996652,0.45715211235431175,True
801,CD4 T Cell,other,SLC15A1,SLC15A1,675.52264,3.2991599827661577,0.0004848731372289559,0.002150646979644562,0.03461573899060347,28.08086,0.000999000999000999,0.0036387453605996652,0.07729969404796273,True
803,CD4 T Cell,other,CD38,CD38,7939.947,38.77761153398048,0.0,0.0,0.40066471998821024,25322.416,0.000999000999000999,0.0036387453605996652,0.6976464152657383,True
806,CD4 T Cell,other,SCARB1,SCARB1,1090.701,5.326834397645707,4.996960125113016e-08,2.7972804771625025e-07,0.0559408389463817,2241.887,0.004995004995004995,0.015676192566349483,0.3263051737385449,True
808,CD4 T Cell,other,ABCC4,SLCO1B3,342.84088,1.674387862750196,0.047027198301729425,0.14018948003225573,0.017586046891695323,236.8963,0.002997002997002997,0.0100203747620161,0.01619339953907473,True
810,CD4 T Cell,other,ABCC3,SLCO2B1,1274.6765,6.225345341066959,2.4024821941409526e-10,1.4480714594822179e-09,0.062432909300402024,4852.6885,0.000999000999000999,0.0036387453605996652,1.246446880579063,True
811,CD4 T Cell,other,ABCC1,ABCC4,256.81744,1.2542611873786251,0.10487354316668707,0.27466880353179945,0.011478370486696848,25298.973,0.000999000999000999,0.0036387453605996652,0.5010882091057423,True
813,CD4 T Cell,other,ABCC4,SLC16A1,660.99316,3.2281999944598065,0.0006228592413596544,0.0027242352504796017,0.03390569039666439,5210.798,0.000999000999000999,0.0036387453605996652,0.35619184881953453,True
814,CD4 T Cell,other,ABCC1,SLC16A1,360.4947,1.7606066436741536,0.03915250169277199,0.12046923597775996,0.016112190619298274,14731.699,0.000999000999000999,0.0036387453605996652,0.2917857922101923,True
817,CD4 T Cell,other,ABCC1,ABCC1,1175.2887,5.739948866536656,4.735257101292916e-09,2.7559697414932317e-08,0.05252913853015092,50825.08,0.000999000999000999,0.0036387453605996652,1.0066751611363938,True
819,CD4 T Cell,other,ABCC2,SLC10A1,878.0348,4.288201540419571,9.006281127465284e-06,4.5237028494117866e-05,0.03936120637438496,11.879943,0.003996003996003996,0.01292824822236587,0.012089640873785175,True
823,CD4 T Cell,other,ABCG2,SLCO2B1,290.01968,1.416416375631666,0.07832681608866011,0.217574489135167,0.012283354189940992,728.60913,0.000999000999000999,0.0036387453605996652,1.1013774228194255,True
826,CD4 T Cell,other,SLC22A1,SLCO2B1,192.76468,0.9414362649535507,0.17324066828139678,0.41155308476189767,0.008974885378787288,1147.909,0.000999000999000999,0.0036387453605996652,1.082049776910663,True
828,CD4 T Cell,other,ABCC1,SLC10A1,303.59323,1.482707720089203,0.06907604130668069,0.1953307080651639,0.013568998790625826,89.81298,0.01898101898101898,0.049069614287005583,0.0017788953820687592,True
829,CD4 T Cell,other,SLCO1B3,SLCO1B3,2122.3008,10.365026058916214,1.7883048044635132e-25,1.4959203687527486e-24,0.08635436741503699,35.026306,0.000999000999000999,0.0036387453605996652,0.13872040112209214,True
833,CD4 T Cell,other,ABCB1,SLCO2B1,486.17798,2.374426594527109,0.008788115318806973,0.03222308950229224,0.017537995974486246,1086.9702,0.000999000999000999,0.0036387453605996652,1.0594049809312989,True
836,CD4 T Cell,other,ATP7B,TAP1,-174.38124,-0.8516540734990296,0.8027969410165741,0.884846327773779,-0.008207093306459934,2412.8433,0.000999000999000999,0.0036387453605996652,3.15173007731193,True
837,CD4 T Cell,other,TAP1,TAP1,10742.191,52.46339012798545,0.0,0.0,0.5712266193878066,467554.12,0.000999000999000999,0.0036387453605996652,1.7454163143957835,True
838,CD4 T Cell,other,ATP7A,TAP1,-403.3466,-1.9698894396718967,0.9755744785040849,0.9979020217661599,-0.016141562783971098,37089.918,0.000999000999000999,0.0036387453605996652,2.819452049580047,True
840,CD4 T Cell,other,AQP4,AQP4,1600.6195,7.817206234543534,2.7004289708752417e-15,1.8980650913500103e-14,0.06388499526121888,410.11417,0.000999000999000999,0.0036387453605996652,21.858233281559652,True
842,CD4 T Cell,other,AQP7,AQP7,2811.9019,13.732943164579277,3.2230400888828708e-43,3.13747265289483e-42,0.10887762249674414,376.08054,0.000999000999000999,0.0036387453605996652,0.2399616652504999,True
845,CD4 T Cell,other,AQP5,AQP5,494.53455,2.41523892398162,0.007862445518913967,0.029218547536504606,0.024679928993573155,21.696062,0.014985014985014986,0.040105879521937914,0.010939061802365615,True
853,CD4 T Cell,other,ABCC1,SLC22A5,1930.7576,9.429555266764629,2.059156973630565e-21,1.635431531403337e-20,0.08629456923794188,8421.482,0.000999000999000999,0.0036387453605996652,0.16680145878375513,True
855,CD4 T Cell,other,ABCC4,SLC22A4,321.4068,1.5697067446138673,0.058241675699919476,0.16837278126126526,0.016486584160762218,2730.318,0.000999000999000999,0.0036387453605996652,0.18663496167658505,True
857,CD4 T Cell,other,SLC24A1,SLC24A1,724.84534,3.5400452528567152,0.00020002921404891404,0.0009206365500159223,0.03244528957591808,3911.8733,0.000999000999000999,0.0036387453605996652,0.3505316540674979,True
858,CD4 T Cell,other,SLC24A4,SLC24A4,1700.5355,8.30518235687537,4.9833128547396223e-17,3.630227907426215e-16,0.10770306640011039,20.95164,0.000999000999000999,0.0036387453605996652,0.06150768438204713,True
865,CD4 T Cell,other,SLC9A1,SLC9A1,-9.978184,-0.04873208145856279,0.5194335955333623,0.773508827038457,-0.00043423561439399173,2575.6143,0.00999000999000999,0.028468940386038834,0.09258422171363567,True
866,CD4 T Cell,other,SLC9A3,SLC9A3,363.14008,1.7735263449699847,0.03807076520438758,0.11844320218511023,0.016610883314105977,11647.488,0.000999000999000999,0.0036387453605996652,3.9717566109147953,True
869,CD4 T Cell,other,SLC6A9,SLC6A9,3300.5112,16.119244366203908,9.344017517900983e-59,1.0330069617779982e-57,0.17156153901651067,4250.313,0.000999000999000999,0.0036387453605996652,0.5469563597335352,True
871,CD4 T Cell,other,SLC26A2,SLC26A2,883.52374,4.315008832589646,7.979826101719117e-06,4.026517757748178e-05,0.04009065920139592,1011.3122,0.006993006993006993,0.02076196408180214,0.18314254761565005,True
872,CD4 T Cell,other,ORAI3,ORAI3,583.6841,2.850633036503527,0.002181614665326348,0.008888059747625862,0.025320824334676816,8765.39,0.000999000999000999,0.0036387453605996652,0.4312439169490073,True
873,CD4 T Cell,other,ORAI2,ORAI2,619.2896,3.024525562636084,0.0012451171325430159,0.005229109254149931,0.02747633626750752,10092.397,0.000999000999000999,0.0036387453605996652,0.4828180607848243,True
874,CD4 T Cell,other,ORAI2,ORAI3,243.5782,1.18960254177953,0.117101323183467,0.3023743086897035,0.010806957582506917,8781.678,0.000999000999000999,0.0036387453605996652,0.42011351916716433,True
875,CD4 T Cell,other,SCNN1A,SCNN1G,219.87567,1.0738426352096684,0.14144660872398718,0.35281467028658936,0.011922067245541255,569.80023,0.000999000999000999,0.0036387453605996652,0.011128622603605037,True
876,CD4 T Cell,other,SCNN1A,SCNN1A,7914.6914,38.654267763942315,0.0,0.0,0.4291492668466259,79082.95,0.000999000999000999,0.0036387453605996652,1.5445489320356758,True
878,CD4 T Cell,other,SLC5A2,SLC5A2,505.66675,2.469607073105948,0.006763076624393125,0.025564894456468857,0.0301821483284747,5.2842436,0.013986013986013986,0.03784653231147696,0.04091116338653851,True
888,CD8 T Cell,CD8 T Cell,SLC38A7,SLC7A7,-52.73531,-0.5895618389462486,0.7222577788958779,0.8360010941194039,-0.006025618337103722,930.3148,0.017982017982017984,0.046928160807164374,0.2647623568970705,True
889,CD8 T Cell,CD8 T Cell,SLC7A5,SLC7A5,-31.575636,-0.35300427956004515,0.637957383902264,0.8038108592104687,-0.003761812870293215,3073.7737,0.001998001998001998,0.006955070246209487,0.3313140933232901,True
891,CD8 T Cell,CD8 T Cell,SLC1A5,SLC1A5,629.2012,7.034243332704747,1.0017261288540225e-12,6.71889476670381e-12,0.0829852838527176,4032.4807,0.000999000999000999,0.0036387453605996652,0.3425581189778094,True
896,CD8 T Cell,CD8 T Cell,SLC1A5,SLC38A7,599.52594,6.7024848877016945,1.0245238644963901e-11,6.609831383847678e-11,0.07907142028176141,2171.0635,0.000999000999000999,0.0036387453605996652,0.18443124063439148,True
897,CD8 T Cell,CD8 T Cell,SLC1A5,SLC7A5,-0.93307227,-0.010431413163654464,0.504161456284133,0.773508827038457,-0.00012306281449578268,5335.2656,0.000999000999000999,0.0036387453605996652,0.4532293362010529,True
898,CD8 T Cell,CD8 T Cell,SLC7A7,SLC7A7,-77.726974,-0.8689596849117995,0.807565408966268,0.8868105259659272,-0.01048788359969078,2202.2825,0.005994005994005994,0.018289616070475988,0.17833344512516935,True
902,CD8 T Cell,CD8 T Cell,SLC38A7,SLC7A5,191.3448,2.1391662379294654,0.016211103727925478,0.0562530413271862,0.021863354202876342,2424.013,0.006993006993006993,0.02076196408180214,0.6898604275235728,True
904,CD8 T Cell,CD8 T Cell,SLC1A5,SLC43A2,0.07390381,0.0008262180387209703,0.49967038672902486,0.773508827038457,9.747166144895319e-06,2130.374,0.005994005994005994,0.018289616070475988,0.18097468286830506,True
907,CD8 T Cell,CD8 T Cell,SLC43A2,SLC43A2,329.0313,3.678451994936774,0.00011732692241883387,0.0005491898496200735,0.03598445984644923,1654.9055,0.000999000999000999,0.0036387453605996652,0.19988120640929347,True
908,CD8 T Cell,CD8 T Cell,SLC43A2,SLC7A5,59.050327,0.6601614708908888,0.2545751072679393,0.5550696095039311,0.006458030164358408,1566.428,0.013986013986013986,0.03784653231147696,0.18919479739071757,True
910,CD8 T Cell,CD8 T Cell,SLC16A4,SLC16A4,638.4906,7.138095812476559,4.731633172628439e-13,3.2128373394390636e-12,0.06903338507225792,366.98206,0.000999000999000999,0.0036387453605996652,0.12575614896984755,True
912,CD8 T Cell,CD8 T Cell,SLCO2B1,SLCO2B1,938.0118,10.48663512226115,4.975464685830362e-26,4.210008580317999e-25,0.16648800055881324,14003.352,0.000999000999000999,0.0036387453605996652,0.5072056554074642,True
931,CD8 T Cell,CD8 T Cell,CUBN,SLC40A1,2731.7327,30.539791010544477,3.8631706896557812e-205,5.861362425684634e-204,0.2579315326354254,9707.297,0.000999000999000999,0.0036387453605996652,16.643889807072284,True
945,CD8 T Cell,CD8 T Cell,SLC22A4,SLC22A5,162.94273,1.82164129666365,0.03425471527329295,0.10843219223200645,0.022756543429454375,53.84793,0.01098901098901099,0.030994646379261765,0.06050592427239208,True
972,CD8 T Cell,CD8 T Cell,SLC12A2,SLC12A2,352.9698,3.946075573343471,3.9721274301557184e-05,0.00019121838832259475,0.040503273781138535,784.4013,0.003996003996003996,0.01292824822236587,0.15251658420198594,True
983,CD8 T Cell,CD8 T Cell,SLC3A2,SLC43A2,179.4286,2.005947411872293,0.022430929512246085,0.07465664890611404,0.023733993934550387,3688.3628,0.008991008991008992,0.02582274122744097,0.1692431844965743,True
986,CD8 T Cell,CD8 T Cell,MSR1,MSR1,1224.2797,13.687007339425532,6.070371903308742e-43,5.857376397929488e-42,0.1940864412194904,9959.046,0.000999000999000999,0.0036387453605996652,0.46501457778132804,True
992,CD8 T Cell,CD8 T Cell,ABCA1,ABCA1,728.1316,8.140249929392049,1.9723138406311213e-16,1.4087956004508008e-15,0.10536185165856779,8027.089,0.000999000999000999,0.0036387453605996652,0.41271389733735603,True
1013,CD8 T Cell,CD8 T Cell,ABCC3,FOLR2,125.178986,1.3994561424565344,0.08083812064985446,0.22230483178709975,0.017428503200355466,219.80623,0.000999000999000999,0.0036387453605996652,0.12393127901215291,True
1014,CD8 T Cell,CD8 T Cell,FOLR2,FOLR2,559.2808,6.252558918227604,2.0189066819208526e-10,1.2303586427218492e-09,0.07404811665446001,582.7651,0.000999000999000999,0.0036387453605996652,0.16428349000724587,True
1017,CD8 T Cell,CD8 T Cell,LRP1,LRP1,1336.1583,14.937770637703595,9.356581810731225e-51,9.709660369626744e-50,0.1729425417042727,12891.542,0.000999000999000999,0.0036387453605996652,0.4939152688203906,True
1019,CD8 T Cell,CD8 T Cell,SLC29A3,SLC29A3,420.97473,4.706346444145934,1.2609789446597683e-06,6.605127805360691e-06,0.05238985017273408,937.68365,0.000999000999000999,0.0036387453605996652,0.17944841669815623,True
1020,CD8 T Cell,CD8 T Cell,LRP2,LRP2,2154.5203,24.086763466680267,1.7202807475550305e-128,2.3506941892056317e-127,0.23816063485138322,14.004359,0.000999000999000999,0.0036387453605996652,0.27707489285537773,True
1023,CD8 T Cell,CD8 T Cell,CD38,CD38,1026.3765,11.474520594355365,8.857840210693035e-31,7.857761477227692e-30,0.12132739441858005,11461.789,0.000999000999000999,0.0036387453605996652,0.46040545944466127,True
1026,CD8 T Cell,CD8 T Cell,SCARB1,SCARB1,265.63504,2.969704435668298,0.0014904319842334339,0.00617504776895208,0.033028574867752174,475.79953,0.007992007992007992,0.023318856210102896,0.11994502775049376,True
1030,CD8 T Cell,CD8 T Cell,ABCC3,SLCO2B1,137.87906,1.5414384042862488,0.0616050616246164,0.17739677431172263,0.019196717458466624,993.2213,0.002997002997002997,0.0100203747620161,0.5599986337246656,True
1057,CD8 T Cell,CD8 T Cell,TAP1,TAP1,1422.4456,15.902430923829579,3.047644988896406e-57,3.3192173146396506e-56,0.18428087701710433,87560.46,0.000999000999000999,0.0036387453605996652,0.9032841177305297,True
1062,CD8 T Cell,CD8 T Cell,AQP7,AQP7,738.8687,8.260287096004078,7.266125427798912e-17,5.258380243801844e-16,0.08770718817421576,62.359524,0.000999000999000999,0.0036387453605996652,0.1628013351345558,True
1093,CD8 T Cell,CD8 T Cell,ORAI2,ORAI2,297.5289,3.3262663448410863,0.00044008889776914916,0.0019638855478542154,0.0333674038047334,2394.4907,0.015984015984015984,0.04246960768699899,0.23153113524306984,True
1101,CD8 T Cell,gd T Cell,SLC2A1,SLC2A3,219.50375,4.418444189601949,4.970697178470042e-06,2.549075476138483e-05,0.16951875487514137,3689.8733,0.002997002997002997,0.0100203747620161,1.017684212288202,True
1105,CD8 T Cell,gd T Cell,SLC2A4,SLC2A4,273.60068,5.507374263807684,1.8211268950970662e-08,1.037947971298846e-07,312.9239379014898,2333.338,0.000999000999000999,0.0036387453605996652,2333.337890625,True
1106,CD8 T Cell,gd T Cell,SLC2A1,SLC2A9,79.967766,1.6096905146058338,0.05373271837098216,0.15824896976728348,0.06175765044457634,2487.2805,0.000999000999000999,0.0036387453605996652,0.6860035330846179,True
1108,CD8 T Cell,gd T Cell,SLC38A7,SLC7A7,40.329136,0.8117949383236317,0.20845465348807007,0.474759379325465,0.03265277372517799,242.76297,0.002997002997002997,0.0100203747620161,0.41951502034356514,True
1109,CD8 T Cell,gd T Cell,SLC7A5,SLC7A5,51.759296,1.04187540621589,0.14873472391526477,0.3661489719812822,0.03591808035395912,704.90625,0.000999000999000999,0.0036387453605996652,0.44998017220866476,True
1111,CD8 T Cell,gd T Cell,SLC1A5,SLC1A5,121.55656,2.4468413533065814,0.007205712900817614,0.026914377558232176,0.09055944222787785,669.02014,0.000999000999000999,0.0036387453605996652,0.3365309868805499,True
1114,CD8 T Cell,gd T Cell,SLC3A2,SLC7A5,15.940718,0.3208745650675724,0.3741527248419768,0.718896065198558,0.01175349540108262,1991.214,0.003996003996003996,0.01292824822236587,0.48825568075261194,True
1116,CD8 T Cell,gd T Cell,SLC1A5,SLC38A7,173.7151,3.49675336002751,0.0002354785193411822,0.001074798221059338,0.12941747672550147,933.36786,0.001998001998001998,0.006955070246209487,0.46950336341413323,True
1117,CD8 T Cell,gd T Cell,SLC1A5,SLC7A5,16.649702,0.335145883165665,0.368757521246954,0.711637321704648,0.012404001674827546,1286.2622,0.000999000999000999,0.0036387453605996652,0.6470165291035085,True
1118,CD8 T Cell,gd T Cell,SLC7A7,SLC7A7,6.8907504,0.13870558291160173,0.4448414031122867,0.773508827038457,0.006565627403676159,511.06625,0.005994005994005994,0.018289616070475988,0.30518281102976913,True
1119,CD8 T Cell,gd T Cell,SLC1A5,SLC7A7,52.82439,1.0633149410360314,0.1438195758736624,0.35711407101812337,0.03935408719599427,116.186615,0.013986013986013986,0.03784653231147696,0.05844427360792443,True
1120,CD8 T Cell,gd T Cell,SLC38A7,SLC3A2,79.59756,1.602238493262516,0.054551440481205894,0.16023120034533106,0.06444673217882771,332.17416,0.007992007992007992,0.023318856210102896,0.5740251534601134,True
1124,CD8 T Cell,gd T Cell,SLC1A5,SLC43A2,34.70499,0.6985851520403293,0.24240566276223197,0.5354341948563357,0.025855162874355242,586.6282,0.013986013986013986,0.03784653231147696,0.295086120722337,True
1130,CD8 T Cell,gd T Cell,SLC16A4,SLC16A4,152.8614,3.0769842105250134,0.0010455318845409693,0.004449071849110507,0.2022196698223441,49.75284,0.008991008991008992,0.02582274122744097,0.17284537555917692,True
1132,CD8 T Cell,gd T Cell,SLCO2B1,SLCO2B1,195.52231,3.93571587206082,4.147453196074309e-05,0.00019835645720355392,0.2785582908700461,2014.8021,0.000999000999000999,0.0036387453605996652,0.6138205630141221,True
1151,CD8 T Cell,gd T Cell,CUBN,SLC40A1,196.07974,3.9469365976281305,3.957875395621921e-05,0.00019095012873614529,0.22395887310570953,686.5557,0.000999000999000999,0.0036387453605996652,10.786530050828212,True
1153,CD8 T Cell,gd T Cell,CUBN,CUBN,144.22733,2.903186744818681,0.0018469315135376271,0.007594858560341644,0.16473394383273154,51.20806,0.005994005994005994,0.018289616070475988,0.8045338069198433,True
1159,CD8 T Cell,gd T Cell,SLC11A1,SLC39A8,191.45914,3.853927311703716,5.811905887240754e-05,0.0002767574232019407,0.16047044188650203,16.679176,0.002997002997002997,0.0100203747620161,0.8183006687040588,True
1185,CD8 T Cell,gd T Cell,SLC5A1,SLC5A1,120.05728,2.416662079746293,0.007831775502432052,0.02915381743714131,0.07852306280504114,23.471006,0.01098901098901099,0.030994646379261765,0.24105288652580328,True
1203,CD8 T Cell,gd T Cell,SLC3A2,SLC43A2,12.378539,0.2491706095458689,0.40161440637566437,0.7501768963207104,0.009127010776829847,1056.3665,0.001998001998001998,0.006955070246209487,0.25902636553926556,True
1206,CD8 T Cell,gd T Cell,MSR1,MSR1,337.9248,6.802170190183842,5.152737413923622e-12,3.363804839950139e-11,0.33190874691157807,2068.6887,0.000999000999000999,0.0036387453605996652,0.6357947043734312,True
1207,CD8 T Cell,gd T Cell,CD36,MSR1,121.01241,2.435888153524038,0.007427638512383736,0.027696279198719018,0.09020390180188867,58.58359,0.015984015984015984,0.04246960768699899,0.9150331855556593,True
1212,CD8 T Cell,gd T Cell,ABCA1,ABCA1,111.77644,2.2499750869646093,0.012225263408276453,0.04331011191337873,0.10519535541163877,1714.001,0.000999000999000999,0.0036387453605996652,0.6087755557097054,True
1227,CD8 T Cell,gd T Cell,FOLR1,FOLR1,215.03801,4.328552147293614,7.504639835059574e-06,3.795450031524383e-05,0.12726076640177977,5896.9604,0.000999000999000999,0.0036387453605996652,1.309432670707001,True
1237,CD8 T Cell,gd T Cell,LRP1,LRP1,108.365135,2.1813080366972426,0.014580320197761993,0.05091540386520061,0.12780152298706,1325.1829,0.005994005994005994,0.018289616070475988,0.5167863086731393,True
1243,CD8 T Cell,gd T Cell,CD38,CD38,455.99625,9.178858819031415,2.1784198071765503e-20,1.6875083013339475e-19,0.23013894833950826,7093.5596,0.000999000999000999,0.0036387453605996652,1.3364025465295284,True
1277,CD8 T Cell,gd T Cell,TAP1,TAP1,502.11563,10.10720707843919,2.566330979691645e-24,2.1225293816998567e-23,0.40740822657830494,29775.607,0.000999000999000999,0.0036387453605996652,1.8217157026781774,True
1309,CD8 T Cell,gd T Cell,SLC6A9,SLC6A9,175.96513,3.542044768948579,0.00019851904140107314,0.0009156014488099809,0.11710043071939384,144.87665,0.000999000999000999,0.0036387453605996652,0.38446710889829305,True
1316,CD8 T Cell,gd T Cell,SCNN1A,SCNN1A,118.43311,2.3839688009640505,0.008563527158494965,0.03155738651371679,0.07136484030430991,1740.7225,0.000999000999000999,0.0036387453605996652,0.8928367760066694,True
1325,CD8 T Cell,other,SLC2A4,SLC2A4,7484.8784,26.559494736571686,9.975735650383491e-156,1.415910866506044e-154,0.1555014507615497,25055.057,0.000999000999000999,0.0036387453605996652,169.02148943590967,True
1326,CD8 T Cell,other,SLC2A1,SLC2A9,4075.8716,14.46290557907003,1.0391779517065921e-47,1.0584219878493068e-46,0.1065322131463412,25096.406,0.000999000999000999,0.0036387453605996652,0.2679660534152995,True
1328,CD8 T Cell,other,SLC38A7,SLC7A7,400.75198,1.422036485545777,0.07750782969424473,0.21584458902194736,0.009943302500918247,9935.378,0.000999000999000999,0.0036387453605996652,0.5909096768085798,True
1329,CD8 T Cell,other,SLC7A5,SLC7A5,-874.7852,-3.104105648308051,0.9990457241672617,1.0,-0.02128857956806516,32070.48,0.000999000999000999,0.0036387453605996652,0.7175121014957314,True
1330,CD8 T Cell,other,SLC7A5,SLC7A7,3258.5986,11.562877631921559,3.1771531203347344e-31,2.841356449079844e-30,0.07930053561067917,111506.88,0.006993006993006993,0.02076196408180214,2.494740853539621,True
1331,CD8 T Cell,other,SLC1A5,SLC1A5,6737.455,23.907322563284986,1.2850791429189403e-126,1.7451692064331288e-125,0.16546805218537564,38089.91,0.000999000999000999,0.0036387453605996652,0.6375186594416107,True
1334,CD8 T Cell,other,SLC3A2,SLC7A5,706.4187,2.5066704798502117,0.006093713518855983,0.023274600245630488,0.018099346292159632,18436.477,0.000999000999000999,0.0036387453605996652,0.16309991886855962,True
1336,CD8 T Cell,other,SLC1A5,SLC38A7,2285.8362,8.111107575134799,2.508021104573115e-16,1.7856460938708265e-15,0.05613883227495909,8606.944,0.000999000999000999,0.0036387453605996652,0.1440561973611032,True
1337,CD8 T Cell,other,SLC1A5,SLC7A5,186.60773,0.6621626521695524,0.25393349340600035,0.5547702934391269,0.00458297929407881,58115.445,0.000999000999000999,0.0036387453605996652,0.972690159585423,True
1338,CD8 T Cell,other,SLC7A7,SLC7A7,1781.1425,6.3202420994711135,1.305769174367846e-10,8.069360066318151e-10,0.05820384359596004,24161.607,0.000999000999000999,0.0036387453605996652,0.4510944963546226,True
1339,CD8 T Cell,other,SLC1A5,SLC7A7,866.0188,3.072998710844758,0.0010595970160928525,0.004500218987266941,0.021268927530703145,4026.7124,0.000999000999000999,0.0036387453605996652,0.06739591356788409,True
1340,CD8 T Cell,other,SLC38A7,SLC3A2,63.532074,0.22543850281940087,0.410819080763469,0.7594974602349848,0.001576333133271955,12691.5205,0.000999000999000999,0.0036387453605996652,0.7548321095136068,True
1342,CD8 T Cell,other,SLC38A7,SLC7A5,895.1186,3.1762570060449735,0.0007459435800208266,0.00323683604742765,0.02220933467796696,10866.473,0.000999000999000999,0.0036387453605996652,0.6462868237923106,True
1343,CD8 T Cell,other,SLC7A11,SLC7A11,776.5389,2.7554863457113323,0.002930247528922757,0.01157368862411143,0.02257930489357644,105.36871,0.007992007992007992,0.023318856210102896,0.08754759531905522,True
1344,CD8 T Cell,other,SLC1A5,SLC43A2,-100.884926,-0.3579821217235949,0.6398216535257751,0.8038108592104687,-0.0024776762116289516,29891.436,0.000999000999000999,0.0036387453605996652,0.5002991038954233,True
1347,CD8 T Cell,other,SLC43A2,SLC43A2,3944.0894,13.995286847367202,8.327815403050369e-45,8.252790039058924e-44,0.10869442076345469,21354.97,0.000999000999000999,0.0036387453605996652,0.5863776204204716,True
1348,CD8 T Cell,other,SLC43A2,SLC7A5,446.34088,1.5838050569279585,0.05661904408402438,0.16497207960999802,0.012300624856245793,6883.4316,0.000999000999000999,0.0036387453605996652,0.18900940309723843,True
1350,CD8 T Cell,other,SLC16A4,SLC16A4,6964.6353,24.713453317317057,3.8331355644289324e-135,5.270561401089782e-134,0.15850148293385813,4232.0786,0.000999000999000999,0.0036387453605996652,0.2971852767915235,True
1352,CD8 T Cell,other,SLCO2B1,SLCO2B1,9926.92,35.22488445269339,4.1595517320024514e-272,6.49008071659957e-271,0.3792515515183233,134311.38,0.000999000999000999,0.0036387453605996652,1.0583854343802996,True
1354,CD8 T Cell,other,SLC16A1,SLCO2B1,-858.6714,-3.0469270043521193,0.9988440307688544,1.0,-0.020073891314318377,22795.816,0.000999000999000999,0.0036387453605996652,1.002059103873853,True
1356,CD8 T Cell,other,SLC1A2,SLC1A2,910.0564,3.229262617597681,0.0006205493401078034,0.0027195389407114893,0.02444257320835884,382.92413,0.000999000999000999,0.0036387453605996652,0.8412312877162351,True
1358,CD8 T Cell,other,SLC16A1,SLC1A3,3749.304,13.30410637287664,1.095484988898649e-40,1.0433190370463326e-39,0.08765066737135152,30.784279,0.000999000999000999,0.0036387453605996652,0.0013532161493038492,True
1362,CD8 T Cell,other,SLC1A3,SLC1A5,823.22516,2.921148888242246,0.001743715603143553,0.007210853997962061,0.025117521909488513,34.40094,0.008991008991008992,0.02582274122744097,0.005851942604968709,True
1365,CD8 T Cell,other,SLC1A3,SLC3A2,330.3885,1.1723572299360863,0.12052683173106937,0.30876013040597294,0.01008052295012802,859.6849,0.002997002997002997,0.0100203747620161,0.1462409619703967,True
1370,CD8 T Cell,other,SLC39A8,SLC39A8,2663.9023,9.452645230377675,1.6518706026906914e-21,1.3167084514201163e-20,0.07152784275530152,2577.9934,0.000999000999000999,0.0036387453605996652,0.17792487904028179,True
1371,CD8 T Cell,other,CUBN,SLC40A1,37161.312,131.86395671817664,0.0,0.0,0.7424206745280931,96972.76,0.000999000999000999,0.0036387453605996652,32.22409288718198,True
1373,CD8 T Cell,other,CUBN,CUBN,3866.5679,13.720208036295775,3.842229963235491e-43,3.723747100933075e-42,0.07724753873981374,2882.759,0.000999000999000999,0.0036387453605996652,0.9579421783271812,True
1377,CD8 T Cell,other,SLC11A2,SLC11A2,1049.0729,3.7225515194595595,9.860982511523021e-05,0.00046355045994338987,0.027316826855307737,95.21103,0.005994005994005994,0.018289616070475988,0.001793694388529454,True
1390,CD8 T Cell,other,SLC5A5,SLC5A5,3737.132,13.260915444187589,1.950521975672617e-40,1.8496329079654127e-39,0.09633950424164653,575.50793,0.000999000999000999,0.0036387453605996652,0.24522110747666503,True
1394,CD8 T Cell,other,SLC29A1,SLC29A1,2441.1782,8.662326431384766,2.311162323170297e-18,1.7177557807346802e-17,0.06843563019944811,10862.825,0.000999000999000999,0.0036387453605996652,0.4455065447132309,True
1405,CD8 T Cell,other,SLC5A1,SLC5A1,2944.3777,10.447889634923907,7.49109413083524e-26,6.314332217562271e-25,0.06587598447605719,486.67822,0.000999000999000999,0.0036387453605996652,0.1723303517537885,True
1412,CD8 T Cell,other,SLC12A2,SLC12A2,4088.8188,14.508847919615556,5.324708577700776e-48,5.499699000442116e-47,0.09432032454564214,9319.412,0.000999000999000999,0.0036387453605996652,0.3684535231065142,True
1422,CD8 T Cell,other,SLC16A4,SLCO2B1,-981.7635,-3.4837095215781617,0.9997527420584177,1.0,-0.022343017715538146,13680.879,0.000999000999000999,0.0036387453605996652,0.9606994945098448,True
1423,CD8 T Cell,other,SLC3A2,SLC43A2,38.760082,0.13753706378188085,0.4453031492183418,0.773508827038457,0.0009930826430540082,53110.965,0.000999000999000999,0.0036387453605996652,0.46985084311966385,True
1425,CD8 T Cell,other,CD36,CD36,7566.209,26.848089771756694,4.4395448175853576e-159,6.383659214828618e-158,0.20925884764242694,441.9356,0.000999000999000999,0.0036387453605996652,0.24667129365786922,True
1426,CD8 T Cell,other,MSR1,MSR1,12896.653,45.762746814688434,0.0,0.0,0.4153818465494218,93566.01,0.000999000999000999,0.0036387453605996652,0.9034645078249653,True
1427,CD8 T Cell,other,CD36,MSR1,879.6329,3.1213071702923623,0.0009002506038789838,0.003860723837297786,0.02432803030480508,1993.1478,0.000999000999000999,0.0036387453605996652,1.112497712730193,True
1428,CD8 T Cell,other,SLC6A1,SLC6A1,1487.8939,5.279673035945372,6.470730647643585e-08,3.5948503598019917e-07,0.0283873363052559,28.93821,0.004995004995004995,0.015676192566349483,0.04421724976951916,True
1432,CD8 T Cell,other,ABCA1,ABCA1,6338.291,22.49092068940199,2.5465925824185454e-112,3.2384414342894792e-111,0.18848190452649058,103712.38,0.000999000999000999,0.0036387453605996652,1.0942706961931725,True
1433,CD8 T Cell,other,ABCB1,ABCG2,136.9716,0.48603282194370695,0.31347194756366636,0.6421213078585345,0.0027162974516038085,778.8143,0.006993006993006993,0.02076196408180214,0.034581907949661844,True
1434,CD8 T Cell,other,ABCB1,ABCB1,674.46405,2.393281947073267,0.008349201821992095,0.03087099833341615,0.013375363474027803,649.5685,0.000999000999000999,0.0036387453605996652,0.028842971035674632,True
1436,CD8 T Cell,other,ABCG2,ABCG2,3875.8843,13.753266561624205,2.434046058874022e-43,2.3799561464545992e-42,0.08342366021582424,268.66766,0.000999000999000999,0.0036387453605996652,0.11297248593797207,True
1437,CD8 T Cell,other,ABCB1,CD36,140.74966,0.4994389700909716,0.30873508560000196,0.6385265371876144,0.002791220552275507,631.9963,0.000999000999000999,0.0036387453605996652,0.02806270751843918,True
1449,CD8 T Cell,other,ABCG2,FOLR2,918.8454,3.26044968906498,0.0005561784971889552,0.002452089566764933,0.01977702139288899,394.64954,0.000999000999000999,0.0036387453605996652,0.16594680051205715,True
1450,CD8 T Cell,other,ABCC3,ABCC3,1770.7662,6.283422906992508,1.6559924269735399e-10,1.0148143006523085e-09,0.054770430405760455,1909.8875,0.000999000999000999,0.0036387453605996652,0.23290649660920143,True
1453,CD8 T Cell,other,ABCC3,FOLR2,-168.40965,-0.5975882352344107,0.7249426419218137,0.8374473569708074,-0.005208970545780666,1351.8419,0.000999000999000999,0.0036387453605996652,0.16485409395083694,True
1454,CD8 T Cell,other,FOLR2,FOLR2,14605.94,51.82801594127169,0.0,0.0,0.41634953799199387,5985.3203,0.000999000999000999,0.0036387453605996652,0.3759689241859211,True
1457,CD8 T Cell,other,LRP1,LRP1,27339.195,97.01095641864849,0.0,0.0,0.6519581860175405,178422.75,0.000999000999000999,0.0036387453605996652,1.3325107423520401,True
1459,CD8 T Cell,other,SLC29A3,SLC29A3,2847.6462,10.104645807947286,2.6342801632188757e-24,2.1705679247496355e-23,0.08109255977722038,9700.517,0.000999000999000999,0.0036387453605996652,0.40694079593731125,True
1460,CD8 T Cell,other,LRP2,LRP2,5997.8965,21.283057814917832,8.148011657837016e-101,1.018501457229627e-99,0.1645558724681632,21.037018,0.000999000999000999,0.0036387453605996652,0.11260191776835948,True
1461,CD8 T Cell,other,SLC15A1,SLC15A1,860.5549,3.053610396864632,0.0011305275619890975,0.004764675548613055,0.023126558059622618,24.66883,0.000999000999000999,0.0036387453605996652,0.06283400589706449,True
1463,CD8 T Cell,other,CD38,CD38,10271.104,36.44619251357946,3.952154005807977e-291,6.393190303512904e-290,0.2668982203711954,70658.2,0.000999000999000999,0.0036387453605996652,0.6109803963143329,True
1464,CD8 T Cell,other,SLC12A6,SLC12A6,679.4628,2.4110197171492525,0.007953994205114619,0.02950891610666469,0.0137496285908544,1636.3657,0.01898101898101898,0.049069614287005583,0.10238913635906234,True
1465,CD8 T Cell,other,SLC12A2,SLC12A6,1055.197,3.7442825618757283,9.045498463519487e-05,0.0004261262659473848,0.024341143306715756,2815.5154,0.000999000999000999,0.0036387453605996652,0.11131459251540572,True
1466,CD8 T Cell,other,SCARB1,SCARB1,3498.0063,12.41239683413364,1.1192489266331457e-35,1.0433676434715764e-34,0.09444555764651547,7000.5376,0.000999000999000999,0.0036387453605996652,0.38417559343596547,True
1470,CD8 T Cell,other,ABCC3,SLCO2B1,1491.2172,5.291465296080869,6.067010888448833e-08,3.3876710544638153e-07,0.046123878025299284,10504.668,0.000999000999000999,0.0036387453605996652,1.2810207288095758,True
1483,CD8 T Cell,other,ABCG2,SLCO2B1,-32.586193,-0.11562950997850903,0.5460269129048745,0.773508827038457,-0.0007013778805309664,2276.4287,0.000999000999000999,0.0036387453605996652,0.9572190680257991,True
1486,CD8 T Cell,other,SLC22A1,SLCO2B1,375.55655,1.3326324933246911,0.09132621826062393,0.2458670896208182,0.009941094416362628,1520.4387,0.000999000999000999,0.0036387453605996652,1.1388251329955406,True
1487,CD8 T Cell,other,ABCC3,SLC22A1,654.7628,2.323373691713353,0.01007954307451831,0.03647203086174388,0.020252047167945413,272.90924,0.006993006993006993,0.02076196408180214,0.033280670601814936,True
1493,CD8 T Cell,other,ABCB1,SLCO2B1,-193.69147,-0.6872987400208206,0.754052753667156,0.8526801635993501,-0.003841114697857363,21153.705,0.000999000999000999,0.0036387453605996652,0.9392938855468935,True
1497,CD8 T Cell,other,TAP1,TAP1,15563.259,55.22498386876727,0.0,0.0,0.4356233150913358,705412.8,0.000999000999000999,0.0036387453605996652,1.5150812648378933,True
1498,CD8 T Cell,other,ATP7A,TAP1,-927.1256,-3.2898313630798572,0.9994987627831545,1.0,-0.02121908644574556,43873.38,0.000999000999000999,0.0036387453605996652,2.260108426925735,True
1502,CD8 T Cell,other,AQP7,AQP7,2052.9612,7.284769191076234,1.6111073783775495e-13,1.1007565939225495e-12,0.04633380391264608,250.29272,0.000999000999000999,0.0036387453605996652,0.13440551156422337,True
1506,CD8 T Cell,other,AQP7,ATP7B,3991.9182,14.165003737344056,7.542944791104056e-46,7.542944791104056e-45,0.0900946191118837,24.162916,0.000999000999000999,0.0036387453605996652,0.012975323655897104,True
1518,CD8 T Cell,other,SLC24A4,SLC24A4,3464.9443,12.295078919641329,4.8131352028756347e-35,4.449116574086721e-34,0.07920466384183536,24.19829,0.000999000999000999,0.0036387453605996652,0.05194881808429601,True
1519,CD8 T Cell,other,CLCN4,CLCN4,381.1459,1.3524658758946355,0.0881131639986229,0.23843660614633502,0.009440403048591825,79.9804,0.003996003996003996,0.01292824822236587,0.04053249343600064,True
1520,CD8 T Cell,other,CLCN3,CLCN3,861.1726,3.055802386741788,0.0011222956970249659,0.0047481741027979325,0.019322489309870596,9623.225,0.000999000999000999,0.0036387453605996652,0.3052242679419907,True
1521,CD8 T Cell,other,CLCN3,CLCN5,1350.4662,4.792021669554529,8.255453234589517e-07,4.3869558251441886e-06,0.03030097361150458,4478.1426,0.000999000999000999,0.0036387453605996652,0.14203532034537372,True
1522,CD8 T Cell,other,CLCN3,CLCN4,-26.188084,-0.0929263283900897,0.5370189553936482,0.773508827038457,-0.0005875929656686782,884.4028,0.000999000999000999,0.0036387453605996652,0.02805101193213058,True
1523,CD8 T Cell,other,CLCN4,CLCN5,702.0888,2.4913061923415367,0.00636371914726159,0.024179934583722796,0.017389669486188936,341.23923,0.000999000999000999,0.0036387453605996652,0.17293332773604952,True
1524,CD8 T Cell,other,CLCN5,CLCN5,4419.9775,15.683938152245036,9.739665644960784e-56,1.050356098966359e-54,0.1063437781811594,2068.181,0.000999000999000999,0.0036387453605996652,0.22539154243722345,True
1526,CD8 T Cell,other,SLC9A3,SLC9A3,1006.28253,3.570713392090065,0.00017800514040083846,0.0008244448608038834,0.022250850860365694,17831.895,0.000999000999000999,0.0036387453605996652,4.39716122901945,True
1529,CD8 T Cell,other,SLC6A9,SLC6A9,3551.0837,12.60073773295511,1.0458938525828382e-36,9.791346705030826e-36,0.09742791523067412,3125.3105,0.000999000999000999,0.0036387453605996652,0.3780440538492863,True
1530,CD8 T Cell,other,SLC6A17,SLC6A17,1646.774,5.8434465082608416,2.5565861199476385e-09,1.499863857035948e-08,0.035990630891217894,22.48836,0.001998001998001998,0.006955070246209487,0.035107606086975184,True
1532,CD8 T Cell,other,ORAI3,ORAI3,977.7147,3.46934279413017,0.000260866650670107,0.0011833126422149183,0.02363133429974496,15184.115,0.000999000999000999,0.0036387453605996652,0.39641174914875865,True
1533,CD8 T Cell,other,ORAI2,ORAI2,1344.659,4.771415535291898,9.146784662460141e-07,4.837241888801036e-06,0.029924067204291516,22084.627,0.000999000999000999,0.0036387453605996652,0.444902724380797,True
1534,CD8 T Cell,other,ORAI2,ORAI3,670.6224,2.3796500700998524,0.008664542647486723,0.031823028087597315,0.014924042581004989,18410.818,0.000999000999000999,0.0036387453605996652,0.37089253368651054,True
1537,CD8 T Cell,other,SCNN1G,SCNN1G,574.86743,2.03987128077214,0.020681573936588735,0.06957104382338718,0.012044422464438662,11.759588,0.008991008991008992,0.02582274122744097,0.04205746398876249,True
1539,CD8 T Cell,other,SLC23A2,SLC23A2,2578.2969,9.148881044812669,2.876314660550922e-20,2.220313071302466e-19,0.06123337973175965,5854.4478,0.000999000999000999,0.0036387453605996652,0.318294755695785,True
1541,gd T Cell,gd T Cell,SLC2A1,SLC2A3,2145.7698,21.02685583059437,1.862682985785581e-98,2.2893310439822785e-97,0.2925379921440446,25022.08,0.000999000999000999,0.0036387453605996652,0.5955954458699253,True
1550,gd T Cell,gd T Cell,SLC7A5,SLC7A7,567.2506,5.558609754165093,1.359659692201067e-08,7.810055673217618e-08,0.04470858727925769,24099.479,0.000999000999000999,0.0036387453605996652,1.3705360865508882,True
1551,gd T Cell,gd T Cell,SLC1A5,SLC1A5,1043.3108,10.2236250322779,7.77088895024138e-25,6.451304034162655e-24,0.1010892703017944,1805.8827,0.000999000999000999,0.0036387453605996652,0.08654458830557253,True
1556,gd T Cell,gd T Cell,SLC1A5,SLC38A7,861.94824,8.446414722479453,1.5019261772706933e-17,1.1014125299985085e-16,0.08351655095585395,5297.176,0.000999000999000999,0.0036387453605996652,0.25386028649593523,True
1567,gd T Cell,gd T Cell,SLC43A2,SLC43A2,390.73712,3.828916418431295,6.435435299982924e-05,0.0003049737946174311,0.03797088521903326,1233.0011,0.012987012987012988,0.03566969859104691,0.16758463013390093,True
1572,gd T Cell,gd T Cell,SLCO2B1,SLCO2B1,1123.8125,11.01247845371393,1.663613245051918e-28,1.4409248579189842e-27,0.14036565890483277,3674.6265,0.000999000999000999,0.0036387453605996652,0.28098743163047146,True
1577,gd T Cell,gd T Cell,SLC1A3,SLC7A11,213.14307,2.0886343819430246,0.01837032387143267,0.06309169556773832,0.021506010493385925,3720.764,0.000999000999000999,0.0036387453605996652,1.807435268155897,True
1582,gd T Cell,gd T Cell,SLC1A3,SLC1A5,482.87552,4.731800230552722,1.1126868329706295e-06,5.856246489319102e-06,0.048721856870040124,4.486416,0.011988011988011988,0.033384337181805536,0.0021793659693278146,True
1590,gd T Cell,gd T Cell,SLC39A8,SLC39A8,636.31854,6.23542115678978,2.252821196878838e-10,1.3653461799265685e-09,0.06583133532004161,399.1139,0.003996003996003996,0.01292824822236587,0.11648746776811644,True
1591,gd T Cell,gd T Cell,CUBN,SLC40A1,961.3099,9.420080566070514,2.2537101817759365e-21,1.7835116546428273e-20,0.09639193365447135,845.12787,0.004995004995004995,0.015676192566349483,2.5094514279874938,True
1596,gd T Cell,gd T Cell,SLC40A1,SLC40A1,641.9318,6.2904268973561654,1.5829705692737748e-10,9.727752101682415e-10,0.07965356126517674,7860.0957,0.000999000999000999,0.0036387453605996652,1.5995286886172178,True
1598,gd T Cell,gd T Cell,SLC11A2,SLC3A2,-221.2141,-2.1677241235716505,0.984910158554629,1.0,-0.0229389404962495,12979.877,0.001998001998001998,0.006955070246209487,0.6188968958813763,True
1603,gd T Cell,gd T Cell,SLC16A9,SLC22A5,891.4708,8.735712812037557,1.2106220365880267e-18,9.059076464264145e-18,0.08654745313233414,602.78107,0.000999000999000999,0.0036387453605996652,0.16011213362947324,True
1606,gd T Cell,gd T Cell,SLC22A4,SLC22A4,14.975102,0.14674422360785666,0.4416669555171681,0.773508827038457,0.0014433985815333443,180.81061,0.012987012987012988,0.03566969859104691,0.09615073376186467,True
1610,gd T Cell,gd T Cell,SLC5A5,SLC5A5,1416.0975,13.876641862865233,4.3880128899222816e-44,4.328981326380726e-43,0.13033502320590598,567.57227,0.000999000999000999,0.0036387453605996652,0.1701933570458189,True
1625,gd T Cell,gd T Cell,SLC5A1,SLC5A1,642.4436,6.2954419366595005,1.5326264246885107e-10,9.444756678752728e-10,0.06471771098010594,238.5886,0.000999000999000999,0.0036387453605996652,0.10406332369057407,True
1633,gd T Cell,gd T Cell,SLC1A5,SLC5A5,190.18576,1.863670843390636,0.031183971147939058,0.09974564253541045,0.018427624746240608,1382.1903,0.000999000999000999,0.0036387453605996652,0.06623967977910004,True
1635,gd T Cell,gd T Cell,SLC12A2,SLC5A5,181.16582,1.7752824951968398,0.037925627127891236,0.11834947472533436,0.0183134581355957,538.19006,0.001998001998001998,0.006955070246209487,0.07747374251460011,True
1639,gd T Cell,gd T Cell,SLC5A3,SLC5A5,-31.758732,-0.31121058906868826,0.6221797332182207,0.800058775949927,-0.0030496739982476978,2005.442,0.004995004995004995,0.015676192566349483,0.056780121836549784,True
1646,gd T Cell,gd T Cell,MSR1,MSR1,1008.7818,9.885268075831773,2.411446001734234e-23,1.9504342661085714e-22,0.11607732147881261,4185.739,0.000999000999000999,0.0036387453605996652,0.29625496920672983,True
1656,gd T Cell,gd T Cell,ABCG2,ABCG2,757.7827,7.425674496247056,5.6103315816851834e-14,3.857102962408564e-13,0.0682194549166908,18.878462,0.014985014985014986,0.040105879521937914,0.0632160520344356,True
1667,gd T Cell,gd T Cell,FOLR1,FOLR1,2071.935,20.303333688011286,6.0075330289397196e-92,7.301973847330046e-91,0.23674106339475276,48580.83,0.000999000999000999,0.0036387453605996652,0.7351284968231145,True
1673,gd T Cell,gd T Cell,ABCC3,FOLR2,482.342,4.726572268888982,1.1417077406948045e-06,5.994646848516873e-06,0.051976501455811876,41.424717,0.002997002997002997,0.0100203747620161,0.044460735288456635,True
1674,gd T Cell,gd T Cell,FOLR2,FOLR2,538.8181,5.279993668418268,6.459417535084618e-08,3.5948503598019917e-07,0.0560871815011421,40.299625,0.00999000999000999,0.028468940386038834,0.05753905704629572,True
1681,gd T Cell,gd T Cell,SLC15A1,SLC15A1,2400.681,23.524784406499574,1.137518044725201e-122,1.5075540351779773e-121,0.22167752932644735,26.6208,0.002997002997002997,0.0100203747620161,0.08572219482192046,True
1683,gd T Cell,gd T Cell,CD38,CD38,1845.1075,18.08060247815608,2.2655208226088586e-73,2.6095004239473763e-72,0.15631939067453718,37244.645,0.000999000999000999,0.0036387453605996652,0.6627430878578991,True
1717,gd T Cell,gd T Cell,TAP1,TAP1,2706.5786,26.5223412820579,2.6779546579353594e-155,3.752547928317064e-154,0.26853638820059855,131100.52,0.000999000999000999,0.0036387453605996652,0.9341685142498657,True
1722,gd T Cell,gd T Cell,AQP7,AQP7,291.08307,2.852385094422551,0.0021696248599896105,0.008855611673426982,0.027740439674908662,40.337997,0.016983016983016984,0.044692149955307854,0.0722517186367125,True
1749,gd T Cell,gd T Cell,SLC6A9,SLC6A9,945.3246,9.263437293719715,9.89773532868363e-21,7.749116627439142e-20,0.09493479762368207,1178.4454,0.000999000999000999,0.0036387453605996652,0.1968547351847384,True
1755,gd T Cell,gd T Cell,SCNN1A,SCNN1G,65.049965,0.637438484559296,0.2619196336752575,0.567148813076345,0.007570348639762605,147.9004,0.01898101898101898,0.049069614287005583,0.004381828263400141,True
1756,gd T Cell,gd T Cell,SCNN1A,SCNN1A,1150.4141,11.27315284011413,8.90384337765971e-30,7.835382172340545e-29,0.13388224799134366,17639.236,0.000999000999000999,0.0036387453605996652,0.5225956198396371,True
1761,gd T Cell,other,SLC2A1,SLC2A3,19027.494,65.50775557217854,0.0,0.0,0.5971351431100426,239426.42,0.000999000999000999,0.0036387453605996652,1.3714096079599158,True
1765,gd T Cell,other,SLC2A4,SLC2A4,14758.765,50.811396392599086,0.0,0.0,0.3613399006459481,23989.922,0.000999000999000999,0.0036387453605996652,95.34602958579417,True
1766,gd T Cell,other,SLC2A1,SLC2A9,5149.722,17.72943607554018,1.2425720412287643e-70,1.409102314795506e-69,0.1616124572694768,32850.605,0.000999000999000999,0.0036387453605996652,0.1881648466962636,True
1768,gd T Cell,other,SLC38A7,SLC7A7,1422.3486,4.896854303992078,4.869149273777215e-07,2.6191022988532698e-06,0.03385212299850863,7591.63,0.000999000999000999,0.0036387453605996652,0.5232874387824591,True
1769,gd T Cell,other,SLC7A5,SLC7A5,-1450.3595,-4.993289958398538,0.9999997032033202,1.0,-0.03169810298224358,34687.32,0.000999000999000999,0.0036387453605996652,0.5080219985693004,True
1770,gd T Cell,other,SLC7A5,SLC7A7,7179.673,24.71813948659629,3.413273362520899e-135,4.72276817455722e-134,0.15691420636563289,215106.45,0.000999000999000999,0.0036387453605996652,3.1503964341210895,True
1771,gd T Cell,other,SLC1A5,SLC1A5,8378.088,28.844036405692666,3.009619844581193e-183,4.473759228431503e-182,0.1968831096137024,21427.861,0.000999000999000999,0.0036387453605996652,0.25533157567763753,True
1772,gd T Cell,other,SLC3A2,SLC3A2,-69.328926,-0.23868525779517252,0.5943251755113644,0.7955790494567663,-0.001740094030893518,22620.252,0.000999000999000999,0.0036387453605996652,0.1359373237993523,True
1773,gd T Cell,other,SLC1A5,SLC3A2,2022.0585,6.96153214587693,1.6829586557006781e-12,1.1185827923086079e-11,0.04751790204666005,119868.85,0.000999000999000999,0.0036387453605996652,1.4283414604680995,True
1774,gd T Cell,other,SLC3A2,SLC7A5,1596.0431,5.494848659703075,1.955228091615495e-08,1.1114991735281884e-07,0.04005925393858135,32632.572,0.000999000999000999,0.0036387453605996652,0.19610676979507277,True
1775,gd T Cell,other,SLC3A2,SLC7A7,4655.238,16.02702790069801,4.137338682068318e-58,4.5510725502751496e-57,0.11684230455029189,72185.625,0.000999000999000999,0.0036387453605996652,0.4338024483378042,True
1776,gd T Cell,other,SLC1A5,SLC38A7,2987.942,10.286870454103628,4.0379293151512573e-25,3.364941095959381e-24,0.07021593700379344,15426.344,0.000999000999000999,0.0036387453605996652,0.18381828201690323,True
1777,gd T Cell,other,SLC1A5,SLC7A5,-528.6361,-1.8199855808472232,0.9656193996182073,0.991303163397133,-0.012422825140332393,63699.63,0.000999000999000999,0.0036387453605996652,0.7590363951705111,True
1778,gd T Cell,other,SLC7A7,SLC7A7,149.19997,0.5136648504570841,0.3037431653966737,0.6327826304082487,0.003679083433117308,27767.715,0.000999000999000999,0.0036387453605996652,0.796045508305403,True
1779,gd T Cell,other,SLC1A5,SLC7A7,891.3845,3.068853887047038,0.0010744082937109234,0.0045543318808555526,0.020947328166340564,3718.475,0.000999000999000999,0.0036387453605996652,0.04430885991204548,True
1780,gd T Cell,other,SLC38A7,SLC3A2,118.8532,0.40918717418855366,0.3412011530245236,0.6805462707651423,0.002828725073308921,17986.863,0.000999000999000999,0.0036387453605996652,1.239825935071608,True
1781,gd T Cell,other,SLC38A7,SLC38A7,-282.45178,-0.9724234927771784,0.8345800453782706,0.9048066167956769,-0.006722397204527012,3250.9954,0.000999000999000999,0.0036387453605996652,0.22408956474216282,True
1782,gd T Cell,other,SLC38A7,SLC7A5,2059.1946,7.0893841422505774,6.735506113566246e-13,4.5454335735723125e-12,0.04900915752618875,18828.521,0.000999000999000999,0.0036387453605996652,1.2978410348910372,True
1784,gd T Cell,other,SLC1A5,SLC43A2,558.56433,1.923022306544565,0.027238624252098477,0.08851547024315605,0.013126131386184415,40717.21,0.000999000999000999,0.0036387453605996652,0.48518092714296684,True
1787,gd T Cell,other,SLC43A2,SLC43A2,3282.6213,11.301391273559126,6.457770686841875e-30,5.705660847812099e-29,0.08135325530747085,17088.885,0.000999000999000999,0.0036387453605996652,0.5926364005914864,True
1788,gd T Cell,other,SLC43A2,SLC7A5,223.20387,0.7684451050814158,0.22111139601877694,0.49891802178595823,0.005531665023378736,6563.883,0.000999000999000999,0.0036387453605996652,0.22763310404721143,True
1789,gd T Cell,other,SLC16A1,SLC16A1,1993.1316,6.8619428377513145,3.3965123878394993e-12,2.2372237285170353e-11,0.04895266138594937,7057.9585,0.000999000999000999,0.0036387453605996652,0.3595210680558991,True
1792,gd T Cell,other,SLCO2B1,SLCO2B1,11157.189,38.411912476026835,0.0,0.0,0.298815461780354,52631.02,0.000999000999000999,0.0036387453605996652,0.9143243048940226,True
1794,gd T Cell,other,SLC16A1,SLCO2B1,-456.97742,-1.5732794194068493,0.9421729336829707,0.9779693814619431,-0.011223674767443126,14352.803,0.000999000999000999,0.0036387453605996652,0.7311087152912592,True
1795,gd T Cell,other,SLC16A1,SLC1A1,-237.35924,-0.8171791203417557,0.7930869635630642,0.8794311087896881,-0.0058297035862320155,17253.229,0.000999000999000999,0.0036387453605996652,0.8788517454137779,True
1797,gd T Cell,other,SLC1A3,SLC7A11,655.3352,2.2561845566644436,0.012029537657098568,0.04282359683756772,0.017215082672474156,31111.365,0.000999000999000999,0.0036387453605996652,3.944911741487532,True
1800,gd T Cell,other,SLC16A1,SLC1A5,351.054,1.20860679346855,0.11340697260990107,0.2952607570908667,0.008622123574671516,7588.461,0.000999000999000999,0.0036387453605996652,0.3865440102347452,True
1803,gd T Cell,other,SLC3A2,SLC7A11,51.983017,0.17896685418805536,0.4289818639957095,0.773508827038457,0.0013047272277187296,3448.783,0.000999000999000999,0.0036387453605996652,0.02072560141154307,True
1804,gd T Cell,other,SLC1A1,SLC1A1,-71.809395,-0.24722500240781178,0.5976329516839545,0.7963612923711083,-0.0013924801223506983,13083.375,0.000999000999000999,0.0036387453605996652,38.053080039444694,True
1805,gd T Cell,other,SLC1A3,SLC3A2,1276.7917,4.395731835704663,5.520008074333241e-06,2.8176375321422574e-05,0.03354020252206566,1784.4976,0.000999000999000999,0.0036387453605996652,0.2262737529683898,True
1807,gd T Cell,other,SLC3A1,SLC3A2,716.697,2.4674406916498297,0.006804138122915001,0.025675992916660378,0.018967837450811414,495.097,0.000999000999000999,0.0036387453605996652,1.7092999258537944,True
1810,gd T Cell,other,SLC39A8,SLC39A8,6667.173,22.953707213874605,6.765332362222507e-117,8.806941536621016e-116,0.15841379465842004,3895.4248,0.000999000999000999,0.0036387453605996652,0.27051297118802176,True
1811,gd T Cell,other,CUBN,SLC40A1,13973.292,48.10717531156899,0.0,0.0,0.293438594843478,15396.61,0.000999000999000999,0.0036387453605996652,10.674469080801385,True
1815,gd T Cell,other,SLC11A1,SLC3A2,-85.837555,-0.29552107733250166,0.6162020732213026,0.800058775949927,-0.002040757831250583,622.45386,0.012987012987012988,0.03566969859104691,1.5411689598429514,True
1816,gd T Cell,other,SLC40A1,SLC40A1,5848.5864,20.13548222331786,1.8039210670253021e-90,2.1686482772981776e-89,0.10937359428994904,89702.305,0.000999000999000999,0.0036387453605996652,3.542426917171206,True
1818,gd T Cell,other,SLC11A2,SLC3A2,-989.61237,-3.4070321864692863,0.9996716330898654,1.0,-0.025883568568075145,113390.49,0.000999000999000999,0.0036387453605996652,1.413908447945796,True
1819,gd T Cell,other,SLC11A1,SLC39A8,72.32103,0.24898645606636308,0.4016856290299076,0.7501768963207104,0.0017194071728462669,95.152885,0.006993006993006993,0.02076196408180214,0.23559444885185032,True
1823,gd T Cell,other,SLC16A9,SLC22A5,6750.3037,23.239909694148437,8.996694619458359e-120,1.1851933031621789e-118,0.18306656416983852,6427.363,0.000999000999000999,0.0036387453605996652,0.47152523173327354,True
1825,gd T Cell,other,SLC22A4,SLC22A5,1243.9017,4.282498268297849,9.240328542598495e-06,4.630688563488995e-05,0.03176257674460108,1482.4398,0.000999000999000999,0.0036387453605996652,0.20525155079336588,True
1830,gd T Cell,other,SLC5A5,SLC5A5,11352.681,39.08494857673233,0.0,0.0,0.3397014323401236,5422.4116,0.000999000999000999,0.0036387453605996652,0.4831174315961692,True
1831,gd T Cell,other,SLC22A4,SLC5A1,386.91663,1.3320745009280626,0.09141785423174059,0.2458670896208182,0.00987977482173522,1336.446,0.000999000999000999,0.0036387453605996652,0.185037948720746,True
1832,gd T Cell,other,SLC12A2,SLC1A5,602.68756,2.074929527918731,0.018996533296604445,0.06459408539803675,0.014197528192135005,26224.15,0.000999000999000999,0.0036387453605996652,0.9007363897269299,True
1835,gd T Cell,other,SLC5A1,SLC5A3,3050.4827,10.502185489358151,4.2201506405193e-26,3.5846839417538457e-25,0.07736098958916902,11912.7,0.000999000999000999,0.0036387453605996652,1.3235582370675631,True
1837,gd T Cell,other,SLC10A1,SLC5A5,218.41077,0.7519434249788883,0.2260425410422981,0.5064089514185904,0.007112525998000052,31.843529,0.000999000999000999,0.0036387453605996652,0.3700404129832732,True
1839,gd T Cell,other,SLC1A5,SLC5A3,1652.4993,5.6892156846122734,6.381209403642801e-09,3.694384391582674e-08,0.03883334702172432,91035.78,0.000999000999000999,0.0036387453605996652,1.0847703890587561,True
1842,gd T Cell,other,SLC12A2,SLC5A3,-157.26033,-0.5414150279494501,0.7058892243623136,0.833843357931907,-0.003704586117037006,33411.523,0.000999000999000999,0.0036387453605996652,1.1476053388989582,True
1843,gd T Cell,other,SLC29A1,SLC5A3,508.8062,1.7517153237991374,0.03991138530056046,0.1226327481302137,0.011608385037965706,23688.494,0.000999000999000999,0.0036387453605996652,0.8033997867377143,True
1844,gd T Cell,other,SLC22A5,SLC5A3,377.0953,1.2982617141421051,0.09709870886802724,0.2583424420399391,0.00887680362931866,34005.62,0.000999000999000999,0.0036387453605996652,1.6994866700967843,True
1845,gd T Cell,other,SLC5A1,SLC5A1,11198.312,38.55348732086684,0.0,0.0,0.2839919304679906,3953.8274,0.000999000999000999,0.0036387453605996652,0.4392892230637443,True
1846,gd T Cell,other,SLC22A5,SLC5A1,499.8442,1.7208609785584885,0.04263802697305714,0.1293843577113458,0.011766306295271988,3444.447,0.000999000999000999,0.0036387453605996652,0.17214188744645967,True
1847,gd T Cell,other,SLC5A1,SLC5A5,-139.53885,-0.4804036063549855,0.684529784768952,0.8264016216705498,-0.0035387394773674506,1849.4933,0.000999000999000999,0.0036387453605996652,0.20548759165663066,True
1850,gd T Cell,other,SLC5A3,SLC5A3,5103.443,17.57010595853507,2.086960655766089e-69,2.354519714197639e-68,0.11265007085428708,148856.4,0.000999000999000999,0.0036387453605996652,0.9946562264744355,True
1851,gd T Cell,other,SLC1A5,SLC5A1,899.32245,3.0961825407280616,0.0009801482146779724,0.00417892649668903,0.02113386760356073,12825.779,0.000999000999000999,0.0036387453605996652,0.15283029822796004,True
1852,gd T Cell,other,SLC12A2,SLC12A2,2559.8708,8.813109738634651,6.086064595178087e-19,4.56974133426341e-18,0.06030295115620225,12086.823,0.000999000999000999,0.0036387453605996652,0.4151532601920852,True
1853,gd T Cell,other,SLC1A5,SLC5A5,-30.633043,-0.10546327842169302,0.5419958964879779,0.773508827038457,-0.0007198693661896997,16091.177,0.000999000999000999,0.0036387453605996652,0.19174034464591888,True
1854,gd T Cell,other,SLC29A1,SLC5A1,-30.21525,-0.10402490196151605,0.5414252065664059,0.773508827038457,-0.0006893592235563379,4623.381,0.000999000999000999,0.0036387453605996652,0.15680284168249387,True
1855,gd T Cell,other,SLC12A2,SLC5A5,606.589,2.088361344242169,0.01838262584496376,0.06309169556773832,0.014289434248874614,6350.805,0.000999000999000999,0.0036387453605996652,0.21813485816254766,True
1856,gd T Cell,other,SLC22A4,SLC5A3,202.48863,0.697126785398521,0.24286172637193826,0.5359035085438959,0.005170473315973692,9020.763,0.000999000999000999,0.0036387453605996652,1.2489718020264924,True
1859,gd T Cell,other,SLC5A3,SLC5A5,-129.14386,-0.444615793495844,0.6717012839901455,0.8205123957680844,-0.002850637369998984,25314.965,0.000999000999000999,0.0036387453605996652,0.16915420732735426,True
1860,gd T Cell,other,SLC22A2,SLC22A2,1586.5525,5.4621744705102175,2.3516874023512405e-08,1.3334310013331777e-07,0.03096127025759438,5.706079,0.006993006993006993,0.02076196408180214,0.04254573127566635,True
1862,gd T Cell,other,SLC16A4,SLCO2B1,377.07068,1.298176926077361,0.09711327253046803,0.2583424420399391,0.008032677887410609,4013.4724,0.000999000999000999,0.0036387453605996652,0.7461664964261444,True
1863,gd T Cell,other,SLC3A2,SLC43A2,-9.593401,-0.03302810975710099,0.513173914239673,0.773508827038457,-0.00024078578279579775,72311.53,0.000999000999000999,0.0036387453605996652,0.43455908706623564,True
1864,gd T Cell,other,CPT1A,CPT1A,3544.673,12.20358167084268,1.4872322073667021e-34,1.3690003582454999e-33,0.08292261381197141,70515.51,0.000999000999000999,0.0036387453605996652,0.8373158978168349,True
1865,gd T Cell,other,CD36,CD36,3353.1458,11.544192350996514,3.948992586980436e-31,3.517321332533181e-30,0.07651506620138203,131.4978,0.000999000999000999,0.0036387453605996652,0.10949316296454885,True
1866,gd T Cell,other,MSR1,MSR1,12353.412,42.53026147124314,0.0,0.0,0.3102546892451661,52189.312,0.000999000999000999,0.0036387453605996652,0.8347024956650089,True
1867,gd T Cell,other,CD36,MSR1,868.454,2.989908739101642,0.0013953040434579954,0.0058137668477416474,0.019817156380689094,1018.7374,0.000999000999000999,0.0036387453605996652,0.8482634748764457,True
1868,gd T Cell,other,SLC6A1,SLC6A1,1175.7104,4.047729678005213,2.585841251075134e-05,0.0001267004621907638,0.02892270313310265,43.680847,0.000999000999000999,0.0036387453605996652,0.05462802844020124,True
1869,gd T Cell,other,SLC6A12,SLC6A12,1838.9762,6.331217462437833,1.216171209393674e-10,7.579537282340178e-10,0.05135333212182706,670.03253,0.000999000999000999,0.0036387453605996652,0.16614876590732355,True
1872,gd T Cell,other,ABCA1,ABCA1,6733.0425,23.180482821746583,3.5827565298777704e-119,4.6917049796018415e-118,0.16280773055163586,66150.875,0.000999000999000999,0.0036387453605996652,0.9960255335627709,True
1877,gd T Cell,other,ABCB1,CD36,1747.913,6.017705450450492,8.845335724524375e-10,5.259388809176656e-09,0.029826091455822372,1014.24506,0.000999000999000999,0.0036387453605996652,0.030244172526706397,True
1880,gd T Cell,other,ATP7A,SLC20A2,642.4974,2.211986545269279,0.013483797305718625,0.04731156949374957,0.013866212447123062,6272.5483,0.001998001998001998,0.006955070246209487,0.33277040415790465,True
1882,gd T Cell,other,SLC20A2,SLC20A2,458.85773,1.579752940870471,0.057081728215906874,0.16555509081911776,0.010629846793366276,9149.168,0.004995004995004995,0.015676192566349483,0.32989696182561445,True
1883,gd T Cell,other,ATP7B,ATP7B,1358.4642,4.676913433651368,1.45612561087415e-06,7.6092074677509015e-06,0.033443671192399785,221.95178,0.007992007992007992,0.023318856210102896,0.09511449683487558,True
1886,gd T Cell,other,CHRNA5,CHRNA5,1301.9696,4.482414025890153,3.690168977951153e-06,1.9012580214268236e-05,0.029561535068986032,474.66837,0.000999000999000999,0.0036387453605996652,0.07855452506846655,True
1887,gd T Cell,other,FOLR1,FOLR1,22752.332,78.33160764022793,0.0,0.0,0.613384319640266,462969.25,0.000999000999000999,0.0036387453605996652,1.7458759972078057,True
1890,gd T Cell,other,ABCC3,ABCC3,1429.1224,4.920175119361171,4.323340679107812e-07,2.348481356552392e-06,0.0350094652134637,645.6272,0.000999000999000999,0.0036387453605996652,0.1580282734219537,True
1894,gd T Cell,other,FOLR2,FOLR2,4023.2065,13.851074076564103,6.266200146368172e-44,6.154303715183026e-43,0.08730155853322334,559.4836,0.000999000999000999,0.0036387453605996652,0.17654731450451489,True
1895,gd T Cell,other,ABCC4,FOLR1,59.75188,0.20571345671644672,0.41850737321709514,0.7685444249395736,0.001461890317617061,60957.055,0.000999000999000999,0.0036387453605996652,2.2922350004849896,True
1896,gd T Cell,other,TRPV6,TRPV6,1845.0583,6.352157067522712,1.0615818334600046e-10,6.653789269549886e-10,0.04144314259612904,53.164642,0.000999000999000999,0.0036387453605996652,0.0765734073154992,True
1897,gd T Cell,other,LRP1,LRP1,13885.904,47.80631741918236,0.0,0.0,0.2843389893952626,34945.332,0.001998001998001998,0.006955070246209487,0.8902485496827616,True
1899,gd T Cell,other,SLC29A3,SLC29A3,1916.4354,6.597893682170696,2.085200739193546e-11,1.329693224992986e-10,0.04434864849069385,7998.3135,0.000999000999000999,0.0036387453605996652,0.37538156209085566,True
1900,gd T Cell,other,LRP2,LRP2,1837.6779,6.32674754493291,1.251912445603175e-10,7.758330648808407e-10,0.04233564371429839,8.800299,0.003996003996003996,0.01292824822236587,0.04897219877105437,True
1901,gd T Cell,other,SLC15A1,SLC15A1,5698.376,19.618338488095258,5.390998553976197e-86,6.410917199323045e-85,0.1734906645795572,186.34267,0.000999000999000999,0.0036387453605996652,0.14607057083820008,True
1903,gd T Cell,other,CD38,CD38,11751.8545,40.4592221079901,0.0,0.0,0.2634717102850132,97822.9,0.000999000999000999,0.0036387453605996652,0.46610027463892717,True
1908,gd T Cell,other,ABCC4,SLCO1B3,972.2699,3.3473256290261095,0.0004079765124581266,0.001831731280424242,0.023787568422078242,414.53586,0.000999000999000999,0.0036387453605996652,0.015588246641651034,True
1910,gd T Cell,other,ABCC3,SLCO2B1,1978.867,6.812832582020283,4.784774350276423e-12,3.132887967442896e-11,0.04847665367576581,3815.743,0.000999000999000999,0.0036387453605996652,0.9339681909484564,True
1913,gd T Cell,other,ABCC4,SLC16A1,370.96152,1.2771443377988032,0.10077564701032432,0.2664740666138384,0.009075949485409886,8468.67,0.000999000999000999,0.0036387453605996652,0.3184566856452313,True
1914,gd T Cell,other,ABCC1,SLC16A1,817.0656,2.8129891436937244,0.002454165413170026,0.009852488884989154,0.018533332784599853,30621.105,0.000999000999000999,0.0036387453605996652,0.27470185727169205,True
1917,gd T Cell,other,ABCC1,ABCC1,1780.8696,6.131168481467468,4.3617980051078586e-10,2.6147018014270543e-09,0.04039510286779065,110729.79,0.000999000999000999,0.0036387453605996652,0.9933566487929,True
1921,gd T Cell,other,ABCC1,ABCC2,236.05928,0.8127036343517877,0.20819399850228815,0.474759379325465,0.005354484550522456,3551.0105,0.000999000999000999,0.0036387453605996652,0.031856105913624054,True
1923,gd T Cell,other,ABCG2,SLCO2B1,810.12146,2.789081851277046,0.0026428852127577977,0.010529064719781054,0.014860266717146253,1385.3643,0.000999000999000999,0.0036387453605996652,0.884614392336571,True
1928,gd T Cell,other,ABCC1,SLC10A1,-474.5888,-1.6339118162880992,0.9488613158709088,0.981240427747443,-0.010765001173162857,197.61337,0.002997002997002997,0.0100203747620161,0.0017727890518529474,True
1929,gd T Cell,other,SLCO1B3,SLCO1B3,1117.9933,3.849021336075908,5.9295339398135126e-05,0.0002817489129069056,0.026806807605695537,24.68351,0.000999000999000999,0.0036387453605996652,0.06891910355548173,True
1933,gd T Cell,other,ABCB1,SLCO2B1,2627.95,9.047492107209816,7.314472968887842e-20,5.587444629011546e-19,0.044842893899911584,23979.38,0.000999000999000999,0.0036387453605996652,0.7150505959041176,True
1935,gd T Cell,other,ABCC2,ABCC2,824.3121,2.837937217485068,0.0022703056412699324,0.009215262750542162,0.01989113304475133,101.25297,0.000999000999000999,0.0036387453605996652,0.06524167677454955,True
1936,gd T Cell,other,ATP7B,TAP1,-724.20703,-2.493296113306266,0.9936718376026511,1.0,-0.017829061106568882,6857.598,0.000999000999000999,0.0036387453605996652,2.938732865623307,True
1937,gd T Cell,other,TAP1,TAP1,20268.658,69.78082860167582,0.0,0.0,0.5524040930078189,920635.75,0.000999000999000999,0.0036387453605996652,1.7274933582098906,True
1938,gd T Cell,other,ATP7A,TAP1,-1140.683,-3.9271373050783542,0.9999570185441058,1.0,-0.024617925591681074,53395.34,0.000999000999000999,0.0036387453605996652,2.83272250085138,True
1940,gd T Cell,other,AQP4,AQP4,3260.8872,11.226565123495053,1.5099572857307456e-29,1.3234685372938806e-28,0.0835245375534821,1470.2278,0.000999000999000999,0.0036387453605996652,58.4566135478394,True
1942,gd T Cell,other,AQP7,AQP7,5894.799,20.294582036186764,7.178515942522682e-92,8.677326963488956e-91,0.1171677734996962,578.48596,0.000999000999000999,0.0036387453605996652,0.2190299573295551,True
1957,gd T Cell,other,SLC24A1,SLC24A1,1533.0532,5.277987476789599,6.530519444825462e-08,3.6189276520443367e-07,0.0340315949089808,8919.066,0.000999000999000999,0.0036387453605996652,0.35265173578518766,True
1959,gd T Cell,other,CLCN4,CLCN4,2466.7078,8.492368362138127,1.0123403987630742e-17,7.448658452437335e-17,0.06062019761163603,81.51189,0.000999000999000999,0.0036387453605996652,0.08794874140887936,True
1960,gd T Cell,other,CLCN3,CLCN3,1267.4998,4.3637414144490485,6.392834960441194e-06,3.240607583633785e-05,0.027027969585238735,10338.762,0.000999000999000999,0.0036387453605996652,0.33301559053351987,True
1965,gd T Cell,other,SLC9A1,SLC9A1,-254.206,-0.8751790421843493,0.8092617526531536,0.8870831369391818,-0.005687768629428008,4438.5933,0.000999000999000999,0.0036387453605996652,0.09843260484728086,True
1966,gd T Cell,other,SLC9A3,SLC9A3,946.4223,3.258337665768906,0.0005603348641181108,0.0024605522975246386,0.023022714329479343,18646.127,0.000999000999000999,0.0036387453605996652,2.58532885025166,True
1967,gd T Cell,other,SLC9A1,SLC9A3,959.9807,3.3050164897845624,0.0004748540610552267,0.0021104624935787855,0.021479226768754398,999.75946,0.000999000999000999,0.0036387453605996652,0.02217119751914865,True
1969,gd T Cell,other,SLC6A9,SLC6A9,6581.308,22.658092522953893,5.805049603215731e-114,7.425063445973609e-113,0.1978643921865808,11000.855,0.000999000999000999,0.0036387453605996652,0.5582958066618798,True
1971,gd T Cell,other,SLC26A2,SLC26A2,2683.0012,9.237022324995646,1.2672609866228669e-20,9.88643322897272e-20,0.06250830426780754,2225.3516,0.000999000999000999,0.0036387453605996652,0.18951704458185967,True
1972,gd T Cell,other,ORAI3,ORAI3,1507.9407,5.191530127321028,1.0428641449417712e-07,5.750128117473425e-07,0.032914496701097945,18779.074,0.000999000999000999,0.0036387453605996652,0.42478927365677566,True
1973,gd T Cell,other,ORAI2,ORAI2,3217.7207,11.07795171355797,8.025118233209042e-29,6.97836368105134e-28,0.0665922551435239,26019.611,0.000999000999000999,0.0036387453605996652,0.4761786820831555,True
1974,gd T Cell,other,ORAI2,ORAI3,929.40607,3.1997542612527603,0.0006877240311689995,0.002990104483343476,0.019234499090760693,21946.893,0.000999000999000999,0.0036387453605996652,0.40164483058115047,True
1975,gd T Cell,other,SCNN1A,SCNN1G,1161.4149,3.998513095729545,3.187082743491168e-05,0.00015546745090200823,0.03273411717623395,2019.5448,0.000999000999000999,0.0036387453605996652,0.01471810574325659,True
1976,gd T Cell,other,SCNN1A,SCNN1A,14213.289,48.93343594809197,0.0,0.0,0.4005971189318632,219437.77,0.000999000999000999,0.0036387453605996652,1.5992258447770284,True
1977,gd T Cell,other,SCNN1G,SCNN1G,3103.971,10.686334659406764,5.8970139988223615e-27,5.048027547630037e-26,0.08052735497234091,62.128536,0.000999000999000999,0.0036387453605996652,0.09684437932501858,True
1979,gd T Cell,other,SLC23A2,SLC23A2,687.8863,2.3682512637899094,0.008936196756206884,0.032603039574884154,0.016635034510386705,5361.595,0.000999000999000999,0.0036387453605996652,0.31930842021365524,True
1980,other,other,SLC2A3,SLC2A3,164967.27,71.39821915488183,0.0,0.0,0.018504385784854468,240502.56,0.000999000999000999,0.0036387453605996652,0.08348357892809899,True
1981,other,other,SLC2A1,SLC2A3,1.6833632e+06,728.5635594760082,0.0,0.0,0.5235670263581271,1.5923445e+07,0.000999000999000999,0.0036387453605996652,0.708545380147477,True
1982,other,other,SLC2A9,SLC2A9,42627.73,18.449381642789447,2.637257509689106e-76,3.0536665901663334e-75,0.008213783600501987,7724.3433,0.000999000999000999,0.0036387453605996652,0.004117730098633798,True
1983,other,other,SLC2A1,SLC2A1,106292.586,46.00368028500948,0.0,0.0,0.033059586600344616,731.16327,0.000999000999000999,0.0036387453605996652,3.253456500235485e-05,True
1984,other,other,SLC2A3,SLC2A4,122554.555,53.041898469104694,0.0,0.0,0.013746950045129866,87.27876,0.000999000999000999,0.0036387453605996652,3.0296323700966008e-05,True
1985,other,other,SLC2A4,SLC2A4,1.4112211e+06,610.779810024804,0.0,0.0,0.16007683766469094,570145.44,0.000999000999000999,0.0036387453605996652,8.544110486464763,True
1987,other,other,SLC2A2,SLC2A2,24103.625,10.432105385617096,8.846197814953638e-26,7.428105035457253e-25,0.0030252134159320845,1.6597119e+06,0.000999000999000999,0.0036387453605996652,181.08293967153998,True
1988,other,other,SLC38A7,SLC7A7,69635.48,30.13839744344136,7.611664692891141e-200,1.146963172901405e-198,0.011315780466327755,503678.22,0.000999000999000999,0.0036387453605996652,0.20721603432279748,True
1990,other,other,SLC7A5,SLC7A7,601037.75,260.130546701344,0.0,0.0,0.10397108317648485,1.001454e+07,0.000999000999000999,0.0036387453605996652,4.82713962834521,True
1991,other,other,SLC1A5,SLC1A5,517174.06,223.8341462210652,0.0,0.0,0.10109562616675559,1.2485961e+06,0.000999000999000999,0.0036387453605996652,0.1186727593454324,True
1992,other,other,SLC3A2,SLC3A2,32521.078,14.07519882398962,2.697646916195935e-45,2.685440369063827e-44,0.006771367515431221,1.589515e+06,0.000999000999000999,0.0036387453605996652,0.09079932041122492,True
1993,other,other,SLC1A5,SLC3A2,173917.53,75.2719150918733,0.0,0.0,0.03399687454955271,6.5773555e+06,0.000999000999000999,0.0036387453605996652,0.6251444408261768,True
1994,other,other,SLC3A2,SLC7A5,170475.39,73.78214856289212,0.0,0.0,0.03549548750572282,1.4675434e+06,0.000999000999000999,0.0036387453605996652,0.08383182362166787,True
1995,other,other,SLC3A2,SLC7A7,469098.97,203.02713298453244,0.0,0.0,0.09767331532819641,4.7804225e+06,0.000999000999000999,0.0036387453605996652,0.2730764505390191,True
1996,other,other,SLC1A5,SLC38A7,353417.8,152.96005746663678,0.0,0.0,0.06908504823397349,317973.28,0.000999000999000999,0.0036387453605996652,0.03022175540073756,True
1997,other,other,SLC1A5,SLC7A5,-8414.971,-3.642019040367596,0.9998647459701806,1.0,-0.0016449330971762056,2.78119e+06,0.000999000999000999,0.0036387453605996652,0.2643380713390594,True
1998,other,other,SLC7A7,SLC7A7,33497.105,14.497625745634972,6.27066501530439e-48,6.446478053116662e-47,0.006253471011896955,413861.72,0.000999000999000999,0.0036387453605996652,0.08441483845652152,True
1999,other,other,SLC1A5,SLC7A7,93201.78,40.337949338625684,0.0,0.0,0.01821880314294712,282599.0,0.000999000999000999,0.0036387453605996652,0.026859608520937744,True
2000,other,other,SLC38A7,SLC3A2,-18147.828,-7.85442254101057,0.999999999999998,1.0,-0.0029490261162905132,1.0311318e+06,0.000999000999000999,0.0036387453605996652,0.42421339080454007,True
2001,other,other,SLC38A7,SLC38A7,7780.0073,3.367205401972644,0.00037967054119801487,0.001708129224203748,0.001264252924703769,223038.97,0.000999000999000999,0.0036387453605996652,0.09175947834020041,True
2002,other,other,SLC38A7,SLC7A5,126787.086,54.873747912826026,0.0,0.0,0.020602929731463784,995947.2,0.000999000999000999,0.0036387453605996652,0.4097382394276775,True
2003,other,other,SLC7A11,SLC7A11,158156.05,68.45030771813772,0.0,0.0,0.032091907495055215,39728.867,0.000999000999000999,0.0036387453605996652,0.06812566640043695,True
2004,other,other,SLC1A5,SLC43A2,16897.635,7.31333592530863,1.3029522664665622e-13,8.929890922823791e-13,0.003303098688109475,2.2625202e+06,0.000999000999000999,0.0036387453605996652,0.2150411296065952,True
2005,other,other,SLC43A2,SLC7A11,-18425.656,-7.974667204586625,0.9999999999999992,1.0,-0.0032013241369320093,153522.27,0.000999000999000999,0.0036387453605996652,0.028913294575224395,True
2006,other,other,SLC1A5,SLC7A11,102476.984,44.35227898709163,0.0,0.0,0.02003189187986676,339547.97,0.000999000999000999,0.0036387453605996652,0.032272320548567414,True
2007,other,other,SLC43A2,SLC43A2,367500.84,159.05522639450297,0.0,0.0,0.06385060621326602,1.4026592e+06,0.000999000999000999,0.0036387453605996652,0.26416689409063243,True
2008,other,other,SLC43A2,SLC7A5,39614.59,17.145287319147915,3.408056801429741e-66,3.786729779366379e-65,0.006882747671006753,493167.16,0.000999000999000999,0.0036387453605996652,0.09287960417619043,True
2009,other,other,SLC16A1,SLC16A1,223088.64,96.55328645936282,0.0,0.0,0.03788567694267389,700780.5,0.000999000999000999,0.0036387453605996652,0.19217282004734335,True
2010,other,other,SLC16A4,SLC16A4,2.0318261e+06,879.3791083810014,0.0,0.0,0.1801497638860115,460856.03,0.000999000999000999,0.0036387453605996652,0.21902590498550406,True
2011,other,other,SLC22A5,SLC22A5,794081.3,343.680252939097,0.0,0.0,0.1772997544653171,2.8694938e+06,0.000999000999000999,0.0036387453605996652,0.4180293958753757,True
2012,other,other,SLCO2B1,SLCO2B1,912081.44,394.7509835663778,0.0,0.0,0.16199698242658886,4.4293345e+06,0.000999000999000999,0.0036387453605996652,0.3788184802121779,True
2013,other,other,SLC16A1,SLC22A5,28513.875,12.340871920813266,2.72808937104166e-35,2.5324036355660982e-34,0.004842323901420229,1.1655946e+06,0.000999000999000999,0.0036387453605996652,0.31963732740605033,True
2014,other,other,SLC16A1,SLCO2B1,14387.227,6.226825371982413,2.379905697657954e-10,1.4384045425405218e-09,0.002443288085493177,1.2927986e+06,0.000999000999000999,0.0036387453605996652,0.35452007799814333,True
2015,other,other,SLC16A1,SLC1A1,-821.8374,-0.35569315366845433,0.6389648136225092,0.8038108592104687,-0.00013956724213914294,1.6253489e+06,0.000999000999000999,0.0036387453605996652,0.44571428124716217,True
2017,other,other,SLC1A3,SLC7A11,-46875.895,-20.287997004395482,1.0,1.0,-0.010185404225094502,2.3589715e+06,0.000999000999000999,0.0036387453605996652,1.7226713486233867,True
2018,other,other,SLC16A1,SLC1A3,82055.04,35.5136131980533,1.5150955855572216e-276,2.38086449158992e-275,0.013934867740155076,699.97375,0.000999000999000999,0.0036387453605996652,0.00019195158888547548,True
2019,other,other,SLC1A3,SLC1A3,-7689.085,-3.327853990072593,0.9995624113880585,1.0,-0.0016707188040120161,48826.277,0.000999000999000999,0.0036387453605996652,0.03565605987186252,True
2020,other,other,SLC16A1,SLC1A5,-8982.796,-3.88777511556826,0.9999494163545567,1.0,-0.0015254891620512297,706860.7,0.000999000999000999,0.0036387453605996652,0.19384017063471215,True
2021,other,other,SLC16A1,SLC3A2,53030.637,22.951783846470214,7.071279463830453e-117,9.151067541427645e-116,0.00900584433686184,463025.53,0.000999000999000999,0.0036387453605996652,0.12697402695170856,True
2022,other,other,SLC1A3,SLC1A5,141838.84,61.388183967103565,0.0,0.0,0.030819378976344937,2317.3171,0.000999000999000999,0.0036387453605996652,0.0016922526789594392,True
2023,other,other,SLC3A2,SLC7A11,-18558.01,-8.031950116312846,0.9999999999999996,1.0,-0.0038640510008617216,259128.61,0.000999000999000999,0.0036387453605996652,0.01480244076360133,True
2024,other,other,SLC1A1,SLC1A1,-2516.148,-1.088994728886395,0.8619218949220158,0.9178258319595521,-0.00029120077088624555,1.03986725e+06,0.000999000999000999,0.0036387453605996652,8.605573112847333,True
2025,other,other,SLC1A3,SLC3A2,122058.72,52.82729951338844,0.0,0.0,0.02652146486158415,150674.02,0.000999000999000999,0.0036387453605996652,0.11003177007404286,True
2026,other,other,SLC16A1,SLC7A11,-14190.186,-6.1415455586643315,0.9999999995913881,1.0,-0.002409825905430977,110801.414,0.000999000999000999,0.0036387453605996652,0.0303847213294662,True
2027,other,other,SLC3A1,SLC3A2,22370.305,9.681920292419257,1.7994583513883257e-22,1.4448205741074148e-21,0.004004304893176405,29705.664,0.000999000999000999,0.0036387453605996652,0.7883538483831616,True
2028,other,other,SLC3A1,SLC3A1,19144.105,8.285613710110765,5.875079202660426e-17,4.2657340745389234e-16,0.003426812297591814,238.7208,0.000999000999000999,0.0036387453605996652,0.006335372835877954,True
2029,other,other,SLC3A1,SLC7A11,293.80222,0.12715828741189003,0.4494075595690873,0.773508827038457,5.259086391054476e-05,1337.3871,0.002997002997002997,0.0100203747620161,0.03549270108853987,True
2030,other,other,SLC39A8,SLC39A8,479309.1,207.44609901144017,0.0,0.0,0.08380203313266003,187769.58,0.000999000999000999,0.0036387453605996652,0.12873371100383654,True
2031,other,other,CUBN,SLC40A1,3.6459738e+06,1577.985983153719,0.0,0.0,0.39290875701604133,4.4368785e+06,0.000999000999000999,0.0036387453605996652,19.263126297528153,True
2032,other,other,SLC11A1,SLC11A1,4015.8896,1.7380864508765295,0.04109779096848302,0.12572670016540088,0.0006634356738513809,57539.812,0.000999000999000999,0.0036387453605996652,0.5032608013617074,True
2033,other,other,CUBN,CUBN,485855.28,210.27930430209705,0.0,0.0,0.05235824713373668,117018.414,0.000999000999000999,0.0036387453605996652,0.5080464766439698,True
2034,other,other,SLC11A1,SLC11A2,35030.977,15.161488749558728,3.1805471106063458e-52,3.3479443269540484e-51,0.005787210699491366,1460.3652,0.000999000999000999,0.0036387453605996652,0.012772801060697584,True
2035,other,other,SLC11A1,SLC3A2,27075.008,11.718126830151324,5.14612909535333e-32,4.659046917603837e-31,0.0044728634561973565,79120.5,0.000999000999000999,0.0036387453605996652,0.6920120956970266,True
2036,other,other,SLC40A1,SLC40A1,311840.12,134.96513688144452,0.0,0.0,0.032238067663953186,5.892993e+06,0.000999000999000999,0.0036387453605996652,0.6257530050710147,True
2037,other,other,SLC11A2,SLC11A2,83501.42,36.139611068827726,2.7087851273832874e-286,4.349873927184841e-285,0.017055058903017707,3633.6472,0.000999000999000999,0.0036387453605996652,0.0002950217812876668,True
2038,other,other,SLC11A2,SLC3A2,68037.414,29.446752248463316,6.927310656788681e-191,1.0367403704037483e-189,0.013896555033302452,7.3667905e+06,0.000999000999000999,0.0036387453605996652,0.5981218115056641,True
2039,other,other,SLC11A1,SLC39A8,36082.0,15.616374156328604,2.815926621808786e-55,3.007300275718121e-54,0.005960842572758279,10317.944,0.000999000999000999,0.0036387453605996652,0.09024389738686403,True
2040,other,other,SLC22A5,SLC22A8,-180.45564,-0.07810162504924889,0.531126392728674,0.773508827038457,-4.0291517554917425e-05,2853.0725,0.002997002997002997,0.0100203747620161,0.00041563714074859583,True
2041,other,other,SLC16A9,SLC16A9,33234.258,14.383864664039882,3.267078407974828e-47,3.3122453905735584e-46,0.005917835823535966,1.0551389e+06,0.000999000999000999,0.0036387453605996652,0.31785365783648883,True
2042,other,other,SLC22A5,SLCO1B1,274110.62,118.63572086428361,0.0,0.0,0.061202481085757335,826985.5,0.000999000999000999,0.0036387453605996652,0.12047569330398279,True
2043,other,other,SLC16A9,SLC22A5,770475.44,333.46357491993166,0.0,0.0,0.1371941919364036,814389.2,0.000999000999000999,0.0036387453605996652,0.24532939528871128,True
2044,other,other,SLC16A9,SLC22A4,6746.1353,2.9197431471148736,0.00175159995132306,0.007229868466999497,0.0012012460486170305,6117.811,0.000999000999000999,0.0036387453605996652,0.0018429504035446047,True
2045,other,other,SLC22A4,SLC22A5,312317.38,135.17169179985558,0.0,0.0,0.06414938202324438,307567.78,0.000999000999000999,0.0036387453605996652,0.16192184195149906,True
2046,other,other,SLC22A4,SLC22A4,-61964.76,-26.81849408313695,1.0,1.0,-0.012727441665630685,286197.72,0.000999000999000999,0.0036387453605996652,0.15067137914763976,True
2047,other,other,SLC22A4,SLCO1B1,1830.8766,0.7924076773824036,0.2140615021469499,0.4860013464636634,0.0003760584937401065,1839.6886,0.000999000999000999,0.0036387453605996652,0.0009685207120757127,True
2048,other,other,SLC10A1,SLC5A1,15411.835,6.670278287943741,1.2765940899482352e-11,8.212008765748882e-11,0.0030226766985635713,1427.4236,0.000999000999000999,0.0036387453605996652,0.11233934162816996,True
2049,other,other,SLC1A5,SLC29A1,14792.912,6.402407027373322,7.64731328998557e-11,4.820655942111248e-10,0.002891673850188585,2.367481e+06,0.000999000999000999,0.0036387453605996652,0.22501711910076896,True
2050,other,other,SLC5A5,SLC5A5,601616.8,260.3811663083474,0.0,0.0,0.15291445933831962,174546.81,0.000999000999000999,0.0036387453605996652,0.19712784023086133,True
2051,other,other,SLC22A4,SLC5A1,108902.75,47.133365408045975,0.0,0.0,0.02236841326273275,175789.31,0.000999000999000999,0.0036387453605996652,0.09254587447262952,True
2052,other,other,SLC12A2,SLC1A5,-64267.42,-27.815090794928707,1.0,1.0,-0.009209581289526899,1.7420701e+06,0.000999000999000999,0.0036387453605996652,0.40126746572226374,True
2053,other,other,SLC22A5,SLC29A1,249433.05,107.95520722113662,0.0,0.0,0.0556925560019062,1.8613074e+06,0.000999000999000999,0.0036387453605996652,0.27115626145191335,True
2054,other,other,SLC29A1,SLC29A1,456164.53,197.42907812333718,0.0,0.0,0.07913589716840605,1.5602646e+06,0.000999000999000999,0.0036387453605996652,0.28339787345161105,True
2055,other,other,SLC5A1,SLC5A3,192483.86,83.3074654136173,0.0,0.0,0.03958129194295091,971778.44,0.000999000999000999,0.0036387453605996652,0.6891427969699462,True
2056,other,other,SLC1A5,SLC22A4,139146.61,60.22297862048948,0.0,0.0,0.0271999595953182,1.0140193e+06,0.000999000999000999,0.0036387453605996652,0.09637741735257532,True
2057,other,other,SLC10A1,SLC5A5,12481.105,5.401851695709747,3.297823555723593e-08,1.860310723741514e-07,0.0024478815642864954,1003.61035,0.000999000999000999,0.0036387453605996652,0.0789849119845995,True
2058,other,other,SLC6A2,SLC6A2,40198.89,17.398174066552027,4.2587484004624285e-68,4.7802277964374195e-67,0.004151906180844713,59.6498,0.000999000999000999,0.0036387453605996652,0.004349844680740803,True
2059,other,other,SLC1A5,SLC5A3,95815.445,41.469149269864246,0.0,0.0,0.018729714312217108,5.9153585e+06,0.000999000999000999,0.0036387453605996652,0.562224967430888,True
2060,other,other,SLC12A2,SLC29A1,44654.523,19.326582389350506,1.6049453660194484e-83,1.8983224759369818e-82,0.006399034713771772,965340.0,0.000999000999000999,0.0036387453605996652,0.2223558798244876,True
2061,other,other,SLC10A1,SLC1A5,2038.0148,0.8820575686595581,0.18887283820539308,0.4415730542527787,0.0003997096889342514,6811.9917,0.000999000999000999,0.0036387453605996652,0.5361090227546428,True
2062,other,other,SLC12A2,SLC5A3,-66960.39,-28.980613980763763,1.0,1.0,-0.009595486214443893,2.3462638e+06,0.000999000999000999,0.0036387453605996652,0.5404370899699086,True
2063,other,other,SLC29A1,SLC5A3,158458.0,68.58099373824949,0.0,0.0,0.027489458593261216,4.228824e+06,0.000999000999000999,0.0036387453605996652,0.7681003014479904,True
2064,other,other,SLC22A5,SLC5A3,62527.727,27.06214658679138,1.3742054791289352e-161,1.988981614528722e-160,0.01396097653010281,3.190007e+06,0.000999000999000999,0.0036387453605996652,0.4647219388605462,True
2065,other,other,SLC5A1,SLC5A1,800749.2,346.5661248649223,0.0,0.0,0.16466153300558134,306366.9,0.000999000999000999,0.0036387453605996652,0.21726202035858025,True
2066,other,other,SLC22A5,SLC5A1,-29331.043,-12.694544132679766,1.0,1.0,-0.006548934768655748,450878.34,0.000999000999000999,0.0036387453605996652,0.06568420009665554,True
2067,other,other,SLC5A1,SLC5A5,54624.402,23.64156934387875,7.206076887347267e-124,9.608102516463022e-123,0.011232653082692693,78615.2,0.000999000999000999,0.0036387453605996652,0.05575046623312524,True
2068,other,other,SLC10A1,SLC10A1,17700.543,7.660836477195596,9.236297009536362e-15,6.430333361069619e-14,0.003471554095873169,50.639122,0.000999000999000999,0.0036387453605996652,0.003985338123160124,True
2069,other,other,SLC22A4,SLC29A1,34840.258,15.078945227619055,1.1139993032565205e-51,1.1615158612153295e-50,0.007156121263514037,530209.8,0.000999000999000999,0.0036387453605996652,0.2791337542308292,True
2070,other,other,SLC5A3,SLC5A3,592982.5,256.644215624276,0.0,0.0,0.12126710279220086,8.226748e+06,0.000999000999000999,0.0036387453605996652,0.5430239220926311,True
2071,other,other,SLC1A5,SLC5A1,115399.56,49.945201082995055,0.0,0.0,0.022557958482898873,715719.75,0.000999000999000999,0.0036387453605996652,0.06802554961519125,True
2072,other,other,SLC12A2,SLC12A2,614402.44,265.91481477080816,0.0,0.0,0.08804444036428402,973998.0,0.000999000999000999,0.0036387453605996652,0.22435015873919165,True
2073,other,other,SLC1A5,SLC5A5,-27934.752,-12.090226108980412,1.0,1.0,-0.0054606010728045174,425156.56,0.000999000999000999,0.0036387453605996652,0.040408985271913916,True
2074,other,other,SLC29A1,SLC5A1,-55468.887,-24.007064160384857,1.0,1.0,-0.00962280014053803,331668.06,0.000999000999000999,0.0036387453605996652,0.06024236023701173,True
2075,other,other,SLC12A2,SLC5A5,3651.5596,1.5804035392750542,0.05700724078245737,0.16555509081911776,0.0005232718804521498,187053.5,0.000999000999000999,0.0036387453605996652,0.04308579937301862,True
2076,other,other,SLC22A4,SLC5A3,33458.492,14.480913827021714,7.997816558026325e-48,8.183812291933914e-47,0.00687230928877292,1.2854576e+06,0.000999000999000999,0.0036387453605996652,0.6767408001731304,True
2077,other,other,SLC1A5,SLC22A5,103854.695,44.948555509437014,0.0,0.0,0.020301202659355727,3.170716e+06,0.000999000999000999,0.0036387453605996652,0.30136055149195023,True
2078,other,other,SLC10A1,SLC5A3,13596.99,5.884809237291341,1.9925668406148473e-09,1.1783997444496408e-08,0.002666736677119314,9422.1045,0.000999000999000999,0.0036387453605996652,0.7415269211467314,True
2079,other,other,SLC5A3,SLC5A5,34929.527,15.117581289942652,6.200730872478455e-52,6.496003771167905e-51,0.007143216845147238,594435.94,0.000999000999000999,0.0036387453605996652,0.039237002788229336,True
2080,other,other,SLC22A2,SLC22A2,158632.78,68.65663947284044,0.0,0.0,0.024263288898166112,356.2581,0.000999000999000999,0.0036387453605996652,0.02285675481879362,True
2081,other,other,SLC22A1,SLC22A1,25053.691,10.843296352674312,1.072983044914142e-27,9.257108622788677e-27,0.0038776078313188145,4518.1665,0.000999000999000999,0.0036387453605996652,0.016203602176159466,True
2082,other,other,SLC16A4,SLCO2B1,146203.84,63.27736619625867,0.0,0.0,0.012963012733577198,637017.06,0.000999000999000999,0.0036387453605996652,0.30274799317876977,True
2083,other,other,SLC3A2,SLC43A2,64048.742,27.720445713714,1.9796488619945283e-169,2.8842566201244786e-168,0.013335891589623205,3.393824e+06,0.000999000999000999,0.0036387453605996652,0.1938685151101468,True
2084,other,other,CPT1A,CPT1A,363036.75,157.1231561581267,0.0,0.0,0.06187687227059279,4.5897355e+06,0.000999000999000999,0.0036387453605996652,0.42196167743310037,True
2085,other,other,CD36,CD36,654262.44,283.16631618068726,0.0,0.0,0.06853149285735342,26033.45,0.000999000999000999,0.0036387453605996652,0.07890864686400524,True
2086,other,other,MSR1,MSR1,959736.6,415.37626039388164,0.0,0.0,0.1675891764016663,3.2593018e+06,0.000999000999000999,0.0036387453605996652,0.3555625680452562,True
2087,other,other,CD36,MSR1,182052.39,78.79270129300177,0.0,0.0,0.019069292981963838,123301.33,0.000999000999000999,0.0036387453605996652,0.37373230404947577,True
2088,other,other,SLC6A1,SLC6A1,168882.47,73.09272824246086,0.0,0.0,0.01965717435069267,3940.3904,0.000999000999000999,0.0036387453605996652,0.026348053882146432,True
2089,other,other,SLC6A12,SLC6A12,152100.97,65.82965571587064,0.0,0.0,0.03387794786785109,71487.77,0.000999000999000999,0.0036387453605996652,0.08751716969638346,True
2090,other,other,SLC22A1,SLC22A5,2752.2239,1.191168943641741,0.11679363438985091,0.3023743086897035,0.0004259669637406715,88345.03,0.000999000999000999,0.0036387453605996652,0.3168337730311055,True
2091,other,other,SLCO1C1,SLCO1C1,64513.754,27.921703875320272,7.273524116238779e-172,1.0667835370483544e-170,0.0074736107089897735,183.56516,0.000999000999000999,0.0036387453605996652,0.00839467857837111,True
2092,other,other,ABCA1,ABCA1,1.03093094e+06,446.18932568412555,0.0,0.0,0.15989714456388385,6.87528e+06,0.000999000999000999,0.0036387453605996652,0.4705684129193066,True
2093,other,other,ABCB1,ABCG2,545659.25,236.16260212465076,0.0,0.0,0.053306718533951025,21260.91,0.000999000999000999,0.0036387453605996652,0.07159577185051133,True
2094,other,other,ABCB1,ABCB1,745511.25,322.6590160676302,0.0,0.0,0.07283072424346146,22572.584,0.000999000999000999,0.0036387453605996652,0.07601281229941788,True
2095,other,other,ABCG2,CD36,174625.97,75.57852850206048,0.0,0.0,0.01596381953576142,9218.23,0.000999000999000999,0.0036387453605996652,0.020535263734825563,True
2096,other,other,ABCG2,ABCG2,925252.06,400.45126093106643,0.0,0.0,0.08458396569863579,38606.547,0.000999000999000999,0.0036387453605996652,0.08600301594287807,True
2097,other,other,ABCB1,CD36,108156.055,46.81019392695355,0.0,0.0,0.0105660159980229,5231.7144,0.000999000999000999,0.0036387453605996652,0.017617713664580575,True
2098,other,other,SLC6A3,SLC6A3,93253.85,40.36048549189981,0.0,0.0,0.011894016290920552,425.06204,0.000999000999000999,0.0036387453605996652,0.01225614881445104,True
2099,other,other,ATP7A,ATP7B,20976.484,9.07867159482237,5.495400877927845e-20,4.2125024151363265e-19,0.0037141080292247023,88765.37,0.000999000999000999,0.0036387453605996652,0.038686122378214,True
2100,other,other,ATP7A,SLC20A2,29411.057,12.72917423737523,2.035610555348165e-37,1.9220357174961213e-36,0.005207538101433063,433772.5,0.000999000999000999,0.0036387453605996652,0.18904868588959028,True
2101,other,other,ATP7A,ATP7A,85594.04,37.045300691519486,1.0688345439268356e-300,1.7418044419548431e-299,0.015155328321588876,294118.44,0.000999000999000999,0.0036387453605996652,0.12818402297350476,True
2102,other,other,SLC20A2,SLC20A2,98221.44,42.51046832693435,0.0,0.0,0.017300957988338105,728288.7,0.000999000999000999,0.0036387453605996652,0.19272070670723637,True
2103,other,other,ATP7B,ATP7B,143881.98,62.27246001759952,0.0,0.0,0.024308554035943043,42443.066,0.000999000999000999,0.0036387453605996652,0.05764827714275806,True
2104,other,other,ATP7B,SLC20A2,19908.893,8.616615363287888,3.4481155566771996e-18,2.55415967161274e-17,0.0033635648905828274,140563.64,0.000999000999000999,0.0036387453605996652,0.19092050591688145,True
2105,other,other,SLC19A1,SLC19A1,113209.13,48.99717798108468,0.0,0.0,0.023408767596462203,187131.98,0.000999000999000999,0.0036387453605996652,0.11652293857718493,True
2106,other,other,CHRNA5,CHRNA5,165589.56,71.66755070070285,0.0,0.0,0.0346289116961549,15685.198,0.000999000999000999,0.0036387453605996652,0.053551846806125646,True
2107,other,other,FOLR1,FOLR1,1.8502574e+06,800.7957278838868,0.0,0.0,0.4160778818726816,2.6842474e+07,0.000999000999000999,0.0036387453605996652,0.7890196528715924,True
2108,other,other,ABCC4,ABCC4,938187.2,406.0496133438728,0.0,0.0,0.2017147554514839,3.0360482e+06,0.000999000999000999,0.0036387453605996652,0.4288488699990365,True
2109,other,other,ABCG2,FOLR2,187138.0,80.99376494836822,0.0,0.0,0.017107634572726287,26694.807,0.000999000999000999,0.0036387453605996652,0.05946747551753731,True
2110,other,other,ABCC3,ABCC3,315382.8,136.4984203335522,0.0,0.0,0.04321446460318399,124720.97,0.000999000999000999,0.0036387453605996652,0.08815145947535294,True
2111,other,other,ABCC4,SLC19A1,182278.23,78.89044699725508,0.0,0.0,0.039190696655171914,679454.75,0.000999000999000999,0.0036387453605996652,0.09597456224649192,True
2112,other,other,FOLR1,SLC19A1,90550.11,39.190299537067744,0.0,0.0,0.020362517248223178,2.0151084e+06,0.000999000999000999,0.0036387453605996652,0.05923299434102604,True
2113,other,other,ABCC3,FOLR2,167664.16,72.5654397374076,0.0,0.0,0.022973721009252317,70650.64,0.000999000999000999,0.0036387453605996652,0.049935124353036354,True
2114,other,other,FOLR2,FOLR2,618331.94,267.6155115793912,0.0,0.0,0.08717125053965333,115278.38,0.000999000999000999,0.0036387453605996652,0.1194603154110188,True
2115,other,other,ABCC4,FOLR1,280644.6,121.46363785130647,0.0,0.0,0.06033993679652793,7.7879745e+06,0.000999000999000999,0.0036387453605996652,1.1000694945827396,True
2116,other,other,TRPV6,TRPV6,132138.58,57.18988627252531,0.0,0.0,0.02716159578635535,6860.0312,0.000999000999000999,0.0036387453605996652,0.03337280043382891,True
2117,other,other,LRP1,LRP1,4.6435665e+06,2009.7464631615007,0.0,0.0,0.4226129062329783,9.334887e+06,0.000999000999000999,0.0036387453605996652,0.5652865377169419,True
2118,other,other,SLC22A1,SLC22A4,-8657.989,-3.747198040337947,0.9999105895485819,1.0,-0.001340013589422309,26135.479,0.000999000999000999,0.0036387453605996652,0.09373025455892704,True
2119,other,other,SLC29A3,SLC29A3,157149.58,68.01470568452949,0.0,0.0,0.02981709825635129,727503.6,0.000999000999000999,0.0036387453605996652,0.195891895199288,True
2120,other,other,LRP2,LRP2,721561.7,312.29358929305073,0.0,0.0,0.09586897018864236,1201.185,0.000999000999000999,0.0036387453605996652,0.057059195124260075,True
2121,other,other,SLC15A1,SLC15A1,221560.67,95.89197800364592,0.0,0.0,0.05413185293560014,6790.305,0.000999000999000999,0.0036387453605996652,0.0511895224010891,True
2122,other,other,SLC22A1,SLC29A1,23073.664,9.986335878206116,8.746434972150602e-24,7.179909305496763e-23,0.003571155204843378,71360.93,0.000999000999000999,0.0036387453605996652,0.25592330751366454,True
2123,other,other,CD38,CD38,1.4981062e+06,648.3838957356676,0.0,0.0,0.20207401533202077,1.4616608e+06,0.000999000999000999,0.0036387453605996652,0.30896480709677293,True
2124,other,other,SLC12A6,SLC12A6,55083.74,23.84037101405912,6.372589933796389e-126,8.601041628436843e-125,0.00833311572760014,74092.164,0.000999000999000999,0.0036387453605996652,0.060000326241808274,True
2125,other,other,SLC12A2,SLC12A6,61304.797,26.532859752167965,2.0251183660789027e-155,2.8559361572907603e-154,0.008785034373346677,228492.3,0.001998001998001998,0.006955070246209487,0.05263078884616678,True
2126,other,other,SCARB1,SCARB1,920960.06,398.5936732729831,0.0,0.0,0.12477177393387355,793079.9,0.000999000999000999,0.0036387453605996652,0.21320144016364578,True
2127,other,other,NPC1L1,NPC1L1,35588.723,15.402882565983282,7.826650808521487e-54,8.318179603259551e-53,0.0072985596352056065,740.4634,0.000999000999000999,0.0036387453605996652,0.012185512583974293,True
2128,other,other,ABCC4,SLCO1B3,61606.797,26.66356605988958,6.229797451131634e-157,8.899710644473762e-156,0.013245757489935736,60982.902,0.000999000999000999,0.0036387453605996652,0.0086139766584338,True
2129,other,other,ABCC1,SLCO1B3,-35992.832,-15.577782050493012,1.0,1.0,-0.006587516552939413,79210.44,0.000999000999000999,0.0036387453605996652,0.005613955084003082,True
2130,other,other,ABCC3,SLCO2B1,284055.38,122.93983196929855,0.0,0.0,0.038921908429241536,621652.0,0.000999000999000999,0.0036387453605996652,0.4393770481018021,True
2131,other,other,ABCC1,ABCC4,44075.64,19.07604055151813,1.9969677334852214e-81,2.3493738041002604e-80,0.008066856532614802,3.8918832e+06,0.000999000999000999,0.0036387453605996652,0.27583306502610766,True
2132,other,other,ABCC4,SLC22A1,5320.603,2.302769458796482,0.010645908883413225,0.038269607097237084,0.001143955228566868,88405.21,0.000999000999000999,0.0036387453605996652,0.012487441466904664,True
2133,other,other,ABCC4,SLC16A1,95324.836,41.25681238264617,0.0,0.0,0.02049529798080475,1.214221e+06,0.000999000999000999,0.0036387453605996652,0.17151153766383656,True
2134,other,other,ABCC1,SLC16A1,41398.19,17.917234255177302,4.326211951117107e-72,4.931433312154215e-71,0.007576821710324165,2.037869e+06,0.000999000999000999,0.0036387453605996652,0.14443178694830813,True
2135,other,other,SLCO1B1,SLCO1B3,43868.973,18.986594170327272,1.1007608638035134e-80,1.2813089419935077e-79,0.006910731863353004,584.966,0.000999000999000999,0.0036387453605996652,0.0343082623818754,True
2136,other,other,ABCG2,SLCO1C1,88097.336,38.12873344536816,0.0,0.0,0.008053613002433803,1053.8732,0.000999000999000999,0.0036387453605996652,0.00234769173332276,True
2137,other,other,ABCC1,ABCC1,194449.61,84.15824662025226,0.0,0.0,0.03558875332061302,7.028623e+06,0.000999000999000999,0.0036387453605996652,0.49814614171763655,True
2138,other,other,SLC22A1,SLCO1B3,3066.078,1.3270056920332332,0.09225339988763692,0.2478113305895009,0.0004745427493885318,2084.8118,0.000999000999000999,0.0036387453605996652,0.007476807343156896,True
2139,other,other,ABCC2,SLC10A1,9208.454,3.9854405146992615,3.367752507869277e-05,0.00016391715746266392,0.0015209323465939456,304.41235,0.001998001998001998,0.006955070246209487,0.0009276248842984957,True
2140,other,other,ABCC1,SLC22A1,12747.526,5.517159284897298,1.7226157492200617e-08,9.843518566971781e-08,0.002333090679832312,156215.72,0.000999000999000999,0.0036387453605996652,0.01107162207603964,True
2141,other,other,ABCC1,ABCC2,22494.906,9.73584814066667,1.0602068370740886e-22,8.543791361036612e-22,0.004117085511638438,196255.58,0.000999000999000999,0.0036387453605996652,0.013909404307719014,True
2142,other,other,SLC16A1,SLCO1B1,1020.5929,0.4417149968832321,0.3293477280368745,0.6635210638105531,0.00017332058064844428,3055.6736,0.013986013986013986,0.03784653231147696,0.0008379477022811707,True
2143,other,other,ABCG2,SLCO2B1,121550.875,52.60750354828248,0.0,0.0,0.011111842338248412,154690.08,0.000999000999000999,0.0036387453605996652,0.34459992752691454,True
2144,other,other,ABCB1,SLCO1C1,74492.36,32.24046770654877,2.3926499801283753e-228,3.6809999694282695e-227,0.007277331474052814,822.2873,0.000999000999000999,0.0036387453605996652,0.002769039187661485,True
2145,other,other,SLC10A1,SLCO1B1,12878.55,5.573866535694049,1.2457331881803706e-08,7.17437961779271e-08,0.0025258311229379637,30.68082,0.005994005994005994,0.018289616070475988,0.002414604333521916,True
2146,other,other,SLC22A1,SLCO2B1,24427.621,10.572331654260433,2.0020675073151544e-26,1.7071893473229997e-25,0.0037807097292650547,107017.3,0.000999000999000999,0.0036387453605996652,0.38379853930377306,True
2147,other,other,ABCC3,SLC22A1,27098.01,11.728082129367728,4.5754292303084376e-32,4.1594811184622155e-31,0.003713030442435209,17178.182,0.004995004995004995,0.015676192566349483,0.01214135680576011,True
2148,other,other,ABCC1,SLC10A1,4339.8203,1.8782844013977862,0.030171134644888364,0.09704166113852983,0.0007942869880468138,8454.152,0.000999000999000999,0.0036387453605996652,0.0005991790101037112,True
2149,other,other,SLCO1B3,SLCO1B3,234481.58,101.48417650813138,0.0,0.0,0.05597767436705291,8717.199,0.000999000999000999,0.0036387453605996652,0.06933286796475925,True
2150,other,other,SLC16A1,SLCO1B3,41562.562,17.988374449747585,1.201520592247408e-72,1.3767423452834882e-71,0.007058296699344516,31547.244,0.000999000999000999,0.0036387453605996652,0.008651100981300043,True
2151,other,other,ABCC4,SLCO1B1,11338.828,4.907471384465992,4.6129055388680227e-07,2.4873510258602083e-06,0.0024379025559233434,6280.1323,0.000999000999000999,0.0036387453605996652,0.0008870832835695657,True
2152,other,other,SLC16A1,SLC22A1,21408.48,9.265640516558205,9.695497124747441e-21,7.617890598015848e-20,0.0036356614689135123,48195.37,0.000999000999000999,0.0036387453605996652,0.013216464180030911,True
2153,other,other,ABCB1,SLCO2B1,124620.04,53.935844946962085,0.0,0.0,0.012174420842301619,113098.664,0.000999000999000999,0.0036387453605996652,0.38085792608629276,True
2154,other,other,SLC10A1,SLC22A1,8349.548,3.6137038768962264,0.00015092689763054602,0.0007034728279389857,0.0016375716323479416,260.5835,0.001998001998001998,0.006955070246209487,0.020508122969796126,True
2155,other,other,ABCC2,ABCC2,37025.992,16.024936187276197,4.278934523293553e-58,4.6834109210178184e-57,0.006115470475456684,7397.5815,0.000999000999000999,0.0036387453605996652,0.022542385825129956,True
2156,other,other,ATP7B,TAP1,-106221.94,-45.97310347569847,1.0,1.0,-0.01794596953008082,1.02968e+06,0.000999000999000999,0.0036387453605996652,1.398562428081636,True
2157,other,other,TAP1,TAP1,1.7947148e+06,776.756749622575,0.0,0.0,0.41047986839735406,4.0629256e+07,0.000999000999000999,0.0036387453605996652,0.8511491932988297,True
2158,other,other,ATP7A,TAP1,-76512.875,-33.11495160402419,1.0,1.0,-0.013547412344999588,3.2075032e+06,0.000999000999000999,0.0036387453605996652,1.3979085220918568,True
2159,other,other,ABCC1,SLC22A2,2160.9097,0.9352467682785824,0.17483057070556335,0.4144690253795683,0.0003954961975426578,8878.328,0.013986013986013986,0.03784653231147696,0.0006292420151673988,True
2160,other,other,AQP4,AQP4,453857.7,196.43067074236637,0.0,0.0,0.03732797690005856,106557.56,0.000999000999000999,0.0036387453605996652,8.782177285525611,True
2161,other,other,AQP9,AQP9,49582.84,21.459569279233904,1.858655978227309e-102,2.3365960869143316e-101,0.008421881995502306,60.27355,0.000999000999000999,0.0036387453605996652,0.00015392239195302504,True
2162,other,other,AQP7,AQP7,267928.3,115.96000152634926,0.0,0.0,0.03697192871327191,26910.902,0.000999000999000999,0.0036387453605996652,0.08457036978076811,True
2163,other,other,AQP8,AQP8,98026.75,42.42620712069411,0.0,0.0,0.015943717341091342,7883.8315,0.000999000999000999,0.0036387453605996652,0.19559580458103493,True
2164,other,other,AQP5,AQP8,17292.354,7.48417112531191,3.6000045070117866e-14,2.4827617289736463e-13,0.0035642401176439733,11520.759,0.000999000999000999,0.0036387453605996652,0.014663517309384633,True
2167,other,other,AQP8,AQP9,16263.679,7.038958259196167,9.68411871170476e-13,6.515309225000144e-12,0.002645232003443063,1919.1304,0.000999000999000999,0.0036387453605996652,0.04761312402276808,True
2168,other,other,AQP8,ATP7B,16243.941,7.030415907474048,1.0295940020949471e-12,6.884823114312717e-12,0.0026420217979939127,34153.23,0.000999000999000999,0.0036387453605996652,0.8473327412144518,True
2169,other,other,AQP7,ATP7A,22101.94,9.565771190081504,5.568402435747477e-22,4.4547219485979815e-21,0.003049887943014568,2472.383,0.000999000999000999,0.0036387453605996652,0.007769726435366601,True
2170,other,other,AQP5,ATP7B,102428.86,44.33145037431314,0.0,0.0,0.021112282342539933,43891.656,0.000999000999000999,0.0036387453605996652,0.055864902038436706,True
2171,other,other,ABCC2,SLC22A5,-42126.816,-18.232584862672866,1.0,1.0,-0.006957958092055683,97682.41,0.000999000999000999,0.0036387453605996652,0.29766410511656155,True
2172,other,other,ABCC4,SLC22A5,12096.02,5.235185599530473,8.240957909954019e-08,4.555303367311267e-07,0.002600702348306656,34457.49,0.000999000999000999,0.0036387453605996652,0.004867200286563004,True
2173,other,other,ABCC1,SLC22A5,499891.03,216.35400979416204,0.0,0.0,0.09149156254684869,2.6891378e+06,0.000999000999000999,0.0036387453605996652,0.19058976341592745,True
2174,other,other,ABCC2,SLC22A4,36264.926,15.695544863130852,8.112179893549654e-56,8.791525007787803e-55,0.005989767452733769,3.8429398e+06,0.000999000999000999,0.0036387453605996652,11.710452942498156,True
2175,other,other,ABCC4,SLC22A4,106653.54,46.15990164338474,0.0,0.0,0.02293102361305427,745754.94,0.000999000999000999,0.0036387453605996652,0.10533961778870843,True
2176,other,other,ABCC1,SLC22A4,6094.9434,2.6379057691267223,0.004170987924511861,0.016212320554639743,0.0011155148956950964,1.1804995e+06,0.000999000999000999,0.0036387453605996652,0.08366664014055088,True
2177,other,other,SLC24A1,SLC24A1,124029.99,53.6804712767173,0.0,0.0,0.02271236250917523,652197.75,0.000999000999000999,0.0036387453605996652,0.1900390186390921,True
2178,other,other,SLC24A4,SLC24A4,126270.33,54.650093920580424,0.0,0.0,0.013799141759603764,738.8539,0.000999000999000999,0.0036387453605996652,0.01391197743119252,True
2179,other,other,CLCN4,CLCN4,118762.8,51.40081680206345,0.0,0.0,0.014218906697390817,5987.8633,0.000999000999000999,0.0036387453605996652,0.022917111381298892,True
2180,other,other,CLCN3,CLCN3,148927.39,64.456123666252,0.0,0.0,0.02358375162198907,658137.25,0.000999000999000999,0.0036387453605996652,0.17534899684881333,True
2181,other,other,CLCN3,CLCN5,119775.49,51.83911370651332,0.0,0.0,0.018967333317913577,252245.81,0.000999000999000999,0.0036387453605996652,0.06720642264389208,True
2182,other,other,CLCN3,CLCN4,82108.78,35.536872942745376,6.62666614452711e-277,1.0488248574071684e-275,0.01300253160186082,43776.293,0.000999000999000999,0.0036387453605996652,0.01166341679920119,True
2183,other,other,CLCN4,CLCN5,121337.99,52.51536736815246,0.0,0.0,0.0145272226249328,21883.531,0.000999000999000999,0.0036387453605996652,0.08375397024223513,True
2184,other,other,CLCN5,CLCN5,368810.78,159.62217041427476,0.0,0.0,0.049513759053914544,144909.05,0.000999000999000999,0.0036387453605996652,0.09679429889602498,True
2185,other,other,SLC9A1,SLC9A1,-14318.757,-6.197191513870847,0.9999999997126022,1.0,-0.002292885977837043,238604.02,0.000999000999000999,0.0036387453605996652,0.04818846925922081,True
2186,other,other,SLC9A3,SLC9A3,159417.44,68.99624053664238,0.0,0.0,0.030827739509549045,1.0913286e+06,0.000999000999000999,0.0036387453605996652,1.1102109339497268,True
2187,other,other,SLC9A1,SLC9A3,39618.23,17.146862990179535,3.3169126311404995e-66,3.704166390106142e-65,0.006344132116310609,66078.23,0.000999000999000999,0.0036387453605996652,0.013345159263435423,True
2188,other,other,SLC6A5,SLC6A9,3438.3118,1.4881093905162561,0.06836102369901347,0.19380702595081137,0.0005077896894681021,1279.4822,0.000999000999000999,0.0036387453605996652,0.18731484338976864,True
2189,other,other,SLC6A9,SLC6A9,438865.97,189.94221973503733,0.0,0.0,0.09751675778867035,879931.2,0.000999000999000999,0.0036387453605996652,0.255573248767645,True
2190,other,other,SLC6A17,SLC6A17,348916.72,151.0119735435529,0.0,0.0,0.037255585918075824,3293.9211,0.000999000999000999,0.0036387453605996652,0.03741135887063654,True
2191,other,other,SLC26A2,SLC26A2,380123.38,164.51828749976184,0.0,0.0,0.06653580258485858,243843.14,0.000999000999000999,0.0036387453605996652,0.1354214002394132,True
2192,other,other,ORAI3,ORAI3,150220.0,65.01556803291622,0.0,0.0,0.025654375215578406,1.01552156e+06,0.000999000999000999,0.0036387453605996652,0.21861583469345827,True
2193,other,other,ORAI2,ORAI2,301511.1,130.49470795088607,0.0,0.0,0.04925960100101246,1.3228262e+06,0.000999000999000999,0.0036387453605996652,0.25068357217127046,True
2194,other,other,ORAI2,ORAI3,96298.95,41.67841258419017,0.0,0.0,0.015732913667468335,1.089694e+06,0.000999000999000999,0.0036387453605996652,0.20650360128066736,True
2195,other,other,SCNN1A,SCNN1G,114167.53,49.41197507079259,0.0,0.0,0.02366797866414048,95097.41,0.000999000999000999,0.0036387453605996652,0.004168792204378745,True
2196,other,other,SCNN1A,SCNN1A,1.6949754e+06,733.5893143884315,0.0,0.0,0.3513839755709311,1.6638884e+07,0.000999000999000999,0.0036387453605996652,0.7294000188229344,True
2197,other,other,SCNN1G,SCNN1G,273468.75,118.35791586008226,0.0,0.0,0.05741073799734841,4644.6846,0.000999000999000999,0.0036387453605996652,0.05267100901069953,True
2198,other,other,SLC5A2,SLC5A2,16148.678,6.9891855670409875,1.3824326242899918e-12,9.216217495266611e-12,0.003212457463275157,280.63046,0.000999000999000999,0.0036387453605996652,0.006409491146988525,True
2199,other,other,SLC23A2,SLC23A2,323423.0,139.97823232532193,0.0,0.0,0.046796994980339124,610445.94,0.000999000999000999,0.0036387453605996652,0.17063351553764064,True
