gene,ligand,receptor,pair,cell_type,mean,std,n
ATP1A1,TGFB1,TGFBR2,TGFB1$TGFBR2,Endothelial,0.0,0.0,243
ATP1A1,TGFB1,ACVR1B,TGFB1$ACVR1B,Endothelial,0.0,0.0,243
ATP1A1,BMP2,BMPR1A,BMP2$BMPR1A,Endothelial,0.0,0.0,243
ATP1A1,BMP2,ACVR2A,BMP2$ACVR2A,Endothelial,0.0,0.0,243
ATP1A1,BMP2,BMPR2,BMP2$BMPR2,Endothelial,0.0,0.0,243
ATP1A1,BMP4,BMPR1A,BMP4$BMPR1A,Endothelial,0.0,0.0,243
ATP1A1,BMP4,ACVR2A,BMP4$ACVR2A,Endothelial,0.0,0.0,243
ATP1A1,BMP4,BMPR2,BMP4$BMPR2,Endothelial,0.0,0.0,243
ATP1A1,BMP6,ACVR2A,BMP6$ACVR2A,Endothelial,0.0,0.0,243
ATP1A1,BMP6,BMPR2,BMP6$BMPR2,Endothelial,0.0,0.0,243
ATP1A1,BMP6,BMPR1A,BMP6$BMPR1A,Endothelial,0.0,0.0,243
ATP1A1,BMP7,BMPR2,BMP7$BMPR2,Endothelial,0.0,0.0,243
ATP1A1,BMP8A,BMPR2,BMP8A$BMPR2,Endothelial,0.0,0.0,243
ATP1A1,BMP8A,BMPR1A,BMP8A$BMPR1A,Endothelial,0.0,0.0,243
ATP1A1,BMP8B,BMPR2,BMP8B$BMPR2,Endothelial,0.0,0.0,243
ATP1A1,BMP8B,BMPR1A,BMP8B$BMPR1A,Endothelial,0.0,0.0,243
ATP1A1,GDF2,ACVRL1,GDF2$ACVRL1,Endothelial,0.0,0.0,243
ATP1A1,GDF11,ACVR1B,GDF11$ACVR1B,Endothelial,0.0,0.0,243
ATP1A1,MSTN,ACVR1B,MSTN$ACVR1B,Endothelial,0.0,0.0,243
ATP1A1,MSTN,ACVR2A,MSTN$ACVR2A,Endothelial,0.0,0.0,243
ATP1A1,INHBA,ACVR1B,INHBA$ACVR1B,Endothelial,0.0,0.0,243
ATP1A1,TGFA,EGFR,TGFA$EGFR,Endothelial,0.0,0.0,243
ATP1A1,TGFA,ERBB2,TGFA$ERBB2,Endothelial,0.0,0.0,243
ATP1A1,HBEGF,EGFR,HBEGF$EGFR,Endothelial,0.0,0.0,243
ATP1A1,HBEGF,ERBB2,HBEGF$ERBB2,Endothelial,0.0,0.0,243
ATP1A1,EREG,ERBB2,EREG$ERBB2,Endothelial,0.0,0.0,243
ATP1A1,FGF2,FGFR3,FGF2$FGFR3,Endothelial,0.0,0.0,243
ATP1A1,FGF2,FGFR4,FGF2$FGFR4,Endothelial,0.0,0.0,243
ATP1A1,FGF7,FGFR2,FGF7$FGFR2,Endothelial,0.0,0.0,243
ATP1A1,FGF9,FGFR3,FGF9$FGFR3,Endothelial,0.0,0.0,243
ATP1A1,FGF9,FGFR4,FGF9$FGFR4,Endothelial,0.0,0.0,243
ATP1A1,PDGFA,PDGFRA,PDGFA$PDGFRA,Endothelial,0.0,0.0,243
ATP1A1,PDGFA,PDGFRB,PDGFA$PDGFRB,Endothelial,0.0,0.0,243
ATP1A1,PDGFC,PDGFRA,PDGFC$PDGFRA,Endothelial,0.0,0.0,243
ATP1A1,VEGFA,KDR,VEGFA$KDR,Endothelial,0.0,0.0,243
ATP1A1,IGF1,ITGA6,IGF1$ITGA6,Endothelial,0.0,0.0,243
ATP1A1,IGF1,ITGB4,IGF1$ITGB4,Endothelial,0.0,0.0,243
ATP1A1,IHH,PTCH1,IHH$PTCH1,Endothelial,0.0,0.0,243
ATP1A1,SHH,PTCH1,SHH$PTCH1,Endothelial,0.0,0.0,243
ATP1A1,CCL15,CCR1,CCL15$CCR1,Endothelial,0.0,0.0,243
ATP1A1,CXCL12,CXCR4,CXCL12$CXCR4,Endothelial,0.0,0.0,243
ATP1A1,CXCL12,ACKR3,CXCL12$ACKR3,Endothelial,0.0,0.0,243
ATP1A1,IL2,IL2RG,IL2$IL2RG,Endothelial,0.0,0.0,243
ATP1A1,IL7,IL2RG,IL7$IL2RG,Endothelial,0.0,0.0,243
ATP1A1,IL15,IL2RG,IL15$IL2RG,Endothelial,0.0,0.0,243
ATP1A1,IL21,IL2RG,IL21$IL2RG,Endothelial,0.0,0.0,243
ATP1A1,LIF,IL6ST,LIF$IL6ST,Endothelial,0.0,0.0,243
ATP1A1,IL16,CD4,IL16$CD4,Endothelial,0.0,0.0,243
ATP1A1,TNFSF14,LTBR,TNFSF14$LTBR,Endothelial,0.0,0.0,243
ATP1A1,TNFSF14,TNFRSF14,TNFSF14$TNFRSF14,Endothelial,0.0,0.0,243
ATP1A1,TNFSF10,TNFRSF10A,TNFSF10$TNFRSF10A,Endothelial,0.0,0.0,243
ATP1A1,TNFSF13,TNFRSF17,TNFSF13$TNFRSF17,Endothelial,0.0,0.0,243
ATP1A1,TNFSF13,TNFRSF13B,TNFSF13$TNFRSF13B,Endothelial,0.0,0.0,243
ATP1A1,ANGPTL2,TLR4,ANGPTL2$TLR4,Endothelial,0.0,0.0,243
ATP1A1,POSTN,ITGAV,POSTN$ITGAV,Endothelial,0.0,0.0,243
ATP1A1,POSTN,ITGB3,POSTN$ITGB3,Endothelial,0.0,0.0,243
ATP1A1,POSTN,ITGB5,POSTN$ITGB5,Endothelial,0.0,0.0,243
ATP1A1,CTSG,F2RL1,CTSG$F2RL1,Endothelial,0.0,0.0,243
ATP1A1,PLG,F2RL1,PLG$F2RL1,Endothelial,0.0,0.0,243
ATP1A1,GZMA,F2RL1,GZMA$F2RL1,Endothelial,0.0,0.0,243
ATP1A1,VIP,VIPR1,VIP$VIPR1,Endothelial,0.0,0.0,243
ATP1A1,KITLG,KIT,KITLG$KIT,Endothelial,0.0,0.0,243
ATP1A1,SEMA3A,NRP1,SEMA3A$NRP1,Endothelial,0.0,0.0,243
ATP1A1,SEMA3C,NRP1,SEMA3C$NRP1,Endothelial,0.0,0.0,243
ATP1A1,GAS6,AXL,GAS6$AXL,Endothelial,0.0,0.0,243
ATP1A1,GAS6,MERTK,GAS6$MERTK,Endothelial,0.0,0.0,243
ATP1A1,GAS6,TYRO3,GAS6$TYRO3,Endothelial,0.0,0.0,243
ATP1A1,GRN,SORT1,GRN$SORT1,Endothelial,0.0,0.0,243
ATP1A1,GUCA2A,GUCY2C,GUCA2A$GUCY2C,Endothelial,0.0,0.0,243
ATP1A1,PROS1,AXL,PROS1$AXL,Endothelial,0.0,0.0,243
ATP1A1,BTLA,TNFRSF14,BTLA$TNFRSF14,Endothelial,0.0,0.0,243
ATP1A1,LGALS9,HAVCR2,LGALS9$HAVCR2,Endothelial,0.0,0.0,243
ATP1A1,LGALS9,CD44,LGALS9$CD44,Endothelial,0.0,0.0,243
ATP1A1,LAMA3,ITGA3,LAMA3$ITGA3,Endothelial,0.0,0.0,243
ATP1A1,LAMB3,ITGA3,LAMB3$ITGA3,Endothelial,0.0,0.0,243
ATP1A1,LAMC1,ITGA3,LAMC1$ITGA3,Endothelial,0.0,0.0,243
ATP1A1,THBS1,ITGA3,THBS1$ITGA3,Endothelial,0.0,0.0,243
ATP1A1,COL4A1,ITGA3,COL4A1$ITGA3,Endothelial,0.0,0.0,243
ATP1A1,COL6A2,ITGA3,COL6A2$ITGA3,Endothelial,0.0,0.0,243
ATP1A1,LAMA3,ITGA6,LAMA3$ITGA6,Endothelial,0.0,0.0,243
ATP1A1,LAMA3,ITGB4,LAMA3$ITGB4,Endothelial,0.0,0.0,243
ATP1A1,LAMB3,ITGB4,LAMB3$ITGB4,Endothelial,0.0,0.0,243
ATP1A1,COL6A2,SDC4,COL6A2$SDC4,Endothelial,0.0,0.0,243
ATP1A1,THBS1,SDC4,THBS1$SDC4,Endothelial,0.0,0.0,243
ATP1A1,THBS1,CD47,THBS1$CD47,Endothelial,0.0,0.0,243
ATP1A1,HSPG2,DAG1,HSPG2$DAG1,Endothelial,0.0,0.0,243
ATP1A1,LAMB3,DAG1,LAMB3$DAG1,Endothelial,0.0,0.0,243
ATP1A1,CD99,CD99,CD99$CD99,Endothelial,0.0,0.0,243
ATP1A1,CDH1,CDH1,CDH1$CDH1,Endothelial,0.0,0.0,243
ATP1A1,CDH1,ITGA2,CDH1$ITGA2,Endothelial,0.0,0.0,243
ATP1A1,F11R,ITGB2,F11R$ITGB2,Endothelial,0.0,0.0,243
ATP1A1,F11R,F11R,F11R$F11R,Endothelial,0.0,0.0,243
ATP1A1,HLA-DRA,CD4,HLA-DRA$CD4,Endothelial,0.0,0.0,243
ATP1A1,HLA-DRB1,CD4,HLA-DRB1$CD4,Endothelial,0.0,0.0,243
ATP1A1,MPZL1,MPZL1,MPZL1$MPZL1,Endothelial,0.0,0.0,243
ATP1A1,NECTIN3,PVR,NECTIN3$PVR,Endothelial,0.0,0.0,243
ATP1A1,JAG1,NOTCH2,JAG1$NOTCH2,Endothelial,0.0,0.0,243
ATP1A1,OCLN,OCLN,OCLN$OCLN,Endothelial,0.0,0.0,243
ATP1A1,SEMA4D,PLXNB2,SEMA4D$PLXNB2,Endothelial,0.0,0.0,243
ATP1A1,TGFB1,TGFBR2,TGFB1$TGFBR2,Enteric_glia,0.0,0.0,283
ATP1A1,TGFB1,ACVR1B,TGFB1$ACVR1B,Enteric_glia,0.0,0.0,283
ATP1A1,BMP2,BMPR1A,BMP2$BMPR1A,Enteric_glia,0.0,0.0,283
ATP1A1,BMP2,ACVR2A,BMP2$ACVR2A,Enteric_glia,0.0,0.0,283
ATP1A1,BMP2,BMPR2,BMP2$BMPR2,Enteric_glia,0.0,0.0,283
ATP1A1,BMP4,BMPR1A,BMP4$BMPR1A,Enteric_glia,0.0,0.0,283
ATP1A1,BMP4,ACVR2A,BMP4$ACVR2A,Enteric_glia,0.0,0.0,283
ATP1A1,BMP4,BMPR2,BMP4$BMPR2,Enteric_glia,0.0,0.0,283
ATP1A1,BMP6,ACVR2A,BMP6$ACVR2A,Enteric_glia,0.0,0.0,283
ATP1A1,BMP6,BMPR2,BMP6$BMPR2,Enteric_glia,0.0,0.0,283
ATP1A1,BMP6,BMPR1A,BMP6$BMPR1A,Enteric_glia,0.0,0.0,283
ATP1A1,BMP7,BMPR2,BMP7$BMPR2,Enteric_glia,0.0,0.0,283
ATP1A1,BMP8A,BMPR2,BMP8A$BMPR2,Enteric_glia,0.0,0.0,283
ATP1A1,BMP8A,BMPR1A,BMP8A$BMPR1A,Enteric_glia,0.0,0.0,283
ATP1A1,BMP8B,BMPR2,BMP8B$BMPR2,Enteric_glia,0.0,0.0,283
ATP1A1,BMP8B,BMPR1A,BMP8B$BMPR1A,Enteric_glia,0.0,0.0,283
ATP1A1,GDF2,ACVRL1,GDF2$ACVRL1,Enteric_glia,0.0,0.0,283
ATP1A1,GDF11,ACVR1B,GDF11$ACVR1B,Enteric_glia,0.0,0.0,283
ATP1A1,MSTN,ACVR1B,MSTN$ACVR1B,Enteric_glia,0.0,0.0,283
ATP1A1,MSTN,ACVR2A,MSTN$ACVR2A,Enteric_glia,0.0,0.0,283
ATP1A1,INHBA,ACVR1B,INHBA$ACVR1B,Enteric_glia,0.0,0.0,283
ATP1A1,TGFA,EGFR,TGFA$EGFR,Enteric_glia,0.0,0.0,283
ATP1A1,TGFA,ERBB2,TGFA$ERBB2,Enteric_glia,0.0,0.0,283
ATP1A1,HBEGF,EGFR,HBEGF$EGFR,Enteric_glia,0.0,0.0,283
ATP1A1,HBEGF,ERBB2,HBEGF$ERBB2,Enteric_glia,0.0,0.0,283
ATP1A1,EREG,ERBB2,EREG$ERBB2,Enteric_glia,0.0,0.0,283
ATP1A1,FGF2,FGFR3,FGF2$FGFR3,Enteric_glia,0.0,0.0,283
ATP1A1,FGF2,FGFR4,FGF2$FGFR4,Enteric_glia,0.0,0.0,283
ATP1A1,FGF7,FGFR2,FGF7$FGFR2,Enteric_glia,0.0,0.0,283
ATP1A1,FGF9,FGFR3,FGF9$FGFR3,Enteric_glia,0.0,0.0,283
ATP1A1,FGF9,FGFR4,FGF9$FGFR4,Enteric_glia,0.0,0.0,283
ATP1A1,PDGFA,PDGFRA,PDGFA$PDGFRA,Enteric_glia,0.0,0.0,283
ATP1A1,PDGFA,PDGFRB,PDGFA$PDGFRB,Enteric_glia,0.0,0.0,283
ATP1A1,PDGFC,PDGFRA,PDGFC$PDGFRA,Enteric_glia,0.0,0.0,283
ATP1A1,VEGFA,KDR,VEGFA$KDR,Enteric_glia,0.0,0.0,283
ATP1A1,IGF1,ITGA6,IGF1$ITGA6,Enteric_glia,0.0,0.0,283
ATP1A1,IGF1,ITGB4,IGF1$ITGB4,Enteric_glia,0.0,0.0,283
ATP1A1,IHH,PTCH1,IHH$PTCH1,Enteric_glia,0.0,0.0,283
ATP1A1,SHH,PTCH1,SHH$PTCH1,Enteric_glia,0.0,0.0,283
ATP1A1,CCL15,CCR1,CCL15$CCR1,Enteric_glia,0.0,0.0,283
ATP1A1,CXCL12,CXCR4,CXCL12$CXCR4,Enteric_glia,0.0,0.0,283
ATP1A1,CXCL12,ACKR3,CXCL12$ACKR3,Enteric_glia,0.0,0.0,283
ATP1A1,IL2,IL2RG,IL2$IL2RG,Enteric_glia,0.0,0.0,283
ATP1A1,IL7,IL2RG,IL7$IL2RG,Enteric_glia,0.0,0.0,283
ATP1A1,IL15,IL2RG,IL15$IL2RG,Enteric_glia,0.0,0.0,283
ATP1A1,IL21,IL2RG,IL21$IL2RG,Enteric_glia,0.0,0.0,283
ATP1A1,LIF,IL6ST,LIF$IL6ST,Enteric_glia,0.0,0.0,283
ATP1A1,IL16,CD4,IL16$CD4,Enteric_glia,0.0,0.0,283
ATP1A1,TNFSF14,LTBR,TNFSF14$LTBR,Enteric_glia,0.0,0.0,283
ATP1A1,TNFSF14,TNFRSF14,TNFSF14$TNFRSF14,Enteric_glia,0.0,0.0,283
ATP1A1,TNFSF10,TNFRSF10A,TNFSF10$TNFRSF10A,Enteric_glia,0.0,0.0,283
ATP1A1,TNFSF13,TNFRSF17,TNFSF13$TNFRSF17,Enteric_glia,0.0,0.0,283
ATP1A1,TNFSF13,TNFRSF13B,TNFSF13$TNFRSF13B,Enteric_glia,0.0,0.0,283
ATP1A1,ANGPTL2,TLR4,ANGPTL2$TLR4,Enteric_glia,0.0,0.0,283
ATP1A1,POSTN,ITGAV,POSTN$ITGAV,Enteric_glia,0.0,0.0,283
ATP1A1,POSTN,ITGB3,POSTN$ITGB3,Enteric_glia,0.0,0.0,283
ATP1A1,POSTN,ITGB5,POSTN$ITGB5,Enteric_glia,0.0,0.0,283
ATP1A1,CTSG,F2RL1,CTSG$F2RL1,Enteric_glia,0.0,0.0,283
ATP1A1,PLG,F2RL1,PLG$F2RL1,Enteric_glia,0.0,0.0,283
ATP1A1,GZMA,F2RL1,GZMA$F2RL1,Enteric_glia,0.0,0.0,283
ATP1A1,VIP,VIPR1,VIP$VIPR1,Enteric_glia,0.0,0.0,283
ATP1A1,KITLG,KIT,KITLG$KIT,Enteric_glia,0.0,0.0,283
ATP1A1,SEMA3A,NRP1,SEMA3A$NRP1,Enteric_glia,0.0,0.0,283
ATP1A1,SEMA3C,NRP1,SEMA3C$NRP1,Enteric_glia,0.0,0.0,283
ATP1A1,GAS6,AXL,GAS6$AXL,Enteric_glia,0.0,0.0,283
ATP1A1,GAS6,MERTK,GAS6$MERTK,Enteric_glia,0.0,0.0,283
ATP1A1,GAS6,TYRO3,GAS6$TYRO3,Enteric_glia,0.0,0.0,283
ATP1A1,GRN,SORT1,GRN$SORT1,Enteric_glia,0.0,0.0,283
ATP1A1,GUCA2A,GUCY2C,GUCA2A$GUCY2C,Enteric_glia,0.0,0.0,283
ATP1A1,PROS1,AXL,PROS1$AXL,Enteric_glia,0.0,0.0,283
ATP1A1,BTLA,TNFRSF14,BTLA$TNFRSF14,Enteric_glia,0.0,0.0,283
ATP1A1,LGALS9,HAVCR2,LGALS9$HAVCR2,Enteric_glia,0.0,0.0,283
ATP1A1,LGALS9,CD44,LGALS9$CD44,Enteric_glia,0.0,0.0,283
ATP1A1,LAMA3,ITGA3,LAMA3$ITGA3,Enteric_glia,0.0,0.0,283
ATP1A1,LAMB3,ITGA3,LAMB3$ITGA3,Enteric_glia,0.0,0.0,283
ATP1A1,LAMC1,ITGA3,LAMC1$ITGA3,Enteric_glia,0.0,0.0,283
ATP1A1,THBS1,ITGA3,THBS1$ITGA3,Enteric_glia,0.0,0.0,283
ATP1A1,COL4A1,ITGA3,COL4A1$ITGA3,Enteric_glia,0.0,0.0,283
ATP1A1,COL6A2,ITGA3,COL6A2$ITGA3,Enteric_glia,0.0,0.0,283
ATP1A1,LAMA3,ITGA6,LAMA3$ITGA6,Enteric_glia,0.0,0.0,283
ATP1A1,LAMA3,ITGB4,LAMA3$ITGB4,Enteric_glia,0.0,0.0,283
ATP1A1,LAMB3,ITGB4,LAMB3$ITGB4,Enteric_glia,0.0,0.0,283
ATP1A1,COL6A2,SDC4,COL6A2$SDC4,Enteric_glia,0.0,0.0,283
ATP1A1,THBS1,SDC4,THBS1$SDC4,Enteric_glia,0.0,0.0,283
ATP1A1,THBS1,CD47,THBS1$CD47,Enteric_glia,0.0,0.0,283
ATP1A1,HSPG2,DAG1,HSPG2$DAG1,Enteric_glia,0.0,0.0,283
ATP1A1,LAMB3,DAG1,LAMB3$DAG1,Enteric_glia,0.0,0.0,283
ATP1A1,CD99,CD99,CD99$CD99,Enteric_glia,0.0,0.0,283
ATP1A1,CDH1,CDH1,CDH1$CDH1,Enteric_glia,0.0,0.0,283
ATP1A1,CDH1,ITGA2,CDH1$ITGA2,Enteric_glia,0.0,0.0,283
ATP1A1,F11R,ITGB2,F11R$ITGB2,Enteric_glia,0.0,0.0,283
ATP1A1,F11R,F11R,F11R$F11R,Enteric_glia,0.0,0.0,283
ATP1A1,HLA-DRA,CD4,HLA-DRA$CD4,Enteric_glia,0.0,0.0,283
ATP1A1,HLA-DRB1,CD4,HLA-DRB1$CD4,Enteric_glia,0.0,0.0,283
ATP1A1,MPZL1,MPZL1,MPZL1$MPZL1,Enteric_glia,0.0,0.0,283
ATP1A1,NECTIN3,PVR,NECTIN3$PVR,Enteric_glia,0.0,0.0,283
ATP1A1,JAG1,NOTCH2,JAG1$NOTCH2,Enteric_glia,0.0,0.0,283
ATP1A1,OCLN,OCLN,OCLN$OCLN,Enteric_glia,0.0,0.0,283
ATP1A1,SEMA4D,PLXNB2,SEMA4D$PLXNB2,Enteric_glia,0.0,0.0,283
ATP1A1,TGFB1,TGFBR2,TGFB1$TGFBR2,Fibroblast,0.0,0.0,1369
ATP1A1,TGFB1,ACVR1B,TGFB1$ACVR1B,Fibroblast,0.0,0.0,1369
ATP1A1,BMP2,BMPR1A,BMP2$BMPR1A,Fibroblast,0.0,0.0,1369
ATP1A1,BMP2,ACVR2A,BMP2$ACVR2A,Fibroblast,0.0,0.0,1369
ATP1A1,BMP2,BMPR2,BMP2$BMPR2,Fibroblast,-8.438984e-08,2.3710447e-09,1369
ATP1A1,BMP4,BMPR1A,BMP4$BMPR1A,Fibroblast,0.0,0.0,1369
ATP1A1,BMP4,ACVR2A,BMP4$ACVR2A,Fibroblast,0.0,0.0,1369
ATP1A1,BMP4,BMPR2,BMP4$BMPR2,Fibroblast,-4.504179e-09,2.3723312e-10,1369
ATP1A1,BMP6,ACVR2A,BMP6$ACVR2A,Fibroblast,0.0,0.0,1369
ATP1A1,BMP6,BMPR2,BMP6$BMPR2,Fibroblast,0.0,0.0,1369
ATP1A1,BMP6,BMPR1A,BMP6$BMPR1A,Fibroblast,0.0,0.0,1369
ATP1A1,BMP7,BMPR2,BMP7$BMPR2,Fibroblast,0.0,0.0,1369
ATP1A1,BMP8A,BMPR2,BMP8A$BMPR2,Fibroblast,0.0,0.0,1369
ATP1A1,BMP8A,BMPR1A,BMP8A$BMPR1A,Fibroblast,0.0,0.0,1369
ATP1A1,BMP8B,BMPR2,BMP8B$BMPR2,Fibroblast,0.0,0.0,1369
ATP1A1,BMP8B,BMPR1A,BMP8B$BMPR1A,Fibroblast,0.0,0.0,1369
ATP1A1,GDF2,ACVRL1,GDF2$ACVRL1,Fibroblast,0.0,0.0,1369
ATP1A1,GDF11,ACVR1B,GDF11$ACVR1B,Fibroblast,0.0,0.0,1369
ATP1A1,MSTN,ACVR1B,MSTN$ACVR1B,Fibroblast,0.0,0.0,1369
ATP1A1,MSTN,ACVR2A,MSTN$ACVR2A,Fibroblast,0.0,0.0,1369
ATP1A1,INHBA,ACVR1B,INHBA$ACVR1B,Fibroblast,0.0,0.0,1369
ATP1A1,TGFA,EGFR,TGFA$EGFR,Fibroblast,0.0,0.0,1369
ATP1A1,TGFA,ERBB2,TGFA$ERBB2,Fibroblast,0.0,0.0,1369
ATP1A1,HBEGF,EGFR,HBEGF$EGFR,Fibroblast,0.0,0.0,1369
ATP1A1,HBEGF,ERBB2,HBEGF$ERBB2,Fibroblast,0.0,0.0,1369
ATP1A1,EREG,ERBB2,EREG$ERBB2,Fibroblast,0.0,0.0,1369
ATP1A1,FGF2,FGFR3,FGF2$FGFR3,Fibroblast,0.0,0.0,1369
ATP1A1,FGF2,FGFR4,FGF2$FGFR4,Fibroblast,0.0,0.0,1369
ATP1A1,FGF7,FGFR2,FGF7$FGFR2,Fibroblast,0.0,0.0,1369
ATP1A1,FGF9,FGFR3,FGF9$FGFR3,Fibroblast,0.0,0.0,1369
ATP1A1,FGF9,FGFR4,FGF9$FGFR4,Fibroblast,0.0,0.0,1369
ATP1A1,PDGFA,PDGFRA,PDGFA$PDGFRA,Fibroblast,-1.4207244e-07,9.177926e-09,1369
ATP1A1,PDGFA,PDGFRB,PDGFA$PDGFRB,Fibroblast,0.0,0.0,1369
ATP1A1,PDGFC,PDGFRA,PDGFC$PDGFRA,Fibroblast,1.989156e-08,2.4556037e-09,1369
ATP1A1,VEGFA,KDR,VEGFA$KDR,Fibroblast,0.0,0.0,1369
ATP1A1,IGF1,ITGA6,IGF1$ITGA6,Fibroblast,0.0,0.0,1369
ATP1A1,IGF1,ITGB4,IGF1$ITGB4,Fibroblast,0.0,0.0,1369
ATP1A1,IHH,PTCH1,IHH$PTCH1,Fibroblast,-5.4189208e-08,7.432355e-10,1369
ATP1A1,SHH,PTCH1,SHH$PTCH1,Fibroblast,0.0,0.0,1369
ATP1A1,CCL15,CCR1,CCL15$CCR1,Fibroblast,0.0,0.0,1369
ATP1A1,CXCL12,CXCR4,CXCL12$CXCR4,Fibroblast,4.0450145e-09,4.6737775e-10,1369
ATP1A1,CXCL12,ACKR3,CXCL12$ACKR3,Fibroblast,0.0,0.0,1369
ATP1A1,IL2,IL2RG,IL2$IL2RG,Fibroblast,0.0,0.0,1369
ATP1A1,IL7,IL2RG,IL7$IL2RG,Fibroblast,0.0,0.0,1369
ATP1A1,IL15,IL2RG,IL15$IL2RG,Fibroblast,0.0,0.0,1369
ATP1A1,IL21,IL2RG,IL21$IL2RG,Fibroblast,0.0,0.0,1369
ATP1A1,LIF,IL6ST,LIF$IL6ST,Fibroblast,-2.9381453e-10,3.6245154e-12,1369
ATP1A1,IL16,CD4,IL16$CD4,Fibroblast,0.0,0.0,1369
ATP1A1,TNFSF14,LTBR,TNFSF14$LTBR,Fibroblast,0.0,0.0,1369
ATP1A1,TNFSF14,TNFRSF14,TNFSF14$TNFRSF14,Fibroblast,0.0,0.0,1369
ATP1A1,TNFSF10,TNFRSF10A,TNFSF10$TNFRSF10A,Fibroblast,0.0,0.0,1369
ATP1A1,TNFSF13,TNFRSF17,TNFSF13$TNFRSF17,Fibroblast,0.0,0.0,1369
ATP1A1,TNFSF13,TNFRSF13B,TNFSF13$TNFRSF13B,Fibroblast,0.0,0.0,1369
ATP1A1,ANGPTL2,TLR4,ANGPTL2$TLR4,Fibroblast,0.0,0.0,1369
ATP1A1,POSTN,ITGAV,POSTN$ITGAV,Fibroblast,-1.5763396e-10,1.7236343e-11,1369
ATP1A1,POSTN,ITGB3,POSTN$ITGB3,Fibroblast,-6.0410706e-08,3.6762897e-09,1369
ATP1A1,POSTN,ITGB5,POSTN$ITGB5,Fibroblast,-1.2760786e-08,3.2149974e-10,1369
ATP1A1,CTSG,F2RL1,CTSG$F2RL1,Fibroblast,0.0,0.0,1369
ATP1A1,PLG,F2RL1,PLG$F2RL1,Fibroblast,0.0,0.0,1369
ATP1A1,GZMA,F2RL1,GZMA$F2RL1,Fibroblast,0.0,0.0,1369
ATP1A1,VIP,VIPR1,VIP$VIPR1,Fibroblast,0.0,0.0,1369
ATP1A1,KITLG,KIT,KITLG$KIT,Fibroblast,0.0,0.0,1369
ATP1A1,SEMA3A,NRP1,SEMA3A$NRP1,Fibroblast,0.0,0.0,1369
ATP1A1,SEMA3C,NRP1,SEMA3C$NRP1,Fibroblast,0.0,0.0,1369
ATP1A1,GAS6,AXL,GAS6$AXL,Fibroblast,-3.93843e-08,8.2428353e-10,1369
ATP1A1,GAS6,MERTK,GAS6$MERTK,Fibroblast,0.0,0.0,1369
ATP1A1,GAS6,TYRO3,GAS6$TYRO3,Fibroblast,0.0,0.0,1369
ATP1A1,GRN,SORT1,GRN$SORT1,Fibroblast,0.0,0.0,1369
ATP1A1,GUCA2A,GUCY2C,GUCA2A$GUCY2C,Fibroblast,8.2424595e-10,3.1174587e-11,1369
ATP1A1,PROS1,AXL,PROS1$AXL,Fibroblast,0.0,0.0,1369
ATP1A1,BTLA,TNFRSF14,BTLA$TNFRSF14,Fibroblast,0.0,0.0,1369
ATP1A1,LGALS9,HAVCR2,LGALS9$HAVCR2,Fibroblast,0.0,0.0,1369
ATP1A1,LGALS9,CD44,LGALS9$CD44,Fibroblast,-6.041877e-08,2.2303779e-09,1369
ATP1A1,LAMA3,ITGA3,LAMA3$ITGA3,Fibroblast,0.0,0.0,1369
ATP1A1,LAMB3,ITGA3,LAMB3$ITGA3,Fibroblast,0.0,0.0,1369
ATP1A1,LAMC1,ITGA3,LAMC1$ITGA3,Fibroblast,0.0,0.0,1369
ATP1A1,THBS1,ITGA3,THBS1$ITGA3,Fibroblast,0.0,0.0,1369
ATP1A1,COL4A1,ITGA3,COL4A1$ITGA3,Fibroblast,0.0,0.0,1369
ATP1A1,COL6A2,ITGA3,COL6A2$ITGA3,Fibroblast,0.0,0.0,1369
ATP1A1,LAMA3,ITGA6,LAMA3$ITGA6,Fibroblast,0.0,0.0,1369
ATP1A1,LAMA3,ITGB4,LAMA3$ITGB4,Fibroblast,0.0,0.0,1369
ATP1A1,LAMB3,ITGB4,LAMB3$ITGB4,Fibroblast,0.0,0.0,1369
ATP1A1,COL6A2,SDC4,COL6A2$SDC4,Fibroblast,0.0,0.0,1369
ATP1A1,THBS1,SDC4,THBS1$SDC4,Fibroblast,0.0,0.0,1369
ATP1A1,THBS1,CD47,THBS1$CD47,Fibroblast,0.0,0.0,1369
ATP1A1,HSPG2,DAG1,HSPG2$DAG1,Fibroblast,0.0,0.0,1369
ATP1A1,LAMB3,DAG1,LAMB3$DAG1,Fibroblast,0.0,0.0,1369
ATP1A1,CD99,CD99,CD99$CD99,Fibroblast,0.0,0.0,1369
ATP1A1,CDH1,CDH1,CDH1$CDH1,Fibroblast,0.0,0.0,1369
ATP1A1,CDH1,ITGA2,CDH1$ITGA2,Fibroblast,0.0,0.0,1369
ATP1A1,F11R,ITGB2,F11R$ITGB2,Fibroblast,0.0,0.0,1369
ATP1A1,F11R,F11R,F11R$F11R,Fibroblast,0.0,0.0,1369
ATP1A1,HLA-DRA,CD4,HLA-DRA$CD4,Fibroblast,0.0,0.0,1369
ATP1A1,HLA-DRB1,CD4,HLA-DRB1$CD4,Fibroblast,0.0,0.0,1369
ATP1A1,MPZL1,MPZL1,MPZL1$MPZL1,Fibroblast,0.0,0.0,1369
ATP1A1,NECTIN3,PVR,NECTIN3$PVR,Fibroblast,0.0,0.0,1369
ATP1A1,JAG1,NOTCH2,JAG1$NOTCH2,Fibroblast,0.0,0.0,1369
ATP1A1,OCLN,OCLN,OCLN$OCLN,Fibroblast,0.0,0.0,1369
ATP1A1,SEMA4D,PLXNB2,SEMA4D$PLXNB2,Fibroblast,0.0,0.0,1369
ATP1A1,TGFB1,TGFBR2,TGFB1$TGFBR2,IEC,-1.286593e-09,1.3045998e-10,5043
ATP1A1,TGFB1,ACVR1B,TGFB1$ACVR1B,IEC,1.50180995e-05,4.8879747e-06,5043
ATP1A1,BMP2,BMPR1A,BMP2$BMPR1A,IEC,-7.027594e-05,4.9973114e-05,5043
ATP1A1,BMP2,ACVR2A,BMP2$ACVR2A,IEC,-3.821571e-05,2.169784e-05,5043
ATP1A1,BMP2,BMPR2,BMP2$BMPR2,IEC,-0.00020455114,2.8546176e-05,5043
ATP1A1,BMP4,BMPR1A,BMP4$BMPR1A,IEC,-2.5647296e-07,9.771038e-08,5043
ATP1A1,BMP4,ACVR2A,BMP4$ACVR2A,IEC,0.00011144348,3.3801924e-05,5043
ATP1A1,BMP4,BMPR2,BMP4$BMPR2,IEC,1.043965e-07,2.5893511e-08,5043
ATP1A1,BMP6,ACVR2A,BMP6$ACVR2A,IEC,2.036281e-05,8.518119e-06,5043
ATP1A1,BMP6,BMPR2,BMP6$BMPR2,IEC,-5.9386842e-08,9.549381e-09,5043
ATP1A1,BMP6,BMPR1A,BMP6$BMPR1A,IEC,-2.366576e-07,7.299549e-08,5043
ATP1A1,BMP7,BMPR2,BMP7$BMPR2,IEC,8.021423e-08,2.347759e-08,5043
ATP1A1,BMP8A,BMPR2,BMP8A$BMPR2,IEC,-3.7560728e-06,9.855901e-08,5043
ATP1A1,BMP8A,BMPR1A,BMP8A$BMPR1A,IEC,-1.4858476e-07,4.005979e-08,5043
ATP1A1,BMP8B,BMPR2,BMP8B$BMPR2,IEC,1.3032465e-07,6.134679e-08,5043
ATP1A1,BMP8B,BMPR1A,BMP8B$BMPR1A,IEC,4.2404167e-08,3.3179492e-09,5043
ATP1A1,GDF2,ACVRL1,GDF2$ACVRL1,IEC,-1.2153992e-09,1.158421e-10,5043
ATP1A1,GDF11,ACVR1B,GDF11$ACVR1B,IEC,5.4160264e-06,1.5231993e-06,5043
ATP1A1,MSTN,ACVR1B,MSTN$ACVR1B,IEC,2.6158896e-05,3.0308863e-06,5043
ATP1A1,MSTN,ACVR2A,MSTN$ACVR2A,IEC,1.5697987e-08,4.968889e-09,5043
ATP1A1,INHBA,ACVR1B,INHBA$ACVR1B,IEC,9.3417896e-07,3.5975071e-07,5043
ATP1A1,TGFA,EGFR,TGFA$EGFR,IEC,-2.3619461e-05,3.0193248e-06,5043
ATP1A1,TGFA,ERBB2,TGFA$ERBB2,IEC,-6.770872e-05,2.3081267e-05,5043
ATP1A1,HBEGF,EGFR,HBEGF$EGFR,IEC,-1.1622527e-05,3.895238e-06,5043
ATP1A1,HBEGF,ERBB2,HBEGF$ERBB2,IEC,-4.5932753e-05,1.8864928e-05,5043
ATP1A1,EREG,ERBB2,EREG$ERBB2,IEC,-1.3970235e-07,4.594436e-08,5043
ATP1A1,FGF2,FGFR3,FGF2$FGFR3,IEC,-4.4611602e-07,1.3591223e-07,5043
ATP1A1,FGF2,FGFR4,FGF2$FGFR4,IEC,-2.2273653e-06,3.8479794e-07,5043
ATP1A1,FGF7,FGFR2,FGF7$FGFR2,IEC,-6.447905e-06,2.4858755e-06,5043
ATP1A1,FGF9,FGFR3,FGF9$FGFR3,IEC,-1.2881384e-06,4.2990553e-07,5043
ATP1A1,FGF9,FGFR4,FGF9$FGFR4,IEC,-6.567438e-06,1.8087668e-06,5043
ATP1A1,PDGFA,PDGFRA,PDGFA$PDGFRA,IEC,0.00014568905,2.15676e-05,5043
ATP1A1,PDGFA,PDGFRB,PDGFA$PDGFRB,IEC,0.0,0.0,5043
ATP1A1,PDGFC,PDGFRA,PDGFC$PDGFRA,IEC,1.3937661e-07,6.428603e-08,5043
ATP1A1,VEGFA,KDR,VEGFA$KDR,IEC,-1.245021e-07,6.153322e-08,5043
ATP1A1,IGF1,ITGA6,IGF1$ITGA6,IEC,-3.6430702e-08,1.2009236e-08,5043
ATP1A1,IGF1,ITGB4,IGF1$ITGB4,IEC,1.992664e-05,8.077901e-06,5043
ATP1A1,IHH,PTCH1,IHH$PTCH1,IEC,-0.000110134955,1.7742928e-05,5043
ATP1A1,SHH,PTCH1,SHH$PTCH1,IEC,-6.556787e-08,1.2683109e-08,5043
ATP1A1,CCL15,CCR1,CCL15$CCR1,IEC,0.0,0.0,5043
ATP1A1,CXCL12,CXCR4,CXCL12$CXCR4,IEC,0.0,0.0,5043
ATP1A1,CXCL12,ACKR3,CXCL12$ACKR3,IEC,-1.9019632e-07,3.2142054e-08,5043
ATP1A1,IL2,IL2RG,IL2$IL2RG,IEC,2.4638717e-07,5.362232e-08,5043
ATP1A1,IL7,IL2RG,IL7$IL2RG,IEC,0.00010948041,2.7239857e-05,5043
ATP1A1,IL15,IL2RG,IL15$IL2RG,IEC,0.00012153697,2.9061337e-05,5043
ATP1A1,IL21,IL2RG,IL21$IL2RG,IEC,2.0139458e-05,3.6448678e-06,5043
ATP1A1,LIF,IL6ST,LIF$IL6ST,IEC,-2.6780514e-05,5.9125045e-06,5043
ATP1A1,IL16,CD4,IL16$CD4,IEC,0.0,0.0,5043
ATP1A1,TNFSF14,LTBR,TNFSF14$LTBR,IEC,-2.2082484e-05,3.2120665e-06,5043
ATP1A1,TNFSF14,TNFRSF14,TNFSF14$TNFRSF14,IEC,-1.4636575e-07,2.4133874e-08,5043
ATP1A1,TNFSF10,TNFRSF10A,TNFSF10$TNFRSF10A,IEC,-0.00011986051,2.1247577e-05,5043
ATP1A1,TNFSF13,TNFRSF17,TNFSF13$TNFRSF17,IEC,-2.5776825e-07,1.1810672e-07,5043
ATP1A1,TNFSF13,TNFRSF13B,TNFSF13$TNFRSF13B,IEC,-3.3431366e-08,1.5560902e-08,5043
ATP1A1,ANGPTL2,TLR4,ANGPTL2$TLR4,IEC,0.0,0.0,5043
ATP1A1,POSTN,ITGAV,POSTN$ITGAV,IEC,7.4422856e-06,3.3307617e-06,5043
ATP1A1,POSTN,ITGB3,POSTN$ITGB3,IEC,2.8825432e-06,2.2275566e-07,5043
ATP1A1,POSTN,ITGB5,POSTN$ITGB5,IEC,0.0002616259,0.00011847258,5043
ATP1A1,CTSG,F2RL1,CTSG$F2RL1,IEC,6.0930183e-06,1.9882834e-06,5043
ATP1A1,PLG,F2RL1,PLG$F2RL1,IEC,1.371747e-05,5.72397e-06,5043
ATP1A1,GZMA,F2RL1,GZMA$F2RL1,IEC,0.0001271431,1.8148217e-05,5043
ATP1A1,VIP,VIPR1,VIP$VIPR1,IEC,-2.21308e-07,1.0067291e-07,5043
ATP1A1,KITLG,KIT,KITLG$KIT,IEC,2.595644e-08,7.521444e-09,5043
ATP1A1,SEMA3A,NRP1,SEMA3A$NRP1,IEC,0.0,0.0,5043
ATP1A1,SEMA3C,NRP1,SEMA3C$NRP1,IEC,0.0,0.0,5043
ATP1A1,GAS6,AXL,GAS6$AXL,IEC,-1.3236084e-06,7.662762e-07,5043
ATP1A1,GAS6,MERTK,GAS6$MERTK,IEC,-1.0647477e-05,2.4636327e-06,5043
ATP1A1,GAS6,TYRO3,GAS6$TYRO3,IEC,-0.00011469826,4.367921e-05,5043
ATP1A1,GRN,SORT1,GRN$SORT1,IEC,0.00025266517,1.6409173e-05,5043
ATP1A1,GUCA2A,GUCY2C,GUCA2A$GUCY2C,IEC,-2.3745235e-05,8.171287e-06,5043
ATP1A1,PROS1,AXL,PROS1$AXL,IEC,0.0,0.0,5043
ATP1A1,BTLA,TNFRSF14,BTLA$TNFRSF14,IEC,1.1493867e-08,1.2086322e-09,5043
ATP1A1,LGALS9,HAVCR2,LGALS9$HAVCR2,IEC,5.13716e-07,1.886901e-07,5043
ATP1A1,LGALS9,CD44,LGALS9$CD44,IEC,-0.0002211681,9.804678e-05,5043
ATP1A1,LAMA3,ITGA3,LAMA3$ITGA3,IEC,-8.44605e-07,2.6774376e-07,5043
ATP1A1,LAMB3,ITGA3,LAMB3$ITGA3,IEC,0.00011622217,2.4465326e-05,5043
ATP1A1,LAMC1,ITGA3,LAMC1$ITGA3,IEC,2.1955763e-08,4.31487e-09,5043
ATP1A1,THBS1,ITGA3,THBS1$ITGA3,IEC,8.25665e-06,6.584194e-06,5043
ATP1A1,COL4A1,ITGA3,COL4A1$ITGA3,IEC,7.7577935e-09,1.9083617e-09,5043
ATP1A1,COL6A2,ITGA3,COL6A2$ITGA3,IEC,4.2028063e-05,1.5415642e-05,5043
ATP1A1,LAMA3,ITGA6,LAMA3$ITGA6,IEC,-6.975477e-07,1.5465714e-07,5043
ATP1A1,LAMA3,ITGB4,LAMA3$ITGB4,IEC,-6.285563e-05,1.2648713e-05,5043
ATP1A1,LAMB3,ITGB4,LAMB3$ITGB4,IEC,9.765181e-06,1.943512e-06,5043
ATP1A1,COL6A2,SDC4,COL6A2$SDC4,IEC,2.0993157e-07,1.0618789e-08,5043
ATP1A1,THBS1,SDC4,THBS1$SDC4,IEC,-1.5639769e-07,9.245854e-08,5043
ATP1A1,THBS1,CD47,THBS1$CD47,IEC,7.9928595e-06,2.490742e-06,5043
ATP1A1,HSPG2,DAG1,HSPG2$DAG1,IEC,1.2574286e-07,2.1467821e-08,5043
ATP1A1,LAMB3,DAG1,LAMB3$DAG1,IEC,1.6439155e-05,8.278356e-06,5043
ATP1A1,CD99,CD99,CD99$CD99,IEC,1.0797237e-07,4.298901e-08,5043
ATP1A1,CDH1,CDH1,CDH1$CDH1,IEC,0.0025442468,0.00023872056,5043
ATP1A1,CDH1,ITGA2,CDH1$ITGA2,IEC,-3.7543228e-07,9.670861e-08,5043
ATP1A1,F11R,ITGB2,F11R$ITGB2,IEC,0.0,0.0,5043
ATP1A1,F11R,F11R,F11R$F11R,IEC,0.00014354757,2.6164858e-05,5043
ATP1A1,HLA-DRA,CD4,HLA-DRA$CD4,IEC,0.0,0.0,5043
ATP1A1,HLA-DRB1,CD4,HLA-DRB1$CD4,IEC,0.0,0.0,5043
ATP1A1,MPZL1,MPZL1,MPZL1$MPZL1,IEC,-1.3928152e-07,5.1098347e-08,5043
ATP1A1,NECTIN3,PVR,NECTIN3$PVR,IEC,-4.4707446e-07,1.8599764e-07,5043
ATP1A1,JAG1,NOTCH2,JAG1$NOTCH2,IEC,-3.7577317e-07,1.3970381e-07,5043
ATP1A1,OCLN,OCLN,OCLN$OCLN,IEC,-6.4193127e-06,4.075951e-06,5043
ATP1A1,SEMA4D,PLXNB2,SEMA4D$PLXNB2,IEC,1.4511622e-07,9.011676e-08,5043
ATP1A1,TGFB1,TGFBR2,TGFB1$TGFBR2,MAST,0.0,0.0,131
ATP1A1,TGFB1,ACVR1B,TGFB1$ACVR1B,MAST,0.0,0.0,131
ATP1A1,BMP2,BMPR1A,BMP2$BMPR1A,MAST,0.0,0.0,131
ATP1A1,BMP2,ACVR2A,BMP2$ACVR2A,MAST,0.0,0.0,131
ATP1A1,BMP2,BMPR2,BMP2$BMPR2,MAST,0.0,0.0,131
ATP1A1,BMP4,BMPR1A,BMP4$BMPR1A,MAST,0.0,0.0,131
ATP1A1,BMP4,ACVR2A,BMP4$ACVR2A,MAST,0.0,0.0,131
ATP1A1,BMP4,BMPR2,BMP4$BMPR2,MAST,0.0,0.0,131
ATP1A1,BMP6,ACVR2A,BMP6$ACVR2A,MAST,0.0,0.0,131
ATP1A1,BMP6,BMPR2,BMP6$BMPR2,MAST,0.0,0.0,131
ATP1A1,BMP6,BMPR1A,BMP6$BMPR1A,MAST,0.0,0.0,131
ATP1A1,BMP7,BMPR2,BMP7$BMPR2,MAST,0.0,0.0,131
ATP1A1,BMP8A,BMPR2,BMP8A$BMPR2,MAST,0.0,0.0,131
ATP1A1,BMP8A,BMPR1A,BMP8A$BMPR1A,MAST,0.0,0.0,131
ATP1A1,BMP8B,BMPR2,BMP8B$BMPR2,MAST,0.0,0.0,131
ATP1A1,BMP8B,BMPR1A,BMP8B$BMPR1A,MAST,0.0,0.0,131
ATP1A1,GDF2,ACVRL1,GDF2$ACVRL1,MAST,0.0,0.0,131
ATP1A1,GDF11,ACVR1B,GDF11$ACVR1B,MAST,0.0,0.0,131
ATP1A1,MSTN,ACVR1B,MSTN$ACVR1B,MAST,0.0,0.0,131
ATP1A1,MSTN,ACVR2A,MSTN$ACVR2A,MAST,0.0,0.0,131
ATP1A1,INHBA,ACVR1B,INHBA$ACVR1B,MAST,0.0,0.0,131
ATP1A1,TGFA,EGFR,TGFA$EGFR,MAST,0.0,0.0,131
ATP1A1,TGFA,ERBB2,TGFA$ERBB2,MAST,0.0,0.0,131
ATP1A1,HBEGF,EGFR,HBEGF$EGFR,MAST,0.0,0.0,131
ATP1A1,HBEGF,ERBB2,HBEGF$ERBB2,MAST,0.0,0.0,131
ATP1A1,EREG,ERBB2,EREG$ERBB2,MAST,0.0,0.0,131
ATP1A1,FGF2,FGFR3,FGF2$FGFR3,MAST,0.0,0.0,131
ATP1A1,FGF2,FGFR4,FGF2$FGFR4,MAST,0.0,0.0,131
ATP1A1,FGF7,FGFR2,FGF7$FGFR2,MAST,0.0,0.0,131
ATP1A1,FGF9,FGFR3,FGF9$FGFR3,MAST,0.0,0.0,131
ATP1A1,FGF9,FGFR4,FGF9$FGFR4,MAST,0.0,0.0,131
ATP1A1,PDGFA,PDGFRA,PDGFA$PDGFRA,MAST,0.0,0.0,131
ATP1A1,PDGFA,PDGFRB,PDGFA$PDGFRB,MAST,0.0,0.0,131
ATP1A1,PDGFC,PDGFRA,PDGFC$PDGFRA,MAST,0.0,0.0,131
ATP1A1,VEGFA,KDR,VEGFA$KDR,MAST,0.0,0.0,131
ATP1A1,IGF1,ITGA6,IGF1$ITGA6,MAST,0.0,0.0,131
ATP1A1,IGF1,ITGB4,IGF1$ITGB4,MAST,0.0,0.0,131
ATP1A1,IHH,PTCH1,IHH$PTCH1,MAST,0.0,0.0,131
ATP1A1,SHH,PTCH1,SHH$PTCH1,MAST,0.0,0.0,131
ATP1A1,CCL15,CCR1,CCL15$CCR1,MAST,0.0,0.0,131
ATP1A1,CXCL12,CXCR4,CXCL12$CXCR4,MAST,0.0,0.0,131
ATP1A1,CXCL12,ACKR3,CXCL12$ACKR3,MAST,0.0,0.0,131
ATP1A1,IL2,IL2RG,IL2$IL2RG,MAST,0.0,0.0,131
ATP1A1,IL7,IL2RG,IL7$IL2RG,MAST,0.0,0.0,131
ATP1A1,IL15,IL2RG,IL15$IL2RG,MAST,0.0,0.0,131
ATP1A1,IL21,IL2RG,IL21$IL2RG,MAST,0.0,0.0,131
ATP1A1,LIF,IL6ST,LIF$IL6ST,MAST,0.0,0.0,131
ATP1A1,IL16,CD4,IL16$CD4,MAST,0.0,0.0,131
ATP1A1,TNFSF14,LTBR,TNFSF14$LTBR,MAST,0.0,0.0,131
ATP1A1,TNFSF14,TNFRSF14,TNFSF14$TNFRSF14,MAST,0.0,0.0,131
ATP1A1,TNFSF10,TNFRSF10A,TNFSF10$TNFRSF10A,MAST,0.0,0.0,131
ATP1A1,TNFSF13,TNFRSF17,TNFSF13$TNFRSF17,MAST,0.0,0.0,131
ATP1A1,TNFSF13,TNFRSF13B,TNFSF13$TNFRSF13B,MAST,0.0,0.0,131
ATP1A1,ANGPTL2,TLR4,ANGPTL2$TLR4,MAST,0.0,0.0,131
ATP1A1,POSTN,ITGAV,POSTN$ITGAV,MAST,0.0,0.0,131
ATP1A1,POSTN,ITGB3,POSTN$ITGB3,MAST,0.0,0.0,131
ATP1A1,POSTN,ITGB5,POSTN$ITGB5,MAST,0.0,0.0,131
ATP1A1,CTSG,F2RL1,CTSG$F2RL1,MAST,0.0,0.0,131
ATP1A1,PLG,F2RL1,PLG$F2RL1,MAST,0.0,0.0,131
ATP1A1,GZMA,F2RL1,GZMA$F2RL1,MAST,0.0,0.0,131
ATP1A1,VIP,VIPR1,VIP$VIPR1,MAST,0.0,0.0,131
ATP1A1,KITLG,KIT,KITLG$KIT,MAST,0.0,0.0,131
ATP1A1,SEMA3A,NRP1,SEMA3A$NRP1,MAST,0.0,0.0,131
ATP1A1,SEMA3C,NRP1,SEMA3C$NRP1,MAST,0.0,0.0,131
ATP1A1,GAS6,AXL,GAS6$AXL,MAST,0.0,0.0,131
ATP1A1,GAS6,MERTK,GAS6$MERTK,MAST,0.0,0.0,131
ATP1A1,GAS6,TYRO3,GAS6$TYRO3,MAST,0.0,0.0,131
ATP1A1,GRN,SORT1,GRN$SORT1,MAST,0.0,0.0,131
ATP1A1,GUCA2A,GUCY2C,GUCA2A$GUCY2C,MAST,0.0,0.0,131
ATP1A1,PROS1,AXL,PROS1$AXL,MAST,0.0,0.0,131
ATP1A1,BTLA,TNFRSF14,BTLA$TNFRSF14,MAST,0.0,0.0,131
ATP1A1,LGALS9,HAVCR2,LGALS9$HAVCR2,MAST,0.0,0.0,131
ATP1A1,LGALS9,CD44,LGALS9$CD44,MAST,0.0,0.0,131
ATP1A1,LAMA3,ITGA3,LAMA3$ITGA3,MAST,0.0,0.0,131
ATP1A1,LAMB3,ITGA3,LAMB3$ITGA3,MAST,0.0,0.0,131
ATP1A1,LAMC1,ITGA3,LAMC1$ITGA3,MAST,0.0,0.0,131
ATP1A1,THBS1,ITGA3,THBS1$ITGA3,MAST,0.0,0.0,131
ATP1A1,COL4A1,ITGA3,COL4A1$ITGA3,MAST,0.0,0.0,131
ATP1A1,COL6A2,ITGA3,COL6A2$ITGA3,MAST,0.0,0.0,131
ATP1A1,LAMA3,ITGA6,LAMA3$ITGA6,MAST,0.0,0.0,131
ATP1A1,LAMA3,ITGB4,LAMA3$ITGB4,MAST,0.0,0.0,131
ATP1A1,LAMB3,ITGB4,LAMB3$ITGB4,MAST,0.0,0.0,131
ATP1A1,COL6A2,SDC4,COL6A2$SDC4,MAST,0.0,0.0,131
ATP1A1,THBS1,SDC4,THBS1$SDC4,MAST,0.0,0.0,131
ATP1A1,THBS1,CD47,THBS1$CD47,MAST,0.0,0.0,131
ATP1A1,HSPG2,DAG1,HSPG2$DAG1,MAST,0.0,0.0,131
ATP1A1,LAMB3,DAG1,LAMB3$DAG1,MAST,0.0,0.0,131
ATP1A1,CD99,CD99,CD99$CD99,MAST,0.0,0.0,131
ATP1A1,CDH1,CDH1,CDH1$CDH1,MAST,0.0,0.0,131
ATP1A1,CDH1,ITGA2,CDH1$ITGA2,MAST,0.0,0.0,131
ATP1A1,F11R,ITGB2,F11R$ITGB2,MAST,0.0,0.0,131
ATP1A1,F11R,F11R,F11R$F11R,MAST,0.0,0.0,131
ATP1A1,HLA-DRA,CD4,HLA-DRA$CD4,MAST,0.0,0.0,131
ATP1A1,HLA-DRB1,CD4,HLA-DRB1$CD4,MAST,0.0,0.0,131
ATP1A1,MPZL1,MPZL1,MPZL1$MPZL1,MAST,0.0,0.0,131
ATP1A1,NECTIN3,PVR,NECTIN3$PVR,MAST,0.0,0.0,131
ATP1A1,JAG1,NOTCH2,JAG1$NOTCH2,MAST,0.0,0.0,131
ATP1A1,OCLN,OCLN,OCLN$OCLN,MAST,0.0,0.0,131
ATP1A1,SEMA4D,PLXNB2,SEMA4D$PLXNB2,MAST,0.0,0.0,131
ATP1A1,TGFB1,TGFBR2,TGFB1$TGFBR2,MNP,0.0,0.0,505
ATP1A1,TGFB1,ACVR1B,TGFB1$ACVR1B,MNP,0.0,0.0,505
ATP1A1,BMP2,BMPR1A,BMP2$BMPR1A,MNP,-1.8955521e-07,3.466302e-09,505
ATP1A1,BMP2,ACVR2A,BMP2$ACVR2A,MNP,1.1802764e-10,5.188656e-12,505
ATP1A1,BMP2,BMPR2,BMP2$BMPR2,MNP,-3.2974677e-07,6.566417e-09,505
ATP1A1,BMP4,BMPR1A,BMP4$BMPR1A,MNP,0.0,0.0,505
ATP1A1,BMP4,ACVR2A,BMP4$ACVR2A,MNP,0.0,0.0,505
ATP1A1,BMP4,BMPR2,BMP4$BMPR2,MNP,0.0,0.0,505
ATP1A1,BMP6,ACVR2A,BMP6$ACVR2A,MNP,0.0,0.0,505
ATP1A1,BMP6,BMPR2,BMP6$BMPR2,MNP,0.0,0.0,505
ATP1A1,BMP6,BMPR1A,BMP6$BMPR1A,MNP,0.0,0.0,505
ATP1A1,BMP7,BMPR2,BMP7$BMPR2,MNP,0.0,0.0,505
ATP1A1,BMP8A,BMPR2,BMP8A$BMPR2,MNP,0.0,0.0,505
ATP1A1,BMP8A,BMPR1A,BMP8A$BMPR1A,MNP,0.0,0.0,505
ATP1A1,BMP8B,BMPR2,BMP8B$BMPR2,MNP,0.0,0.0,505
ATP1A1,BMP8B,BMPR1A,BMP8B$BMPR1A,MNP,0.0,0.0,505
ATP1A1,GDF2,ACVRL1,GDF2$ACVRL1,MNP,0.0,0.0,505
ATP1A1,GDF11,ACVR1B,GDF11$ACVR1B,MNP,0.0,0.0,505
ATP1A1,MSTN,ACVR1B,MSTN$ACVR1B,MNP,0.0,0.0,505
ATP1A1,MSTN,ACVR2A,MSTN$ACVR2A,MNP,0.0,0.0,505
ATP1A1,INHBA,ACVR1B,INHBA$ACVR1B,MNP,0.0,0.0,505
ATP1A1,TGFA,EGFR,TGFA$EGFR,MNP,0.0,0.0,505
ATP1A1,TGFA,ERBB2,TGFA$ERBB2,MNP,0.0,0.0,505
ATP1A1,HBEGF,EGFR,HBEGF$EGFR,MNP,0.0,0.0,505
ATP1A1,HBEGF,ERBB2,HBEGF$ERBB2,MNP,0.0,0.0,505
ATP1A1,EREG,ERBB2,EREG$ERBB2,MNP,0.0,0.0,505
ATP1A1,FGF2,FGFR3,FGF2$FGFR3,MNP,0.0,0.0,505
ATP1A1,FGF2,FGFR4,FGF2$FGFR4,MNP,0.0,0.0,505
ATP1A1,FGF7,FGFR2,FGF7$FGFR2,MNP,0.0,0.0,505
ATP1A1,FGF9,FGFR3,FGF9$FGFR3,MNP,0.0,0.0,505
ATP1A1,FGF9,FGFR4,FGF9$FGFR4,MNP,0.0,0.0,505
ATP1A1,PDGFA,PDGFRA,PDGFA$PDGFRA,MNP,3.9423304e-07,5.2641282e-09,505
ATP1A1,PDGFA,PDGFRB,PDGFA$PDGFRB,MNP,-3.796842e-10,9.0746854e-12,505
ATP1A1,PDGFC,PDGFRA,PDGFC$PDGFRA,MNP,-1.8745803e-08,1.5235081e-10,505
ATP1A1,VEGFA,KDR,VEGFA$KDR,MNP,0.0,0.0,505
ATP1A1,IGF1,ITGA6,IGF1$ITGA6,MNP,0.0,0.0,505
ATP1A1,IGF1,ITGB4,IGF1$ITGB4,MNP,0.0,0.0,505
ATP1A1,IHH,PTCH1,IHH$PTCH1,MNP,-1.4434505e-07,5.372005e-10,505
ATP1A1,SHH,PTCH1,SHH$PTCH1,MNP,0.0,0.0,505
ATP1A1,CCL15,CCR1,CCL15$CCR1,MNP,-5.6534578e-08,2.4360405e-10,505
ATP1A1,CXCL12,CXCR4,CXCL12$CXCR4,MNP,0.0,0.0,505
ATP1A1,CXCL12,ACKR3,CXCL12$ACKR3,MNP,0.0,0.0,505
ATP1A1,IL2,IL2RG,IL2$IL2RG,MNP,0.0,0.0,505
ATP1A1,IL7,IL2RG,IL7$IL2RG,MNP,0.0,0.0,505
ATP1A1,IL15,IL2RG,IL15$IL2RG,MNP,0.0,0.0,505
ATP1A1,IL21,IL2RG,IL21$IL2RG,MNP,0.0,0.0,505
ATP1A1,LIF,IL6ST,LIF$IL6ST,MNP,0.0,0.0,505
ATP1A1,IL16,CD4,IL16$CD4,MNP,1.7568661e-06,1.2781736e-08,505
ATP1A1,TNFSF14,LTBR,TNFSF14$LTBR,MNP,0.0,0.0,505
ATP1A1,TNFSF14,TNFRSF14,TNFSF14$TNFRSF14,MNP,0.0,0.0,505
ATP1A1,TNFSF10,TNFRSF10A,TNFSF10$TNFRSF10A,MNP,0.0,0.0,505
ATP1A1,TNFSF13,TNFRSF17,TNFSF13$TNFRSF17,MNP,0.0,0.0,505
ATP1A1,TNFSF13,TNFRSF13B,TNFSF13$TNFRSF13B,MNP,0.0,0.0,505
ATP1A1,ANGPTL2,TLR4,ANGPTL2$TLR4,MNP,-1.7890974e-08,1.621138e-10,505
ATP1A1,POSTN,ITGAV,POSTN$ITGAV,MNP,0.0,0.0,505
ATP1A1,POSTN,ITGB3,POSTN$ITGB3,MNP,0.0,0.0,505
ATP1A1,POSTN,ITGB5,POSTN$ITGB5,MNP,8.840093e-07,7.458245e-09,505
ATP1A1,CTSG,F2RL1,CTSG$F2RL1,MNP,0.0,0.0,505
ATP1A1,PLG,F2RL1,PLG$F2RL1,MNP,0.0,0.0,505
ATP1A1,GZMA,F2RL1,GZMA$F2RL1,MNP,0.0,0.0,505
ATP1A1,VIP,VIPR1,VIP$VIPR1,MNP,0.0,0.0,505
ATP1A1,KITLG,KIT,KITLG$KIT,MNP,0.0,0.0,505
ATP1A1,SEMA3A,NRP1,SEMA3A$NRP1,MNP,-2.972151e-09,2.6095763e-11,505
ATP1A1,SEMA3C,NRP1,SEMA3C$NRP1,MNP,-3.9255036e-07,2.1117794e-09,505
ATP1A1,GAS6,AXL,GAS6$AXL,MNP,-6.0188086e-08,3.5108485e-09,505
ATP1A1,GAS6,MERTK,GAS6$MERTK,MNP,-5.6215157e-07,1.2603547e-08,505
ATP1A1,GAS6,TYRO3,GAS6$TYRO3,MNP,0.0,0.0,505
ATP1A1,GRN,SORT1,GRN$SORT1,MNP,5.189e-08,1.0365939e-09,505
ATP1A1,GUCA2A,GUCY2C,GUCA2A$GUCY2C,MNP,0.0,0.0,505
ATP1A1,PROS1,AXL,PROS1$AXL,MNP,1.13673275e-08,1.338822e-10,505
ATP1A1,BTLA,TNFRSF14,BTLA$TNFRSF14,MNP,0.0,0.0,505
ATP1A1,LGALS9,HAVCR2,LGALS9$HAVCR2,MNP,-1.8289493e-08,2.0594006e-10,505
ATP1A1,LGALS9,CD44,LGALS9$CD44,MNP,-1.1822214e-07,3.7318557e-09,505
ATP1A1,LAMA3,ITGA3,LAMA3$ITGA3,MNP,0.0,0.0,505
ATP1A1,LAMB3,ITGA3,LAMB3$ITGA3,MNP,0.0,0.0,505
ATP1A1,LAMC1,ITGA3,LAMC1$ITGA3,MNP,0.0,0.0,505
ATP1A1,THBS1,ITGA3,THBS1$ITGA3,MNP,0.0,0.0,505
ATP1A1,COL4A1,ITGA3,COL4A1$ITGA3,MNP,0.0,0.0,505
ATP1A1,COL6A2,ITGA3,COL6A2$ITGA3,MNP,0.0,0.0,505
ATP1A1,LAMA3,ITGA6,LAMA3$ITGA6,MNP,0.0,0.0,505
ATP1A1,LAMA3,ITGB4,LAMA3$ITGB4,MNP,0.0,0.0,505
ATP1A1,LAMB3,ITGB4,LAMB3$ITGB4,MNP,0.0,0.0,505
ATP1A1,COL6A2,SDC4,COL6A2$SDC4,MNP,0.0,0.0,505
ATP1A1,THBS1,SDC4,THBS1$SDC4,MNP,0.0,0.0,505
ATP1A1,THBS1,CD47,THBS1$CD47,MNP,0.0,0.0,505
ATP1A1,HSPG2,DAG1,HSPG2$DAG1,MNP,0.0,0.0,505
ATP1A1,LAMB3,DAG1,LAMB3$DAG1,MNP,0.0,0.0,505
ATP1A1,CD99,CD99,CD99$CD99,MNP,0.0,0.0,505
ATP1A1,CDH1,CDH1,CDH1$CDH1,MNP,8.9993355e-09,8.941155e-11,505
ATP1A1,CDH1,ITGA2,CDH1$ITGA2,MNP,0.0,0.0,505
ATP1A1,F11R,ITGB2,F11R$ITGB2,MNP,8.613106e-09,9.535559e-11,505
ATP1A1,F11R,F11R,F11R$F11R,MNP,0.0,0.0,505
ATP1A1,HLA-DRA,CD4,HLA-DRA$CD4,MNP,3.5241565e-06,3.5014903e-08,505
ATP1A1,HLA-DRB1,CD4,HLA-DRB1$CD4,MNP,1.9169478e-07,4.6739252e-09,505
ATP1A1,MPZL1,MPZL1,MPZL1$MPZL1,MNP,0.0,0.0,505
ATP1A1,NECTIN3,PVR,NECTIN3$PVR,MNP,0.0,0.0,505
ATP1A1,JAG1,NOTCH2,JAG1$NOTCH2,MNP,0.0,0.0,505
ATP1A1,OCLN,OCLN,OCLN$OCLN,MNP,0.0,0.0,505
ATP1A1,SEMA4D,PLXNB2,SEMA4D$PLXNB2,MNP,0.0,0.0,505
ATP1A1,TGFB1,TGFBR2,TGFB1$TGFBR2,Muscularis_mucosa,0.0,0.0,83
ATP1A1,TGFB1,ACVR1B,TGFB1$ACVR1B,Muscularis_mucosa,0.0,0.0,83
ATP1A1,BMP2,BMPR1A,BMP2$BMPR1A,Muscularis_mucosa,0.0,0.0,83
ATP1A1,BMP2,ACVR2A,BMP2$ACVR2A,Muscularis_mucosa,0.0,0.0,83
ATP1A1,BMP2,BMPR2,BMP2$BMPR2,Muscularis_mucosa,0.0,0.0,83
ATP1A1,BMP4,BMPR1A,BMP4$BMPR1A,Muscularis_mucosa,0.0,0.0,83
ATP1A1,BMP4,ACVR2A,BMP4$ACVR2A,Muscularis_mucosa,0.0,0.0,83
ATP1A1,BMP4,BMPR2,BMP4$BMPR2,Muscularis_mucosa,0.0,0.0,83
ATP1A1,BMP6,ACVR2A,BMP6$ACVR2A,Muscularis_mucosa,0.0,0.0,83
ATP1A1,BMP6,BMPR2,BMP6$BMPR2,Muscularis_mucosa,0.0,0.0,83
ATP1A1,BMP6,BMPR1A,BMP6$BMPR1A,Muscularis_mucosa,0.0,0.0,83
ATP1A1,BMP7,BMPR2,BMP7$BMPR2,Muscularis_mucosa,0.0,0.0,83
ATP1A1,BMP8A,BMPR2,BMP8A$BMPR2,Muscularis_mucosa,0.0,0.0,83
ATP1A1,BMP8A,BMPR1A,BMP8A$BMPR1A,Muscularis_mucosa,0.0,0.0,83
ATP1A1,BMP8B,BMPR2,BMP8B$BMPR2,Muscularis_mucosa,0.0,0.0,83
ATP1A1,BMP8B,BMPR1A,BMP8B$BMPR1A,Muscularis_mucosa,0.0,0.0,83
ATP1A1,GDF2,ACVRL1,GDF2$ACVRL1,Muscularis_mucosa,0.0,0.0,83
ATP1A1,GDF11,ACVR1B,GDF11$ACVR1B,Muscularis_mucosa,0.0,0.0,83
ATP1A1,MSTN,ACVR1B,MSTN$ACVR1B,Muscularis_mucosa,0.0,0.0,83
ATP1A1,MSTN,ACVR2A,MSTN$ACVR2A,Muscularis_mucosa,0.0,0.0,83
ATP1A1,INHBA,ACVR1B,INHBA$ACVR1B,Muscularis_mucosa,0.0,0.0,83
ATP1A1,TGFA,EGFR,TGFA$EGFR,Muscularis_mucosa,0.0,0.0,83
ATP1A1,TGFA,ERBB2,TGFA$ERBB2,Muscularis_mucosa,0.0,0.0,83
ATP1A1,HBEGF,EGFR,HBEGF$EGFR,Muscularis_mucosa,0.0,0.0,83
ATP1A1,HBEGF,ERBB2,HBEGF$ERBB2,Muscularis_mucosa,0.0,0.0,83
ATP1A1,EREG,ERBB2,EREG$ERBB2,Muscularis_mucosa,0.0,0.0,83
ATP1A1,FGF2,FGFR3,FGF2$FGFR3,Muscularis_mucosa,0.0,0.0,83
ATP1A1,FGF2,FGFR4,FGF2$FGFR4,Muscularis_mucosa,0.0,0.0,83
ATP1A1,FGF7,FGFR2,FGF7$FGFR2,Muscularis_mucosa,0.0,0.0,83
ATP1A1,FGF9,FGFR3,FGF9$FGFR3,Muscularis_mucosa,0.0,0.0,83
ATP1A1,FGF9,FGFR4,FGF9$FGFR4,Muscularis_mucosa,0.0,0.0,83
ATP1A1,PDGFA,PDGFRA,PDGFA$PDGFRA,Muscularis_mucosa,0.0,0.0,83
ATP1A1,PDGFA,PDGFRB,PDGFA$PDGFRB,Muscularis_mucosa,0.0,0.0,83
ATP1A1,PDGFC,PDGFRA,PDGFC$PDGFRA,Muscularis_mucosa,0.0,0.0,83
ATP1A1,VEGFA,KDR,VEGFA$KDR,Muscularis_mucosa,0.0,0.0,83
ATP1A1,IGF1,ITGA6,IGF1$ITGA6,Muscularis_mucosa,0.0,0.0,83
ATP1A1,IGF1,ITGB4,IGF1$ITGB4,Muscularis_mucosa,0.0,0.0,83
ATP1A1,IHH,PTCH1,IHH$PTCH1,Muscularis_mucosa,0.0,0.0,83
ATP1A1,SHH,PTCH1,SHH$PTCH1,Muscularis_mucosa,0.0,0.0,83
ATP1A1,CCL15,CCR1,CCL15$CCR1,Muscularis_mucosa,0.0,0.0,83
ATP1A1,CXCL12,CXCR4,CXCL12$CXCR4,Muscularis_mucosa,0.0,0.0,83
ATP1A1,CXCL12,ACKR3,CXCL12$ACKR3,Muscularis_mucosa,0.0,0.0,83
ATP1A1,IL2,IL2RG,IL2$IL2RG,Muscularis_mucosa,0.0,0.0,83
ATP1A1,IL7,IL2RG,IL7$IL2RG,Muscularis_mucosa,0.0,0.0,83
ATP1A1,IL15,IL2RG,IL15$IL2RG,Muscularis_mucosa,0.0,0.0,83
ATP1A1,IL21,IL2RG,IL21$IL2RG,Muscularis_mucosa,0.0,0.0,83
ATP1A1,LIF,IL6ST,LIF$IL6ST,Muscularis_mucosa,0.0,0.0,83
ATP1A1,IL16,CD4,IL16$CD4,Muscularis_mucosa,0.0,0.0,83
ATP1A1,TNFSF14,LTBR,TNFSF14$LTBR,Muscularis_mucosa,0.0,0.0,83
ATP1A1,TNFSF14,TNFRSF14,TNFSF14$TNFRSF14,Muscularis_mucosa,0.0,0.0,83
ATP1A1,TNFSF10,TNFRSF10A,TNFSF10$TNFRSF10A,Muscularis_mucosa,0.0,0.0,83
ATP1A1,TNFSF13,TNFRSF17,TNFSF13$TNFRSF17,Muscularis_mucosa,0.0,0.0,83
ATP1A1,TNFSF13,TNFRSF13B,TNFSF13$TNFRSF13B,Muscularis_mucosa,0.0,0.0,83
ATP1A1,ANGPTL2,TLR4,ANGPTL2$TLR4,Muscularis_mucosa,0.0,0.0,83
ATP1A1,POSTN,ITGAV,POSTN$ITGAV,Muscularis_mucosa,0.0,0.0,83
ATP1A1,POSTN,ITGB3,POSTN$ITGB3,Muscularis_mucosa,0.0,0.0,83
ATP1A1,POSTN,ITGB5,POSTN$ITGB5,Muscularis_mucosa,0.0,0.0,83
ATP1A1,CTSG,F2RL1,CTSG$F2RL1,Muscularis_mucosa,0.0,0.0,83
ATP1A1,PLG,F2RL1,PLG$F2RL1,Muscularis_mucosa,0.0,0.0,83
ATP1A1,GZMA,F2RL1,GZMA$F2RL1,Muscularis_mucosa,0.0,0.0,83
ATP1A1,VIP,VIPR1,VIP$VIPR1,Muscularis_mucosa,0.0,0.0,83
ATP1A1,KITLG,KIT,KITLG$KIT,Muscularis_mucosa,0.0,0.0,83
ATP1A1,SEMA3A,NRP1,SEMA3A$NRP1,Muscularis_mucosa,0.0,0.0,83
ATP1A1,SEMA3C,NRP1,SEMA3C$NRP1,Muscularis_mucosa,0.0,0.0,83
ATP1A1,GAS6,AXL,GAS6$AXL,Muscularis_mucosa,0.0,0.0,83
ATP1A1,GAS6,MERTK,GAS6$MERTK,Muscularis_mucosa,0.0,0.0,83
ATP1A1,GAS6,TYRO3,GAS6$TYRO3,Muscularis_mucosa,0.0,0.0,83
ATP1A1,GRN,SORT1,GRN$SORT1,Muscularis_mucosa,0.0,0.0,83
ATP1A1,GUCA2A,GUCY2C,GUCA2A$GUCY2C,Muscularis_mucosa,0.0,0.0,83
ATP1A1,PROS1,AXL,PROS1$AXL,Muscularis_mucosa,0.0,0.0,83
ATP1A1,BTLA,TNFRSF14,BTLA$TNFRSF14,Muscularis_mucosa,0.0,0.0,83
ATP1A1,LGALS9,HAVCR2,LGALS9$HAVCR2,Muscularis_mucosa,0.0,0.0,83
ATP1A1,LGALS9,CD44,LGALS9$CD44,Muscularis_mucosa,0.0,0.0,83
ATP1A1,LAMA3,ITGA3,LAMA3$ITGA3,Muscularis_mucosa,0.0,0.0,83
ATP1A1,LAMB3,ITGA3,LAMB3$ITGA3,Muscularis_mucosa,0.0,0.0,83
ATP1A1,LAMC1,ITGA3,LAMC1$ITGA3,Muscularis_mucosa,0.0,0.0,83
ATP1A1,THBS1,ITGA3,THBS1$ITGA3,Muscularis_mucosa,0.0,0.0,83
ATP1A1,COL4A1,ITGA3,COL4A1$ITGA3,Muscularis_mucosa,0.0,0.0,83
ATP1A1,COL6A2,ITGA3,COL6A2$ITGA3,Muscularis_mucosa,0.0,0.0,83
ATP1A1,LAMA3,ITGA6,LAMA3$ITGA6,Muscularis_mucosa,0.0,0.0,83
ATP1A1,LAMA3,ITGB4,LAMA3$ITGB4,Muscularis_mucosa,0.0,0.0,83
ATP1A1,LAMB3,ITGB4,LAMB3$ITGB4,Muscularis_mucosa,0.0,0.0,83
ATP1A1,COL6A2,SDC4,COL6A2$SDC4,Muscularis_mucosa,0.0,0.0,83
ATP1A1,THBS1,SDC4,THBS1$SDC4,Muscularis_mucosa,0.0,0.0,83
ATP1A1,THBS1,CD47,THBS1$CD47,Muscularis_mucosa,0.0,0.0,83
ATP1A1,HSPG2,DAG1,HSPG2$DAG1,Muscularis_mucosa,0.0,0.0,83
ATP1A1,LAMB3,DAG1,LAMB3$DAG1,Muscularis_mucosa,0.0,0.0,83
ATP1A1,CD99,CD99,CD99$CD99,Muscularis_mucosa,0.0,0.0,83
ATP1A1,CDH1,CDH1,CDH1$CDH1,Muscularis_mucosa,0.0,0.0,83
ATP1A1,CDH1,ITGA2,CDH1$ITGA2,Muscularis_mucosa,0.0,0.0,83
ATP1A1,F11R,ITGB2,F11R$ITGB2,Muscularis_mucosa,0.0,0.0,83
ATP1A1,F11R,F11R,F11R$F11R,Muscularis_mucosa,0.0,0.0,83
ATP1A1,HLA-DRA,CD4,HLA-DRA$CD4,Muscularis_mucosa,0.0,0.0,83
ATP1A1,HLA-DRB1,CD4,HLA-DRB1$CD4,Muscularis_mucosa,0.0,0.0,83
ATP1A1,MPZL1,MPZL1,MPZL1$MPZL1,Muscularis_mucosa,0.0,0.0,83
ATP1A1,NECTIN3,PVR,NECTIN3$PVR,Muscularis_mucosa,0.0,0.0,83
ATP1A1,JAG1,NOTCH2,JAG1$NOTCH2,Muscularis_mucosa,0.0,0.0,83
ATP1A1,OCLN,OCLN,OCLN$OCLN,Muscularis_mucosa,0.0,0.0,83
ATP1A1,SEMA4D,PLXNB2,SEMA4D$PLXNB2,Muscularis_mucosa,0.0,0.0,83
ATP1A1,TGFB1,TGFBR2,TGFB1$TGFBR2,Myofibroblast,0.0,0.0,353
ATP1A1,TGFB1,ACVR1B,TGFB1$ACVR1B,Myofibroblast,0.0,0.0,353
ATP1A1,BMP2,BMPR1A,BMP2$BMPR1A,Myofibroblast,0.0,0.0,353
ATP1A1,BMP2,ACVR2A,BMP2$ACVR2A,Myofibroblast,0.0,0.0,353
ATP1A1,BMP2,BMPR2,BMP2$BMPR2,Myofibroblast,0.0,0.0,353
ATP1A1,BMP4,BMPR1A,BMP4$BMPR1A,Myofibroblast,0.0,0.0,353
ATP1A1,BMP4,ACVR2A,BMP4$ACVR2A,Myofibroblast,0.0,0.0,353
ATP1A1,BMP4,BMPR2,BMP4$BMPR2,Myofibroblast,0.0,0.0,353
ATP1A1,BMP6,ACVR2A,BMP6$ACVR2A,Myofibroblast,0.0,0.0,353
ATP1A1,BMP6,BMPR2,BMP6$BMPR2,Myofibroblast,0.0,0.0,353
ATP1A1,BMP6,BMPR1A,BMP6$BMPR1A,Myofibroblast,0.0,0.0,353
ATP1A1,BMP7,BMPR2,BMP7$BMPR2,Myofibroblast,0.0,0.0,353
ATP1A1,BMP8A,BMPR2,BMP8A$BMPR2,Myofibroblast,0.0,0.0,353
ATP1A1,BMP8A,BMPR1A,BMP8A$BMPR1A,Myofibroblast,0.0,0.0,353
ATP1A1,BMP8B,BMPR2,BMP8B$BMPR2,Myofibroblast,0.0,0.0,353
ATP1A1,BMP8B,BMPR1A,BMP8B$BMPR1A,Myofibroblast,0.0,0.0,353
ATP1A1,GDF2,ACVRL1,GDF2$ACVRL1,Myofibroblast,0.0,0.0,353
ATP1A1,GDF11,ACVR1B,GDF11$ACVR1B,Myofibroblast,0.0,0.0,353
ATP1A1,MSTN,ACVR1B,MSTN$ACVR1B,Myofibroblast,0.0,0.0,353
ATP1A1,MSTN,ACVR2A,MSTN$ACVR2A,Myofibroblast,0.0,0.0,353
ATP1A1,INHBA,ACVR1B,INHBA$ACVR1B,Myofibroblast,0.0,0.0,353
ATP1A1,TGFA,EGFR,TGFA$EGFR,Myofibroblast,0.0,0.0,353
ATP1A1,TGFA,ERBB2,TGFA$ERBB2,Myofibroblast,0.0,0.0,353
ATP1A1,HBEGF,EGFR,HBEGF$EGFR,Myofibroblast,0.0,0.0,353
ATP1A1,HBEGF,ERBB2,HBEGF$ERBB2,Myofibroblast,0.0,0.0,353
ATP1A1,EREG,ERBB2,EREG$ERBB2,Myofibroblast,0.0,0.0,353
ATP1A1,FGF2,FGFR3,FGF2$FGFR3,Myofibroblast,0.0,0.0,353
ATP1A1,FGF2,FGFR4,FGF2$FGFR4,Myofibroblast,0.0,0.0,353
ATP1A1,FGF7,FGFR2,FGF7$FGFR2,Myofibroblast,0.0,0.0,353
ATP1A1,FGF9,FGFR3,FGF9$FGFR3,Myofibroblast,0.0,0.0,353
ATP1A1,FGF9,FGFR4,FGF9$FGFR4,Myofibroblast,0.0,0.0,353
ATP1A1,PDGFA,PDGFRA,PDGFA$PDGFRA,Myofibroblast,0.0,0.0,353
ATP1A1,PDGFA,PDGFRB,PDGFA$PDGFRB,Myofibroblast,0.0,0.0,353
ATP1A1,PDGFC,PDGFRA,PDGFC$PDGFRA,Myofibroblast,0.0,0.0,353
ATP1A1,VEGFA,KDR,VEGFA$KDR,Myofibroblast,0.0,0.0,353
ATP1A1,IGF1,ITGA6,IGF1$ITGA6,Myofibroblast,0.0,0.0,353
ATP1A1,IGF1,ITGB4,IGF1$ITGB4,Myofibroblast,0.0,0.0,353
ATP1A1,IHH,PTCH1,IHH$PTCH1,Myofibroblast,0.0,0.0,353
ATP1A1,SHH,PTCH1,SHH$PTCH1,Myofibroblast,0.0,0.0,353
ATP1A1,CCL15,CCR1,CCL15$CCR1,Myofibroblast,0.0,0.0,353
ATP1A1,CXCL12,CXCR4,CXCL12$CXCR4,Myofibroblast,0.0,0.0,353
ATP1A1,CXCL12,ACKR3,CXCL12$ACKR3,Myofibroblast,0.0,0.0,353
ATP1A1,IL2,IL2RG,IL2$IL2RG,Myofibroblast,0.0,0.0,353
ATP1A1,IL7,IL2RG,IL7$IL2RG,Myofibroblast,0.0,0.0,353
ATP1A1,IL15,IL2RG,IL15$IL2RG,Myofibroblast,0.0,0.0,353
ATP1A1,IL21,IL2RG,IL21$IL2RG,Myofibroblast,0.0,0.0,353
ATP1A1,LIF,IL6ST,LIF$IL6ST,Myofibroblast,0.0,0.0,353
ATP1A1,IL16,CD4,IL16$CD4,Myofibroblast,0.0,0.0,353
ATP1A1,TNFSF14,LTBR,TNFSF14$LTBR,Myofibroblast,0.0,0.0,353
ATP1A1,TNFSF14,TNFRSF14,TNFSF14$TNFRSF14,Myofibroblast,0.0,0.0,353
ATP1A1,TNFSF10,TNFRSF10A,TNFSF10$TNFRSF10A,Myofibroblast,0.0,0.0,353
ATP1A1,TNFSF13,TNFRSF17,TNFSF13$TNFRSF17,Myofibroblast,0.0,0.0,353
ATP1A1,TNFSF13,TNFRSF13B,TNFSF13$TNFRSF13B,Myofibroblast,0.0,0.0,353
ATP1A1,ANGPTL2,TLR4,ANGPTL2$TLR4,Myofibroblast,0.0,0.0,353
ATP1A1,POSTN,ITGAV,POSTN$ITGAV,Myofibroblast,0.0,0.0,353
ATP1A1,POSTN,ITGB3,POSTN$ITGB3,Myofibroblast,0.0,0.0,353
ATP1A1,POSTN,ITGB5,POSTN$ITGB5,Myofibroblast,0.0,0.0,353
ATP1A1,CTSG,F2RL1,CTSG$F2RL1,Myofibroblast,0.0,0.0,353
ATP1A1,PLG,F2RL1,PLG$F2RL1,Myofibroblast,0.0,0.0,353
ATP1A1,GZMA,F2RL1,GZMA$F2RL1,Myofibroblast,0.0,0.0,353
ATP1A1,VIP,VIPR1,VIP$VIPR1,Myofibroblast,0.0,0.0,353
ATP1A1,KITLG,KIT,KITLG$KIT,Myofibroblast,0.0,0.0,353
ATP1A1,SEMA3A,NRP1,SEMA3A$NRP1,Myofibroblast,0.0,0.0,353
ATP1A1,SEMA3C,NRP1,SEMA3C$NRP1,Myofibroblast,0.0,0.0,353
ATP1A1,GAS6,AXL,GAS6$AXL,Myofibroblast,0.0,0.0,353
ATP1A1,GAS6,MERTK,GAS6$MERTK,Myofibroblast,0.0,0.0,353
ATP1A1,GAS6,TYRO3,GAS6$TYRO3,Myofibroblast,0.0,0.0,353
ATP1A1,GRN,SORT1,GRN$SORT1,Myofibroblast,0.0,0.0,353
ATP1A1,GUCA2A,GUCY2C,GUCA2A$GUCY2C,Myofibroblast,0.0,0.0,353
ATP1A1,PROS1,AXL,PROS1$AXL,Myofibroblast,0.0,0.0,353
ATP1A1,BTLA,TNFRSF14,BTLA$TNFRSF14,Myofibroblast,0.0,0.0,353
ATP1A1,LGALS9,HAVCR2,LGALS9$HAVCR2,Myofibroblast,0.0,0.0,353
ATP1A1,LGALS9,CD44,LGALS9$CD44,Myofibroblast,0.0,0.0,353
ATP1A1,LAMA3,ITGA3,LAMA3$ITGA3,Myofibroblast,0.0,0.0,353
ATP1A1,LAMB3,ITGA3,LAMB3$ITGA3,Myofibroblast,0.0,0.0,353
ATP1A1,LAMC1,ITGA3,LAMC1$ITGA3,Myofibroblast,0.0,0.0,353
ATP1A1,THBS1,ITGA3,THBS1$ITGA3,Myofibroblast,0.0,0.0,353
ATP1A1,COL4A1,ITGA3,COL4A1$ITGA3,Myofibroblast,0.0,0.0,353
ATP1A1,COL6A2,ITGA3,COL6A2$ITGA3,Myofibroblast,0.0,0.0,353
ATP1A1,LAMA3,ITGA6,LAMA3$ITGA6,Myofibroblast,0.0,0.0,353
ATP1A1,LAMA3,ITGB4,LAMA3$ITGB4,Myofibroblast,0.0,0.0,353
ATP1A1,LAMB3,ITGB4,LAMB3$ITGB4,Myofibroblast,0.0,0.0,353
ATP1A1,COL6A2,SDC4,COL6A2$SDC4,Myofibroblast,0.0,0.0,353
ATP1A1,THBS1,SDC4,THBS1$SDC4,Myofibroblast,0.0,0.0,353
ATP1A1,THBS1,CD47,THBS1$CD47,Myofibroblast,0.0,0.0,353
ATP1A1,HSPG2,DAG1,HSPG2$DAG1,Myofibroblast,0.0,0.0,353
ATP1A1,LAMB3,DAG1,LAMB3$DAG1,Myofibroblast,0.0,0.0,353
ATP1A1,CD99,CD99,CD99$CD99,Myofibroblast,0.0,0.0,353
ATP1A1,CDH1,CDH1,CDH1$CDH1,Myofibroblast,0.0,0.0,353
ATP1A1,CDH1,ITGA2,CDH1$ITGA2,Myofibroblast,0.0,0.0,353
ATP1A1,F11R,ITGB2,F11R$ITGB2,Myofibroblast,0.0,0.0,353
ATP1A1,F11R,F11R,F11R$F11R,Myofibroblast,0.0,0.0,353
ATP1A1,HLA-DRA,CD4,HLA-DRA$CD4,Myofibroblast,0.0,0.0,353
ATP1A1,HLA-DRB1,CD4,HLA-DRB1$CD4,Myofibroblast,0.0,0.0,353
ATP1A1,MPZL1,MPZL1,MPZL1$MPZL1,Myofibroblast,0.0,0.0,353
ATP1A1,NECTIN3,PVR,NECTIN3$PVR,Myofibroblast,0.0,0.0,353
ATP1A1,JAG1,NOTCH2,JAG1$NOTCH2,Myofibroblast,0.0,0.0,353
ATP1A1,OCLN,OCLN,OCLN$OCLN,Myofibroblast,0.0,0.0,353
ATP1A1,SEMA4D,PLXNB2,SEMA4D$PLXNB2,Myofibroblast,0.0,0.0,353
ATP1A1,TGFB1,TGFBR2,TGFB1$TGFBR2,Pericyte,0.0,0.0,77
ATP1A1,TGFB1,ACVR1B,TGFB1$ACVR1B,Pericyte,0.0,0.0,77
ATP1A1,BMP2,BMPR1A,BMP2$BMPR1A,Pericyte,0.0,0.0,77
ATP1A1,BMP2,ACVR2A,BMP2$ACVR2A,Pericyte,0.0,0.0,77
ATP1A1,BMP2,BMPR2,BMP2$BMPR2,Pericyte,0.0,0.0,77
ATP1A1,BMP4,BMPR1A,BMP4$BMPR1A,Pericyte,0.0,0.0,77
ATP1A1,BMP4,ACVR2A,BMP4$ACVR2A,Pericyte,0.0,0.0,77
ATP1A1,BMP4,BMPR2,BMP4$BMPR2,Pericyte,0.0,0.0,77
ATP1A1,BMP6,ACVR2A,BMP6$ACVR2A,Pericyte,0.0,0.0,77
ATP1A1,BMP6,BMPR2,BMP6$BMPR2,Pericyte,0.0,0.0,77
ATP1A1,BMP6,BMPR1A,BMP6$BMPR1A,Pericyte,0.0,0.0,77
ATP1A1,BMP7,BMPR2,BMP7$BMPR2,Pericyte,0.0,0.0,77
ATP1A1,BMP8A,BMPR2,BMP8A$BMPR2,Pericyte,0.0,0.0,77
ATP1A1,BMP8A,BMPR1A,BMP8A$BMPR1A,Pericyte,0.0,0.0,77
ATP1A1,BMP8B,BMPR2,BMP8B$BMPR2,Pericyte,0.0,0.0,77
ATP1A1,BMP8B,BMPR1A,BMP8B$BMPR1A,Pericyte,0.0,0.0,77
ATP1A1,GDF2,ACVRL1,GDF2$ACVRL1,Pericyte,0.0,0.0,77
ATP1A1,GDF11,ACVR1B,GDF11$ACVR1B,Pericyte,0.0,0.0,77
ATP1A1,MSTN,ACVR1B,MSTN$ACVR1B,Pericyte,0.0,0.0,77
ATP1A1,MSTN,ACVR2A,MSTN$ACVR2A,Pericyte,0.0,0.0,77
ATP1A1,INHBA,ACVR1B,INHBA$ACVR1B,Pericyte,0.0,0.0,77
ATP1A1,TGFA,EGFR,TGFA$EGFR,Pericyte,0.0,0.0,77
ATP1A1,TGFA,ERBB2,TGFA$ERBB2,Pericyte,0.0,0.0,77
ATP1A1,HBEGF,EGFR,HBEGF$EGFR,Pericyte,0.0,0.0,77
ATP1A1,HBEGF,ERBB2,HBEGF$ERBB2,Pericyte,0.0,0.0,77
ATP1A1,EREG,ERBB2,EREG$ERBB2,Pericyte,0.0,0.0,77
ATP1A1,FGF2,FGFR3,FGF2$FGFR3,Pericyte,0.0,0.0,77
ATP1A1,FGF2,FGFR4,FGF2$FGFR4,Pericyte,0.0,0.0,77
ATP1A1,FGF7,FGFR2,FGF7$FGFR2,Pericyte,0.0,0.0,77
ATP1A1,FGF9,FGFR3,FGF9$FGFR3,Pericyte,0.0,0.0,77
ATP1A1,FGF9,FGFR4,FGF9$FGFR4,Pericyte,0.0,0.0,77
ATP1A1,PDGFA,PDGFRA,PDGFA$PDGFRA,Pericyte,0.0,0.0,77
ATP1A1,PDGFA,PDGFRB,PDGFA$PDGFRB,Pericyte,0.0,0.0,77
ATP1A1,PDGFC,PDGFRA,PDGFC$PDGFRA,Pericyte,0.0,0.0,77
ATP1A1,VEGFA,KDR,VEGFA$KDR,Pericyte,0.0,0.0,77
ATP1A1,IGF1,ITGA6,IGF1$ITGA6,Pericyte,0.0,0.0,77
ATP1A1,IGF1,ITGB4,IGF1$ITGB4,Pericyte,0.0,0.0,77
ATP1A1,IHH,PTCH1,IHH$PTCH1,Pericyte,0.0,0.0,77
ATP1A1,SHH,PTCH1,SHH$PTCH1,Pericyte,0.0,0.0,77
ATP1A1,CCL15,CCR1,CCL15$CCR1,Pericyte,0.0,0.0,77
ATP1A1,CXCL12,CXCR4,CXCL12$CXCR4,Pericyte,0.0,0.0,77
ATP1A1,CXCL12,ACKR3,CXCL12$ACKR3,Pericyte,0.0,0.0,77
ATP1A1,IL2,IL2RG,IL2$IL2RG,Pericyte,0.0,0.0,77
ATP1A1,IL7,IL2RG,IL7$IL2RG,Pericyte,0.0,0.0,77
ATP1A1,IL15,IL2RG,IL15$IL2RG,Pericyte,0.0,0.0,77
ATP1A1,IL21,IL2RG,IL21$IL2RG,Pericyte,0.0,0.0,77
ATP1A1,LIF,IL6ST,LIF$IL6ST,Pericyte,0.0,0.0,77
ATP1A1,IL16,CD4,IL16$CD4,Pericyte,0.0,0.0,77
ATP1A1,TNFSF14,LTBR,TNFSF14$LTBR,Pericyte,0.0,0.0,77
ATP1A1,TNFSF14,TNFRSF14,TNFSF14$TNFRSF14,Pericyte,0.0,0.0,77
ATP1A1,TNFSF10,TNFRSF10A,TNFSF10$TNFRSF10A,Pericyte,0.0,0.0,77
ATP1A1,TNFSF13,TNFRSF17,TNFSF13$TNFRSF17,Pericyte,0.0,0.0,77
ATP1A1,TNFSF13,TNFRSF13B,TNFSF13$TNFRSF13B,Pericyte,0.0,0.0,77
ATP1A1,ANGPTL2,TLR4,ANGPTL2$TLR4,Pericyte,0.0,0.0,77
ATP1A1,POSTN,ITGAV,POSTN$ITGAV,Pericyte,0.0,0.0,77
ATP1A1,POSTN,ITGB3,POSTN$ITGB3,Pericyte,0.0,0.0,77
ATP1A1,POSTN,ITGB5,POSTN$ITGB5,Pericyte,0.0,0.0,77
ATP1A1,CTSG,F2RL1,CTSG$F2RL1,Pericyte,0.0,0.0,77
ATP1A1,PLG,F2RL1,PLG$F2RL1,Pericyte,0.0,0.0,77
ATP1A1,GZMA,F2RL1,GZMA$F2RL1,Pericyte,0.0,0.0,77
ATP1A1,VIP,VIPR1,VIP$VIPR1,Pericyte,0.0,0.0,77
ATP1A1,KITLG,KIT,KITLG$KIT,Pericyte,0.0,0.0,77
ATP1A1,SEMA3A,NRP1,SEMA3A$NRP1,Pericyte,0.0,0.0,77
ATP1A1,SEMA3C,NRP1,SEMA3C$NRP1,Pericyte,0.0,0.0,77
ATP1A1,GAS6,AXL,GAS6$AXL,Pericyte,0.0,0.0,77
ATP1A1,GAS6,MERTK,GAS6$MERTK,Pericyte,0.0,0.0,77
ATP1A1,GAS6,TYRO3,GAS6$TYRO3,Pericyte,0.0,0.0,77
ATP1A1,GRN,SORT1,GRN$SORT1,Pericyte,0.0,0.0,77
ATP1A1,GUCA2A,GUCY2C,GUCA2A$GUCY2C,Pericyte,0.0,0.0,77
ATP1A1,PROS1,AXL,PROS1$AXL,Pericyte,0.0,0.0,77
ATP1A1,BTLA,TNFRSF14,BTLA$TNFRSF14,Pericyte,0.0,0.0,77
ATP1A1,LGALS9,HAVCR2,LGALS9$HAVCR2,Pericyte,0.0,0.0,77
ATP1A1,LGALS9,CD44,LGALS9$CD44,Pericyte,0.0,0.0,77
ATP1A1,LAMA3,ITGA3,LAMA3$ITGA3,Pericyte,0.0,0.0,77
ATP1A1,LAMB3,ITGA3,LAMB3$ITGA3,Pericyte,0.0,0.0,77
ATP1A1,LAMC1,ITGA3,LAMC1$ITGA3,Pericyte,0.0,0.0,77
ATP1A1,THBS1,ITGA3,THBS1$ITGA3,Pericyte,0.0,0.0,77
ATP1A1,COL4A1,ITGA3,COL4A1$ITGA3,Pericyte,0.0,0.0,77
ATP1A1,COL6A2,ITGA3,COL6A2$ITGA3,Pericyte,0.0,0.0,77
ATP1A1,LAMA3,ITGA6,LAMA3$ITGA6,Pericyte,0.0,0.0,77
ATP1A1,LAMA3,ITGB4,LAMA3$ITGB4,Pericyte,0.0,0.0,77
ATP1A1,LAMB3,ITGB4,LAMB3$ITGB4,Pericyte,0.0,0.0,77
ATP1A1,COL6A2,SDC4,COL6A2$SDC4,Pericyte,0.0,0.0,77
ATP1A1,THBS1,SDC4,THBS1$SDC4,Pericyte,0.0,0.0,77
ATP1A1,THBS1,CD47,THBS1$CD47,Pericyte,0.0,0.0,77
ATP1A1,HSPG2,DAG1,HSPG2$DAG1,Pericyte,0.0,0.0,77
ATP1A1,LAMB3,DAG1,LAMB3$DAG1,Pericyte,0.0,0.0,77
ATP1A1,CD99,CD99,CD99$CD99,Pericyte,0.0,0.0,77
ATP1A1,CDH1,CDH1,CDH1$CDH1,Pericyte,0.0,0.0,77
ATP1A1,CDH1,ITGA2,CDH1$ITGA2,Pericyte,0.0,0.0,77
ATP1A1,F11R,ITGB2,F11R$ITGB2,Pericyte,0.0,0.0,77
ATP1A1,F11R,F11R,F11R$F11R,Pericyte,0.0,0.0,77
ATP1A1,HLA-DRA,CD4,HLA-DRA$CD4,Pericyte,0.0,0.0,77
ATP1A1,HLA-DRB1,CD4,HLA-DRB1$CD4,Pericyte,0.0,0.0,77
ATP1A1,MPZL1,MPZL1,MPZL1$MPZL1,Pericyte,0.0,0.0,77
ATP1A1,NECTIN3,PVR,NECTIN3$PVR,Pericyte,0.0,0.0,77
ATP1A1,JAG1,NOTCH2,JAG1$NOTCH2,Pericyte,0.0,0.0,77
ATP1A1,OCLN,OCLN,OCLN$OCLN,Pericyte,0.0,0.0,77
ATP1A1,SEMA4D,PLXNB2,SEMA4D$PLXNB2,Pericyte,0.0,0.0,77
ATP1A1,TGFB1,TGFBR2,TGFB1$TGFBR2,Plasma,0.0,0.0,1312
ATP1A1,TGFB1,ACVR1B,TGFB1$ACVR1B,Plasma,0.0,0.0,1312
ATP1A1,BMP2,BMPR1A,BMP2$BMPR1A,Plasma,0.0,0.0,1312
ATP1A1,BMP2,ACVR2A,BMP2$ACVR2A,Plasma,0.0,0.0,1312
ATP1A1,BMP2,BMPR2,BMP2$BMPR2,Plasma,0.0,0.0,1312
ATP1A1,BMP4,BMPR1A,BMP4$BMPR1A,Plasma,0.0,0.0,1312
ATP1A1,BMP4,ACVR2A,BMP4$ACVR2A,Plasma,0.0,0.0,1312
ATP1A1,BMP4,BMPR2,BMP4$BMPR2,Plasma,0.0,0.0,1312
ATP1A1,BMP6,ACVR2A,BMP6$ACVR2A,Plasma,0.0,0.0,1312
ATP1A1,BMP6,BMPR2,BMP6$BMPR2,Plasma,0.0,0.0,1312
ATP1A1,BMP6,BMPR1A,BMP6$BMPR1A,Plasma,0.0,0.0,1312
ATP1A1,BMP7,BMPR2,BMP7$BMPR2,Plasma,0.0,0.0,1312
ATP1A1,BMP8A,BMPR2,BMP8A$BMPR2,Plasma,0.0,0.0,1312
ATP1A1,BMP8A,BMPR1A,BMP8A$BMPR1A,Plasma,0.0,0.0,1312
ATP1A1,BMP8B,BMPR2,BMP8B$BMPR2,Plasma,0.0,0.0,1312
ATP1A1,BMP8B,BMPR1A,BMP8B$BMPR1A,Plasma,0.0,0.0,1312
ATP1A1,GDF2,ACVRL1,GDF2$ACVRL1,Plasma,0.0,0.0,1312
ATP1A1,GDF11,ACVR1B,GDF11$ACVR1B,Plasma,0.0,0.0,1312
ATP1A1,MSTN,ACVR1B,MSTN$ACVR1B,Plasma,0.0,0.0,1312
ATP1A1,MSTN,ACVR2A,MSTN$ACVR2A,Plasma,0.0,0.0,1312
ATP1A1,INHBA,ACVR1B,INHBA$ACVR1B,Plasma,0.0,0.0,1312
ATP1A1,TGFA,EGFR,TGFA$EGFR,Plasma,0.0,0.0,1312
ATP1A1,TGFA,ERBB2,TGFA$ERBB2,Plasma,0.0,0.0,1312
ATP1A1,HBEGF,EGFR,HBEGF$EGFR,Plasma,0.0,0.0,1312
ATP1A1,HBEGF,ERBB2,HBEGF$ERBB2,Plasma,0.0,0.0,1312
ATP1A1,EREG,ERBB2,EREG$ERBB2,Plasma,0.0,0.0,1312
ATP1A1,FGF2,FGFR3,FGF2$FGFR3,Plasma,0.0,0.0,1312
ATP1A1,FGF2,FGFR4,FGF2$FGFR4,Plasma,0.0,0.0,1312
ATP1A1,FGF7,FGFR2,FGF7$FGFR2,Plasma,0.0,0.0,1312
ATP1A1,FGF9,FGFR3,FGF9$FGFR3,Plasma,0.0,0.0,1312
ATP1A1,FGF9,FGFR4,FGF9$FGFR4,Plasma,0.0,0.0,1312
ATP1A1,PDGFA,PDGFRA,PDGFA$PDGFRA,Plasma,0.0,0.0,1312
ATP1A1,PDGFA,PDGFRB,PDGFA$PDGFRB,Plasma,0.0,0.0,1312
ATP1A1,PDGFC,PDGFRA,PDGFC$PDGFRA,Plasma,0.0,0.0,1312
ATP1A1,VEGFA,KDR,VEGFA$KDR,Plasma,0.0,0.0,1312
ATP1A1,IGF1,ITGA6,IGF1$ITGA6,Plasma,0.0,0.0,1312
ATP1A1,IGF1,ITGB4,IGF1$ITGB4,Plasma,0.0,0.0,1312
ATP1A1,IHH,PTCH1,IHH$PTCH1,Plasma,0.0,0.0,1312
ATP1A1,SHH,PTCH1,SHH$PTCH1,Plasma,0.0,0.0,1312
ATP1A1,CCL15,CCR1,CCL15$CCR1,Plasma,0.0,0.0,1312
ATP1A1,CXCL12,CXCR4,CXCL12$CXCR4,Plasma,0.0,0.0,1312
ATP1A1,CXCL12,ACKR3,CXCL12$ACKR3,Plasma,0.0,0.0,1312
ATP1A1,IL2,IL2RG,IL2$IL2RG,Plasma,0.0,0.0,1312
ATP1A1,IL7,IL2RG,IL7$IL2RG,Plasma,0.0,0.0,1312
ATP1A1,IL15,IL2RG,IL15$IL2RG,Plasma,0.0,0.0,1312
ATP1A1,IL21,IL2RG,IL21$IL2RG,Plasma,0.0,0.0,1312
ATP1A1,LIF,IL6ST,LIF$IL6ST,Plasma,0.0,0.0,1312
ATP1A1,IL16,CD4,IL16$CD4,Plasma,0.0,0.0,1312
ATP1A1,TNFSF14,LTBR,TNFSF14$LTBR,Plasma,0.0,0.0,1312
ATP1A1,TNFSF14,TNFRSF14,TNFSF14$TNFRSF14,Plasma,0.0,0.0,1312
ATP1A1,TNFSF10,TNFRSF10A,TNFSF10$TNFRSF10A,Plasma,0.0,0.0,1312
ATP1A1,TNFSF13,TNFRSF17,TNFSF13$TNFRSF17,Plasma,0.0,0.0,1312
ATP1A1,TNFSF13,TNFRSF13B,TNFSF13$TNFRSF13B,Plasma,0.0,0.0,1312
ATP1A1,ANGPTL2,TLR4,ANGPTL2$TLR4,Plasma,0.0,0.0,1312
ATP1A1,POSTN,ITGAV,POSTN$ITGAV,Plasma,0.0,0.0,1312
ATP1A1,POSTN,ITGB3,POSTN$ITGB3,Plasma,0.0,0.0,1312
ATP1A1,POSTN,ITGB5,POSTN$ITGB5,Plasma,0.0,0.0,1312
ATP1A1,CTSG,F2RL1,CTSG$F2RL1,Plasma,0.0,0.0,1312
ATP1A1,PLG,F2RL1,PLG$F2RL1,Plasma,0.0,0.0,1312
ATP1A1,GZMA,F2RL1,GZMA$F2RL1,Plasma,0.0,0.0,1312
ATP1A1,VIP,VIPR1,VIP$VIPR1,Plasma,0.0,0.0,1312
ATP1A1,KITLG,KIT,KITLG$KIT,Plasma,0.0,0.0,1312
ATP1A1,SEMA3A,NRP1,SEMA3A$NRP1,Plasma,0.0,0.0,1312
ATP1A1,SEMA3C,NRP1,SEMA3C$NRP1,Plasma,0.0,0.0,1312
ATP1A1,GAS6,AXL,GAS6$AXL,Plasma,0.0,0.0,1312
ATP1A1,GAS6,MERTK,GAS6$MERTK,Plasma,0.0,0.0,1312
ATP1A1,GAS6,TYRO3,GAS6$TYRO3,Plasma,0.0,0.0,1312
ATP1A1,GRN,SORT1,GRN$SORT1,Plasma,0.0,0.0,1312
ATP1A1,GUCA2A,GUCY2C,GUCA2A$GUCY2C,Plasma,0.0,0.0,1312
ATP1A1,PROS1,AXL,PROS1$AXL,Plasma,0.0,0.0,1312
ATP1A1,BTLA,TNFRSF14,BTLA$TNFRSF14,Plasma,0.0,0.0,1312
ATP1A1,LGALS9,HAVCR2,LGALS9$HAVCR2,Plasma,0.0,0.0,1312
ATP1A1,LGALS9,CD44,LGALS9$CD44,Plasma,0.0,0.0,1312
ATP1A1,LAMA3,ITGA3,LAMA3$ITGA3,Plasma,0.0,0.0,1312
ATP1A1,LAMB3,ITGA3,LAMB3$ITGA3,Plasma,0.0,0.0,1312
ATP1A1,LAMC1,ITGA3,LAMC1$ITGA3,Plasma,0.0,0.0,1312
ATP1A1,THBS1,ITGA3,THBS1$ITGA3,Plasma,0.0,0.0,1312
ATP1A1,COL4A1,ITGA3,COL4A1$ITGA3,Plasma,0.0,0.0,1312
ATP1A1,COL6A2,ITGA3,COL6A2$ITGA3,Plasma,0.0,0.0,1312
ATP1A1,LAMA3,ITGA6,LAMA3$ITGA6,Plasma,0.0,0.0,1312
ATP1A1,LAMA3,ITGB4,LAMA3$ITGB4,Plasma,0.0,0.0,1312
ATP1A1,LAMB3,ITGB4,LAMB3$ITGB4,Plasma,0.0,0.0,1312
ATP1A1,COL6A2,SDC4,COL6A2$SDC4,Plasma,0.0,0.0,1312
ATP1A1,THBS1,SDC4,THBS1$SDC4,Plasma,0.0,0.0,1312
ATP1A1,THBS1,CD47,THBS1$CD47,Plasma,0.0,0.0,1312
ATP1A1,HSPG2,DAG1,HSPG2$DAG1,Plasma,0.0,0.0,1312
ATP1A1,LAMB3,DAG1,LAMB3$DAG1,Plasma,0.0,0.0,1312
ATP1A1,CD99,CD99,CD99$CD99,Plasma,0.0,0.0,1312
ATP1A1,CDH1,CDH1,CDH1$CDH1,Plasma,0.0,0.0,1312
ATP1A1,CDH1,ITGA2,CDH1$ITGA2,Plasma,0.0,0.0,1312
ATP1A1,F11R,ITGB2,F11R$ITGB2,Plasma,0.0,0.0,1312
ATP1A1,F11R,F11R,F11R$F11R,Plasma,0.0,0.0,1312
ATP1A1,HLA-DRA,CD4,HLA-DRA$CD4,Plasma,0.0,0.0,1312
ATP1A1,HLA-DRB1,CD4,HLA-DRB1$CD4,Plasma,0.0,0.0,1312
ATP1A1,MPZL1,MPZL1,MPZL1$MPZL1,Plasma,0.0,0.0,1312
ATP1A1,NECTIN3,PVR,NECTIN3$PVR,Plasma,0.0,0.0,1312
ATP1A1,JAG1,NOTCH2,JAG1$NOTCH2,Plasma,0.0,0.0,1312
ATP1A1,OCLN,OCLN,OCLN$OCLN,Plasma,0.0,0.0,1312
ATP1A1,SEMA4D,PLXNB2,SEMA4D$PLXNB2,Plasma,0.0,0.0,1312
ATP1A1,TGFB1,TGFBR2,TGFB1$TGFBR2,T,0.0,0.0,526
ATP1A1,TGFB1,ACVR1B,TGFB1$ACVR1B,T,0.0,0.0,526
ATP1A1,BMP2,BMPR1A,BMP2$BMPR1A,T,0.0,0.0,526
ATP1A1,BMP2,ACVR2A,BMP2$ACVR2A,T,0.0,0.0,526
ATP1A1,BMP2,BMPR2,BMP2$BMPR2,T,0.0,0.0,526
ATP1A1,BMP4,BMPR1A,BMP4$BMPR1A,T,0.0,0.0,526
ATP1A1,BMP4,ACVR2A,BMP4$ACVR2A,T,0.0,0.0,526
ATP1A1,BMP4,BMPR2,BMP4$BMPR2,T,0.0,0.0,526
ATP1A1,BMP6,ACVR2A,BMP6$ACVR2A,T,0.0,0.0,526
ATP1A1,BMP6,BMPR2,BMP6$BMPR2,T,0.0,0.0,526
ATP1A1,BMP6,BMPR1A,BMP6$BMPR1A,T,0.0,0.0,526
ATP1A1,BMP7,BMPR2,BMP7$BMPR2,T,0.0,0.0,526
ATP1A1,BMP8A,BMPR2,BMP8A$BMPR2,T,0.0,0.0,526
ATP1A1,BMP8A,BMPR1A,BMP8A$BMPR1A,T,0.0,0.0,526
ATP1A1,BMP8B,BMPR2,BMP8B$BMPR2,T,0.0,0.0,526
ATP1A1,BMP8B,BMPR1A,BMP8B$BMPR1A,T,0.0,0.0,526
ATP1A1,GDF2,ACVRL1,GDF2$ACVRL1,T,0.0,0.0,526
ATP1A1,GDF11,ACVR1B,GDF11$ACVR1B,T,0.0,0.0,526
ATP1A1,MSTN,ACVR1B,MSTN$ACVR1B,T,0.0,0.0,526
ATP1A1,MSTN,ACVR2A,MSTN$ACVR2A,T,0.0,0.0,526
ATP1A1,INHBA,ACVR1B,INHBA$ACVR1B,T,0.0,0.0,526
ATP1A1,TGFA,EGFR,TGFA$EGFR,T,0.0,0.0,526
ATP1A1,TGFA,ERBB2,TGFA$ERBB2,T,0.0,0.0,526
ATP1A1,HBEGF,EGFR,HBEGF$EGFR,T,0.0,0.0,526
ATP1A1,HBEGF,ERBB2,HBEGF$ERBB2,T,0.0,0.0,526
ATP1A1,EREG,ERBB2,EREG$ERBB2,T,0.0,0.0,526
ATP1A1,FGF2,FGFR3,FGF2$FGFR3,T,0.0,0.0,526
ATP1A1,FGF2,FGFR4,FGF2$FGFR4,T,0.0,0.0,526
ATP1A1,FGF7,FGFR2,FGF7$FGFR2,T,0.0,0.0,526
ATP1A1,FGF9,FGFR3,FGF9$FGFR3,T,0.0,0.0,526
ATP1A1,FGF9,FGFR4,FGF9$FGFR4,T,0.0,0.0,526
ATP1A1,PDGFA,PDGFRA,PDGFA$PDGFRA,T,0.0,0.0,526
ATP1A1,PDGFA,PDGFRB,PDGFA$PDGFRB,T,0.0,0.0,526
ATP1A1,PDGFC,PDGFRA,PDGFC$PDGFRA,T,0.0,0.0,526
ATP1A1,VEGFA,KDR,VEGFA$KDR,T,0.0,0.0,526
ATP1A1,IGF1,ITGA6,IGF1$ITGA6,T,0.0,0.0,526
ATP1A1,IGF1,ITGB4,IGF1$ITGB4,T,0.0,0.0,526
ATP1A1,IHH,PTCH1,IHH$PTCH1,T,0.0,0.0,526
ATP1A1,SHH,PTCH1,SHH$PTCH1,T,0.0,0.0,526
ATP1A1,CCL15,CCR1,CCL15$CCR1,T,0.0,0.0,526
ATP1A1,CXCL12,CXCR4,CXCL12$CXCR4,T,0.0,0.0,526
ATP1A1,CXCL12,ACKR3,CXCL12$ACKR3,T,0.0,0.0,526
ATP1A1,IL2,IL2RG,IL2$IL2RG,T,0.0,0.0,526
ATP1A1,IL7,IL2RG,IL7$IL2RG,T,0.0,0.0,526
ATP1A1,IL15,IL2RG,IL15$IL2RG,T,0.0,0.0,526
ATP1A1,IL21,IL2RG,IL21$IL2RG,T,0.0,0.0,526
ATP1A1,LIF,IL6ST,LIF$IL6ST,T,0.0,0.0,526
ATP1A1,IL16,CD4,IL16$CD4,T,0.0,0.0,526
ATP1A1,TNFSF14,LTBR,TNFSF14$LTBR,T,0.0,0.0,526
ATP1A1,TNFSF14,TNFRSF14,TNFSF14$TNFRSF14,T,0.0,0.0,526
ATP1A1,TNFSF10,TNFRSF10A,TNFSF10$TNFRSF10A,T,0.0,0.0,526
ATP1A1,TNFSF13,TNFRSF17,TNFSF13$TNFRSF17,T,0.0,0.0,526
ATP1A1,TNFSF13,TNFRSF13B,TNFSF13$TNFRSF13B,T,0.0,0.0,526
ATP1A1,ANGPTL2,TLR4,ANGPTL2$TLR4,T,0.0,0.0,526
ATP1A1,POSTN,ITGAV,POSTN$ITGAV,T,0.0,0.0,526
ATP1A1,POSTN,ITGB3,POSTN$ITGB3,T,0.0,0.0,526
ATP1A1,POSTN,ITGB5,POSTN$ITGB5,T,0.0,0.0,526
ATP1A1,CTSG,F2RL1,CTSG$F2RL1,T,0.0,0.0,526
ATP1A1,PLG,F2RL1,PLG$F2RL1,T,0.0,0.0,526
ATP1A1,GZMA,F2RL1,GZMA$F2RL1,T,0.0,0.0,526
ATP1A1,VIP,VIPR1,VIP$VIPR1,T,0.0,0.0,526
ATP1A1,KITLG,KIT,KITLG$KIT,T,0.0,0.0,526
ATP1A1,SEMA3A,NRP1,SEMA3A$NRP1,T,0.0,0.0,526
ATP1A1,SEMA3C,NRP1,SEMA3C$NRP1,T,0.0,0.0,526
ATP1A1,GAS6,AXL,GAS6$AXL,T,0.0,0.0,526
ATP1A1,GAS6,MERTK,GAS6$MERTK,T,0.0,0.0,526
ATP1A1,GAS6,TYRO3,GAS6$TYRO3,T,0.0,0.0,526
ATP1A1,GRN,SORT1,GRN$SORT1,T,0.0,0.0,526
ATP1A1,GUCA2A,GUCY2C,GUCA2A$GUCY2C,T,0.0,0.0,526
ATP1A1,PROS1,AXL,PROS1$AXL,T,0.0,0.0,526
ATP1A1,BTLA,TNFRSF14,BTLA$TNFRSF14,T,0.0,0.0,526
ATP1A1,LGALS9,HAVCR2,LGALS9$HAVCR2,T,0.0,0.0,526
ATP1A1,LGALS9,CD44,LGALS9$CD44,T,0.0,0.0,526
ATP1A1,LAMA3,ITGA3,LAMA3$ITGA3,T,0.0,0.0,526
ATP1A1,LAMB3,ITGA3,LAMB3$ITGA3,T,0.0,0.0,526
ATP1A1,LAMC1,ITGA3,LAMC1$ITGA3,T,0.0,0.0,526
ATP1A1,THBS1,ITGA3,THBS1$ITGA3,T,0.0,0.0,526
ATP1A1,COL4A1,ITGA3,COL4A1$ITGA3,T,0.0,0.0,526
ATP1A1,COL6A2,ITGA3,COL6A2$ITGA3,T,0.0,0.0,526
ATP1A1,LAMA3,ITGA6,LAMA3$ITGA6,T,0.0,0.0,526
ATP1A1,LAMA3,ITGB4,LAMA3$ITGB4,T,0.0,0.0,526
ATP1A1,LAMB3,ITGB4,LAMB3$ITGB4,T,0.0,0.0,526
ATP1A1,COL6A2,SDC4,COL6A2$SDC4,T,0.0,0.0,526
ATP1A1,THBS1,SDC4,THBS1$SDC4,T,0.0,0.0,526
ATP1A1,THBS1,CD47,THBS1$CD47,T,0.0,0.0,526
ATP1A1,HSPG2,DAG1,HSPG2$DAG1,T,0.0,0.0,526
ATP1A1,LAMB3,DAG1,LAMB3$DAG1,T,0.0,0.0,526
ATP1A1,CD99,CD99,CD99$CD99,T,0.0,0.0,526
ATP1A1,CDH1,CDH1,CDH1$CDH1,T,0.0,0.0,526
ATP1A1,CDH1,ITGA2,CDH1$ITGA2,T,0.0,0.0,526
ATP1A1,F11R,ITGB2,F11R$ITGB2,T,0.0,0.0,526
ATP1A1,F11R,F11R,F11R$F11R,T,0.0,0.0,526
ATP1A1,HLA-DRA,CD4,HLA-DRA$CD4,T,0.0,0.0,526
ATP1A1,HLA-DRB1,CD4,HLA-DRB1$CD4,T,0.0,0.0,526
ATP1A1,MPZL1,MPZL1,MPZL1$MPZL1,T,0.0,0.0,526
ATP1A1,NECTIN3,PVR,NECTIN3$PVR,T,0.0,0.0,526
ATP1A1,JAG1,NOTCH2,JAG1$NOTCH2,T,0.0,0.0,526
ATP1A1,OCLN,OCLN,OCLN$OCLN,T,0.0,0.0,526
ATP1A1,SEMA4D,PLXNB2,SEMA4D$PLXNB2,T,0.0,0.0,526
CD3E,TGFB1,TGFBR2,TGFB1$TGFBR2,Endothelial,0.0,0.0,243
CD3E,BMP2,BMPR1A,BMP2$BMPR1A,Endothelial,0.0,0.0,243
CD3E,BMP2,ACVR2A,BMP2$ACVR2A,Endothelial,0.0,0.0,243
CD3E,BMP2,BMPR2,BMP2$BMPR2,Endothelial,0.0,0.0,243
CD3E,BMP4,ACVR2A,BMP4$ACVR2A,Endothelial,0.0,0.0,243
CD3E,BMP4,BMPR2,BMP4$BMPR2,Endothelial,0.0,0.0,243
CD3E,BMP6,BMPR2,BMP6$BMPR2,Endothelial,0.0,0.0,243
CD3E,BMP7,BMPR2,BMP7$BMPR2,Endothelial,0.0,0.0,243
CD3E,PDGFA,PDGFRA,PDGFA$PDGFRA,Endothelial,0.0,0.0,243
CD3E,IHH,PTCH1,IHH$PTCH1,Endothelial,0.0,0.0,243
CD3E,CCL15,CCR1,CCL15$CCR1,Endothelial,0.0,0.0,243
CD3E,CXCL12,CXCR4,CXCL12$CXCR4,Endothelial,0.0,0.0,243
CD3E,CXCL12,ACKR3,CXCL12$ACKR3,Endothelial,0.0,0.0,243
CD3E,CXCL16,CXCR6,CXCL16$CXCR6,Endothelial,0.0,0.0,243
CD3E,IL7,IL2RG,IL7$IL2RG,Endothelial,0.0,0.0,243
CD3E,IL15,IL2RB,IL15$IL2RB,Endothelial,0.0,0.0,243
CD3E,IL15,IL2RG,IL15$IL2RG,Endothelial,0.0,0.0,243
CD3E,LIF,IL6ST,LIF$IL6ST,Endothelial,0.0,0.0,243
CD3E,IL16,CD4,IL16$CD4,Endothelial,0.0,0.0,243
CD3E,TNFSF14,TNFRSF14,TNFSF14$TNFRSF14,Endothelial,0.0,0.0,243
CD3E,TNFSF10,TNFRSF10A,TNFSF10$TNFRSF10A,Endothelial,0.0,0.0,243
CD3E,CD40LG,ITGB2,CD40LG$ITGB2,Endothelial,0.0,0.0,243
CD3E,POSTN,ITGAV,POSTN$ITGAV,Endothelial,0.0,0.0,243
CD3E,POSTN,ITGB3,POSTN$ITGB3,Endothelial,0.0,0.0,243
CD3E,POSTN,ITGB5,POSTN$ITGB5,Endothelial,0.0,0.0,243
CD3E,GAS6,AXL,GAS6$AXL,Endothelial,0.0,0.0,243
CD3E,GAS6,MERTK,GAS6$MERTK,Endothelial,0.0,0.0,243
CD3E,GAS6,TYRO3,GAS6$TYRO3,Endothelial,0.0,0.0,243
CD3E,GRN,SORT1,GRN$SORT1,Endothelial,0.0,0.0,243
CD3E,GUCA2A,GUCY2C,GUCA2A$GUCY2C,Endothelial,0.0,0.0,243
CD3E,PROS1,AXL,PROS1$AXL,Endothelial,0.0,0.0,243
CD3E,BTLA,TNFRSF14,BTLA$TNFRSF14,Endothelial,0.0,0.0,243
CD3E,LGALS9,CD44,LGALS9$CD44,Endothelial,0.0,0.0,243
CD3E,COL6A2,CD44,COL6A2$CD44,Endothelial,0.0,0.0,243
CD3E,F11R,ITGAL,F11R$ITGAL,Endothelial,0.0,0.0,243
CD3E,F11R,F11R,F11R$F11R,Endothelial,0.0,0.0,243
CD3E,LCK,CD8A,LCK$CD8A,Endothelial,0.0,0.0,243
CD3E,HLA-DRA,CD4,HLA-DRA$CD4,Endothelial,0.0,0.0,243
CD3E,TGFB1,TGFBR2,TGFB1$TGFBR2,Enteric_glia,0.0,0.0,283
CD3E,BMP2,BMPR1A,BMP2$BMPR1A,Enteric_glia,0.0,0.0,283
CD3E,BMP2,ACVR2A,BMP2$ACVR2A,Enteric_glia,0.0,0.0,283
CD3E,BMP2,BMPR2,BMP2$BMPR2,Enteric_glia,0.0,0.0,283
CD3E,BMP4,ACVR2A,BMP4$ACVR2A,Enteric_glia,0.0,0.0,283
CD3E,BMP4,BMPR2,BMP4$BMPR2,Enteric_glia,0.0,0.0,283
CD3E,BMP6,BMPR2,BMP6$BMPR2,Enteric_glia,0.0,0.0,283
CD3E,BMP7,BMPR2,BMP7$BMPR2,Enteric_glia,0.0,0.0,283
CD3E,PDGFA,PDGFRA,PDGFA$PDGFRA,Enteric_glia,0.0,0.0,283
CD3E,IHH,PTCH1,IHH$PTCH1,Enteric_glia,0.0,0.0,283
CD3E,CCL15,CCR1,CCL15$CCR1,Enteric_glia,0.0,0.0,283
CD3E,CXCL12,CXCR4,CXCL12$CXCR4,Enteric_glia,0.0,0.0,283
CD3E,CXCL12,ACKR3,CXCL12$ACKR3,Enteric_glia,0.0,0.0,283
CD3E,CXCL16,CXCR6,CXCL16$CXCR6,Enteric_glia,0.0,0.0,283
CD3E,IL7,IL2RG,IL7$IL2RG,Enteric_glia,0.0,0.0,283
CD3E,IL15,IL2RB,IL15$IL2RB,Enteric_glia,0.0,0.0,283
CD3E,IL15,IL2RG,IL15$IL2RG,Enteric_glia,0.0,0.0,283
CD3E,LIF,IL6ST,LIF$IL6ST,Enteric_glia,0.0,0.0,283
CD3E,IL16,CD4,IL16$CD4,Enteric_glia,0.0,0.0,283
CD3E,TNFSF14,TNFRSF14,TNFSF14$TNFRSF14,Enteric_glia,0.0,0.0,283
CD3E,TNFSF10,TNFRSF10A,TNFSF10$TNFRSF10A,Enteric_glia,0.0,0.0,283
CD3E,CD40LG,ITGB2,CD40LG$ITGB2,Enteric_glia,0.0,0.0,283
CD3E,POSTN,ITGAV,POSTN$ITGAV,Enteric_glia,0.0,0.0,283
CD3E,POSTN,ITGB3,POSTN$ITGB3,Enteric_glia,0.0,0.0,283
CD3E,POSTN,ITGB5,POSTN$ITGB5,Enteric_glia,0.0,0.0,283
CD3E,GAS6,AXL,GAS6$AXL,Enteric_glia,0.0,0.0,283
CD3E,GAS6,MERTK,GAS6$MERTK,Enteric_glia,0.0,0.0,283
CD3E,GAS6,TYRO3,GAS6$TYRO3,Enteric_glia,0.0,0.0,283
CD3E,GRN,SORT1,GRN$SORT1,Enteric_glia,0.0,0.0,283
CD3E,GUCA2A,GUCY2C,GUCA2A$GUCY2C,Enteric_glia,0.0,0.0,283
CD3E,PROS1,AXL,PROS1$AXL,Enteric_glia,0.0,0.0,283
CD3E,BTLA,TNFRSF14,BTLA$TNFRSF14,Enteric_glia,0.0,0.0,283
CD3E,LGALS9,CD44,LGALS9$CD44,Enteric_glia,0.0,0.0,283
CD3E,COL6A2,CD44,COL6A2$CD44,Enteric_glia,0.0,0.0,283
CD3E,F11R,ITGAL,F11R$ITGAL,Enteric_glia,0.0,0.0,283
CD3E,F11R,F11R,F11R$F11R,Enteric_glia,0.0,0.0,283
CD3E,LCK,CD8A,LCK$CD8A,Enteric_glia,0.0,0.0,283
CD3E,HLA-DRA,CD4,HLA-DRA$CD4,Enteric_glia,0.0,0.0,283
CD3E,TGFB1,TGFBR2,TGFB1$TGFBR2,Fibroblast,0.0,0.0,1369
CD3E,BMP2,BMPR1A,BMP2$BMPR1A,Fibroblast,0.0,0.0,1369
CD3E,BMP2,ACVR2A,BMP2$ACVR2A,Fibroblast,0.0,0.0,1369
CD3E,BMP2,BMPR2,BMP2$BMPR2,Fibroblast,0.0,0.0,1369
CD3E,BMP4,ACVR2A,BMP4$ACVR2A,Fibroblast,0.0,0.0,1369
CD3E,BMP4,BMPR2,BMP4$BMPR2,Fibroblast,0.0,0.0,1369
CD3E,BMP6,BMPR2,BMP6$BMPR2,Fibroblast,0.0,0.0,1369
CD3E,BMP7,BMPR2,BMP7$BMPR2,Fibroblast,0.0,0.0,1369
CD3E,PDGFA,PDGFRA,PDGFA$PDGFRA,Fibroblast,0.0,0.0,1369
CD3E,IHH,PTCH1,IHH$PTCH1,Fibroblast,0.0,0.0,1369
CD3E,CCL15,CCR1,CCL15$CCR1,Fibroblast,0.0,0.0,1369
CD3E,CXCL12,CXCR4,CXCL12$CXCR4,Fibroblast,0.0,0.0,1369
CD3E,CXCL12,ACKR3,CXCL12$ACKR3,Fibroblast,0.0,0.0,1369
CD3E,CXCL16,CXCR6,CXCL16$CXCR6,Fibroblast,0.0,0.0,1369
CD3E,IL7,IL2RG,IL7$IL2RG,Fibroblast,0.0,0.0,1369
CD3E,IL15,IL2RB,IL15$IL2RB,Fibroblast,0.0,0.0,1369
CD3E,IL15,IL2RG,IL15$IL2RG,Fibroblast,0.0,0.0,1369
CD3E,LIF,IL6ST,LIF$IL6ST,Fibroblast,0.0,0.0,1369
CD3E,IL16,CD4,IL16$CD4,Fibroblast,0.0,0.0,1369
CD3E,TNFSF14,TNFRSF14,TNFSF14$TNFRSF14,Fibroblast,0.0,0.0,1369
CD3E,TNFSF10,TNFRSF10A,TNFSF10$TNFRSF10A,Fibroblast,0.0,0.0,1369
CD3E,CD40LG,ITGB2,CD40LG$ITGB2,Fibroblast,0.0,0.0,1369
CD3E,POSTN,ITGAV,POSTN$ITGAV,Fibroblast,0.0,0.0,1369
CD3E,POSTN,ITGB3,POSTN$ITGB3,Fibroblast,0.0,0.0,1369
CD3E,POSTN,ITGB5,POSTN$ITGB5,Fibroblast,0.0,0.0,1369
CD3E,GAS6,AXL,GAS6$AXL,Fibroblast,0.0,0.0,1369
CD3E,GAS6,MERTK,GAS6$MERTK,Fibroblast,0.0,0.0,1369
CD3E,GAS6,TYRO3,GAS6$TYRO3,Fibroblast,0.0,0.0,1369
CD3E,GRN,SORT1,GRN$SORT1,Fibroblast,0.0,0.0,1369
CD3E,GUCA2A,GUCY2C,GUCA2A$GUCY2C,Fibroblast,0.0,0.0,1369
CD3E,PROS1,AXL,PROS1$AXL,Fibroblast,0.0,0.0,1369
CD3E,BTLA,TNFRSF14,BTLA$TNFRSF14,Fibroblast,0.0,0.0,1369
CD3E,LGALS9,CD44,LGALS9$CD44,Fibroblast,0.0,0.0,1369
CD3E,COL6A2,CD44,COL6A2$CD44,Fibroblast,0.0,0.0,1369
CD3E,F11R,ITGAL,F11R$ITGAL,Fibroblast,0.0,0.0,1369
CD3E,F11R,F11R,F11R$F11R,Fibroblast,0.0,0.0,1369
CD3E,LCK,CD8A,LCK$CD8A,Fibroblast,0.0,0.0,1369
CD3E,HLA-DRA,CD4,HLA-DRA$CD4,Fibroblast,0.0,0.0,1369
CD3E,TGFB1,TGFBR2,TGFB1$TGFBR2,IEC,0.0,0.0,5043
CD3E,BMP2,BMPR1A,BMP2$BMPR1A,IEC,0.0,0.0,5043
CD3E,BMP2,ACVR2A,BMP2$ACVR2A,IEC,0.0,0.0,5043
CD3E,BMP2,BMPR2,BMP2$BMPR2,IEC,0.0,0.0,5043
CD3E,BMP4,ACVR2A,BMP4$ACVR2A,IEC,0.0,0.0,5043
CD3E,BMP4,BMPR2,BMP4$BMPR2,IEC,0.0,0.0,5043
CD3E,BMP6,BMPR2,BMP6$BMPR2,IEC,0.0,0.0,5043
CD3E,BMP7,BMPR2,BMP7$BMPR2,IEC,0.0,0.0,5043
CD3E,PDGFA,PDGFRA,PDGFA$PDGFRA,IEC,0.0,0.0,5043
CD3E,IHH,PTCH1,IHH$PTCH1,IEC,0.0,0.0,5043
CD3E,CCL15,CCR1,CCL15$CCR1,IEC,0.0,0.0,5043
CD3E,CXCL12,CXCR4,CXCL12$CXCR4,IEC,0.0,0.0,5043
CD3E,CXCL12,ACKR3,CXCL12$ACKR3,IEC,0.0,0.0,5043
CD3E,CXCL16,CXCR6,CXCL16$CXCR6,IEC,0.0,0.0,5043
CD3E,IL7,IL2RG,IL7$IL2RG,IEC,0.0,0.0,5043
CD3E,IL15,IL2RB,IL15$IL2RB,IEC,0.0,0.0,5043
CD3E,IL15,IL2RG,IL15$IL2RG,IEC,0.0,0.0,5043
CD3E,LIF,IL6ST,LIF$IL6ST,IEC,0.0,0.0,5043
CD3E,IL16,CD4,IL16$CD4,IEC,0.0,0.0,5043
CD3E,TNFSF14,TNFRSF14,TNFSF14$TNFRSF14,IEC,0.0,0.0,5043
CD3E,TNFSF10,TNFRSF10A,TNFSF10$TNFRSF10A,IEC,0.0,0.0,5043
CD3E,CD40LG,ITGB2,CD40LG$ITGB2,IEC,0.0,0.0,5043
CD3E,POSTN,ITGAV,POSTN$ITGAV,IEC,0.0,0.0,5043
CD3E,POSTN,ITGB3,POSTN$ITGB3,IEC,0.0,0.0,5043
CD3E,POSTN,ITGB5,POSTN$ITGB5,IEC,0.0,0.0,5043
CD3E,GAS6,AXL,GAS6$AXL,IEC,0.0,0.0,5043
CD3E,GAS6,MERTK,GAS6$MERTK,IEC,0.0,0.0,5043
CD3E,GAS6,TYRO3,GAS6$TYRO3,IEC,0.0,0.0,5043
CD3E,GRN,SORT1,GRN$SORT1,IEC,0.0,0.0,5043
CD3E,GUCA2A,GUCY2C,GUCA2A$GUCY2C,IEC,0.0,0.0,5043
CD3E,PROS1,AXL,PROS1$AXL,IEC,0.0,0.0,5043
CD3E,BTLA,TNFRSF14,BTLA$TNFRSF14,IEC,0.0,0.0,5043
CD3E,LGALS9,CD44,LGALS9$CD44,IEC,0.0,0.0,5043
CD3E,COL6A2,CD44,COL6A2$CD44,IEC,0.0,0.0,5043
CD3E,F11R,ITGAL,F11R$ITGAL,IEC,0.0,0.0,5043
CD3E,F11R,F11R,F11R$F11R,IEC,0.0,0.0,5043
CD3E,LCK,CD8A,LCK$CD8A,IEC,0.0,0.0,5043
CD3E,HLA-DRA,CD4,HLA-DRA$CD4,IEC,0.0,0.0,5043
CD3E,TGFB1,TGFBR2,TGFB1$TGFBR2,MAST,0.0,0.0,131
CD3E,BMP2,BMPR1A,BMP2$BMPR1A,MAST,0.0,0.0,131
CD3E,BMP2,ACVR2A,BMP2$ACVR2A,MAST,0.0,0.0,131
CD3E,BMP2,BMPR2,BMP2$BMPR2,MAST,0.0,0.0,131
CD3E,BMP4,ACVR2A,BMP4$ACVR2A,MAST,0.0,0.0,131
CD3E,BMP4,BMPR2,BMP4$BMPR2,MAST,0.0,0.0,131
CD3E,BMP6,BMPR2,BMP6$BMPR2,MAST,0.0,0.0,131
CD3E,BMP7,BMPR2,BMP7$BMPR2,MAST,0.0,0.0,131
CD3E,PDGFA,PDGFRA,PDGFA$PDGFRA,MAST,0.0,0.0,131
CD3E,IHH,PTCH1,IHH$PTCH1,MAST,0.0,0.0,131
CD3E,CCL15,CCR1,CCL15$CCR1,MAST,0.0,0.0,131
CD3E,CXCL12,CXCR4,CXCL12$CXCR4,MAST,0.0,0.0,131
CD3E,CXCL12,ACKR3,CXCL12$ACKR3,MAST,0.0,0.0,131
CD3E,CXCL16,CXCR6,CXCL16$CXCR6,MAST,0.0,0.0,131
CD3E,IL7,IL2RG,IL7$IL2RG,MAST,0.0,0.0,131
CD3E,IL15,IL2RB,IL15$IL2RB,MAST,0.0,0.0,131
CD3E,IL15,IL2RG,IL15$IL2RG,MAST,0.0,0.0,131
CD3E,LIF,IL6ST,LIF$IL6ST,MAST,0.0,0.0,131
CD3E,IL16,CD4,IL16$CD4,MAST,0.0,0.0,131
CD3E,TNFSF14,TNFRSF14,TNFSF14$TNFRSF14,MAST,0.0,0.0,131
CD3E,TNFSF10,TNFRSF10A,TNFSF10$TNFRSF10A,MAST,0.0,0.0,131
CD3E,CD40LG,ITGB2,CD40LG$ITGB2,MAST,0.0,0.0,131
CD3E,POSTN,ITGAV,POSTN$ITGAV,MAST,0.0,0.0,131
CD3E,POSTN,ITGB3,POSTN$ITGB3,MAST,0.0,0.0,131
CD3E,POSTN,ITGB5,POSTN$ITGB5,MAST,0.0,0.0,131
CD3E,GAS6,AXL,GAS6$AXL,MAST,0.0,0.0,131
CD3E,GAS6,MERTK,GAS6$MERTK,MAST,0.0,0.0,131
CD3E,GAS6,TYRO3,GAS6$TYRO3,MAST,0.0,0.0,131
CD3E,GRN,SORT1,GRN$SORT1,MAST,0.0,0.0,131
CD3E,GUCA2A,GUCY2C,GUCA2A$GUCY2C,MAST,0.0,0.0,131
CD3E,PROS1,AXL,PROS1$AXL,MAST,0.0,0.0,131
CD3E,BTLA,TNFRSF14,BTLA$TNFRSF14,MAST,0.0,0.0,131
CD3E,LGALS9,CD44,LGALS9$CD44,MAST,0.0,0.0,131
CD3E,COL6A2,CD44,COL6A2$CD44,MAST,0.0,0.0,131
CD3E,F11R,ITGAL,F11R$ITGAL,MAST,0.0,0.0,131
CD3E,F11R,F11R,F11R$F11R,MAST,0.0,0.0,131
CD3E,LCK,CD8A,LCK$CD8A,MAST,0.0,0.0,131
CD3E,HLA-DRA,CD4,HLA-DRA$CD4,MAST,0.0,0.0,131
CD3E,TGFB1,TGFBR2,TGFB1$TGFBR2,MNP,0.0,0.0,505
CD3E,BMP2,BMPR1A,BMP2$BMPR1A,MNP,0.0,0.0,505
CD3E,BMP2,ACVR2A,BMP2$ACVR2A,MNP,0.0,0.0,505
CD3E,BMP2,BMPR2,BMP2$BMPR2,MNP,0.0,0.0,505
CD3E,BMP4,ACVR2A,BMP4$ACVR2A,MNP,0.0,0.0,505
CD3E,BMP4,BMPR2,BMP4$BMPR2,MNP,0.0,0.0,505
CD3E,BMP6,BMPR2,BMP6$BMPR2,MNP,0.0,0.0,505
CD3E,BMP7,BMPR2,BMP7$BMPR2,MNP,0.0,0.0,505
CD3E,PDGFA,PDGFRA,PDGFA$PDGFRA,MNP,0.0,0.0,505
CD3E,IHH,PTCH1,IHH$PTCH1,MNP,0.0,0.0,505
CD3E,CCL15,CCR1,CCL15$CCR1,MNP,0.0,0.0,505
CD3E,CXCL12,CXCR4,CXCL12$CXCR4,MNP,0.0,0.0,505
CD3E,CXCL12,ACKR3,CXCL12$ACKR3,MNP,0.0,0.0,505
CD3E,CXCL16,CXCR6,CXCL16$CXCR6,MNP,0.0,0.0,505
CD3E,IL7,IL2RG,IL7$IL2RG,MNP,0.0,0.0,505
CD3E,IL15,IL2RB,IL15$IL2RB,MNP,0.0,0.0,505
CD3E,IL15,IL2RG,IL15$IL2RG,MNP,0.0,0.0,505
CD3E,LIF,IL6ST,LIF$IL6ST,MNP,0.0,0.0,505
CD3E,IL16,CD4,IL16$CD4,MNP,0.0,0.0,505
CD3E,TNFSF14,TNFRSF14,TNFSF14$TNFRSF14,MNP,0.0,0.0,505
CD3E,TNFSF10,TNFRSF10A,TNFSF10$TNFRSF10A,MNP,0.0,0.0,505
CD3E,CD40LG,ITGB2,CD40LG$ITGB2,MNP,0.0,0.0,505
CD3E,POSTN,ITGAV,POSTN$ITGAV,MNP,0.0,0.0,505
CD3E,POSTN,ITGB3,POSTN$ITGB3,MNP,0.0,0.0,505
CD3E,POSTN,ITGB5,POSTN$ITGB5,MNP,0.0,0.0,505
CD3E,GAS6,AXL,GAS6$AXL,MNP,0.0,0.0,505
CD3E,GAS6,MERTK,GAS6$MERTK,MNP,0.0,0.0,505
CD3E,GAS6,TYRO3,GAS6$TYRO3,MNP,0.0,0.0,505
CD3E,GRN,SORT1,GRN$SORT1,MNP,0.0,0.0,505
CD3E,GUCA2A,GUCY2C,GUCA2A$GUCY2C,MNP,0.0,0.0,505
CD3E,PROS1,AXL,PROS1$AXL,MNP,0.0,0.0,505
CD3E,BTLA,TNFRSF14,BTLA$TNFRSF14,MNP,0.0,0.0,505
CD3E,LGALS9,CD44,LGALS9$CD44,MNP,0.0,0.0,505
CD3E,COL6A2,CD44,COL6A2$CD44,MNP,0.0,0.0,505
CD3E,F11R,ITGAL,F11R$ITGAL,MNP,0.0,0.0,505
CD3E,F11R,F11R,F11R$F11R,MNP,0.0,0.0,505
CD3E,LCK,CD8A,LCK$CD8A,MNP,0.0,0.0,505
CD3E,HLA-DRA,CD4,HLA-DRA$CD4,MNP,0.0,0.0,505
CD3E,TGFB1,TGFBR2,TGFB1$TGFBR2,Muscularis_mucosa,0.0,0.0,83
CD3E,BMP2,BMPR1A,BMP2$BMPR1A,Muscularis_mucosa,0.0,0.0,83
CD3E,BMP2,ACVR2A,BMP2$ACVR2A,Muscularis_mucosa,0.0,0.0,83
CD3E,BMP2,BMPR2,BMP2$BMPR2,Muscularis_mucosa,0.0,0.0,83
CD3E,BMP4,ACVR2A,BMP4$ACVR2A,Muscularis_mucosa,0.0,0.0,83
CD3E,BMP4,BMPR2,BMP4$BMPR2,Muscularis_mucosa,0.0,0.0,83
CD3E,BMP6,BMPR2,BMP6$BMPR2,Muscularis_mucosa,0.0,0.0,83
CD3E,BMP7,BMPR2,BMP7$BMPR2,Muscularis_mucosa,0.0,0.0,83
CD3E,PDGFA,PDGFRA,PDGFA$PDGFRA,Muscularis_mucosa,0.0,0.0,83
CD3E,IHH,PTCH1,IHH$PTCH1,Muscularis_mucosa,0.0,0.0,83
CD3E,CCL15,CCR1,CCL15$CCR1,Muscularis_mucosa,0.0,0.0,83
CD3E,CXCL12,CXCR4,CXCL12$CXCR4,Muscularis_mucosa,0.0,0.0,83
CD3E,CXCL12,ACKR3,CXCL12$ACKR3,Muscularis_mucosa,0.0,0.0,83
CD3E,CXCL16,CXCR6,CXCL16$CXCR6,Muscularis_mucosa,0.0,0.0,83
CD3E,IL7,IL2RG,IL7$IL2RG,Muscularis_mucosa,0.0,0.0,83
CD3E,IL15,IL2RB,IL15$IL2RB,Muscularis_mucosa,0.0,0.0,83
CD3E,IL15,IL2RG,IL15$IL2RG,Muscularis_mucosa,0.0,0.0,83
CD3E,LIF,IL6ST,LIF$IL6ST,Muscularis_mucosa,0.0,0.0,83
CD3E,IL16,CD4,IL16$CD4,Muscularis_mucosa,0.0,0.0,83
CD3E,TNFSF14,TNFRSF14,TNFSF14$TNFRSF14,Muscularis_mucosa,0.0,0.0,83
CD3E,TNFSF10,TNFRSF10A,TNFSF10$TNFRSF10A,Muscularis_mucosa,0.0,0.0,83
CD3E,CD40LG,ITGB2,CD40LG$ITGB2,Muscularis_mucosa,0.0,0.0,83
CD3E,POSTN,ITGAV,POSTN$ITGAV,Muscularis_mucosa,0.0,0.0,83
CD3E,POSTN,ITGB3,POSTN$ITGB3,Muscularis_mucosa,0.0,0.0,83
CD3E,POSTN,ITGB5,POSTN$ITGB5,Muscularis_mucosa,0.0,0.0,83
CD3E,GAS6,AXL,GAS6$AXL,Muscularis_mucosa,0.0,0.0,83
CD3E,GAS6,MERTK,GAS6$MERTK,Muscularis_mucosa,0.0,0.0,83
CD3E,GAS6,TYRO3,GAS6$TYRO3,Muscularis_mucosa,0.0,0.0,83
CD3E,GRN,SORT1,GRN$SORT1,Muscularis_mucosa,0.0,0.0,83
CD3E,GUCA2A,GUCY2C,GUCA2A$GUCY2C,Muscularis_mucosa,0.0,0.0,83
CD3E,PROS1,AXL,PROS1$AXL,Muscularis_mucosa,0.0,0.0,83
CD3E,BTLA,TNFRSF14,BTLA$TNFRSF14,Muscularis_mucosa,0.0,0.0,83
CD3E,LGALS9,CD44,LGALS9$CD44,Muscularis_mucosa,0.0,0.0,83
CD3E,COL6A2,CD44,COL6A2$CD44,Muscularis_mucosa,0.0,0.0,83
CD3E,F11R,ITGAL,F11R$ITGAL,Muscularis_mucosa,0.0,0.0,83
CD3E,F11R,F11R,F11R$F11R,Muscularis_mucosa,0.0,0.0,83
CD3E,LCK,CD8A,LCK$CD8A,Muscularis_mucosa,0.0,0.0,83
CD3E,HLA-DRA,CD4,HLA-DRA$CD4,Muscularis_mucosa,0.0,0.0,83
CD3E,TGFB1,TGFBR2,TGFB1$TGFBR2,Myofibroblast,0.0,0.0,353
CD3E,BMP2,BMPR1A,BMP2$BMPR1A,Myofibroblast,0.0,0.0,353
CD3E,BMP2,ACVR2A,BMP2$ACVR2A,Myofibroblast,0.0,0.0,353
CD3E,BMP2,BMPR2,BMP2$BMPR2,Myofibroblast,0.0,0.0,353
CD3E,BMP4,ACVR2A,BMP4$ACVR2A,Myofibroblast,0.0,0.0,353
CD3E,BMP4,BMPR2,BMP4$BMPR2,Myofibroblast,0.0,0.0,353
CD3E,BMP6,BMPR2,BMP6$BMPR2,Myofibroblast,0.0,0.0,353
CD3E,BMP7,BMPR2,BMP7$BMPR2,Myofibroblast,0.0,0.0,353
CD3E,PDGFA,PDGFRA,PDGFA$PDGFRA,Myofibroblast,0.0,0.0,353
CD3E,IHH,PTCH1,IHH$PTCH1,Myofibroblast,0.0,0.0,353
CD3E,CCL15,CCR1,CCL15$CCR1,Myofibroblast,0.0,0.0,353
CD3E,CXCL12,CXCR4,CXCL12$CXCR4,Myofibroblast,0.0,0.0,353
CD3E,CXCL12,ACKR3,CXCL12$ACKR3,Myofibroblast,0.0,0.0,353
CD3E,CXCL16,CXCR6,CXCL16$CXCR6,Myofibroblast,0.0,0.0,353
CD3E,IL7,IL2RG,IL7$IL2RG,Myofibroblast,0.0,0.0,353
CD3E,IL15,IL2RB,IL15$IL2RB,Myofibroblast,0.0,0.0,353
CD3E,IL15,IL2RG,IL15$IL2RG,Myofibroblast,0.0,0.0,353
CD3E,LIF,IL6ST,LIF$IL6ST,Myofibroblast,0.0,0.0,353
CD3E,IL16,CD4,IL16$CD4,Myofibroblast,0.0,0.0,353
CD3E,TNFSF14,TNFRSF14,TNFSF14$TNFRSF14,Myofibroblast,0.0,0.0,353
CD3E,TNFSF10,TNFRSF10A,TNFSF10$TNFRSF10A,Myofibroblast,0.0,0.0,353
CD3E,CD40LG,ITGB2,CD40LG$ITGB2,Myofibroblast,0.0,0.0,353
CD3E,POSTN,ITGAV,POSTN$ITGAV,Myofibroblast,0.0,0.0,353
CD3E,POSTN,ITGB3,POSTN$ITGB3,Myofibroblast,0.0,0.0,353
CD3E,POSTN,ITGB5,POSTN$ITGB5,Myofibroblast,0.0,0.0,353
CD3E,GAS6,AXL,GAS6$AXL,Myofibroblast,0.0,0.0,353
CD3E,GAS6,MERTK,GAS6$MERTK,Myofibroblast,0.0,0.0,353
CD3E,GAS6,TYRO3,GAS6$TYRO3,Myofibroblast,0.0,0.0,353
CD3E,GRN,SORT1,GRN$SORT1,Myofibroblast,0.0,0.0,353
CD3E,GUCA2A,GUCY2C,GUCA2A$GUCY2C,Myofibroblast,0.0,0.0,353
CD3E,PROS1,AXL,PROS1$AXL,Myofibroblast,0.0,0.0,353
CD3E,BTLA,TNFRSF14,BTLA$TNFRSF14,Myofibroblast,0.0,0.0,353
CD3E,LGALS9,CD44,LGALS9$CD44,Myofibroblast,0.0,0.0,353
CD3E,COL6A2,CD44,COL6A2$CD44,Myofibroblast,0.0,0.0,353
CD3E,F11R,ITGAL,F11R$ITGAL,Myofibroblast,0.0,0.0,353
CD3E,F11R,F11R,F11R$F11R,Myofibroblast,0.0,0.0,353
CD3E,LCK,CD8A,LCK$CD8A,Myofibroblast,0.0,0.0,353
CD3E,HLA-DRA,CD4,HLA-DRA$CD4,Myofibroblast,0.0,0.0,353
CD3E,TGFB1,TGFBR2,TGFB1$TGFBR2,Pericyte,0.0,0.0,77
CD3E,BMP2,BMPR1A,BMP2$BMPR1A,Pericyte,0.0,0.0,77
CD3E,BMP2,ACVR2A,BMP2$ACVR2A,Pericyte,0.0,0.0,77
CD3E,BMP2,BMPR2,BMP2$BMPR2,Pericyte,0.0,0.0,77
CD3E,BMP4,ACVR2A,BMP4$ACVR2A,Pericyte,0.0,0.0,77
CD3E,BMP4,BMPR2,BMP4$BMPR2,Pericyte,0.0,0.0,77
CD3E,BMP6,BMPR2,BMP6$BMPR2,Pericyte,0.0,0.0,77
CD3E,BMP7,BMPR2,BMP7$BMPR2,Pericyte,0.0,0.0,77
CD3E,PDGFA,PDGFRA,PDGFA$PDGFRA,Pericyte,0.0,0.0,77
CD3E,IHH,PTCH1,IHH$PTCH1,Pericyte,0.0,0.0,77
CD3E,CCL15,CCR1,CCL15$CCR1,Pericyte,0.0,0.0,77
CD3E,CXCL12,CXCR4,CXCL12$CXCR4,Pericyte,0.0,0.0,77
CD3E,CXCL12,ACKR3,CXCL12$ACKR3,Pericyte,0.0,0.0,77
CD3E,CXCL16,CXCR6,CXCL16$CXCR6,Pericyte,0.0,0.0,77
CD3E,IL7,IL2RG,IL7$IL2RG,Pericyte,0.0,0.0,77
CD3E,IL15,IL2RB,IL15$IL2RB,Pericyte,0.0,0.0,77
CD3E,IL15,IL2RG,IL15$IL2RG,Pericyte,0.0,0.0,77
CD3E,LIF,IL6ST,LIF$IL6ST,Pericyte,0.0,0.0,77
CD3E,IL16,CD4,IL16$CD4,Pericyte,0.0,0.0,77
CD3E,TNFSF14,TNFRSF14,TNFSF14$TNFRSF14,Pericyte,0.0,0.0,77
CD3E,TNFSF10,TNFRSF10A,TNFSF10$TNFRSF10A,Pericyte,0.0,0.0,77
CD3E,CD40LG,ITGB2,CD40LG$ITGB2,Pericyte,0.0,0.0,77
CD3E,POSTN,ITGAV,POSTN$ITGAV,Pericyte,0.0,0.0,77
CD3E,POSTN,ITGB3,POSTN$ITGB3,Pericyte,0.0,0.0,77
CD3E,POSTN,ITGB5,POSTN$ITGB5,Pericyte,0.0,0.0,77
CD3E,GAS6,AXL,GAS6$AXL,Pericyte,0.0,0.0,77
CD3E,GAS6,MERTK,GAS6$MERTK,Pericyte,0.0,0.0,77
CD3E,GAS6,TYRO3,GAS6$TYRO3,Pericyte,0.0,0.0,77
CD3E,GRN,SORT1,GRN$SORT1,Pericyte,0.0,0.0,77
CD3E,GUCA2A,GUCY2C,GUCA2A$GUCY2C,Pericyte,0.0,0.0,77
CD3E,PROS1,AXL,PROS1$AXL,Pericyte,0.0,0.0,77
CD3E,BTLA,TNFRSF14,BTLA$TNFRSF14,Pericyte,0.0,0.0,77
CD3E,LGALS9,CD44,LGALS9$CD44,Pericyte,0.0,0.0,77
CD3E,COL6A2,CD44,COL6A2$CD44,Pericyte,0.0,0.0,77
CD3E,F11R,ITGAL,F11R$ITGAL,Pericyte,0.0,0.0,77
CD3E,F11R,F11R,F11R$F11R,Pericyte,0.0,0.0,77
CD3E,LCK,CD8A,LCK$CD8A,Pericyte,0.0,0.0,77
CD3E,HLA-DRA,CD4,HLA-DRA$CD4,Pericyte,0.0,0.0,77
CD3E,TGFB1,TGFBR2,TGFB1$TGFBR2,Plasma,0.0,0.0,1312
CD3E,BMP2,BMPR1A,BMP2$BMPR1A,Plasma,0.0,0.0,1312
CD3E,BMP2,ACVR2A,BMP2$ACVR2A,Plasma,0.0,0.0,1312
CD3E,BMP2,BMPR2,BMP2$BMPR2,Plasma,0.0,0.0,1312
CD3E,BMP4,ACVR2A,BMP4$ACVR2A,Plasma,0.0,0.0,1312
CD3E,BMP4,BMPR2,BMP4$BMPR2,Plasma,0.0,0.0,1312
CD3E,BMP6,BMPR2,BMP6$BMPR2,Plasma,0.0,0.0,1312
CD3E,BMP7,BMPR2,BMP7$BMPR2,Plasma,0.0,0.0,1312
CD3E,PDGFA,PDGFRA,PDGFA$PDGFRA,Plasma,0.0,0.0,1312
CD3E,IHH,PTCH1,IHH$PTCH1,Plasma,0.0,0.0,1312
CD3E,CCL15,CCR1,CCL15$CCR1,Plasma,0.0,0.0,1312
CD3E,CXCL12,CXCR4,CXCL12$CXCR4,Plasma,0.0,0.0,1312
CD3E,CXCL12,ACKR3,CXCL12$ACKR3,Plasma,0.0,0.0,1312
CD3E,CXCL16,CXCR6,CXCL16$CXCR6,Plasma,0.0,0.0,1312
CD3E,IL7,IL2RG,IL7$IL2RG,Plasma,0.0,0.0,1312
CD3E,IL15,IL2RB,IL15$IL2RB,Plasma,0.0,0.0,1312
CD3E,IL15,IL2RG,IL15$IL2RG,Plasma,0.0,0.0,1312
CD3E,LIF,IL6ST,LIF$IL6ST,Plasma,0.0,0.0,1312
CD3E,IL16,CD4,IL16$CD4,Plasma,0.0,0.0,1312
CD3E,TNFSF14,TNFRSF14,TNFSF14$TNFRSF14,Plasma,0.0,0.0,1312
CD3E,TNFSF10,TNFRSF10A,TNFSF10$TNFRSF10A,Plasma,0.0,0.0,1312
CD3E,CD40LG,ITGB2,CD40LG$ITGB2,Plasma,0.0,0.0,1312
CD3E,POSTN,ITGAV,POSTN$ITGAV,Plasma,0.0,0.0,1312
CD3E,POSTN,ITGB3,POSTN$ITGB3,Plasma,0.0,0.0,1312
CD3E,POSTN,ITGB5,POSTN$ITGB5,Plasma,0.0,0.0,1312
CD3E,GAS6,AXL,GAS6$AXL,Plasma,0.0,0.0,1312
CD3E,GAS6,MERTK,GAS6$MERTK,Plasma,0.0,0.0,1312
CD3E,GAS6,TYRO3,GAS6$TYRO3,Plasma,0.0,0.0,1312
CD3E,GRN,SORT1,GRN$SORT1,Plasma,0.0,0.0,1312
CD3E,GUCA2A,GUCY2C,GUCA2A$GUCY2C,Plasma,0.0,0.0,1312
CD3E,PROS1,AXL,PROS1$AXL,Plasma,0.0,0.0,1312
CD3E,BTLA,TNFRSF14,BTLA$TNFRSF14,Plasma,0.0,0.0,1312
CD3E,LGALS9,CD44,LGALS9$CD44,Plasma,0.0,0.0,1312
CD3E,COL6A2,CD44,COL6A2$CD44,Plasma,0.0,0.0,1312
CD3E,F11R,ITGAL,F11R$ITGAL,Plasma,0.0,0.0,1312
CD3E,F11R,F11R,F11R$F11R,Plasma,0.0,0.0,1312
CD3E,LCK,CD8A,LCK$CD8A,Plasma,0.0,0.0,1312
CD3E,HLA-DRA,CD4,HLA-DRA$CD4,Plasma,0.0,0.0,1312
CD3E,TGFB1,TGFBR2,TGFB1$TGFBR2,T,-4.578708e-08,2.517036e-10,526
CD3E,BMP2,BMPR1A,BMP2$BMPR1A,T,1.0674006e-06,6.244881e-09,526
CD3E,BMP2,ACVR2A,BMP2$ACVR2A,T,-1.6949915e-07,4.875175e-09,526
CD3E,BMP2,BMPR2,BMP2$BMPR2,T,8.530416e-06,1.7176426e-07,526
CD3E,BMP4,ACVR2A,BMP4$ACVR2A,T,-3.151937e-08,2.2577998e-10,526
CD3E,BMP4,BMPR2,BMP4$BMPR2,T,6.921955e-06,2.3085747e-08,526
CD3E,BMP6,BMPR2,BMP6$BMPR2,T,1.4060578e-06,1.09281135e-08,526
CD3E,BMP7,BMPR2,BMP7$BMPR2,T,1.9779013e-07,1.6493074e-09,526
CD3E,PDGFA,PDGFRA,PDGFA$PDGFRA,T,4.5960698e-07,1.953539e-09,526
CD3E,IHH,PTCH1,IHH$PTCH1,T,3.4630573e-06,2.1460327e-08,526
CD3E,CCL15,CCR1,CCL15$CCR1,T,1.1227159e-07,7.718876e-10,526
CD3E,CXCL12,CXCR4,CXCL12$CXCR4,T,5.8307587e-06,4.0109217e-08,526
CD3E,CXCL12,ACKR3,CXCL12$ACKR3,T,1.3008703e-07,4.86732e-10,526
CD3E,CXCL16,CXCR6,CXCL16$CXCR6,T,-2.2679599e-06,1.2773566e-08,526
CD3E,IL7,IL2RG,IL7$IL2RG,T,4.8857128e-06,2.2684038e-08,526
CD3E,IL15,IL2RB,IL15$IL2RB,T,-4.3889804e-07,1.7033855e-08,526
CD3E,IL15,IL2RG,IL15$IL2RG,T,3.134199e-06,1.3173344e-08,526
CD3E,LIF,IL6ST,LIF$IL6ST,T,4.4580083e-06,2.9022617e-08,526
CD3E,IL16,CD4,IL16$CD4,T,1.6894273e-05,8.648051e-08,526
CD3E,TNFSF14,TNFRSF14,TNFSF14$TNFRSF14,T,-4.428049e-08,2.123803e-10,526
CD3E,TNFSF10,TNFRSF10A,TNFSF10$TNFRSF10A,T,1.6902841e-06,2.0405363e-08,526
CD3E,CD40LG,ITGB2,CD40LG$ITGB2,T,1.7933734e-06,1.3653068e-08,526
CD3E,POSTN,ITGAV,POSTN$ITGAV,T,5.7456164e-06,2.4206942e-08,526
CD3E,POSTN,ITGB3,POSTN$ITGB3,T,7.0892906e-06,3.3899532e-08,526
CD3E,POSTN,ITGB5,POSTN$ITGB5,T,9.803709e-06,1.0669797e-07,526
CD3E,GAS6,AXL,GAS6$AXL,T,1.4677521e-05,1.0386632e-07,526
CD3E,GAS6,MERTK,GAS6$MERTK,T,6.498866e-06,3.9229846e-08,526
CD3E,GAS6,TYRO3,GAS6$TYRO3,T,-2.8459863e-07,1.9780144e-09,526
CD3E,GRN,SORT1,GRN$SORT1,T,-2.660166e-06,1.5087451e-08,526
CD3E,GUCA2A,GUCY2C,GUCA2A$GUCY2C,T,5.7986184e-05,9.732116e-07,526
CD3E,PROS1,AXL,PROS1$AXL,T,-3.4206505e-07,1.9606194e-09,526
CD3E,BTLA,TNFRSF14,BTLA$TNFRSF14,T,2.2187799e-06,2.0871042e-08,526
CD3E,LGALS9,CD44,LGALS9$CD44,T,4.8265774e-05,3.2538438e-07,526
CD3E,COL6A2,CD44,COL6A2$CD44,T,4.408558e-06,3.0511185e-08,526
CD3E,F11R,ITGAL,F11R$ITGAL,T,-4.84994e-07,4.731526e-09,526
CD3E,F11R,F11R,F11R$F11R,T,1.1508746e-06,7.8812326e-09,526
CD3E,LCK,CD8A,LCK$CD8A,T,2.8051581e-06,1.7083646e-08,526
CD3E,HLA-DRA,CD4,HLA-DRA$CD4,T,1.4969585e-08,1.6177665e-10,526
CD4,TGFB1,TGFBR1,TGFB1$TGFBR1,Endothelial,0.0,0.0,243
CD4,TGFB1,TGFBR2,TGFB1$TGFBR2,Endothelial,0.0,0.0,243
CD4,TGFB3,TGFBR1,TGFB3$TGFBR1,Endothelial,0.0,0.0,243
CD4,TGFB3,TGFBR2,TGFB3$TGFBR2,Endothelial,0.0,0.0,243
CD4,TGFB1,ACVR1B,TGFB1$ACVR1B,Endothelial,0.0,0.0,243
CD4,TGFB1,ACVR1,TGFB1$ACVR1,Endothelial,0.0,0.0,243
CD4,BMP2,BMPR1A,BMP2$BMPR1A,Endothelial,0.0,0.0,243
CD4,BMP2,ACVR2A,BMP2$ACVR2A,Endothelial,0.0,0.0,243
CD4,BMP2,BMPR2,BMP2$BMPR2,Endothelial,0.0,0.0,243
CD4,BMP4,BMPR1A,BMP4$BMPR1A,Endothelial,0.0,0.0,243
CD4,BMP4,ACVR2A,BMP4$ACVR2A,Endothelial,0.0,0.0,243
CD4,BMP4,BMPR2,BMP4$BMPR2,Endothelial,0.0,0.0,243
CD4,BMP6,ACVR1,BMP6$ACVR1,Endothelial,0.0,0.0,243
CD4,BMP6,BMPR2,BMP6$BMPR2,Endothelial,0.0,0.0,243
CD4,BMP7,ACVR1,BMP7$ACVR1,Endothelial,0.0,0.0,243
CD4,BMP7,ACVR2A,BMP7$ACVR2A,Endothelial,0.0,0.0,243
CD4,BMP7,BMPR2,BMP7$BMPR2,Endothelial,0.0,0.0,243
CD4,BMP7,BMPR1A,BMP7$BMPR1A,Endothelial,0.0,0.0,243
CD4,BMP8A,ACVR1,BMP8A$ACVR1,Endothelial,0.0,0.0,243
CD4,BMP8A,BMPR2,BMP8A$BMPR2,Endothelial,0.0,0.0,243
CD4,BMP8B,ACVR1,BMP8B$ACVR1,Endothelial,0.0,0.0,243
CD4,BMP8B,BMPR2,BMP8B$BMPR2,Endothelial,0.0,0.0,243
CD4,GDF11,TGFBR1,GDF11$TGFBR1,Endothelial,0.0,0.0,243
CD4,GDF11,ACVR1B,GDF11$ACVR1B,Endothelial,0.0,0.0,243
CD4,GDF15,TGFBR2,GDF15$TGFBR2,Endothelial,0.0,0.0,243
CD4,TGFA,EGFR,TGFA$EGFR,Endothelial,0.0,0.0,243
CD4,HBEGF,EGFR,HBEGF$EGFR,Endothelial,0.0,0.0,243
CD4,FGF2,FGFR1,FGF2$FGFR1,Endothelial,0.0,0.0,243
CD4,FGF7,FGFR1,FGF7$FGFR1,Endothelial,0.0,0.0,243
CD4,FGF7,FGFR2,FGF7$FGFR2,Endothelial,0.0,0.0,243
CD4,FGF9,FGFR1,FGF9$FGFR1,Endothelial,0.0,0.0,243
CD4,PDGFA,PDGFRA,PDGFA$PDGFRA,Endothelial,0.0,0.0,243
CD4,PDGFA,PDGFRB,PDGFA$PDGFRB,Endothelial,0.0,0.0,243
CD4,PDGFB,PDGFRA,PDGFB$PDGFRA,Endothelial,0.0,0.0,243
CD4,PDGFB,PDGFRB,PDGFB$PDGFRB,Endothelial,0.0,0.0,243
CD4,PDGFC,PDGFRA,PDGFC$PDGFRA,Endothelial,0.0,0.0,243
CD4,VEGFA,KDR,VEGFA$KDR,Endothelial,0.0,0.0,243
CD4,IGF1,ITGAV,IGF1$ITGAV,Endothelial,0.0,0.0,243
CD4,IHH,PTCH1,IHH$PTCH1,Endothelial,0.0,0.0,243
CD4,IHH,SMO,IHH$SMO,Endothelial,0.0,0.0,243
CD4,SHH,PTCH1,SHH$PTCH1,Endothelial,0.0,0.0,243
CD4,CCL8,CCR1,CCL8$CCR1,Endothelial,0.0,0.0,243
CD4,CCL13,CCR1,CCL13$CCR1,Endothelial,0.0,0.0,243
CD4,CCL14,CCR1,CCL14$CCR1,Endothelial,0.0,0.0,243
CD4,CCL15,CCR1,CCL15$CCR1,Endothelial,0.0,0.0,243
CD4,CCL16,CCR1,CCL16$CCR1,Endothelial,0.0,0.0,243
CD4,CXCL12,ACKR3,CXCL12$ACKR3,Endothelial,0.0,0.0,243
CD4,IL15,IL2RG,IL15$IL2RG,Endothelial,0.0,0.0,243
CD4,IL6,IL6R,IL6$IL6R,Endothelial,0.0,0.0,243
CD4,EBI3,IL6ST,EBI3$IL6ST,Endothelial,0.0,0.0,243
CD4,LIF,IL6ST,LIF$IL6ST,Endothelial,0.0,0.0,243
CD4,OSM,IL6ST,OSM$IL6ST,Endothelial,0.0,0.0,243
CD4,IL10,IL10RA,IL10$IL10RA,Endothelial,0.0,0.0,243
CD4,IL10,IL10RB,IL10$IL10RB,Endothelial,0.0,0.0,243
CD4,IL18,IL18R1,IL18$IL18R1,Endothelial,0.0,0.0,243
CD4,IL18,IL18RAP,IL18$IL18RAP,Endothelial,0.0,0.0,243
CD4,IL34,CSF1R,IL34$CSF1R,Endothelial,0.0,0.0,243
CD4,CSF1,CSF1R,CSF1$CSF1R,Endothelial,0.0,0.0,243
CD4,IFNW1,IFNAR2,IFNW1$IFNAR2,Endothelial,0.0,0.0,243
CD4,IFNA2,IFNAR2,IFNA2$IFNAR2,Endothelial,0.0,0.0,243
CD4,IFNA7,IFNAR2,IFNA7$IFNAR2,Endothelial,0.0,0.0,243
CD4,IFNA8,IFNAR2,IFNA8$IFNAR2,Endothelial,0.0,0.0,243
CD4,IFNA17,IFNAR2,IFNA17$IFNAR2,Endothelial,0.0,0.0,243
CD4,IFNG,IFNGR1,IFNG$IFNGR1,Endothelial,0.0,0.0,243
CD4,TNF,TNFRSF1A,TNF$TNFRSF1A,Endothelial,0.0,0.0,243
CD4,LTB,LTBR,LTB$LTBR,Endothelial,0.0,0.0,243
CD4,TNFSF14,LTBR,TNFSF14$LTBR,Endothelial,0.0,0.0,243
CD4,TNFSF14,TNFRSF14,TNFSF14$TNFRSF14,Endothelial,0.0,0.0,243
CD4,TNFSF10,TNFRSF10A,TNFSF10$TNFRSF10A,Endothelial,0.0,0.0,243
CD4,TNFSF13,TNFRSF17,TNFSF13$TNFRSF17,Endothelial,0.0,0.0,243
CD4,CD40LG,ITGB2,CD40LG$ITGB2,Endothelial,0.0,0.0,243
CD4,ANGPTL2,ITGA5,ANGPTL2$ITGA5,Endothelial,0.0,0.0,243
CD4,ANGPTL2,TLR4,ANGPTL2$TLR4,Endothelial,0.0,0.0,243
CD4,ANGPTL4,SDC2,ANGPTL4$SDC2,Endothelial,0.0,0.0,243
CD4,ANGPTL3,ITGAV,ANGPTL3$ITGAV,Endothelial,0.0,0.0,243
CD4,POSTN,ITGAV,POSTN$ITGAV,Endothelial,0.0,0.0,243
CD4,POSTN,ITGB3,POSTN$ITGB3,Endothelial,0.0,0.0,243
CD4,POSTN,ITGB5,POSTN$ITGB5,Endothelial,0.0,0.0,243
CD4,C4A,C3AR1,C4A$C3AR1,Endothelial,0.0,0.0,243
CD4,EDN1,EDNRB,EDN1$EDNRB,Endothelial,0.0,0.0,243
CD4,SEMA3A,NRP1,SEMA3A$NRP1,Endothelial,0.0,0.0,243
CD4,SEMA3C,NRP1,SEMA3C$NRP1,Endothelial,0.0,0.0,243
CD4,SEMA3D,NRP1,SEMA3D$NRP1,Endothelial,0.0,0.0,243
CD4,SEMA3C,NRP2,SEMA3C$NRP2,Endothelial,0.0,0.0,243
CD4,SEMA3D,NRP2,SEMA3D$NRP2,Endothelial,0.0,0.0,243
CD4,ADM,CALCR,ADM$CALCR,Endothelial,0.0,0.0,243
CD4,GAS6,AXL,GAS6$AXL,Endothelial,0.0,0.0,243
CD4,GAS6,MERTK,GAS6$MERTK,Endothelial,0.0,0.0,243
CD4,GAS6,TYRO3,GAS6$TYRO3,Endothelial,0.0,0.0,243
CD4,GRN,SORT1,GRN$SORT1,Endothelial,0.0,0.0,243
CD4,GUCA2A,GUCY2C,GUCA2A$GUCY2C,Endothelial,0.0,0.0,243
CD4,PMCH,MERTK,PMCH$MERTK,Endothelial,0.0,0.0,243
CD4,PROS1,AXL,PROS1$AXL,Endothelial,0.0,0.0,243
CD4,BTLA,TNFRSF14,BTLA$TNFRSF14,Endothelial,0.0,0.0,243
CD4,LGALS9,HAVCR2,LGALS9$HAVCR2,Endothelial,0.0,0.0,243
CD4,LGALS9,CD44,LGALS9$CD44,Endothelial,0.0,0.0,243
CD4,COL6A2,ITGA2,COL6A2$ITGA2,Endothelial,0.0,0.0,243
CD4,TNXB,ITGB3,TNXB$ITGB3,Endothelial,0.0,0.0,243
CD4,COL6A2,ITGAV,COL6A2$ITGAV,Endothelial,0.0,0.0,243
CD4,COL4A1,CD44,COL4A1$CD44,Endothelial,0.0,0.0,243
CD4,COL4A2,CD44,COL4A2$CD44,Endothelial,0.0,0.0,243
CD4,COL6A2,CD44,COL6A2$CD44,Endothelial,0.0,0.0,243
CD4,LAMC1,CD44,LAMC1$CD44,Endothelial,0.0,0.0,243
CD4,COL6A2,SDC4,COL6A2$SDC4,Endothelial,0.0,0.0,243
CD4,CD99,CD99,CD99$CD99,Endothelial,0.0,0.0,243
CD4,CDH1,CDH1,CDH1$CDH1,Endothelial,0.0,0.0,243
CD4,ICAM1,ITGB2,ICAM1$ITGB2,Endothelial,0.0,0.0,243
CD4,ITGB2,CD226,ITGB2$CD226,Endothelial,0.0,0.0,243
CD4,ITGB2,ICAM1,ITGB2$ICAM1,Endothelial,0.0,0.0,243
CD4,F11R,ITGB2,F11R$ITGB2,Endothelial,0.0,0.0,243
CD4,F11R,F11R,F11R$F11R,Endothelial,0.0,0.0,243
CD4,PECAM1,PECAM1,PECAM1$PECAM1,Endothelial,0.0,0.0,243
CD4,SEMA4D,PLXNB2,SEMA4D$PLXNB2,Endothelial,0.0,0.0,243
CD4,SEMA4C,PLXNB2,SEMA4C$PLXNB2,Endothelial,0.0,0.0,243
CD4,THY1,ITGB2,THY1$ITGB2,Endothelial,0.0,0.0,243
CD4,TGFB1,TGFBR1,TGFB1$TGFBR1,Enteric_glia,0.0,0.0,283
CD4,TGFB1,TGFBR2,TGFB1$TGFBR2,Enteric_glia,0.0,0.0,283
CD4,TGFB3,TGFBR1,TGFB3$TGFBR1,Enteric_glia,0.0,0.0,283
CD4,TGFB3,TGFBR2,TGFB3$TGFBR2,Enteric_glia,0.0,0.0,283
CD4,TGFB1,ACVR1B,TGFB1$ACVR1B,Enteric_glia,0.0,0.0,283
CD4,TGFB1,ACVR1,TGFB1$ACVR1,Enteric_glia,0.0,0.0,283
CD4,BMP2,BMPR1A,BMP2$BMPR1A,Enteric_glia,0.0,0.0,283
CD4,BMP2,ACVR2A,BMP2$ACVR2A,Enteric_glia,0.0,0.0,283
CD4,BMP2,BMPR2,BMP2$BMPR2,Enteric_glia,0.0,0.0,283
CD4,BMP4,BMPR1A,BMP4$BMPR1A,Enteric_glia,0.0,0.0,283
CD4,BMP4,ACVR2A,BMP4$ACVR2A,Enteric_glia,0.0,0.0,283
CD4,BMP4,BMPR2,BMP4$BMPR2,Enteric_glia,0.0,0.0,283
CD4,BMP6,ACVR1,BMP6$ACVR1,Enteric_glia,0.0,0.0,283
CD4,BMP6,BMPR2,BMP6$BMPR2,Enteric_glia,0.0,0.0,283
CD4,BMP7,ACVR1,BMP7$ACVR1,Enteric_glia,0.0,0.0,283
CD4,BMP7,ACVR2A,BMP7$ACVR2A,Enteric_glia,0.0,0.0,283
CD4,BMP7,BMPR2,BMP7$BMPR2,Enteric_glia,0.0,0.0,283
CD4,BMP7,BMPR1A,BMP7$BMPR1A,Enteric_glia,0.0,0.0,283
CD4,BMP8A,ACVR1,BMP8A$ACVR1,Enteric_glia,0.0,0.0,283
CD4,BMP8A,BMPR2,BMP8A$BMPR2,Enteric_glia,0.0,0.0,283
CD4,BMP8B,ACVR1,BMP8B$ACVR1,Enteric_glia,0.0,0.0,283
CD4,BMP8B,BMPR2,BMP8B$BMPR2,Enteric_glia,0.0,0.0,283
CD4,GDF11,TGFBR1,GDF11$TGFBR1,Enteric_glia,0.0,0.0,283
CD4,GDF11,ACVR1B,GDF11$ACVR1B,Enteric_glia,0.0,0.0,283
CD4,GDF15,TGFBR2,GDF15$TGFBR2,Enteric_glia,0.0,0.0,283
CD4,TGFA,EGFR,TGFA$EGFR,Enteric_glia,0.0,0.0,283
CD4,HBEGF,EGFR,HBEGF$EGFR,Enteric_glia,0.0,0.0,283
CD4,FGF2,FGFR1,FGF2$FGFR1,Enteric_glia,0.0,0.0,283
CD4,FGF7,FGFR1,FGF7$FGFR1,Enteric_glia,0.0,0.0,283
CD4,FGF7,FGFR2,FGF7$FGFR2,Enteric_glia,0.0,0.0,283
CD4,FGF9,FGFR1,FGF9$FGFR1,Enteric_glia,0.0,0.0,283
CD4,PDGFA,PDGFRA,PDGFA$PDGFRA,Enteric_glia,0.0,0.0,283
CD4,PDGFA,PDGFRB,PDGFA$PDGFRB,Enteric_glia,0.0,0.0,283
CD4,PDGFB,PDGFRA,PDGFB$PDGFRA,Enteric_glia,0.0,0.0,283
CD4,PDGFB,PDGFRB,PDGFB$PDGFRB,Enteric_glia,0.0,0.0,283
CD4,PDGFC,PDGFRA,PDGFC$PDGFRA,Enteric_glia,0.0,0.0,283
CD4,VEGFA,KDR,VEGFA$KDR,Enteric_glia,0.0,0.0,283
CD4,IGF1,ITGAV,IGF1$ITGAV,Enteric_glia,0.0,0.0,283
CD4,IHH,PTCH1,IHH$PTCH1,Enteric_glia,0.0,0.0,283
CD4,IHH,SMO,IHH$SMO,Enteric_glia,0.0,0.0,283
CD4,SHH,PTCH1,SHH$PTCH1,Enteric_glia,0.0,0.0,283
CD4,CCL8,CCR1,CCL8$CCR1,Enteric_glia,0.0,0.0,283
CD4,CCL13,CCR1,CCL13$CCR1,Enteric_glia,0.0,0.0,283
CD4,CCL14,CCR1,CCL14$CCR1,Enteric_glia,0.0,0.0,283
CD4,CCL15,CCR1,CCL15$CCR1,Enteric_glia,0.0,0.0,283
CD4,CCL16,CCR1,CCL16$CCR1,Enteric_glia,0.0,0.0,283
CD4,CXCL12,ACKR3,CXCL12$ACKR3,Enteric_glia,0.0,0.0,283
CD4,IL15,IL2RG,IL15$IL2RG,Enteric_glia,0.0,0.0,283
CD4,IL6,IL6R,IL6$IL6R,Enteric_glia,0.0,0.0,283
CD4,EBI3,IL6ST,EBI3$IL6ST,Enteric_glia,0.0,0.0,283
CD4,LIF,IL6ST,LIF$IL6ST,Enteric_glia,0.0,0.0,283
CD4,OSM,IL6ST,OSM$IL6ST,Enteric_glia,0.0,0.0,283
CD4,IL10,IL10RA,IL10$IL10RA,Enteric_glia,0.0,0.0,283
CD4,IL10,IL10RB,IL10$IL10RB,Enteric_glia,0.0,0.0,283
CD4,IL18,IL18R1,IL18$IL18R1,Enteric_glia,0.0,0.0,283
CD4,IL18,IL18RAP,IL18$IL18RAP,Enteric_glia,0.0,0.0,283
CD4,IL34,CSF1R,IL34$CSF1R,Enteric_glia,0.0,0.0,283
CD4,CSF1,CSF1R,CSF1$CSF1R,Enteric_glia,0.0,0.0,283
CD4,IFNW1,IFNAR2,IFNW1$IFNAR2,Enteric_glia,0.0,0.0,283
CD4,IFNA2,IFNAR2,IFNA2$IFNAR2,Enteric_glia,0.0,0.0,283
CD4,IFNA7,IFNAR2,IFNA7$IFNAR2,Enteric_glia,0.0,0.0,283
CD4,IFNA8,IFNAR2,IFNA8$IFNAR2,Enteric_glia,0.0,0.0,283
CD4,IFNA17,IFNAR2,IFNA17$IFNAR2,Enteric_glia,0.0,0.0,283
CD4,IFNG,IFNGR1,IFNG$IFNGR1,Enteric_glia,0.0,0.0,283
CD4,TNF,TNFRSF1A,TNF$TNFRSF1A,Enteric_glia,0.0,0.0,283
CD4,LTB,LTBR,LTB$LTBR,Enteric_glia,0.0,0.0,283
CD4,TNFSF14,LTBR,TNFSF14$LTBR,Enteric_glia,0.0,0.0,283
CD4,TNFSF14,TNFRSF14,TNFSF14$TNFRSF14,Enteric_glia,0.0,0.0,283
CD4,TNFSF10,TNFRSF10A,TNFSF10$TNFRSF10A,Enteric_glia,0.0,0.0,283
CD4,TNFSF13,TNFRSF17,TNFSF13$TNFRSF17,Enteric_glia,0.0,0.0,283
CD4,CD40LG,ITGB2,CD40LG$ITGB2,Enteric_glia,0.0,0.0,283
CD4,ANGPTL2,ITGA5,ANGPTL2$ITGA5,Enteric_glia,0.0,0.0,283
CD4,ANGPTL2,TLR4,ANGPTL2$TLR4,Enteric_glia,0.0,0.0,283
CD4,ANGPTL4,SDC2,ANGPTL4$SDC2,Enteric_glia,0.0,0.0,283
CD4,ANGPTL3,ITGAV,ANGPTL3$ITGAV,Enteric_glia,0.0,0.0,283
CD4,POSTN,ITGAV,POSTN$ITGAV,Enteric_glia,0.0,0.0,283
CD4,POSTN,ITGB3,POSTN$ITGB3,Enteric_glia,0.0,0.0,283
CD4,POSTN,ITGB5,POSTN$ITGB5,Enteric_glia,0.0,0.0,283
CD4,C4A,C3AR1,C4A$C3AR1,Enteric_glia,0.0,0.0,283
CD4,EDN1,EDNRB,EDN1$EDNRB,Enteric_glia,0.0,0.0,283
CD4,SEMA3A,NRP1,SEMA3A$NRP1,Enteric_glia,0.0,0.0,283
CD4,SEMA3C,NRP1,SEMA3C$NRP1,Enteric_glia,0.0,0.0,283
CD4,SEMA3D,NRP1,SEMA3D$NRP1,Enteric_glia,0.0,0.0,283
CD4,SEMA3C,NRP2,SEMA3C$NRP2,Enteric_glia,0.0,0.0,283
CD4,SEMA3D,NRP2,SEMA3D$NRP2,Enteric_glia,0.0,0.0,283
CD4,ADM,CALCR,ADM$CALCR,Enteric_glia,0.0,0.0,283
CD4,GAS6,AXL,GAS6$AXL,Enteric_glia,0.0,0.0,283
CD4,GAS6,MERTK,GAS6$MERTK,Enteric_glia,0.0,0.0,283
CD4,GAS6,TYRO3,GAS6$TYRO3,Enteric_glia,0.0,0.0,283
CD4,GRN,SORT1,GRN$SORT1,Enteric_glia,0.0,0.0,283
CD4,GUCA2A,GUCY2C,GUCA2A$GUCY2C,Enteric_glia,0.0,0.0,283
CD4,PMCH,MERTK,PMCH$MERTK,Enteric_glia,0.0,0.0,283
CD4,PROS1,AXL,PROS1$AXL,Enteric_glia,0.0,0.0,283
CD4,BTLA,TNFRSF14,BTLA$TNFRSF14,Enteric_glia,0.0,0.0,283
CD4,LGALS9,HAVCR2,LGALS9$HAVCR2,Enteric_glia,0.0,0.0,283
CD4,LGALS9,CD44,LGALS9$CD44,Enteric_glia,0.0,0.0,283
CD4,COL6A2,ITGA2,COL6A2$ITGA2,Enteric_glia,0.0,0.0,283
CD4,TNXB,ITGB3,TNXB$ITGB3,Enteric_glia,0.0,0.0,283
CD4,COL6A2,ITGAV,COL6A2$ITGAV,Enteric_glia,0.0,0.0,283
CD4,COL4A1,CD44,COL4A1$CD44,Enteric_glia,0.0,0.0,283
CD4,COL4A2,CD44,COL4A2$CD44,Enteric_glia,0.0,0.0,283
CD4,COL6A2,CD44,COL6A2$CD44,Enteric_glia,0.0,0.0,283
CD4,LAMC1,CD44,LAMC1$CD44,Enteric_glia,0.0,0.0,283
CD4,COL6A2,SDC4,COL6A2$SDC4,Enteric_glia,0.0,0.0,283
CD4,CD99,CD99,CD99$CD99,Enteric_glia,0.0,0.0,283
CD4,CDH1,CDH1,CDH1$CDH1,Enteric_glia,0.0,0.0,283
CD4,ICAM1,ITGB2,ICAM1$ITGB2,Enteric_glia,0.0,0.0,283
CD4,ITGB2,CD226,ITGB2$CD226,Enteric_glia,0.0,0.0,283
CD4,ITGB2,ICAM1,ITGB2$ICAM1,Enteric_glia,0.0,0.0,283
CD4,F11R,ITGB2,F11R$ITGB2,Enteric_glia,0.0,0.0,283
CD4,F11R,F11R,F11R$F11R,Enteric_glia,0.0,0.0,283
CD4,PECAM1,PECAM1,PECAM1$PECAM1,Enteric_glia,0.0,0.0,283
CD4,SEMA4D,PLXNB2,SEMA4D$PLXNB2,Enteric_glia,0.0,0.0,283
CD4,SEMA4C,PLXNB2,SEMA4C$PLXNB2,Enteric_glia,0.0,0.0,283
CD4,THY1,ITGB2,THY1$ITGB2,Enteric_glia,0.0,0.0,283
CD4,TGFB1,TGFBR1,TGFB1$TGFBR1,Fibroblast,0.0,0.0,1369
CD4,TGFB1,TGFBR2,TGFB1$TGFBR2,Fibroblast,3.4532889e-07,7.907544e-08,1369
CD4,TGFB3,TGFBR1,TGFB3$TGFBR1,Fibroblast,0.0,0.0,1369
CD4,TGFB3,TGFBR2,TGFB3$TGFBR2,Fibroblast,0.0,0.0,1369
CD4,TGFB1,ACVR1B,TGFB1$ACVR1B,Fibroblast,0.0,0.0,1369
CD4,TGFB1,ACVR1,TGFB1$ACVR1,Fibroblast,0.0,0.0,1369
CD4,BMP2,BMPR1A,BMP2$BMPR1A,Fibroblast,7.340291e-05,7.476831e-06,1369
CD4,BMP2,ACVR2A,BMP2$ACVR2A,Fibroblast,0.0,0.0,1369
CD4,BMP2,BMPR2,BMP2$BMPR2,Fibroblast,0.0010445692,5.4262426e-05,1369
CD4,BMP4,BMPR1A,BMP4$BMPR1A,Fibroblast,-4.8359794e-08,5.9761285e-09,1369
CD4,BMP4,ACVR2A,BMP4$ACVR2A,Fibroblast,0.0,0.0,1369
CD4,BMP4,BMPR2,BMP4$BMPR2,Fibroblast,0.00017124802,3.7718517e-05,1369
CD4,BMP6,ACVR1,BMP6$ACVR1,Fibroblast,0.0,0.0,1369
CD4,BMP6,BMPR2,BMP6$BMPR2,Fibroblast,0.0,0.0,1369
CD4,BMP7,ACVR1,BMP7$ACVR1,Fibroblast,-9.098032e-07,6.146028e-08,1369
CD4,BMP7,ACVR2A,BMP7$ACVR2A,Fibroblast,0.0,0.0,1369
CD4,BMP7,BMPR2,BMP7$BMPR2,Fibroblast,9.5393014e-05,2.4553157e-05,1369
CD4,BMP7,BMPR1A,BMP7$BMPR1A,Fibroblast,1.610578e-07,7.850604e-08,1369
CD4,BMP8A,ACVR1,BMP8A$ACVR1,Fibroblast,0.0,0.0,1369
CD4,BMP8A,BMPR2,BMP8A$BMPR2,Fibroblast,1.960837e-07,3.098414e-08,1369
CD4,BMP8B,ACVR1,BMP8B$ACVR1,Fibroblast,0.0,0.0,1369
CD4,BMP8B,BMPR2,BMP8B$BMPR2,Fibroblast,1.4594553e-07,1.5088464e-08,1369
CD4,GDF11,TGFBR1,GDF11$TGFBR1,Fibroblast,0.0,0.0,1369
CD4,GDF11,ACVR1B,GDF11$ACVR1B,Fibroblast,0.0,0.0,1369
CD4,GDF15,TGFBR2,GDF15$TGFBR2,Fibroblast,0.0,0.0,1369
CD4,TGFA,EGFR,TGFA$EGFR,Fibroblast,0.0,0.0,1369
CD4,HBEGF,EGFR,HBEGF$EGFR,Fibroblast,0.0,0.0,1369
CD4,FGF2,FGFR1,FGF2$FGFR1,Fibroblast,0.0,0.0,1369
CD4,FGF7,FGFR1,FGF7$FGFR1,Fibroblast,-1.5291851e-08,7.3621914e-10,1369
CD4,FGF7,FGFR2,FGF7$FGFR2,Fibroblast,3.7951165e-07,3.23817e-08,1369
CD4,FGF9,FGFR1,FGF9$FGFR1,Fibroblast,0.0,0.0,1369
CD4,PDGFA,PDGFRA,PDGFA$PDGFRA,Fibroblast,0.004069243,0.00021108404,1369
CD4,PDGFA,PDGFRB,PDGFA$PDGFRB,Fibroblast,0.00021884043,5.2262778e-05,1369
CD4,PDGFB,PDGFRA,PDGFB$PDGFRA,Fibroblast,0.000111878166,3.6556157e-05,1369
CD4,PDGFB,PDGFRB,PDGFB$PDGFRB,Fibroblast,7.388581e-08,9.39057e-09,1369
CD4,PDGFC,PDGFRA,PDGFC$PDGFRA,Fibroblast,0.00024544384,2.0857327e-05,1369
CD4,VEGFA,KDR,VEGFA$KDR,Fibroblast,1.295343e-07,1.2248553e-08,1369
CD4,IGF1,ITGAV,IGF1$ITGAV,Fibroblast,0.0,0.0,1369
CD4,IHH,PTCH1,IHH$PTCH1,Fibroblast,-0.00022311085,1.6491495e-05,1369
CD4,IHH,SMO,IHH$SMO,Fibroblast,0.0,0.0,1369
CD4,SHH,PTCH1,SHH$PTCH1,Fibroblast,-2.4570007e-05,4.2540887e-06,1369
CD4,CCL8,CCR1,CCL8$CCR1,Fibroblast,0.0,0.0,1369
CD4,CCL13,CCR1,CCL13$CCR1,Fibroblast,0.0,0.0,1369
CD4,CCL14,CCR1,CCL14$CCR1,Fibroblast,0.0,0.0,1369
CD4,CCL15,CCR1,CCL15$CCR1,Fibroblast,0.0,0.0,1369
CD4,CCL16,CCR1,CCL16$CCR1,Fibroblast,0.0,0.0,1369
CD4,CXCL12,ACKR3,CXCL12$ACKR3,Fibroblast,-2.570809e-08,6.2418106e-09,1369
CD4,IL15,IL2RG,IL15$IL2RG,Fibroblast,0.0,0.0,1369
CD4,IL6,IL6R,IL6$IL6R,Fibroblast,0.0,0.0,1369
CD4,EBI3,IL6ST,EBI3$IL6ST,Fibroblast,0.0,0.0,1369
CD4,LIF,IL6ST,LIF$IL6ST,Fibroblast,-2.7961702e-05,3.095392e-06,1369
CD4,OSM,IL6ST,OSM$IL6ST,Fibroblast,0.0,0.0,1369
CD4,IL10,IL10RA,IL10$IL10RA,Fibroblast,0.0,0.0,1369
CD4,IL10,IL10RB,IL10$IL10RB,Fibroblast,0.0,0.0,1369
CD4,IL18,IL18R1,IL18$IL18R1,Fibroblast,0.0,0.0,1369
CD4,IL18,IL18RAP,IL18$IL18RAP,Fibroblast,0.0,0.0,1369
CD4,IL34,CSF1R,IL34$CSF1R,Fibroblast,0.0,0.0,1369
CD4,CSF1,CSF1R,CSF1$CSF1R,Fibroblast,0.0,0.0,1369
CD4,IFNW1,IFNAR2,IFNW1$IFNAR2,Fibroblast,0.0,0.0,1369
CD4,IFNA2,IFNAR2,IFNA2$IFNAR2,Fibroblast,0.0,0.0,1369
CD4,IFNA7,IFNAR2,IFNA7$IFNAR2,Fibroblast,0.0,0.0,1369
CD4,IFNA8,IFNAR2,IFNA8$IFNAR2,Fibroblast,0.0,0.0,1369
CD4,IFNA17,IFNAR2,IFNA17$IFNAR2,Fibroblast,0.0,0.0,1369
CD4,IFNG,IFNGR1,IFNG$IFNGR1,Fibroblast,0.0,0.0,1369
CD4,TNF,TNFRSF1A,TNF$TNFRSF1A,Fibroblast,0.0,0.0,1369
CD4,LTB,LTBR,LTB$LTBR,Fibroblast,0.0,0.0,1369
CD4,TNFSF14,LTBR,TNFSF14$LTBR,Fibroblast,0.0,0.0,1369
CD4,TNFSF14,TNFRSF14,TNFSF14$TNFRSF14,Fibroblast,0.0,0.0,1369
CD4,TNFSF10,TNFRSF10A,TNFSF10$TNFRSF10A,Fibroblast,0.0,0.0,1369
CD4,TNFSF13,TNFRSF17,TNFSF13$TNFRSF17,Fibroblast,0.0,0.0,1369
CD4,CD40LG,ITGB2,CD40LG$ITGB2,Fibroblast,0.0,0.0,1369
CD4,ANGPTL2,ITGA5,ANGPTL2$ITGA5,Fibroblast,0.0,0.0,1369
CD4,ANGPTL2,TLR4,ANGPTL2$TLR4,Fibroblast,0.0,0.0,1369
CD4,ANGPTL4,SDC2,ANGPTL4$SDC2,Fibroblast,0.0,0.0,1369
CD4,ANGPTL3,ITGAV,ANGPTL3$ITGAV,Fibroblast,0.0,0.0,1369
CD4,POSTN,ITGAV,POSTN$ITGAV,Fibroblast,-4.2697146e-05,7.6976625e-07,1369
CD4,POSTN,ITGB3,POSTN$ITGB3,Fibroblast,-4.4385855e-05,6.141858e-06,1369
CD4,POSTN,ITGB5,POSTN$ITGB5,Fibroblast,0.0003716492,9.1094436e-05,1369
CD4,C4A,C3AR1,C4A$C3AR1,Fibroblast,0.0,0.0,1369
CD4,EDN1,EDNRB,EDN1$EDNRB,Fibroblast,8.221414e-05,7.647365e-06,1369
CD4,SEMA3A,NRP1,SEMA3A$NRP1,Fibroblast,0.0,0.0,1369
CD4,SEMA3C,NRP1,SEMA3C$NRP1,Fibroblast,6.912728e-07,3.1753586e-08,1369
CD4,SEMA3D,NRP1,SEMA3D$NRP1,Fibroblast,0.0,0.0,1369
CD4,SEMA3C,NRP2,SEMA3C$NRP2,Fibroblast,0.0,0.0,1369
CD4,SEMA3D,NRP2,SEMA3D$NRP2,Fibroblast,0.0,0.0,1369
CD4,ADM,CALCR,ADM$CALCR,Fibroblast,0.0,0.0,1369
CD4,GAS6,AXL,GAS6$AXL,Fibroblast,4.465333e-05,3.1036204e-06,1369
CD4,GAS6,MERTK,GAS6$MERTK,Fibroblast,0.0,0.0,1369
CD4,GAS6,TYRO3,GAS6$TYRO3,Fibroblast,0.0,0.0,1369
CD4,GRN,SORT1,GRN$SORT1,Fibroblast,-1.2754828e-07,4.5265853e-09,1369
CD4,GUCA2A,GUCY2C,GUCA2A$GUCY2C,Fibroblast,2.573271e-05,9.068028e-06,1369
CD4,PMCH,MERTK,PMCH$MERTK,Fibroblast,0.0,0.0,1369
CD4,PROS1,AXL,PROS1$AXL,Fibroblast,3.0046715e-06,2.5377557e-07,1369
CD4,BTLA,TNFRSF14,BTLA$TNFRSF14,Fibroblast,0.0,0.0,1369
CD4,LGALS9,HAVCR2,LGALS9$HAVCR2,Fibroblast,0.0,0.0,1369
CD4,LGALS9,CD44,LGALS9$CD44,Fibroblast,2.4739645e-06,4.2924967e-08,1369
CD4,COL6A2,ITGA2,COL6A2$ITGA2,Fibroblast,9.472084e-07,1.5419255e-07,1369
CD4,TNXB,ITGB3,TNXB$ITGB3,Fibroblast,1.7203305e-07,5.4446023e-08,1369
CD4,COL6A2,ITGAV,COL6A2$ITGAV,Fibroblast,0.0,0.0,1369
CD4,COL4A1,CD44,COL4A1$CD44,Fibroblast,5.1904216e-08,2.3269122e-09,1369
CD4,COL4A2,CD44,COL4A2$CD44,Fibroblast,0.0,0.0,1369
CD4,COL6A2,CD44,COL6A2$CD44,Fibroblast,4.68313e-05,1.9509384e-06,1369
CD4,LAMC1,CD44,LAMC1$CD44,Fibroblast,0.0,0.0,1369
CD4,COL6A2,SDC4,COL6A2$SDC4,Fibroblast,1.3662678e-05,4.825111e-06,1369
CD4,CD99,CD99,CD99$CD99,Fibroblast,0.0,0.0,1369
CD4,CDH1,CDH1,CDH1$CDH1,Fibroblast,0.0,0.0,1369
CD4,ICAM1,ITGB2,ICAM1$ITGB2,Fibroblast,0.0,0.0,1369
CD4,ITGB2,CD226,ITGB2$CD226,Fibroblast,0.0,0.0,1369
CD4,ITGB2,ICAM1,ITGB2$ICAM1,Fibroblast,0.0,0.0,1369
CD4,F11R,ITGB2,F11R$ITGB2,Fibroblast,0.0,0.0,1369
CD4,F11R,F11R,F11R$F11R,Fibroblast,0.0,0.0,1369
CD4,PECAM1,PECAM1,PECAM1$PECAM1,Fibroblast,0.0,0.0,1369
CD4,SEMA4D,PLXNB2,SEMA4D$PLXNB2,Fibroblast,0.0,0.0,1369
CD4,SEMA4C,PLXNB2,SEMA4C$PLXNB2,Fibroblast,0.0,0.0,1369
CD4,THY1,ITGB2,THY1$ITGB2,Fibroblast,0.0,0.0,1369
CD4,TGFB1,TGFBR1,TGFB1$TGFBR1,IEC,0.0,0.0,5043
CD4,TGFB1,TGFBR2,TGFB1$TGFBR2,IEC,0.0,0.0,5043
CD4,TGFB3,TGFBR1,TGFB3$TGFBR1,IEC,0.0,0.0,5043
CD4,TGFB3,TGFBR2,TGFB3$TGFBR2,IEC,0.0,0.0,5043
CD4,TGFB1,ACVR1B,TGFB1$ACVR1B,IEC,0.0,0.0,5043
CD4,TGFB1,ACVR1,TGFB1$ACVR1,IEC,0.0,0.0,5043
CD4,BMP2,BMPR1A,BMP2$BMPR1A,IEC,0.0,0.0,5043
CD4,BMP2,ACVR2A,BMP2$ACVR2A,IEC,0.0,0.0,5043
CD4,BMP2,BMPR2,BMP2$BMPR2,IEC,0.0,0.0,5043
CD4,BMP4,BMPR1A,BMP4$BMPR1A,IEC,0.0,0.0,5043
CD4,BMP4,ACVR2A,BMP4$ACVR2A,IEC,0.0,0.0,5043
CD4,BMP4,BMPR2,BMP4$BMPR2,IEC,0.0,0.0,5043
CD4,BMP6,ACVR1,BMP6$ACVR1,IEC,0.0,0.0,5043
CD4,BMP6,BMPR2,BMP6$BMPR2,IEC,0.0,0.0,5043
CD4,BMP7,ACVR1,BMP7$ACVR1,IEC,0.0,0.0,5043
CD4,BMP7,ACVR2A,BMP7$ACVR2A,IEC,0.0,0.0,5043
CD4,BMP7,BMPR2,BMP7$BMPR2,IEC,0.0,0.0,5043
CD4,BMP7,BMPR1A,BMP7$BMPR1A,IEC,0.0,0.0,5043
CD4,BMP8A,ACVR1,BMP8A$ACVR1,IEC,0.0,0.0,5043
CD4,BMP8A,BMPR2,BMP8A$BMPR2,IEC,0.0,0.0,5043
CD4,BMP8B,ACVR1,BMP8B$ACVR1,IEC,0.0,0.0,5043
CD4,BMP8B,BMPR2,BMP8B$BMPR2,IEC,0.0,0.0,5043
CD4,GDF11,TGFBR1,GDF11$TGFBR1,IEC,0.0,0.0,5043
CD4,GDF11,ACVR1B,GDF11$ACVR1B,IEC,0.0,0.0,5043
CD4,GDF15,TGFBR2,GDF15$TGFBR2,IEC,0.0,0.0,5043
CD4,TGFA,EGFR,TGFA$EGFR,IEC,0.0,0.0,5043
CD4,HBEGF,EGFR,HBEGF$EGFR,IEC,0.0,0.0,5043
CD4,FGF2,FGFR1,FGF2$FGFR1,IEC,0.0,0.0,5043
CD4,FGF7,FGFR1,FGF7$FGFR1,IEC,0.0,0.0,5043
CD4,FGF7,FGFR2,FGF7$FGFR2,IEC,0.0,0.0,5043
CD4,FGF9,FGFR1,FGF9$FGFR1,IEC,0.0,0.0,5043
CD4,PDGFA,PDGFRA,PDGFA$PDGFRA,IEC,0.0,0.0,5043
CD4,PDGFA,PDGFRB,PDGFA$PDGFRB,IEC,0.0,0.0,5043
CD4,PDGFB,PDGFRA,PDGFB$PDGFRA,IEC,0.0,0.0,5043
CD4,PDGFB,PDGFRB,PDGFB$PDGFRB,IEC,0.0,0.0,5043
CD4,PDGFC,PDGFRA,PDGFC$PDGFRA,IEC,0.0,0.0,5043
CD4,VEGFA,KDR,VEGFA$KDR,IEC,0.0,0.0,5043
CD4,IGF1,ITGAV,IGF1$ITGAV,IEC,0.0,0.0,5043
CD4,IHH,PTCH1,IHH$PTCH1,IEC,0.0,0.0,5043
CD4,IHH,SMO,IHH$SMO,IEC,0.0,0.0,5043
CD4,SHH,PTCH1,SHH$PTCH1,IEC,0.0,0.0,5043
CD4,CCL8,CCR1,CCL8$CCR1,IEC,0.0,0.0,5043
CD4,CCL13,CCR1,CCL13$CCR1,IEC,0.0,0.0,5043
CD4,CCL14,CCR1,CCL14$CCR1,IEC,0.0,0.0,5043
CD4,CCL15,CCR1,CCL15$CCR1,IEC,0.0,0.0,5043
CD4,CCL16,CCR1,CCL16$CCR1,IEC,0.0,0.0,5043
CD4,CXCL12,ACKR3,CXCL12$ACKR3,IEC,0.0,0.0,5043
CD4,IL15,IL2RG,IL15$IL2RG,IEC,0.0,0.0,5043
CD4,IL6,IL6R,IL6$IL6R,IEC,0.0,0.0,5043
CD4,EBI3,IL6ST,EBI3$IL6ST,IEC,0.0,0.0,5043
CD4,LIF,IL6ST,LIF$IL6ST,IEC,0.0,0.0,5043
CD4,OSM,IL6ST,OSM$IL6ST,IEC,0.0,0.0,5043
CD4,IL10,IL10RA,IL10$IL10RA,IEC,0.0,0.0,5043
CD4,IL10,IL10RB,IL10$IL10RB,IEC,0.0,0.0,5043
CD4,IL18,IL18R1,IL18$IL18R1,IEC,0.0,0.0,5043
CD4,IL18,IL18RAP,IL18$IL18RAP,IEC,0.0,0.0,5043
CD4,IL34,CSF1R,IL34$CSF1R,IEC,0.0,0.0,5043
CD4,CSF1,CSF1R,CSF1$CSF1R,IEC,0.0,0.0,5043
CD4,IFNW1,IFNAR2,IFNW1$IFNAR2,IEC,0.0,0.0,5043
CD4,IFNA2,IFNAR2,IFNA2$IFNAR2,IEC,0.0,0.0,5043
CD4,IFNA7,IFNAR2,IFNA7$IFNAR2,IEC,0.0,0.0,5043
CD4,IFNA8,IFNAR2,IFNA8$IFNAR2,IEC,0.0,0.0,5043
CD4,IFNA17,IFNAR2,IFNA17$IFNAR2,IEC,0.0,0.0,5043
CD4,IFNG,IFNGR1,IFNG$IFNGR1,IEC,0.0,0.0,5043
CD4,TNF,TNFRSF1A,TNF$TNFRSF1A,IEC,0.0,0.0,5043
CD4,LTB,LTBR,LTB$LTBR,IEC,0.0,0.0,5043
CD4,TNFSF14,LTBR,TNFSF14$LTBR,IEC,0.0,0.0,5043
CD4,TNFSF14,TNFRSF14,TNFSF14$TNFRSF14,IEC,0.0,0.0,5043
CD4,TNFSF10,TNFRSF10A,TNFSF10$TNFRSF10A,IEC,0.0,0.0,5043
CD4,TNFSF13,TNFRSF17,TNFSF13$TNFRSF17,IEC,0.0,0.0,5043
CD4,CD40LG,ITGB2,CD40LG$ITGB2,IEC,0.0,0.0,5043
CD4,ANGPTL2,ITGA5,ANGPTL2$ITGA5,IEC,0.0,0.0,5043
CD4,ANGPTL2,TLR4,ANGPTL2$TLR4,IEC,0.0,0.0,5043
CD4,ANGPTL4,SDC2,ANGPTL4$SDC2,IEC,0.0,0.0,5043
CD4,ANGPTL3,ITGAV,ANGPTL3$ITGAV,IEC,0.0,0.0,5043
CD4,POSTN,ITGAV,POSTN$ITGAV,IEC,0.0,0.0,5043
CD4,POSTN,ITGB3,POSTN$ITGB3,IEC,0.0,0.0,5043
CD4,POSTN,ITGB5,POSTN$ITGB5,IEC,0.0,0.0,5043
CD4,C4A,C3AR1,C4A$C3AR1,IEC,0.0,0.0,5043
CD4,EDN1,EDNRB,EDN1$EDNRB,IEC,0.0,0.0,5043
CD4,SEMA3A,NRP1,SEMA3A$NRP1,IEC,0.0,0.0,5043
CD4,SEMA3C,NRP1,SEMA3C$NRP1,IEC,0.0,0.0,5043
CD4,SEMA3D,NRP1,SEMA3D$NRP1,IEC,0.0,0.0,5043
CD4,SEMA3C,NRP2,SEMA3C$NRP2,IEC,0.0,0.0,5043
CD4,SEMA3D,NRP2,SEMA3D$NRP2,IEC,0.0,0.0,5043
CD4,ADM,CALCR,ADM$CALCR,IEC,0.0,0.0,5043
CD4,GAS6,AXL,GAS6$AXL,IEC,0.0,0.0,5043
CD4,GAS6,MERTK,GAS6$MERTK,IEC,0.0,0.0,5043
CD4,GAS6,TYRO3,GAS6$TYRO3,IEC,0.0,0.0,5043
CD4,GRN,SORT1,GRN$SORT1,IEC,0.0,0.0,5043
CD4,GUCA2A,GUCY2C,GUCA2A$GUCY2C,IEC,0.0,0.0,5043
CD4,PMCH,MERTK,PMCH$MERTK,IEC,0.0,0.0,5043
CD4,PROS1,AXL,PROS1$AXL,IEC,0.0,0.0,5043
CD4,BTLA,TNFRSF14,BTLA$TNFRSF14,IEC,0.0,0.0,5043
CD4,LGALS9,HAVCR2,LGALS9$HAVCR2,IEC,0.0,0.0,5043
CD4,LGALS9,CD44,LGALS9$CD44,IEC,0.0,0.0,5043
CD4,COL6A2,ITGA2,COL6A2$ITGA2,IEC,0.0,0.0,5043
CD4,TNXB,ITGB3,TNXB$ITGB3,IEC,0.0,0.0,5043
CD4,COL6A2,ITGAV,COL6A2$ITGAV,IEC,0.0,0.0,5043
CD4,COL4A1,CD44,COL4A1$CD44,IEC,0.0,0.0,5043
CD4,COL4A2,CD44,COL4A2$CD44,IEC,0.0,0.0,5043
CD4,COL6A2,CD44,COL6A2$CD44,IEC,0.0,0.0,5043
CD4,LAMC1,CD44,LAMC1$CD44,IEC,0.0,0.0,5043
CD4,COL6A2,SDC4,COL6A2$SDC4,IEC,0.0,0.0,5043
CD4,CD99,CD99,CD99$CD99,IEC,0.0,0.0,5043
CD4,CDH1,CDH1,CDH1$CDH1,IEC,0.0,0.0,5043
CD4,ICAM1,ITGB2,ICAM1$ITGB2,IEC,0.0,0.0,5043
CD4,ITGB2,CD226,ITGB2$CD226,IEC,0.0,0.0,5043
CD4,ITGB2,ICAM1,ITGB2$ICAM1,IEC,0.0,0.0,5043
CD4,F11R,ITGB2,F11R$ITGB2,IEC,0.0,0.0,5043
CD4,F11R,F11R,F11R$F11R,IEC,0.0,0.0,5043
CD4,PECAM1,PECAM1,PECAM1$PECAM1,IEC,0.0,0.0,5043
CD4,SEMA4D,PLXNB2,SEMA4D$PLXNB2,IEC,0.0,0.0,5043
CD4,SEMA4C,PLXNB2,SEMA4C$PLXNB2,IEC,0.0,0.0,5043
CD4,THY1,ITGB2,THY1$ITGB2,IEC,0.0,0.0,5043
CD4,TGFB1,TGFBR1,TGFB1$TGFBR1,MAST,0.0,0.0,131
CD4,TGFB1,TGFBR2,TGFB1$TGFBR2,MAST,0.0,0.0,131
CD4,TGFB3,TGFBR1,TGFB3$TGFBR1,MAST,0.0,0.0,131
CD4,TGFB3,TGFBR2,TGFB3$TGFBR2,MAST,0.0,0.0,131
CD4,TGFB1,ACVR1B,TGFB1$ACVR1B,MAST,0.0,0.0,131
CD4,TGFB1,ACVR1,TGFB1$ACVR1,MAST,0.0,0.0,131
CD4,BMP2,BMPR1A,BMP2$BMPR1A,MAST,0.0,0.0,131
CD4,BMP2,ACVR2A,BMP2$ACVR2A,MAST,0.0,0.0,131
CD4,BMP2,BMPR2,BMP2$BMPR2,MAST,0.0,0.0,131
CD4,BMP4,BMPR1A,BMP4$BMPR1A,MAST,0.0,0.0,131
CD4,BMP4,ACVR2A,BMP4$ACVR2A,MAST,0.0,0.0,131
CD4,BMP4,BMPR2,BMP4$BMPR2,MAST,0.0,0.0,131
CD4,BMP6,ACVR1,BMP6$ACVR1,MAST,0.0,0.0,131
CD4,BMP6,BMPR2,BMP6$BMPR2,MAST,0.0,0.0,131
CD4,BMP7,ACVR1,BMP7$ACVR1,MAST,0.0,0.0,131
CD4,BMP7,ACVR2A,BMP7$ACVR2A,MAST,0.0,0.0,131
CD4,BMP7,BMPR2,BMP7$BMPR2,MAST,0.0,0.0,131
CD4,BMP7,BMPR1A,BMP7$BMPR1A,MAST,0.0,0.0,131
CD4,BMP8A,ACVR1,BMP8A$ACVR1,MAST,0.0,0.0,131
CD4,BMP8A,BMPR2,BMP8A$BMPR2,MAST,0.0,0.0,131
CD4,BMP8B,ACVR1,BMP8B$ACVR1,MAST,0.0,0.0,131
CD4,BMP8B,BMPR2,BMP8B$BMPR2,MAST,0.0,0.0,131
CD4,GDF11,TGFBR1,GDF11$TGFBR1,MAST,0.0,0.0,131
CD4,GDF11,ACVR1B,GDF11$ACVR1B,MAST,0.0,0.0,131
CD4,GDF15,TGFBR2,GDF15$TGFBR2,MAST,0.0,0.0,131
CD4,TGFA,EGFR,TGFA$EGFR,MAST,0.0,0.0,131
CD4,HBEGF,EGFR,HBEGF$EGFR,MAST,0.0,0.0,131
CD4,FGF2,FGFR1,FGF2$FGFR1,MAST,0.0,0.0,131
CD4,FGF7,FGFR1,FGF7$FGFR1,MAST,0.0,0.0,131
CD4,FGF7,FGFR2,FGF7$FGFR2,MAST,0.0,0.0,131
CD4,FGF9,FGFR1,FGF9$FGFR1,MAST,0.0,0.0,131
CD4,PDGFA,PDGFRA,PDGFA$PDGFRA,MAST,0.0,0.0,131
CD4,PDGFA,PDGFRB,PDGFA$PDGFRB,MAST,0.0,0.0,131
CD4,PDGFB,PDGFRA,PDGFB$PDGFRA,MAST,0.0,0.0,131
CD4,PDGFB,PDGFRB,PDGFB$PDGFRB,MAST,0.0,0.0,131
CD4,PDGFC,PDGFRA,PDGFC$PDGFRA,MAST,0.0,0.0,131
CD4,VEGFA,KDR,VEGFA$KDR,MAST,0.0,0.0,131
CD4,IGF1,ITGAV,IGF1$ITGAV,MAST,0.0,0.0,131
CD4,IHH,PTCH1,IHH$PTCH1,MAST,0.0,0.0,131
CD4,IHH,SMO,IHH$SMO,MAST,0.0,0.0,131
CD4,SHH,PTCH1,SHH$PTCH1,MAST,0.0,0.0,131
CD4,CCL8,CCR1,CCL8$CCR1,MAST,0.0,0.0,131
CD4,CCL13,CCR1,CCL13$CCR1,MAST,0.0,0.0,131
CD4,CCL14,CCR1,CCL14$CCR1,MAST,0.0,0.0,131
CD4,CCL15,CCR1,CCL15$CCR1,MAST,0.0,0.0,131
CD4,CCL16,CCR1,CCL16$CCR1,MAST,0.0,0.0,131
CD4,CXCL12,ACKR3,CXCL12$ACKR3,MAST,0.0,0.0,131
CD4,IL15,IL2RG,IL15$IL2RG,MAST,0.0,0.0,131
CD4,IL6,IL6R,IL6$IL6R,MAST,0.0,0.0,131
CD4,EBI3,IL6ST,EBI3$IL6ST,MAST,0.0,0.0,131
CD4,LIF,IL6ST,LIF$IL6ST,MAST,0.0,0.0,131
CD4,OSM,IL6ST,OSM$IL6ST,MAST,0.0,0.0,131
CD4,IL10,IL10RA,IL10$IL10RA,MAST,0.0,0.0,131
CD4,IL10,IL10RB,IL10$IL10RB,MAST,0.0,0.0,131
CD4,IL18,IL18R1,IL18$IL18R1,MAST,0.0,0.0,131
CD4,IL18,IL18RAP,IL18$IL18RAP,MAST,0.0,0.0,131
CD4,IL34,CSF1R,IL34$CSF1R,MAST,0.0,0.0,131
CD4,CSF1,CSF1R,CSF1$CSF1R,MAST,0.0,0.0,131
CD4,IFNW1,IFNAR2,IFNW1$IFNAR2,MAST,0.0,0.0,131
CD4,IFNA2,IFNAR2,IFNA2$IFNAR2,MAST,0.0,0.0,131
CD4,IFNA7,IFNAR2,IFNA7$IFNAR2,MAST,0.0,0.0,131
CD4,IFNA8,IFNAR2,IFNA8$IFNAR2,MAST,0.0,0.0,131
CD4,IFNA17,IFNAR2,IFNA17$IFNAR2,MAST,0.0,0.0,131
CD4,IFNG,IFNGR1,IFNG$IFNGR1,MAST,0.0,0.0,131
CD4,TNF,TNFRSF1A,TNF$TNFRSF1A,MAST,0.0,0.0,131
CD4,LTB,LTBR,LTB$LTBR,MAST,0.0,0.0,131
CD4,TNFSF14,LTBR,TNFSF14$LTBR,MAST,0.0,0.0,131
CD4,TNFSF14,TNFRSF14,TNFSF14$TNFRSF14,MAST,0.0,0.0,131
CD4,TNFSF10,TNFRSF10A,TNFSF10$TNFRSF10A,MAST,0.0,0.0,131
CD4,TNFSF13,TNFRSF17,TNFSF13$TNFRSF17,MAST,0.0,0.0,131
CD4,CD40LG,ITGB2,CD40LG$ITGB2,MAST,0.0,0.0,131
CD4,ANGPTL2,ITGA5,ANGPTL2$ITGA5,MAST,0.0,0.0,131
CD4,ANGPTL2,TLR4,ANGPTL2$TLR4,MAST,0.0,0.0,131
CD4,ANGPTL4,SDC2,ANGPTL4$SDC2,MAST,0.0,0.0,131
CD4,ANGPTL3,ITGAV,ANGPTL3$ITGAV,MAST,0.0,0.0,131
CD4,POSTN,ITGAV,POSTN$ITGAV,MAST,0.0,0.0,131
CD4,POSTN,ITGB3,POSTN$ITGB3,MAST,0.0,0.0,131
CD4,POSTN,ITGB5,POSTN$ITGB5,MAST,0.0,0.0,131
CD4,C4A,C3AR1,C4A$C3AR1,MAST,0.0,0.0,131
CD4,EDN1,EDNRB,EDN1$EDNRB,MAST,0.0,0.0,131
CD4,SEMA3A,NRP1,SEMA3A$NRP1,MAST,0.0,0.0,131
CD4,SEMA3C,NRP1,SEMA3C$NRP1,MAST,0.0,0.0,131
CD4,SEMA3D,NRP1,SEMA3D$NRP1,MAST,0.0,0.0,131
CD4,SEMA3C,NRP2,SEMA3C$NRP2,MAST,0.0,0.0,131
CD4,SEMA3D,NRP2,SEMA3D$NRP2,MAST,0.0,0.0,131
CD4,ADM,CALCR,ADM$CALCR,MAST,0.0,0.0,131
CD4,GAS6,AXL,GAS6$AXL,MAST,0.0,0.0,131
CD4,GAS6,MERTK,GAS6$MERTK,MAST,0.0,0.0,131
CD4,GAS6,TYRO3,GAS6$TYRO3,MAST,0.0,0.0,131
CD4,GRN,SORT1,GRN$SORT1,MAST,0.0,0.0,131
CD4,GUCA2A,GUCY2C,GUCA2A$GUCY2C,MAST,0.0,0.0,131
CD4,PMCH,MERTK,PMCH$MERTK,MAST,0.0,0.0,131
CD4,PROS1,AXL,PROS1$AXL,MAST,0.0,0.0,131
CD4,BTLA,TNFRSF14,BTLA$TNFRSF14,MAST,0.0,0.0,131
CD4,LGALS9,HAVCR2,LGALS9$HAVCR2,MAST,0.0,0.0,131
CD4,LGALS9,CD44,LGALS9$CD44,MAST,0.0,0.0,131
CD4,COL6A2,ITGA2,COL6A2$ITGA2,MAST,0.0,0.0,131
CD4,TNXB,ITGB3,TNXB$ITGB3,MAST,0.0,0.0,131
CD4,COL6A2,ITGAV,COL6A2$ITGAV,MAST,0.0,0.0,131
CD4,COL4A1,CD44,COL4A1$CD44,MAST,0.0,0.0,131
CD4,COL4A2,CD44,COL4A2$CD44,MAST,0.0,0.0,131
CD4,COL6A2,CD44,COL6A2$CD44,MAST,0.0,0.0,131
CD4,LAMC1,CD44,LAMC1$CD44,MAST,0.0,0.0,131
CD4,COL6A2,SDC4,COL6A2$SDC4,MAST,0.0,0.0,131
CD4,CD99,CD99,CD99$CD99,MAST,0.0,0.0,131
CD4,CDH1,CDH1,CDH1$CDH1,MAST,0.0,0.0,131
CD4,ICAM1,ITGB2,ICAM1$ITGB2,MAST,0.0,0.0,131
CD4,ITGB2,CD226,ITGB2$CD226,MAST,0.0,0.0,131
CD4,ITGB2,ICAM1,ITGB2$ICAM1,MAST,0.0,0.0,131
CD4,F11R,ITGB2,F11R$ITGB2,MAST,0.0,0.0,131
CD4,F11R,F11R,F11R$F11R,MAST,0.0,0.0,131
CD4,PECAM1,PECAM1,PECAM1$PECAM1,MAST,0.0,0.0,131
CD4,SEMA4D,PLXNB2,SEMA4D$PLXNB2,MAST,0.0,0.0,131
CD4,SEMA4C,PLXNB2,SEMA4C$PLXNB2,MAST,0.0,0.0,131
CD4,THY1,ITGB2,THY1$ITGB2,MAST,0.0,0.0,131
CD4,TGFB1,TGFBR1,TGFB1$TGFBR1,MNP,2.6366386e-06,2.0199039e-07,505
CD4,TGFB1,TGFBR2,TGFB1$TGFBR2,MNP,-1.6339705e-07,1.41138825e-08,505
CD4,TGFB3,TGFBR1,TGFB3$TGFBR1,MNP,1.8632589e-07,1.9546732e-08,505
CD4,TGFB3,TGFBR2,TGFB3$TGFBR2,MNP,1.1647074e-06,8.884274e-08,505
CD4,TGFB1,ACVR1B,TGFB1$ACVR1B,MNP,-2.9499085e-07,2.335348e-09,505
CD4,TGFB1,ACVR1,TGFB1$ACVR1,MNP,-4.434881e-08,1.432131e-08,505
CD4,BMP2,BMPR1A,BMP2$BMPR1A,MNP,5.120521e-06,7.723457e-07,505
CD4,BMP2,ACVR2A,BMP2$ACVR2A,MNP,3.0465882e-05,3.3795413e-06,505
CD4,BMP2,BMPR2,BMP2$BMPR2,MNP,9.073863e-05,5.1225898e-06,505
CD4,BMP4,BMPR1A,BMP4$BMPR1A,MNP,8.9300187e-07,6.9237046e-08,505
CD4,BMP4,ACVR2A,BMP4$ACVR2A,MNP,2.1780701e-05,2.1884391e-07,505
CD4,BMP4,BMPR2,BMP4$BMPR2,MNP,1.26015775e-05,1.0411733e-07,505
CD4,BMP6,ACVR1,BMP6$ACVR1,MNP,-8.480452e-08,5.315762e-09,505
CD4,BMP6,BMPR2,BMP6$BMPR2,MNP,2.1578828e-08,2.513883e-09,505
CD4,BMP7,ACVR1,BMP7$ACVR1,MNP,-1.3310469e-06,1.08597504e-07,505
CD4,BMP7,ACVR2A,BMP7$ACVR2A,MNP,7.4068913e-07,5.570027e-08,505
CD4,BMP7,BMPR2,BMP7$BMPR2,MNP,1.7308706e-07,9.686999e-09,505
CD4,BMP7,BMPR1A,BMP7$BMPR1A,MNP,1.9273225e-06,1.3138144e-07,505
CD4,BMP8A,ACVR1,BMP8A$ACVR1,MNP,2.623952e-07,2.1755879e-08,505
CD4,BMP8A,BMPR2,BMP8A$BMPR2,MNP,2.4509632e-08,3.526149e-09,505
CD4,BMP8B,ACVR1,BMP8B$ACVR1,MNP,-5.6754415e-09,2.1368016e-09,505
CD4,BMP8B,BMPR2,BMP8B$BMPR2,MNP,2.4267683e-07,1.6794244e-08,505
CD4,GDF11,TGFBR1,GDF11$TGFBR1,MNP,-3.8976498e-07,2.5646614e-08,505
CD4,GDF11,ACVR1B,GDF11$ACVR1B,MNP,4.767793e-08,1.36692355e-08,505
CD4,GDF15,TGFBR2,GDF15$TGFBR2,MNP,2.181695e-06,1.55226e-07,505
CD4,TGFA,EGFR,TGFA$EGFR,MNP,-1.6429556e-08,7.03401e-10,505
CD4,HBEGF,EGFR,HBEGF$EGFR,MNP,-5.7411853e-10,2.8703975e-10,505
CD4,FGF2,FGFR1,FGF2$FGFR1,MNP,1.2549093e-07,2.5536579e-08,505
CD4,FGF7,FGFR1,FGF7$FGFR1,MNP,3.453464e-08,2.0429491e-09,505
CD4,FGF7,FGFR2,FGF7$FGFR2,MNP,0.0,0.0,505
CD4,FGF9,FGFR1,FGF9$FGFR1,MNP,-7.282573e-08,3.3232643e-09,505
CD4,PDGFA,PDGFRA,PDGFA$PDGFRA,MNP,3.0957013e-05,3.794916e-06,505
CD4,PDGFA,PDGFRB,PDGFA$PDGFRB,MNP,-1.4132027e-07,8.360333e-08,505
CD4,PDGFB,PDGFRA,PDGFB$PDGFRA,MNP,1.2006468e-06,8.7996284e-08,505
CD4,PDGFB,PDGFRB,PDGFB$PDGFRB,MNP,0.0,0.0,505
CD4,PDGFC,PDGFRA,PDGFC$PDGFRA,MNP,-4.055053e-08,2.0945615e-08,505
CD4,VEGFA,KDR,VEGFA$KDR,MNP,-3.7683099e-06,2.4560606e-07,505
CD4,IGF1,ITGAV,IGF1$ITGAV,MNP,1.573081e-07,6.162631e-08,505
CD4,IHH,PTCH1,IHH$PTCH1,MNP,-1.0968479e-05,5.8186475e-07,505
CD4,IHH,SMO,IHH$SMO,MNP,-1.05048485e-07,3.1495435e-09,505
CD4,SHH,PTCH1,SHH$PTCH1,MNP,0.0,0.0,505
CD4,CCL8,CCR1,CCL8$CCR1,MNP,4.9360716e-07,3.3700275e-08,505
CD4,CCL13,CCR1,CCL13$CCR1,MNP,-2.1615357e-08,7.028671e-09,505
CD4,CCL14,CCR1,CCL14$CCR1,MNP,3.0555495e-06,3.3173683e-07,505
CD4,CCL15,CCR1,CCL15$CCR1,MNP,3.6329344e-05,7.263963e-06,505
CD4,CCL16,CCR1,CCL16$CCR1,MNP,1.8902263e-08,1.1587118e-09,505
CD4,CXCL12,ACKR3,CXCL12$ACKR3,MNP,7.1275795e-06,5.5148274e-07,505
CD4,IL15,IL2RG,IL15$IL2RG,MNP,9.159757e-09,7.753576e-10,505
CD4,IL6,IL6R,IL6$IL6R,MNP,1.022263e-07,1.3346707e-09,505
CD4,EBI3,IL6ST,EBI3$IL6ST,MNP,8.335947e-08,2.7754076e-08,505
CD4,LIF,IL6ST,LIF$IL6ST,MNP,-4.4965154e-06,5.136343e-07,505
CD4,OSM,IL6ST,OSM$IL6ST,MNP,3.1432725e-07,2.7690364e-08,505
CD4,IL10,IL10RA,IL10$IL10RA,MNP,1.2864588e-06,2.1461432e-08,505
CD4,IL10,IL10RB,IL10$IL10RB,MNP,-2.1797343e-08,1.4394937e-09,505
CD4,IL18,IL18R1,IL18$IL18R1,MNP,9.415756e-08,2.1504722e-09,505
CD4,IL18,IL18RAP,IL18$IL18RAP,MNP,3.8174612e-08,2.9788245e-09,505
CD4,IL34,CSF1R,IL34$CSF1R,MNP,2.5435852e-06,2.0450292e-07,505
CD4,CSF1,CSF1R,CSF1$CSF1R,MNP,0.00019025519,1.1546141e-05,505
CD4,IFNW1,IFNAR2,IFNW1$IFNAR2,MNP,1.8293726e-07,2.0104324e-08,505
CD4,IFNA2,IFNAR2,IFNA2$IFNAR2,MNP,-7.510002e-08,1.764458e-08,505
CD4,IFNA7,IFNAR2,IFNA7$IFNAR2,MNP,-1.4993606e-08,2.5289285e-10,505
CD4,IFNA8,IFNAR2,IFNA8$IFNAR2,MNP,3.4118676e-07,2.874913e-08,505
CD4,IFNA17,IFNAR2,IFNA17$IFNAR2,MNP,-3.0214585e-07,2.436539e-08,505
CD4,IFNG,IFNGR1,IFNG$IFNGR1,MNP,-2.1822767e-07,1.7469242e-08,505
CD4,TNF,TNFRSF1A,TNF$TNFRSF1A,MNP,6.6206582e-09,5.040096e-10,505
CD4,LTB,LTBR,LTB$LTBR,MNP,6.1153156e-07,1.0368649e-07,505
CD4,TNFSF14,LTBR,TNFSF14$LTBR,MNP,1.3818463e-06,5.1078448e-08,505
CD4,TNFSF14,TNFRSF14,TNFSF14$TNFRSF14,MNP,6.263478e-08,3.5305888e-08,505
CD4,TNFSF10,TNFRSF10A,TNFSF10$TNFRSF10A,MNP,2.1312153e-06,1.7680922e-07,505
CD4,TNFSF13,TNFRSF17,TNFSF13$TNFRSF17,MNP,2.8963186e-07,1.180379e-08,505
CD4,CD40LG,ITGB2,CD40LG$ITGB2,MNP,1.3107629e-05,1.849339e-06,505
CD4,ANGPTL2,ITGA5,ANGPTL2$ITGA5,MNP,7.854435e-08,2.7839734e-08,505
CD4,ANGPTL2,TLR4,ANGPTL2$TLR4,MNP,2.4760602e-05,1.376572e-07,505
CD4,ANGPTL4,SDC2,ANGPTL4$SDC2,MNP,4.157035e-09,3.3871556e-10,505
CD4,ANGPTL3,ITGAV,ANGPTL3$ITGAV,MNP,3.8628013e-08,1.0144255e-09,505
CD4,POSTN,ITGAV,POSTN$ITGAV,MNP,1.0616545e-05,1.6886229e-06,505
CD4,POSTN,ITGB3,POSTN$ITGB3,MNP,8.0150124e-07,1.4659556e-08,505
CD4,POSTN,ITGB5,POSTN$ITGB5,MNP,0.0003945241,2.5488558e-05,505
CD4,C4A,C3AR1,C4A$C3AR1,MNP,1.5726026e-06,9.9260134e-08,505
CD4,EDN1,EDNRB,EDN1$EDNRB,MNP,0.0,0.0,505
CD4,SEMA3A,NRP1,SEMA3A$NRP1,MNP,2.5402545e-05,5.5618348e-06,505
CD4,SEMA3C,NRP1,SEMA3C$NRP1,MNP,0.000130475,1.3231055e-05,505
CD4,SEMA3D,NRP1,SEMA3D$NRP1,MNP,1.0109824e-05,4.4663614e-07,505
CD4,SEMA3C,NRP2,SEMA3C$NRP2,MNP,4.8779943e-06,7.7882913e-07,505
CD4,SEMA3D,NRP2,SEMA3D$NRP2,MNP,-4.434214e-08,1.7185731e-09,505
CD4,ADM,CALCR,ADM$CALCR,MNP,8.6145803e-07,1.29565425e-08,505
CD4,GAS6,AXL,GAS6$AXL,MNP,-2.6905753e-05,1.9246572e-06,505
CD4,GAS6,MERTK,GAS6$MERTK,MNP,9.376126e-07,3.9088036e-08,505
CD4,GAS6,TYRO3,GAS6$TYRO3,MNP,6.850341e-07,1.5913288e-07,505
CD4,GRN,SORT1,GRN$SORT1,MNP,6.00669e-05,4.4484036e-06,505
CD4,GUCA2A,GUCY2C,GUCA2A$GUCY2C,MNP,2.845341e-07,5.22366e-08,505
CD4,PMCH,MERTK,PMCH$MERTK,MNP,2.1168004e-08,1.2607444e-10,505
CD4,PROS1,AXL,PROS1$AXL,MNP,8.620058e-05,6.6480425e-06,505
CD4,BTLA,TNFRSF14,BTLA$TNFRSF14,MNP,1.2589077e-06,5.7559447e-08,505
CD4,LGALS9,HAVCR2,LGALS9$HAVCR2,MNP,8.545703e-06,2.3210532e-06,505
CD4,LGALS9,CD44,LGALS9$CD44,MNP,-5.6982108e-06,7.394344e-07,505
CD4,COL6A2,ITGA2,COL6A2$ITGA2,MNP,0.0,0.0,505
CD4,TNXB,ITGB3,TNXB$ITGB3,MNP,0.0,0.0,505
CD4,COL6A2,ITGAV,COL6A2$ITGAV,MNP,-2.224933e-08,1.1558707e-09,505
CD4,COL4A1,CD44,COL4A1$CD44,MNP,0.0,0.0,505
CD4,COL4A2,CD44,COL4A2$CD44,MNP,8.9112255e-08,5.3287326e-09,505
CD4,COL6A2,CD44,COL6A2$CD44,MNP,9.295933e-06,7.232018e-07,505
CD4,LAMC1,CD44,LAMC1$CD44,MNP,2.9172318e-08,8.602691e-09,505
CD4,COL6A2,SDC4,COL6A2$SDC4,MNP,-5.4453633e-09,1.8856812e-09,505
CD4,CD99,CD99,CD99$CD99,MNP,1.0084871e-08,2.4640094e-09,505
CD4,CDH1,CDH1,CDH1$CDH1,MNP,-3.7289527e-07,1.0988699e-07,505
CD4,ICAM1,ITGB2,ICAM1$ITGB2,MNP,2.4911167e-06,1.8625724e-07,505
CD4,ITGB2,CD226,ITGB2$CD226,MNP,3.0564175e-07,9.148417e-09,505
CD4,ITGB2,ICAM1,ITGB2$ICAM1,MNP,1.2234375e-07,9.611434e-09,505
CD4,F11R,ITGB2,F11R$ITGB2,MNP,6.3526873e-06,4.145117e-07,505
CD4,F11R,F11R,F11R$F11R,MNP,3.121742e-07,1.206282e-08,505
CD4,PECAM1,PECAM1,PECAM1$PECAM1,MNP,4.4308786e-06,1.0430022e-06,505
CD4,SEMA4D,PLXNB2,SEMA4D$PLXNB2,MNP,-1.890192e-07,1.2709255e-08,505
CD4,SEMA4C,PLXNB2,SEMA4C$PLXNB2,MNP,2.5910183e-06,9.876051e-08,505
CD4,THY1,ITGB2,THY1$ITGB2,MNP,3.3747249e-06,3.93057e-08,505
CD4,TGFB1,TGFBR1,TGFB1$TGFBR1,Muscularis_mucosa,0.0,0.0,83
CD4,TGFB1,TGFBR2,TGFB1$TGFBR2,Muscularis_mucosa,0.0,0.0,83
CD4,TGFB3,TGFBR1,TGFB3$TGFBR1,Muscularis_mucosa,0.0,0.0,83
CD4,TGFB3,TGFBR2,TGFB3$TGFBR2,Muscularis_mucosa,0.0,0.0,83
CD4,TGFB1,ACVR1B,TGFB1$ACVR1B,Muscularis_mucosa,0.0,0.0,83
CD4,TGFB1,ACVR1,TGFB1$ACVR1,Muscularis_mucosa,0.0,0.0,83
CD4,BMP2,BMPR1A,BMP2$BMPR1A,Muscularis_mucosa,0.0,0.0,83
CD4,BMP2,ACVR2A,BMP2$ACVR2A,Muscularis_mucosa,0.0,0.0,83
CD4,BMP2,BMPR2,BMP2$BMPR2,Muscularis_mucosa,0.0,0.0,83
CD4,BMP4,BMPR1A,BMP4$BMPR1A,Muscularis_mucosa,0.0,0.0,83
CD4,BMP4,ACVR2A,BMP4$ACVR2A,Muscularis_mucosa,0.0,0.0,83
CD4,BMP4,BMPR2,BMP4$BMPR2,Muscularis_mucosa,0.0,0.0,83
CD4,BMP6,ACVR1,BMP6$ACVR1,Muscularis_mucosa,0.0,0.0,83
CD4,BMP6,BMPR2,BMP6$BMPR2,Muscularis_mucosa,0.0,0.0,83
CD4,BMP7,ACVR1,BMP7$ACVR1,Muscularis_mucosa,0.0,0.0,83
CD4,BMP7,ACVR2A,BMP7$ACVR2A,Muscularis_mucosa,0.0,0.0,83
CD4,BMP7,BMPR2,BMP7$BMPR2,Muscularis_mucosa,0.0,0.0,83
CD4,BMP7,BMPR1A,BMP7$BMPR1A,Muscularis_mucosa,0.0,0.0,83
CD4,BMP8A,ACVR1,BMP8A$ACVR1,Muscularis_mucosa,0.0,0.0,83
CD4,BMP8A,BMPR2,BMP8A$BMPR2,Muscularis_mucosa,0.0,0.0,83
CD4,BMP8B,ACVR1,BMP8B$ACVR1,Muscularis_mucosa,0.0,0.0,83
CD4,BMP8B,BMPR2,BMP8B$BMPR2,Muscularis_mucosa,0.0,0.0,83
CD4,GDF11,TGFBR1,GDF11$TGFBR1,Muscularis_mucosa,0.0,0.0,83
CD4,GDF11,ACVR1B,GDF11$ACVR1B,Muscularis_mucosa,0.0,0.0,83
CD4,GDF15,TGFBR2,GDF15$TGFBR2,Muscularis_mucosa,0.0,0.0,83
CD4,TGFA,EGFR,TGFA$EGFR,Muscularis_mucosa,0.0,0.0,83
CD4,HBEGF,EGFR,HBEGF$EGFR,Muscularis_mucosa,0.0,0.0,83
CD4,FGF2,FGFR1,FGF2$FGFR1,Muscularis_mucosa,0.0,0.0,83
CD4,FGF7,FGFR1,FGF7$FGFR1,Muscularis_mucosa,0.0,0.0,83
CD4,FGF7,FGFR2,FGF7$FGFR2,Muscularis_mucosa,0.0,0.0,83
CD4,FGF9,FGFR1,FGF9$FGFR1,Muscularis_mucosa,0.0,0.0,83
CD4,PDGFA,PDGFRA,PDGFA$PDGFRA,Muscularis_mucosa,0.0,0.0,83
CD4,PDGFA,PDGFRB,PDGFA$PDGFRB,Muscularis_mucosa,0.0,0.0,83
CD4,PDGFB,PDGFRA,PDGFB$PDGFRA,Muscularis_mucosa,0.0,0.0,83
CD4,PDGFB,PDGFRB,PDGFB$PDGFRB,Muscularis_mucosa,0.0,0.0,83
CD4,PDGFC,PDGFRA,PDGFC$PDGFRA,Muscularis_mucosa,0.0,0.0,83
CD4,VEGFA,KDR,VEGFA$KDR,Muscularis_mucosa,0.0,0.0,83
CD4,IGF1,ITGAV,IGF1$ITGAV,Muscularis_mucosa,0.0,0.0,83
CD4,IHH,PTCH1,IHH$PTCH1,Muscularis_mucosa,0.0,0.0,83
CD4,IHH,SMO,IHH$SMO,Muscularis_mucosa,0.0,0.0,83
CD4,SHH,PTCH1,SHH$PTCH1,Muscularis_mucosa,0.0,0.0,83
CD4,CCL8,CCR1,CCL8$CCR1,Muscularis_mucosa,0.0,0.0,83
CD4,CCL13,CCR1,CCL13$CCR1,Muscularis_mucosa,0.0,0.0,83
CD4,CCL14,CCR1,CCL14$CCR1,Muscularis_mucosa,0.0,0.0,83
CD4,CCL15,CCR1,CCL15$CCR1,Muscularis_mucosa,0.0,0.0,83
CD4,CCL16,CCR1,CCL16$CCR1,Muscularis_mucosa,0.0,0.0,83
CD4,CXCL12,ACKR3,CXCL12$ACKR3,Muscularis_mucosa,0.0,0.0,83
CD4,IL15,IL2RG,IL15$IL2RG,Muscularis_mucosa,0.0,0.0,83
CD4,IL6,IL6R,IL6$IL6R,Muscularis_mucosa,0.0,0.0,83
CD4,EBI3,IL6ST,EBI3$IL6ST,Muscularis_mucosa,0.0,0.0,83
CD4,LIF,IL6ST,LIF$IL6ST,Muscularis_mucosa,0.0,0.0,83
CD4,OSM,IL6ST,OSM$IL6ST,Muscularis_mucosa,0.0,0.0,83
CD4,IL10,IL10RA,IL10$IL10RA,Muscularis_mucosa,0.0,0.0,83
CD4,IL10,IL10RB,IL10$IL10RB,Muscularis_mucosa,0.0,0.0,83
CD4,IL18,IL18R1,IL18$IL18R1,Muscularis_mucosa,0.0,0.0,83
CD4,IL18,IL18RAP,IL18$IL18RAP,Muscularis_mucosa,0.0,0.0,83
CD4,IL34,CSF1R,IL34$CSF1R,Muscularis_mucosa,0.0,0.0,83
CD4,CSF1,CSF1R,CSF1$CSF1R,Muscularis_mucosa,0.0,0.0,83
CD4,IFNW1,IFNAR2,IFNW1$IFNAR2,Muscularis_mucosa,0.0,0.0,83
CD4,IFNA2,IFNAR2,IFNA2$IFNAR2,Muscularis_mucosa,0.0,0.0,83
CD4,IFNA7,IFNAR2,IFNA7$IFNAR2,Muscularis_mucosa,0.0,0.0,83
CD4,IFNA8,IFNAR2,IFNA8$IFNAR2,Muscularis_mucosa,0.0,0.0,83
CD4,IFNA17,IFNAR2,IFNA17$IFNAR2,Muscularis_mucosa,0.0,0.0,83
CD4,IFNG,IFNGR1,IFNG$IFNGR1,Muscularis_mucosa,0.0,0.0,83
CD4,TNF,TNFRSF1A,TNF$TNFRSF1A,Muscularis_mucosa,0.0,0.0,83
CD4,LTB,LTBR,LTB$LTBR,Muscularis_mucosa,0.0,0.0,83
CD4,TNFSF14,LTBR,TNFSF14$LTBR,Muscularis_mucosa,0.0,0.0,83
CD4,TNFSF14,TNFRSF14,TNFSF14$TNFRSF14,Muscularis_mucosa,0.0,0.0,83
CD4,TNFSF10,TNFRSF10A,TNFSF10$TNFRSF10A,Muscularis_mucosa,0.0,0.0,83
CD4,TNFSF13,TNFRSF17,TNFSF13$TNFRSF17,Muscularis_mucosa,0.0,0.0,83
CD4,CD40LG,ITGB2,CD40LG$ITGB2,Muscularis_mucosa,0.0,0.0,83
CD4,ANGPTL2,ITGA5,ANGPTL2$ITGA5,Muscularis_mucosa,0.0,0.0,83
CD4,ANGPTL2,TLR4,ANGPTL2$TLR4,Muscularis_mucosa,0.0,0.0,83
CD4,ANGPTL4,SDC2,ANGPTL4$SDC2,Muscularis_mucosa,0.0,0.0,83
CD4,ANGPTL3,ITGAV,ANGPTL3$ITGAV,Muscularis_mucosa,0.0,0.0,83
CD4,POSTN,ITGAV,POSTN$ITGAV,Muscularis_mucosa,0.0,0.0,83
CD4,POSTN,ITGB3,POSTN$ITGB3,Muscularis_mucosa,0.0,0.0,83
CD4,POSTN,ITGB5,POSTN$ITGB5,Muscularis_mucosa,0.0,0.0,83
CD4,C4A,C3AR1,C4A$C3AR1,Muscularis_mucosa,0.0,0.0,83
CD4,EDN1,EDNRB,EDN1$EDNRB,Muscularis_mucosa,0.0,0.0,83
CD4,SEMA3A,NRP1,SEMA3A$NRP1,Muscularis_mucosa,0.0,0.0,83
CD4,SEMA3C,NRP1,SEMA3C$NRP1,Muscularis_mucosa,0.0,0.0,83
CD4,SEMA3D,NRP1,SEMA3D$NRP1,Muscularis_mucosa,0.0,0.0,83
CD4,SEMA3C,NRP2,SEMA3C$NRP2,Muscularis_mucosa,0.0,0.0,83
CD4,SEMA3D,NRP2,SEMA3D$NRP2,Muscularis_mucosa,0.0,0.0,83
CD4,ADM,CALCR,ADM$CALCR,Muscularis_mucosa,0.0,0.0,83
CD4,GAS6,AXL,GAS6$AXL,Muscularis_mucosa,0.0,0.0,83
CD4,GAS6,MERTK,GAS6$MERTK,Muscularis_mucosa,0.0,0.0,83
CD4,GAS6,TYRO3,GAS6$TYRO3,Muscularis_mucosa,0.0,0.0,83
CD4,GRN,SORT1,GRN$SORT1,Muscularis_mucosa,0.0,0.0,83
CD4,GUCA2A,GUCY2C,GUCA2A$GUCY2C,Muscularis_mucosa,0.0,0.0,83
CD4,PMCH,MERTK,PMCH$MERTK,Muscularis_mucosa,0.0,0.0,83
CD4,PROS1,AXL,PROS1$AXL,Muscularis_mucosa,0.0,0.0,83
CD4,BTLA,TNFRSF14,BTLA$TNFRSF14,Muscularis_mucosa,0.0,0.0,83
CD4,LGALS9,HAVCR2,LGALS9$HAVCR2,Muscularis_mucosa,0.0,0.0,83
CD4,LGALS9,CD44,LGALS9$CD44,Muscularis_mucosa,0.0,0.0,83
CD4,COL6A2,ITGA2,COL6A2$ITGA2,Muscularis_mucosa,0.0,0.0,83
CD4,TNXB,ITGB3,TNXB$ITGB3,Muscularis_mucosa,0.0,0.0,83
CD4,COL6A2,ITGAV,COL6A2$ITGAV,Muscularis_mucosa,0.0,0.0,83
CD4,COL4A1,CD44,COL4A1$CD44,Muscularis_mucosa,0.0,0.0,83
CD4,COL4A2,CD44,COL4A2$CD44,Muscularis_mucosa,0.0,0.0,83
CD4,COL6A2,CD44,COL6A2$CD44,Muscularis_mucosa,0.0,0.0,83
CD4,LAMC1,CD44,LAMC1$CD44,Muscularis_mucosa,0.0,0.0,83
CD4,COL6A2,SDC4,COL6A2$SDC4,Muscularis_mucosa,0.0,0.0,83
CD4,CD99,CD99,CD99$CD99,Muscularis_mucosa,0.0,0.0,83
CD4,CDH1,CDH1,CDH1$CDH1,Muscularis_mucosa,0.0,0.0,83
CD4,ICAM1,ITGB2,ICAM1$ITGB2,Muscularis_mucosa,0.0,0.0,83
CD4,ITGB2,CD226,ITGB2$CD226,Muscularis_mucosa,0.0,0.0,83
CD4,ITGB2,ICAM1,ITGB2$ICAM1,Muscularis_mucosa,0.0,0.0,83
CD4,F11R,ITGB2,F11R$ITGB2,Muscularis_mucosa,0.0,0.0,83
CD4,F11R,F11R,F11R$F11R,Muscularis_mucosa,0.0,0.0,83
CD4,PECAM1,PECAM1,PECAM1$PECAM1,Muscularis_mucosa,0.0,0.0,83
CD4,SEMA4D,PLXNB2,SEMA4D$PLXNB2,Muscularis_mucosa,0.0,0.0,83
CD4,SEMA4C,PLXNB2,SEMA4C$PLXNB2,Muscularis_mucosa,0.0,0.0,83
CD4,THY1,ITGB2,THY1$ITGB2,Muscularis_mucosa,0.0,0.0,83
CD4,TGFB1,TGFBR1,TGFB1$TGFBR1,Myofibroblast,0.0,0.0,353
CD4,TGFB1,TGFBR2,TGFB1$TGFBR2,Myofibroblast,0.0,0.0,353
CD4,TGFB3,TGFBR1,TGFB3$TGFBR1,Myofibroblast,0.0,0.0,353
CD4,TGFB3,TGFBR2,TGFB3$TGFBR2,Myofibroblast,0.0,0.0,353
CD4,TGFB1,ACVR1B,TGFB1$ACVR1B,Myofibroblast,0.0,0.0,353
CD4,TGFB1,ACVR1,TGFB1$ACVR1,Myofibroblast,0.0,0.0,353
CD4,BMP2,BMPR1A,BMP2$BMPR1A,Myofibroblast,0.0,0.0,353
CD4,BMP2,ACVR2A,BMP2$ACVR2A,Myofibroblast,0.0,0.0,353
CD4,BMP2,BMPR2,BMP2$BMPR2,Myofibroblast,0.0,0.0,353
CD4,BMP4,BMPR1A,BMP4$BMPR1A,Myofibroblast,0.0,0.0,353
CD4,BMP4,ACVR2A,BMP4$ACVR2A,Myofibroblast,0.0,0.0,353
CD4,BMP4,BMPR2,BMP4$BMPR2,Myofibroblast,0.0,0.0,353
CD4,BMP6,ACVR1,BMP6$ACVR1,Myofibroblast,0.0,0.0,353
CD4,BMP6,BMPR2,BMP6$BMPR2,Myofibroblast,0.0,0.0,353
CD4,BMP7,ACVR1,BMP7$ACVR1,Myofibroblast,0.0,0.0,353
CD4,BMP7,ACVR2A,BMP7$ACVR2A,Myofibroblast,0.0,0.0,353
CD4,BMP7,BMPR2,BMP7$BMPR2,Myofibroblast,0.0,0.0,353
CD4,BMP7,BMPR1A,BMP7$BMPR1A,Myofibroblast,0.0,0.0,353
CD4,BMP8A,ACVR1,BMP8A$ACVR1,Myofibroblast,0.0,0.0,353
CD4,BMP8A,BMPR2,BMP8A$BMPR2,Myofibroblast,0.0,0.0,353
CD4,BMP8B,ACVR1,BMP8B$ACVR1,Myofibroblast,0.0,0.0,353
CD4,BMP8B,BMPR2,BMP8B$BMPR2,Myofibroblast,0.0,0.0,353
CD4,GDF11,TGFBR1,GDF11$TGFBR1,Myofibroblast,0.0,0.0,353
CD4,GDF11,ACVR1B,GDF11$ACVR1B,Myofibroblast,0.0,0.0,353
CD4,GDF15,TGFBR2,GDF15$TGFBR2,Myofibroblast,0.0,0.0,353
CD4,TGFA,EGFR,TGFA$EGFR,Myofibroblast,0.0,0.0,353
CD4,HBEGF,EGFR,HBEGF$EGFR,Myofibroblast,0.0,0.0,353
CD4,FGF2,FGFR1,FGF2$FGFR1,Myofibroblast,0.0,0.0,353
CD4,FGF7,FGFR1,FGF7$FGFR1,Myofibroblast,0.0,0.0,353
CD4,FGF7,FGFR2,FGF7$FGFR2,Myofibroblast,0.0,0.0,353
CD4,FGF9,FGFR1,FGF9$FGFR1,Myofibroblast,0.0,0.0,353
CD4,PDGFA,PDGFRA,PDGFA$PDGFRA,Myofibroblast,0.0,0.0,353
CD4,PDGFA,PDGFRB,PDGFA$PDGFRB,Myofibroblast,0.0,0.0,353
CD4,PDGFB,PDGFRA,PDGFB$PDGFRA,Myofibroblast,0.0,0.0,353
CD4,PDGFB,PDGFRB,PDGFB$PDGFRB,Myofibroblast,0.0,0.0,353
CD4,PDGFC,PDGFRA,PDGFC$PDGFRA,Myofibroblast,0.0,0.0,353
CD4,VEGFA,KDR,VEGFA$KDR,Myofibroblast,0.0,0.0,353
CD4,IGF1,ITGAV,IGF1$ITGAV,Myofibroblast,0.0,0.0,353
CD4,IHH,PTCH1,IHH$PTCH1,Myofibroblast,0.0,0.0,353
CD4,IHH,SMO,IHH$SMO,Myofibroblast,0.0,0.0,353
CD4,SHH,PTCH1,SHH$PTCH1,Myofibroblast,0.0,0.0,353
CD4,CCL8,CCR1,CCL8$CCR1,Myofibroblast,0.0,0.0,353
CD4,CCL13,CCR1,CCL13$CCR1,Myofibroblast,0.0,0.0,353
CD4,CCL14,CCR1,CCL14$CCR1,Myofibroblast,0.0,0.0,353
CD4,CCL15,CCR1,CCL15$CCR1,Myofibroblast,0.0,0.0,353
CD4,CCL16,CCR1,CCL16$CCR1,Myofibroblast,0.0,0.0,353
CD4,CXCL12,ACKR3,CXCL12$ACKR3,Myofibroblast,0.0,0.0,353
CD4,IL15,IL2RG,IL15$IL2RG,Myofibroblast,0.0,0.0,353
CD4,IL6,IL6R,IL6$IL6R,Myofibroblast,0.0,0.0,353
CD4,EBI3,IL6ST,EBI3$IL6ST,Myofibroblast,0.0,0.0,353
CD4,LIF,IL6ST,LIF$IL6ST,Myofibroblast,0.0,0.0,353
CD4,OSM,IL6ST,OSM$IL6ST,Myofibroblast,0.0,0.0,353
CD4,IL10,IL10RA,IL10$IL10RA,Myofibroblast,0.0,0.0,353
CD4,IL10,IL10RB,IL10$IL10RB,Myofibroblast,0.0,0.0,353
CD4,IL18,IL18R1,IL18$IL18R1,Myofibroblast,0.0,0.0,353
CD4,IL18,IL18RAP,IL18$IL18RAP,Myofibroblast,0.0,0.0,353
CD4,IL34,CSF1R,IL34$CSF1R,Myofibroblast,0.0,0.0,353
CD4,CSF1,CSF1R,CSF1$CSF1R,Myofibroblast,0.0,0.0,353
CD4,IFNW1,IFNAR2,IFNW1$IFNAR2,Myofibroblast,0.0,0.0,353
CD4,IFNA2,IFNAR2,IFNA2$IFNAR2,Myofibroblast,0.0,0.0,353
CD4,IFNA7,IFNAR2,IFNA7$IFNAR2,Myofibroblast,0.0,0.0,353
CD4,IFNA8,IFNAR2,IFNA8$IFNAR2,Myofibroblast,0.0,0.0,353
CD4,IFNA17,IFNAR2,IFNA17$IFNAR2,Myofibroblast,0.0,0.0,353
CD4,IFNG,IFNGR1,IFNG$IFNGR1,Myofibroblast,0.0,0.0,353
CD4,TNF,TNFRSF1A,TNF$TNFRSF1A,Myofibroblast,0.0,0.0,353
CD4,LTB,LTBR,LTB$LTBR,Myofibroblast,0.0,0.0,353
CD4,TNFSF14,LTBR,TNFSF14$LTBR,Myofibroblast,0.0,0.0,353
CD4,TNFSF14,TNFRSF14,TNFSF14$TNFRSF14,Myofibroblast,0.0,0.0,353
CD4,TNFSF10,TNFRSF10A,TNFSF10$TNFRSF10A,Myofibroblast,0.0,0.0,353
CD4,TNFSF13,TNFRSF17,TNFSF13$TNFRSF17,Myofibroblast,0.0,0.0,353
CD4,CD40LG,ITGB2,CD40LG$ITGB2,Myofibroblast,0.0,0.0,353
CD4,ANGPTL2,ITGA5,ANGPTL2$ITGA5,Myofibroblast,0.0,0.0,353
CD4,ANGPTL2,TLR4,ANGPTL2$TLR4,Myofibroblast,0.0,0.0,353
CD4,ANGPTL4,SDC2,ANGPTL4$SDC2,Myofibroblast,0.0,0.0,353
CD4,ANGPTL3,ITGAV,ANGPTL3$ITGAV,Myofibroblast,0.0,0.0,353
CD4,POSTN,ITGAV,POSTN$ITGAV,Myofibroblast,0.0,0.0,353
CD4,POSTN,ITGB3,POSTN$ITGB3,Myofibroblast,0.0,0.0,353
CD4,POSTN,ITGB5,POSTN$ITGB5,Myofibroblast,0.0,0.0,353
CD4,C4A,C3AR1,C4A$C3AR1,Myofibroblast,0.0,0.0,353
CD4,EDN1,EDNRB,EDN1$EDNRB,Myofibroblast,0.0,0.0,353
CD4,SEMA3A,NRP1,SEMA3A$NRP1,Myofibroblast,0.0,0.0,353
CD4,SEMA3C,NRP1,SEMA3C$NRP1,Myofibroblast,0.0,0.0,353
CD4,SEMA3D,NRP1,SEMA3D$NRP1,Myofibroblast,0.0,0.0,353
CD4,SEMA3C,NRP2,SEMA3C$NRP2,Myofibroblast,0.0,0.0,353
CD4,SEMA3D,NRP2,SEMA3D$NRP2,Myofibroblast,0.0,0.0,353
CD4,ADM,CALCR,ADM$CALCR,Myofibroblast,0.0,0.0,353
CD4,GAS6,AXL,GAS6$AXL,Myofibroblast,0.0,0.0,353
CD4,GAS6,MERTK,GAS6$MERTK,Myofibroblast,0.0,0.0,353
CD4,GAS6,TYRO3,GAS6$TYRO3,Myofibroblast,0.0,0.0,353
CD4,GRN,SORT1,GRN$SORT1,Myofibroblast,0.0,0.0,353
CD4,GUCA2A,GUCY2C,GUCA2A$GUCY2C,Myofibroblast,0.0,0.0,353
CD4,PMCH,MERTK,PMCH$MERTK,Myofibroblast,0.0,0.0,353
CD4,PROS1,AXL,PROS1$AXL,Myofibroblast,0.0,0.0,353
CD4,BTLA,TNFRSF14,BTLA$TNFRSF14,Myofibroblast,0.0,0.0,353
CD4,LGALS9,HAVCR2,LGALS9$HAVCR2,Myofibroblast,0.0,0.0,353
CD4,LGALS9,CD44,LGALS9$CD44,Myofibroblast,0.0,0.0,353
CD4,COL6A2,ITGA2,COL6A2$ITGA2,Myofibroblast,0.0,0.0,353
CD4,TNXB,ITGB3,TNXB$ITGB3,Myofibroblast,0.0,0.0,353
CD4,COL6A2,ITGAV,COL6A2$ITGAV,Myofibroblast,0.0,0.0,353
CD4,COL4A1,CD44,COL4A1$CD44,Myofibroblast,0.0,0.0,353
CD4,COL4A2,CD44,COL4A2$CD44,Myofibroblast,0.0,0.0,353
CD4,COL6A2,CD44,COL6A2$CD44,Myofibroblast,0.0,0.0,353
CD4,LAMC1,CD44,LAMC1$CD44,Myofibroblast,0.0,0.0,353
CD4,COL6A2,SDC4,COL6A2$SDC4,Myofibroblast,0.0,0.0,353
CD4,CD99,CD99,CD99$CD99,Myofibroblast,0.0,0.0,353
CD4,CDH1,CDH1,CDH1$CDH1,Myofibroblast,0.0,0.0,353
CD4,ICAM1,ITGB2,ICAM1$ITGB2,Myofibroblast,0.0,0.0,353
CD4,ITGB2,CD226,ITGB2$CD226,Myofibroblast,0.0,0.0,353
CD4,ITGB2,ICAM1,ITGB2$ICAM1,Myofibroblast,0.0,0.0,353
CD4,F11R,ITGB2,F11R$ITGB2,Myofibroblast,0.0,0.0,353
CD4,F11R,F11R,F11R$F11R,Myofibroblast,0.0,0.0,353
CD4,PECAM1,PECAM1,PECAM1$PECAM1,Myofibroblast,0.0,0.0,353
CD4,SEMA4D,PLXNB2,SEMA4D$PLXNB2,Myofibroblast,0.0,0.0,353
CD4,SEMA4C,PLXNB2,SEMA4C$PLXNB2,Myofibroblast,0.0,0.0,353
CD4,THY1,ITGB2,THY1$ITGB2,Myofibroblast,0.0,0.0,353
CD4,TGFB1,TGFBR1,TGFB1$TGFBR1,Pericyte,0.0,0.0,77
CD4,TGFB1,TGFBR2,TGFB1$TGFBR2,Pericyte,0.0,0.0,77
CD4,TGFB3,TGFBR1,TGFB3$TGFBR1,Pericyte,0.0,0.0,77
CD4,TGFB3,TGFBR2,TGFB3$TGFBR2,Pericyte,0.0,0.0,77
CD4,TGFB1,ACVR1B,TGFB1$ACVR1B,Pericyte,0.0,0.0,77
CD4,TGFB1,ACVR1,TGFB1$ACVR1,Pericyte,0.0,0.0,77
CD4,BMP2,BMPR1A,BMP2$BMPR1A,Pericyte,0.0,0.0,77
CD4,BMP2,ACVR2A,BMP2$ACVR2A,Pericyte,0.0,0.0,77
CD4,BMP2,BMPR2,BMP2$BMPR2,Pericyte,0.0,0.0,77
CD4,BMP4,BMPR1A,BMP4$BMPR1A,Pericyte,0.0,0.0,77
CD4,BMP4,ACVR2A,BMP4$ACVR2A,Pericyte,0.0,0.0,77
CD4,BMP4,BMPR2,BMP4$BMPR2,Pericyte,0.0,0.0,77
CD4,BMP6,ACVR1,BMP6$ACVR1,Pericyte,0.0,0.0,77
CD4,BMP6,BMPR2,BMP6$BMPR2,Pericyte,0.0,0.0,77
CD4,BMP7,ACVR1,BMP7$ACVR1,Pericyte,0.0,0.0,77
CD4,BMP7,ACVR2A,BMP7$ACVR2A,Pericyte,0.0,0.0,77
CD4,BMP7,BMPR2,BMP7$BMPR2,Pericyte,0.0,0.0,77
CD4,BMP7,BMPR1A,BMP7$BMPR1A,Pericyte,0.0,0.0,77
CD4,BMP8A,ACVR1,BMP8A$ACVR1,Pericyte,0.0,0.0,77
CD4,BMP8A,BMPR2,BMP8A$BMPR2,Pericyte,0.0,0.0,77
CD4,BMP8B,ACVR1,BMP8B$ACVR1,Pericyte,0.0,0.0,77
CD4,BMP8B,BMPR2,BMP8B$BMPR2,Pericyte,0.0,0.0,77
CD4,GDF11,TGFBR1,GDF11$TGFBR1,Pericyte,0.0,0.0,77
CD4,GDF11,ACVR1B,GDF11$ACVR1B,Pericyte,0.0,0.0,77
CD4,GDF15,TGFBR2,GDF15$TGFBR2,Pericyte,0.0,0.0,77
CD4,TGFA,EGFR,TGFA$EGFR,Pericyte,0.0,0.0,77
CD4,HBEGF,EGFR,HBEGF$EGFR,Pericyte,0.0,0.0,77
CD4,FGF2,FGFR1,FGF2$FGFR1,Pericyte,0.0,0.0,77
CD4,FGF7,FGFR1,FGF7$FGFR1,Pericyte,0.0,0.0,77
CD4,FGF7,FGFR2,FGF7$FGFR2,Pericyte,0.0,0.0,77
CD4,FGF9,FGFR1,FGF9$FGFR1,Pericyte,0.0,0.0,77
CD4,PDGFA,PDGFRA,PDGFA$PDGFRA,Pericyte,0.0,0.0,77
CD4,PDGFA,PDGFRB,PDGFA$PDGFRB,Pericyte,0.0,0.0,77
CD4,PDGFB,PDGFRA,PDGFB$PDGFRA,Pericyte,0.0,0.0,77
CD4,PDGFB,PDGFRB,PDGFB$PDGFRB,Pericyte,0.0,0.0,77
CD4,PDGFC,PDGFRA,PDGFC$PDGFRA,Pericyte,0.0,0.0,77
CD4,VEGFA,KDR,VEGFA$KDR,Pericyte,0.0,0.0,77
CD4,IGF1,ITGAV,IGF1$ITGAV,Pericyte,0.0,0.0,77
CD4,IHH,PTCH1,IHH$PTCH1,Pericyte,0.0,0.0,77
CD4,IHH,SMO,IHH$SMO,Pericyte,0.0,0.0,77
CD4,SHH,PTCH1,SHH$PTCH1,Pericyte,0.0,0.0,77
CD4,CCL8,CCR1,CCL8$CCR1,Pericyte,0.0,0.0,77
CD4,CCL13,CCR1,CCL13$CCR1,Pericyte,0.0,0.0,77
CD4,CCL14,CCR1,CCL14$CCR1,Pericyte,0.0,0.0,77
CD4,CCL15,CCR1,CCL15$CCR1,Pericyte,0.0,0.0,77
CD4,CCL16,CCR1,CCL16$CCR1,Pericyte,0.0,0.0,77
CD4,CXCL12,ACKR3,CXCL12$ACKR3,Pericyte,0.0,0.0,77
CD4,IL15,IL2RG,IL15$IL2RG,Pericyte,0.0,0.0,77
CD4,IL6,IL6R,IL6$IL6R,Pericyte,0.0,0.0,77
CD4,EBI3,IL6ST,EBI3$IL6ST,Pericyte,0.0,0.0,77
CD4,LIF,IL6ST,LIF$IL6ST,Pericyte,0.0,0.0,77
CD4,OSM,IL6ST,OSM$IL6ST,Pericyte,0.0,0.0,77
CD4,IL10,IL10RA,IL10$IL10RA,Pericyte,0.0,0.0,77
CD4,IL10,IL10RB,IL10$IL10RB,Pericyte,0.0,0.0,77
CD4,IL18,IL18R1,IL18$IL18R1,Pericyte,0.0,0.0,77
CD4,IL18,IL18RAP,IL18$IL18RAP,Pericyte,0.0,0.0,77
CD4,IL34,CSF1R,IL34$CSF1R,Pericyte,0.0,0.0,77
CD4,CSF1,CSF1R,CSF1$CSF1R,Pericyte,0.0,0.0,77
CD4,IFNW1,IFNAR2,IFNW1$IFNAR2,Pericyte,0.0,0.0,77
CD4,IFNA2,IFNAR2,IFNA2$IFNAR2,Pericyte,0.0,0.0,77
CD4,IFNA7,IFNAR2,IFNA7$IFNAR2,Pericyte,0.0,0.0,77
CD4,IFNA8,IFNAR2,IFNA8$IFNAR2,Pericyte,0.0,0.0,77
CD4,IFNA17,IFNAR2,IFNA17$IFNAR2,Pericyte,0.0,0.0,77
CD4,IFNG,IFNGR1,IFNG$IFNGR1,Pericyte,0.0,0.0,77
CD4,TNF,TNFRSF1A,TNF$TNFRSF1A,Pericyte,0.0,0.0,77
CD4,LTB,LTBR,LTB$LTBR,Pericyte,0.0,0.0,77
CD4,TNFSF14,LTBR,TNFSF14$LTBR,Pericyte,0.0,0.0,77
CD4,TNFSF14,TNFRSF14,TNFSF14$TNFRSF14,Pericyte,0.0,0.0,77
CD4,TNFSF10,TNFRSF10A,TNFSF10$TNFRSF10A,Pericyte,0.0,0.0,77
CD4,TNFSF13,TNFRSF17,TNFSF13$TNFRSF17,Pericyte,0.0,0.0,77
CD4,CD40LG,ITGB2,CD40LG$ITGB2,Pericyte,0.0,0.0,77
CD4,ANGPTL2,ITGA5,ANGPTL2$ITGA5,Pericyte,0.0,0.0,77
CD4,ANGPTL2,TLR4,ANGPTL2$TLR4,Pericyte,0.0,0.0,77
CD4,ANGPTL4,SDC2,ANGPTL4$SDC2,Pericyte,0.0,0.0,77
CD4,ANGPTL3,ITGAV,ANGPTL3$ITGAV,Pericyte,0.0,0.0,77
CD4,POSTN,ITGAV,POSTN$ITGAV,Pericyte,0.0,0.0,77
CD4,POSTN,ITGB3,POSTN$ITGB3,Pericyte,0.0,0.0,77
CD4,POSTN,ITGB5,POSTN$ITGB5,Pericyte,0.0,0.0,77
CD4,C4A,C3AR1,C4A$C3AR1,Pericyte,0.0,0.0,77
CD4,EDN1,EDNRB,EDN1$EDNRB,Pericyte,0.0,0.0,77
CD4,SEMA3A,NRP1,SEMA3A$NRP1,Pericyte,0.0,0.0,77
CD4,SEMA3C,NRP1,SEMA3C$NRP1,Pericyte,0.0,0.0,77
CD4,SEMA3D,NRP1,SEMA3D$NRP1,Pericyte,0.0,0.0,77
CD4,SEMA3C,NRP2,SEMA3C$NRP2,Pericyte,0.0,0.0,77
CD4,SEMA3D,NRP2,SEMA3D$NRP2,Pericyte,0.0,0.0,77
CD4,ADM,CALCR,ADM$CALCR,Pericyte,0.0,0.0,77
CD4,GAS6,AXL,GAS6$AXL,Pericyte,0.0,0.0,77
CD4,GAS6,MERTK,GAS6$MERTK,Pericyte,0.0,0.0,77
CD4,GAS6,TYRO3,GAS6$TYRO3,Pericyte,0.0,0.0,77
CD4,GRN,SORT1,GRN$SORT1,Pericyte,0.0,0.0,77
CD4,GUCA2A,GUCY2C,GUCA2A$GUCY2C,Pericyte,0.0,0.0,77
CD4,PMCH,MERTK,PMCH$MERTK,Pericyte,0.0,0.0,77
CD4,PROS1,AXL,PROS1$AXL,Pericyte,0.0,0.0,77
CD4,BTLA,TNFRSF14,BTLA$TNFRSF14,Pericyte,0.0,0.0,77
CD4,LGALS9,HAVCR2,LGALS9$HAVCR2,Pericyte,0.0,0.0,77
CD4,LGALS9,CD44,LGALS9$CD44,Pericyte,0.0,0.0,77
CD4,COL6A2,ITGA2,COL6A2$ITGA2,Pericyte,0.0,0.0,77
CD4,TNXB,ITGB3,TNXB$ITGB3,Pericyte,0.0,0.0,77
CD4,COL6A2,ITGAV,COL6A2$ITGAV,Pericyte,0.0,0.0,77
CD4,COL4A1,CD44,COL4A1$CD44,Pericyte,0.0,0.0,77
CD4,COL4A2,CD44,COL4A2$CD44,Pericyte,0.0,0.0,77
CD4,COL6A2,CD44,COL6A2$CD44,Pericyte,0.0,0.0,77
CD4,LAMC1,CD44,LAMC1$CD44,Pericyte,0.0,0.0,77
CD4,COL6A2,SDC4,COL6A2$SDC4,Pericyte,0.0,0.0,77
CD4,CD99,CD99,CD99$CD99,Pericyte,0.0,0.0,77
CD4,CDH1,CDH1,CDH1$CDH1,Pericyte,0.0,0.0,77
CD4,ICAM1,ITGB2,ICAM1$ITGB2,Pericyte,0.0,0.0,77
CD4,ITGB2,CD226,ITGB2$CD226,Pericyte,0.0,0.0,77
CD4,ITGB2,ICAM1,ITGB2$ICAM1,Pericyte,0.0,0.0,77
CD4,F11R,ITGB2,F11R$ITGB2,Pericyte,0.0,0.0,77
CD4,F11R,F11R,F11R$F11R,Pericyte,0.0,0.0,77
CD4,PECAM1,PECAM1,PECAM1$PECAM1,Pericyte,0.0,0.0,77
CD4,SEMA4D,PLXNB2,SEMA4D$PLXNB2,Pericyte,0.0,0.0,77
CD4,SEMA4C,PLXNB2,SEMA4C$PLXNB2,Pericyte,0.0,0.0,77
CD4,THY1,ITGB2,THY1$ITGB2,Pericyte,0.0,0.0,77
CD4,TGFB1,TGFBR1,TGFB1$TGFBR1,Plasma,0.0,0.0,1312
CD4,TGFB1,TGFBR2,TGFB1$TGFBR2,Plasma,0.0,0.0,1312
CD4,TGFB3,TGFBR1,TGFB3$TGFBR1,Plasma,0.0,0.0,1312
CD4,TGFB3,TGFBR2,TGFB3$TGFBR2,Plasma,0.0,0.0,1312
CD4,TGFB1,ACVR1B,TGFB1$ACVR1B,Plasma,0.0,0.0,1312
CD4,TGFB1,ACVR1,TGFB1$ACVR1,Plasma,0.0,0.0,1312
CD4,BMP2,BMPR1A,BMP2$BMPR1A,Plasma,0.0,0.0,1312
CD4,BMP2,ACVR2A,BMP2$ACVR2A,Plasma,0.0,0.0,1312
CD4,BMP2,BMPR2,BMP2$BMPR2,Plasma,0.0,0.0,1312
CD4,BMP4,BMPR1A,BMP4$BMPR1A,Plasma,0.0,0.0,1312
CD4,BMP4,ACVR2A,BMP4$ACVR2A,Plasma,0.0,0.0,1312
CD4,BMP4,BMPR2,BMP4$BMPR2,Plasma,0.0,0.0,1312
CD4,BMP6,ACVR1,BMP6$ACVR1,Plasma,0.0,0.0,1312
CD4,BMP6,BMPR2,BMP6$BMPR2,Plasma,0.0,0.0,1312
CD4,BMP7,ACVR1,BMP7$ACVR1,Plasma,0.0,0.0,1312
CD4,BMP7,ACVR2A,BMP7$ACVR2A,Plasma,0.0,0.0,1312
CD4,BMP7,BMPR2,BMP7$BMPR2,Plasma,0.0,0.0,1312
CD4,BMP7,BMPR1A,BMP7$BMPR1A,Plasma,0.0,0.0,1312
CD4,BMP8A,ACVR1,BMP8A$ACVR1,Plasma,0.0,0.0,1312
CD4,BMP8A,BMPR2,BMP8A$BMPR2,Plasma,0.0,0.0,1312
CD4,BMP8B,ACVR1,BMP8B$ACVR1,Plasma,0.0,0.0,1312
CD4,BMP8B,BMPR2,BMP8B$BMPR2,Plasma,0.0,0.0,1312
CD4,GDF11,TGFBR1,GDF11$TGFBR1,Plasma,0.0,0.0,1312
CD4,GDF11,ACVR1B,GDF11$ACVR1B,Plasma,0.0,0.0,1312
CD4,GDF15,TGFBR2,GDF15$TGFBR2,Plasma,0.0,0.0,1312
CD4,TGFA,EGFR,TGFA$EGFR,Plasma,0.0,0.0,1312
CD4,HBEGF,EGFR,HBEGF$EGFR,Plasma,0.0,0.0,1312
CD4,FGF2,FGFR1,FGF2$FGFR1,Plasma,0.0,0.0,1312
CD4,FGF7,FGFR1,FGF7$FGFR1,Plasma,0.0,0.0,1312
CD4,FGF7,FGFR2,FGF7$FGFR2,Plasma,0.0,0.0,1312
CD4,FGF9,FGFR1,FGF9$FGFR1,Plasma,0.0,0.0,1312
CD4,PDGFA,PDGFRA,PDGFA$PDGFRA,Plasma,0.0,0.0,1312
CD4,PDGFA,PDGFRB,PDGFA$PDGFRB,Plasma,0.0,0.0,1312
CD4,PDGFB,PDGFRA,PDGFB$PDGFRA,Plasma,0.0,0.0,1312
CD4,PDGFB,PDGFRB,PDGFB$PDGFRB,Plasma,0.0,0.0,1312
CD4,PDGFC,PDGFRA,PDGFC$PDGFRA,Plasma,0.0,0.0,1312
CD4,VEGFA,KDR,VEGFA$KDR,Plasma,0.0,0.0,1312
CD4,IGF1,ITGAV,IGF1$ITGAV,Plasma,0.0,0.0,1312
CD4,IHH,PTCH1,IHH$PTCH1,Plasma,0.0,0.0,1312
CD4,IHH,SMO,IHH$SMO,Plasma,0.0,0.0,1312
CD4,SHH,PTCH1,SHH$PTCH1,Plasma,0.0,0.0,1312
CD4,CCL8,CCR1,CCL8$CCR1,Plasma,0.0,0.0,1312
CD4,CCL13,CCR1,CCL13$CCR1,Plasma,0.0,0.0,1312
CD4,CCL14,CCR1,CCL14$CCR1,Plasma,0.0,0.0,1312
CD4,CCL15,CCR1,CCL15$CCR1,Plasma,0.0,0.0,1312
CD4,CCL16,CCR1,CCL16$CCR1,Plasma,0.0,0.0,1312
CD4,CXCL12,ACKR3,CXCL12$ACKR3,Plasma,0.0,0.0,1312
CD4,IL15,IL2RG,IL15$IL2RG,Plasma,0.0,0.0,1312
CD4,IL6,IL6R,IL6$IL6R,Plasma,0.0,0.0,1312
CD4,EBI3,IL6ST,EBI3$IL6ST,Plasma,0.0,0.0,1312
CD4,LIF,IL6ST,LIF$IL6ST,Plasma,0.0,0.0,1312
CD4,OSM,IL6ST,OSM$IL6ST,Plasma,0.0,0.0,1312
CD4,IL10,IL10RA,IL10$IL10RA,Plasma,0.0,0.0,1312
CD4,IL10,IL10RB,IL10$IL10RB,Plasma,0.0,0.0,1312
CD4,IL18,IL18R1,IL18$IL18R1,Plasma,0.0,0.0,1312
CD4,IL18,IL18RAP,IL18$IL18RAP,Plasma,0.0,0.0,1312
CD4,IL34,CSF1R,IL34$CSF1R,Plasma,0.0,0.0,1312
CD4,CSF1,CSF1R,CSF1$CSF1R,Plasma,0.0,0.0,1312
CD4,IFNW1,IFNAR2,IFNW1$IFNAR2,Plasma,0.0,0.0,1312
CD4,IFNA2,IFNAR2,IFNA2$IFNAR2,Plasma,0.0,0.0,1312
CD4,IFNA7,IFNAR2,IFNA7$IFNAR2,Plasma,0.0,0.0,1312
CD4,IFNA8,IFNAR2,IFNA8$IFNAR2,Plasma,0.0,0.0,1312
CD4,IFNA17,IFNAR2,IFNA17$IFNAR2,Plasma,0.0,0.0,1312
CD4,IFNG,IFNGR1,IFNG$IFNGR1,Plasma,0.0,0.0,1312
CD4,TNF,TNFRSF1A,TNF$TNFRSF1A,Plasma,0.0,0.0,1312
CD4,LTB,LTBR,LTB$LTBR,Plasma,0.0,0.0,1312
CD4,TNFSF14,LTBR,TNFSF14$LTBR,Plasma,0.0,0.0,1312
CD4,TNFSF14,TNFRSF14,TNFSF14$TNFRSF14,Plasma,0.0,0.0,1312
CD4,TNFSF10,TNFRSF10A,TNFSF10$TNFRSF10A,Plasma,0.0,0.0,1312
CD4,TNFSF13,TNFRSF17,TNFSF13$TNFRSF17,Plasma,0.0,0.0,1312
CD4,CD40LG,ITGB2,CD40LG$ITGB2,Plasma,0.0,0.0,1312
CD4,ANGPTL2,ITGA5,ANGPTL2$ITGA5,Plasma,0.0,0.0,1312
CD4,ANGPTL2,TLR4,ANGPTL2$TLR4,Plasma,0.0,0.0,1312
CD4,ANGPTL4,SDC2,ANGPTL4$SDC2,Plasma,0.0,0.0,1312
CD4,ANGPTL3,ITGAV,ANGPTL3$ITGAV,Plasma,0.0,0.0,1312
CD4,POSTN,ITGAV,POSTN$ITGAV,Plasma,0.0,0.0,1312
CD4,POSTN,ITGB3,POSTN$ITGB3,Plasma,0.0,0.0,1312
CD4,POSTN,ITGB5,POSTN$ITGB5,Plasma,0.0,0.0,1312
CD4,C4A,C3AR1,C4A$C3AR1,Plasma,0.0,0.0,1312
CD4,EDN1,EDNRB,EDN1$EDNRB,Plasma,0.0,0.0,1312
CD4,SEMA3A,NRP1,SEMA3A$NRP1,Plasma,0.0,0.0,1312
CD4,SEMA3C,NRP1,SEMA3C$NRP1,Plasma,0.0,0.0,1312
CD4,SEMA3D,NRP1,SEMA3D$NRP1,Plasma,0.0,0.0,1312
CD4,SEMA3C,NRP2,SEMA3C$NRP2,Plasma,0.0,0.0,1312
CD4,SEMA3D,NRP2,SEMA3D$NRP2,Plasma,0.0,0.0,1312
CD4,ADM,CALCR,ADM$CALCR,Plasma,0.0,0.0,1312
CD4,GAS6,AXL,GAS6$AXL,Plasma,0.0,0.0,1312
CD4,GAS6,MERTK,GAS6$MERTK,Plasma,0.0,0.0,1312
CD4,GAS6,TYRO3,GAS6$TYRO3,Plasma,0.0,0.0,1312
CD4,GRN,SORT1,GRN$SORT1,Plasma,0.0,0.0,1312
CD4,GUCA2A,GUCY2C,GUCA2A$GUCY2C,Plasma,0.0,0.0,1312
CD4,PMCH,MERTK,PMCH$MERTK,Plasma,0.0,0.0,1312
CD4,PROS1,AXL,PROS1$AXL,Plasma,0.0,0.0,1312
CD4,BTLA,TNFRSF14,BTLA$TNFRSF14,Plasma,0.0,0.0,1312
CD4,LGALS9,HAVCR2,LGALS9$HAVCR2,Plasma,0.0,0.0,1312
CD4,LGALS9,CD44,LGALS9$CD44,Plasma,0.0,0.0,1312
CD4,COL6A2,ITGA2,COL6A2$ITGA2,Plasma,0.0,0.0,1312
CD4,TNXB,ITGB3,TNXB$ITGB3,Plasma,0.0,0.0,1312
CD4,COL6A2,ITGAV,COL6A2$ITGAV,Plasma,0.0,0.0,1312
CD4,COL4A1,CD44,COL4A1$CD44,Plasma,0.0,0.0,1312
CD4,COL4A2,CD44,COL4A2$CD44,Plasma,0.0,0.0,1312
CD4,COL6A2,CD44,COL6A2$CD44,Plasma,0.0,0.0,1312
CD4,LAMC1,CD44,LAMC1$CD44,Plasma,0.0,0.0,1312
CD4,COL6A2,SDC4,COL6A2$SDC4,Plasma,0.0,0.0,1312
CD4,CD99,CD99,CD99$CD99,Plasma,0.0,0.0,1312
CD4,CDH1,CDH1,CDH1$CDH1,Plasma,0.0,0.0,1312
CD4,ICAM1,ITGB2,ICAM1$ITGB2,Plasma,0.0,0.0,1312
CD4,ITGB2,CD226,ITGB2$CD226,Plasma,0.0,0.0,1312
CD4,ITGB2,ICAM1,ITGB2$ICAM1,Plasma,0.0,0.0,1312
CD4,F11R,ITGB2,F11R$ITGB2,Plasma,0.0,0.0,1312
CD4,F11R,F11R,F11R$F11R,Plasma,0.0,0.0,1312
CD4,PECAM1,PECAM1,PECAM1$PECAM1,Plasma,0.0,0.0,1312
CD4,SEMA4D,PLXNB2,SEMA4D$PLXNB2,Plasma,0.0,0.0,1312
CD4,SEMA4C,PLXNB2,SEMA4C$PLXNB2,Plasma,0.0,0.0,1312
CD4,THY1,ITGB2,THY1$ITGB2,Plasma,0.0,0.0,1312
CD4,TGFB1,TGFBR1,TGFB1$TGFBR1,T,0.0,0.0,526
CD4,TGFB1,TGFBR2,TGFB1$TGFBR2,T,0.0,0.0,526
CD4,TGFB3,TGFBR1,TGFB3$TGFBR1,T,0.0,0.0,526
CD4,TGFB3,TGFBR2,TGFB3$TGFBR2,T,0.0,0.0,526
CD4,TGFB1,ACVR1B,TGFB1$ACVR1B,T,0.0,0.0,526
CD4,TGFB1,ACVR1,TGFB1$ACVR1,T,0.0,0.0,526
CD4,BMP2,BMPR1A,BMP2$BMPR1A,T,0.0,0.0,526
CD4,BMP2,ACVR2A,BMP2$ACVR2A,T,0.0,0.0,526
CD4,BMP2,BMPR2,BMP2$BMPR2,T,0.0,0.0,526
CD4,BMP4,BMPR1A,BMP4$BMPR1A,T,0.0,0.0,526
CD4,BMP4,ACVR2A,BMP4$ACVR2A,T,0.0,0.0,526
CD4,BMP4,BMPR2,BMP4$BMPR2,T,0.0,0.0,526
CD4,BMP6,ACVR1,BMP6$ACVR1,T,0.0,0.0,526
CD4,BMP6,BMPR2,BMP6$BMPR2,T,0.0,0.0,526
CD4,BMP7,ACVR1,BMP7$ACVR1,T,0.0,0.0,526
CD4,BMP7,ACVR2A,BMP7$ACVR2A,T,0.0,0.0,526
CD4,BMP7,BMPR2,BMP7$BMPR2,T,0.0,0.0,526
CD4,BMP7,BMPR1A,BMP7$BMPR1A,T,0.0,0.0,526
CD4,BMP8A,ACVR1,BMP8A$ACVR1,T,0.0,0.0,526
CD4,BMP8A,BMPR2,BMP8A$BMPR2,T,0.0,0.0,526
CD4,BMP8B,ACVR1,BMP8B$ACVR1,T,0.0,0.0,526
CD4,BMP8B,BMPR2,BMP8B$BMPR2,T,0.0,0.0,526
CD4,GDF11,TGFBR1,GDF11$TGFBR1,T,0.0,0.0,526
CD4,GDF11,ACVR1B,GDF11$ACVR1B,T,0.0,0.0,526
CD4,GDF15,TGFBR2,GDF15$TGFBR2,T,0.0,0.0,526
CD4,TGFA,EGFR,TGFA$EGFR,T,0.0,0.0,526
CD4,HBEGF,EGFR,HBEGF$EGFR,T,0.0,0.0,526
CD4,FGF2,FGFR1,FGF2$FGFR1,T,0.0,0.0,526
CD4,FGF7,FGFR1,FGF7$FGFR1,T,0.0,0.0,526
CD4,FGF7,FGFR2,FGF7$FGFR2,T,0.0,0.0,526
CD4,FGF9,FGFR1,FGF9$FGFR1,T,0.0,0.0,526
CD4,PDGFA,PDGFRA,PDGFA$PDGFRA,T,0.0,0.0,526
CD4,PDGFA,PDGFRB,PDGFA$PDGFRB,T,0.0,0.0,526
CD4,PDGFB,PDGFRA,PDGFB$PDGFRA,T,0.0,0.0,526
CD4,PDGFB,PDGFRB,PDGFB$PDGFRB,T,0.0,0.0,526
CD4,PDGFC,PDGFRA,PDGFC$PDGFRA,T,0.0,0.0,526
CD4,VEGFA,KDR,VEGFA$KDR,T,0.0,0.0,526
CD4,IGF1,ITGAV,IGF1$ITGAV,T,0.0,0.0,526
CD4,IHH,PTCH1,IHH$PTCH1,T,0.0,0.0,526
CD4,IHH,SMO,IHH$SMO,T,0.0,0.0,526
CD4,SHH,PTCH1,SHH$PTCH1,T,0.0,0.0,526
CD4,CCL8,CCR1,CCL8$CCR1,T,0.0,0.0,526
CD4,CCL13,CCR1,CCL13$CCR1,T,0.0,0.0,526
CD4,CCL14,CCR1,CCL14$CCR1,T,0.0,0.0,526
CD4,CCL15,CCR1,CCL15$CCR1,T,0.0,0.0,526
CD4,CCL16,CCR1,CCL16$CCR1,T,0.0,0.0,526
CD4,CXCL12,ACKR3,CXCL12$ACKR3,T,0.0,0.0,526
CD4,IL15,IL2RG,IL15$IL2RG,T,0.0,0.0,526
CD4,IL6,IL6R,IL6$IL6R,T,0.0,0.0,526
CD4,EBI3,IL6ST,EBI3$IL6ST,T,0.0,0.0,526
CD4,LIF,IL6ST,LIF$IL6ST,T,0.0,0.0,526
CD4,OSM,IL6ST,OSM$IL6ST,T,0.0,0.0,526
CD4,IL10,IL10RA,IL10$IL10RA,T,0.0,0.0,526
CD4,IL10,IL10RB,IL10$IL10RB,T,0.0,0.0,526
CD4,IL18,IL18R1,IL18$IL18R1,T,0.0,0.0,526
CD4,IL18,IL18RAP,IL18$IL18RAP,T,0.0,0.0,526
CD4,IL34,CSF1R,IL34$CSF1R,T,0.0,0.0,526
CD4,CSF1,CSF1R,CSF1$CSF1R,T,0.0,0.0,526
CD4,IFNW1,IFNAR2,IFNW1$IFNAR2,T,0.0,0.0,526
CD4,IFNA2,IFNAR2,IFNA2$IFNAR2,T,0.0,0.0,526
CD4,IFNA7,IFNAR2,IFNA7$IFNAR2,T,0.0,0.0,526
CD4,IFNA8,IFNAR2,IFNA8$IFNAR2,T,0.0,0.0,526
CD4,IFNA17,IFNAR2,IFNA17$IFNAR2,T,0.0,0.0,526
CD4,IFNG,IFNGR1,IFNG$IFNGR1,T,0.0,0.0,526
CD4,TNF,TNFRSF1A,TNF$TNFRSF1A,T,0.0,0.0,526
CD4,LTB,LTBR,LTB$LTBR,T,0.0,0.0,526
CD4,TNFSF14,LTBR,TNFSF14$LTBR,T,0.0,0.0,526
CD4,TNFSF14,TNFRSF14,TNFSF14$TNFRSF14,T,0.0,0.0,526
CD4,TNFSF10,TNFRSF10A,TNFSF10$TNFRSF10A,T,0.0,0.0,526
CD4,TNFSF13,TNFRSF17,TNFSF13$TNFRSF17,T,0.0,0.0,526
CD4,CD40LG,ITGB2,CD40LG$ITGB2,T,0.0,0.0,526
CD4,ANGPTL2,ITGA5,ANGPTL2$ITGA5,T,0.0,0.0,526
CD4,ANGPTL2,TLR4,ANGPTL2$TLR4,T,0.0,0.0,526
CD4,ANGPTL4,SDC2,ANGPTL4$SDC2,T,0.0,0.0,526
CD4,ANGPTL3,ITGAV,ANGPTL3$ITGAV,T,0.0,0.0,526
CD4,POSTN,ITGAV,POSTN$ITGAV,T,0.0,0.0,526
CD4,POSTN,ITGB3,POSTN$ITGB3,T,0.0,0.0,526
CD4,POSTN,ITGB5,POSTN$ITGB5,T,0.0,0.0,526
CD4,C4A,C3AR1,C4A$C3AR1,T,0.0,0.0,526
CD4,EDN1,EDNRB,EDN1$EDNRB,T,0.0,0.0,526
CD4,SEMA3A,NRP1,SEMA3A$NRP1,T,0.0,0.0,526
CD4,SEMA3C,NRP1,SEMA3C$NRP1,T,0.0,0.0,526
CD4,SEMA3D,NRP1,SEMA3D$NRP1,T,0.0,0.0,526
CD4,SEMA3C,NRP2,SEMA3C$NRP2,T,0.0,0.0,526
CD4,SEMA3D,NRP2,SEMA3D$NRP2,T,0.0,0.0,526
CD4,ADM,CALCR,ADM$CALCR,T,0.0,0.0,526
CD4,GAS6,AXL,GAS6$AXL,T,0.0,0.0,526
CD4,GAS6,MERTK,GAS6$MERTK,T,0.0,0.0,526
CD4,GAS6,TYRO3,GAS6$TYRO3,T,0.0,0.0,526
CD4,GRN,SORT1,GRN$SORT1,T,0.0,0.0,526
CD4,GUCA2A,GUCY2C,GUCA2A$GUCY2C,T,0.0,0.0,526
CD4,PMCH,MERTK,PMCH$MERTK,T,0.0,0.0,526
CD4,PROS1,AXL,PROS1$AXL,T,0.0,0.0,526
CD4,BTLA,TNFRSF14,BTLA$TNFRSF14,T,0.0,0.0,526
CD4,LGALS9,HAVCR2,LGALS9$HAVCR2,T,0.0,0.0,526
CD4,LGALS9,CD44,LGALS9$CD44,T,0.0,0.0,526
CD4,COL6A2,ITGA2,COL6A2$ITGA2,T,0.0,0.0,526
CD4,TNXB,ITGB3,TNXB$ITGB3,T,0.0,0.0,526
CD4,COL6A2,ITGAV,COL6A2$ITGAV,T,0.0,0.0,526
CD4,COL4A1,CD44,COL4A1$CD44,T,0.0,0.0,526
CD4,COL4A2,CD44,COL4A2$CD44,T,0.0,0.0,526
CD4,COL6A2,CD44,COL6A2$CD44,T,0.0,0.0,526
CD4,LAMC1,CD44,LAMC1$CD44,T,0.0,0.0,526
CD4,COL6A2,SDC4,COL6A2$SDC4,T,0.0,0.0,526
CD4,CD99,CD99,CD99$CD99,T,0.0,0.0,526
CD4,CDH1,CDH1,CDH1$CDH1,T,0.0,0.0,526
CD4,ICAM1,ITGB2,ICAM1$ITGB2,T,0.0,0.0,526
CD4,ITGB2,CD226,ITGB2$CD226,T,0.0,0.0,526
CD4,ITGB2,ICAM1,ITGB2$ICAM1,T,0.0,0.0,526
CD4,F11R,ITGB2,F11R$ITGB2,T,0.0,0.0,526
CD4,F11R,F11R,F11R$F11R,T,0.0,0.0,526
CD4,PECAM1,PECAM1,PECAM1$PECAM1,T,0.0,0.0,526
CD4,SEMA4D,PLXNB2,SEMA4D$PLXNB2,T,0.0,0.0,526
CD4,SEMA4C,PLXNB2,SEMA4C$PLXNB2,T,0.0,0.0,526
CD4,THY1,ITGB2,THY1$ITGB2,T,0.0,0.0,526
MAPK14,BMP2,BMPR1A,BMP2$BMPR1A,Endothelial,0.0,0.0,243
MAPK14,BMP2,BMPR2,BMP2$BMPR2,Endothelial,0.0,0.0,243
MAPK14,POSTN,ITGB5,POSTN$ITGB5,Endothelial,0.0,0.0,243
MAPK14,GAS6,MERTK,GAS6$MERTK,Endothelial,0.0,0.0,243
MAPK14,GRN,SORT1,GRN$SORT1,Endothelial,0.0,0.0,243
MAPK14,GUCA2A,GUCY2C,GUCA2A$GUCY2C,Endothelial,0.0,0.0,243
MAPK14,LGALS9,CD44,LGALS9$CD44,Endothelial,0.0,0.0,243
MAPK14,LAMB3,ITGA3,LAMB3$ITGA3,Endothelial,0.0,0.0,243
MAPK14,COL6A2,ITGA3,COL6A2$ITGA3,Endothelial,0.0,0.0,243
MAPK14,CDH1,CDH1,CDH1$CDH1,Endothelial,0.0,0.0,243
MAPK14,F11R,F11R,F11R$F11R,Endothelial,0.0,0.0,243
MAPK14,BMP2,BMPR1A,BMP2$BMPR1A,Enteric_glia,0.0,0.0,283
MAPK14,BMP2,BMPR2,BMP2$BMPR2,Enteric_glia,0.0,0.0,283
MAPK14,POSTN,ITGB5,POSTN$ITGB5,Enteric_glia,0.0,0.0,283
MAPK14,GAS6,MERTK,GAS6$MERTK,Enteric_glia,0.0,0.0,283
MAPK14,GRN,SORT1,GRN$SORT1,Enteric_glia,0.0,0.0,283
MAPK14,GUCA2A,GUCY2C,GUCA2A$GUCY2C,Enteric_glia,0.0,0.0,283
MAPK14,LGALS9,CD44,LGALS9$CD44,Enteric_glia,0.0,0.0,283
MAPK14,LAMB3,ITGA3,LAMB3$ITGA3,Enteric_glia,0.0,0.0,283
MAPK14,COL6A2,ITGA3,COL6A2$ITGA3,Enteric_glia,0.0,0.0,283
MAPK14,CDH1,CDH1,CDH1$CDH1,Enteric_glia,0.0,0.0,283
MAPK14,F11R,F11R,F11R$F11R,Enteric_glia,0.0,0.0,283
MAPK14,BMP2,BMPR1A,BMP2$BMPR1A,Fibroblast,0.0,0.0,1369
MAPK14,BMP2,BMPR2,BMP2$BMPR2,Fibroblast,0.0,0.0,1369
MAPK14,POSTN,ITGB5,POSTN$ITGB5,Fibroblast,0.0,0.0,1369
MAPK14,GAS6,MERTK,GAS6$MERTK,Fibroblast,0.0,0.0,1369
MAPK14,GRN,SORT1,GRN$SORT1,Fibroblast,0.0,0.0,1369
MAPK14,GUCA2A,GUCY2C,GUCA2A$GUCY2C,Fibroblast,0.0,0.0,1369
MAPK14,LGALS9,CD44,LGALS9$CD44,Fibroblast,0.0,0.0,1369
MAPK14,LAMB3,ITGA3,LAMB3$ITGA3,Fibroblast,0.0,0.0,1369
MAPK14,COL6A2,ITGA3,COL6A2$ITGA3,Fibroblast,0.0,0.0,1369
MAPK14,CDH1,CDH1,CDH1$CDH1,Fibroblast,0.0,0.0,1369
MAPK14,F11R,F11R,F11R$F11R,Fibroblast,0.0,0.0,1369
MAPK14,BMP2,BMPR1A,BMP2$BMPR1A,IEC,-5.3748086e-06,8.09037e-07,5043
MAPK14,BMP2,BMPR2,BMP2$BMPR2,IEC,-9.025952e-05,2.3249617e-05,5043
MAPK14,POSTN,ITGB5,POSTN$ITGB5,IEC,1.3202521e-05,2.9465805e-06,5043
MAPK14,GAS6,MERTK,GAS6$MERTK,IEC,2.0032154e-05,1.8521489e-06,5043
MAPK14,GRN,SORT1,GRN$SORT1,IEC,0.00010975513,8.347601e-06,5043
MAPK14,GUCA2A,GUCY2C,GUCA2A$GUCY2C,IEC,-0.0026406767,7.1539995e-05,5043
MAPK14,LGALS9,CD44,LGALS9$CD44,IEC,-1.0746752e-07,9.815089e-09,5043
MAPK14,LAMB3,ITGA3,LAMB3$ITGA3,IEC,7.375552e-09,3.5549577e-10,5043
MAPK14,COL6A2,ITGA3,COL6A2$ITGA3,IEC,1.5290284e-06,3.8912012e-07,5043
MAPK14,CDH1,CDH1,CDH1$CDH1,IEC,-0.00011056612,1.5494254e-05,5043
MAPK14,F11R,F11R,F11R$F11R,IEC,-0.00013596394,1.7275175e-05,5043
MAPK14,BMP2,BMPR1A,BMP2$BMPR1A,MAST,0.0,0.0,131
MAPK14,BMP2,BMPR2,BMP2$BMPR2,MAST,0.0,0.0,131
MAPK14,POSTN,ITGB5,POSTN$ITGB5,MAST,0.0,0.0,131
MAPK14,GAS6,MERTK,GAS6$MERTK,MAST,0.0,0.0,131
MAPK14,GRN,SORT1,GRN$SORT1,MAST,0.0,0.0,131
MAPK14,GUCA2A,GUCY2C,GUCA2A$GUCY2C,MAST,0.0,0.0,131
MAPK14,LGALS9,CD44,LGALS9$CD44,MAST,0.0,0.0,131
MAPK14,LAMB3,ITGA3,LAMB3$ITGA3,MAST,0.0,0.0,131
MAPK14,COL6A2,ITGA3,COL6A2$ITGA3,MAST,0.0,0.0,131
MAPK14,CDH1,CDH1,CDH1$CDH1,MAST,0.0,0.0,131
MAPK14,F11R,F11R,F11R$F11R,MAST,0.0,0.0,131
MAPK14,BMP2,BMPR1A,BMP2$BMPR1A,MNP,0.0,0.0,505
MAPK14,BMP2,BMPR2,BMP2$BMPR2,MNP,0.0,0.0,505
MAPK14,POSTN,ITGB5,POSTN$ITGB5,MNP,0.0,0.0,505
MAPK14,GAS6,MERTK,GAS6$MERTK,MNP,0.0,0.0,505
MAPK14,GRN,SORT1,GRN$SORT1,MNP,0.0,0.0,505
MAPK14,GUCA2A,GUCY2C,GUCA2A$GUCY2C,MNP,0.0,0.0,505
MAPK14,LGALS9,CD44,LGALS9$CD44,MNP,0.0,0.0,505
MAPK14,LAMB3,ITGA3,LAMB3$ITGA3,MNP,0.0,0.0,505
MAPK14,COL6A2,ITGA3,COL6A2$ITGA3,MNP,0.0,0.0,505
MAPK14,CDH1,CDH1,CDH1$CDH1,MNP,0.0,0.0,505
MAPK14,F11R,F11R,F11R$F11R,MNP,0.0,0.0,505
MAPK14,BMP2,BMPR1A,BMP2$BMPR1A,Muscularis_mucosa,0.0,0.0,83
MAPK14,BMP2,BMPR2,BMP2$BMPR2,Muscularis_mucosa,0.0,0.0,83
MAPK14,POSTN,ITGB5,POSTN$ITGB5,Muscularis_mucosa,0.0,0.0,83
MAPK14,GAS6,MERTK,GAS6$MERTK,Muscularis_mucosa,0.0,0.0,83
MAPK14,GRN,SORT1,GRN$SORT1,Muscularis_mucosa,0.0,0.0,83
MAPK14,GUCA2A,GUCY2C,GUCA2A$GUCY2C,Muscularis_mucosa,0.0,0.0,83
MAPK14,LGALS9,CD44,LGALS9$CD44,Muscularis_mucosa,0.0,0.0,83
MAPK14,LAMB3,ITGA3,LAMB3$ITGA3,Muscularis_mucosa,0.0,0.0,83
MAPK14,COL6A2,ITGA3,COL6A2$ITGA3,Muscularis_mucosa,0.0,0.0,83
MAPK14,CDH1,CDH1,CDH1$CDH1,Muscularis_mucosa,0.0,0.0,83
MAPK14,F11R,F11R,F11R$F11R,Muscularis_mucosa,0.0,0.0,83
MAPK14,BMP2,BMPR1A,BMP2$BMPR1A,Myofibroblast,0.0,0.0,353
MAPK14,BMP2,BMPR2,BMP2$BMPR2,Myofibroblast,0.0,0.0,353
MAPK14,POSTN,ITGB5,POSTN$ITGB5,Myofibroblast,0.0,0.0,353
MAPK14,GAS6,MERTK,GAS6$MERTK,Myofibroblast,0.0,0.0,353
MAPK14,GRN,SORT1,GRN$SORT1,Myofibroblast,0.0,0.0,353
MAPK14,GUCA2A,GUCY2C,GUCA2A$GUCY2C,Myofibroblast,0.0,0.0,353
MAPK14,LGALS9,CD44,LGALS9$CD44,Myofibroblast,0.0,0.0,353
MAPK14,LAMB3,ITGA3,LAMB3$ITGA3,Myofibroblast,0.0,0.0,353
MAPK14,COL6A2,ITGA3,COL6A2$ITGA3,Myofibroblast,0.0,0.0,353
MAPK14,CDH1,CDH1,CDH1$CDH1,Myofibroblast,0.0,0.0,353
MAPK14,F11R,F11R,F11R$F11R,Myofibroblast,0.0,0.0,353
MAPK14,BMP2,BMPR1A,BMP2$BMPR1A,Pericyte,0.0,0.0,77
MAPK14,BMP2,BMPR2,BMP2$BMPR2,Pericyte,0.0,0.0,77
MAPK14,POSTN,ITGB5,POSTN$ITGB5,Pericyte,0.0,0.0,77
MAPK14,GAS6,MERTK,GAS6$MERTK,Pericyte,0.0,0.0,77
MAPK14,GRN,SORT1,GRN$SORT1,Pericyte,0.0,0.0,77
MAPK14,GUCA2A,GUCY2C,GUCA2A$GUCY2C,Pericyte,0.0,0.0,77
MAPK14,LGALS9,CD44,LGALS9$CD44,Pericyte,0.0,0.0,77
MAPK14,LAMB3,ITGA3,LAMB3$ITGA3,Pericyte,0.0,0.0,77
MAPK14,COL6A2,ITGA3,COL6A2$ITGA3,Pericyte,0.0,0.0,77
MAPK14,CDH1,CDH1,CDH1$CDH1,Pericyte,0.0,0.0,77
MAPK14,F11R,F11R,F11R$F11R,Pericyte,0.0,0.0,77
MAPK14,BMP2,BMPR1A,BMP2$BMPR1A,Plasma,0.0,0.0,1312
MAPK14,BMP2,BMPR2,BMP2$BMPR2,Plasma,0.0,0.0,1312
MAPK14,POSTN,ITGB5,POSTN$ITGB5,Plasma,0.0,0.0,1312
MAPK14,GAS6,MERTK,GAS6$MERTK,Plasma,0.0,0.0,1312
MAPK14,GRN,SORT1,GRN$SORT1,Plasma,0.0,0.0,1312
MAPK14,GUCA2A,GUCY2C,GUCA2A$GUCY2C,Plasma,0.0,0.0,1312
MAPK14,LGALS9,CD44,LGALS9$CD44,Plasma,0.0,0.0,1312
MAPK14,LAMB3,ITGA3,LAMB3$ITGA3,Plasma,0.0,0.0,1312
MAPK14,COL6A2,ITGA3,COL6A2$ITGA3,Plasma,0.0,0.0,1312
MAPK14,CDH1,CDH1,CDH1$CDH1,Plasma,0.0,0.0,1312
MAPK14,F11R,F11R,F11R$F11R,Plasma,0.0,0.0,1312
MAPK14,BMP2,BMPR1A,BMP2$BMPR1A,T,0.0,0.0,526
MAPK14,BMP2,BMPR2,BMP2$BMPR2,T,0.0,0.0,526
MAPK14,POSTN,ITGB5,POSTN$ITGB5,T,0.0,0.0,526
MAPK14,GAS6,MERTK,GAS6$MERTK,T,0.0,0.0,526
MAPK14,GRN,SORT1,GRN$SORT1,T,0.0,0.0,526
MAPK14,GUCA2A,GUCY2C,GUCA2A$GUCY2C,T,0.0,0.0,526
MAPK14,LGALS9,CD44,LGALS9$CD44,T,0.0,0.0,526
MAPK14,LAMB3,ITGA3,LAMB3$ITGA3,T,0.0,0.0,526
MAPK14,COL6A2,ITGA3,COL6A2$ITGA3,T,0.0,0.0,526
MAPK14,CDH1,CDH1,CDH1$CDH1,T,0.0,0.0,526
MAPK14,F11R,F11R,F11R$F11R,T,0.0,0.0,526
SCNN1A,TGFB1,ACVR1B,TGFB1$ACVR1B,Endothelial,0.0,0.0,243
SCNN1A,BMP2,BMPR1A,BMP2$BMPR1A,Endothelial,0.0,0.0,243
SCNN1A,BMP2,ACVR2A,BMP2$ACVR2A,Endothelial,0.0,0.0,243
SCNN1A,BMP2,BMPR2,BMP2$BMPR2,Endothelial,0.0,0.0,243
SCNN1A,BMP4,BMPR1A,BMP4$BMPR1A,Endothelial,0.0,0.0,243
SCNN1A,BMP4,ACVR2A,BMP4$ACVR2A,Endothelial,0.0,0.0,243
SCNN1A,BMP4,BMPR2,BMP4$BMPR2,Endothelial,0.0,0.0,243
SCNN1A,BMP6,BMPR2,BMP6$BMPR2,Endothelial,0.0,0.0,243
SCNN1A,BMP6,BMPR1A,BMP6$BMPR1A,Endothelial,0.0,0.0,243
SCNN1A,BMP7,ACVR2A,BMP7$ACVR2A,Endothelial,0.0,0.0,243
SCNN1A,BMP7,BMPR2,BMP7$BMPR2,Endothelial,0.0,0.0,243
SCNN1A,BMP8A,BMPR2,BMP8A$BMPR2,Endothelial,0.0,0.0,243
SCNN1A,BMP8B,BMPR2,BMP8B$BMPR2,Endothelial,0.0,0.0,243
SCNN1A,GDF11,ACVR1B,GDF11$ACVR1B,Endothelial,0.0,0.0,243
SCNN1A,MSTN,ACVR1B,MSTN$ACVR1B,Endothelial,0.0,0.0,243
SCNN1A,INHBA,ACVR1B,INHBA$ACVR1B,Endothelial,0.0,0.0,243
SCNN1A,TGFA,EGFR,TGFA$EGFR,Endothelial,0.0,0.0,243
SCNN1A,TGFA,ERBB2,TGFA$ERBB2,Endothelial,0.0,0.0,243
SCNN1A,HBEGF,EGFR,HBEGF$EGFR,Endothelial,0.0,0.0,243
SCNN1A,HBEGF,ERBB2,HBEGF$ERBB2,Endothelial,0.0,0.0,243
SCNN1A,FGF2,FGFR2,FGF2$FGFR2,Endothelial,0.0,0.0,243
SCNN1A,FGF7,FGFR2,FGF7$FGFR2,Endothelial,0.0,0.0,243
SCNN1A,FGF9,FGFR2,FGF9$FGFR2,Endothelial,0.0,0.0,243
SCNN1A,PDGFA,PDGFRA,PDGFA$PDGFRA,Endothelial,0.0,0.0,243
SCNN1A,VEGFA,KDR,VEGFA$KDR,Endothelial,0.0,0.0,243
SCNN1A,IGF1,ITGA6,IGF1$ITGA6,Endothelial,0.0,0.0,243
SCNN1A,IGF1,ITGB4,IGF1$ITGB4,Endothelial,0.0,0.0,243
SCNN1A,IHH,PTCH1,IHH$PTCH1,Endothelial,0.0,0.0,243
SCNN1A,CXCL12,ACKR3,CXCL12$ACKR3,Endothelial,0.0,0.0,243
SCNN1A,IL2,IL2RG,IL2$IL2RG,Endothelial,0.0,0.0,243
SCNN1A,IL7,IL2RG,IL7$IL2RG,Endothelial,0.0,0.0,243
SCNN1A,IL15,IL2RG,IL15$IL2RG,Endothelial,0.0,0.0,243
SCNN1A,IL3,IL3RA,IL3$IL3RA,Endothelial,0.0,0.0,243
SCNN1A,LIF,IL6ST,LIF$IL6ST,Endothelial,0.0,0.0,243
SCNN1A,IL10,IL10RB,IL10$IL10RB,Endothelial,0.0,0.0,243
SCNN1A,IFNG,IFNGR1,IFNG$IFNGR1,Endothelial,0.0,0.0,243
SCNN1A,LTB,LTBR,LTB$LTBR,Endothelial,0.0,0.0,243
SCNN1A,TNFSF14,LTBR,TNFSF14$LTBR,Endothelial,0.0,0.0,243
SCNN1A,TNFSF10,TNFRSF10A,TNFSF10$TNFRSF10A,Endothelial,0.0,0.0,243
SCNN1A,POSTN,ITGAV,POSTN$ITGAV,Endothelial,0.0,0.0,243
SCNN1A,POSTN,ITGB5,POSTN$ITGB5,Endothelial,0.0,0.0,243
SCNN1A,EDN1,EDNRB,EDN1$EDNRB,Endothelial,0.0,0.0,243
SCNN1A,CTSG,F2RL1,CTSG$F2RL1,Endothelial,0.0,0.0,243
SCNN1A,PLG,F2RL1,PLG$F2RL1,Endothelial,0.0,0.0,243
SCNN1A,GZMA,F2RL1,GZMA$F2RL1,Endothelial,0.0,0.0,243
SCNN1A,VIP,VIPR1,VIP$VIPR1,Endothelial,0.0,0.0,243
SCNN1A,GAS6,AXL,GAS6$AXL,Endothelial,0.0,0.0,243
SCNN1A,GAS6,MERTK,GAS6$MERTK,Endothelial,0.0,0.0,243
SCNN1A,GAS6,TYRO3,GAS6$TYRO3,Endothelial,0.0,0.0,243
SCNN1A,GRN,SORT1,GRN$SORT1,Endothelial,0.0,0.0,243
SCNN1A,GUCA2A,GUCY2C,GUCA2A$GUCY2C,Endothelial,0.0,0.0,243
SCNN1A,LGALS9,CD44,LGALS9$CD44,Endothelial,0.0,0.0,243
SCNN1A,LAMA3,ITGA3,LAMA3$ITGA3,Endothelial,0.0,0.0,243
SCNN1A,LAMB3,ITGA3,LAMB3$ITGA3,Endothelial,0.0,0.0,243
SCNN1A,THBS1,ITGA3,THBS1$ITGA3,Endothelial,0.0,0.0,243
SCNN1A,COL6A2,ITGA3,COL6A2$ITGA3,Endothelial,0.0,0.0,243
SCNN1A,LAMB3,ITGA6,LAMB3$ITGA6,Endothelial,0.0,0.0,243
SCNN1A,LAMA3,ITGB4,LAMA3$ITGB4,Endothelial,0.0,0.0,243
SCNN1A,LAMB3,ITGB4,LAMB3$ITGB4,Endothelial,0.0,0.0,243
SCNN1A,LAMC2,ITGB4,LAMC2$ITGB4,Endothelial,0.0,0.0,243
SCNN1A,COL6A2,SDC4,COL6A2$SDC4,Endothelial,0.0,0.0,243
SCNN1A,THBS1,SDC4,THBS1$SDC4,Endothelial,0.0,0.0,243
SCNN1A,LAMA3,DAG1,LAMA3$DAG1,Endothelial,0.0,0.0,243
SCNN1A,LAMB3,DAG1,LAMB3$DAG1,Endothelial,0.0,0.0,243
SCNN1A,CD99,CD99,CD99$CD99,Endothelial,0.0,0.0,243
SCNN1A,CDH1,CDH1,CDH1$CDH1,Endothelial,0.0,0.0,243
SCNN1A,CD209,CEACAM1,CD209$CEACAM1,Endothelial,0.0,0.0,243
SCNN1A,EFNB2,EPHB2,EFNB2$EPHB2,Endothelial,0.0,0.0,243
SCNN1A,F11R,F11R,F11R$F11R,Endothelial,0.0,0.0,243
SCNN1A,JAG1,NOTCH2,JAG1$NOTCH2,Endothelial,0.0,0.0,243
SCNN1A,OCLN,OCLN,OCLN$OCLN,Endothelial,0.0,0.0,243
SCNN1A,TGFB1,ACVR1B,TGFB1$ACVR1B,Enteric_glia,0.0,0.0,283
SCNN1A,BMP2,BMPR1A,BMP2$BMPR1A,Enteric_glia,0.0,0.0,283
SCNN1A,BMP2,ACVR2A,BMP2$ACVR2A,Enteric_glia,0.0,0.0,283
SCNN1A,BMP2,BMPR2,BMP2$BMPR2,Enteric_glia,0.0,0.0,283
SCNN1A,BMP4,BMPR1A,BMP4$BMPR1A,Enteric_glia,0.0,0.0,283
SCNN1A,BMP4,ACVR2A,BMP4$ACVR2A,Enteric_glia,0.0,0.0,283
SCNN1A,BMP4,BMPR2,BMP4$BMPR2,Enteric_glia,0.0,0.0,283
SCNN1A,BMP6,BMPR2,BMP6$BMPR2,Enteric_glia,0.0,0.0,283
SCNN1A,BMP6,BMPR1A,BMP6$BMPR1A,Enteric_glia,0.0,0.0,283
SCNN1A,BMP7,ACVR2A,BMP7$ACVR2A,Enteric_glia,0.0,0.0,283
SCNN1A,BMP7,BMPR2,BMP7$BMPR2,Enteric_glia,0.0,0.0,283
SCNN1A,BMP8A,BMPR2,BMP8A$BMPR2,Enteric_glia,0.0,0.0,283
SCNN1A,BMP8B,BMPR2,BMP8B$BMPR2,Enteric_glia,0.0,0.0,283
SCNN1A,GDF11,ACVR1B,GDF11$ACVR1B,Enteric_glia,0.0,0.0,283
SCNN1A,MSTN,ACVR1B,MSTN$ACVR1B,Enteric_glia,0.0,0.0,283
SCNN1A,INHBA,ACVR1B,INHBA$ACVR1B,Enteric_glia,0.0,0.0,283
SCNN1A,TGFA,EGFR,TGFA$EGFR,Enteric_glia,0.0,0.0,283
SCNN1A,TGFA,ERBB2,TGFA$ERBB2,Enteric_glia,0.0,0.0,283
SCNN1A,HBEGF,EGFR,HBEGF$EGFR,Enteric_glia,0.0,0.0,283
SCNN1A,HBEGF,ERBB2,HBEGF$ERBB2,Enteric_glia,0.0,0.0,283
SCNN1A,FGF2,FGFR2,FGF2$FGFR2,Enteric_glia,0.0,0.0,283
SCNN1A,FGF7,FGFR2,FGF7$FGFR2,Enteric_glia,0.0,0.0,283
SCNN1A,FGF9,FGFR2,FGF9$FGFR2,Enteric_glia,0.0,0.0,283
SCNN1A,PDGFA,PDGFRA,PDGFA$PDGFRA,Enteric_glia,0.0,0.0,283
SCNN1A,VEGFA,KDR,VEGFA$KDR,Enteric_glia,0.0,0.0,283
SCNN1A,IGF1,ITGA6,IGF1$ITGA6,Enteric_glia,0.0,0.0,283
SCNN1A,IGF1,ITGB4,IGF1$ITGB4,Enteric_glia,0.0,0.0,283
SCNN1A,IHH,PTCH1,IHH$PTCH1,Enteric_glia,0.0,0.0,283
SCNN1A,CXCL12,ACKR3,CXCL12$ACKR3,Enteric_glia,0.0,0.0,283
SCNN1A,IL2,IL2RG,IL2$IL2RG,Enteric_glia,0.0,0.0,283
SCNN1A,IL7,IL2RG,IL7$IL2RG,Enteric_glia,0.0,0.0,283
SCNN1A,IL15,IL2RG,IL15$IL2RG,Enteric_glia,0.0,0.0,283
SCNN1A,IL3,IL3RA,IL3$IL3RA,Enteric_glia,0.0,0.0,283
SCNN1A,LIF,IL6ST,LIF$IL6ST,Enteric_glia,0.0,0.0,283
SCNN1A,IL10,IL10RB,IL10$IL10RB,Enteric_glia,0.0,0.0,283
SCNN1A,IFNG,IFNGR1,IFNG$IFNGR1,Enteric_glia,0.0,0.0,283
SCNN1A,LTB,LTBR,LTB$LTBR,Enteric_glia,0.0,0.0,283
SCNN1A,TNFSF14,LTBR,TNFSF14$LTBR,Enteric_glia,0.0,0.0,283
SCNN1A,TNFSF10,TNFRSF10A,TNFSF10$TNFRSF10A,Enteric_glia,0.0,0.0,283
SCNN1A,POSTN,ITGAV,POSTN$ITGAV,Enteric_glia,0.0,0.0,283
SCNN1A,POSTN,ITGB5,POSTN$ITGB5,Enteric_glia,0.0,0.0,283
SCNN1A,EDN1,EDNRB,EDN1$EDNRB,Enteric_glia,0.0,0.0,283
SCNN1A,CTSG,F2RL1,CTSG$F2RL1,Enteric_glia,0.0,0.0,283
SCNN1A,PLG,F2RL1,PLG$F2RL1,Enteric_glia,0.0,0.0,283
SCNN1A,GZMA,F2RL1,GZMA$F2RL1,Enteric_glia,0.0,0.0,283
SCNN1A,VIP,VIPR1,VIP$VIPR1,Enteric_glia,0.0,0.0,283
SCNN1A,GAS6,AXL,GAS6$AXL,Enteric_glia,0.0,0.0,283
SCNN1A,GAS6,MERTK,GAS6$MERTK,Enteric_glia,0.0,0.0,283
SCNN1A,GAS6,TYRO3,GAS6$TYRO3,Enteric_glia,0.0,0.0,283
SCNN1A,GRN,SORT1,GRN$SORT1,Enteric_glia,0.0,0.0,283
SCNN1A,GUCA2A,GUCY2C,GUCA2A$GUCY2C,Enteric_glia,0.0,0.0,283
SCNN1A,LGALS9,CD44,LGALS9$CD44,Enteric_glia,0.0,0.0,283
SCNN1A,LAMA3,ITGA3,LAMA3$ITGA3,Enteric_glia,0.0,0.0,283
SCNN1A,LAMB3,ITGA3,LAMB3$ITGA3,Enteric_glia,0.0,0.0,283
SCNN1A,THBS1,ITGA3,THBS1$ITGA3,Enteric_glia,0.0,0.0,283
SCNN1A,COL6A2,ITGA3,COL6A2$ITGA3,Enteric_glia,0.0,0.0,283
SCNN1A,LAMB3,ITGA6,LAMB3$ITGA6,Enteric_glia,0.0,0.0,283
SCNN1A,LAMA3,ITGB4,LAMA3$ITGB4,Enteric_glia,0.0,0.0,283
SCNN1A,LAMB3,ITGB4,LAMB3$ITGB4,Enteric_glia,0.0,0.0,283
SCNN1A,LAMC2,ITGB4,LAMC2$ITGB4,Enteric_glia,0.0,0.0,283
SCNN1A,COL6A2,SDC4,COL6A2$SDC4,Enteric_glia,0.0,0.0,283
SCNN1A,THBS1,SDC4,THBS1$SDC4,Enteric_glia,0.0,0.0,283
SCNN1A,LAMA3,DAG1,LAMA3$DAG1,Enteric_glia,0.0,0.0,283
SCNN1A,LAMB3,DAG1,LAMB3$DAG1,Enteric_glia,0.0,0.0,283
SCNN1A,CD99,CD99,CD99$CD99,Enteric_glia,0.0,0.0,283
SCNN1A,CDH1,CDH1,CDH1$CDH1,Enteric_glia,0.0,0.0,283
SCNN1A,CD209,CEACAM1,CD209$CEACAM1,Enteric_glia,0.0,0.0,283
SCNN1A,EFNB2,EPHB2,EFNB2$EPHB2,Enteric_glia,0.0,0.0,283
SCNN1A,F11R,F11R,F11R$F11R,Enteric_glia,0.0,0.0,283
SCNN1A,JAG1,NOTCH2,JAG1$NOTCH2,Enteric_glia,0.0,0.0,283
SCNN1A,OCLN,OCLN,OCLN$OCLN,Enteric_glia,0.0,0.0,283
SCNN1A,TGFB1,ACVR1B,TGFB1$ACVR1B,Fibroblast,0.0,0.0,1369
SCNN1A,BMP2,BMPR1A,BMP2$BMPR1A,Fibroblast,0.0,0.0,1369
SCNN1A,BMP2,ACVR2A,BMP2$ACVR2A,Fibroblast,0.0,0.0,1369
SCNN1A,BMP2,BMPR2,BMP2$BMPR2,Fibroblast,0.0,0.0,1369
SCNN1A,BMP4,BMPR1A,BMP4$BMPR1A,Fibroblast,0.0,0.0,1369
SCNN1A,BMP4,ACVR2A,BMP4$ACVR2A,Fibroblast,0.0,0.0,1369
SCNN1A,BMP4,BMPR2,BMP4$BMPR2,Fibroblast,0.0,0.0,1369
SCNN1A,BMP6,BMPR2,BMP6$BMPR2,Fibroblast,0.0,0.0,1369
SCNN1A,BMP6,BMPR1A,BMP6$BMPR1A,Fibroblast,0.0,0.0,1369
SCNN1A,BMP7,ACVR2A,BMP7$ACVR2A,Fibroblast,0.0,0.0,1369
SCNN1A,BMP7,BMPR2,BMP7$BMPR2,Fibroblast,0.0,0.0,1369
SCNN1A,BMP8A,BMPR2,BMP8A$BMPR2,Fibroblast,0.0,0.0,1369
SCNN1A,BMP8B,BMPR2,BMP8B$BMPR2,Fibroblast,0.0,0.0,1369
SCNN1A,GDF11,ACVR1B,GDF11$ACVR1B,Fibroblast,0.0,0.0,1369
SCNN1A,MSTN,ACVR1B,MSTN$ACVR1B,Fibroblast,0.0,0.0,1369
SCNN1A,INHBA,ACVR1B,INHBA$ACVR1B,Fibroblast,0.0,0.0,1369
SCNN1A,TGFA,EGFR,TGFA$EGFR,Fibroblast,0.0,0.0,1369
SCNN1A,TGFA,ERBB2,TGFA$ERBB2,Fibroblast,0.0,0.0,1369
SCNN1A,HBEGF,EGFR,HBEGF$EGFR,Fibroblast,0.0,0.0,1369
SCNN1A,HBEGF,ERBB2,HBEGF$ERBB2,Fibroblast,0.0,0.0,1369
SCNN1A,FGF2,FGFR2,FGF2$FGFR2,Fibroblast,0.0,0.0,1369
SCNN1A,FGF7,FGFR2,FGF7$FGFR2,Fibroblast,0.0,0.0,1369
SCNN1A,FGF9,FGFR2,FGF9$FGFR2,Fibroblast,0.0,0.0,1369
SCNN1A,PDGFA,PDGFRA,PDGFA$PDGFRA,Fibroblast,0.0,0.0,1369
SCNN1A,VEGFA,KDR,VEGFA$KDR,Fibroblast,0.0,0.0,1369
SCNN1A,IGF1,ITGA6,IGF1$ITGA6,Fibroblast,0.0,0.0,1369
SCNN1A,IGF1,ITGB4,IGF1$ITGB4,Fibroblast,0.0,0.0,1369
SCNN1A,IHH,PTCH1,IHH$PTCH1,Fibroblast,0.0,0.0,1369
SCNN1A,CXCL12,ACKR3,CXCL12$ACKR3,Fibroblast,0.0,0.0,1369
SCNN1A,IL2,IL2RG,IL2$IL2RG,Fibroblast,0.0,0.0,1369
SCNN1A,IL7,IL2RG,IL7$IL2RG,Fibroblast,0.0,0.0,1369
SCNN1A,IL15,IL2RG,IL15$IL2RG,Fibroblast,0.0,0.0,1369
SCNN1A,IL3,IL3RA,IL3$IL3RA,Fibroblast,0.0,0.0,1369
SCNN1A,LIF,IL6ST,LIF$IL6ST,Fibroblast,0.0,0.0,1369
SCNN1A,IL10,IL10RB,IL10$IL10RB,Fibroblast,0.0,0.0,1369
SCNN1A,IFNG,IFNGR1,IFNG$IFNGR1,Fibroblast,0.0,0.0,1369
SCNN1A,LTB,LTBR,LTB$LTBR,Fibroblast,0.0,0.0,1369
SCNN1A,TNFSF14,LTBR,TNFSF14$LTBR,Fibroblast,0.0,0.0,1369
SCNN1A,TNFSF10,TNFRSF10A,TNFSF10$TNFRSF10A,Fibroblast,0.0,0.0,1369
SCNN1A,POSTN,ITGAV,POSTN$ITGAV,Fibroblast,0.0,0.0,1369
SCNN1A,POSTN,ITGB5,POSTN$ITGB5,Fibroblast,0.0,0.0,1369
SCNN1A,EDN1,EDNRB,EDN1$EDNRB,Fibroblast,0.0,0.0,1369
SCNN1A,CTSG,F2RL1,CTSG$F2RL1,Fibroblast,0.0,0.0,1369
SCNN1A,PLG,F2RL1,PLG$F2RL1,Fibroblast,0.0,0.0,1369
SCNN1A,GZMA,F2RL1,GZMA$F2RL1,Fibroblast,0.0,0.0,1369
SCNN1A,VIP,VIPR1,VIP$VIPR1,Fibroblast,0.0,0.0,1369
SCNN1A,GAS6,AXL,GAS6$AXL,Fibroblast,0.0,0.0,1369
SCNN1A,GAS6,MERTK,GAS6$MERTK,Fibroblast,0.0,0.0,1369
SCNN1A,GAS6,TYRO3,GAS6$TYRO3,Fibroblast,0.0,0.0,1369
SCNN1A,GRN,SORT1,GRN$SORT1,Fibroblast,0.0,0.0,1369
SCNN1A,GUCA2A,GUCY2C,GUCA2A$GUCY2C,Fibroblast,0.0,0.0,1369
SCNN1A,LGALS9,CD44,LGALS9$CD44,Fibroblast,0.0,0.0,1369
SCNN1A,LAMA3,ITGA3,LAMA3$ITGA3,Fibroblast,0.0,0.0,1369
SCNN1A,LAMB3,ITGA3,LAMB3$ITGA3,Fibroblast,0.0,0.0,1369
SCNN1A,THBS1,ITGA3,THBS1$ITGA3,Fibroblast,0.0,0.0,1369
SCNN1A,COL6A2,ITGA3,COL6A2$ITGA3,Fibroblast,0.0,0.0,1369
SCNN1A,LAMB3,ITGA6,LAMB3$ITGA6,Fibroblast,0.0,0.0,1369
SCNN1A,LAMA3,ITGB4,LAMA3$ITGB4,Fibroblast,0.0,0.0,1369
SCNN1A,LAMB3,ITGB4,LAMB3$ITGB4,Fibroblast,0.0,0.0,1369
SCNN1A,LAMC2,ITGB4,LAMC2$ITGB4,Fibroblast,0.0,0.0,1369
SCNN1A,COL6A2,SDC4,COL6A2$SDC4,Fibroblast,0.0,0.0,1369
SCNN1A,THBS1,SDC4,THBS1$SDC4,Fibroblast,0.0,0.0,1369
SCNN1A,LAMA3,DAG1,LAMA3$DAG1,Fibroblast,0.0,0.0,1369
SCNN1A,LAMB3,DAG1,LAMB3$DAG1,Fibroblast,0.0,0.0,1369
SCNN1A,CD99,CD99,CD99$CD99,Fibroblast,0.0,0.0,1369
SCNN1A,CDH1,CDH1,CDH1$CDH1,Fibroblast,0.0,0.0,1369
SCNN1A,CD209,CEACAM1,CD209$CEACAM1,Fibroblast,0.0,0.0,1369
SCNN1A,EFNB2,EPHB2,EFNB2$EPHB2,Fibroblast,0.0,0.0,1369
SCNN1A,F11R,F11R,F11R$F11R,Fibroblast,0.0,0.0,1369
SCNN1A,JAG1,NOTCH2,JAG1$NOTCH2,Fibroblast,0.0,0.0,1369
SCNN1A,OCLN,OCLN,OCLN$OCLN,Fibroblast,0.0,0.0,1369
SCNN1A,TGFB1,ACVR1B,TGFB1$ACVR1B,IEC,3.6487054e-05,1.8841003e-05,5043
SCNN1A,BMP2,BMPR1A,BMP2$BMPR1A,IEC,-2.2168904e-05,4.5455163e-06,5043
SCNN1A,BMP2,ACVR2A,BMP2$ACVR2A,IEC,4.439422e-05,1.8433122e-05,5043
SCNN1A,BMP2,BMPR2,BMP2$BMPR2,IEC,-2.4906956e-05,1.1479601e-05,5043
SCNN1A,BMP4,BMPR1A,BMP4$BMPR1A,IEC,2.449235e-06,1.4766098e-06,5043
SCNN1A,BMP4,ACVR2A,BMP4$ACVR2A,IEC,5.259616e-05,2.2822436e-05,5043
SCNN1A,BMP4,BMPR2,BMP4$BMPR2,IEC,9.475244e-05,5.1517e-05,5043
SCNN1A,BMP6,BMPR2,BMP6$BMPR2,IEC,-1.0710195e-06,1.7680652e-07,5043
SCNN1A,BMP6,BMPR1A,BMP6$BMPR1A,IEC,-3.7898186e-08,9.080494e-09,5043
SCNN1A,BMP7,ACVR2A,BMP7$ACVR2A,IEC,3.2874279e-09,2.1271784e-09,5043
SCNN1A,BMP7,BMPR2,BMP7$BMPR2,IEC,5.340558e-06,2.4687658e-06,5043
SCNN1A,BMP8A,BMPR2,BMP8A$BMPR2,IEC,-1.09123725e-07,7.560493e-08,5043
SCNN1A,BMP8B,BMPR2,BMP8B$BMPR2,IEC,-3.579469e-08,1.4824779e-08,5043
SCNN1A,GDF11,ACVR1B,GDF11$ACVR1B,IEC,1.0631417e-06,5.62166e-07,5043
SCNN1A,MSTN,ACVR1B,MSTN$ACVR1B,IEC,8.008398e-08,6.937285e-08,5043
SCNN1A,INHBA,ACVR1B,INHBA$ACVR1B,IEC,4.6361728e-07,1.8590711e-07,5043
SCNN1A,TGFA,EGFR,TGFA$EGFR,IEC,-1.1446182e-06,2.865218e-07,5043
SCNN1A,TGFA,ERBB2,TGFA$ERBB2,IEC,2.958152e-07,1.5153488e-07,5043
SCNN1A,HBEGF,EGFR,HBEGF$EGFR,IEC,-8.263728e-07,1.4922996e-07,5043
SCNN1A,HBEGF,ERBB2,HBEGF$ERBB2,IEC,2.2032732e-07,1.03900774e-07,5043
SCNN1A,FGF2,FGFR2,FGF2$FGFR2,IEC,1.7229908e-06,2.9287355e-07,5043
SCNN1A,FGF7,FGFR2,FGF7$FGFR2,IEC,0.00014700834,2.7201262e-05,5043
SCNN1A,FGF9,FGFR2,FGF9$FGFR2,IEC,9.4463553e-07,4.3022894e-07,5043
SCNN1A,PDGFA,PDGFRA,PDGFA$PDGFRA,IEC,0.00028775484,0.0001339711,5043
SCNN1A,VEGFA,KDR,VEGFA$KDR,IEC,-5.197368e-07,2.8505892e-07,5043
SCNN1A,IGF1,ITGA6,IGF1$ITGA6,IEC,7.185478e-07,3.5872637e-07,5043
SCNN1A,IGF1,ITGB4,IGF1$ITGB4,IEC,0.00018183574,0.00010113942,5043
SCNN1A,IHH,PTCH1,IHH$PTCH1,IEC,3.8344337e-05,9.708395e-06,5043
SCNN1A,CXCL12,ACKR3,CXCL12$ACKR3,IEC,7.268016e-05,3.382048e-05,5043
SCNN1A,IL2,IL2RG,IL2$IL2RG,IEC,1.2743626e-05,3.947693e-06,5043
SCNN1A,IL7,IL2RG,IL7$IL2RG,IEC,0.00020148054,6.380652e-05,5043
SCNN1A,IL15,IL2RG,IL15$IL2RG,IEC,0.00013591626,6.58619e-05,5043
SCNN1A,IL3,IL3RA,IL3$IL3RA,IEC,1.0913956e-06,5.921172e-07,5043
SCNN1A,LIF,IL6ST,LIF$IL6ST,IEC,-1.2793942e-07,6.5731385e-08,5043
SCNN1A,IL10,IL10RB,IL10$IL10RB,IEC,5.5275153e-09,2.0450643e-09,5043
SCNN1A,IFNG,IFNGR1,IFNG$IFNGR1,IEC,2.3862115e-06,6.629672e-07,5043
SCNN1A,LTB,LTBR,LTB$LTBR,IEC,1.26909645e-05,4.963569e-06,5043
SCNN1A,TNFSF14,LTBR,TNFSF14$LTBR,IEC,-5.8855565e-09,7.184953e-10,5043
SCNN1A,TNFSF10,TNFRSF10A,TNFSF10$TNFRSF10A,IEC,-0.000488391,0.00011851995,5043
SCNN1A,POSTN,ITGAV,POSTN$ITGAV,IEC,0.00019315207,6.319214e-05,5043
SCNN1A,POSTN,ITGB5,POSTN$ITGB5,IEC,0.00060470944,0.00028983675,5043
SCNN1A,EDN1,EDNRB,EDN1$EDNRB,IEC,-5.7748803e-08,2.8900539e-08,5043
SCNN1A,CTSG,F2RL1,CTSG$F2RL1,IEC,2.8655007e-08,8.835761e-09,5043
SCNN1A,PLG,F2RL1,PLG$F2RL1,IEC,-1.9048746e-07,7.1491016e-08,5043
SCNN1A,GZMA,F2RL1,GZMA$F2RL1,IEC,7.494965e-05,2.7335302e-05,5043
SCNN1A,VIP,VIPR1,VIP$VIPR1,IEC,-1.3782114e-08,5.876587e-09,5043
SCNN1A,GAS6,AXL,GAS6$AXL,IEC,-2.6810736e-07,8.7646136e-08,5043
SCNN1A,GAS6,MERTK,GAS6$MERTK,IEC,2.527829e-06,1.6314079e-06,5043
SCNN1A,GAS6,TYRO3,GAS6$TYRO3,IEC,-7.865527e-05,4.136333e-05,5043
SCNN1A,GRN,SORT1,GRN$SORT1,IEC,0.00021489033,0.0001086462,5043
SCNN1A,GUCA2A,GUCY2C,GUCA2A$GUCY2C,IEC,0.0122139985,0.0010584369,5043
SCNN1A,LGALS9,CD44,LGALS9$CD44,IEC,-2.8380603e-07,1.499253e-07,5043
SCNN1A,LAMA3,ITGA3,LAMA3$ITGA3,IEC,1.9492449e-05,4.2816077e-06,5043
SCNN1A,LAMB3,ITGA3,LAMB3$ITGA3,IEC,0.00011190235,3.1779302e-05,5043
SCNN1A,THBS1,ITGA3,THBS1$ITGA3,IEC,0.00021435773,3.32756e-05,5043
SCNN1A,COL6A2,ITGA3,COL6A2$ITGA3,IEC,3.1497146e-07,4.564775e-08,5043
SCNN1A,LAMB3,ITGA6,LAMB3$ITGA6,IEC,-1.9336662e-08,7.589357e-09,5043
SCNN1A,LAMA3,ITGB4,LAMA3$ITGB4,IEC,0.00013692633,2.7834192e-05,5043
SCNN1A,LAMB3,ITGB4,LAMB3$ITGB4,IEC,0.00044312445,0.00010104678,5043
SCNN1A,LAMC2,ITGB4,LAMC2$ITGB4,IEC,-2.1115442e-08,9.4891695e-09,5043
SCNN1A,COL6A2,SDC4,COL6A2$SDC4,IEC,2.8470293e-08,1.0418344e-08,5043
SCNN1A,THBS1,SDC4,THBS1$SDC4,IEC,2.1173907e-06,2.6261918e-07,5043
SCNN1A,LAMA3,DAG1,LAMA3$DAG1,IEC,3.5088497e-06,1.8389941e-06,5043
SCNN1A,LAMB3,DAG1,LAMB3$DAG1,IEC,3.5034587e-05,1.811503e-05,5043
SCNN1A,CD99,CD99,CD99$CD99,IEC,-1.6402399e-05,7.2722946e-06,5043
SCNN1A,CDH1,CDH1,CDH1$CDH1,IEC,0.0034495802,0.0003015696,5043
SCNN1A,CD209,CEACAM1,CD209$CEACAM1,IEC,2.2456899e-07,1.1346729e-07,5043
SCNN1A,EFNB2,EPHB2,EFNB2$EPHB2,IEC,2.613482e-08,6.951408e-09,5043
SCNN1A,F11R,F11R,F11R$F11R,IEC,-0.0005926211,0.00013664598,5043
SCNN1A,JAG1,NOTCH2,JAG1$NOTCH2,IEC,-2.8019887e-08,1.1266225e-08,5043
SCNN1A,OCLN,OCLN,OCLN$OCLN,IEC,-8.267744e-06,3.854777e-06,5043
SCNN1A,TGFB1,ACVR1B,TGFB1$ACVR1B,MAST,0.0,0.0,131
SCNN1A,BMP2,BMPR1A,BMP2$BMPR1A,MAST,0.0,0.0,131
SCNN1A,BMP2,ACVR2A,BMP2$ACVR2A,MAST,0.0,0.0,131
SCNN1A,BMP2,BMPR2,BMP2$BMPR2,MAST,0.0,0.0,131
SCNN1A,BMP4,BMPR1A,BMP4$BMPR1A,MAST,0.0,0.0,131
SCNN1A,BMP4,ACVR2A,BMP4$ACVR2A,MAST,0.0,0.0,131
SCNN1A,BMP4,BMPR2,BMP4$BMPR2,MAST,0.0,0.0,131
SCNN1A,BMP6,BMPR2,BMP6$BMPR2,MAST,0.0,0.0,131
SCNN1A,BMP6,BMPR1A,BMP6$BMPR1A,MAST,0.0,0.0,131
SCNN1A,BMP7,ACVR2A,BMP7$ACVR2A,MAST,0.0,0.0,131
SCNN1A,BMP7,BMPR2,BMP7$BMPR2,MAST,0.0,0.0,131
SCNN1A,BMP8A,BMPR2,BMP8A$BMPR2,MAST,0.0,0.0,131
SCNN1A,BMP8B,BMPR2,BMP8B$BMPR2,MAST,0.0,0.0,131
SCNN1A,GDF11,ACVR1B,GDF11$ACVR1B,MAST,0.0,0.0,131
SCNN1A,MSTN,ACVR1B,MSTN$ACVR1B,MAST,0.0,0.0,131
SCNN1A,INHBA,ACVR1B,INHBA$ACVR1B,MAST,0.0,0.0,131
SCNN1A,TGFA,EGFR,TGFA$EGFR,MAST,0.0,0.0,131
SCNN1A,TGFA,ERBB2,TGFA$ERBB2,MAST,0.0,0.0,131
SCNN1A,HBEGF,EGFR,HBEGF$EGFR,MAST,0.0,0.0,131
SCNN1A,HBEGF,ERBB2,HBEGF$ERBB2,MAST,0.0,0.0,131
SCNN1A,FGF2,FGFR2,FGF2$FGFR2,MAST,0.0,0.0,131
SCNN1A,FGF7,FGFR2,FGF7$FGFR2,MAST,0.0,0.0,131
SCNN1A,FGF9,FGFR2,FGF9$FGFR2,MAST,0.0,0.0,131
SCNN1A,PDGFA,PDGFRA,PDGFA$PDGFRA,MAST,0.0,0.0,131
SCNN1A,VEGFA,KDR,VEGFA$KDR,MAST,0.0,0.0,131
SCNN1A,IGF1,ITGA6,IGF1$ITGA6,MAST,0.0,0.0,131
SCNN1A,IGF1,ITGB4,IGF1$ITGB4,MAST,0.0,0.0,131
SCNN1A,IHH,PTCH1,IHH$PTCH1,MAST,0.0,0.0,131
SCNN1A,CXCL12,ACKR3,CXCL12$ACKR3,MAST,0.0,0.0,131
SCNN1A,IL2,IL2RG,IL2$IL2RG,MAST,0.0,0.0,131
SCNN1A,IL7,IL2RG,IL7$IL2RG,MAST,0.0,0.0,131
SCNN1A,IL15,IL2RG,IL15$IL2RG,MAST,0.0,0.0,131
SCNN1A,IL3,IL3RA,IL3$IL3RA,MAST,0.0,0.0,131
SCNN1A,LIF,IL6ST,LIF$IL6ST,MAST,0.0,0.0,131
SCNN1A,IL10,IL10RB,IL10$IL10RB,MAST,0.0,0.0,131
SCNN1A,IFNG,IFNGR1,IFNG$IFNGR1,MAST,0.0,0.0,131
SCNN1A,LTB,LTBR,LTB$LTBR,MAST,0.0,0.0,131
SCNN1A,TNFSF14,LTBR,TNFSF14$LTBR,MAST,0.0,0.0,131
SCNN1A,TNFSF10,TNFRSF10A,TNFSF10$TNFRSF10A,MAST,0.0,0.0,131
SCNN1A,POSTN,ITGAV,POSTN$ITGAV,MAST,0.0,0.0,131
SCNN1A,POSTN,ITGB5,POSTN$ITGB5,MAST,0.0,0.0,131
SCNN1A,EDN1,EDNRB,EDN1$EDNRB,MAST,0.0,0.0,131
SCNN1A,CTSG,F2RL1,CTSG$F2RL1,MAST,0.0,0.0,131
SCNN1A,PLG,F2RL1,PLG$F2RL1,MAST,0.0,0.0,131
SCNN1A,GZMA,F2RL1,GZMA$F2RL1,MAST,0.0,0.0,131
SCNN1A,VIP,VIPR1,VIP$VIPR1,MAST,0.0,0.0,131
SCNN1A,GAS6,AXL,GAS6$AXL,MAST,0.0,0.0,131
SCNN1A,GAS6,MERTK,GAS6$MERTK,MAST,0.0,0.0,131
SCNN1A,GAS6,TYRO3,GAS6$TYRO3,MAST,0.0,0.0,131
SCNN1A,GRN,SORT1,GRN$SORT1,MAST,0.0,0.0,131
SCNN1A,GUCA2A,GUCY2C,GUCA2A$GUCY2C,MAST,0.0,0.0,131
SCNN1A,LGALS9,CD44,LGALS9$CD44,MAST,0.0,0.0,131
SCNN1A,LAMA3,ITGA3,LAMA3$ITGA3,MAST,0.0,0.0,131
SCNN1A,LAMB3,ITGA3,LAMB3$ITGA3,MAST,0.0,0.0,131
SCNN1A,THBS1,ITGA3,THBS1$ITGA3,MAST,0.0,0.0,131
SCNN1A,COL6A2,ITGA3,COL6A2$ITGA3,MAST,0.0,0.0,131
SCNN1A,LAMB3,ITGA6,LAMB3$ITGA6,MAST,0.0,0.0,131
SCNN1A,LAMA3,ITGB4,LAMA3$ITGB4,MAST,0.0,0.0,131
SCNN1A,LAMB3,ITGB4,LAMB3$ITGB4,MAST,0.0,0.0,131
SCNN1A,LAMC2,ITGB4,LAMC2$ITGB4,MAST,0.0,0.0,131
SCNN1A,COL6A2,SDC4,COL6A2$SDC4,MAST,0.0,0.0,131
SCNN1A,THBS1,SDC4,THBS1$SDC4,MAST,0.0,0.0,131
SCNN1A,LAMA3,DAG1,LAMA3$DAG1,MAST,0.0,0.0,131
SCNN1A,LAMB3,DAG1,LAMB3$DAG1,MAST,0.0,0.0,131
SCNN1A,CD99,CD99,CD99$CD99,MAST,0.0,0.0,131
SCNN1A,CDH1,CDH1,CDH1$CDH1,MAST,0.0,0.0,131
SCNN1A,CD209,CEACAM1,CD209$CEACAM1,MAST,0.0,0.0,131
SCNN1A,EFNB2,EPHB2,EFNB2$EPHB2,MAST,0.0,0.0,131
SCNN1A,F11R,F11R,F11R$F11R,MAST,0.0,0.0,131
SCNN1A,JAG1,NOTCH2,JAG1$NOTCH2,MAST,0.0,0.0,131
SCNN1A,OCLN,OCLN,OCLN$OCLN,MAST,0.0,0.0,131
SCNN1A,TGFB1,ACVR1B,TGFB1$ACVR1B,MNP,0.0,0.0,505
SCNN1A,BMP2,BMPR1A,BMP2$BMPR1A,MNP,0.0,0.0,505
SCNN1A,BMP2,ACVR2A,BMP2$ACVR2A,MNP,0.0,0.0,505
SCNN1A,BMP2,BMPR2,BMP2$BMPR2,MNP,0.0,0.0,505
SCNN1A,BMP4,BMPR1A,BMP4$BMPR1A,MNP,0.0,0.0,505
SCNN1A,BMP4,ACVR2A,BMP4$ACVR2A,MNP,0.0,0.0,505
SCNN1A,BMP4,BMPR2,BMP4$BMPR2,MNP,0.0,0.0,505
SCNN1A,BMP6,BMPR2,BMP6$BMPR2,MNP,0.0,0.0,505
SCNN1A,BMP6,BMPR1A,BMP6$BMPR1A,MNP,0.0,0.0,505
SCNN1A,BMP7,ACVR2A,BMP7$ACVR2A,MNP,0.0,0.0,505
SCNN1A,BMP7,BMPR2,BMP7$BMPR2,MNP,0.0,0.0,505
SCNN1A,BMP8A,BMPR2,BMP8A$BMPR2,MNP,0.0,0.0,505
SCNN1A,BMP8B,BMPR2,BMP8B$BMPR2,MNP,0.0,0.0,505
SCNN1A,GDF11,ACVR1B,GDF11$ACVR1B,MNP,0.0,0.0,505
SCNN1A,MSTN,ACVR1B,MSTN$ACVR1B,MNP,0.0,0.0,505
SCNN1A,INHBA,ACVR1B,INHBA$ACVR1B,MNP,0.0,0.0,505
SCNN1A,TGFA,EGFR,TGFA$EGFR,MNP,0.0,0.0,505
SCNN1A,TGFA,ERBB2,TGFA$ERBB2,MNP,0.0,0.0,505
SCNN1A,HBEGF,EGFR,HBEGF$EGFR,MNP,0.0,0.0,505
SCNN1A,HBEGF,ERBB2,HBEGF$ERBB2,MNP,0.0,0.0,505
SCNN1A,FGF2,FGFR2,FGF2$FGFR2,MNP,0.0,0.0,505
SCNN1A,FGF7,FGFR2,FGF7$FGFR2,MNP,0.0,0.0,505
SCNN1A,FGF9,FGFR2,FGF9$FGFR2,MNP,0.0,0.0,505
SCNN1A,PDGFA,PDGFRA,PDGFA$PDGFRA,MNP,0.0,0.0,505
SCNN1A,VEGFA,KDR,VEGFA$KDR,MNP,0.0,0.0,505
SCNN1A,IGF1,ITGA6,IGF1$ITGA6,MNP,0.0,0.0,505
SCNN1A,IGF1,ITGB4,IGF1$ITGB4,MNP,0.0,0.0,505
SCNN1A,IHH,PTCH1,IHH$PTCH1,MNP,0.0,0.0,505
SCNN1A,CXCL12,ACKR3,CXCL12$ACKR3,MNP,0.0,0.0,505
SCNN1A,IL2,IL2RG,IL2$IL2RG,MNP,0.0,0.0,505
SCNN1A,IL7,IL2RG,IL7$IL2RG,MNP,0.0,0.0,505
SCNN1A,IL15,IL2RG,IL15$IL2RG,MNP,0.0,0.0,505
SCNN1A,IL3,IL3RA,IL3$IL3RA,MNP,0.0,0.0,505
SCNN1A,LIF,IL6ST,LIF$IL6ST,MNP,0.0,0.0,505
SCNN1A,IL10,IL10RB,IL10$IL10RB,MNP,0.0,0.0,505
SCNN1A,IFNG,IFNGR1,IFNG$IFNGR1,MNP,0.0,0.0,505
SCNN1A,LTB,LTBR,LTB$LTBR,MNP,0.0,0.0,505
SCNN1A,TNFSF14,LTBR,TNFSF14$LTBR,MNP,0.0,0.0,505
SCNN1A,TNFSF10,TNFRSF10A,TNFSF10$TNFRSF10A,MNP,0.0,0.0,505
SCNN1A,POSTN,ITGAV,POSTN$ITGAV,MNP,0.0,0.0,505
SCNN1A,POSTN,ITGB5,POSTN$ITGB5,MNP,0.0,0.0,505
SCNN1A,EDN1,EDNRB,EDN1$EDNRB,MNP,0.0,0.0,505
SCNN1A,CTSG,F2RL1,CTSG$F2RL1,MNP,0.0,0.0,505
SCNN1A,PLG,F2RL1,PLG$F2RL1,MNP,0.0,0.0,505
SCNN1A,GZMA,F2RL1,GZMA$F2RL1,MNP,0.0,0.0,505
SCNN1A,VIP,VIPR1,VIP$VIPR1,MNP,0.0,0.0,505
SCNN1A,GAS6,AXL,GAS6$AXL,MNP,0.0,0.0,505
SCNN1A,GAS6,MERTK,GAS6$MERTK,MNP,0.0,0.0,505
SCNN1A,GAS6,TYRO3,GAS6$TYRO3,MNP,0.0,0.0,505
SCNN1A,GRN,SORT1,GRN$SORT1,MNP,0.0,0.0,505
SCNN1A,GUCA2A,GUCY2C,GUCA2A$GUCY2C,MNP,0.0,0.0,505
SCNN1A,LGALS9,CD44,LGALS9$CD44,MNP,0.0,0.0,505
SCNN1A,LAMA3,ITGA3,LAMA3$ITGA3,MNP,0.0,0.0,505
SCNN1A,LAMB3,ITGA3,LAMB3$ITGA3,MNP,0.0,0.0,505
SCNN1A,THBS1,ITGA3,THBS1$ITGA3,MNP,0.0,0.0,505
SCNN1A,COL6A2,ITGA3,COL6A2$ITGA3,MNP,0.0,0.0,505
SCNN1A,LAMB3,ITGA6,LAMB3$ITGA6,MNP,0.0,0.0,505
SCNN1A,LAMA3,ITGB4,LAMA3$ITGB4,MNP,0.0,0.0,505
SCNN1A,LAMB3,ITGB4,LAMB3$ITGB4,MNP,0.0,0.0,505
SCNN1A,LAMC2,ITGB4,LAMC2$ITGB4,MNP,0.0,0.0,505
SCNN1A,COL6A2,SDC4,COL6A2$SDC4,MNP,0.0,0.0,505
SCNN1A,THBS1,SDC4,THBS1$SDC4,MNP,0.0,0.0,505
SCNN1A,LAMA3,DAG1,LAMA3$DAG1,MNP,0.0,0.0,505
SCNN1A,LAMB3,DAG1,LAMB3$DAG1,MNP,0.0,0.0,505
SCNN1A,CD99,CD99,CD99$CD99,MNP,0.0,0.0,505
SCNN1A,CDH1,CDH1,CDH1$CDH1,MNP,0.0,0.0,505
SCNN1A,CD209,CEACAM1,CD209$CEACAM1,MNP,0.0,0.0,505
SCNN1A,EFNB2,EPHB2,EFNB2$EPHB2,MNP,0.0,0.0,505
SCNN1A,F11R,F11R,F11R$F11R,MNP,0.0,0.0,505
SCNN1A,JAG1,NOTCH2,JAG1$NOTCH2,MNP,0.0,0.0,505
SCNN1A,OCLN,OCLN,OCLN$OCLN,MNP,0.0,0.0,505
SCNN1A,TGFB1,ACVR1B,TGFB1$ACVR1B,Muscularis_mucosa,0.0,0.0,83
SCNN1A,BMP2,BMPR1A,BMP2$BMPR1A,Muscularis_mucosa,0.0,0.0,83
SCNN1A,BMP2,ACVR2A,BMP2$ACVR2A,Muscularis_mucosa,0.0,0.0,83
SCNN1A,BMP2,BMPR2,BMP2$BMPR2,Muscularis_mucosa,0.0,0.0,83
SCNN1A,BMP4,BMPR1A,BMP4$BMPR1A,Muscularis_mucosa,0.0,0.0,83
SCNN1A,BMP4,ACVR2A,BMP4$ACVR2A,Muscularis_mucosa,0.0,0.0,83
SCNN1A,BMP4,BMPR2,BMP4$BMPR2,Muscularis_mucosa,0.0,0.0,83
SCNN1A,BMP6,BMPR2,BMP6$BMPR2,Muscularis_mucosa,0.0,0.0,83
SCNN1A,BMP6,BMPR1A,BMP6$BMPR1A,Muscularis_mucosa,0.0,0.0,83
SCNN1A,BMP7,ACVR2A,BMP7$ACVR2A,Muscularis_mucosa,0.0,0.0,83
SCNN1A,BMP7,BMPR2,BMP7$BMPR2,Muscularis_mucosa,0.0,0.0,83
SCNN1A,BMP8A,BMPR2,BMP8A$BMPR2,Muscularis_mucosa,0.0,0.0,83
SCNN1A,BMP8B,BMPR2,BMP8B$BMPR2,Muscularis_mucosa,0.0,0.0,83
SCNN1A,GDF11,ACVR1B,GDF11$ACVR1B,Muscularis_mucosa,0.0,0.0,83
SCNN1A,MSTN,ACVR1B,MSTN$ACVR1B,Muscularis_mucosa,0.0,0.0,83
SCNN1A,INHBA,ACVR1B,INHBA$ACVR1B,Muscularis_mucosa,0.0,0.0,83
SCNN1A,TGFA,EGFR,TGFA$EGFR,Muscularis_mucosa,0.0,0.0,83
SCNN1A,TGFA,ERBB2,TGFA$ERBB2,Muscularis_mucosa,0.0,0.0,83
SCNN1A,HBEGF,EGFR,HBEGF$EGFR,Muscularis_mucosa,0.0,0.0,83
SCNN1A,HBEGF,ERBB2,HBEGF$ERBB2,Muscularis_mucosa,0.0,0.0,83
SCNN1A,FGF2,FGFR2,FGF2$FGFR2,Muscularis_mucosa,0.0,0.0,83
SCNN1A,FGF7,FGFR2,FGF7$FGFR2,Muscularis_mucosa,0.0,0.0,83
SCNN1A,FGF9,FGFR2,FGF9$FGFR2,Muscularis_mucosa,0.0,0.0,83
SCNN1A,PDGFA,PDGFRA,PDGFA$PDGFRA,Muscularis_mucosa,0.0,0.0,83
SCNN1A,VEGFA,KDR,VEGFA$KDR,Muscularis_mucosa,0.0,0.0,83
SCNN1A,IGF1,ITGA6,IGF1$ITGA6,Muscularis_mucosa,0.0,0.0,83
SCNN1A,IGF1,ITGB4,IGF1$ITGB4,Muscularis_mucosa,0.0,0.0,83
SCNN1A,IHH,PTCH1,IHH$PTCH1,Muscularis_mucosa,0.0,0.0,83
SCNN1A,CXCL12,ACKR3,CXCL12$ACKR3,Muscularis_mucosa,0.0,0.0,83
SCNN1A,IL2,IL2RG,IL2$IL2RG,Muscularis_mucosa,0.0,0.0,83
SCNN1A,IL7,IL2RG,IL7$IL2RG,Muscularis_mucosa,0.0,0.0,83
SCNN1A,IL15,IL2RG,IL15$IL2RG,Muscularis_mucosa,0.0,0.0,83
SCNN1A,IL3,IL3RA,IL3$IL3RA,Muscularis_mucosa,0.0,0.0,83
SCNN1A,LIF,IL6ST,LIF$IL6ST,Muscularis_mucosa,0.0,0.0,83
SCNN1A,IL10,IL10RB,IL10$IL10RB,Muscularis_mucosa,0.0,0.0,83
SCNN1A,IFNG,IFNGR1,IFNG$IFNGR1,Muscularis_mucosa,0.0,0.0,83
SCNN1A,LTB,LTBR,LTB$LTBR,Muscularis_mucosa,0.0,0.0,83
SCNN1A,TNFSF14,LTBR,TNFSF14$LTBR,Muscularis_mucosa,0.0,0.0,83
SCNN1A,TNFSF10,TNFRSF10A,TNFSF10$TNFRSF10A,Muscularis_mucosa,0.0,0.0,83
SCNN1A,POSTN,ITGAV,POSTN$ITGAV,Muscularis_mucosa,0.0,0.0,83
SCNN1A,POSTN,ITGB5,POSTN$ITGB5,Muscularis_mucosa,0.0,0.0,83
SCNN1A,EDN1,EDNRB,EDN1$EDNRB,Muscularis_mucosa,0.0,0.0,83
SCNN1A,CTSG,F2RL1,CTSG$F2RL1,Muscularis_mucosa,0.0,0.0,83
SCNN1A,PLG,F2RL1,PLG$F2RL1,Muscularis_mucosa,0.0,0.0,83
SCNN1A,GZMA,F2RL1,GZMA$F2RL1,Muscularis_mucosa,0.0,0.0,83
SCNN1A,VIP,VIPR1,VIP$VIPR1,Muscularis_mucosa,0.0,0.0,83
SCNN1A,GAS6,AXL,GAS6$AXL,Muscularis_mucosa,0.0,0.0,83
SCNN1A,GAS6,MERTK,GAS6$MERTK,Muscularis_mucosa,0.0,0.0,83
SCNN1A,GAS6,TYRO3,GAS6$TYRO3,Muscularis_mucosa,0.0,0.0,83
SCNN1A,GRN,SORT1,GRN$SORT1,Muscularis_mucosa,0.0,0.0,83
SCNN1A,GUCA2A,GUCY2C,GUCA2A$GUCY2C,Muscularis_mucosa,0.0,0.0,83
SCNN1A,LGALS9,CD44,LGALS9$CD44,Muscularis_mucosa,0.0,0.0,83
SCNN1A,LAMA3,ITGA3,LAMA3$ITGA3,Muscularis_mucosa,0.0,0.0,83
SCNN1A,LAMB3,ITGA3,LAMB3$ITGA3,Muscularis_mucosa,0.0,0.0,83
SCNN1A,THBS1,ITGA3,THBS1$ITGA3,Muscularis_mucosa,0.0,0.0,83
SCNN1A,COL6A2,ITGA3,COL6A2$ITGA3,Muscularis_mucosa,0.0,0.0,83
SCNN1A,LAMB3,ITGA6,LAMB3$ITGA6,Muscularis_mucosa,0.0,0.0,83
SCNN1A,LAMA3,ITGB4,LAMA3$ITGB4,Muscularis_mucosa,0.0,0.0,83
SCNN1A,LAMB3,ITGB4,LAMB3$ITGB4,Muscularis_mucosa,0.0,0.0,83
SCNN1A,LAMC2,ITGB4,LAMC2$ITGB4,Muscularis_mucosa,0.0,0.0,83
SCNN1A,COL6A2,SDC4,COL6A2$SDC4,Muscularis_mucosa,0.0,0.0,83
SCNN1A,THBS1,SDC4,THBS1$SDC4,Muscularis_mucosa,0.0,0.0,83
SCNN1A,LAMA3,DAG1,LAMA3$DAG1,Muscularis_mucosa,0.0,0.0,83
SCNN1A,LAMB3,DAG1,LAMB3$DAG1,Muscularis_mucosa,0.0,0.0,83
SCNN1A,CD99,CD99,CD99$CD99,Muscularis_mucosa,0.0,0.0,83
SCNN1A,CDH1,CDH1,CDH1$CDH1,Muscularis_mucosa,0.0,0.0,83
SCNN1A,CD209,CEACAM1,CD209$CEACAM1,Muscularis_mucosa,0.0,0.0,83
SCNN1A,EFNB2,EPHB2,EFNB2$EPHB2,Muscularis_mucosa,0.0,0.0,83
SCNN1A,F11R,F11R,F11R$F11R,Muscularis_mucosa,0.0,0.0,83
SCNN1A,JAG1,NOTCH2,JAG1$NOTCH2,Muscularis_mucosa,0.0,0.0,83
SCNN1A,OCLN,OCLN,OCLN$OCLN,Muscularis_mucosa,0.0,0.0,83
SCNN1A,TGFB1,ACVR1B,TGFB1$ACVR1B,Myofibroblast,0.0,0.0,353
SCNN1A,BMP2,BMPR1A,BMP2$BMPR1A,Myofibroblast,0.0,0.0,353
SCNN1A,BMP2,ACVR2A,BMP2$ACVR2A,Myofibroblast,0.0,0.0,353
SCNN1A,BMP2,BMPR2,BMP2$BMPR2,Myofibroblast,0.0,0.0,353
SCNN1A,BMP4,BMPR1A,BMP4$BMPR1A,Myofibroblast,0.0,0.0,353
SCNN1A,BMP4,ACVR2A,BMP4$ACVR2A,Myofibroblast,0.0,0.0,353
SCNN1A,BMP4,BMPR2,BMP4$BMPR2,Myofibroblast,0.0,0.0,353
SCNN1A,BMP6,BMPR2,BMP6$BMPR2,Myofibroblast,0.0,0.0,353
SCNN1A,BMP6,BMPR1A,BMP6$BMPR1A,Myofibroblast,0.0,0.0,353
SCNN1A,BMP7,ACVR2A,BMP7$ACVR2A,Myofibroblast,0.0,0.0,353
SCNN1A,BMP7,BMPR2,BMP7$BMPR2,Myofibroblast,0.0,0.0,353
SCNN1A,BMP8A,BMPR2,BMP8A$BMPR2,Myofibroblast,0.0,0.0,353
SCNN1A,BMP8B,BMPR2,BMP8B$BMPR2,Myofibroblast,0.0,0.0,353
SCNN1A,GDF11,ACVR1B,GDF11$ACVR1B,Myofibroblast,0.0,0.0,353
SCNN1A,MSTN,ACVR1B,MSTN$ACVR1B,Myofibroblast,0.0,0.0,353
SCNN1A,INHBA,ACVR1B,INHBA$ACVR1B,Myofibroblast,0.0,0.0,353
SCNN1A,TGFA,EGFR,TGFA$EGFR,Myofibroblast,0.0,0.0,353
SCNN1A,TGFA,ERBB2,TGFA$ERBB2,Myofibroblast,0.0,0.0,353
SCNN1A,HBEGF,EGFR,HBEGF$EGFR,Myofibroblast,0.0,0.0,353
SCNN1A,HBEGF,ERBB2,HBEGF$ERBB2,Myofibroblast,0.0,0.0,353
SCNN1A,FGF2,FGFR2,FGF2$FGFR2,Myofibroblast,0.0,0.0,353
SCNN1A,FGF7,FGFR2,FGF7$FGFR2,Myofibroblast,0.0,0.0,353
SCNN1A,FGF9,FGFR2,FGF9$FGFR2,Myofibroblast,0.0,0.0,353
SCNN1A,PDGFA,PDGFRA,PDGFA$PDGFRA,Myofibroblast,0.0,0.0,353
SCNN1A,VEGFA,KDR,VEGFA$KDR,Myofibroblast,0.0,0.0,353
SCNN1A,IGF1,ITGA6,IGF1$ITGA6,Myofibroblast,0.0,0.0,353
SCNN1A,IGF1,ITGB4,IGF1$ITGB4,Myofibroblast,0.0,0.0,353
SCNN1A,IHH,PTCH1,IHH$PTCH1,Myofibroblast,0.0,0.0,353
SCNN1A,CXCL12,ACKR3,CXCL12$ACKR3,Myofibroblast,0.0,0.0,353
SCNN1A,IL2,IL2RG,IL2$IL2RG,Myofibroblast,0.0,0.0,353
SCNN1A,IL7,IL2RG,IL7$IL2RG,Myofibroblast,0.0,0.0,353
SCNN1A,IL15,IL2RG,IL15$IL2RG,Myofibroblast,0.0,0.0,353
SCNN1A,IL3,IL3RA,IL3$IL3RA,Myofibroblast,0.0,0.0,353
SCNN1A,LIF,IL6ST,LIF$IL6ST,Myofibroblast,0.0,0.0,353
SCNN1A,IL10,IL10RB,IL10$IL10RB,Myofibroblast,0.0,0.0,353
SCNN1A,IFNG,IFNGR1,IFNG$IFNGR1,Myofibroblast,0.0,0.0,353
SCNN1A,LTB,LTBR,LTB$LTBR,Myofibroblast,0.0,0.0,353
SCNN1A,TNFSF14,LTBR,TNFSF14$LTBR,Myofibroblast,0.0,0.0,353
SCNN1A,TNFSF10,TNFRSF10A,TNFSF10$TNFRSF10A,Myofibroblast,0.0,0.0,353
SCNN1A,POSTN,ITGAV,POSTN$ITGAV,Myofibroblast,0.0,0.0,353
SCNN1A,POSTN,ITGB5,POSTN$ITGB5,Myofibroblast,0.0,0.0,353
SCNN1A,EDN1,EDNRB,EDN1$EDNRB,Myofibroblast,0.0,0.0,353
SCNN1A,CTSG,F2RL1,CTSG$F2RL1,Myofibroblast,0.0,0.0,353
SCNN1A,PLG,F2RL1,PLG$F2RL1,Myofibroblast,0.0,0.0,353
SCNN1A,GZMA,F2RL1,GZMA$F2RL1,Myofibroblast,0.0,0.0,353
SCNN1A,VIP,VIPR1,VIP$VIPR1,Myofibroblast,0.0,0.0,353
SCNN1A,GAS6,AXL,GAS6$AXL,Myofibroblast,0.0,0.0,353
SCNN1A,GAS6,MERTK,GAS6$MERTK,Myofibroblast,0.0,0.0,353
SCNN1A,GAS6,TYRO3,GAS6$TYRO3,Myofibroblast,0.0,0.0,353
SCNN1A,GRN,SORT1,GRN$SORT1,Myofibroblast,0.0,0.0,353
SCNN1A,GUCA2A,GUCY2C,GUCA2A$GUCY2C,Myofibroblast,0.0,0.0,353
SCNN1A,LGALS9,CD44,LGALS9$CD44,Myofibroblast,0.0,0.0,353
SCNN1A,LAMA3,ITGA3,LAMA3$ITGA3,Myofibroblast,0.0,0.0,353
SCNN1A,LAMB3,ITGA3,LAMB3$ITGA3,Myofibroblast,0.0,0.0,353
SCNN1A,THBS1,ITGA3,THBS1$ITGA3,Myofibroblast,0.0,0.0,353
SCNN1A,COL6A2,ITGA3,COL6A2$ITGA3,Myofibroblast,0.0,0.0,353
SCNN1A,LAMB3,ITGA6,LAMB3$ITGA6,Myofibroblast,0.0,0.0,353
SCNN1A,LAMA3,ITGB4,LAMA3$ITGB4,Myofibroblast,0.0,0.0,353
SCNN1A,LAMB3,ITGB4,LAMB3$ITGB4,Myofibroblast,0.0,0.0,353
SCNN1A,LAMC2,ITGB4,LAMC2$ITGB4,Myofibroblast,0.0,0.0,353
SCNN1A,COL6A2,SDC4,COL6A2$SDC4,Myofibroblast,0.0,0.0,353
SCNN1A,THBS1,SDC4,THBS1$SDC4,Myofibroblast,0.0,0.0,353
SCNN1A,LAMA3,DAG1,LAMA3$DAG1,Myofibroblast,0.0,0.0,353
SCNN1A,LAMB3,DAG1,LAMB3$DAG1,Myofibroblast,0.0,0.0,353
SCNN1A,CD99,CD99,CD99$CD99,Myofibroblast,0.0,0.0,353
SCNN1A,CDH1,CDH1,CDH1$CDH1,Myofibroblast,0.0,0.0,353
SCNN1A,CD209,CEACAM1,CD209$CEACAM1,Myofibroblast,0.0,0.0,353
SCNN1A,EFNB2,EPHB2,EFNB2$EPHB2,Myofibroblast,0.0,0.0,353
SCNN1A,F11R,F11R,F11R$F11R,Myofibroblast,0.0,0.0,353
SCNN1A,JAG1,NOTCH2,JAG1$NOTCH2,Myofibroblast,0.0,0.0,353
SCNN1A,OCLN,OCLN,OCLN$OCLN,Myofibroblast,0.0,0.0,353
SCNN1A,TGFB1,ACVR1B,TGFB1$ACVR1B,Pericyte,0.0,0.0,77
SCNN1A,BMP2,BMPR1A,BMP2$BMPR1A,Pericyte,0.0,0.0,77
SCNN1A,BMP2,ACVR2A,BMP2$ACVR2A,Pericyte,0.0,0.0,77
SCNN1A,BMP2,BMPR2,BMP2$BMPR2,Pericyte,0.0,0.0,77
SCNN1A,BMP4,BMPR1A,BMP4$BMPR1A,Pericyte,0.0,0.0,77
SCNN1A,BMP4,ACVR2A,BMP4$ACVR2A,Pericyte,0.0,0.0,77
SCNN1A,BMP4,BMPR2,BMP4$BMPR2,Pericyte,0.0,0.0,77
SCNN1A,BMP6,BMPR2,BMP6$BMPR2,Pericyte,0.0,0.0,77
SCNN1A,BMP6,BMPR1A,BMP6$BMPR1A,Pericyte,0.0,0.0,77
SCNN1A,BMP7,ACVR2A,BMP7$ACVR2A,Pericyte,0.0,0.0,77
SCNN1A,BMP7,BMPR2,BMP7$BMPR2,Pericyte,0.0,0.0,77
SCNN1A,BMP8A,BMPR2,BMP8A$BMPR2,Pericyte,0.0,0.0,77
SCNN1A,BMP8B,BMPR2,BMP8B$BMPR2,Pericyte,0.0,0.0,77
SCNN1A,GDF11,ACVR1B,GDF11$ACVR1B,Pericyte,0.0,0.0,77
SCNN1A,MSTN,ACVR1B,MSTN$ACVR1B,Pericyte,0.0,0.0,77
SCNN1A,INHBA,ACVR1B,INHBA$ACVR1B,Pericyte,0.0,0.0,77
SCNN1A,TGFA,EGFR,TGFA$EGFR,Pericyte,0.0,0.0,77
SCNN1A,TGFA,ERBB2,TGFA$ERBB2,Pericyte,0.0,0.0,77
SCNN1A,HBEGF,EGFR,HBEGF$EGFR,Pericyte,0.0,0.0,77
SCNN1A,HBEGF,ERBB2,HBEGF$ERBB2,Pericyte,0.0,0.0,77
SCNN1A,FGF2,FGFR2,FGF2$FGFR2,Pericyte,0.0,0.0,77
SCNN1A,FGF7,FGFR2,FGF7$FGFR2,Pericyte,0.0,0.0,77
SCNN1A,FGF9,FGFR2,FGF9$FGFR2,Pericyte,0.0,0.0,77
SCNN1A,PDGFA,PDGFRA,PDGFA$PDGFRA,Pericyte,0.0,0.0,77
SCNN1A,VEGFA,KDR,VEGFA$KDR,Pericyte,0.0,0.0,77
SCNN1A,IGF1,ITGA6,IGF1$ITGA6,Pericyte,0.0,0.0,77
SCNN1A,IGF1,ITGB4,IGF1$ITGB4,Pericyte,0.0,0.0,77
SCNN1A,IHH,PTCH1,IHH$PTCH1,Pericyte,0.0,0.0,77
SCNN1A,CXCL12,ACKR3,CXCL12$ACKR3,Pericyte,0.0,0.0,77
SCNN1A,IL2,IL2RG,IL2$IL2RG,Pericyte,0.0,0.0,77
SCNN1A,IL7,IL2RG,IL7$IL2RG,Pericyte,0.0,0.0,77
SCNN1A,IL15,IL2RG,IL15$IL2RG,Pericyte,0.0,0.0,77
SCNN1A,IL3,IL3RA,IL3$IL3RA,Pericyte,0.0,0.0,77
SCNN1A,LIF,IL6ST,LIF$IL6ST,Pericyte,0.0,0.0,77
SCNN1A,IL10,IL10RB,IL10$IL10RB,Pericyte,0.0,0.0,77
SCNN1A,IFNG,IFNGR1,IFNG$IFNGR1,Pericyte,0.0,0.0,77
SCNN1A,LTB,LTBR,LTB$LTBR,Pericyte,0.0,0.0,77
SCNN1A,TNFSF14,LTBR,TNFSF14$LTBR,Pericyte,0.0,0.0,77
SCNN1A,TNFSF10,TNFRSF10A,TNFSF10$TNFRSF10A,Pericyte,0.0,0.0,77
SCNN1A,POSTN,ITGAV,POSTN$ITGAV,Pericyte,0.0,0.0,77
SCNN1A,POSTN,ITGB5,POSTN$ITGB5,Pericyte,0.0,0.0,77
SCNN1A,EDN1,EDNRB,EDN1$EDNRB,Pericyte,0.0,0.0,77
SCNN1A,CTSG,F2RL1,CTSG$F2RL1,Pericyte,0.0,0.0,77
SCNN1A,PLG,F2RL1,PLG$F2RL1,Pericyte,0.0,0.0,77
SCNN1A,GZMA,F2RL1,GZMA$F2RL1,Pericyte,0.0,0.0,77
SCNN1A,VIP,VIPR1,VIP$VIPR1,Pericyte,0.0,0.0,77
SCNN1A,GAS6,AXL,GAS6$AXL,Pericyte,0.0,0.0,77
SCNN1A,GAS6,MERTK,GAS6$MERTK,Pericyte,0.0,0.0,77
SCNN1A,GAS6,TYRO3,GAS6$TYRO3,Pericyte,0.0,0.0,77
SCNN1A,GRN,SORT1,GRN$SORT1,Pericyte,0.0,0.0,77
SCNN1A,GUCA2A,GUCY2C,GUCA2A$GUCY2C,Pericyte,0.0,0.0,77
SCNN1A,LGALS9,CD44,LGALS9$CD44,Pericyte,0.0,0.0,77
SCNN1A,LAMA3,ITGA3,LAMA3$ITGA3,Pericyte,0.0,0.0,77
SCNN1A,LAMB3,ITGA3,LAMB3$ITGA3,Pericyte,0.0,0.0,77
SCNN1A,THBS1,ITGA3,THBS1$ITGA3,Pericyte,0.0,0.0,77
SCNN1A,COL6A2,ITGA3,COL6A2$ITGA3,Pericyte,0.0,0.0,77
SCNN1A,LAMB3,ITGA6,LAMB3$ITGA6,Pericyte,0.0,0.0,77
SCNN1A,LAMA3,ITGB4,LAMA3$ITGB4,Pericyte,0.0,0.0,77
SCNN1A,LAMB3,ITGB4,LAMB3$ITGB4,Pericyte,0.0,0.0,77
SCNN1A,LAMC2,ITGB4,LAMC2$ITGB4,Pericyte,0.0,0.0,77
SCNN1A,COL6A2,SDC4,COL6A2$SDC4,Pericyte,0.0,0.0,77
SCNN1A,THBS1,SDC4,THBS1$SDC4,Pericyte,0.0,0.0,77
SCNN1A,LAMA3,DAG1,LAMA3$DAG1,Pericyte,0.0,0.0,77
SCNN1A,LAMB3,DAG1,LAMB3$DAG1,Pericyte,0.0,0.0,77
SCNN1A,CD99,CD99,CD99$CD99,Pericyte,0.0,0.0,77
SCNN1A,CDH1,CDH1,CDH1$CDH1,Pericyte,0.0,0.0,77
SCNN1A,CD209,CEACAM1,CD209$CEACAM1,Pericyte,0.0,0.0,77
SCNN1A,EFNB2,EPHB2,EFNB2$EPHB2,Pericyte,0.0,0.0,77
SCNN1A,F11R,F11R,F11R$F11R,Pericyte,0.0,0.0,77
SCNN1A,JAG1,NOTCH2,JAG1$NOTCH2,Pericyte,0.0,0.0,77
SCNN1A,OCLN,OCLN,OCLN$OCLN,Pericyte,0.0,0.0,77
SCNN1A,TGFB1,ACVR1B,TGFB1$ACVR1B,Plasma,0.0,0.0,1312
SCNN1A,BMP2,BMPR1A,BMP2$BMPR1A,Plasma,0.0,0.0,1312
SCNN1A,BMP2,ACVR2A,BMP2$ACVR2A,Plasma,0.0,0.0,1312
SCNN1A,BMP2,BMPR2,BMP2$BMPR2,Plasma,0.0,0.0,1312
SCNN1A,BMP4,BMPR1A,BMP4$BMPR1A,Plasma,0.0,0.0,1312
SCNN1A,BMP4,ACVR2A,BMP4$ACVR2A,Plasma,0.0,0.0,1312
SCNN1A,BMP4,BMPR2,BMP4$BMPR2,Plasma,0.0,0.0,1312
SCNN1A,BMP6,BMPR2,BMP6$BMPR2,Plasma,0.0,0.0,1312
SCNN1A,BMP6,BMPR1A,BMP6$BMPR1A,Plasma,0.0,0.0,1312
SCNN1A,BMP7,ACVR2A,BMP7$ACVR2A,Plasma,0.0,0.0,1312
SCNN1A,BMP7,BMPR2,BMP7$BMPR2,Plasma,0.0,0.0,1312
SCNN1A,BMP8A,BMPR2,BMP8A$BMPR2,Plasma,0.0,0.0,1312
SCNN1A,BMP8B,BMPR2,BMP8B$BMPR2,Plasma,0.0,0.0,1312
SCNN1A,GDF11,ACVR1B,GDF11$ACVR1B,Plasma,0.0,0.0,1312
SCNN1A,MSTN,ACVR1B,MSTN$ACVR1B,Plasma,0.0,0.0,1312
SCNN1A,INHBA,ACVR1B,INHBA$ACVR1B,Plasma,0.0,0.0,1312
SCNN1A,TGFA,EGFR,TGFA$EGFR,Plasma,0.0,0.0,1312
SCNN1A,TGFA,ERBB2,TGFA$ERBB2,Plasma,0.0,0.0,1312
SCNN1A,HBEGF,EGFR,HBEGF$EGFR,Plasma,0.0,0.0,1312
SCNN1A,HBEGF,ERBB2,HBEGF$ERBB2,Plasma,0.0,0.0,1312
SCNN1A,FGF2,FGFR2,FGF2$FGFR2,Plasma,0.0,0.0,1312
SCNN1A,FGF7,FGFR2,FGF7$FGFR2,Plasma,0.0,0.0,1312
SCNN1A,FGF9,FGFR2,FGF9$FGFR2,Plasma,0.0,0.0,1312
SCNN1A,PDGFA,PDGFRA,PDGFA$PDGFRA,Plasma,0.0,0.0,1312
SCNN1A,VEGFA,KDR,VEGFA$KDR,Plasma,0.0,0.0,1312
SCNN1A,IGF1,ITGA6,IGF1$ITGA6,Plasma,0.0,0.0,1312
SCNN1A,IGF1,ITGB4,IGF1$ITGB4,Plasma,0.0,0.0,1312
SCNN1A,IHH,PTCH1,IHH$PTCH1,Plasma,0.0,0.0,1312
SCNN1A,CXCL12,ACKR3,CXCL12$ACKR3,Plasma,0.0,0.0,1312
SCNN1A,IL2,IL2RG,IL2$IL2RG,Plasma,0.0,0.0,1312
SCNN1A,IL7,IL2RG,IL7$IL2RG,Plasma,0.0,0.0,1312
SCNN1A,IL15,IL2RG,IL15$IL2RG,Plasma,0.0,0.0,1312
SCNN1A,IL3,IL3RA,IL3$IL3RA,Plasma,0.0,0.0,1312
SCNN1A,LIF,IL6ST,LIF$IL6ST,Plasma,0.0,0.0,1312
SCNN1A,IL10,IL10RB,IL10$IL10RB,Plasma,0.0,0.0,1312
SCNN1A,IFNG,IFNGR1,IFNG$IFNGR1,Plasma,0.0,0.0,1312
SCNN1A,LTB,LTBR,LTB$LTBR,Plasma,0.0,0.0,1312
SCNN1A,TNFSF14,LTBR,TNFSF14$LTBR,Plasma,0.0,0.0,1312
SCNN1A,TNFSF10,TNFRSF10A,TNFSF10$TNFRSF10A,Plasma,0.0,0.0,1312
SCNN1A,POSTN,ITGAV,POSTN$ITGAV,Plasma,0.0,0.0,1312
SCNN1A,POSTN,ITGB5,POSTN$ITGB5,Plasma,0.0,0.0,1312
SCNN1A,EDN1,EDNRB,EDN1$EDNRB,Plasma,0.0,0.0,1312
SCNN1A,CTSG,F2RL1,CTSG$F2RL1,Plasma,0.0,0.0,1312
SCNN1A,PLG,F2RL1,PLG$F2RL1,Plasma,0.0,0.0,1312
SCNN1A,GZMA,F2RL1,GZMA$F2RL1,Plasma,0.0,0.0,1312
SCNN1A,VIP,VIPR1,VIP$VIPR1,Plasma,0.0,0.0,1312
SCNN1A,GAS6,AXL,GAS6$AXL,Plasma,0.0,0.0,1312
SCNN1A,GAS6,MERTK,GAS6$MERTK,Plasma,0.0,0.0,1312
SCNN1A,GAS6,TYRO3,GAS6$TYRO3,Plasma,0.0,0.0,1312
SCNN1A,GRN,SORT1,GRN$SORT1,Plasma,0.0,0.0,1312
SCNN1A,GUCA2A,GUCY2C,GUCA2A$GUCY2C,Plasma,0.0,0.0,1312
SCNN1A,LGALS9,CD44,LGALS9$CD44,Plasma,0.0,0.0,1312
SCNN1A,LAMA3,ITGA3,LAMA3$ITGA3,Plasma,0.0,0.0,1312
SCNN1A,LAMB3,ITGA3,LAMB3$ITGA3,Plasma,0.0,0.0,1312
SCNN1A,THBS1,ITGA3,THBS1$ITGA3,Plasma,0.0,0.0,1312
SCNN1A,COL6A2,ITGA3,COL6A2$ITGA3,Plasma,0.0,0.0,1312
SCNN1A,LAMB3,ITGA6,LAMB3$ITGA6,Plasma,0.0,0.0,1312
SCNN1A,LAMA3,ITGB4,LAMA3$ITGB4,Plasma,0.0,0.0,1312
SCNN1A,LAMB3,ITGB4,LAMB3$ITGB4,Plasma,0.0,0.0,1312
SCNN1A,LAMC2,ITGB4,LAMC2$ITGB4,Plasma,0.0,0.0,1312
SCNN1A,COL6A2,SDC4,COL6A2$SDC4,Plasma,0.0,0.0,1312
SCNN1A,THBS1,SDC4,THBS1$SDC4,Plasma,0.0,0.0,1312
SCNN1A,LAMA3,DAG1,LAMA3$DAG1,Plasma,0.0,0.0,1312
SCNN1A,LAMB3,DAG1,LAMB3$DAG1,Plasma,0.0,0.0,1312
SCNN1A,CD99,CD99,CD99$CD99,Plasma,0.0,0.0,1312
SCNN1A,CDH1,CDH1,CDH1$CDH1,Plasma,0.0,0.0,1312
SCNN1A,CD209,CEACAM1,CD209$CEACAM1,Plasma,0.0,0.0,1312
SCNN1A,EFNB2,EPHB2,EFNB2$EPHB2,Plasma,0.0,0.0,1312
SCNN1A,F11R,F11R,F11R$F11R,Plasma,0.0,0.0,1312
SCNN1A,JAG1,NOTCH2,JAG1$NOTCH2,Plasma,0.0,0.0,1312
SCNN1A,OCLN,OCLN,OCLN$OCLN,Plasma,0.0,0.0,1312
SCNN1A,TGFB1,ACVR1B,TGFB1$ACVR1B,T,0.0,0.0,526
SCNN1A,BMP2,BMPR1A,BMP2$BMPR1A,T,0.0,0.0,526
SCNN1A,BMP2,ACVR2A,BMP2$ACVR2A,T,0.0,0.0,526
SCNN1A,BMP2,BMPR2,BMP2$BMPR2,T,0.0,0.0,526
SCNN1A,BMP4,BMPR1A,BMP4$BMPR1A,T,0.0,0.0,526
SCNN1A,BMP4,ACVR2A,BMP4$ACVR2A,T,0.0,0.0,526
SCNN1A,BMP4,BMPR2,BMP4$BMPR2,T,0.0,0.0,526
SCNN1A,BMP6,BMPR2,BMP6$BMPR2,T,0.0,0.0,526
SCNN1A,BMP6,BMPR1A,BMP6$BMPR1A,T,0.0,0.0,526
SCNN1A,BMP7,ACVR2A,BMP7$ACVR2A,T,0.0,0.0,526
SCNN1A,BMP7,BMPR2,BMP7$BMPR2,T,0.0,0.0,526
SCNN1A,BMP8A,BMPR2,BMP8A$BMPR2,T,0.0,0.0,526
SCNN1A,BMP8B,BMPR2,BMP8B$BMPR2,T,0.0,0.0,526
SCNN1A,GDF11,ACVR1B,GDF11$ACVR1B,T,0.0,0.0,526
SCNN1A,MSTN,ACVR1B,MSTN$ACVR1B,T,0.0,0.0,526
SCNN1A,INHBA,ACVR1B,INHBA$ACVR1B,T,0.0,0.0,526
SCNN1A,TGFA,EGFR,TGFA$EGFR,T,0.0,0.0,526
SCNN1A,TGFA,ERBB2,TGFA$ERBB2,T,0.0,0.0,526
SCNN1A,HBEGF,EGFR,HBEGF$EGFR,T,0.0,0.0,526
SCNN1A,HBEGF,ERBB2,HBEGF$ERBB2,T,0.0,0.0,526
SCNN1A,FGF2,FGFR2,FGF2$FGFR2,T,0.0,0.0,526
SCNN1A,FGF7,FGFR2,FGF7$FGFR2,T,0.0,0.0,526
SCNN1A,FGF9,FGFR2,FGF9$FGFR2,T,0.0,0.0,526
SCNN1A,PDGFA,PDGFRA,PDGFA$PDGFRA,T,0.0,0.0,526
SCNN1A,VEGFA,KDR,VEGFA$KDR,T,0.0,0.0,526
SCNN1A,IGF1,ITGA6,IGF1$ITGA6,T,0.0,0.0,526
SCNN1A,IGF1,ITGB4,IGF1$ITGB4,T,0.0,0.0,526
SCNN1A,IHH,PTCH1,IHH$PTCH1,T,0.0,0.0,526
SCNN1A,CXCL12,ACKR3,CXCL12$ACKR3,T,0.0,0.0,526
SCNN1A,IL2,IL2RG,IL2$IL2RG,T,0.0,0.0,526
SCNN1A,IL7,IL2RG,IL7$IL2RG,T,0.0,0.0,526
SCNN1A,IL15,IL2RG,IL15$IL2RG,T,0.0,0.0,526
SCNN1A,IL3,IL3RA,IL3$IL3RA,T,0.0,0.0,526
SCNN1A,LIF,IL6ST,LIF$IL6ST,T,0.0,0.0,526
SCNN1A,IL10,IL10RB,IL10$IL10RB,T,0.0,0.0,526
SCNN1A,IFNG,IFNGR1,IFNG$IFNGR1,T,0.0,0.0,526
SCNN1A,LTB,LTBR,LTB$LTBR,T,0.0,0.0,526
SCNN1A,TNFSF14,LTBR,TNFSF14$LTBR,T,0.0,0.0,526
SCNN1A,TNFSF10,TNFRSF10A,TNFSF10$TNFRSF10A,T,0.0,0.0,526
SCNN1A,POSTN,ITGAV,POSTN$ITGAV,T,0.0,0.0,526
SCNN1A,POSTN,ITGB5,POSTN$ITGB5,T,0.0,0.0,526
SCNN1A,EDN1,EDNRB,EDN1$EDNRB,T,0.0,0.0,526
SCNN1A,CTSG,F2RL1,CTSG$F2RL1,T,0.0,0.0,526
SCNN1A,PLG,F2RL1,PLG$F2RL1,T,0.0,0.0,526
SCNN1A,GZMA,F2RL1,GZMA$F2RL1,T,0.0,0.0,526
SCNN1A,VIP,VIPR1,VIP$VIPR1,T,0.0,0.0,526
SCNN1A,GAS6,AXL,GAS6$AXL,T,0.0,0.0,526
SCNN1A,GAS6,MERTK,GAS6$MERTK,T,0.0,0.0,526
SCNN1A,GAS6,TYRO3,GAS6$TYRO3,T,0.0,0.0,526
SCNN1A,GRN,SORT1,GRN$SORT1,T,0.0,0.0,526
SCNN1A,GUCA2A,GUCY2C,GUCA2A$GUCY2C,T,0.0,0.0,526
SCNN1A,LGALS9,CD44,LGALS9$CD44,T,0.0,0.0,526
SCNN1A,LAMA3,ITGA3,LAMA3$ITGA3,T,0.0,0.0,526
SCNN1A,LAMB3,ITGA3,LAMB3$ITGA3,T,0.0,0.0,526
SCNN1A,THBS1,ITGA3,THBS1$ITGA3,T,0.0,0.0,526
SCNN1A,COL6A2,ITGA3,COL6A2$ITGA3,T,0.0,0.0,526
SCNN1A,LAMB3,ITGA6,LAMB3$ITGA6,T,0.0,0.0,526
SCNN1A,LAMA3,ITGB4,LAMA3$ITGB4,T,0.0,0.0,526
SCNN1A,LAMB3,ITGB4,LAMB3$ITGB4,T,0.0,0.0,526
SCNN1A,LAMC2,ITGB4,LAMC2$ITGB4,T,0.0,0.0,526
SCNN1A,COL6A2,SDC4,COL6A2$SDC4,T,0.0,0.0,526
SCNN1A,THBS1,SDC4,THBS1$SDC4,T,0.0,0.0,526
SCNN1A,LAMA3,DAG1,LAMA3$DAG1,T,0.0,0.0,526
SCNN1A,LAMB3,DAG1,LAMB3$DAG1,T,0.0,0.0,526
SCNN1A,CD99,CD99,CD99$CD99,T,0.0,0.0,526
SCNN1A,CDH1,CDH1,CDH1$CDH1,T,0.0,0.0,526
SCNN1A,CD209,CEACAM1,CD209$CEACAM1,T,0.0,0.0,526
SCNN1A,EFNB2,EPHB2,EFNB2$EPHB2,T,0.0,0.0,526
SCNN1A,F11R,F11R,F11R$F11R,T,0.0,0.0,526
SCNN1A,JAG1,NOTCH2,JAG1$NOTCH2,T,0.0,0.0,526
SCNN1A,OCLN,OCLN,OCLN$OCLN,T,0.0,0.0,526
SGK1,BMP2,BMPR1A,BMP2$BMPR1A,Endothelial,0.0,0.0,243
SGK1,BMP2,ACVR2A,BMP2$ACVR2A,Endothelial,0.0,0.0,243
SGK1,BMP2,BMPR2,BMP2$BMPR2,Endothelial,0.0,0.0,243
SGK1,POSTN,ITGB5,POSTN$ITGB5,Endothelial,0.0,0.0,243
SGK1,GRN,SORT1,GRN$SORT1,Endothelial,0.0,0.0,243
SGK1,GUCA2A,GUCY2C,GUCA2A$GUCY2C,Endothelial,0.0,0.0,243
SGK1,THBS1,SDC4,THBS1$SDC4,Endothelial,0.0,0.0,243
SGK1,CDH1,CDH1,CDH1$CDH1,Endothelial,0.0,0.0,243
SGK1,F11R,F11R,F11R$F11R,Endothelial,0.0,0.0,243
SGK1,OCLN,OCLN,OCLN$OCLN,Endothelial,0.0,0.0,243
SGK1,BMP2,BMPR1A,BMP2$BMPR1A,Enteric_glia,0.0,0.0,283
SGK1,BMP2,ACVR2A,BMP2$ACVR2A,Enteric_glia,0.0,0.0,283
SGK1,BMP2,BMPR2,BMP2$BMPR2,Enteric_glia,0.0,0.0,283
SGK1,POSTN,ITGB5,POSTN$ITGB5,Enteric_glia,0.0,0.0,283
SGK1,GRN,SORT1,GRN$SORT1,Enteric_glia,0.0,0.0,283
SGK1,GUCA2A,GUCY2C,GUCA2A$GUCY2C,Enteric_glia,0.0,0.0,283
SGK1,THBS1,SDC4,THBS1$SDC4,Enteric_glia,0.0,0.0,283
SGK1,CDH1,CDH1,CDH1$CDH1,Enteric_glia,0.0,0.0,283
SGK1,F11R,F11R,F11R$F11R,Enteric_glia,0.0,0.0,283
SGK1,OCLN,OCLN,OCLN$OCLN,Enteric_glia,0.0,0.0,283
SGK1,BMP2,BMPR1A,BMP2$BMPR1A,Fibroblast,0.0,0.0,1369
SGK1,BMP2,ACVR2A,BMP2$ACVR2A,Fibroblast,0.0,0.0,1369
SGK1,BMP2,BMPR2,BMP2$BMPR2,Fibroblast,0.0,0.0,1369
SGK1,POSTN,ITGB5,POSTN$ITGB5,Fibroblast,0.0,0.0,1369
SGK1,GRN,SORT1,GRN$SORT1,Fibroblast,0.0,0.0,1369
SGK1,GUCA2A,GUCY2C,GUCA2A$GUCY2C,Fibroblast,0.0,0.0,1369
SGK1,THBS1,SDC4,THBS1$SDC4,Fibroblast,0.0,0.0,1369
SGK1,CDH1,CDH1,CDH1$CDH1,Fibroblast,0.0,0.0,1369
SGK1,F11R,F11R,F11R$F11R,Fibroblast,0.0,0.0,1369
SGK1,OCLN,OCLN,OCLN$OCLN,Fibroblast,0.0,0.0,1369
SGK1,BMP2,BMPR1A,BMP2$BMPR1A,IEC,-3.455976e-10,1.0595382e-10,5043
SGK1,BMP2,ACVR2A,BMP2$ACVR2A,IEC,-2.5251044e-08,6.250003e-09,5043
SGK1,BMP2,BMPR2,BMP2$BMPR2,IEC,-3.514472e-08,8.244295e-09,5043
SGK1,POSTN,ITGB5,POSTN$ITGB5,IEC,1.6562803e-11,8.444917e-12,5043
SGK1,GRN,SORT1,GRN$SORT1,IEC,-7.202694e-09,2.4156657e-09,5043
SGK1,GUCA2A,GUCY2C,GUCA2A$GUCY2C,IEC,-4.1509188e-07,1.9027357e-08,5043
SGK1,THBS1,SDC4,THBS1$SDC4,IEC,1.14909176e-08,6.6073884e-09,5043
SGK1,CDH1,CDH1,CDH1$CDH1,IEC,2.2108082e-07,1.1666012e-07,5043
SGK1,F11R,F11R,F11R$F11R,IEC,2.9182561e-07,1.0837831e-07,5043
SGK1,OCLN,OCLN,OCLN$OCLN,IEC,5.1807394e-09,4.775519e-10,5043
SGK1,BMP2,BMPR1A,BMP2$BMPR1A,MAST,0.0,0.0,131
SGK1,BMP2,ACVR2A,BMP2$ACVR2A,MAST,0.0,0.0,131
SGK1,BMP2,BMPR2,BMP2$BMPR2,MAST,0.0,0.0,131
SGK1,POSTN,ITGB5,POSTN$ITGB5,MAST,0.0,0.0,131
SGK1,GRN,SORT1,GRN$SORT1,MAST,0.0,0.0,131
SGK1,GUCA2A,GUCY2C,GUCA2A$GUCY2C,MAST,0.0,0.0,131
SGK1,THBS1,SDC4,THBS1$SDC4,MAST,0.0,0.0,131
SGK1,CDH1,CDH1,CDH1$CDH1,MAST,0.0,0.0,131
SGK1,F11R,F11R,F11R$F11R,MAST,0.0,0.0,131
SGK1,OCLN,OCLN,OCLN$OCLN,MAST,0.0,0.0,131
SGK1,BMP2,BMPR1A,BMP2$BMPR1A,MNP,0.0,0.0,505
SGK1,BMP2,ACVR2A,BMP2$ACVR2A,MNP,0.0,0.0,505
SGK1,BMP2,BMPR2,BMP2$BMPR2,MNP,0.0,0.0,505
SGK1,POSTN,ITGB5,POSTN$ITGB5,MNP,0.0,0.0,505
SGK1,GRN,SORT1,GRN$SORT1,MNP,0.0,0.0,505
SGK1,GUCA2A,GUCY2C,GUCA2A$GUCY2C,MNP,0.0,0.0,505
SGK1,THBS1,SDC4,THBS1$SDC4,MNP,0.0,0.0,505
SGK1,CDH1,CDH1,CDH1$CDH1,MNP,0.0,0.0,505
SGK1,F11R,F11R,F11R$F11R,MNP,0.0,0.0,505
SGK1,OCLN,OCLN,OCLN$OCLN,MNP,0.0,0.0,505
SGK1,BMP2,BMPR1A,BMP2$BMPR1A,Muscularis_mucosa,0.0,0.0,83
SGK1,BMP2,ACVR2A,BMP2$ACVR2A,Muscularis_mucosa,0.0,0.0,83
SGK1,BMP2,BMPR2,BMP2$BMPR2,Muscularis_mucosa,0.0,0.0,83
SGK1,POSTN,ITGB5,POSTN$ITGB5,Muscularis_mucosa,0.0,0.0,83
SGK1,GRN,SORT1,GRN$SORT1,Muscularis_mucosa,0.0,0.0,83
SGK1,GUCA2A,GUCY2C,GUCA2A$GUCY2C,Muscularis_mucosa,0.0,0.0,83
SGK1,THBS1,SDC4,THBS1$SDC4,Muscularis_mucosa,0.0,0.0,83
SGK1,CDH1,CDH1,CDH1$CDH1,Muscularis_mucosa,0.0,0.0,83
SGK1,F11R,F11R,F11R$F11R,Muscularis_mucosa,0.0,0.0,83
SGK1,OCLN,OCLN,OCLN$OCLN,Muscularis_mucosa,0.0,0.0,83
SGK1,BMP2,BMPR1A,BMP2$BMPR1A,Myofibroblast,0.0,0.0,353
SGK1,BMP2,ACVR2A,BMP2$ACVR2A,Myofibroblast,0.0,0.0,353
SGK1,BMP2,BMPR2,BMP2$BMPR2,Myofibroblast,0.0,0.0,353
SGK1,POSTN,ITGB5,POSTN$ITGB5,Myofibroblast,0.0,0.0,353
SGK1,GRN,SORT1,GRN$SORT1,Myofibroblast,0.0,0.0,353
SGK1,GUCA2A,GUCY2C,GUCA2A$GUCY2C,Myofibroblast,0.0,0.0,353
SGK1,THBS1,SDC4,THBS1$SDC4,Myofibroblast,0.0,0.0,353
SGK1,CDH1,CDH1,CDH1$CDH1,Myofibroblast,0.0,0.0,353
SGK1,F11R,F11R,F11R$F11R,Myofibroblast,0.0,0.0,353
SGK1,OCLN,OCLN,OCLN$OCLN,Myofibroblast,0.0,0.0,353
SGK1,BMP2,BMPR1A,BMP2$BMPR1A,Pericyte,0.0,0.0,77
SGK1,BMP2,ACVR2A,BMP2$ACVR2A,Pericyte,0.0,0.0,77
SGK1,BMP2,BMPR2,BMP2$BMPR2,Pericyte,0.0,0.0,77
SGK1,POSTN,ITGB5,POSTN$ITGB5,Pericyte,0.0,0.0,77
SGK1,GRN,SORT1,GRN$SORT1,Pericyte,0.0,0.0,77
SGK1,GUCA2A,GUCY2C,GUCA2A$GUCY2C,Pericyte,0.0,0.0,77
SGK1,THBS1,SDC4,THBS1$SDC4,Pericyte,0.0,0.0,77
SGK1,CDH1,CDH1,CDH1$CDH1,Pericyte,0.0,0.0,77
SGK1,F11R,F11R,F11R$F11R,Pericyte,0.0,0.0,77
SGK1,OCLN,OCLN,OCLN$OCLN,Pericyte,0.0,0.0,77
SGK1,BMP2,BMPR1A,BMP2$BMPR1A,Plasma,0.0,0.0,1312
SGK1,BMP2,ACVR2A,BMP2$ACVR2A,Plasma,0.0,0.0,1312
SGK1,BMP2,BMPR2,BMP2$BMPR2,Plasma,0.0,0.0,1312
SGK1,POSTN,ITGB5,POSTN$ITGB5,Plasma,0.0,0.0,1312
SGK1,GRN,SORT1,GRN$SORT1,Plasma,0.0,0.0,1312
SGK1,GUCA2A,GUCY2C,GUCA2A$GUCY2C,Plasma,0.0,0.0,1312
SGK1,THBS1,SDC4,THBS1$SDC4,Plasma,0.0,0.0,1312
SGK1,CDH1,CDH1,CDH1$CDH1,Plasma,0.0,0.0,1312
SGK1,F11R,F11R,F11R$F11R,Plasma,0.0,0.0,1312
SGK1,OCLN,OCLN,OCLN$OCLN,Plasma,0.0,0.0,1312
SGK1,BMP2,BMPR1A,BMP2$BMPR1A,T,0.0,0.0,526
SGK1,BMP2,ACVR2A,BMP2$ACVR2A,T,0.0,0.0,526
SGK1,BMP2,BMPR2,BMP2$BMPR2,T,0.0,0.0,526
SGK1,POSTN,ITGB5,POSTN$ITGB5,T,0.0,0.0,526
SGK1,GRN,SORT1,GRN$SORT1,T,0.0,0.0,526
SGK1,GUCA2A,GUCY2C,GUCA2A$GUCY2C,T,0.0,0.0,526
SGK1,THBS1,SDC4,THBS1$SDC4,T,0.0,0.0,526
SGK1,CDH1,CDH1,CDH1$CDH1,T,0.0,0.0,526
SGK1,F11R,F11R,F11R$F11R,T,0.0,0.0,526
SGK1,OCLN,OCLN,OCLN$OCLN,T,0.0,0.0,526
SLC9A3,TGFB1,TGFBR2,TGFB1$TGFBR2,Endothelial,0.0,0.0,243
SLC9A3,TGFB1,ACVR1B,TGFB1$ACVR1B,Endothelial,0.0,0.0,243
SLC9A3,TGFB3,ACVR1B,TGFB3$ACVR1B,Endothelial,0.0,0.0,243
SLC9A3,BMP2,BMPR1A,BMP2$BMPR1A,Endothelial,0.0,0.0,243
SLC9A3,BMP2,ACVR2A,BMP2$ACVR2A,Endothelial,0.0,0.0,243
SLC9A3,BMP2,BMPR2,BMP2$BMPR2,Endothelial,0.0,0.0,243
SLC9A3,BMP4,BMPR1A,BMP4$BMPR1A,Endothelial,0.0,0.0,243
SLC9A3,BMP4,ACVR2A,BMP4$ACVR2A,Endothelial,0.0,0.0,243
SLC9A3,BMP4,BMPR2,BMP4$BMPR2,Endothelial,0.0,0.0,243
SLC9A3,GDF7,BMPR2,GDF7$BMPR2,Endothelial,0.0,0.0,243
SLC9A3,BMP6,ACVR2A,BMP6$ACVR2A,Endothelial,0.0,0.0,243
SLC9A3,BMP6,BMPR2,BMP6$BMPR2,Endothelial,0.0,0.0,243
SLC9A3,BMP6,BMPR1A,BMP6$BMPR1A,Endothelial,0.0,0.0,243
SLC9A3,BMP7,BMPR2,BMP7$BMPR2,Endothelial,0.0,0.0,243
SLC9A3,BMP8A,ACVR2A,BMP8A$ACVR2A,Endothelial,0.0,0.0,243
SLC9A3,BMP8A,BMPR2,BMP8A$BMPR2,Endothelial,0.0,0.0,243
SLC9A3,BMP8A,BMPR1A,BMP8A$BMPR1A,Endothelial,0.0,0.0,243
SLC9A3,BMP8B,ACVR2A,BMP8B$ACVR2A,Endothelial,0.0,0.0,243
SLC9A3,BMP8B,BMPR2,BMP8B$BMPR2,Endothelial,0.0,0.0,243
SLC9A3,GDF2,ACVRL1,GDF2$ACVRL1,Endothelial,0.0,0.0,243
SLC9A3,GDF11,ACVR1B,GDF11$ACVR1B,Endothelial,0.0,0.0,243
SLC9A3,GDF15,TGFBR2,GDF15$TGFBR2,Endothelial,0.0,0.0,243
SLC9A3,MSTN,ACVR1B,MSTN$ACVR1B,Endothelial,0.0,0.0,243
SLC9A3,INHBA,ACVR1B,INHBA$ACVR1B,Endothelial,0.0,0.0,243
SLC9A3,EGF,EGFR,EGF$EGFR,Endothelial,0.0,0.0,243
SLC9A3,TGFA,EGFR,TGFA$EGFR,Endothelial,0.0,0.0,243
SLC9A3,TGFA,ERBB2,TGFA$ERBB2,Endothelial,0.0,0.0,243
SLC9A3,HBEGF,EGFR,HBEGF$EGFR,Endothelial,0.0,0.0,243
SLC9A3,HBEGF,ERBB2,HBEGF$ERBB2,Endothelial,0.0,0.0,243
SLC9A3,EREG,EGFR,EREG$EGFR,Endothelial,0.0,0.0,243
SLC9A3,EREG,ERBB2,EREG$ERBB2,Endothelial,0.0,0.0,243
SLC9A3,FGF7,FGFR2,FGF7$FGFR2,Endothelial,0.0,0.0,243
SLC9A3,FGF9,FGFR4,FGF9$FGFR4,Endothelial,0.0,0.0,243
SLC9A3,PDGFA,PDGFRA,PDGFA$PDGFRA,Endothelial,0.0,0.0,243
SLC9A3,PDGFC,PDGFRA,PDGFC$PDGFRA,Endothelial,0.0,0.0,243
SLC9A3,IGF1,ITGA6,IGF1$ITGA6,Endothelial,0.0,0.0,243
SLC9A3,IGF1,ITGB4,IGF1$ITGB4,Endothelial,0.0,0.0,243
SLC9A3,IHH,PTCH1,IHH$PTCH1,Endothelial,0.0,0.0,243
SLC9A3,CCL15,CCR1,CCL15$CCR1,Endothelial,0.0,0.0,243
SLC9A3,CXCL12,ACKR3,CXCL12$ACKR3,Endothelial,0.0,0.0,243
SLC9A3,IL2,IL2RG,IL2$IL2RG,Endothelial,0.0,0.0,243
SLC9A3,IL7,IL2RG,IL7$IL2RG,Endothelial,0.0,0.0,243
SLC9A3,IL9,IL2RG,IL9$IL2RG,Endothelial,0.0,0.0,243
SLC9A3,IL15,IL2RG,IL15$IL2RG,Endothelial,0.0,0.0,243
SLC9A3,IL21,IL2RG,IL21$IL2RG,Endothelial,0.0,0.0,243
SLC9A3,IL4,IL13RA1,IL4$IL13RA1,Endothelial,0.0,0.0,243
SLC9A3,LIF,IL6ST,LIF$IL6ST,Endothelial,0.0,0.0,243
SLC9A3,IL10,IL10RB,IL10$IL10RB,Endothelial,0.0,0.0,243
SLC9A3,IL24,IL22RA1,IL24$IL22RA1,Endothelial,0.0,0.0,243
SLC9A3,IL26,IL10RB,IL26$IL10RB,Endothelial,0.0,0.0,243
SLC9A3,IL18,IL18R1,IL18$IL18R1,Endothelial,0.0,0.0,243
SLC9A3,IFNG,IFNGR1,IFNG$IFNGR1,Endothelial,0.0,0.0,243
SLC9A3,LTB,LTBR,LTB$LTBR,Endothelial,0.0,0.0,243
SLC9A3,TNFSF14,LTBR,TNFSF14$LTBR,Endothelial,0.0,0.0,243
SLC9A3,FASLG,FAS,FASLG$FAS,Endothelial,0.0,0.0,243
SLC9A3,TNFSF10,TNFRSF10A,TNFSF10$TNFRSF10A,Endothelial,0.0,0.0,243
SLC9A3,ANGPTL4,SDC4,ANGPTL4$SDC4,Endothelial,0.0,0.0,243
SLC9A3,POSTN,ITGAV,POSTN$ITGAV,Endothelial,0.0,0.0,243
SLC9A3,POSTN,ITGB3,POSTN$ITGB3,Endothelial,0.0,0.0,243
SLC9A3,POSTN,ITGB5,POSTN$ITGB5,Endothelial,0.0,0.0,243
SLC9A3,PLG,F2RL1,PLG$F2RL1,Endothelial,0.0,0.0,243
SLC9A3,GZMA,F2RL1,GZMA$F2RL1,Endothelial,0.0,0.0,243
SLC9A3,VIP,VIPR1,VIP$VIPR1,Endothelial,0.0,0.0,243
SLC9A3,ADM,CALCR,ADM$CALCR,Endothelial,0.0,0.0,243
SLC9A3,GAS6,AXL,GAS6$AXL,Endothelial,0.0,0.0,243
SLC9A3,GAS6,MERTK,GAS6$MERTK,Endothelial,0.0,0.0,243
SLC9A3,GAS6,TYRO3,GAS6$TYRO3,Endothelial,0.0,0.0,243
SLC9A3,GRN,SORT1,GRN$SORT1,Endothelial,0.0,0.0,243
SLC9A3,GUCA2A,GUCY2C,GUCA2A$GUCY2C,Endothelial,0.0,0.0,243
SLC9A3,BTLA,TNFRSF14,BTLA$TNFRSF14,Endothelial,0.0,0.0,243
SLC9A3,LGALS9,CD44,LGALS9$CD44,Endothelial,0.0,0.0,243
SLC9A3,LAMA3,ITGA3,LAMA3$ITGA3,Endothelial,0.0,0.0,243
SLC9A3,LAMB3,ITGA3,LAMB3$ITGA3,Endothelial,0.0,0.0,243
SLC9A3,LAMC1,ITGA3,LAMC1$ITGA3,Endothelial,0.0,0.0,243
SLC9A3,LAMC2,ITGA3,LAMC2$ITGA3,Endothelial,0.0,0.0,243
SLC9A3,THBS1,ITGA3,THBS1$ITGA3,Endothelial,0.0,0.0,243
SLC9A3,COL4A1,ITGA3,COL4A1$ITGA3,Endothelial,0.0,0.0,243
SLC9A3,COL6A2,ITGA3,COL6A2$ITGA3,Endothelial,0.0,0.0,243
SLC9A3,LAMA3,ITGA6,LAMA3$ITGA6,Endothelial,0.0,0.0,243
SLC9A3,LAMB3,ITGA6,LAMB3$ITGA6,Endothelial,0.0,0.0,243
SLC9A3,LAMC2,ITGA6,LAMC2$ITGA6,Endothelial,0.0,0.0,243
SLC9A3,THBS1,ITGAV,THBS1$ITGAV,Endothelial,0.0,0.0,243
SLC9A3,LAMB3,ITGAV,LAMB3$ITGAV,Endothelial,0.0,0.0,243
SLC9A3,LAMA3,ITGB4,LAMA3$ITGB4,Endothelial,0.0,0.0,243
SLC9A3,LAMB3,ITGB4,LAMB3$ITGB4,Endothelial,0.0,0.0,243
SLC9A3,LAMC1,ITGB4,LAMC1$ITGB4,Endothelial,0.0,0.0,243
SLC9A3,LAMC2,ITGB4,LAMC2$ITGB4,Endothelial,0.0,0.0,243
SLC9A3,COL6A2,SDC4,COL6A2$SDC4,Endothelial,0.0,0.0,243
SLC9A3,THBS1,SDC4,THBS1$SDC4,Endothelial,0.0,0.0,243
SLC9A3,THBS1,CD47,THBS1$CD47,Endothelial,0.0,0.0,243
SLC9A3,LAMA3,DAG1,LAMA3$DAG1,Endothelial,0.0,0.0,243
SLC9A3,LAMB3,DAG1,LAMB3$DAG1,Endothelial,0.0,0.0,243
SLC9A3,CD46,JAG1,CD46$JAG1,Endothelial,0.0,0.0,243
SLC9A3,CD99,CD99,CD99$CD99,Endothelial,0.0,0.0,243
SLC9A3,CDH1,CDH1,CDH1$CDH1,Endothelial,0.0,0.0,243
SLC9A3,CDH1,ITGA2,CDH1$ITGA2,Endothelial,0.0,0.0,243
SLC9A3,CDH1,KLRG1,CDH1$KLRG1,Endothelial,0.0,0.0,243
SLC9A3,F11R,ITGAL,F11R$ITGAL,Endothelial,0.0,0.0,243
SLC9A3,F11R,F11R,F11R$F11R,Endothelial,0.0,0.0,243
SLC9A3,MPZL1,MPZL1,MPZL1$MPZL1,Endothelial,0.0,0.0,243
SLC9A3,JAG1,NOTCH2,JAG1$NOTCH2,Endothelial,0.0,0.0,243
SLC9A3,OCLN,OCLN,OCLN$OCLN,Endothelial,0.0,0.0,243
SLC9A3,SEMA4D,PLXNB2,SEMA4D$PLXNB2,Endothelial,0.0,0.0,243
SLC9A3,TGFB1,TGFBR2,TGFB1$TGFBR2,Enteric_glia,0.0,0.0,283
SLC9A3,TGFB1,ACVR1B,TGFB1$ACVR1B,Enteric_glia,0.0,0.0,283
SLC9A3,TGFB3,ACVR1B,TGFB3$ACVR1B,Enteric_glia,0.0,0.0,283
SLC9A3,BMP2,BMPR1A,BMP2$BMPR1A,Enteric_glia,0.0,0.0,283
SLC9A3,BMP2,ACVR2A,BMP2$ACVR2A,Enteric_glia,0.0,0.0,283
SLC9A3,BMP2,BMPR2,BMP2$BMPR2,Enteric_glia,0.0,0.0,283
SLC9A3,BMP4,BMPR1A,BMP4$BMPR1A,Enteric_glia,0.0,0.0,283
SLC9A3,BMP4,ACVR2A,BMP4$ACVR2A,Enteric_glia,0.0,0.0,283
SLC9A3,BMP4,BMPR2,BMP4$BMPR2,Enteric_glia,0.0,0.0,283
SLC9A3,GDF7,BMPR2,GDF7$BMPR2,Enteric_glia,0.0,0.0,283
SLC9A3,BMP6,ACVR2A,BMP6$ACVR2A,Enteric_glia,0.0,0.0,283
SLC9A3,BMP6,BMPR2,BMP6$BMPR2,Enteric_glia,0.0,0.0,283
SLC9A3,BMP6,BMPR1A,BMP6$BMPR1A,Enteric_glia,0.0,0.0,283
SLC9A3,BMP7,BMPR2,BMP7$BMPR2,Enteric_glia,0.0,0.0,283
SLC9A3,BMP8A,ACVR2A,BMP8A$ACVR2A,Enteric_glia,0.0,0.0,283
SLC9A3,BMP8A,BMPR2,BMP8A$BMPR2,Enteric_glia,0.0,0.0,283
SLC9A3,BMP8A,BMPR1A,BMP8A$BMPR1A,Enteric_glia,0.0,0.0,283
SLC9A3,BMP8B,ACVR2A,BMP8B$ACVR2A,Enteric_glia,0.0,0.0,283
SLC9A3,BMP8B,BMPR2,BMP8B$BMPR2,Enteric_glia,0.0,0.0,283
SLC9A3,GDF2,ACVRL1,GDF2$ACVRL1,Enteric_glia,0.0,0.0,283
SLC9A3,GDF11,ACVR1B,GDF11$ACVR1B,Enteric_glia,0.0,0.0,283
SLC9A3,GDF15,TGFBR2,GDF15$TGFBR2,Enteric_glia,0.0,0.0,283
SLC9A3,MSTN,ACVR1B,MSTN$ACVR1B,Enteric_glia,0.0,0.0,283
SLC9A3,INHBA,ACVR1B,INHBA$ACVR1B,Enteric_glia,0.0,0.0,283
SLC9A3,EGF,EGFR,EGF$EGFR,Enteric_glia,0.0,0.0,283
SLC9A3,TGFA,EGFR,TGFA$EGFR,Enteric_glia,0.0,0.0,283
SLC9A3,TGFA,ERBB2,TGFA$ERBB2,Enteric_glia,0.0,0.0,283
SLC9A3,HBEGF,EGFR,HBEGF$EGFR,Enteric_glia,0.0,0.0,283
SLC9A3,HBEGF,ERBB2,HBEGF$ERBB2,Enteric_glia,0.0,0.0,283
SLC9A3,EREG,EGFR,EREG$EGFR,Enteric_glia,0.0,0.0,283
SLC9A3,EREG,ERBB2,EREG$ERBB2,Enteric_glia,0.0,0.0,283
SLC9A3,FGF7,FGFR2,FGF7$FGFR2,Enteric_glia,0.0,0.0,283
SLC9A3,FGF9,FGFR4,FGF9$FGFR4,Enteric_glia,0.0,0.0,283
SLC9A3,PDGFA,PDGFRA,PDGFA$PDGFRA,Enteric_glia,0.0,0.0,283
SLC9A3,PDGFC,PDGFRA,PDGFC$PDGFRA,Enteric_glia,0.0,0.0,283
SLC9A3,IGF1,ITGA6,IGF1$ITGA6,Enteric_glia,0.0,0.0,283
SLC9A3,IGF1,ITGB4,IGF1$ITGB4,Enteric_glia,0.0,0.0,283
SLC9A3,IHH,PTCH1,IHH$PTCH1,Enteric_glia,0.0,0.0,283
SLC9A3,CCL15,CCR1,CCL15$CCR1,Enteric_glia,0.0,0.0,283
SLC9A3,CXCL12,ACKR3,CXCL12$ACKR3,Enteric_glia,0.0,0.0,283
SLC9A3,IL2,IL2RG,IL2$IL2RG,Enteric_glia,0.0,0.0,283
SLC9A3,IL7,IL2RG,IL7$IL2RG,Enteric_glia,0.0,0.0,283
SLC9A3,IL9,IL2RG,IL9$IL2RG,Enteric_glia,0.0,0.0,283
SLC9A3,IL15,IL2RG,IL15$IL2RG,Enteric_glia,0.0,0.0,283
SLC9A3,IL21,IL2RG,IL21$IL2RG,Enteric_glia,0.0,0.0,283
SLC9A3,IL4,IL13RA1,IL4$IL13RA1,Enteric_glia,0.0,0.0,283
SLC9A3,LIF,IL6ST,LIF$IL6ST,Enteric_glia,0.0,0.0,283
SLC9A3,IL10,IL10RB,IL10$IL10RB,Enteric_glia,0.0,0.0,283
SLC9A3,IL24,IL22RA1,IL24$IL22RA1,Enteric_glia,0.0,0.0,283
SLC9A3,IL26,IL10RB,IL26$IL10RB,Enteric_glia,0.0,0.0,283
SLC9A3,IL18,IL18R1,IL18$IL18R1,Enteric_glia,0.0,0.0,283
SLC9A3,IFNG,IFNGR1,IFNG$IFNGR1,Enteric_glia,0.0,0.0,283
SLC9A3,LTB,LTBR,LTB$LTBR,Enteric_glia,0.0,0.0,283
SLC9A3,TNFSF14,LTBR,TNFSF14$LTBR,Enteric_glia,0.0,0.0,283
SLC9A3,FASLG,FAS,FASLG$FAS,Enteric_glia,0.0,0.0,283
SLC9A3,TNFSF10,TNFRSF10A,TNFSF10$TNFRSF10A,Enteric_glia,0.0,0.0,283
SLC9A3,ANGPTL4,SDC4,ANGPTL4$SDC4,Enteric_glia,0.0,0.0,283
SLC9A3,POSTN,ITGAV,POSTN$ITGAV,Enteric_glia,0.0,0.0,283
SLC9A3,POSTN,ITGB3,POSTN$ITGB3,Enteric_glia,0.0,0.0,283
SLC9A3,POSTN,ITGB5,POSTN$ITGB5,Enteric_glia,0.0,0.0,283
SLC9A3,PLG,F2RL1,PLG$F2RL1,Enteric_glia,0.0,0.0,283
SLC9A3,GZMA,F2RL1,GZMA$F2RL1,Enteric_glia,0.0,0.0,283
SLC9A3,VIP,VIPR1,VIP$VIPR1,Enteric_glia,0.0,0.0,283
SLC9A3,ADM,CALCR,ADM$CALCR,Enteric_glia,0.0,0.0,283
SLC9A3,GAS6,AXL,GAS6$AXL,Enteric_glia,0.0,0.0,283
SLC9A3,GAS6,MERTK,GAS6$MERTK,Enteric_glia,0.0,0.0,283
SLC9A3,GAS6,TYRO3,GAS6$TYRO3,Enteric_glia,0.0,0.0,283
SLC9A3,GRN,SORT1,GRN$SORT1,Enteric_glia,0.0,0.0,283
SLC9A3,GUCA2A,GUCY2C,GUCA2A$GUCY2C,Enteric_glia,0.0,0.0,283
SLC9A3,BTLA,TNFRSF14,BTLA$TNFRSF14,Enteric_glia,0.0,0.0,283
SLC9A3,LGALS9,CD44,LGALS9$CD44,Enteric_glia,0.0,0.0,283
SLC9A3,LAMA3,ITGA3,LAMA3$ITGA3,Enteric_glia,0.0,0.0,283
SLC9A3,LAMB3,ITGA3,LAMB3$ITGA3,Enteric_glia,0.0,0.0,283
SLC9A3,LAMC1,ITGA3,LAMC1$ITGA3,Enteric_glia,0.0,0.0,283
SLC9A3,LAMC2,ITGA3,LAMC2$ITGA3,Enteric_glia,0.0,0.0,283
SLC9A3,THBS1,ITGA3,THBS1$ITGA3,Enteric_glia,0.0,0.0,283
SLC9A3,COL4A1,ITGA3,COL4A1$ITGA3,Enteric_glia,0.0,0.0,283
SLC9A3,COL6A2,ITGA3,COL6A2$ITGA3,Enteric_glia,0.0,0.0,283
SLC9A3,LAMA3,ITGA6,LAMA3$ITGA6,Enteric_glia,0.0,0.0,283
SLC9A3,LAMB3,ITGA6,LAMB3$ITGA6,Enteric_glia,0.0,0.0,283
SLC9A3,LAMC2,ITGA6,LAMC2$ITGA6,Enteric_glia,0.0,0.0,283
SLC9A3,THBS1,ITGAV,THBS1$ITGAV,Enteric_glia,0.0,0.0,283
SLC9A3,LAMB3,ITGAV,LAMB3$ITGAV,Enteric_glia,0.0,0.0,283
SLC9A3,LAMA3,ITGB4,LAMA3$ITGB4,Enteric_glia,0.0,0.0,283
SLC9A3,LAMB3,ITGB4,LAMB3$ITGB4,Enteric_glia,0.0,0.0,283
SLC9A3,LAMC1,ITGB4,LAMC1$ITGB4,Enteric_glia,0.0,0.0,283
SLC9A3,LAMC2,ITGB4,LAMC2$ITGB4,Enteric_glia,0.0,0.0,283
SLC9A3,COL6A2,SDC4,COL6A2$SDC4,Enteric_glia,0.0,0.0,283
SLC9A3,THBS1,SDC4,THBS1$SDC4,Enteric_glia,0.0,0.0,283
SLC9A3,THBS1,CD47,THBS1$CD47,Enteric_glia,0.0,0.0,283
SLC9A3,LAMA3,DAG1,LAMA3$DAG1,Enteric_glia,0.0,0.0,283
SLC9A3,LAMB3,DAG1,LAMB3$DAG1,Enteric_glia,0.0,0.0,283
SLC9A3,CD46,JAG1,CD46$JAG1,Enteric_glia,0.0,0.0,283
SLC9A3,CD99,CD99,CD99$CD99,Enteric_glia,0.0,0.0,283
SLC9A3,CDH1,CDH1,CDH1$CDH1,Enteric_glia,0.0,0.0,283
SLC9A3,CDH1,ITGA2,CDH1$ITGA2,Enteric_glia,0.0,0.0,283
SLC9A3,CDH1,KLRG1,CDH1$KLRG1,Enteric_glia,0.0,0.0,283
SLC9A3,F11R,ITGAL,F11R$ITGAL,Enteric_glia,0.0,0.0,283
SLC9A3,F11R,F11R,F11R$F11R,Enteric_glia,0.0,0.0,283
SLC9A3,MPZL1,MPZL1,MPZL1$MPZL1,Enteric_glia,0.0,0.0,283
SLC9A3,JAG1,NOTCH2,JAG1$NOTCH2,Enteric_glia,0.0,0.0,283
SLC9A3,OCLN,OCLN,OCLN$OCLN,Enteric_glia,0.0,0.0,283
SLC9A3,SEMA4D,PLXNB2,SEMA4D$PLXNB2,Enteric_glia,0.0,0.0,283
SLC9A3,TGFB1,TGFBR2,TGFB1$TGFBR2,Fibroblast,0.0,0.0,1369
SLC9A3,TGFB1,ACVR1B,TGFB1$ACVR1B,Fibroblast,0.0,0.0,1369
SLC9A3,TGFB3,ACVR1B,TGFB3$ACVR1B,Fibroblast,0.0,0.0,1369
SLC9A3,BMP2,BMPR1A,BMP2$BMPR1A,Fibroblast,0.0,0.0,1369
SLC9A3,BMP2,ACVR2A,BMP2$ACVR2A,Fibroblast,0.0,0.0,1369
SLC9A3,BMP2,BMPR2,BMP2$BMPR2,Fibroblast,0.0,0.0,1369
SLC9A3,BMP4,BMPR1A,BMP4$BMPR1A,Fibroblast,0.0,0.0,1369
SLC9A3,BMP4,ACVR2A,BMP4$ACVR2A,Fibroblast,0.0,0.0,1369
SLC9A3,BMP4,BMPR2,BMP4$BMPR2,Fibroblast,0.0,0.0,1369
SLC9A3,GDF7,BMPR2,GDF7$BMPR2,Fibroblast,0.0,0.0,1369
SLC9A3,BMP6,ACVR2A,BMP6$ACVR2A,Fibroblast,0.0,0.0,1369
SLC9A3,BMP6,BMPR2,BMP6$BMPR2,Fibroblast,0.0,0.0,1369
SLC9A3,BMP6,BMPR1A,BMP6$BMPR1A,Fibroblast,0.0,0.0,1369
SLC9A3,BMP7,BMPR2,BMP7$BMPR2,Fibroblast,0.0,0.0,1369
SLC9A3,BMP8A,ACVR2A,BMP8A$ACVR2A,Fibroblast,0.0,0.0,1369
SLC9A3,BMP8A,BMPR2,BMP8A$BMPR2,Fibroblast,0.0,0.0,1369
SLC9A3,BMP8A,BMPR1A,BMP8A$BMPR1A,Fibroblast,0.0,0.0,1369
SLC9A3,BMP8B,ACVR2A,BMP8B$ACVR2A,Fibroblast,0.0,0.0,1369
SLC9A3,BMP8B,BMPR2,BMP8B$BMPR2,Fibroblast,0.0,0.0,1369
SLC9A3,GDF2,ACVRL1,GDF2$ACVRL1,Fibroblast,0.0,0.0,1369
SLC9A3,GDF11,ACVR1B,GDF11$ACVR1B,Fibroblast,0.0,0.0,1369
SLC9A3,GDF15,TGFBR2,GDF15$TGFBR2,Fibroblast,0.0,0.0,1369
SLC9A3,MSTN,ACVR1B,MSTN$ACVR1B,Fibroblast,0.0,0.0,1369
SLC9A3,INHBA,ACVR1B,INHBA$ACVR1B,Fibroblast,0.0,0.0,1369
SLC9A3,EGF,EGFR,EGF$EGFR,Fibroblast,0.0,0.0,1369
SLC9A3,TGFA,EGFR,TGFA$EGFR,Fibroblast,0.0,0.0,1369
SLC9A3,TGFA,ERBB2,TGFA$ERBB2,Fibroblast,0.0,0.0,1369
SLC9A3,HBEGF,EGFR,HBEGF$EGFR,Fibroblast,0.0,0.0,1369
SLC9A3,HBEGF,ERBB2,HBEGF$ERBB2,Fibroblast,0.0,0.0,1369
SLC9A3,EREG,EGFR,EREG$EGFR,Fibroblast,0.0,0.0,1369
SLC9A3,EREG,ERBB2,EREG$ERBB2,Fibroblast,0.0,0.0,1369
SLC9A3,FGF7,FGFR2,FGF7$FGFR2,Fibroblast,0.0,0.0,1369
SLC9A3,FGF9,FGFR4,FGF9$FGFR4,Fibroblast,0.0,0.0,1369
SLC9A3,PDGFA,PDGFRA,PDGFA$PDGFRA,Fibroblast,0.0,0.0,1369
SLC9A3,PDGFC,PDGFRA,PDGFC$PDGFRA,Fibroblast,0.0,0.0,1369
SLC9A3,IGF1,ITGA6,IGF1$ITGA6,Fibroblast,0.0,0.0,1369
SLC9A3,IGF1,ITGB4,IGF1$ITGB4,Fibroblast,0.0,0.0,1369
SLC9A3,IHH,PTCH1,IHH$PTCH1,Fibroblast,0.0,0.0,1369
SLC9A3,CCL15,CCR1,CCL15$CCR1,Fibroblast,0.0,0.0,1369
SLC9A3,CXCL12,ACKR3,CXCL12$ACKR3,Fibroblast,0.0,0.0,1369
SLC9A3,IL2,IL2RG,IL2$IL2RG,Fibroblast,0.0,0.0,1369
SLC9A3,IL7,IL2RG,IL7$IL2RG,Fibroblast,0.0,0.0,1369
SLC9A3,IL9,IL2RG,IL9$IL2RG,Fibroblast,0.0,0.0,1369
SLC9A3,IL15,IL2RG,IL15$IL2RG,Fibroblast,0.0,0.0,1369
SLC9A3,IL21,IL2RG,IL21$IL2RG,Fibroblast,0.0,0.0,1369
SLC9A3,IL4,IL13RA1,IL4$IL13RA1,Fibroblast,0.0,0.0,1369
SLC9A3,LIF,IL6ST,LIF$IL6ST,Fibroblast,0.0,0.0,1369
SLC9A3,IL10,IL10RB,IL10$IL10RB,Fibroblast,0.0,0.0,1369
SLC9A3,IL24,IL22RA1,IL24$IL22RA1,Fibroblast,0.0,0.0,1369
SLC9A3,IL26,IL10RB,IL26$IL10RB,Fibroblast,0.0,0.0,1369
SLC9A3,IL18,IL18R1,IL18$IL18R1,Fibroblast,0.0,0.0,1369
SLC9A3,IFNG,IFNGR1,IFNG$IFNGR1,Fibroblast,0.0,0.0,1369
SLC9A3,LTB,LTBR,LTB$LTBR,Fibroblast,0.0,0.0,1369
SLC9A3,TNFSF14,LTBR,TNFSF14$LTBR,Fibroblast,0.0,0.0,1369
SLC9A3,FASLG,FAS,FASLG$FAS,Fibroblast,0.0,0.0,1369
SLC9A3,TNFSF10,TNFRSF10A,TNFSF10$TNFRSF10A,Fibroblast,0.0,0.0,1369
SLC9A3,ANGPTL4,SDC4,ANGPTL4$SDC4,Fibroblast,0.0,0.0,1369
SLC9A3,POSTN,ITGAV,POSTN$ITGAV,Fibroblast,0.0,0.0,1369
SLC9A3,POSTN,ITGB3,POSTN$ITGB3,Fibroblast,0.0,0.0,1369
SLC9A3,POSTN,ITGB5,POSTN$ITGB5,Fibroblast,0.0,0.0,1369
SLC9A3,PLG,F2RL1,PLG$F2RL1,Fibroblast,0.0,0.0,1369
SLC9A3,GZMA,F2RL1,GZMA$F2RL1,Fibroblast,0.0,0.0,1369
SLC9A3,VIP,VIPR1,VIP$VIPR1,Fibroblast,0.0,0.0,1369
SLC9A3,ADM,CALCR,ADM$CALCR,Fibroblast,0.0,0.0,1369
SLC9A3,GAS6,AXL,GAS6$AXL,Fibroblast,0.0,0.0,1369
SLC9A3,GAS6,MERTK,GAS6$MERTK,Fibroblast,0.0,0.0,1369
SLC9A3,GAS6,TYRO3,GAS6$TYRO3,Fibroblast,0.0,0.0,1369
SLC9A3,GRN,SORT1,GRN$SORT1,Fibroblast,0.0,0.0,1369
SLC9A3,GUCA2A,GUCY2C,GUCA2A$GUCY2C,Fibroblast,0.0,0.0,1369
SLC9A3,BTLA,TNFRSF14,BTLA$TNFRSF14,Fibroblast,0.0,0.0,1369
SLC9A3,LGALS9,CD44,LGALS9$CD44,Fibroblast,0.0,0.0,1369
SLC9A3,LAMA3,ITGA3,LAMA3$ITGA3,Fibroblast,0.0,0.0,1369
SLC9A3,LAMB3,ITGA3,LAMB3$ITGA3,Fibroblast,0.0,0.0,1369
SLC9A3,LAMC1,ITGA3,LAMC1$ITGA3,Fibroblast,0.0,0.0,1369
SLC9A3,LAMC2,ITGA3,LAMC2$ITGA3,Fibroblast,0.0,0.0,1369
SLC9A3,THBS1,ITGA3,THBS1$ITGA3,Fibroblast,0.0,0.0,1369
SLC9A3,COL4A1,ITGA3,COL4A1$ITGA3,Fibroblast,0.0,0.0,1369
SLC9A3,COL6A2,ITGA3,COL6A2$ITGA3,Fibroblast,0.0,0.0,1369
SLC9A3,LAMA3,ITGA6,LAMA3$ITGA6,Fibroblast,0.0,0.0,1369
SLC9A3,LAMB3,ITGA6,LAMB3$ITGA6,Fibroblast,0.0,0.0,1369
SLC9A3,LAMC2,ITGA6,LAMC2$ITGA6,Fibroblast,0.0,0.0,1369
SLC9A3,THBS1,ITGAV,THBS1$ITGAV,Fibroblast,0.0,0.0,1369
SLC9A3,LAMB3,ITGAV,LAMB3$ITGAV,Fibroblast,0.0,0.0,1369
SLC9A3,LAMA3,ITGB4,LAMA3$ITGB4,Fibroblast,0.0,0.0,1369
SLC9A3,LAMB3,ITGB4,LAMB3$ITGB4,Fibroblast,0.0,0.0,1369
SLC9A3,LAMC1,ITGB4,LAMC1$ITGB4,Fibroblast,0.0,0.0,1369
SLC9A3,LAMC2,ITGB4,LAMC2$ITGB4,Fibroblast,0.0,0.0,1369
SLC9A3,COL6A2,SDC4,COL6A2$SDC4,Fibroblast,0.0,0.0,1369
SLC9A3,THBS1,SDC4,THBS1$SDC4,Fibroblast,0.0,0.0,1369
SLC9A3,THBS1,CD47,THBS1$CD47,Fibroblast,0.0,0.0,1369
SLC9A3,LAMA3,DAG1,LAMA3$DAG1,Fibroblast,0.0,0.0,1369
SLC9A3,LAMB3,DAG1,LAMB3$DAG1,Fibroblast,0.0,0.0,1369
SLC9A3,CD46,JAG1,CD46$JAG1,Fibroblast,0.0,0.0,1369
SLC9A3,CD99,CD99,CD99$CD99,Fibroblast,0.0,0.0,1369
SLC9A3,CDH1,CDH1,CDH1$CDH1,Fibroblast,0.0,0.0,1369
SLC9A3,CDH1,ITGA2,CDH1$ITGA2,Fibroblast,0.0,0.0,1369
SLC9A3,CDH1,KLRG1,CDH1$KLRG1,Fibroblast,0.0,0.0,1369
SLC9A3,F11R,ITGAL,F11R$ITGAL,Fibroblast,0.0,0.0,1369
SLC9A3,F11R,F11R,F11R$F11R,Fibroblast,0.0,0.0,1369
SLC9A3,MPZL1,MPZL1,MPZL1$MPZL1,Fibroblast,0.0,0.0,1369
SLC9A3,JAG1,NOTCH2,JAG1$NOTCH2,Fibroblast,0.0,0.0,1369
SLC9A3,OCLN,OCLN,OCLN$OCLN,Fibroblast,0.0,0.0,1369
SLC9A3,SEMA4D,PLXNB2,SEMA4D$PLXNB2,Fibroblast,0.0,0.0,1369
SLC9A3,TGFB1,TGFBR2,TGFB1$TGFBR2,IEC,-3.0862986e-07,1.2935297e-07,5043
SLC9A3,TGFB1,ACVR1B,TGFB1$ACVR1B,IEC,1.6337364e-05,3.2034689e-06,5043
SLC9A3,TGFB3,ACVR1B,TGFB3$ACVR1B,IEC,-7.703593e-07,3.6997355e-07,5043
SLC9A3,BMP2,BMPR1A,BMP2$BMPR1A,IEC,-0.00020434002,3.5088535e-05,5043
SLC9A3,BMP2,ACVR2A,BMP2$ACVR2A,IEC,-0.00076355104,0.00021225697,5043
SLC9A3,BMP2,BMPR2,BMP2$BMPR2,IEC,0.002107278,0.0019426133,5043
SLC9A3,BMP4,BMPR1A,BMP4$BMPR1A,IEC,-0.00011352427,2.273087e-05,5043
SLC9A3,BMP4,ACVR2A,BMP4$ACVR2A,IEC,-0.00023870515,4.2280542e-05,5043
SLC9A3,BMP4,BMPR2,BMP4$BMPR2,IEC,7.451428e-05,2.8690933e-05,5043
SLC9A3,GDF7,BMPR2,GDF7$BMPR2,IEC,7.0252486e-07,2.3310258e-07,5043
SLC9A3,BMP6,ACVR2A,BMP6$ACVR2A,IEC,-0.00011115148,2.2413764e-05,5043
SLC9A3,BMP6,BMPR2,BMP6$BMPR2,IEC,1.1785744e-06,6.561138e-07,5043
SLC9A3,BMP6,BMPR1A,BMP6$BMPR1A,IEC,-5.7273086e-05,1.2217298e-05,5043
SLC9A3,BMP7,BMPR2,BMP7$BMPR2,IEC,7.7516714e-05,4.2812444e-05,5043
SLC9A3,BMP8A,ACVR2A,BMP8A$ACVR2A,IEC,-2.215364e-06,8.6344426e-07,5043
SLC9A3,BMP8A,BMPR2,BMP8A$BMPR2,IEC,0.00021966215,8.376263e-05,5043
SLC9A3,BMP8A,BMPR1A,BMP8A$BMPR1A,IEC,-1.2628884e-07,1.0721163e-08,5043
SLC9A3,BMP8B,ACVR2A,BMP8B$ACVR2A,IEC,-2.0300213e-06,7.788816e-07,5043
SLC9A3,BMP8B,BMPR2,BMP8B$BMPR2,IEC,7.048586e-05,4.9932794e-05,5043
SLC9A3,GDF2,ACVRL1,GDF2$ACVRL1,IEC,5.6351114e-06,3.8605854e-06,5043
SLC9A3,GDF11,ACVR1B,GDF11$ACVR1B,IEC,1.4206714e-06,1.1253348e-06,5043
SLC9A3,GDF15,TGFBR2,GDF15$TGFBR2,IEC,-2.1809852e-05,9.901357e-06,5043
SLC9A3,MSTN,ACVR1B,MSTN$ACVR1B,IEC,-1.3122595e-06,7.341206e-07,5043
SLC9A3,INHBA,ACVR1B,INHBA$ACVR1B,IEC,2.1565475e-07,1.2123724e-07,5043
SLC9A3,EGF,EGFR,EGF$EGFR,IEC,7.467071e-07,2.5241798e-07,5043
SLC9A3,TGFA,EGFR,TGFA$EGFR,IEC,0.00025652786,0.00026866974,5043
SLC9A3,TGFA,ERBB2,TGFA$ERBB2,IEC,4.4424047e-05,1.6283422e-05,5043
SLC9A3,HBEGF,EGFR,HBEGF$EGFR,IEC,0.00027593726,7.67946e-05,5043
SLC9A3,HBEGF,ERBB2,HBEGF$ERBB2,IEC,5.5810324e-05,1.2326275e-05,5043
SLC9A3,EREG,EGFR,EREG$EGFR,IEC,2.1912461e-05,1.4641807e-05,5043
SLC9A3,EREG,ERBB2,EREG$ERBB2,IEC,-1.0277484e-07,5.0936976e-08,5043
SLC9A3,FGF7,FGFR2,FGF7$FGFR2,IEC,-6.905699e-05,1.7559434e-05,5043
SLC9A3,FGF9,FGFR4,FGF9$FGFR4,IEC,3.307654e-08,6.271686e-09,5043
SLC9A3,PDGFA,PDGFRA,PDGFA$PDGFRA,IEC,-0.00034950674,0.00010338468,5043
SLC9A3,PDGFC,PDGFRA,PDGFC$PDGFRA,IEC,-9.434148e-06,3.1718148e-06,5043
SLC9A3,IGF1,ITGA6,IGF1$ITGA6,IEC,1.0713243e-07,1.0379911e-07,5043
SLC9A3,IGF1,ITGB4,IGF1$ITGB4,IEC,1.462574e-05,6.7261612e-06,5043
SLC9A3,IHH,PTCH1,IHH$PTCH1,IEC,-8.414157e-05,3.0192929e-05,5043
SLC9A3,CCL15,CCR1,CCL15$CCR1,IEC,2.2352178e-05,7.062525e-06,5043
SLC9A3,CXCL12,ACKR3,CXCL12$ACKR3,IEC,1.0784062e-06,1.0639126e-06,5043
SLC9A3,IL2,IL2RG,IL2$IL2RG,IEC,2.8208031e-08,1.3366652e-08,5043
SLC9A3,IL7,IL2RG,IL7$IL2RG,IEC,0.0003201757,0.00015543445,5043
SLC9A3,IL9,IL2RG,IL9$IL2RG,IEC,6.27624e-07,1.7283868e-07,5043
SLC9A3,IL15,IL2RG,IL15$IL2RG,IEC,0.00059061724,0.0002943767,5043
SLC9A3,IL21,IL2RG,IL21$IL2RG,IEC,0.0001068297,2.199407e-05,5043
SLC9A3,IL4,IL13RA1,IL4$IL13RA1,IEC,6.3511917e-12,2.2985036e-12,5043
SLC9A3,LIF,IL6ST,LIF$IL6ST,IEC,-2.123615e-05,1.0227454e-05,5043
SLC9A3,IL10,IL10RB,IL10$IL10RB,IEC,2.9398649e-08,1.4151673e-08,5043
SLC9A3,IL24,IL22RA1,IL24$IL22RA1,IEC,1.09276904e-07,2.7255231e-08,5043
SLC9A3,IL26,IL10RB,IL26$IL10RB,IEC,-2.0156585e-06,4.321647e-07,5043
SLC9A3,IL18,IL18R1,IL18$IL18R1,IEC,4.0953975e-05,1.6656679e-05,5043
SLC9A3,IFNG,IFNGR1,IFNG$IFNGR1,IEC,2.545099e-07,1.10475824e-07,5043
SLC9A3,LTB,LTBR,LTB$LTBR,IEC,-1.6510187e-07,8.854391e-08,5043
SLC9A3,TNFSF14,LTBR,TNFSF14$LTBR,IEC,-8.3308005e-06,3.0210417e-06,5043
SLC9A3,FASLG,FAS,FASLG$FAS,IEC,3.622585e-08,1.1850901e-08,5043
SLC9A3,TNFSF10,TNFRSF10A,TNFSF10$TNFRSF10A,IEC,-0.0003072116,9.790172e-05,5043
SLC9A3,ANGPTL4,SDC4,ANGPTL4$SDC4,IEC,-2.0664707e-08,5.3526508e-09,5043
SLC9A3,POSTN,ITGAV,POSTN$ITGAV,IEC,-0.00020303851,8.879478e-05,5043
SLC9A3,POSTN,ITGB3,POSTN$ITGB3,IEC,-2.414118e-10,7.24983e-11,5043
SLC9A3,POSTN,ITGB5,POSTN$ITGB5,IEC,-0.0009945745,0.00037146016,5043
SLC9A3,PLG,F2RL1,PLG$F2RL1,IEC,4.5616292e-07,8.339208e-08,5043
SLC9A3,GZMA,F2RL1,GZMA$F2RL1,IEC,5.8733298e-05,2.9950888e-05,5043
SLC9A3,VIP,VIPR1,VIP$VIPR1,IEC,-5.6325167e-05,4.0428276e-05,5043
SLC9A3,ADM,CALCR,ADM$CALCR,IEC,-1.3930686e-05,3.3410834e-06,5043
SLC9A3,GAS6,AXL,GAS6$AXL,IEC,-2.7769302e-05,4.0616324e-06,5043
SLC9A3,GAS6,MERTK,GAS6$MERTK,IEC,-0.00013615613,3.734813e-05,5043
SLC9A3,GAS6,TYRO3,GAS6$TYRO3,IEC,-8.3153114e-05,3.4571607e-05,5043
SLC9A3,GRN,SORT1,GRN$SORT1,IEC,-0.0014813154,0.00024737776,5043
SLC9A3,GUCA2A,GUCY2C,GUCA2A$GUCY2C,IEC,-0.0056211706,0.0020274492,5043
SLC9A3,BTLA,TNFRSF14,BTLA$TNFRSF14,IEC,-1.4094844e-05,3.5539015e-06,5043
SLC9A3,LGALS9,CD44,LGALS9$CD44,IEC,0.00016487077,4.420941e-05,5043
SLC9A3,LAMA3,ITGA3,LAMA3$ITGA3,IEC,0.000118383876,5.078367e-05,5043
SLC9A3,LAMB3,ITGA3,LAMB3$ITGA3,IEC,1.2857848e-05,7.804371e-06,5043
SLC9A3,LAMC1,ITGA3,LAMC1$ITGA3,IEC,-9.530496e-08,4.8635986e-08,5043
SLC9A3,LAMC2,ITGA3,LAMC2$ITGA3,IEC,8.984085e-06,3.6032168e-06,5043
SLC9A3,THBS1,ITGA3,THBS1$ITGA3,IEC,0.0003855788,0.00013641996,5043
SLC9A3,COL4A1,ITGA3,COL4A1$ITGA3,IEC,1.6131723e-07,9.347541e-08,5043
SLC9A3,COL6A2,ITGA3,COL6A2$ITGA3,IEC,-0.00015050931,3.9570627e-05,5043
SLC9A3,LAMA3,ITGA6,LAMA3$ITGA6,IEC,8.026707e-06,2.9462346e-06,5043
SLC9A3,LAMB3,ITGA6,LAMB3$ITGA6,IEC,-2.3102764e-09,6.9643e-10,5043
SLC9A3,LAMC2,ITGA6,LAMC2$ITGA6,IEC,-2.9481146e-08,1.25051285e-08,5043
SLC9A3,THBS1,ITGAV,THBS1$ITGAV,IEC,-2.136475e-08,8.628614e-09,5043
SLC9A3,LAMB3,ITGAV,LAMB3$ITGAV,IEC,-3.156597e-08,1.0317694e-08,5043
SLC9A3,LAMA3,ITGB4,LAMA3$ITGB4,IEC,0.0001508913,6.2253035e-05,5043
SLC9A3,LAMB3,ITGB4,LAMB3$ITGB4,IEC,0.00013292751,4.1198142e-05,5043
SLC9A3,LAMC1,ITGB4,LAMC1$ITGB4,IEC,-1.409034e-06,3.0267242e-07,5043
SLC9A3,LAMC2,ITGB4,LAMC2$ITGB4,IEC,0.0001269421,1.6314005e-05,5043
SLC9A3,COL6A2,SDC4,COL6A2$SDC4,IEC,-6.1318264e-05,1.9074732e-05,5043
SLC9A3,THBS1,SDC4,THBS1$SDC4,IEC,0.0012676776,0.0003098848,5043
SLC9A3,THBS1,CD47,THBS1$CD47,IEC,-0.00019516623,3.5828183e-05,5043
SLC9A3,LAMA3,DAG1,LAMA3$DAG1,IEC,1.9454025e-07,7.9027146e-08,5043
SLC9A3,LAMB3,DAG1,LAMB3$DAG1,IEC,-9.501235e-09,3.163229e-09,5043
SLC9A3,CD46,JAG1,CD46$JAG1,IEC,5.002394e-08,1.6474674e-08,5043
SLC9A3,CD99,CD99,CD99$CD99,IEC,-3.3812394e-05,9.362599e-06,5043
SLC9A3,CDH1,CDH1,CDH1$CDH1,IEC,0.00798831,0.0034295123,5043
SLC9A3,CDH1,ITGA2,CDH1$ITGA2,IEC,-1.218008e-06,5.2682833e-07,5043
SLC9A3,CDH1,KLRG1,CDH1$KLRG1,IEC,3.6546986e-05,9.964167e-06,5043
SLC9A3,F11R,ITGAL,F11R$ITGAL,IEC,9.876798e-08,3.6436596e-08,5043
SLC9A3,F11R,F11R,F11R$F11R,IEC,0.010878831,0.002115738,5043
SLC9A3,MPZL1,MPZL1,MPZL1$MPZL1,IEC,2.7031913e-07,7.971716e-08,5043
SLC9A3,JAG1,NOTCH2,JAG1$NOTCH2,IEC,-2.3513361e-05,1.4594909e-05,5043
SLC9A3,OCLN,OCLN,OCLN$OCLN,IEC,0.00053108315,0.00044201658,5043
SLC9A3,SEMA4D,PLXNB2,SEMA4D$PLXNB2,IEC,1.1548337e-06,2.4785817e-07,5043
SLC9A3,TGFB1,TGFBR2,TGFB1$TGFBR2,MAST,0.0,0.0,131
SLC9A3,TGFB1,ACVR1B,TGFB1$ACVR1B,MAST,0.0,0.0,131
SLC9A3,TGFB3,ACVR1B,TGFB3$ACVR1B,MAST,0.0,0.0,131
SLC9A3,BMP2,BMPR1A,BMP2$BMPR1A,MAST,0.0,0.0,131
SLC9A3,BMP2,ACVR2A,BMP2$ACVR2A,MAST,0.0,0.0,131
SLC9A3,BMP2,BMPR2,BMP2$BMPR2,MAST,0.0,0.0,131
SLC9A3,BMP4,BMPR1A,BMP4$BMPR1A,MAST,0.0,0.0,131
SLC9A3,BMP4,ACVR2A,BMP4$ACVR2A,MAST,0.0,0.0,131
SLC9A3,BMP4,BMPR2,BMP4$BMPR2,MAST,0.0,0.0,131
SLC9A3,GDF7,BMPR2,GDF7$BMPR2,MAST,0.0,0.0,131
SLC9A3,BMP6,ACVR2A,BMP6$ACVR2A,MAST,0.0,0.0,131
SLC9A3,BMP6,BMPR2,BMP6$BMPR2,MAST,0.0,0.0,131
SLC9A3,BMP6,BMPR1A,BMP6$BMPR1A,MAST,0.0,0.0,131
SLC9A3,BMP7,BMPR2,BMP7$BMPR2,MAST,0.0,0.0,131
SLC9A3,BMP8A,ACVR2A,BMP8A$ACVR2A,MAST,0.0,0.0,131
SLC9A3,BMP8A,BMPR2,BMP8A$BMPR2,MAST,0.0,0.0,131
SLC9A3,BMP8A,BMPR1A,BMP8A$BMPR1A,MAST,0.0,0.0,131
SLC9A3,BMP8B,ACVR2A,BMP8B$ACVR2A,MAST,0.0,0.0,131
SLC9A3,BMP8B,BMPR2,BMP8B$BMPR2,MAST,0.0,0.0,131
SLC9A3,GDF2,ACVRL1,GDF2$ACVRL1,MAST,0.0,0.0,131
SLC9A3,GDF11,ACVR1B,GDF11$ACVR1B,MAST,0.0,0.0,131
SLC9A3,GDF15,TGFBR2,GDF15$TGFBR2,MAST,0.0,0.0,131
SLC9A3,MSTN,ACVR1B,MSTN$ACVR1B,MAST,0.0,0.0,131
SLC9A3,INHBA,ACVR1B,INHBA$ACVR1B,MAST,0.0,0.0,131
SLC9A3,EGF,EGFR,EGF$EGFR,MAST,0.0,0.0,131
SLC9A3,TGFA,EGFR,TGFA$EGFR,MAST,0.0,0.0,131
SLC9A3,TGFA,ERBB2,TGFA$ERBB2,MAST,0.0,0.0,131
SLC9A3,HBEGF,EGFR,HBEGF$EGFR,MAST,0.0,0.0,131
SLC9A3,HBEGF,ERBB2,HBEGF$ERBB2,MAST,0.0,0.0,131
SLC9A3,EREG,EGFR,EREG$EGFR,MAST,0.0,0.0,131
SLC9A3,EREG,ERBB2,EREG$ERBB2,MAST,0.0,0.0,131
SLC9A3,FGF7,FGFR2,FGF7$FGFR2,MAST,0.0,0.0,131
SLC9A3,FGF9,FGFR4,FGF9$FGFR4,MAST,0.0,0.0,131
SLC9A3,PDGFA,PDGFRA,PDGFA$PDGFRA,MAST,0.0,0.0,131
SLC9A3,PDGFC,PDGFRA,PDGFC$PDGFRA,MAST,0.0,0.0,131
SLC9A3,IGF1,ITGA6,IGF1$ITGA6,MAST,0.0,0.0,131
SLC9A3,IGF1,ITGB4,IGF1$ITGB4,MAST,0.0,0.0,131
SLC9A3,IHH,PTCH1,IHH$PTCH1,MAST,0.0,0.0,131
SLC9A3,CCL15,CCR1,CCL15$CCR1,MAST,0.0,0.0,131
SLC9A3,CXCL12,ACKR3,CXCL12$ACKR3,MAST,0.0,0.0,131
SLC9A3,IL2,IL2RG,IL2$IL2RG,MAST,0.0,0.0,131
SLC9A3,IL7,IL2RG,IL7$IL2RG,MAST,0.0,0.0,131
SLC9A3,IL9,IL2RG,IL9$IL2RG,MAST,0.0,0.0,131
SLC9A3,IL15,IL2RG,IL15$IL2RG,MAST,0.0,0.0,131
SLC9A3,IL21,IL2RG,IL21$IL2RG,MAST,0.0,0.0,131
SLC9A3,IL4,IL13RA1,IL4$IL13RA1,MAST,0.0,0.0,131
SLC9A3,LIF,IL6ST,LIF$IL6ST,MAST,0.0,0.0,131
SLC9A3,IL10,IL10RB,IL10$IL10RB,MAST,0.0,0.0,131
SLC9A3,IL24,IL22RA1,IL24$IL22RA1,MAST,0.0,0.0,131
SLC9A3,IL26,IL10RB,IL26$IL10RB,MAST,0.0,0.0,131
SLC9A3,IL18,IL18R1,IL18$IL18R1,MAST,0.0,0.0,131
SLC9A3,IFNG,IFNGR1,IFNG$IFNGR1,MAST,0.0,0.0,131
SLC9A3,LTB,LTBR,LTB$LTBR,MAST,0.0,0.0,131
SLC9A3,TNFSF14,LTBR,TNFSF14$LTBR,MAST,0.0,0.0,131
SLC9A3,FASLG,FAS,FASLG$FAS,MAST,0.0,0.0,131
SLC9A3,TNFSF10,TNFRSF10A,TNFSF10$TNFRSF10A,MAST,0.0,0.0,131
SLC9A3,ANGPTL4,SDC4,ANGPTL4$SDC4,MAST,0.0,0.0,131
SLC9A3,POSTN,ITGAV,POSTN$ITGAV,MAST,0.0,0.0,131
SLC9A3,POSTN,ITGB3,POSTN$ITGB3,MAST,0.0,0.0,131
SLC9A3,POSTN,ITGB5,POSTN$ITGB5,MAST,0.0,0.0,131
SLC9A3,PLG,F2RL1,PLG$F2RL1,MAST,0.0,0.0,131
SLC9A3,GZMA,F2RL1,GZMA$F2RL1,MAST,0.0,0.0,131
SLC9A3,VIP,VIPR1,VIP$VIPR1,MAST,0.0,0.0,131
SLC9A3,ADM,CALCR,ADM$CALCR,MAST,0.0,0.0,131
SLC9A3,GAS6,AXL,GAS6$AXL,MAST,0.0,0.0,131
SLC9A3,GAS6,MERTK,GAS6$MERTK,MAST,0.0,0.0,131
SLC9A3,GAS6,TYRO3,GAS6$TYRO3,MAST,0.0,0.0,131
SLC9A3,GRN,SORT1,GRN$SORT1,MAST,0.0,0.0,131
SLC9A3,GUCA2A,GUCY2C,GUCA2A$GUCY2C,MAST,0.0,0.0,131
SLC9A3,BTLA,TNFRSF14,BTLA$TNFRSF14,MAST,0.0,0.0,131
SLC9A3,LGALS9,CD44,LGALS9$CD44,MAST,0.0,0.0,131
SLC9A3,LAMA3,ITGA3,LAMA3$ITGA3,MAST,0.0,0.0,131
SLC9A3,LAMB3,ITGA3,LAMB3$ITGA3,MAST,0.0,0.0,131
SLC9A3,LAMC1,ITGA3,LAMC1$ITGA3,MAST,0.0,0.0,131
SLC9A3,LAMC2,ITGA3,LAMC2$ITGA3,MAST,0.0,0.0,131
SLC9A3,THBS1,ITGA3,THBS1$ITGA3,MAST,0.0,0.0,131
SLC9A3,COL4A1,ITGA3,COL4A1$ITGA3,MAST,0.0,0.0,131
SLC9A3,COL6A2,ITGA3,COL6A2$ITGA3,MAST,0.0,0.0,131
SLC9A3,LAMA3,ITGA6,LAMA3$ITGA6,MAST,0.0,0.0,131
SLC9A3,LAMB3,ITGA6,LAMB3$ITGA6,MAST,0.0,0.0,131
SLC9A3,LAMC2,ITGA6,LAMC2$ITGA6,MAST,0.0,0.0,131
SLC9A3,THBS1,ITGAV,THBS1$ITGAV,MAST,0.0,0.0,131
SLC9A3,LAMB3,ITGAV,LAMB3$ITGAV,MAST,0.0,0.0,131
SLC9A3,LAMA3,ITGB4,LAMA3$ITGB4,MAST,0.0,0.0,131
SLC9A3,LAMB3,ITGB4,LAMB3$ITGB4,MAST,0.0,0.0,131
SLC9A3,LAMC1,ITGB4,LAMC1$ITGB4,MAST,0.0,0.0,131
SLC9A3,LAMC2,ITGB4,LAMC2$ITGB4,MAST,0.0,0.0,131
SLC9A3,COL6A2,SDC4,COL6A2$SDC4,MAST,0.0,0.0,131
SLC9A3,THBS1,SDC4,THBS1$SDC4,MAST,0.0,0.0,131
SLC9A3,THBS1,CD47,THBS1$CD47,MAST,0.0,0.0,131
SLC9A3,LAMA3,DAG1,LAMA3$DAG1,MAST,0.0,0.0,131
SLC9A3,LAMB3,DAG1,LAMB3$DAG1,MAST,0.0,0.0,131
SLC9A3,CD46,JAG1,CD46$JAG1,MAST,0.0,0.0,131
SLC9A3,CD99,CD99,CD99$CD99,MAST,0.0,0.0,131
SLC9A3,CDH1,CDH1,CDH1$CDH1,MAST,0.0,0.0,131
SLC9A3,CDH1,ITGA2,CDH1$ITGA2,MAST,0.0,0.0,131
SLC9A3,CDH1,KLRG1,CDH1$KLRG1,MAST,0.0,0.0,131
SLC9A3,F11R,ITGAL,F11R$ITGAL,MAST,0.0,0.0,131
SLC9A3,F11R,F11R,F11R$F11R,MAST,0.0,0.0,131
SLC9A3,MPZL1,MPZL1,MPZL1$MPZL1,MAST,0.0,0.0,131
SLC9A3,JAG1,NOTCH2,JAG1$NOTCH2,MAST,0.0,0.0,131
SLC9A3,OCLN,OCLN,OCLN$OCLN,MAST,0.0,0.0,131
SLC9A3,SEMA4D,PLXNB2,SEMA4D$PLXNB2,MAST,0.0,0.0,131
SLC9A3,TGFB1,TGFBR2,TGFB1$TGFBR2,MNP,0.0,0.0,505
SLC9A3,TGFB1,ACVR1B,TGFB1$ACVR1B,MNP,0.0,0.0,505
SLC9A3,TGFB3,ACVR1B,TGFB3$ACVR1B,MNP,0.0,0.0,505
SLC9A3,BMP2,BMPR1A,BMP2$BMPR1A,MNP,0.0,0.0,505
SLC9A3,BMP2,ACVR2A,BMP2$ACVR2A,MNP,0.0,0.0,505
SLC9A3,BMP2,BMPR2,BMP2$BMPR2,MNP,0.0,0.0,505
SLC9A3,BMP4,BMPR1A,BMP4$BMPR1A,MNP,0.0,0.0,505
SLC9A3,BMP4,ACVR2A,BMP4$ACVR2A,MNP,0.0,0.0,505
SLC9A3,BMP4,BMPR2,BMP4$BMPR2,MNP,0.0,0.0,505
SLC9A3,GDF7,BMPR2,GDF7$BMPR2,MNP,0.0,0.0,505
SLC9A3,BMP6,ACVR2A,BMP6$ACVR2A,MNP,0.0,0.0,505
SLC9A3,BMP6,BMPR2,BMP6$BMPR2,MNP,0.0,0.0,505
SLC9A3,BMP6,BMPR1A,BMP6$BMPR1A,MNP,0.0,0.0,505
SLC9A3,BMP7,BMPR2,BMP7$BMPR2,MNP,0.0,0.0,505
SLC9A3,BMP8A,ACVR2A,BMP8A$ACVR2A,MNP,0.0,0.0,505
SLC9A3,BMP8A,BMPR2,BMP8A$BMPR2,MNP,0.0,0.0,505
SLC9A3,BMP8A,BMPR1A,BMP8A$BMPR1A,MNP,0.0,0.0,505
SLC9A3,BMP8B,ACVR2A,BMP8B$ACVR2A,MNP,0.0,0.0,505
SLC9A3,BMP8B,BMPR2,BMP8B$BMPR2,MNP,0.0,0.0,505
SLC9A3,GDF2,ACVRL1,GDF2$ACVRL1,MNP,0.0,0.0,505
SLC9A3,GDF11,ACVR1B,GDF11$ACVR1B,MNP,0.0,0.0,505
SLC9A3,GDF15,TGFBR2,GDF15$TGFBR2,MNP,0.0,0.0,505
SLC9A3,MSTN,ACVR1B,MSTN$ACVR1B,MNP,0.0,0.0,505
SLC9A3,INHBA,ACVR1B,INHBA$ACVR1B,MNP,0.0,0.0,505
SLC9A3,EGF,EGFR,EGF$EGFR,MNP,0.0,0.0,505
SLC9A3,TGFA,EGFR,TGFA$EGFR,MNP,0.0,0.0,505
SLC9A3,TGFA,ERBB2,TGFA$ERBB2,MNP,0.0,0.0,505
SLC9A3,HBEGF,EGFR,HBEGF$EGFR,MNP,0.0,0.0,505
SLC9A3,HBEGF,ERBB2,HBEGF$ERBB2,MNP,0.0,0.0,505
SLC9A3,EREG,EGFR,EREG$EGFR,MNP,0.0,0.0,505
SLC9A3,EREG,ERBB2,EREG$ERBB2,MNP,0.0,0.0,505
SLC9A3,FGF7,FGFR2,FGF7$FGFR2,MNP,0.0,0.0,505
SLC9A3,FGF9,FGFR4,FGF9$FGFR4,MNP,0.0,0.0,505
SLC9A3,PDGFA,PDGFRA,PDGFA$PDGFRA,MNP,0.0,0.0,505
SLC9A3,PDGFC,PDGFRA,PDGFC$PDGFRA,MNP,0.0,0.0,505
SLC9A3,IGF1,ITGA6,IGF1$ITGA6,MNP,0.0,0.0,505
SLC9A3,IGF1,ITGB4,IGF1$ITGB4,MNP,0.0,0.0,505
SLC9A3,IHH,PTCH1,IHH$PTCH1,MNP,0.0,0.0,505
SLC9A3,CCL15,CCR1,CCL15$CCR1,MNP,0.0,0.0,505
SLC9A3,CXCL12,ACKR3,CXCL12$ACKR3,MNP,0.0,0.0,505
SLC9A3,IL2,IL2RG,IL2$IL2RG,MNP,0.0,0.0,505
SLC9A3,IL7,IL2RG,IL7$IL2RG,MNP,0.0,0.0,505
SLC9A3,IL9,IL2RG,IL9$IL2RG,MNP,0.0,0.0,505
SLC9A3,IL15,IL2RG,IL15$IL2RG,MNP,0.0,0.0,505
SLC9A3,IL21,IL2RG,IL21$IL2RG,MNP,0.0,0.0,505
SLC9A3,IL4,IL13RA1,IL4$IL13RA1,MNP,0.0,0.0,505
SLC9A3,LIF,IL6ST,LIF$IL6ST,MNP,0.0,0.0,505
SLC9A3,IL10,IL10RB,IL10$IL10RB,MNP,0.0,0.0,505
SLC9A3,IL24,IL22RA1,IL24$IL22RA1,MNP,0.0,0.0,505
SLC9A3,IL26,IL10RB,IL26$IL10RB,MNP,0.0,0.0,505
SLC9A3,IL18,IL18R1,IL18$IL18R1,MNP,0.0,0.0,505
SLC9A3,IFNG,IFNGR1,IFNG$IFNGR1,MNP,0.0,0.0,505
SLC9A3,LTB,LTBR,LTB$LTBR,MNP,0.0,0.0,505
SLC9A3,TNFSF14,LTBR,TNFSF14$LTBR,MNP,0.0,0.0,505
SLC9A3,FASLG,FAS,FASLG$FAS,MNP,0.0,0.0,505
SLC9A3,TNFSF10,TNFRSF10A,TNFSF10$TNFRSF10A,MNP,0.0,0.0,505
SLC9A3,ANGPTL4,SDC4,ANGPTL4$SDC4,MNP,0.0,0.0,505
SLC9A3,POSTN,ITGAV,POSTN$ITGAV,MNP,0.0,0.0,505
SLC9A3,POSTN,ITGB3,POSTN$ITGB3,MNP,0.0,0.0,505
SLC9A3,POSTN,ITGB5,POSTN$ITGB5,MNP,0.0,0.0,505
SLC9A3,PLG,F2RL1,PLG$F2RL1,MNP,0.0,0.0,505
SLC9A3,GZMA,F2RL1,GZMA$F2RL1,MNP,0.0,0.0,505
SLC9A3,VIP,VIPR1,VIP$VIPR1,MNP,0.0,0.0,505
SLC9A3,ADM,CALCR,ADM$CALCR,MNP,0.0,0.0,505
SLC9A3,GAS6,AXL,GAS6$AXL,MNP,0.0,0.0,505
SLC9A3,GAS6,MERTK,GAS6$MERTK,MNP,0.0,0.0,505
SLC9A3,GAS6,TYRO3,GAS6$TYRO3,MNP,0.0,0.0,505
SLC9A3,GRN,SORT1,GRN$SORT1,MNP,0.0,0.0,505
SLC9A3,GUCA2A,GUCY2C,GUCA2A$GUCY2C,MNP,0.0,0.0,505
SLC9A3,BTLA,TNFRSF14,BTLA$TNFRSF14,MNP,0.0,0.0,505
SLC9A3,LGALS9,CD44,LGALS9$CD44,MNP,0.0,0.0,505
SLC9A3,LAMA3,ITGA3,LAMA3$ITGA3,MNP,0.0,0.0,505
SLC9A3,LAMB3,ITGA3,LAMB3$ITGA3,MNP,0.0,0.0,505
SLC9A3,LAMC1,ITGA3,LAMC1$ITGA3,MNP,0.0,0.0,505
SLC9A3,LAMC2,ITGA3,LAMC2$ITGA3,MNP,0.0,0.0,505
SLC9A3,THBS1,ITGA3,THBS1$ITGA3,MNP,0.0,0.0,505
SLC9A3,COL4A1,ITGA3,COL4A1$ITGA3,MNP,0.0,0.0,505
SLC9A3,COL6A2,ITGA3,COL6A2$ITGA3,MNP,0.0,0.0,505
SLC9A3,LAMA3,ITGA6,LAMA3$ITGA6,MNP,0.0,0.0,505
SLC9A3,LAMB3,ITGA6,LAMB3$ITGA6,MNP,0.0,0.0,505
SLC9A3,LAMC2,ITGA6,LAMC2$ITGA6,MNP,0.0,0.0,505
SLC9A3,THBS1,ITGAV,THBS1$ITGAV,MNP,0.0,0.0,505
SLC9A3,LAMB3,ITGAV,LAMB3$ITGAV,MNP,0.0,0.0,505
SLC9A3,LAMA3,ITGB4,LAMA3$ITGB4,MNP,0.0,0.0,505
SLC9A3,LAMB3,ITGB4,LAMB3$ITGB4,MNP,0.0,0.0,505
SLC9A3,LAMC1,ITGB4,LAMC1$ITGB4,MNP,0.0,0.0,505
SLC9A3,LAMC2,ITGB4,LAMC2$ITGB4,MNP,0.0,0.0,505
SLC9A3,COL6A2,SDC4,COL6A2$SDC4,MNP,0.0,0.0,505
SLC9A3,THBS1,SDC4,THBS1$SDC4,MNP,0.0,0.0,505
SLC9A3,THBS1,CD47,THBS1$CD47,MNP,0.0,0.0,505
SLC9A3,LAMA3,DAG1,LAMA3$DAG1,MNP,0.0,0.0,505
SLC9A3,LAMB3,DAG1,LAMB3$DAG1,MNP,0.0,0.0,505
SLC9A3,CD46,JAG1,CD46$JAG1,MNP,0.0,0.0,505
SLC9A3,CD99,CD99,CD99$CD99,MNP,0.0,0.0,505
SLC9A3,CDH1,CDH1,CDH1$CDH1,MNP,0.0,0.0,505
SLC9A3,CDH1,ITGA2,CDH1$ITGA2,MNP,0.0,0.0,505
SLC9A3,CDH1,KLRG1,CDH1$KLRG1,MNP,0.0,0.0,505
SLC9A3,F11R,ITGAL,F11R$ITGAL,MNP,0.0,0.0,505
SLC9A3,F11R,F11R,F11R$F11R,MNP,0.0,0.0,505
SLC9A3,MPZL1,MPZL1,MPZL1$MPZL1,MNP,0.0,0.0,505
SLC9A3,JAG1,NOTCH2,JAG1$NOTCH2,MNP,0.0,0.0,505
SLC9A3,OCLN,OCLN,OCLN$OCLN,MNP,0.0,0.0,505
SLC9A3,SEMA4D,PLXNB2,SEMA4D$PLXNB2,MNP,0.0,0.0,505
SLC9A3,TGFB1,TGFBR2,TGFB1$TGFBR2,Muscularis_mucosa,0.0,0.0,83
SLC9A3,TGFB1,ACVR1B,TGFB1$ACVR1B,Muscularis_mucosa,0.0,0.0,83
SLC9A3,TGFB3,ACVR1B,TGFB3$ACVR1B,Muscularis_mucosa,0.0,0.0,83
SLC9A3,BMP2,BMPR1A,BMP2$BMPR1A,Muscularis_mucosa,0.0,0.0,83
SLC9A3,BMP2,ACVR2A,BMP2$ACVR2A,Muscularis_mucosa,0.0,0.0,83
SLC9A3,BMP2,BMPR2,BMP2$BMPR2,Muscularis_mucosa,0.0,0.0,83
SLC9A3,BMP4,BMPR1A,BMP4$BMPR1A,Muscularis_mucosa,0.0,0.0,83
SLC9A3,BMP4,ACVR2A,BMP4$ACVR2A,Muscularis_mucosa,0.0,0.0,83
SLC9A3,BMP4,BMPR2,BMP4$BMPR2,Muscularis_mucosa,0.0,0.0,83
SLC9A3,GDF7,BMPR2,GDF7$BMPR2,Muscularis_mucosa,0.0,0.0,83
SLC9A3,BMP6,ACVR2A,BMP6$ACVR2A,Muscularis_mucosa,0.0,0.0,83
SLC9A3,BMP6,BMPR2,BMP6$BMPR2,Muscularis_mucosa,0.0,0.0,83
SLC9A3,BMP6,BMPR1A,BMP6$BMPR1A,Muscularis_mucosa,0.0,0.0,83
SLC9A3,BMP7,BMPR2,BMP7$BMPR2,Muscularis_mucosa,0.0,0.0,83
SLC9A3,BMP8A,ACVR2A,BMP8A$ACVR2A,Muscularis_mucosa,0.0,0.0,83
SLC9A3,BMP8A,BMPR2,BMP8A$BMPR2,Muscularis_mucosa,0.0,0.0,83
SLC9A3,BMP8A,BMPR1A,BMP8A$BMPR1A,Muscularis_mucosa,0.0,0.0,83
SLC9A3,BMP8B,ACVR2A,BMP8B$ACVR2A,Muscularis_mucosa,0.0,0.0,83
SLC9A3,BMP8B,BMPR2,BMP8B$BMPR2,Muscularis_mucosa,0.0,0.0,83
SLC9A3,GDF2,ACVRL1,GDF2$ACVRL1,Muscularis_mucosa,0.0,0.0,83
SLC9A3,GDF11,ACVR1B,GDF11$ACVR1B,Muscularis_mucosa,0.0,0.0,83
SLC9A3,GDF15,TGFBR2,GDF15$TGFBR2,Muscularis_mucosa,0.0,0.0,83
SLC9A3,MSTN,ACVR1B,MSTN$ACVR1B,Muscularis_mucosa,0.0,0.0,83
SLC9A3,INHBA,ACVR1B,INHBA$ACVR1B,Muscularis_mucosa,0.0,0.0,83
SLC9A3,EGF,EGFR,EGF$EGFR,Muscularis_mucosa,0.0,0.0,83
SLC9A3,TGFA,EGFR,TGFA$EGFR,Muscularis_mucosa,0.0,0.0,83
SLC9A3,TGFA,ERBB2,TGFA$ERBB2,Muscularis_mucosa,0.0,0.0,83
SLC9A3,HBEGF,EGFR,HBEGF$EGFR,Muscularis_mucosa,0.0,0.0,83
SLC9A3,HBEGF,ERBB2,HBEGF$ERBB2,Muscularis_mucosa,0.0,0.0,83
SLC9A3,EREG,EGFR,EREG$EGFR,Muscularis_mucosa,0.0,0.0,83
SLC9A3,EREG,ERBB2,EREG$ERBB2,Muscularis_mucosa,0.0,0.0,83
SLC9A3,FGF7,FGFR2,FGF7$FGFR2,Muscularis_mucosa,0.0,0.0,83
SLC9A3,FGF9,FGFR4,FGF9$FGFR4,Muscularis_mucosa,0.0,0.0,83
SLC9A3,PDGFA,PDGFRA,PDGFA$PDGFRA,Muscularis_mucosa,0.0,0.0,83
SLC9A3,PDGFC,PDGFRA,PDGFC$PDGFRA,Muscularis_mucosa,0.0,0.0,83
SLC9A3,IGF1,ITGA6,IGF1$ITGA6,Muscularis_mucosa,0.0,0.0,83
SLC9A3,IGF1,ITGB4,IGF1$ITGB4,Muscularis_mucosa,0.0,0.0,83
SLC9A3,IHH,PTCH1,IHH$PTCH1,Muscularis_mucosa,0.0,0.0,83
SLC9A3,CCL15,CCR1,CCL15$CCR1,Muscularis_mucosa,0.0,0.0,83
SLC9A3,CXCL12,ACKR3,CXCL12$ACKR3,Muscularis_mucosa,0.0,0.0,83
SLC9A3,IL2,IL2RG,IL2$IL2RG,Muscularis_mucosa,0.0,0.0,83
SLC9A3,IL7,IL2RG,IL7$IL2RG,Muscularis_mucosa,0.0,0.0,83
SLC9A3,IL9,IL2RG,IL9$IL2RG,Muscularis_mucosa,0.0,0.0,83
SLC9A3,IL15,IL2RG,IL15$IL2RG,Muscularis_mucosa,0.0,0.0,83
SLC9A3,IL21,IL2RG,IL21$IL2RG,Muscularis_mucosa,0.0,0.0,83
SLC9A3,IL4,IL13RA1,IL4$IL13RA1,Muscularis_mucosa,0.0,0.0,83
SLC9A3,LIF,IL6ST,LIF$IL6ST,Muscularis_mucosa,0.0,0.0,83
SLC9A3,IL10,IL10RB,IL10$IL10RB,Muscularis_mucosa,0.0,0.0,83
SLC9A3,IL24,IL22RA1,IL24$IL22RA1,Muscularis_mucosa,0.0,0.0,83
SLC9A3,IL26,IL10RB,IL26$IL10RB,Muscularis_mucosa,0.0,0.0,83
SLC9A3,IL18,IL18R1,IL18$IL18R1,Muscularis_mucosa,0.0,0.0,83
SLC9A3,IFNG,IFNGR1,IFNG$IFNGR1,Muscularis_mucosa,0.0,0.0,83
SLC9A3,LTB,LTBR,LTB$LTBR,Muscularis_mucosa,0.0,0.0,83
SLC9A3,TNFSF14,LTBR,TNFSF14$LTBR,Muscularis_mucosa,0.0,0.0,83
SLC9A3,FASLG,FAS,FASLG$FAS,Muscularis_mucosa,0.0,0.0,83
SLC9A3,TNFSF10,TNFRSF10A,TNFSF10$TNFRSF10A,Muscularis_mucosa,0.0,0.0,83
SLC9A3,ANGPTL4,SDC4,ANGPTL4$SDC4,Muscularis_mucosa,0.0,0.0,83
SLC9A3,POSTN,ITGAV,POSTN$ITGAV,Muscularis_mucosa,0.0,0.0,83
SLC9A3,POSTN,ITGB3,POSTN$ITGB3,Muscularis_mucosa,0.0,0.0,83
SLC9A3,POSTN,ITGB5,POSTN$ITGB5,Muscularis_mucosa,0.0,0.0,83
SLC9A3,PLG,F2RL1,PLG$F2RL1,Muscularis_mucosa,0.0,0.0,83
SLC9A3,GZMA,F2RL1,GZMA$F2RL1,Muscularis_mucosa,0.0,0.0,83
SLC9A3,VIP,VIPR1,VIP$VIPR1,Muscularis_mucosa,0.0,0.0,83
SLC9A3,ADM,CALCR,ADM$CALCR,Muscularis_mucosa,0.0,0.0,83
SLC9A3,GAS6,AXL,GAS6$AXL,Muscularis_mucosa,0.0,0.0,83
SLC9A3,GAS6,MERTK,GAS6$MERTK,Muscularis_mucosa,0.0,0.0,83
SLC9A3,GAS6,TYRO3,GAS6$TYRO3,Muscularis_mucosa,0.0,0.0,83
SLC9A3,GRN,SORT1,GRN$SORT1,Muscularis_mucosa,0.0,0.0,83
SLC9A3,GUCA2A,GUCY2C,GUCA2A$GUCY2C,Muscularis_mucosa,0.0,0.0,83
SLC9A3,BTLA,TNFRSF14,BTLA$TNFRSF14,Muscularis_mucosa,0.0,0.0,83
SLC9A3,LGALS9,CD44,LGALS9$CD44,Muscularis_mucosa,0.0,0.0,83
SLC9A3,LAMA3,ITGA3,LAMA3$ITGA3,Muscularis_mucosa,0.0,0.0,83
SLC9A3,LAMB3,ITGA3,LAMB3$ITGA3,Muscularis_mucosa,0.0,0.0,83
SLC9A3,LAMC1,ITGA3,LAMC1$ITGA3,Muscularis_mucosa,0.0,0.0,83
SLC9A3,LAMC2,ITGA3,LAMC2$ITGA3,Muscularis_mucosa,0.0,0.0,83
SLC9A3,THBS1,ITGA3,THBS1$ITGA3,Muscularis_mucosa,0.0,0.0,83
SLC9A3,COL4A1,ITGA3,COL4A1$ITGA3,Muscularis_mucosa,0.0,0.0,83
SLC9A3,COL6A2,ITGA3,COL6A2$ITGA3,Muscularis_mucosa,0.0,0.0,83
SLC9A3,LAMA3,ITGA6,LAMA3$ITGA6,Muscularis_mucosa,0.0,0.0,83
SLC9A3,LAMB3,ITGA6,LAMB3$ITGA6,Muscularis_mucosa,0.0,0.0,83
SLC9A3,LAMC2,ITGA6,LAMC2$ITGA6,Muscularis_mucosa,0.0,0.0,83
SLC9A3,THBS1,ITGAV,THBS1$ITGAV,Muscularis_mucosa,0.0,0.0,83
SLC9A3,LAMB3,ITGAV,LAMB3$ITGAV,Muscularis_mucosa,0.0,0.0,83
SLC9A3,LAMA3,ITGB4,LAMA3$ITGB4,Muscularis_mucosa,0.0,0.0,83
SLC9A3,LAMB3,ITGB4,LAMB3$ITGB4,Muscularis_mucosa,0.0,0.0,83
SLC9A3,LAMC1,ITGB4,LAMC1$ITGB4,Muscularis_mucosa,0.0,0.0,83
SLC9A3,LAMC2,ITGB4,LAMC2$ITGB4,Muscularis_mucosa,0.0,0.0,83
SLC9A3,COL6A2,SDC4,COL6A2$SDC4,Muscularis_mucosa,0.0,0.0,83
SLC9A3,THBS1,SDC4,THBS1$SDC4,Muscularis_mucosa,0.0,0.0,83
SLC9A3,THBS1,CD47,THBS1$CD47,Muscularis_mucosa,0.0,0.0,83
SLC9A3,LAMA3,DAG1,LAMA3$DAG1,Muscularis_mucosa,0.0,0.0,83
SLC9A3,LAMB3,DAG1,LAMB3$DAG1,Muscularis_mucosa,0.0,0.0,83
SLC9A3,CD46,JAG1,CD46$JAG1,Muscularis_mucosa,0.0,0.0,83
SLC9A3,CD99,CD99,CD99$CD99,Muscularis_mucosa,0.0,0.0,83
SLC9A3,CDH1,CDH1,CDH1$CDH1,Muscularis_mucosa,0.0,0.0,83
SLC9A3,CDH1,ITGA2,CDH1$ITGA2,Muscularis_mucosa,0.0,0.0,83
SLC9A3,CDH1,KLRG1,CDH1$KLRG1,Muscularis_mucosa,0.0,0.0,83
SLC9A3,F11R,ITGAL,F11R$ITGAL,Muscularis_mucosa,0.0,0.0,83
SLC9A3,F11R,F11R,F11R$F11R,Muscularis_mucosa,0.0,0.0,83
SLC9A3,MPZL1,MPZL1,MPZL1$MPZL1,Muscularis_mucosa,0.0,0.0,83
SLC9A3,JAG1,NOTCH2,JAG1$NOTCH2,Muscularis_mucosa,0.0,0.0,83
SLC9A3,OCLN,OCLN,OCLN$OCLN,Muscularis_mucosa,0.0,0.0,83
SLC9A3,SEMA4D,PLXNB2,SEMA4D$PLXNB2,Muscularis_mucosa,0.0,0.0,83
SLC9A3,TGFB1,TGFBR2,TGFB1$TGFBR2,Myofibroblast,0.0,0.0,353
SLC9A3,TGFB1,ACVR1B,TGFB1$ACVR1B,Myofibroblast,0.0,0.0,353
SLC9A3,TGFB3,ACVR1B,TGFB3$ACVR1B,Myofibroblast,0.0,0.0,353
SLC9A3,BMP2,BMPR1A,BMP2$BMPR1A,Myofibroblast,0.0,0.0,353
SLC9A3,BMP2,ACVR2A,BMP2$ACVR2A,Myofibroblast,0.0,0.0,353
SLC9A3,BMP2,BMPR2,BMP2$BMPR2,Myofibroblast,0.0,0.0,353
SLC9A3,BMP4,BMPR1A,BMP4$BMPR1A,Myofibroblast,0.0,0.0,353
SLC9A3,BMP4,ACVR2A,BMP4$ACVR2A,Myofibroblast,0.0,0.0,353
SLC9A3,BMP4,BMPR2,BMP4$BMPR2,Myofibroblast,0.0,0.0,353
SLC9A3,GDF7,BMPR2,GDF7$BMPR2,Myofibroblast,0.0,0.0,353
SLC9A3,BMP6,ACVR2A,BMP6$ACVR2A,Myofibroblast,0.0,0.0,353
SLC9A3,BMP6,BMPR2,BMP6$BMPR2,Myofibroblast,0.0,0.0,353
SLC9A3,BMP6,BMPR1A,BMP6$BMPR1A,Myofibroblast,0.0,0.0,353
SLC9A3,BMP7,BMPR2,BMP7$BMPR2,Myofibroblast,0.0,0.0,353
SLC9A3,BMP8A,ACVR2A,BMP8A$ACVR2A,Myofibroblast,0.0,0.0,353
SLC9A3,BMP8A,BMPR2,BMP8A$BMPR2,Myofibroblast,0.0,0.0,353
SLC9A3,BMP8A,BMPR1A,BMP8A$BMPR1A,Myofibroblast,0.0,0.0,353
SLC9A3,BMP8B,ACVR2A,BMP8B$ACVR2A,Myofibroblast,0.0,0.0,353
SLC9A3,BMP8B,BMPR2,BMP8B$BMPR2,Myofibroblast,0.0,0.0,353
SLC9A3,GDF2,ACVRL1,GDF2$ACVRL1,Myofibroblast,0.0,0.0,353
SLC9A3,GDF11,ACVR1B,GDF11$ACVR1B,Myofibroblast,0.0,0.0,353
SLC9A3,GDF15,TGFBR2,GDF15$TGFBR2,Myofibroblast,0.0,0.0,353
SLC9A3,MSTN,ACVR1B,MSTN$ACVR1B,Myofibroblast,0.0,0.0,353
SLC9A3,INHBA,ACVR1B,INHBA$ACVR1B,Myofibroblast,0.0,0.0,353
SLC9A3,EGF,EGFR,EGF$EGFR,Myofibroblast,0.0,0.0,353
SLC9A3,TGFA,EGFR,TGFA$EGFR,Myofibroblast,0.0,0.0,353
SLC9A3,TGFA,ERBB2,TGFA$ERBB2,Myofibroblast,0.0,0.0,353
SLC9A3,HBEGF,EGFR,HBEGF$EGFR,Myofibroblast,0.0,0.0,353
SLC9A3,HBEGF,ERBB2,HBEGF$ERBB2,Myofibroblast,0.0,0.0,353
SLC9A3,EREG,EGFR,EREG$EGFR,Myofibroblast,0.0,0.0,353
SLC9A3,EREG,ERBB2,EREG$ERBB2,Myofibroblast,0.0,0.0,353
SLC9A3,FGF7,FGFR2,FGF7$FGFR2,Myofibroblast,0.0,0.0,353
SLC9A3,FGF9,FGFR4,FGF9$FGFR4,Myofibroblast,0.0,0.0,353
SLC9A3,PDGFA,PDGFRA,PDGFA$PDGFRA,Myofibroblast,0.0,0.0,353
SLC9A3,PDGFC,PDGFRA,PDGFC$PDGFRA,Myofibroblast,0.0,0.0,353
SLC9A3,IGF1,ITGA6,IGF1$ITGA6,Myofibroblast,0.0,0.0,353
SLC9A3,IGF1,ITGB4,IGF1$ITGB4,Myofibroblast,0.0,0.0,353
SLC9A3,IHH,PTCH1,IHH$PTCH1,Myofibroblast,0.0,0.0,353
SLC9A3,CCL15,CCR1,CCL15$CCR1,Myofibroblast,0.0,0.0,353
SLC9A3,CXCL12,ACKR3,CXCL12$ACKR3,Myofibroblast,0.0,0.0,353
SLC9A3,IL2,IL2RG,IL2$IL2RG,Myofibroblast,0.0,0.0,353
SLC9A3,IL7,IL2RG,IL7$IL2RG,Myofibroblast,0.0,0.0,353
SLC9A3,IL9,IL2RG,IL9$IL2RG,Myofibroblast,0.0,0.0,353
SLC9A3,IL15,IL2RG,IL15$IL2RG,Myofibroblast,0.0,0.0,353
SLC9A3,IL21,IL2RG,IL21$IL2RG,Myofibroblast,0.0,0.0,353
SLC9A3,IL4,IL13RA1,IL4$IL13RA1,Myofibroblast,0.0,0.0,353
SLC9A3,LIF,IL6ST,LIF$IL6ST,Myofibroblast,0.0,0.0,353
SLC9A3,IL10,IL10RB,IL10$IL10RB,Myofibroblast,0.0,0.0,353
SLC9A3,IL24,IL22RA1,IL24$IL22RA1,Myofibroblast,0.0,0.0,353
SLC9A3,IL26,IL10RB,IL26$IL10RB,Myofibroblast,0.0,0.0,353
SLC9A3,IL18,IL18R1,IL18$IL18R1,Myofibroblast,0.0,0.0,353
SLC9A3,IFNG,IFNGR1,IFNG$IFNGR1,Myofibroblast,0.0,0.0,353
SLC9A3,LTB,LTBR,LTB$LTBR,Myofibroblast,0.0,0.0,353
SLC9A3,TNFSF14,LTBR,TNFSF14$LTBR,Myofibroblast,0.0,0.0,353
SLC9A3,FASLG,FAS,FASLG$FAS,Myofibroblast,0.0,0.0,353
SLC9A3,TNFSF10,TNFRSF10A,TNFSF10$TNFRSF10A,Myofibroblast,0.0,0.0,353
SLC9A3,ANGPTL4,SDC4,ANGPTL4$SDC4,Myofibroblast,0.0,0.0,353
SLC9A3,POSTN,ITGAV,POSTN$ITGAV,Myofibroblast,0.0,0.0,353
SLC9A3,POSTN,ITGB3,POSTN$ITGB3,Myofibroblast,0.0,0.0,353
SLC9A3,POSTN,ITGB5,POSTN$ITGB5,Myofibroblast,0.0,0.0,353
SLC9A3,PLG,F2RL1,PLG$F2RL1,Myofibroblast,0.0,0.0,353
SLC9A3,GZMA,F2RL1,GZMA$F2RL1,Myofibroblast,0.0,0.0,353
SLC9A3,VIP,VIPR1,VIP$VIPR1,Myofibroblast,0.0,0.0,353
SLC9A3,ADM,CALCR,ADM$CALCR,Myofibroblast,0.0,0.0,353
SLC9A3,GAS6,AXL,GAS6$AXL,Myofibroblast,0.0,0.0,353
SLC9A3,GAS6,MERTK,GAS6$MERTK,Myofibroblast,0.0,0.0,353
SLC9A3,GAS6,TYRO3,GAS6$TYRO3,Myofibroblast,0.0,0.0,353
SLC9A3,GRN,SORT1,GRN$SORT1,Myofibroblast,0.0,0.0,353
SLC9A3,GUCA2A,GUCY2C,GUCA2A$GUCY2C,Myofibroblast,0.0,0.0,353
SLC9A3,BTLA,TNFRSF14,BTLA$TNFRSF14,Myofibroblast,0.0,0.0,353
SLC9A3,LGALS9,CD44,LGALS9$CD44,Myofibroblast,0.0,0.0,353
SLC9A3,LAMA3,ITGA3,LAMA3$ITGA3,Myofibroblast,0.0,0.0,353
SLC9A3,LAMB3,ITGA3,LAMB3$ITGA3,Myofibroblast,0.0,0.0,353
SLC9A3,LAMC1,ITGA3,LAMC1$ITGA3,Myofibroblast,0.0,0.0,353
SLC9A3,LAMC2,ITGA3,LAMC2$ITGA3,Myofibroblast,0.0,0.0,353
SLC9A3,THBS1,ITGA3,THBS1$ITGA3,Myofibroblast,0.0,0.0,353
SLC9A3,COL4A1,ITGA3,COL4A1$ITGA3,Myofibroblast,0.0,0.0,353
SLC9A3,COL6A2,ITGA3,COL6A2$ITGA3,Myofibroblast,0.0,0.0,353
SLC9A3,LAMA3,ITGA6,LAMA3$ITGA6,Myofibroblast,0.0,0.0,353
SLC9A3,LAMB3,ITGA6,LAMB3$ITGA6,Myofibroblast,0.0,0.0,353
SLC9A3,LAMC2,ITGA6,LAMC2$ITGA6,Myofibroblast,0.0,0.0,353
SLC9A3,THBS1,ITGAV,THBS1$ITGAV,Myofibroblast,0.0,0.0,353
SLC9A3,LAMB3,ITGAV,LAMB3$ITGAV,Myofibroblast,0.0,0.0,353
SLC9A3,LAMA3,ITGB4,LAMA3$ITGB4,Myofibroblast,0.0,0.0,353
SLC9A3,LAMB3,ITGB4,LAMB3$ITGB4,Myofibroblast,0.0,0.0,353
SLC9A3,LAMC1,ITGB4,LAMC1$ITGB4,Myofibroblast,0.0,0.0,353
SLC9A3,LAMC2,ITGB4,LAMC2$ITGB4,Myofibroblast,0.0,0.0,353
SLC9A3,COL6A2,SDC4,COL6A2$SDC4,Myofibroblast,0.0,0.0,353
SLC9A3,THBS1,SDC4,THBS1$SDC4,Myofibroblast,0.0,0.0,353
SLC9A3,THBS1,CD47,THBS1$CD47,Myofibroblast,0.0,0.0,353
SLC9A3,LAMA3,DAG1,LAMA3$DAG1,Myofibroblast,0.0,0.0,353
SLC9A3,LAMB3,DAG1,LAMB3$DAG1,Myofibroblast,0.0,0.0,353
SLC9A3,CD46,JAG1,CD46$JAG1,Myofibroblast,0.0,0.0,353
SLC9A3,CD99,CD99,CD99$CD99,Myofibroblast,0.0,0.0,353
SLC9A3,CDH1,CDH1,CDH1$CDH1,Myofibroblast,0.0,0.0,353
SLC9A3,CDH1,ITGA2,CDH1$ITGA2,Myofibroblast,0.0,0.0,353
SLC9A3,CDH1,KLRG1,CDH1$KLRG1,Myofibroblast,0.0,0.0,353
SLC9A3,F11R,ITGAL,F11R$ITGAL,Myofibroblast,0.0,0.0,353
SLC9A3,F11R,F11R,F11R$F11R,Myofibroblast,0.0,0.0,353
SLC9A3,MPZL1,MPZL1,MPZL1$MPZL1,Myofibroblast,0.0,0.0,353
SLC9A3,JAG1,NOTCH2,JAG1$NOTCH2,Myofibroblast,0.0,0.0,353
SLC9A3,OCLN,OCLN,OCLN$OCLN,Myofibroblast,0.0,0.0,353
SLC9A3,SEMA4D,PLXNB2,SEMA4D$PLXNB2,Myofibroblast,0.0,0.0,353
SLC9A3,TGFB1,TGFBR2,TGFB1$TGFBR2,Pericyte,0.0,0.0,77
SLC9A3,TGFB1,ACVR1B,TGFB1$ACVR1B,Pericyte,0.0,0.0,77
SLC9A3,TGFB3,ACVR1B,TGFB3$ACVR1B,Pericyte,0.0,0.0,77
SLC9A3,BMP2,BMPR1A,BMP2$BMPR1A,Pericyte,0.0,0.0,77
SLC9A3,BMP2,ACVR2A,BMP2$ACVR2A,Pericyte,0.0,0.0,77
SLC9A3,BMP2,BMPR2,BMP2$BMPR2,Pericyte,0.0,0.0,77
SLC9A3,BMP4,BMPR1A,BMP4$BMPR1A,Pericyte,0.0,0.0,77
SLC9A3,BMP4,ACVR2A,BMP4$ACVR2A,Pericyte,0.0,0.0,77
SLC9A3,BMP4,BMPR2,BMP4$BMPR2,Pericyte,0.0,0.0,77
SLC9A3,GDF7,BMPR2,GDF7$BMPR2,Pericyte,0.0,0.0,77
SLC9A3,BMP6,ACVR2A,BMP6$ACVR2A,Pericyte,0.0,0.0,77
SLC9A3,BMP6,BMPR2,BMP6$BMPR2,Pericyte,0.0,0.0,77
SLC9A3,BMP6,BMPR1A,BMP6$BMPR1A,Pericyte,0.0,0.0,77
SLC9A3,BMP7,BMPR2,BMP7$BMPR2,Pericyte,0.0,0.0,77
SLC9A3,BMP8A,ACVR2A,BMP8A$ACVR2A,Pericyte,0.0,0.0,77
SLC9A3,BMP8A,BMPR2,BMP8A$BMPR2,Pericyte,0.0,0.0,77
SLC9A3,BMP8A,BMPR1A,BMP8A$BMPR1A,Pericyte,0.0,0.0,77
SLC9A3,BMP8B,ACVR2A,BMP8B$ACVR2A,Pericyte,0.0,0.0,77
SLC9A3,BMP8B,BMPR2,BMP8B$BMPR2,Pericyte,0.0,0.0,77
SLC9A3,GDF2,ACVRL1,GDF2$ACVRL1,Pericyte,0.0,0.0,77
SLC9A3,GDF11,ACVR1B,GDF11$ACVR1B,Pericyte,0.0,0.0,77
SLC9A3,GDF15,TGFBR2,GDF15$TGFBR2,Pericyte,0.0,0.0,77
SLC9A3,MSTN,ACVR1B,MSTN$ACVR1B,Pericyte,0.0,0.0,77
SLC9A3,INHBA,ACVR1B,INHBA$ACVR1B,Pericyte,0.0,0.0,77
SLC9A3,EGF,EGFR,EGF$EGFR,Pericyte,0.0,0.0,77
SLC9A3,TGFA,EGFR,TGFA$EGFR,Pericyte,0.0,0.0,77
SLC9A3,TGFA,ERBB2,TGFA$ERBB2,Pericyte,0.0,0.0,77
SLC9A3,HBEGF,EGFR,HBEGF$EGFR,Pericyte,0.0,0.0,77
SLC9A3,HBEGF,ERBB2,HBEGF$ERBB2,Pericyte,0.0,0.0,77
SLC9A3,EREG,EGFR,EREG$EGFR,Pericyte,0.0,0.0,77
SLC9A3,EREG,ERBB2,EREG$ERBB2,Pericyte,0.0,0.0,77
SLC9A3,FGF7,FGFR2,FGF7$FGFR2,Pericyte,0.0,0.0,77
SLC9A3,FGF9,FGFR4,FGF9$FGFR4,Pericyte,0.0,0.0,77
SLC9A3,PDGFA,PDGFRA,PDGFA$PDGFRA,Pericyte,0.0,0.0,77
SLC9A3,PDGFC,PDGFRA,PDGFC$PDGFRA,Pericyte,0.0,0.0,77
SLC9A3,IGF1,ITGA6,IGF1$ITGA6,Pericyte,0.0,0.0,77
SLC9A3,IGF1,ITGB4,IGF1$ITGB4,Pericyte,0.0,0.0,77
SLC9A3,IHH,PTCH1,IHH$PTCH1,Pericyte,0.0,0.0,77
SLC9A3,CCL15,CCR1,CCL15$CCR1,Pericyte,0.0,0.0,77
SLC9A3,CXCL12,ACKR3,CXCL12$ACKR3,Pericyte,0.0,0.0,77
SLC9A3,IL2,IL2RG,IL2$IL2RG,Pericyte,0.0,0.0,77
SLC9A3,IL7,IL2RG,IL7$IL2RG,Pericyte,0.0,0.0,77
SLC9A3,IL9,IL2RG,IL9$IL2RG,Pericyte,0.0,0.0,77
SLC9A3,IL15,IL2RG,IL15$IL2RG,Pericyte,0.0,0.0,77
SLC9A3,IL21,IL2RG,IL21$IL2RG,Pericyte,0.0,0.0,77
SLC9A3,IL4,IL13RA1,IL4$IL13RA1,Pericyte,0.0,0.0,77
SLC9A3,LIF,IL6ST,LIF$IL6ST,Pericyte,0.0,0.0,77
SLC9A3,IL10,IL10RB,IL10$IL10RB,Pericyte,0.0,0.0,77
SLC9A3,IL24,IL22RA1,IL24$IL22RA1,Pericyte,0.0,0.0,77
SLC9A3,IL26,IL10RB,IL26$IL10RB,Pericyte,0.0,0.0,77
SLC9A3,IL18,IL18R1,IL18$IL18R1,Pericyte,0.0,0.0,77
SLC9A3,IFNG,IFNGR1,IFNG$IFNGR1,Pericyte,0.0,0.0,77
SLC9A3,LTB,LTBR,LTB$LTBR,Pericyte,0.0,0.0,77
SLC9A3,TNFSF14,LTBR,TNFSF14$LTBR,Pericyte,0.0,0.0,77
SLC9A3,FASLG,FAS,FASLG$FAS,Pericyte,0.0,0.0,77
SLC9A3,TNFSF10,TNFRSF10A,TNFSF10$TNFRSF10A,Pericyte,0.0,0.0,77
SLC9A3,ANGPTL4,SDC4,ANGPTL4$SDC4,Pericyte,0.0,0.0,77
SLC9A3,POSTN,ITGAV,POSTN$ITGAV,Pericyte,0.0,0.0,77
SLC9A3,POSTN,ITGB3,POSTN$ITGB3,Pericyte,0.0,0.0,77
SLC9A3,POSTN,ITGB5,POSTN$ITGB5,Pericyte,0.0,0.0,77
SLC9A3,PLG,F2RL1,PLG$F2RL1,Pericyte,0.0,0.0,77
SLC9A3,GZMA,F2RL1,GZMA$F2RL1,Pericyte,0.0,0.0,77
SLC9A3,VIP,VIPR1,VIP$VIPR1,Pericyte,0.0,0.0,77
SLC9A3,ADM,CALCR,ADM$CALCR,Pericyte,0.0,0.0,77
SLC9A3,GAS6,AXL,GAS6$AXL,Pericyte,0.0,0.0,77
SLC9A3,GAS6,MERTK,GAS6$MERTK,Pericyte,0.0,0.0,77
SLC9A3,GAS6,TYRO3,GAS6$TYRO3,Pericyte,0.0,0.0,77
SLC9A3,GRN,SORT1,GRN$SORT1,Pericyte,0.0,0.0,77
SLC9A3,GUCA2A,GUCY2C,GUCA2A$GUCY2C,Pericyte,0.0,0.0,77
SLC9A3,BTLA,TNFRSF14,BTLA$TNFRSF14,Pericyte,0.0,0.0,77
SLC9A3,LGALS9,CD44,LGALS9$CD44,Pericyte,0.0,0.0,77
SLC9A3,LAMA3,ITGA3,LAMA3$ITGA3,Pericyte,0.0,0.0,77
SLC9A3,LAMB3,ITGA3,LAMB3$ITGA3,Pericyte,0.0,0.0,77
SLC9A3,LAMC1,ITGA3,LAMC1$ITGA3,Pericyte,0.0,0.0,77
SLC9A3,LAMC2,ITGA3,LAMC2$ITGA3,Pericyte,0.0,0.0,77
SLC9A3,THBS1,ITGA3,THBS1$ITGA3,Pericyte,0.0,0.0,77
SLC9A3,COL4A1,ITGA3,COL4A1$ITGA3,Pericyte,0.0,0.0,77
SLC9A3,COL6A2,ITGA3,COL6A2$ITGA3,Pericyte,0.0,0.0,77
SLC9A3,LAMA3,ITGA6,LAMA3$ITGA6,Pericyte,0.0,0.0,77
SLC9A3,LAMB3,ITGA6,LAMB3$ITGA6,Pericyte,0.0,0.0,77
SLC9A3,LAMC2,ITGA6,LAMC2$ITGA6,Pericyte,0.0,0.0,77
SLC9A3,THBS1,ITGAV,THBS1$ITGAV,Pericyte,0.0,0.0,77
SLC9A3,LAMB3,ITGAV,LAMB3$ITGAV,Pericyte,0.0,0.0,77
SLC9A3,LAMA3,ITGB4,LAMA3$ITGB4,Pericyte,0.0,0.0,77
SLC9A3,LAMB3,ITGB4,LAMB3$ITGB4,Pericyte,0.0,0.0,77
SLC9A3,LAMC1,ITGB4,LAMC1$ITGB4,Pericyte,0.0,0.0,77
SLC9A3,LAMC2,ITGB4,LAMC2$ITGB4,Pericyte,0.0,0.0,77
SLC9A3,COL6A2,SDC4,COL6A2$SDC4,Pericyte,0.0,0.0,77
SLC9A3,THBS1,SDC4,THBS1$SDC4,Pericyte,0.0,0.0,77
SLC9A3,THBS1,CD47,THBS1$CD47,Pericyte,0.0,0.0,77
SLC9A3,LAMA3,DAG1,LAMA3$DAG1,Pericyte,0.0,0.0,77
SLC9A3,LAMB3,DAG1,LAMB3$DAG1,Pericyte,0.0,0.0,77
SLC9A3,CD46,JAG1,CD46$JAG1,Pericyte,0.0,0.0,77
SLC9A3,CD99,CD99,CD99$CD99,Pericyte,0.0,0.0,77
SLC9A3,CDH1,CDH1,CDH1$CDH1,Pericyte,0.0,0.0,77
SLC9A3,CDH1,ITGA2,CDH1$ITGA2,Pericyte,0.0,0.0,77
SLC9A3,CDH1,KLRG1,CDH1$KLRG1,Pericyte,0.0,0.0,77
SLC9A3,F11R,ITGAL,F11R$ITGAL,Pericyte,0.0,0.0,77
SLC9A3,F11R,F11R,F11R$F11R,Pericyte,0.0,0.0,77
SLC9A3,MPZL1,MPZL1,MPZL1$MPZL1,Pericyte,0.0,0.0,77
SLC9A3,JAG1,NOTCH2,JAG1$NOTCH2,Pericyte,0.0,0.0,77
SLC9A3,OCLN,OCLN,OCLN$OCLN,Pericyte,0.0,0.0,77
SLC9A3,SEMA4D,PLXNB2,SEMA4D$PLXNB2,Pericyte,0.0,0.0,77
SLC9A3,TGFB1,TGFBR2,TGFB1$TGFBR2,Plasma,0.0,0.0,1312
SLC9A3,TGFB1,ACVR1B,TGFB1$ACVR1B,Plasma,0.0,0.0,1312
SLC9A3,TGFB3,ACVR1B,TGFB3$ACVR1B,Plasma,0.0,0.0,1312
SLC9A3,BMP2,BMPR1A,BMP2$BMPR1A,Plasma,0.0,0.0,1312
SLC9A3,BMP2,ACVR2A,BMP2$ACVR2A,Plasma,0.0,0.0,1312
SLC9A3,BMP2,BMPR2,BMP2$BMPR2,Plasma,0.0,0.0,1312
SLC9A3,BMP4,BMPR1A,BMP4$BMPR1A,Plasma,0.0,0.0,1312
SLC9A3,BMP4,ACVR2A,BMP4$ACVR2A,Plasma,0.0,0.0,1312
SLC9A3,BMP4,BMPR2,BMP4$BMPR2,Plasma,0.0,0.0,1312
SLC9A3,GDF7,BMPR2,GDF7$BMPR2,Plasma,0.0,0.0,1312
SLC9A3,BMP6,ACVR2A,BMP6$ACVR2A,Plasma,0.0,0.0,1312
SLC9A3,BMP6,BMPR2,BMP6$BMPR2,Plasma,0.0,0.0,1312
SLC9A3,BMP6,BMPR1A,BMP6$BMPR1A,Plasma,0.0,0.0,1312
SLC9A3,BMP7,BMPR2,BMP7$BMPR2,Plasma,0.0,0.0,1312
SLC9A3,BMP8A,ACVR2A,BMP8A$ACVR2A,Plasma,0.0,0.0,1312
SLC9A3,BMP8A,BMPR2,BMP8A$BMPR2,Plasma,0.0,0.0,1312
SLC9A3,BMP8A,BMPR1A,BMP8A$BMPR1A,Plasma,0.0,0.0,1312
SLC9A3,BMP8B,ACVR2A,BMP8B$ACVR2A,Plasma,0.0,0.0,1312
SLC9A3,BMP8B,BMPR2,BMP8B$BMPR2,Plasma,0.0,0.0,1312
SLC9A3,GDF2,ACVRL1,GDF2$ACVRL1,Plasma,0.0,0.0,1312
SLC9A3,GDF11,ACVR1B,GDF11$ACVR1B,Plasma,0.0,0.0,1312
SLC9A3,GDF15,TGFBR2,GDF15$TGFBR2,Plasma,0.0,0.0,1312
SLC9A3,MSTN,ACVR1B,MSTN$ACVR1B,Plasma,0.0,0.0,1312
SLC9A3,INHBA,ACVR1B,INHBA$ACVR1B,Plasma,0.0,0.0,1312
SLC9A3,EGF,EGFR,EGF$EGFR,Plasma,0.0,0.0,1312
SLC9A3,TGFA,EGFR,TGFA$EGFR,Plasma,0.0,0.0,1312
SLC9A3,TGFA,ERBB2,TGFA$ERBB2,Plasma,0.0,0.0,1312
SLC9A3,HBEGF,EGFR,HBEGF$EGFR,Plasma,0.0,0.0,1312
SLC9A3,HBEGF,ERBB2,HBEGF$ERBB2,Plasma,0.0,0.0,1312
SLC9A3,EREG,EGFR,EREG$EGFR,Plasma,0.0,0.0,1312
SLC9A3,EREG,ERBB2,EREG$ERBB2,Plasma,0.0,0.0,1312
SLC9A3,FGF7,FGFR2,FGF7$FGFR2,Plasma,0.0,0.0,1312
SLC9A3,FGF9,FGFR4,FGF9$FGFR4,Plasma,0.0,0.0,1312
SLC9A3,PDGFA,PDGFRA,PDGFA$PDGFRA,Plasma,0.0,0.0,1312
SLC9A3,PDGFC,PDGFRA,PDGFC$PDGFRA,Plasma,0.0,0.0,1312
SLC9A3,IGF1,ITGA6,IGF1$ITGA6,Plasma,0.0,0.0,1312
SLC9A3,IGF1,ITGB4,IGF1$ITGB4,Plasma,0.0,0.0,1312
SLC9A3,IHH,PTCH1,IHH$PTCH1,Plasma,0.0,0.0,1312
SLC9A3,CCL15,CCR1,CCL15$CCR1,Plasma,0.0,0.0,1312
SLC9A3,CXCL12,ACKR3,CXCL12$ACKR3,Plasma,0.0,0.0,1312
SLC9A3,IL2,IL2RG,IL2$IL2RG,Plasma,0.0,0.0,1312
SLC9A3,IL7,IL2RG,IL7$IL2RG,Plasma,0.0,0.0,1312
SLC9A3,IL9,IL2RG,IL9$IL2RG,Plasma,0.0,0.0,1312
SLC9A3,IL15,IL2RG,IL15$IL2RG,Plasma,0.0,0.0,1312
SLC9A3,IL21,IL2RG,IL21$IL2RG,Plasma,0.0,0.0,1312
SLC9A3,IL4,IL13RA1,IL4$IL13RA1,Plasma,0.0,0.0,1312
SLC9A3,LIF,IL6ST,LIF$IL6ST,Plasma,0.0,0.0,1312
SLC9A3,IL10,IL10RB,IL10$IL10RB,Plasma,0.0,0.0,1312
SLC9A3,IL24,IL22RA1,IL24$IL22RA1,Plasma,0.0,0.0,1312
SLC9A3,IL26,IL10RB,IL26$IL10RB,Plasma,0.0,0.0,1312
SLC9A3,IL18,IL18R1,IL18$IL18R1,Plasma,0.0,0.0,1312
SLC9A3,IFNG,IFNGR1,IFNG$IFNGR1,Plasma,0.0,0.0,1312
SLC9A3,LTB,LTBR,LTB$LTBR,Plasma,0.0,0.0,1312
SLC9A3,TNFSF14,LTBR,TNFSF14$LTBR,Plasma,0.0,0.0,1312
SLC9A3,FASLG,FAS,FASLG$FAS,Plasma,0.0,0.0,1312
SLC9A3,TNFSF10,TNFRSF10A,TNFSF10$TNFRSF10A,Plasma,0.0,0.0,1312
SLC9A3,ANGPTL4,SDC4,ANGPTL4$SDC4,Plasma,0.0,0.0,1312
SLC9A3,POSTN,ITGAV,POSTN$ITGAV,Plasma,0.0,0.0,1312
SLC9A3,POSTN,ITGB3,POSTN$ITGB3,Plasma,0.0,0.0,1312
SLC9A3,POSTN,ITGB5,POSTN$ITGB5,Plasma,0.0,0.0,1312
SLC9A3,PLG,F2RL1,PLG$F2RL1,Plasma,0.0,0.0,1312
SLC9A3,GZMA,F2RL1,GZMA$F2RL1,Plasma,0.0,0.0,1312
SLC9A3,VIP,VIPR1,VIP$VIPR1,Plasma,0.0,0.0,1312
SLC9A3,ADM,CALCR,ADM$CALCR,Plasma,0.0,0.0,1312
SLC9A3,GAS6,AXL,GAS6$AXL,Plasma,0.0,0.0,1312
SLC9A3,GAS6,MERTK,GAS6$MERTK,Plasma,0.0,0.0,1312
SLC9A3,GAS6,TYRO3,GAS6$TYRO3,Plasma,0.0,0.0,1312
SLC9A3,GRN,SORT1,GRN$SORT1,Plasma,0.0,0.0,1312
SLC9A3,GUCA2A,GUCY2C,GUCA2A$GUCY2C,Plasma,0.0,0.0,1312
SLC9A3,BTLA,TNFRSF14,BTLA$TNFRSF14,Plasma,0.0,0.0,1312
SLC9A3,LGALS9,CD44,LGALS9$CD44,Plasma,0.0,0.0,1312
SLC9A3,LAMA3,ITGA3,LAMA3$ITGA3,Plasma,0.0,0.0,1312
SLC9A3,LAMB3,ITGA3,LAMB3$ITGA3,Plasma,0.0,0.0,1312
SLC9A3,LAMC1,ITGA3,LAMC1$ITGA3,Plasma,0.0,0.0,1312
SLC9A3,LAMC2,ITGA3,LAMC2$ITGA3,Plasma,0.0,0.0,1312
SLC9A3,THBS1,ITGA3,THBS1$ITGA3,Plasma,0.0,0.0,1312
SLC9A3,COL4A1,ITGA3,COL4A1$ITGA3,Plasma,0.0,0.0,1312
SLC9A3,COL6A2,ITGA3,COL6A2$ITGA3,Plasma,0.0,0.0,1312
SLC9A3,LAMA3,ITGA6,LAMA3$ITGA6,Plasma,0.0,0.0,1312
SLC9A3,LAMB3,ITGA6,LAMB3$ITGA6,Plasma,0.0,0.0,1312
SLC9A3,LAMC2,ITGA6,LAMC2$ITGA6,Plasma,0.0,0.0,1312
SLC9A3,THBS1,ITGAV,THBS1$ITGAV,Plasma,0.0,0.0,1312
SLC9A3,LAMB3,ITGAV,LAMB3$ITGAV,Plasma,0.0,0.0,1312
SLC9A3,LAMA3,ITGB4,LAMA3$ITGB4,Plasma,0.0,0.0,1312
SLC9A3,LAMB3,ITGB4,LAMB3$ITGB4,Plasma,0.0,0.0,1312
SLC9A3,LAMC1,ITGB4,LAMC1$ITGB4,Plasma,0.0,0.0,1312
SLC9A3,LAMC2,ITGB4,LAMC2$ITGB4,Plasma,0.0,0.0,1312
SLC9A3,COL6A2,SDC4,COL6A2$SDC4,Plasma,0.0,0.0,1312
SLC9A3,THBS1,SDC4,THBS1$SDC4,Plasma,0.0,0.0,1312
SLC9A3,THBS1,CD47,THBS1$CD47,Plasma,0.0,0.0,1312
SLC9A3,LAMA3,DAG1,LAMA3$DAG1,Plasma,0.0,0.0,1312
SLC9A3,LAMB3,DAG1,LAMB3$DAG1,Plasma,0.0,0.0,1312
SLC9A3,CD46,JAG1,CD46$JAG1,Plasma,0.0,0.0,1312
SLC9A3,CD99,CD99,CD99$CD99,Plasma,0.0,0.0,1312
SLC9A3,CDH1,CDH1,CDH1$CDH1,Plasma,0.0,0.0,1312
SLC9A3,CDH1,ITGA2,CDH1$ITGA2,Plasma,0.0,0.0,1312
SLC9A3,CDH1,KLRG1,CDH1$KLRG1,Plasma,0.0,0.0,1312
SLC9A3,F11R,ITGAL,F11R$ITGAL,Plasma,0.0,0.0,1312
SLC9A3,F11R,F11R,F11R$F11R,Plasma,0.0,0.0,1312
SLC9A3,MPZL1,MPZL1,MPZL1$MPZL1,Plasma,0.0,0.0,1312
SLC9A3,JAG1,NOTCH2,JAG1$NOTCH2,Plasma,0.0,0.0,1312
SLC9A3,OCLN,OCLN,OCLN$OCLN,Plasma,0.0,0.0,1312
SLC9A3,SEMA4D,PLXNB2,SEMA4D$PLXNB2,Plasma,0.0,0.0,1312
SLC9A3,TGFB1,TGFBR2,TGFB1$TGFBR2,T,0.0,0.0,526
SLC9A3,TGFB1,ACVR1B,TGFB1$ACVR1B,T,0.0,0.0,526
SLC9A3,TGFB3,ACVR1B,TGFB3$ACVR1B,T,0.0,0.0,526
SLC9A3,BMP2,BMPR1A,BMP2$BMPR1A,T,0.0,0.0,526
SLC9A3,BMP2,ACVR2A,BMP2$ACVR2A,T,0.0,0.0,526
SLC9A3,BMP2,BMPR2,BMP2$BMPR2,T,0.0,0.0,526
SLC9A3,BMP4,BMPR1A,BMP4$BMPR1A,T,0.0,0.0,526
SLC9A3,BMP4,ACVR2A,BMP4$ACVR2A,T,0.0,0.0,526
SLC9A3,BMP4,BMPR2,BMP4$BMPR2,T,0.0,0.0,526
SLC9A3,GDF7,BMPR2,GDF7$BMPR2,T,0.0,0.0,526
SLC9A3,BMP6,ACVR2A,BMP6$ACVR2A,T,0.0,0.0,526
SLC9A3,BMP6,BMPR2,BMP6$BMPR2,T,0.0,0.0,526
SLC9A3,BMP6,BMPR1A,BMP6$BMPR1A,T,0.0,0.0,526
SLC9A3,BMP7,BMPR2,BMP7$BMPR2,T,0.0,0.0,526
SLC9A3,BMP8A,ACVR2A,BMP8A$ACVR2A,T,0.0,0.0,526
SLC9A3,BMP8A,BMPR2,BMP8A$BMPR2,T,0.0,0.0,526
SLC9A3,BMP8A,BMPR1A,BMP8A$BMPR1A,T,0.0,0.0,526
SLC9A3,BMP8B,ACVR2A,BMP8B$ACVR2A,T,0.0,0.0,526
SLC9A3,BMP8B,BMPR2,BMP8B$BMPR2,T,0.0,0.0,526
SLC9A3,GDF2,ACVRL1,GDF2$ACVRL1,T,0.0,0.0,526
SLC9A3,GDF11,ACVR1B,GDF11$ACVR1B,T,0.0,0.0,526
SLC9A3,GDF15,TGFBR2,GDF15$TGFBR2,T,0.0,0.0,526
SLC9A3,MSTN,ACVR1B,MSTN$ACVR1B,T,0.0,0.0,526
SLC9A3,INHBA,ACVR1B,INHBA$ACVR1B,T,0.0,0.0,526
SLC9A3,EGF,EGFR,EGF$EGFR,T,0.0,0.0,526
SLC9A3,TGFA,EGFR,TGFA$EGFR,T,0.0,0.0,526
SLC9A3,TGFA,ERBB2,TGFA$ERBB2,T,0.0,0.0,526
SLC9A3,HBEGF,EGFR,HBEGF$EGFR,T,0.0,0.0,526
SLC9A3,HBEGF,ERBB2,HBEGF$ERBB2,T,0.0,0.0,526
SLC9A3,EREG,EGFR,EREG$EGFR,T,0.0,0.0,526
SLC9A3,EREG,ERBB2,EREG$ERBB2,T,0.0,0.0,526
SLC9A3,FGF7,FGFR2,FGF7$FGFR2,T,0.0,0.0,526
SLC9A3,FGF9,FGFR4,FGF9$FGFR4,T,0.0,0.0,526
SLC9A3,PDGFA,PDGFRA,PDGFA$PDGFRA,T,0.0,0.0,526
SLC9A3,PDGFC,PDGFRA,PDGFC$PDGFRA,T,0.0,0.0,526
SLC9A3,IGF1,ITGA6,IGF1$ITGA6,T,0.0,0.0,526
SLC9A3,IGF1,ITGB4,IGF1$ITGB4,T,0.0,0.0,526
SLC9A3,IHH,PTCH1,IHH$PTCH1,T,0.0,0.0,526
SLC9A3,CCL15,CCR1,CCL15$CCR1,T,0.0,0.0,526
SLC9A3,CXCL12,ACKR3,CXCL12$ACKR3,T,0.0,0.0,526
SLC9A3,IL2,IL2RG,IL2$IL2RG,T,0.0,0.0,526
SLC9A3,IL7,IL2RG,IL7$IL2RG,T,0.0,0.0,526
SLC9A3,IL9,IL2RG,IL9$IL2RG,T,0.0,0.0,526
SLC9A3,IL15,IL2RG,IL15$IL2RG,T,0.0,0.0,526
SLC9A3,IL21,IL2RG,IL21$IL2RG,T,0.0,0.0,526
SLC9A3,IL4,IL13RA1,IL4$IL13RA1,T,0.0,0.0,526
SLC9A3,LIF,IL6ST,LIF$IL6ST,T,0.0,0.0,526
SLC9A3,IL10,IL10RB,IL10$IL10RB,T,0.0,0.0,526
SLC9A3,IL24,IL22RA1,IL24$IL22RA1,T,0.0,0.0,526
SLC9A3,IL26,IL10RB,IL26$IL10RB,T,0.0,0.0,526
SLC9A3,IL18,IL18R1,IL18$IL18R1,T,0.0,0.0,526
SLC9A3,IFNG,IFNGR1,IFNG$IFNGR1,T,0.0,0.0,526
SLC9A3,LTB,LTBR,LTB$LTBR,T,0.0,0.0,526
SLC9A3,TNFSF14,LTBR,TNFSF14$LTBR,T,0.0,0.0,526
SLC9A3,FASLG,FAS,FASLG$FAS,T,0.0,0.0,526
SLC9A3,TNFSF10,TNFRSF10A,TNFSF10$TNFRSF10A,T,0.0,0.0,526
SLC9A3,ANGPTL4,SDC4,ANGPTL4$SDC4,T,0.0,0.0,526
SLC9A3,POSTN,ITGAV,POSTN$ITGAV,T,0.0,0.0,526
SLC9A3,POSTN,ITGB3,POSTN$ITGB3,T,0.0,0.0,526
SLC9A3,POSTN,ITGB5,POSTN$ITGB5,T,0.0,0.0,526
SLC9A3,PLG,F2RL1,PLG$F2RL1,T,0.0,0.0,526
SLC9A3,GZMA,F2RL1,GZMA$F2RL1,T,0.0,0.0,526
SLC9A3,VIP,VIPR1,VIP$VIPR1,T,0.0,0.0,526
SLC9A3,ADM,CALCR,ADM$CALCR,T,0.0,0.0,526
SLC9A3,GAS6,AXL,GAS6$AXL,T,0.0,0.0,526
SLC9A3,GAS6,MERTK,GAS6$MERTK,T,0.0,0.0,526
SLC9A3,GAS6,TYRO3,GAS6$TYRO3,T,0.0,0.0,526
SLC9A3,GRN,SORT1,GRN$SORT1,T,0.0,0.0,526
SLC9A3,GUCA2A,GUCY2C,GUCA2A$GUCY2C,T,0.0,0.0,526
SLC9A3,BTLA,TNFRSF14,BTLA$TNFRSF14,T,0.0,0.0,526
SLC9A3,LGALS9,CD44,LGALS9$CD44,T,0.0,0.0,526
SLC9A3,LAMA3,ITGA3,LAMA3$ITGA3,T,0.0,0.0,526
SLC9A3,LAMB3,ITGA3,LAMB3$ITGA3,T,0.0,0.0,526
SLC9A3,LAMC1,ITGA3,LAMC1$ITGA3,T,0.0,0.0,526
SLC9A3,LAMC2,ITGA3,LAMC2$ITGA3,T,0.0,0.0,526
SLC9A3,THBS1,ITGA3,THBS1$ITGA3,T,0.0,0.0,526
SLC9A3,COL4A1,ITGA3,COL4A1$ITGA3,T,0.0,0.0,526
SLC9A3,COL6A2,ITGA3,COL6A2$ITGA3,T,0.0,0.0,526
SLC9A3,LAMA3,ITGA6,LAMA3$ITGA6,T,0.0,0.0,526
SLC9A3,LAMB3,ITGA6,LAMB3$ITGA6,T,0.0,0.0,526
SLC9A3,LAMC2,ITGA6,LAMC2$ITGA6,T,0.0,0.0,526
SLC9A3,THBS1,ITGAV,THBS1$ITGAV,T,0.0,0.0,526
SLC9A3,LAMB3,ITGAV,LAMB3$ITGAV,T,0.0,0.0,526
SLC9A3,LAMA3,ITGB4,LAMA3$ITGB4,T,0.0,0.0,526
SLC9A3,LAMB3,ITGB4,LAMB3$ITGB4,T,0.0,0.0,526
SLC9A3,LAMC1,ITGB4,LAMC1$ITGB4,T,0.0,0.0,526
SLC9A3,LAMC2,ITGB4,LAMC2$ITGB4,T,0.0,0.0,526
SLC9A3,COL6A2,SDC4,COL6A2$SDC4,T,0.0,0.0,526
SLC9A3,THBS1,SDC4,THBS1$SDC4,T,0.0,0.0,526
SLC9A3,THBS1,CD47,THBS1$CD47,T,0.0,0.0,526
SLC9A3,LAMA3,DAG1,LAMA3$DAG1,T,0.0,0.0,526
SLC9A3,LAMB3,DAG1,LAMB3$DAG1,T,0.0,0.0,526
SLC9A3,CD46,JAG1,CD46$JAG1,T,0.0,0.0,526
SLC9A3,CD99,CD99,CD99$CD99,T,0.0,0.0,526
SLC9A3,CDH1,CDH1,CDH1$CDH1,T,0.0,0.0,526
SLC9A3,CDH1,ITGA2,CDH1$ITGA2,T,0.0,0.0,526
SLC9A3,CDH1,KLRG1,CDH1$KLRG1,T,0.0,0.0,526
SLC9A3,F11R,ITGAL,F11R$ITGAL,T,0.0,0.0,526
SLC9A3,F11R,F11R,F11R$F11R,T,0.0,0.0,526
SLC9A3,MPZL1,MPZL1,MPZL1$MPZL1,T,0.0,0.0,526
SLC9A3,JAG1,NOTCH2,JAG1$NOTCH2,T,0.0,0.0,526
SLC9A3,OCLN,OCLN,OCLN$OCLN,T,0.0,0.0,526
SLC9A3,SEMA4D,PLXNB2,SEMA4D$PLXNB2,T,0.0,0.0,526
