cell_type,gene_pair,n_cells,frac_sig,mean_cs,mean_cs_sig,mean_neg_log10_pval,log2_enrichment
B,SLC2A1_SLC2A1,6,0.0,0.0,,2.0355039,-inf
B,SLC16A1_SLC16A1,6,0.0,0.0,,2.2865505,-inf
B,SLC16A1_SLC22A5,6,0.0,0.0,,2.751874,-inf
B,SLC22A5_SLC22A5,6,0.0,0.0,,1.4258536,-inf
B,SLC3A2_SLC40A1,6,0.0,0.0,,2.1753473,-inf
B,SLC40A1_SLC40A1,6,0.0,4.07567029722505,,0.9716399,-inf
B,SLC22A4_SLC22A5,6,0.0,0.0,,2.8044188,-inf
B,SLC16A9_SLC22A5,6,0.0,0.0,,2.7766972,-inf
B,SLC16A9_SLC16A9,6,0.0,0.0,,2.39452,-inf
B,SLC12A2_SLC12A2,6,0.0,0.0,,1.8733023,-inf
B,CPT1A_CPT1A,6,0.0,0.0,,0.75373274,-inf
B,FABP5_FABP5,6,0.0,0.0,,1.6235276,-inf
B,CD36_FABP5,6,0.0,0.0,,3.0004342,-inf
B,CD36_MSR1,6,0.0,0.0,,3.0004342,-inf
B,CD36_CD36,6,0.0,0.0,,2.4872372,-inf
B,MSR1_MSR1,6,0.0,0.0,,2.5905354,-inf
B,ABCA1_ABCA1,6,0.0,0.0,,1.6917483,-inf
B,ABCG2_ABCG2,6,0.0,0.0,,2.3285193,-inf
B,ABCB1_ABCB1,6,0.0,0.0,,1.8652457,-inf
B,ABCB1_ABCG2,6,0.0,0.0,,3.0004342,-inf
B,SLC20A2_SLC20A2,6,0.0,0.0,,2.1853082,-inf
B,ATP7B_SLC20A2,6,0.0,0.0,,2.5856757,-inf
B,ABCC3_ABCG2,6,0.0,0.0,,3.0004342,-inf
B,ABCC3_ABCC3,6,0.0,0.0,,1.6084229,-inf
B,SLC15A1_SLC15A1,6,0.0,0.0,,2.7618735,-inf
B,CD38_CD38,6,0.0,0.0,,1.9771525,-inf
B,SCARB1_SCARB1,6,0.0,0.0,,2.490192,-inf
B,ABCC4_SLCO2B1,6,0.0,0.0,,2.5905354,-inf
B,ABCC3_SLC16A1,6,0.0,0.0,,3.0004342,-inf
B,ABCG2_SLC16A1,6,0.0,0.0,,3.0004342,-inf
B,ABCC1_SLCO2B1,6,0.0,0.0,,2.4817226,-inf
B,ABCB1_SLC16A1,6,0.0,0.0,,3.0004342,-inf
B,ABCB1_SLC22A4,6,0.0,0.0,,2.7172725,-inf
B,ABCG2_SLC22A4,6,0.0,0.0,,2.7542474,-inf
B,TAP1_TAP1,6,0.0,0.0,,1.3209974,-inf
B,AQP8_AQP8,6,0.0,0.0,,1.8637952,-inf
B,AQP7_AQP8,6,0.0,0.0,,3.0004342,-inf
B,AQP7_AQP7,6,0.0,0.0,,2.1085196,-inf
B,ABCB1_SLC22A5,6,0.0,0.0,,2.7144337,-inf
B,ABCG2_SLC22A5,6,0.0,0.0,,2.751874,-inf
B,ABCC3_SLC22A5,6,0.0,0.0,,2.698282,-inf
B,ABCB1_SLC15A1,6,0.0,0.0,,3.0004342,-inf
B,CLCN3_CLCN3,6,0.0,0.0,,1.1874508,-inf
B,SLC9A3_SLC9A3,6,0.0,0.0,,1.8890837,-inf
B,SLC9A1_SLC9A3,6,0.0,0.0,,3.0004342,-inf
B,SLC9A1_SLC9A1,6,0.0,0.0,,1.4107596,-inf
B,SLC26A2_SLC26A3,6,0.0,0.0,,2.5868604,-inf
B,SLC26A2_SLC26A2,6,0.0,0.0,,0.54327303,-inf
B,SLC26A3_SLC26A3,6,0.0,0.0,,0.60104257,-inf
B,SCNN1A_SCNN1A,6,0.0,0.0,,0.93463516,-inf
B,SCNN1A_SCNN1G,6,0.0,0.0,,3.0004342,-inf
Endothelial_arterial,SLC2A1_SLC2A1,61,0.0,0.0,,2.0957625,-inf
Endothelial_arterial,SLC16A1_SLC16A1,61,0.0,0.0,,2.2924683,-inf
Endothelial_arterial,SLC16A1_SLC22A5,61,0.0,0.0,,2.6638613,-inf
Endothelial_arterial,SLC22A5_SLC22A5,61,0.0,0.0,,1.457133,-inf
Endothelial_arterial,SLC3A2_SLC40A1,61,0.0,1.454958857783988,,1.9445348,-inf
Endothelial_arterial,SLC40A1_SLC40A1,61,0.01639344262295082,1.0036143039365948,24.875583145442306,0.97009027,-1.7456259323058978
Endothelial_arterial,SLC22A4_SLC22A5,61,0.0,0.0,,2.729009,-inf
Endothelial_arterial,SLC16A9_SLC22A5,61,0.0,0.0,,2.7366574,-inf
Endothelial_arterial,SLC16A9_SLC16A9,61,0.0,0.0,,2.5614579,-inf
Endothelial_arterial,SLC12A2_SLC12A2,61,0.01639344262295082,0.13939351266987957,8.503004272862654,1.9206287,-0.174338368481818
Endothelial_arterial,CPT1A_CPT1A,61,0.03278688524590164,2.4439677056185025,40.23407629153769,0.8110589,-0.7683460088059814
Endothelial_arterial,FABP5_FABP5,61,0.21311475409836064,4.949623307779796,23.22515552112058,1.8060473,2.896469799604389
Endothelial_arterial,CD36_FABP5,61,0.03278688524590164,5.46519159679734,57.48697705894347,1.8192145,3.6466914904728625
Endothelial_arterial,CD36_MSR1,61,0.03278688524590164,2.3761941600899146,46.228224999195845,2.1868343,3.9686195853602246
Endothelial_arterial,CD36_CD36,61,0.04918032786885246,1.4186630240815659,28.84614815632517,2.5747392,3.184348276415662
Endothelial_arterial,MSR1_MSR1,61,0.0,0.0,,2.6826234,-inf
Endothelial_arterial,ABCA1_ABCA1,61,0.03278688524590164,0.8904734784487137,27.159441092685768,1.748149,0.3344135656192195
Endothelial_arterial,ABCG2_ABCG2,61,0.0,0.0,,2.3730483,-inf
Endothelial_arterial,ABCB1_ABCB1,61,0.01639344262295082,0.14543581369718397,8.871584635528222,1.8441987,-0.9542125541173152
Endothelial_arterial,ABCB1_ABCG2,61,0.0,0.0,,2.6753018,-inf
Endothelial_arterial,SLC20A2_SLC20A2,61,0.0,0.0,,2.294577,-inf
Endothelial_arterial,ATP7B_SLC20A2,61,0.0,0.0,,2.8651834,-inf
Endothelial_arterial,ABCC3_ABCG2,61,0.0,0.0,,2.87902,-inf
Endothelial_arterial,ABCC3_ABCC3,61,0.0,0.0,,1.6448568,-inf
Endothelial_arterial,SLC15A1_SLC15A1,61,0.0,0.0,,2.772121,-inf
Endothelial_arterial,CD38_CD38,61,0.0,0.0,,2.0100276,-inf
Endothelial_arterial,SCARB1_SCARB1,61,0.01639344262295082,0.2780505904556776,16.961086017796333,2.5964715,1.5993857756945058
Endothelial_arterial,ABCC4_SLCO2B1,61,0.0,0.0,,2.4825776,-inf
Endothelial_arterial,ABCC3_SLC16A1,61,0.0,0.0,,2.8494434,-inf
Endothelial_arterial,ABCG2_SLC16A1,61,0.0,0.0,,2.8856907,-inf
Endothelial_arterial,ABCC1_SLCO2B1,61,0.0,0.5699929562749209,,2.1569173,-inf
Endothelial_arterial,ABCB1_SLC16A1,61,0.01639344262295082,0.6084949407689788,37.11819138690771,2.6892219,2.094150467444084
Endothelial_arterial,ABCB1_SLC22A4,61,0.0,0.0,,2.7919803,-inf
Endothelial_arterial,ABCG2_SLC22A4,61,0.0,0.0,,2.9791043,-inf
Endothelial_arterial,TAP1_TAP1,61,0.08196721311475409,1.2086276968623415,14.745257901720567,1.3969682,0.8311160616102897
Endothelial_arterial,AQP8_AQP8,61,0.0,0.0,,1.9125876,-inf
Endothelial_arterial,AQP7_AQP8,61,0.0,0.0,,2.331279,-inf
Endothelial_arterial,AQP7_AQP7,61,0.03278688524590164,0.49060900790688394,14.96357474115996,2.273938,1.825661631518182
Endothelial_arterial,ABCB1_SLC22A5,61,0.0,0.0,,2.4038522,-inf
Endothelial_arterial,ABCG2_SLC22A5,61,0.0,0.0,,2.7161298,-inf
Endothelial_arterial,ABCC3_SLC22A5,61,0.0,0.0,,2.6420999,-inf
Endothelial_arterial,ABCB1_SLC15A1,61,0.0,0.0,,2.7411296,-inf
Endothelial_arterial,CLCN3_CLCN3,61,0.0,0.0,,1.2190416,-inf
Endothelial_arterial,SLC9A3_SLC9A3,61,0.0,0.0,,1.9216294,-inf
Endothelial_arterial,SLC9A1_SLC9A3,61,0.0,0.0,,2.670235,-inf
Endothelial_arterial,SLC9A1_SLC9A1,61,0.0,0.0,,1.4780047,-inf
Endothelial_arterial,SLC26A2_SLC26A3,61,0.0,0.8454935089893014,,2.2107635,-inf
Endothelial_arterial,SLC26A2_SLC26A2,61,0.01639344262295082,0.7235278283538163,44.1351975295828,0.55398333,-2.903798792991154
Endothelial_arterial,SLC26A3_SLC26A3,61,0.0,0.2442996935043889,,0.609808,-inf
Endothelial_arterial,SCNN1A_SCNN1A,61,0.0,0.0,,0.9616692,-inf
Endothelial_arterial,SCNN1A_SCNN1G,61,0.0,0.0,,3.0004325,-inf
Endothelial_lymphatic,SLC2A1_SLC2A1,41,0.0,0.0,,2.1456528,-inf
Endothelial_lymphatic,SLC16A1_SLC16A1,41,0.0,0.0,,2.251243,-inf
Endothelial_lymphatic,SLC16A1_SLC22A5,41,0.0,0.0,,2.777867,-inf
Endothelial_lymphatic,SLC22A5_SLC22A5,41,0.0,0.0,,1.4629126,-inf
Endothelial_lymphatic,SLC3A2_SLC40A1,41,0.024390243902439025,5.1689082525647505,91.68500765110821,1.9930984,2.9568424175838715
Endothelial_lymphatic,SLC40A1_SLC40A1,41,0.0,0.0,,0.9546428,-inf
Endothelial_lymphatic,SLC22A4_SLC22A5,41,0.0,0.0,,2.8388581,-inf
Endothelial_lymphatic,SLC16A9_SLC22A5,41,0.0,0.0,,2.800997,-inf
Endothelial_lymphatic,SLC16A9_SLC16A9,41,0.0,0.0,,2.4619327,-inf
Endothelial_lymphatic,SLC12A2_SLC12A2,41,0.024390243902439025,0.36145238031483085,14.819547592908066,1.9055173,0.3988469644629846
Endothelial_lymphatic,CPT1A_CPT1A,41,0.024390243902439025,1.149908530530232,32.15277570289703,0.7829026,-1.1951606758611788
Endothelial_lymphatic,FABP5_FABP5,41,0.12195121951219512,3.005503954455346,24.645132426533838,1.7105289,2.0911435092954624
Endothelial_lymphatic,CD36_FABP5,41,0.0,0.0,,2.2218108,-inf
Endothelial_lymphatic,CD36_MSR1,41,0.0,0.4153684932212444,,2.7450545,-inf
Endothelial_lymphatic,CD36_CD36,41,0.024390243902439025,0.406668830015034,16.673422030616393,2.6121364,2.1725711086393087
Endothelial_lymphatic,MSR1_MSR1,41,0.0,0.0,,2.6908026,-inf
Endothelial_lymphatic,ABCA1_ABCA1,41,0.024390243902439025,0.15726443249267194,6.447841732199549,1.7581333,-0.09240110143597803
Endothelial_lymphatic,ABCG2_ABCG2,41,0.0,0.0,,2.4245257,-inf
Endothelial_lymphatic,ABCB1_ABCB1,41,0.0,0.0,,1.8305113,-inf
Endothelial_lymphatic,ABCB1_ABCG2,41,0.0,0.0,,2.8545465,-inf
Endothelial_lymphatic,SLC20A2_SLC20A2,41,0.0,0.0,,2.2363756,-inf
Endothelial_lymphatic,ATP7B_SLC20A2,41,0.0,0.0,,2.9470806,-inf
Endothelial_lymphatic,ABCC3_ABCG2,41,0.0,0.0,,2.956718,-inf
Endothelial_lymphatic,ABCC3_ABCC3,41,0.0,0.0,,1.6523367,-inf
Endothelial_lymphatic,SLC15A1_SLC15A1,41,0.0,0.0,,2.7501042,-inf
Endothelial_lymphatic,CD38_CD38,41,0.0,0.0,,2.0069475,-inf
Endothelial_lymphatic,SCARB1_SCARB1,41,0.024390243902439025,0.4136850248243008,16.961086017796333,2.4666126,2.1725711086393087
Endothelial_lymphatic,ABCC4_SLCO2B1,41,0.0,0.3145288649853439,,2.5187836,-inf
Endothelial_lymphatic,ABCC3_SLC16A1,41,0.0,0.0,,2.8670068,-inf
Endothelial_lymphatic,ABCG2_SLC16A1,41,0.0,0.0,,2.8938,-inf
Endothelial_lymphatic,ABCC1_SLCO2B1,41,0.0,2.1528658995325824,,2.3873556,-inf
Endothelial_lymphatic,ABCB1_SLC16A1,41,0.0,0.0,,2.7654102,-inf
Endothelial_lymphatic,ABCB1_SLC22A4,41,0.0,0.0,,2.8681345,-inf
Endothelial_lymphatic,ABCG2_SLC22A4,41,0.0,0.0,,2.9630816,-inf
Endothelial_lymphatic,TAP1_TAP1,41,0.0,0.0,,1.3884673,-inf
Endothelial_lymphatic,AQP8_AQP8,41,0.0,0.0,,1.902429,-inf
Endothelial_lymphatic,AQP7_AQP8,41,0.0,0.0,,2.5924594,-inf
Endothelial_lymphatic,AQP7_AQP7,41,0.024390243902439025,0.46985259064635787,19.263956216500674,2.3219345,1.3988469644629846
Endothelial_lymphatic,ABCB1_SLC22A5,41,0.0,0.0,,2.6203074,-inf
Endothelial_lymphatic,ABCG2_SLC22A5,41,0.0,0.0,,2.7851768,-inf
Endothelial_lymphatic,ABCC3_SLC22A5,41,0.0,0.0,,2.7302182,-inf
Endothelial_lymphatic,ABCB1_SLC15A1,41,0.0,0.0,,2.870851,-inf
Endothelial_lymphatic,CLCN3_CLCN3,41,0.024390243902439025,0.39293200179417354,16.110212073561115,1.251983,-0.9659897218936689
Endothelial_lymphatic,SLC9A3_SLC9A3,41,0.0,0.0,,1.9136671,-inf
Endothelial_lymphatic,SLC9A1_SLC9A3,41,0.0,0.0,,2.7532136,-inf
Endothelial_lymphatic,SLC9A1_SLC9A1,41,0.0,0.0,,1.499834,-inf
Endothelial_lymphatic,SLC26A2_SLC26A3,41,0.0,1.708408091183229,,1.9990603,-inf
Endothelial_lymphatic,SLC26A2_SLC26A2,41,0.024390243902439025,1.3085344418707947,53.64991211670258,0.56068856,-2.3306134600463517
Endothelial_lymphatic,SLC26A3_SLC26A3,41,0.0,0.0,,0.6100234,-inf
Endothelial_lymphatic,SCNN1A_SCNN1A,41,0.0,0.0,,0.96072304,-inf
Endothelial_lymphatic,SCNN1A_SCNN1G,41,0.0,0.0,,2.9637237,-inf
Endothelial_venous,SLC2A1_SLC2A1,49,0.0,0.0,,2.0943031,-inf
Endothelial_venous,SLC16A1_SLC16A1,49,0.02040816326530612,0.4183367436916834,20.498500440892485,2.2935255,1.0622546574714549
Endothelial_venous,SLC16A1_SLC22A5,49,0.02040816326530612,1.0912951547079037,53.47346258068728,2.8481677,2.869609579529059
Endothelial_venous,SLC22A5_SLC22A5,49,0.0,0.0,,1.4583756,-inf
Endothelial_venous,SLC3A2_SLC40A1,49,0.0,3.2703575995429226,,1.7959032,-inf
Endothelial_venous,SLC40A1_SLC40A1,49,0.04081632653061224,2.1080932454156143,36.057787049851186,0.9922104,-0.4295984388582201
Endothelial_venous,SLC22A4_SLC22A5,49,0.0,0.0,,2.891494,-inf
Endothelial_venous,SLC16A9_SLC22A5,49,0.0,0.0,,2.8647075,-inf
Endothelial_venous,SLC16A9_SLC16A9,49,0.0,0.0,,2.5219333,-inf
Endothelial_venous,SLC12A2_SLC12A2,49,0.0,0.0,,1.887152,-inf
Endothelial_venous,CPT1A_CPT1A,49,0.02040816326530612,1.052627264460486,32.9010678426539,0.76881975,-1.4523185153583036
Endothelial_venous,FABP5_FABP5,49,0.14285714285714285,2.919097898216067,20.43368528751247,1.7032658,2.3194124969685794
Endothelial_venous,CD36_FABP5,49,0.0,1.5580259174429816,,2.4575353,-inf
Endothelial_venous,CD36_MSR1,49,0.0,0.0,,2.81166,-inf
Endothelial_venous,CD36_CD36,49,0.0,0.0,,2.5033216,-inf
Endothelial_venous,MSR1_MSR1,49,0.0,0.0,,2.7030883,-inf
Endothelial_venous,ABCA1_ABCA1,49,0.02040816326530612,0.31870888250819474,15.616735242901541,1.7755759,-0.34955894093310264
Endothelial_venous,ABCG2_ABCG2,49,0.0,0.0,,2.3476613,-inf
Endothelial_venous,ABCB1_ABCB1,49,0.02040816326530612,0.12924486201775984,6.332998238870232,1.8407396,-0.6381850606696373
Endothelial_venous,ABCB1_ABCG2,49,0.0,0.0,,2.7977467,-inf
Endothelial_venous,SLC20A2_SLC20A2,49,0.0,0.0,,2.244284,-inf
Endothelial_venous,ATP7B_SLC20A2,49,0.0,0.0,,2.909667,-inf
Endothelial_venous,ABCC3_ABCG2,49,0.0,0.0,,2.9231212,-inf
Endothelial_venous,ABCC3_ABCC3,49,0.0,0.0,,1.6245841,-inf
Endothelial_venous,SLC15A1_SLC15A1,49,0.0,0.0,,2.7834249,-inf
Endothelial_venous,CD38_CD38,49,0.0,0.0,,1.9844574,-inf
Endothelial_venous,SCARB1_SCARB1,49,0.0,0.0,,2.4848523,-inf
Endothelial_venous,ABCC4_SLCO2B1,49,0.04081632653061224,3.3236950976858624,65.80565816251965,2.5846205,4.547681484641696
Endothelial_venous,ABCC3_SLC16A1,49,0.0,0.0,,2.9633005,-inf
Endothelial_venous,ABCG2_SLC16A1,49,0.0,0.0,,2.9225583,-inf
Endothelial_venous,ABCC1_SLCO2B1,49,0.0,0.6377498665626115,,2.4895256,-inf
Endothelial_venous,ABCB1_SLC16A1,49,0.02040816326530612,0.7156330766922797,35.066020757921706,2.8887322,2.4101779608917617
Endothelial_venous,ABCB1_SLC22A4,49,0.0,0.0,,2.85308,-inf
Endothelial_venous,ABCG2_SLC22A4,49,0.0,0.0,,2.9341238,-inf
Endothelial_venous,TAP1_TAP1,49,0.02040816326530612,0.38078304963027204,18.65836943188333,1.3715897,-1.1747845398293946
Endothelial_venous,AQP8_AQP8,49,0.0,0.0,,1.8912693,-inf
Endothelial_venous,AQP7_AQP8,49,0.0,0.0,,2.8448904,-inf
Endothelial_venous,AQP7_AQP7,49,0.0,0.0,,2.278329,-inf
Endothelial_venous,ABCB1_SLC22A5,49,0.02040816326530612,0.9334189751672539,45.73752978319544,2.7284465,1.4772921567502986
Endothelial_venous,ABCG2_SLC22A5,49,0.0,0.0,,2.7968493,-inf
Endothelial_venous,ABCC3_SLC22A5,49,0.0,0.0,,2.8137605,-inf
Endothelial_venous,ABCB1_SLC15A1,49,0.0,0.0,,2.855757,-inf
Endothelial_venous,CLCN3_CLCN3,49,0.0,0.0,,1.2163476,-inf
Endothelial_venous,SLC9A3_SLC9A3,49,0.0,0.0,,1.9544392,-inf
Endothelial_venous,SLC9A1_SLC9A3,49,0.0,0.0,,2.9198782,-inf
Endothelial_venous,SLC9A1_SLC9A1,49,0.0,0.0,,1.4770976,-inf
Endothelial_venous,SLC26A2_SLC26A3,49,0.0,0.0,,2.4876165,-inf
Endothelial_venous,SLC26A2_SLC26A2,49,0.0,0.0,,0.5367923,-inf
Endothelial_venous,SLC26A3_SLC26A3,49,0.0,0.0,,0.6022284,-inf
Endothelial_venous,SCNN1A_SCNN1A,49,0.0,0.0,,0.9611433,-inf
Endothelial_venous,SCNN1A_SCNN1G,49,0.0,0.0,,3.0004337,-inf
Enteric_glia,SLC2A1_SLC2A1,199,0.0,0.0,,2.0761223,-inf
Enteric_glia,SLC16A1_SLC16A1,199,0.0,0.0,,2.261174,-inf
Enteric_glia,SLC16A1_SLC22A5,199,0.0,0.0,,2.7773883,-inf
Enteric_glia,SLC22A5_SLC22A5,199,0.005025125628140704,0.04288043179094506,8.533205926398068,1.447019,-3.100672428484059
Enteric_glia,SLC3A2_SLC40A1,199,0.0,0.43355509034753464,,2.1042285,-inf
Enteric_glia,SLC40A1_SLC40A1,199,0.005025125628140704,0.7894980574214638,51.66342208815877,0.95573485,-3.4515132152866603
Enteric_glia,SLC22A4_SLC22A5,199,0.0,0.07407599151322565,,2.8273313,-inf
Enteric_glia,SLC16A9_SLC22A5,199,0.0,0.0,,2.8101249,-inf
Enteric_glia,SLC16A9_SLC16A9,199,0.0,0.0,,2.5058784,-inf
Enteric_glia,SLC12A2_SLC12A2,199,0.005025125628140704,0.04634573922722076,9.222802106216932,1.8839058,-1.8802256514625806
Enteric_glia,CPT1A_CPT1A,199,0.005025125628140704,0.4679181974660113,33.45254293907692,0.7566469,-3.474233291786744
Enteric_glia,FABP5_FABP5,199,0.020100502512562814,0.40195532973394654,19.99727765426384,1.6111376,-0.5098572015174652
Enteric_glia,CD36_FABP5,199,0.005025125628140704,0.4357949105656486,86.72318720256408,2.5449593,0.9408042074920997
Enteric_glia,CD36_MSR1,199,0.0,0.10016351733085557,,2.8176599,-inf
Enteric_glia,CD36_CD36,199,0.005025125628140704,0.15738806727323143,31.320225387373057,2.5613406,-0.10650150728625679
Enteric_glia,MSR1_MSR1,199,0.0,0.0,,2.6691313,-inf
Enteric_glia,ABCA1_ABCA1,199,0.05527638190954774,1.4076816470391758,25.466240705526904,1.7769475,1.0879579012757543
Enteric_glia,ABCG2_ABCG2,199,0.0,0.0,,2.3441303,-inf
Enteric_glia,ABCB1_ABCB1,199,0.0,0.0,,1.8046681,-inf
Enteric_glia,ABCB1_ABCG2,199,0.0,0.0,,2.884151,-inf
Enteric_glia,SLC20A2_SLC20A2,199,0.0,0.0,,2.2760158,-inf
Enteric_glia,ATP7B_SLC20A2,199,0.0,0.0,,2.8807929,-inf
Enteric_glia,ABCC3_ABCG2,199,0.0,0.0,,2.8977375,-inf
Enteric_glia,ABCC3_ABCC3,199,0.0,0.0,,1.6287471,-inf
Enteric_glia,SLC15A1_SLC15A1,199,0.005025125628140704,0.046831614322395555,9.319491250156716,2.7740018,-0.6758671529563945
Enteric_glia,CD38_CD38,199,0.0,0.0,,2.0006127,-inf
Enteric_glia,SCARB1_SCARB1,199,0.0,0.0,,2.5118506,-inf
Enteric_glia,ABCC4_SLCO2B1,199,0.0,0.0,,2.6003718,-inf
Enteric_glia,ABCC3_SLC16A1,199,0.0,0.0,,2.9817123,-inf
Enteric_glia,ABCG2_SLC16A1,199,0.0,0.0,,2.97469,-inf
Enteric_glia,ABCC1_SLCO2B1,199,0.005025125628140704,0.9522991517122893,67.5796633562968,2.3923604,0.525766708213256
Enteric_glia,ABCB1_SLC16A1,199,0.0,0.0,,2.961584,-inf
Enteric_glia,ABCB1_SLC22A4,199,0.0,0.0,,2.8682306,-inf
Enteric_glia,ABCG2_SLC22A4,199,0.005025125628140704,0.2565155931043779,51.0466030277712,2.91151,1.147255084959526
Enteric_glia,TAP1_TAP1,199,0.005025125628140704,0.08678668265457559,17.270549848260544,1.3486252,-3.196699316257835
Enteric_glia,AQP8_AQP8,199,0.0,0.0,,1.8813156,-inf
Enteric_glia,AQP7_AQP8,199,0.0,0.07718238091510429,,2.766356,-inf
Enteric_glia,AQP7_AQP7,199,0.02512562814070352,0.36892268828048613,14.683122993563348,2.2659855,1.4417024434247818
Enteric_glia,ABCB1_SLC22A5,199,0.0,0.06945480427152208,,2.7406487,-inf
Enteric_glia,ABCG2_SLC22A5,199,0.0,0.0,,2.7867799,-inf
Enteric_glia,ABCC3_SLC22A5,199,0.0,0.0,,2.7436152,-inf
Enteric_glia,ABCB1_SLC15A1,199,0.0,0.0,,2.9293597,-inf
Enteric_glia,CLCN3_CLCN3,199,0.020100502512562814,0.6317971924316382,31.431910323474,1.2326006,-1.245062337819234
Enteric_glia,SLC9A3_SLC9A3,199,0.0,0.0,,1.9150962,-inf
Enteric_glia,SLC9A1_SLC9A3,199,0.0,0.0,,2.9118414,-inf
Enteric_glia,SLC9A1_SLC9A1,199,0.0,0.0,,1.4612238,-inf
Enteric_glia,SLC26A2_SLC26A3,199,0.0,0.0,,2.3423104,-inf
Enteric_glia,SLC26A2_SLC26A2,199,0.0,0.0,,0.5354273,-inf
Enteric_glia,SLC26A3_SLC26A3,199,0.0,0.0,,0.60014975,-inf
Enteric_glia,SCNN1A_SCNN1A,199,0.0,0.0,,0.94628555,-inf
Enteric_glia,SCNN1A_SCNN1G,199,0.0,0.0,,2.9506087,-inf
Fibroblast_CTF_S2,SLC2A1_SLC2A1,321,0.006230529595015576,0.09182594297032323,14.738063846736878,2.0412996,-1.2171494948249608
Fibroblast_CTF_S2,SLC16A1_SLC16A1,321,0.0,0.0,,2.230655,-inf
Fibroblast_CTF_S2,SLC16A1_SLC22A5,321,0.0,0.0,,2.3102233,-inf
Fibroblast_CTF_S2,SLC22A5_SLC22A5,321,0.006230529595015576,0.10641877655267167,17.080213636703803,1.4263365,-2.790477295062714
Fibroblast_CTF_S2,SLC3A2_SLC40A1,321,0.003115264797507788,1.285203475856826,96.29398384738761,1.9049926,-0.01203506492034833
Fibroblast_CTF_S2,SLC40A1_SLC40A1,321,0.037383177570093455,2.0976436894925423,40.720515071319916,0.9765189,-0.5563555811441587
Fibroblast_CTF_S2,SLC22A4_SLC22A5,321,0.0,0.17145735812520776,,2.4771066,-inf
Fibroblast_CTF_S2,SLC16A9_SLC22A5,321,0.0,0.12569398106171883,,2.3726308,-inf
Fibroblast_CTF_S2,SLC16A9_SLC16A9,321,0.0,0.0,,2.4814024,-inf
Fibroblast_CTF_S2,SLC12A2_SLC12A2,321,0.009345794392523364,0.18210912779501984,19.485676674067122,1.8737458,-0.9850680173200788
Fibroblast_CTF_S2,CPT1A_CPT1A,321,0.024922118380062305,2.7086896680675565,43.06574316563143,0.7932959,-1.1640381583653983
Fibroblast_CTF_S2,FABP5_FABP5,321,0.01557632398753894,0.2772929832958488,17.802209527593494,1.6089643,-0.8777339732087573
Fibroblast_CTF_S2,CD36_FABP5,321,0.003115264797507788,0.4851587358684952,73.2797694548085,2.4510694,0.2509993409134455
Fibroblast_CTF_S2,CD36_MSR1,321,0.0,0.038356166179835643,,2.7766345,-inf
Fibroblast_CTF_S2,CD36_CD36,321,0.006230529595015576,0.16813101482357015,26.985027879183008,2.557166,0.20369362613508896
Fibroblast_CTF_S2,MSR1_MSR1,321,0.006230529595015576,0.08866300999586865,14.230413104336918,2.6516223,0.6984583178846666
Fibroblast_CTF_S2,ABCA1_ABCA1,321,0.03426791277258567,0.6200171066222933,18.09322647506874,1.7273608,0.3981530346970998
Fibroblast_CTF_S2,ABCG2_ABCG2,321,0.0,0.0,,2.3369396,-inf
Fibroblast_CTF_S2,ABCB1_ABCB1,321,0.009345794392523364,0.0904699234248472,9.680281806458652,1.790072,-1.764942202955576
Fibroblast_CTF_S2,ABCB1_ABCG2,321,0.0,0.0,,2.7436757,-inf
Fibroblast_CTF_S2,SLC20A2_SLC20A2,321,0.0,0.0,,2.2278636,-inf
Fibroblast_CTF_S2,ATP7B_SLC20A2,321,0.0,0.0,,2.7690752,-inf
Fibroblast_CTF_S2,ABCC3_ABCG2,321,0.0,0.0,,2.753055,-inf
Fibroblast_CTF_S2,ABCC3_ABCC3,321,0.0,0.0,,1.6142757,-inf
Fibroblast_CTF_S2,SLC15A1_SLC15A1,321,0.0,0.0,,2.7648063,-inf
Fibroblast_CTF_S2,CD38_CD38,321,0.003115264797507788,0.050920900811217924,16.345609160400954,1.9963008,-1.9081992539358084
Fibroblast_CTF_S2,SCARB1_SCARB1,321,0.0,0.0,,2.4890358,-inf
Fibroblast_CTF_S2,ABCC4_SLCO2B1,321,0.006230529595015576,1.1823461632838534,74.58341867530146,2.3292267,1.8359618416346017
Fibroblast_CTF_S2,ABCC3_SLC16A1,321,0.0,0.08662101846043542,,2.6840613,-inf
Fibroblast_CTF_S2,ABCG2_SLC16A1,321,0.003115264797507788,0.16068307781240257,51.57926797778123,2.7558823,0.6984583178846666
Fibroblast_CTF_S2,ABCC1_SLCO2B1,321,0.006230529595015576,1.3468049953049641,77.14088115702987,2.0835323,0.8359618416346016
Fibroblast_CTF_S2,ABCB1_SLC16A1,321,0.0,0.0,,2.6691048,-inf
Fibroblast_CTF_S2,ABCB1_SLC22A4,321,0.003115264797507788,0.11123572634911635,35.70666815806635,2.818078,-0.01203506492034833
Fibroblast_CTF_S2,ABCG2_SLC22A4,321,0.0,0.08088750316782149,,2.8699076,-inf
Fibroblast_CTF_S2,TAP1_TAP1,321,0.024922118380062305,0.5585225549098822,22.410717515759025,1.3485674,-0.8865041828364892
Fibroblast_CTF_S2,AQP8_AQP8,321,0.0,0.0,,1.8533487,-inf
Fibroblast_CTF_S2,AQP7_AQP8,321,0.0,0.14575870676110106,,2.7778153,-inf
Fibroblast_CTF_S2,AQP7_AQP7,321,0.003115264797507788,0.031256007019895976,10.033178253386609,2.2519403,-1.570030518041235
Fibroblast_CTF_S2,ABCB1_SLC22A5,321,0.0,0.36303569942592984,,2.154227,-inf
Fibroblast_CTF_S2,ABCG2_SLC22A5,321,0.0,0.15427991197654523,,2.3127043,-inf
Fibroblast_CTF_S2,ABCC3_SLC22A5,321,0.003115264797507788,0.30931202395160723,52.12525455867933,2.1318936,0.35053501446436
Fibroblast_CTF_S2,ABCB1_SLC15A1,321,0.0,0.0,,2.8991263,-inf
Fibroblast_CTF_S2,CLCN3_CLCN3,321,0.024922118380062305,0.8043084918036232,29.71463605275352,1.2190267,-0.9348672043978883
Fibroblast_CTF_S2,SLC9A3_SLC9A3,321,0.0,0.0,,1.8858684,-inf
Fibroblast_CTF_S2,SLC9A1_SLC9A3,321,0.0,0.14262248434489314,,2.5484154,-inf
Fibroblast_CTF_S2,SLC9A1_SLC9A1,321,0.012461059190031152,0.22428619735491692,17.998967337732083,1.4492617,-1.6876001144224113
Fibroblast_CTF_S2,SLC26A2_SLC26A3,321,0.0,7.345799376009177,,0.9996931,-inf
Fibroblast_CTF_S2,SLC26A2_SLC26A2,321,0.03115264797507788,4.508751711068652,63.918700572265344,0.5932648,-1.9775628476632088
Fibroblast_CTF_S2,SLC26A3_SLC26A3,321,0.01557632398753894,2.5240150788952427,63.221085073026345,0.6303525,-2.956893510727887
Fibroblast_CTF_S2,SCNN1A_SCNN1A,321,0.018691588785046728,0.9429675946795775,31.016537139371792,0.9590448,-1.9081992539358084
Fibroblast_CTF_S2,SCNN1A_SCNN1G,321,0.003115264797507788,0.2693621601115906,30.603486080001403,2.8407545,0.4574502183808719
Fibroblast_FRC_S4,SLC2A1_SLC2A1,2,0.0,0.0,,1.950249,-inf
Fibroblast_FRC_S4,SLC16A1_SLC16A1,2,0.0,0.0,,2.7618735,-inf
Fibroblast_FRC_S4,SLC16A1_SLC22A5,2,0.0,0.0,,3.0004342,-inf
Fibroblast_FRC_S4,SLC22A5_SLC22A5,2,0.0,0.0,,1.4837222,-inf
Fibroblast_FRC_S4,SLC3A2_SLC40A1,2,0.0,0.0,,2.1553361,-inf
Fibroblast_FRC_S4,SLC40A1_SLC40A1,2,0.0,0.0,,0.96511966,-inf
Fibroblast_FRC_S4,SLC22A4_SLC22A5,2,0.0,0.0,,3.0004342,-inf
Fibroblast_FRC_S4,SLC16A9_SLC22A5,2,0.0,0.0,,3.0004342,-inf
Fibroblast_FRC_S4,SLC16A9_SLC16A9,2,0.0,0.0,,2.4608436,-inf
Fibroblast_FRC_S4,SLC12A2_SLC12A2,2,0.0,0.0,,1.9273701,-inf
Fibroblast_FRC_S4,CPT1A_CPT1A,2,0.0,8.521744415763294,,1.0221097,-inf
Fibroblast_FRC_S4,FABP5_FABP5,2,0.0,0.0,,1.6294645,-inf
Fibroblast_FRC_S4,CD36_FABP5,2,0.0,0.0,,2.398374,-inf
Fibroblast_FRC_S4,CD36_MSR1,2,0.0,0.0,,3.0004342,-inf
Fibroblast_FRC_S4,CD36_CD36,2,0.0,0.0,,2.7618735,-inf
Fibroblast_FRC_S4,MSR1_MSR1,2,0.0,0.0,,2.849919,-inf
Fibroblast_FRC_S4,ABCA1_ABCA1,2,0.0,0.0,,1.7662604,-inf
Fibroblast_FRC_S4,ABCG2_ABCG2,2,0.0,0.0,,2.349919,-inf
Fibroblast_FRC_S4,ABCB1_ABCB1,2,0.0,0.0,,1.8121457,-inf
Fibroblast_FRC_S4,ABCB1_ABCG2,2,0.0,0.0,,3.0004342,-inf
Fibroblast_FRC_S4,SLC20A2_SLC20A2,2,0.0,0.0,,2.5488892,-inf
Fibroblast_FRC_S4,ATP7B_SLC20A2,2,0.0,0.0,,3.0004342,-inf
Fibroblast_FRC_S4,ABCC3_ABCG2,2,0.0,0.0,,3.0004342,-inf
Fibroblast_FRC_S4,ABCC3_ABCC3,2,0.0,0.0,,1.6535707,-inf
Fibroblast_FRC_S4,SLC15A1_SLC15A1,2,0.0,0.0,,2.7618735,-inf
Fibroblast_FRC_S4,CD38_CD38,2,0.0,0.0,,2.0281928,-inf
Fibroblast_FRC_S4,SCARB1_SCARB1,2,0.0,0.0,,2.6113584,-inf
Fibroblast_FRC_S4,ABCC4_SLCO2B1,2,0.0,0.0,,3.0004342,-inf
Fibroblast_FRC_S4,ABCC3_SLC16A1,2,0.0,0.0,,3.0004342,-inf
Fibroblast_FRC_S4,ABCG2_SLC16A1,2,0.0,0.0,,3.0004342,-inf
Fibroblast_FRC_S4,ABCC1_SLCO2B1,2,0.0,0.0,,3.0004342,-inf
Fibroblast_FRC_S4,ABCB1_SLC16A1,2,0.0,0.0,,3.0004342,-inf
Fibroblast_FRC_S4,ABCB1_SLC22A4,2,0.0,0.0,,3.0004342,-inf
Fibroblast_FRC_S4,ABCG2_SLC22A4,2,0.0,0.0,,3.0004342,-inf
Fibroblast_FRC_S4,TAP1_TAP1,2,0.5,8.521744415763294,17.043488831526588,1.9052682,3.439925304285814
Fibroblast_FRC_S4,AQP8_AQP8,2,0.0,0.0,,1.8543061,-inf
Fibroblast_FRC_S4,AQP7_AQP8,2,0.0,0.0,,3.0004342,-inf
Fibroblast_FRC_S4,AQP7_AQP7,2,0.0,0.0,,2.4608436,-inf
Fibroblast_FRC_S4,ABCB1_SLC22A5,2,0.0,0.0,,3.0004342,-inf
Fibroblast_FRC_S4,ABCG2_SLC22A5,2,0.0,0.0,,3.0004342,-inf
Fibroblast_FRC_S4,ABCC3_SLC22A5,2,0.0,0.0,,3.0004342,-inf
Fibroblast_FRC_S4,ABCB1_SLC15A1,2,0.0,0.0,,3.0004342,-inf
Fibroblast_FRC_S4,CLCN3_CLCN3,2,0.0,0.0,,1.229395,-inf
Fibroblast_FRC_S4,SLC9A3_SLC9A3,2,0.0,0.0,,1.8703984,-inf
Fibroblast_FRC_S4,SLC9A1_SLC9A3,2,0.0,0.0,,3.0004342,-inf
Fibroblast_FRC_S4,SLC9A1_SLC9A1,2,0.0,0.0,,1.4851342,-inf
Fibroblast_FRC_S4,SLC26A2_SLC26A3,2,0.0,0.0,,3.0004342,-inf
Fibroblast_FRC_S4,SLC26A2_SLC26A2,2,0.0,0.0,,0.51134384,-inf
Fibroblast_FRC_S4,SLC26A3_SLC26A3,2,0.0,0.0,,0.58173776,-inf
Fibroblast_FRC_S4,SCNN1A_SCNN1A,2,0.0,0.0,,0.9572542,-inf
Fibroblast_FRC_S4,SCNN1A_SCNN1G,2,0.0,0.0,,3.0004342,-inf
Fibroblast_cCF_S1,SLC2A1_SLC2A1,411,0.0,0.0,,2.085536,-inf
Fibroblast_cCF_S1,SLC16A1_SLC16A1,411,0.0,0.0,,2.2663682,-inf
Fibroblast_cCF_S1,SLC16A1_SLC22A5,411,0.0,0.0,,2.7102125,-inf
Fibroblast_cCF_S1,SLC22A5_SLC22A5,411,0.012165450121654502,0.10919264470400515,8.975635394669222,1.4491099,-1.825114296734731
Fibroblast_cCF_S1,SLC3A2_SLC40A1,411,0.0,0.7120771490546053,,1.9789325,-inf
Fibroblast_cCF_S1,SLC40A1_SLC40A1,411,0.029197080291970802,1.632271247664523,31.9209022313092,0.9768752,-0.9129206777035386
Fibroblast_cCF_S1,SLC22A4_SLC22A5,411,0.0,0.08856639470807079,,2.7936828,-inf
Fibroblast_cCF_S1,SLC16A9_SLC22A5,411,0.0,0.0,,2.762363,-inf
Fibroblast_cCF_S1,SLC16A9_SLC16A9,411,0.0,0.0,,2.4914525,-inf
Fibroblast_cCF_S1,SLC12A2_SLC12A2,411,0.012165450121654502,0.12737545015357454,10.470262002623826,1.8887831,-0.6046675197132523
Fibroblast_cCF_S1,CPT1A_CPT1A,411,0.0024330900243309003,0.7878344553517621,27.13679733080471,0.76249677,-4.520603254924778
Fibroblast_cCF_S1,FABP5_FABP5,411,0.024330900243309004,0.28214621829477854,11.596209571915399,1.6176201,-0.23429906976813683
Fibroblast_cCF_S1,CD36_FABP5,411,0.0024330900243309003,0.2587505760909577,41.68561152857535,2.5847332,-0.10556575564593425
Fibroblast_cCF_S1,CD36_MSR1,411,0.0,0.09799161255615746,,2.843277,-inf
Fibroblast_cCF_S1,CD36_CD36,411,0.0024330900243309003,0.06572572297214618,27.01327214155208,2.5731163,-1.1528714704242908
Fibroblast_cCF_S1,MSR1_MSR1,411,0.0,0.0,,2.6577015,-inf
Fibroblast_cCF_S1,ABCA1_ABCA1,411,0.0535279805352798,0.9979107418100538,18.64278704017873,1.7626054,1.04158793813772
Fibroblast_cCF_S1,ABCG2_ABCG2,411,0.0,0.0,,2.3574066,-inf
Fibroblast_cCF_S1,ABCB1_ABCB1,411,0.0024330900243309003,0.032931681527084714,13.534921107631817,1.8185637,-3.706469800236112
Fibroblast_cCF_S1,ABCB1_ABCG2,411,0.0,0.0,,2.8845737,-inf
Fibroblast_cCF_S1,SLC20A2_SLC20A2,411,0.0,0.0,,2.262,-inf
Fibroblast_cCF_S1,ATP7B_SLC20A2,411,0.0,0.0,,2.8905644,-inf
Fibroblast_cCF_S1,ABCC3_ABCG2,411,0.0,0.0,,2.8838692,-inf
Fibroblast_cCF_S1,ABCC3_ABCC3,411,0.0,0.0,,1.6318799,-inf
Fibroblast_cCF_S1,SLC15A1_SLC15A1,411,0.0,0.0,,2.7837293,-inf
Fibroblast_cCF_S1,CD38_CD38,411,0.0024330900243309003,0.03977033858978334,16.345609160400954,1.9834744,-2.264764350495188
Fibroblast_cCF_S1,SCARB1_SCARB1,411,0.0,0.0,,2.5174186,-inf
Fibroblast_cCF_S1,ABCC4_SLCO2B1,411,0.0024330900243309003,0.6910372725554362,50.62567551377174,2.507994,0.47939674507522195
Fibroblast_cCF_S1,ABCC3_SLC16A1,411,0.0,0.0,,2.8342602,-inf
Fibroblast_cCF_S1,ABCG2_SLC16A1,411,0.0,0.0,,2.8751125,-inf
Fibroblast_cCF_S1,ABCC1_SLCO2B1,411,0.0072992700729927005,0.9900587706762493,63.120134889693986,2.2843595,1.0643592457963782
Fibroblast_cCF_S1,ABCB1_SLC16A1,411,0.0,0.07822318714694261,,2.8436725,-inf
Fibroblast_cCF_S1,ABCB1_SLC22A4,411,0.0,0.0,,2.924522,-inf
Fibroblast_cCF_S1,ABCG2_SLC22A4,411,0.0,0.0,,2.9447143,-inf
Fibroblast_cCF_S1,TAP1_TAP1,411,0.0170316301703163,0.30382633066651593,17.838945986276862,1.3649577,-1.435714357338265
Fibroblast_cCF_S1,AQP8_AQP8,411,0.0,0.0,,1.8783461,-inf
Fibroblast_cCF_S1,AQP7_AQP8,411,0.0,0.04315234789146526,,2.915433,-inf
Fibroblast_cCF_S1,AQP7_AQP7,411,0.0,0.0,,2.2703927,-inf
Fibroblast_cCF_S1,ABCB1_SLC22A5,411,0.0,0.0,,2.687114,-inf
Fibroblast_cCF_S1,ABCG2_SLC22A5,411,0.0,0.0,,2.7509193,-inf
Fibroblast_cCF_S1,ABCC3_SLC22A5,411,0.0,0.03030165946999965,,2.6800535,-inf
Fibroblast_cCF_S1,ABCB1_SLC15A1,411,0.0,0.0,,2.9578676,-inf
Fibroblast_cCF_S1,CLCN3_CLCN3,411,0.009732360097323601,0.22656517881941832,23.27957212369523,1.22056,-2.291432300957268
Fibroblast_cCF_S1,SLC9A3_SLC9A3,411,0.0,0.0,,1.9213909,-inf
Fibroblast_cCF_S1,SLC9A1_SLC9A3,411,0.0,0.0,,2.8025892,-inf
Fibroblast_cCF_S1,SLC9A1_SLC9A1,411,0.004866180048661801,0.07910865225629864,16.25682803866937,1.4696732,-3.0441652109817907
Fibroblast_cCF_S1,SLC26A2_SLC26A3,411,0.0,0.0,,2.0195854,-inf
Fibroblast_cCF_S1,SLC26A2_SLC26A2,411,0.0,0.0,,0.53637725,-inf
Fibroblast_cCF_S1,SLC26A3_SLC26A3,411,0.0,0.08238137761875731,,0.60244244,-inf
Fibroblast_cCF_S1,SCNN1A_SCNN1A,411,0.0,0.04601313159402714,,0.9521777,-inf
Fibroblast_cCF_S1,SCNN1A_SCNN1G,411,0.0,0.0,,2.9437604,-inf
Fibroblast_submucosal_S3,SLC2A1_SLC2A1,19,0.0,0.0,,2.047422,-inf
Fibroblast_submucosal_S3,SLC16A1_SLC16A1,19,0.0,0.0,,2.3046448,-inf
Fibroblast_submucosal_S3,SLC16A1_SLC22A5,19,0.0,0.0,,2.3836343,-inf
Fibroblast_submucosal_S3,SLC22A5_SLC22A5,19,0.0,0.0,,1.4601142,-inf
Fibroblast_submucosal_S3,SLC3A2_SLC40A1,19,0.0,0.0,,1.6826878,-inf
Fibroblast_submucosal_S3,SLC40A1_SLC40A1,19,0.05263157894736842,3.025138711220091,49.27025992813026,1.0197622,-0.06281610818659718
Fibroblast_submucosal_S3,SLC22A4_SLC22A5,19,0.0,0.0,,2.6403766,-inf
Fibroblast_submucosal_S3,SLC16A9_SLC22A5,19,0.0,0.0,,2.5723267,-inf
Fibroblast_submucosal_S3,SLC16A9_SLC16A9,19,0.0,0.0,,2.4640243,-inf
Fibroblast_submucosal_S3,SLC12A2_SLC12A2,19,0.0,0.0,,1.838086,-inf
Fibroblast_submucosal_S3,CPT1A_CPT1A,19,0.0,0.8402998516590311,,0.75492454,-inf
Fibroblast_submucosal_S3,FABP5_FABP5,19,0.0,0.0,,1.6248752,-inf
Fibroblast_submucosal_S3,CD36_FABP5,19,0.0,0.0,,2.3076003,-inf
Fibroblast_submucosal_S3,CD36_MSR1,19,0.0,0.0,,2.829041,-inf
Fibroblast_submucosal_S3,CD36_CD36,19,0.0,0.0,,2.4954538,-inf
Fibroblast_submucosal_S3,MSR1_MSR1,19,0.0,0.0,,2.7364504,-inf
Fibroblast_submucosal_S3,ABCA1_ABCA1,19,0.0,0.0,,1.765512,-inf
Fibroblast_submucosal_S3,ABCG2_ABCG2,19,0.0,0.0,,2.364264,-inf
Fibroblast_submucosal_S3,ABCB1_ABCB1,19,0.0,0.0,,1.8421091,-inf
Fibroblast_submucosal_S3,ABCB1_ABCG2,19,0.0,0.0,,2.8191361,-inf
Fibroblast_submucosal_S3,SLC20A2_SLC20A2,19,0.0,0.0,,2.2430344,-inf
Fibroblast_submucosal_S3,ATP7B_SLC20A2,19,0.0,0.0,,2.9343677,-inf
Fibroblast_submucosal_S3,ABCC3_ABCG2,19,0.0,0.0,,2.8110359,-inf
Fibroblast_submucosal_S3,ABCC3_ABCC3,19,0.0,0.0,,1.6209077,-inf
Fibroblast_submucosal_S3,SLC15A1_SLC15A1,19,0.0,0.0,,2.795942,-inf
Fibroblast_submucosal_S3,CD38_CD38,19,0.0,0.0,,2.0270207,-inf
Fibroblast_submucosal_S3,SCARB1_SCARB1,19,0.0,0.0,,2.558002,-inf
Fibroblast_submucosal_S3,ABCC4_SLCO2B1,19,0.0,0.0,,2.2869127,-inf
Fibroblast_submucosal_S3,ABCC3_SLC16A1,19,0.0,0.0,,3.0004346,-inf
Fibroblast_submucosal_S3,ABCG2_SLC16A1,19,0.0,0.0,,2.8876443,-inf
Fibroblast_submucosal_S3,ABCC1_SLCO2B1,19,0.0,3.505147395040503,,2.2361977,-inf
Fibroblast_submucosal_S3,ABCB1_SLC16A1,19,0.0,0.0,,3.0004346,-inf
Fibroblast_submucosal_S3,ABCB1_SLC22A4,19,0.0,0.0,,2.82301,-inf
Fibroblast_submucosal_S3,ABCG2_SLC22A4,19,0.0,0.0,,2.7496595,-inf
Fibroblast_submucosal_S3,TAP1_TAP1,19,0.05263157894736842,0.9361713017735479,17.78725473369741,1.3759686,0.19199779084222834
Fibroblast_submucosal_S3,AQP8_AQP8,19,0.0,0.0,,1.896282,-inf
Fibroblast_submucosal_S3,AQP7_AQP8,19,0.0,0.0,,3.0004346,-inf
Fibroblast_submucosal_S3,AQP7_AQP7,19,0.0,0.0,,2.2335343,-inf
Fibroblast_submucosal_S3,ABCB1_SLC22A5,19,0.0,0.0,,2.462684,-inf
Fibroblast_submucosal_S3,ABCG2_SLC22A5,19,0.0,1.659247688702324,,2.4814785,-inf
Fibroblast_submucosal_S3,ABCC3_SLC22A5,19,0.0,0.0,,2.4185338,-inf
Fibroblast_submucosal_S3,ABCB1_SLC15A1,19,0.0,0.0,,3.0004346,-inf
Fibroblast_submucosal_S3,CLCN3_CLCN3,19,0.0,0.0,,1.2011986,-inf
Fibroblast_submucosal_S3,SLC9A3_SLC9A3,19,0.0,0.0,,2.0026429,-inf
Fibroblast_submucosal_S3,SLC9A1_SLC9A3,19,0.0,0.0,,3.0004346,-inf
Fibroblast_submucosal_S3,SLC9A1_SLC9A1,19,0.0,0.0,,1.440375,-inf
Fibroblast_submucosal_S3,SLC26A2_SLC26A3,19,0.0,0.0,,2.337783,-inf
Fibroblast_submucosal_S3,SLC26A2_SLC26A2,19,0.0,0.0,,0.53377366,-inf
Fibroblast_submucosal_S3,SLC26A3_SLC26A3,19,0.0,0.0,,0.6088421,-inf
Fibroblast_submucosal_S3,SCNN1A_SCNN1A,19,0.0,0.0,,0.952159,-inf
Fibroblast_submucosal_S3,SCNN1A_SCNN1G,19,0.0,0.0,,3.0004346,-inf
IEC_BEST4_OTOP2,SLC2A1_SLC2A1,135,0.037037037037037035,0.31719119258808276,8.564162199878234,2.070892,1.3543924901338737
IEC_BEST4_OTOP2,SLC16A1_SLC16A1,135,0.022222222222222223,0.14398271618850134,6.47922222848256,2.2793338,1.1851114052569884
IEC_BEST4_OTOP2,SLC16A1_SLC22A5,135,0.0,0.21920613216914642,,2.1412752,-inf
IEC_BEST4_OTOP2,SLC22A5_SLC22A5,135,0.0962962962962963,2.0086647780273914,20.859211156438295,1.5204152,1.1595763131498509
IEC_BEST4_OTOP2,SLC3A2_SLC40A1,135,0.007407407407407408,1.4109253810245592,102.49084461629764,2.0362175,1.237578825151124
IEC_BEST4_OTOP2,SLC40A1_SLC40A1,135,0.037037037037037035,1.6561174426295093,26.341280191119846,0.9770745,-0.5697760969064802
IEC_BEST4_OTOP2,SLC22A4_SLC22A5,135,0.0,0.3099425957315193,,2.3723683,-inf
IEC_BEST4_OTOP2,SLC16A9_SLC22A5,135,0.0,0.9214288019925924,,2.2523534,-inf
IEC_BEST4_OTOP2,SLC16A9_SLC16A9,135,0.014814814814814815,0.1118256280483662,7.548229893264718,2.485807,1.0499518219753528
IEC_BEST4_OTOP2,SLC12A2_SLC12A2,135,0.06666666666666667,0.9944187328613212,14.916280992919818,1.9260643,1.8495083734725497
IEC_BEST4_OTOP2,CPT1A_CPT1A,135,0.07407407407407407,7.0903188490925855,36.4680517990449,0.8801814,0.4075038265934363
IEC_BEST4_OTOP2,FABP5_FABP5,135,0.037037037037037035,0.3900789300604029,10.532131111630878,1.6139714,0.371879916862715
IEC_BEST4_OTOP2,CD36_FABP5,135,0.0,0.2133539443973118,,2.5442955,-inf
IEC_BEST4_OTOP2,CD36_MSR1,135,0.0,0.0,,2.9366393,-inf
IEC_BEST4_OTOP2,CD36_CD36,135,0.0,0.0,,2.5458822,-inf
IEC_BEST4_OTOP2,MSR1_MSR1,135,0.0,0.0,,2.6260846,-inf
IEC_BEST4_OTOP2,ABCA1_ABCA1,135,0.0,0.0,,1.7295129,-inf
IEC_BEST4_OTOP2,ABCG2_ABCG2,135,0.0,0.0,,2.3752441,-inf
IEC_BEST4_OTOP2,ABCB1_ABCB1,135,0.022222222222222223,0.24361610801106592,10.962724860497966,1.815117,-0.5153283128841036
IEC_BEST4_OTOP2,ABCB1_ABCG2,135,0.007407407407407408,0.587601823372358,37.75501679574654,2.6749039,-0.2649215153780593
IEC_BEST4_OTOP2,SLC20A2_SLC20A2,135,0.007407407407407408,0.11811364879745018,15.945342587655773,2.2467103,-0.39985109546416786
IEC_BEST4_OTOP2,ATP7B_SLC20A2,135,0.0,0.3706281907019123,,2.648055,-inf
IEC_BEST4_OTOP2,ABCC3_ABCG2,135,0.007407407407407408,0.6794569042196671,30.397597599560413,2.5542974,0.9480722079561391
IEC_BEST4_OTOP2,ABCC3_ABCC3,135,0.02962962962962963,0.5273401186529756,17.797729004537928,1.6413429,0.03246439524651166
IEC_BEST4_OTOP2,SLC15A1_SLC15A1,135,0.0,0.0,,2.7707498,-inf
IEC_BEST4_OTOP2,CD38_CD38,135,0.0,0.0,,2.0063674,-inf
IEC_BEST4_OTOP2,SCARB1_SCARB1,135,0.0,0.0,,2.5158482,-inf
IEC_BEST4_OTOP2,ABCC4_SLCO2B1,135,0.0,0.30254161821615494,,2.535181,-inf
IEC_BEST4_OTOP2,ABCC3_SLC16A1,135,0.0,0.06635219697322631,,2.4561942,-inf
IEC_BEST4_OTOP2,ABCG2_SLC16A1,135,0.0,0.06635219697322631,,2.7970426,-inf
IEC_BEST4_OTOP2,ABCC1_SLCO2B1,135,0.0,0.14230954902905743,,2.3136356,-inf
IEC_BEST4_OTOP2,ABCB1_SLC16A1,135,0.0,0.04820416853274689,,2.5967627,-inf
IEC_BEST4_OTOP2,ABCB1_SLC22A4,135,0.0,0.0,,2.7871962,-inf
IEC_BEST4_OTOP2,ABCG2_SLC22A4,135,0.0,0.0,,2.9300046,-inf
IEC_BEST4_OTOP2,TAP1_TAP1,135,0.0962962962962963,2.133274295778644,20.255919009746698,1.4223033,1.0635494253760749
IEC_BEST4_OTOP2,AQP8_AQP8,135,0.014814814814814815,0.9640427633847631,65.07288652847151,1.8931643,-1.3998510954641679
IEC_BEST4_OTOP2,AQP7_AQP8,135,0.007407407407407408,0.28531200295147563,38.51712039844921,2.9162157,-0.1470850250842011
IEC_BEST4_OTOP2,AQP7_AQP7,135,0.007407407407407408,0.054876315261908865,7.408302560357697,2.2865393,-0.3204166279697627
IEC_BEST4_OTOP2,ABCB1_SLC22A5,135,0.0,1.1288687889485378,,1.9200909,-inf
IEC_BEST4_OTOP2,ABCG2_SLC22A5,135,0.0,0.0,,2.1985447,-inf
IEC_BEST4_OTOP2,ABCC3_SLC22A5,135,0.007407407407407408,2.2652146786445297,95.50277247577242,1.7794152,1.6001489045358321
IEC_BEST4_OTOP2,ABCB1_SLC15A1,135,0.007407407407407408,0.2121784206098238,28.644086782326212,2.8258028,-0.17745867412771998
IEC_BEST4_OTOP2,CLCN3_CLCN3,135,0.06666666666666667,1.7588770141086372,16.298386109283868,1.2638568,0.48467168711589614
IEC_BEST4_OTOP2,SLC9A3_SLC9A3,135,0.014814814814814815,0.32836031042349484,22.1643209535859,1.9410728,-1.147085025084201
IEC_BEST4_OTOP2,SLC9A1_SLC9A3,135,0.0,0.9566362262058782,,2.4943452,-inf
IEC_BEST4_OTOP2,SLC9A1_SLC9A1,135,0.07407407407407407,0.9946235554240014,13.42741799822402,1.4959995,0.8839418705364235
IEC_BEST4_OTOP2,SLC26A2_SLC26A3,135,0.0,33.98775828020934,,0.63814116,-inf
IEC_BEST4_OTOP2,SLC26A2_SLC26A2,135,0.11851851851851852,22.021282996362228,63.033297856188156,0.8539855,-0.04987705247909878
IEC_BEST4_OTOP2,SLC26A3_SLC26A3,135,0.08148148148148149,12.264838867975461,65.23527046590605,0.81147856,-0.56977609690648
IEC_BEST4_OTOP2,SCNN1A_SCNN1A,135,0.1111111111111111,5.208756135937182,30.445751955535968,1.0939497,0.6633427310230262
IEC_BEST4_OTOP2,SCNN1A_SCNN1G,135,0.0,0.6418207320812296,,2.3901176,-inf
IEC_CT_absorptive_colonocyte,SLC2A1_SLC2A1,182,0.09340659340659341,1.4085882499698252,15.080180087912247,2.1077166,2.6889481933489856
IEC_CT_absorptive_colonocyte,SLC16A1_SLC16A1,182,0.02197802197802198,0.21514132180346143,9.788930142057495,2.2767496,1.1691698613879669
IEC_CT_absorptive_colonocyte,SLC16A1_SLC22A5,182,0.01098901098901099,1.7136647425621834,90.95249293279278,1.7814698,1.976524783445571
IEC_CT_absorptive_colonocyte,SLC22A5_SLC22A5,182,0.27472527472527475,7.274877073590802,26.265876172897716,1.6769414,2.672013741635618
IEC_CT_absorptive_colonocyte,SLC3A2_SLC40A1,182,0.04395604395604396,10.820836270810466,96.55913997768211,1.3327731,3.8065997820032584
IEC_CT_absorptive_colonocyte,SLC40A1_SLC40A1,182,0.3956043956043956,19.045487287776805,45.367085851754645,1.4272372,2.8472417665006042
IEC_CT_absorptive_colonocyte,SLC22A4_SLC22A5,182,0.03296703296703297,2.5199567699018317,62.7537637580949,2.1085231,4.391562282724415
IEC_CT_absorptive_colonocyte,SLC16A9_SLC22A5,182,0.038461538461538464,3.6910085995111523,64.49936817702302,1.8480763,3.6139547040608626
IEC_CT_absorptive_colonocyte,SLC16A9_SLC16A9,182,0.027472527472527472,0.4076418551100594,14.838163526006161,2.4848688,1.9409008737148497
IEC_CT_absorptive_colonocyte,SLC12A2_SLC12A2,182,0.005494505494505495,0.07247419850978014,13.190304128779985,1.8925633,-1.751395671117628
IEC_CT_absorptive_colonocyte,CPT1A_CPT1A,182,0.21978021978021978,13.822286783219509,46.14595149854951,1.0801951,1.9765247834455708
IEC_CT_absorptive_colonocyte,FABP5_FABP5,182,0.005494505494505495,0.06964278104248996,12.674986149733172,1.6010882,-2.3810272211725123
IEC_CT_absorptive_colonocyte,CD36_FABP5,182,0.0,0.0,,2.6992927,-inf
IEC_CT_absorptive_colonocyte,CD36_MSR1,182,0.0,0.0,,2.9780414,-inf
IEC_CT_absorptive_colonocyte,CD36_CD36,182,0.0,0.0,,2.5444334,-inf
IEC_CT_absorptive_colonocyte,MSR1_MSR1,182,0.0,0.0,,2.66175,-inf
IEC_CT_absorptive_colonocyte,ABCA1_ABCA1,182,0.03296703296703297,0.37440777022487737,11.35703569682128,1.7310119,0.3423187637045657
IEC_CT_absorptive_colonocyte,ABCG2_ABCG2,182,0.1978021978021978,3.9506210951670537,19.972584425566772,2.4421563,4.017166767942917
IEC_CT_absorptive_colonocyte,ABCB1_ABCB1,182,0.4835164835164835,17.843371920362458,36.903337380749626,2.271589,3.928161761884172
IEC_CT_absorptive_colonocyte,ABCB1_ABCG2,182,0.19230769230769232,16.270142315146213,58.37440407993774,1.5763577,4.433382458419042
IEC_CT_absorptive_colonocyte,SLC20A2_SLC20A2,182,0.11538461538461539,1.7782480145141197,15.411482792455704,2.2816384,3.561487284166727
IEC_CT_absorptive_colonocyte,ATP7B_SLC20A2,182,0.0,0.0,,2.3533819,-inf
IEC_CT_absorptive_colonocyte,ABCC3_ABCG2,182,0.027472527472527472,3.407946314779114,54.03440993944578,1.625489,2.839021259695636
IEC_CT_absorptive_colonocyte,ABCC3_ABCC3,182,0.054945054945054944,0.8450206773454395,15.379376327686998,1.6432098,0.9234134469860086
IEC_CT_absorptive_colonocyte,SLC15A1_SLC15A1,182,0.2032967032967033,4.706331732849701,23.150064199422857,2.8310382,4.662416193017508
IEC_CT_absorptive_colonocyte,CD38_CD38,182,0.0,0.0,,2.0032132,-inf
IEC_CT_absorptive_colonocyte,SCARB1_SCARB1,182,0.09340659340659341,2.1547121931491997,23.068095244303194,2.513745,4.109791314309035
IEC_CT_absorptive_colonocyte,ABCC4_SLCO2B1,182,0.0,0.1463601429650925,,2.8277557,-inf
IEC_CT_absorptive_colonocyte,ABCC3_SLC16A1,182,0.005494505494505495,0.8507179177591538,53.38168199702159,2.2381175,1.3915622827244147
IEC_CT_absorptive_colonocyte,ABCG2_SLC16A1,182,0.0,0.9322288880712887,,2.1142242,-inf
IEC_CT_absorptive_colonocyte,ABCC1_SLCO2B1,182,0.0,0.0,,2.748735,-inf
IEC_CT_absorptive_colonocyte,ABCB1_SLC16A1,182,0.03296703296703297,3.7103114939836694,43.613507657575575,1.6425189,3.10205566552943
IEC_CT_absorptive_colonocyte,ABCB1_SLC22A4,182,0.04395604395604396,3.1832672304658587,39.87319610022659,1.8969852,3.8065997820032584
IEC_CT_absorptive_colonocyte,ABCG2_SLC22A4,182,0.03296703296703297,1.865382363130388,34.95485609428736,2.3489864,3.861047566025635
IEC_CT_absorptive_colonocyte,TAP1_TAP1,182,0.17032967032967034,3.9286846089873713,22.15520390301178,1.464433,1.8863269744739928
IEC_CT_absorptive_colonocyte,AQP8_AQP8,182,0.8461538461538461,78.52670950783015,92.80429305470837,2.795907,4.435956402082868
IEC_CT_absorptive_colonocyte,AQP7_AQP8,182,0.17582417582417584,26.038369094411205,146.32252302438766,1.640025,4.421935931767933
IEC_CT_absorptive_colonocyte,AQP7_AQP7,182,0.14285714285714285,2.6017250440547093,18.212075308382964,2.3204682,3.949044047023464
IEC_CT_absorptive_colonocyte,ABCB1_SLC22A5,182,0.15384615384615385,21.24279121931278,81.66001454233317,1.3250018,4.391562282724415
IEC_CT_absorptive_colonocyte,ABCG2_SLC22A5,182,0.08241758241758242,6.917111982821368,62.40901027299708,1.6395655,4.025434383926517
IEC_CT_absorptive_colonocyte,ABCC3_SLC22A5,182,0.005494505494505495,2.7471656986674877,104.39381261399171,1.4487566,1.1691698613879669
IEC_CT_absorptive_colonocyte,ABCB1_SLC15A1,182,0.22527472527472528,14.72959323057738,47.7813477164589,1.6992723,4.749114287342499
IEC_CT_absorptive_colonocyte,CLCN3_CLCN3,182,0.06593406593406594,1.6042331376660337,16.40825839533873,1.2342654,0.46873014324687484
IEC_CT_absorptive_colonocyte,SLC9A3_SLC9A3,182,0.5274725274725275,18.930521037742142,35.88911280071948,2.4031262,4.0068984324890895
IEC_CT_absorptive_colonocyte,SLC9A1_SLC9A3,182,0.03296703296703297,11.552739031907711,109.63410415692648,1.1999445,3.169169861387967
IEC_CT_absorptive_colonocyte,SLC9A1_SLC9A1,182,0.0989010989010989,1.3057318519939742,12.906059223967775,1.4901724,1.3009597339435082
IEC_CT_absorptive_colonocyte,SLC26A2_SLC26A3,182,0.06043956043956044,104.02793595693518,207.86463111004676,0.7398267,2.4586764785829516
IEC_CT_absorptive_colonocyte,SLC26A2_SLC26A2,182,0.31868131868131866,36.72583334360637,76.29970792112594,1.2089214,1.3771248995006078
IEC_CT_absorptive_colonocyte,SLC26A3_SLC26A3,182,0.8681318681318682,85.45022125271342,96.6304445396062,2.4660106,2.84359398948546
IEC_CT_absorptive_colonocyte,SCNN1A_SCNN1A,182,0.4725274725274725,22.875972014467543,45.861374077284616,1.6449779,2.7517378469687404
IEC_CT_absorptive_colonocyte,SCNN1A_SCNN1G,182,0.02197802197802198,1.923548740582773,32.31532895515949,2.0538847,3.276085065304479
IEC_Colonocyte_NOS,SLC2A1_SLC2A1,2150,0.02558139534883721,0.376747754674942,14.727412228202276,2.0976088,0.8205187613451794
IEC_Colonocyte_NOS,SLC16A1_SLC16A1,2150,0.020930232558139535,0.23403473135776107,11.181659387093028,2.2683177,1.098696653439515
IEC_Colonocyte_NOS,SLC16A1_SLC22A5,2150,0.005581395348837209,0.9945924333207784,61.64641920605619,2.156984,0.9991609798886006
IEC_Colonocyte_NOS,SLC22A5_SLC22A5,2150,0.07674418604651163,1.2486718429616093,16.14239190377782,1.4854319,0.8321534618285826
IEC_Colonocyte_NOS,SLC3A2_SLC40A1,2150,0.002325581395348837,0.9222034235007273,68.90755274527223,1.8800712,-0.43379842738750546
IEC_Colonocyte_NOS,SLC40A1_SLC40A1,2150,0.04930232558139535,2.9574450296277197,32.890788699956744,0.9978468,-0.15708908465663507
IEC_Colonocyte_NOS,SLC22A4_SLC22A5,2150,0.0013953488372093023,0.2456226070911644,44.074557453809085,2.4156845,-0.1707640215537116
IEC_Colonocyte_NOS,SLC16A9_SLC22A5,2150,0.004651162790697674,0.7688530879958559,52.13761737432867,2.2796824,0.5662015726124945
IEC_Colonocyte_NOS,SLC16A9_SLC16A9,2150,0.013953488372093023,0.2081828870339724,14.919773570768022,2.4972417,0.9635370701578794
IEC_Colonocyte_NOS,SLC12A2_SLC12A2,2150,0.03302325581395349,0.5544790311442866,16.79056221070727,1.904819,0.8360251441089276
IEC_Colonocyte_NOS,CPT1A_CPT1A,2150,0.10232558139534884,8.569580361852623,42.26706472758607,0.9370214,0.8736300978047418
IEC_Colonocyte_NOS,FABP5_FABP5,2150,0.028372093023255815,0.38315441569506203,13.50462284826858,1.6175436,-0.012616187887752742
IEC_Colonocyte_NOS,CD36_FABP5,2150,0.0,0.025317994895845637,,2.585896,-inf
IEC_Colonocyte_NOS,CD36_MSR1,2150,0.0,0.010585150025879208,,2.918227,-inf
IEC_Colonocyte_NOS,CD36_CD36,2150,0.0009302325581395349,0.006580777137216586,7.074335422507829,2.564323,-2.5399978312194307
IEC_Colonocyte_NOS,MSR1_MSR1,2150,0.0,0.0,,2.663974,-inf
IEC_Colonocyte_NOS,ABCA1_ABCA1,2150,0.005581395348837209,0.0687828973512204,12.323602442093653,1.7372448,-2.220007540573561
IEC_Colonocyte_NOS,ABCG2_ABCG2,2150,0.015348837209302326,0.2527517619851593,16.46716025054826,2.364287,0.3293095815809317
IEC_Colonocyte_NOS,ABCB1_ABCB1,2150,0.036744186046511626,0.7495297515527363,20.398594504283327,1.8333137,0.21018458714585117
IEC_Colonocyte_NOS,ABCB1_ABCG2,2150,0.0069767441860465115,0.8001309799547629,48.57844643071665,2.6654534,-0.3513362671955325
IEC_Colonocyte_NOS,SLC20A2_SLC20A2,2150,0.014883720930232559,0.19863737739948156,13.345948794027667,2.2594607,0.6068435571098404
IEC_Colonocyte_NOS,ATP7B_SLC20A2,2150,0.004186046511627907,0.27594520153126445,33.03523484451796,2.7166145,1.4141984791674447
IEC_Colonocyte_NOS,ABCC3_ABCG2,2150,0.0074418604651162795,0.7219767881032368,43.17599708403447,2.4817626,0.9547668605301475
IEC_Colonocyte_NOS,ABCC3_ABCC3,2150,0.06930232558139535,0.9829630162972324,14.18369453046342,1.6579528,1.2583275682826816
IEC_Colonocyte_NOS,SLC15A1_SLC15A1,2150,0.0032558139534883722,0.04340280990656472,13.330863042730593,2.7764626,-1.302008554831964
IEC_Colonocyte_NOS,CD38_CD38,2150,0.0018604651162790699,0.03089613035694472,16.606670066857788,2.009923,-2.651890711290328
IEC_Colonocyte_NOS,SCARB1_SCARB1,2150,0.0027906976744186047,0.03171962044319489,11.366197325478169,2.5269907,-0.9550353304982743
IEC_Colonocyte_NOS,ABCC4_SLCO2B1,2150,0.00046511627906976747,0.09744256646858249,73.33865162383495,2.48517,-1.9077296157199177
IEC_Colonocyte_NOS,ABCC3_SLC16A1,2150,0.0051162790697674414,0.8984963556925286,40.856450175692345,2.3394475,1.2886675970835852
IEC_Colonocyte_NOS,ABCG2_SLC16A1,2150,0.004651162790697674,0.37219490864550153,30.1307408629501,2.6190863,1.2766949554175095
IEC_Colonocyte_NOS,ABCC1_SLCO2B1,2150,0.00046511627906976747,0.22882360978204372,60.710555461062995,2.2631717,-2.907729615719918
IEC_Colonocyte_NOS,ABCB1_SLC16A1,2150,0.0060465116279069765,0.7942085205396913,36.917925897923105,2.5273077,0.6552065786712393
IEC_Colonocyte_NOS,ABCB1_SLC22A4,2150,0.004186046511627907,0.23607100570452885,29.351113887277467,2.7551272,0.4141984791674447
IEC_Colonocyte_NOS,ABCG2_SLC22A4,2150,0.0027906976744186047,0.13021121774176678,25.54608917498022,2.8242474,0.2987212617475086
IEC_Colonocyte_NOS,TAP1_TAP1,2150,0.0641860465116279,1.1330155558916908,16.287177012156818,1.3814042,0.47832881658716025
IEC_Colonocyte_NOS,AQP8_AQP8,2150,0.030697674418604652,1.388558543184124,45.233346482513134,1.9041162,-0.34876232353170616
IEC_Colonocyte_NOS,AQP7_AQP8,2150,0.0065116279069767444,0.855064827602347,101.62458042765556,2.7455356,-0.33303545045258864
IEC_Colonocyte_NOS,AQP7_AQP7,2150,0.0069767441860465115,0.0802586203985938,11.503735590465112,2.2619631,-0.4068313797872361
IEC_Colonocyte_NOS,ABCB1_SLC22A5,2150,0.005581395348837209,1.611592224953573,76.67431182255646,2.0598707,-0.3931564428901596
IEC_Colonocyte_NOS,ABCG2_SLC22A5,2150,0.0065116279069767444,0.8543219497829162,51.96330064001068,2.2399921,0.3635724060974766
IEC_Colonocyte_NOS,ABCC3_SLC22A5,2150,0.004186046511627907,2.2463827801718916,65.63037525104602,1.8681616,0.7767685585521529
IEC_Colonocyte_NOS,ABCB1_SLC15A1,2150,0.002325581395348837,0.23494020418692818,33.484478727074226,2.827327,-1.8488359266663492
IEC_Colonocyte_NOS,CLCN3_CLCN3,2150,0.09395348837209302,2.363235700049883,20.095453208122255,1.2715137,0.979652820999387
IEC_Colonocyte_NOS,SLC9A3_SLC9A3,2150,0.04186046511627907,0.8064184235051269,19.264440117066922,1.9497213,0.35146272381948185
IEC_Colonocyte_NOS,SLC9A1_SLC9A3,2150,0.0065116279069767444,1.5972535112839639,64.77805233459047,2.286996,0.8292359784462884
IEC_Colonocyte_NOS,SLC9A1_SLC9A1,2150,0.08232558139534883,1.2551476197868365,15.094890260202117,1.5040187,1.0363139783060669
IEC_Colonocyte_NOS,SLC26A2_SLC26A3,2150,0.02372093023255814,57.38942553251509,188.30328615142975,0.62965935,1.1093438976390237
IEC_Colonocyte_NOS,SLC26A2_SLC26A2,2150,0.27906976744186046,33.09737051067972,70.88499003803909,1.1124232,1.1856362905907902
IEC_Colonocyte_NOS,SLC26A3_SLC26A3,2150,0.23534883720930233,25.55633604269973,68.59454813906382,1.0786138,0.9604805117245411
IEC_Colonocyte_NOS,SCNN1A_SCNN1A,2150,0.12558139534883722,5.867651532858938,32.19536336249899,1.1017303,0.8399623850393472
IEC_Colonocyte_NOS,SCNN1A_SCNN1G,2150,0.0027906976744186047,0.35301805399707387,27.18855170920794,2.418809,0.2987212617475086
IEC_Goblet,SLC2A1_SLC2A1,193,0.0051813471502590676,0.1917007161386456,36.9982382147586,2.0877419,-1.483177044970738
IEC_Goblet,SLC16A1_SLC16A1,193,0.0,0.0,,2.2723415,-inf
IEC_Goblet,SLC16A1_SLC22A5,193,0.0,0.059513544152566045,,2.2336366,-inf
IEC_Goblet,SLC22A5_SLC22A5,193,0.010362694300518135,0.19310530790543232,15.763133707512907,1.4471085,-2.0565048452084906
IEC_Goblet,SLC3A2_SLC40A1,193,0.0,0.4578377241231944,,2.0152411,-inf
IEC_Goblet,SLC40A1_SLC40A1,193,0.025906735751295335,1.1182245198991747,32.20634108636709,0.9641632,-1.08541753712373
IEC_Goblet,SLC22A4_SLC22A5,193,0.0,0.22437440931201078,,2.4686456,-inf
IEC_Goblet,SLC16A9_SLC22A5,193,0.0,0.43191977333420045,,2.287921,-inf
IEC_Goblet,SLC16A9_SLC16A9,193,0.015544041450777202,0.21332673223440768,13.724019773746894,2.5002744,1.1192728824792593
IEC_Goblet,SLC12A2_SLC12A2,193,0.025906735751295335,0.43336216374968084,16.72777952073768,1.8922454,0.48587002670034996
IEC_Goblet,CPT1A_CPT1A,193,0.046632124352331605,3.64222666377652,49.84638821424008,0.8277971,-0.2601407070688632
IEC_Goblet,FABP5_FABP5,193,0.03626943005181347,0.5649927133021285,15.577656238187258,1.6217624,0.34166530381570703
IEC_Goblet,CD36_FABP5,193,0.0,0.0,,2.5939271,-inf
IEC_Goblet,CD36_MSR1,193,0.0,0.0,,2.9557486,-inf
IEC_Goblet,CD36_CD36,193,0.0,0.0,,2.5440767,-inf
IEC_Goblet,MSR1_MSR1,193,0.0,0.0,,2.6736748,-inf
IEC_Goblet,ABCA1_ABCA1,193,0.0,0.0,,1.7268852,-inf
IEC_Goblet,ABCG2_ABCG2,193,0.0051813471502590676,0.05309123144910726,10.2466076696777,2.352475,-1.2374206305687796
IEC_Goblet,ABCB1_ABCB1,193,0.0051813471502590676,0.11840146740167214,22.851483208522723,1.8052483,-2.615932253822509
IEC_Goblet,ABCB1_ABCG2,193,0.0,0.10618246289821452,,2.8886218,-inf
IEC_Goblet,SLC20A2_SLC20A2,193,0.0,0.0,,2.2441213,-inf
IEC_Goblet,ATP7B_SLC20A2,193,0.0,0.0,,2.8482232,-inf
IEC_Goblet,ABCC3_ABCG2,193,0.0,0.0713134381585311,,2.828345,-inf
IEC_Goblet,ABCC3_ABCC3,193,0.010362694300518135,0.25458314030601503,24.56727303953045,1.6355709,-1.483177044970738
IEC_Goblet,SLC15A1_SLC15A1,193,0.0,0.0,,2.7498674,-inf
IEC_Goblet,CD38_CD38,193,0.0,0.0,,2.0000324,-inf
IEC_Goblet,SCARB1_SCARB1,193,0.0,0.0,,2.4933305,-inf
IEC_Goblet,ABCC4_SLCO2B1,193,0.0,0.0,,2.4426103,-inf
IEC_Goblet,ABCC3_SLC16A1,193,0.0,0.14851951001745534,,2.6542137,-inf
IEC_Goblet,ABCG2_SLC16A1,193,0.0,0.10504481667077732,,2.7830546,-inf
IEC_Goblet,ABCC1_SLCO2B1,193,0.0051813471502590676,0.4751789474526167,67.21242226981303,2.205021,0.5699342914888244
IEC_Goblet,ABCB1_SLC16A1,193,0.0,0.10504481667077732,,2.72488,-inf
IEC_Goblet,ABCB1_SLC22A4,193,0.0,0.08089602087978712,,2.863294,-inf
IEC_Goblet,ABCG2_SLC22A4,193,0.0,0.0,,2.8870122,-inf
IEC_Goblet,TAP1_TAP1,193,0.03626943005181347,0.6031255191634927,16.62903217122201,1.3657899,-0.3451768109246626
IEC_Goblet,AQP8_AQP8,193,0.0,0.0,,1.8727174,-inf
IEC_Goblet,AQP7_AQP8,193,0.0,0.1563954329150799,,2.8895228,-inf
IEC_Goblet,AQP7_AQP7,193,0.0,0.0,,2.2744477,-inf
IEC_Goblet,ABCB1_SLC22A5,193,0.0,0.1755024105780677,,2.1649919,-inf
IEC_Goblet,ABCG2_SLC22A5,193,0.0,0.1755024105780677,,2.3184843,-inf
IEC_Goblet,ABCC3_SLC22A5,193,0.0,0.31363335887607047,,2.0713727,-inf
IEC_Goblet,ABCB1_SLC15A1,193,0.0051813471502590676,0.12263794568388894,23.669123516990567,2.9647622,-0.6931001143449694
IEC_Goblet,CLCN3_CLCN3,193,0.07253886010362694,2.108681205585376,25.767792115370394,1.267769,0.6064601675139384
IEC_Goblet,SLC9A3_SLC9A3,193,0.0,0.0,,1.9161115,-inf
IEC_Goblet,SLC9A1_SLC9A3,193,0.0,0.0,,2.7128885,-inf
IEC_Goblet,SLC9A1_SLC9A1,193,0.015544041450777202,0.19961957785823442,12.84219284221308,1.4712985,-1.3686651638470324
IEC_Goblet,SLC26A2_SLC26A3,193,0.0,11.952693640798538,,0.7261745,-inf
IEC_Goblet,SLC26A2_SLC26A2,193,0.031088082901554404,6.347330455282529,68.29897311937997,0.62019414,-1.9805559919751923
IEC_Goblet,SLC26A3_SLC26A3,193,0.025906735751295335,4.161933096601651,54.07988805257895,0.6594728,-2.2229210608736647
IEC_Goblet,SCNN1A_SCNN1A,193,0.07772020725388601,4.470745227500996,32.51527987794501,1.0484928,0.1477012908057768
IEC_Goblet,SCNN1A_SCNN1G,193,0.010362694300518135,0.6382321819989127,48.06679759403369,2.4813101,2.1914226682350946
IEC_Goblet_2,SLC2A1_SLC2A1,37,0.0,0.0,,2.0725048,-inf
IEC_Goblet_2,SLC16A1_SLC16A1,37,0.0,0.0,,2.2770193,-inf
IEC_Goblet_2,SLC16A1_SLC22A5,37,0.0,0.0,,2.3239682,-inf
IEC_Goblet_2,SLC22A5_SLC22A5,37,0.0,0.0,,1.4389704,-inf
IEC_Goblet_2,SLC3A2_SLC40A1,37,0.0,0.0,,1.9903096,-inf
IEC_Goblet_2,SLC40A1_SLC40A1,37,0.0,0.5648941299013149,,0.9314112,-inf
IEC_Goblet_2,SLC22A4_SLC22A5,37,0.0,0.0,,2.4907126,-inf
IEC_Goblet_2,SLC16A9_SLC22A5,37,0.0,0.0,,2.3860037,-inf
IEC_Goblet_2,SLC16A9_SLC16A9,37,0.0,0.0,,2.4645364,-inf
IEC_Goblet_2,SLC12A2_SLC12A2,37,0.02702702702702703,0.265320047669403,9.816841763767911,1.902446,0.5469456034521183
IEC_Goblet_2,CPT1A_CPT1A,37,0.05405405405405406,3.892487338604939,30.58303888604391,0.82107425,-0.0470620368720448
IEC_Goblet_2,FABP5_FABP5,37,0.0,0.0,,1.6120075,-inf
IEC_Goblet_2,CD36_FABP5,37,0.0,0.0,,2.7137198,-inf
IEC_Goblet_2,CD36_MSR1,37,0.0,0.0,,2.8995264,-inf
IEC_Goblet_2,CD36_CD36,37,0.0,0.0,,2.5401766,-inf
IEC_Goblet_2,MSR1_MSR1,37,0.0,0.0,,2.729795,-inf
IEC_Goblet_2,ABCA1_ABCA1,37,0.0,0.0,,1.7103486,-inf
IEC_Goblet_2,ABCG2_ABCG2,37,0.0,0.0,,2.2998548,-inf
IEC_Goblet_2,ABCB1_ABCB1,37,0.0,0.0,,1.8031772,-inf
IEC_Goblet_2,ABCB1_ABCG2,37,0.0,0.0,,2.8564258,-inf
IEC_Goblet_2,SLC20A2_SLC20A2,37,0.0,0.0,,2.2349453,-inf
IEC_Goblet_2,ATP7B_SLC20A2,37,0.0,0.0,,2.970328,-inf
IEC_Goblet_2,ABCC3_ABCG2,37,0.0,0.0,,2.7961478,-inf
IEC_Goblet_2,ABCC3_ABCC3,37,0.0,0.0,,1.6296234,-inf
IEC_Goblet_2,SLC15A1_SLC15A1,37,0.0,0.0,,2.7718573,-inf
IEC_Goblet_2,CD38_CD38,37,0.02702702702702703,0.809199746584528,29.940390623627536,2.027712,1.2087768675575452
IEC_Goblet_2,SCARB1_SCARB1,37,0.0,0.0,,2.5288014,-inf
IEC_Goblet_2,ABCC4_SLCO2B1,37,0.0,0.0,,2.652661,-inf
IEC_Goblet_2,ABCC3_SLC16A1,37,0.0,0.0,,2.6473937,-inf
IEC_Goblet_2,ABCG2_SLC16A1,37,0.0,0.0,,2.759892,-inf
IEC_Goblet_2,ABCC1_SLCO2B1,37,0.0,0.0,,2.4560952,-inf
IEC_Goblet_2,ABCB1_SLC16A1,37,0.0,0.0,,2.7179093,-inf
IEC_Goblet_2,ABCB1_SLC22A4,37,0.0,0.0,,2.9536133,-inf
IEC_Goblet_2,ABCG2_SLC22A4,37,0.0,0.0,,2.9636312,-inf
IEC_Goblet_2,TAP1_TAP1,37,0.02702702702702703,0.285462784638902,10.562123031639373,1.350776,-0.7695280613431359
IEC_Goblet_2,AQP8_AQP8,37,0.0,0.0,,1.8723301,-inf
IEC_Goblet_2,AQP7_AQP8,37,0.0,0.0,,2.9170387,-inf
IEC_Goblet_2,AQP7_AQP7,37,0.0,0.0,,2.2777576,-inf
IEC_Goblet_2,ABCB1_SLC22A5,37,0.0,0.0,,2.1985908,-inf
IEC_Goblet_2,ABCG2_SLC22A5,37,0.0,0.0,,2.329937,-inf
IEC_Goblet_2,ABCC3_SLC22A5,37,0.0,0.0,,2.0765069,-inf
IEC_Goblet_2,ABCB1_SLC15A1,37,0.0,0.0,,2.9536133,-inf
IEC_Goblet_2,CLCN3_CLCN3,37,0.05405405405405406,0.9502910161137256,15.197993324910271,1.239718,0.18210891709546523
IEC_Goblet_2,SLC9A3_SLC9A3,37,0.0,0.0,,1.8966562,-inf
IEC_Goblet_2,SLC9A1_SLC9A3,37,0.0,0.0,,2.767994,-inf
IEC_Goblet_2,SLC9A1_SLC9A1,37,0.02702702702702703,0.3369536574701252,12.46728532639463,1.4676713,-0.5706239929290576
IEC_Goblet_2,SLC26A2_SLC26A3,37,0.0,3.6693005048536875,,1.0787266,-inf
IEC_Goblet_2,SLC26A2_SLC26A2,37,0.0,1.5401071129802264,,0.5508115,-inf
IEC_Goblet_2,SLC26A3_SLC26A3,37,0.0,1.6596065068553592,,0.6216366,-inf
IEC_Goblet_2,SCNN1A_SCNN1A,37,0.02702702702702703,1.8277704353585116,28.10096746672656,0.9831109,-1.376185633163611
IEC_Goblet_2,SCNN1A_SCNN1G,37,0.0,0.0,,2.6065946,-inf
IEC_ISC,SLC2A1_SLC2A1,12,0.0,0.0,,2.059527,-inf
IEC_ISC,SLC16A1_SLC16A1,12,0.0,0.0,,2.2580242,-inf
IEC_ISC,SLC16A1_SLC22A5,12,0.0,0.0,,2.1315727,-inf
IEC_ISC,SLC22A5_SLC22A5,12,0.08333333333333333,1.931592780635043,23.179113367620516,1.5261842,0.9509896913384333
IEC_ISC,SLC3A2_SLC40A1,12,0.0,0.9593829964376349,,2.102065,-inf
IEC_ISC,SLC40A1_SLC40A1,12,0.0,0.0,,0.91804737,-inf
IEC_ISC,SLC22A4_SLC22A5,12,0.0,0.0,,2.1348574,-inf
IEC_ISC,SLC16A9_SLC22A5,12,0.0,0.0,,2.2000828,-inf
IEC_ISC,SLC16A9_SLC16A9,12,0.0,0.0,,2.3606124,-inf
IEC_ISC,SLC12A2_SLC12A2,12,0.16666666666666666,2.071324981278432,12.427949887670593,1.9886433,3.1714364683599117
IEC_ISC,CPT1A_CPT1A,12,0.08333333333333333,7.470104468403046,46.20136057898981,0.89846057,0.5774288280357485
IEC_ISC,FABP5_FABP5,12,0.0,0.0,,1.5657482,-inf
IEC_ISC,CD36_FABP5,12,0.0,0.0,,2.5519676,-inf
IEC_ISC,CD36_MSR1,12,0.0,0.0,,3.0004346,-inf
IEC_ISC,CD36_CD36,12,0.0,0.0,,2.553111,-inf
IEC_ISC,MSR1_MSR1,12,0.0,0.0,,2.7372377,-inf
IEC_ISC,ABCA1_ABCA1,12,0.0,0.0,,1.6786093,-inf
IEC_ISC,ABCG2_ABCG2,12,0.0,0.0,,2.337292,-inf
IEC_ISC,ABCB1_ABCB1,12,0.0,0.0,,1.8528312,-inf
IEC_ISC,ABCB1_ABCG2,12,0.0,0.0,,3.0004346,-inf
IEC_ISC,SLC20A2_SLC20A2,12,0.0,0.0,,2.196739,-inf
IEC_ISC,ATP7B_SLC20A2,12,0.0,0.0,,2.8045805,-inf
IEC_ISC,ABCC3_ABCG2,12,0.0,0.0,,2.8242724,-inf
IEC_ISC,ABCC3_ABCC3,12,0.0,0.0,,1.5869297,-inf
IEC_ISC,SLC15A1_SLC15A1,12,0.0,0.0,,2.676654,-inf
IEC_ISC,CD38_CD38,12,0.0,0.0,,1.951291,-inf
IEC_ISC,SCARB1_SCARB1,12,0.0,0.0,,2.4263656,-inf
IEC_ISC,ABCC4_SLCO2B1,12,0.0,0.0,,2.5369728,-inf
IEC_ISC,ABCC3_SLC16A1,12,0.0,0.9510553248844928,,2.83487,-inf
IEC_ISC,ABCG2_SLC16A1,12,0.0,0.0,,2.8854167,-inf
IEC_ISC,ABCC1_SLCO2B1,12,0.0,0.0,,2.3340042,-inf
IEC_ISC,ABCB1_SLC16A1,12,0.0,0.0,,2.8618715,-inf
IEC_ISC,ABCB1_SLC22A4,12,0.0,0.0,,3.0004346,-inf
IEC_ISC,ABCG2_SLC22A4,12,0.0,0.0,,3.0004346,-inf
IEC_ISC,TAP1_TAP1,12,0.0,0.0,,1.3234137,-inf
IEC_ISC,AQP8_AQP8,12,0.0,0.0,,1.8269645,-inf
IEC_ISC,AQP7_AQP8,12,0.0,0.0,,3.0004346,-inf
IEC_ISC,AQP7_AQP7,12,0.0,0.0,,2.2442787,-inf
IEC_ISC,ABCB1_SLC22A5,12,0.0,0.0,,1.9905304,-inf
IEC_ISC,ABCG2_SLC22A5,12,0.0,0.0,,2.1709075,-inf
IEC_ISC,ABCC3_SLC22A5,12,0.0,0.0,,1.7094101,-inf
IEC_ISC,ABCB1_SLC15A1,12,0.0,0.0,,3.0004346,-inf
IEC_ISC,CLCN3_CLCN3,12,0.08333333333333333,1.2157928803399614,14.589514564079536,1.2373945,0.8065997820032585
IEC_ISC,SLC9A3_SLC9A3,12,0.0,0.0,,1.9182796,-inf
IEC_ISC,SLC9A1_SLC9A3,12,0.0,0.0,,3.0004346,-inf
IEC_ISC,SLC9A1_SLC9A1,12,0.0,0.0,,1.4425101,-inf
IEC_ISC,SLC26A2_SLC26A3,12,0.0,5.647045504991581,,0.4419997,-inf
IEC_ISC,SLC26A2_SLC26A2,12,0.0,5.964652766343941,,0.5928521,-inf
IEC_ISC,SLC26A3_SLC26A3,12,0.0,5.69087976583766,,0.65629506,-inf
IEC_ISC,SCNN1A_SCNN1A,12,0.0,2.4617238299276116,,0.9863055,-inf
IEC_ISC,SCNN1A_SCNN1G,12,0.0,0.0,,2.7408001,-inf
IEC_NOS2_DUOX2_colonocyte,SLC2A1_SLC2A1,4,0.0,0.0,,2.0789764,-inf
IEC_NOS2_DUOX2_colonocyte,SLC16A1_SLC16A1,4,0.0,0.0,,2.372798,-inf
IEC_NOS2_DUOX2_colonocyte,SLC16A1_SLC22A5,4,0.0,0.0,,1.9085486,-inf
IEC_NOS2_DUOX2_colonocyte,SLC22A5_SLC22A5,4,0.0,0.0,,1.448164,-inf
IEC_NOS2_DUOX2_colonocyte,SLC3A2_SLC40A1,4,0.0,0.0,,1.7227665,-inf
IEC_NOS2_DUOX2_colonocyte,SLC40A1_SLC40A1,4,0.25,21.002386995405175,84.0095479816207,1.439246,2.1851114052569884
IEC_NOS2_DUOX2_colonocyte,SLC22A4_SLC22A5,4,0.0,0.0,,2.1363425,-inf
IEC_NOS2_DUOX2_colonocyte,SLC16A9_SLC22A5,4,0.0,0.0,,2.0185401,-inf
IEC_NOS2_DUOX2_colonocyte,SLC16A9_SLC16A9,4,0.0,0.0,,2.5118735,-inf
IEC_NOS2_DUOX2_colonocyte,SLC12A2_SLC12A2,4,0.0,0.0,,2.0464568,-inf
IEC_NOS2_DUOX2_colonocyte,CPT1A_CPT1A,4,0.25,13.349884478083439,53.399537912333756,1.2529827,2.1623913287569048
IEC_NOS2_DUOX2_colonocyte,FABP5_FABP5,4,0.0,0.0,,1.575189,-inf
IEC_NOS2_DUOX2_colonocyte,CD36_FABP5,4,0.0,0.0,,2.3120384,-inf
IEC_NOS2_DUOX2_colonocyte,CD36_MSR1,4,0.0,0.0,,3.0004342,-inf
IEC_NOS2_DUOX2_colonocyte,CD36_CD36,4,0.0,0.0,,2.730639,-inf
IEC_NOS2_DUOX2_colonocyte,MSR1_MSR1,4,0.0,0.0,,2.686616,-inf
IEC_NOS2_DUOX2_colonocyte,ABCA1_ABCA1,4,0.0,0.0,,1.80136,-inf
IEC_NOS2_DUOX2_colonocyte,ABCG2_ABCG2,4,0.0,0.0,,2.249569,-inf
IEC_NOS2_DUOX2_colonocyte,ABCB1_ABCB1,4,0.0,0.0,,1.8248265,-inf
IEC_NOS2_DUOX2_colonocyte,ABCB1_ABCG2,4,0.0,0.0,,2.1241465,-inf
IEC_NOS2_DUOX2_colonocyte,SLC20A2_SLC20A2,4,0.0,0.0,,2.293592,-inf
IEC_NOS2_DUOX2_colonocyte,ATP7B_SLC20A2,4,0.0,0.0,,2.1931417,-inf
IEC_NOS2_DUOX2_colonocyte,ABCC3_ABCG2,4,0.0,0.0,,2.084203,-inf
IEC_NOS2_DUOX2_colonocyte,ABCC3_ABCC3,4,0.0,0.0,,1.6408056,-inf
IEC_NOS2_DUOX2_colonocyte,SLC15A1_SLC15A1,4,0.0,0.0,,2.7504342,-inf
IEC_NOS2_DUOX2_colonocyte,CD38_CD38,4,0.0,0.0,,1.9410481,-inf
IEC_NOS2_DUOX2_colonocyte,SCARB1_SCARB1,4,0.0,0.0,,2.555896,-inf
IEC_NOS2_DUOX2_colonocyte,ABCC4_SLCO2B1,4,0.0,0.0,,2.7139022,-inf
IEC_NOS2_DUOX2_colonocyte,ABCC3_SLC16A1,4,0.0,0.0,,3.0004342,-inf
IEC_NOS2_DUOX2_colonocyte,ABCG2_SLC16A1,4,0.0,0.0,,3.0004342,-inf
IEC_NOS2_DUOX2_colonocyte,ABCC1_SLCO2B1,4,0.0,0.0,,2.614417,-inf
IEC_NOS2_DUOX2_colonocyte,ABCB1_SLC16A1,4,0.0,0.0,,3.0004342,-inf
IEC_NOS2_DUOX2_colonocyte,ABCB1_SLC22A4,4,0.0,0.0,,2.5488892,-inf
IEC_NOS2_DUOX2_colonocyte,ABCG2_SLC22A4,4,0.0,0.0,,2.6275938,-inf
IEC_NOS2_DUOX2_colonocyte,TAP1_TAP1,4,0.0,0.0,,1.4396572,-inf
IEC_NOS2_DUOX2_colonocyte,AQP8_AQP8,4,0.25,22.460169807804505,89.84067923121802,2.1910481,2.676964501586663
IEC_NOS2_DUOX2_colonocyte,AQP7_AQP8,4,0.0,0.0,,2.235071,-inf
IEC_NOS2_DUOX2_colonocyte,AQP7_AQP7,4,0.0,0.0,,2.2451367,-inf
IEC_NOS2_DUOX2_colonocyte,ABCB1_SLC22A5,4,0.0,0.0,,1.7061222,-inf
IEC_NOS2_DUOX2_colonocyte,ABCG2_SLC22A5,4,0.0,0.0,,1.9002047,-inf
IEC_NOS2_DUOX2_colonocyte,ABCC3_SLC22A5,4,0.0,0.0,,1.626076,-inf
IEC_NOS2_DUOX2_colonocyte,ABCB1_SLC15A1,4,0.0,0.0,,1.677814,-inf
IEC_NOS2_DUOX2_colonocyte,CLCN3_CLCN3,4,0.0,0.0,,1.2264327,-inf
IEC_NOS2_DUOX2_colonocyte,SLC9A3_SLC9A3,4,0.0,0.0,,1.8953049,-inf
IEC_NOS2_DUOX2_colonocyte,SLC9A1_SLC9A3,4,0.0,0.0,,2.0258625,-inf
IEC_NOS2_DUOX2_colonocyte,SLC9A1_SLC9A1,4,0.0,0.0,,1.4445792,-inf
IEC_NOS2_DUOX2_colonocyte,SLC26A2_SLC26A3,4,0.0,0.0,,0.49044645,-inf
IEC_NOS2_DUOX2_colonocyte,SLC26A2_SLC26A2,4,0.0,0.0,,0.550044,-inf
IEC_NOS2_DUOX2_colonocyte,SLC26A3_SLC26A3,4,0.25,11.053397113371716,44.213588453486864,0.84958625,1.0476078815070535
IEC_NOS2_DUOX2_colonocyte,SCNN1A_SCNN1A,4,0.25,19.9468253240953,63.70814109392654,1.5738878,1.8332677324653388
IEC_NOS2_DUOX2_colonocyte,SCNN1A_SCNN1G,4,0.0,2.7241196574452147,,2.1660194,-inf
IEC_Tuft,SLC2A1_SLC2A1,8,0.0,0.0,,2.0788498,-inf
IEC_Tuft,SLC16A1_SLC16A1,8,0.0,0.0,,2.2970955,-inf
IEC_Tuft,SLC16A1_SLC22A5,8,0.0,0.0,,2.6517365,-inf
IEC_Tuft,SLC22A5_SLC22A5,8,0.125,1.8101551899522832,14.481241519618266,1.5100992,1.5359521920595895
IEC_Tuft,SLC3A2_SLC40A1,8,0.0,0.0,,1.9519762,-inf
IEC_Tuft,SLC40A1_SLC40A1,8,0.0,2.0706787463455214,,0.9859918,-inf
IEC_Tuft,SLC22A4_SLC22A5,8,0.0,0.0,,2.744282,-inf
IEC_Tuft,SLC16A9_SLC22A5,8,0.0,0.0,,2.6531653,-inf
IEC_Tuft,SLC16A9_SLC16A9,8,0.0,0.0,,2.4551237,-inf
IEC_Tuft,SLC12A2_SLC12A2,8,0.0,0.0,,1.8192129,-inf
IEC_Tuft,CPT1A_CPT1A,8,0.125,6.671194942276088,53.369559538208705,0.97259784,1.1623913287569048
IEC_Tuft,FABP5_FABP5,8,0.0,0.0,,1.5763711,-inf
IEC_Tuft,CD36_FABP5,8,0.0,0.0,,2.481017,-inf
IEC_Tuft,CD36_MSR1,8,0.0,0.0,,3.0004344,-inf
IEC_Tuft,CD36_CD36,8,0.0,0.0,,2.5147638,-inf
IEC_Tuft,MSR1_MSR1,8,0.0,0.0,,2.7150216,-inf
IEC_Tuft,ABCA1_ABCA1,8,0.0,0.0,,1.7118611,-inf
IEC_Tuft,ABCG2_ABCG2,8,0.0,0.0,,2.4304638,-inf
IEC_Tuft,ABCB1_ABCB1,8,0.0,0.0,,1.7842178,-inf
IEC_Tuft,ABCB1_ABCG2,8,0.0,0.0,,3.0004344,-inf
IEC_Tuft,SLC20A2_SLC20A2,8,0.0,0.0,,2.3017182,-inf
IEC_Tuft,ATP7B_SLC20A2,8,0.0,0.0,,2.448508,-inf
IEC_Tuft,ABCC3_ABCG2,8,0.0,0.0,,3.0004344,-inf
IEC_Tuft,ABCC3_ABCC3,8,0.0,0.0,,1.6184881,-inf
IEC_Tuft,SLC15A1_SLC15A1,8,0.0,0.0,,2.69301,-inf
IEC_Tuft,CD38_CD38,8,0.0,0.0,,2.1649828,-inf
IEC_Tuft,SCARB1_SCARB1,8,0.0,0.0,,2.5992448,-inf
IEC_Tuft,ABCC4_SLCO2B1,8,0.0,0.0,,2.602668,-inf
IEC_Tuft,ABCC3_SLC16A1,8,0.0,0.0,,3.0004344,-inf
IEC_Tuft,ABCG2_SLC16A1,8,0.0,0.0,,3.0004344,-inf
IEC_Tuft,ABCC1_SLCO2B1,8,0.0,0.0,,2.4094632,-inf
IEC_Tuft,ABCB1_SLC16A1,8,0.0,0.0,,3.0004344,-inf
IEC_Tuft,ABCB1_SLC22A4,8,0.0,0.0,,3.0004344,-inf
IEC_Tuft,ABCG2_SLC22A4,8,0.0,0.0,,3.0004344,-inf
IEC_Tuft,TAP1_TAP1,8,0.0,0.0,,1.3572367,-inf
IEC_Tuft,AQP8_AQP8,8,0.0,0.0,,1.8327941,-inf
IEC_Tuft,AQP7_AQP8,8,0.0,0.0,,3.0004344,-inf
IEC_Tuft,AQP7_AQP7,8,0.0,0.0,,2.3248267,-inf
IEC_Tuft,ABCB1_SLC22A5,8,0.0,0.0,,2.5540726,-inf
IEC_Tuft,ABCG2_SLC22A5,8,0.0,0.0,,2.645108,-inf
IEC_Tuft,ABCC3_SLC22A5,8,0.0,0.0,,2.5416534,-inf
IEC_Tuft,ABCB1_SLC15A1,8,0.0,0.0,,3.0004344,-inf
IEC_Tuft,CLCN3_CLCN3,8,0.0,0.0,,1.2466879,-inf
IEC_Tuft,SLC9A3_SLC9A3,8,0.0,0.0,,1.9300612,-inf
IEC_Tuft,SLC9A1_SLC9A3,8,0.0,0.0,,2.694346,-inf
IEC_Tuft,SLC9A1_SLC9A1,8,0.125,0.8420895411180425,6.73671632894434,1.4337645,1.6388293726998922
IEC_Tuft,SLC26A2_SLC26A3,8,0.0,0.0,,0.80351484,-inf
IEC_Tuft,SLC26A2_SLC26A2,8,0.0,0.0,,0.5394435,-inf
IEC_Tuft,SLC26A3_SLC26A3,8,0.125,10.56462939882503,27.397670189402902,0.8319419,0.047607881507053494
IEC_Tuft,SCNN1A_SCNN1A,8,0.0,0.0,,0.96129566,-inf
IEC_Tuft,SCNN1A_SCNN1G,8,0.0,0.0,,3.0004344,-inf
MAST,SLC2A1_SLC2A1,52,0.0,0.0,,2.08341,-inf
MAST,SLC16A1_SLC16A1,52,0.0,0.0,,2.253825,-inf
MAST,SLC16A1_SLC22A5,52,0.0,0.5314542951778509,,2.588301,-inf
MAST,SLC22A5_SLC22A5,52,0.0,0.0,,1.4484969,-inf
MAST,SLC3A2_SLC40A1,52,0.0,0.0,,1.9374282,-inf
MAST,SLC40A1_SLC40A1,52,0.0,0.42622911414568204,,0.94781595,-inf
MAST,SLC22A4_SLC22A5,52,0.0,0.7263373751635089,,2.6850405,-inf
MAST,SLC16A9_SLC22A5,52,0.0,0.0,,2.6394358,-inf
MAST,SLC16A9_SLC16A9,52,0.0,0.0,,2.4727793,-inf
MAST,SLC12A2_SLC12A2,52,0.0,0.0,,1.9225496,-inf
MAST,CPT1A_CPT1A,52,0.019230769230769232,2.2575439367697103,60.97155377757218,0.79268545,-1.5380483893841872
MAST,FABP5_FABP5,52,0.0,0.0,,1.5964316,-inf
MAST,CD36_FABP5,52,0.0,0.0,,2.4796717,-inf
MAST,CD36_MSR1,52,0.0,0.0,,2.9275382,-inf
MAST,CD36_CD36,52,0.0,0.0,,2.5357587,-inf
MAST,MSR1_MSR1,52,0.0,0.0,,2.6817813,-inf
MAST,ABCA1_ABCA1,52,0.057692307692307696,0.8690403025447652,15.063365244109264,1.7639662,1.1496736857621697
MAST,ABCG2_ABCG2,52,0.0,0.0,,2.3465211,-inf
MAST,ABCB1_ABCB1,52,0.0,0.0,,1.8201578,-inf
MAST,ABCB1_ABCG2,52,0.0,0.0,,2.9003603,-inf
MAST,SLC20A2_SLC20A2,52,0.0,0.0,,2.233969,-inf
MAST,ATP7B_SLC20A2,52,0.0,0.0,,2.9055007,-inf
MAST,ABCC3_ABCG2,52,0.0,0.0,,2.89247,-inf
MAST,ABCC3_ABCC3,52,0.0,0.0,,1.6192684,-inf
MAST,SLC15A1_SLC15A1,52,0.0,0.0,,2.8030577,-inf
MAST,CD38_CD38,52,0.0,0.0,,1.9951829,-inf
MAST,SCARB1_SCARB1,52,0.0,0.0,,2.538511,-inf
MAST,ABCC4_SLCO2B1,52,0.0,0.0,,2.382424,-inf
MAST,ABCC3_SLC16A1,52,0.0,0.0,,2.8570302,-inf
MAST,ABCG2_SLC16A1,52,0.0,0.0,,2.8918452,-inf
MAST,ABCC1_SLCO2B1,52,0.019230769230769232,3.1614017695552024,58.918484757659826,2.1776752,2.461951610615813
MAST,ABCB1_SLC16A1,52,0.0,0.0,,2.8646166,-inf
MAST,ABCB1_SLC22A4,52,0.0,0.0,,2.937772,-inf
MAST,ABCG2_SLC22A4,52,0.0,0.0,,2.9512506,-inf
MAST,TAP1_TAP1,52,0.0,0.0,,1.3406285,-inf
MAST,AQP8_AQP8,52,0.0,0.0,,1.8723589,-inf
MAST,AQP7_AQP8,52,0.0,0.0,,2.9451437,-inf
MAST,AQP7_AQP7,52,0.0,0.0,,2.2771063,-inf
MAST,ABCB1_SLC22A5,52,0.0,0.0,,2.5281205,-inf
MAST,ABCG2_SLC22A5,52,0.0,0.0,,2.6206615,-inf
MAST,ABCC3_SLC22A5,52,0.0,0.0,,2.501963,-inf
MAST,ABCB1_SLC15A1,52,0.0,0.0,,2.9661002,-inf
MAST,CLCN3_CLCN3,52,0.019230769230769232,0.37626151304772293,19.565598678481592,1.2198637,-1.3088774354166772
MAST,SLC9A3_SLC9A3,52,0.0,0.0,,1.915275,-inf
MAST,SLC9A1_SLC9A3,52,0.0,0.0,,2.7519314,-inf
MAST,SLC9A1_SLC9A1,52,0.0,0.0,,1.4617206,-inf
MAST,SLC26A2_SLC26A3,52,0.0,2.367742161378776,,1.9907309,-inf
MAST,SLC26A2_SLC26A2,52,0.0,0.9125264828868183,,0.5472246,-inf
MAST,SLC26A3_SLC26A3,52,0.0,0.0,,0.6027614,-inf
MAST,SCNN1A_SCNN1A,52,0.019230769230769232,0.36316868758175447,18.884771754251233,0.95746666,-1.8671719856757534
MAST,SCNN1A_SCNN1G,52,0.0,0.0,,2.8862085,-inf
MNP_mDC,SLC2A1_SLC2A1,37,0.0,0.0,,2.0916858,-inf
MNP_mDC,SLC16A1_SLC16A1,37,0.0,0.0,,2.251917,-inf
MNP_mDC,SLC16A1_SLC22A5,37,0.0,0.0,,2.6290722,-inf
MNP_mDC,SLC22A5_SLC22A5,37,0.0,0.0,,1.4865221,-inf
MNP_mDC,SLC3A2_SLC40A1,37,0.0,0.29018115482895185,,1.9752896,-inf
MNP_mDC,SLC40A1_SLC40A1,37,0.02702702702702703,2.6880627009409537,29.41215342153805,0.9862866,-1.0243419603719615
MNP_mDC,SLC22A4_SLC22A5,37,0.0,0.0,,2.728216,-inf
MNP_mDC,SLC16A9_SLC22A5,37,0.0,0.0,,2.6784184,-inf
MNP_mDC,SLC16A9_SLC16A9,37,0.0,0.0,,2.5309937,-inf
MNP_mDC,SLC12A2_SLC12A2,37,0.0,0.0,,1.9039936,-inf
MNP_mDC,CPT1A_CPT1A,37,0.0,0.42500383285958354,,0.7615724,-inf
MNP_mDC,FABP5_FABP5,37,0.02702702702702703,0.6463205956142025,23.913862037725494,1.6209674,-0.08268594660276607
MNP_mDC,CD36_FABP5,37,0.0,2.1023925741162413,,2.4313414,-inf
MNP_mDC,CD36_MSR1,37,0.05405405405405406,2.511814436880569,29.038856036783272,2.6360257,4.689903557294161
MNP_mDC,CD36_CD36,37,0.05405405405405406,0.9546250705787874,17.660563805707568,2.6164484,3.3206697476284424
MNP_mDC,MSR1_MSR1,37,0.02702702702702703,0.6813076418834267,25.20838274968679,2.7075274,2.8154344393780204
MNP_mDC,ABCA1_ABCA1,37,0.05405405405405406,1.3613331411955962,25.18466311211853,1.8054541,1.0556975375531559
MNP_mDC,ABCG2_ABCG2,37,0.0,0.0,,2.3628879,-inf
MNP_mDC,ABCB1_ABCB1,37,0.0,0.0,,1.8436135,-inf
MNP_mDC,ABCB1_ABCG2,37,0.0,0.0,,2.908403,-inf
MNP_mDC,SLC20A2_SLC20A2,37,0.0,0.0,,2.2612846,-inf
MNP_mDC,ATP7B_SLC20A2,37,0.0,0.0,,2.898692,-inf
MNP_mDC,ABCC3_ABCG2,37,0.0,0.0,,2.90023,-inf
MNP_mDC,ABCC3_ABCC3,37,0.0,0.0,,1.6568462,-inf
MNP_mDC,SLC15A1_SLC15A1,37,0.0,0.0,,2.8153017,-inf
MNP_mDC,CD38_CD38,37,0.0,0.0,,2.0104246,-inf
MNP_mDC,SCARB1_SCARB1,37,0.0,0.0,,2.526804,-inf
MNP_mDC,ABCC4_SLCO2B1,37,0.0,0.0,,2.6143885,-inf
MNP_mDC,ABCC3_SLC16A1,37,0.0,0.0,,2.90023,-inf
MNP_mDC,ABCG2_SLC16A1,37,0.0,0.0,,2.920988,-inf
MNP_mDC,ABCC1_SLCO2B1,37,0.0,0.7258634228010984,,2.384258,-inf
MNP_mDC,ABCB1_SLC16A1,37,0.0,0.0,,2.9051142,-inf
MNP_mDC,ABCB1_SLC22A4,37,0.0,0.0,,2.9089851,-inf
MNP_mDC,ABCG2_SLC22A4,37,0.0,0.0,,2.9253886,-inf
MNP_mDC,TAP1_TAP1,37,0.05405405405405406,0.7475471878931146,13.82962297602262,1.398453,0.23047193865686416
MNP_mDC,AQP8_AQP8,37,0.0,0.0,,1.8811369,-inf
MNP_mDC,AQP7_AQP8,37,0.0,0.0,,3.0004346,-inf
MNP_mDC,AQP7_AQP7,37,0.0,0.0,,2.2641711,-inf
MNP_mDC,ABCB1_SLC22A5,37,0.0,0.0,,2.578572,-inf
MNP_mDC,ABCG2_SLC22A5,37,0.0,0.0,,2.6456242,-inf
MNP_mDC,ABCC3_SLC22A5,37,0.0,0.0,,2.5538783,-inf
MNP_mDC,ABCB1_SLC15A1,37,0.0,0.0,,2.9525738,-inf
MNP_mDC,CLCN3_CLCN3,37,0.0,0.0,,1.230542,-inf
MNP_mDC,SLC9A3_SLC9A3,37,0.0,0.0,,1.9450376,-inf
MNP_mDC,SLC9A1_SLC9A3,37,0.0,0.0,,2.6618974,-inf
MNP_mDC,SLC9A1_SLC9A1,37,0.0,0.0,,1.4725782,-inf
MNP_mDC,SLC26A2_SLC26A3,37,0.0,5.917321555189463,,1.9947376,-inf
MNP_mDC,SLC26A2_SLC26A2,37,0.0,2.3327859445236654,,0.56717104,-inf
MNP_mDC,SLC26A3_SLC26A3,37,0.0,1.3636469895473056,,0.62514275,-inf
MNP_mDC,SCNN1A_SCNN1A,37,0.0,0.0,,0.95522535,-inf
MNP_mDC,SCNN1A_SCNN1G,37,0.0,0.0,,2.9413123,-inf
MNP_macrophage,SLC2A1_SLC2A1,298,0.003355704697986577,0.034926139994011375,10.40798971821539,2.059401,-2.109888528164819
MNP_macrophage,SLC16A1_SLC16A1,298,0.0,0.0,,2.2465477,-inf
MNP_macrophage,SLC16A1_SLC22A5,298,0.0,0.07411014840981227,,2.6166139,-inf
MNP_macrophage,SLC22A5_SLC22A5,298,0.010067114093959731,0.20048287891347455,17.612693694982756,1.4393795,-2.098253827681416
MNP_macrophage,SLC3A2_SLC40A1,298,0.0,2.9212614857349837,,1.8447175,-inf
MNP_macrophage,SLC40A1_SLC40A1,298,0.23825503355704697,13.748095529017416,42.10708338987947,1.2634991,2.1156900042995086
MNP_macrophage,SLC22A4_SLC22A5,298,0.0,0.05197004322261309,,2.710866,-inf
MNP_macrophage,SLC16A9_SLC22A5,298,0.0,0.0,,2.6553338,-inf
MNP_macrophage,SLC16A9_SLC16A9,298,0.0,0.0,,2.4830317,-inf
MNP_macrophage,SLC12A2_SLC12A2,298,0.0,0.0,,1.8784862,-inf
MNP_macrophage,CPT1A_CPT1A,298,0.013422818791946308,1.4704171988337178,42.324658958811085,0.77067405,-2.056777191705257
MNP_macrophage,FABP5_FABP5,298,0.053691275167785234,1.5266987850359273,28.434764871294146,1.6454041,0.907598898564022
MNP_macrophage,CD36_FABP5,298,0.030201342281879196,2.604217581423622,66.48908522844488,2.246627,3.528185309015899
MNP_macrophage,CD36_MSR1,298,0.02348993288590604,1.7289524434661592,53.933857403110146,2.4683805,3.4875433245185534
MNP_macrophage,CD36_CD36,298,0.053691275167785234,0.8935223782070044,16.641854294105457,2.553102,3.3109545927952304
MNP_macrophage,MSR1_MSR1,298,0.06375838926174497,1.2448852895031415,19.52504296168085,2.6960313,4.053646797988394
MNP_macrophage,ABCA1_ABCA1,298,0.19463087248322147,4.057123358150301,20.845220012565342,1.8195934,2.903963377847516
MNP_macrophage,ABCG2_ABCG2,298,0.0,0.0,,2.357947,-inf
MNP_macrophage,ABCB1_ABCB1,298,0.0,0.0,,1.7925175,-inf
MNP_macrophage,ABCB1_ABCG2,298,0.0,0.0350812441702627,,2.8300571,-inf
MNP_macrophage,SLC20A2_SLC20A2,298,0.0,0.0,,2.255454,-inf
MNP_macrophage,ATP7B_SLC20A2,298,0.0,0.07223695881770935,,2.8894997,-inf
MNP_macrophage,ABCC3_ABCG2,298,0.0,0.12468781923969201,,2.7872105,-inf
MNP_macrophage,ABCC3_ABCC3,298,0.0,0.0,,1.625767,-inf
MNP_macrophage,SLC15A1_SLC15A1,298,0.0,0.0,,2.7669656,-inf
MNP_macrophage,CD38_CD38,298,0.013422818791946308,0.25482035166230627,18.984116198841818,2.0029783,0.19906171272433318
MNP_macrophage,SCARB1_SCARB1,298,0.010067114093959731,0.07503018945469221,7.452998819166093,2.5252402,0.8959170935163865
MNP_macrophage,ABCC4_SLCO2B1,298,0.006711409395973154,1.3057633309689012,53.56134635308422,2.4041445,1.9432228082947434
MNP_macrophage,ABCC3_SLC16A1,298,0.0,0.07119663184247567,,2.728506,-inf
MNP_macrophage,ABCG2_SLC16A1,298,0.0,0.0,,2.8080015,-inf
MNP_macrophage,ABCC1_SLCO2B1,298,0.02348993288590604,3.726571123844028,87.55973722704411,2.0579898,2.7505777303523473
MNP_macrophage,ABCB1_SLC16A1,298,0.0,0.0,,2.7757387,-inf
MNP_macrophage,ABCB1_SLC22A4,298,0.0,0.0,,2.9001482,-inf
MNP_macrophage,ABCG2_SLC22A4,298,0.0,0.0,,2.9129064,-inf
MNP_macrophage,TAP1_TAP1,298,0.016778523489932886,0.309204485611298,15.195216296390935,1.3503761,-1.4573151212889854
MNP_macrophage,AQP8_AQP8,298,0.0,0.0,,1.8687987,-inf
MNP_macrophage,AQP7_AQP8,298,0.0,0.05185224352098031,,2.7906978,-inf
MNP_macrophage,AQP7_AQP7,298,0.0,0.0,,2.2601538,-inf
MNP_macrophage,ABCB1_SLC22A5,298,0.0,0.2302707515715612,,2.5478349,-inf
MNP_macrophage,ABCG2_SLC22A5,298,0.0,0.0,,2.6061482,-inf
MNP_macrophage,ABCC3_SLC22A5,298,0.006711409395973154,0.47160957307199247,70.26982638772688,2.4778044,1.4577959811245014
MNP_macrophage,ABCB1_SLC15A1,298,0.0,0.0,,2.9166834,-inf
MNP_macrophage,CLCN3_CLCN3,298,0.013422818791946308,0.36028827206614317,24.207556237298846,1.2116494,-1.8276062377377469
MNP_macrophage,SLC9A3_SLC9A3,298,0.0,0.0,,1.899814,-inf
MNP_macrophage,SLC9A1_SLC9A3,298,0.003355704697986577,0.2354422304425561,39.90128361150062,2.7038803,-0.12716651959665473
MNP_macrophage,SLC9A1_SLC9A1,298,0.006711409395973154,0.08025910706626917,11.958606952874106,1.4629308,-2.5803391477622695
MNP_macrophage,SLC26A2_SLC26A3,298,0.0,1.6824260833495617,,1.7739195,-inf
MNP_macrophage,SLC26A2_SLC26A2,298,0.003355704697986577,0.8588862464587567,60.2071973314188,0.54258084,-5.192229975890429
MNP_macrophage,SLC26A3_SLC26A3,298,0.0,0.32630553119724487,,0.60077107,-inf
MNP_macrophage,SCNN1A_SCNN1A,298,0.0,0.04177518444762519,,0.94595826,-inf
MNP_macrophage,SCNN1A_SCNN1G,298,0.0,0.0,,2.9611757,-inf
Muscularis_mucosa,SLC2A1_SLC2A1,51,0.0,0.0,,2.118934,-inf
Muscularis_mucosa,SLC16A1_SLC16A1,51,0.0,0.0,,2.2498677,-inf
Muscularis_mucosa,SLC16A1_SLC22A5,51,0.0,0.0,,2.708109,-inf
Muscularis_mucosa,SLC22A5_SLC22A5,51,0.0,0.0,,1.4460026,-inf
Muscularis_mucosa,SLC3A2_SLC40A1,51,0.0,0.7607298963937009,,1.9389279,-inf
Muscularis_mucosa,SLC40A1_SLC40A1,51,0.0,0.0,,0.9464777,-inf
Muscularis_mucosa,SLC22A4_SLC22A5,51,0.0,0.0,,2.7311144,-inf
Muscularis_mucosa,SLC16A9_SLC22A5,51,0.0,0.0,,2.73736,-inf
Muscularis_mucosa,SLC16A9_SLC16A9,51,0.0,0.0,,2.5655153,-inf
Muscularis_mucosa,SLC12A2_SLC12A2,51,0.0,0.0,,1.9197564,-inf
Muscularis_mucosa,CPT1A_CPT1A,51,0.0,0.0,,0.75510854,-inf
Muscularis_mucosa,FABP5_FABP5,51,0.0196078431372549,0.17360168514046542,8.853685942163736,1.6037034,-0.545657922945312
Muscularis_mucosa,CD36_FABP5,51,0.0,0.0,,2.6830294,-inf
Muscularis_mucosa,CD36_MSR1,51,0.0,0.0,,2.8712566,-inf
Muscularis_mucosa,CD36_CD36,51,0.0,0.0,,2.5831268,-inf
Muscularis_mucosa,MSR1_MSR1,51,0.0,0.0,,2.6736708,-inf
Muscularis_mucosa,ABCA1_ABCA1,51,0.0196078431372549,0.22589562209474273,11.52067672683188,1.7450593,-0.4072744387893899
Muscularis_mucosa,ABCG2_ABCG2,51,0.0,0.0,,2.3830009,-inf
Muscularis_mucosa,ABCB1_ABCB1,51,0.0,0.0,,1.8353355,-inf
Muscularis_mucosa,ABCB1_ABCG2,51,0.0,0.0,,2.799345,-inf
Muscularis_mucosa,SLC20A2_SLC20A2,51,0.0,0.0,,2.2778287,-inf
Muscularis_mucosa,ATP7B_SLC20A2,51,0.0,0.0,,2.7846336,-inf
Muscularis_mucosa,ABCC3_ABCG2,51,0.0,0.0,,2.7831821,-inf
Muscularis_mucosa,ABCC3_ABCC3,51,0.0,0.0,,1.6139724,-inf
Muscularis_mucosa,SLC15A1_SLC15A1,51,0.0,0.0,,2.7721245,-inf
Muscularis_mucosa,CD38_CD38,51,0.058823529411764705,0.753953661700021,12.817212248900356,2.0034263,2.3307673919361553
Muscularis_mucosa,SCARB1_SCARB1,51,0.0,0.0,,2.4893577,-inf
Muscularis_mucosa,ABCC4_SLCO2B1,51,0.0,0.0,,2.5321617,-inf
Muscularis_mucosa,ABCC3_SLC16A1,51,0.0,0.0,,2.6371682,-inf
Muscularis_mucosa,ABCG2_SLC16A1,51,0.0,0.0,,2.724646,-inf
Muscularis_mucosa,ABCC1_SLCO2B1,51,0.0,0.0,,2.2875867,-inf
Muscularis_mucosa,ABCB1_SLC16A1,51,0.0,0.0,,2.6625943,-inf
Muscularis_mucosa,ABCB1_SLC22A4,51,0.0,0.0,,2.8301754,-inf
Muscularis_mucosa,ABCG2_SLC22A4,51,0.0,0.0,,2.8682263,-inf
Muscularis_mucosa,TAP1_TAP1,51,0.0392156862745098,0.8130242511776407,20.732118405029837,1.3802918,-0.23250003768568178
Muscularis_mucosa,AQP8_AQP8,51,0.0,0.0,,1.9079596,-inf
Muscularis_mucosa,AQP7_AQP8,51,0.0,0.0,,2.6645832,-inf
Muscularis_mucosa,AQP7_AQP7,51,0.0,0.0,,2.3312757,-inf
Muscularis_mucosa,ABCB1_SLC22A5,51,0.0,0.0,,2.6574693,-inf
Muscularis_mucosa,ABCG2_SLC22A5,51,0.0,0.0,,2.7229493,-inf
Muscularis_mucosa,ABCC3_SLC22A5,51,0.0,0.0,,2.6378486,-inf
Muscularis_mucosa,ABCB1_SLC15A1,51,0.0,0.0,,3.0004334,-inf
Muscularis_mucosa,CLCN3_CLCN3,51,0.0,0.0,,1.2224563,-inf
Muscularis_mucosa,SLC9A3_SLC9A3,51,0.0,0.0,,1.9396807,-inf
Muscularis_mucosa,SLC9A1_SLC9A3,51,0.0,0.0,,2.8492389,-inf
Muscularis_mucosa,SLC9A1_SLC9A1,51,0.0,0.0,,1.4740819,-inf
Muscularis_mucosa,SLC26A2_SLC26A3,51,0.0,0.0,,2.0550613,-inf
Muscularis_mucosa,SLC26A2_SLC26A2,51,0.0,0.0,,0.53650266,-inf
Muscularis_mucosa,SLC26A3_SLC26A3,51,0.0,0.0,,0.60409904,-inf
Muscularis_mucosa,SCNN1A_SCNN1A,51,0.0196078431372549,0.37081170755186577,18.911397085145154,0.96429646,-1.839157609506157
Muscularis_mucosa,SCNN1A_SCNN1G,51,0.0,0.0,,2.9714706,-inf
Myofibroblast,SLC2A1_SLC2A1,193,0.0,0.0,,2.0645866,-inf
Myofibroblast,SLC16A1_SLC16A1,193,0.0051813471502590676,0.07153351581984457,13.805968553230002,2.2394924,-0.9154925356814174
Myofibroblast,SLC16A1_SLC22A5,193,0.0,0.0,,2.5368814,-inf
Myofibroblast,SLC22A5_SLC22A5,193,0.0,0.0,,1.4265906,-inf
Myofibroblast,SLC3A2_SLC40A1,193,0.0,0.2031891689241771,,1.9033488,-inf
Myofibroblast,SLC40A1_SLC40A1,193,0.010362694300518135,0.5157614592524263,36.871412484866596,0.9361708,-2.407345632011092
Myofibroblast,SLC22A4_SLC22A5,193,0.0,0.0,,2.6621513,-inf
Myofibroblast,SLC16A9_SLC22A5,193,0.0,0.0,,2.563129,-inf
Myofibroblast,SLC16A9_SLC16A9,193,0.0,0.0,,2.461094,-inf
Myofibroblast,SLC12A2_SLC12A2,193,0.010362694300518135,0.16599881491364202,16.018885639166456,1.885702,-0.8360580681870121
Myofibroblast,CPT1A_CPT1A,193,0.015544041450777202,1.0637915814603605,35.5526567880421,0.760283,-1.8451032077900194
Myofibroblast,FABP5_FABP5,193,0.010362694300518135,0.13916135541377503,13.42907079742929,1.5892394,-1.4656896182418968
Myofibroblast,CD36_FABP5,193,0.0,0.0,,2.6261199,-inf
Myofibroblast,CD36_MSR1,193,0.0,0.0,,2.9126508,-inf
Myofibroblast,CD36_CD36,193,0.0,0.0,,2.5583246,-inf
Myofibroblast,MSR1_MSR1,193,0.0,0.0,,2.6709917,-inf
Myofibroblast,ABCA1_ABCA1,193,0.010362694300518135,0.11200416740337535,10.808402154425721,1.7139542,-1.3273061340859749
Myofibroblast,ABCG2_ABCG2,193,0.0,0.0,,2.3242035,-inf
Myofibroblast,ABCB1_ABCB1,193,0.0,0.0,,1.785082,-inf
Myofibroblast,ABCB1_ABCG2,193,0.0,0.0,,2.8795552,-inf
Myofibroblast,SLC20A2_SLC20A2,193,0.0,0.0,,2.2376094,-inf
Myofibroblast,ATP7B_SLC20A2,193,0.0,0.0,,2.9102728,-inf
Myofibroblast,ABCC3_ABCG2,193,0.0,0.0,,2.8841598,-inf
Myofibroblast,ABCC3_ABCC3,193,0.0,0.0,,1.6031679,-inf
Myofibroblast,SLC15A1_SLC15A1,193,0.0,0.0,,2.7624035,-inf
Myofibroblast,CD38_CD38,193,0.0,0.0,,1.9879103,-inf
Myofibroblast,SCARB1_SCARB1,193,0.0,0.0,,2.5025387,-inf
Myofibroblast,ABCC4_SLCO2B1,193,0.0,0.0,,2.5184076,-inf
Myofibroblast,ABCC3_SLC16A1,193,0.0,0.0,,2.6837537,-inf
Myofibroblast,ABCG2_SLC16A1,193,0.0,0.0,,2.7534237,-inf
Myofibroblast,ABCC1_SLCO2B1,193,0.0,0.7793274823378065,,2.3299687,-inf
Myofibroblast,ABCB1_SLC16A1,193,0.0,0.0,,2.689004,-inf
Myofibroblast,ABCB1_SLC22A4,193,0.0,0.0,,2.891523,-inf
Myofibroblast,ABCG2_SLC22A4,193,0.0,0.0,,2.917897,-inf
Myofibroblast,TAP1_TAP1,193,0.015544041450777202,0.3686816547599498,20.718842506712765,1.3368065,-1.5675692322611103
Myofibroblast,AQP8_AQP8,193,0.0,0.0,,1.8607947,-inf
Myofibroblast,AQP7_AQP8,193,0.0,0.0,,2.9080198,-inf
Myofibroblast,AQP7_AQP7,193,0.0,0.0,,2.2169757,-inf
Myofibroblast,ABCB1_SLC22A5,193,0.0,0.0,,2.4610069,-inf
Myofibroblast,ABCG2_SLC22A5,193,0.0,0.0,,2.5630772,-inf
Myofibroblast,ABCC3_SLC22A5,193,0.0,0.0,,2.4413147,-inf
Myofibroblast,ABCB1_SLC15A1,193,0.0,0.0,,2.9373565,-inf
Myofibroblast,CLCN3_CLCN3,193,0.0,0.0,,1.1924194,-inf
Myofibroblast,SLC9A3_SLC9A3,193,0.0,0.0,,1.9278274,-inf
Myofibroblast,SLC9A1_SLC9A3,193,0.0,0.0,,2.6906388,-inf
Myofibroblast,SLC9A1_SLC9A1,193,0.010362694300518135,0.21538407535725773,20.784563271975372,1.4624138,-1.9536276645681883
Myofibroblast,SLC26A2_SLC26A3,193,0.0,2.01972534059972,,1.3056065,-inf
Myofibroblast,SLC26A2_SLC26A2,193,0.0051813471502590676,1.1654676659015446,60.192099865014825,0.5443072,-4.565518492696349
Myofibroblast,SLC26A3_SLC26A3,193,0.0,0.7043575872437083,,0.6020156,-inf
Myofibroblast,SCNN1A_SCNN1A,193,0.010362694300518135,0.3556745886830874,34.32259780791793,0.9456758,-2.759189304802742
Myofibroblast,SCNN1A_SCNN1G,193,0.0,0.0,,2.96163,-inf
Pericyte,SLC2A1_SLC2A1,49,0.0,0.0,,2.110776,-inf
Pericyte,SLC16A1_SLC16A1,49,0.02040816326530612,0.4183367436916834,20.498500440892485,2.2767622,1.0622546574714549
Pericyte,SLC16A1_SLC22A5,49,0.02040816326530612,1.276452707286585,62.546182657042664,2.644913,2.869609579529059
Pericyte,SLC22A5_SLC22A5,49,0.0,0.0,,1.4511554,-inf
Pericyte,SLC3A2_SLC40A1,49,0.0,0.0,,1.9954952,-inf
Pericyte,SLC40A1_SLC40A1,49,0.02040816326530612,0.9058112270521476,24.4540217833503,0.95679873,-1.4295984388582201
Pericyte,SLC22A4_SLC22A5,49,0.0,0.0,,2.6707022,-inf
Pericyte,SLC16A9_SLC22A5,49,0.0,0.0,,2.6752622,-inf
Pericyte,SLC16A9_SLC16A9,49,0.0,0.0,,2.4286563,-inf
Pericyte,SLC12A2_SLC12A2,49,0.02040816326530612,0.173986920283573,8.525359093895077,1.8567293,0.14168912496585986
Pericyte,CPT1A_CPT1A,49,0.04081632653061224,1.6811155380932263,41.187330683284046,0.7903564,-0.4523185153583035
Pericyte,FABP5_FABP5,49,0.04081632653061224,1.0608119278013521,25.989892231133126,1.628063,0.5120575749109753
Pericyte,CD36_FABP5,49,0.02040816326530612,1.4343842293515359,70.28482723822526,2.3615298,2.9627189839205403
Pericyte,CD36_MSR1,49,0.0,0.0,,2.797744,-inf
Pericyte,CD36_CD36,49,0.04081632653061224,0.9074583126183644,22.232728659149927,2.5986884,2.9154132691421837
Pericyte,MSR1_MSR1,49,0.0,0.0,,2.647726,-inf
Pericyte,ABCA1_ABCA1,49,0.061224489795918366,1.2497607292174884,20.412758577218977,1.7720315,1.2354035597880537
Pericyte,ABCG2_ABCG2,49,0.0,0.0,,2.3835328,-inf
Pericyte,ABCB1_ABCB1,49,0.0,0.0,,1.8172165,-inf
Pericyte,ABCB1_ABCG2,49,0.0,0.0,,2.8562174,-inf
Pericyte,SLC20A2_SLC20A2,49,0.0,0.0,,2.2219384,-inf
Pericyte,ATP7B_SLC20A2,49,0.0,0.0,,2.9216576,-inf
Pericyte,ABCC3_ABCG2,49,0.0,0.0,,2.849226,-inf
Pericyte,ABCC3_ABCC3,49,0.0,0.0,,1.6343398,-inf
Pericyte,SLC15A1_SLC15A1,49,0.0,0.0,,2.7659283,-inf
Pericyte,CD38_CD38,49,0.0,0.0,,1.9963579,-inf
Pericyte,SCARB1_SCARB1,49,0.0,0.0,,2.4904945,-inf
Pericyte,ABCC4_SLCO2B1,49,0.0,0.7525113389598044,,2.5474715,-inf
Pericyte,ABCC3_SLC16A1,49,0.0,0.0,,2.816796,-inf
Pericyte,ABCG2_SLC16A1,49,0.0,0.0,,2.7633345,-inf
Pericyte,ABCC1_SLCO2B1,49,0.02040816326530612,2.3975604680117937,75.79796319083971,2.355845,2.5476814846416964
Pericyte,ABCB1_SLC16A1,49,0.0,0.0,,2.8189058,-inf
Pericyte,ABCB1_SLC22A4,49,0.0,0.0,,2.8941917,-inf
Pericyte,ABCG2_SLC22A4,49,0.0,0.0,,2.838854,-inf
Pericyte,TAP1_TAP1,49,0.02040816326530612,0.4328343233206972,21.208881842714163,1.3627387,-1.1747845398293946
Pericyte,AQP8_AQP8,49,0.0,0.0,,1.8567165,-inf
Pericyte,AQP7_AQP8,49,0.0,0.0,,2.785396,-inf
Pericyte,AQP7_AQP7,49,0.0,0.0,,2.2832184,-inf
Pericyte,ABCB1_SLC22A5,49,0.0,0.0,,2.572887,-inf
Pericyte,ABCG2_SLC22A5,49,0.0,0.0,,2.5399885,-inf
Pericyte,ABCC3_SLC22A5,49,0.0,0.0,,2.5484173,-inf
Pericyte,ABCB1_SLC15A1,49,0.0,0.0,,2.9259021,-inf
Pericyte,CLCN3_CLCN3,49,0.0,0.0,,1.2013121,-inf
Pericyte,SLC9A3_SLC9A3,49,0.0,0.0,,1.905443,-inf
Pericyte,SLC9A1_SLC9A3,49,0.0,0.0,,2.4989154,-inf
Pericyte,SLC9A1_SLC9A1,49,0.0,0.0,,1.4864317,-inf
Pericyte,SLC26A2_SLC26A3,49,0.0,0.0,,2.1267376,-inf
Pericyte,SLC26A2_SLC26A2,49,0.0,0.0,,0.5307078,-inf
Pericyte,SLC26A3_SLC26A3,49,0.0,0.0,,0.5953572,-inf
Pericyte,SCNN1A_SCNN1A,49,0.0,0.0,,0.9459569,-inf
Pericyte,SCNN1A_SCNN1G,49,0.0,0.0,,3.0004337,-inf
Plasma,SLC2A1_SLC2A1,823,0.002430133657351154,0.045862510078763644,18.87242289741124,2.0693338,-2.575468628124283
Plasma,SLC16A1_SLC16A1,823,0.0,0.0,,2.240131,-inf
Plasma,SLC16A1_SLC22A5,823,0.0,0.056628671915714975,,2.576264,-inf
Plasma,SLC22A5_SLC22A5,823,0.002430133657351154,0.03646178532891151,15.004024662847087,1.4335858,-4.148796428362036
Plasma,SLC3A2_SLC40A1,823,0.0,1.2385562978287787,,1.9044161,-inf
Plasma,SLC40A1_SLC40A1,823,0.013365735115431349,0.8236646339534102,32.4025082292791,0.9494777,-2.0402055965273402
Plasma,SLC22A4_SLC22A5,823,0.0,0.026044941149531292,,2.6581156,-inf
Plasma,SLC16A9_SLC22A5,823,0.001215066828675577,0.16819480133578904,72.89878949394506,2.6036599,-1.3703541982196712
Plasma,SLC16A9_SLC16A9,823,0.001215066828675577,0.007659372097680717,6.30366323639123,2.4938695,-2.5579812013954424
Plasma,SLC12A2_SLC12A2,823,0.001215066828675577,0.00733010460374815,6.0326760888847275,1.8771552,-3.928349651340558
Plasma,CPT1A_CPT1A,823,0.00850546780072904,1.1441266034603768,46.136400793068155,0.76706403,-2.715002369607117
Plasma,FABP5_FABP5,823,0.023086269744835967,0.38309591772833534,16.59410212054842,1.6042826,-0.3100536879518566
Plasma,CD36_FABP5,823,0.0,0.10544448549112725,,2.5359442,-inf
Plasma,CD36_MSR1,823,0.0,0.019292443621686,,2.87818,-inf
Plasma,CD36_CD36,823,0.0,0.0,,2.562641,-inf
Plasma,MSR1_MSR1,823,0.0,0.0,,2.6583388,-inf
Plasma,ABCA1_ABCA1,823,0.007290400972053463,0.11193964135019001,15.35438747186773,1.7219908,-1.834635216518364
Plasma,ABCG2_ABCG2,823,0.0,0.0,,2.351456,-inf
Plasma,ABCB1_ABCB1,823,0.001215066828675577,0.023347135052055358,19.21469214784156,1.7989221,-4.708223836976055
Plasma,ABCB1_ABCG2,823,0.0,0.0,,2.9024107,-inf
Plasma,SLC20A2_SLC20A2,823,0.002430133657351154,0.05000239652118986,20.575986168469626,2.2332547,-2.0077841188349628
Plasma,ATP7B_SLC20A2,823,0.0,0.033332695677378864,,2.8737183,-inf
Plasma,ABCC3_ABCG2,823,0.0,0.0,,2.9082835,-inf
Plasma,ABCC3_ABCC3,823,0.0,0.0,,1.616963,-inf
Plasma,SLC15A1_SLC15A1,823,0.001215066828675577,0.008397026761866886,6.910753025016447,2.7788599,-2.7239911528343717
Plasma,CD38_CD38,823,0.0583232077764277,1.1306253570261413,19.385513934010714,2.027652,2.3184441134860254
Plasma,SCARB1_SCARB1,823,0.0036452004860267314,0.044273082240881556,12.14558222808184,2.5002365,-0.5696630064430774
Plasma,ABCC4_SLCO2B1,823,0.0,0.12546465830721037,,2.5928137,-inf
Plasma,ABCC3_SLC16A1,823,0.0,0.0,,2.8144796,-inf
Plasma,ABCG2_SLC16A1,823,0.0,0.0,,2.8560824,-inf
Plasma,ABCC1_SLCO2B1,823,0.001215066828675577,0.4525752636144566,67.73502444070664,2.3704407,-1.5223572916647208
Plasma,ABCB1_SLC16A1,823,0.0,0.0,,2.8151884,-inf
Plasma,ABCB1_SLC22A4,823,0.0,0.0,,2.8793771,-inf
Plasma,ABCG2_SLC22A4,823,0.0,0.0,,2.907295,-inf
Plasma,TAP1_TAP1,823,0.02187120291616039,0.3410273043691498,13.96807046533802,1.3509951,-1.0748983146934994
Plasma,AQP8_AQP8,823,0.0,0.0,,1.8721699,-inf
Plasma,AQP7_AQP8,823,0.0,0.0,,2.8835099,-inf
Plasma,AQP7_AQP7,823,0.001215066828675577,0.009181855147391145,7.556666786302912,2.2460861,-2.928349651340558
Plasma,ABCB1_SLC22A5,823,0.0,0.08291627697670216,,2.487525,-inf
Plasma,ABCG2_SLC22A5,823,0.0,0.0,,2.5856414,-inf
Plasma,ABCC3_SLC22A5,823,0.0,0.09518553351452055,,2.4762182,-inf
Plasma,ABCB1_SLC15A1,823,0.0,0.0,,2.9508848,-inf
Plasma,CLCN3_CLCN3,823,0.009720534629404616,0.21194077308444265,20.78198823748351,1.2062759,-2.293186337697211
Plasma,SLC9A3_SLC9A3,823,0.0,0.0,,1.9091371,-inf
Plasma,SLC9A1_SLC9A3,823,0.0,0.052062018461425066,,2.8344352,-inf
Plasma,SLC9A1_SLC9A1,823,0.0036452004860267314,0.03968325246153238,10.886438925280382,1.4575531,-3.4609567470005773
Plasma,SLC26A2_SLC26A3,823,0.0,0.73009224447475,,1.5268224,-inf
Plasma,SLC26A2_SLC26A2,823,0.001215066828675577,0.4472848602885841,78.38658621201785,0.537594,-6.657810075849894
Plasma,SLC26A3_SLC26A3,823,0.002430133657351154,0.37930437130652117,61.18568512478561,0.6012167,-5.637140738914573
Plasma,SCNN1A_SCNN1A,823,0.001215066828675577,0.051246626324075326,30.383389917834393,0.945523,-5.851480887956287
Plasma,SCNN1A_SCNN1G,823,0.0,0.0,,2.9483297,-inf
T_CD4,SLC2A1_SLC2A1,244,0.0,0.0,,2.0593665,-inf
T_CD4,SLC16A1_SLC16A1,244,0.004098360655737705,0.07658294818237231,18.686239356498845,2.2481384,-1.2537728359762232
T_CD4,SLC16A1_SLC22A5,244,0.0,0.15316589636474462,,2.765271,-inf
T_CD4,SLC22A5_SLC22A5,244,0.0,0.0,,1.4389439,-inf
T_CD4,SLC3A2_SLC40A1,244,0.00819672131147541,1.9168261891767044,116.89203751373952,1.9828802,1.3836570846390686
T_CD4,SLC40A1_SLC40A1,244,0.02459016393442623,1.4853060565683638,32.27468193464647,0.95787126,-1.1606634315847417
T_CD4,SLC22A4_SLC22A5,244,0.0,0.0,,2.801756,-inf
T_CD4,SLC16A9_SLC22A5,244,0.0,0.0,,2.785332,-inf
T_CD4,SLC16A9_SLC16A9,244,0.0,0.0,,2.4986644,-inf
T_CD4,SLC12A2_SLC12A2,244,0.004098360655737705,0.055390142772825085,13.515194836569322,1.8727493,-2.174338368481818
T_CD4,CPT1A_CPT1A,244,0.0,0.6720208515114025,,0.7542849,-inf
T_CD4,FABP5_FABP5,244,0.012295081967213115,0.22893308648035665,18.619891033735673,1.6043979,-1.2190074178155466
T_CD4,CD36_FABP5,244,0.0,0.0,,2.6007307,-inf
T_CD4,CD36_MSR1,244,0.0,0.0,,2.8071127,-inf
T_CD4,CD36_CD36,244,0.0,0.0,,2.564959,-inf
T_CD4,MSR1_MSR1,244,0.0,0.0,,2.6616511,-inf
T_CD4,ABCA1_ABCA1,244,0.02459016393442623,0.42527607723521255,17.294560474231975,1.7331787,-0.08062393365962443
T_CD4,ABCG2_ABCG2,244,0.0,0.0,,2.3458178,-inf
T_CD4,ABCB1_ABCB1,244,0.004098360655737705,0.07874873831082607,19.21469214784156,1.8055093,-2.954212554117315
T_CD4,ABCB1_ABCG2,244,0.0,0.0,,2.8216028,-inf
T_CD4,SLC20A2_SLC20A2,244,0.0,0.0,,2.2296348,-inf
T_CD4,ATP7B_SLC20A2,244,0.0,0.0,,2.8707576,-inf
T_CD4,ABCC3_ABCG2,244,0.0,0.0,,2.9160635,-inf
T_CD4,ABCC3_ABCC3,244,0.0,0.0,,1.6280009,-inf
T_CD4,SLC15A1_SLC15A1,244,0.0,0.0,,2.784688,-inf
T_CD4,CD38_CD38,244,0.00819672131147541,0.25767166914411677,31.435943635582248,2.0036085,-0.5125071043763915
T_CD4,SCARB1_SCARB1,244,0.0,0.0,,2.496681,-inf
T_CD4,ABCC4_SLCO2B1,244,0.004098360655737705,0.4439618421327509,94.66998572487864,2.5818172,1.2316539911940187
T_CD4,ABCC3_SLC16A1,244,0.0,0.0,,2.804101,-inf
T_CD4,ABCG2_SLC16A1,244,0.0,0.0,,2.8533072,-inf
T_CD4,ABCC1_SLCO2B1,244,0.00819672131147541,1.2504510941689724,79.77611312688373,2.2972884,1.2316539911940187
T_CD4,ABCB1_SLC16A1,244,0.004098360655737705,0.15370932796259718,37.50507602287371,2.7247744,0.0941504674440837
T_CD4,ABCB1_SLC22A4,244,0.0,0.0,,2.8048449,-inf
T_CD4,ABCG2_SLC22A4,244,0.0,0.0,,2.9137037,-inf
T_CD4,TAP1_TAP1,244,0.040983606557377046,0.6687166258845276,15.097380969230887,1.3641945,-0.16888393838971022
T_CD4,AQP8_AQP8,244,0.0,0.0,,1.8673167,-inf
T_CD4,AQP7_AQP8,244,0.0,0.0,,2.8614538,-inf
T_CD4,AQP7_AQP7,244,0.004098360655737705,0.06714558063499382,16.383521674938493,2.2438421,-1.174338368481818
T_CD4,ABCB1_SLC22A5,244,0.0,0.22462391339004878,,2.6177309,-inf
T_CD4,ABCG2_SLC22A5,244,0.0,0.0,,2.7753246,-inf
T_CD4,ABCC3_SLC22A5,244,0.0,0.0,,2.7028449,-inf
T_CD4,ABCB1_SLC15A1,244,0.0,0.0,,2.851941,-inf
T_CD4,CLCN3_CLCN3,244,0.004098360655737705,0.21178739200376606,43.87929555910091,1.2137164,-3.5391750548384713
T_CD4,SLC9A3_SLC9A3,244,0.0,0.0,,1.9140689,-inf
T_CD4,SLC9A1_SLC9A3,244,0.0,0.0,,2.8530128,-inf
T_CD4,SLC9A1_SLC9A1,244,0.004098360655737705,0.030605635453912282,7.467775050754597,1.4662093,-3.291907964862994
T_CD4,SLC26A2_SLC26A3,244,0.0,0.36266403915806733,,1.8489872,-inf
T_CD4,SLC26A2_SLC26A2,244,0.004098360655737705,0.37489265134589833,60.51224609603565,0.5402763,-4.903798792991154
T_CD4,SLC26A3_SLC26A3,244,0.0,0.3194602508871798,,0.6020431,-inf
T_CD4,SCNN1A_SCNN1A,244,0.0,0.0,,0.94502085,-inf
T_CD4,SCNN1A_SCNN1G,244,0.0,0.0,,2.9636576,-inf
T_CD8,SLC2A1_SLC2A1,132,0.0,0.0,,2.07465,-inf
T_CD8,SLC16A1_SLC16A1,132,0.0,0.0,,2.237769,-inf
T_CD8,SLC16A1_SLC22A5,132,0.0,0.0,,2.4304283,-inf
T_CD8,SLC22A5_SLC22A5,132,0.015151515151515152,0.35050517440810514,23.13334151093494,1.4475969,-1.5084419272988638
T_CD8,SLC3A2_SLC40A1,132,0.0,0.5770788696407966,,1.8928031,-inf
T_CD8,SLC40A1_SLC40A1,132,0.03787878787878788,1.6408622597614069,34.534194835603365,0.962636,-0.5373546192141028
T_CD8,SLC22A4_SLC22A5,132,0.0,0.0,,2.5757606,-inf
T_CD8,SLC16A9_SLC22A5,132,0.0,0.2961911932158976,,2.4435172,-inf
T_CD8,SLC16A9_SLC16A9,132,0.0,0.0,,2.4681675,-inf
T_CD8,SLC12A2_SLC12A2,132,0.007575757575757576,0.17692515396785005,23.354120323756206,1.8663526,-1.2879951502773852
T_CD8,CPT1A_CPT1A,132,0.03787878787878788,3.9269843439496412,33.62872956576645,0.8159971,-0.5600746957141862
T_CD8,FABP5_FABP5,132,0.015151515151515152,0.1758968866710034,11.609194520286223,1.5967643,-0.9176267003322698
T_CD8,CD36_FABP5,132,0.0,0.39844874183326984,,2.5460641,-inf
T_CD8,CD36_MSR1,132,0.007575757575757576,0.39092727105359054,36.91038710848625,2.861005,1.8549628035646575
T_CD8,CD36_CD36,132,0.007575757575757576,0.21310204052937046,28.1294693498769,2.54625,0.4857289938989387
T_CD8,MSR1_MSR1,132,0.0,0.0,,2.6770113,-inf
T_CD8,ABCA1_ABCA1,132,0.015151515151515152,0.2757822100670792,18.20162586442723,1.720171,-0.7792432161763476
T_CD8,ABCG2_ABCG2,132,0.0,0.0,,2.3272886,-inf
T_CD8,ABCB1_ABCB1,132,0.022727272727272728,1.068618285089681,47.01920454394597,1.8096608,-0.48290683519172634
T_CD8,ABCB1_ABCG2,132,0.0,0.6783060618382456,,2.628798,-inf
T_CD8,SLC20A2_SLC20A2,132,0.0,0.0,,2.2627769,-inf
T_CD8,ATP7B_SLC20A2,132,0.0,0.0,,2.8235223,-inf
T_CD8,ABCC3_ABCG2,132,0.0,0.0,,2.6681225,-inf
T_CD8,ABCC3_ABCC3,132,0.007575757575757576,0.04335133246104306,5.722375884857684,1.6145753,-1.935114127061111
T_CD8,SLC15A1_SLC15A1,132,0.0,0.0,,2.756714,-inf
T_CD8,CD38_CD38,132,0.015151515151515152,0.22440028547124724,14.810418841102319,2.0044577,0.3738361138280413
T_CD8,SCARB1_SCARB1,132,0.0,0.0,,2.468293,-inf
T_CD8,ABCC4_SLCO2B1,132,0.007575757575757576,0.5727114624239494,75.59791303996133,2.461186,2.1179972093984514
T_CD8,ABCC3_SLC16A1,132,0.0,0.1834443903338166,,2.7648811,-inf
T_CD8,ABCG2_SLC16A1,132,0.0,0.0,,2.8095412,-inf
T_CD8,ABCC1_SLCO2B1,132,0.0,0.24737803715197515,,2.2092645,-inf
T_CD8,ABCB1_SLC16A1,132,0.0,0.0,,2.6566138,-inf
T_CD8,ABCB1_SLC22A4,132,0.0,0.0,,2.8061552,-inf
T_CD8,ABCG2_SLC22A4,132,0.0,0.0,,2.916246,-inf
T_CD8,TAP1_TAP1,132,0.06818181818181818,1.2640500702984543,18.539401031043994,1.3825159,0.5654561863696725
T_CD8,AQP8_AQP8,132,0.007575757575757576,0.49744591770787977,65.66286113744013,1.8701776,-2.36742961777179
T_CD8,AQP7_AQP8,132,0.0,0.0,,2.773573,-inf
T_CD8,AQP7_AQP7,132,0.0,0.0,,2.2461307,-inf
T_CD8,ABCB1_SLC22A5,132,0.007575757575757576,0.9538035643627731,64.42098530970497,2.1955547,0.047607881507053494
T_CD8,ABCG2_SLC22A5,132,0.0,0.48379794107354324,,2.4267905,-inf
T_CD8,ABCC3_SLC22A5,132,0.0,0.9896652189946666,,2.2915924,-inf
T_CD8,ABCB1_SLC15A1,132,0.0,0.0,,2.8208356,-inf
T_CD8,CLCN3_CLCN3,132,0.015151515151515152,0.29424390037962495,19.420097425055246,1.2029663,-1.6528318366340387
T_CD8,SLC9A3_SLC9A3,132,0.0,0.0,,1.9107751,-inf
T_CD8,SLC9A1_SLC9A3,132,0.0,0.5395956333780315,,2.5470316,-inf
T_CD8,SLC9A1_SLC9A1,132,0.03787878787878788,0.5129273252841645,13.541281387501943,1.4649595,-0.08363665177119893
T_CD8,SLC26A2_SLC26A3,132,0.007575757575757576,13.627537347949156,230.5905291520919,1.273051,-0.5373546192141028
T_CD8,SLC26A2_SLC26A2,132,0.05303030303030303,7.575174347486991,72.17149384358945,0.6531827,-1.2101006527291174
T_CD8,SLC26A3_SLC26A3,132,0.030303030303030304,3.9167724746158785,56.7853091837319,0.66258574,-1.9967862378513999
T_CD8,SCNN1A_SCNN1A,132,0.015151515151515152,1.3818291184876792,34.178167759264625,0.96599126,-2.2111263868931146
T_CD8,SCNN1A_SCNN1G,132,0.0,0.0,,2.7846792,-inf
T_gd_and_ambiguous,SLC2A1_SLC2A1,21,0.0,0.0,,2.043218,-inf
T_gd_and_ambiguous,SLC16A1_SLC16A1,21,0.0,0.0,,2.223861,-inf
T_gd_and_ambiguous,SLC16A1_SLC22A5,21,0.0,1.0305218879330023,,2.3108325,-inf
T_gd_and_ambiguous,SLC22A5_SLC22A5,21,0.0,0.0,,1.4241731,-inf
T_gd_and_ambiguous,SLC3A2_SLC40A1,21,0.0,2.7070837034313215,,2.0420206,-inf
T_gd_and_ambiguous,SLC40A1_SLC40A1,21,0.0,0.0,,0.93019676,-inf
T_gd_and_ambiguous,SLC22A4_SLC22A5,21,0.0,0.0,,2.540433,-inf
T_gd_and_ambiguous,SLC16A9_SLC22A5,21,0.0,0.0,,2.4345887,-inf
T_gd_and_ambiguous,SLC16A9_SLC16A9,21,0.0,0.0,,2.554437,-inf
T_gd_and_ambiguous,SLC12A2_SLC12A2,21,0.0,0.0,,1.8616607,-inf
T_gd_and_ambiguous,CPT1A_CPT1A,21,0.0,0.7735749696788129,,0.7532032,-inf
T_gd_and_ambiguous,FABP5_FABP5,21,0.0,0.0,,1.6075381,-inf
T_gd_and_ambiguous,CD36_FABP5,21,0.0,0.0,,2.3684337,-inf
T_gd_and_ambiguous,CD36_MSR1,21,0.0,0.0,,3.0004346,-inf
T_gd_and_ambiguous,CD36_CD36,21,0.0,0.0,,2.5650012,-inf
T_gd_and_ambiguous,MSR1_MSR1,21,0.0,0.0,,2.692097,-inf
T_gd_and_ambiguous,ABCA1_ABCA1,21,0.0,0.0,,1.7149887,-inf
T_gd_and_ambiguous,ABCG2_ABCG2,21,0.0,0.0,,2.3733547,-inf
T_gd_and_ambiguous,ABCB1_ABCB1,21,0.0,0.0,,1.7819521,-inf
T_gd_and_ambiguous,ABCB1_ABCG2,21,0.0,0.0,,3.0004346,-inf
T_gd_and_ambiguous,SLC20A2_SLC20A2,21,0.0,0.0,,2.2083163,-inf
T_gd_and_ambiguous,ATP7B_SLC20A2,21,0.0,0.0,,2.8922517,-inf
T_gd_and_ambiguous,ABCC3_ABCG2,21,0.0,0.0,,3.0004346,-inf
T_gd_and_ambiguous,ABCC3_ABCC3,21,0.0,0.0,,1.6455109,-inf
T_gd_and_ambiguous,SLC15A1_SLC15A1,21,0.0,0.0,,2.8403163,-inf
T_gd_and_ambiguous,CD38_CD38,21,0.047619047619047616,0.7898540795608824,16.58693567077853,2.0054142,2.025912810407734
T_gd_and_ambiguous,SCARB1_SCARB1,21,0.0,0.0,,2.580345,-inf
T_gd_and_ambiguous,ABCC4_SLCO2B1,21,0.0,0.0,,2.717258,-inf
T_gd_and_ambiguous,ABCC3_SLC16A1,21,0.0,0.0,,2.7364595,-inf
T_gd_and_ambiguous,ABCG2_SLC16A1,21,0.0,0.0,,2.8002903,-inf
T_gd_and_ambiguous,ABCC1_SLCO2B1,21,0.0,0.0,,2.6201947,-inf
T_gd_and_ambiguous,ABCB1_SLC16A1,21,0.0,0.0,,2.7573552,-inf
T_gd_and_ambiguous,ABCB1_SLC22A4,21,0.0,0.0,,2.9147518,-inf
T_gd_and_ambiguous,ABCG2_SLC22A4,21,0.0,0.0,,2.933866,-inf
T_gd_and_ambiguous,TAP1_TAP1,21,0.0,0.0,,1.3487589,-inf
T_gd_and_ambiguous,AQP8_AQP8,21,0.0,0.0,,1.8895857,-inf
T_gd_and_ambiguous,AQP7_AQP8,21,0.0,0.0,,2.9365098,-inf
T_gd_and_ambiguous,AQP7_AQP7,21,0.0,0.0,,2.3360345,-inf
T_gd_and_ambiguous,ABCB1_SLC22A5,21,0.0,0.0,,2.26405,-inf
T_gd_and_ambiguous,ABCG2_SLC22A5,21,0.0,0.0,,2.4110463,-inf
T_gd_and_ambiguous,ABCC3_SLC22A5,21,0.0,0.0,,2.208974,-inf
T_gd_and_ambiguous,ABCB1_SLC15A1,21,0.0,0.0,,2.925207,-inf
T_gd_and_ambiguous,CLCN3_CLCN3,21,0.0,0.0,,1.190898,-inf
T_gd_and_ambiguous,SLC9A3_SLC9A3,21,0.0,0.0,,1.9563255,-inf
T_gd_and_ambiguous,SLC9A1_SLC9A3,21,0.0,0.0,,2.7971077,-inf
T_gd_and_ambiguous,SLC9A1_SLC9A1,21,0.047619047619047616,0.3445434874056391,7.235413235518422,1.4448092,0.2465119499211316
T_gd_and_ambiguous,SLC26A2_SLC26A3,21,0.0,6.145486981297024,,0.9129112,-inf
T_gd_and_ambiguous,SLC26A2_SLC26A2,21,0.0,7.282410753950942,,0.61839616,-inf
T_gd_and_ambiguous,SLC26A3_SLC26A3,21,0.0,1.908417638013594,,0.6232655,-inf
T_gd_and_ambiguous,SCNN1A_SCNN1A,21,0.047619047619047616,1.4911233168389313,31.313589653617555,0.9673849,-0.5590496903134218
T_gd_and_ambiguous,SCNN1A_SCNN1G,21,0.0,0.0,,2.9257584,-inf
