,Cell Type 1,Cell Type 2,metabolite,C_p,Z,Z_pval,Z_FDR,C_np,pval_np,FDR_np,selected
0,B,Endothelial,"(3a,5b,7a)-23-Carboxy-7-hydroxy-24-norcholan-3-yl-b-D-Glucopyranosiduronic acid",0.0,0.0,0.5,0.6757161428435308,0.0,0.000999000999000999,0.002733238922886596,False
1,B,Endothelial,17a-Ethynylestradiol,0.0,0.0,0.5,0.6757161428435308,0.0,0.000999000999000999,0.002733238922886596,False
2,B,Endothelial,"1b,3a,12a-Trihydroxy-5b-cholanoic acid",0.0,0.0,0.5,0.6757161428435308,0.0,0.000999000999000999,0.002733238922886596,False
3,B,Endothelial,2-Hydroxychlorpropamide,0.0,0.0,0.5,0.6757161428435308,0.0,0.000999000999000999,0.002733238922886596,False
4,B,Endothelial,25-Hydroxycholesterol,0.0,0.0,0.5,0.6757161428435308,0.0,0.000999000999000999,0.002733238922886596,False
5,B,Endothelial,"3',4'-Dihydrodiol",0.0,0.0,0.5,0.6757161428435308,0.0,0.000999000999000999,0.002733238922886596,False
6,B,Endothelial,3-Sulfodeoxycholic acid,0.0,0.0,0.5,0.6757161428435308,0.0,0.000999000999000999,0.002733238922886596,False
7,B,Endothelial,"3alpha,7alpha-Dihydroxycoprostanic acid",0.0,0.0,0.5,0.6757161428435308,0.0,0.000999000999000999,0.002733238922886596,False
8,B,Endothelial,3b-Hydroxy-5-cholenoic acid,0.0,0.0,0.5,0.6757161428435308,0.0,0.000999000999000999,0.002733238922886596,False
9,B,Endothelial,4'-Hydroxydiclofenac,0.0,0.0,0.5,0.6757161428435308,0.0,0.000999000999000999,0.002733238922886596,False
10,B,Endothelial,4-Hydroxycyclophosphamide,0.0,0.0,0.5,0.6757161428435308,0.0,0.000999000999000999,0.002733238922886596,False
11,B,Endothelial,4-ene-Valproic acid,0.0,0.0,0.5,0.6757161428435308,0.0,0.000999000999000999,0.002733238922886596,False
12,B,Endothelial,5-Hydroxyomeprazole,0.0,0.0,0.5,0.6757161428435308,0.0,0.000999000999000999,0.002733238922886596,False
13,B,Endothelial,8-Hydroxycarvedilol,0.0,0.0,0.5,0.6757161428435308,0.0,0.000999000999000999,0.002733238922886596,False
14,B,Endothelial,Acetate,0.0,0.0,0.5,0.6757161428435308,0.0,0.000999000999000999,0.002733238922886596,False
15,B,Endothelial,Acetyl-L-Carnitine,0.0,0.0,0.5,0.6757161428435308,0.0,0.000999000999000999,0.002733238922886596,False
16,B,Endothelial,Adenosine diphosphate ribose,0.0,0.0,0.5,0.6757161428435308,0.0,0.000999000999000999,0.002733238922886596,False
17,B,Endothelial,Adenosine triphosphate,0.0,0.0,0.5,0.6757161428435308,0.0,0.04495504495504495,0.058374738391253664,False
18,B,Endothelial,Amiloride-sensitive sodium transport,0.0,0.0,0.5,0.6757161428435308,0.0,0.000999000999000999,0.002733238922886596,False
19,B,Endothelial,Anion exchange,0.0,0.0,0.5,0.6757161428435308,0.0,0.000999000999000999,0.002733238922886596,False
20,B,Endothelial,Butyrate,0.0,0.0,0.5,0.6757161428435308,0.0,0.000999000999000999,0.002733238922886596,False
21,B,Endothelial,Chenodeoxycholic acid,0.0,0.0,0.5,0.6757161428435308,0.0,0.000999000999000999,0.002733238922886596,False
22,B,Endothelial,Chenodeoxycholic acid 3-sulfate,0.0,0.0,0.5,0.6757161428435308,0.0,0.000999000999000999,0.002733238922886596,False
23,B,Endothelial,Chloride,0.0,0.0,0.5,0.6757161428435308,0.0,0.000999000999000999,0.002733238922886596,False
24,B,Endothelial,Chloride ion,0.0,0.0,0.5,0.6757161428435308,0.0,0.000999000999000999,0.002733238922886596,False
25,B,Endothelial,Cholesterol,0.0,0.0,0.5,0.6757161428435308,0.0,0.000999000999000999,0.002733238922886596,False
26,B,Endothelial,Cholic acid,0.0,0.0,0.5,0.6757161428435308,0.0,0.000999000999000999,0.002733238922886596,False
27,B,Endothelial,Choline,0.0,0.0,0.5,0.6757161428435308,0.0,0.000999000999000999,0.002733238922886596,False
28,B,Endothelial,Citric acid,0.0,0.0,0.5,0.6757161428435308,0.0,0.000999000999000999,0.002733238922886596,False
29,B,Endothelial,Coprocholic acid,0.0,0.0,0.5,0.6757161428435308,0.0,0.000999000999000999,0.002733238922886596,False
30,B,Endothelial,Cortisol,0.0,0.0,0.5,0.6757161428435308,0.0,0.000999000999000999,0.002733238922886596,False
31,B,Endothelial,Creatine,0.0,0.0,0.5,0.6757161428435308,0.0,0.000999000999000999,0.002733238922886596,False
32,B,Endothelial,D-Lactate,0.0,0.0,0.5,0.6757161428435308,0.0,0.000999000999000999,0.002733238922886596,False
33,B,Endothelial,Deoxycholic acid,0.0,0.0,0.5,0.6757161428435308,0.0,0.000999000999000999,0.002733238922886596,False
34,B,Endothelial,Dopamine,0.0,0.0,0.5,0.6757161428435308,0.0,0.000999000999000999,0.002733238922886596,False
35,B,Endothelial,E-3179,0.0,0.0,0.5,0.6757161428435308,0.0,0.000999000999000999,0.002733238922886596,False
36,B,Endothelial,Estradiol,0.0,0.0,0.5,0.6757161428435308,0.0,0.000999000999000999,0.002733238922886596,False
37,B,Endothelial,Estriol,0.0,0.0,0.5,0.6757161428435308,0.0,0.000999000999000999,0.002733238922886596,False
38,B,Endothelial,Fatty acid,0.0,0.0,0.5,0.6757161428435308,0.0,0.17082917082917082,0.18920857272679775,False
39,B,Endothelial,Folic acid,0.0,0.0,0.5,0.6757161428435308,0.0,0.000999000999000999,0.002733238922886596,False
40,B,Endothelial,Folinic acid,0.0,0.0,0.5,0.6757161428435308,0.0,0.000999000999000999,0.002733238922886596,False
41,B,Endothelial,Glutathione,0.0,0.0,0.5,0.6757161428435308,0.0,0.000999000999000999,0.002733238922886596,False
42,B,Endothelial,Glycerol,0.0,0.0,0.5,0.6757161428435308,0.0,0.000999000999000999,0.002733238922886596,False
43,B,Endothelial,Glycochenodeoxycholate-3-sulfate,0.0,0.0,0.5,0.6757161428435308,0.0,0.000999000999000999,0.002733238922886596,False
44,B,Endothelial,Glycyl-glycine,0.0,0.0,0.5,0.6757161428435308,0.0,0.000999000999000999,0.002733238922886596,False
45,B,Endothelial,Histamine,0.0,0.0,0.5,0.6757161428435308,0.0,0.000999000999000999,0.002733238922886596,False
46,B,Endothelial,Hydroxylansoprazole,0.0,0.0,0.5,0.6757161428435308,0.0,0.000999000999000999,0.002733238922886596,False
47,B,Endothelial,Hyodeoxycholic acid,0.0,0.0,0.5,0.6757161428435308,0.0,0.000999000999000999,0.002733238922886596,False
48,B,Endothelial,Iron,0.0,0.0,0.5,0.6757161428435308,0.0,0.023976023976023976,0.03535971648515611,False
49,B,Endothelial,Isoursodeoxycholic acid,0.0,0.0,0.5,0.6757161428435308,0.0,0.000999000999000999,0.002733238922886596,False
50,B,Endothelial,Ketone bodies,0.0,0.0,0.5,0.6757161428435308,0.0,0.000999000999000999,0.002733238922886596,False
51,B,Endothelial,L-Arginine,0.0,0.0,0.5,0.6757161428435308,0.0,0.001998001998001998,0.005057316928544293,False
52,B,Endothelial,L-Carnitine,0.0,0.0,0.5,0.6757161428435308,0.0,0.000999000999000999,0.002733238922886596,False
53,B,Endothelial,L-Cystine,0.0,0.0,0.5,0.6757161428435308,0.0,0.001998001998001998,0.005057316928544293,False
54,B,Endothelial,L-Dopa,0.0,0.0,0.5,0.6757161428435308,0.0,0.000999000999000999,0.002733238922886596,False
55,B,Endothelial,L-Glutamate,0.0,0.0,0.5,0.6757161428435308,0.0,0.000999000999000999,0.002733238922886596,False
56,B,Endothelial,L-Lactate,0.0,0.0,0.5,0.6757161428435308,0.0,0.000999000999000999,0.002733238922886596,False
57,B,Endothelial,L-Lysine,0.0,0.0,0.5,0.6757161428435308,0.0,0.001998001998001998,0.005057316928544293,False
58,B,Endothelial,L-Ornithine,0.0,0.0,0.5,0.6757161428435308,0.0,0.001998001998001998,0.005057316928544293,False
59,B,Endothelial,Lithocholic acid,0.0,0.0,0.5,0.6757161428435308,0.0,0.000999000999000999,0.002733238922886596,False
60,B,Endothelial,N-Desmethylcitalopram,0.0,0.0,0.5,0.6757161428435308,0.0,0.000999000999000999,0.002733238922886596,False
61,B,Endothelial,N-Desmethyleletriptan,0.0,0.0,0.5,0.6757161428435308,0.0,0.000999000999000999,0.002733238922886596,False
62,B,Endothelial,N-Desmethyltamoxifen,0.0,0.0,0.5,0.6757161428435308,0.0,0.000999000999000999,0.002733238922886596,False
63,B,Endothelial,N-desmethylimatinib,0.0,0.0,0.5,0.6757161428435308,0.0,0.000999000999000999,0.002733238922886596,False
64,B,Endothelial,Neurotransmitter,0.0,0.0,0.5,0.6757161428435308,0.0,0.000999000999000999,0.002733238922886596,False
65,B,Endothelial,Nicotinate,0.0,0.0,0.5,0.6757161428435308,0.0,0.000999000999000999,0.002733238922886596,False
66,B,Endothelial,Norepinephrine,0.0,0.0,0.5,0.6757161428435308,0.0,0.000999000999000999,0.002733238922886596,False
67,B,Endothelial,O-Deethylated candesartan,0.0,0.0,0.5,0.6757161428435308,0.0,0.000999000999000999,0.002733238922886596,False
68,B,Endothelial,O-Desmethylverapamil (D-702),0.0,0.0,0.5,0.6757161428435308,0.0,0.000999000999000999,0.002733238922886596,False
69,B,Endothelial,Oxalic acid,0.0,0.0,0.5,0.6757161428435308,0.0,0.000999000999000999,0.002733238922886596,False
70,B,Endothelial,Phosphate,0.0,0.0,0.5,0.6757161428435308,0.0,0.000999000999000999,0.002733238922886596,False
71,B,Endothelial,Progesterone,0.0,0.0,0.5,0.6757161428435308,0.0,0.000999000999000999,0.002733238922886596,False
72,B,Endothelial,Pyruvate,0.0,0.0,0.5,0.6757161428435308,0.0,0.000999000999000999,0.002733238922886596,False
73,B,Endothelial,Sodium,0.0,0.0,0.5,0.6757161428435308,0.0,0.000999000999000999,0.002733238922886596,False
74,B,Endothelial,Sodium_hydrogen exchange,0.0,0.0,0.5,0.6757161428435308,0.0,0.000999000999000999,0.002733238922886596,False
75,B,Endothelial,Sulfolithocholic acid,0.0,0.0,0.5,0.6757161428435308,0.0,0.000999000999000999,0.002733238922886596,False
76,B,Endothelial,Taurocholic acid,0.0,0.0,0.5,0.6757161428435308,0.0,0.000999000999000999,0.002733238922886596,False
77,B,Endothelial,Testosterone,0.0,0.0,0.5,0.6757161428435308,0.0,0.000999000999000999,0.002733238922886596,False
78,B,Endothelial,Trihydroxycoprostanoic acid,0.0,0.0,0.5,0.6757161428435308,0.0,0.000999000999000999,0.002733238922886596,False
79,B,Endothelial,Ursocholic acid,0.0,0.0,0.5,0.6757161428435308,0.0,0.000999000999000999,0.002733238922886596,False
80,B,Endothelial,Ursodeoxycholic acid,0.0,0.0,0.5,0.6757161428435308,0.0,0.000999000999000999,0.002733238922886596,False
81,B,Endothelial,Ursodeoxycholic acid 3-sulfate,0.0,0.0,0.5,0.6757161428435308,0.0,0.000999000999000999,0.002733238922886596,False
82,B,Endothelial,Varanic acid,0.0,0.0,0.5,0.6757161428435308,0.0,0.000999000999000999,0.002733238922886596,False
83,B,Endothelial,Water,0.0,0.0,0.5,0.6757161428435308,0.0,0.000999000999000999,0.002733238922886596,False
84,B,Endothelial,alpha-Ketoisovaleric acid,0.0,0.0,0.5,0.6757161428435308,0.0,0.000999000999000999,0.002733238922886596,False
85,B,Enteric_glia,"(3a,5b,7a)-23-Carboxy-7-hydroxy-24-norcholan-3-yl-b-D-Glucopyranosiduronic acid",0.0,0.0,0.5,0.6757161428435308,0.0,0.000999000999000999,0.002733238922886596,False
86,B,Enteric_glia,17a-Ethynylestradiol,0.0,0.0,0.5,0.6757161428435308,0.0,0.000999000999000999,0.002733238922886596,False
87,B,Enteric_glia,"1b,3a,12a-Trihydroxy-5b-cholanoic acid",0.0,0.0,0.5,0.6757161428435308,0.0,0.000999000999000999,0.002733238922886596,False
88,B,Enteric_glia,2-Hydroxychlorpropamide,0.0,0.0,0.5,0.6757161428435308,0.0,0.000999000999000999,0.002733238922886596,False
89,B,Enteric_glia,25-Hydroxycholesterol,0.0,0.0,0.5,0.6757161428435308,0.0,0.000999000999000999,0.002733238922886596,False
90,B,Enteric_glia,"3',4'-Dihydrodiol",0.0,0.0,0.5,0.6757161428435308,0.0,0.000999000999000999,0.002733238922886596,False
91,B,Enteric_glia,3-Sulfodeoxycholic acid,0.0,0.0,0.5,0.6757161428435308,0.0,0.000999000999000999,0.002733238922886596,False
92,B,Enteric_glia,"3alpha,7alpha-Dihydroxycoprostanic acid",0.0,0.0,0.5,0.6757161428435308,0.0,0.000999000999000999,0.002733238922886596,False
93,B,Enteric_glia,3b-Hydroxy-5-cholenoic acid,0.0,0.0,0.5,0.6757161428435308,0.0,0.000999000999000999,0.002733238922886596,False
94,B,Enteric_glia,4'-Hydroxydiclofenac,0.0,0.0,0.5,0.6757161428435308,0.0,0.000999000999000999,0.002733238922886596,False
95,B,Enteric_glia,4-Hydroxycyclophosphamide,0.0,0.0,0.5,0.6757161428435308,0.0,0.000999000999000999,0.002733238922886596,False
96,B,Enteric_glia,4-ene-Valproic acid,0.0,0.0,0.5,0.6757161428435308,0.0,0.000999000999000999,0.002733238922886596,False
97,B,Enteric_glia,5-Hydroxyomeprazole,0.0,0.0,0.5,0.6757161428435308,0.0,0.000999000999000999,0.002733238922886596,False
98,B,Enteric_glia,8-Hydroxycarvedilol,0.0,0.0,0.5,0.6757161428435308,0.0,0.000999000999000999,0.002733238922886596,False
99,B,Enteric_glia,Acetate,0.0,0.0,0.5,0.6757161428435308,0.0,0.000999000999000999,0.002733238922886596,False
100,B,Enteric_glia,Acetyl-L-Carnitine,0.0,0.0,0.5,0.6757161428435308,0.0,0.000999000999000999,0.002733238922886596,False
101,B,Enteric_glia,Adenosine diphosphate ribose,0.0,0.0,0.5,0.6757161428435308,0.0,0.000999000999000999,0.002733238922886596,False
102,B,Enteric_glia,Adenosine triphosphate,0.05574947,0.05574946850538254,0.47777069529111416,0.6757161428435308,0.0,0.001998001998001998,0.005057316928544293,False
103,B,Enteric_glia,Amiloride-sensitive sodium transport,0.0,0.0,0.5,0.6757161428435308,0.0,0.000999000999000999,0.002733238922886596,False
104,B,Enteric_glia,Anion exchange,0.0,0.0,0.5,0.6757161428435308,0.0,0.000999000999000999,0.002733238922886596,False
105,B,Enteric_glia,Butyrate,0.0,0.0,0.5,0.6757161428435308,0.0,0.000999000999000999,0.002733238922886596,False
106,B,Enteric_glia,Chenodeoxycholic acid,0.0,0.0,0.5,0.6757161428435308,0.0,0.000999000999000999,0.002733238922886596,False
107,B,Enteric_glia,Chenodeoxycholic acid 3-sulfate,0.0,0.0,0.5,0.6757161428435308,0.0,0.000999000999000999,0.002733238922886596,False
108,B,Enteric_glia,Chloride,0.0,0.0,0.5,0.6757161428435308,0.0,0.000999000999000999,0.002733238922886596,False
109,B,Enteric_glia,Chloride ion,0.0,0.0,0.5,0.6757161428435308,0.0,0.000999000999000999,0.002733238922886596,False
110,B,Enteric_glia,Cholesterol,0.0,0.0,0.5,0.6757161428435308,0.0,0.000999000999000999,0.002733238922886596,False
111,B,Enteric_glia,Cholic acid,0.0,0.0,0.5,0.6757161428435308,0.0,0.000999000999000999,0.002733238922886596,False
112,B,Enteric_glia,Choline,0.0,0.0,0.5,0.6757161428435308,0.0,0.000999000999000999,0.002733238922886596,False
113,B,Enteric_glia,Citric acid,0.0,0.0,0.5,0.6757161428435308,0.0,0.000999000999000999,0.002733238922886596,False
114,B,Enteric_glia,Coprocholic acid,0.0,0.0,0.5,0.6757161428435308,0.0,0.000999000999000999,0.002733238922886596,False
115,B,Enteric_glia,Cortisol,0.0,0.0,0.5,0.6757161428435308,0.0,0.000999000999000999,0.002733238922886596,False
116,B,Enteric_glia,Creatine,0.0,0.0,0.5,0.6757161428435308,0.0,0.000999000999000999,0.002733238922886596,False
117,B,Enteric_glia,D-Lactate,0.0,0.0,0.5,0.6757161428435308,0.0,0.000999000999000999,0.002733238922886596,False
118,B,Enteric_glia,Deoxycholic acid,0.0,0.0,0.5,0.6757161428435308,0.0,0.000999000999000999,0.002733238922886596,False
119,B,Enteric_glia,Dopamine,0.0,0.0,0.5,0.6757161428435308,0.0,0.000999000999000999,0.002733238922886596,False
120,B,Enteric_glia,E-3179,0.0,0.0,0.5,0.6757161428435308,0.0,0.000999000999000999,0.002733238922886596,False
121,B,Enteric_glia,Estradiol,0.0,0.0,0.5,0.6757161428435308,0.0,0.000999000999000999,0.002733238922886596,False
122,B,Enteric_glia,Estriol,0.0,0.0,0.5,0.6757161428435308,0.0,0.000999000999000999,0.002733238922886596,False
123,B,Enteric_glia,Fatty acid,0.07884166,0.04551925157271789,0.48184671513300675,0.6757161428435308,0.0,0.003996003996003996,0.008992796112653,False
124,B,Enteric_glia,Folic acid,0.0,0.0,0.5,0.6757161428435308,0.0,0.000999000999000999,0.002733238922886596,False
125,B,Enteric_glia,Folinic acid,0.0,0.0,0.5,0.6757161428435308,0.0,0.000999000999000999,0.002733238922886596,False
126,B,Enteric_glia,Glutathione,0.0,0.0,0.5,0.6757161428435308,0.0,0.000999000999000999,0.002733238922886596,False
127,B,Enteric_glia,Glycerol,0.0,0.0,0.5,0.6757161428435308,0.0,0.000999000999000999,0.002733238922886596,False
128,B,Enteric_glia,Glycochenodeoxycholate-3-sulfate,0.0,0.0,0.5,0.6757161428435308,0.0,0.000999000999000999,0.002733238922886596,False
129,B,Enteric_glia,Glycyl-glycine,0.0,0.0,0.5,0.6757161428435308,0.0,0.000999000999000999,0.002733238922886596,False
130,B,Enteric_glia,Histamine,0.0,0.0,0.5,0.6757161428435308,0.0,0.000999000999000999,0.002733238922886596,False
131,B,Enteric_glia,Hydroxylansoprazole,0.0,0.0,0.5,0.6757161428435308,0.0,0.000999000999000999,0.002733238922886596,False
132,B,Enteric_glia,Hyodeoxycholic acid,0.0,0.0,0.5,0.6757161428435308,0.0,0.000999000999000999,0.002733238922886596,False
133,B,Enteric_glia,Iron,0.11859203,0.1185920313000679,0.4527992894494537,0.6757161428435308,0.0,0.012987012987012988,0.02170829436309107,False
134,B,Enteric_glia,Isoursodeoxycholic acid,0.0,0.0,0.5,0.6757161428435308,0.0,0.000999000999000999,0.002733238922886596,False
135,B,Enteric_glia,Ketone bodies,0.0,0.0,0.5,0.6757161428435308,0.0,0.000999000999000999,0.002733238922886596,False
136,B,Enteric_glia,L-Arginine,0.0,0.0,0.5,0.6757161428435308,0.0,0.000999000999000999,0.002733238922886596,False
137,B,Enteric_glia,L-Carnitine,0.0,0.0,0.5,0.6757161428435308,0.0,0.000999000999000999,0.002733238922886596,False
138,B,Enteric_glia,L-Cystine,0.0,0.0,0.5,0.6757161428435308,0.0,0.000999000999000999,0.002733238922886596,False
139,B,Enteric_glia,L-Dopa,0.0,0.0,0.5,0.6757161428435308,0.0,0.000999000999000999,0.002733238922886596,False
140,B,Enteric_glia,L-Glutamate,0.0,0.0,0.5,0.6757161428435308,0.0,0.000999000999000999,0.002733238922886596,False
141,B,Enteric_glia,L-Lactate,0.0,0.0,0.5,0.6757161428435308,0.0,0.000999000999000999,0.002733238922886596,False
142,B,Enteric_glia,L-Lysine,0.0,0.0,0.5,0.6757161428435308,0.0,0.000999000999000999,0.002733238922886596,False
143,B,Enteric_glia,L-Ornithine,0.0,0.0,0.5,0.6757161428435308,0.0,0.000999000999000999,0.002733238922886596,False
144,B,Enteric_glia,Lithocholic acid,0.0,0.0,0.5,0.6757161428435308,0.0,0.000999000999000999,0.002733238922886596,False
145,B,Enteric_glia,N-Desmethylcitalopram,0.0,0.0,0.5,0.6757161428435308,0.0,0.000999000999000999,0.002733238922886596,False
146,B,Enteric_glia,N-Desmethyleletriptan,0.0,0.0,0.5,0.6757161428435308,0.0,0.000999000999000999,0.002733238922886596,False
147,B,Enteric_glia,N-Desmethyltamoxifen,0.0,0.0,0.5,0.6757161428435308,0.0,0.000999000999000999,0.002733238922886596,False
148,B,Enteric_glia,N-desmethylimatinib,0.0,0.0,0.5,0.6757161428435308,0.0,0.000999000999000999,0.002733238922886596,False
149,B,Enteric_glia,Neurotransmitter,0.0,0.0,0.5,0.6757161428435308,0.0,0.000999000999000999,0.002733238922886596,False
150,B,Enteric_glia,Nicotinate,0.0,0.0,0.5,0.6757161428435308,0.0,0.000999000999000999,0.002733238922886596,False
151,B,Enteric_glia,Norepinephrine,0.0,0.0,0.5,0.6757161428435308,0.0,0.000999000999000999,0.002733238922886596,False
152,B,Enteric_glia,O-Deethylated candesartan,0.0,0.0,0.5,0.6757161428435308,0.0,0.000999000999000999,0.002733238922886596,False
153,B,Enteric_glia,O-Desmethylverapamil (D-702),0.0,0.0,0.5,0.6757161428435308,0.0,0.000999000999000999,0.002733238922886596,False
154,B,Enteric_glia,Oxalic acid,0.0,0.0,0.5,0.6757161428435308,0.0,0.000999000999000999,0.002733238922886596,False
155,B,Enteric_glia,Phosphate,0.0,0.0,0.5,0.6757161428435308,0.0,0.000999000999000999,0.002733238922886596,False
156,B,Enteric_glia,Progesterone,0.0,0.0,0.5,0.6757161428435308,0.0,0.000999000999000999,0.002733238922886596,False
157,B,Enteric_glia,Pyruvate,0.0,0.0,0.5,0.6757161428435308,0.0,0.000999000999000999,0.002733238922886596,False
158,B,Enteric_glia,Sodium,0.0,0.0,0.5,0.6757161428435308,0.0,0.000999000999000999,0.002733238922886596,False
159,B,Enteric_glia,Sodium_hydrogen exchange,0.0,0.0,0.5,0.6757161428435308,0.0,0.000999000999000999,0.002733238922886596,False
160,B,Enteric_glia,Sulfolithocholic acid,0.0,0.0,0.5,0.6757161428435308,0.0,0.000999000999000999,0.002733238922886596,False
161,B,Enteric_glia,Taurocholic acid,0.0,0.0,0.5,0.6757161428435308,0.0,0.000999000999000999,0.002733238922886596,False
162,B,Enteric_glia,Testosterone,0.0,0.0,0.5,0.6757161428435308,0.0,0.000999000999000999,0.002733238922886596,False
163,B,Enteric_glia,Trihydroxycoprostanoic acid,0.0,0.0,0.5,0.6757161428435308,0.0,0.000999000999000999,0.002733238922886596,False
164,B,Enteric_glia,Ursocholic acid,0.0,0.0,0.5,0.6757161428435308,0.0,0.000999000999000999,0.002733238922886596,False
165,B,Enteric_glia,Ursodeoxycholic acid,0.0,0.0,0.5,0.6757161428435308,0.0,0.000999000999000999,0.002733238922886596,False
166,B,Enteric_glia,Ursodeoxycholic acid 3-sulfate,0.0,0.0,0.5,0.6757161428435308,0.0,0.000999000999000999,0.002733238922886596,False
167,B,Enteric_glia,Varanic acid,0.0,0.0,0.5,0.6757161428435308,0.0,0.000999000999000999,0.002733238922886596,False
168,B,Enteric_glia,Water,0.0,0.0,0.5,0.6757161428435308,0.0,0.000999000999000999,0.002733238922886596,False
169,B,Enteric_glia,alpha-Ketoisovaleric acid,0.0,0.0,0.5,0.6757161428435308,0.0,0.000999000999000999,0.002733238922886596,False
170,B,Fibroblast,"(3a,5b,7a)-23-Carboxy-7-hydroxy-24-norcholan-3-yl-b-D-Glucopyranosiduronic acid",0.0,0.0,0.5,0.6757161428435308,0.0,0.000999000999000999,0.002733238922886596,False
171,B,Fibroblast,17a-Ethynylestradiol,0.0,0.0,0.5,0.6757161428435308,0.0,0.000999000999000999,0.002733238922886596,False
172,B,Fibroblast,"1b,3a,12a-Trihydroxy-5b-cholanoic acid",0.0,0.0,0.5,0.6757161428435308,0.0,0.000999000999000999,0.002733238922886596,False
173,B,Fibroblast,2-Hydroxychlorpropamide,0.0,0.0,0.5,0.6757161428435308,0.0,0.000999000999000999,0.002733238922886596,False
174,B,Fibroblast,25-Hydroxycholesterol,0.0,0.0,0.5,0.6757161428435308,0.0,0.000999000999000999,0.002733238922886596,False
175,B,Fibroblast,"3',4'-Dihydrodiol",0.0,0.0,0.5,0.6757161428435308,0.0,0.000999000999000999,0.002733238922886596,False
176,B,Fibroblast,3-Sulfodeoxycholic acid,0.0,0.0,0.5,0.6757161428435308,0.0,0.000999000999000999,0.002733238922886596,False
177,B,Fibroblast,"3alpha,7alpha-Dihydroxycoprostanic acid",0.0,0.0,0.5,0.6757161428435308,0.0,0.000999000999000999,0.002733238922886596,False
178,B,Fibroblast,3b-Hydroxy-5-cholenoic acid,0.0,0.0,0.5,0.6757161428435308,0.0,0.000999000999000999,0.002733238922886596,False
179,B,Fibroblast,4'-Hydroxydiclofenac,0.0,0.0,0.5,0.6757161428435308,0.0,0.000999000999000999,0.002733238922886596,False
180,B,Fibroblast,4-Hydroxycyclophosphamide,0.0,0.0,0.5,0.6757161428435308,0.0,0.000999000999000999,0.002733238922886596,False
181,B,Fibroblast,4-ene-Valproic acid,0.0,0.0,0.5,0.6757161428435308,0.0,0.000999000999000999,0.002733238922886596,False
182,B,Fibroblast,5-Hydroxyomeprazole,0.0,0.0,0.5,0.6757161428435308,0.0,0.000999000999000999,0.002733238922886596,False
183,B,Fibroblast,8-Hydroxycarvedilol,0.0,0.0,0.5,0.6757161428435308,0.0,0.000999000999000999,0.002733238922886596,False
184,B,Fibroblast,Acetate,0.0,0.0,0.5,0.6757161428435308,0.0,0.000999000999000999,0.002733238922886596,False
185,B,Fibroblast,Acetyl-L-Carnitine,0.0,0.0,0.5,0.6757161428435308,0.0,0.000999000999000999,0.002733238922886596,False
186,B,Fibroblast,Adenosine diphosphate ribose,0.0,0.0,0.5,0.6757161428435308,0.0,0.000999000999000999,0.002733238922886596,False
187,B,Fibroblast,Adenosine triphosphate,0.3366433,0.13743405515085128,0.44534385715624686,0.6757161428435308,0.0,0.03196803196803197,0.044261263719771314,False
188,B,Fibroblast,Amiloride-sensitive sodium transport,0.0,0.0,0.5,0.6757161428435308,0.0,0.000999000999000999,0.002733238922886596,False
189,B,Fibroblast,Anion exchange,0.0,0.0,0.5,0.6757161428435308,0.0,0.000999000999000999,0.002733238922886596,False
190,B,Fibroblast,Butyrate,0.0,0.0,0.5,0.6757161428435308,0.0,0.000999000999000999,0.002733238922886596,False
191,B,Fibroblast,Chenodeoxycholic acid,0.0,0.0,0.5,0.6757161428435308,0.0,0.000999000999000999,0.002733238922886596,False
192,B,Fibroblast,Chenodeoxycholic acid 3-sulfate,0.0,0.0,0.5,0.6757161428435308,0.0,0.000999000999000999,0.002733238922886596,False
193,B,Fibroblast,Chloride,0.0,0.0,0.5,0.6757161428435308,0.0,0.000999000999000999,0.002733238922886596,False
194,B,Fibroblast,Chloride ion,0.0,0.0,0.5,0.6757161428435308,0.0,0.000999000999000999,0.002733238922886596,False
195,B,Fibroblast,Cholesterol,0.0,0.0,0.5,0.6757161428435308,0.0,0.000999000999000999,0.002733238922886596,False
196,B,Fibroblast,Cholic acid,0.0,0.0,0.5,0.6757161428435308,0.0,0.000999000999000999,0.002733238922886596,False
197,B,Fibroblast,Choline,0.0,0.0,0.5,0.6757161428435308,0.0,0.000999000999000999,0.002733238922886596,False
198,B,Fibroblast,Citric acid,0.0,0.0,0.5,0.6757161428435308,0.0,0.000999000999000999,0.002733238922886596,False
199,B,Fibroblast,Coprocholic acid,0.0,0.0,0.5,0.6757161428435308,0.0,0.000999000999000999,0.002733238922886596,False
200,B,Fibroblast,Cortisol,0.0,0.0,0.5,0.6757161428435308,0.0,0.000999000999000999,0.002733238922886596,False
201,B,Fibroblast,Creatine,0.0,0.0,0.5,0.6757161428435308,0.0,0.000999000999000999,0.002733238922886596,False
202,B,Fibroblast,D-Lactate,0.0,0.0,0.5,0.6757161428435308,0.0,0.000999000999000999,0.002733238922886596,False
203,B,Fibroblast,Deoxycholic acid,0.0,0.0,0.5,0.6757161428435308,0.0,0.000999000999000999,0.002733238922886596,False
204,B,Fibroblast,Dopamine,0.0,0.0,0.5,0.6757161428435308,0.0,0.000999000999000999,0.002733238922886596,False
205,B,Fibroblast,E-3179,0.0,0.0,0.5,0.6757161428435308,0.0,0.000999000999000999,0.002733238922886596,False
206,B,Fibroblast,Estradiol,0.0,0.0,0.5,0.6757161428435308,0.0,0.000999000999000999,0.002733238922886596,False
207,B,Fibroblast,Estriol,0.0,0.0,0.5,0.6757161428435308,0.0,0.000999000999000999,0.002733238922886596,False
208,B,Fibroblast,Fatty acid,-1.0278131,-0.24225786550659734,0.5957098200560654,0.6795983862910224,0.0,0.06393606393606394,0.07850045718482182,False
209,B,Fibroblast,Folic acid,0.0,0.0,0.5,0.6757161428435308,0.0,0.000999000999000999,0.002733238922886596,False
210,B,Fibroblast,Folinic acid,0.0,0.0,0.5,0.6757161428435308,0.0,0.000999000999000999,0.002733238922886596,False
211,B,Fibroblast,Glutathione,0.0,0.0,0.5,0.6757161428435308,0.0,0.000999000999000999,0.002733238922886596,False
212,B,Fibroblast,Glycerol,0.0,0.0,0.5,0.6757161428435308,0.0,0.000999000999000999,0.002733238922886596,False
213,B,Fibroblast,Glycochenodeoxycholate-3-sulfate,0.0,0.0,0.5,0.6757161428435308,0.0,0.000999000999000999,0.002733238922886596,False
214,B,Fibroblast,Glycyl-glycine,0.0,0.0,0.5,0.6757161428435308,0.0,0.000999000999000999,0.002733238922886596,False
215,B,Fibroblast,Histamine,0.0,0.0,0.5,0.6757161428435308,0.0,0.000999000999000999,0.002733238922886596,False
216,B,Fibroblast,Hydroxylansoprazole,0.0,0.0,0.5,0.6757161428435308,0.0,0.000999000999000999,0.002733238922886596,False
217,B,Fibroblast,Hyodeoxycholic acid,0.0,0.0,0.5,0.6757161428435308,0.0,0.000999000999000999,0.002733238922886596,False
218,B,Fibroblast,Iron,7.3339076,2.994055241841732,0.001376480477512605,0.09838707049493506,19.692127,0.05094905094905095,0.0646629399656034,False
219,B,Fibroblast,Isoursodeoxycholic acid,0.0,0.0,0.5,0.6757161428435308,0.0,0.000999000999000999,0.002733238922886596,False
220,B,Fibroblast,Ketone bodies,0.0,0.0,0.5,0.6757161428435308,0.0,0.000999000999000999,0.002733238922886596,False
221,B,Fibroblast,L-Arginine,-0.032829992,-0.01340278830309496,0.5053467788510287,0.6757161428435308,0.0,0.001998001998001998,0.005057316928544293,False
222,B,Fibroblast,L-Carnitine,0.0,0.0,0.5,0.6757161428435308,0.0,0.000999000999000999,0.002733238922886596,False
223,B,Fibroblast,L-Cystine,-0.032829992,-0.01340278830309496,0.5053467788510287,0.6757161428435308,0.0,0.001998001998001998,0.005057316928544293,False
224,B,Fibroblast,L-Dopa,0.0,0.0,0.5,0.6757161428435308,0.0,0.000999000999000999,0.002733238922886596,False
225,B,Fibroblast,L-Glutamate,0.0,0.0,0.5,0.6757161428435308,0.0,0.000999000999000999,0.002733238922886596,False
226,B,Fibroblast,L-Lactate,0.0,0.0,0.5,0.6757161428435308,0.0,0.000999000999000999,0.002733238922886596,False
227,B,Fibroblast,L-Lysine,-0.032829992,-0.01340278830309496,0.5053467788510287,0.6757161428435308,0.0,0.001998001998001998,0.005057316928544293,False
228,B,Fibroblast,L-Ornithine,-0.032829992,-0.01340278830309496,0.5053467788510287,0.6757161428435308,0.0,0.001998001998001998,0.005057316928544293,False
229,B,Fibroblast,Lithocholic acid,0.0,0.0,0.5,0.6757161428435308,0.0,0.000999000999000999,0.002733238922886596,False
230,B,Fibroblast,N-Desmethylcitalopram,0.0,0.0,0.5,0.6757161428435308,0.0,0.000999000999000999,0.002733238922886596,False
231,B,Fibroblast,N-Desmethyleletriptan,0.0,0.0,0.5,0.6757161428435308,0.0,0.000999000999000999,0.002733238922886596,False
232,B,Fibroblast,N-Desmethyltamoxifen,0.0,0.0,0.5,0.6757161428435308,0.0,0.000999000999000999,0.002733238922886596,False
233,B,Fibroblast,N-desmethylimatinib,0.0,0.0,0.5,0.6757161428435308,0.0,0.000999000999000999,0.002733238922886596,False
234,B,Fibroblast,Neurotransmitter,0.0,0.0,0.5,0.6757161428435308,0.0,0.000999000999000999,0.002733238922886596,False
235,B,Fibroblast,Nicotinate,0.0,0.0,0.5,0.6757161428435308,0.0,0.000999000999000999,0.002733238922886596,False
236,B,Fibroblast,Norepinephrine,0.0,0.0,0.5,0.6757161428435308,0.0,0.000999000999000999,0.002733238922886596,False
237,B,Fibroblast,O-Deethylated candesartan,0.0,0.0,0.5,0.6757161428435308,0.0,0.000999000999000999,0.002733238922886596,False
238,B,Fibroblast,O-Desmethylverapamil (D-702),0.0,0.0,0.5,0.6757161428435308,0.0,0.000999000999000999,0.002733238922886596,False
239,B,Fibroblast,Oxalic acid,0.0,0.0,0.5,0.6757161428435308,0.0,0.000999000999000999,0.002733238922886596,False
240,B,Fibroblast,Phosphate,0.0,0.0,0.5,0.6757161428435308,0.0,0.000999000999000999,0.002733238922886596,False
241,B,Fibroblast,Progesterone,0.0,0.0,0.5,0.6757161428435308,0.0,0.000999000999000999,0.002733238922886596,False
242,B,Fibroblast,Pyruvate,0.0,0.0,0.5,0.6757161428435308,0.0,0.000999000999000999,0.002733238922886596,False
243,B,Fibroblast,Sodium,0.0,0.0,0.5,0.6757161428435308,0.0,0.000999000999000999,0.002733238922886596,False
244,B,Fibroblast,Sodium_hydrogen exchange,0.0,0.0,0.5,0.6757161428435308,0.0,0.000999000999000999,0.002733238922886596,False
245,B,Fibroblast,Sulfolithocholic acid,0.0,0.0,0.5,0.6757161428435308,0.0,0.000999000999000999,0.002733238922886596,False
246,B,Fibroblast,Taurocholic acid,0.0,0.0,0.5,0.6757161428435308,0.0,0.000999000999000999,0.002733238922886596,False
247,B,Fibroblast,Testosterone,0.0,0.0,0.5,0.6757161428435308,0.0,0.000999000999000999,0.002733238922886596,False
248,B,Fibroblast,Trihydroxycoprostanoic acid,0.0,0.0,0.5,0.6757161428435308,0.0,0.000999000999000999,0.002733238922886596,False
249,B,Fibroblast,Ursocholic acid,0.0,0.0,0.5,0.6757161428435308,0.0,0.000999000999000999,0.002733238922886596,False
250,B,Fibroblast,Ursodeoxycholic acid,0.0,0.0,0.5,0.6757161428435308,0.0,0.000999000999000999,0.002733238922886596,False
251,B,Fibroblast,Ursodeoxycholic acid 3-sulfate,0.0,0.0,0.5,0.6757161428435308,0.0,0.000999000999000999,0.002733238922886596,False
252,B,Fibroblast,Varanic acid,0.0,0.0,0.5,0.6757161428435308,0.0,0.000999000999000999,0.002733238922886596,False
253,B,Fibroblast,Water,0.0,0.0,0.5,0.6757161428435308,0.0,0.000999000999000999,0.002733238922886596,False
254,B,Fibroblast,alpha-Ketoisovaleric acid,0.0,0.0,0.5,0.6757161428435308,0.0,0.000999000999000999,0.002733238922886596,False
255,B,IEC,"(3a,5b,7a)-23-Carboxy-7-hydroxy-24-norcholan-3-yl-b-D-Glucopyranosiduronic acid",0.0,0.0,0.5,0.6757161428435308,0.0,0.000999000999000999,0.002733238922886596,False
256,B,IEC,17a-Ethynylestradiol,0.0,0.0,0.5,0.6757161428435308,0.0,0.000999000999000999,0.002733238922886596,False
257,B,IEC,"1b,3a,12a-Trihydroxy-5b-cholanoic acid",0.0,0.0,0.5,0.6757161428435308,0.0,0.000999000999000999,0.002733238922886596,False
258,B,IEC,2-Hydroxychlorpropamide,0.0,0.0,0.5,0.6757161428435308,0.0,0.000999000999000999,0.002733238922886596,False
259,B,IEC,25-Hydroxycholesterol,0.0,0.0,0.5,0.6757161428435308,0.0,0.000999000999000999,0.002733238922886596,False
260,B,IEC,"3',4'-Dihydrodiol",0.0,0.0,0.5,0.6757161428435308,0.0,0.000999000999000999,0.002733238922886596,False
261,B,IEC,3-Sulfodeoxycholic acid,0.0,0.0,0.5,0.6757161428435308,0.0,0.000999000999000999,0.002733238922886596,False
262,B,IEC,"3alpha,7alpha-Dihydroxycoprostanic acid",0.0,0.0,0.5,0.6757161428435308,0.0,0.000999000999000999,0.002733238922886596,False
263,B,IEC,3b-Hydroxy-5-cholenoic acid,0.0,0.0,0.5,0.6757161428435308,0.0,0.000999000999000999,0.002733238922886596,False
264,B,IEC,4'-Hydroxydiclofenac,0.0,0.0,0.5,0.6757161428435308,0.0,0.000999000999000999,0.002733238922886596,False
265,B,IEC,4-Hydroxycyclophosphamide,0.0,0.0,0.5,0.6757161428435308,0.0,0.000999000999000999,0.002733238922886596,False
266,B,IEC,4-ene-Valproic acid,0.0,0.0,0.5,0.6757161428435308,0.0,0.000999000999000999,0.002733238922886596,False
267,B,IEC,5-Hydroxyomeprazole,0.0,0.0,0.5,0.6757161428435308,0.0,0.000999000999000999,0.002733238922886596,False
268,B,IEC,8-Hydroxycarvedilol,0.0,0.0,0.5,0.6757161428435308,0.0,0.000999000999000999,0.002733238922886596,False
269,B,IEC,Acetate,0.0,0.0,0.5,0.6757161428435308,0.0,0.000999000999000999,0.002733238922886596,False
270,B,IEC,Acetyl-L-Carnitine,0.0,0.0,0.5,0.6757161428435308,0.0,0.000999000999000999,0.002733238922886596,False
271,B,IEC,Adenosine diphosphate ribose,0.0,0.0,0.5,0.6757161428435308,0.0,0.000999000999000999,0.002733238922886596,False
272,B,IEC,Adenosine triphosphate,-7.9104133,-1.9776033163070679,0.9760132625678983,0.9797515833948421,10.287825,0.21478521478521478,0.23265007766471515,False
273,B,IEC,Amiloride-sensitive sodium transport,0.0,0.0,0.5,0.6757161428435308,0.0,0.000999000999000999,0.002733238922886596,False
274,B,IEC,Anion exchange,0.0,0.0,0.5,0.6757161428435308,0.0,0.000999000999000999,0.002733238922886596,False
275,B,IEC,Butyrate,0.0,0.0,0.5,0.6757161428435308,0.0,0.000999000999000999,0.002733238922886596,False
276,B,IEC,Chenodeoxycholic acid,0.0,0.0,0.5,0.6757161428435308,0.0,0.000999000999000999,0.002733238922886596,False
277,B,IEC,Chenodeoxycholic acid 3-sulfate,0.0,0.0,0.5,0.6757161428435308,0.0,0.000999000999000999,0.002733238922886596,False
278,B,IEC,Chloride,0.0,0.0,0.5,0.6757161428435308,0.0,0.000999000999000999,0.002733238922886596,False
279,B,IEC,Chloride ion,0.0,0.0,0.5,0.6757161428435308,0.0,0.000999000999000999,0.002733238922886596,False
280,B,IEC,Cholesterol,0.0,0.0,0.5,0.6757161428435308,0.0,0.000999000999000999,0.002733238922886596,False
281,B,IEC,Cholic acid,0.0,0.0,0.5,0.6757161428435308,0.0,0.000999000999000999,0.002733238922886596,False
282,B,IEC,Choline,0.0,0.0,0.5,0.6757161428435308,0.0,0.000999000999000999,0.002733238922886596,False
283,B,IEC,Citric acid,0.0,0.0,0.5,0.6757161428435308,0.0,0.000999000999000999,0.002733238922886596,False
284,B,IEC,Coprocholic acid,0.0,0.0,0.5,0.6757161428435308,0.0,0.000999000999000999,0.002733238922886596,False
285,B,IEC,Cortisol,0.0,0.0,0.5,0.6757161428435308,0.0,0.000999000999000999,0.002733238922886596,False
286,B,IEC,Creatine,0.0,0.0,0.5,0.6757161428435308,0.0,0.000999000999000999,0.002733238922886596,False
287,B,IEC,D-Lactate,0.0,0.0,0.5,0.6757161428435308,0.0,0.000999000999000999,0.002733238922886596,False
288,B,IEC,Deoxycholic acid,0.0,0.0,0.5,0.6757161428435308,0.0,0.000999000999000999,0.002733238922886596,False
289,B,IEC,Dopamine,0.0,0.0,0.5,0.6757161428435308,0.0,0.000999000999000999,0.002733238922886596,False
290,B,IEC,E-3179,0.0,0.0,0.5,0.6757161428435308,0.0,0.000999000999000999,0.002733238922886596,False
291,B,IEC,Estradiol,0.0,0.0,0.5,0.6757161428435308,0.0,0.000999000999000999,0.002733238922886596,False
292,B,IEC,Estriol,0.0,0.0,0.5,0.6757161428435308,0.0,0.000999000999000999,0.002733238922886596,False
293,B,IEC,Fatty acid,-2.4854786,-0.3587479404099153,0.6401081694560155,0.6878927923376903,0.0,0.2707292707292707,0.2888697392514186,False
294,B,IEC,Folic acid,0.0,0.0,0.5,0.6757161428435308,0.0,0.000999000999000999,0.002733238922886596,False
295,B,IEC,Folinic acid,0.0,0.0,0.5,0.6757161428435308,0.0,0.000999000999000999,0.002733238922886596,False
296,B,IEC,Glutathione,0.0,0.0,0.5,0.6757161428435308,0.0,0.000999000999000999,0.002733238922886596,False
297,B,IEC,Glycerol,0.0,0.0,0.5,0.6757161428435308,0.0,0.000999000999000999,0.002733238922886596,False
298,B,IEC,Glycochenodeoxycholate-3-sulfate,0.0,0.0,0.5,0.6757161428435308,0.0,0.000999000999000999,0.002733238922886596,False
299,B,IEC,Glycyl-glycine,0.0,0.0,0.5,0.6757161428435308,0.0,0.000999000999000999,0.002733238922886596,False
300,B,IEC,Histamine,0.0,0.0,0.5,0.6757161428435308,0.0,0.000999000999000999,0.002733238922886596,False
301,B,IEC,Hydroxylansoprazole,0.0,0.0,0.5,0.6757161428435308,0.0,0.000999000999000999,0.002733238922886596,False
302,B,IEC,Hyodeoxycholic acid,0.0,0.0,0.5,0.6757161428435308,0.0,0.000999000999000999,0.002733238922886596,False
303,B,IEC,Iron,-0.20015304,-0.050038259476423264,0.5199540500793252,0.6757161428435308,0.0,0.13286713286713286,0.15110002996461142,False
304,B,IEC,Isoursodeoxycholic acid,0.0,0.0,0.5,0.6757161428435308,0.0,0.000999000999000999,0.002733238922886596,False
305,B,IEC,Ketone bodies,0.0,0.0,0.5,0.6757161428435308,0.0,0.000999000999000999,0.002733238922886596,False
306,B,IEC,L-Arginine,0.17703299,0.044258248060941696,0.48234927613100537,0.6757161428435308,0.0,0.06493506493506493,0.07952522555326293,False
307,B,IEC,L-Carnitine,0.0,0.0,0.5,0.6757161428435308,0.0,0.000999000999000999,0.002733238922886596,False
308,B,IEC,L-Cystine,0.17703299,0.044258248060941696,0.48234927613100537,0.6757161428435308,0.0,0.06493506493506493,0.07952522555326293,False
309,B,IEC,L-Dopa,0.0,0.0,0.5,0.6757161428435308,0.0,0.000999000999000999,0.002733238922886596,False
310,B,IEC,L-Glutamate,0.0,0.0,0.5,0.6757161428435308,0.0,0.000999000999000999,0.002733238922886596,False
311,B,IEC,L-Lactate,0.0,0.0,0.5,0.6757161428435308,0.0,0.000999000999000999,0.002733238922886596,False
312,B,IEC,L-Lysine,0.17703299,0.044258248060941696,0.48234927613100537,0.6757161428435308,0.0,0.06493506493506493,0.07952522555326293,False
313,B,IEC,L-Ornithine,0.17703299,0.044258248060941696,0.48234927613100537,0.6757161428435308,0.0,0.06493506493506493,0.07952522555326293,False
314,B,IEC,Lithocholic acid,0.0,0.0,0.5,0.6757161428435308,0.0,0.000999000999000999,0.002733238922886596,False
315,B,IEC,N-Desmethylcitalopram,0.0,0.0,0.5,0.6757161428435308,0.0,0.000999000999000999,0.002733238922886596,False
316,B,IEC,N-Desmethyleletriptan,0.0,0.0,0.5,0.6757161428435308,0.0,0.000999000999000999,0.002733238922886596,False
317,B,IEC,N-Desmethyltamoxifen,0.0,0.0,0.5,0.6757161428435308,0.0,0.000999000999000999,0.002733238922886596,False
318,B,IEC,N-desmethylimatinib,0.0,0.0,0.5,0.6757161428435308,0.0,0.000999000999000999,0.002733238922886596,False
319,B,IEC,Neurotransmitter,0.0,0.0,0.5,0.6757161428435308,0.0,0.000999000999000999,0.002733238922886596,False
320,B,IEC,Nicotinate,0.0,0.0,0.5,0.6757161428435308,0.0,0.000999000999000999,0.002733238922886596,False
321,B,IEC,Norepinephrine,0.0,0.0,0.5,0.6757161428435308,0.0,0.000999000999000999,0.002733238922886596,False
322,B,IEC,O-Deethylated candesartan,0.0,0.0,0.5,0.6757161428435308,0.0,0.000999000999000999,0.002733238922886596,False
323,B,IEC,O-Desmethylverapamil (D-702),0.0,0.0,0.5,0.6757161428435308,0.0,0.000999000999000999,0.002733238922886596,False
324,B,IEC,Oxalic acid,0.0,0.0,0.5,0.6757161428435308,0.0,0.000999000999000999,0.002733238922886596,False
325,B,IEC,Phosphate,0.0,0.0,0.5,0.6757161428435308,0.0,0.000999000999000999,0.002733238922886596,False
326,B,IEC,Progesterone,0.0,0.0,0.5,0.6757161428435308,0.0,0.000999000999000999,0.002733238922886596,False
327,B,IEC,Pyruvate,0.0,0.0,0.5,0.6757161428435308,0.0,0.000999000999000999,0.002733238922886596,False
328,B,IEC,Sodium,0.0,0.0,0.5,0.6757161428435308,0.0,0.000999000999000999,0.002733238922886596,False
329,B,IEC,Sodium_hydrogen exchange,0.0,0.0,0.5,0.6757161428435308,0.0,0.000999000999000999,0.002733238922886596,False
330,B,IEC,Sulfolithocholic acid,0.0,0.0,0.5,0.6757161428435308,0.0,0.000999000999000999,0.002733238922886596,False
331,B,IEC,Taurocholic acid,0.0,0.0,0.5,0.6757161428435308,0.0,0.000999000999000999,0.002733238922886596,False
332,B,IEC,Testosterone,0.0,0.0,0.5,0.6757161428435308,0.0,0.000999000999000999,0.002733238922886596,False
333,B,IEC,Trihydroxycoprostanoic acid,0.0,0.0,0.5,0.6757161428435308,0.0,0.000999000999000999,0.002733238922886596,False
334,B,IEC,Ursocholic acid,0.0,0.0,0.5,0.6757161428435308,0.0,0.000999000999000999,0.002733238922886596,False
335,B,IEC,Ursodeoxycholic acid,0.0,0.0,0.5,0.6757161428435308,0.0,0.000999000999000999,0.002733238922886596,False
336,B,IEC,Ursodeoxycholic acid 3-sulfate,0.0,0.0,0.5,0.6757161428435308,0.0,0.000999000999000999,0.002733238922886596,False
337,B,IEC,Varanic acid,0.0,0.0,0.5,0.6757161428435308,0.0,0.000999000999000999,0.002733238922886596,False
338,B,IEC,Water,0.0,0.0,0.5,0.6757161428435308,0.0,0.000999000999000999,0.002733238922886596,False
339,B,IEC,alpha-Ketoisovaleric acid,0.0,0.0,0.5,0.6757161428435308,0.0,0.000999000999000999,0.002733238922886596,False
340,B,MAST,"(3a,5b,7a)-23-Carboxy-7-hydroxy-24-norcholan-3-yl-b-D-Glucopyranosiduronic acid",0.0,0.0,0.5,0.6757161428435308,0.0,0.000999000999000999,0.002733238922886596,False
341,B,MAST,17a-Ethynylestradiol,0.0,0.0,0.5,0.6757161428435308,0.0,0.000999000999000999,0.002733238922886596,False
342,B,MAST,"1b,3a,12a-Trihydroxy-5b-cholanoic acid",0.0,0.0,0.5,0.6757161428435308,0.0,0.000999000999000999,0.002733238922886596,False
343,B,MAST,2-Hydroxychlorpropamide,0.0,0.0,0.5,0.6757161428435308,0.0,0.000999000999000999,0.002733238922886596,False
344,B,MAST,25-Hydroxycholesterol,0.0,0.0,0.5,0.6757161428435308,0.0,0.000999000999000999,0.002733238922886596,False
345,B,MAST,"3',4'-Dihydrodiol",0.0,0.0,0.5,0.6757161428435308,0.0,0.000999000999000999,0.002733238922886596,False
346,B,MAST,3-Sulfodeoxycholic acid,0.0,0.0,0.5,0.6757161428435308,0.0,0.000999000999000999,0.002733238922886596,False
347,B,MAST,"3alpha,7alpha-Dihydroxycoprostanic acid",0.0,0.0,0.5,0.6757161428435308,0.0,0.000999000999000999,0.002733238922886596,False
348,B,MAST,3b-Hydroxy-5-cholenoic acid,0.0,0.0,0.5,0.6757161428435308,0.0,0.000999000999000999,0.002733238922886596,False
349,B,MAST,4'-Hydroxydiclofenac,0.0,0.0,0.5,0.6757161428435308,0.0,0.000999000999000999,0.002733238922886596,False
350,B,MAST,4-Hydroxycyclophosphamide,0.0,0.0,0.5,0.6757161428435308,0.0,0.000999000999000999,0.002733238922886596,False
351,B,MAST,4-ene-Valproic acid,0.0,0.0,0.5,0.6757161428435308,0.0,0.000999000999000999,0.002733238922886596,False
352,B,MAST,5-Hydroxyomeprazole,0.0,0.0,0.5,0.6757161428435308,0.0,0.000999000999000999,0.002733238922886596,False
353,B,MAST,8-Hydroxycarvedilol,0.0,0.0,0.5,0.6757161428435308,0.0,0.000999000999000999,0.002733238922886596,False
354,B,MAST,Acetate,0.0,0.0,0.5,0.6757161428435308,0.0,0.000999000999000999,0.002733238922886596,False
355,B,MAST,Acetyl-L-Carnitine,0.0,0.0,0.5,0.6757161428435308,0.0,0.000999000999000999,0.002733238922886596,False
356,B,MAST,Adenosine diphosphate ribose,0.0,0.0,0.5,0.6757161428435308,0.0,0.000999000999000999,0.002733238922886596,False
357,B,MAST,Adenosine triphosphate,0.04084185,0.04084185138344765,0.48371098729891243,0.6757161428435308,0.0,0.004995004995004995,0.010650366582569973,False
358,B,MAST,Amiloride-sensitive sodium transport,0.0,0.0,0.5,0.6757161428435308,0.0,0.000999000999000999,0.002733238922886596,False
359,B,MAST,Anion exchange,0.0,0.0,0.5,0.6757161428435308,0.0,0.000999000999000999,0.002733238922886596,False
360,B,MAST,Butyrate,0.0,0.0,0.5,0.6757161428435308,0.0,0.000999000999000999,0.002733238922886596,False
361,B,MAST,Chenodeoxycholic acid,0.0,0.0,0.5,0.6757161428435308,0.0,0.000999000999000999,0.002733238922886596,False
362,B,MAST,Chenodeoxycholic acid 3-sulfate,0.0,0.0,0.5,0.6757161428435308,0.0,0.000999000999000999,0.002733238922886596,False
363,B,MAST,Chloride,0.0,0.0,0.5,0.6757161428435308,0.0,0.000999000999000999,0.002733238922886596,False
364,B,MAST,Chloride ion,0.0,0.0,0.5,0.6757161428435308,0.0,0.000999000999000999,0.002733238922886596,False
365,B,MAST,Cholesterol,0.0,0.0,0.5,0.6757161428435308,0.0,0.000999000999000999,0.002733238922886596,False
366,B,MAST,Cholic acid,0.0,0.0,0.5,0.6757161428435308,0.0,0.000999000999000999,0.002733238922886596,False
367,B,MAST,Choline,0.0,0.0,0.5,0.6757161428435308,0.0,0.000999000999000999,0.002733238922886596,False
368,B,MAST,Citric acid,0.0,0.0,0.5,0.6757161428435308,0.0,0.000999000999000999,0.002733238922886596,False
369,B,MAST,Coprocholic acid,0.0,0.0,0.5,0.6757161428435308,0.0,0.000999000999000999,0.002733238922886596,False
370,B,MAST,Cortisol,0.0,0.0,0.5,0.6757161428435308,0.0,0.000999000999000999,0.002733238922886596,False
371,B,MAST,Creatine,0.0,0.0,0.5,0.6757161428435308,0.0,0.000999000999000999,0.002733238922886596,False
372,B,MAST,D-Lactate,0.0,0.0,0.5,0.6757161428435308,0.0,0.000999000999000999,0.002733238922886596,False
373,B,MAST,Deoxycholic acid,0.0,0.0,0.5,0.6757161428435308,0.0,0.000999000999000999,0.002733238922886596,False
374,B,MAST,Dopamine,0.0,0.0,0.5,0.6757161428435308,0.0,0.000999000999000999,0.002733238922886596,False
375,B,MAST,E-3179,0.0,0.0,0.5,0.6757161428435308,0.0,0.000999000999000999,0.002733238922886596,False
376,B,MAST,Estradiol,0.0,0.0,0.5,0.6757161428435308,0.0,0.000999000999000999,0.002733238922886596,False
377,B,MAST,Estriol,0.0,0.0,0.5,0.6757161428435308,0.0,0.000999000999000999,0.002733238922886596,False
378,B,MAST,Fatty acid,0.06457663,0.03728333660442419,0.4851295458593367,0.6757161428435308,0.0,0.006993006993006993,0.013630621005892154,False
379,B,MAST,Folic acid,0.0,0.0,0.5,0.6757161428435308,0.0,0.000999000999000999,0.002733238922886596,False
380,B,MAST,Folinic acid,0.0,0.0,0.5,0.6757161428435308,0.0,0.000999000999000999,0.002733238922886596,False
381,B,MAST,Glutathione,0.0,0.0,0.5,0.6757161428435308,0.0,0.000999000999000999,0.002733238922886596,False
382,B,MAST,Glycerol,0.0,0.0,0.5,0.6757161428435308,0.0,0.000999000999000999,0.002733238922886596,False
383,B,MAST,Glycochenodeoxycholate-3-sulfate,0.0,0.0,0.5,0.6757161428435308,0.0,0.000999000999000999,0.002733238922886596,False
384,B,MAST,Glycyl-glycine,0.0,0.0,0.5,0.6757161428435308,0.0,0.000999000999000999,0.002733238922886596,False
385,B,MAST,Histamine,0.0,0.0,0.5,0.6757161428435308,0.0,0.000999000999000999,0.002733238922886596,False
386,B,MAST,Hydroxylansoprazole,0.0,0.0,0.5,0.6757161428435308,0.0,0.000999000999000999,0.002733238922886596,False
387,B,MAST,Hyodeoxycholic acid,0.0,0.0,0.5,0.6757161428435308,0.0,0.000999000999000999,0.002733238922886596,False
388,B,MAST,Iron,-0.64743024,-0.6474302411079407,0.7413232354695303,0.7626632566410444,0.0,0.00999000999000999,0.017922750381392707,False
389,B,MAST,Isoursodeoxycholic acid,0.0,0.0,0.5,0.6757161428435308,0.0,0.000999000999000999,0.002733238922886596,False
390,B,MAST,Ketone bodies,0.0,0.0,0.5,0.6757161428435308,0.0,0.000999000999000999,0.002733238922886596,False
391,B,MAST,L-Arginine,0.02887955,0.028879549354314804,0.4884803280347515,0.6757161428435308,0.0,0.003996003996003996,0.008992796112653,False
392,B,MAST,L-Carnitine,0.0,0.0,0.5,0.6757161428435308,0.0,0.000999000999000999,0.002733238922886596,False
393,B,MAST,L-Cystine,0.02887955,0.028879549354314804,0.4884803280347515,0.6757161428435308,0.0,0.003996003996003996,0.008992796112653,False
394,B,MAST,L-Dopa,0.0,0.0,0.5,0.6757161428435308,0.0,0.000999000999000999,0.002733238922886596,False
395,B,MAST,L-Glutamate,0.0,0.0,0.5,0.6757161428435308,0.0,0.000999000999000999,0.002733238922886596,False
396,B,MAST,L-Lactate,0.0,0.0,0.5,0.6757161428435308,0.0,0.000999000999000999,0.002733238922886596,False
397,B,MAST,L-Lysine,0.02887955,0.028879549354314804,0.4884803280347515,0.6757161428435308,0.0,0.003996003996003996,0.008992796112653,False
398,B,MAST,L-Ornithine,0.02887955,0.028879549354314804,0.4884803280347515,0.6757161428435308,0.0,0.003996003996003996,0.008992796112653,False
399,B,MAST,Lithocholic acid,0.0,0.0,0.5,0.6757161428435308,0.0,0.000999000999000999,0.002733238922886596,False
400,B,MAST,N-Desmethylcitalopram,0.0,0.0,0.5,0.6757161428435308,0.0,0.000999000999000999,0.002733238922886596,False
401,B,MAST,N-Desmethyleletriptan,0.0,0.0,0.5,0.6757161428435308,0.0,0.000999000999000999,0.002733238922886596,False
402,B,MAST,N-Desmethyltamoxifen,0.0,0.0,0.5,0.6757161428435308,0.0,0.000999000999000999,0.002733238922886596,False
403,B,MAST,N-desmethylimatinib,0.0,0.0,0.5,0.6757161428435308,0.0,0.000999000999000999,0.002733238922886596,False
404,B,MAST,Neurotransmitter,0.0,0.0,0.5,0.6757161428435308,0.0,0.000999000999000999,0.002733238922886596,False
405,B,MAST,Nicotinate,0.0,0.0,0.5,0.6757161428435308,0.0,0.000999000999000999,0.002733238922886596,False
406,B,MAST,Norepinephrine,0.0,0.0,0.5,0.6757161428435308,0.0,0.000999000999000999,0.002733238922886596,False
407,B,MAST,O-Deethylated candesartan,0.0,0.0,0.5,0.6757161428435308,0.0,0.000999000999000999,0.002733238922886596,False
408,B,MAST,O-Desmethylverapamil (D-702),0.0,0.0,0.5,0.6757161428435308,0.0,0.000999000999000999,0.002733238922886596,False
409,B,MAST,Oxalic acid,0.0,0.0,0.5,0.6757161428435308,0.0,0.000999000999000999,0.002733238922886596,False
410,B,MAST,Phosphate,0.0,0.0,0.5,0.6757161428435308,0.0,0.000999000999000999,0.002733238922886596,False
411,B,MAST,Progesterone,0.0,0.0,0.5,0.6757161428435308,0.0,0.000999000999000999,0.002733238922886596,False
412,B,MAST,Pyruvate,0.0,0.0,0.5,0.6757161428435308,0.0,0.000999000999000999,0.002733238922886596,False
413,B,MAST,Sodium,0.0,0.0,0.5,0.6757161428435308,0.0,0.000999000999000999,0.002733238922886596,False
414,B,MAST,Sodium_hydrogen exchange,0.0,0.0,0.5,0.6757161428435308,0.0,0.000999000999000999,0.002733238922886596,False
415,B,MAST,Sulfolithocholic acid,0.0,0.0,0.5,0.6757161428435308,0.0,0.000999000999000999,0.002733238922886596,False
416,B,MAST,Taurocholic acid,0.0,0.0,0.5,0.6757161428435308,0.0,0.000999000999000999,0.002733238922886596,False
417,B,MAST,Testosterone,0.0,0.0,0.5,0.6757161428435308,0.0,0.000999000999000999,0.002733238922886596,False
418,B,MAST,Trihydroxycoprostanoic acid,0.0,0.0,0.5,0.6757161428435308,0.0,0.000999000999000999,0.002733238922886596,False
419,B,MAST,Ursocholic acid,0.0,0.0,0.5,0.6757161428435308,0.0,0.000999000999000999,0.002733238922886596,False
420,B,MAST,Ursodeoxycholic acid,0.0,0.0,0.5,0.6757161428435308,0.0,0.000999000999000999,0.002733238922886596,False
421,B,MAST,Ursodeoxycholic acid 3-sulfate,0.0,0.0,0.5,0.6757161428435308,0.0,0.000999000999000999,0.002733238922886596,False
422,B,MAST,Varanic acid,0.0,0.0,0.5,0.6757161428435308,0.0,0.000999000999000999,0.002733238922886596,False
423,B,MAST,Water,0.0,0.0,0.5,0.6757161428435308,0.0,0.000999000999000999,0.002733238922886596,False
424,B,MAST,alpha-Ketoisovaleric acid,0.0,0.0,0.5,0.6757161428435308,0.0,0.000999000999000999,0.002733238922886596,False
425,B,MNP,"(3a,5b,7a)-23-Carboxy-7-hydroxy-24-norcholan-3-yl-b-D-Glucopyranosiduronic acid",0.0,0.0,0.5,0.6757161428435308,0.0,0.000999000999000999,0.002733238922886596,False
426,B,MNP,17a-Ethynylestradiol,0.0,0.0,0.5,0.6757161428435308,0.0,0.000999000999000999,0.002733238922886596,False
427,B,MNP,"1b,3a,12a-Trihydroxy-5b-cholanoic acid",0.0,0.0,0.5,0.6757161428435308,0.0,0.000999000999000999,0.002733238922886596,False
428,B,MNP,2-Hydroxychlorpropamide,0.0,0.0,0.5,0.6757161428435308,0.0,0.000999000999000999,0.002733238922886596,False
429,B,MNP,25-Hydroxycholesterol,0.0,0.0,0.5,0.6757161428435308,0.0,0.000999000999000999,0.002733238922886596,False
430,B,MNP,"3',4'-Dihydrodiol",0.0,0.0,0.5,0.6757161428435308,0.0,0.000999000999000999,0.002733238922886596,False
431,B,MNP,3-Sulfodeoxycholic acid,0.0,0.0,0.5,0.6757161428435308,0.0,0.000999000999000999,0.002733238922886596,False
432,B,MNP,"3alpha,7alpha-Dihydroxycoprostanic acid",0.0,0.0,0.5,0.6757161428435308,0.0,0.000999000999000999,0.002733238922886596,False
433,B,MNP,3b-Hydroxy-5-cholenoic acid,0.0,0.0,0.5,0.6757161428435308,0.0,0.000999000999000999,0.002733238922886596,False
434,B,MNP,4'-Hydroxydiclofenac,0.0,0.0,0.5,0.6757161428435308,0.0,0.000999000999000999,0.002733238922886596,False
435,B,MNP,4-Hydroxycyclophosphamide,0.0,0.0,0.5,0.6757161428435308,0.0,0.000999000999000999,0.002733238922886596,False
436,B,MNP,4-ene-Valproic acid,0.0,0.0,0.5,0.6757161428435308,0.0,0.000999000999000999,0.002733238922886596,False
437,B,MNP,5-Hydroxyomeprazole,0.0,0.0,0.5,0.6757161428435308,0.0,0.000999000999000999,0.002733238922886596,False
438,B,MNP,8-Hydroxycarvedilol,0.0,0.0,0.5,0.6757161428435308,0.0,0.000999000999000999,0.002733238922886596,False
439,B,MNP,Acetate,0.0,0.0,0.5,0.6757161428435308,0.0,0.000999000999000999,0.002733238922886596,False
440,B,MNP,Acetyl-L-Carnitine,0.0,0.0,0.5,0.6757161428435308,0.0,0.000999000999000999,0.002733238922886596,False
441,B,MNP,Adenosine diphosphate ribose,0.0,0.0,0.5,0.6757161428435308,0.0,0.000999000999000999,0.002733238922886596,False
442,B,MNP,Adenosine triphosphate,0.1487959,0.14879590272903442,0.4408573418985417,0.6757161428435308,0.0,0.01098901098901099,0.01912057513717265,False
443,B,MNP,Amiloride-sensitive sodium transport,0.0,0.0,0.5,0.6757161428435308,0.0,0.000999000999000999,0.002733238922886596,False
444,B,MNP,Anion exchange,0.0,0.0,0.5,0.6757161428435308,0.0,0.000999000999000999,0.002733238922886596,False
445,B,MNP,Butyrate,0.0,0.0,0.5,0.6757161428435308,0.0,0.000999000999000999,0.002733238922886596,False
446,B,MNP,Chenodeoxycholic acid,0.0,0.0,0.5,0.6757161428435308,0.0,0.000999000999000999,0.002733238922886596,False
447,B,MNP,Chenodeoxycholic acid 3-sulfate,0.0,0.0,0.5,0.6757161428435308,0.0,0.000999000999000999,0.002733238922886596,False
448,B,MNP,Chloride,0.0,0.0,0.5,0.6757161428435308,0.0,0.000999000999000999,0.002733238922886596,False
449,B,MNP,Chloride ion,0.0,0.0,0.5,0.6757161428435308,0.0,0.000999000999000999,0.002733238922886596,False
450,B,MNP,Cholesterol,0.0,0.0,0.5,0.6757161428435308,0.0,0.000999000999000999,0.002733238922886596,False
451,B,MNP,Cholic acid,0.0,0.0,0.5,0.6757161428435308,0.0,0.000999000999000999,0.002733238922886596,False
452,B,MNP,Choline,0.0,0.0,0.5,0.6757161428435308,0.0,0.000999000999000999,0.002733238922886596,False
453,B,MNP,Citric acid,0.0,0.0,0.5,0.6757161428435308,0.0,0.000999000999000999,0.002733238922886596,False
454,B,MNP,Coprocholic acid,0.0,0.0,0.5,0.6757161428435308,0.0,0.000999000999000999,0.002733238922886596,False
455,B,MNP,Cortisol,0.0,0.0,0.5,0.6757161428435308,0.0,0.000999000999000999,0.002733238922886596,False
456,B,MNP,Creatine,0.0,0.0,0.5,0.6757161428435308,0.0,0.000999000999000999,0.002733238922886596,False
457,B,MNP,D-Lactate,0.0,0.0,0.5,0.6757161428435308,0.0,0.000999000999000999,0.002733238922886596,False
458,B,MNP,Deoxycholic acid,0.0,0.0,0.5,0.6757161428435308,0.0,0.000999000999000999,0.002733238922886596,False
459,B,MNP,Dopamine,0.0,0.0,0.5,0.6757161428435308,0.0,0.000999000999000999,0.002733238922886596,False
460,B,MNP,E-3179,0.0,0.0,0.5,0.6757161428435308,0.0,0.000999000999000999,0.002733238922886596,False
461,B,MNP,Estradiol,0.0,0.0,0.5,0.6757161428435308,0.0,0.000999000999000999,0.002733238922886596,False
462,B,MNP,Estriol,0.0,0.0,0.5,0.6757161428435308,0.0,0.000999000999000999,0.002733238922886596,False
463,B,MNP,Fatty acid,0.15353142,0.08864140507871786,0.4646834505436111,0.6757161428435308,0.0,0.005994005994005994,0.012076328540133793,False
464,B,MNP,Folic acid,0.0,0.0,0.5,0.6757161428435308,0.0,0.000999000999000999,0.002733238922886596,False
465,B,MNP,Folinic acid,0.0,0.0,0.5,0.6757161428435308,0.0,0.000999000999000999,0.002733238922886596,False
466,B,MNP,Glutathione,0.0,0.0,0.5,0.6757161428435308,0.0,0.000999000999000999,0.002733238922886596,False
467,B,MNP,Glycerol,0.0,0.0,0.5,0.6757161428435308,0.0,0.000999000999000999,0.002733238922886596,False
468,B,MNP,Glycochenodeoxycholate-3-sulfate,0.0,0.0,0.5,0.6757161428435308,0.0,0.000999000999000999,0.002733238922886596,False
469,B,MNP,Glycyl-glycine,0.0,0.0,0.5,0.6757161428435308,0.0,0.000999000999000999,0.002733238922886596,False
470,B,MNP,Histamine,0.0,0.0,0.5,0.6757161428435308,0.0,0.000999000999000999,0.002733238922886596,False
471,B,MNP,Hydroxylansoprazole,0.0,0.0,0.5,0.6757161428435308,0.0,0.000999000999000999,0.002733238922886596,False
472,B,MNP,Hyodeoxycholic acid,0.0,0.0,0.5,0.6757161428435308,0.0,0.000999000999000999,0.002733238922886596,False
473,B,MNP,Iron,0.48073244,0.48073244094848633,0.3153533357275257,0.6757161428435308,0.0,0.059940059940059943,0.07418791362120761,False
474,B,MNP,Isoursodeoxycholic acid,0.0,0.0,0.5,0.6757161428435308,0.0,0.000999000999000999,0.002733238922886596,False
475,B,MNP,Ketone bodies,0.0,0.0,0.5,0.6757161428435308,0.0,0.000999000999000999,0.002733238922886596,False
476,B,MNP,L-Arginine,-0.08459572,-0.08459571748971939,0.5337085980935093,0.6757161428435308,0.0,0.000999000999000999,0.002733238922886596,False
477,B,MNP,L-Carnitine,0.0,0.0,0.5,0.6757161428435308,0.0,0.000999000999000999,0.002733238922886596,False
478,B,MNP,L-Cystine,-0.08459572,-0.08459571748971939,0.5337085980935093,0.6757161428435308,0.0,0.000999000999000999,0.002733238922886596,False
479,B,MNP,L-Dopa,0.0,0.0,0.5,0.6757161428435308,0.0,0.000999000999000999,0.002733238922886596,False
480,B,MNP,L-Glutamate,0.0,0.0,0.5,0.6757161428435308,0.0,0.000999000999000999,0.002733238922886596,False
481,B,MNP,L-Lactate,0.0,0.0,0.5,0.6757161428435308,0.0,0.000999000999000999,0.002733238922886596,False
482,B,MNP,L-Lysine,-0.08459572,-0.08459571748971939,0.5337085980935093,0.6757161428435308,0.0,0.000999000999000999,0.002733238922886596,False
483,B,MNP,L-Ornithine,-0.08459572,-0.08459571748971939,0.5337085980935093,0.6757161428435308,0.0,0.000999000999000999,0.002733238922886596,False
484,B,MNP,Lithocholic acid,0.0,0.0,0.5,0.6757161428435308,0.0,0.000999000999000999,0.002733238922886596,False
485,B,MNP,N-Desmethylcitalopram,0.0,0.0,0.5,0.6757161428435308,0.0,0.000999000999000999,0.002733238922886596,False
486,B,MNP,N-Desmethyleletriptan,0.0,0.0,0.5,0.6757161428435308,0.0,0.000999000999000999,0.002733238922886596,False
487,B,MNP,N-Desmethyltamoxifen,0.0,0.0,0.5,0.6757161428435308,0.0,0.000999000999000999,0.002733238922886596,False
488,B,MNP,N-desmethylimatinib,0.0,0.0,0.5,0.6757161428435308,0.0,0.000999000999000999,0.002733238922886596,False
489,B,MNP,Neurotransmitter,0.0,0.0,0.5,0.6757161428435308,0.0,0.000999000999000999,0.002733238922886596,False
490,B,MNP,Nicotinate,0.0,0.0,0.5,0.6757161428435308,0.0,0.000999000999000999,0.002733238922886596,False
491,B,MNP,Norepinephrine,0.0,0.0,0.5,0.6757161428435308,0.0,0.000999000999000999,0.002733238922886596,False
492,B,MNP,O-Deethylated candesartan,0.0,0.0,0.5,0.6757161428435308,0.0,0.000999000999000999,0.002733238922886596,False
493,B,MNP,O-Desmethylverapamil (D-702),0.0,0.0,0.5,0.6757161428435308,0.0,0.000999000999000999,0.002733238922886596,False
494,B,MNP,Oxalic acid,0.0,0.0,0.5,0.6757161428435308,0.0,0.000999000999000999,0.002733238922886596,False
495,B,MNP,Phosphate,0.0,0.0,0.5,0.6757161428435308,0.0,0.000999000999000999,0.002733238922886596,False
496,B,MNP,Progesterone,0.0,0.0,0.5,0.6757161428435308,0.0,0.000999000999000999,0.002733238922886596,False
497,B,MNP,Pyruvate,0.0,0.0,0.5,0.6757161428435308,0.0,0.000999000999000999,0.002733238922886596,False
498,B,MNP,Sodium,0.0,0.0,0.5,0.6757161428435308,0.0,0.000999000999000999,0.002733238922886596,False
499,B,MNP,Sodium_hydrogen exchange,0.0,0.0,0.5,0.6757161428435308,0.0,0.000999000999000999,0.002733238922886596,False
500,B,MNP,Sulfolithocholic acid,0.0,0.0,0.5,0.6757161428435308,0.0,0.000999000999000999,0.002733238922886596,False
501,B,MNP,Taurocholic acid,0.0,0.0,0.5,0.6757161428435308,0.0,0.000999000999000999,0.002733238922886596,False
502,B,MNP,Testosterone,0.0,0.0,0.5,0.6757161428435308,0.0,0.000999000999000999,0.002733238922886596,False
503,B,MNP,Trihydroxycoprostanoic acid,0.0,0.0,0.5,0.6757161428435308,0.0,0.000999000999000999,0.002733238922886596,False
504,B,MNP,Ursocholic acid,0.0,0.0,0.5,0.6757161428435308,0.0,0.000999000999000999,0.002733238922886596,False
505,B,MNP,Ursodeoxycholic acid,0.0,0.0,0.5,0.6757161428435308,0.0,0.000999000999000999,0.002733238922886596,False
506,B,MNP,Ursodeoxycholic acid 3-sulfate,0.0,0.0,0.5,0.6757161428435308,0.0,0.000999000999000999,0.002733238922886596,False
507,B,MNP,Varanic acid,0.0,0.0,0.5,0.6757161428435308,0.0,0.000999000999000999,0.002733238922886596,False
508,B,MNP,Water,0.0,0.0,0.5,0.6757161428435308,0.0,0.000999000999000999,0.002733238922886596,False
509,B,MNP,alpha-Ketoisovaleric acid,0.0,0.0,0.5,0.6757161428435308,0.0,0.000999000999000999,0.002733238922886596,False
510,B,Plasma,"(3a,5b,7a)-23-Carboxy-7-hydroxy-24-norcholan-3-yl-b-D-Glucopyranosiduronic acid",0.0,0.0,0.5,0.6757161428435308,0.0,0.000999000999000999,0.002733238922886596,False
511,B,Plasma,17a-Ethynylestradiol,0.0,0.0,0.5,0.6757161428435308,0.0,0.000999000999000999,0.002733238922886596,False
512,B,Plasma,"1b,3a,12a-Trihydroxy-5b-cholanoic acid",0.0,0.0,0.5,0.6757161428435308,0.0,0.000999000999000999,0.002733238922886596,False
513,B,Plasma,2-Hydroxychlorpropamide,0.0,0.0,0.5,0.6757161428435308,0.0,0.000999000999000999,0.002733238922886596,False
514,B,Plasma,25-Hydroxycholesterol,0.0,0.0,0.5,0.6757161428435308,0.0,0.000999000999000999,0.002733238922886596,False
515,B,Plasma,"3',4'-Dihydrodiol",0.0,0.0,0.5,0.6757161428435308,0.0,0.000999000999000999,0.002733238922886596,False
516,B,Plasma,3-Sulfodeoxycholic acid,0.0,0.0,0.5,0.6757161428435308,0.0,0.000999000999000999,0.002733238922886596,False
517,B,Plasma,"3alpha,7alpha-Dihydroxycoprostanic acid",0.0,0.0,0.5,0.6757161428435308,0.0,0.000999000999000999,0.002733238922886596,False
518,B,Plasma,3b-Hydroxy-5-cholenoic acid,0.0,0.0,0.5,0.6757161428435308,0.0,0.000999000999000999,0.002733238922886596,False
519,B,Plasma,4'-Hydroxydiclofenac,0.0,0.0,0.5,0.6757161428435308,0.0,0.000999000999000999,0.002733238922886596,False
520,B,Plasma,4-Hydroxycyclophosphamide,0.0,0.0,0.5,0.6757161428435308,0.0,0.000999000999000999,0.002733238922886596,False
521,B,Plasma,4-ene-Valproic acid,0.0,0.0,0.5,0.6757161428435308,0.0,0.000999000999000999,0.002733238922886596,False
522,B,Plasma,5-Hydroxyomeprazole,0.0,0.0,0.5,0.6757161428435308,0.0,0.000999000999000999,0.002733238922886596,False
523,B,Plasma,8-Hydroxycarvedilol,0.0,0.0,0.5,0.6757161428435308,0.0,0.000999000999000999,0.002733238922886596,False
524,B,Plasma,Acetate,0.0,0.0,0.5,0.6757161428435308,0.0,0.000999000999000999,0.002733238922886596,False
525,B,Plasma,Acetyl-L-Carnitine,0.0,0.0,0.5,0.6757161428435308,0.0,0.000999000999000999,0.002733238922886596,False
526,B,Plasma,Adenosine diphosphate ribose,0.0,0.0,0.5,0.6757161428435308,0.0,0.000999000999000999,0.002733238922886596,False
527,B,Plasma,Adenosine triphosphate,0.2808347,0.1146502880711945,0.4543611591820357,0.6757161428435308,0.0,0.04695304695304695,0.06060633394924386,False
528,B,Plasma,Amiloride-sensitive sodium transport,0.0,0.0,0.5,0.6757161428435308,0.0,0.000999000999000999,0.002733238922886596,False
529,B,Plasma,Anion exchange,0.0,0.0,0.5,0.6757161428435308,0.0,0.000999000999000999,0.002733238922886596,False
530,B,Plasma,Butyrate,0.0,0.0,0.5,0.6757161428435308,0.0,0.000999000999000999,0.002733238922886596,False
531,B,Plasma,Chenodeoxycholic acid,0.0,0.0,0.5,0.6757161428435308,0.0,0.000999000999000999,0.002733238922886596,False
532,B,Plasma,Chenodeoxycholic acid 3-sulfate,0.0,0.0,0.5,0.6757161428435308,0.0,0.000999000999000999,0.002733238922886596,False
533,B,Plasma,Chloride,0.0,0.0,0.5,0.6757161428435308,0.0,0.000999000999000999,0.002733238922886596,False
534,B,Plasma,Chloride ion,0.0,0.0,0.5,0.6757161428435308,0.0,0.000999000999000999,0.002733238922886596,False
535,B,Plasma,Cholesterol,0.0,0.0,0.5,0.6757161428435308,0.0,0.000999000999000999,0.002733238922886596,False
536,B,Plasma,Cholic acid,0.0,0.0,0.5,0.6757161428435308,0.0,0.000999000999000999,0.002733238922886596,False
537,B,Plasma,Choline,0.0,0.0,0.5,0.6757161428435308,0.0,0.000999000999000999,0.002733238922886596,False
538,B,Plasma,Citric acid,0.0,0.0,0.5,0.6757161428435308,0.0,0.000999000999000999,0.002733238922886596,False
539,B,Plasma,Coprocholic acid,0.0,0.0,0.5,0.6757161428435308,0.0,0.000999000999000999,0.002733238922886596,False
540,B,Plasma,Cortisol,0.0,0.0,0.5,0.6757161428435308,0.0,0.000999000999000999,0.002733238922886596,False
541,B,Plasma,Creatine,0.0,0.0,0.5,0.6757161428435308,0.0,0.000999000999000999,0.002733238922886596,False
542,B,Plasma,D-Lactate,0.0,0.0,0.5,0.6757161428435308,0.0,0.000999000999000999,0.002733238922886596,False
543,B,Plasma,Deoxycholic acid,0.0,0.0,0.5,0.6757161428435308,0.0,0.000999000999000999,0.002733238922886596,False
544,B,Plasma,Dopamine,0.0,0.0,0.5,0.6757161428435308,0.0,0.000999000999000999,0.002733238922886596,False
545,B,Plasma,E-3179,0.0,0.0,0.5,0.6757161428435308,0.0,0.000999000999000999,0.002733238922886596,False
546,B,Plasma,Estradiol,0.0,0.0,0.5,0.6757161428435308,0.0,0.000999000999000999,0.002733238922886596,False
547,B,Plasma,Estriol,0.0,0.0,0.5,0.6757161428435308,0.0,0.000999000999000999,0.002733238922886596,False
548,B,Plasma,Fatty acid,-1.1434817,-0.2695212288154453,0.6062356959031925,0.679830913543959,0.0,0.03196803196803197,0.044261263719771314,False
549,B,Plasma,Folic acid,0.0,0.0,0.5,0.6757161428435308,0.0,0.000999000999000999,0.002733238922886596,False
550,B,Plasma,Folinic acid,0.0,0.0,0.5,0.6757161428435308,0.0,0.000999000999000999,0.002733238922886596,False
551,B,Plasma,Glutathione,0.0,0.0,0.5,0.6757161428435308,0.0,0.000999000999000999,0.002733238922886596,False
552,B,Plasma,Glycerol,0.0,0.0,0.5,0.6757161428435308,0.0,0.000999000999000999,0.002733238922886596,False
553,B,Plasma,Glycochenodeoxycholate-3-sulfate,0.0,0.0,0.5,0.6757161428435308,0.0,0.000999000999000999,0.002733238922886596,False
554,B,Plasma,Glycyl-glycine,0.0,0.0,0.5,0.6757161428435308,0.0,0.000999000999000999,0.002733238922886596,False
555,B,Plasma,Histamine,0.0,0.0,0.5,0.6757161428435308,0.0,0.000999000999000999,0.002733238922886596,False
556,B,Plasma,Hydroxylansoprazole,0.0,0.0,0.5,0.6757161428435308,0.0,0.000999000999000999,0.002733238922886596,False
557,B,Plasma,Hyodeoxycholic acid,0.0,0.0,0.5,0.6757161428435308,0.0,0.000999000999000999,0.002733238922886596,False
558,B,Plasma,Iron,0.2811576,0.11478211477674494,0.45430891284488706,0.6757161428435308,0.0,0.04495504495504495,0.058374738391253664,False
559,B,Plasma,Isoursodeoxycholic acid,0.0,0.0,0.5,0.6757161428435308,0.0,0.000999000999000999,0.002733238922886596,False
560,B,Plasma,Ketone bodies,0.0,0.0,0.5,0.6757161428435308,0.0,0.000999000999000999,0.002733238922886596,False
561,B,Plasma,L-Arginine,0.087157995,0.03558210225845321,0.48580778980648365,0.6757161428435308,0.0,0.008991008991008992,0.016702140151638085,False
562,B,Plasma,L-Carnitine,0.0,0.0,0.5,0.6757161428435308,0.0,0.000999000999000999,0.002733238922886596,False
563,B,Plasma,L-Cystine,0.087157995,0.03558210225845321,0.48580778980648365,0.6757161428435308,0.0,0.008991008991008992,0.016702140151638085,False
564,B,Plasma,L-Dopa,0.0,0.0,0.5,0.6757161428435308,0.0,0.000999000999000999,0.002733238922886596,False
565,B,Plasma,L-Glutamate,0.0,0.0,0.5,0.6757161428435308,0.0,0.000999000999000999,0.002733238922886596,False
566,B,Plasma,L-Lactate,0.0,0.0,0.5,0.6757161428435308,0.0,0.000999000999000999,0.002733238922886596,False
567,B,Plasma,L-Lysine,0.087157995,0.03558210225845321,0.48580778980648365,0.6757161428435308,0.0,0.008991008991008992,0.016702140151638085,False
568,B,Plasma,L-Ornithine,0.087157995,0.03558210225845321,0.48580778980648365,0.6757161428435308,0.0,0.008991008991008992,0.016702140151638085,False
569,B,Plasma,Lithocholic acid,0.0,0.0,0.5,0.6757161428435308,0.0,0.000999000999000999,0.002733238922886596,False
570,B,Plasma,N-Desmethylcitalopram,0.0,0.0,0.5,0.6757161428435308,0.0,0.000999000999000999,0.002733238922886596,False
571,B,Plasma,N-Desmethyleletriptan,0.0,0.0,0.5,0.6757161428435308,0.0,0.000999000999000999,0.002733238922886596,False
572,B,Plasma,N-Desmethyltamoxifen,0.0,0.0,0.5,0.6757161428435308,0.0,0.000999000999000999,0.002733238922886596,False
573,B,Plasma,N-desmethylimatinib,0.0,0.0,0.5,0.6757161428435308,0.0,0.000999000999000999,0.002733238922886596,False
574,B,Plasma,Neurotransmitter,0.0,0.0,0.5,0.6757161428435308,0.0,0.000999000999000999,0.002733238922886596,False
575,B,Plasma,Nicotinate,0.0,0.0,0.5,0.6757161428435308,0.0,0.000999000999000999,0.002733238922886596,False
576,B,Plasma,Norepinephrine,0.0,0.0,0.5,0.6757161428435308,0.0,0.000999000999000999,0.002733238922886596,False
577,B,Plasma,O-Deethylated candesartan,0.0,0.0,0.5,0.6757161428435308,0.0,0.000999000999000999,0.002733238922886596,False
578,B,Plasma,O-Desmethylverapamil (D-702),0.0,0.0,0.5,0.6757161428435308,0.0,0.000999000999000999,0.002733238922886596,False
579,B,Plasma,Oxalic acid,0.0,0.0,0.5,0.6757161428435308,0.0,0.000999000999000999,0.002733238922886596,False
580,B,Plasma,Phosphate,0.0,0.0,0.5,0.6757161428435308,0.0,0.000999000999000999,0.002733238922886596,False
581,B,Plasma,Progesterone,0.0,0.0,0.5,0.6757161428435308,0.0,0.000999000999000999,0.002733238922886596,False
582,B,Plasma,Pyruvate,0.0,0.0,0.5,0.6757161428435308,0.0,0.000999000999000999,0.002733238922886596,False
583,B,Plasma,Sodium,0.0,0.0,0.5,0.6757161428435308,0.0,0.000999000999000999,0.002733238922886596,False
584,B,Plasma,Sodium_hydrogen exchange,0.0,0.0,0.5,0.6757161428435308,0.0,0.000999000999000999,0.002733238922886596,False
585,B,Plasma,Sulfolithocholic acid,0.0,0.0,0.5,0.6757161428435308,0.0,0.000999000999000999,0.002733238922886596,False
586,B,Plasma,Taurocholic acid,0.0,0.0,0.5,0.6757161428435308,0.0,0.000999000999000999,0.002733238922886596,False
587,B,Plasma,Testosterone,0.0,0.0,0.5,0.6757161428435308,0.0,0.000999000999000999,0.002733238922886596,False
588,B,Plasma,Trihydroxycoprostanoic acid,0.0,0.0,0.5,0.6757161428435308,0.0,0.000999000999000999,0.002733238922886596,False
589,B,Plasma,Ursocholic acid,0.0,0.0,0.5,0.6757161428435308,0.0,0.000999000999000999,0.002733238922886596,False
590,B,Plasma,Ursodeoxycholic acid,0.0,0.0,0.5,0.6757161428435308,0.0,0.000999000999000999,0.002733238922886596,False
591,B,Plasma,Ursodeoxycholic acid 3-sulfate,0.0,0.0,0.5,0.6757161428435308,0.0,0.000999000999000999,0.002733238922886596,False
592,B,Plasma,Varanic acid,0.0,0.0,0.5,0.6757161428435308,0.0,0.000999000999000999,0.002733238922886596,False
593,B,Plasma,Water,0.0,0.0,0.5,0.6757161428435308,0.0,0.000999000999000999,0.002733238922886596,False
594,B,Plasma,alpha-Ketoisovaleric acid,0.0,0.0,0.5,0.6757161428435308,0.0,0.000999000999000999,0.002733238922886596,False
595,B,T,"(3a,5b,7a)-23-Carboxy-7-hydroxy-24-norcholan-3-yl-b-D-Glucopyranosiduronic acid",0.0,0.0,0.5,0.6757161428435308,0.0,0.000999000999000999,0.002733238922886596,False
596,B,T,17a-Ethynylestradiol,0.0,0.0,0.5,0.6757161428435308,0.0,0.000999000999000999,0.002733238922886596,False
597,B,T,"1b,3a,12a-Trihydroxy-5b-cholanoic acid",0.0,0.0,0.5,0.6757161428435308,0.0,0.000999000999000999,0.002733238922886596,False
598,B,T,2-Hydroxychlorpropamide,0.0,0.0,0.5,0.6757161428435308,0.0,0.000999000999000999,0.002733238922886596,False
599,B,T,25-Hydroxycholesterol,0.0,0.0,0.5,0.6757161428435308,0.0,0.000999000999000999,0.002733238922886596,False
600,B,T,"3',4'-Dihydrodiol",0.0,0.0,0.5,0.6757161428435308,0.0,0.000999000999000999,0.002733238922886596,False
601,B,T,3-Sulfodeoxycholic acid,0.0,0.0,0.5,0.6757161428435308,0.0,0.000999000999000999,0.002733238922886596,False
602,B,T,"3alpha,7alpha-Dihydroxycoprostanic acid",0.0,0.0,0.5,0.6757161428435308,0.0,0.000999000999000999,0.002733238922886596,False
603,B,T,3b-Hydroxy-5-cholenoic acid,0.0,0.0,0.5,0.6757161428435308,0.0,0.000999000999000999,0.002733238922886596,False
604,B,T,4'-Hydroxydiclofenac,0.0,0.0,0.5,0.6757161428435308,0.0,0.000999000999000999,0.002733238922886596,False
605,B,T,4-Hydroxycyclophosphamide,0.0,0.0,0.5,0.6757161428435308,0.0,0.000999000999000999,0.002733238922886596,False
606,B,T,4-ene-Valproic acid,0.0,0.0,0.5,0.6757161428435308,0.0,0.000999000999000999,0.002733238922886596,False
607,B,T,5-Hydroxyomeprazole,0.0,0.0,0.5,0.6757161428435308,0.0,0.000999000999000999,0.002733238922886596,False
608,B,T,8-Hydroxycarvedilol,0.0,0.0,0.5,0.6757161428435308,0.0,0.000999000999000999,0.002733238922886596,False
609,B,T,Acetate,0.0,0.0,0.5,0.6757161428435308,0.0,0.000999000999000999,0.002733238922886596,False
610,B,T,Acetyl-L-Carnitine,0.0,0.0,0.5,0.6757161428435308,0.0,0.000999000999000999,0.002733238922886596,False
611,B,T,Adenosine diphosphate ribose,0.0,0.0,0.5,0.6757161428435308,0.0,0.000999000999000999,0.002733238922886596,False
612,B,T,Adenosine triphosphate,-2.0912163,-2.0912163257598877,0.9817456617489903,0.984350317115245,0.0,0.008991008991008992,0.016702140151638085,False
613,B,T,Amiloride-sensitive sodium transport,0.0,0.0,0.5,0.6757161428435308,0.0,0.000999000999000999,0.002733238922886596,False
614,B,T,Anion exchange,0.0,0.0,0.5,0.6757161428435308,0.0,0.000999000999000999,0.002733238922886596,False
615,B,T,Butyrate,0.0,0.0,0.5,0.6757161428435308,0.0,0.000999000999000999,0.002733238922886596,False
616,B,T,Chenodeoxycholic acid,0.0,0.0,0.5,0.6757161428435308,0.0,0.000999000999000999,0.002733238922886596,False
617,B,T,Chenodeoxycholic acid 3-sulfate,0.0,0.0,0.5,0.6757161428435308,0.0,0.000999000999000999,0.002733238922886596,False
618,B,T,Chloride,0.0,0.0,0.5,0.6757161428435308,0.0,0.000999000999000999,0.002733238922886596,False
619,B,T,Chloride ion,0.0,0.0,0.5,0.6757161428435308,0.0,0.000999000999000999,0.002733238922886596,False
620,B,T,Cholesterol,0.0,0.0,0.5,0.6757161428435308,0.0,0.000999000999000999,0.002733238922886596,False
621,B,T,Cholic acid,0.0,0.0,0.5,0.6757161428435308,0.0,0.000999000999000999,0.002733238922886596,False
622,B,T,Choline,0.0,0.0,0.5,0.6757161428435308,0.0,0.000999000999000999,0.002733238922886596,False
623,B,T,Citric acid,0.0,0.0,0.5,0.6757161428435308,0.0,0.000999000999000999,0.002733238922886596,False
624,B,T,Coprocholic acid,0.0,0.0,0.5,0.6757161428435308,0.0,0.000999000999000999,0.002733238922886596,False
625,B,T,Cortisol,0.0,0.0,0.5,0.6757161428435308,0.0,0.000999000999000999,0.002733238922886596,False
626,B,T,Creatine,0.0,0.0,0.5,0.6757161428435308,0.0,0.000999000999000999,0.002733238922886596,False
627,B,T,D-Lactate,0.0,0.0,0.5,0.6757161428435308,0.0,0.000999000999000999,0.002733238922886596,False
628,B,T,Deoxycholic acid,0.0,0.0,0.5,0.6757161428435308,0.0,0.000999000999000999,0.002733238922886596,False
629,B,T,Dopamine,0.0,0.0,0.5,0.6757161428435308,0.0,0.000999000999000999,0.002733238922886596,False
630,B,T,E-3179,0.0,0.0,0.5,0.6757161428435308,0.0,0.000999000999000999,0.002733238922886596,False
631,B,T,Estradiol,0.0,0.0,0.5,0.6757161428435308,0.0,0.000999000999000999,0.002733238922886596,False
632,B,T,Estriol,0.0,0.0,0.5,0.6757161428435308,0.0,0.000999000999000999,0.002733238922886596,False
633,B,T,Fatty acid,0.19347237,0.111701325192009,0.4555301142782812,0.6757161428435308,0.0,0.013986013986013986,0.022891498301334367,False
634,B,T,Folic acid,0.0,0.0,0.5,0.6757161428435308,0.0,0.000999000999000999,0.002733238922886596,False
635,B,T,Folinic acid,0.0,0.0,0.5,0.6757161428435308,0.0,0.000999000999000999,0.002733238922886596,False
636,B,T,Glutathione,0.0,0.0,0.5,0.6757161428435308,0.0,0.000999000999000999,0.002733238922886596,False
637,B,T,Glycerol,0.0,0.0,0.5,0.6757161428435308,0.0,0.000999000999000999,0.002733238922886596,False
638,B,T,Glycochenodeoxycholate-3-sulfate,0.0,0.0,0.5,0.6757161428435308,0.0,0.000999000999000999,0.002733238922886596,False
639,B,T,Glycyl-glycine,0.0,0.0,0.5,0.6757161428435308,0.0,0.000999000999000999,0.002733238922886596,False
640,B,T,Histamine,0.0,0.0,0.5,0.6757161428435308,0.0,0.000999000999000999,0.002733238922886596,False
641,B,T,Hydroxylansoprazole,0.0,0.0,0.5,0.6757161428435308,0.0,0.000999000999000999,0.002733238922886596,False
642,B,T,Hyodeoxycholic acid,0.0,0.0,0.5,0.6757161428435308,0.0,0.000999000999000999,0.002733238922886596,False
643,B,T,Iron,0.14361905,0.14361904561519623,0.4429006501753002,0.6757161428435308,0.0,0.007992007992007992,0.015114170255481141,False
644,B,T,Isoursodeoxycholic acid,0.0,0.0,0.5,0.6757161428435308,0.0,0.000999000999000999,0.002733238922886596,False
645,B,T,Ketone bodies,0.0,0.0,0.5,0.6757161428435308,0.0,0.000999000999000999,0.002733238922886596,False
646,B,T,L-Arginine,-0.13984604,-0.1398460417985916,0.5556091826951826,0.6757161428435308,0.0,0.000999000999000999,0.002733238922886596,False
647,B,T,L-Carnitine,0.0,0.0,0.5,0.6757161428435308,0.0,0.000999000999000999,0.002733238922886596,False
648,B,T,L-Cystine,-0.13984604,-0.1398460417985916,0.5556091826951826,0.6757161428435308,0.0,0.000999000999000999,0.002733238922886596,False
649,B,T,L-Dopa,0.0,0.0,0.5,0.6757161428435308,0.0,0.000999000999000999,0.002733238922886596,False
650,B,T,L-Glutamate,0.0,0.0,0.5,0.6757161428435308,0.0,0.000999000999000999,0.002733238922886596,False
651,B,T,L-Lactate,0.0,0.0,0.5,0.6757161428435308,0.0,0.000999000999000999,0.002733238922886596,False
652,B,T,L-Lysine,-0.13984604,-0.1398460417985916,0.5556091826951826,0.6757161428435308,0.0,0.000999000999000999,0.002733238922886596,False
653,B,T,L-Ornithine,-0.13984604,-0.1398460417985916,0.5556091826951826,0.6757161428435308,0.0,0.000999000999000999,0.002733238922886596,False
654,B,T,Lithocholic acid,0.0,0.0,0.5,0.6757161428435308,0.0,0.000999000999000999,0.002733238922886596,False
655,B,T,N-Desmethylcitalopram,0.0,0.0,0.5,0.6757161428435308,0.0,0.000999000999000999,0.002733238922886596,False
656,B,T,N-Desmethyleletriptan,0.0,0.0,0.5,0.6757161428435308,0.0,0.000999000999000999,0.002733238922886596,False
657,B,T,N-Desmethyltamoxifen,0.0,0.0,0.5,0.6757161428435308,0.0,0.000999000999000999,0.002733238922886596,False
658,B,T,N-desmethylimatinib,0.0,0.0,0.5,0.6757161428435308,0.0,0.000999000999000999,0.002733238922886596,False
659,B,T,Neurotransmitter,0.0,0.0,0.5,0.6757161428435308,0.0,0.000999000999000999,0.002733238922886596,False
660,B,T,Nicotinate,0.0,0.0,0.5,0.6757161428435308,0.0,0.000999000999000999,0.002733238922886596,False
661,B,T,Norepinephrine,0.0,0.0,0.5,0.6757161428435308,0.0,0.000999000999000999,0.002733238922886596,False
662,B,T,O-Deethylated candesartan,0.0,0.0,0.5,0.6757161428435308,0.0,0.000999000999000999,0.002733238922886596,False
663,B,T,O-Desmethylverapamil (D-702),0.0,0.0,0.5,0.6757161428435308,0.0,0.000999000999000999,0.002733238922886596,False
664,B,T,Oxalic acid,0.0,0.0,0.5,0.6757161428435308,0.0,0.000999000999000999,0.002733238922886596,False
665,B,T,Phosphate,0.0,0.0,0.5,0.6757161428435308,0.0,0.000999000999000999,0.002733238922886596,False
666,B,T,Progesterone,0.0,0.0,0.5,0.6757161428435308,0.0,0.000999000999000999,0.002733238922886596,False
667,B,T,Pyruvate,0.0,0.0,0.5,0.6757161428435308,0.0,0.000999000999000999,0.002733238922886596,False
668,B,T,Sodium,0.0,0.0,0.5,0.6757161428435308,0.0,0.000999000999000999,0.002733238922886596,False
669,B,T,Sodium_hydrogen exchange,0.0,0.0,0.5,0.6757161428435308,0.0,0.000999000999000999,0.002733238922886596,False
670,B,T,Sulfolithocholic acid,0.0,0.0,0.5,0.6757161428435308,0.0,0.000999000999000999,0.002733238922886596,False
671,B,T,Taurocholic acid,0.0,0.0,0.5,0.6757161428435308,0.0,0.000999000999000999,0.002733238922886596,False
672,B,T,Testosterone,0.0,0.0,0.5,0.6757161428435308,0.0,0.000999000999000999,0.002733238922886596,False
673,B,T,Trihydroxycoprostanoic acid,0.0,0.0,0.5,0.6757161428435308,0.0,0.000999000999000999,0.002733238922886596,False
674,B,T,Ursocholic acid,0.0,0.0,0.5,0.6757161428435308,0.0,0.000999000999000999,0.002733238922886596,False
675,B,T,Ursodeoxycholic acid,0.0,0.0,0.5,0.6757161428435308,0.0,0.000999000999000999,0.002733238922886596,False
676,B,T,Ursodeoxycholic acid 3-sulfate,0.0,0.0,0.5,0.6757161428435308,0.0,0.000999000999000999,0.002733238922886596,False
677,B,T,Varanic acid,0.0,0.0,0.5,0.6757161428435308,0.0,0.000999000999000999,0.002733238922886596,False
678,B,T,Water,0.0,0.0,0.5,0.6757161428435308,0.0,0.000999000999000999,0.002733238922886596,False
679,B,T,alpha-Ketoisovaleric acid,0.0,0.0,0.5,0.6757161428435308,0.0,0.000999000999000999,0.002733238922886596,False
680,Endothelial,Endothelial,"(3a,5b,7a)-23-Carboxy-7-hydroxy-24-norcholan-3-yl-b-D-Glucopyranosiduronic acid",0.6055612,0.044642563714144635,0.48219610776162086,0.6757161428435308,0.0,0.000999000999000999,0.002733238922886596,False
681,Endothelial,Endothelial,17a-Ethynylestradiol,-3.560883,-0.2625117809112919,0.6035365480488964,0.6795983862910224,0.0,0.016983016983016984,0.026454476677359295,False
682,Endothelial,Endothelial,"1b,3a,12a-Trihydroxy-5b-cholanoic acid",0.6055612,0.044642563714144635,0.48219610776162086,0.6757161428435308,0.0,0.000999000999000999,0.002733238922886596,False
683,Endothelial,Endothelial,2-Hydroxychlorpropamide,-3.560883,-0.15156124737458246,0.5602334998298659,0.6757161428435308,0.0,0.016983016983016984,0.026454476677359295,False
684,Endothelial,Endothelial,25-Hydroxycholesterol,-7.17969,-0.5292937605549399,0.7016991583797695,0.7312272541764,0.0,0.14985014985014986,0.1688263375528287,False
685,Endothelial,Endothelial,"3',4'-Dihydrodiol",-3.560883,-0.2625117809112919,0.6035365480488964,0.6795983862910224,0.0,0.016983016983016984,0.026454476677359295,False
686,Endothelial,Endothelial,3-Sulfodeoxycholic acid,0.6055612,0.044642563714144635,0.48219610776162086,0.6757161428435308,0.0,0.000999000999000999,0.002733238922886596,False
687,Endothelial,Endothelial,"3alpha,7alpha-Dihydroxycoprostanic acid",0.6055612,0.044642563714144635,0.48219610776162086,0.6757161428435308,0.0,0.000999000999000999,0.002733238922886596,False
688,Endothelial,Endothelial,3b-Hydroxy-5-cholenoic acid,0.6055612,0.044642563714144635,0.48219610776162086,0.6757161428435308,0.0,0.000999000999000999,0.002733238922886596,False
689,Endothelial,Endothelial,4'-Hydroxydiclofenac,-3.560883,-0.2625117809112919,0.6035365480488964,0.6795983862910224,0.0,0.016983016983016984,0.026454476677359295,False
690,Endothelial,Endothelial,4-Hydroxycyclophosphamide,-3.560883,-0.2625117809112919,0.6035365480488964,0.6795983862910224,0.0,0.016983016983016984,0.026454476677359295,False
691,Endothelial,Endothelial,4-ene-Valproic acid,-7.249014,-0.3085385212290104,0.6211637033746149,0.6802284449633014,0.0,0.00999000999000999,0.017922750381392707,False
692,Endothelial,Endothelial,5-Hydroxyomeprazole,-2.9190798,-0.0962392103798998,0.5383347050259555,0.6757161428435308,0.0,0.028971028971028972,0.040621438303114626,False
693,Endothelial,Endothelial,8-Hydroxycarvedilol,-3.560883,-0.2625117809112919,0.6035365480488964,0.6795983862910224,0.0,0.016983016983016984,0.026454476677359295,False
694,Endothelial,Endothelial,Acetate,-6.257547,-0.32619718141081,0.6278624131100481,0.6827504124881194,0.0,0.052947052947052944,0.06692865012800704,False
695,Endothelial,Endothelial,Acetyl-L-Carnitine,0.0,0.0,0.5,0.6757161428435308,0.0,0.000999000999000999,0.002733238922886596,False
696,Endothelial,Endothelial,Adenosine diphosphate ribose,-2.2529793,-0.16609183600399594,0.5659576605765858,0.6757161428435308,0.0,0.003996003996003996,0.008992796112653,False
697,Endothelial,Endothelial,Adenosine triphosphate,-5.6041417,-0.41314280830717975,0.6602490064340477,0.7018702468261214,28.27936,0.46853146853146854,0.48272939182030095,False
698,Endothelial,Endothelial,Amiloride-sensitive sodium transport,0.6055612,0.044642563714144635,0.48219610776162086,0.6757161428435308,0.0,0.000999000999000999,0.002733238922886596,False
699,Endothelial,Endothelial,Anion exchange,-9.640961,-0.4103465376505281,0.6592241208516477,0.7008992089514645,0.0,0.04095904095904096,0.054352820175604985,False
700,Endothelial,Endothelial,Butyrate,-7.249014,-0.5344043948608146,0.7034691104945883,0.7321867323834469,0.0,0.00999000999000999,0.017922750381392707,False
701,Endothelial,Endothelial,Chenodeoxycholic acid,0.6055612,0.044642563714144635,0.48219610776162086,0.6757161428435308,0.0,0.000999000999000999,0.002733238922886596,False
702,Endothelial,Endothelial,Chenodeoxycholic acid 3-sulfate,0.6055612,0.044642563714144635,0.48219610776162086,0.6757161428435308,0.0,0.000999000999000999,0.002733238922886596,False
703,Endothelial,Endothelial,Chloride,-6.47717,-0.47750330687647397,0.6834981166862708,0.7166533012096422,0.0,0.00999000999000999,0.017922750381392707,False
704,Endothelial,Endothelial,Chloride ion,-6.987064,-0.5150931834722895,0.6967560470936244,0.7275224993723269,0.0,0.07592407592407592,0.09101628312606014,False
705,Endothelial,Endothelial,Cholesterol,-3.2399814,-0.13790276686287523,0.5548413681684067,0.6757161428435308,0.0,0.024975024975024976,0.03644001556318884,False
706,Endothelial,Endothelial,Cholic acid,-3.2399814,-0.13790276686287523,0.5548413681684067,0.6757161428435308,0.0,0.02197802197802198,0.03289121062140334,False
707,Endothelial,Endothelial,Choline,0.0,0.0,0.5,0.6757161428435308,0.0,0.000999000999000999,0.002733238922886596,False
708,Endothelial,Endothelial,Citric acid,0.9914668,0.07309190371943221,0.47086649216133425,0.6757161428435308,0.0,0.04395604395604396,0.057231114983133206,False
709,Endothelial,Endothelial,Coprocholic acid,0.6055612,0.044642563714144635,0.48219610776162086,0.6757161428435308,0.0,0.000999000999000999,0.002733238922886596,False
710,Endothelial,Endothelial,Cortisol,-3.2399814,-0.13790276686287523,0.5548413681684067,0.6757161428435308,0.0,0.024975024975024976,0.03644001556318884,False
711,Endothelial,Endothelial,Creatine,0.0,0.0,0.5,0.6757161428435308,0.0,0.000999000999000999,0.002733238922886596,False
712,Endothelial,Endothelial,D-Lactate,-7.249014,-0.5344043948608146,0.7034691104945883,0.7321867323834469,0.0,0.00999000999000999,0.017922750381392707,False
713,Endothelial,Endothelial,Deoxycholic acid,0.6055612,0.044642563714144635,0.48219610776162086,0.6757161428435308,0.0,0.000999000999000999,0.002733238922886596,False
714,Endothelial,Endothelial,Dopamine,0.0,0.0,0.5,0.6757161428435308,0.0,0.000999000999000999,0.002733238922886596,False
715,Endothelial,Endothelial,E-3179,-3.560883,-0.2625117809112919,0.6035365480488964,0.6795983862910224,0.0,0.016983016983016984,0.026454476677359295,False
716,Endothelial,Endothelial,Estradiol,-2.2485147,-0.08288134969275306,0.5330270580997453,0.6757161428435308,0.0,0.06593406593406594,0.08059177511179066,False
717,Endothelial,Endothelial,Estriol,-3.560883,-0.2625117809112919,0.6035365480488964,0.6795983862910224,0.0,0.016983016983016984,0.026454476677359295,False
718,Endothelial,Endothelial,Fatty acid,3.1628857,0.1346213539567561,0.44645562864135263,0.6757161428435308,829.98254,0.22877122877122877,0.24665255895972385,False
719,Endothelial,Endothelial,Folic acid,1.2111224,0.06313411906364837,0.4748298526988908,0.6757161428435308,0.0,0.000999000999000999,0.002733238922886596,False
720,Endothelial,Endothelial,Folinic acid,0.6055612,0.044642563714144635,0.48219610776162086,0.6757161428435308,0.0,0.000999000999000999,0.002733238922886596,False
721,Endothelial,Endothelial,Glutathione,0.6055612,0.044642563714144635,0.48219610776162086,0.6757161428435308,0.0,0.000999000999000999,0.002733238922886596,False
722,Endothelial,Endothelial,Glycerol,-3.560883,-0.2625117809112919,0.6035365480488964,0.6795983862910224,0.0,0.016983016983016984,0.026454476677359295,False
723,Endothelial,Endothelial,Glycochenodeoxycholate-3-sulfate,0.6055612,0.044642563714144635,0.48219610776162086,0.6757161428435308,0.0,0.000999000999000999,0.002733238922886596,False
724,Endothelial,Endothelial,Glycyl-glycine,0.0,0.0,0.5,0.6757161428435308,0.0,0.000999000999000999,0.002733238922886596,False
725,Endothelial,Endothelial,Histamine,0.0,0.0,0.5,0.6757161428435308,0.0,0.000999000999000999,0.002733238922886596,False
726,Endothelial,Endothelial,Hydroxylansoprazole,-3.2399814,-0.13790276686287523,0.5548413681684067,0.6757161428435308,0.0,0.024975024975024976,0.03644001556318884,False
727,Endothelial,Endothelial,Hyodeoxycholic acid,0.6055612,0.044642563714144635,0.48219610776162086,0.6757161428435308,0.0,0.000999000999000999,0.002733238922886596,False
728,Endothelial,Endothelial,Iron,1.3271401,0.09783806569067811,0.46103044015960687,0.6757161428435308,0.0,0.22377622377622378,0.2415984290340624,False
729,Endothelial,Endothelial,Isoursodeoxycholic acid,0.6055612,0.044642563714144635,0.48219610776162086,0.6757161428435308,0.0,0.000999000999000999,0.002733238922886596,False
730,Endothelial,Endothelial,Ketone bodies,-7.249014,-0.5344043948608146,0.7034691104945883,0.7321867323834469,0.0,0.00999000999000999,0.017922750381392707,False
731,Endothelial,Endothelial,L-Arginine,0.6055612,0.044642563714144635,0.48219610776162086,0.6757161428435308,0.0,0.000999000999000999,0.002733238922886596,False
732,Endothelial,Endothelial,L-Carnitine,0.0,0.0,0.5,0.6757161428435308,0.0,0.000999000999000999,0.002733238922886596,False
733,Endothelial,Endothelial,L-Cystine,0.6055612,0.044642563714144635,0.48219610776162086,0.6757161428435308,0.0,0.000999000999000999,0.002733238922886596,False
734,Endothelial,Endothelial,L-Dopa,0.0,0.0,0.5,0.6757161428435308,0.0,0.000999000999000999,0.002733238922886596,False
735,Endothelial,Endothelial,L-Glutamate,-7.249014,-0.3778809715019754,0.6472404906293386,0.6926067856513338,0.0,0.00999000999000999,0.017922750381392707,False
736,Endothelial,Endothelial,L-Lactate,-7.249014,-0.5344043948608146,0.7034691104945883,0.7321867323834469,0.0,0.00999000999000999,0.017922750381392707,False
737,Endothelial,Endothelial,L-Lysine,0.6055612,0.044642563714144635,0.48219610776162086,0.6757161428435308,0.0,0.000999000999000999,0.002733238922886596,False
738,Endothelial,Endothelial,L-Ornithine,0.6055612,0.044642563714144635,0.48219610776162086,0.6757161428435308,0.0,0.000999000999000999,0.002733238922886596,False
739,Endothelial,Endothelial,Lithocholic acid,0.6055612,0.044642563714144635,0.48219610776162086,0.6757161428435308,0.0,0.000999000999000999,0.002733238922886596,False
740,Endothelial,Endothelial,N-Desmethylcitalopram,-3.560883,-0.2625117809112919,0.6035365480488964,0.6795983862910224,0.0,0.016983016983016984,0.026454476677359295,False
741,Endothelial,Endothelial,N-Desmethyleletriptan,-3.560883,-0.2625117809112919,0.6035365480488964,0.6795983862910224,0.0,0.016983016983016984,0.026454476677359295,False
742,Endothelial,Endothelial,N-Desmethyltamoxifen,-3.2399814,-0.13790276686287523,0.5548413681684067,0.6757161428435308,0.0,0.024975024975024976,0.03644001556318884,False
743,Endothelial,Endothelial,N-desmethylimatinib,-3.2399814,-0.13790276686287523,0.5548413681684067,0.6757161428435308,0.0,0.024975024975024976,0.03644001556318884,False
744,Endothelial,Endothelial,Neurotransmitter,0.6055612,0.044642563714144635,0.48219610776162086,0.6757161428435308,0.0,0.000999000999000999,0.002733238922886596,False
745,Endothelial,Endothelial,Nicotinate,-6.257547,-0.23065623897952214,0.5912090634852555,0.6795983862910224,0.0,0.052947052947052944,0.06692865012800704,False
746,Endothelial,Endothelial,Norepinephrine,0.0,0.0,0.5,0.6757161428435308,0.0,0.000999000999000999,0.002733238922886596,False
747,Endothelial,Endothelial,O-Deethylated candesartan,-3.560883,-0.2625117809112919,0.6035365480488964,0.6795983862910224,0.0,0.016983016983016984,0.026454476677359295,False
748,Endothelial,Endothelial,O-Desmethylverapamil (D-702),-2.3135185,-0.05393417869353717,0.5215061971872934,0.6757161428435308,0.0,0.028971028971028972,0.040621438303114626,False
749,Endothelial,Endothelial,Oxalic acid,0.9914668,0.07309190371943221,0.47086649216133425,0.6757161428435308,0.0,0.04395604395604396,0.057231114983133206,False
750,Endothelial,Endothelial,Phosphate,0.0,0.0,0.5,0.6757161428435308,0.0,0.000999000999000999,0.002733238922886596,False
751,Endothelial,Endothelial,Progesterone,-3.560883,-0.2625117809112919,0.6035365480488964,0.6795983862910224,0.0,0.016983016983016984,0.026454476677359295,False
752,Endothelial,Endothelial,Pyruvate,-7.249014,-0.5344043948608146,0.7034691104945883,0.7321867323834469,0.0,0.00999000999000999,0.017922750381392707,False
753,Endothelial,Endothelial,Sodium,-6.987064,-0.2973891881354676,0.61691530143513,0.6800205699783143,0.0,0.07592407592407592,0.09101628312606014,False
754,Endothelial,Endothelial,Sodium_hydrogen exchange,93.03647,3.9598950707171716,3.749135120675231e-05,0.003137472967172848,22.225208,0.04195804195804196,0.05543290987525392,False
755,Endothelial,Endothelial,Sulfolithocholic acid,0.6055612,0.044642563714144635,0.48219610776162086,0.6757161428435308,0.0,0.000999000999000999,0.002733238922886596,False
756,Endothelial,Endothelial,Taurocholic acid,-15.247188,-0.37467919462231475,0.6460504663850483,0.6917503214491953,0.0,0.0999000999000999,0.11619297861901412,False
757,Endothelial,Endothelial,Testosterone,-2.6344202,-0.09710601530128414,0.5386788980395445,0.6757161428435308,0.0,0.024975024975024976,0.03644001556318884,False
758,Endothelial,Endothelial,Trihydroxycoprostanoic acid,0.6055612,0.044642563714144635,0.48219610776162086,0.6757161428435308,0.0,0.000999000999000999,0.002733238922886596,False
759,Endothelial,Endothelial,Ursocholic acid,0.6055612,0.044642563714144635,0.48219610776162086,0.6757161428435308,0.0,0.000999000999000999,0.002733238922886596,False
760,Endothelial,Endothelial,Ursodeoxycholic acid,0.6055612,0.044642563714144635,0.48219610776162086,0.6757161428435308,0.0,0.000999000999000999,0.002733238922886596,False
761,Endothelial,Endothelial,Ursodeoxycholic acid 3-sulfate,0.6055612,0.044642563714144635,0.48219610776162086,0.6757161428435308,0.0,0.000999000999000999,0.002733238922886596,False
762,Endothelial,Endothelial,Varanic acid,0.6055612,0.044642563714144635,0.48219610776162086,0.6757161428435308,0.0,0.000999000999000999,0.002733238922886596,False
763,Endothelial,Endothelial,Water,34.5319,1.4697752058188138,0.07081132321385962,0.6757161428435308,63.71966,0.017982017982017984,0.027654497092149906,True
764,Endothelial,Endothelial,alpha-Ketoisovaleric acid,-7.249014,-0.5344043948608146,0.7034691104945883,0.7321867323834469,0.0,0.00999000999000999,0.017922750381392707,False
765,Endothelial,Enteric_glia,"(3a,5b,7a)-23-Carboxy-7-hydroxy-24-norcholan-3-yl-b-D-Glucopyranosiduronic acid",0.13779387,0.025587679061851686,0.4897931067690804,0.6757161428435308,0.0,0.004995004995004995,0.010650366582569973,False
766,Endothelial,Enteric_glia,17a-Ethynylestradiol,-1.5535325,-0.28848373946426936,0.6135117621389613,0.6800205699783143,0.0,0.00999000999000999,0.017922750381392707,False
767,Endothelial,Enteric_glia,"1b,3a,12a-Trihydroxy-5b-cholanoic acid",0.13779387,0.025587679061851686,0.4897931067690804,0.6757161428435308,0.0,0.004995004995004995,0.010650366582569973,False
768,Endothelial,Enteric_glia,2-Hydroxychlorpropamide,-1.5535325,-0.16655616463652576,0.5661403563232745,0.6757161428435308,0.0,0.00999000999000999,0.017922750381392707,False
769,Endothelial,Enteric_glia,25-Hydroxycholesterol,1.1645125,0.21624454529697154,0.41439856636868905,0.6757161428435308,0.0,0.11388611388611389,0.13124654751624337,False
770,Endothelial,Enteric_glia,"3',4'-Dihydrodiol",-1.5535325,-0.28848373946426936,0.6135117621389613,0.6800205699783143,0.0,0.00999000999000999,0.017922750381392707,False
771,Endothelial,Enteric_glia,3-Sulfodeoxycholic acid,0.13779387,0.025587679061851686,0.4897931067690804,0.6757161428435308,0.0,0.004995004995004995,0.010650366582569973,False
772,Endothelial,Enteric_glia,"3alpha,7alpha-Dihydroxycoprostanic acid",0.13779387,0.025587679061851686,0.4897931067690804,0.6757161428435308,0.0,0.004995004995004995,0.010650366582569973,False
773,Endothelial,Enteric_glia,3b-Hydroxy-5-cholenoic acid,0.13779387,0.025587679061851686,0.4897931067690804,0.6757161428435308,0.0,0.004995004995004995,0.010650366582569973,False
774,Endothelial,Enteric_glia,4'-Hydroxydiclofenac,-1.5535325,-0.28848373946426936,0.6135117621389613,0.6800205699783143,0.0,0.00999000999000999,0.017922750381392707,False
775,Endothelial,Enteric_glia,4-Hydroxycyclophosphamide,-1.5535325,-0.28848373946426936,0.6135117621389613,0.6800205699783143,0.0,0.00999000999000999,0.017922750381392707,False
776,Endothelial,Enteric_glia,4-ene-Valproic acid,-0.67362225,-0.07221988585677473,0.5287865400650698,0.6757161428435308,0.0,0.007992007992007992,0.015114170255481141,False
777,Endothelial,Enteric_glia,5-Hydroxyomeprazole,-4.3652883,-0.36251745805219515,0.6415173100726059,0.6884736188972345,0.0,0.028971028971028972,0.040621438303114626,False
778,Endothelial,Enteric_glia,8-Hydroxycarvedilol,-1.5535325,-0.28848373946426936,0.6135117621389613,0.6800205699783143,0.0,0.00999000999000999,0.017922750381392707,False
779,Endothelial,Enteric_glia,Acetate,0.524807,0.06891053200026066,0.472530417563041,0.6757161428435308,0.0,0.01098901098901099,0.01912057513717265,False
780,Endothelial,Enteric_glia,Acetyl-L-Carnitine,0.0,0.0,0.5,0.6757161428435308,0.0,0.000999000999000999,0.002733238922886596,False
781,Endothelial,Enteric_glia,Adenosine diphosphate ribose,0.21814343,0.040508218623771214,0.48384397745339847,0.6757161428435308,0.0,0.004995004995004995,0.010650366582569973,False
782,Endothelial,Enteric_glia,Adenosine triphosphate,-1.4422216,-0.2678138354521311,0.6055786897590598,0.679830913543959,0.0,0.04495504495504495,0.058374738391253664,False
783,Endothelial,Enteric_glia,Amiloride-sensitive sodium transport,0.0,0.0,0.5,0.6757161428435308,0.0,0.000999000999000999,0.002733238922886596,False
784,Endothelial,Enteric_glia,Anion exchange,0.59741044,0.06404912216439948,0.4744655566205592,0.6757161428435308,0.0,0.023976023976023976,0.03535971648515611,False
785,Endothelial,Enteric_glia,Butyrate,0.0,0.0,0.5,0.6757161428435308,0.0,0.000999000999000999,0.002733238922886596,False
786,Endothelial,Enteric_glia,Chenodeoxycholic acid,0.13779387,0.025587679061851686,0.4897931067690804,0.6757161428435308,0.0,0.004995004995004995,0.010650366582569973,False
787,Endothelial,Enteric_glia,Chenodeoxycholic acid 3-sulfate,0.13779387,0.025587679061851686,0.4897931067690804,0.6757161428435308,0.0,0.004995004995004995,0.010650366582569973,False
788,Endothelial,Enteric_glia,Chloride,-1.370064,-0.2544145015472394,0.6004123255746975,0.6795983862910224,0.0,0.012987012987012988,0.02170829436309107,False
789,Endothelial,Enteric_glia,Chloride ion,0.60317594,0.11200695981120411,0.4554089440839615,0.6757161428435308,0.0,0.015984015984015984,0.025433711241958142,False
790,Endothelial,Enteric_glia,Cholesterol,-1.5535325,-0.16655616463652576,0.5661403563232745,0.6757161428435308,0.0,0.00999000999000999,0.017922750381392707,False
791,Endothelial,Enteric_glia,Cholic acid,-4.3652883,-0.46800802591519924,0.6801105748919253,0.7137914357158801,0.0,0.028971028971028972,0.040621438303114626,False
792,Endothelial,Enteric_glia,Choline,0.0,0.0,0.5,0.6757161428435308,0.0,0.000999000999000999,0.002733238922886596,False
793,Endothelial,Enteric_glia,Citric acid,0.524807,0.0974542089451138,0.46118284852018826,0.6757161428435308,0.0,0.01098901098901099,0.01912057513717265,False
794,Endothelial,Enteric_glia,Coprocholic acid,0.13779387,0.025587679061851686,0.4897931067690804,0.6757161428435308,0.0,0.004995004995004995,0.010650366582569973,False
795,Endothelial,Enteric_glia,Cortisol,-1.5535325,-0.16655616463652576,0.5661403563232745,0.6757161428435308,0.0,0.00999000999000999,0.017922750381392707,False
796,Endothelial,Enteric_glia,Creatine,0.0,0.0,0.5,0.6757161428435308,0.0,0.000999000999000999,0.002733238922886596,False
797,Endothelial,Enteric_glia,D-Lactate,0.0,0.0,0.5,0.6757161428435308,0.0,0.000999000999000999,0.002733238922886596,False
798,Endothelial,Enteric_glia,Deoxycholic acid,0.13779387,0.025587679061851686,0.4897931067690804,0.6757161428435308,0.0,0.004995004995004995,0.010650366582569973,False
799,Endothelial,Enteric_glia,Dopamine,0.0,0.0,0.5,0.6757161428435308,0.0,0.000999000999000999,0.002733238922886596,False
800,Endothelial,Enteric_glia,E-3179,-1.5535325,-0.28848373946426936,0.6135117621389613,0.6800205699783143,0.0,0.00999000999000999,0.017922750381392707,False
801,Endothelial,Enteric_glia,Estradiol,-1.0287255,-0.09551476525957778,0.5380470185513586,0.6757161428435308,0.0,0.01998001998001998,0.030239250643485482,False
802,Endothelial,Enteric_glia,Estriol,-1.5535325,-0.28848373946426936,0.6135117621389613,0.6800205699783143,0.0,0.00999000999000999,0.017922750381392707,False
803,Endothelial,Enteric_glia,Fatty acid,-4.821608,-0.5169306446232754,0.6973977126991967,0.7280149664560378,0.0,0.4955044955044955,0.5096849185156626,False
804,Endothelial,Enteric_glia,Folic acid,0.13779387,0.018093221379460362,0.49278224281165645,0.6757161428435308,0.0,0.004995004995004995,0.010650366582569973,False
805,Endothelial,Enteric_glia,Folinic acid,0.13779387,0.025587679061851686,0.4897931067690804,0.6757161428435308,0.0,0.004995004995004995,0.010650366582569973,False
806,Endothelial,Enteric_glia,Glutathione,0.13779387,0.025587679061851686,0.4897931067690804,0.6757161428435308,0.0,0.004995004995004995,0.010650366582569973,False
807,Endothelial,Enteric_glia,Glycerol,-1.5535325,-0.28848373946426936,0.6135117621389613,0.6800205699783143,0.0,0.00999000999000999,0.017922750381392707,False
808,Endothelial,Enteric_glia,Glycochenodeoxycholate-3-sulfate,0.13779387,0.025587679061851686,0.4897931067690804,0.6757161428435308,0.0,0.004995004995004995,0.010650366582569973,False
809,Endothelial,Enteric_glia,Glycyl-glycine,0.0,0.0,0.5,0.6757161428435308,0.0,0.000999000999000999,0.002733238922886596,False
810,Endothelial,Enteric_glia,Histamine,0.0,0.0,0.5,0.6757161428435308,0.0,0.000999000999000999,0.002733238922886596,False
811,Endothelial,Enteric_glia,Hydroxylansoprazole,-1.5535325,-0.16655616463652576,0.5661403563232745,0.6757161428435308,0.0,0.00999000999000999,0.017922750381392707,False
812,Endothelial,Enteric_glia,Hyodeoxycholic acid,0.13779387,0.025587679061851686,0.4897931067690804,0.6757161428435308,0.0,0.004995004995004995,0.010650366582569973,False
813,Endothelial,Enteric_glia,Iron,-0.7686233,-0.14272976222154435,0.5567481947471492,0.6757161428435308,0.0,0.12387612387612387,0.14169500257879963,False
814,Endothelial,Enteric_glia,Isoursodeoxycholic acid,0.13779387,0.025587679061851686,0.4897931067690804,0.6757161428435308,0.0,0.004995004995004995,0.010650366582569973,False
815,Endothelial,Enteric_glia,Ketone bodies,0.0,0.0,0.5,0.6757161428435308,0.0,0.000999000999000999,0.002733238922886596,False
816,Endothelial,Enteric_glia,L-Arginine,0.0,0.0,0.5,0.6757161428435308,0.0,0.000999000999000999,0.002733238922886596,False
817,Endothelial,Enteric_glia,L-Carnitine,0.0,0.0,0.5,0.6757161428435308,0.0,0.000999000999000999,0.002733238922886596,False
818,Endothelial,Enteric_glia,L-Cystine,0.0,0.0,0.5,0.6757161428435308,0.0,0.000999000999000999,0.002733238922886596,False
819,Endothelial,Enteric_glia,L-Dopa,0.0,0.0,0.5,0.6757161428435308,0.0,0.000999000999000999,0.002733238922886596,False
820,Endothelial,Enteric_glia,L-Glutamate,0.0,0.0,0.5,0.6757161428435308,0.0,0.000999000999000999,0.002733238922886596,False
821,Endothelial,Enteric_glia,L-Lactate,0.0,0.0,0.5,0.6757161428435308,0.0,0.000999000999000999,0.002733238922886596,False
822,Endothelial,Enteric_glia,L-Lysine,0.0,0.0,0.5,0.6757161428435308,0.0,0.000999000999000999,0.002733238922886596,False
823,Endothelial,Enteric_glia,L-Ornithine,0.0,0.0,0.5,0.6757161428435308,0.0,0.000999000999000999,0.002733238922886596,False
824,Endothelial,Enteric_glia,Lithocholic acid,0.13779387,0.025587679061851686,0.4897931067690804,0.6757161428435308,0.0,0.004995004995004995,0.010650366582569973,False
825,Endothelial,Enteric_glia,N-Desmethylcitalopram,-1.5535325,-0.28848373946426936,0.6135117621389613,0.6800205699783143,0.0,0.00999000999000999,0.017922750381392707,False
826,Endothelial,Enteric_glia,N-Desmethyleletriptan,-1.5535325,-0.28848373946426936,0.6135117621389613,0.6800205699783143,0.0,0.00999000999000999,0.017922750381392707,False
827,Endothelial,Enteric_glia,N-Desmethyltamoxifen,-1.5535325,-0.16655616463652576,0.5661403563232745,0.6757161428435308,0.0,0.00999000999000999,0.017922750381392707,False
828,Endothelial,Enteric_glia,N-desmethylimatinib,-1.5535325,-0.16655616463652576,0.5661403563232745,0.6757161428435308,0.0,0.00999000999000999,0.017922750381392707,False
829,Endothelial,Enteric_glia,Neurotransmitter,0.0,0.0,0.5,0.6757161428435308,0.0,0.000999000999000999,0.002733238922886596,False
830,Endothelial,Enteric_glia,Nicotinate,-0.14881527,-0.013817151337822511,0.5055120704745363,0.6757161428435308,0.0,0.017982017982017984,0.027654497092149906,False
831,Endothelial,Enteric_glia,Norepinephrine,0.0,0.0,0.5,0.6757161428435308,0.0,0.000999000999000999,0.002733238922886596,False
832,Endothelial,Enteric_glia,O-Deethylated candesartan,-1.5535325,-0.28848373946426936,0.6135117621389613,0.6800205699783143,0.0,0.00999000999000999,0.017922750381392707,False
833,Endothelial,Enteric_glia,O-Desmethylverapamil (D-702),-5.610319,-0.3294492835513301,0.6290919389970068,0.6827504124881194,0.0,0.03896103896103896,0.05229725460199212,False
834,Endothelial,Enteric_glia,Oxalic acid,0.524807,0.0974542089451138,0.46118284852018826,0.6757161428435308,0.0,0.01098901098901099,0.01912057513717265,False
835,Endothelial,Enteric_glia,Phosphate,0.0,0.0,0.5,0.6757161428435308,0.0,0.000999000999000999,0.002733238922886596,False
836,Endothelial,Enteric_glia,Progesterone,-1.5535325,-0.28848373946426936,0.6135117621389613,0.6800205699783143,0.0,0.00999000999000999,0.017922750381392707,False
837,Endothelial,Enteric_glia,Pyruvate,0.0,0.0,0.5,0.6757161428435308,0.0,0.000999000999000999,0.002733238922886596,False
838,Endothelial,Enteric_glia,Sodium,1.028839,0.11030311797804866,0.45608449228311615,0.6757161428435308,0.0,0.024975024975024976,0.03644001556318884,False
839,Endothelial,Enteric_glia,Sodium_hydrogen exchange,-0.4370034,-0.04685168270901756,0.5186842813080728,0.6757161428435308,0.0,0.012987012987012988,0.02170829436309107,False
840,Endothelial,Enteric_glia,Sulfolithocholic acid,0.13779387,0.025587679061851686,0.4897931067690804,0.6757161428435308,0.0,0.004995004995004995,0.010650366582569973,False
841,Endothelial,Enteric_glia,Taurocholic acid,-3.8404813,-0.23771982343000775,0.5939507962601162,0.6795983862910224,0.0,0.03796203796203796,0.05117471469807518,False
842,Endothelial,Enteric_glia,Testosterone,-1.5535325,-0.14424186973213468,0.5573452603189619,0.6757161428435308,0.0,0.00999000999000999,0.017922750381392707,False
843,Endothelial,Enteric_glia,Trihydroxycoprostanoic acid,0.13779387,0.025587679061851686,0.4897931067690804,0.6757161428435308,0.0,0.004995004995004995,0.010650366582569973,False
844,Endothelial,Enteric_glia,Ursocholic acid,0.13779387,0.025587679061851686,0.4897931067690804,0.6757161428435308,0.0,0.004995004995004995,0.010650366582569973,False
845,Endothelial,Enteric_glia,Ursodeoxycholic acid,0.13779387,0.025587679061851686,0.4897931067690804,0.6757161428435308,0.0,0.004995004995004995,0.010650366582569973,False
846,Endothelial,Enteric_glia,Ursodeoxycholic acid 3-sulfate,0.13779387,0.025587679061851686,0.4897931067690804,0.6757161428435308,0.0,0.004995004995004995,0.010650366582569973,False
847,Endothelial,Enteric_glia,Varanic acid,0.13779387,0.025587679061851686,0.4897931067690804,0.6757161428435308,0.0,0.004995004995004995,0.010650366582569973,False
848,Endothelial,Enteric_glia,Water,-2.2569082,-0.24196595479649555,0.5955967282034964,0.6795983862910224,0.0,0.0919080919080919,0.10769409428127759,False
849,Endothelial,Enteric_glia,alpha-Ketoisovaleric acid,0.0,0.0,0.5,0.6757161428435308,0.0,0.000999000999000999,0.002733238922886596,False
850,Endothelial,Fibroblast,"(3a,5b,7a)-23-Carboxy-7-hydroxy-24-norcholan-3-yl-b-D-Glucopyranosiduronic acid",-0.044821907,-0.003138161173449323,0.5012519431199353,0.6757161428435308,0.0,0.003996003996003996,0.008992796112653,False
851,Endothelial,Fibroblast,17a-Ethynylestradiol,-1.9643011,-0.13752858612032356,0.5546935005198991,0.6757161428435308,0.0,0.029970029970029972,0.04174302225675122,False
852,Endothelial,Fibroblast,"1b,3a,12a-Trihydroxy-5b-cholanoic acid",-0.044821907,-0.003138161173449323,0.5012519431199353,0.6757161428435308,0.0,0.003996003996003996,0.008992796112653,False
853,Endothelial,Fibroblast,2-Hydroxychlorpropamide,-1.9643011,-0.07940216621783745,0.5316436271544882,0.6757161428435308,0.0,0.029970029970029972,0.04174302225675122,False
854,Endothelial,Fibroblast,25-Hydroxycholesterol,-10.289257,-0.7203920862972217,0.7643581894425374,0.7820683409455834,16.802908,0.4175824175824176,0.43386082038212864,False
855,Endothelial,Fibroblast,"3',4'-Dihydrodiol",-1.9643011,-0.13752858612032356,0.5546935005198991,0.6757161428435308,0.0,0.029970029970029972,0.04174302225675122,False
856,Endothelial,Fibroblast,3-Sulfodeoxycholic acid,-0.044821907,-0.003138161173449323,0.5012519431199353,0.6757161428435308,0.0,0.003996003996003996,0.008992796112653,False
857,Endothelial,Fibroblast,"3alpha,7alpha-Dihydroxycoprostanic acid",-0.044821907,-0.003138161173449323,0.5012519431199353,0.6757161428435308,0.0,0.003996003996003996,0.008992796112653,False
858,Endothelial,Fibroblast,3b-Hydroxy-5-cholenoic acid,-0.044821907,-0.003138161173449323,0.5012519431199353,0.6757161428435308,0.0,0.003996003996003996,0.008992796112653,False
859,Endothelial,Fibroblast,4'-Hydroxydiclofenac,-1.9643011,-0.13752858612032356,0.5546935005198991,0.6757161428435308,0.0,0.029970029970029972,0.04174302225675122,False
860,Endothelial,Fibroblast,4-Hydroxycyclophosphamide,-1.9643011,-0.13752858612032356,0.5546935005198991,0.6757161428435308,0.0,0.029970029970029972,0.04174302225675122,False
861,Endothelial,Fibroblast,4-ene-Valproic acid,-0.68573815,-0.02771932165422666,0.511056993413751,0.6757161428435308,0.0,0.07392607392607392,0.08918201093114786,False
862,Endothelial,Fibroblast,5-Hydroxyomeprazole,-2.0912273,-0.0654788664532969,0.5261036338264067,0.6757161428435308,0.0,0.05094905094905095,0.0646629399656034,False
863,Endothelial,Fibroblast,8-Hydroxycarvedilol,-1.9643011,-0.13752858612032356,0.5546935005198991,0.6757161428435308,0.0,0.029970029970029972,0.04174302225675122,False
864,Endothelial,Fibroblast,Acetate,-11.467528,-0.5677272506517765,0.7148899076032778,0.7420226928753493,0.0,0.3336663336663337,0.3499685240555676,False
865,Endothelial,Fibroblast,Acetyl-L-Carnitine,0.0,0.0,0.5,0.6757161428435308,0.0,0.000999000999000999,0.002733238922886596,False
866,Endothelial,Fibroblast,Adenosine diphosphate ribose,-1.431754,-0.1002428300836798,0.5399242281260678,0.6757161428435308,0.0,0.023976023976023976,0.03535971648515611,False
867,Endothelial,Fibroblast,Adenosine triphosphate,0.59754765,0.041836703701247056,0.4833144376466929,0.6757161428435308,34.687016,0.17282717282717283,0.19132047115151654,False
868,Endothelial,Fibroblast,Amiloride-sensitive sodium transport,-2.601153,-0.18211712985071862,0.5722545970728462,0.676594251050414,0.0,0.011988011988011988,0.02048481266085178,False
869,Endothelial,Fibroblast,Anion exchange,10.469275,0.42319537848285554,0.33607635919123197,0.6757161428435308,16.091158,0.1998001998001998,0.21754254054756045,False
870,Endothelial,Fibroblast,Butyrate,0.7448155,0.05214751753416125,0.4792055754646344,0.6757161428435308,0.0,0.04795204795204795,0.061416897091912365,False
871,Endothelial,Fibroblast,Chenodeoxycholic acid,-0.044821907,-0.003138161173449323,0.5012519431199353,0.6757161428435308,0.0,0.003996003996003996,0.008992796112653,False
872,Endothelial,Fibroblast,Chenodeoxycholic acid 3-sulfate,-0.044821907,-0.003138161173449323,0.5012519431199353,0.6757161428435308,0.0,0.003996003996003996,0.008992796112653,False
873,Endothelial,Fibroblast,Chloride,1.3834819,0.09686310476986154,0.46141755455640976,0.6757161428435308,0.0,0.06493506493506493,0.07952522555326293,False
874,Endothelial,Fibroblast,Chloride ion,16.154305,1.1310275434413815,0.12902174935760896,0.6757161428435308,17.26876,0.0899100899100899,0.1055495456391313,False
875,Endothelial,Fibroblast,Cholesterol,-1.7450211,-0.07053829739288695,0.5281173902311063,0.6757161428435308,0.0,0.03596403596403597,0.0489534270101247,False
876,Endothelial,Fibroblast,Cholic acid,-2.3105073,-0.09339672192566999,0.5372058026695707,0.6757161428435308,0.0,0.04595404595404595,0.059463268679479334,False
877,Endothelial,Fibroblast,Choline,0.0,0.0,0.5,0.6757161428435308,0.0,0.000999000999000999,0.002733238922886596,False
878,Endothelial,Fibroblast,Citric acid,-12.212344,-0.8550351160004923,0.8037341461761665,0.8144816786608807,0.0,0.3046953046953047,0.3222689535115969,False
879,Endothelial,Fibroblast,Coprocholic acid,-0.044821907,-0.003138161173449323,0.5012519431199353,0.6757161428435308,0.0,0.003996003996003996,0.008992796112653,False
880,Endothelial,Fibroblast,Cortisol,-1.7450211,-0.07053829739288695,0.5281173902311063,0.6757161428435308,0.0,0.03596403596403597,0.0489534270101247,False
881,Endothelial,Fibroblast,Creatine,0.0,0.0,0.5,0.6757161428435308,0.0,0.000999000999000999,0.002733238922886596,False
882,Endothelial,Fibroblast,D-Lactate,0.7448155,0.05214751753416125,0.4792055754646344,0.6757161428435308,0.0,0.04795204795204795,0.061416897091912365,False
883,Endothelial,Fibroblast,Deoxycholic acid,-0.044821907,-0.003138161173449323,0.5012519431199353,0.6757161428435308,0.0,0.003996003996003996,0.008992796112653,False
884,Endothelial,Fibroblast,Dopamine,0.0,0.0,0.5,0.6757161428435308,0.0,0.000999000999000999,0.002733238922886596,False
885,Endothelial,Fibroblast,E-3179,-1.9643011,-0.13752858612032356,0.5546935005198991,0.6757161428435308,0.0,0.029970029970029972,0.04174302225675122,False
886,Endothelial,Fibroblast,Estradiol,-13.957365,-0.4886055071358682,0.687439493311635,0.719825938560044,0.0,0.32867132867132864,0.34501713240030996,False
887,Endothelial,Fibroblast,Estriol,-1.9643011,-0.13752858612032356,0.5546935005198991,0.6757161428435308,0.0,0.029970029970029972,0.04174302225675122,False
888,Endothelial,Fibroblast,Fatty acid,-16.004145,-0.6469292050609547,0.7411611184021671,0.7626212064043238,129.09152,0.6443556443556444,0.6529719676167236,False
889,Endothelial,Fibroblast,Folic acid,0.42053732,0.020819699843021733,0.4916947414711097,0.6757161428435308,0.0,0.003996003996003996,0.008992796112653,False
890,Endothelial,Fibroblast,Folinic acid,-0.044821907,-0.003138161173449323,0.5012519431199353,0.6757161428435308,0.0,0.003996003996003996,0.008992796112653,False
891,Endothelial,Fibroblast,Glutathione,-0.044821907,-0.003138161173449323,0.5012519431199353,0.6757161428435308,0.0,0.003996003996003996,0.008992796112653,False
892,Endothelial,Fibroblast,Glycerol,-1.9643011,-0.13752858612032356,0.5546935005198991,0.6757161428435308,0.0,0.029970029970029972,0.04174302225675122,False
893,Endothelial,Fibroblast,Glycochenodeoxycholate-3-sulfate,-0.044821907,-0.003138161173449323,0.5012519431199353,0.6757161428435308,0.0,0.003996003996003996,0.008992796112653,False
894,Endothelial,Fibroblast,Glycyl-glycine,0.0,0.0,0.5,0.6757161428435308,0.0,0.000999000999000999,0.002733238922886596,False
895,Endothelial,Fibroblast,Histamine,0.0,0.0,0.5,0.6757161428435308,0.0,0.000999000999000999,0.002733238922886596,False
896,Endothelial,Fibroblast,Hydroxylansoprazole,-1.7450211,-0.07053829739288695,0.5281173902311063,0.6757161428435308,0.0,0.03596403596403597,0.0489534270101247,False
897,Endothelial,Fibroblast,Hyodeoxycholic acid,-0.044821907,-0.003138161173449323,0.5012519431199353,0.6757161428435308,0.0,0.003996003996003996,0.008992796112653,False
898,Endothelial,Fibroblast,Iron,13.899339,0.9731483596948299,0.16523978597966643,0.6757161428435308,36.609955,0.1838161838161838,0.20199227746397558,False
899,Endothelial,Fibroblast,Isoursodeoxycholic acid,-0.044821907,-0.003138161173449323,0.5012519431199353,0.6757161428435308,0.0,0.003996003996003996,0.008992796112653,False
900,Endothelial,Fibroblast,Ketone bodies,0.7448155,0.05214751753416125,0.4792055754646344,0.6757161428435308,0.0,0.04795204795204795,0.061416897091912365,False
901,Endothelial,Fibroblast,L-Arginine,-0.47377563,-0.03317092861529607,0.5132308595180499,0.6757161428435308,0.0,0.001998001998001998,0.005057316928544293,False
902,Endothelial,Fibroblast,L-Carnitine,0.0,0.0,0.5,0.6757161428435308,0.0,0.000999000999000999,0.002733238922886596,False
903,Endothelial,Fibroblast,L-Cystine,-0.47377563,-0.03317092861529607,0.5132308595180499,0.6757161428435308,0.0,0.001998001998001998,0.005057316928544293,False
904,Endothelial,Fibroblast,L-Dopa,0.0,0.0,0.5,0.6757161428435308,0.0,0.000999000999000999,0.002733238922886596,False
905,Endothelial,Fibroblast,L-Glutamate,-0.3474992,-0.017203773545427552,0.5068629741091795,0.6757161428435308,0.0,0.06793206793206794,0.08296945772673929,False
906,Endothelial,Fibroblast,L-Lactate,0.7448155,0.05214751753416125,0.4792055754646344,0.6757161428435308,0.0,0.04795204795204795,0.061416897091912365,False
907,Endothelial,Fibroblast,L-Lysine,-0.47377563,-0.03317092861529607,0.5132308595180499,0.6757161428435308,0.0,0.001998001998001998,0.005057316928544293,False
908,Endothelial,Fibroblast,L-Ornithine,-0.47377563,-0.03317092861529607,0.5132308595180499,0.6757161428435308,0.0,0.001998001998001998,0.005057316928544293,False
909,Endothelial,Fibroblast,Lithocholic acid,-0.044821907,-0.003138161173449323,0.5012519431199353,0.6757161428435308,0.0,0.003996003996003996,0.008992796112653,False
910,Endothelial,Fibroblast,N-Desmethylcitalopram,-1.9643011,-0.13752858612032356,0.5546935005198991,0.6757161428435308,0.0,0.029970029970029972,0.04174302225675122,False
911,Endothelial,Fibroblast,N-Desmethyleletriptan,-1.9643011,-0.13752858612032356,0.5546935005198991,0.6757161428435308,0.0,0.029970029970029972,0.04174302225675122,False
912,Endothelial,Fibroblast,N-Desmethyltamoxifen,-1.7450211,-0.07053829739288695,0.5281173902311063,0.6757161428435308,0.0,0.03596403596403597,0.0489534270101247,False
913,Endothelial,Fibroblast,N-desmethylimatinib,-1.7450211,-0.07053829739288695,0.5281173902311063,0.6757161428435308,0.0,0.03596403596403597,0.0489534270101247,False
914,Endothelial,Fibroblast,Neurotransmitter,-0.835237,-0.05847828866255422,0.5233161719842425,0.6757161428435308,0.0,0.004995004995004995,0.010650366582569973,False
915,Endothelial,Fibroblast,Nicotinate,-12.898083,-0.451523209334538,0.6741937493688068,0.7102124742136652,0.0,0.34965034965034963,0.3656968239608745,False
916,Endothelial,Fibroblast,Norepinephrine,0.0,0.0,0.5,0.6757161428435308,0.0,0.000999000999000999,0.002733238922886596,False
917,Endothelial,Fibroblast,O-Deethylated candesartan,-1.9643011,-0.13752858612032356,0.5546935005198991,0.6757161428435308,0.0,0.029970029970029972,0.04174302225675122,False
918,Endothelial,Fibroblast,O-Desmethylverapamil (D-702),-6.4256744,-0.14226682330873344,0.5565653744506681,0.6757161428435308,0.0,0.0969030969030969,0.11308357690546929,False
919,Endothelial,Fibroblast,Oxalic acid,-12.212344,-0.8550351160004923,0.8037341461761665,0.8144816786608807,0.0,0.3046953046953047,0.3222689535115969,False
920,Endothelial,Fibroblast,Phosphate,0.0,0.0,0.5,0.6757161428435308,0.0,0.000999000999000999,0.002733238922886596,False
921,Endothelial,Fibroblast,Progesterone,-1.9643011,-0.13752858612032356,0.5546935005198991,0.6757161428435308,0.0,0.029970029970029972,0.04174302225675122,False
922,Endothelial,Fibroblast,Pyruvate,0.7448155,0.05214751753416125,0.4792055754646344,0.6757161428435308,0.0,0.04795204795204795,0.061416897091912365,False
923,Endothelial,Fibroblast,Sodium,16.154305,0.6529990566667628,0.2568784433342689,0.6757161428435308,17.26876,0.0899100899100899,0.1055495456391313,False
924,Endothelial,Fibroblast,Sodium_hydrogen exchange,-1.0834125,-0.043794355776649335,0.517465836896372,0.6757161428435308,0.0,0.14085914085914086,0.15949666894761405,False
925,Endothelial,Fibroblast,Sulfolithocholic acid,-0.044821907,-0.003138161173449323,0.5012519431199353,0.6757161428435308,0.0,0.003996003996003996,0.008992796112653,False
926,Endothelial,Fibroblast,Taurocholic acid,-14.251169,-0.33259380685785644,0.630279540554129,0.6827504124881194,0.0,0.3856143856143856,0.4020411877199545,False
927,Endothelial,Fibroblast,Testosterone,-1.7366743,-0.060795761175583524,0.5242390669146998,0.6757161428435308,0.0,0.03996003996003996,0.05324055313464337,False
928,Endothelial,Fibroblast,Trihydroxycoprostanoic acid,-0.044821907,-0.003138161173449323,0.5012519431199353,0.6757161428435308,0.0,0.003996003996003996,0.008992796112653,False
929,Endothelial,Fibroblast,Ursocholic acid,-0.044821907,-0.003138161173449323,0.5012519431199353,0.6757161428435308,0.0,0.003996003996003996,0.008992796112653,False
930,Endothelial,Fibroblast,Ursodeoxycholic acid,-0.044821907,-0.003138161173449323,0.5012519431199353,0.6757161428435308,0.0,0.003996003996003996,0.008992796112653,False
931,Endothelial,Fibroblast,Ursodeoxycholic acid 3-sulfate,-0.044821907,-0.003138161173449323,0.5012519431199353,0.6757161428435308,0.0,0.003996003996003996,0.008992796112653,False
932,Endothelial,Fibroblast,Varanic acid,-0.044821907,-0.003138161173449323,0.5012519431199353,0.6757161428435308,0.0,0.003996003996003996,0.008992796112653,False
933,Endothelial,Fibroblast,Water,-3.7437406,-0.15133174272663452,0.5601429847263906,0.6757161428435308,0.0,0.1918081918081918,0.20942085167046112,False
934,Endothelial,Fibroblast,alpha-Ketoisovaleric acid,0.7448155,0.05214751753416125,0.4792055754646344,0.6757161428435308,0.0,0.04795204795204795,0.061416897091912365,False
935,Endothelial,IEC,"(3a,5b,7a)-23-Carboxy-7-hydroxy-24-norcholan-3-yl-b-D-Glucopyranosiduronic acid",8.6242895,0.5711575258090409,0.2839464334590813,0.6757161428435308,12.025323,0.07592407592407592,0.09101628312606014,False
936,Endothelial,IEC,17a-Ethynylestradiol,-4.7196755,-0.3125681484401199,0.6226956098726056,0.6802284449633014,0.0,0.15184815184815184,0.17037546827058064,False
937,Endothelial,IEC,"1b,3a,12a-Trihydroxy-5b-cholanoic acid",8.6242895,0.5711575258090409,0.2839464334590813,0.6757161428435308,12.025323,0.07592407592407592,0.09101628312606014,False
938,Endothelial,IEC,2-Hydroxychlorpropamide,-6.279154,-0.24008944709754573,0.5948695425067874,0.6795983862910224,0.0,0.16283716283716285,0.18125035467098818,False
939,Endothelial,IEC,25-Hydroxycholesterol,-5.1346407,-0.3400498870330799,0.6330905201985634,0.6842847504585009,0.0,0.2097902097902098,0.22771016731327345,False
940,Endothelial,IEC,"3',4'-Dihydrodiol",-4.7196755,-0.3125681484401199,0.6226956098726056,0.6802284449633014,0.0,0.15184815184815184,0.17037546827058064,False
941,Endothelial,IEC,3-Sulfodeoxycholic acid,8.6242895,0.5711575258090409,0.2839464334590813,0.6757161428435308,12.025323,0.07592407592407592,0.09101628312606014,False
942,Endothelial,IEC,"3alpha,7alpha-Dihydroxycoprostanic acid",8.6242895,0.5711575258090409,0.2839464334590813,0.6757161428435308,12.025323,0.07592407592407592,0.09101628312606014,False
943,Endothelial,IEC,3b-Hydroxy-5-cholenoic acid,8.6242895,0.5711575258090409,0.2839464334590813,0.6757161428435308,12.025323,0.07592407592407592,0.09101628312606014,False
944,Endothelial,IEC,4'-Hydroxydiclofenac,-4.7196755,-0.3125681484401199,0.6226956098726056,0.6802284449633014,0.0,0.15184815184815184,0.17037546827058064,False
945,Endothelial,IEC,4-Hydroxycyclophosphamide,-4.7196755,-0.3125681484401199,0.6226956098726056,0.6802284449633014,0.0,0.15184815184815184,0.17037546827058064,False
946,Endothelial,IEC,4-ene-Valproic acid,-2.0254202,-0.07744387650560318,0.5308647814182358,0.6757161428435308,0.0,0.3626373626373626,0.3787759898686501,False
947,Endothelial,IEC,5-Hydroxyomeprazole,17.027876,0.5043221590072586,0.30701750418729257,0.6757161428435308,27.09208,0.15984015984015984,0.17826145485719955,False
948,Endothelial,IEC,8-Hydroxycarvedilol,-4.7196755,-0.3125681484401199,0.6226956098726056,0.6802284449633014,0.0,0.15184815184815184,0.17037546827058064,False
949,Endothelial,IEC,Acetate,-5.900626,-0.2763221381014773,0.6088496730754573,0.6800205699783143,0.0,0.4305694305694306,0.44661637834461054,False
950,Endothelial,IEC,Acetyl-L-Carnitine,0.0,0.0,0.5,0.6757161428435308,0.0,0.000999000999000999,0.002733238922886596,False
951,Endothelial,IEC,Adenosine diphosphate ribose,1.0841471,0.07179939540232828,0.47138077698968783,0.6757161428435308,0.0,0.016983016983016984,0.026454476677359295,False
952,Endothelial,IEC,Adenosine triphosphate,1.1759928,0.07788202884258213,0.4689609474451206,0.6757161428435308,36.1992,0.4935064935064935,0.5077958194267699,False
953,Endothelial,IEC,Amiloride-sensitive sodium transport,-0.6587319,-0.043625584339067644,0.5173985711226763,0.6757161428435308,16.320454,0.029970029970029972,0.04174302225675122,True
954,Endothelial,IEC,Anion exchange,-7.6797514,-0.2936426337496537,0.615484502916084,0.6800205699783143,0.0,0.8441558441558441,0.8457693946703185,False
955,Endothelial,IEC,Butyrate,0.52540725,0.0347959454740712,0.4861212268592025,0.6757161428435308,0.0,0.19480519480519481,0.21225093977562368,False
956,Endothelial,IEC,Chenodeoxycholic acid,8.6242895,0.5711575258090409,0.2839464334590813,0.6757161428435308,12.025323,0.07592407592407592,0.09101628312606014,False
957,Endothelial,IEC,Chenodeoxycholic acid 3-sulfate,8.6242895,0.5711575258090409,0.2839464334590813,0.6757161428435308,12.025323,0.07592407592407592,0.09101628312606014,False
958,Endothelial,IEC,Chloride,-5.2453322,-0.3473806138419142,0.6358473022382023,0.6853117770867533,0.0,0.24175824175824176,0.2598529290258614,False
959,Endothelial,IEC,Chloride ion,4.447245,0.2945260031283528,0.38417799824182297,0.6757161428435308,20.431,0.22077922077922077,0.23877257543007196,False
960,Endothelial,IEC,Cholesterol,-7.398371,-0.2828837937999015,0.6113670409664178,0.6800205699783143,0.0,0.21978021978021978,0.23773303223002276,False
961,Endothelial,IEC,Cholic acid,19.706572,0.7534995968107225,0.2255748767487728,0.6757161428435308,27.09208,0.11788211788211789,0.13550411576727367,False
962,Endothelial,IEC,Choline,0.0,0.0,0.5,0.6757161428435308,0.0,0.000999000999000999,0.002733238922886596,False
963,Endothelial,IEC,Citric acid,-6.4260335,-0.42557446470852583,0.6647910247753243,0.7043477187923225,0.0,0.2987012987012987,0.3163015435742708,False
964,Endothelial,IEC,Coprocholic acid,8.6242895,0.5711575258090409,0.2839464334590813,0.6757161428435308,12.025323,0.07592407592407592,0.09101628312606014,False
965,Endothelial,IEC,Cortisol,-7.398371,-0.2828837937999015,0.6113670409664178,0.6800205699783143,0.0,0.21978021978021978,0.23773303223002276,False
966,Endothelial,IEC,Creatine,0.0,0.0,0.5,0.6757161428435308,0.0,0.000999000999000999,0.002733238922886596,False
967,Endothelial,IEC,D-Lactate,0.52540725,0.0347959454740712,0.4861212268592025,0.6757161428435308,0.0,0.19480519480519481,0.21225093977562368,False
968,Endothelial,IEC,Deoxycholic acid,8.6242895,0.5711575258090409,0.2839464334590813,0.6757161428435308,12.025323,0.07592407592407592,0.09101628312606014,False
969,Endothelial,IEC,Dopamine,0.0,0.0,0.5,0.6757161428435308,0.0,0.000999000999000999,0.002733238922886596,False
970,Endothelial,IEC,E-3179,-4.7196755,-0.3125681484401199,0.6226956098726056,0.6802284449633014,0.0,0.15184815184815184,0.17037546827058064,False
971,Endothelial,IEC,Estradiol,-13.824406,-0.45777181568320874,0.6764418067351822,0.7122566352365073,0.0,0.43156843156843155,0.4475788020717946,False
972,Endothelial,IEC,Estriol,-4.7196755,-0.3125681484401199,0.6226956098726056,0.6802284449633014,0.0,0.15184815184815184,0.17037546827058064,False
973,Endothelial,IEC,Fatty acid,-29.318584,-1.1210240943065464,0.8688611967293104,0.8745618382825032,222.53888,0.978021978021978,0.9783330537147331,False
974,Endothelial,IEC,Folic acid,8.835773,0.4137730032247621,0.33952017847966875,0.6757161428435308,12.025323,0.09090909090909091,0.10668249660786974,False
975,Endothelial,IEC,Folinic acid,8.6242895,0.5711575258090409,0.2839464334590813,0.6757161428435308,12.025323,0.07592407592407592,0.09101628312606014,False
976,Endothelial,IEC,Glutathione,8.6242895,0.5711575258090409,0.2839464334590813,0.6757161428435308,12.025323,0.07592407592407592,0.09101628312606014,False
977,Endothelial,IEC,Glycerol,-4.7196755,-0.3125681484401199,0.6226956098726056,0.6802284449633014,0.0,0.15184815184815184,0.17037546827058064,False
978,Endothelial,IEC,Glycochenodeoxycholate-3-sulfate,8.6242895,0.5711575258090409,0.2839464334590813,0.6757161428435308,12.025323,0.07592407592407592,0.09101628312606014,False
979,Endothelial,IEC,Glycyl-glycine,0.0,0.0,0.5,0.6757161428435308,0.0,0.000999000999000999,0.002733238922886596,False
980,Endothelial,IEC,Histamine,0.0,0.0,0.5,0.6757161428435308,0.0,0.000999000999000999,0.002733238922886596,False
981,Endothelial,IEC,Hydroxylansoprazole,-7.398371,-0.2828837937999015,0.6113670409664178,0.6800205699783143,0.0,0.21978021978021978,0.23773303223002276,False
982,Endothelial,IEC,Hyodeoxycholic acid,8.6242895,0.5711575258090409,0.2839464334590813,0.6757161428435308,12.025323,0.07592407592407592,0.09101628312606014,False
983,Endothelial,IEC,Iron,16.519499,1.0940305358153741,0.13697079299362108,0.6757161428435308,33.94991,0.09290709290709291,0.10858149654136276,False
984,Endothelial,IEC,Isoursodeoxycholic acid,8.6242895,0.5711575258090409,0.2839464334590813,0.6757161428435308,12.025323,0.07592407592407592,0.09101628312606014,False
985,Endothelial,IEC,Ketone bodies,0.52540725,0.0347959454740712,0.4861212268592025,0.6757161428435308,0.0,0.19480519480519481,0.21225093977562368,False
986,Endothelial,IEC,L-Arginine,-0.99137473,-0.06565539546353577,0.5261739074947929,0.6757161428435308,0.0,0.026973026973026972,0.03858547638397536,False
987,Endothelial,IEC,L-Carnitine,0.0,0.0,0.5,0.6757161428435308,0.0,0.000999000999000999,0.002733238922886596,False
988,Endothelial,IEC,L-Cystine,-0.99137473,-0.06565539546353577,0.5261739074947929,0.6757161428435308,0.0,0.026973026973026972,0.03858547638397536,False
989,Endothelial,IEC,L-Dopa,0.0,0.0,0.5,0.6757161428435308,0.0,0.000999000999000999,0.002733238922886596,False
990,Endothelial,IEC,L-Glutamate,1.4420388,0.0675296527969161,0.4730800281899136,0.6757161428435308,0.0,0.21478521478521478,0.23265007766471515,False
991,Endothelial,IEC,L-Lactate,0.52540725,0.0347959454740712,0.4861212268592025,0.6757161428435308,0.0,0.19480519480519481,0.21225093977562368,False
992,Endothelial,IEC,L-Lysine,-0.99137473,-0.06565539546353577,0.5261739074947929,0.6757161428435308,0.0,0.026973026973026972,0.03858547638397536,False
993,Endothelial,IEC,L-Ornithine,-0.99137473,-0.06565539546353577,0.5261739074947929,0.6757161428435308,0.0,0.026973026973026972,0.03858547638397536,False
994,Endothelial,IEC,Lithocholic acid,8.6242895,0.5711575258090409,0.2839464334590813,0.6757161428435308,12.025323,0.07592407592407592,0.09101628312606014,False
995,Endothelial,IEC,N-Desmethylcitalopram,-4.7196755,-0.3125681484401199,0.6226956098726056,0.6802284449633014,0.0,0.15184815184815184,0.17037546827058064,False
996,Endothelial,IEC,N-Desmethyleletriptan,-4.7196755,-0.3125681484401199,0.6226956098726056,0.6802284449633014,0.0,0.15184815184815184,0.17037546827058064,False
997,Endothelial,IEC,N-Desmethyltamoxifen,-7.398371,-0.2828837937999015,0.6113670409664178,0.6800205699783143,0.0,0.21978021978021978,0.23773303223002276,False
998,Endothelial,IEC,N-desmethylimatinib,-7.398371,-0.2828837937999015,0.6113670409664178,0.6800205699783143,0.0,0.21978021978021978,0.23773303223002276,False
999,Endothelial,IEC,Neurotransmitter,0.5840746,0.0386812864202395,0.48457224675773847,0.6757161428435308,0.0,0.027972027972027972,0.039797343574769495,False
1000,Endothelial,IEC,Nicotinate,-8.451454,-0.2798556125653162,0.6102058585078971,0.6800205699783143,0.0,0.5524475524475524,0.5642895590930667,False
1001,Endothelial,IEC,Norepinephrine,0.0,0.0,0.5,0.6757161428435308,0.0,0.000999000999000999,0.002733238922886596,False
1002,Endothelial,IEC,O-Deethylated candesartan,-4.7196755,-0.3125681484401199,0.6226956098726056,0.6802284449633014,0.0,0.15184815184815184,0.17037546827058064,False
1003,Endothelial,IEC,O-Desmethylverapamil (D-702),0.47230148,0.009891266105557081,0.49605402008779814,0.6757161428435308,27.09208,0.3436563436563437,0.36008635708785636,False
1004,Endothelial,IEC,Oxalic acid,-6.4260335,-0.42557446470852583,0.6647910247753243,0.7043477187923225,0.0,0.2987012987012987,0.3163015435742708,False
1005,Endothelial,IEC,Phosphate,0.0,0.0,0.5,0.6757161428435308,0.0,0.000999000999000999,0.002733238922886596,False
1006,Endothelial,IEC,Progesterone,-4.7196755,-0.3125681484401199,0.6226956098726056,0.6802284449633014,0.0,0.15184815184815184,0.17037546827058064,False
1007,Endothelial,IEC,Pyruvate,0.52540725,0.0347959454740712,0.4861212268592025,0.6757161428435308,0.0,0.19480519480519481,0.21225093977562368,False
1008,Endothelial,IEC,Sodium,4.630352,0.17704593446797143,0.42973615447956176,0.6757161428435308,20.431,0.3256743256743257,0.3420994503158832,False
1009,Endothelial,IEC,Sodium_hydrogen exchange,3.0968468,0.11841089760802545,0.4528710457422729,0.6757161428435308,0.0,0.7862137862137862,0.7894771256840223,False
1010,Endothelial,IEC,Sulfolithocholic acid,8.6242895,0.5711575258090409,0.2839464334590813,0.6757161428435308,12.025323,0.07592407592407592,0.09101628312606014,False
1011,Endothelial,IEC,Taurocholic acid,3.5637445,0.07867158270239843,0.46864692456077084,0.6757161428435308,27.09208,0.42657342657342656,0.44269045588959793,False
1012,Endothelial,IEC,Testosterone,-7.68724,-0.25454995701084876,0.6004646427003608,0.6795983862910224,0.0,0.22677322677322678,0.24458223532297607,False
1013,Endothelial,IEC,Trihydroxycoprostanoic acid,8.6242895,0.5711575258090409,0.2839464334590813,0.6757161428435308,12.025323,0.07592407592407592,0.09101628312606014,False
1014,Endothelial,IEC,Ursocholic acid,8.6242895,0.5711575258090409,0.2839464334590813,0.6757161428435308,12.025323,0.07592407592407592,0.09101628312606014,False
1015,Endothelial,IEC,Ursodeoxycholic acid,8.6242895,0.5711575258090409,0.2839464334590813,0.6757161428435308,12.025323,0.07592407592407592,0.09101628312606014,False
1016,Endothelial,IEC,Ursodeoxycholic acid 3-sulfate,8.6242895,0.5711575258090409,0.2839464334590813,0.6757161428435308,12.025323,0.07592407592407592,0.09101628312606014,False
1017,Endothelial,IEC,Varanic acid,8.6242895,0.5711575258090409,0.2839464334590813,0.6757161428435308,12.025323,0.07592407592407592,0.09101628312606014,False
1018,Endothelial,IEC,Water,25.354795,0.969464834443461,0.16615665873747815,0.6757161428435308,32.022278,0.34765234765234765,0.36372808827898645,False
1019,Endothelial,IEC,alpha-Ketoisovaleric acid,0.52540725,0.0347959454740712,0.4861212268592025,0.6757161428435308,0.0,0.19480519480519481,0.21225093977562368,False
1020,Endothelial,MAST,"(3a,5b,7a)-23-Carboxy-7-hydroxy-24-norcholan-3-yl-b-D-Glucopyranosiduronic acid",0.0,0.0,0.5,0.6757161428435308,0.0,0.000999000999000999,0.002733238922886596,False
1021,Endothelial,MAST,17a-Ethynylestradiol,0.0,0.0,0.5,0.6757161428435308,0.0,0.000999000999000999,0.002733238922886596,False
1022,Endothelial,MAST,"1b,3a,12a-Trihydroxy-5b-cholanoic acid",0.0,0.0,0.5,0.6757161428435308,0.0,0.000999000999000999,0.002733238922886596,False
1023,Endothelial,MAST,2-Hydroxychlorpropamide,0.0,0.0,0.5,0.6757161428435308,0.0,0.000999000999000999,0.002733238922886596,False
1024,Endothelial,MAST,25-Hydroxycholesterol,0.72390807,0.14776711535175657,0.4412632812649987,0.6757161428435308,0.0,0.07192807192807193,0.08702203739710954,False
1025,Endothelial,MAST,"3',4'-Dihydrodiol",0.0,0.0,0.5,0.6757161428435308,0.0,0.000999000999000999,0.002733238922886596,False
1026,Endothelial,MAST,3-Sulfodeoxycholic acid,0.0,0.0,0.5,0.6757161428435308,0.0,0.000999000999000999,0.002733238922886596,False
1027,Endothelial,MAST,"3alpha,7alpha-Dihydroxycoprostanic acid",0.0,0.0,0.5,0.6757161428435308,0.0,0.000999000999000999,0.002733238922886596,False
1028,Endothelial,MAST,3b-Hydroxy-5-cholenoic acid,0.0,0.0,0.5,0.6757161428435308,0.0,0.000999000999000999,0.002733238922886596,False
1029,Endothelial,MAST,4'-Hydroxydiclofenac,0.0,0.0,0.5,0.6757161428435308,0.0,0.000999000999000999,0.002733238922886596,False
1030,Endothelial,MAST,4-Hydroxycyclophosphamide,0.0,0.0,0.5,0.6757161428435308,0.0,0.000999000999000999,0.002733238922886596,False
1031,Endothelial,MAST,4-ene-Valproic acid,-0.42326447,-0.04988219659535608,0.5198918676506042,0.6757161428435308,0.0,0.004995004995004995,0.010650366582569973,False
1032,Endothelial,MAST,5-Hydroxyomeprazole,-2.7361665,-0.24977668344228834,0.5986199738803692,0.6795983862910224,0.0,0.011988011988011988,0.02048481266085178,False
1033,Endothelial,MAST,8-Hydroxycarvedilol,0.0,0.0,0.5,0.6757161428435308,0.0,0.000999000999000999,0.002733238922886596,False
1034,Endothelial,MAST,Acetate,-2.3369238,-0.3373059016874152,0.6320568443850565,0.6835905814354256,0.0,0.030969030969030968,0.04302014240176784,False
1035,Endothelial,MAST,Acetyl-L-Carnitine,0.0,0.0,0.5,0.6757161428435308,0.0,0.000999000999000999,0.002733238922886596,False
1036,Endothelial,MAST,Adenosine diphosphate ribose,0.23909897,0.048805872085425174,0.48053700125298526,0.6757161428435308,0.0,0.007992007992007992,0.015114170255481141,False
1037,Endothelial,MAST,Adenosine triphosphate,-0.10711575,-0.02186491152098198,0.508722142685295,0.6757161428435308,0.0,0.052947052947052944,0.06692865012800704,False
1038,Endothelial,MAST,Amiloride-sensitive sodium transport,0.1690685,0.034510963129710685,0.48623485012174267,0.6757161428435308,0.0,0.002997002997002997,0.007184126848760995,False
1039,Endothelial,MAST,Anion exchange,-0.1175567,-0.013854189794721848,0.5055268452667877,0.6757161428435308,0.0,0.029970029970029972,0.04174302225675122,False
1040,Endothelial,MAST,Butyrate,0.0,0.0,0.5,0.6757161428435308,0.0,0.000999000999000999,0.002733238922886596,False
1041,Endothelial,MAST,Chenodeoxycholic acid,0.0,0.0,0.5,0.6757161428435308,0.0,0.000999000999000999,0.002733238922886596,False
1042,Endothelial,MAST,Chenodeoxycholic acid 3-sulfate,0.0,0.0,0.5,0.6757161428435308,0.0,0.000999000999000999,0.002733238922886596,False
1043,Endothelial,MAST,Chloride,0.0,0.0,0.5,0.6757161428435308,0.0,0.000999000999000999,0.002733238922886596,False
1044,Endothelial,MAST,Chloride ion,0.39480135,0.08058848778832106,0.46788461091970757,0.6757161428435308,0.0,0.01898101898101898,0.02908419229978304,False
1045,Endothelial,MAST,Cholesterol,-2.7361665,-0.3224603117476349,0.6264480000440045,0.6819956866227408,0.0,0.011988011988011988,0.02048481266085178,False
1046,Endothelial,MAST,Cholic acid,0.0,0.0,0.5,0.6757161428435308,0.0,0.000999000999000999,0.002733238922886596,False
1047,Endothelial,MAST,Choline,0.0,0.0,0.5,0.6757161428435308,0.0,0.000999000999000999,0.002733238922886596,False
1048,Endothelial,MAST,Citric acid,-2.3369238,-0.47702258083482846,0.6833269788916629,0.7166085460665146,0.0,0.030969030969030968,0.04302014240176784,False
1049,Endothelial,MAST,Coprocholic acid,0.0,0.0,0.5,0.6757161428435308,0.0,0.000999000999000999,0.002733238922886596,False
1050,Endothelial,MAST,Cortisol,-2.7361665,-0.3224603117476349,0.6264480000440045,0.6819956866227408,0.0,0.011988011988011988,0.02048481266085178,False
1051,Endothelial,MAST,Creatine,0.0,0.0,0.5,0.6757161428435308,0.0,0.000999000999000999,0.002733238922886596,False
1052,Endothelial,MAST,D-Lactate,0.0,0.0,0.5,0.6757161428435308,0.0,0.000999000999000999,0.002733238922886596,False
1053,Endothelial,MAST,Deoxycholic acid,0.0,0.0,0.5,0.6757161428435308,0.0,0.000999000999000999,0.002733238922886596,False
1054,Endothelial,MAST,Dopamine,0.0,0.0,0.5,0.6757161428435308,0.0,0.000999000999000999,0.002733238922886596,False
1055,Endothelial,MAST,E-3179,0.0,0.0,0.5,0.6757161428435308,0.0,0.000999000999000999,0.002733238922886596,False
1056,Endothelial,MAST,Estradiol,-5.07309,-0.5177700877696214,0.69769065465771,0.7280149664560378,0.0,0.04195804195804196,0.05543290987525392,False
1057,Endothelial,MAST,Estriol,0.0,0.0,0.5,0.6757161428435308,0.0,0.000999000999000999,0.002733238922886596,False
1058,Endothelial,MAST,Fatty acid,1.0228558,0.12054470718819016,0.4520258333026277,0.6757161428435308,38.08642,0.1798201798201798,0.19864224289935564,False
1059,Endothelial,MAST,Folic acid,0.13804385,0.019924913584677656,0.49205163546088343,0.6757161428435308,0.0,0.002997002997002997,0.007184126848760995,False
1060,Endothelial,MAST,Folinic acid,0.0,0.0,0.5,0.6757161428435308,0.0,0.000999000999000999,0.002733238922886596,False
1061,Endothelial,MAST,Glutathione,0.0,0.0,0.5,0.6757161428435308,0.0,0.000999000999000999,0.002733238922886596,False
1062,Endothelial,MAST,Glycerol,0.0,0.0,0.5,0.6757161428435308,0.0,0.000999000999000999,0.002733238922886596,False
1063,Endothelial,MAST,Glycochenodeoxycholate-3-sulfate,0.0,0.0,0.5,0.6757161428435308,0.0,0.000999000999000999,0.002733238922886596,False
1064,Endothelial,MAST,Glycyl-glycine,0.0,0.0,0.5,0.6757161428435308,0.0,0.000999000999000999,0.002733238922886596,False
1065,Endothelial,MAST,Histamine,0.0,0.0,0.5,0.6757161428435308,0.0,0.000999000999000999,0.002733238922886596,False
1066,Endothelial,MAST,Hydroxylansoprazole,-2.7361665,-0.3224603117476349,0.6264480000440045,0.6819956866227408,0.0,0.011988011988011988,0.02048481266085178,False
1067,Endothelial,MAST,Hyodeoxycholic acid,0.0,0.0,0.5,0.6757161428435308,0.0,0.000999000999000999,0.002733238922886596,False
1068,Endothelial,MAST,Iron,0.045145452,0.009215276805212702,0.49632368848974673,0.6757161428435308,0.0,0.07392607392607392,0.08918201093114786,False
1069,Endothelial,MAST,Isoursodeoxycholic acid,0.0,0.0,0.5,0.6757161428435308,0.0,0.000999000999000999,0.002733238922886596,False
1070,Endothelial,MAST,Ketone bodies,0.0,0.0,0.5,0.6757161428435308,0.0,0.000999000999000999,0.002733238922886596,False
1071,Endothelial,MAST,L-Arginine,-2.2899196,-0.4674278840192244,0.6799031116586385,0.7137167176790447,0.0,0.000999000999000999,0.002733238922886596,False
1072,Endothelial,MAST,L-Carnitine,0.0,0.0,0.5,0.6757161428435308,0.0,0.000999000999000999,0.002733238922886596,False
1073,Endothelial,MAST,L-Cystine,-2.2899196,-0.4674278840192244,0.6799031116586385,0.7137167176790447,0.0,0.000999000999000999,0.002733238922886596,False
1074,Endothelial,MAST,L-Dopa,0.0,0.0,0.5,0.6757161428435308,0.0,0.000999000999000999,0.002733238922886596,False
1075,Endothelial,MAST,L-Glutamate,0.0,0.0,0.5,0.6757161428435308,0.0,0.000999000999000999,0.002733238922886596,False
1076,Endothelial,MAST,L-Lactate,0.0,0.0,0.5,0.6757161428435308,0.0,0.000999000999000999,0.002733238922886596,False
1077,Endothelial,MAST,L-Lysine,-2.2899196,-0.4674278840192244,0.6799031116586385,0.7137167176790447,0.0,0.000999000999000999,0.002733238922886596,False
1078,Endothelial,MAST,L-Ornithine,-2.2899196,-0.4674278840192244,0.6799031116586385,0.7137167176790447,0.0,0.000999000999000999,0.002733238922886596,False
1079,Endothelial,MAST,Lithocholic acid,0.0,0.0,0.5,0.6757161428435308,0.0,0.000999000999000999,0.002733238922886596,False
1080,Endothelial,MAST,N-Desmethylcitalopram,0.0,0.0,0.5,0.6757161428435308,0.0,0.000999000999000999,0.002733238922886596,False
1081,Endothelial,MAST,N-Desmethyleletriptan,0.0,0.0,0.5,0.6757161428435308,0.0,0.000999000999000999,0.002733238922886596,False
1082,Endothelial,MAST,N-Desmethyltamoxifen,-2.7361665,-0.3224603117476349,0.6264480000440045,0.6819956866227408,0.0,0.011988011988011988,0.02048481266085178,False
1083,Endothelial,MAST,N-desmethylimatinib,-2.7361665,-0.3224603117476349,0.6264480000440045,0.6819956866227408,0.0,0.011988011988011988,0.02048481266085178,False
1084,Endothelial,MAST,Neurotransmitter,0.0,0.0,0.5,0.6757161428435308,0.0,0.000999000999000999,0.002733238922886596,False
1085,Endothelial,MAST,Nicotinate,-2.7601883,-0.281710542907249,0.6109172651450515,0.6800205699783143,0.0,0.03496503496503497,0.04777972407779056,False
1086,Endothelial,MAST,Norepinephrine,0.0,0.0,0.5,0.6757161428435308,0.0,0.000999000999000999,0.002733238922886596,False
1087,Endothelial,MAST,O-Deethylated candesartan,0.0,0.0,0.5,0.6757161428435308,0.0,0.000999000999000999,0.002733238922886596,False
1088,Endothelial,MAST,O-Desmethylverapamil (D-702),-5.9412513,-0.3835061209171929,0.6493277336406768,0.6946039871768465,0.0,0.017982017982017984,0.027654497092149906,False
1089,Endothelial,MAST,Oxalic acid,-2.3369238,-0.47702258083482846,0.6833269788916629,0.7166085460665146,0.0,0.030969030969030968,0.04302014240176784,False
1090,Endothelial,MAST,Phosphate,0.0,0.0,0.5,0.6757161428435308,0.0,0.000999000999000999,0.002733238922886596,False
1091,Endothelial,MAST,Progesterone,0.0,0.0,0.5,0.6757161428435308,0.0,0.000999000999000999,0.002733238922886596,False
1092,Endothelial,MAST,Pyruvate,0.0,0.0,0.5,0.6757161428435308,0.0,0.000999000999000999,0.002733238922886596,False
1093,Endothelial,MAST,Sodium,0.39480135,0.04652778511817204,0.4814447943701192,0.6757161428435308,0.0,0.01898101898101898,0.02908419229978304,False
1094,Endothelial,MAST,Sodium_hydrogen exchange,0.75971556,0.0895333370328644,0.4643290304200589,0.6757161428435308,0.0,0.04095904095904096,0.054352820175604985,False
1095,Endothelial,MAST,Sulfolithocholic acid,0.0,0.0,0.5,0.6757161428435308,0.0,0.000999000999000999,0.002733238922886596,False
1096,Endothelial,MAST,Taurocholic acid,-5.0730906,-0.34518009095774,0.635020507442131,0.6847726713202476,0.0,0.04195804195804196,0.05543290987525392,False
1097,Endothelial,MAST,Testosterone,-2.7361665,-0.2792588216857015,0.6099768974122958,0.6800205699783143,0.0,0.011988011988011988,0.02048481266085178,False
1098,Endothelial,MAST,Trihydroxycoprostanoic acid,0.0,0.0,0.5,0.6757161428435308,0.0,0.000999000999000999,0.002733238922886596,False
1099,Endothelial,MAST,Ursocholic acid,0.0,0.0,0.5,0.6757161428435308,0.0,0.000999000999000999,0.002733238922886596,False
1100,Endothelial,MAST,Ursodeoxycholic acid,0.0,0.0,0.5,0.6757161428435308,0.0,0.000999000999000999,0.002733238922886596,False
1101,Endothelial,MAST,Ursodeoxycholic acid 3-sulfate,0.0,0.0,0.5,0.6757161428435308,0.0,0.000999000999000999,0.002733238922886596,False
1102,Endothelial,MAST,Varanic acid,0.0,0.0,0.5,0.6757161428435308,0.0,0.000999000999000999,0.002733238922886596,False
1103,Endothelial,MAST,Water,-0.7815473,-0.09210623354706043,0.5366931820731248,0.6757161428435308,0.0,0.03796203796203796,0.05117471469807518,False
1104,Endothelial,MAST,alpha-Ketoisovaleric acid,0.0,0.0,0.5,0.6757161428435308,0.0,0.000999000999000999,0.002733238922886596,False
1105,Endothelial,MNP,"(3a,5b,7a)-23-Carboxy-7-hydroxy-24-norcholan-3-yl-b-D-Glucopyranosiduronic acid",-0.032076128,-0.003586220113825959,0.5014306917635488,0.6757161428435308,0.0,0.006993006993006993,0.013630621005892154,False
1106,Endothelial,MNP,17a-Ethynylestradiol,0.24450167,0.027336117203819302,0.48909582513058747,0.6757161428435308,0.0,0.004995004995004995,0.010650366582569973,False
1107,Endothelial,MNP,"1b,3a,12a-Trihydroxy-5b-cholanoic acid",-0.032076128,-0.003586220113825959,0.5014306917635488,0.6757161428435308,0.0,0.006993006993006993,0.013630621005892154,False
1108,Endothelial,MNP,2-Hydroxychlorpropamide,0.24450167,0.015782514626224233,0.49370394900384507,0.6757161428435308,0.0,0.004995004995004995,0.010650366582569973,False
1109,Endothelial,MNP,25-Hydroxycholesterol,-1.5416846,-0.172365581351507,0.5684249353631584,0.6757161428435308,0.0,0.5414585414585414,0.5537844269551587,False
1110,Endothelial,MNP,"3',4'-Dihydrodiol",0.24450167,0.027336117203819302,0.48909582513058747,0.6757161428435308,0.0,0.004995004995004995,0.010650366582569973,False
1111,Endothelial,MNP,3-Sulfodeoxycholic acid,-0.032076128,-0.003586220113825959,0.5014306917635488,0.6757161428435308,0.0,0.006993006993006993,0.013630621005892154,False
1112,Endothelial,MNP,"3alpha,7alpha-Dihydroxycoprostanic acid",-0.032076128,-0.003586220113825959,0.5014306917635488,0.6757161428435308,0.0,0.006993006993006993,0.013630621005892154,False
1113,Endothelial,MNP,3b-Hydroxy-5-cholenoic acid,-0.032076128,-0.003586220113825959,0.5014306917635488,0.6757161428435308,0.0,0.006993006993006993,0.013630621005892154,False
1114,Endothelial,MNP,4'-Hydroxydiclofenac,0.24450167,0.027336117203819302,0.48909582513058747,0.6757161428435308,0.0,0.004995004995004995,0.010650366582569973,False
1115,Endothelial,MNP,4-Hydroxycyclophosphamide,0.24450167,0.027336117203819302,0.48909582513058747,0.6757161428435308,0.0,0.004995004995004995,0.010650366582569973,False
1116,Endothelial,MNP,4-ene-Valproic acid,-1.7014396,-0.10982745515356075,0.5437268916559774,0.6757161428435308,0.0,0.01898101898101898,0.02908419229978304,False
1117,Endothelial,MNP,5-Hydroxyomeprazole,1.3937196,0.06968597769737243,0.47222180141204745,0.6757161428435308,0.0,0.03996003996003996,0.05324055313464337,False
1118,Endothelial,MNP,8-Hydroxycarvedilol,0.24450167,0.027336117203819302,0.48909582513058747,0.6757161428435308,0.0,0.004995004995004995,0.010650366582569973,False
1119,Endothelial,MNP,Acetate,-4.8924513,-0.38678223515447197,0.6505412850421693,0.6954290759543245,0.0,0.5404595404595405,0.5537844269551587,False
1120,Endothelial,MNP,Acetyl-L-Carnitine,0.0,0.0,0.5,0.6757161428435308,0.0,0.000999000999000999,0.002733238922886596,False
1121,Endothelial,MNP,Adenosine diphosphate ribose,-4.5140457,-0.5046856536512043,0.6931101805108343,0.7243168359217723,0.0,0.03296703296703297,0.04551418730523208,False
1122,Endothelial,MNP,Adenosine triphosphate,9.955671,1.1130778905877137,0.13283748917358762,0.6757161428435308,16.669178,0.2807192807192807,0.2989206493523406,False
1123,Endothelial,MNP,Amiloride-sensitive sodium transport,0.2887941,0.03228816198686021,0.4871211248249544,0.6757161428435308,0.0,0.003996003996003996,0.008992796112653,False
1124,Endothelial,MNP,Anion exchange,0.62123716,0.040100686166367736,0.48400642738076854,0.6757161428435308,0.0,0.05094905094905095,0.0646629399656034,False
1125,Endothelial,MNP,Butyrate,-1.5649674,-0.17496867376377304,0.5694478757219555,0.6757161428435308,0.0,0.000999000999000999,0.002733238922886596,False
1126,Endothelial,MNP,Chenodeoxycholic acid,-0.032076128,-0.003586220113825959,0.5014306917635488,0.6757161428435308,0.0,0.006993006993006993,0.013630621005892154,False
1127,Endothelial,MNP,Chenodeoxycholic acid 3-sulfate,-0.032076128,-0.003586220113825959,0.5014306917635488,0.6757161428435308,0.0,0.006993006993006993,0.013630621005892154,False
1128,Endothelial,MNP,Chloride,-0.34497,-0.03856881715364746,0.5153829179538358,0.6757161428435308,0.0,0.00999000999000999,0.017922750381392707,False
1129,Endothelial,MNP,Chloride ion,1.0679724,0.1194029466447894,0.45247806345645897,0.6757161428435308,0.0,0.04995004995004995,0.06360036724409195,False
1130,Endothelial,MNP,Cholesterol,0.8790733,0.05674393892502338,0.47737458608994016,0.6757161428435308,0.0,0.016983016983016984,0.026454476677359295,False
1131,Endothelial,MNP,Cholic acid,0.7591479,0.04900278510137,0.48045853820902923,0.6757161428435308,0.0,0.027972027972027972,0.039797343574769495,False
1132,Endothelial,MNP,Choline,0.0,0.0,0.5,0.6757161428435308,0.0,0.000999000999000999,0.002733238922886596,False
1133,Endothelial,MNP,Citric acid,-3.3274841,-0.3720240355326684,0.6450625230406202,0.6912169114012778,0.0,0.5404595404595405,0.5537844269551587,False
1134,Endothelial,MNP,Coprocholic acid,-0.032076128,-0.003586220113825959,0.5014306917635488,0.6757161428435308,0.0,0.006993006993006993,0.013630621005892154,False
1135,Endothelial,MNP,Cortisol,0.8790733,0.05674393892502338,0.47737458608994016,0.6757161428435308,0.0,0.016983016983016984,0.026454476677359295,False
1136,Endothelial,MNP,Creatine,0.0,0.0,0.5,0.6757161428435308,0.0,0.000999000999000999,0.002733238922886596,False
1137,Endothelial,MNP,D-Lactate,-1.5649674,-0.17496867376377304,0.5694478757219555,0.6757161428435308,0.0,0.000999000999000999,0.002733238922886596,False
1138,Endothelial,MNP,Deoxycholic acid,-0.032076128,-0.003586220113825959,0.5014306917635488,0.6757161428435308,0.0,0.006993006993006993,0.013630621005892154,False
1139,Endothelial,MNP,Dopamine,0.0,0.0,0.5,0.6757161428435308,0.0,0.000999000999000999,0.002733238922886596,False
1140,Endothelial,MNP,E-3179,0.24450167,0.027336117203819302,0.48909582513058747,0.6757161428435308,0.0,0.004995004995004995,0.010650366582569973,False
1141,Endothelial,MNP,Estradiol,-2.448411,-0.1368703351424741,0.5544333563734032,0.6757161428435308,0.0,0.5484515484515484,0.5603899024951656,False
1142,Endothelial,MNP,Estriol,0.24450167,0.027336117203819302,0.48909582513058747,0.6757161428435308,0.0,0.004995004995004995,0.010650366582569973,False
1143,Endothelial,MNP,Fatty acid,-14.337006,-0.9254497330380825,0.8226339902661315,0.8310902343035603,54.372963,0.5064935064935064,0.520307717759947,False
1144,Endothelial,MNP,Folic acid,0.25671798,0.02029533832066475,0.49190388725181294,0.6757161428435308,0.0,0.00999000999000999,0.017922750381392707,False
1145,Endothelial,MNP,Folinic acid,-0.032076128,-0.003586220113825959,0.5014306917635488,0.6757161428435308,0.0,0.006993006993006993,0.013630621005892154,False
1146,Endothelial,MNP,Glutathione,-0.032076128,-0.003586220113825959,0.5014306917635488,0.6757161428435308,0.0,0.006993006993006993,0.013630621005892154,False
1147,Endothelial,MNP,Glycerol,0.24450167,0.027336117203819302,0.48909582513058747,0.6757161428435308,0.0,0.004995004995004995,0.010650366582569973,False
1148,Endothelial,MNP,Glycochenodeoxycholate-3-sulfate,-0.032076128,-0.003586220113825959,0.5014306917635488,0.6757161428435308,0.0,0.006993006993006993,0.013630621005892154,False
1149,Endothelial,MNP,Glycyl-glycine,0.0,0.0,0.5,0.6757161428435308,0.0,0.000999000999000999,0.002733238922886596,False
1150,Endothelial,MNP,Histamine,0.0,0.0,0.5,0.6757161428435308,0.0,0.000999000999000999,0.002733238922886596,False
1151,Endothelial,MNP,Hydroxylansoprazole,0.8790733,0.05674393892502338,0.47737458608994016,0.6757161428435308,0.0,0.016983016983016984,0.026454476677359295,False
1152,Endothelial,MNP,Hyodeoxycholic acid,-0.032076128,-0.003586220113825959,0.5014306917635488,0.6757161428435308,0.0,0.006993006993006993,0.013630621005892154,False
1153,Endothelial,MNP,Iron,3.5147822,0.3929645951833777,0.34717281555956614,0.6757161428435308,84.74039,0.06593406593406594,0.08059177511179066,False
1154,Endothelial,MNP,Isoursodeoxycholic acid,-0.032076128,-0.003586220113825959,0.5014306917635488,0.6757161428435308,0.0,0.006993006993006993,0.013630621005892154,False
1155,Endothelial,MNP,Ketone bodies,-1.5649674,-0.17496867376377304,0.5694478757219555,0.6757161428435308,0.0,0.000999000999000999,0.002733238922886596,False
1156,Endothelial,MNP,L-Arginine,0.20420827,0.022831178632552143,0.49089246877503,0.6757161428435308,0.0,0.001998001998001998,0.005057316928544293,False
1157,Endothelial,MNP,L-Carnitine,0.0,0.0,0.5,0.6757161428435308,0.0,0.000999000999000999,0.002733238922886596,False
1158,Endothelial,MNP,L-Cystine,0.20420827,0.022831178632552143,0.49089246877503,0.6757161428435308,0.0,0.001998001998001998,0.005057316928544293,False
1159,Endothelial,MNP,L-Dopa,0.0,0.0,0.5,0.6757161428435308,0.0,0.000999000999000999,0.002733238922886596,False
1160,Endothelial,MNP,L-Glutamate,-1.5649674,-0.12372153571358067,0.5492321201832809,0.6757161428435308,0.0,0.000999000999000999,0.002733238922886596,False
1161,Endothelial,MNP,L-Lactate,-1.5649674,-0.17496867376377304,0.5694478757219555,0.6757161428435308,0.0,0.000999000999000999,0.002733238922886596,False
1162,Endothelial,MNP,L-Lysine,0.20420827,0.022831178632552143,0.49089246877503,0.6757161428435308,0.0,0.001998001998001998,0.005057316928544293,False
1163,Endothelial,MNP,L-Ornithine,0.20420827,0.022831178632552143,0.49089246877503,0.6757161428435308,0.0,0.001998001998001998,0.005057316928544293,False
1164,Endothelial,MNP,Lithocholic acid,-0.032076128,-0.003586220113825959,0.5014306917635488,0.6757161428435308,0.0,0.006993006993006993,0.013630621005892154,False
1165,Endothelial,MNP,N-Desmethylcitalopram,0.24450167,0.027336117203819302,0.48909582513058747,0.6757161428435308,0.0,0.004995004995004995,0.010650366582569973,False
1166,Endothelial,MNP,N-Desmethyleletriptan,0.24450167,0.027336117203819302,0.48909582513058747,0.6757161428435308,0.0,0.004995004995004995,0.010650366582569973,False
1167,Endothelial,MNP,N-Desmethyltamoxifen,0.8790733,0.05674393892502338,0.47737458608994016,0.6757161428435308,0.0,0.016983016983016984,0.026454476677359295,False
1168,Endothelial,MNP,N-desmethylimatinib,0.8790733,0.05674393892502338,0.47737458608994016,0.6757161428435308,0.0,0.016983016983016984,0.026454476677359295,False
1169,Endothelial,MNP,Neurotransmitter,-0.63844836,-0.07138069638383258,0.5284526137652031,0.6757161428435308,0.0,0.000999000999000999,0.002733238922886596,False
1170,Endothelial,MNP,Nicotinate,-5.028924,-0.2811253972903177,0.6106928889353176,0.6800205699783143,0.0,0.5474525474525475,0.5594600363081272,False
1171,Endothelial,MNP,Norepinephrine,0.0,0.0,0.5,0.6757161428435308,0.0,0.000999000999000999,0.002733238922886596,False
1172,Endothelial,MNP,O-Deethylated candesartan,0.24450167,0.027336117203819302,0.48909582513058747,0.6757161428435308,0.0,0.004995004995004995,0.010650366582569973,False
1173,Endothelial,MNP,O-Desmethylverapamil (D-702),1.4164196,0.050077996102140705,0.48003011715003513,0.6757161428435308,0.0,0.07092907092907093,0.085995346211229,False
1174,Endothelial,MNP,Oxalic acid,-3.3274841,-0.3720240355326684,0.6450625230406202,0.6912169114012778,0.0,0.5404595404595405,0.5537844269551587,False
1175,Endothelial,MNP,Phosphate,0.0,0.0,0.5,0.6757161428435308,0.0,0.000999000999000999,0.002733238922886596,False
1176,Endothelial,MNP,Progesterone,0.24450167,0.027336117203819302,0.48909582513058747,0.6757161428435308,0.0,0.004995004995004995,0.010650366582569973,False
1177,Endothelial,MNP,Pyruvate,-1.5649674,-0.17496867376377304,0.5694478757219555,0.6757161428435308,0.0,0.000999000999000999,0.002733238922886596,False
1178,Endothelial,MNP,Sodium,1.0679724,0.06893732338740369,0.472519754703062,0.6757161428435308,0.0,0.04995004995004995,0.06360036724409195,False
1179,Endothelial,MNP,Sodium_hydrogen exchange,-1.5642172,-0.10096978672447199,0.5402127778616623,0.6757161428435308,0.0,0.015984015984015984,0.025433711241958142,False
1180,Endothelial,MNP,Sulfolithocholic acid,-0.032076128,-0.003586220113825959,0.5014306917635488,0.6757161428435308,0.0,0.006993006993006993,0.013630621005892154,False
1181,Endothelial,MNP,Taurocholic acid,-6.263973,-0.23344449941871878,0.5922918690048489,0.6795983862910224,0.0,0.5604395604395604,0.571988452890611,False
1182,Endothelial,MNP,Testosterone,1.0831066,0.06054750168038772,0.4758597921741755,0.6757161428435308,0.0,0.016983016983016984,0.026454476677359295,False
1183,Endothelial,MNP,Trihydroxycoprostanoic acid,-0.032076128,-0.003586220113825959,0.5014306917635488,0.6757161428435308,0.0,0.006993006993006993,0.013630621005892154,False
1184,Endothelial,MNP,Ursocholic acid,-0.032076128,-0.003586220113825959,0.5014306917635488,0.6757161428435308,0.0,0.006993006993006993,0.013630621005892154,False
1185,Endothelial,MNP,Ursodeoxycholic acid,-0.032076128,-0.003586220113825959,0.5014306917635488,0.6757161428435308,0.0,0.006993006993006993,0.013630621005892154,False
1186,Endothelial,MNP,Ursodeoxycholic acid 3-sulfate,-0.032076128,-0.003586220113825959,0.5014306917635488,0.6757161428435308,0.0,0.006993006993006993,0.013630621005892154,False
1187,Endothelial,MNP,Varanic acid,-0.032076128,-0.003586220113825959,0.5014306917635488,0.6757161428435308,0.0,0.006993006993006993,0.013630621005892154,False
1188,Endothelial,MNP,Water,0.12206123,0.00787901853243054,0.4968567589008896,0.6757161428435308,0.0,0.04095904095904096,0.054352820175604985,False
1189,Endothelial,MNP,alpha-Ketoisovaleric acid,-1.5649674,-0.17496867376377304,0.5694478757219555,0.6757161428435308,0.0,0.000999000999000999,0.002733238922886596,False
1190,Endothelial,Muscularis_mucosa,"(3a,5b,7a)-23-Carboxy-7-hydroxy-24-norcholan-3-yl-b-D-Glucopyranosiduronic acid",0.13815452,0.01516442882595353,0.4939505000411467,0.6757161428435308,0.0,0.000999000999000999,0.002733238922886596,False
1191,Endothelial,Muscularis_mucosa,17a-Ethynylestradiol,0.6178458,0.06781738413759786,0.47296550254044645,0.6757161428435308,0.0,0.024975024975024976,0.03644001556318884,False
1192,Endothelial,Muscularis_mucosa,"1b,3a,12a-Trihydroxy-5b-cholanoic acid",0.13815452,0.01516442882595353,0.4939505000411467,0.6757161428435308,0.0,0.000999000999000999,0.002733238922886596,False
1193,Endothelial,Muscularis_mucosa,2-Hydroxychlorpropamide,0.6178458,0.03915438498757838,0.48438365061594446,0.6757161428435308,0.0,0.024975024975024976,0.03644001556318884,False
1194,Endothelial,Muscularis_mucosa,25-Hydroxycholesterol,-1.9240196,-0.2111885848686175,0.5836299410815105,0.6788151496676591,0.0,0.04295704295704296,0.05616291835373108,False
1195,Endothelial,Muscularis_mucosa,"3',4'-Dihydrodiol",0.6178458,0.06781738413759786,0.47296550254044645,0.6757161428435308,0.0,0.024975024975024976,0.03644001556318884,False
1196,Endothelial,Muscularis_mucosa,3-Sulfodeoxycholic acid,0.13815452,0.01516442882595353,0.4939505000411467,0.6757161428435308,0.0,0.000999000999000999,0.002733238922886596,False
1197,Endothelial,Muscularis_mucosa,"3alpha,7alpha-Dihydroxycoprostanic acid",0.13815452,0.01516442882595353,0.4939505000411467,0.6757161428435308,0.0,0.000999000999000999,0.002733238922886596,False
1198,Endothelial,Muscularis_mucosa,3b-Hydroxy-5-cholenoic acid,0.13815452,0.01516442882595353,0.4939505000411467,0.6757161428435308,0.0,0.000999000999000999,0.002733238922886596,False
1199,Endothelial,Muscularis_mucosa,4'-Hydroxydiclofenac,0.6178458,0.06781738413759786,0.47296550254044645,0.6757161428435308,0.0,0.024975024975024976,0.03644001556318884,False
1200,Endothelial,Muscularis_mucosa,4-Hydroxycyclophosphamide,0.6178458,0.06781738413759786,0.47296550254044645,0.6757161428435308,0.0,0.024975024975024976,0.03644001556318884,False
1201,Endothelial,Muscularis_mucosa,4-ene-Valproic acid,-1.533174,-0.09716095681128994,0.5387007133747992,0.6757161428435308,0.0,0.005994005994005994,0.012076328540133793,False
1202,Endothelial,Muscularis_mucosa,5-Hydroxyomeprazole,0.85094965,0.041771475203991035,0.48334043732391974,0.6757161428435308,0.0,0.04695304695304695,0.06060633394924386,False
1203,Endothelial,Muscularis_mucosa,8-Hydroxycarvedilol,0.6178458,0.06781738413759786,0.47296550254044645,0.6757161428435308,0.0,0.024975024975024976,0.03644001556318884,False
1204,Endothelial,Muscularis_mucosa,Acetate,-1.7469587,-0.13559029386986246,0.5539274105216996,0.6757161428435308,0.0,0.04595404595404595,0.059463268679479334,False
1205,Endothelial,Muscularis_mucosa,Acetyl-L-Carnitine,0.0,0.0,0.5,0.6757161428435308,0.0,0.000999000999000999,0.002733238922886596,False
1206,Endothelial,Muscularis_mucosa,Adenosine diphosphate ribose,-0.4508591,-0.04948821543012536,0.5197348857910129,0.6757161428435308,0.0,0.012987012987012988,0.02170829436309107,False
1207,Endothelial,Muscularis_mucosa,Adenosine triphosphate,0.25903815,0.028433130877932006,0.4886583501286369,0.6757161428435308,0.0,0.13086913086913088,0.14912442629833936,False
1208,Endothelial,Muscularis_mucosa,Amiloride-sensitive sodium transport,0.13815452,0.01516442882595353,0.4939505000411467,0.6757161428435308,0.0,0.001998001998001998,0.005057316928544293,False
1209,Endothelial,Muscularis_mucosa,Anion exchange,0.64398444,0.04081085546801745,0.4837233425789693,0.6757161428435308,0.0,0.052947052947052944,0.06692865012800704,False
1210,Endothelial,Muscularis_mucosa,Butyrate,0.0,0.0,0.5,0.6757161428435308,0.0,0.000999000999000999,0.002733238922886596,False
1211,Endothelial,Muscularis_mucosa,Chenodeoxycholic acid,0.13815452,0.01516442882595353,0.4939505000411467,0.6757161428435308,0.0,0.000999000999000999,0.002733238922886596,False
1212,Endothelial,Muscularis_mucosa,Chenodeoxycholic acid 3-sulfate,0.13815452,0.01516442882595353,0.4939505000411467,0.6757161428435308,0.0,0.000999000999000999,0.002733238922886596,False
1213,Endothelial,Muscularis_mucosa,Chloride,0.5463799,0.05997298801138008,0.4760885741991902,0.6757161428435308,0.0,0.017982017982017984,0.027654497092149906,False
1214,Endothelial,Muscularis_mucosa,Chloride ion,-5.2467775,-0.575908653403263,0.7176615368584262,0.7436723339109556,0.0,0.0899100899100899,0.1055495456391313,False
1215,Endothelial,Muscularis_mucosa,Cholesterol,0.43648607,0.027661180465221483,0.48896619267410213,0.6757161428435308,0.0,0.04195804195804196,0.05543290987525392,False
1216,Endothelial,Muscularis_mucosa,Cholic acid,1.0323093,0.06541994334892379,0.47391982279769035,0.6757161428435308,0.0,0.029970029970029972,0.04174302225675122,False
1217,Endothelial,Muscularis_mucosa,Choline,0.0,0.0,0.5,0.6757161428435308,0.0,0.000999000999000999,0.002733238922886596,False
1218,Endothelial,Muscularis_mucosa,Citric acid,-1.7469587,-0.19175363251691302,0.5760324036220559,0.6772959457320709,0.0,0.04595404595404595,0.059463268679479334,False
1219,Endothelial,Muscularis_mucosa,Coprocholic acid,0.13815452,0.01516442882595353,0.4939505000411467,0.6757161428435308,0.0,0.000999000999000999,0.002733238922886596,False
1220,Endothelial,Muscularis_mucosa,Cortisol,0.43648607,0.027661180465221483,0.48896619267410213,0.6757161428435308,0.0,0.04195804195804196,0.05543290987525392,False
1221,Endothelial,Muscularis_mucosa,Creatine,0.0,0.0,0.5,0.6757161428435308,0.0,0.000999000999000999,0.002733238922886596,False
1222,Endothelial,Muscularis_mucosa,D-Lactate,0.0,0.0,0.5,0.6757161428435308,0.0,0.000999000999000999,0.002733238922886596,False
1223,Endothelial,Muscularis_mucosa,Deoxycholic acid,0.13815452,0.01516442882595353,0.4939505000411467,0.6757161428435308,0.0,0.000999000999000999,0.002733238922886596,False
1224,Endothelial,Muscularis_mucosa,Dopamine,0.0,0.0,0.5,0.6757161428435308,0.0,0.000999000999000999,0.002733238922886596,False
1225,Endothelial,Muscularis_mucosa,E-3179,0.6178458,0.06781738413759786,0.47296550254044645,0.6757161428435308,0.0,0.024975024975024976,0.03644001556318884,False
1226,Endothelial,Muscularis_mucosa,Estradiol,-1.3104727,-0.07192153454813871,0.5286678238319653,0.6757161428435308,0.0,0.08491508491508491,0.10019056164244684,False
1227,Endothelial,Muscularis_mucosa,Estriol,0.6178458,0.06781738413759786,0.47296550254044645,0.6757161428435308,0.0,0.024975024975024976,0.03644001556318884,False
1228,Endothelial,Muscularis_mucosa,Fatty acid,6.637392,0.4206276298563735,0.3370135073175248,0.6757161428435308,44.150414,0.7972027972027972,0.8001285454612406,False
1229,Endothelial,Muscularis_mucosa,Folic acid,0.077701285,0.0060307893574487546,0.4975940777251949,0.6757161428435308,0.0,0.005994005994005994,0.012076328540133793,False
1230,Endothelial,Muscularis_mucosa,Folinic acid,0.13815452,0.01516442882595353,0.4939505000411467,0.6757161428435308,0.0,0.000999000999000999,0.002733238922886596,False
1231,Endothelial,Muscularis_mucosa,Glutathione,0.13815452,0.01516442882595353,0.4939505000411467,0.6757161428435308,0.0,0.000999000999000999,0.002733238922886596,False
1232,Endothelial,Muscularis_mucosa,Glycerol,0.6178458,0.06781738413759786,0.47296550254044645,0.6757161428435308,0.0,0.024975024975024976,0.03644001556318884,False
1233,Endothelial,Muscularis_mucosa,Glycochenodeoxycholate-3-sulfate,0.13815452,0.01516442882595353,0.4939505000411467,0.6757161428435308,0.0,0.000999000999000999,0.002733238922886596,False
1234,Endothelial,Muscularis_mucosa,Glycyl-glycine,0.0,0.0,0.5,0.6757161428435308,0.0,0.000999000999000999,0.002733238922886596,False
1235,Endothelial,Muscularis_mucosa,Histamine,0.0,0.0,0.5,0.6757161428435308,0.0,0.000999000999000999,0.002733238922886596,False
1236,Endothelial,Muscularis_mucosa,Hydroxylansoprazole,0.43648607,0.027661180465221483,0.48896619267410213,0.6757161428435308,0.0,0.04195804195804196,0.05543290987525392,False
1237,Endothelial,Muscularis_mucosa,Hyodeoxycholic acid,0.13815452,0.01516442882595353,0.4939505000411467,0.6757161428435308,0.0,0.000999000999000999,0.002733238922886596,False
1238,Endothelial,Muscularis_mucosa,Iron,-1.6334709,-0.17929672377454656,0.571147640390045,0.6761306788442566,0.0,0.10989010989010989,0.12680403434393528,False
1239,Endothelial,Muscularis_mucosa,Isoursodeoxycholic acid,0.13815452,0.01516442882595353,0.4939505000411467,0.6757161428435308,0.0,0.000999000999000999,0.002733238922886596,False
1240,Endothelial,Muscularis_mucosa,Ketone bodies,0.0,0.0,0.5,0.6757161428435308,0.0,0.000999000999000999,0.002733238922886596,False
1241,Endothelial,Muscularis_mucosa,L-Arginine,-1.4003794,-0.15371161066719652,0.5610814352005223,0.6757161428435308,0.0,0.001998001998001998,0.005057316928544293,False
1242,Endothelial,Muscularis_mucosa,L-Carnitine,0.0,0.0,0.5,0.6757161428435308,0.0,0.000999000999000999,0.002733238922886596,False
1243,Endothelial,Muscularis_mucosa,L-Cystine,-1.4003794,-0.15371161066719652,0.5610814352005223,0.6757161428435308,0.0,0.001998001998001998,0.005057316928544293,False
1244,Endothelial,Muscularis_mucosa,L-Dopa,0.0,0.0,0.5,0.6757161428435308,0.0,0.000999000999000999,0.002733238922886596,False
1245,Endothelial,Muscularis_mucosa,L-Glutamate,0.33840808,0.02626556113092079,0.4895227618325793,0.6757161428435308,0.0,0.005994005994005994,0.012076328540133793,False
1246,Endothelial,Muscularis_mucosa,L-Lactate,0.0,0.0,0.5,0.6757161428435308,0.0,0.000999000999000999,0.002733238922886596,False
1247,Endothelial,Muscularis_mucosa,L-Lysine,-1.4003794,-0.15371161066719652,0.5610814352005223,0.6757161428435308,0.0,0.001998001998001998,0.005057316928544293,False
1248,Endothelial,Muscularis_mucosa,L-Ornithine,-1.4003794,-0.15371161066719652,0.5610814352005223,0.6757161428435308,0.0,0.001998001998001998,0.005057316928544293,False
1249,Endothelial,Muscularis_mucosa,Lithocholic acid,0.13815452,0.01516442882595353,0.4939505000411467,0.6757161428435308,0.0,0.000999000999000999,0.002733238922886596,False
1250,Endothelial,Muscularis_mucosa,N-Desmethylcitalopram,0.6178458,0.06781738413759786,0.47296550254044645,0.6757161428435308,0.0,0.024975024975024976,0.03644001556318884,False
1251,Endothelial,Muscularis_mucosa,N-Desmethyleletriptan,0.6178458,0.06781738413759786,0.47296550254044645,0.6757161428435308,0.0,0.024975024975024976,0.03644001556318884,False
1252,Endothelial,Muscularis_mucosa,N-Desmethyltamoxifen,0.43648607,0.027661180465221483,0.48896619267410213,0.6757161428435308,0.0,0.04195804195804196,0.05543290987525392,False
1253,Endothelial,Muscularis_mucosa,N-desmethylimatinib,0.43648607,0.027661180465221483,0.48896619267410213,0.6757161428435308,0.0,0.04195804195804196,0.05543290987525392,False
1254,Endothelial,Muscularis_mucosa,Neurotransmitter,0.23929064,0.026265559995508524,0.48952276228538705,0.6757161428435308,0.0,0.003996003996003996,0.008992796112653,False
1255,Endothelial,Muscularis_mucosa,Nicotinate,-3.2801328,-0.1800206731130363,0.5714318307335227,0.6762570489772075,0.0,0.05094905094905095,0.0646629399656034,False
1256,Endothelial,Muscularis_mucosa,Norepinephrine,0.0,0.0,0.5,0.6757161428435308,0.0,0.000999000999000999,0.002733238922886596,False
1257,Endothelial,Muscularis_mucosa,O-Deethylated candesartan,0.6178458,0.06781738413759786,0.47296550254044645,0.6757161428435308,0.0,0.024975024975024976,0.03644001556318884,False
1258,Endothelial,Muscularis_mucosa,O-Desmethylverapamil (D-702),-2.494384,-0.08658133435515276,0.5344978483987002,0.6757161428435308,0.0,0.058941058941058944,0.07323968011443317,False
1259,Endothelial,Muscularis_mucosa,Oxalic acid,-1.7469587,-0.19175363251691302,0.5760324036220559,0.6772959457320709,0.0,0.04595404595404595,0.059463268679479334,False
1260,Endothelial,Muscularis_mucosa,Phosphate,0.0,0.0,0.5,0.6757161428435308,0.0,0.000999000999000999,0.002733238922886596,False
1261,Endothelial,Muscularis_mucosa,Progesterone,0.6178458,0.06781738413759786,0.47296550254044645,0.6757161428435308,0.0,0.024975024975024976,0.03644001556318884,False
1262,Endothelial,Muscularis_mucosa,Pyruvate,0.0,0.0,0.5,0.6757161428435308,0.0,0.000999000999000999,0.002733238922886596,False
1263,Endothelial,Muscularis_mucosa,Sodium,-6.7788644,-0.4295930750965781,0.6662541623374558,0.7047526865824031,0.0,0.0959040959040959,0.11202168305232373,False
1264,Endothelial,Muscularis_mucosa,Sodium_hydrogen exchange,1.1523682,0.073028366620794,0.47089177223645384,0.6757161428435308,0.0,0.03296703296703297,0.04551418730523208,False
1265,Endothelial,Muscularis_mucosa,Sulfolithocholic acid,0.13815452,0.01516442882595353,0.4939505000411467,0.6757161428435308,0.0,0.000999000999000999,0.002733238922886596,False
1266,Endothelial,Muscularis_mucosa,Taurocholic acid,-0.89600915,-0.03278326032760063,0.5130762863194473,0.6757161428435308,0.0,0.0899100899100899,0.1055495456391313,False
1267,Endothelial,Muscularis_mucosa,Testosterone,0.63186604,0.034678154028370614,0.48616819050394816,0.6757161428435308,0.0,0.04595404595404595,0.059463268679479334,False
1268,Endothelial,Muscularis_mucosa,Trihydroxycoprostanoic acid,0.13815452,0.01516442882595353,0.4939505000411467,0.6757161428435308,0.0,0.000999000999000999,0.002733238922886596,False
1269,Endothelial,Muscularis_mucosa,Ursocholic acid,0.13815452,0.01516442882595353,0.4939505000411467,0.6757161428435308,0.0,0.000999000999000999,0.002733238922886596,False
1270,Endothelial,Muscularis_mucosa,Ursodeoxycholic acid,0.13815452,0.01516442882595353,0.4939505000411467,0.6757161428435308,0.0,0.000999000999000999,0.002733238922886596,False
1271,Endothelial,Muscularis_mucosa,Ursodeoxycholic acid 3-sulfate,0.13815452,0.01516442882595353,0.4939505000411467,0.6757161428435308,0.0,0.000999000999000999,0.002733238922886596,False
1272,Endothelial,Muscularis_mucosa,Varanic acid,0.13815452,0.01516442882595353,0.4939505000411467,0.6757161428435308,0.0,0.000999000999000999,0.002733238922886596,False
1273,Endothelial,Muscularis_mucosa,Water,-5.4370494,-0.3445590049036033,0.6347870351058518,0.684719480949679,0.0,0.1008991008991009,0.11731152396586776,False
1274,Endothelial,Muscularis_mucosa,alpha-Ketoisovaleric acid,0.0,0.0,0.5,0.6757161428435308,0.0,0.000999000999000999,0.002733238922886596,False
1275,Endothelial,Myofibroblast,"(3a,5b,7a)-23-Carboxy-7-hydroxy-24-norcholan-3-yl-b-D-Glucopyranosiduronic acid",0.13493237,0.022488728165626526,0.49102905167421207,0.6757161428435308,0.0,0.000999000999000999,0.002733238922886596,False
1276,Endothelial,Myofibroblast,17a-Ethynylestradiol,-0.9249623,-0.15416038036346436,0.5612583597103571,0.6757161428435308,0.0,0.01098901098901099,0.01912057513717265,False
1277,Endothelial,Myofibroblast,"1b,3a,12a-Trihydroxy-5b-cholanoic acid",0.13493237,0.022488728165626526,0.49102905167421207,0.6757161428435308,0.0,0.000999000999000999,0.002733238922886596,False
1278,Endothelial,Myofibroblast,2-Hydroxychlorpropamide,-0.9249623,-0.08900453710122123,0.5354608478260919,0.6757161428435308,0.0,0.01098901098901099,0.01912057513717265,False
1279,Endothelial,Myofibroblast,25-Hydroxycholesterol,6.4951196,1.0825199286142986,0.13951078255032462,0.6757161428435308,18.618877,0.03896103896103896,0.05229725460199212,False
1280,Endothelial,Myofibroblast,"3',4'-Dihydrodiol",-0.9249623,-0.15416038036346436,0.5612583597103571,0.6757161428435308,0.0,0.01098901098901099,0.01912057513717265,False
1281,Endothelial,Myofibroblast,3-Sulfodeoxycholic acid,0.13493237,0.022488728165626526,0.49102905167421207,0.6757161428435308,0.0,0.000999000999000999,0.002733238922886596,False
1282,Endothelial,Myofibroblast,"3alpha,7alpha-Dihydroxycoprostanic acid",0.13493237,0.022488728165626526,0.49102905167421207,0.6757161428435308,0.0,0.000999000999000999,0.002733238922886596,False
1283,Endothelial,Myofibroblast,3b-Hydroxy-5-cholenoic acid,0.13493237,0.022488728165626526,0.49102905167421207,0.6757161428435308,0.0,0.000999000999000999,0.002733238922886596,False
1284,Endothelial,Myofibroblast,4'-Hydroxydiclofenac,-0.9249623,-0.15416038036346436,0.5612583597103571,0.6757161428435308,0.0,0.01098901098901099,0.01912057513717265,False
1285,Endothelial,Myofibroblast,4-Hydroxycyclophosphamide,-0.9249623,-0.15416038036346436,0.5612583597103571,0.6757161428435308,0.0,0.01098901098901099,0.01912057513717265,False
1286,Endothelial,Myofibroblast,4-ene-Valproic acid,-1.6539587,-0.15915224801893044,0.5632255376012747,0.6757161428435308,0.0,0.001998001998001998,0.005057316928544293,False
1287,Endothelial,Myofibroblast,5-Hydroxyomeprazole,-1.6198663,-0.12073770179359763,0.5480506021442095,0.6757161428435308,0.0,0.012987012987012988,0.02170829436309107,False
1288,Endothelial,Myofibroblast,8-Hydroxycarvedilol,-0.9249623,-0.15416038036346436,0.5612583597103571,0.6757161428435308,0.0,0.01098901098901099,0.01912057513717265,False
1289,Endothelial,Myofibroblast,Acetate,-2.8917413,-0.34079497759104604,0.6333710341595306,0.6842847504585009,0.0,0.03596403596403597,0.0489534270101247,False
1290,Endothelial,Myofibroblast,Acetyl-L-Carnitine,0.0,0.0,0.5,0.6757161428435308,0.0,0.000999000999000999,0.002733238922886596,False
1291,Endothelial,Myofibroblast,Adenosine diphosphate ribose,0.0,0.0,0.5,0.6757161428435308,0.0,0.000999000999000999,0.002733238922886596,False
1292,Endothelial,Myofibroblast,Adenosine triphosphate,-2.9492164,-0.49153606096903485,0.6884763232634742,0.7205517592890603,0.0,0.04695304695304695,0.06060633394924386,False
1293,Endothelial,Myofibroblast,Amiloride-sensitive sodium transport,0.17575286,0.029292143881320953,0.4883157962449887,0.6757161428435308,0.0,0.001998001998001998,0.005057316928544293,False
1294,Endothelial,Myofibroblast,Anion exchange,1.1901284,0.11452016307533347,0.45441273186200243,0.6757161428435308,0.0,0.026973026973026972,0.03858547638397536,False
1295,Endothelial,Myofibroblast,Butyrate,-0.82697934,-0.13782988985379538,0.554812569443345,0.6757161428435308,0.0,0.001998001998001998,0.005057316928544293,False
1296,Endothelial,Myofibroblast,Chenodeoxycholic acid,0.13493237,0.022488728165626526,0.49102905167421207,0.6757161428435308,0.0,0.000999000999000999,0.002733238922886596,False
1297,Endothelial,Myofibroblast,Chenodeoxycholic acid 3-sulfate,0.13493237,0.022488728165626526,0.49102905167421207,0.6757161428435308,0.0,0.000999000999000999,0.002733238922886596,False
1298,Endothelial,Myofibroblast,Chloride,-1.3350065,-0.22250107924143472,0.5880380833938647,0.6795983862910224,0.0,0.003996003996003996,0.008992796112653,False
1299,Endothelial,Myofibroblast,Chloride ion,-1.5232651,-0.25387752056121826,0.600204909034221,0.6795983862910224,0.0,0.017982017982017984,0.027654497092149906,False
1300,Endothelial,Myofibroblast,Cholesterol,-0.9249623,-0.08900453710122123,0.5354608478260919,0.6757161428435308,0.0,0.01098901098901099,0.01912057513717265,False
1301,Endothelial,Myofibroblast,Cholic acid,-1.6198663,-0.15587170276865367,0.5619329247167248,0.6757161428435308,0.0,0.012987012987012988,0.02170829436309107,False
1302,Endothelial,Myofibroblast,Choline,0.0,0.0,0.5,0.6757161428435308,0.0,0.000999000999000999,0.002733238922886596,False
1303,Endothelial,Myofibroblast,Citric acid,-2.0647619,-0.34412697950998944,0.6346246030527076,0.6846978993484616,0.0,0.03496503496503497,0.04777972407779056,False
1304,Endothelial,Myofibroblast,Coprocholic acid,0.13493237,0.022488728165626526,0.49102905167421207,0.6757161428435308,0.0,0.000999000999000999,0.002733238922886596,False
1305,Endothelial,Myofibroblast,Cortisol,-0.9249623,-0.08900453710122123,0.5354608478260919,0.6757161428435308,0.0,0.01098901098901099,0.01912057513717265,False
1306,Endothelial,Myofibroblast,Creatine,0.0,0.0,0.5,0.6757161428435308,0.0,0.000999000999000999,0.002733238922886596,False
1307,Endothelial,Myofibroblast,D-Lactate,-0.82697934,-0.13782988985379538,0.554812569443345,0.6757161428435308,0.0,0.001998001998001998,0.005057316928544293,False
1308,Endothelial,Myofibroblast,Deoxycholic acid,0.13493237,0.022488728165626526,0.49102905167421207,0.6757161428435308,0.0,0.000999000999000999,0.002733238922886596,False
1309,Endothelial,Myofibroblast,Dopamine,0.0,0.0,0.5,0.6757161428435308,0.0,0.000999000999000999,0.002733238922886596,False
1310,Endothelial,Myofibroblast,E-3179,-0.9249623,-0.15416038036346436,0.5612583597103571,0.6757161428435308,0.0,0.01098901098901099,0.01912057513717265,False
1311,Endothelial,Myofibroblast,Estradiol,-2.9897242,-0.2491436799367269,0.5983751786124257,0.6795983862910224,0.0,0.04395604395604396,0.057231114983133206,False
1312,Endothelial,Myofibroblast,Estriol,-0.9249623,-0.15416038036346436,0.5612583597103571,0.6757161428435308,0.0,0.01098901098901099,0.01912057513717265,False
1313,Endothelial,Myofibroblast,Fatty acid,4.5285897,0.4357637495105927,0.3315040737648345,0.6757161428435308,26.464941,0.24175824175824176,0.2598529290258614,False
1314,Endothelial,Myofibroblast,Folic acid,0.13493237,0.015901932186175426,0.49365631426815026,0.6757161428435308,0.0,0.000999000999000999,0.002733238922886596,False
1315,Endothelial,Myofibroblast,Folinic acid,0.13493237,0.022488728165626526,0.49102905167421207,0.6757161428435308,0.0,0.000999000999000999,0.002733238922886596,False
1316,Endothelial,Myofibroblast,Glutathione,0.13493237,0.022488728165626526,0.49102905167421207,0.6757161428435308,0.0,0.000999000999000999,0.002733238922886596,False
1317,Endothelial,Myofibroblast,Glycerol,-0.9249623,-0.15416038036346436,0.5612583597103571,0.6757161428435308,0.0,0.01098901098901099,0.01912057513717265,False
1318,Endothelial,Myofibroblast,Glycochenodeoxycholate-3-sulfate,0.13493237,0.022488728165626526,0.49102905167421207,0.6757161428435308,0.0,0.000999000999000999,0.002733238922886596,False
1319,Endothelial,Myofibroblast,Glycyl-glycine,0.0,0.0,0.5,0.6757161428435308,0.0,0.000999000999000999,0.002733238922886596,False
1320,Endothelial,Myofibroblast,Histamine,0.0,0.0,0.5,0.6757161428435308,0.0,0.000999000999000999,0.002733238922886596,False
1321,Endothelial,Myofibroblast,Hydroxylansoprazole,-0.9249623,-0.08900453710122123,0.5354608478260919,0.6757161428435308,0.0,0.01098901098901099,0.01912057513717265,False
1322,Endothelial,Myofibroblast,Hyodeoxycholic acid,0.13493237,0.022488728165626526,0.49102905167421207,0.6757161428435308,0.0,0.000999000999000999,0.002733238922886596,False
1323,Endothelial,Myofibroblast,Iron,-1.663769,-0.2772948344548543,0.6092231371904353,0.6800205699783143,0.0,0.04395604395604396,0.057231114983133206,False
1324,Endothelial,Myofibroblast,Isoursodeoxycholic acid,0.13493237,0.022488728165626526,0.49102905167421207,0.6757161428435308,0.0,0.000999000999000999,0.002733238922886596,False
1325,Endothelial,Myofibroblast,Ketone bodies,-0.82697934,-0.13782988985379538,0.554812569443345,0.6757161428435308,0.0,0.001998001998001998,0.005057316928544293,False
1326,Endothelial,Myofibroblast,L-Arginine,0.0,0.0,0.5,0.6757161428435308,0.0,0.000999000999000999,0.002733238922886596,False
1327,Endothelial,Myofibroblast,L-Carnitine,0.0,0.0,0.5,0.6757161428435308,0.0,0.000999000999000999,0.002733238922886596,False
1328,Endothelial,Myofibroblast,L-Cystine,0.0,0.0,0.5,0.6757161428435308,0.0,0.000999000999000999,0.002733238922886596,False
1329,Endothelial,Myofibroblast,L-Dopa,0.0,0.0,0.5,0.6757161428435308,0.0,0.000999000999000999,0.002733238922886596,False
1330,Endothelial,Myofibroblast,L-Glutamate,-1.6539587,-0.19492089953162728,0.5772725637302382,0.6772959457320709,0.0,0.005994005994005994,0.012076328540133793,False
1331,Endothelial,Myofibroblast,L-Lactate,-0.82697934,-0.13782988985379538,0.554812569443345,0.6757161428435308,0.0,0.001998001998001998,0.005057316928544293,False
1332,Endothelial,Myofibroblast,L-Lysine,0.0,0.0,0.5,0.6757161428435308,0.0,0.000999000999000999,0.002733238922886596,False
1333,Endothelial,Myofibroblast,L-Ornithine,0.0,0.0,0.5,0.6757161428435308,0.0,0.000999000999000999,0.002733238922886596,False
1334,Endothelial,Myofibroblast,Lithocholic acid,0.13493237,0.022488728165626526,0.49102905167421207,0.6757161428435308,0.0,0.000999000999000999,0.002733238922886596,False
1335,Endothelial,Myofibroblast,N-Desmethylcitalopram,-0.9249623,-0.15416038036346436,0.5612583597103571,0.6757161428435308,0.0,0.01098901098901099,0.01912057513717265,False
1336,Endothelial,Myofibroblast,N-Desmethyleletriptan,-0.9249623,-0.15416038036346436,0.5612583597103571,0.6757161428435308,0.0,0.01098901098901099,0.01912057513717265,False
1337,Endothelial,Myofibroblast,N-Desmethyltamoxifen,-0.9249623,-0.08900453710122123,0.5354608478260919,0.6757161428435308,0.0,0.01098901098901099,0.01912057513717265,False
1338,Endothelial,Myofibroblast,N-desmethylimatinib,-0.9249623,-0.08900453710122123,0.5354608478260919,0.6757161428435308,0.0,0.01098901098901099,0.01912057513717265,False
1339,Endothelial,Myofibroblast,Neurotransmitter,0.24816704,0.04136117299397787,0.48350398287737095,0.6757161428435308,0.0,0.003996003996003996,0.008992796112653,False
1340,Endothelial,Myofibroblast,Nicotinate,-3.7187204,-0.3098933696746826,0.6216789774920939,0.6802284449633014,0.0,0.03596403596403597,0.0489534270101247,False
1341,Endothelial,Myofibroblast,Norepinephrine,0.0,0.0,0.5,0.6757161428435308,0.0,0.000999000999000999,0.002733238922886596,False
1342,Endothelial,Myofibroblast,O-Deethylated candesartan,-0.9249623,-0.15416038036346436,0.5612583597103571,0.6757161428435308,0.0,0.01098901098901099,0.01912057513717265,False
1343,Endothelial,Myofibroblast,O-Desmethylverapamil (D-702),-1.8496084,-0.09748292318029188,0.5388285525178257,0.6757161428435308,0.0,0.015984015984015984,0.025433711241958142,False
1344,Endothelial,Myofibroblast,Oxalic acid,-2.0647619,-0.34412697950998944,0.6346246030527076,0.6846978993484616,0.0,0.03496503496503497,0.04777972407779056,False
1345,Endothelial,Myofibroblast,Phosphate,0.0,0.0,0.5,0.6757161428435308,0.0,0.000999000999000999,0.002733238922886596,False
1346,Endothelial,Myofibroblast,Progesterone,-0.9249623,-0.15416038036346436,0.5612583597103571,0.6757161428435308,0.0,0.01098901098901099,0.01912057513717265,False
1347,Endothelial,Myofibroblast,Pyruvate,-0.82697934,-0.13782988985379538,0.554812569443345,0.6757161428435308,0.0,0.001998001998001998,0.005057316928544293,False
1348,Endothelial,Myofibroblast,Sodium,-1.5232651,-0.14657625483721412,0.5582667514420665,0.6757161428435308,0.0,0.017982017982017984,0.027654497092149906,False
1349,Endothelial,Myofibroblast,Sodium_hydrogen exchange,0.60602444,0.05831472932308324,0.47674896758887975,0.6757161428435308,0.0,0.01098901098901099,0.01912057513717265,False
1350,Endothelial,Myofibroblast,Sulfolithocholic acid,0.13493237,0.022488728165626526,0.49102905167421207,0.6757161428435308,0.0,0.000999000999000999,0.002733238922886596,False
1351,Endothelial,Myofibroblast,Taurocholic acid,-5.0413785,-0.2800765832265218,0.6102906250483593,0.6800205699783143,0.0,0.04795204795204795,0.061416897091912365,False
1352,Endothelial,Myofibroblast,Testosterone,-0.7492094,-0.062434116999308266,0.5248914367456126,0.6757161428435308,0.0,0.012987012987012988,0.02170829436309107,False
1353,Endothelial,Myofibroblast,Trihydroxycoprostanoic acid,0.13493237,0.022488728165626526,0.49102905167421207,0.6757161428435308,0.0,0.000999000999000999,0.002733238922886596,False
1354,Endothelial,Myofibroblast,Ursocholic acid,0.13493237,0.022488728165626526,0.49102905167421207,0.6757161428435308,0.0,0.000999000999000999,0.002733238922886596,False
1355,Endothelial,Myofibroblast,Ursodeoxycholic acid,0.13493237,0.022488728165626526,0.49102905167421207,0.6757161428435308,0.0,0.000999000999000999,0.002733238922886596,False
1356,Endothelial,Myofibroblast,Ursodeoxycholic acid 3-sulfate,0.13493237,0.022488728165626526,0.49102905167421207,0.6757161428435308,0.0,0.000999000999000999,0.002733238922886596,False
1357,Endothelial,Myofibroblast,Varanic acid,0.13493237,0.022488728165626526,0.49102905167421207,0.6757161428435308,0.0,0.000999000999000999,0.002733238922886596,False
1358,Endothelial,Myofibroblast,Water,-1.1703752,-0.11261940881619895,0.5448338515331239,0.6757161428435308,0.0,0.023976023976023976,0.03535971648515611,False
1359,Endothelial,Myofibroblast,alpha-Ketoisovaleric acid,-0.82697934,-0.13782988985379538,0.554812569443345,0.6757161428435308,0.0,0.001998001998001998,0.005057316928544293,False
1360,Endothelial,Pericyte,"(3a,5b,7a)-23-Carboxy-7-hydroxy-24-norcholan-3-yl-b-D-Glucopyranosiduronic acid",0.0,0.0,0.5,0.6757161428435308,0.0,0.000999000999000999,0.002733238922886596,False
1361,Endothelial,Pericyte,17a-Ethynylestradiol,-0.025860915,-0.0028913381906013644,0.5011534754440257,0.6757161428435308,0.0,0.01098901098901099,0.01912057513717265,False
1362,Endothelial,Pericyte,"1b,3a,12a-Trihydroxy-5b-cholanoic acid",0.0,0.0,0.5,0.6757161428435308,0.0,0.000999000999000999,0.002733238922886596,False
1363,Endothelial,Pericyte,2-Hydroxychlorpropamide,-1.4430722,-0.09314990995472439,0.5371077663219453,0.6757161428435308,0.0,0.022977022977022976,0.034070126007891215,False
1364,Endothelial,Pericyte,25-Hydroxycholesterol,-0.20019044,-0.022381971594187415,0.5089283693330588,0.6757161428435308,17.731749,0.13486513486513488,0.1532336882770409,False
1365,Endothelial,Pericyte,"3',4'-Dihydrodiol",-0.025860915,-0.0028913381906013644,0.5011534754440257,0.6757161428435308,0.0,0.01098901098901099,0.01912057513717265,False
1366,Endothelial,Pericyte,3-Sulfodeoxycholic acid,0.0,0.0,0.5,0.6757161428435308,0.0,0.000999000999000999,0.002733238922886596,False
1367,Endothelial,Pericyte,"3alpha,7alpha-Dihydroxycoprostanic acid",0.0,0.0,0.5,0.6757161428435308,0.0,0.000999000999000999,0.002733238922886596,False
1368,Endothelial,Pericyte,3b-Hydroxy-5-cholenoic acid,0.0,0.0,0.5,0.6757161428435308,0.0,0.000999000999000999,0.002733238922886596,False
1369,Endothelial,Pericyte,4'-Hydroxydiclofenac,-0.025860915,-0.0028913381906013644,0.5011534754440257,0.6757161428435308,0.0,0.01098901098901099,0.01912057513717265,False
1370,Endothelial,Pericyte,4-Hydroxycyclophosphamide,-0.025860915,-0.0028913381906013644,0.5011534754440257,0.6757161428435308,0.0,0.01098901098901099,0.01912057513717265,False
1371,Endothelial,Pericyte,4-ene-Valproic acid,0.547122,0.03531657334543624,0.4859136539779433,0.6757161428435308,0.0,0.01998001998001998,0.030239250643485482,False
1372,Endothelial,Pericyte,5-Hydroxyomeprazole,-0.025860915,-0.001293045748025179,0.500515850475633,0.6757161428435308,0.0,0.01098901098901099,0.01912057513717265,False
1373,Endothelial,Pericyte,8-Hydroxycarvedilol,-0.025860915,-0.0028913381906013644,0.5011534754440257,0.6757161428435308,0.0,0.01098901098901099,0.01912057513717265,False
1374,Endothelial,Pericyte,Acetate,0.63534576,0.050228492346697434,0.4799701532975154,0.6757161428435308,0.0,0.008991008991008992,0.016702140151638085,False
1375,Endothelial,Pericyte,Acetyl-L-Carnitine,0.0,0.0,0.5,0.6757161428435308,0.0,0.000999000999000999,0.002733238922886596,False
1376,Endothelial,Pericyte,Adenosine diphosphate ribose,0.0,0.0,0.5,0.6757161428435308,0.0,0.000999000999000999,0.002733238922886596,False
1377,Endothelial,Pericyte,Adenosine triphosphate,-2.9218497,-0.32667273055106505,0.628042286243667,0.6827504124881194,0.0,0.23976023976023977,0.2580140133604633,False
1378,Endothelial,Pericyte,Amiloride-sensitive sodium transport,0.3676609,0.04110573935929941,0.4836057995627462,0.6757161428435308,0.0,0.006993006993006993,0.013630621005892154,False
1379,Endothelial,Pericyte,Anion exchange,0.44075993,0.02845093095132904,0.4886512517984393,0.6757161428435308,0.0,0.04895104895104895,0.06263264806796133,False
1380,Endothelial,Pericyte,Butyrate,0.63534576,0.07103381509425272,0.4716854214508828,0.6757161428435308,0.0,0.008991008991008992,0.016702140151638085,False
1381,Endothelial,Pericyte,Chenodeoxycholic acid,0.0,0.0,0.5,0.6757161428435308,0.0,0.000999000999000999,0.002733238922886596,False
1382,Endothelial,Pericyte,Chenodeoxycholic acid 3-sulfate,0.0,0.0,0.5,0.6757161428435308,0.0,0.000999000999000999,0.002733238922886596,False
1383,Endothelial,Pericyte,Chloride,-2.0732615,-0.2317976823901256,0.5916524213885096,0.6795983862910224,0.0,0.00999000999000999,0.017922750381392707,False
1384,Endothelial,Pericyte,Chloride ion,-1.5208468,-0.17003584629613808,0.5675090270773332,0.6757161428435308,0.0,0.04995004995004995,0.06360036724409195,False
1385,Endothelial,Pericyte,Cholesterol,-0.025860915,-0.0016693148826619432,0.5006659599767018,0.6757161428435308,0.0,0.01098901098901099,0.01912057513717265,False
1386,Endothelial,Pericyte,Cholic acid,-0.025860915,-0.0016693148826619432,0.5006659599767018,0.6757161428435308,0.0,0.01098901098901099,0.01912057513717265,False
1387,Endothelial,Pericyte,Choline,0.0,0.0,0.5,0.6757161428435308,0.0,0.000999000999000999,0.002733238922886596,False
1388,Endothelial,Pericyte,Citric acid,0.0,0.0,0.5,0.6757161428435308,0.0,0.000999000999000999,0.002733238922886596,False
1389,Endothelial,Pericyte,Coprocholic acid,0.0,0.0,0.5,0.6757161428435308,0.0,0.000999000999000999,0.002733238922886596,False
1390,Endothelial,Pericyte,Cortisol,-0.025860915,-0.0016693148826619432,0.5006659599767018,0.6757161428435308,0.0,0.01098901098901099,0.01912057513717265,False
1391,Endothelial,Pericyte,Creatine,0.0,0.0,0.5,0.6757161428435308,0.0,0.000999000999000999,0.002733238922886596,False
1392,Endothelial,Pericyte,D-Lactate,0.63534576,0.07103381509425272,0.4716854214508828,0.6757161428435308,0.0,0.008991008991008992,0.016702140151638085,False
1393,Endothelial,Pericyte,Deoxycholic acid,0.0,0.0,0.5,0.6757161428435308,0.0,0.000999000999000999,0.002733238922886596,False
1394,Endothelial,Pericyte,Dopamine,0.0,0.0,0.5,0.6757161428435308,0.0,0.000999000999000999,0.002733238922886596,False
1395,Endothelial,Pericyte,E-3179,-0.025860915,-0.0028913381906013644,0.5011534754440257,0.6757161428435308,0.0,0.01098901098901099,0.01912057513717265,False
1396,Endothelial,Pericyte,Estradiol,-0.025860915,-0.0014456690953006822,0.5005767383246919,0.6757161428435308,0.0,0.01098901098901099,0.01912057513717265,False
1397,Endothelial,Pericyte,Estriol,-0.025860915,-0.0028913381906013644,0.5011534754440257,0.6757161428435308,0.0,0.01098901098901099,0.01912057513717265,False
1398,Endothelial,Pericyte,Fatty acid,-2.2675195,-0.14636775266862356,0.55818445862033,0.6757161428435308,97.8994,0.2787212787212787,0.29689362288854243,False
1399,Endothelial,Pericyte,Folic acid,0.0,0.0,0.5,0.6757161428435308,0.0,0.000999000999000999,0.002733238922886596,False
1400,Endothelial,Pericyte,Folinic acid,0.0,0.0,0.5,0.6757161428435308,0.0,0.000999000999000999,0.002733238922886596,False
1401,Endothelial,Pericyte,Glutathione,0.0,0.0,0.5,0.6757161428435308,0.0,0.000999000999000999,0.002733238922886596,False
1402,Endothelial,Pericyte,Glycerol,-0.025860915,-0.0028913381906013644,0.5011534754440257,0.6757161428435308,0.0,0.01098901098901099,0.01912057513717265,False
1403,Endothelial,Pericyte,Glycochenodeoxycholate-3-sulfate,0.0,0.0,0.5,0.6757161428435308,0.0,0.000999000999000999,0.002733238922886596,False
1404,Endothelial,Pericyte,Glycyl-glycine,0.0,0.0,0.5,0.6757161428435308,0.0,0.000999000999000999,0.002733238922886596,False
1405,Endothelial,Pericyte,Histamine,0.0,0.0,0.5,0.6757161428435308,0.0,0.000999000999000999,0.002733238922886596,False
1406,Endothelial,Pericyte,Hydroxylansoprazole,-0.025860915,-0.0016693148826619432,0.5006659599767018,0.6757161428435308,0.0,0.01098901098901099,0.01912057513717265,False
1407,Endothelial,Pericyte,Hyodeoxycholic acid,0.0,0.0,0.5,0.6757161428435308,0.0,0.000999000999000999,0.002733238922886596,False
1408,Endothelial,Pericyte,Iron,-3.1898324,-0.3566341096353868,0.6393171306839528,0.6872850370880299,0.0,0.27972027972027974,0.29790730772782925,False
1409,Endothelial,Pericyte,Isoursodeoxycholic acid,0.0,0.0,0.5,0.6757161428435308,0.0,0.000999000999000999,0.002733238922886596,False
1410,Endothelial,Pericyte,Ketone bodies,0.63534576,0.07103381509425272,0.4716854214508828,0.6757161428435308,0.0,0.008991008991008992,0.016702140151638085,False
1411,Endothelial,Pericyte,L-Arginine,-0.39352182,-0.04399707650865048,0.5175466328896055,0.6757161428435308,0.0,0.001998001998001998,0.005057316928544293,False
1412,Endothelial,Pericyte,L-Carnitine,0.0,0.0,0.5,0.6757161428435308,0.0,0.000999000999000999,0.002733238922886596,False
1413,Endothelial,Pericyte,L-Cystine,-0.39352182,-0.04399707650865048,0.5175466328896055,0.6757161428435308,0.0,0.001998001998001998,0.005057316928544293,False
1414,Endothelial,Pericyte,L-Dopa,0.0,0.0,0.5,0.6757161428435308,0.0,0.000999000999000999,0.002733238922886596,False
1415,Endothelial,Pericyte,L-Glutamate,0.63534576,0.050228492346697434,0.4799701532975154,0.6757161428435308,0.0,0.008991008991008992,0.016702140151638085,False
1416,Endothelial,Pericyte,L-Lactate,0.63534576,0.07103381509425272,0.4716854214508828,0.6757161428435308,0.0,0.008991008991008992,0.016702140151638085,False
1417,Endothelial,Pericyte,L-Lysine,-0.39352182,-0.04399707650865048,0.5175466328896055,0.6757161428435308,0.0,0.001998001998001998,0.005057316928544293,False
1418,Endothelial,Pericyte,L-Ornithine,-0.39352182,-0.04399707650865048,0.5175466328896055,0.6757161428435308,0.0,0.001998001998001998,0.005057316928544293,False
1419,Endothelial,Pericyte,Lithocholic acid,0.0,0.0,0.5,0.6757161428435308,0.0,0.000999000999000999,0.002733238922886596,False
1420,Endothelial,Pericyte,N-Desmethylcitalopram,-0.025860915,-0.0028913381906013644,0.5011534754440257,0.6757161428435308,0.0,0.01098901098901099,0.01912057513717265,False
1421,Endothelial,Pericyte,N-Desmethyleletriptan,-0.025860915,-0.0028913381906013644,0.5011534754440257,0.6757161428435308,0.0,0.01098901098901099,0.01912057513717265,False
1422,Endothelial,Pericyte,N-Desmethyltamoxifen,-0.025860915,-0.0016693148826619432,0.5006659599767018,0.6757161428435308,0.0,0.01098901098901099,0.01912057513717265,False
1423,Endothelial,Pericyte,N-desmethylimatinib,-0.025860915,-0.0016693148826619432,0.5006659599767018,0.6757161428435308,0.0,0.01098901098901099,0.01912057513717265,False
1424,Endothelial,Pericyte,Neurotransmitter,-6.4955173,-0.7262209064344448,0.7661483212453302,0.7826982200151253,0.0,0.001998001998001998,0.005057316928544293,False
1425,Endothelial,Pericyte,Nicotinate,0.547122,0.03058504969176416,0.48780023259519817,0.6757161428435308,0.0,0.01998001998001998,0.030239250643485482,False
1426,Endothelial,Pericyte,Norepinephrine,0.0,0.0,0.5,0.6757161428435308,0.0,0.000999000999000999,0.002733238922886596,False
1427,Endothelial,Pericyte,O-Deethylated candesartan,-0.025860915,-0.0028913381906013644,0.5011534754440257,0.6757161428435308,0.0,0.01098901098901099,0.01912057513717265,False
1428,Endothelial,Pericyte,O-Desmethylverapamil (D-702),-0.22960494,-0.008117760665562756,0.503238482383361,0.6757161428435308,0.0,0.04095904095904096,0.054352820175604985,False
1429,Endothelial,Pericyte,Oxalic acid,0.0,0.0,0.5,0.6757161428435308,0.0,0.000999000999000999,0.002733238922886596,False
1430,Endothelial,Pericyte,Phosphate,0.0,0.0,0.5,0.6757161428435308,0.0,0.000999000999000999,0.002733238922886596,False
1431,Endothelial,Pericyte,Progesterone,-0.025860915,-0.0028913381906013644,0.5011534754440257,0.6757161428435308,0.0,0.01098901098901099,0.01912057513717265,False
1432,Endothelial,Pericyte,Pyruvate,0.63534576,0.07103381509425272,0.4716854214508828,0.6757161428435308,0.0,0.008991008991008992,0.016702140151638085,False
1433,Endothelial,Pericyte,Sodium,-1.5208468,-0.09817024163096115,0.5391014439822986,0.6757161428435308,0.0,0.04995004995004995,0.06360036724409195,False
1434,Endothelial,Pericyte,Sodium_hydrogen exchange,-7.390634,-0.47706337719882114,0.6833415038643806,0.7166085460665146,0.0,0.06693306693306693,0.08176519537948941,False
1435,Endothelial,Pericyte,Sulfolithocholic acid,0.0,0.0,0.5,0.6757161428435308,0.0,0.000999000999000999,0.002733238922886596,False
1436,Endothelial,Pericyte,Taurocholic acid,1.7099361,0.06372555751039453,0.4745943770762001,0.6757161428435308,0.0,0.03296703296703297,0.04551418730523208,False
1437,Endothelial,Pericyte,Testosterone,-0.025860915,-0.0014456690953006822,0.5005767383246919,0.6757161428435308,0.0,0.01098901098901099,0.01912057513717265,False
1438,Endothelial,Pericyte,Trihydroxycoprostanoic acid,0.0,0.0,0.5,0.6757161428435308,0.0,0.000999000999000999,0.002733238922886596,False
1439,Endothelial,Pericyte,Ursocholic acid,0.0,0.0,0.5,0.6757161428435308,0.0,0.000999000999000999,0.002733238922886596,False
1440,Endothelial,Pericyte,Ursodeoxycholic acid,0.0,0.0,0.5,0.6757161428435308,0.0,0.000999000999000999,0.002733238922886596,False
1441,Endothelial,Pericyte,Ursodeoxycholic acid 3-sulfate,0.0,0.0,0.5,0.6757161428435308,0.0,0.000999000999000999,0.002733238922886596,False
1442,Endothelial,Pericyte,Varanic acid,0.0,0.0,0.5,0.6757161428435308,0.0,0.000999000999000999,0.002733238922886596,False
1443,Endothelial,Pericyte,Water,-3.522554,-0.22737987785277194,0.5899358171590536,0.6795983862910224,0.0,0.07492507492507493,0.09035251558257693,False
1444,Endothelial,Pericyte,alpha-Ketoisovaleric acid,0.63534576,0.07103381509425272,0.4716854214508828,0.6757161428435308,0.0,0.008991008991008992,0.016702140151638085,False
1445,Endothelial,Plasma,"(3a,5b,7a)-23-Carboxy-7-hydroxy-24-norcholan-3-yl-b-D-Glucopyranosiduronic acid",-0.7647887,-0.04422887176234798,0.5176390158861988,0.6757161428435308,0.0,0.005994005994005994,0.012076328540133793,False
1446,Endothelial,Plasma,17a-Ethynylestradiol,0.14391674,0.008322920028804083,0.4966796736378744,0.6757161428435308,0.0,0.024975024975024976,0.03644001556318884,False
1447,Endothelial,Plasma,"1b,3a,12a-Trihydroxy-5b-cholanoic acid",-0.7647887,-0.04422887176234798,0.5176390158861988,0.6757161428435308,0.0,0.005994005994005994,0.012076328540133793,False
1448,Endothelial,Plasma,2-Hydroxychlorpropamide,1.932553,0.06452606831314643,0.4742756754233566,0.6757161428435308,0.0,0.057942057942057944,0.07247077837652505,False
1449,Endothelial,Plasma,25-Hydroxycholesterol,1.0421182,0.06026725111447867,0.47597139217074685,0.6757161428435308,0.0,0.06593406593406594,0.08059177511179066,False
1450,Endothelial,Plasma,"3',4'-Dihydrodiol",0.14391674,0.008322920028804083,0.4966796736378744,0.6757161428435308,0.0,0.024975024975024976,0.03644001556318884,False
1451,Endothelial,Plasma,3-Sulfodeoxycholic acid,-0.7647887,-0.04422887176234798,0.5176390158861988,0.6757161428435308,0.0,0.005994005994005994,0.012076328540133793,False
1452,Endothelial,Plasma,"3alpha,7alpha-Dihydroxycoprostanic acid",-0.7647887,-0.04422887176234798,0.5176390158861988,0.6757161428435308,0.0,0.005994005994005994,0.012076328540133793,False
1453,Endothelial,Plasma,3b-Hydroxy-5-cholenoic acid,-0.7647887,-0.04422887176234798,0.5176390158861988,0.6757161428435308,0.0,0.005994005994005994,0.012076328540133793,False
1454,Endothelial,Plasma,4'-Hydroxydiclofenac,0.14391674,0.008322920028804083,0.4966796736378744,0.6757161428435308,0.0,0.024975024975024976,0.03644001556318884,False
1455,Endothelial,Plasma,4-Hydroxycyclophosphamide,0.14391674,0.008322920028804083,0.4966796736378744,0.6757161428435308,0.0,0.024975024975024976,0.03644001556318884,False
1456,Endothelial,Plasma,4-ene-Valproic acid,-2.6299396,-0.08781112591083365,0.5349866026355766,0.6757161428435308,0.0,0.04795204795204795,0.061416897091912365,False
1457,Endothelial,Plasma,5-Hydroxyomeprazole,-0.6153231,-0.015914120479048183,0.5063485475419859,0.6757161428435308,0.0,0.055944055944055944,0.07027923145358736,False
1458,Endothelial,Plasma,8-Hydroxycarvedilol,0.14391674,0.008322920028804083,0.4966796736378744,0.6757161428435308,0.0,0.024975024975024976,0.03644001556318884,False
1459,Endothelial,Plasma,Acetate,-0.3869694,-0.015824355032180795,0.5063127408188592,0.6757161428435308,0.0,0.08891108891108891,0.10453285032724285,False
1460,Endothelial,Plasma,Acetyl-L-Carnitine,0.0,0.0,0.5,0.6757161428435308,0.0,0.000999000999000999,0.002733238922886596,False
1461,Endothelial,Plasma,Adenosine diphosphate ribose,4.6696334,0.27005187153888155,0.3935601738975013,0.6757161428435308,22.958637,0.07092907092907093,0.085995346211229,False
1462,Endothelial,Plasma,Adenosine triphosphate,-0.802464,-0.04640769183834715,0.5185073470402441,0.6757161428435308,16.540394,0.6253746253746254,0.6343503295607795,False
1463,Endothelial,Plasma,Amiloride-sensitive sodium transport,0.6665854,0.038549628203827464,0.48462473164068864,0.6757161428435308,0.0,0.004995004995004995,0.010650366582569973,False
1464,Endothelial,Plasma,Anion exchange,-4.6892853,-0.1565706782301917,0.5622083935662364,0.6757161428435308,0.0,0.14085914085914086,0.15949666894761405,False
1465,Endothelial,Plasma,Butyrate,-1.0989354,-0.06355307312367202,0.5253369508099452,0.6757161428435308,0.0,0.01998001998001998,0.030239250643485482,False
1466,Endothelial,Plasma,Chenodeoxycholic acid,-0.7647887,-0.04422887176234798,0.5176390158861988,0.6757161428435308,0.0,0.005994005994005994,0.012076328540133793,False
1467,Endothelial,Plasma,Chenodeoxycholic acid 3-sulfate,-0.7647887,-0.04422887176234798,0.5176390158861988,0.6757161428435308,0.0,0.005994005994005994,0.012076328540133793,False
1468,Endothelial,Plasma,Chloride,-0.050945986,-0.0029462824463565274,0.5011753949373375,0.6757161428435308,0.0,0.06493506493506493,0.07952522555326293,False
1469,Endothelial,Plasma,Chloride ion,-3.621385,-0.20943010762863867,0.5829437543170584,0.6784354487560457,0.0,0.11288711288711288,0.1301668084436187,False
1470,Endothelial,Plasma,Cholesterol,0.8925244,0.029800523037640053,0.48811307081476846,0.6757161428435308,0.0,0.03496503496503497,0.04777972407779056,False
1471,Endothelial,Plasma,Cholic acid,-1.3639308,-0.04554032461106559,0.5181616830838633,0.6757161428435308,0.0,0.04595404595404595,0.059463268679479334,False
1472,Endothelial,Plasma,Choline,0.0,0.0,0.5,0.6757161428435308,0.0,0.000999000999000999,0.002733238922886596,False
1473,Endothelial,Plasma,Citric acid,0.711966,0.041174055621354996,0.4835785683714072,0.6757161428435308,0.0,0.07192807192807193,0.08702203739710954,False
1474,Endothelial,Plasma,Coprocholic acid,-0.7647887,-0.04422887176234798,0.5176390158861988,0.6757161428435308,0.0,0.005994005994005994,0.012076328540133793,False
1475,Endothelial,Plasma,Cortisol,0.8925244,0.029800523037640053,0.48811307081476846,0.6757161428435308,0.0,0.03496503496503497,0.04777972407779056,False
1476,Endothelial,Plasma,Creatine,0.0,0.0,0.5,0.6757161428435308,0.0,0.000999000999000999,0.002733238922886596,False
1477,Endothelial,Plasma,D-Lactate,-1.0989354,-0.06355307312367202,0.5253369508099452,0.6757161428435308,0.0,0.01998001998001998,0.030239250643485482,False
1478,Endothelial,Plasma,Deoxycholic acid,-0.7647887,-0.04422887176234798,0.5176390158861988,0.6757161428435308,0.0,0.005994005994005994,0.012076328540133793,False
1479,Endothelial,Plasma,Dopamine,0.0,0.0,0.5,0.6757161428435308,0.0,0.000999000999000999,0.002733238922886596,False
1480,Endothelial,Plasma,E-3179,0.14391674,0.008322920028804083,0.4966796736378744,0.6757161428435308,0.0,0.024975024975024976,0.03644001556318884,False
1481,Endothelial,Plasma,Estradiol,1.6044903,0.04639503436031158,0.48149769712971635,0.6757161428435308,0.0,0.1018981018981019,0.11836363082900479,False
1482,Endothelial,Plasma,Estriol,0.14391674,0.008322920028804083,0.4966796736378744,0.6757161428435308,0.0,0.024975024975024976,0.03644001556318884,False
1483,Endothelial,Plasma,Fatty acid,2.6258225,0.08767366288041235,0.4650680264865816,0.6757161428435308,97.38108,0.7082917082917083,0.715802513681691,False
1484,Endothelial,Plasma,Folic acid,-1.2086052,-0.0494235407864617,0.5197091158755789,0.6757161428435308,0.0,0.007992007992007992,0.015114170255481141,False
1485,Endothelial,Plasma,Folinic acid,-0.7647887,-0.04422887176234798,0.5176390158861988,0.6757161428435308,0.0,0.005994005994005994,0.012076328540133793,False
1486,Endothelial,Plasma,Glutathione,-0.7647887,-0.04422887176234798,0.5176390158861988,0.6757161428435308,0.0,0.005994005994005994,0.012076328540133793,False
1487,Endothelial,Plasma,Glycerol,0.14391674,0.008322920028804083,0.4966796736378744,0.6757161428435308,0.0,0.024975024975024976,0.03644001556318884,False
1488,Endothelial,Plasma,Glycochenodeoxycholate-3-sulfate,-0.7647887,-0.04422887176234798,0.5176390158861988,0.6757161428435308,0.0,0.005994005994005994,0.012076328540133793,False
1489,Endothelial,Plasma,Glycyl-glycine,0.0,0.0,0.5,0.6757161428435308,0.0,0.000999000999000999,0.002733238922886596,False
1490,Endothelial,Plasma,Histamine,0.0,0.0,0.5,0.6757161428435308,0.0,0.000999000999000999,0.002733238922886596,False
1491,Endothelial,Plasma,Hydroxylansoprazole,0.8925244,0.029800523037640053,0.48811307081476846,0.6757161428435308,0.0,0.03496503496503497,0.04777972407779056,False
1492,Endothelial,Plasma,Hyodeoxycholic acid,-0.7647887,-0.04422887176234798,0.5176390158861988,0.6757161428435308,0.0,0.005994005994005994,0.012076328540133793,False
1493,Endothelial,Plasma,Iron,4.7067466,0.272198182716364,0.3927348195428067,0.6757161428435308,21.609877,0.22577422577422576,0.24363010466973412,False
1494,Endothelial,Plasma,Isoursodeoxycholic acid,-0.7647887,-0.04422887176234798,0.5176390158861988,0.6757161428435308,0.0,0.005994005994005994,0.012076328540133793,False
1495,Endothelial,Plasma,Ketone bodies,-1.0989354,-0.06355307312367202,0.5253369508099452,0.6757161428435308,0.0,0.01998001998001998,0.030239250643485482,False
1496,Endothelial,Plasma,L-Arginine,-0.20380938,-0.01178660080360467,0.5047020645309497,0.6757161428435308,0.0,0.004995004995004995,0.010650366582569973,False
1497,Endothelial,Plasma,L-Carnitine,0.0,0.0,0.5,0.6757161428435308,0.0,0.000999000999000999,0.002733238922886596,False
1498,Endothelial,Plasma,L-Cystine,-0.20380938,-0.01178660080360467,0.5047020645309497,0.6757161428435308,0.0,0.004995004995004995,0.010650366582569973,False
1499,Endothelial,Plasma,L-Dopa,0.0,0.0,0.5,0.6757161428435308,0.0,0.000999000999000999,0.002733238922886596,False
1500,Endothelial,Plasma,L-Glutamate,-1.329704,-0.05437564208842436,0.5216820575325785,0.6757161428435308,0.0,0.030969030969030968,0.04302014240176784,False
1501,Endothelial,Plasma,L-Lactate,-1.0989354,-0.06355307312367202,0.5253369508099452,0.6757161428435308,0.0,0.01998001998001998,0.030239250643485482,False
1502,Endothelial,Plasma,L-Lysine,-0.20380938,-0.01178660080360467,0.5047020645309497,0.6757161428435308,0.0,0.004995004995004995,0.010650366582569973,False
1503,Endothelial,Plasma,L-Ornithine,-0.20380938,-0.01178660080360467,0.5047020645309497,0.6757161428435308,0.0,0.004995004995004995,0.010650366582569973,False
1504,Endothelial,Plasma,Lithocholic acid,-0.7647887,-0.04422887176234798,0.5176390158861988,0.6757161428435308,0.0,0.005994005994005994,0.012076328540133793,False
1505,Endothelial,Plasma,N-Desmethylcitalopram,0.14391674,0.008322920028804083,0.4966796736378744,0.6757161428435308,0.0,0.024975024975024976,0.03644001556318884,False
1506,Endothelial,Plasma,N-Desmethyleletriptan,0.14391674,0.008322920028804083,0.4966796736378744,0.6757161428435308,0.0,0.024975024975024976,0.03644001556318884,False
1507,Endothelial,Plasma,N-Desmethyltamoxifen,0.8925244,0.029800523037640053,0.48811307081476846,0.6757161428435308,0.0,0.03496503496503497,0.04777972407779056,False
1508,Endothelial,Plasma,N-desmethylimatinib,0.8925244,0.029800523037640053,0.48811307081476846,0.6757161428435308,0.0,0.03496503496503497,0.04777972407779056,False
1509,Endothelial,Plasma,Neurotransmitter,-1.5647542,-0.09049207462825043,0.5360519041771337,0.6757161428435308,0.0,0.008991008991008992,0.016702140151638085,False
1510,Endothelial,Plasma,Nicotinate,-1.9179735,-0.055459636239505596,0.5221138569767054,0.6757161428435308,0.0,0.11388611388611389,0.13124654751624337,False
1511,Endothelial,Plasma,Norepinephrine,0.0,0.0,0.5,0.6757161428435308,0.0,0.000999000999000999,0.002733238922886596,False
1512,Endothelial,Plasma,O-Deethylated candesartan,0.14391674,0.008322920028804083,0.4966796736378744,0.6757161428435308,0.0,0.024975024975024976,0.03644001556318884,False
1513,Endothelial,Plasma,O-Desmethylverapamil (D-702),103.44016,1.8917058228009207,0.029265093548512342,0.6757161428435308,15.19467,0.1038961038961039,0.12021826591363016,False
1514,Endothelial,Plasma,Oxalic acid,0.711966,0.041174055621354996,0.4835785683714072,0.6757161428435308,0.0,0.07192807192807193,0.08702203739710954,False
1515,Endothelial,Plasma,Phosphate,0.0,0.0,0.5,0.6757161428435308,0.0,0.000999000999000999,0.002733238922886596,False
1516,Endothelial,Plasma,Progesterone,0.14391674,0.008322920028804083,0.4966796736378744,0.6757161428435308,0.0,0.024975024975024976,0.03644001556318884,False
1517,Endothelial,Plasma,Pyruvate,-1.0989354,-0.06355307312367202,0.5253369508099452,0.6757161428435308,0.0,0.01998001998001998,0.030239250643485482,False
1518,Endothelial,Plasma,Sodium,-6.0392485,-0.20164463714136632,0.5799027267287664,0.6774522894097766,0.0,0.14385614385614387,0.16245155203862566,False
1519,Endothelial,Plasma,Sodium_hydrogen exchange,0.47088122,0.015722266439636992,0.49372798157090936,0.6757161428435308,0.0,0.0979020979020979,0.11408006591407852,False
1520,Endothelial,Plasma,Sulfolithocholic acid,-0.7647887,-0.04422887176234798,0.5176390158861988,0.6757161428435308,0.0,0.005994005994005994,0.012076328540133793,False
1521,Endothelial,Plasma,Taurocholic acid,-0.6672214,-0.012862137138033043,0.5051311088431605,0.6757161428435308,0.0,0.15084915084915085,0.16964798119813318,False
1522,Endothelial,Plasma,Testosterone,105.587036,3.0531279808832203,0.0011323466524320474,0.08281930748601835,15.19467,0.03396603396603397,0.04659680559353405,True
1523,Endothelial,Plasma,Trihydroxycoprostanoic acid,-0.7647887,-0.04422887176234798,0.5176390158861988,0.6757161428435308,0.0,0.005994005994005994,0.012076328540133793,False
1524,Endothelial,Plasma,Ursocholic acid,-0.7647887,-0.04422887176234798,0.5176390158861988,0.6757161428435308,0.0,0.005994005994005994,0.012076328540133793,False
1525,Endothelial,Plasma,Ursodeoxycholic acid,-0.7647887,-0.04422887176234798,0.5176390158861988,0.6757161428435308,0.0,0.005994005994005994,0.012076328540133793,False
1526,Endothelial,Plasma,Ursodeoxycholic acid 3-sulfate,-0.7647887,-0.04422887176234798,0.5176390158861988,0.6757161428435308,0.0,0.005994005994005994,0.012076328540133793,False
1527,Endothelial,Plasma,Varanic acid,-0.7647887,-0.04422887176234798,0.5176390158861988,0.6757161428435308,0.0,0.005994005994005994,0.012076328540133793,False
1528,Endothelial,Plasma,Water,23.927319,0.7989099137397939,0.21217132503701736,0.6757161428435308,22.539042,0.07292707292707293,0.08804439322673488,False
1529,Endothelial,Plasma,alpha-Ketoisovaleric acid,-1.0989354,-0.06355307312367202,0.5253369508099452,0.6757161428435308,0.0,0.01998001998001998,0.030239250643485482,False
1530,Endothelial,T,"(3a,5b,7a)-23-Carboxy-7-hydroxy-24-norcholan-3-yl-b-D-Glucopyranosiduronic acid",-0.735147,-0.0843271441803582,0.5336018343373797,0.6757161428435308,0.0,0.00999000999000999,0.017922750381392707,False
1531,Endothelial,T,17a-Ethynylestradiol,-0.63238394,-0.07253941314023538,0.5289136795410809,0.6757161428435308,0.0,0.04995004995004995,0.06360036724409195,False
1532,Endothelial,T,"1b,3a,12a-Trihydroxy-5b-cholanoic acid",-0.735147,-0.0843271441803582,0.5336018343373797,0.6757161428435308,0.0,0.00999000999000999,0.017922750381392707,False
1533,Endothelial,T,2-Hydroxychlorpropamide,-0.8199339,-0.05430144848381582,0.521652502232631,0.6757161428435308,0.0,0.06693306693306693,0.08176519537948941,False
1534,Endothelial,T,25-Hydroxycholesterol,-0.44418168,-0.050951133122453,0.5203177699741636,0.6757161428435308,0.0,0.08691308691308691,0.10243269939728625,False
1535,Endothelial,T,"3',4'-Dihydrodiol",-0.63238394,-0.07253941314023538,0.5289136795410809,0.6757161428435308,0.0,0.04995004995004995,0.06360036724409195,False
1536,Endothelial,T,3-Sulfodeoxycholic acid,-0.735147,-0.0843271441803582,0.5336018343373797,0.6757161428435308,0.0,0.00999000999000999,0.017922750381392707,False
1537,Endothelial,T,"3alpha,7alpha-Dihydroxycoprostanic acid",-0.735147,-0.0843271441803582,0.5336018343373797,0.6757161428435308,0.0,0.00999000999000999,0.017922750381392707,False
1538,Endothelial,T,3b-Hydroxy-5-cholenoic acid,-0.735147,-0.0843271441803582,0.5336018343373797,0.6757161428435308,0.0,0.00999000999000999,0.017922750381392707,False
1539,Endothelial,T,4'-Hydroxydiclofenac,-0.63238394,-0.07253941314023538,0.5289136795410809,0.6757161428435308,0.0,0.04995004995004995,0.06360036724409195,False
1540,Endothelial,T,4-Hydroxycyclophosphamide,-0.63238394,-0.07253941314023538,0.5289136795410809,0.6757161428435308,0.0,0.04995004995004995,0.06360036724409195,False
1541,Endothelial,T,4-ene-Valproic acid,-4.7855816,-0.31693288308338236,0.6243527349230579,0.6808779482541045,0.0,0.028971028971028972,0.040621438303114626,False
1542,Endothelial,T,5-Hydroxyomeprazole,-3.916695,-0.20092222013673802,0.5796203035789556,0.6774522894097766,0.0,0.0899100899100899,0.1055495456391313,False
1543,Endothelial,T,8-Hydroxycarvedilol,-0.63238394,-0.07253941314023538,0.5289136795410809,0.6757161428435308,0.0,0.04995004995004995,0.06360036724409195,False
1544,Endothelial,T,Acetate,-6.4006944,-0.5191648684844171,0.6981771122032749,0.7281612990454894,0.0,0.04295704295704296,0.05616291835373108,False
1545,Endothelial,T,Acetyl-L-Carnitine,0.0,0.0,0.5,0.6757161428435308,0.0,0.000999000999000999,0.002733238922886596,False
1546,Endothelial,T,Adenosine diphosphate ribose,-1.9194479,-0.22017577417218176,0.5871328684477967,0.6795983862910224,0.0,0.011988011988011988,0.02048481266085178,False
1547,Endothelial,T,Adenosine triphosphate,5.7218056,0.6563361122409987,0.2558039435544591,0.6757161428435308,42.978905,0.05194805194805195,0.06578482922352462,False
1548,Endothelial,T,Amiloride-sensitive sodium transport,0.34644446,0.03973990476227717,0.48415024369539983,0.6757161428435308,0.0,0.005994005994005994,0.012076328540133793,False
1549,Endothelial,T,Anion exchange,-6.7476745,-0.4468756582035868,0.6725175798779739,0.7088028782561085,0.0,0.12187812187812187,0.13979091659616824,False
1550,Endothelial,T,Butyrate,-2.4726393,-0.2836311823591387,0.6116534810129617,0.6800205699783143,0.0,0.014985014985014986,0.024255209535703617,False
1551,Endothelial,T,Chenodeoxycholic acid,-0.735147,-0.0843271441803582,0.5336018343373797,0.6757161428435308,0.0,0.00999000999000999,0.017922750381392707,False
1552,Endothelial,T,Chenodeoxycholic acid 3-sulfate,-0.735147,-0.0843271441803582,0.5336018343373797,0.6757161428435308,0.0,0.00999000999000999,0.017922750381392707,False
1553,Endothelial,T,Chloride,-1.6489097,-0.1891429130789304,0.575009595658045,0.6772959457320709,0.0,0.01898101898101898,0.02908419229978304,False
1554,Endothelial,T,Chloride ion,-0.55259484,-0.06338697543624579,0.5252708207546795,0.6757161428435308,0.0,0.08891108891108891,0.10453285032724285,False
1555,Endothelial,T,Cholesterol,-0.4994424,-0.03307638086835843,0.5131931611108708,0.6757161428435308,0.0,0.056943056943056944,0.07133475964386142,False
1556,Endothelial,T,Cholic acid,-4.0496364,-0.268193719922146,0.6057248956191204,0.679830913543959,0.0,0.08291708291708291,0.09803542322339315,False
1557,Endothelial,T,Choline,0.0,0.0,0.5,0.6757161428435308,0.0,0.000999000999000999,0.002733238922886596,False
1558,Endothelial,T,Citric acid,-3.928055,-0.4505788157591681,0.6738534312133019,0.7099728781125073,0.0,0.028971028971028972,0.040621438303114626,False
1559,Endothelial,T,Coprocholic acid,-0.735147,-0.0843271441803582,0.5336018343373797,0.6757161428435308,0.0,0.00999000999000999,0.017922750381392707,False
1560,Endothelial,T,Cortisol,-0.4994424,-0.03307638086835843,0.5131931611108708,0.6757161428435308,0.0,0.056943056943056944,0.07133475964386142,False
1561,Endothelial,T,Creatine,0.0,0.0,0.5,0.6757161428435308,0.0,0.000999000999000999,0.002733238922886596,False
1562,Endothelial,T,D-Lactate,-2.4726393,-0.2836311823591387,0.6116534810129617,0.6800205699783143,0.0,0.014985014985014986,0.024255209535703617,False
1563,Endothelial,T,Deoxycholic acid,-0.735147,-0.0843271441803582,0.5336018343373797,0.6757161428435308,0.0,0.00999000999000999,0.017922750381392707,False
1564,Endothelial,T,Dopamine,0.0,0.0,0.5,0.6757161428435308,0.0,0.000999000999000999,0.002733238922886596,False
1565,Endothelial,T,E-3179,-0.63238394,-0.07253941314023538,0.5289136795410809,0.6757161428435308,0.0,0.04995004995004995,0.06360036724409195,False
1566,Endothelial,T,Estradiol,-4.4274974,-0.2539343905582712,0.6002268772189728,0.6795983862910224,0.0,0.08491508491508491,0.10019056164244684,False
1567,Endothelial,T,Estriol,-0.63238394,-0.07253941314023538,0.5289136795410809,0.6757161428435308,0.0,0.04995004995004995,0.06360036724409195,False
1568,Endothelial,T,Fatty acid,-3.6295776,-0.24037465111568285,0.5949800861630432,0.6795983862910224,21.737974,0.8601398601398601,0.8615095095986816,False
1569,Endothelial,T,Folic acid,-0.46958762,-0.038088585861272485,0.5151914740645243,0.6757161428435308,0.0,0.011988011988011988,0.02048481266085178,False
1570,Endothelial,T,Folinic acid,-0.735147,-0.0843271441803582,0.5336018343373797,0.6757161428435308,0.0,0.00999000999000999,0.017922750381392707,False
1571,Endothelial,T,Glutathione,-0.735147,-0.0843271441803582,0.5336018343373797,0.6757161428435308,0.0,0.00999000999000999,0.017922750381392707,False
1572,Endothelial,T,Glycerol,-0.63238394,-0.07253941314023538,0.5289136795410809,0.6757161428435308,0.0,0.04995004995004995,0.06360036724409195,False
1573,Endothelial,T,Glycochenodeoxycholate-3-sulfate,-0.735147,-0.0843271441803582,0.5336018343373797,0.6757161428435308,0.0,0.00999000999000999,0.017922750381392707,False
1574,Endothelial,T,Glycyl-glycine,0.0,0.0,0.5,0.6757161428435308,0.0,0.000999000999000999,0.002733238922886596,False
1575,Endothelial,T,Histamine,0.0,0.0,0.5,0.6757161428435308,0.0,0.000999000999000999,0.002733238922886596,False
1576,Endothelial,T,Hydroxylansoprazole,-0.4994424,-0.03307638086835843,0.5131931611108708,0.6757161428435308,0.0,0.056943056943056944,0.07133475964386142,False
1577,Endothelial,T,Hyodeoxycholic acid,-0.735147,-0.0843271441803582,0.5336018343373797,0.6757161428435308,0.0,0.00999000999000999,0.017922750381392707,False
1578,Endothelial,T,Iron,15.393335,1.7657366621470043,0.03872001948845074,0.6757161428435308,18.917208,0.06993006993006994,0.08501355621572089,False
1579,Endothelial,T,Isoursodeoxycholic acid,-0.735147,-0.0843271441803582,0.5336018343373797,0.6757161428435308,0.0,0.00999000999000999,0.017922750381392707,False
1580,Endothelial,T,Ketone bodies,-2.4726393,-0.2836311823591387,0.6116534810129617,0.6800205699783143,0.0,0.014985014985014986,0.024255209535703617,False
1581,Endothelial,T,L-Arginine,0.21682832,0.024871913671161226,0.49007856497256663,0.6757161428435308,0.0,0.000999000999000999,0.002733238922886596,False
1582,Endothelial,T,L-Carnitine,0.0,0.0,0.5,0.6757161428435308,0.0,0.000999000999000999,0.002733238922886596,False
1583,Endothelial,T,L-Cystine,0.21682832,0.024871913671161226,0.49007856497256663,0.6757161428435308,0.0,0.000999000999000999,0.002733238922886596,False
1584,Endothelial,T,L-Dopa,0.0,0.0,0.5,0.6757161428435308,0.0,0.000999000999000999,0.002733238922886596,False
1585,Endothelial,T,L-Glutamate,-3.3468494,-0.27146533635771153,0.6069834216906544,0.679830913543959,0.0,0.016983016983016984,0.026454476677359295,False
1586,Endothelial,T,L-Lactate,-2.4726393,-0.2836311823591387,0.6116534810129617,0.6800205699783143,0.0,0.014985014985014986,0.024255209535703617,False
1587,Endothelial,T,L-Lysine,0.21682832,0.024871913671161226,0.49007856497256663,0.6757161428435308,0.0,0.000999000999000999,0.002733238922886596,False
1588,Endothelial,T,L-Ornithine,0.21682832,0.024871913671161226,0.49007856497256663,0.6757161428435308,0.0,0.000999000999000999,0.002733238922886596,False
1589,Endothelial,T,Lithocholic acid,-0.735147,-0.0843271441803582,0.5336018343373797,0.6757161428435308,0.0,0.00999000999000999,0.017922750381392707,False
1590,Endothelial,T,N-Desmethylcitalopram,-0.63238394,-0.07253941314023538,0.5289136795410809,0.6757161428435308,0.0,0.04995004995004995,0.06360036724409195,False
1591,Endothelial,T,N-Desmethyleletriptan,-0.63238394,-0.07253941314023538,0.5289136795410809,0.6757161428435308,0.0,0.04995004995004995,0.06360036724409195,False
1592,Endothelial,T,N-Desmethyltamoxifen,-0.4994424,-0.03307638086835843,0.5131931611108708,0.6757161428435308,0.0,0.056943056943056944,0.07133475964386142,False
1593,Endothelial,T,N-desmethylimatinib,-0.4994424,-0.03307638086835843,0.5131931611108708,0.6757161428435308,0.0,0.056943056943056944,0.07133475964386142,False
1594,Endothelial,T,Neurotransmitter,0.26555938,0.03046174948373454,0.4878493993522057,0.6757161428435308,0.0,0.003996003996003996,0.008992796112653,False
1595,Endothelial,T,Nicotinate,-8.713636,-0.4997613222501932,0.6913784261006021,0.7228674036191468,0.0,0.056943056943056944,0.07133475964386142,False
1596,Endothelial,T,Norepinephrine,0.0,0.0,0.5,0.6757161428435308,0.0,0.000999000999000999,0.002733238922886596,False
1597,Endothelial,T,O-Deethylated candesartan,-0.63238394,-0.07253941314023538,0.5289136795410809,0.6757161428435308,0.0,0.04995004995004995,0.06360036724409195,False
1598,Endothelial,T,O-Desmethylverapamil (D-702),-3.8901534,-0.14111069534125928,0.5561087527308411,0.6757161428435308,0.0,0.11288711288711288,0.1301668084436187,False
1599,Endothelial,T,Oxalic acid,-3.928055,-0.4505788157591681,0.6738534312133019,0.7099728781125073,0.0,0.028971028971028972,0.040621438303114626,False
1600,Endothelial,T,Phosphate,0.0,0.0,0.5,0.6757161428435308,0.0,0.000999000999000999,0.002733238922886596,False
1601,Endothelial,T,Progesterone,-0.63238394,-0.07253941314023538,0.5289136795410809,0.6757161428435308,0.0,0.04995004995004995,0.06360036724409195,False
1602,Endothelial,T,Pyruvate,-2.4726393,-0.2836311823591387,0.6116534810129617,0.6800205699783143,0.0,0.014985014985014986,0.024255209535703617,False
1603,Endothelial,T,Sodium,-2.0482233,-0.13564689892377532,0.5539497859529512,0.6757161428435308,0.0,0.10589410589410589,0.12235009663371162,False
1604,Endothelial,T,Sodium_hydrogen exchange,-1.6392548,-0.10856230176172843,0.5432251685968924,0.6757161428435308,0.0,0.1038961038961039,0.12021826591363016,False
1605,Endothelial,T,Sulfolithocholic acid,-0.735147,-0.0843271441803582,0.5336018343373797,0.6757161428435308,0.0,0.00999000999000999,0.017922750381392707,False
1606,Endothelial,T,Taurocholic acid,-10.100297,-0.38619450710710124,0.6503236892536678,0.6954290759543245,0.0,0.13986013986013987,0.15865108741574027,False
1607,Endothelial,T,Testosterone,-1.0816209,-0.06203521494964852,0.5247326057397871,0.6757161428435308,0.0,0.058941058941058944,0.07323968011443317,False
1608,Endothelial,T,Trihydroxycoprostanoic acid,-0.735147,-0.0843271441803582,0.5336018343373797,0.6757161428435308,0.0,0.00999000999000999,0.017922750381392707,False
1609,Endothelial,T,Ursocholic acid,-0.735147,-0.0843271441803582,0.5336018343373797,0.6757161428435308,0.0,0.00999000999000999,0.017922750381392707,False
1610,Endothelial,T,Ursodeoxycholic acid,-0.735147,-0.0843271441803582,0.5336018343373797,0.6757161428435308,0.0,0.00999000999000999,0.017922750381392707,False
1611,Endothelial,T,Ursodeoxycholic acid 3-sulfate,-0.735147,-0.0843271441803582,0.5336018343373797,0.6757161428435308,0.0,0.00999000999000999,0.017922750381392707,False
1612,Endothelial,T,Varanic acid,-0.735147,-0.0843271441803582,0.5336018343373797,0.6757161428435308,0.0,0.00999000999000999,0.017922750381392707,False
1613,Endothelial,T,Water,-1.0086187,-0.06679740602742511,0.5266285057553648,0.6757161428435308,0.0,0.07792207792207792,0.09296848826439115,False
1614,Endothelial,T,alpha-Ketoisovaleric acid,-2.4726393,-0.2836311823591387,0.6116534810129617,0.6800205699783143,0.0,0.014985014985014986,0.024255209535703617,False
1615,Enteric_glia,Enteric_glia,"(3a,5b,7a)-23-Carboxy-7-hydroxy-24-norcholan-3-yl-b-D-Glucopyranosiduronic acid",0.0,0.0,0.5,0.6757161428435308,0.0,0.003996003996003996,0.008992796112653,False
1616,Enteric_glia,Enteric_glia,17a-Ethynylestradiol,0.0,0.0,0.5,0.6757161428435308,0.0,0.000999000999000999,0.002733238922886596,False
1617,Enteric_glia,Enteric_glia,"1b,3a,12a-Trihydroxy-5b-cholanoic acid",0.0,0.0,0.5,0.6757161428435308,0.0,0.003996003996003996,0.008992796112653,False
1618,Enteric_glia,Enteric_glia,2-Hydroxychlorpropamide,0.0,0.0,0.5,0.6757161428435308,0.0,0.000999000999000999,0.002733238922886596,False
1619,Enteric_glia,Enteric_glia,25-Hydroxycholesterol,0.0,0.0,0.5,0.6757161428435308,0.0,0.04395604395604396,0.057231114983133206,False
1620,Enteric_glia,Enteric_glia,"3',4'-Dihydrodiol",0.0,0.0,0.5,0.6757161428435308,0.0,0.000999000999000999,0.002733238922886596,False
1621,Enteric_glia,Enteric_glia,3-Sulfodeoxycholic acid,0.0,0.0,0.5,0.6757161428435308,0.0,0.003996003996003996,0.008992796112653,False
1622,Enteric_glia,Enteric_glia,"3alpha,7alpha-Dihydroxycoprostanic acid",0.0,0.0,0.5,0.6757161428435308,0.0,0.003996003996003996,0.008992796112653,False
1623,Enteric_glia,Enteric_glia,3b-Hydroxy-5-cholenoic acid,0.0,0.0,0.5,0.6757161428435308,0.0,0.003996003996003996,0.008992796112653,False
1624,Enteric_glia,Enteric_glia,4'-Hydroxydiclofenac,0.0,0.0,0.5,0.6757161428435308,0.0,0.000999000999000999,0.002733238922886596,False
1625,Enteric_glia,Enteric_glia,4-Hydroxycyclophosphamide,0.0,0.0,0.5,0.6757161428435308,0.0,0.000999000999000999,0.002733238922886596,False
1626,Enteric_glia,Enteric_glia,4-ene-Valproic acid,0.0,0.0,0.5,0.6757161428435308,0.0,0.000999000999000999,0.002733238922886596,False
1627,Enteric_glia,Enteric_glia,5-Hydroxyomeprazole,0.0,0.0,0.5,0.6757161428435308,0.0,0.007992007992007992,0.015114170255481141,False
1628,Enteric_glia,Enteric_glia,8-Hydroxycarvedilol,0.0,0.0,0.5,0.6757161428435308,0.0,0.000999000999000999,0.002733238922886596,False
1629,Enteric_glia,Enteric_glia,Acetate,0.0,0.0,0.5,0.6757161428435308,0.0,0.001998001998001998,0.005057316928544293,False
1630,Enteric_glia,Enteric_glia,Acetyl-L-Carnitine,0.0,0.0,0.5,0.6757161428435308,0.0,0.000999000999000999,0.002733238922886596,False
1631,Enteric_glia,Enteric_glia,Adenosine diphosphate ribose,0.0,0.0,0.5,0.6757161428435308,0.0,0.000999000999000999,0.002733238922886596,False
1632,Enteric_glia,Enteric_glia,Adenosine triphosphate,0.0,0.0,0.5,0.6757161428435308,0.0,0.002997002997002997,0.007184126848760995,False
1633,Enteric_glia,Enteric_glia,Amiloride-sensitive sodium transport,0.0,0.0,0.5,0.6757161428435308,0.0,0.000999000999000999,0.002733238922886596,False
1634,Enteric_glia,Enteric_glia,Anion exchange,0.0,0.0,0.5,0.6757161428435308,0.0,0.004995004995004995,0.010650366582569973,False
1635,Enteric_glia,Enteric_glia,Butyrate,0.0,0.0,0.5,0.6757161428435308,0.0,0.000999000999000999,0.002733238922886596,False
1636,Enteric_glia,Enteric_glia,Chenodeoxycholic acid,0.0,0.0,0.5,0.6757161428435308,0.0,0.003996003996003996,0.008992796112653,False
1637,Enteric_glia,Enteric_glia,Chenodeoxycholic acid 3-sulfate,0.0,0.0,0.5,0.6757161428435308,0.0,0.003996003996003996,0.008992796112653,False
1638,Enteric_glia,Enteric_glia,Chloride,0.0,0.0,0.5,0.6757161428435308,0.0,0.003996003996003996,0.008992796112653,False
1639,Enteric_glia,Enteric_glia,Chloride ion,0.0,0.0,0.5,0.6757161428435308,0.0,0.001998001998001998,0.005057316928544293,False
1640,Enteric_glia,Enteric_glia,Cholesterol,0.0,0.0,0.5,0.6757161428435308,0.0,0.000999000999000999,0.002733238922886596,False
1641,Enteric_glia,Enteric_glia,Cholic acid,0.0,0.0,0.5,0.6757161428435308,0.0,0.007992007992007992,0.015114170255481141,False
1642,Enteric_glia,Enteric_glia,Choline,0.0,0.0,0.5,0.6757161428435308,0.0,0.000999000999000999,0.002733238922886596,False
1643,Enteric_glia,Enteric_glia,Citric acid,0.0,0.0,0.5,0.6757161428435308,0.0,0.001998001998001998,0.005057316928544293,False
1644,Enteric_glia,Enteric_glia,Coprocholic acid,0.0,0.0,0.5,0.6757161428435308,0.0,0.003996003996003996,0.008992796112653,False
1645,Enteric_glia,Enteric_glia,Cortisol,0.0,0.0,0.5,0.6757161428435308,0.0,0.000999000999000999,0.002733238922886596,False
1646,Enteric_glia,Enteric_glia,Creatine,0.0,0.0,0.5,0.6757161428435308,0.0,0.000999000999000999,0.002733238922886596,False
1647,Enteric_glia,Enteric_glia,D-Lactate,0.0,0.0,0.5,0.6757161428435308,0.0,0.000999000999000999,0.002733238922886596,False
1648,Enteric_glia,Enteric_glia,Deoxycholic acid,0.0,0.0,0.5,0.6757161428435308,0.0,0.003996003996003996,0.008992796112653,False
1649,Enteric_glia,Enteric_glia,Dopamine,0.0,0.0,0.5,0.6757161428435308,0.0,0.000999000999000999,0.002733238922886596,False
1650,Enteric_glia,Enteric_glia,E-3179,0.0,0.0,0.5,0.6757161428435308,0.0,0.000999000999000999,0.002733238922886596,False
1651,Enteric_glia,Enteric_glia,Estradiol,0.0,0.0,0.5,0.6757161428435308,0.0,0.001998001998001998,0.005057316928544293,False
1652,Enteric_glia,Enteric_glia,Estriol,0.0,0.0,0.5,0.6757161428435308,0.0,0.000999000999000999,0.002733238922886596,False
1653,Enteric_glia,Enteric_glia,Fatty acid,0.0,0.0,0.5,0.6757161428435308,0.0,0.055944055944055944,0.07027923145358736,False
1654,Enteric_glia,Enteric_glia,Folic acid,0.0,0.0,0.5,0.6757161428435308,0.0,0.003996003996003996,0.008992796112653,False
1655,Enteric_glia,Enteric_glia,Folinic acid,0.0,0.0,0.5,0.6757161428435308,0.0,0.003996003996003996,0.008992796112653,False
1656,Enteric_glia,Enteric_glia,Glutathione,0.0,0.0,0.5,0.6757161428435308,0.0,0.003996003996003996,0.008992796112653,False
1657,Enteric_glia,Enteric_glia,Glycerol,0.0,0.0,0.5,0.6757161428435308,0.0,0.000999000999000999,0.002733238922886596,False
1658,Enteric_glia,Enteric_glia,Glycochenodeoxycholate-3-sulfate,0.0,0.0,0.5,0.6757161428435308,0.0,0.003996003996003996,0.008992796112653,False
1659,Enteric_glia,Enteric_glia,Glycyl-glycine,0.0,0.0,0.5,0.6757161428435308,0.0,0.000999000999000999,0.002733238922886596,False
1660,Enteric_glia,Enteric_glia,Histamine,0.0,0.0,0.5,0.6757161428435308,0.0,0.000999000999000999,0.002733238922886596,False
1661,Enteric_glia,Enteric_glia,Hydroxylansoprazole,0.0,0.0,0.5,0.6757161428435308,0.0,0.000999000999000999,0.002733238922886596,False
1662,Enteric_glia,Enteric_glia,Hyodeoxycholic acid,0.0,0.0,0.5,0.6757161428435308,0.0,0.003996003996003996,0.008992796112653,False
1663,Enteric_glia,Enteric_glia,Iron,0.0,0.0,0.5,0.6757161428435308,0.0,0.03796203796203796,0.05117471469807518,False
1664,Enteric_glia,Enteric_glia,Isoursodeoxycholic acid,0.0,0.0,0.5,0.6757161428435308,0.0,0.003996003996003996,0.008992796112653,False
1665,Enteric_glia,Enteric_glia,Ketone bodies,0.0,0.0,0.5,0.6757161428435308,0.0,0.000999000999000999,0.002733238922886596,False
1666,Enteric_glia,Enteric_glia,L-Arginine,0.0,0.0,0.5,0.6757161428435308,0.0,0.000999000999000999,0.002733238922886596,False
1667,Enteric_glia,Enteric_glia,L-Carnitine,0.0,0.0,0.5,0.6757161428435308,0.0,0.000999000999000999,0.002733238922886596,False
1668,Enteric_glia,Enteric_glia,L-Cystine,0.0,0.0,0.5,0.6757161428435308,0.0,0.000999000999000999,0.002733238922886596,False
1669,Enteric_glia,Enteric_glia,L-Dopa,0.0,0.0,0.5,0.6757161428435308,0.0,0.000999000999000999,0.002733238922886596,False
1670,Enteric_glia,Enteric_glia,L-Glutamate,0.0,0.0,0.5,0.6757161428435308,0.0,0.000999000999000999,0.002733238922886596,False
1671,Enteric_glia,Enteric_glia,L-Lactate,0.0,0.0,0.5,0.6757161428435308,0.0,0.000999000999000999,0.002733238922886596,False
1672,Enteric_glia,Enteric_glia,L-Lysine,0.0,0.0,0.5,0.6757161428435308,0.0,0.000999000999000999,0.002733238922886596,False
1673,Enteric_glia,Enteric_glia,L-Ornithine,0.0,0.0,0.5,0.6757161428435308,0.0,0.000999000999000999,0.002733238922886596,False
1674,Enteric_glia,Enteric_glia,Lithocholic acid,0.0,0.0,0.5,0.6757161428435308,0.0,0.003996003996003996,0.008992796112653,False
1675,Enteric_glia,Enteric_glia,N-Desmethylcitalopram,0.0,0.0,0.5,0.6757161428435308,0.0,0.000999000999000999,0.002733238922886596,False
1676,Enteric_glia,Enteric_glia,N-Desmethyleletriptan,0.0,0.0,0.5,0.6757161428435308,0.0,0.000999000999000999,0.002733238922886596,False
1677,Enteric_glia,Enteric_glia,N-Desmethyltamoxifen,0.0,0.0,0.5,0.6757161428435308,0.0,0.000999000999000999,0.002733238922886596,False
1678,Enteric_glia,Enteric_glia,N-desmethylimatinib,0.0,0.0,0.5,0.6757161428435308,0.0,0.000999000999000999,0.002733238922886596,False
1679,Enteric_glia,Enteric_glia,Neurotransmitter,0.0,0.0,0.5,0.6757161428435308,0.0,0.000999000999000999,0.002733238922886596,False
1680,Enteric_glia,Enteric_glia,Nicotinate,0.0,0.0,0.5,0.6757161428435308,0.0,0.001998001998001998,0.005057316928544293,False
1681,Enteric_glia,Enteric_glia,Norepinephrine,0.0,0.0,0.5,0.6757161428435308,0.0,0.000999000999000999,0.002733238922886596,False
1682,Enteric_glia,Enteric_glia,O-Deethylated candesartan,0.0,0.0,0.5,0.6757161428435308,0.0,0.000999000999000999,0.002733238922886596,False
1683,Enteric_glia,Enteric_glia,O-Desmethylverapamil (D-702),0.0,0.0,0.5,0.6757161428435308,0.0,0.011988011988011988,0.02048481266085178,False
1684,Enteric_glia,Enteric_glia,Oxalic acid,0.0,0.0,0.5,0.6757161428435308,0.0,0.001998001998001998,0.005057316928544293,False
1685,Enteric_glia,Enteric_glia,Phosphate,0.0,0.0,0.5,0.6757161428435308,0.0,0.000999000999000999,0.002733238922886596,False
1686,Enteric_glia,Enteric_glia,Progesterone,0.0,0.0,0.5,0.6757161428435308,0.0,0.000999000999000999,0.002733238922886596,False
1687,Enteric_glia,Enteric_glia,Pyruvate,0.0,0.0,0.5,0.6757161428435308,0.0,0.000999000999000999,0.002733238922886596,False
1688,Enteric_glia,Enteric_glia,Sodium,0.0,0.0,0.5,0.6757161428435308,0.0,0.003996003996003996,0.008992796112653,False
1689,Enteric_glia,Enteric_glia,Sodium_hydrogen exchange,0.0,0.0,0.5,0.6757161428435308,0.0,0.000999000999000999,0.002733238922886596,False
1690,Enteric_glia,Enteric_glia,Sulfolithocholic acid,0.0,0.0,0.5,0.6757161428435308,0.0,0.003996003996003996,0.008992796112653,False
1691,Enteric_glia,Enteric_glia,Taurocholic acid,0.0,0.0,0.5,0.6757161428435308,0.0,0.008991008991008992,0.016702140151638085,False
1692,Enteric_glia,Enteric_glia,Testosterone,0.0,0.0,0.5,0.6757161428435308,0.0,0.000999000999000999,0.002733238922886596,False
1693,Enteric_glia,Enteric_glia,Trihydroxycoprostanoic acid,0.0,0.0,0.5,0.6757161428435308,0.0,0.003996003996003996,0.008992796112653,False
1694,Enteric_glia,Enteric_glia,Ursocholic acid,0.0,0.0,0.5,0.6757161428435308,0.0,0.003996003996003996,0.008992796112653,False
1695,Enteric_glia,Enteric_glia,Ursodeoxycholic acid,0.0,0.0,0.5,0.6757161428435308,0.0,0.003996003996003996,0.008992796112653,False
1696,Enteric_glia,Enteric_glia,Ursodeoxycholic acid 3-sulfate,0.0,0.0,0.5,0.6757161428435308,0.0,0.003996003996003996,0.008992796112653,False
1697,Enteric_glia,Enteric_glia,Varanic acid,0.0,0.0,0.5,0.6757161428435308,0.0,0.003996003996003996,0.008992796112653,False
1698,Enteric_glia,Enteric_glia,Water,0.0,0.0,0.5,0.6757161428435308,0.0,0.02097902097902098,0.031531192821515404,False
1699,Enteric_glia,Enteric_glia,alpha-Ketoisovaleric acid,0.0,0.0,0.5,0.6757161428435308,0.0,0.000999000999000999,0.002733238922886596,False
1700,Enteric_glia,Fibroblast,"(3a,5b,7a)-23-Carboxy-7-hydroxy-24-norcholan-3-yl-b-D-Glucopyranosiduronic acid",0.09699852,0.01185025531566615,0.4952725427662828,0.6757161428435308,0.0,0.015984015984015984,0.025433711241958142,False
1701,Enteric_glia,Fibroblast,17a-Ethynylestradiol,-2.1736467,-0.26555320815624034,0.604708336793502,0.6795983862910224,0.0,0.007992007992007992,0.015114170255481141,False
1702,Enteric_glia,Fibroblast,"1b,3a,12a-Trihydroxy-5b-cholanoic acid",0.09699852,0.01185025531566615,0.4952725427662828,0.6757161428435308,0.0,0.015984015984015984,0.025433711241958142,False
1703,Enteric_glia,Fibroblast,2-Hydroxychlorpropamide,-2.1736467,-0.1533172162131741,0.5609259376959506,0.6757161428435308,0.0,0.007992007992007992,0.015114170255481141,False
1704,Enteric_glia,Fibroblast,25-Hydroxycholesterol,-7.0574775,-0.8622081015816994,0.8057134938582207,0.8160930557758789,0.0,0.3906093906093906,0.4071814827532428,False
1705,Enteric_glia,Fibroblast,"3',4'-Dihydrodiol",-2.1736467,-0.26555320815624034,0.604708336793502,0.6795983862910224,0.0,0.007992007992007992,0.015114170255481141,False
1706,Enteric_glia,Fibroblast,3-Sulfodeoxycholic acid,0.09699852,0.01185025531566615,0.4952725427662828,0.6757161428435308,0.0,0.015984015984015984,0.025433711241958142,False
1707,Enteric_glia,Fibroblast,"3alpha,7alpha-Dihydroxycoprostanic acid",0.09699852,0.01185025531566615,0.4952725427662828,0.6757161428435308,0.0,0.015984015984015984,0.025433711241958142,False
1708,Enteric_glia,Fibroblast,3b-Hydroxy-5-cholenoic acid,0.09699852,0.01185025531566615,0.4952725427662828,0.6757161428435308,0.0,0.015984015984015984,0.025433711241958142,False
1709,Enteric_glia,Fibroblast,4'-Hydroxydiclofenac,-2.1736467,-0.26555320815624034,0.604708336793502,0.6795983862910224,0.0,0.007992007992007992,0.015114170255481141,False
1710,Enteric_glia,Fibroblast,4-Hydroxycyclophosphamide,-2.1736467,-0.26555320815624034,0.604708336793502,0.6795983862910224,0.0,0.007992007992007992,0.015114170255481141,False
1711,Enteric_glia,Fibroblast,4-ene-Valproic acid,0.42680585,0.030104563783143166,0.4879918305047557,0.6757161428435308,0.0,0.007992007992007992,0.015114170255481141,False
1712,Enteric_glia,Fibroblast,5-Hydroxyomeprazole,-1.6018811,-0.08752011636208458,0.5348709518810439,0.6757161428435308,0.0,0.028971028971028972,0.040621438303114626,False
1713,Enteric_glia,Fibroblast,8-Hydroxycarvedilol,-2.1736467,-0.26555320815624034,0.604708336793502,0.6795983862910224,0.0,0.007992007992007992,0.015114170255481141,False
1714,Enteric_glia,Fibroblast,Acetate,7.340307,0.6341059655002979,0.2630058349304764,0.6757161428435308,24.000452,0.012987012987012988,0.02170829436309107,True
1715,Enteric_glia,Fibroblast,Acetyl-L-Carnitine,0.42680585,0.052142634012101896,0.4792075210611178,0.6757161428435308,0.0,0.007992007992007992,0.015114170255481141,False
1716,Enteric_glia,Fibroblast,Adenosine diphosphate ribose,0.52272826,0.063861421602754,0.4745402853236185,0.6757161428435308,0.0,0.008991008991008992,0.016702140151638085,False
1717,Enteric_glia,Fibroblast,Adenosine triphosphate,1.3327008,0.1628153221641226,0.43533192195260056,0.6757161428435308,0.0,0.060939060939060936,0.0753798806896152,False
1718,Enteric_glia,Fibroblast,Amiloride-sensitive sodium transport,0.0,0.0,0.5,0.6757161428435308,0.0,0.000999000999000999,0.002733238922886596,False
1719,Enteric_glia,Fibroblast,Anion exchange,-3.8241172,-0.2697324290041958,0.6063169449099957,0.679830913543959,0.0,0.1258741258741259,0.1439018996270905,False
1720,Enteric_glia,Fibroblast,Butyrate,0.0,0.0,0.5,0.6757161428435308,0.0,0.000999000999000999,0.002733238922886596,False
1721,Enteric_glia,Fibroblast,Chenodeoxycholic acid,0.09699852,0.01185025531566615,0.4952725427662828,0.6757161428435308,0.0,0.015984015984015984,0.025433711241958142,False
1722,Enteric_glia,Fibroblast,Chenodeoxycholic acid 3-sulfate,0.09699852,0.01185025531566615,0.4952725427662828,0.6757161428435308,0.0,0.015984015984015984,0.025433711241958142,False
1723,Enteric_glia,Fibroblast,Chloride,-0.3118265,-0.03809566991271266,0.5151942981425338,0.6757161428435308,0.0,0.04495504495504495,0.058374738391253664,False
1724,Enteric_glia,Fibroblast,Chloride ion,-3.5824156,-0.43766172095353834,0.6691842389568254,0.7058648604560565,0.0,0.03496503496503497,0.04777972407779056,False
1725,Enteric_glia,Fibroblast,Cholesterol,-1.9602437,-0.13826493011741503,0.5549844795152301,0.6757161428435308,0.0,0.012987012987012988,0.02170829436309107,False
1726,Enteric_glia,Fibroblast,Cholic acid,-1.8152841,-0.128040270471922,0.5509414479603982,0.6757161428435308,0.0,0.023976023976023976,0.03535971648515611,False
1727,Enteric_glia,Fibroblast,Choline,0.42680585,0.052142634012101896,0.4792075210611178,0.6757161428435308,0.0,0.007992007992007992,0.015114170255481141,False
1728,Enteric_glia,Fibroblast,Citric acid,7.340307,0.896761256392207,0.1849231629511191,0.6757161428435308,24.000452,0.012987012987012988,0.02170829436309107,True
1729,Enteric_glia,Fibroblast,Coprocholic acid,0.09699852,0.01185025531566615,0.4952725427662828,0.6757161428435308,0.0,0.015984015984015984,0.025433711241958142,False
1730,Enteric_glia,Fibroblast,Cortisol,-1.9602437,-0.13826493011741503,0.5549844795152301,0.6757161428435308,0.0,0.012987012987012988,0.02170829436309107,False
1731,Enteric_glia,Fibroblast,Creatine,0.42680585,0.052142634012101896,0.4792075210611178,0.6757161428435308,0.0,0.007992007992007992,0.015114170255481141,False
1732,Enteric_glia,Fibroblast,D-Lactate,0.0,0.0,0.5,0.6757161428435308,0.0,0.000999000999000999,0.002733238922886596,False
1733,Enteric_glia,Fibroblast,Deoxycholic acid,0.09699852,0.01185025531566615,0.4952725427662828,0.6757161428435308,0.0,0.015984015984015984,0.025433711241958142,False
1734,Enteric_glia,Fibroblast,Dopamine,0.42680585,0.052142634012101896,0.4792075210611178,0.6757161428435308,0.0,0.007992007992007992,0.015114170255481141,False
1735,Enteric_glia,Fibroblast,E-3179,-2.1736467,-0.26555320815624034,0.604708336793502,0.6795983862910224,0.0,0.007992007992007992,0.015114170255481141,False
1736,Enteric_glia,Fibroblast,Estradiol,5.380063,0.3286396571344767,0.37121403472981973,0.6757161428435308,24.000452,0.013986013986013986,0.022891498301334367,True
1737,Enteric_glia,Fibroblast,Estriol,-2.1736467,-0.26555320815624034,0.604708336793502,0.6795983862910224,0.0,0.007992007992007992,0.015114170255481141,False
1738,Enteric_glia,Fibroblast,Fatty acid,-4.4913154,-0.31679296020265946,0.6242996468744636,0.6808779482541045,0.0,0.5284715284715285,0.5420883747693924,False
1739,Enteric_glia,Fibroblast,Folic acid,0.09699852,0.008379395892499466,0.49665714381367654,0.6757161428435308,0.0,0.015984015984015984,0.025433711241958142,False
1740,Enteric_glia,Fibroblast,Folinic acid,0.09699852,0.01185025531566615,0.4952725427662828,0.6757161428435308,0.0,0.015984015984015984,0.025433711241958142,False
1741,Enteric_glia,Fibroblast,Glutathione,0.09699852,0.01185025531566615,0.4952725427662828,0.6757161428435308,0.0,0.015984015984015984,0.025433711241958142,False
1742,Enteric_glia,Fibroblast,Glycerol,-2.1736467,-0.26555320815624034,0.604708336793502,0.6795983862910224,0.0,0.007992007992007992,0.015114170255481141,False
1743,Enteric_glia,Fibroblast,Glycochenodeoxycholate-3-sulfate,0.09699852,0.01185025531566615,0.4952725427662828,0.6757161428435308,0.0,0.015984015984015984,0.025433711241958142,False
1744,Enteric_glia,Fibroblast,Glycyl-glycine,0.0,0.0,0.5,0.6757161428435308,0.0,0.000999000999000999,0.002733238922886596,False
1745,Enteric_glia,Fibroblast,Histamine,0.42680585,0.052142634012101896,0.4792075210611178,0.6757161428435308,0.0,0.007992007992007992,0.015114170255481141,False
1746,Enteric_glia,Fibroblast,Hydroxylansoprazole,-1.9602437,-0.13826493011741503,0.5549844795152301,0.6757161428435308,0.0,0.012987012987012988,0.02170829436309107,False
1747,Enteric_glia,Fibroblast,Hyodeoxycholic acid,0.09699852,0.01185025531566615,0.4952725427662828,0.6757161428435308,0.0,0.015984015984015984,0.025433711241958142,False
1748,Enteric_glia,Fibroblast,Iron,-4.2659903,-0.5211736593592546,0.6988770990733475,0.7286485916080484,0.0,0.44655344655344653,0.46099149496490704,False
1749,Enteric_glia,Fibroblast,Isoursodeoxycholic acid,0.09699852,0.01185025531566615,0.4952725427662828,0.6757161428435308,0.0,0.015984015984015984,0.025433711241958142,False
1750,Enteric_glia,Fibroblast,Ketone bodies,0.0,0.0,0.5,0.6757161428435308,0.0,0.000999000999000999,0.002733238922886596,False
1751,Enteric_glia,Fibroblast,L-Arginine,0.0,0.0,0.5,0.6757161428435308,0.0,0.000999000999000999,0.002733238922886596,False
1752,Enteric_glia,Fibroblast,L-Carnitine,0.42680585,0.036870410098885566,0.4852941665094754,0.6757161428435308,0.0,0.007992007992007992,0.015114170255481141,False
1753,Enteric_glia,Fibroblast,L-Cystine,0.0,0.0,0.5,0.6757161428435308,0.0,0.000999000999000999,0.002733238922886596,False
1754,Enteric_glia,Fibroblast,L-Dopa,0.0,0.0,0.5,0.6757161428435308,0.0,0.000999000999000999,0.002733238922886596,False
1755,Enteric_glia,Fibroblast,L-Glutamate,0.0,0.0,0.5,0.6757161428435308,0.0,0.000999000999000999,0.002733238922886596,False
1756,Enteric_glia,Fibroblast,L-Lactate,0.0,0.0,0.5,0.6757161428435308,0.0,0.000999000999000999,0.002733238922886596,False
1757,Enteric_glia,Fibroblast,L-Lysine,0.0,0.0,0.5,0.6757161428435308,0.0,0.000999000999000999,0.002733238922886596,False
1758,Enteric_glia,Fibroblast,L-Ornithine,0.0,0.0,0.5,0.6757161428435308,0.0,0.000999000999000999,0.002733238922886596,False
1759,Enteric_glia,Fibroblast,Lithocholic acid,0.09699852,0.01185025531566615,0.4952725427662828,0.6757161428435308,0.0,0.015984015984015984,0.025433711241958142,False
1760,Enteric_glia,Fibroblast,N-Desmethylcitalopram,-2.1736467,-0.26555320815624034,0.604708336793502,0.6795983862910224,0.0,0.007992007992007992,0.015114170255481141,False
1761,Enteric_glia,Fibroblast,N-Desmethyleletriptan,-2.1736467,-0.26555320815624034,0.604708336793502,0.6795983862910224,0.0,0.007992007992007992,0.015114170255481141,False
1762,Enteric_glia,Fibroblast,N-Desmethyltamoxifen,-1.9602437,-0.13826493011741503,0.5549844795152301,0.6757161428435308,0.0,0.012987012987012988,0.02170829436309107,False
1763,Enteric_glia,Fibroblast,N-desmethylimatinib,-1.9602437,-0.13826493011741503,0.5549844795152301,0.6757161428435308,0.0,0.012987012987012988,0.02170829436309107,False
1764,Enteric_glia,Fibroblast,Neurotransmitter,0.0,0.0,0.5,0.6757161428435308,0.0,0.000999000999000999,0.002733238922886596,False
1765,Enteric_glia,Fibroblast,Nicotinate,7.767113,0.47445195248402083,0.31758882653225984,0.6757161428435308,24.000452,0.012987012987012988,0.02170829436309107,True
1766,Enteric_glia,Fibroblast,Norepinephrine,0.42680585,0.052142634012101896,0.4792075210611178,0.6757161428435308,0.0,0.007992007992007992,0.015114170255481141,False
1767,Enteric_glia,Fibroblast,O-Deethylated candesartan,-2.1736467,-0.26555320815624034,0.604708336793502,0.6795983862910224,0.0,0.007992007992007992,0.015114170255481141,False
1768,Enteric_glia,Fibroblast,O-Desmethylverapamil (D-702),-0.5898716,-0.022788727483936337,0.509090600072098,0.6757161428435308,0.0,0.07192807192807193,0.08702203739710954,False
1769,Enteric_glia,Fibroblast,Oxalic acid,7.340307,0.896761256392207,0.1849231629511191,0.6757161428435308,24.000452,0.012987012987012988,0.02170829436309107,True
1770,Enteric_glia,Fibroblast,Phosphate,0.0,0.0,0.5,0.6757161428435308,0.0,0.000999000999000999,0.002733238922886596,False
1771,Enteric_glia,Fibroblast,Progesterone,-2.1736467,-0.26555320815624034,0.604708336793502,0.6795983862910224,0.0,0.007992007992007992,0.015114170255481141,False
1772,Enteric_glia,Fibroblast,Pyruvate,0.0,0.0,0.5,0.6757161428435308,0.0,0.000999000999000999,0.002733238922886596,False
1773,Enteric_glia,Fibroblast,Sodium,-3.1556096,-0.2225795402150021,0.5880686192230328,0.6795983862910224,0.0,0.04095904095904096,0.054352820175604985,False
1774,Enteric_glia,Fibroblast,Sodium_hydrogen exchange,0.268156,0.018914265334534778,0.49245474974283887,0.6757161428435308,0.0,0.016983016983016984,0.026454476677359295,False
1775,Enteric_glia,Fibroblast,Sulfolithocholic acid,0.09699852,0.01185025531566615,0.4952725427662828,0.6757161428435308,0.0,0.015984015984015984,0.025433711241958142,False
1776,Enteric_glia,Fibroblast,Taurocholic acid,6.455152,0.26287411244068126,0.3963238050237958,0.6757161428435308,24.000452,0.01998001998001998,0.030239250643485482,True
1777,Enteric_glia,Fibroblast,Testosterone,-1.9602437,-0.11974094193416153,0.5476558166532486,0.6757161428435308,0.0,0.012987012987012988,0.02170829436309107,False
1778,Enteric_glia,Fibroblast,Trihydroxycoprostanoic acid,0.09699852,0.01185025531566615,0.4952725427662828,0.6757161428435308,0.0,0.015984015984015984,0.025433711241958142,False
1779,Enteric_glia,Fibroblast,Ursocholic acid,0.09699852,0.01185025531566615,0.4952725427662828,0.6757161428435308,0.0,0.015984015984015984,0.025433711241958142,False
1780,Enteric_glia,Fibroblast,Ursodeoxycholic acid,0.09699852,0.01185025531566615,0.4952725427662828,0.6757161428435308,0.0,0.015984015984015984,0.025433711241958142,False
1781,Enteric_glia,Fibroblast,Ursodeoxycholic acid 3-sulfate,0.09699852,0.01185025531566615,0.4952725427662828,0.6757161428435308,0.0,0.015984015984015984,0.025433711241958142,False
1782,Enteric_glia,Fibroblast,Varanic acid,0.09699852,0.01185025531566615,0.4952725427662828,0.6757161428435308,0.0,0.015984015984015984,0.025433711241958142,False
1783,Enteric_glia,Fibroblast,Water,-5.6063623,-0.3954423099433035,0.6537417553612757,0.6969481205154165,0.0,0.08491508491508491,0.10019056164244684,False
1784,Enteric_glia,Fibroblast,alpha-Ketoisovaleric acid,0.0,0.0,0.5,0.6757161428435308,0.0,0.000999000999000999,0.002733238922886596,False
1785,Enteric_glia,IEC,"(3a,5b,7a)-23-Carboxy-7-hydroxy-24-norcholan-3-yl-b-D-Glucopyranosiduronic acid",13.8778515,1.2513237279536296,0.1054081959569988,0.6757161428435308,34.476368,0.028971028971028972,0.040621438303114626,True
1786,Enteric_glia,IEC,17a-Ethynylestradiol,-8.699996,-0.7844522210030136,0.7836125965831957,0.795500844497789,0.0,0.059940059940059943,0.07418791362120761,False
1787,Enteric_glia,IEC,"1b,3a,12a-Trihydroxy-5b-cholanoic acid",13.8778515,1.2513237279536296,0.1054081959569988,0.6757161428435308,34.476368,0.028971028971028972,0.040621438303114626,True
1788,Enteric_glia,IEC,2-Hydroxychlorpropamide,-10.573784,-0.5504492016931919,0.7089943451383984,0.7363894370740631,0.0,0.06393606393606394,0.07850045718482182,False
1789,Enteric_glia,IEC,25-Hydroxycholesterol,-2.8713584,-0.25890166746788074,0.6021444442055065,0.6795983862910224,0.0,0.24075924075924077,0.2590004488413929,False
1790,Enteric_glia,IEC,"3',4'-Dihydrodiol",-8.699996,-0.7844522210030136,0.7836125965831957,0.795500844497789,0.0,0.059940059940059943,0.07418791362120761,False
1791,Enteric_glia,IEC,3-Sulfodeoxycholic acid,13.8778515,1.2513237279536296,0.1054081959569988,0.6757161428435308,34.476368,0.028971028971028972,0.040621438303114626,True
1792,Enteric_glia,IEC,"3alpha,7alpha-Dihydroxycoprostanic acid",13.8778515,1.2513237279536296,0.1054081959569988,0.6757161428435308,34.476368,0.028971028971028972,0.040621438303114626,True
1793,Enteric_glia,IEC,3b-Hydroxy-5-cholenoic acid,13.8778515,1.2513237279536296,0.1054081959569988,0.6757161428435308,34.476368,0.028971028971028972,0.040621438303114626,True
1794,Enteric_glia,IEC,4'-Hydroxydiclofenac,-8.699996,-0.7844522210030136,0.7836125965831957,0.795500844497789,0.0,0.059940059940059943,0.07418791362120761,False
1795,Enteric_glia,IEC,4-Hydroxycyclophosphamide,-8.699996,-0.7844522210030136,0.7836125965831957,0.795500844497789,0.0,0.059940059940059943,0.07418791362120761,False
1796,Enteric_glia,IEC,4-ene-Valproic acid,-4.001205,-0.20829441062055404,0.5825004521903332,0.6783795305086457,0.0,0.14185814185814186,0.16031040465104424,False
1797,Enteric_glia,IEC,5-Hydroxyomeprazole,5.524316,0.22276191466418443,0.4118604054488292,0.6757161428435308,48.15288,0.012987012987012988,0.02170829436309107,True
1798,Enteric_glia,IEC,8-Hydroxycarvedilol,-8.699996,-0.7844522210030136,0.7836125965831957,0.795500844497789,0.0,0.059940059940059943,0.07418791362120761,False
1799,Enteric_glia,IEC,Acetate,8.118411,0.5176109841576487,0.30236485823851245,0.6757161428435308,15.962512,0.13086913086913088,0.14912442629833936,False
1800,Enteric_glia,IEC,Acetyl-L-Carnitine,-4.001205,-0.36077650212741397,0.6408667349918704,0.6878927923376903,0.0,0.14185814185814186,0.16031040465104424,False
1801,Enteric_glia,IEC,Adenosine diphosphate ribose,-0.5030098,-0.0453548659122018,0.5180877721380877,0.6757161428435308,0.0,0.012987012987012988,0.02170829436309107,False
1802,Enteric_glia,IEC,Adenosine triphosphate,-0.9784234,-0.08822146846088863,0.535149672760796,0.6757161428435308,0.0,0.24675324675324675,0.26508589617043926,False
1803,Enteric_glia,IEC,Amiloride-sensitive sodium transport,0.0,0.0,0.5,0.6757161428435308,0.0,0.000999000999000999,0.002733238922886596,False
1804,Enteric_glia,IEC,Anion exchange,-8.309071,-0.43255293713148846,0.667330206881525,0.7047526865824031,19.252857,0.6893106893106893,0.6969561542781282,False
1805,Enteric_glia,IEC,Butyrate,0.0,0.0,0.5,0.6757161428435308,0.0,0.000999000999000999,0.002733238922886596,False
1806,Enteric_glia,IEC,Chenodeoxycholic acid,13.8778515,1.2513237279536296,0.1054081959569988,0.6757161428435308,34.476368,0.028971028971028972,0.040621438303114626,True
1807,Enteric_glia,IEC,Chenodeoxycholic acid 3-sulfate,13.8778515,1.2513237279536296,0.1054081959569988,0.6757161428435308,34.476368,0.028971028971028972,0.040621438303114626,True
1808,Enteric_glia,IEC,Chloride,5.2315416,0.4717122233520945,0.3185661055823702,0.6757161428435308,12.426899,0.3016983016983017,0.31936760647632406,False
1809,Enteric_glia,IEC,Chloride ion,-15.562811,-1.403251401664214,0.9197290577190784,0.924284354218406,0.0,0.25074925074925075,0.26914893979740395,False
1810,Enteric_glia,IEC,Cholesterol,-13.43834,-0.6995720468513288,0.7579026977094478,0.7776848235876717,0.0,0.07692307692307693,0.09189860471911754,False
1811,Enteric_glia,IEC,Cholic acid,10.262659,0.5342526914637585,0.29658335917336925,0.6757161428435308,48.15288,0.011988011988011988,0.02048481266085178,True
1812,Enteric_glia,IEC,Choline,-4.001205,-0.36077650212741397,0.6408667349918704,0.6878927923376903,0.0,0.14185814185814186,0.16031040465104424,False
1813,Enteric_glia,IEC,Citric acid,8.118411,0.7320124738290321,0.2320804771297274,0.6757161428435308,15.962512,0.13086913086913088,0.14912442629833936,False
1814,Enteric_glia,IEC,Coprocholic acid,13.8778515,1.2513237279536296,0.1054081959569988,0.6757161428435308,34.476368,0.028971028971028972,0.040621438303114626,True
1815,Enteric_glia,IEC,Cortisol,-13.43834,-0.6995720468513288,0.7579026977094478,0.7776848235876717,0.0,0.07692307692307693,0.09189860471911754,False
1816,Enteric_glia,IEC,Creatine,-4.001205,-0.36077650212741397,0.6408667349918704,0.6878927923376903,0.0,0.14185814185814186,0.16031040465104424,False
1817,Enteric_glia,IEC,D-Lactate,0.0,0.0,0.5,0.6757161428435308,0.0,0.000999000999000999,0.002733238922886596,False
1818,Enteric_glia,IEC,Deoxycholic acid,13.8778515,1.2513237279536296,0.1054081959569988,0.6757161428435308,34.476368,0.028971028971028972,0.040621438303114626,True
1819,Enteric_glia,IEC,Dopamine,-4.001205,-0.36077650212741397,0.6408667349918704,0.6878927923376903,0.0,0.14185814185814186,0.16031040465104424,False
1820,Enteric_glia,IEC,E-3179,-8.699996,-0.7844522210030136,0.7836125965831957,0.795500844497789,0.0,0.059940059940059943,0.07418791362120761,False
1821,Enteric_glia,IEC,Estradiol,-5.319929,-0.2398409274362121,0.5947732113523123,0.6795983862910224,15.962512,0.15984015984015984,0.17826145485719955,False
1822,Enteric_glia,IEC,Estriol,-8.699996,-0.7844522210030136,0.7836125965831957,0.795500844497789,0.0,0.059940059940059943,0.07418791362120761,False
1823,Enteric_glia,IEC,Fatty acid,-5.180448,-0.2696833536865377,0.6062980659795983,0.679830913543959,116.5805,0.18981018981018982,0.2077803852951782,False
1824,Enteric_glia,IEC,Folic acid,13.8778515,0.884819493495642,0.18812699701357827,0.6757161428435308,34.476368,0.028971028971028972,0.040621438303114626,True
1825,Enteric_glia,IEC,Folinic acid,13.8778515,1.2513237279536296,0.1054081959569988,0.6757161428435308,34.476368,0.028971028971028972,0.040621438303114626,True
1826,Enteric_glia,IEC,Glutathione,13.8778515,1.2513237279536296,0.1054081959569988,0.6757161428435308,34.476368,0.028971028971028972,0.040621438303114626,True
1827,Enteric_glia,IEC,Glycerol,-8.699996,-0.7844522210030136,0.7836125965831957,0.795500844497789,0.0,0.059940059940059943,0.07418791362120761,False
1828,Enteric_glia,IEC,Glycochenodeoxycholate-3-sulfate,13.8778515,1.2513237279536296,0.1054081959569988,0.6757161428435308,34.476368,0.028971028971028972,0.040621438303114626,True
1829,Enteric_glia,IEC,Glycyl-glycine,0.0,0.0,0.5,0.6757161428435308,0.0,0.000999000999000999,0.002733238922886596,False
1830,Enteric_glia,IEC,Histamine,-4.001205,-0.36077650212741397,0.6408667349918704,0.6878927923376903,0.0,0.14185814185814186,0.16031040465104424,False
1831,Enteric_glia,IEC,Hydroxylansoprazole,-13.43834,-0.6995720468513288,0.7579026977094478,0.7776848235876717,0.0,0.07692307692307693,0.09189860471911754,False
1832,Enteric_glia,IEC,Hyodeoxycholic acid,13.8778515,1.2513237279536296,0.1054081959569988,0.6757161428435308,34.476368,0.028971028971028972,0.040621438303114626,True
1833,Enteric_glia,IEC,Iron,8.322304,0.7503968601665978,0.22650786071244916,0.6757161428435308,41.30918,0.059940059940059943,0.07418791362120761,False
1834,Enteric_glia,IEC,Isoursodeoxycholic acid,13.8778515,1.2513237279536296,0.1054081959569988,0.6757161428435308,34.476368,0.028971028971028972,0.040621438303114626,True
1835,Enteric_glia,IEC,Ketone bodies,0.0,0.0,0.5,0.6757161428435308,0.0,0.000999000999000999,0.002733238922886596,False
1836,Enteric_glia,IEC,L-Arginine,0.0,0.0,0.5,0.6757161428435308,0.0,0.000999000999000999,0.002733238922886596,False
1837,Enteric_glia,IEC,L-Carnitine,-4.001205,-0.25510751114705726,0.6006799684975125,0.6795983862910224,0.0,0.14185814185814186,0.16031040465104424,False
1838,Enteric_glia,IEC,L-Cystine,0.0,0.0,0.5,0.6757161428435308,0.0,0.000999000999000999,0.002733238922886596,False
1839,Enteric_glia,IEC,L-Dopa,0.0,0.0,0.5,0.6757161428435308,0.0,0.000999000999000999,0.002733238922886596,False
1840,Enteric_glia,IEC,L-Glutamate,0.0,0.0,0.5,0.6757161428435308,0.0,0.000999000999000999,0.002733238922886596,False
1841,Enteric_glia,IEC,L-Lactate,0.0,0.0,0.5,0.6757161428435308,0.0,0.000999000999000999,0.002733238922886596,False
1842,Enteric_glia,IEC,L-Lysine,0.0,0.0,0.5,0.6757161428435308,0.0,0.000999000999000999,0.002733238922886596,False
1843,Enteric_glia,IEC,L-Ornithine,0.0,0.0,0.5,0.6757161428435308,0.0,0.000999000999000999,0.002733238922886596,False
1844,Enteric_glia,IEC,Lithocholic acid,13.8778515,1.2513237279536296,0.1054081959569988,0.6757161428435308,34.476368,0.028971028971028972,0.040621438303114626,True
1845,Enteric_glia,IEC,N-Desmethylcitalopram,-8.699996,-0.7844522210030136,0.7836125965831957,0.795500844497789,0.0,0.059940059940059943,0.07418791362120761,False
1846,Enteric_glia,IEC,N-Desmethyleletriptan,-8.699996,-0.7844522210030136,0.7836125965831957,0.795500844497789,0.0,0.059940059940059943,0.07418791362120761,False
1847,Enteric_glia,IEC,N-Desmethyltamoxifen,-13.43834,-0.6995720468513288,0.7579026977094478,0.7776848235876717,0.0,0.07692307692307693,0.09189860471911754,False
1848,Enteric_glia,IEC,N-desmethylimatinib,-13.43834,-0.6995720468513288,0.7579026977094478,0.7776848235876717,0.0,0.07692307692307693,0.09189860471911754,False
1849,Enteric_glia,IEC,Neurotransmitter,0.0,0.0,0.5,0.6757161428435308,0.0,0.000999000999000999,0.002733238922886596,False
1850,Enteric_glia,IEC,Nicotinate,4.117206,0.1856179858508091,0.42637217400530186,0.6757161428435308,15.962512,0.17482517482517482,0.1934301406596921,False
1851,Enteric_glia,IEC,Norepinephrine,-4.001205,-0.36077650212741397,0.6408667349918704,0.6878927923376903,0.0,0.14185814185814186,0.16031040465104424,False
1852,Enteric_glia,IEC,O-Deethylated candesartan,-8.699996,-0.7844522210030136,0.7836125965831957,0.795500844497789,0.0,0.059940059940059943,0.07418791362120761,False
1853,Enteric_glia,IEC,O-Desmethylverapamil (D-702),9.137775,0.26054810839146747,0.39722050557985467,0.6757161428435308,61.02785,0.058941058941058944,0.07323968011443317,False
1854,Enteric_glia,IEC,Oxalic acid,8.118411,0.7320124738290321,0.2320804771297274,0.6757161428435308,15.962512,0.13086913086913088,0.14912442629833936,False
1855,Enteric_glia,IEC,Phosphate,0.0,0.0,0.5,0.6757161428435308,0.0,0.000999000999000999,0.002733238922886596,False
1856,Enteric_glia,IEC,Progesterone,-8.699996,-0.7844522210030136,0.7836125965831957,0.795500844497789,0.0,0.059940059940059943,0.07418791362120761,False
1857,Enteric_glia,IEC,Pyruvate,0.0,0.0,0.5,0.6757161428435308,0.0,0.000999000999000999,0.002733238922886596,False
1858,Enteric_glia,IEC,Sodium,-28.720243,-1.4951161541881968,0.9325579346888512,0.9370270621713856,0.0,0.4225774225774226,0.43868823040303484,False
1859,Enteric_glia,IEC,Sodium_hydrogen exchange,6.027361,0.3137718761778597,0.37684715299165905,0.6757161428435308,11.801792,0.23076923076923078,0.24863625583050045,False
1860,Enteric_glia,IEC,Sulfolithocholic acid,13.8778515,1.2513237279536296,0.1054081959569988,0.6757161428435308,34.476368,0.028971028971028972,0.040621438303114626,True
1861,Enteric_glia,IEC,Taurocholic acid,20.431717,0.6140886243311272,0.269578382489708,0.6757161428435308,77.79191,0.01098901098901099,0.01912057513717265,True
1862,Enteric_glia,IEC,Testosterone,-13.43834,-0.6058471643507282,0.7276918763709834,0.7533215770858271,0.0,0.07692307692307693,0.09189860471911754,False
1863,Enteric_glia,IEC,Trihydroxycoprostanoic acid,13.8778515,1.2513237279536296,0.1054081959569988,0.6757161428435308,34.476368,0.028971028971028972,0.040621438303114626,True
1864,Enteric_glia,IEC,Ursocholic acid,13.8778515,1.2513237279536296,0.1054081959569988,0.6757161428435308,34.476368,0.028971028971028972,0.040621438303114626,True
1865,Enteric_glia,IEC,Ursodeoxycholic acid,13.8778515,1.2513237279536296,0.1054081959569988,0.6757161428435308,34.476368,0.028971028971028972,0.040621438303114626,True
1866,Enteric_glia,IEC,Ursodeoxycholic acid 3-sulfate,13.8778515,1.2513237279536296,0.1054081959569988,0.6757161428435308,34.476368,0.028971028971028972,0.040621438303114626,True
1867,Enteric_glia,IEC,Varanic acid,13.8778515,1.2513237279536296,0.1054081959569988,0.6757161428435308,34.476368,0.028971028971028972,0.040621438303114626,True
1868,Enteric_glia,IEC,Water,6.0045886,0.3125863969586592,0.3772974571241225,0.6757161428435308,16.116707,0.5194805194805194,0.5331265243159515,False
1869,Enteric_glia,IEC,alpha-Ketoisovaleric acid,0.0,0.0,0.5,0.6757161428435308,0.0,0.000999000999000999,0.002733238922886596,False
1870,Enteric_glia,MAST,"(3a,5b,7a)-23-Carboxy-7-hydroxy-24-norcholan-3-yl-b-D-Glucopyranosiduronic acid",0.0,0.0,0.5,0.6757161428435308,0.0,0.000999000999000999,0.002733238922886596,False
1871,Enteric_glia,MAST,17a-Ethynylestradiol,0.0,0.0,0.5,0.6757161428435308,0.0,0.000999000999000999,0.002733238922886596,False
1872,Enteric_glia,MAST,"1b,3a,12a-Trihydroxy-5b-cholanoic acid",0.0,0.0,0.5,0.6757161428435308,0.0,0.000999000999000999,0.002733238922886596,False
1873,Enteric_glia,MAST,2-Hydroxychlorpropamide,0.0,0.0,0.5,0.6757161428435308,0.0,0.000999000999000999,0.002733238922886596,False
1874,Enteric_glia,MAST,25-Hydroxycholesterol,0.47087416,0.16647915599750054,0.4338899426859054,0.6757161428435308,0.0,0.04995004995004995,0.06360036724409195,False
1875,Enteric_glia,MAST,"3',4'-Dihydrodiol",0.0,0.0,0.5,0.6757161428435308,0.0,0.000999000999000999,0.002733238922886596,False
1876,Enteric_glia,MAST,3-Sulfodeoxycholic acid,0.0,0.0,0.5,0.6757161428435308,0.0,0.000999000999000999,0.002733238922886596,False
1877,Enteric_glia,MAST,"3alpha,7alpha-Dihydroxycoprostanic acid",0.0,0.0,0.5,0.6757161428435308,0.0,0.000999000999000999,0.002733238922886596,False
1878,Enteric_glia,MAST,3b-Hydroxy-5-cholenoic acid,0.0,0.0,0.5,0.6757161428435308,0.0,0.000999000999000999,0.002733238922886596,False
1879,Enteric_glia,MAST,4'-Hydroxydiclofenac,0.0,0.0,0.5,0.6757161428435308,0.0,0.000999000999000999,0.002733238922886596,False
1880,Enteric_glia,MAST,4-Hydroxycyclophosphamide,0.0,0.0,0.5,0.6757161428435308,0.0,0.000999000999000999,0.002733238922886596,False
1881,Enteric_glia,MAST,4-ene-Valproic acid,0.06963394,0.014213968149345087,0.4943296380706386,0.6757161428435308,0.0,0.000999000999000999,0.002733238922886596,False
1882,Enteric_glia,MAST,5-Hydroxyomeprazole,0.09847726,0.015570621852518458,0.49378847160347467,0.6757161428435308,0.0,0.002997002997002997,0.007184126848760995,False
1883,Enteric_glia,MAST,8-Hydroxycarvedilol,0.0,0.0,0.5,0.6757161428435308,0.0,0.000999000999000999,0.002733238922886596,False
1884,Enteric_glia,MAST,Acetate,-0.64310527,-0.1607763171195984,0.563865210623706,0.6757161428435308,0.0,0.016983016983016984,0.026454476677359295,False
1885,Enteric_glia,MAST,Acetyl-L-Carnitine,0.06963394,0.024619315011831455,0.490179306408477,0.6757161428435308,0.0,0.000999000999000999,0.002733238922886596,False
1886,Enteric_glia,MAST,Adenosine diphosphate ribose,-1.119157,-0.3956817366376715,0.653830084857716,0.6969481205154165,0.0,0.001998001998001998,0.005057316928544293,False
1887,Enteric_glia,MAST,Adenosine triphosphate,0.13926788,0.04923863002366291,0.48036456314012826,0.6757161428435308,0.0,0.001998001998001998,0.005057316928544293,False
1888,Enteric_glia,MAST,Amiloride-sensitive sodium transport,0.0,0.0,0.5,0.6757161428435308,0.0,0.000999000999000999,0.002733238922886596,False
1889,Enteric_glia,MAST,Anion exchange,0.29117712,0.059436281503709304,0.4763023078329288,0.6757161428435308,0.0,0.01098901098901099,0.01912057513717265,False
1890,Enteric_glia,MAST,Butyrate,0.0,0.0,0.5,0.6757161428435308,0.0,0.000999000999000999,0.002733238922886596,False
1891,Enteric_glia,MAST,Chenodeoxycholic acid,0.0,0.0,0.5,0.6757161428435308,0.0,0.000999000999000999,0.002733238922886596,False
1892,Enteric_glia,MAST,Chenodeoxycholic acid 3-sulfate,0.0,0.0,0.5,0.6757161428435308,0.0,0.000999000999000999,0.002733238922886596,False
1893,Enteric_glia,MAST,Chloride,0.0,0.0,0.5,0.6757161428435308,0.0,0.000999000999000999,0.002733238922886596,False
1894,Enteric_glia,MAST,Chloride ion,0.13926788,0.04923863002366291,0.48036456314012826,0.6757161428435308,0.0,0.002997002997002997,0.007184126848760995,False
1895,Enteric_glia,MAST,Cholesterol,0.09847726,0.02010158637496576,0.49198116732885244,0.6757161428435308,0.0,0.002997002997002997,0.007184126848760995,False
1896,Enteric_glia,MAST,Cholic acid,0.0,0.0,0.5,0.6757161428435308,0.0,0.000999000999000999,0.002733238922886596,False
1897,Enteric_glia,MAST,Choline,0.06963394,0.024619315011831455,0.490179306408477,0.6757161428435308,0.0,0.000999000999000999,0.002733238922886596,False
1898,Enteric_glia,MAST,Citric acid,-0.64310527,-0.22737204817893364,0.5899327732809139,0.6795983862910224,0.0,0.016983016983016984,0.026454476677359295,False
1899,Enteric_glia,MAST,Coprocholic acid,0.0,0.0,0.5,0.6757161428435308,0.0,0.000999000999000999,0.002733238922886596,False
1900,Enteric_glia,MAST,Cortisol,0.09847726,0.02010158637496576,0.49198116732885244,0.6757161428435308,0.0,0.002997002997002997,0.007184126848760995,False
1901,Enteric_glia,MAST,Creatine,0.06963394,0.024619315011831455,0.490179306408477,0.6757161428435308,0.0,0.000999000999000999,0.002733238922886596,False
1902,Enteric_glia,MAST,D-Lactate,0.0,0.0,0.5,0.6757161428435308,0.0,0.000999000999000999,0.002733238922886596,False
1903,Enteric_glia,MAST,Deoxycholic acid,0.0,0.0,0.5,0.6757161428435308,0.0,0.000999000999000999,0.002733238922886596,False
1904,Enteric_glia,MAST,Dopamine,0.06963394,0.024619315011831455,0.490179306408477,0.6757161428435308,0.0,0.000999000999000999,0.002733238922886596,False
1905,Enteric_glia,MAST,E-3179,0.0,0.0,0.5,0.6757161428435308,0.0,0.000999000999000999,0.002733238922886596,False
1906,Enteric_glia,MAST,Estradiol,-0.544628,-0.09627754226655737,0.5383499265537611,0.6757161428435308,0.0,0.01898101898101898,0.02908419229978304,False
1907,Enteric_glia,MAST,Estriol,0.0,0.0,0.5,0.6757161428435308,0.0,0.000999000999000999,0.002733238922886596,False
1908,Enteric_glia,MAST,Fatty acid,-0.7939285,-0.16205997725226026,0.5643706884870159,0.6757161428435308,0.0,0.06993006993006994,0.08501355621572089,False
1909,Enteric_glia,MAST,Folic acid,0.0,0.0,0.5,0.6757161428435308,0.0,0.000999000999000999,0.002733238922886596,False
1910,Enteric_glia,MAST,Folinic acid,0.0,0.0,0.5,0.6757161428435308,0.0,0.000999000999000999,0.002733238922886596,False
1911,Enteric_glia,MAST,Glutathione,0.0,0.0,0.5,0.6757161428435308,0.0,0.000999000999000999,0.002733238922886596,False
1912,Enteric_glia,MAST,Glycerol,0.0,0.0,0.5,0.6757161428435308,0.0,0.000999000999000999,0.002733238922886596,False
1913,Enteric_glia,MAST,Glycochenodeoxycholate-3-sulfate,0.0,0.0,0.5,0.6757161428435308,0.0,0.000999000999000999,0.002733238922886596,False
1914,Enteric_glia,MAST,Glycyl-glycine,0.0,0.0,0.5,0.6757161428435308,0.0,0.000999000999000999,0.002733238922886596,False
1915,Enteric_glia,MAST,Histamine,0.06963394,0.024619315011831455,0.490179306408477,0.6757161428435308,0.0,0.000999000999000999,0.002733238922886596,False
1916,Enteric_glia,MAST,Hydroxylansoprazole,0.09847726,0.02010158637496576,0.49198116732885244,0.6757161428435308,0.0,0.002997002997002997,0.007184126848760995,False
1917,Enteric_glia,MAST,Hyodeoxycholic acid,0.0,0.0,0.5,0.6757161428435308,0.0,0.000999000999000999,0.002733238922886596,False
1918,Enteric_glia,MAST,Iron,-0.6332113,-0.22387400726649923,0.5885723291951966,0.6795983862910224,0.0,0.028971028971028972,0.040621438303114626,False
1919,Enteric_glia,MAST,Isoursodeoxycholic acid,0.0,0.0,0.5,0.6757161428435308,0.0,0.000999000999000999,0.002733238922886596,False
1920,Enteric_glia,MAST,Ketone bodies,0.0,0.0,0.5,0.6757161428435308,0.0,0.000999000999000999,0.002733238922886596,False
1921,Enteric_glia,MAST,L-Arginine,0.0,0.0,0.5,0.6757161428435308,0.0,0.000999000999000999,0.002733238922886596,False
1922,Enteric_glia,MAST,L-Carnitine,0.06963394,0.01740848459303379,0.49305537022774476,0.6757161428435308,0.0,0.000999000999000999,0.002733238922886596,False
1923,Enteric_glia,MAST,L-Cystine,0.0,0.0,0.5,0.6757161428435308,0.0,0.000999000999000999,0.002733238922886596,False
1924,Enteric_glia,MAST,L-Dopa,0.0,0.0,0.5,0.6757161428435308,0.0,0.000999000999000999,0.002733238922886596,False
1925,Enteric_glia,MAST,L-Glutamate,0.0,0.0,0.5,0.6757161428435308,0.0,0.000999000999000999,0.002733238922886596,False
1926,Enteric_glia,MAST,L-Lactate,0.0,0.0,0.5,0.6757161428435308,0.0,0.000999000999000999,0.002733238922886596,False
1927,Enteric_glia,MAST,L-Lysine,0.0,0.0,0.5,0.6757161428435308,0.0,0.000999000999000999,0.002733238922886596,False
1928,Enteric_glia,MAST,L-Ornithine,0.0,0.0,0.5,0.6757161428435308,0.0,0.000999000999000999,0.002733238922886596,False
1929,Enteric_glia,MAST,Lithocholic acid,0.0,0.0,0.5,0.6757161428435308,0.0,0.000999000999000999,0.002733238922886596,False
1930,Enteric_glia,MAST,N-Desmethylcitalopram,0.0,0.0,0.5,0.6757161428435308,0.0,0.000999000999000999,0.002733238922886596,False
1931,Enteric_glia,MAST,N-Desmethyleletriptan,0.0,0.0,0.5,0.6757161428435308,0.0,0.000999000999000999,0.002733238922886596,False
1932,Enteric_glia,MAST,N-Desmethyltamoxifen,0.09847726,0.02010158637496576,0.49198116732885244,0.6757161428435308,0.0,0.002997002997002997,0.007184126848760995,False
1933,Enteric_glia,MAST,N-desmethylimatinib,0.09847726,0.02010158637496576,0.49198116732885244,0.6757161428435308,0.0,0.002997002997002997,0.007184126848760995,False
1934,Enteric_glia,MAST,Neurotransmitter,0.0,0.0,0.5,0.6757161428435308,0.0,0.000999000999000999,0.002733238922886596,False
1935,Enteric_glia,MAST,Nicotinate,-0.5734713,-0.10137636263228406,0.5403741501605792,0.6757161428435308,0.0,0.016983016983016984,0.026454476677359295,False
1936,Enteric_glia,MAST,Norepinephrine,0.06963394,0.024619315011831455,0.490179306408477,0.6757161428435308,0.0,0.000999000999000999,0.002733238922886596,False
1937,Enteric_glia,MAST,O-Deethylated candesartan,0.0,0.0,0.5,0.6757161428435308,0.0,0.000999000999000999,0.002733238922886596,False
1938,Enteric_glia,MAST,O-Desmethylverapamil (D-702),0.35835466,0.04006526875460858,0.4840205455377905,0.6757161428435308,0.0,0.005994005994005994,0.012076328540133793,False
1939,Enteric_glia,MAST,Oxalic acid,-0.64310527,-0.22737204817893364,0.5899327732809139,0.6795983862910224,0.0,0.016983016983016984,0.026454476677359295,False
1940,Enteric_glia,MAST,Phosphate,0.0,0.0,0.5,0.6757161428435308,0.0,0.000999000999000999,0.002733238922886596,False
1941,Enteric_glia,MAST,Progesterone,0.0,0.0,0.5,0.6757161428435308,0.0,0.000999000999000999,0.002733238922886596,False
1942,Enteric_glia,MAST,Pyruvate,0.0,0.0,0.5,0.6757161428435308,0.0,0.000999000999000999,0.002733238922886596,False
1943,Enteric_glia,MAST,Sodium,0.20890182,0.04264190596887866,0.4829934948607236,0.6757161428435308,0.0,0.002997002997002997,0.007184126848760995,False
1944,Enteric_glia,MAST,Sodium_hydrogen exchange,0.20036986,0.04090032736257939,0.4836876782348505,0.6757161428435308,0.0,0.001998001998001998,0.005057316928544293,False
1945,Enteric_glia,MAST,Sulfolithocholic acid,0.0,0.0,0.5,0.6757161428435308,0.0,0.000999000999000999,0.002733238922886596,False
1946,Enteric_glia,MAST,Taurocholic acid,-0.544628,-0.06418502817770493,0.5255885507023014,0.6757161428435308,0.0,0.01898101898101898,0.02908419229978304,False
1947,Enteric_glia,MAST,Testosterone,0.09847726,0.01740848445708749,0.4930553702819713,0.6757161428435308,0.0,0.002997002997002997,0.007184126848760995,False
1948,Enteric_glia,MAST,Trihydroxycoprostanoic acid,0.0,0.0,0.5,0.6757161428435308,0.0,0.000999000999000999,0.002733238922886596,False
1949,Enteric_glia,MAST,Ursocholic acid,0.0,0.0,0.5,0.6757161428435308,0.0,0.000999000999000999,0.002733238922886596,False
1950,Enteric_glia,MAST,Ursodeoxycholic acid,0.0,0.0,0.5,0.6757161428435308,0.0,0.000999000999000999,0.002733238922886596,False
1951,Enteric_glia,MAST,Ursodeoxycholic acid 3-sulfate,0.0,0.0,0.5,0.6757161428435308,0.0,0.000999000999000999,0.002733238922886596,False
1952,Enteric_glia,MAST,Varanic acid,0.0,0.0,0.5,0.6757161428435308,0.0,0.000999000999000999,0.002733238922886596,False
1953,Enteric_glia,MAST,Water,20.482538,4.180980607004661,1.4512731076887609e-05,0.0013624638578152695,22.243917,0.002997002997002997,0.007184126848760995,True
1954,Enteric_glia,MAST,alpha-Ketoisovaleric acid,0.0,0.0,0.5,0.6757161428435308,0.0,0.000999000999000999,0.002733238922886596,False
1955,Enteric_glia,MNP,"(3a,5b,7a)-23-Carboxy-7-hydroxy-24-norcholan-3-yl-b-D-Glucopyranosiduronic acid",0.40560865,0.07405366977575889,0.47048384007430505,0.6757161428435308,0.0,0.017982017982017984,0.027654497092149906,False
1956,Enteric_glia,MNP,17a-Ethynylestradiol,0.1047277,0.01912057462626614,0.49237245912572436,0.6757161428435308,0.0,0.004995004995004995,0.010650366582569973,False
1957,Enteric_glia,MNP,"1b,3a,12a-Trihydroxy-5b-cholanoic acid",0.40560865,0.07405366977575889,0.47048384007430505,0.6757161428435308,0.0,0.017982017982017984,0.027654497092149906,False
1958,Enteric_glia,MNP,2-Hydroxychlorpropamide,0.1047277,0.011039268907535085,0.4955960583363063,0.6757161428435308,0.0,0.004995004995004995,0.010650366582569973,False
1959,Enteric_glia,MNP,25-Hydroxycholesterol,-4.5607796,-0.8326806170458272,0.7974875605237454,0.8089335197055891,0.0,0.46053946053946054,0.4750398830425068,False
1960,Enteric_glia,MNP,"3',4'-Dihydrodiol",0.1047277,0.01912057462626614,0.49237245912572436,0.6757161428435308,0.0,0.004995004995004995,0.010650366582569973,False
1961,Enteric_glia,MNP,3-Sulfodeoxycholic acid,0.40560865,0.07405366977575889,0.47048384007430505,0.6757161428435308,0.0,0.017982017982017984,0.027654497092149906,False
1962,Enteric_glia,MNP,"3alpha,7alpha-Dihydroxycoprostanic acid",0.40560865,0.07405366977575889,0.47048384007430505,0.6757161428435308,0.0,0.017982017982017984,0.027654497092149906,False
1963,Enteric_glia,MNP,3b-Hydroxy-5-cholenoic acid,0.40560865,0.07405366977575889,0.47048384007430505,0.6757161428435308,0.0,0.017982017982017984,0.027654497092149906,False
1964,Enteric_glia,MNP,4'-Hydroxydiclofenac,0.1047277,0.01912057462626614,0.49237245912572436,0.6757161428435308,0.0,0.004995004995004995,0.010650366582569973,False
1965,Enteric_glia,MNP,4-Hydroxycyclophosphamide,0.1047277,0.01912057462626614,0.49237245912572436,0.6757161428435308,0.0,0.004995004995004995,0.010650366582569973,False
1966,Enteric_glia,MNP,4-ene-Valproic acid,0.25652942,0.027040575199478566,0.4892136857616208,0.6757161428435308,0.0,0.007992007992007992,0.015114170255481141,False
1967,Enteric_glia,MNP,5-Hydroxyomeprazole,0.89262193,0.07288227575100503,0.47094989916544966,0.6757161428435308,0.0,0.024975024975024976,0.03644001556318884,False
1968,Enteric_glia,MNP,8-Hydroxycarvedilol,0.1047277,0.01912057462626614,0.49237245912572436,0.6757161428435308,0.0,0.004995004995004995,0.010650366582569973,False
1969,Enteric_glia,MNP,Acetate,-1.4547689,-0.18780985690623667,0.574487145712694,0.6772959457320709,0.0,0.2627372627372627,0.2807708771011523,False
1970,Enteric_glia,MNP,Acetyl-L-Carnitine,0.25652942,0.046835650111383804,0.4813221077592829,0.6757161428435308,0.0,0.007992007992007992,0.015114170255481141,False
1971,Enteric_glia,MNP,Adenosine diphosphate ribose,0.44503602,0.08125208972263513,0.46762073740557725,0.6757161428435308,0.0,0.01998001998001998,0.030239250643485482,False
1972,Enteric_glia,MNP,Adenosine triphosphate,-1.9377768,-0.35378802231493994,0.638251124739446,0.6870784827333759,0.0,0.03596403596403597,0.0489534270101247,False
1973,Enteric_glia,MNP,Amiloride-sensitive sodium transport,0.0,0.0,0.5,0.6757161428435308,0.0,0.000999000999000999,0.002733238922886596,False
1974,Enteric_glia,MNP,Anion exchange,0.18665177,0.019674823693403204,0.49215138733713404,0.6757161428435308,0.0,0.026973026973026972,0.03858547638397536,False
1975,Enteric_glia,MNP,Butyrate,0.0,0.0,0.5,0.6757161428435308,0.0,0.000999000999000999,0.002733238922886596,False
1976,Enteric_glia,MNP,Chenodeoxycholic acid,0.40560865,0.07405366977575889,0.47048384007430505,0.6757161428435308,0.0,0.017982017982017984,0.027654497092149906,False
1977,Enteric_glia,MNP,Chenodeoxycholic acid 3-sulfate,0.40560865,0.07405366977575889,0.47048384007430505,0.6757161428435308,0.0,0.017982017982017984,0.027654497092149906,False
1978,Enteric_glia,MNP,Chloride,-0.34288183,-0.06260137068451667,0.52495803104402,0.6757161428435308,0.0,0.007992007992007992,0.015114170255481141,False
1979,Enteric_glia,MNP,Chloride ion,-4.3164077,-0.7880646180015622,0.7846705450758955,0.7964463011985449,0.0,0.004995004995004995,0.010650366582569973,False
1980,Enteric_glia,MNP,Cholesterol,0.25283504,0.026651152797109133,0.4893689868490172,0.6757161428435308,0.0,0.005994005994005994,0.012076328540133793,False
1981,Enteric_glia,MNP,Cholic acid,0.7445146,0.07847872794548537,0.4687236253339187,0.6757161428435308,0.0,0.023976023976023976,0.03535971648515611,False
1982,Enteric_glia,MNP,Choline,0.25652942,0.046835650111383804,0.4813221077592829,0.6757161428435308,0.0,0.007992007992007992,0.015114170255481141,False
1983,Enteric_glia,MNP,Citric acid,-1.4547689,-0.2656032467841502,0.6047276075903748,0.6795983862910224,0.0,0.2627372627372627,0.2807708771011523,False
1984,Enteric_glia,MNP,Coprocholic acid,0.40560865,0.07405366977575889,0.47048384007430505,0.6757161428435308,0.0,0.017982017982017984,0.027654497092149906,False
1985,Enteric_glia,MNP,Cortisol,0.25283504,0.026651152797109133,0.4893689868490172,0.6757161428435308,0.0,0.005994005994005994,0.012076328540133793,False
1986,Enteric_glia,MNP,Creatine,0.25652942,0.046835650111383804,0.4813221077592829,0.6757161428435308,0.0,0.007992007992007992,0.015114170255481141,False
1987,Enteric_glia,MNP,D-Lactate,0.0,0.0,0.5,0.6757161428435308,0.0,0.000999000999000999,0.002733238922886596,False
1988,Enteric_glia,MNP,Deoxycholic acid,0.40560865,0.07405366977575889,0.47048384007430505,0.6757161428435308,0.0,0.017982017982017984,0.027654497092149906,False
1989,Enteric_glia,MNP,Dopamine,0.25652942,0.046835650111383804,0.4813221077592829,0.6757161428435308,0.0,0.007992007992007992,0.015114170255481141,False
1990,Enteric_glia,MNP,E-3179,0.1047277,0.01912057462626614,0.49237245912572436,0.6757161428435308,0.0,0.004995004995004995,0.010650366582569973,False
1991,Enteric_glia,MNP,Estradiol,-1.2019339,-0.10972104802963789,0.543684696357599,0.6757161428435308,0.0,0.26373626373626374,0.2817427138079312,False
1992,Enteric_glia,MNP,Estriol,0.1047277,0.01912057462626614,0.49237245912572436,0.6757161428435308,0.0,0.004995004995004995,0.010650366582569973,False
1993,Enteric_glia,MNP,Fatty acid,-0.7833176,-0.08256892760021003,0.5329028454675645,0.6757161428435308,0.0,0.26673326673326675,0.28484758026353957,False
1994,Enteric_glia,MNP,Folic acid,0.40560865,0.052363852070188385,0.47911938822591416,0.6757161428435308,0.0,0.017982017982017984,0.027654497092149906,False
1995,Enteric_glia,MNP,Folinic acid,0.40560865,0.07405366977575889,0.47048384007430505,0.6757161428435308,0.0,0.017982017982017984,0.027654497092149906,False
1996,Enteric_glia,MNP,Glutathione,0.40560865,0.07405366977575889,0.47048384007430505,0.6757161428435308,0.0,0.017982017982017984,0.027654497092149906,False
1997,Enteric_glia,MNP,Glycerol,0.1047277,0.01912057462626614,0.49237245912572436,0.6757161428435308,0.0,0.004995004995004995,0.010650366582569973,False
1998,Enteric_glia,MNP,Glycochenodeoxycholate-3-sulfate,0.40560865,0.07405366977575889,0.47048384007430505,0.6757161428435308,0.0,0.017982017982017984,0.027654497092149906,False
1999,Enteric_glia,MNP,Glycyl-glycine,0.0,0.0,0.5,0.6757161428435308,0.0,0.000999000999000999,0.002733238922886596,False
2000,Enteric_glia,MNP,Histamine,0.25652942,0.046835650111383804,0.4813221077592829,0.6757161428435308,0.0,0.007992007992007992,0.015114170255481141,False
2001,Enteric_glia,MNP,Hydroxylansoprazole,0.25283504,0.026651152797109133,0.4893689868490172,0.6757161428435308,0.0,0.005994005994005994,0.012076328540133793,False
2002,Enteric_glia,MNP,Hyodeoxycholic acid,0.40560865,0.07405366977575889,0.47048384007430505,0.6757161428435308,0.0,0.017982017982017984,0.027654497092149906,False
2003,Enteric_glia,MNP,Iron,0.85756093,0.1565684890800161,0.4377924691390634,0.6757161428435308,24.749395,0.4075924075924076,0.4242522329565189,False
2004,Enteric_glia,MNP,Isoursodeoxycholic acid,0.40560865,0.07405366977575889,0.47048384007430505,0.6757161428435308,0.0,0.017982017982017984,0.027654497092149906,False
2005,Enteric_glia,MNP,Ketone bodies,0.0,0.0,0.5,0.6757161428435308,0.0,0.000999000999000999,0.002733238922886596,False
2006,Enteric_glia,MNP,L-Arginine,0.0,0.0,0.5,0.6757161428435308,0.0,0.000999000999000999,0.002733238922886596,False
2007,Enteric_glia,MNP,L-Carnitine,0.25652942,0.033117805795039965,0.4867903217834565,0.6757161428435308,0.0,0.007992007992007992,0.015114170255481141,False
2008,Enteric_glia,MNP,L-Cystine,0.0,0.0,0.5,0.6757161428435308,0.0,0.000999000999000999,0.002733238922886596,False
2009,Enteric_glia,MNP,L-Dopa,0.0,0.0,0.5,0.6757161428435308,0.0,0.000999000999000999,0.002733238922886596,False
2010,Enteric_glia,MNP,L-Glutamate,0.0,0.0,0.5,0.6757161428435308,0.0,0.000999000999000999,0.002733238922886596,False
2011,Enteric_glia,MNP,L-Lactate,0.0,0.0,0.5,0.6757161428435308,0.0,0.000999000999000999,0.002733238922886596,False
2012,Enteric_glia,MNP,L-Lysine,0.0,0.0,0.5,0.6757161428435308,0.0,0.000999000999000999,0.002733238922886596,False
2013,Enteric_glia,MNP,L-Ornithine,0.0,0.0,0.5,0.6757161428435308,0.0,0.000999000999000999,0.002733238922886596,False
2014,Enteric_glia,MNP,Lithocholic acid,0.40560865,0.07405366977575889,0.47048384007430505,0.6757161428435308,0.0,0.017982017982017984,0.027654497092149906,False
2015,Enteric_glia,MNP,N-Desmethylcitalopram,0.1047277,0.01912057462626614,0.49237245912572436,0.6757161428435308,0.0,0.004995004995004995,0.010650366582569973,False
2016,Enteric_glia,MNP,N-Desmethyleletriptan,0.1047277,0.01912057462626614,0.49237245912572436,0.6757161428435308,0.0,0.004995004995004995,0.010650366582569973,False
2017,Enteric_glia,MNP,N-Desmethyltamoxifen,0.25283504,0.026651152797109133,0.4893689868490172,0.6757161428435308,0.0,0.005994005994005994,0.012076328540133793,False
2018,Enteric_glia,MNP,N-desmethylimatinib,0.25283504,0.026651152797109133,0.4893689868490172,0.6757161428435308,0.0,0.005994005994005994,0.012076328540133793,False
2019,Enteric_glia,MNP,Neurotransmitter,0.0,0.0,0.5,0.6757161428435308,0.0,0.000999000999000999,0.002733238922886596,False
2020,Enteric_glia,MNP,Nicotinate,-1.1982394,-0.10938379561581582,0.5435509570756,0.6757161428435308,0.0,0.2677322677322677,0.28581737339374813,False
2021,Enteric_glia,MNP,Norepinephrine,0.25652942,0.046835650111383804,0.4813221077592829,0.6757161428435308,0.0,0.007992007992007992,0.015114170255481141,False
2022,Enteric_glia,MNP,O-Deethylated candesartan,0.1047277,0.01912057462626614,0.49237245912572436,0.6757161428435308,0.0,0.004995004995004995,0.010650366582569973,False
2023,Enteric_glia,MNP,O-Desmethylverapamil (D-702),1.8500028,0.10680995947527651,0.45746987307989184,0.6757161428435308,0.0,0.055944055944055944,0.07027923145358736,False
2024,Enteric_glia,MNP,Oxalic acid,-1.4547689,-0.2656032467841502,0.6047276075903748,0.6795983862910224,0.0,0.2627372627372627,0.2807708771011523,False
2025,Enteric_glia,MNP,Phosphate,0.0,0.0,0.5,0.6757161428435308,0.0,0.000999000999000999,0.002733238922886596,False
2026,Enteric_glia,MNP,Progesterone,0.1047277,0.01912057462626614,0.49237245912572436,0.6757161428435308,0.0,0.004995004995004995,0.010650366582569973,False
2027,Enteric_glia,MNP,Pyruvate,0.0,0.0,0.5,0.6757161428435308,0.0,0.000999000999000999,0.002733238922886596,False
2028,Enteric_glia,MNP,Sodium,-4.0598783,-0.42794875356686485,0.66565578457725,0.7046478906661335,0.0,0.011988011988011988,0.02048481266085178,False
2029,Enteric_glia,MNP,Sodium_hydrogen exchange,0.1810744,0.019086917219676133,0.49238588403830585,0.6757161428435308,0.0,0.002997002997002997,0.007184126848760995,False
2030,Enteric_glia,MNP,Sulfolithocholic acid,0.40560865,0.07405366977575889,0.47048384007430505,0.6757161428435308,0.0,0.017982017982017984,0.027654497092149906,False
2031,Enteric_glia,MNP,Taurocholic acid,-0.27602553,-0.016798379026869762,0.5067012684677037,0.6757161428435308,0.0,0.2757242757242757,0.29404979557573657,False
2032,Enteric_glia,MNP,Testosterone,0.25283504,0.023080575362437208,0.4907930000872168,0.6757161428435308,0.0,0.005994005994005994,0.012076328540133793,False
2033,Enteric_glia,MNP,Trihydroxycoprostanoic acid,0.40560865,0.07405366977575889,0.47048384007430505,0.6757161428435308,0.0,0.017982017982017984,0.027654497092149906,False
2034,Enteric_glia,MNP,Ursocholic acid,0.40560865,0.07405366977575889,0.47048384007430505,0.6757161428435308,0.0,0.017982017982017984,0.027654497092149906,False
2035,Enteric_glia,MNP,Ursodeoxycholic acid,0.40560865,0.07405366977575889,0.47048384007430505,0.6757161428435308,0.0,0.017982017982017984,0.027654497092149906,False
2036,Enteric_glia,MNP,Ursodeoxycholic acid 3-sulfate,0.40560865,0.07405366977575889,0.47048384007430505,0.6757161428435308,0.0,0.017982017982017984,0.027654497092149906,False
2037,Enteric_glia,MNP,Varanic acid,0.40560865,0.07405366977575889,0.47048384007430505,0.6757161428435308,0.0,0.017982017982017984,0.027654497092149906,False
2038,Enteric_glia,MNP,Water,0.3598079,0.03792708370373832,0.48487290945355294,0.6757161428435308,0.0,0.022977022977022976,0.034070126007891215,False
2039,Enteric_glia,MNP,alpha-Ketoisovaleric acid,0.0,0.0,0.5,0.6757161428435308,0.0,0.000999000999000999,0.002733238922886596,False
2040,Enteric_glia,Muscularis_mucosa,"(3a,5b,7a)-23-Carboxy-7-hydroxy-24-norcholan-3-yl-b-D-Glucopyranosiduronic acid",0.103601694,0.02512710163507772,0.48997679151251,0.6757161428435308,0.0,0.004995004995004995,0.010650366582569973,False
2041,Enteric_glia,Muscularis_mucosa,17a-Ethynylestradiol,0.13374922,0.03243894989348748,0.48706100064895436,0.6757161428435308,0.0,0.001998001998001998,0.005057316928544293,False
2042,Enteric_glia,Muscularis_mucosa,"1b,3a,12a-Trihydroxy-5b-cholanoic acid",0.103601694,0.02512710163507772,0.48997679151251,0.6757161428435308,0.0,0.004995004995004995,0.010650366582569973,False
2043,Enteric_glia,Muscularis_mucosa,2-Hydroxychlorpropamide,0.13374922,0.01872863645323378,0.4925287918361904,0.6757161428435308,0.0,0.001998001998001998,0.005057316928544293,False
2044,Enteric_glia,Muscularis_mucosa,25-Hydroxycholesterol,0.30603158,0.07422356168569902,0.47041624902217316,0.6757161428435308,0.0,0.017982017982017984,0.027654497092149906,False
2045,Enteric_glia,Muscularis_mucosa,"3',4'-Dihydrodiol",0.13374922,0.03243894989348748,0.48706100064895436,0.6757161428435308,0.0,0.001998001998001998,0.005057316928544293,False
2046,Enteric_glia,Muscularis_mucosa,3-Sulfodeoxycholic acid,0.103601694,0.02512710163507772,0.48997679151251,0.6757161428435308,0.0,0.004995004995004995,0.010650366582569973,False
2047,Enteric_glia,Muscularis_mucosa,"3alpha,7alpha-Dihydroxycoprostanic acid",0.103601694,0.02512710163507772,0.48997679151251,0.6757161428435308,0.0,0.004995004995004995,0.010650366582569973,False
2048,Enteric_glia,Muscularis_mucosa,3b-Hydroxy-5-cholenoic acid,0.103601694,0.02512710163507772,0.48997679151251,0.6757161428435308,0.0,0.004995004995004995,0.010650366582569973,False
2049,Enteric_glia,Muscularis_mucosa,4'-Hydroxydiclofenac,0.13374922,0.03243894989348748,0.48706100064895436,0.6757161428435308,0.0,0.001998001998001998,0.005057316928544293,False
2050,Enteric_glia,Muscularis_mucosa,4-Hydroxycyclophosphamide,0.13374922,0.03243894989348748,0.48706100064895436,0.6757161428435308,0.0,0.001998001998001998,0.005057316928544293,False
2051,Enteric_glia,Muscularis_mucosa,4-ene-Valproic acid,0.059814468,0.00837570083137637,0.49665861787805893,0.6757161428435308,0.0,0.001998001998001998,0.005057316928544293,False
2052,Enteric_glia,Muscularis_mucosa,5-Hydroxyomeprazole,0.38175583,0.041407233364490544,0.48348562317674904,0.6757161428435308,0.0,0.006993006993006993,0.013630621005892154,False
2053,Enteric_glia,Muscularis_mucosa,8-Hydroxycarvedilol,0.13374922,0.03243894989348748,0.48706100064895436,0.6757161428435308,0.0,0.001998001998001998,0.005057316928544293,False
2054,Enteric_glia,Muscularis_mucosa,Acetate,-0.6954304,-0.11926532931992505,0.5474674247009784,0.6757161428435308,0.0,0.006993006993006993,0.013630621005892154,False
2055,Enteric_glia,Muscularis_mucosa,Acetyl-L-Carnitine,0.059814468,0.014507139388940759,0.49421269172746596,0.6757161428435308,0.0,0.001998001998001998,0.005057316928544293,False
2056,Enteric_glia,Muscularis_mucosa,Adenosine diphosphate ribose,-0.44304284,-0.10745367321690925,0.5427854620618037,0.6757161428435308,0.0,0.002997002997002997,0.007184126848760995,False
2057,Enteric_glia,Muscularis_mucosa,Adenosine triphosphate,0.16918086,0.041032384449197094,0.48363503926861795,0.6757161428435308,0.0,0.003996003996003996,0.008992796112653,False
2058,Enteric_glia,Muscularis_mucosa,Amiloride-sensitive sodium transport,0.0,0.0,0.5,0.6757161428435308,0.0,0.000999000999000999,0.002733238922886596,False
2059,Enteric_glia,Muscularis_mucosa,Anion exchange,10.138466,1.4196691856248607,0.0778520065446512,0.6757161428435308,26.806278,0.003996003996003996,0.008992796112653,True
2060,Enteric_glia,Muscularis_mucosa,Butyrate,0.0,0.0,0.5,0.6757161428435308,0.0,0.000999000999000999,0.002733238922886596,False
2061,Enteric_glia,Muscularis_mucosa,Chenodeoxycholic acid,0.103601694,0.02512710163507772,0.48997679151251,0.6757161428435308,0.0,0.004995004995004995,0.010650366582569973,False
2062,Enteric_glia,Muscularis_mucosa,Chenodeoxycholic acid 3-sulfate,0.103601694,0.02512710163507772,0.48997679151251,0.6757161428435308,0.0,0.004995004995004995,0.010650366582569973,False
2063,Enteric_glia,Muscularis_mucosa,Chloride,0.23166043,0.0561859061343573,0.47759685435097676,0.6757161428435308,0.0,0.00999000999000999,0.017922750381392707,False
2064,Enteric_glia,Muscularis_mucosa,Chloride ion,-0.9039083,-0.2192299675042401,0.5867645437294766,0.6795983862910224,0.0,0.01098901098901099,0.01912057513717265,False
2065,Enteric_glia,Muscularis_mucosa,Cholesterol,0.21833965,0.030573666600141818,0.4878047716689943,0.6757161428435308,0.0,0.002997002997002997,0.007184126848760995,False
2066,Enteric_glia,Muscularis_mucosa,Cholic acid,0.2971654,0.04161147826415728,0.48340421141839124,0.6757161428435308,0.0,0.005994005994005994,0.012076328540133793,False
2067,Enteric_glia,Muscularis_mucosa,Choline,0.059814468,0.014507139388940759,0.49421269172746596,0.6757161428435308,0.0,0.001998001998001998,0.005057316928544293,False
2068,Enteric_glia,Muscularis_mucosa,Citric acid,-0.6954304,-0.16866664624513153,0.566970572354702,0.6757161428435308,0.0,0.006993006993006993,0.013630621005892154,False
2069,Enteric_glia,Muscularis_mucosa,Coprocholic acid,0.103601694,0.02512710163507772,0.48997679151251,0.6757161428435308,0.0,0.004995004995004995,0.010650366582569973,False
2070,Enteric_glia,Muscularis_mucosa,Cortisol,0.21833965,0.030573666600141818,0.4878047716689943,0.6757161428435308,0.0,0.002997002997002997,0.007184126848760995,False
2071,Enteric_glia,Muscularis_mucosa,Creatine,0.059814468,0.014507139388940759,0.49421269172746596,0.6757161428435308,0.0,0.001998001998001998,0.005057316928544293,False
2072,Enteric_glia,Muscularis_mucosa,D-Lactate,0.0,0.0,0.5,0.6757161428435308,0.0,0.000999000999000999,0.002733238922886596,False
2073,Enteric_glia,Muscularis_mucosa,Deoxycholic acid,0.103601694,0.02512710163507772,0.48997679151251,0.6757161428435308,0.0,0.004995004995004995,0.010650366582569973,False
2074,Enteric_glia,Muscularis_mucosa,Dopamine,0.059814468,0.014507139388940759,0.49421269172746596,0.6757161428435308,0.0,0.001998001998001998,0.005057316928544293,False
2075,Enteric_glia,Muscularis_mucosa,E-3179,0.13374922,0.03243894989348748,0.48706100064895436,0.6757161428435308,0.0,0.001998001998001998,0.005057316928544293,False
2076,Enteric_glia,Muscularis_mucosa,Estradiol,-0.47709075,-0.05785575116000714,0.5230682352471687,0.6757161428435308,0.0,0.008991008991008992,0.016702140151638085,False
2077,Enteric_glia,Muscularis_mucosa,Estriol,0.13374922,0.03243894989348748,0.48706100064895436,0.6757161428435308,0.0,0.001998001998001998,0.005057316928544293,False
2078,Enteric_glia,Muscularis_mucosa,Fatty acid,-0.9158989,-0.12825150154062545,0.5510250278910698,0.6757161428435308,0.0,0.15384615384615385,0.17255568967409196,False
2079,Enteric_glia,Muscularis_mucosa,Folic acid,0.103601694,0.01776754395772704,0.4929121484204683,0.6757161428435308,0.0,0.004995004995004995,0.010650366582569973,False
2080,Enteric_glia,Muscularis_mucosa,Folinic acid,0.103601694,0.02512710163507772,0.48997679151251,0.6757161428435308,0.0,0.004995004995004995,0.010650366582569973,False
2081,Enteric_glia,Muscularis_mucosa,Glutathione,0.103601694,0.02512710163507772,0.48997679151251,0.6757161428435308,0.0,0.004995004995004995,0.010650366582569973,False
2082,Enteric_glia,Muscularis_mucosa,Glycerol,0.13374922,0.03243894989348748,0.48706100064895436,0.6757161428435308,0.0,0.001998001998001998,0.005057316928544293,False
2083,Enteric_glia,Muscularis_mucosa,Glycochenodeoxycholate-3-sulfate,0.103601694,0.02512710163507772,0.48997679151251,0.6757161428435308,0.0,0.004995004995004995,0.010650366582569973,False
2084,Enteric_glia,Muscularis_mucosa,Glycyl-glycine,0.0,0.0,0.5,0.6757161428435308,0.0,0.000999000999000999,0.002733238922886596,False
2085,Enteric_glia,Muscularis_mucosa,Histamine,0.059814468,0.014507139388940759,0.49421269172746596,0.6757161428435308,0.0,0.001998001998001998,0.005057316928544293,False
2086,Enteric_glia,Muscularis_mucosa,Hydroxylansoprazole,0.21833965,0.030573666600141818,0.4878047716689943,0.6757161428435308,0.0,0.002997002997002997,0.007184126848760995,False
2087,Enteric_glia,Muscularis_mucosa,Hyodeoxycholic acid,0.103601694,0.02512710163507772,0.48997679151251,0.6757161428435308,0.0,0.004995004995004995,0.010650366582569973,False
2088,Enteric_glia,Muscularis_mucosa,Iron,-2.5793567,-0.6255858822421604,0.7342066994274312,0.7589058887153977,0.0,0.03996003996003996,0.05324055313464337,False
2089,Enteric_glia,Muscularis_mucosa,Isoursodeoxycholic acid,0.103601694,0.02512710163507772,0.48997679151251,0.6757161428435308,0.0,0.004995004995004995,0.010650366582569973,False
2090,Enteric_glia,Muscularis_mucosa,Ketone bodies,0.0,0.0,0.5,0.6757161428435308,0.0,0.000999000999000999,0.002733238922886596,False
2091,Enteric_glia,Muscularis_mucosa,L-Arginine,0.0,0.0,0.5,0.6757161428435308,0.0,0.000999000999000999,0.002733238922886596,False
2092,Enteric_glia,Muscularis_mucosa,L-Carnitine,0.059814468,0.010258096637538478,0.495907683306391,0.6757161428435308,0.0,0.001998001998001998,0.005057316928544293,False
2093,Enteric_glia,Muscularis_mucosa,L-Cystine,0.0,0.0,0.5,0.6757161428435308,0.0,0.000999000999000999,0.002733238922886596,False
2094,Enteric_glia,Muscularis_mucosa,L-Dopa,0.0,0.0,0.5,0.6757161428435308,0.0,0.000999000999000999,0.002733238922886596,False
2095,Enteric_glia,Muscularis_mucosa,L-Glutamate,0.0,0.0,0.5,0.6757161428435308,0.0,0.000999000999000999,0.002733238922886596,False
2096,Enteric_glia,Muscularis_mucosa,L-Lactate,0.0,0.0,0.5,0.6757161428435308,0.0,0.000999000999000999,0.002733238922886596,False
2097,Enteric_glia,Muscularis_mucosa,L-Lysine,0.0,0.0,0.5,0.6757161428435308,0.0,0.000999000999000999,0.002733238922886596,False
2098,Enteric_glia,Muscularis_mucosa,L-Ornithine,0.0,0.0,0.5,0.6757161428435308,0.0,0.000999000999000999,0.002733238922886596,False
2099,Enteric_glia,Muscularis_mucosa,Lithocholic acid,0.103601694,0.02512710163507772,0.48997679151251,0.6757161428435308,0.0,0.004995004995004995,0.010650366582569973,False
2100,Enteric_glia,Muscularis_mucosa,N-Desmethylcitalopram,0.13374922,0.03243894989348748,0.48706100064895436,0.6757161428435308,0.0,0.001998001998001998,0.005057316928544293,False
2101,Enteric_glia,Muscularis_mucosa,N-Desmethyleletriptan,0.13374922,0.03243894989348748,0.48706100064895436,0.6757161428435308,0.0,0.001998001998001998,0.005057316928544293,False
2102,Enteric_glia,Muscularis_mucosa,N-Desmethyltamoxifen,0.21833965,0.030573666600141818,0.4878047716689943,0.6757161428435308,0.0,0.002997002997002997,0.007184126848760995,False
2103,Enteric_glia,Muscularis_mucosa,N-desmethylimatinib,0.21833965,0.030573666600141818,0.4878047716689943,0.6757161428435308,0.0,0.002997002997002997,0.007184126848760995,False
2104,Enteric_glia,Muscularis_mucosa,Neurotransmitter,0.0,0.0,0.5,0.6757161428435308,0.0,0.000999000999000999,0.002733238922886596,False
2105,Enteric_glia,Muscularis_mucosa,Nicotinate,-0.63561594,-0.07707975523512661,0.5307199509693785,0.6757161428435308,0.0,0.007992007992007992,0.015114170255481141,False
2106,Enteric_glia,Muscularis_mucosa,Norepinephrine,0.059814468,0.014507139388940759,0.49421269172746596,0.6757161428435308,0.0,0.001998001998001998,0.005057316928544293,False
2107,Enteric_glia,Muscularis_mucosa,O-Deethylated candesartan,0.13374922,0.03243894989348748,0.48706100064895436,0.6757161428435308,0.0,0.001998001998001998,0.005057316928544293,False
2108,Enteric_glia,Muscularis_mucosa,O-Desmethylverapamil (D-702),0.6049864,0.04640034099352922,0.48149558236685774,0.6757161428435308,0.0,0.011988011988011988,0.02048481266085178,False
2109,Enteric_glia,Muscularis_mucosa,Oxalic acid,-0.6954304,-0.16866664624513153,0.566970572354702,0.6757161428435308,0.0,0.006993006993006993,0.013630621005892154,False
2110,Enteric_glia,Muscularis_mucosa,Phosphate,0.0,0.0,0.5,0.6757161428435308,0.0,0.000999000999000999,0.002733238922886596,False
2111,Enteric_glia,Muscularis_mucosa,Progesterone,0.13374922,0.03243894989348748,0.48706100064895436,0.6757161428435308,0.0,0.001998001998001998,0.005057316928544293,False
2112,Enteric_glia,Muscularis_mucosa,Pyruvate,0.0,0.0,0.5,0.6757161428435308,0.0,0.000999000999000999,0.002733238922886596,False
2113,Enteric_glia,Muscularis_mucosa,Sodium,-1.1592984,-0.1623342488904475,0.5644786771778929,0.6757161428435308,0.0,0.013986013986013986,0.022891498301334367,False
2114,Enteric_glia,Muscularis_mucosa,Sodium_hydrogen exchange,0.16881593,0.023638957864876246,0.4905702984713035,0.6757161428435308,0.0,0.003996003996003996,0.008992796112653,False
2115,Enteric_glia,Muscularis_mucosa,Sulfolithocholic acid,0.103601694,0.02512710163507772,0.48997679151251,0.6757161428435308,0.0,0.004995004995004995,0.010650366582569973,False
2116,Enteric_glia,Muscularis_mucosa,Taurocholic acid,-0.3136746,-0.025359088303352754,0.5101157282955994,0.6757161428435308,0.0,0.012987012987012988,0.02170829436309107,False
2117,Enteric_glia,Muscularis_mucosa,Testosterone,0.21833965,0.026477571962558625,0.48943821115399383,0.6757161428435308,0.0,0.002997002997002997,0.007184126848760995,False
2118,Enteric_glia,Muscularis_mucosa,Trihydroxycoprostanoic acid,0.103601694,0.02512710163507772,0.48997679151251,0.6757161428435308,0.0,0.004995004995004995,0.010650366582569973,False
2119,Enteric_glia,Muscularis_mucosa,Ursocholic acid,0.103601694,0.02512710163507772,0.48997679151251,0.6757161428435308,0.0,0.004995004995004995,0.010650366582569973,False
2120,Enteric_glia,Muscularis_mucosa,Ursodeoxycholic acid,0.103601694,0.02512710163507772,0.48997679151251,0.6757161428435308,0.0,0.004995004995004995,0.010650366582569973,False
2121,Enteric_glia,Muscularis_mucosa,Ursodeoxycholic acid 3-sulfate,0.103601694,0.02512710163507772,0.48997679151251,0.6757161428435308,0.0,0.004995004995004995,0.010650366582569973,False
2122,Enteric_glia,Muscularis_mucosa,Varanic acid,0.103601694,0.02512710163507772,0.48997679151251,0.6757161428435308,0.0,0.004995004995004995,0.010650366582569973,False
2123,Enteric_glia,Muscularis_mucosa,Water,-0.24763905,-0.03467640229082493,0.513831111073938,0.6757161428435308,0.0,0.03496503496503497,0.04777972407779056,False
2124,Enteric_glia,Muscularis_mucosa,alpha-Ketoisovaleric acid,0.0,0.0,0.5,0.6757161428435308,0.0,0.000999000999000999,0.002733238922886596,False
2125,Enteric_glia,Myofibroblast,"(3a,5b,7a)-23-Carboxy-7-hydroxy-24-norcholan-3-yl-b-D-Glucopyranosiduronic acid",-0.55481374,-0.14828020988741433,0.5589391835385789,0.6757161428435308,0.0,0.006993006993006993,0.013630621005892154,False
2126,Enteric_glia,Myofibroblast,17a-Ethynylestradiol,0.056266014,0.015037724654257976,0.4940010419291272,0.6757161428435308,0.0,0.000999000999000999,0.002733238922886596,False
2127,Enteric_glia,Myofibroblast,"1b,3a,12a-Trihydroxy-5b-cholanoic acid",-0.55481374,-0.14828020988741433,0.5589391835385789,0.6757161428435308,0.0,0.006993006993006993,0.013630621005892154,False
2128,Enteric_glia,Myofibroblast,2-Hydroxychlorpropamide,0.056266014,0.008682034377135314,0.49653641292000006,0.6757161428435308,0.0,0.000999000999000999,0.002733238922886596,False
2129,Enteric_glia,Myofibroblast,25-Hydroxycholesterol,-0.37650517,-0.10062523832969471,0.54007601944988,0.6757161428435308,0.0,0.04595404595404595,0.059463268679479334,False
2130,Enteric_glia,Myofibroblast,"3',4'-Dihydrodiol",0.056266014,0.015037724654257976,0.4940010419291272,0.6757161428435308,0.0,0.000999000999000999,0.002733238922886596,False
2131,Enteric_glia,Myofibroblast,3-Sulfodeoxycholic acid,-0.55481374,-0.14828020988741433,0.5589391835385789,0.6757161428435308,0.0,0.006993006993006993,0.013630621005892154,False
2132,Enteric_glia,Myofibroblast,"3alpha,7alpha-Dihydroxycoprostanic acid",-0.55481374,-0.14828020988741433,0.5589391835385789,0.6757161428435308,0.0,0.006993006993006993,0.013630621005892154,False
2133,Enteric_glia,Myofibroblast,3b-Hydroxy-5-cholenoic acid,-0.55481374,-0.14828020988741433,0.5589391835385789,0.6757161428435308,0.0,0.006993006993006993,0.013630621005892154,False
2134,Enteric_glia,Myofibroblast,4'-Hydroxydiclofenac,0.056266014,0.015037724654257976,0.4940010419291272,0.6757161428435308,0.0,0.000999000999000999,0.002733238922886596,False
2135,Enteric_glia,Myofibroblast,4-Hydroxycyclophosphamide,0.056266014,0.015037724654257976,0.4940010419291272,0.6757161428435308,0.0,0.000999000999000999,0.002733238922886596,False
2136,Enteric_glia,Myofibroblast,4-ene-Valproic acid,0.039786078,0.006139125122781999,0.4975508588080794,0.6757161428435308,0.0,0.001998001998001998,0.005057316928544293,False
2137,Enteric_glia,Myofibroblast,5-Hydroxyomeprazole,-0.45151675,-0.053966573417533886,0.5215191020180063,0.6757161428435308,0.0,0.007992007992007992,0.015114170255481141,False
2138,Enteric_glia,Myofibroblast,8-Hydroxycarvedilol,0.056266014,0.015037724654257976,0.4940010419291272,0.6757161428435308,0.0,0.000999000999000999,0.002733238922886596,False
2139,Enteric_glia,Myofibroblast,Acetate,0.13782302,0.0260461017018214,0.4896102835343811,0.6757161428435308,0.0,0.013986013986013986,0.022891498301334367,False
2140,Enteric_glia,Myofibroblast,Acetyl-L-Carnitine,0.039786078,0.010633276626680944,0.4957580163123222,0.6757161428435308,0.0,0.001998001998001998,0.005057316928544293,False
2141,Enteric_glia,Myofibroblast,Adenosine diphosphate ribose,0.0,0.0,0.5,0.6757161428435308,0.0,0.000999000999000999,0.002733238922886596,False
2142,Enteric_glia,Myofibroblast,Adenosine triphosphate,0.07945116,0.021234215330247455,0.4915294102717828,0.6757161428435308,0.0,0.005994005994005994,0.012076328540133793,False
2143,Enteric_glia,Myofibroblast,Amiloride-sensitive sodium transport,0.0,0.0,0.5,0.6757161428435308,0.0,0.000999000999000999,0.002733238922886596,False
2144,Enteric_glia,Myofibroblast,Anion exchange,0.2515464,0.038814454151540605,0.4845191603862101,0.6757161428435308,0.0,0.017982017982017984,0.027654497092149906,False
2145,Enteric_glia,Myofibroblast,Butyrate,0.0,0.0,0.5,0.6757161428435308,0.0,0.000999000999000999,0.002733238922886596,False
2146,Enteric_glia,Myofibroblast,Chenodeoxycholic acid,-0.55481374,-0.14828020988741433,0.5589391835385789,0.6757161428435308,0.0,0.006993006993006993,0.013630621005892154,False
2147,Enteric_glia,Myofibroblast,Chenodeoxycholic acid 3-sulfate,-0.55481374,-0.14828020988741433,0.5589391835385789,0.6757161428435308,0.0,0.006993006993006993,0.013630621005892154,False
2148,Enteric_glia,Myofibroblast,Chloride,-0.98618335,-0.26356858562299534,0.6039438160980676,0.6795983862910224,0.0,0.00999000999000999,0.017922750381392707,False
2149,Enteric_glia,Myofibroblast,Chloride ion,0.079572156,0.021266553253361888,0.49151651221956516,0.6757161428435308,0.0,0.004995004995004995,0.010650366582569973,False
2150,Enteric_glia,Myofibroblast,Cholesterol,0.056266014,0.008682034377135314,0.49653641292000006,0.6757161428435308,0.0,0.000999000999000999,0.002733238922886596,False
2151,Enteric_glia,Myofibroblast,Cholic acid,-0.45151678,-0.06967055129792772,0.5277720592664724,0.6757161428435308,0.0,0.007992007992007992,0.015114170255481141,False
2152,Enteric_glia,Myofibroblast,Choline,0.039786078,0.010633276626680944,0.4957580163123222,0.6757161428435308,0.0,0.001998001998001998,0.005057316928544293,False
2153,Enteric_glia,Myofibroblast,Citric acid,0.13782302,0.03683475027366478,0.4853083830643468,0.6757161428435308,0.0,0.013986013986013986,0.022891498301334367,False
2154,Enteric_glia,Myofibroblast,Coprocholic acid,-0.55481374,-0.14828020988741433,0.5589391835385789,0.6757161428435308,0.0,0.006993006993006993,0.013630621005892154,False
2155,Enteric_glia,Myofibroblast,Cortisol,0.056266014,0.008682034377135314,0.49653641292000006,0.6757161428435308,0.0,0.000999000999000999,0.002733238922886596,False
2156,Enteric_glia,Myofibroblast,Creatine,0.039786078,0.010633276626680944,0.4957580163123222,0.6757161428435308,0.0,0.001998001998001998,0.005057316928544293,False
2157,Enteric_glia,Myofibroblast,D-Lactate,0.0,0.0,0.5,0.6757161428435308,0.0,0.000999000999000999,0.002733238922886596,False
2158,Enteric_glia,Myofibroblast,Deoxycholic acid,-0.55481374,-0.14828020988741433,0.5589391835385789,0.6757161428435308,0.0,0.006993006993006993,0.013630621005892154,False
2159,Enteric_glia,Myofibroblast,Dopamine,0.039786078,0.010633276626680944,0.4957580163123222,0.6757161428435308,0.0,0.001998001998001998,0.005057316928544293,False
2160,Enteric_glia,Myofibroblast,E-3179,0.056266014,0.015037724654257976,0.4940010419291272,0.6757161428435308,0.0,0.000999000999000999,0.002733238922886596,False
2161,Enteric_glia,Myofibroblast,Estradiol,0.19408903,0.02593623696614852,0.48965409842067087,0.6757161428435308,0.0,0.013986013986013986,0.022891498301334367,False
2162,Enteric_glia,Myofibroblast,Estriol,0.056266014,0.015037724654257976,0.4940010419291272,0.6757161428435308,0.0,0.000999000999000999,0.002733238922886596,False
2163,Enteric_glia,Myofibroblast,Fatty acid,-0.592132,-0.09136794694754533,0.5363998850891518,0.6757161428435308,0.0,0.07792207792207792,0.09296848826439115,False
2164,Enteric_glia,Myofibroblast,Folic acid,-0.55481374,-0.10484994192715523,0.5417525597563374,0.6757161428435308,0.0,0.006993006993006993,0.013630621005892154,False
2165,Enteric_glia,Myofibroblast,Folinic acid,-0.55481374,-0.14828020988741433,0.5589391835385789,0.6757161428435308,0.0,0.006993006993006993,0.013630621005892154,False
2166,Enteric_glia,Myofibroblast,Glutathione,-0.55481374,-0.14828020988741433,0.5589391835385789,0.6757161428435308,0.0,0.006993006993006993,0.013630621005892154,False
2167,Enteric_glia,Myofibroblast,Glycerol,0.056266014,0.015037724654257976,0.4940010419291272,0.6757161428435308,0.0,0.000999000999000999,0.002733238922886596,False
2168,Enteric_glia,Myofibroblast,Glycochenodeoxycholate-3-sulfate,-0.55481374,-0.14828020988741433,0.5589391835385789,0.6757161428435308,0.0,0.006993006993006993,0.013630621005892154,False
2169,Enteric_glia,Myofibroblast,Glycyl-glycine,0.0,0.0,0.5,0.6757161428435308,0.0,0.000999000999000999,0.002733238922886596,False
2170,Enteric_glia,Myofibroblast,Histamine,0.039786078,0.010633276626680944,0.4957580163123222,0.6757161428435308,0.0,0.001998001998001998,0.005057316928544293,False
2171,Enteric_glia,Myofibroblast,Hydroxylansoprazole,0.056266014,0.008682034377135314,0.49653641292000006,0.6757161428435308,0.0,0.000999000999000999,0.002733238922886596,False
2172,Enteric_glia,Myofibroblast,Hyodeoxycholic acid,-0.55481374,-0.14828020988741433,0.5589391835385789,0.6757161428435308,0.0,0.006993006993006993,0.013630621005892154,False
2173,Enteric_glia,Myofibroblast,Iron,0.22804028,0.060946327893087154,0.4757009768361475,0.6757161428435308,0.0,0.03496503496503497,0.04777972407779056,False
2174,Enteric_glia,Myofibroblast,Isoursodeoxycholic acid,-0.55481374,-0.14828020988741433,0.5589391835385789,0.6757161428435308,0.0,0.006993006993006993,0.013630621005892154,False
2175,Enteric_glia,Myofibroblast,Ketone bodies,0.0,0.0,0.5,0.6757161428435308,0.0,0.000999000999000999,0.002733238922886596,False
2176,Enteric_glia,Myofibroblast,L-Arginine,0.0,0.0,0.5,0.6757161428435308,0.0,0.000999000999000999,0.002733238922886596,False
2177,Enteric_glia,Myofibroblast,L-Carnitine,0.039786078,0.007518862008958512,0.497000436306681,0.6757161428435308,0.0,0.001998001998001998,0.005057316928544293,False
2178,Enteric_glia,Myofibroblast,L-Cystine,0.0,0.0,0.5,0.6757161428435308,0.0,0.000999000999000999,0.002733238922886596,False
2179,Enteric_glia,Myofibroblast,L-Dopa,0.0,0.0,0.5,0.6757161428435308,0.0,0.000999000999000999,0.002733238922886596,False
2180,Enteric_glia,Myofibroblast,L-Glutamate,0.0,0.0,0.5,0.6757161428435308,0.0,0.000999000999000999,0.002733238922886596,False
2181,Enteric_glia,Myofibroblast,L-Lactate,0.0,0.0,0.5,0.6757161428435308,0.0,0.000999000999000999,0.002733238922886596,False
2182,Enteric_glia,Myofibroblast,L-Lysine,0.0,0.0,0.5,0.6757161428435308,0.0,0.000999000999000999,0.002733238922886596,False
2183,Enteric_glia,Myofibroblast,L-Ornithine,0.0,0.0,0.5,0.6757161428435308,0.0,0.000999000999000999,0.002733238922886596,False
2184,Enteric_glia,Myofibroblast,Lithocholic acid,-0.55481374,-0.14828020988741433,0.5589391835385789,0.6757161428435308,0.0,0.006993006993006993,0.013630621005892154,False
2185,Enteric_glia,Myofibroblast,N-Desmethylcitalopram,0.056266014,0.015037724654257976,0.4940010419291272,0.6757161428435308,0.0,0.000999000999000999,0.002733238922886596,False
2186,Enteric_glia,Myofibroblast,N-Desmethyleletriptan,0.056266014,0.015037724654257976,0.4940010419291272,0.6757161428435308,0.0,0.000999000999000999,0.002733238922886596,False
2187,Enteric_glia,Myofibroblast,N-Desmethyltamoxifen,0.056266014,0.008682034377135314,0.49653641292000006,0.6757161428435308,0.0,0.000999000999000999,0.002733238922886596,False
2188,Enteric_glia,Myofibroblast,N-desmethylimatinib,0.056266014,0.008682034377135314,0.49653641292000006,0.6757161428435308,0.0,0.000999000999000999,0.002733238922886596,False
2189,Enteric_glia,Myofibroblast,Neurotransmitter,0.0,0.0,0.5,0.6757161428435308,0.0,0.000999000999000999,0.002733238922886596,False
2190,Enteric_glia,Myofibroblast,Nicotinate,0.17760909,0.02373401245454715,0.49053238781292313,0.6757161428435308,0.0,0.014985014985014986,0.024255209535703617,False
2191,Enteric_glia,Myofibroblast,Norepinephrine,0.039786078,0.010633276626680944,0.4957580163123222,0.6757161428435308,0.0,0.001998001998001998,0.005057316928544293,False
2192,Enteric_glia,Myofibroblast,O-Deethylated candesartan,0.056266014,0.015037724654257976,0.4940010419291272,0.6757161428435308,0.0,0.000999000999000999,0.002733238922886596,False
2193,Enteric_glia,Myofibroblast,O-Desmethylverapamil (D-702),-0.825266,-0.06974770742326952,0.5278027654102025,0.6757161428435308,0.0,0.014985014985014986,0.024255209535703617,False
2194,Enteric_glia,Myofibroblast,Oxalic acid,0.13782302,0.03683475027366478,0.4853083830643468,0.6757161428435308,0.0,0.013986013986013986,0.022891498301334367,False
2195,Enteric_glia,Myofibroblast,Phosphate,0.0,0.0,0.5,0.6757161428435308,0.0,0.000999000999000999,0.002733238922886596,False
2196,Enteric_glia,Myofibroblast,Progesterone,0.056266014,0.015037724654257976,0.4940010419291272,0.6757161428435308,0.0,0.000999000999000999,0.002733238922886596,False
2197,Enteric_glia,Myofibroblast,Pyruvate,0.0,0.0,0.5,0.6757161428435308,0.0,0.000999000999000999,0.002733238922886596,False
2198,Enteric_glia,Myofibroblast,Sodium,0.119358234,0.018417375368345996,0.4926529456270162,0.6757161428435308,0.0,0.005994005994005994,0.012076328540133793,False
2199,Enteric_glia,Myofibroblast,Sodium_hydrogen exchange,0.056189653,0.008670251618945864,0.49654111338350343,0.6757161428435308,0.0,0.001998001998001998,0.005057316928544293,False
2200,Enteric_glia,Myofibroblast,Sulfolithocholic acid,-0.55481374,-0.14828020988741433,0.5589391835385789,0.6757161428435308,0.0,0.006993006993006993,0.013630621005892154,False
2201,Enteric_glia,Myofibroblast,Taurocholic acid,-0.7272292,-0.06478672441811764,0.5258280941886073,0.6757161428435308,0.0,0.026973026973026972,0.03858547638397536,False
2202,Enteric_glia,Myofibroblast,Testosterone,0.056266014,0.007518862327128988,0.4970004361797529,0.6757161428435308,0.0,0.000999000999000999,0.002733238922886596,False
2203,Enteric_glia,Myofibroblast,Trihydroxycoprostanoic acid,-0.55481374,-0.14828020988741433,0.5589391835385789,0.6757161428435308,0.0,0.006993006993006993,0.013630621005892154,False
2204,Enteric_glia,Myofibroblast,Ursocholic acid,-0.55481374,-0.14828020988741433,0.5589391835385789,0.6757161428435308,0.0,0.006993006993006993,0.013630621005892154,False
2205,Enteric_glia,Myofibroblast,Ursodeoxycholic acid,-0.55481374,-0.14828020988741433,0.5589391835385789,0.6757161428435308,0.0,0.006993006993006993,0.013630621005892154,False
2206,Enteric_glia,Myofibroblast,Ursodeoxycholic acid 3-sulfate,-0.55481374,-0.14828020988741433,0.5589391835385789,0.6757161428435308,0.0,0.006993006993006993,0.013630621005892154,False
2207,Enteric_glia,Myofibroblast,Varanic acid,-0.55481374,-0.14828020988741433,0.5589391835385789,0.6757161428435308,0.0,0.006993006993006993,0.013630621005892154,False
2208,Enteric_glia,Myofibroblast,Water,0.14374936,0.02218100722733,0.4911517839504893,0.6757161428435308,0.0,0.011988011988011988,0.02048481266085178,False
2209,Enteric_glia,Myofibroblast,alpha-Ketoisovaleric acid,0.0,0.0,0.5,0.6757161428435308,0.0,0.000999000999000999,0.002733238922886596,False
2210,Enteric_glia,Pericyte,"(3a,5b,7a)-23-Carboxy-7-hydroxy-24-norcholan-3-yl-b-D-Glucopyranosiduronic acid",0.0,0.0,0.5,0.6757161428435308,0.0,0.000999000999000999,0.002733238922886596,False
2211,Enteric_glia,Pericyte,17a-Ethynylestradiol,0.06558531,0.01752841080767035,0.49300753388933277,0.6757161428435308,0.0,0.002997002997002997,0.007184126848760995,False
2212,Enteric_glia,Pericyte,"1b,3a,12a-Trihydroxy-5b-cholanoic acid",0.0,0.0,0.5,0.6757161428435308,0.0,0.000999000999000999,0.002733238922886596,False
2213,Enteric_glia,Pericyte,2-Hydroxychlorpropamide,0.13108458,0.020226789243600888,0.49193122876436307,0.6757161428435308,0.0,0.003996003996003996,0.008992796112653,False
2214,Enteric_glia,Pericyte,25-Hydroxycholesterol,0.06588281,0.017607921477002818,0.4929758186162873,0.6757161428435308,0.0,0.07292707292707293,0.08804439322673488,False
2215,Enteric_glia,Pericyte,"3',4'-Dihydrodiol",0.06558531,0.01752841080767035,0.49300753388933277,0.6757161428435308,0.0,0.002997002997002997,0.007184126848760995,False
2216,Enteric_glia,Pericyte,3-Sulfodeoxycholic acid,0.0,0.0,0.5,0.6757161428435308,0.0,0.000999000999000999,0.002733238922886596,False
2217,Enteric_glia,Pericyte,"3alpha,7alpha-Dihydroxycoprostanic acid",0.0,0.0,0.5,0.6757161428435308,0.0,0.000999000999000999,0.002733238922886596,False
2218,Enteric_glia,Pericyte,3b-Hydroxy-5-cholenoic acid,0.0,0.0,0.5,0.6757161428435308,0.0,0.000999000999000999,0.002733238922886596,False
2219,Enteric_glia,Pericyte,4'-Hydroxydiclofenac,0.06558531,0.01752841080767035,0.49300753388933277,0.6757161428435308,0.0,0.002997002997002997,0.007184126848760995,False
2220,Enteric_glia,Pericyte,4-Hydroxycyclophosphamide,0.06558531,0.01752841080767035,0.49300753388933277,0.6757161428435308,0.0,0.002997002997002997,0.007184126848760995,False
2221,Enteric_glia,Pericyte,4-ene-Valproic acid,0.09275163,0.014311887169529762,0.4942905780066651,0.6757161428435308,0.0,0.004995004995004995,0.010650366582569973,False
2222,Enteric_glia,Pericyte,5-Hydroxyomeprazole,0.06558531,0.007838943620698579,0.4968727459838444,0.6757161428435308,0.0,0.002997002997002997,0.007184126848760995,False
2223,Enteric_glia,Pericyte,8-Hydroxycarvedilol,0.06558531,0.01752841080767035,0.49300753388933277,0.6757161428435308,0.0,0.002997002997002997,0.007184126848760995,False
2224,Enteric_glia,Pericyte,Acetate,0.0,0.0,0.5,0.6757161428435308,0.0,0.000999000999000999,0.002733238922886596,False
2225,Enteric_glia,Pericyte,Acetyl-L-Carnitine,0.09275163,0.02478891572981868,0.4901116661547134,0.6757161428435308,0.0,0.004995004995004995,0.010650366582569973,False
2226,Enteric_glia,Pericyte,Adenosine diphosphate ribose,0.0,0.0,0.5,0.6757161428435308,0.0,0.000999000999000999,0.002733238922886596,False
2227,Enteric_glia,Pericyte,Adenosine triphosphate,-1.1310579,-0.30228792792872483,0.6187837098685273,0.6800205699783143,0.0,0.00999000999000999,0.017922750381392707,False
2228,Enteric_glia,Pericyte,Amiloride-sensitive sodium transport,0.0,0.0,0.5,0.6757161428435308,0.0,0.000999000999000999,0.002733238922886596,False
2229,Enteric_glia,Pericyte,Anion exchange,-1.9511895,-0.30107507903443925,0.6183213780405727,0.6800205699783143,0.0,0.01998001998001998,0.030239250643485482,False
2230,Enteric_glia,Pericyte,Butyrate,0.0,0.0,0.5,0.6757161428435308,0.0,0.000999000999000999,0.002733238922886596,False
2231,Enteric_glia,Pericyte,Chenodeoxycholic acid,0.0,0.0,0.5,0.6757161428435308,0.0,0.000999000999000999,0.002733238922886596,False
2232,Enteric_glia,Pericyte,Chenodeoxycholic acid 3-sulfate,0.0,0.0,0.5,0.6757161428435308,0.0,0.000999000999000999,0.002733238922886596,False
2233,Enteric_glia,Pericyte,Chloride,0.11359708,0.030360096708225617,0.48788993419412235,0.6757161428435308,0.0,0.00999000999000999,0.017922750381392707,False
2234,Enteric_glia,Pericyte,Chloride ion,0.13117062,0.0350568216153407,0.4860172157952135,0.6757161428435308,0.0,0.004995004995004995,0.010650366582569973,False
2235,Enteric_glia,Pericyte,Cholesterol,0.06558531,0.010120032698274821,0.495962759990095,0.6757161428435308,0.0,0.002997002997002997,0.007184126848760995,False
2236,Enteric_glia,Pericyte,Cholic acid,0.06558531,0.010120032698274821,0.495962759990095,0.6757161428435308,0.0,0.002997002997002997,0.007184126848760995,False
2237,Enteric_glia,Pericyte,Choline,0.09275163,0.02478891572981868,0.4901116661547134,0.6757161428435308,0.0,0.004995004995004995,0.010650366582569973,False
2238,Enteric_glia,Pericyte,Citric acid,0.0,0.0,0.5,0.6757161428435308,0.0,0.000999000999000999,0.002733238922886596,False
2239,Enteric_glia,Pericyte,Coprocholic acid,0.0,0.0,0.5,0.6757161428435308,0.0,0.000999000999000999,0.002733238922886596,False
2240,Enteric_glia,Pericyte,Cortisol,0.06558531,0.010120032698274821,0.495962759990095,0.6757161428435308,0.0,0.002997002997002997,0.007184126848760995,False
2241,Enteric_glia,Pericyte,Creatine,0.09275163,0.02478891572981868,0.4901116661547134,0.6757161428435308,0.0,0.004995004995004995,0.010650366582569973,False
2242,Enteric_glia,Pericyte,D-Lactate,0.0,0.0,0.5,0.6757161428435308,0.0,0.000999000999000999,0.002733238922886596,False
2243,Enteric_glia,Pericyte,Deoxycholic acid,0.0,0.0,0.5,0.6757161428435308,0.0,0.000999000999000999,0.002733238922886596,False
2244,Enteric_glia,Pericyte,Dopamine,0.09275163,0.02478891572981868,0.4901116661547134,0.6757161428435308,0.0,0.004995004995004995,0.010650366582569973,False
2245,Enteric_glia,Pericyte,E-3179,0.06558531,0.01752841080767035,0.49300753388933277,0.6757161428435308,0.0,0.002997002997002997,0.007184126848760995,False
2246,Enteric_glia,Pericyte,Estradiol,0.06558531,0.008764205403835174,0.49650363267042924,0.6757161428435308,0.0,0.002997002997002997,0.007184126848760995,False
2247,Enteric_glia,Pericyte,Estriol,0.06558531,0.01752841080767035,0.49300753388933277,0.6757161428435308,0.0,0.002997002997002997,0.007184126848760995,False
2248,Enteric_glia,Pericyte,Fatty acid,-3.7044234,-0.5716049445539245,0.7162051775589339,0.7423543330135232,0.0,0.16383616383616384,0.18226555899000185,False
2249,Enteric_glia,Pericyte,Folic acid,0.0,0.0,0.5,0.6757161428435308,0.0,0.000999000999000999,0.002733238922886596,False
2250,Enteric_glia,Pericyte,Folinic acid,0.0,0.0,0.5,0.6757161428435308,0.0,0.000999000999000999,0.002733238922886596,False
2251,Enteric_glia,Pericyte,Glutathione,0.0,0.0,0.5,0.6757161428435308,0.0,0.000999000999000999,0.002733238922886596,False
2252,Enteric_glia,Pericyte,Glycerol,0.06558531,0.01752841080767035,0.49300753388933277,0.6757161428435308,0.0,0.002997002997002997,0.007184126848760995,False
2253,Enteric_glia,Pericyte,Glycochenodeoxycholate-3-sulfate,0.0,0.0,0.5,0.6757161428435308,0.0,0.000999000999000999,0.002733238922886596,False
2254,Enteric_glia,Pericyte,Glycyl-glycine,0.0,0.0,0.5,0.6757161428435308,0.0,0.000999000999000999,0.002733238922886596,False
2255,Enteric_glia,Pericyte,Histamine,0.09275163,0.02478891572981868,0.4901116661547134,0.6757161428435308,0.0,0.004995004995004995,0.010650366582569973,False
2256,Enteric_glia,Pericyte,Hydroxylansoprazole,0.06558531,0.010120032698274821,0.495962759990095,0.6757161428435308,0.0,0.002997002997002997,0.007184126848760995,False
2257,Enteric_glia,Pericyte,Hyodeoxycholic acid,0.0,0.0,0.5,0.6757161428435308,0.0,0.000999000999000999,0.002733238922886596,False
2258,Enteric_glia,Pericyte,Iron,0.5505585,0.14714295044452644,0.4415095946296702,0.6757161428435308,0.0,0.08691308691308691,0.10243269939728625,False
2259,Enteric_glia,Pericyte,Isoursodeoxycholic acid,0.0,0.0,0.5,0.6757161428435308,0.0,0.000999000999000999,0.002733238922886596,False
2260,Enteric_glia,Pericyte,Ketone bodies,0.0,0.0,0.5,0.6757161428435308,0.0,0.000999000999000999,0.002733238922886596,False
2261,Enteric_glia,Pericyte,L-Arginine,0.0,0.0,0.5,0.6757161428435308,0.0,0.000999000999000999,0.002733238922886596,False
2262,Enteric_glia,Pericyte,L-Carnitine,0.09275163,0.01752841041081666,0.49300753404763015,0.6757161428435308,0.0,0.004995004995004995,0.010650366582569973,False
2263,Enteric_glia,Pericyte,L-Cystine,0.0,0.0,0.5,0.6757161428435308,0.0,0.000999000999000999,0.002733238922886596,False
2264,Enteric_glia,Pericyte,L-Dopa,0.0,0.0,0.5,0.6757161428435308,0.0,0.000999000999000999,0.002733238922886596,False
2265,Enteric_glia,Pericyte,L-Glutamate,0.0,0.0,0.5,0.6757161428435308,0.0,0.000999000999000999,0.002733238922886596,False
2266,Enteric_glia,Pericyte,L-Lactate,0.0,0.0,0.5,0.6757161428435308,0.0,0.000999000999000999,0.002733238922886596,False
2267,Enteric_glia,Pericyte,L-Lysine,0.0,0.0,0.5,0.6757161428435308,0.0,0.000999000999000999,0.002733238922886596,False
2268,Enteric_glia,Pericyte,L-Ornithine,0.0,0.0,0.5,0.6757161428435308,0.0,0.000999000999000999,0.002733238922886596,False
2269,Enteric_glia,Pericyte,Lithocholic acid,0.0,0.0,0.5,0.6757161428435308,0.0,0.000999000999000999,0.002733238922886596,False
2270,Enteric_glia,Pericyte,N-Desmethylcitalopram,0.06558531,0.01752841080767035,0.49300753388933277,0.6757161428435308,0.0,0.002997002997002997,0.007184126848760995,False
2271,Enteric_glia,Pericyte,N-Desmethyleletriptan,0.06558531,0.01752841080767035,0.49300753388933277,0.6757161428435308,0.0,0.002997002997002997,0.007184126848760995,False
2272,Enteric_glia,Pericyte,N-Desmethyltamoxifen,0.06558531,0.010120032698274821,0.495962759990095,0.6757161428435308,0.0,0.002997002997002997,0.007184126848760995,False
2273,Enteric_glia,Pericyte,N-desmethylimatinib,0.06558531,0.010120032698274821,0.495962759990095,0.6757161428435308,0.0,0.002997002997002997,0.007184126848760995,False
2274,Enteric_glia,Pericyte,Neurotransmitter,0.0,0.0,0.5,0.6757161428435308,0.0,0.000999000999000999,0.002733238922886596,False
2275,Enteric_glia,Pericyte,Nicotinate,0.09275163,0.01239445786490934,0.4950554533143656,0.6757161428435308,0.0,0.004995004995004995,0.010650366582569973,False
2276,Enteric_glia,Pericyte,Norepinephrine,0.09275163,0.02478891572981868,0.4901116661547134,0.6757161428435308,0.0,0.004995004995004995,0.010650366582569973,False
2277,Enteric_glia,Pericyte,O-Deethylated candesartan,0.06558531,0.01752841080767035,0.49300753388933277,0.6757161428435308,0.0,0.002997002997002997,0.007184126848760995,False
2278,Enteric_glia,Pericyte,O-Desmethylverapamil (D-702),0.4117391,0.03479830614547024,0.4861202856575661,0.6757161428435308,0.0,0.013986013986013986,0.022891498301334367,False
2279,Enteric_glia,Pericyte,Oxalic acid,0.0,0.0,0.5,0.6757161428435308,0.0,0.000999000999000999,0.002733238922886596,False
2280,Enteric_glia,Pericyte,Phosphate,0.0,0.0,0.5,0.6757161428435308,0.0,0.000999000999000999,0.002733238922886596,False
2281,Enteric_glia,Pericyte,Progesterone,0.06558531,0.01752841080767035,0.49300753388933277,0.6757161428435308,0.0,0.002997002997002997,0.007184126848760995,False
2282,Enteric_glia,Pericyte,Pyruvate,0.0,0.0,0.5,0.6757161428435308,0.0,0.000999000999000999,0.002733238922886596,False
2283,Enteric_glia,Pericyte,Sodium,0.22392225,0.03455195371572895,0.4862185069907394,0.6757161428435308,0.0,0.008991008991008992,0.016702140151638085,False
2284,Enteric_glia,Pericyte,Sodium_hydrogen exchange,0.15818632,0.024408678552597447,0.49026331295263187,0.6757161428435308,0.0,0.005994005994005994,0.012076328540133793,False
2285,Enteric_glia,Pericyte,Sulfolithocholic acid,0.0,0.0,0.5,0.6757161428435308,0.0,0.000999000999000999,0.002733238922886596,False
2286,Enteric_glia,Pericyte,Taurocholic acid,-2.687292,-0.2394030079199749,0.594603451083869,0.6795983862910224,0.0,0.00999000999000999,0.017922750381392707,False
2287,Enteric_glia,Pericyte,Testosterone,0.06558531,0.008764205403835174,0.49650363267042924,0.6757161428435308,0.0,0.002997002997002997,0.007184126848760995,False
2288,Enteric_glia,Pericyte,Trihydroxycoprostanoic acid,0.0,0.0,0.5,0.6757161428435308,0.0,0.000999000999000999,0.002733238922886596,False
2289,Enteric_glia,Pericyte,Ursocholic acid,0.0,0.0,0.5,0.6757161428435308,0.0,0.000999000999000999,0.002733238922886596,False
2290,Enteric_glia,Pericyte,Ursodeoxycholic acid,0.0,0.0,0.5,0.6757161428435308,0.0,0.000999000999000999,0.002733238922886596,False
2291,Enteric_glia,Pericyte,Ursodeoxycholic acid 3-sulfate,0.0,0.0,0.5,0.6757161428435308,0.0,0.000999000999000999,0.002733238922886596,False
2292,Enteric_glia,Pericyte,Varanic acid,0.0,0.0,0.5,0.6757161428435308,0.0,0.000999000999000999,0.002733238922886596,False
2293,Enteric_glia,Pericyte,Water,0.2393276,0.036929049590993045,0.48527078865771994,0.6757161428435308,0.0,0.022977022977022976,0.034070126007891215,False
2294,Enteric_glia,Pericyte,alpha-Ketoisovaleric acid,0.0,0.0,0.5,0.6757161428435308,0.0,0.000999000999000999,0.002733238922886596,False
2295,Enteric_glia,Plasma,"(3a,5b,7a)-23-Carboxy-7-hydroxy-24-norcholan-3-yl-b-D-Glucopyranosiduronic acid",0.05723626,0.005291494262871585,0.4978890090633034,0.6757161428435308,0.0,0.016983016983016984,0.026454476677359295,False
2296,Enteric_glia,Plasma,17a-Ethynylestradiol,0.5050005,0.04668731015839821,0.4813812221721512,0.6757161428435308,0.0,0.00999000999000999,0.017922750381392707,False
2297,Enteric_glia,Plasma,"1b,3a,12a-Trihydroxy-5b-cholanoic acid",0.05723626,0.005291494262871585,0.4978890090633034,0.6757161428435308,0.0,0.016983016983016984,0.026454476677359295,False
2298,Enteric_glia,Plasma,2-Hydroxychlorpropamide,0.18652335,0.009955879790560323,0.4960282442261622,0.6757161428435308,0.0,0.02097902097902098,0.031531192821515404,False
2299,Enteric_glia,Plasma,25-Hydroxycholesterol,-0.17632839,-0.016301565499534182,0.5065030956899891,0.6757161428435308,0.0,0.04795204795204795,0.061416897091912365,False
2300,Enteric_glia,Plasma,"3',4'-Dihydrodiol",0.5050005,0.04668731015839821,0.4813812221721512,0.6757161428435308,0.0,0.00999000999000999,0.017922750381392707,False
2301,Enteric_glia,Plasma,3-Sulfodeoxycholic acid,0.05723626,0.005291494262871585,0.4978890090633034,0.6757161428435308,0.0,0.016983016983016984,0.026454476677359295,False
2302,Enteric_glia,Plasma,"3alpha,7alpha-Dihydroxycoprostanic acid",0.05723626,0.005291494262871585,0.4978890090633034,0.6757161428435308,0.0,0.016983016983016984,0.026454476677359295,False
2303,Enteric_glia,Plasma,3b-Hydroxy-5-cholenoic acid,0.05723626,0.005291494262871585,0.4978890090633034,0.6757161428435308,0.0,0.016983016983016984,0.026454476677359295,False
2304,Enteric_glia,Plasma,4'-Hydroxydiclofenac,0.5050005,0.04668731015839821,0.4813812221721512,0.6757161428435308,0.0,0.00999000999000999,0.017922750381392707,False
2305,Enteric_glia,Plasma,4-Hydroxycyclophosphamide,0.5050005,0.04668731015839821,0.4813812221721512,0.6757161428435308,0.0,0.00999000999000999,0.017922750381392707,False
2306,Enteric_glia,Plasma,4-ene-Valproic acid,0.6335623,0.03381705521729864,0.4865115178136067,0.6757161428435308,0.0,0.012987012987012988,0.02170829436309107,False
2307,Enteric_glia,Plasma,5-Hydroxyomeprazole,1.3714368,0.05670193458421552,0.47739131646087274,0.6757161428435308,0.0,0.03696303696303696,0.050226291315079385,False
2308,Enteric_glia,Plasma,8-Hydroxycarvedilol,0.5050005,0.04668731015839821,0.4813812221721512,0.6757161428435308,0.0,0.00999000999000999,0.017922750381392707,False
2309,Enteric_glia,Plasma,Acetate,-3.7727883,-0.24663488579531428,0.5974045982859527,0.6795983862910224,0.0,0.022977022977022976,0.034070126007891215,False
2310,Enteric_glia,Plasma,Acetyl-L-Carnitine,0.6335623,0.05857285779872343,0.47664616494677486,0.6757161428435308,0.0,0.012987012987012988,0.02170829436309107,False
2311,Enteric_glia,Plasma,Adenosine diphosphate ribose,-1.6491345,-0.15246254000402756,0.5605889331316718,0.6757161428435308,0.0,0.15984015984015984,0.17826145485719955,False
2312,Enteric_glia,Plasma,Adenosine triphosphate,-3.6797915,-0.34019683994342353,0.6331458511090567,0.6842847504585009,0.0,0.1048951048951049,0.12130726416440701,False
2313,Enteric_glia,Plasma,Amiloride-sensitive sodium transport,0.0,0.0,0.5,0.6757161428435308,0.0,0.000999000999000999,0.002733238922886596,False
2314,Enteric_glia,Plasma,Anion exchange,-6.8700485,-0.36669606217707473,0.6430771279053646,0.689324324220304,0.0,0.08691308691308691,0.10243269939728625,False
2315,Enteric_glia,Plasma,Butyrate,0.0,0.0,0.5,0.6757161428435308,0.0,0.000999000999000999,0.002733238922886596,False
2316,Enteric_glia,Plasma,Chenodeoxycholic acid,0.05723626,0.005291494262871585,0.4978890090633034,0.6757161428435308,0.0,0.016983016983016984,0.026454476677359295,False
2317,Enteric_glia,Plasma,Chenodeoxycholic acid 3-sulfate,0.05723626,0.005291494262871585,0.4978890090633034,0.6757161428435308,0.0,0.016983016983016984,0.026454476677359295,False
2318,Enteric_glia,Plasma,Chloride,-1.883717,-0.17414969278980424,0.569126089686587,0.6757161428435308,0.0,0.06593406593406594,0.08059177511179066,False
2319,Enteric_glia,Plasma,Chloride ion,-1.1009429,-0.10178220249839949,0.5405352236872359,0.6757161428435308,0.0,0.030969030969030968,0.04302014240176784,False
2320,Enteric_glia,Plasma,Cholesterol,0.88705295,0.047347383910064274,0.48111818175258136,0.6757161428435308,0.0,0.014985014985014986,0.024255209535703617,False
2321,Enteric_glia,Plasma,Cholic acid,0.9893844,0.052809433139890095,0.4789418727157952,0.6757161428435308,0.0,0.03196803196803197,0.044261263719771314,False
2322,Enteric_glia,Plasma,Choline,0.6335623,0.05857285779872343,0.47664616494677486,0.6757161428435308,0.0,0.012987012987012988,0.02170829436309107,False
2323,Enteric_glia,Plasma,Citric acid,-3.7727883,-0.34879440044607285,0.6363781662318369,0.6855315406059692,0.0,0.022977022977022976,0.034070126007891215,False
2324,Enteric_glia,Plasma,Coprocholic acid,0.05723626,0.005291494262871585,0.4978890090633034,0.6757161428435308,0.0,0.016983016983016984,0.026454476677359295,False
2325,Enteric_glia,Plasma,Cortisol,0.88705295,0.047347383910064274,0.48111818175258136,0.6757161428435308,0.0,0.014985014985014986,0.024255209535703617,False
2326,Enteric_glia,Plasma,Creatine,0.6335623,0.05857285779872343,0.47664616494677486,0.6757161428435308,0.0,0.012987012987012988,0.02170829436309107,False
2327,Enteric_glia,Plasma,D-Lactate,0.0,0.0,0.5,0.6757161428435308,0.0,0.000999000999000999,0.002733238922886596,False
2328,Enteric_glia,Plasma,Deoxycholic acid,0.05723626,0.005291494262871585,0.4978890090633034,0.6757161428435308,0.0,0.016983016983016984,0.026454476677359295,False
2329,Enteric_glia,Plasma,Dopamine,0.6335623,0.05857285779872343,0.47664616494677486,0.6757161428435308,0.0,0.012987012987012988,0.02170829436309107,False
2330,Enteric_glia,Plasma,E-3179,0.5050005,0.04668731015839821,0.4813812221721512,0.6757161428435308,0.0,0.00999000999000999,0.017922750381392707,False
2331,Enteric_glia,Plasma,Estradiol,-2.8857355,-0.13339317121986322,0.5530587771380809,0.6757161428435308,0.0,0.03596403596403597,0.0489534270101247,False
2332,Enteric_glia,Plasma,Estriol,0.5050005,0.04668731015839821,0.4813812221721512,0.6757161428435308,0.0,0.00999000999000999,0.017922750381392707,False
2333,Enteric_glia,Plasma,Fatty acid,2.9888725,0.15953421329319364,0.436624002585361,0.6757161428435308,0.0,0.5534465534465535,0.5652181882089335,False
2334,Enteric_glia,Plasma,Folic acid,0.05723626,0.0037416514758862093,0.49850730051069786,0.6757161428435308,0.0,0.016983016983016984,0.026454476677359295,False
2335,Enteric_glia,Plasma,Folinic acid,0.05723626,0.005291494262871585,0.4978890090633034,0.6757161428435308,0.0,0.016983016983016984,0.026454476677359295,False
2336,Enteric_glia,Plasma,Glutathione,0.05723626,0.005291494262871585,0.4978890090633034,0.6757161428435308,0.0,0.016983016983016984,0.026454476677359295,False
2337,Enteric_glia,Plasma,Glycerol,0.5050005,0.04668731015839821,0.4813812221721512,0.6757161428435308,0.0,0.00999000999000999,0.017922750381392707,False
2338,Enteric_glia,Plasma,Glycochenodeoxycholate-3-sulfate,0.05723626,0.005291494262871585,0.4978890090633034,0.6757161428435308,0.0,0.016983016983016984,0.026454476677359295,False
2339,Enteric_glia,Plasma,Glycyl-glycine,0.0,0.0,0.5,0.6757161428435308,0.0,0.000999000999000999,0.002733238922886596,False
2340,Enteric_glia,Plasma,Histamine,0.6335623,0.05857285779872343,0.47664616494677486,0.6757161428435308,0.0,0.012987012987012988,0.02170829436309107,False
2341,Enteric_glia,Plasma,Hydroxylansoprazole,0.88705295,0.047347383910064274,0.48111818175258136,0.6757161428435308,0.0,0.014985014985014986,0.024255209535703617,False
2342,Enteric_glia,Plasma,Hyodeoxycholic acid,0.05723626,0.005291494262871585,0.4978890090633034,0.6757161428435308,0.0,0.016983016983016984,0.026454476677359295,False
2343,Enteric_glia,Plasma,Iron,10.708287,0.9899815054584761,0.16109157943970248,0.6757161428435308,33.64981,0.0899100899100899,0.1055495456391313,False
2344,Enteric_glia,Plasma,Isoursodeoxycholic acid,0.05723626,0.005291494262871585,0.4978890090633034,0.6757161428435308,0.0,0.016983016983016984,0.026454476677359295,False
2345,Enteric_glia,Plasma,Ketone bodies,0.0,0.0,0.5,0.6757161428435308,0.0,0.000999000999000999,0.002733238922886596,False
2346,Enteric_glia,Plasma,L-Arginine,0.0,0.0,0.5,0.6757161428435308,0.0,0.000999000999000999,0.002733238922886596,False
2347,Enteric_glia,Plasma,L-Carnitine,0.6335623,0.04141726494295269,0.48348162458617205,0.6757161428435308,0.0,0.012987012987012988,0.02170829436309107,False
2348,Enteric_glia,Plasma,L-Cystine,0.0,0.0,0.5,0.6757161428435308,0.0,0.000999000999000999,0.002733238922886596,False
2349,Enteric_glia,Plasma,L-Dopa,0.0,0.0,0.5,0.6757161428435308,0.0,0.000999000999000999,0.002733238922886596,False
2350,Enteric_glia,Plasma,L-Glutamate,0.0,0.0,0.5,0.6757161428435308,0.0,0.000999000999000999,0.002733238922886596,False
2351,Enteric_glia,Plasma,L-Lactate,0.0,0.0,0.5,0.6757161428435308,0.0,0.000999000999000999,0.002733238922886596,False
2352,Enteric_glia,Plasma,L-Lysine,0.0,0.0,0.5,0.6757161428435308,0.0,0.000999000999000999,0.002733238922886596,False
2353,Enteric_glia,Plasma,L-Ornithine,0.0,0.0,0.5,0.6757161428435308,0.0,0.000999000999000999,0.002733238922886596,False
2354,Enteric_glia,Plasma,Lithocholic acid,0.05723626,0.005291494262871585,0.4978890090633034,0.6757161428435308,0.0,0.016983016983016984,0.026454476677359295,False
2355,Enteric_glia,Plasma,N-Desmethylcitalopram,0.5050005,0.04668731015839821,0.4813812221721512,0.6757161428435308,0.0,0.00999000999000999,0.017922750381392707,False
2356,Enteric_glia,Plasma,N-Desmethyleletriptan,0.5050005,0.04668731015839821,0.4813812221721512,0.6757161428435308,0.0,0.00999000999000999,0.017922750381392707,False
2357,Enteric_glia,Plasma,N-Desmethyltamoxifen,0.88705295,0.047347383910064274,0.48111818175258136,0.6757161428435308,0.0,0.014985014985014986,0.024255209535703617,False
2358,Enteric_glia,Plasma,N-desmethylimatinib,0.88705295,0.047347383910064274,0.48111818175258136,0.6757161428435308,0.0,0.014985014985014986,0.024255209535703617,False
2359,Enteric_glia,Plasma,Neurotransmitter,0.0,0.0,0.5,0.6757161428435308,0.0,0.000999000999000999,0.002733238922886596,False
2360,Enteric_glia,Plasma,Nicotinate,-3.139226,-0.1451107713236747,0.5576882929897191,0.6757161428435308,0.0,0.03496503496503497,0.04777972407779056,False
2361,Enteric_glia,Plasma,Norepinephrine,0.6335623,0.05857285779872343,0.47664616494677486,0.6757161428435308,0.0,0.012987012987012988,0.02170829436309107,False
2362,Enteric_glia,Plasma,O-Deethylated candesartan,0.5050005,0.04668731015839821,0.4813812221721512,0.6757161428435308,0.0,0.00999000999000999,0.017922750381392707,False
2363,Enteric_glia,Plasma,O-Desmethylverapamil (D-702),2.7234566,0.07962098232773376,0.46826935335557396,0.6757161428435308,0.0,0.08191808191808192,0.0968906986206723,False
2364,Enteric_glia,Plasma,Oxalic acid,-3.7727883,-0.34879440044607285,0.6363781662318369,0.6855315406059692,0.0,0.022977022977022976,0.034070126007891215,False
2365,Enteric_glia,Plasma,Phosphate,0.0,0.0,0.5,0.6757161428435308,0.0,0.000999000999000999,0.002733238922886596,False
2366,Enteric_glia,Plasma,Progesterone,0.5050005,0.04668731015839821,0.4813812221721512,0.6757161428435308,0.0,0.00999000999000999,0.017922750381392707,False
2367,Enteric_glia,Plasma,Pyruvate,0.0,0.0,0.5,0.6757161428435308,0.0,0.000999000999000999,0.002733238922886596,False
2368,Enteric_glia,Plasma,Sodium,0.19435376,0.0103738362199973,0.49586151235026055,0.6757161428435308,0.0,0.05094905094905095,0.0646629399656034,False
2369,Enteric_glia,Plasma,Sodium_hydrogen exchange,1.1443588,0.06108135153133778,0.47564721036914187,0.6757161428435308,0.0,0.012987012987012988,0.02170829436309107,False
2370,Enteric_glia,Plasma,Sulfolithocholic acid,0.05723626,0.005291494262871585,0.4978890090633034,0.6757161428435308,0.0,0.016983016983016984,0.026454476677359295,False
2371,Enteric_glia,Plasma,Taurocholic acid,-1.9169674,-0.05907456602677164,0.5235536416881496,0.6757161428435308,0.0,0.07392607392607392,0.08918201093114786,False
2372,Enteric_glia,Plasma,Testosterone,0.88705295,0.041004037268850234,0.48364633864782197,0.6757161428435308,0.0,0.014985014985014986,0.024255209535703617,False
2373,Enteric_glia,Plasma,Trihydroxycoprostanoic acid,0.05723626,0.005291494262871585,0.4978890090633034,0.6757161428435308,0.0,0.016983016983016984,0.026454476677359295,False
2374,Enteric_glia,Plasma,Ursocholic acid,0.05723626,0.005291494262871585,0.4978890090633034,0.6757161428435308,0.0,0.016983016983016984,0.026454476677359295,False
2375,Enteric_glia,Plasma,Ursodeoxycholic acid,0.05723626,0.005291494262871585,0.4978890090633034,0.6757161428435308,0.0,0.016983016983016984,0.026454476677359295,False
2376,Enteric_glia,Plasma,Ursodeoxycholic acid 3-sulfate,0.05723626,0.005291494262871585,0.4978890090633034,0.6757161428435308,0.0,0.016983016983016984,0.026454476677359295,False
2377,Enteric_glia,Plasma,Varanic acid,0.05723626,0.005291494262871585,0.4978890090633034,0.6757161428435308,0.0,0.016983016983016984,0.026454476677359295,False
2378,Enteric_glia,Plasma,Water,0.39419264,0.021040446349442455,0.49160669564376647,0.6757161428435308,0.0,0.16583416583416583,0.18435788319139326,False
2379,Enteric_glia,Plasma,alpha-Ketoisovaleric acid,0.0,0.0,0.5,0.6757161428435308,0.0,0.000999000999000999,0.002733238922886596,False
2380,Enteric_glia,T,"(3a,5b,7a)-23-Carboxy-7-hydroxy-24-norcholan-3-yl-b-D-Glucopyranosiduronic acid",-0.695101,-0.12690750329627984,0.5504931960544306,0.6757161428435308,0.0,0.026973026973026972,0.03858547638397536,False
2381,Enteric_glia,T,17a-Ethynylestradiol,0.3484562,0.06361910773306866,0.4746367583955114,0.6757161428435308,0.0,0.016983016983016984,0.026454476677359295,False
2382,Enteric_glia,T,"1b,3a,12a-Trihydroxy-5b-cholanoic acid",-0.695101,-0.12690750329627984,0.5504931960544306,0.6757161428435308,0.0,0.026973026973026972,0.03858547638397536,False
2383,Enteric_glia,T,2-Hydroxychlorpropamide,0.5496375,0.05793687920941335,0.47689945354253,0.6757161428435308,0.0,0.02197802197802198,0.03289121062140334,False
2384,Enteric_glia,T,25-Hydroxycholesterol,-0.70991564,-0.12961226961394132,0.5515634023048309,0.6757161428435308,0.0,0.06593406593406594,0.08059177511179066,False
2385,Enteric_glia,T,"3',4'-Dihydrodiol",0.3484562,0.06361910773306866,0.4746367583955114,0.6757161428435308,0.0,0.016983016983016984,0.026454476677359295,False
2386,Enteric_glia,T,3-Sulfodeoxycholic acid,-0.695101,-0.12690750329627984,0.5504931960544306,0.6757161428435308,0.0,0.026973026973026972,0.03858547638397536,False
2387,Enteric_glia,T,"3alpha,7alpha-Dihydroxycoprostanic acid",-0.695101,-0.12690750329627984,0.5504931960544306,0.6757161428435308,0.0,0.026973026973026972,0.03858547638397536,False
2388,Enteric_glia,T,3b-Hydroxy-5-cholenoic acid,-0.695101,-0.12690750329627984,0.5504931960544306,0.6757161428435308,0.0,0.026973026973026972,0.03858547638397536,False
2389,Enteric_glia,T,4'-Hydroxydiclofenac,0.3484562,0.06361910773306866,0.4746367583955114,0.6757161428435308,0.0,0.016983016983016984,0.026454476677359295,False
2390,Enteric_glia,T,4-Hydroxycyclophosphamide,0.3484562,0.06361910773306866,0.4746367583955114,0.6757161428435308,0.0,0.016983016983016984,0.026454476677359295,False
2391,Enteric_glia,T,4-ene-Valproic acid,47.7883,5.037329070591725,2.3603639934007335e-07,3.806843466279645e-05,15.275636,0.001998001998001998,0.005057316928544293,True
2392,Enteric_glia,T,5-Hydroxyomeprazole,0.0553357,0.00451814102712334,0.4981975286479539,0.6757161428435308,0.0,0.054945054945054944,0.06925939791671254,False
2393,Enteric_glia,T,8-Hydroxycarvedilol,0.3484562,0.06361910773306866,0.4746367583955114,0.6757161428435308,0.0,0.016983016983016984,0.026454476677359295,False
2394,Enteric_glia,T,Acetate,-0.43953222,-0.056743365652995224,0.5226251855755063,0.6757161428435308,0.0,0.012987012987012988,0.02170829436309107,False
2395,Enteric_glia,T,Acetyl-L-Carnitine,47.7883,8.72490988470858,1.3319634168627885e-18,4.18902494603347e-16,15.275636,0.001998001998001998,0.005057316928544293,True
2396,Enteric_glia,T,Adenosine diphosphate ribose,-1.5873926,-0.28981690581061825,0.6140218431446266,0.6800205699783143,0.0,0.00999000999000999,0.017922750381392707,False
2397,Enteric_glia,T,Adenosine triphosphate,26.255194,4.7935206156046455,8.193980496715764e-07,8.44920284005609e-05,24.708208,0.004995004995004995,0.010650366582569973,True
2398,Enteric_glia,T,Amiloride-sensitive sodium transport,0.0,0.0,0.5,0.6757161428435308,0.0,0.000999000999000999,0.002733238922886596,False
2399,Enteric_glia,T,Anion exchange,0.059241116,0.006244561927952394,0.49750879641492723,0.6757161428435308,0.0,0.06593406593406594,0.08059177511179066,False
2400,Enteric_glia,T,Butyrate,0.0,0.0,0.5,0.6757161428435308,0.0,0.000999000999000999,0.002733238922886596,False
2401,Enteric_glia,T,Chenodeoxycholic acid,-0.695101,-0.12690750329627984,0.5504931960544306,0.6757161428435308,0.0,0.026973026973026972,0.03858547638397536,False
2402,Enteric_glia,T,Chenodeoxycholic acid 3-sulfate,-0.695101,-0.12690750329627984,0.5504931960544306,0.6757161428435308,0.0,0.026973026973026972,0.03858547638397536,False
2403,Enteric_glia,T,Chloride,-0.32947275,-0.06015321916374261,0.52398319804887,0.6757161428435308,0.0,0.02097902097902098,0.031531192821515404,False
2404,Enteric_glia,T,Chloride ion,0.4569586,0.08342884288341708,0.4667552775727881,0.6757161428435308,0.0,0.03296703296703297,0.04551418730523208,False
2405,Enteric_glia,T,Cholesterol,0.49071285,0.051725676239301285,0.47937363897050717,0.6757161428435308,0.0,0.01998001998001998,0.030239250643485482,False
2406,Enteric_glia,T,Cholic acid,-0.08692092,-0.009162269137947968,0.5036551654033377,0.6757161428435308,0.0,0.05194805194805195,0.06578482922352462,False
2407,Enteric_glia,T,Choline,47.7883,8.72490988470858,1.3319634168627885e-18,4.18902494603347e-16,15.275636,0.001998001998001998,0.005057316928544293,True
2408,Enteric_glia,T,Citric acid,-0.43953222,-0.08024723728116151,0.5319796893229908,0.6757161428435308,0.0,0.012987012987012988,0.02170829436309107,False
2409,Enteric_glia,T,Coprocholic acid,-0.695101,-0.12690750329627984,0.5504931960544306,0.6757161428435308,0.0,0.026973026973026972,0.03858547638397536,False
2410,Enteric_glia,T,Cortisol,0.49071285,0.051725676239301285,0.47937363897050717,0.6757161428435308,0.0,0.01998001998001998,0.030239250643485482,False
2411,Enteric_glia,T,Creatine,47.7883,8.72490988470858,1.3319634168627885e-18,4.18902494603347e-16,15.275636,0.001998001998001998,0.005057316928544293,True
2412,Enteric_glia,T,D-Lactate,0.0,0.0,0.5,0.6757161428435308,0.0,0.000999000999000999,0.002733238922886596,False
2413,Enteric_glia,T,Deoxycholic acid,-0.695101,-0.12690750329627984,0.5504931960544306,0.6757161428435308,0.0,0.026973026973026972,0.03858547638397536,False
2414,Enteric_glia,T,Dopamine,47.7883,8.72490988470858,1.3319634168627885e-18,4.18902494603347e-16,15.275636,0.001998001998001998,0.005057316928544293,True
2415,Enteric_glia,T,E-3179,0.3484562,0.06361910773306866,0.4746367583955114,0.6757161428435308,0.0,0.016983016983016984,0.026454476677359295,False
2416,Enteric_glia,T,Estradiol,0.05118063,0.004672131010583289,0.4981360961814393,0.6757161428435308,0.0,0.03196803196803197,0.044261263719771314,False
2417,Enteric_glia,T,Estriol,0.3484562,0.06361910773306866,0.4746367583955114,0.6757161428435308,0.0,0.016983016983016984,0.026454476677359295,False
2418,Enteric_glia,T,Fatty acid,2.1152384,0.2229657075720138,0.4117810980325145,0.6757161428435308,0.0,0.32967032967032966,0.34595034595034596,False
2419,Enteric_glia,T,Folic acid,-0.695101,-0.08973715616425361,0.5357519556541137,0.6757161428435308,0.0,0.026973026973026972,0.03858547638397536,False
2420,Enteric_glia,T,Folinic acid,-0.695101,-0.12690750329627984,0.5504931960544306,0.6757161428435308,0.0,0.026973026973026972,0.03858547638397536,False
2421,Enteric_glia,T,Glutathione,-0.695101,-0.12690750329627984,0.5504931960544306,0.6757161428435308,0.0,0.026973026973026972,0.03858547638397536,False
2422,Enteric_glia,T,Glycerol,0.3484562,0.06361910773306866,0.4746367583955114,0.6757161428435308,0.0,0.016983016983016984,0.026454476677359295,False
2423,Enteric_glia,T,Glycochenodeoxycholate-3-sulfate,-0.695101,-0.12690750329627984,0.5504931960544306,0.6757161428435308,0.0,0.026973026973026972,0.03858547638397536,False
2424,Enteric_glia,T,Glycyl-glycine,0.0,0.0,0.5,0.6757161428435308,0.0,0.000999000999000999,0.002733238922886596,False
2425,Enteric_glia,T,Histamine,47.7883,8.72490988470858,1.3319634168627885e-18,4.18902494603347e-16,15.275636,0.001998001998001998,0.005057316928544293,True
2426,Enteric_glia,T,Hydroxylansoprazole,0.49071285,0.051725676239301285,0.47937363897050717,0.6757161428435308,0.0,0.01998001998001998,0.030239250643485482,False
2427,Enteric_glia,T,Hyodeoxycholic acid,-0.695101,-0.12690750329627984,0.5504931960544306,0.6757161428435308,0.0,0.026973026973026972,0.03858547638397536,False
2428,Enteric_glia,T,Iron,0.54395276,0.09931173285216875,0.4604453815013442,0.6757161428435308,0.0,0.1048951048951049,0.12130726416440701,False
2429,Enteric_glia,T,Isoursodeoxycholic acid,-0.695101,-0.12690750329627984,0.5504931960544306,0.6757161428435308,0.0,0.026973026973026972,0.03858547638397536,False
2430,Enteric_glia,T,Ketone bodies,0.0,0.0,0.5,0.6757161428435308,0.0,0.000999000999000999,0.002733238922886596,False
2431,Enteric_glia,T,L-Arginine,0.0,0.0,0.5,0.6757161428435308,0.0,0.000999000999000999,0.002733238922886596,False
2432,Enteric_glia,T,L-Carnitine,47.7883,6.169442944718975,3.426549951605603e-10,6.157999770171213e-08,15.275636,0.001998001998001998,0.005057316928544293,True
2433,Enteric_glia,T,L-Cystine,0.0,0.0,0.5,0.6757161428435308,0.0,0.000999000999000999,0.002733238922886596,False
2434,Enteric_glia,T,L-Dopa,0.0,0.0,0.5,0.6757161428435308,0.0,0.000999000999000999,0.002733238922886596,False
2435,Enteric_glia,T,L-Glutamate,0.0,0.0,0.5,0.6757161428435308,0.0,0.000999000999000999,0.002733238922886596,False
2436,Enteric_glia,T,L-Lactate,0.0,0.0,0.5,0.6757161428435308,0.0,0.000999000999000999,0.002733238922886596,False
2437,Enteric_glia,T,L-Lysine,0.0,0.0,0.5,0.6757161428435308,0.0,0.000999000999000999,0.002733238922886596,False
2438,Enteric_glia,T,L-Ornithine,0.0,0.0,0.5,0.6757161428435308,0.0,0.000999000999000999,0.002733238922886596,False
2439,Enteric_glia,T,Lithocholic acid,-0.695101,-0.12690750329627984,0.5504931960544306,0.6757161428435308,0.0,0.026973026973026972,0.03858547638397536,False
2440,Enteric_glia,T,N-Desmethylcitalopram,0.3484562,0.06361910773306866,0.4746367583955114,0.6757161428435308,0.0,0.016983016983016984,0.026454476677359295,False
2441,Enteric_glia,T,N-Desmethyleletriptan,0.3484562,0.06361910773306866,0.4746367583955114,0.6757161428435308,0.0,0.016983016983016984,0.026454476677359295,False
2442,Enteric_glia,T,N-Desmethyltamoxifen,0.49071285,0.051725676239301285,0.47937363897050717,0.6757161428435308,0.0,0.01998001998001998,0.030239250643485482,False
2443,Enteric_glia,T,N-desmethylimatinib,0.49071285,0.051725676239301285,0.47937363897050717,0.6757161428435308,0.0,0.01998001998001998,0.030239250643485482,False
2444,Enteric_glia,T,Neurotransmitter,0.0,0.0,0.5,0.6757161428435308,0.0,0.000999000999000999,0.002733238922886596,False
2445,Enteric_glia,T,Nicotinate,47.348766,4.322331231214418,7.719458628774081e-06,0.0007470060734613689,15.275636,0.012987012987012988,0.02170829436309107,True
2446,Enteric_glia,T,Norepinephrine,47.7883,8.72490988470858,1.3319634168627885e-18,4.18902494603347e-16,15.275636,0.001998001998001998,0.005057316928544293,True
2447,Enteric_glia,T,O-Deethylated candesartan,0.3484562,0.06361910773306866,0.4746367583955114,0.6757161428435308,0.0,0.016983016983016984,0.026454476677359295,False
2448,Enteric_glia,T,O-Desmethylverapamil (D-702),42.82206,2.4723327655412772,0.006711725098281606,0.4397578215436594,15.275636,0.061938061938061936,0.07654035551874451,False
2449,Enteric_glia,T,Oxalic acid,-0.43953222,-0.08024723728116151,0.5319796893229908,0.6757161428435308,0.0,0.012987012987012988,0.02170829436309107,False
2450,Enteric_glia,T,Phosphate,0.0,0.0,0.5,0.6757161428435308,0.0,0.000999000999000999,0.002733238922886596,False
2451,Enteric_glia,T,Progesterone,0.3484562,0.06361910773306866,0.4746367583955114,0.6757161428435308,0.0,0.016983016983016984,0.026454476677359295,False
2452,Enteric_glia,T,Pyruvate,0.0,0.0,0.5,0.6757161428435308,0.0,0.000999000999000999,0.002733238922886596,False
2453,Enteric_glia,T,Sodium,48.477562,5.109983705869179,1.610932988930575e-07,2.6665180264140308e-05,15.275636,0.030969030969030968,0.04302014240176784,True
2454,Enteric_glia,T,Sodium_hydrogen exchange,-0.17849657,-0.01881519046049033,0.5075057321334357,0.6757161428435308,0.0,0.014985014985014986,0.024255209535703617,False
2455,Enteric_glia,T,Sulfolithocholic acid,-0.695101,-0.12690750329627984,0.5504931960544306,0.6757161428435308,0.0,0.026973026973026972,0.03858547638397536,False
2456,Enteric_glia,T,Taurocholic acid,-2.6600363,-0.16188465547052214,0.5643016567063313,0.6757161428435308,0.0,0.08691308691308691,0.10243269939728625,False
2457,Enteric_glia,T,Testosterone,0.49071285,0.04479574965116404,0.4821350564904272,0.6757161428435308,0.0,0.01998001998001998,0.030239250643485482,False
2458,Enteric_glia,T,Trihydroxycoprostanoic acid,-0.695101,-0.12690750329627984,0.5504931960544306,0.6757161428435308,0.0,0.026973026973026972,0.03858547638397536,False
2459,Enteric_glia,T,Ursocholic acid,-0.695101,-0.12690750329627984,0.5504931960544306,0.6757161428435308,0.0,0.026973026973026972,0.03858547638397536,False
2460,Enteric_glia,T,Ursodeoxycholic acid,-0.695101,-0.12690750329627984,0.5504931960544306,0.6757161428435308,0.0,0.026973026973026972,0.03858547638397536,False
2461,Enteric_glia,T,Ursodeoxycholic acid 3-sulfate,-0.695101,-0.12690750329627984,0.5504931960544306,0.6757161428435308,0.0,0.026973026973026972,0.03858547638397536,False
2462,Enteric_glia,T,Varanic acid,-0.695101,-0.12690750329627984,0.5504931960544306,0.6757161428435308,0.0,0.026973026973026972,0.03858547638397536,False
2463,Enteric_glia,T,Water,-0.8390937,-0.08844824051128894,0.5352397894404344,0.6757161428435308,0.0,0.04195804195804196,0.05543290987525392,False
2464,Enteric_glia,T,alpha-Ketoisovaleric acid,0.0,0.0,0.5,0.6757161428435308,0.0,0.000999000999000999,0.002733238922886596,False
2465,Fibroblast,Fibroblast,"(3a,5b,7a)-23-Carboxy-7-hydroxy-24-norcholan-3-yl-b-D-Glucopyranosiduronic acid",-0.406543,-0.015601687910420402,0.5062239204552255,0.6757161428435308,0.0,0.005994005994005994,0.012076328540133793,False
2466,Fibroblast,Fibroblast,17a-Ethynylestradiol,-3.1131113,-0.11947024513498096,0.5475485939417596,0.6757161428435308,0.0,0.06393606393606394,0.07850045718482182,False
2467,Fibroblast,Fibroblast,"1b,3a,12a-Trihydroxy-5b-cholanoic acid",-0.406543,-0.015601687910420402,0.5062239204552255,0.6757161428435308,0.0,0.005994005994005994,0.012076328540133793,False
2468,Fibroblast,Fibroblast,2-Hydroxychlorpropamide,-3.1131113,-0.06897617818883184,0.5274957093103321,0.6757161428435308,0.0,0.06393606393606394,0.07850045718482182,False
2469,Fibroblast,Fibroblast,25-Hydroxycholesterol,27.886889,1.070200558218025,0.14226452157953118,0.6757161428435308,116.174904,0.2597402597402597,0.2779459397356641,False
2470,Fibroblast,Fibroblast,"3',4'-Dihydrodiol",-3.1131113,-0.11947024513498096,0.5475485939417596,0.6757161428435308,0.0,0.06393606393606394,0.07850045718482182,False
2471,Fibroblast,Fibroblast,3-Sulfodeoxycholic acid,-0.406543,-0.015601687910420402,0.5062239204552255,0.6757161428435308,0.0,0.005994005994005994,0.012076328540133793,False
2472,Fibroblast,Fibroblast,"3alpha,7alpha-Dihydroxycoprostanic acid",-0.406543,-0.015601687910420402,0.5062239204552255,0.6757161428435308,0.0,0.005994005994005994,0.012076328540133793,False
2473,Fibroblast,Fibroblast,3b-Hydroxy-5-cholenoic acid,-0.406543,-0.015601687910420402,0.5062239204552255,0.6757161428435308,0.0,0.005994005994005994,0.012076328540133793,False
2474,Fibroblast,Fibroblast,4'-Hydroxydiclofenac,-3.1131113,-0.11947024513498096,0.5475485939417596,0.6757161428435308,0.0,0.06393606393606394,0.07850045718482182,False
2475,Fibroblast,Fibroblast,4-Hydroxycyclophosphamide,-3.1131113,-0.11947024513498096,0.5475485939417596,0.6757161428435308,0.0,0.06393606393606394,0.07850045718482182,False
2476,Fibroblast,Fibroblast,4-ene-Valproic acid,294.6138,6.527660686637127,3.3402411496582195e-11,6.179446126867706e-09,46.863194,0.022977022977022976,0.034070126007891215,True
2477,Fibroblast,Fibroblast,5-Hydroxyomeprazole,-8.717735,-0.14961798049399144,0.5594669892569606,0.6757161428435308,0.0,0.12387612387612387,0.14169500257879963,False
2478,Fibroblast,Fibroblast,8-Hydroxycarvedilol,-3.1131113,-0.11947024513498096,0.5475485939417596,0.6757161428435308,0.0,0.06393606393606394,0.07850045718482182,False
2479,Fibroblast,Fibroblast,Acetate,10.183658,0.27634646011768615,0.3911409873275635,0.6757161428435308,124.3192,0.11388611388611389,0.13124654751624337,False
2480,Fibroblast,Fibroblast,Acetyl-L-Carnitine,304.80887,11.697490778619574,6.563903739280143e-32,4.1286954520072096e-29,46.863194,0.002997002997002997,0.007184126848760995,True
2481,Fibroblast,Fibroblast,Adenosine diphosphate ribose,-4.5750394,-0.17557389756341044,0.5696856447534568,0.6757161428435308,0.0,0.07792207792207792,0.09296848826439115,False
2482,Fibroblast,Fibroblast,Adenosine triphosphate,-14.247198,-0.546757282106239,0.7077272527124473,0.7356666219739031,0.0,0.6083916083916084,0.6178209907625472,False
2483,Fibroblast,Fibroblast,Amiloride-sensitive sodium transport,-2.2296321,-0.08556542834294163,0.5340940590908042,0.6757161428435308,0.0,0.04495504495504495,0.058374738391253664,False
2484,Fibroblast,Fibroblast,Anion exchange,39.87307,0.8834544407136925,0.18849539385718878,0.6757161428435308,90.21541,0.12187812187812187,0.13979091659616824,False
2485,Fibroblast,Fibroblast,Butyrate,-3.879308,-0.1488741768653818,0.5591735410055635,0.6757161428435308,0.0,0.07092907092907093,0.085995346211229,False
2486,Fibroblast,Fibroblast,Chenodeoxycholic acid,-0.406543,-0.015601687910420402,0.5062239204552255,0.6757161428435308,0.0,0.005994005994005994,0.012076328540133793,False
2487,Fibroblast,Fibroblast,Chenodeoxycholic acid 3-sulfate,-0.406543,-0.015601687910420402,0.5062239204552255,0.6757161428435308,0.0,0.005994005994005994,0.012076328540133793,False
2488,Fibroblast,Fibroblast,Chloride,-11.300905,-0.43368893884539694,0.6677428300112975,0.7049517288974592,0.0,0.1848151848151848,0.2030191254780846,False
2489,Fibroblast,Fibroblast,Chloride ion,0.25737342,0.009877085436273492,0.4960596770799976,0.6757161428435308,0.0,0.17782217782217782,0.19653865726612169,False
2490,Fibroblast,Fibroblast,Cholesterol,-7.437031,-0.1647798355669183,0.5654413620222696,0.6757161428435308,0.0,0.0919080919080919,0.10769409428127759,False
2491,Fibroblast,Fibroblast,Cholic acid,-4.3938165,-0.09735234071840373,0.5387767042623945,0.6757161428435308,0.0,0.0959040959040959,0.11202168305232373,False
2492,Fibroblast,Fibroblast,Choline,304.80887,11.697490778619574,6.563903739280143e-32,4.1286954520072096e-29,46.863194,0.002997002997002997,0.007184126848760995,True
2493,Fibroblast,Fibroblast,Citric acid,14.062965,0.5396870795279438,0.29470642594259805,0.6757161428435308,124.3192,0.1038961038961039,0.12021826591363016,False
2494,Fibroblast,Fibroblast,Coprocholic acid,-0.406543,-0.015601687910420402,0.5062239204552255,0.6757161428435308,0.0,0.005994005994005994,0.012076328540133793,False
2495,Fibroblast,Fibroblast,Cortisol,-7.437031,-0.1647798355669183,0.5654413620222696,0.6757161428435308,0.0,0.0919080919080919,0.10769409428127759,False
2496,Fibroblast,Fibroblast,Creatine,304.80887,11.697490778619574,6.563903739280143e-32,4.1286954520072096e-29,46.863194,0.002997002997002997,0.007184126848760995,True
2497,Fibroblast,Fibroblast,D-Lactate,-3.879308,-0.1488741768653818,0.5591735410055635,0.6757161428435308,0.0,0.07092907092907093,0.085995346211229,False
2498,Fibroblast,Fibroblast,Deoxycholic acid,-0.406543,-0.015601687910420402,0.5062239204552255,0.6757161428435308,0.0,0.005994005994005994,0.012076328540133793,False
2499,Fibroblast,Fibroblast,Dopamine,304.80887,11.697490778619574,6.563903739280143e-32,4.1286954520072096e-29,46.863194,0.002997002997002997,0.007184126848760995,True
2500,Fibroblast,Fibroblast,E-3179,-3.1131113,-0.11947024513498096,0.5475485939417596,0.6757161428435308,0.0,0.06393606393606394,0.07850045718482182,False
2501,Fibroblast,Fibroblast,Estradiol,6.6259346,0.1271400161315981,0.449414790071021,0.6757161428435308,124.3192,0.11888111888111888,0.1365775776734681,False
2502,Fibroblast,Fibroblast,Estriol,-3.1131113,-0.11947024513498096,0.5475485939417596,0.6757161428435308,0.0,0.06393606393606394,0.07850045718482182,False
2503,Fibroblast,Fibroblast,Fatty acid,17.740135,0.39306231770181804,0.34713672744062196,0.6757161428435308,178.63312,0.5964035964035964,0.6067246678600391,False
2504,Fibroblast,Fibroblast,Folic acid,-2.0345943,-0.0552112955285349,0.5220149349337326,0.6757161428435308,0.0,0.008991008991008992,0.016702140151638085,False
2505,Fibroblast,Fibroblast,Folinic acid,-0.406543,-0.015601687910420402,0.5062239204552255,0.6757161428435308,0.0,0.005994005994005994,0.012076328540133793,False
2506,Fibroblast,Fibroblast,Glutathione,-0.406543,-0.015601687910420402,0.5062239204552255,0.6757161428435308,0.0,0.005994005994005994,0.012076328540133793,False
2507,Fibroblast,Fibroblast,Glycerol,-3.1131113,-0.11947024513498096,0.5475485939417596,0.6757161428435308,0.0,0.06393606393606394,0.07850045718482182,False
2508,Fibroblast,Fibroblast,Glycochenodeoxycholate-3-sulfate,-0.406543,-0.015601687910420402,0.5062239204552255,0.6757161428435308,0.0,0.005994005994005994,0.012076328540133793,False
2509,Fibroblast,Fibroblast,Glycyl-glycine,0.0,0.0,0.5,0.6757161428435308,0.0,0.000999000999000999,0.002733238922886596,False
2510,Fibroblast,Fibroblast,Histamine,304.80887,11.697490778619574,6.563903739280143e-32,4.1286954520072096e-29,46.863194,0.002997002997002997,0.007184126848760995,True
2511,Fibroblast,Fibroblast,Hydroxylansoprazole,-7.437031,-0.1647798355669183,0.5654413620222696,0.6757161428435308,0.0,0.0919080919080919,0.10769409428127759,False
2512,Fibroblast,Fibroblast,Hyodeoxycholic acid,-0.406543,-0.015601687910420402,0.5062239204552255,0.6757161428435308,0.0,0.005994005994005994,0.012076328540133793,False
2513,Fibroblast,Fibroblast,Iron,-8.722076,-0.3347225721468289,0.6310828137052347,0.6827504124881194,137.94983,0.32167832167832167,0.3379583503184639,False
2514,Fibroblast,Fibroblast,Isoursodeoxycholic acid,-0.406543,-0.015601687910420402,0.5062239204552255,0.6757161428435308,0.0,0.005994005994005994,0.012076328540133793,False
2515,Fibroblast,Fibroblast,Ketone bodies,-3.879308,-0.1488741768653818,0.5591735410055635,0.6757161428435308,0.0,0.07092907092907093,0.085995346211229,False
2516,Fibroblast,Fibroblast,L-Arginine,-5.474069,-0.21007549212585117,0.5831956234378282,0.6784354487560457,0.0,0.000999000999000999,0.002733238922886596,False
2517,Fibroblast,Fibroblast,L-Carnitine,304.78983,8.270858297331083,6.64990241590752e-17,1.9012675543662865e-14,46.863194,0.004995004995004995,0.010650366582569973,True
2518,Fibroblast,Fibroblast,L-Cystine,-5.474069,-0.21007549212585117,0.5831956234378282,0.6784354487560457,0.0,0.000999000999000999,0.002733238922886596,False
2519,Fibroblast,Fibroblast,L-Dopa,0.0,0.0,0.5,0.6757161428435308,0.0,0.000999000999000999,0.002733238922886596,False
2520,Fibroblast,Fibroblast,L-Glutamate,-8.402799,-0.22802059372178665,0.5901848846352444,0.6795983862910224,0.0,0.15084915084915085,0.16964798119813318,False
2521,Fibroblast,Fibroblast,L-Lactate,-3.879308,-0.1488741768653818,0.5591735410055635,0.6757161428435308,0.0,0.07092907092907093,0.085995346211229,False
2522,Fibroblast,Fibroblast,L-Lysine,-5.474069,-0.21007549212585117,0.5831956234378282,0.6784354487560457,0.0,0.000999000999000999,0.002733238922886596,False
2523,Fibroblast,Fibroblast,L-Ornithine,-5.474069,-0.21007549212585117,0.5831956234378282,0.6784354487560457,0.0,0.000999000999000999,0.002733238922886596,False
2524,Fibroblast,Fibroblast,Lithocholic acid,-0.406543,-0.015601687910420402,0.5062239204552255,0.6757161428435308,0.0,0.005994005994005994,0.012076328540133793,False
2525,Fibroblast,Fibroblast,N-Desmethylcitalopram,-3.1131113,-0.11947024513498096,0.5475485939417596,0.6757161428435308,0.0,0.06393606393606394,0.07850045718482182,False
2526,Fibroblast,Fibroblast,N-Desmethyleletriptan,-3.1131113,-0.11947024513498096,0.5475485939417596,0.6757161428435308,0.0,0.06393606393606394,0.07850045718482182,False
2527,Fibroblast,Fibroblast,N-Desmethyltamoxifen,-7.437031,-0.1647798355669183,0.5654413620222696,0.6757161428435308,0.0,0.0919080919080919,0.10769409428127759,False
2528,Fibroblast,Fibroblast,N-desmethylimatinib,-7.437031,-0.1647798355669183,0.5654413620222696,0.6757161428435308,0.0,0.0919080919080919,0.10769409428127759,False
2529,Fibroblast,Fibroblast,Neurotransmitter,0.07236117,0.0027769668835280026,0.4988921519227563,0.6757161428435308,0.0,0.03996003996003996,0.05324055313464337,False
2530,Fibroblast,Fibroblast,Nicotinate,308.67676,5.922963375282051,1.580956419313367e-09,2.7622821881891884e-07,171.18239,0.03196803196803197,0.044261263719771314,True
2531,Fibroblast,Fibroblast,Norepinephrine,304.80887,11.697490778619574,6.563903739280143e-32,4.1286954520072096e-29,46.863194,0.002997002997002997,0.007184126848760995,True
2532,Fibroblast,Fibroblast,O-Deethylated candesartan,-3.1131113,-0.11947024513498096,0.5475485939417596,0.6757161428435308,0.0,0.06393606393606394,0.07850045718482182,False
2533,Fibroblast,Fibroblast,O-Desmethylverapamil (D-702),284.97482,3.4583711963549173,0.0002717260302081117,0.02034710392867884,46.863194,0.016983016983016984,0.026454476677359295,True
2534,Fibroblast,Fibroblast,Oxalic acid,14.062965,0.5396870795279438,0.29470642594259805,0.6757161428435308,124.3192,0.1038961038961039,0.12021826591363016,False
2535,Fibroblast,Fibroblast,Phosphate,-7.7769914,-0.29845353673579816,0.617321483340814,0.6800205699783143,0.0,0.003996003996003996,0.008992796112653,False
2536,Fibroblast,Fibroblast,Progesterone,-3.1131113,-0.11947024513498096,0.5475485939417596,0.6757161428435308,0.0,0.06393606393606394,0.07850045718482182,False
2537,Fibroblast,Fibroblast,Pyruvate,-3.879308,-0.1488741768653818,0.5591735410055635,0.6757161428435308,0.0,0.07092907092907093,0.085995346211229,False
2538,Fibroblast,Fibroblast,Sodium,305.06625,6.759252249961744,6.935286077745519e-12,1.3632171696568536e-09,46.863194,0.025974025974025976,0.03748889935213937,True
2539,Fibroblast,Fibroblast,Sodium_hydrogen exchange,-9.109894,-0.20184490882706105,0.5799810140654447,0.6774522894097766,0.0,0.2957042957042957,0.3132334152879791,False
2540,Fibroblast,Fibroblast,Sulfolithocholic acid,-0.406543,-0.015601687910420402,0.5062239204552255,0.6757161428435308,0.0,0.005994005994005994,0.012076328540133793,False
2541,Fibroblast,Fibroblast,Taurocholic acid,-1.0554657,-0.013501685320392283,0.5053862294829107,0.6757161428435308,124.3192,0.14785214785214784,0.16681435156771476,False
2542,Fibroblast,Fibroblast,Testosterone,-9.064276,-0.1739274884875861,0.5690387754096544,0.6757161428435308,0.0,0.1008991008991009,0.11731152396586776,False
2543,Fibroblast,Fibroblast,Trihydroxycoprostanoic acid,-0.406543,-0.015601687910420402,0.5062239204552255,0.6757161428435308,0.0,0.005994005994005994,0.012076328540133793,False
2544,Fibroblast,Fibroblast,Ursocholic acid,-0.406543,-0.015601687910420402,0.5062239204552255,0.6757161428435308,0.0,0.005994005994005994,0.012076328540133793,False
2545,Fibroblast,Fibroblast,Ursodeoxycholic acid,-0.406543,-0.015601687910420402,0.5062239204552255,0.6757161428435308,0.0,0.005994005994005994,0.012076328540133793,False
2546,Fibroblast,Fibroblast,Ursodeoxycholic acid 3-sulfate,-0.406543,-0.015601687910420402,0.5062239204552255,0.6757161428435308,0.0,0.005994005994005994,0.012076328540133793,False
2547,Fibroblast,Fibroblast,Varanic acid,-0.406543,-0.015601687910420402,0.5062239204552255,0.6757161428435308,0.0,0.005994005994005994,0.012076328540133793,False
2548,Fibroblast,Fibroblast,Water,-29.046871,-0.6435819336184813,0.7400767156911938,0.7617546296346931,0.0,0.14685314685314685,0.16577643462065572,False
2549,Fibroblast,Fibroblast,alpha-Ketoisovaleric acid,-3.879308,-0.1488741768653818,0.5591735410055635,0.6757161428435308,0.0,0.07092907092907093,0.085995346211229,False
2550,Fibroblast,IEC,"(3a,5b,7a)-23-Carboxy-7-hydroxy-24-norcholan-3-yl-b-D-Glucopyranosiduronic acid",-10.906315,-0.2996195116755681,0.6177663002991707,0.6800205699783143,11.284324,0.2837162837162837,0.3009402065051306,False
2551,Fibroblast,IEC,17a-Ethynylestradiol,-23.320728,-0.6406696782514282,0.7391313407764462,0.7610306324249216,0.0,0.5414585414585414,0.5537844269551587,False
2552,Fibroblast,IEC,"1b,3a,12a-Trihydroxy-5b-cholanoic acid",-10.906315,-0.2996195116755681,0.6177663002991707,0.6800205699783143,11.284324,0.2837162837162837,0.3009402065051306,False
2553,Fibroblast,IEC,2-Hydroxychlorpropamide,-38.50625,-0.610748828249172,0.7293170624649133,0.7547555648082107,0.0,0.5624375624375625,0.5739345015788884,False
2554,Fibroblast,IEC,25-Hydroxycholesterol,13.648442,0.37495154540092895,0.35384825158045474,0.6757161428435308,58.519592,0.25074925074925075,0.26914893979740395,False
2555,Fibroblast,IEC,"3',4'-Dihydrodiol",-23.320728,-0.6406696782514282,0.7391313407764462,0.7610306324249216,0.0,0.5414585414585414,0.5537844269551587,False
2556,Fibroblast,IEC,3-Sulfodeoxycholic acid,-10.906315,-0.2996195116755681,0.6177663002991707,0.6800205699783143,11.284324,0.2837162837162837,0.3009402065051306,False
2557,Fibroblast,IEC,"3alpha,7alpha-Dihydroxycoprostanic acid",-10.906315,-0.2996195116755681,0.6177663002991707,0.6800205699783143,11.284324,0.2837162837162837,0.3009402065051306,False
2558,Fibroblast,IEC,3b-Hydroxy-5-cholenoic acid,-10.906315,-0.2996195116755681,0.6177663002991707,0.6800205699783143,11.284324,0.2837162837162837,0.3009402065051306,False
2559,Fibroblast,IEC,4'-Hydroxydiclofenac,-23.320728,-0.6406696782514282,0.7391313407764462,0.7610306324249216,0.0,0.5414585414585414,0.5537844269551587,False
2560,Fibroblast,IEC,4-Hydroxycyclophosphamide,-23.320728,-0.6406696782514282,0.7391313407764462,0.7610306324249216,0.0,0.5414585414585414,0.5537844269551587,False
2561,Fibroblast,IEC,4-ene-Valproic acid,143.80206,2.2808490816479376,0.011278689434331995,0.6630182854387687,158.20892,0.053946053946053944,0.06813668259451391,False
2562,Fibroblast,IEC,5-Hydroxyomeprazole,-105.00459,-1.290076173216949,0.9014878941421751,0.9062424251485187,25.107716,0.8421578421578422,0.8440364606712599,False
2563,Fibroblast,IEC,8-Hydroxycarvedilol,-23.320728,-0.6406696782514282,0.7391313407764462,0.7610306324249216,0.0,0.5414585414585414,0.5537844269551587,False
2564,Fibroblast,IEC,Acetate,-17.666023,-0.3431751726213615,0.6342666594038447,0.6845465490134152,123.09383,0.6213786213786214,0.6306020536417439,False
2565,Fibroblast,IEC,Acetyl-L-Carnitine,79.7357,2.190508212851402,0.014243699915334963,0.6757161428435308,28.591993,0.4155844155844156,0.4319276229388589,False
2566,Fibroblast,IEC,Adenosine diphosphate ribose,-4.8230586,-0.13249960999340757,0.5527054342572574,0.6757161428435308,0.0,0.16083916083916083,0.17924846238099248,False
2567,Fibroblast,IEC,Adenosine triphosphate,-38.794834,-1.0657760590698149,0.856737557104021,0.8627728520948273,72.6099,0.8151848151848152,0.8176546782829672,False
2568,Fibroblast,IEC,Amiloride-sensitive sodium transport,43.191906,1.18657291255834,0.11769806283413264,0.6757161428435308,101.42769,0.015984015984015984,0.025433711241958142,True
2569,Fibroblast,IEC,Anion exchange,10.878578,0.17254547361587985,0.4315043573134595,0.6757161428435308,1433.258,0.000999000999000999,0.002733238922886596,True
2570,Fibroblast,IEC,Butyrate,23.40799,0.6430669277786547,0.26009033654228236,0.6757161428435308,49.21339,0.14085914085914086,0.15949666894761405,False
2571,Fibroblast,IEC,Chenodeoxycholic acid,-10.906315,-0.2996195116755681,0.6177663002991707,0.6800205699783143,11.284324,0.2837162837162837,0.3009402065051306,False
2572,Fibroblast,IEC,Chenodeoxycholic acid 3-sulfate,-10.906315,-0.2996195116755681,0.6177663002991707,0.6800205699783143,11.284324,0.2837162837162837,0.3009402065051306,False
2573,Fibroblast,IEC,Chloride,16.991068,0.46678053339196884,0.3203284523562997,0.6757161428435308,31.912395,0.8161838161838162,0.818395696444477,False
2574,Fibroblast,IEC,Chloride ion,20.54805,0.5644983451970542,0.28620751301407255,0.6757161428435308,72.21825,0.23876123876123875,0.2569829212539685,False
2575,Fibroblast,IEC,Cholesterol,-43.806953,-0.6948234776656359,0.7564170334682612,0.7767939821249572,0.0,0.6773226773226774,0.685275798674544,False
2576,Fibroblast,IEC,Cholic acid,-84.51837,-1.3405485721089043,0.9099664679335628,0.9146195403167322,25.107716,0.7962037962037962,0.7992534117653812,False
2577,Fibroblast,IEC,Choline,79.7357,2.190508212851402,0.014243699915334963,0.6757161428435308,28.591993,0.4155844155844156,0.4319276229388589,False
2578,Fibroblast,IEC,Citric acid,-41.074013,-1.1283899111695121,0.8704223566751874,0.87571283165178,73.88043,0.8151848151848152,0.8176546782829672,False
2579,Fibroblast,IEC,Coprocholic acid,-10.906315,-0.2996195116755681,0.6177663002991707,0.6800205699783143,11.284324,0.2837162837162837,0.3009402065051306,False
2580,Fibroblast,IEC,Cortisol,-43.806953,-0.6948234776656359,0.7564170334682612,0.7767939821249572,0.0,0.6773226773226774,0.685275798674544,False
2581,Fibroblast,IEC,Creatine,79.7357,2.190508212851402,0.014243699915334963,0.6757161428435308,28.591993,0.4155844155844156,0.4319276229388589,False
2582,Fibroblast,IEC,D-Lactate,23.40799,0.6430669277786547,0.26009033654228236,0.6757161428435308,49.21339,0.14085914085914086,0.15949666894761405,False
2583,Fibroblast,IEC,Deoxycholic acid,-10.906315,-0.2996195116755681,0.6177663002991707,0.6800205699783143,11.284324,0.2837162837162837,0.3009402065051306,False
2584,Fibroblast,IEC,Dopamine,79.7357,2.190508212851402,0.014243699915334963,0.6757161428435308,28.591993,0.4155844155844156,0.4319276229388589,False
2585,Fibroblast,IEC,E-3179,-23.320728,-0.6406696782514282,0.7391313407764462,0.7610306324249216,0.0,0.5414585414585414,0.5537844269551587,False
2586,Fibroblast,IEC,Estradiol,-84.88097,-1.1659297383890463,0.8781785728867904,0.8832336462196851,73.88043,0.8931068931068931,0.8942442466797768,False
2587,Fibroblast,IEC,Estriol,-23.320728,-0.6406696782514282,0.7391313407764462,0.7610306324249216,0.0,0.5414585414585414,0.5537844269551587,False
2588,Fibroblast,IEC,Fatty acid,224.37709,3.5588521476689743,0.00018623956584343595,0.014113817700665205,1829.4504,0.000999000999000999,0.002733238922886596,True
2589,Fibroblast,IEC,Folic acid,-17.844898,-0.34664994720111875,0.6355728412946287,0.6851333627666177,11.284324,0.33966033966033965,0.35607725607725604,False
2590,Fibroblast,IEC,Folinic acid,-10.906315,-0.2996195116755681,0.6177663002991707,0.6800205699783143,11.284324,0.2837162837162837,0.3009402065051306,False
2591,Fibroblast,IEC,Glutathione,-10.906315,-0.2996195116755681,0.6177663002991707,0.6800205699783143,11.284324,0.2837162837162837,0.3009402065051306,False
2592,Fibroblast,IEC,Glycerol,-23.320728,-0.6406696782514282,0.7391313407764462,0.7610306324249216,0.0,0.5414585414585414,0.5537844269551587,False
2593,Fibroblast,IEC,Glycochenodeoxycholate-3-sulfate,-10.906315,-0.2996195116755681,0.6177663002991707,0.6800205699783143,11.284324,0.2837162837162837,0.3009402065051306,False
2594,Fibroblast,IEC,Glycyl-glycine,0.0,0.0,0.5,0.6757161428435308,0.0,0.000999000999000999,0.002733238922886596,False
2595,Fibroblast,IEC,Histamine,79.7357,2.190508212851402,0.014243699915334963,0.6757161428435308,28.591993,0.4155844155844156,0.4319276229388589,False
2596,Fibroblast,IEC,Hydroxylansoprazole,-43.806953,-0.6948234776656359,0.7564170334682612,0.7767939821249572,0.0,0.6773226773226774,0.685275798674544,False
2597,Fibroblast,IEC,Hyodeoxycholic acid,-10.906315,-0.2996195116755681,0.6177663002991707,0.6800205699783143,11.284324,0.2837162837162837,0.3009402065051306,False
2598,Fibroblast,IEC,Iron,5.898111,0.1620335669721472,0.43563971025897597,0.6757161428435308,154.13641,0.4325674325674326,0.44795217922681785,False
2599,Fibroblast,IEC,Isoursodeoxycholic acid,-10.906315,-0.2996195116755681,0.6177663002991707,0.6800205699783143,11.284324,0.2837162837162837,0.3009402065051306,False
2600,Fibroblast,IEC,Ketone bodies,23.40799,0.6430669277786547,0.26009033654228236,0.6757161428435308,49.21339,0.14085914085914086,0.15949666894761405,False
2601,Fibroblast,IEC,L-Arginine,0.84967816,0.02334245421243341,0.4906885536822246,0.6757161428435308,0.0,0.08491508491508491,0.10019056164244684,False
2602,Fibroblast,IEC,L-Carnitine,56.77448,1.1028849742053919,0.13503856011087623,0.6757161428435308,28.591993,0.6503496503496503,0.6589399646745008,False
2603,Fibroblast,IEC,L-Cystine,0.84967816,0.02334245421243341,0.4906885536822246,0.6757161428435308,0.0,0.08491508491508491,0.10019056164244684,False
2604,Fibroblast,IEC,L-Dopa,0.0,0.0,0.5,0.6757161428435308,0.0,0.000999000999000999,0.002733238922886596,False
2605,Fibroblast,IEC,L-Glutamate,4.5808964,0.08898719776902017,0.4645460422270171,0.6757161428435308,49.21339,0.1958041958041958,0.21330245784696772,False
2606,Fibroblast,IEC,L-Lactate,23.40799,0.6430669277786547,0.26009033654228236,0.6757161428435308,49.21339,0.14085914085914086,0.15949666894761405,False
2607,Fibroblast,IEC,L-Lysine,0.84967816,0.02334245421243341,0.4906885536822246,0.6757161428435308,0.0,0.08491508491508491,0.10019056164244684,False
2608,Fibroblast,IEC,L-Ornithine,0.84967816,0.02334245421243341,0.4906885536822246,0.6757161428435308,0.0,0.08491508491508491,0.10019056164244684,False
2609,Fibroblast,IEC,Lithocholic acid,-10.906315,-0.2996195116755681,0.6177663002991707,0.6800205699783143,11.284324,0.2837162837162837,0.3009402065051306,False
2610,Fibroblast,IEC,N-Desmethylcitalopram,-23.320728,-0.6406696782514282,0.7391313407764462,0.7610306324249216,0.0,0.5414585414585414,0.5537844269551587,False
2611,Fibroblast,IEC,N-Desmethyleletriptan,-23.320728,-0.6406696782514282,0.7391313407764462,0.7610306324249216,0.0,0.5414585414585414,0.5537844269551587,False
2612,Fibroblast,IEC,N-Desmethyltamoxifen,-43.806953,-0.6948234776656359,0.7564170334682612,0.7767939821249572,0.0,0.6773226773226774,0.685275798674544,False
2613,Fibroblast,IEC,N-desmethylimatinib,-43.806953,-0.6948234776656359,0.7564170334682612,0.7767939821249572,0.0,0.6773226773226774,0.685275798674544,False
2614,Fibroblast,IEC,Neurotransmitter,-19.957626,-0.5482781619041143,0.7082495400189857,0.7357373421501933,0.0,0.34165834165834164,0.35811214281469234,False
2615,Fibroblast,IEC,Nicotinate,102.72806,1.4110783961185587,0.07911074967774845,0.6757161428435308,232.08936,0.3036963036963037,0.3213203953321699,False
2616,Fibroblast,IEC,Norepinephrine,79.7357,2.190508212851402,0.014243699915334963,0.6757161428435308,28.591993,0.4155844155844156,0.4319276229388589,False
2617,Fibroblast,IEC,O-Deethylated candesartan,-23.320728,-0.6406696782514282,0.7391313407764462,0.7610306324249216,0.0,0.5414585414585414,0.5537844269551587,False
2618,Fibroblast,IEC,O-Desmethylverapamil (D-702),-70.70056,-0.6142072294708782,0.7304608016650942,0.755690533301553,100.368774,0.7002997002997003,0.7078394849566311,False
2619,Fibroblast,IEC,Oxalic acid,-41.074013,-1.1283899111695121,0.8704223566751874,0.87571283165178,73.88043,0.8151848151848152,0.8176546782829672,False
2620,Fibroblast,IEC,Phosphate,-4.0114603,-0.11020328993019363,0.5438759234093091,0.6757161428435308,0.0,0.1088911088911089,0.12572046162354533,False
2621,Fibroblast,IEC,Progesterone,-23.320728,-0.6406696782514282,0.7391313407764462,0.7610306324249216,0.0,0.5414585414585414,0.5537844269551587,False
2622,Fibroblast,IEC,Pyruvate,23.40799,0.6430669277786547,0.26009033654228236,0.6757161428435308,49.21339,0.14085914085914086,0.15949666894761405,False
2623,Fibroblast,IEC,Sodium,128.46204,2.0375404291941694,0.02079795738898101,0.6757161428435308,134.65295,0.15384615384615385,0.17255568967409196,False
2624,Fibroblast,IEC,Sodium_hydrogen exchange,11.590645,0.1838395853404657,0.4270696503697438,0.6757161428435308,189.64693,0.5844155844155844,0.5955887922835428,False
2625,Fibroblast,IEC,Sulfolithocholic acid,-10.906315,-0.2996195116755681,0.6177663002991707,0.6800205699783143,11.284324,0.2837162837162837,0.3009402065051306,False
2626,Fibroblast,IEC,Taurocholic acid,-31.442087,-0.287926855058038,0.6132986351889851,0.6800205699783143,222.01073,0.4855144855144855,0.4997359047432685,False
2627,Fibroblast,IEC,Testosterone,-52.336395,-0.7188956768459466,0.7638973998229761,0.7820683409455834,0.0,0.6883116883116883,0.6960579613312733,False
2628,Fibroblast,IEC,Trihydroxycoprostanoic acid,-10.906315,-0.2996195116755681,0.6177663002991707,0.6800205699783143,11.284324,0.2837162837162837,0.3009402065051306,False
2629,Fibroblast,IEC,Ursocholic acid,-10.906315,-0.2996195116755681,0.6177663002991707,0.6800205699783143,11.284324,0.2837162837162837,0.3009402065051306,False
2630,Fibroblast,IEC,Ursodeoxycholic acid,-10.906315,-0.2996195116755681,0.6177663002991707,0.6800205699783143,11.284324,0.2837162837162837,0.3009402065051306,False
2631,Fibroblast,IEC,Ursodeoxycholic acid 3-sulfate,-10.906315,-0.2996195116755681,0.6177663002991707,0.6800205699783143,11.284324,0.2837162837162837,0.3009402065051306,False
2632,Fibroblast,IEC,Varanic acid,-10.906315,-0.2996195116755681,0.6177663002991707,0.6800205699783143,11.284324,0.2837162837162837,0.3009402065051306,False
2633,Fibroblast,IEC,Water,6.7402353,0.10690708631037246,0.4574313456752435,0.6757161428435308,15.887313,0.8741258741258742,0.8753784028421825,False
2634,Fibroblast,IEC,alpha-Ketoisovaleric acid,23.40799,0.6430669277786547,0.26009033654228236,0.6757161428435308,49.21339,0.14085914085914086,0.15949666894761405,False
2635,Fibroblast,MAST,"(3a,5b,7a)-23-Carboxy-7-hydroxy-24-norcholan-3-yl-b-D-Glucopyranosiduronic acid",0.0,0.0,0.5,0.6757161428435308,0.0,0.000999000999000999,0.002733238922886596,False
2636,Fibroblast,MAST,17a-Ethynylestradiol,0.0,0.0,0.5,0.6757161428435308,0.0,0.000999000999000999,0.002733238922886596,False
2637,Fibroblast,MAST,"1b,3a,12a-Trihydroxy-5b-cholanoic acid",0.0,0.0,0.5,0.6757161428435308,0.0,0.000999000999000999,0.002733238922886596,False
2638,Fibroblast,MAST,2-Hydroxychlorpropamide,0.0,0.0,0.5,0.6757161428435308,0.0,0.000999000999000999,0.002733238922886596,False
2639,Fibroblast,MAST,25-Hydroxycholesterol,1.5205204,0.22179070231976747,0.41223840884549956,0.6757161428435308,18.038996,0.1838161838161838,0.20199227746397558,False
2640,Fibroblast,MAST,"3',4'-Dihydrodiol",0.0,0.0,0.5,0.6757161428435308,0.0,0.000999000999000999,0.002733238922886596,False
2641,Fibroblast,MAST,3-Sulfodeoxycholic acid,0.0,0.0,0.5,0.6757161428435308,0.0,0.000999000999000999,0.002733238922886596,False
2642,Fibroblast,MAST,"3alpha,7alpha-Dihydroxycoprostanic acid",0.0,0.0,0.5,0.6757161428435308,0.0,0.000999000999000999,0.002733238922886596,False
2643,Fibroblast,MAST,3b-Hydroxy-5-cholenoic acid,0.0,0.0,0.5,0.6757161428435308,0.0,0.000999000999000999,0.002733238922886596,False
2644,Fibroblast,MAST,4'-Hydroxydiclofenac,0.0,0.0,0.5,0.6757161428435308,0.0,0.000999000999000999,0.002733238922886596,False
2645,Fibroblast,MAST,4-Hydroxycyclophosphamide,0.0,0.0,0.5,0.6757161428435308,0.0,0.000999000999000999,0.002733238922886596,False
2646,Fibroblast,MAST,4-ene-Valproic acid,0.692364,0.058307565367182616,0.47675182073903166,0.6757161428435308,0.0,0.01098901098901099,0.01912057513717265,False
2647,Fibroblast,MAST,5-Hydroxyomeprazole,-1.798679,-0.11733288023143419,0.546701864840824,0.6757161428435308,0.0,0.022977022977022976,0.034070126007891215,False
2648,Fibroblast,MAST,8-Hydroxycarvedilol,0.0,0.0,0.5,0.6757161428435308,0.0,0.000999000999000999,0.002733238922886596,False
2649,Fibroblast,MAST,Acetate,-0.20122543,-0.020754818355577003,0.5082793801520964,0.6757161428435308,0.0,0.20679320679320679,0.22468980320077225,False
2650,Fibroblast,MAST,Acetyl-L-Carnitine,0.3112105,0.04539471884956455,0.4818963451988033,0.6757161428435308,0.0,0.003996003996003996,0.008992796112653,False
2651,Fibroblast,MAST,Adenosine diphosphate ribose,0.23969589,0.03496323921043457,0.4860545269000582,0.6757161428435308,0.0,0.027972027972027972,0.039797343574769495,False
2652,Fibroblast,MAST,Adenosine triphosphate,-0.10537015,-0.015369815890406197,0.5061314279939115,0.6757161428435308,0.0,0.059940059940059943,0.07418791362120761,False
2653,Fibroblast,MAST,Amiloride-sensitive sodium transport,0.05981753,0.008725283536204888,0.49651915965536825,0.6757161428435308,0.0,0.023976023976023976,0.03535971648515611,False
2654,Fibroblast,MAST,Anion exchange,16.948938,1.427358100812382,0.07673835070299015,0.6757161428435308,34.244263,0.003996003996003996,0.008992796112653,True
2655,Fibroblast,MAST,Butyrate,0.0,0.0,0.5,0.6757161428435308,0.0,0.000999000999000999,0.002733238922886596,False
2656,Fibroblast,MAST,Chenodeoxycholic acid,0.0,0.0,0.5,0.6757161428435308,0.0,0.000999000999000999,0.002733238922886596,False
2657,Fibroblast,MAST,Chenodeoxycholic acid 3-sulfate,0.0,0.0,0.5,0.6757161428435308,0.0,0.000999000999000999,0.002733238922886596,False
2658,Fibroblast,MAST,Chloride,0.0,0.0,0.5,0.6757161428435308,0.0,0.000999000999000999,0.002733238922886596,False
2659,Fibroblast,MAST,Chloride ion,-0.23179837,-0.033811266643830926,0.5134861741995442,0.6757161428435308,0.0,0.024975024975024976,0.03644001556318884,False
2660,Fibroblast,MAST,Cholesterol,-1.798679,-0.1514760970329647,0.5601999174697841,0.6757161428435308,0.0,0.022977022977022976,0.034070126007891215,False
2661,Fibroblast,MAST,Cholic acid,0.0,0.0,0.5,0.6757161428435308,0.0,0.000999000999000999,0.002733238922886596,False
2662,Fibroblast,MAST,Choline,0.3112105,0.04539471884956455,0.4818963451988033,0.6757161428435308,0.0,0.003996003996003996,0.008992796112653,False
2663,Fibroblast,MAST,Citric acid,-0.20122543,-0.02935174560304706,0.5117079711822555,0.6757161428435308,0.0,0.20679320679320679,0.22468980320077225,False
2664,Fibroblast,MAST,Coprocholic acid,0.0,0.0,0.5,0.6757161428435308,0.0,0.000999000999000999,0.002733238922886596,False
2665,Fibroblast,MAST,Cortisol,-1.798679,-0.1514760970329647,0.5601999174697841,0.6757161428435308,0.0,0.022977022977022976,0.034070126007891215,False
2666,Fibroblast,MAST,Creatine,0.3112105,0.04539471884956455,0.4818963451988033,0.6757161428435308,0.0,0.003996003996003996,0.008992796112653,False
2667,Fibroblast,MAST,D-Lactate,0.0,0.0,0.5,0.6757161428435308,0.0,0.000999000999000999,0.002733238922886596,False
2668,Fibroblast,MAST,Deoxycholic acid,0.0,0.0,0.5,0.6757161428435308,0.0,0.000999000999000999,0.002733238922886596,False
2669,Fibroblast,MAST,Dopamine,0.3112105,0.04539471884956455,0.4818963451988033,0.6757161428435308,0.0,0.003996003996003996,0.008992796112653,False
2670,Fibroblast,MAST,E-3179,0.0,0.0,0.5,0.6757161428435308,0.0,0.000999000999000999,0.002733238922886596,False
2671,Fibroblast,MAST,Estradiol,-1.9999044,-0.14585801872462983,0.5579832633602555,0.6757161428435308,0.0,0.22577422577422576,0.24363010466973412,False
2672,Fibroblast,MAST,Estriol,0.0,0.0,0.5,0.6757161428435308,0.0,0.000999000999000999,0.002733238922886596,False
2673,Fibroblast,MAST,Fatty acid,-12.849771,-1.0821458950543743,0.8604061473581546,0.8661899274780398,0.0,0.5044955044955045,0.5183398763928003,False
2674,Fibroblast,MAST,Folic acid,-0.53768826,-0.05545830903906169,0.5221133283139626,0.6757161428435308,0.0,0.001998001998001998,0.005057316928544293,False
2675,Fibroblast,MAST,Folinic acid,0.0,0.0,0.5,0.6757161428435308,0.0,0.000999000999000999,0.002733238922886596,False
2676,Fibroblast,MAST,Glutathione,0.0,0.0,0.5,0.6757161428435308,0.0,0.000999000999000999,0.002733238922886596,False
2677,Fibroblast,MAST,Glycerol,0.0,0.0,0.5,0.6757161428435308,0.0,0.000999000999000999,0.002733238922886596,False
2678,Fibroblast,MAST,Glycochenodeoxycholate-3-sulfate,0.0,0.0,0.5,0.6757161428435308,0.0,0.000999000999000999,0.002733238922886596,False
2679,Fibroblast,MAST,Glycyl-glycine,0.0,0.0,0.5,0.6757161428435308,0.0,0.000999000999000999,0.002733238922886596,False
2680,Fibroblast,MAST,Histamine,0.3112105,0.04539471884956455,0.4818963451988033,0.6757161428435308,0.0,0.003996003996003996,0.008992796112653,False
2681,Fibroblast,MAST,Hydroxylansoprazole,-1.798679,-0.1514760970329647,0.5601999174697841,0.6757161428435308,0.0,0.022977022977022976,0.034070126007891215,False
2682,Fibroblast,MAST,Hyodeoxycholic acid,0.0,0.0,0.5,0.6757161428435308,0.0,0.000999000999000999,0.002733238922886596,False
2683,Fibroblast,MAST,Iron,-3.977092,-0.5801184948015805,0.7190826437989524,0.7448995107864642,0.0,0.21978021978021978,0.23773303223002276,False
2684,Fibroblast,MAST,Isoursodeoxycholic acid,0.0,0.0,0.5,0.6757161428435308,0.0,0.000999000999000999,0.002733238922886596,False
2685,Fibroblast,MAST,Ketone bodies,0.0,0.0,0.5,0.6757161428435308,0.0,0.000999000999000999,0.002733238922886596,False
2686,Fibroblast,MAST,L-Arginine,0.15560526,0.022697359424782276,0.49094584108402367,0.6757161428435308,0.0,0.004995004995004995,0.010650366582569973,False
2687,Fibroblast,MAST,L-Carnitine,0.53126955,0.0547962701693999,0.4781503859567901,0.6757161428435308,0.0,0.006993006993006993,0.013630621005892154,False
2688,Fibroblast,MAST,L-Cystine,0.15560526,0.022697359424782276,0.49094584108402367,0.6757161428435308,0.0,0.004995004995004995,0.010650366582569973,False
2689,Fibroblast,MAST,L-Dopa,0.0,0.0,0.5,0.6757161428435308,0.0,0.000999000999000999,0.002733238922886596,False
2690,Fibroblast,MAST,L-Glutamate,0.0,0.0,0.5,0.6757161428435308,0.0,0.000999000999000999,0.002733238922886596,False
2691,Fibroblast,MAST,L-Lactate,0.0,0.0,0.5,0.6757161428435308,0.0,0.000999000999000999,0.002733238922886596,False
2692,Fibroblast,MAST,L-Lysine,0.15560526,0.022697359424782276,0.49094584108402367,0.6757161428435308,0.0,0.004995004995004995,0.010650366582569973,False
2693,Fibroblast,MAST,L-Ornithine,0.15560526,0.022697359424782276,0.49094584108402367,0.6757161428435308,0.0,0.004995004995004995,0.010650366582569973,False
2694,Fibroblast,MAST,Lithocholic acid,0.0,0.0,0.5,0.6757161428435308,0.0,0.000999000999000999,0.002733238922886596,False
2695,Fibroblast,MAST,N-Desmethylcitalopram,0.0,0.0,0.5,0.6757161428435308,0.0,0.000999000999000999,0.002733238922886596,False
2696,Fibroblast,MAST,N-Desmethyleletriptan,0.0,0.0,0.5,0.6757161428435308,0.0,0.000999000999000999,0.002733238922886596,False
2697,Fibroblast,MAST,N-Desmethyltamoxifen,-1.798679,-0.1514760970329647,0.5601999174697841,0.6757161428435308,0.0,0.022977022977022976,0.034070126007891215,False
2698,Fibroblast,MAST,N-desmethylimatinib,-1.798679,-0.1514760970329647,0.5601999174697841,0.6757161428435308,0.0,0.022977022977022976,0.034070126007891215,False
2699,Fibroblast,MAST,Neurotransmitter,0.0,0.0,0.5,0.6757161428435308,0.0,0.000999000999000999,0.002733238922886596,False
2700,Fibroblast,MAST,Nicotinate,0.49113858,0.03581996221283609,0.48571295786802376,0.6757161428435308,0.0,0.2127872127872128,0.23072428347380944,False
2701,Fibroblast,MAST,Norepinephrine,0.3112105,0.04539471884956455,0.4818963451988033,0.6757161428435308,0.0,0.003996003996003996,0.008992796112653,False
2702,Fibroblast,MAST,O-Deethylated candesartan,0.0,0.0,0.5,0.6757161428435308,0.0,0.000999000999000999,0.002733238922886596,False
2703,Fibroblast,MAST,O-Desmethylverapamil (D-702),-0.77635986,-0.03581080979697671,0.5142833931873998,0.6757161428435308,0.0,0.03596403596403597,0.0489534270101247,False
2704,Fibroblast,MAST,Oxalic acid,-0.20122543,-0.02935174560304706,0.5117079711822555,0.6757161428435308,0.0,0.20679320679320679,0.22468980320077225,False
2705,Fibroblast,MAST,Phosphate,0.0,0.0,0.5,0.6757161428435308,0.0,0.000999000999000999,0.002733238922886596,False
2706,Fibroblast,MAST,Progesterone,0.0,0.0,0.5,0.6757161428435308,0.0,0.000999000999000999,0.002733238922886596,False
2707,Fibroblast,MAST,Pyruvate,0.0,0.0,0.5,0.6757161428435308,0.0,0.000999000999000999,0.002733238922886596,False
2708,Fibroblast,MAST,Sodium,0.07941215,0.006687709249125475,0.49733200990935206,0.6757161428435308,0.0,0.027972027972027972,0.039797343574769495,False
2709,Fibroblast,MAST,Sodium_hydrogen exchange,-0.10127256,-0.008528688150783552,0.503402413051907,0.6757161428435308,0.0,0.057942057942057944,0.07247077837652505,False
2710,Fibroblast,MAST,Sulfolithocholic acid,0.0,0.0,0.5,0.6757161428435308,0.0,0.000999000999000999,0.002733238922886596,False
2711,Fibroblast,MAST,Taurocholic acid,-1.9999044,-0.09723867914975322,0.5387315739744045,0.6757161428435308,0.0,0.22577422577422576,0.24363010466973412,False
2712,Fibroblast,MAST,Testosterone,-1.798679,-0.13118214809666406,0.5521843911664812,0.6757161428435308,0.0,0.022977022977022976,0.034070126007891215,False
2713,Fibroblast,MAST,Trihydroxycoprostanoic acid,0.0,0.0,0.5,0.6757161428435308,0.0,0.000999000999000999,0.002733238922886596,False
2714,Fibroblast,MAST,Ursocholic acid,0.0,0.0,0.5,0.6757161428435308,0.0,0.000999000999000999,0.002733238922886596,False
2715,Fibroblast,MAST,Ursodeoxycholic acid,0.0,0.0,0.5,0.6757161428435308,0.0,0.000999000999000999,0.002733238922886596,False
2716,Fibroblast,MAST,Ursodeoxycholic acid 3-sulfate,0.0,0.0,0.5,0.6757161428435308,0.0,0.000999000999000999,0.002733238922886596,False
2717,Fibroblast,MAST,Varanic acid,0.0,0.0,0.5,0.6757161428435308,0.0,0.000999000999000999,0.002733238922886596,False
2718,Fibroblast,MAST,Water,-1.0469891,-0.08817238678284314,0.5351301680127213,0.6757161428435308,0.0,0.01898101898101898,0.02908419229978304,False
2719,Fibroblast,MAST,alpha-Ketoisovaleric acid,0.0,0.0,0.5,0.6757161428435308,0.0,0.000999000999000999,0.002733238922886596,False
2720,Fibroblast,MNP,"(3a,5b,7a)-23-Carboxy-7-hydroxy-24-norcholan-3-yl-b-D-Glucopyranosiduronic acid",0.7876254,0.0475821888740181,0.48102461358455434,0.6757161428435308,0.0,0.015984015984015984,0.025433711241958142,False
2721,Fibroblast,MNP,17a-Ethynylestradiol,-0.46610755,-0.028158586718170467,0.5112321664365789,0.6757161428435308,0.0,0.01098901098901099,0.01912057513717265,False
2722,Fibroblast,MNP,"1b,3a,12a-Trihydroxy-5b-cholanoic acid",0.7876254,0.0475821888740181,0.48102461358455434,0.6757161428435308,0.0,0.015984015984015984,0.025433711241958142,False
2723,Fibroblast,MNP,2-Hydroxychlorpropamide,-0.46610755,-0.01625736762173514,0.5064854656241563,0.6757161428435308,0.0,0.01098901098901099,0.01912057513717265,False
2724,Fibroblast,MNP,25-Hydroxycholesterol,5.819207,0.3515511630031236,0.36258744808764765,0.6757161428435308,92.89573,0.4925074925074925,0.506850806261801,False
2725,Fibroblast,MNP,"3',4'-Dihydrodiol",-0.46610755,-0.028158586718170467,0.5112321664365789,0.6757161428435308,0.0,0.01098901098901099,0.01912057513717265,False
2726,Fibroblast,MNP,3-Sulfodeoxycholic acid,0.7876254,0.0475821888740181,0.48102461358455434,0.6757161428435308,0.0,0.015984015984015984,0.025433711241958142,False
2727,Fibroblast,MNP,"3alpha,7alpha-Dihydroxycoprostanic acid",0.7876254,0.0475821888740181,0.48102461358455434,0.6757161428435308,0.0,0.015984015984015984,0.025433711241958142,False
2728,Fibroblast,MNP,3b-Hydroxy-5-cholenoic acid,0.7876254,0.0475821888740181,0.48102461358455434,0.6757161428435308,0.0,0.015984015984015984,0.025433711241958142,False
2729,Fibroblast,MNP,4'-Hydroxydiclofenac,-0.46610755,-0.028158586718170467,0.5112321664365789,0.6757161428435308,0.0,0.01098901098901099,0.01912057513717265,False
2730,Fibroblast,MNP,4-Hydroxycyclophosphamide,-0.46610755,-0.028158586718170467,0.5112321664365789,0.6757161428435308,0.0,0.01098901098901099,0.01912057513717265,False
2731,Fibroblast,MNP,4-ene-Valproic acid,0.48514557,0.016921394877179467,0.4932496622830839,0.6757161428435308,0.0,0.13986013986013987,0.15865108741574027,False
2732,Fibroblast,MNP,5-Hydroxyomeprazole,0.056331635,0.0015219208588587198,0.4993928416563641,0.6757161428435308,0.0,0.1088911088911089,0.12572046162354533,False
2733,Fibroblast,MNP,8-Hydroxycarvedilol,-0.46610755,-0.028158586718170467,0.5112321664365789,0.6757161428435308,0.0,0.01098901098901099,0.01912057513717265,False
2734,Fibroblast,MNP,Acetate,0.86797374,0.03707800078130613,0.4852114063990645,0.6757161428435308,226.0732,0.16283716283716285,0.18125035467098818,False
2735,Fibroblast,MNP,Acetyl-L-Carnitine,-1.2138393,-0.07333071343673762,0.529228524151367,0.6757161428435308,0.0,0.056943056943056944,0.07133475964386142,False
2736,Fibroblast,MNP,Adenosine diphosphate ribose,26.303421,1.5890477768654159,0.05602480333988413,0.6757161428435308,17.829628,0.10589410589410589,0.12235009663371162,False
2737,Fibroblast,MNP,Adenosine triphosphate,19.705502,1.1904528850371305,0.11693421881126675,0.6757161428435308,42.019596,0.08191808191808192,0.0968906986206723,False
2738,Fibroblast,MNP,Amiloride-sensitive sodium transport,0.3183554,0.019232553749218236,0.49232779413240096,0.6757161428435308,0.0,0.023976023976023976,0.03535971648515611,False
2739,Fibroblast,MNP,Anion exchange,-2.6759083,-0.0933330207788738,0.5371805001106806,0.6757161428435308,0.0,0.34965034965034963,0.3656968239608745,False
2740,Fibroblast,MNP,Butyrate,0.20041265,0.012107370719270332,0.49516997592014805,0.6757161428435308,0.0,0.011988011988011988,0.02048481266085178,False
2741,Fibroblast,MNP,Chenodeoxycholic acid,0.7876254,0.0475821888740181,0.48102461358455434,0.6757161428435308,0.0,0.015984015984015984,0.025433711241958142,False
2742,Fibroblast,MNP,Chenodeoxycholic acid 3-sulfate,0.7876254,0.0475821888740181,0.48102461358455434,0.6757161428435308,0.0,0.015984015984015984,0.025433711241958142,False
2743,Fibroblast,MNP,Chloride,-2.8455951,-0.17190868815004398,0.5682453419409488,0.6757161428435308,0.0,0.057942057942057944,0.07247077837652505,False
2744,Fibroblast,MNP,Chloride ion,55.731144,3.3668415347614875,0.00038017182994737965,0.028132715416106093,20.144478,0.01998001998001998,0.030239250643485482,True
2745,Fibroblast,MNP,Cholesterol,-1.616771,-0.056391363709515814,0.5224849816147293,0.6757161428435308,0.0,0.03796203796203796,0.05117471469807518,False
2746,Fibroblast,MNP,Cholic acid,1.2069951,0.04209878954693323,0.4832099725593214,0.6757161428435308,0.0,0.08491508491508491,0.10019056164244684,False
2747,Fibroblast,MNP,Choline,-1.2138393,-0.07333071343673762,0.529228524151367,0.6757161428435308,0.0,0.056943056943056944,0.07133475964386142,False
2748,Fibroblast,MNP,Citric acid,0.6675611,0.04032884175154509,0.4839154800425263,0.6757161428435308,226.0732,0.16083916083916083,0.17924846238099248,False
2749,Fibroblast,MNP,Coprocholic acid,0.7876254,0.0475821888740181,0.48102461358455434,0.6757161428435308,0.0,0.015984015984015984,0.025433711241958142,False
2750,Fibroblast,MNP,Cortisol,-1.616771,-0.056391363709515814,0.5224849816147293,0.6757161428435308,0.0,0.03796203796203796,0.05117471469807518,False
2751,Fibroblast,MNP,Creatine,-1.2138393,-0.07333071343673762,0.529228524151367,0.6757161428435308,0.0,0.056943056943056944,0.07133475964386142,False
2752,Fibroblast,MNP,D-Lactate,0.20041265,0.012107370719270332,0.49516997592014805,0.6757161428435308,0.0,0.011988011988011988,0.02048481266085178,False
2753,Fibroblast,MNP,Deoxycholic acid,0.7876254,0.0475821888740181,0.48102461358455434,0.6757161428435308,0.0,0.015984015984015984,0.025433711241958142,False
2754,Fibroblast,MNP,Dopamine,-1.2138393,-0.07333071343673762,0.529228524151367,0.6757161428435308,0.0,0.056943056943056944,0.07133475964386142,False
2755,Fibroblast,MNP,E-3179,-0.46610755,-0.028158586718170467,0.5112321664365789,0.6757161428435308,0.0,0.01098901098901099,0.01912057513717265,False
2756,Fibroblast,MNP,Estradiol,-0.9492099,-0.02867193445114017,0.5114368798872898,0.6757161428435308,226.0732,0.16583416583416583,0.18435788319139326,False
2757,Fibroblast,MNP,Estriol,-0.46610755,-0.028158586718170467,0.5112321664365789,0.6757161428435308,0.0,0.01098901098901099,0.01912057513717265,False
2758,Fibroblast,MNP,Fatty acid,-19.309286,-0.6734886932341904,0.7496817801833848,0.770884158468774,75.95729,0.46153846153846156,0.4759142496847415,False
2759,Fibroblast,MNP,Folic acid,-0.107376456,-0.004586894883240089,0.5018298998879508,0.6757161428435308,0.0,0.01898101898101898,0.02908419229978304,False
2760,Fibroblast,MNP,Folinic acid,0.7876254,0.0475821888740181,0.48102461358455434,0.6757161428435308,0.0,0.015984015984015984,0.025433711241958142,False
2761,Fibroblast,MNP,Glutathione,0.7876254,0.0475821888740181,0.48102461358455434,0.6757161428435308,0.0,0.015984015984015984,0.025433711241958142,False
2762,Fibroblast,MNP,Glycerol,-0.46610755,-0.028158586718170467,0.5112321664365789,0.6757161428435308,0.0,0.01098901098901099,0.01912057513717265,False
2763,Fibroblast,MNP,Glycochenodeoxycholate-3-sulfate,0.7876254,0.0475821888740181,0.48102461358455434,0.6757161428435308,0.0,0.015984015984015984,0.025433711241958142,False
2764,Fibroblast,MNP,Glycyl-glycine,0.0,0.0,0.5,0.6757161428435308,0.0,0.000999000999000999,0.002733238922886596,False
2765,Fibroblast,MNP,Histamine,-1.2138393,-0.07333071343673762,0.529228524151367,0.6757161428435308,0.0,0.056943056943056944,0.07133475964386142,False
2766,Fibroblast,MNP,Hydroxylansoprazole,-1.616771,-0.056391363709515814,0.5224849816147293,0.6757161428435308,0.0,0.03796203796203796,0.05117471469807518,False
2767,Fibroblast,MNP,Hyodeoxycholic acid,0.7876254,0.0475821888740181,0.48102461358455434,0.6757161428435308,0.0,0.015984015984015984,0.025433711241958142,False
2768,Fibroblast,MNP,Iron,16.930944,1.0228357598810467,0.15319275358038337,0.6757161428435308,289.94034,0.2047952047952048,0.22278828055375963,False
2769,Fibroblast,MNP,Isoursodeoxycholic acid,0.7876254,0.0475821888740181,0.48102461358455434,0.6757161428435308,0.0,0.015984015984015984,0.025433711241958142,False
2770,Fibroblast,MNP,Ketone bodies,0.20041265,0.012107370719270332,0.49516997592014805,0.6757161428435308,0.0,0.011988011988011988,0.02048481266085178,False
2771,Fibroblast,MNP,L-Arginine,-2.5021396,-0.15115977938230948,0.5600751614690203,0.6757161428435308,0.0,0.000999000999000999,0.002733238922886596,False
2772,Fibroblast,MNP,L-Carnitine,-0.34863824,-0.014893087357300716,0.5059412625990419,0.6757161428435308,0.0,0.08291708291708291,0.09803542322339315,False
2773,Fibroblast,MNP,L-Cystine,-2.5021396,-0.15115977938230948,0.5600751614690203,0.6757161428435308,0.0,0.000999000999000999,0.002733238922886596,False
2774,Fibroblast,MNP,L-Dopa,0.0,0.0,0.5,0.6757161428435308,0.0,0.000999000999000999,0.002733238922886596,False
2775,Fibroblast,MNP,L-Glutamate,0.20041265,0.008561203937935498,0.49658461549938904,0.6757161428435308,0.0,0.011988011988011988,0.02048481266085178,False
2776,Fibroblast,MNP,L-Lactate,0.20041265,0.012107370719270332,0.49516997592014805,0.6757161428435308,0.0,0.011988011988011988,0.02048481266085178,False
2777,Fibroblast,MNP,L-Lysine,-2.5021396,-0.15115977938230948,0.5600751614690203,0.6757161428435308,0.0,0.000999000999000999,0.002733238922886596,False
2778,Fibroblast,MNP,L-Ornithine,-2.5021396,-0.15115977938230948,0.5600751614690203,0.6757161428435308,0.0,0.000999000999000999,0.002733238922886596,False
2779,Fibroblast,MNP,Lithocholic acid,0.7876254,0.0475821888740181,0.48102461358455434,0.6757161428435308,0.0,0.015984015984015984,0.025433711241958142,False
2780,Fibroblast,MNP,N-Desmethylcitalopram,-0.46610755,-0.028158586718170467,0.5112321664365789,0.6757161428435308,0.0,0.01098901098901099,0.01912057513717265,False
2781,Fibroblast,MNP,N-Desmethyleletriptan,-0.46610755,-0.028158586718170467,0.5112321664365789,0.6757161428435308,0.0,0.01098901098901099,0.01912057513717265,False
2782,Fibroblast,MNP,N-Desmethyltamoxifen,-1.616771,-0.056391363709515814,0.5224849816147293,0.6757161428435308,0.0,0.03796203796203796,0.05117471469807518,False
2783,Fibroblast,MNP,N-desmethylimatinib,-1.616771,-0.056391363709515814,0.5224849816147293,0.6757161428435308,0.0,0.03796203796203796,0.05117471469807518,False
2784,Fibroblast,MNP,Neurotransmitter,-4.0888147,-0.2470143317196732,0.5975514337051542,0.6795983862910224,0.0,0.008991008991008992,0.016702140151638085,False
2785,Fibroblast,MNP,Nicotinate,1.1527066,0.034818776906453686,0.48611212395149855,0.6757161428435308,226.0732,0.17582417582417584,0.1944670416623995,False
2786,Fibroblast,MNP,Norepinephrine,-1.2138393,-0.07333071343673762,0.529228524151367,0.6757161428435308,0.0,0.056943056943056944,0.07133475964386142,False
2787,Fibroblast,MNP,O-Deethylated candesartan,-0.46610755,-0.028158586718170467,0.5112321664365789,0.6757161428435308,0.0,0.01098901098901099,0.01912057513717265,False
2788,Fibroblast,MNP,O-Desmethylverapamil (D-702),-0.7877106,-0.015048437613957315,0.5060032314398982,0.6757161428435308,0.0,0.23376623376623376,0.2517790428749333,False
2789,Fibroblast,MNP,Oxalic acid,0.6675611,0.04032884175154509,0.4839154800425263,0.6757161428435308,226.0732,0.16083916083916083,0.17924846238099248,False
2790,Fibroblast,MNP,Phosphate,0.44742265,0.02702979099974978,0.48921798646287196,0.6757161428435308,0.0,0.005994005994005994,0.012076328540133793,False
2791,Fibroblast,MNP,Progesterone,-0.46610755,-0.028158586718170467,0.5112321664365789,0.6757161428435308,0.0,0.01098901098901099,0.01912057513717265,False
2792,Fibroblast,MNP,Pyruvate,0.20041265,0.012107370719270332,0.49516997592014805,0.6757161428435308,0.0,0.011988011988011988,0.02048481266085178,False
2793,Fibroblast,MNP,Sodium,54.517303,1.9015093176917752,0.028617666609451618,0.6757161428435308,20.144478,0.04395604395604396,0.057231114983133206,False
2794,Fibroblast,MNP,Sodium_hydrogen exchange,-3.6165924,-0.12614314581466748,0.5501906925986222,0.6757161428435308,0.0,0.06993006993006994,0.08501355621572089,False
2795,Fibroblast,MNP,Sulfolithocholic acid,0.7876254,0.0475821888740181,0.48102461358455434,0.6757161428435308,0.0,0.015984015984015984,0.025433711241958142,False
2796,Fibroblast,MNP,Taurocholic acid,0.93790746,0.018887020549509446,0.49246561689827184,0.6757161428435308,226.0732,0.17882117882117882,0.19757337340334002,False
2797,Fibroblast,MNP,Testosterone,-1.7084405,-0.05160533383483675,0.5205784153902107,0.6757161428435308,0.0,0.03796203796203796,0.05117471469807518,False
2798,Fibroblast,MNP,Trihydroxycoprostanoic acid,0.7876254,0.0475821888740181,0.48102461358455434,0.6757161428435308,0.0,0.015984015984015984,0.025433711241958142,False
2799,Fibroblast,MNP,Ursocholic acid,0.7876254,0.0475821888740181,0.48102461358455434,0.6757161428435308,0.0,0.015984015984015984,0.025433711241958142,False
2800,Fibroblast,MNP,Ursodeoxycholic acid,0.7876254,0.0475821888740181,0.48102461358455434,0.6757161428435308,0.0,0.015984015984015984,0.025433711241958142,False
2801,Fibroblast,MNP,Ursodeoxycholic acid 3-sulfate,0.7876254,0.0475821888740181,0.48102461358455434,0.6757161428435308,0.0,0.015984015984015984,0.025433711241958142,False
2802,Fibroblast,MNP,Varanic acid,0.7876254,0.0475821888740181,0.48102461358455434,0.6757161428435308,0.0,0.015984015984015984,0.025433711241958142,False
2803,Fibroblast,MNP,Water,265.56604,9.262679323535037,9.968270721309581e-21,4.478601631216947e-18,26.953815,0.003996003996003996,0.008992796112653,True
2804,Fibroblast,MNP,alpha-Ketoisovaleric acid,0.20041265,0.012107370719270332,0.49516997592014805,0.6757161428435308,0.0,0.011988011988011988,0.02048481266085178,False
2805,Fibroblast,Muscularis_mucosa,"(3a,5b,7a)-23-Carboxy-7-hydroxy-24-norcholan-3-yl-b-D-Glucopyranosiduronic acid",0.3941002,0.02807847588081716,0.4887997805315905,0.6757161428435308,0.0,0.001998001998001998,0.005057316928544293,False
2806,Fibroblast,Muscularis_mucosa,17a-Ethynylestradiol,-0.043941185,-0.0031306797955557323,0.5012489584966392,0.6757161428435308,0.0,0.058941058941058944,0.07323968011443317,False
2807,Fibroblast,Muscularis_mucosa,"1b,3a,12a-Trihydroxy-5b-cholanoic acid",0.3941002,0.02807847588081716,0.4887997805315905,0.6757161428435308,0.0,0.001998001998001998,0.005057316928544293,False
2808,Fibroblast,Muscularis_mucosa,2-Hydroxychlorpropamide,-0.043941185,-0.0018074988227106245,0.5007210873095168,0.6757161428435308,0.0,0.058941058941058944,0.07323968011443317,False
2809,Fibroblast,Muscularis_mucosa,25-Hydroxycholesterol,-3.417714,-0.24350204867775097,0.5961917508754369,0.6795983862910224,0.0,0.17482517482517482,0.1934301406596921,False
2810,Fibroblast,Muscularis_mucosa,"3',4'-Dihydrodiol",-0.043941185,-0.0031306797955557323,0.5012489584966392,0.6757161428435308,0.0,0.058941058941058944,0.07323968011443317,False
2811,Fibroblast,Muscularis_mucosa,3-Sulfodeoxycholic acid,0.3941002,0.02807847588081716,0.4887997805315905,0.6757161428435308,0.0,0.001998001998001998,0.005057316928544293,False
2812,Fibroblast,Muscularis_mucosa,"3alpha,7alpha-Dihydroxycoprostanic acid",0.3941002,0.02807847588081716,0.4887997805315905,0.6757161428435308,0.0,0.001998001998001998,0.005057316928544293,False
2813,Fibroblast,Muscularis_mucosa,3b-Hydroxy-5-cholenoic acid,0.3941002,0.02807847588081716,0.4887997805315905,0.6757161428435308,0.0,0.001998001998001998,0.005057316928544293,False
2814,Fibroblast,Muscularis_mucosa,4'-Hydroxydiclofenac,-0.043941185,-0.0031306797955557323,0.5012489584966392,0.6757161428435308,0.0,0.058941058941058944,0.07323968011443317,False
2815,Fibroblast,Muscularis_mucosa,4-Hydroxycyclophosphamide,-0.043941185,-0.0031306797955557323,0.5012489584966392,0.6757161428435308,0.0,0.058941058941058944,0.07323968011443317,False
2816,Fibroblast,Muscularis_mucosa,4-ene-Valproic acid,-3.9035282,-0.16056969491956435,0.563783837457699,0.6757161428435308,0.0,0.01898101898101898,0.02908419229978304,False
2817,Fibroblast,Muscularis_mucosa,5-Hydroxyomeprazole,2.6270998,0.08370635833424629,0.4666449508355068,0.6757161428435308,0.0,0.1088911088911089,0.12572046162354533,False
2818,Fibroblast,Muscularis_mucosa,8-Hydroxycarvedilol,-0.043941185,-0.0031306797955557323,0.5012489584966392,0.6757161428435308,0.0,0.058941058941058944,0.07323968011443317,False
2819,Fibroblast,Muscularis_mucosa,Acetate,9.29585,0.4683181472797954,0.31977854640425885,0.6757161428435308,19.268057,0.2127872127872128,0.23072428347380944,False
2820,Fibroblast,Muscularis_mucosa,Acetyl-L-Carnitine,-2.5124187,-0.1790024240543827,0.5710321008415261,0.6761306788442566,0.0,0.006993006993006993,0.013630621005892154,False
2821,Fibroblast,Muscularis_mucosa,Adenosine diphosphate ribose,-1.5568345,-0.11091986254499005,0.5441600526203834,0.6757161428435308,0.0,0.060939060939060936,0.0753798806896152,False
2822,Fibroblast,Muscularis_mucosa,Adenosine triphosphate,-2.3914046,-0.17038052512613067,0.5676445565469526,0.6757161428435308,0.0,0.16083916083916083,0.17924846238099248,False
2823,Fibroblast,Muscularis_mucosa,Amiloride-sensitive sodium transport,-0.6306212,-0.044929899792163566,0.5179184078425073,0.6757161428435308,0.0,0.008991008991008992,0.016702140151638085,False
2824,Fibroblast,Muscularis_mucosa,Anion exchange,-0.3421371,-0.014073639664413246,0.5056143845629608,0.6757161428435308,0.0,0.2677322677322677,0.28581737339374813,False
2825,Fibroblast,Muscularis_mucosa,Butyrate,0.0,0.0,0.5,0.6757161428435308,0.0,0.000999000999000999,0.002733238922886596,False
2826,Fibroblast,Muscularis_mucosa,Chenodeoxycholic acid,0.3941002,0.02807847588081716,0.4887997805315905,0.6757161428435308,0.0,0.001998001998001998,0.005057316928544293,False
2827,Fibroblast,Muscularis_mucosa,Chenodeoxycholic acid 3-sulfate,0.3941002,0.02807847588081716,0.4887997805315905,0.6757161428435308,0.0,0.001998001998001998,0.005057316928544293,False
2828,Fibroblast,Muscularis_mucosa,Chloride,-4.696383,-0.3346034343220576,0.6310378730513112,0.6827504124881194,0.0,0.08891108891108891,0.10453285032724285,False
2829,Fibroblast,Muscularis_mucosa,Chloride ion,0.11205838,0.007983828912796143,0.49681494692391975,0.6757161428435308,0.0,0.15084915084915085,0.16964798119813318,False
2830,Fibroblast,Muscularis_mucosa,Cholesterol,1.4783549,0.06081139606288751,0.47575470718715596,0.6757161428435308,0.0,0.09290709290709291,0.10858149654136276,False
2831,Fibroblast,Muscularis_mucosa,Cholic acid,1.1048034,0.04544554107942969,0.48187609096542905,0.6757161428435308,0.0,0.07492507492507493,0.09035251558257693,False
2832,Fibroblast,Muscularis_mucosa,Choline,-2.5124187,-0.1790024240543827,0.5710321008415261,0.6761306788442566,0.0,0.006993006993006993,0.013630621005892154,False
2833,Fibroblast,Muscularis_mucosa,Citric acid,9.29585,0.6623018753885274,0.25388888759162376,0.6757161428435308,19.268057,0.2127872127872128,0.23072428347380944,False
2834,Fibroblast,Muscularis_mucosa,Coprocholic acid,0.3941002,0.02807847588081716,0.4887997805315905,0.6757161428435308,0.0,0.001998001998001998,0.005057316928544293,False
2835,Fibroblast,Muscularis_mucosa,Cortisol,1.4783549,0.06081139606288751,0.47575470718715596,0.6757161428435308,0.0,0.09290709290709291,0.10858149654136276,False
2836,Fibroblast,Muscularis_mucosa,Creatine,-2.5124187,-0.1790024240543827,0.5710321008415261,0.6761306788442566,0.0,0.006993006993006993,0.013630621005892154,False
2837,Fibroblast,Muscularis_mucosa,D-Lactate,0.0,0.0,0.5,0.6757161428435308,0.0,0.000999000999000999,0.002733238922886596,False
2838,Fibroblast,Muscularis_mucosa,Deoxycholic acid,0.3941002,0.02807847588081716,0.4887997805315905,0.6757161428435308,0.0,0.001998001998001998,0.005057316928544293,False
2839,Fibroblast,Muscularis_mucosa,Dopamine,-2.5124187,-0.1790024240543827,0.5710321008415261,0.6761306788442566,0.0,0.006993006993006993,0.013630621005892154,False
2840,Fibroblast,Muscularis_mucosa,E-3179,-0.043941185,-0.0031306797955557323,0.5012489584966392,0.6757161428435308,0.0,0.058941058941058944,0.07323968011443317,False
2841,Fibroblast,Muscularis_mucosa,Estradiol,10.774204,0.38381513453770083,0.3505577349525887,0.6757161428435308,19.268057,0.25374625374625376,0.2722729334807124,False
2842,Fibroblast,Muscularis_mucosa,Estriol,-0.043941185,-0.0031306797955557323,0.5012489584966392,0.6757161428435308,0.0,0.058941058941058944,0.07323968011443317,False
2843,Fibroblast,Muscularis_mucosa,Fatty acid,-6.728472,-0.2767723645397889,0.609022548789494,0.6800205699783143,42.049965,0.7392607392607392,0.7451843028766105,False
2844,Fibroblast,Muscularis_mucosa,Folic acid,0.84916794,0.04278046293205238,0.4829382690256282,0.6757161428435308,0.0,0.005994005994005994,0.012076328540133793,False
2845,Fibroblast,Muscularis_mucosa,Folinic acid,0.3941002,0.02807847588081716,0.4887997805315905,0.6757161428435308,0.0,0.001998001998001998,0.005057316928544293,False
2846,Fibroblast,Muscularis_mucosa,Glutathione,0.3941002,0.02807847588081716,0.4887997805315905,0.6757161428435308,0.0,0.001998001998001998,0.005057316928544293,False
2847,Fibroblast,Muscularis_mucosa,Glycerol,-0.043941185,-0.0031306797955557323,0.5012489584966392,0.6757161428435308,0.0,0.058941058941058944,0.07323968011443317,False
2848,Fibroblast,Muscularis_mucosa,Glycochenodeoxycholate-3-sulfate,0.3941002,0.02807847588081716,0.4887997805315905,0.6757161428435308,0.0,0.001998001998001998,0.005057316928544293,False
2849,Fibroblast,Muscularis_mucosa,Glycyl-glycine,0.0,0.0,0.5,0.6757161428435308,0.0,0.000999000999000999,0.002733238922886596,False
2850,Fibroblast,Muscularis_mucosa,Histamine,-2.5124187,-0.1790024240543827,0.5710321008415261,0.6761306788442566,0.0,0.006993006993006993,0.013630621005892154,False
2851,Fibroblast,Muscularis_mucosa,Hydroxylansoprazole,1.4783549,0.06081139606288751,0.47575470718715596,0.6757161428435308,0.0,0.09290709290709291,0.10858149654136276,False
2852,Fibroblast,Muscularis_mucosa,Hyodeoxycholic acid,0.3941002,0.02807847588081716,0.4887997805315905,0.6757161428435308,0.0,0.001998001998001998,0.005057316928544293,False
2853,Fibroblast,Muscularis_mucosa,Iron,-3.4530485,-0.2460195167843446,0.5971664377391548,0.6795983862910224,0.0,0.41358641358641357,0.4303488075200234,False
2854,Fibroblast,Muscularis_mucosa,Isoursodeoxycholic acid,0.3941002,0.02807847588081716,0.4887997805315905,0.6757161428435308,0.0,0.001998001998001998,0.005057316928544293,False
2855,Fibroblast,Muscularis_mucosa,Ketone bodies,0.0,0.0,0.5,0.6757161428435308,0.0,0.000999000999000999,0.002733238922886596,False
2856,Fibroblast,Muscularis_mucosa,L-Arginine,-3.0458,-0.21700426276042356,0.5858974885529558,0.6795983862910224,0.0,0.007992007992007992,0.015114170255481141,False
2857,Fibroblast,Muscularis_mucosa,L-Carnitine,-3.315576,-0.16703630961172442,0.5663292603432138,0.6757161428435308,0.0,0.013986013986013986,0.022891498301334367,False
2858,Fibroblast,Muscularis_mucosa,L-Cystine,-3.0458,-0.21700426276042356,0.5858974885529558,0.6795983862910224,0.0,0.007992007992007992,0.015114170255481141,False
2859,Fibroblast,Muscularis_mucosa,L-Dopa,0.0,0.0,0.5,0.6757161428435308,0.0,0.000999000999000999,0.002733238922886596,False
2860,Fibroblast,Muscularis_mucosa,L-Glutamate,0.27064058,0.013634675537405702,0.4945607199800898,0.6757161428435308,0.0,0.02197802197802198,0.03289121062140334,False
2861,Fibroblast,Muscularis_mucosa,L-Lactate,0.0,0.0,0.5,0.6757161428435308,0.0,0.000999000999000999,0.002733238922886596,False
2862,Fibroblast,Muscularis_mucosa,L-Lysine,-3.0458,-0.21700426276042356,0.5858974885529558,0.6795983862910224,0.0,0.007992007992007992,0.015114170255481141,False
2863,Fibroblast,Muscularis_mucosa,L-Ornithine,-3.0458,-0.21700426276042356,0.5858974885529558,0.6795983862910224,0.0,0.007992007992007992,0.015114170255481141,False
2864,Fibroblast,Muscularis_mucosa,Lithocholic acid,0.3941002,0.02807847588081716,0.4887997805315905,0.6757161428435308,0.0,0.001998001998001998,0.005057316928544293,False
2865,Fibroblast,Muscularis_mucosa,N-Desmethylcitalopram,-0.043941185,-0.0031306797955557323,0.5012489584966392,0.6757161428435308,0.0,0.058941058941058944,0.07323968011443317,False
2866,Fibroblast,Muscularis_mucosa,N-Desmethyleletriptan,-0.043941185,-0.0031306797955557323,0.5012489584966392,0.6757161428435308,0.0,0.058941058941058944,0.07323968011443317,False
2867,Fibroblast,Muscularis_mucosa,N-Desmethyltamoxifen,1.4783549,0.06081139606288751,0.47575470718715596,0.6757161428435308,0.0,0.09290709290709291,0.10858149654136276,False
2868,Fibroblast,Muscularis_mucosa,N-desmethylimatinib,1.4783549,0.06081139606288751,0.47575470718715596,0.6757161428435308,0.0,0.09290709290709291,0.10858149654136276,False
2869,Fibroblast,Muscularis_mucosa,Neurotransmitter,-0.6726898,-0.04792716348592341,0.5191128545350696,0.6757161428435308,0.0,0.022977022977022976,0.034070126007891215,False
2870,Fibroblast,Muscularis_mucosa,Nicotinate,5.3923216,0.1920935028160038,0.42383448207153224,0.6757161428435308,19.268057,0.21878121878121878,0.23689686110068275,False
2871,Fibroblast,Muscularis_mucosa,Norepinephrine,-2.5124187,-0.1790024240543827,0.5710321008415261,0.6761306788442566,0.0,0.006993006993006993,0.013630621005892154,False
2872,Fibroblast,Muscularis_mucosa,O-Deethylated candesartan,-0.043941185,-0.0031306797955557323,0.5012489584966392,0.6757161428435308,0.0,0.058941058941058944,0.07323968011443317,False
2873,Fibroblast,Muscularis_mucosa,O-Desmethylverapamil (D-702),-2.9692788,-0.06689872892579624,0.5266688375281596,0.6757161428435308,0.0,0.13186813186813187,0.1499910577668263,False
2874,Fibroblast,Muscularis_mucosa,Oxalic acid,9.29585,0.6623018753885274,0.25388888759162376,0.6757161428435308,19.268057,0.2127872127872128,0.23072428347380944,False
2875,Fibroblast,Muscularis_mucosa,Phosphate,0.0,0.0,0.5,0.6757161428435308,0.0,0.000999000999000999,0.002733238922886596,False
2876,Fibroblast,Muscularis_mucosa,Progesterone,-0.043941185,-0.0031306797955557323,0.5012489584966392,0.6757161428435308,0.0,0.058941058941058944,0.07323968011443317,False
2877,Fibroblast,Muscularis_mucosa,Pyruvate,0.0,0.0,0.5,0.6757161428435308,0.0,0.000999000999000999,0.002733238922886596,False
2878,Fibroblast,Muscularis_mucosa,Sodium,-3.5768418,-0.14713161278713643,0.5584859309962363,0.6757161428435308,0.0,0.17882117882117882,0.19757337340334002,False
2879,Fibroblast,Muscularis_mucosa,Sodium_hydrogen exchange,-4.836534,-0.1989484256578327,0.5788484558063561,0.6774522894097766,0.0,0.08391608391608392,0.09919792667396501,False
2880,Fibroblast,Muscularis_mucosa,Sulfolithocholic acid,0.3941002,0.02807847588081716,0.4887997805315905,0.6757161428435308,0.0,0.001998001998001998,0.005057316928544293,False
2881,Fibroblast,Muscularis_mucosa,Taurocholic acid,11.92295,0.2831583332531595,0.3885277335004702,0.6757161428435308,19.268057,0.2547452547452547,0.27315848147760863,False
2882,Fibroblast,Muscularis_mucosa,Testosterone,0.9897538,0.035258518617626605,0.485936800048084,0.6757161428435308,0.0,0.0969030969030969,0.11308357690546929,False
2883,Fibroblast,Muscularis_mucosa,Trihydroxycoprostanoic acid,0.3941002,0.02807847588081716,0.4887997805315905,0.6757161428435308,0.0,0.001998001998001998,0.005057316928544293,False
2884,Fibroblast,Muscularis_mucosa,Ursocholic acid,0.3941002,0.02807847588081716,0.4887997805315905,0.6757161428435308,0.0,0.001998001998001998,0.005057316928544293,False
2885,Fibroblast,Muscularis_mucosa,Ursodeoxycholic acid,0.3941002,0.02807847588081716,0.4887997805315905,0.6757161428435308,0.0,0.001998001998001998,0.005057316928544293,False
2886,Fibroblast,Muscularis_mucosa,Ursodeoxycholic acid 3-sulfate,0.3941002,0.02807847588081716,0.4887997805315905,0.6757161428435308,0.0,0.001998001998001998,0.005057316928544293,False
2887,Fibroblast,Muscularis_mucosa,Varanic acid,0.3941002,0.02807847588081716,0.4887997805315905,0.6757161428435308,0.0,0.001998001998001998,0.005057316928544293,False
2888,Fibroblast,Muscularis_mucosa,Water,-1.3417088,-0.055190524465430935,0.5220066610938356,0.6757161428435308,0.0,0.08491508491508491,0.10019056164244684,False
2889,Fibroblast,Muscularis_mucosa,alpha-Ketoisovaleric acid,0.0,0.0,0.5,0.6757161428435308,0.0,0.000999000999000999,0.002733238922886596,False
2890,Fibroblast,Myofibroblast,"(3a,5b,7a)-23-Carboxy-7-hydroxy-24-norcholan-3-yl-b-D-Glucopyranosiduronic acid",0.2869087,0.0279994207754128,0.4888313065605656,0.6757161428435308,0.0,0.005994005994005994,0.012076328540133793,False
2891,Fibroblast,Myofibroblast,17a-Ethynylestradiol,-0.5687966,-0.05550886191031301,0.522133464973202,0.6757161428435308,0.0,0.022977022977022976,0.034070126007891215,False
2892,Fibroblast,Myofibroblast,"1b,3a,12a-Trihydroxy-5b-cholanoic acid",0.2869087,0.0279994207754128,0.4888313065605656,0.6757161428435308,0.0,0.005994005994005994,0.012076328540133793,False
2893,Fibroblast,Myofibroblast,2-Hydroxychlorpropamide,-0.5687966,-0.03204805636632898,0.5127831364389118,0.6757161428435308,0.0,0.022977022977022976,0.034070126007891215,False
2894,Fibroblast,Myofibroblast,25-Hydroxycholesterol,-8.702481,-0.8492752106066612,0.8021359143220887,0.8131240775319803,0.0,0.26873126873126874,0.2868351739894248,False
2895,Fibroblast,Myofibroblast,"3',4'-Dihydrodiol",-0.5687966,-0.05550886191031301,0.522133464973202,0.6757161428435308,0.0,0.022977022977022976,0.034070126007891215,False
2896,Fibroblast,Myofibroblast,3-Sulfodeoxycholic acid,0.2869087,0.0279994207754128,0.4888313065605656,0.6757161428435308,0.0,0.005994005994005994,0.012076328540133793,False
2897,Fibroblast,Myofibroblast,"3alpha,7alpha-Dihydroxycoprostanic acid",0.2869087,0.0279994207754128,0.4888313065605656,0.6757161428435308,0.0,0.005994005994005994,0.012076328540133793,False
2898,Fibroblast,Myofibroblast,3b-Hydroxy-5-cholenoic acid,0.2869087,0.0279994207754128,0.4888313065605656,0.6757161428435308,0.0,0.005994005994005994,0.012076328540133793,False
2899,Fibroblast,Myofibroblast,4'-Hydroxydiclofenac,-0.5687966,-0.05550886191031301,0.522133464973202,0.6757161428435308,0.0,0.022977022977022976,0.034070126007891215,False
2900,Fibroblast,Myofibroblast,4-Hydroxycyclophosphamide,-0.5687966,-0.05550886191031301,0.522133464973202,0.6757161428435308,0.0,0.022977022977022976,0.034070126007891215,False
2901,Fibroblast,Myofibroblast,4-ene-Valproic acid,-1.515076,-0.08536486416504589,0.5340143372485366,0.6757161428435308,0.0,0.02197802197802198,0.03289121062140334,False
2902,Fibroblast,Myofibroblast,5-Hydroxyomeprazole,-0.6943191,-0.0303025710957455,0.5120871269610355,0.6757161428435308,0.0,0.03296703296703297,0.04551418730523208,False
2903,Fibroblast,Myofibroblast,8-Hydroxycarvedilol,-0.5687966,-0.05550886191031301,0.522133464973202,0.6757161428435308,0.0,0.022977022977022976,0.034070126007891215,False
2904,Fibroblast,Myofibroblast,Acetate,-3.6275747,-0.25032643521531533,0.5988325426203696,0.6795983862910224,0.0,0.23076923076923078,0.24863625583050045,False
2905,Fibroblast,Myofibroblast,Acetyl-L-Carnitine,0.41203555,0.04021055278378316,0.483962632265374,0.6757161428435308,0.0,0.01098901098901099,0.01912057513717265,False
2906,Fibroblast,Myofibroblast,Adenosine diphosphate ribose,0.0,0.0,0.5,0.6757161428435308,0.0,0.000999000999000999,0.002733238922886596,False
2907,Fibroblast,Myofibroblast,Adenosine triphosphate,-4.7600546,-0.4645337619978411,0.6788673118184008,0.7131054427751738,0.0,0.059940059940059943,0.07418791362120761,False
2908,Fibroblast,Myofibroblast,Amiloride-sensitive sodium transport,-0.11001734,-0.010736592711119538,0.5042831984892182,0.6757161428435308,0.0,0.017982017982017984,0.027654497092149906,False
2909,Fibroblast,Myofibroblast,Anion exchange,-1.7677925,-0.09960382145581384,0.5396705700834987,0.6757161428435308,0.0,0.23776223776223776,0.25599528851839704,False
2910,Fibroblast,Myofibroblast,Butyrate,-0.9635558,-0.09403341880363364,0.5374586950125615,0.6757161428435308,0.0,0.011988011988011988,0.02048481266085178,False
2911,Fibroblast,Myofibroblast,Chenodeoxycholic acid,0.2869087,0.0279994207754128,0.4888313065605656,0.6757161428435308,0.0,0.005994005994005994,0.012076328540133793,False
2912,Fibroblast,Myofibroblast,Chenodeoxycholic acid 3-sulfate,0.2869087,0.0279994207754128,0.4888313065605656,0.6757161428435308,0.0,0.005994005994005994,0.012076328540133793,False
2913,Fibroblast,Myofibroblast,Chloride,-0.51652104,-0.05040729173217001,0.5201010870934291,0.6757161428435308,0.0,0.04195804195804196,0.05543290987525392,False
2914,Fibroblast,Myofibroblast,Chloride ion,-0.6522385,-0.06365195882116122,0.5253763207837132,0.6757161428435308,0.0,0.03496503496503497,0.04777972407779056,False
2915,Fibroblast,Myofibroblast,Cholesterol,-0.5687966,-0.03204805636632898,0.5127831364389118,0.6757161428435308,0.0,0.022977022977022976,0.034070126007891215,False
2916,Fibroblast,Myofibroblast,Cholic acid,-0.6943191,-0.039120451067029514,0.5156028220725228,0.6757161428435308,0.0,0.03296703296703297,0.04551418730523208,False
2917,Fibroblast,Myofibroblast,Choline,0.41203555,0.04021055278378316,0.483962632265374,0.6757161428435308,0.0,0.01098901098901099,0.01912057513717265,False
2918,Fibroblast,Myofibroblast,Citric acid,-2.6640189,-0.2599816208983753,0.602561024670987,0.6795983862910224,0.0,0.2217782217782218,0.23952352592462484,False
2919,Fibroblast,Myofibroblast,Coprocholic acid,0.2869087,0.0279994207754128,0.4888313065605656,0.6757161428435308,0.0,0.005994005994005994,0.012076328540133793,False
2920,Fibroblast,Myofibroblast,Cortisol,-0.5687966,-0.03204805636632898,0.5127831364389118,0.6757161428435308,0.0,0.022977022977022976,0.034070126007891215,False
2921,Fibroblast,Myofibroblast,Creatine,0.41203555,0.04021055278378316,0.483962632265374,0.6757161428435308,0.0,0.01098901098901099,0.01912057513717265,False
2922,Fibroblast,Myofibroblast,D-Lactate,-0.9635558,-0.09403341880363364,0.5374586950125615,0.6757161428435308,0.0,0.011988011988011988,0.02048481266085178,False
2923,Fibroblast,Myofibroblast,Deoxycholic acid,0.2869087,0.0279994207754128,0.4888313065605656,0.6757161428435308,0.0,0.005994005994005994,0.012076328540133793,False
2924,Fibroblast,Myofibroblast,Dopamine,0.41203555,0.04021055278378316,0.483962632265374,0.6757161428435308,0.0,0.01098901098901099,0.01912057513717265,False
2925,Fibroblast,Myofibroblast,E-3179,-0.5687966,-0.05550886191031301,0.522133464973202,0.6757161428435308,0.0,0.022977022977022976,0.034070126007891215,False
2926,Fibroblast,Myofibroblast,Estradiol,-3.2328155,-0.157745244312753,0.5626712265048627,0.6757161428435308,0.0,0.23476523476523475,0.25281173201049933,False
2927,Fibroblast,Myofibroblast,Estriol,-0.5687966,-0.05550886191031301,0.522133464973202,0.6757161428435308,0.0,0.022977022977022976,0.034070126007891215,False
2928,Fibroblast,Myofibroblast,Fatty acid,-3.9890122,-0.2247553778635013,0.5889152093858746,0.6795983862910224,0.0,0.6373626373626373,0.6464061575316009,False
2929,Fibroblast,Myofibroblast,Folic acid,0.2869087,0.01979858029958989,0.49210202520961255,0.6757161428435308,0.0,0.005994005994005994,0.012076328540133793,False
2930,Fibroblast,Myofibroblast,Folinic acid,0.2869087,0.0279994207754128,0.4888313065605656,0.6757161428435308,0.0,0.005994005994005994,0.012076328540133793,False
2931,Fibroblast,Myofibroblast,Glutathione,0.2869087,0.0279994207754128,0.4888313065605656,0.6757161428435308,0.0,0.005994005994005994,0.012076328540133793,False
2932,Fibroblast,Myofibroblast,Glycerol,-0.5687966,-0.05550886191031301,0.522133464973202,0.6757161428435308,0.0,0.022977022977022976,0.034070126007891215,False
2933,Fibroblast,Myofibroblast,Glycochenodeoxycholate-3-sulfate,0.2869087,0.0279994207754128,0.4888313065605656,0.6757161428435308,0.0,0.005994005994005994,0.012076328540133793,False
2934,Fibroblast,Myofibroblast,Glycyl-glycine,0.0,0.0,0.5,0.6757161428435308,0.0,0.000999000999000999,0.002733238922886596,False
2935,Fibroblast,Myofibroblast,Histamine,0.41203555,0.04021055278378316,0.483962632265374,0.6757161428435308,0.0,0.01098901098901099,0.01912057513717265,False
2936,Fibroblast,Myofibroblast,Hydroxylansoprazole,-0.5687966,-0.03204805636632898,0.5127831364389118,0.6757161428435308,0.0,0.022977022977022976,0.034070126007891215,False
2937,Fibroblast,Myofibroblast,Hyodeoxycholic acid,0.2869087,0.0279994207754128,0.4888313065605656,0.6757161428435308,0.0,0.005994005994005994,0.012076328540133793,False
2938,Fibroblast,Myofibroblast,Iron,1.304186,0.127275519938221,0.44936116748871646,0.6757161428435308,0.0,0.23276723276723277,0.2507460000181357,False
2939,Fibroblast,Myofibroblast,Isoursodeoxycholic acid,0.2869087,0.0279994207754128,0.4888313065605656,0.6757161428435308,0.0,0.005994005994005994,0.012076328540133793,False
2940,Fibroblast,Myofibroblast,Ketone bodies,-0.9635558,-0.09403341880363364,0.5374586950125615,0.6757161428435308,0.0,0.011988011988011988,0.02048481266085178,False
2941,Fibroblast,Myofibroblast,L-Arginine,0.0,0.0,0.5,0.6757161428435308,0.0,0.000999000999000999,0.002733238922886596,False
2942,Fibroblast,Myofibroblast,L-Carnitine,0.7033887,0.048538431045445356,0.4806435684885071,0.6757161428435308,0.0,0.013986013986013986,0.022891498301334367,False
2943,Fibroblast,Myofibroblast,L-Cystine,0.0,0.0,0.5,0.6757161428435308,0.0,0.000999000999000999,0.002733238922886596,False
2944,Fibroblast,Myofibroblast,L-Dopa,0.0,0.0,0.5,0.6757161428435308,0.0,0.000999000999000999,0.002733238922886596,False
2945,Fibroblast,Myofibroblast,L-Glutamate,-1.9271116,-0.1329833361884079,0.5528967203818655,0.6757161428435308,0.0,0.02097902097902098,0.031531192821515404,False
2946,Fibroblast,Myofibroblast,L-Lactate,-0.9635558,-0.09403341880363364,0.5374586950125615,0.6757161428435308,0.0,0.011988011988011988,0.02048481266085178,False
2947,Fibroblast,Myofibroblast,L-Lysine,0.0,0.0,0.5,0.6757161428435308,0.0,0.000999000999000999,0.002733238922886596,False
2948,Fibroblast,Myofibroblast,L-Ornithine,0.0,0.0,0.5,0.6757161428435308,0.0,0.000999000999000999,0.002733238922886596,False
2949,Fibroblast,Myofibroblast,Lithocholic acid,0.2869087,0.0279994207754128,0.4888313065605656,0.6757161428435308,0.0,0.005994005994005994,0.012076328540133793,False
2950,Fibroblast,Myofibroblast,N-Desmethylcitalopram,-0.5687966,-0.05550886191031301,0.522133464973202,0.6757161428435308,0.0,0.022977022977022976,0.034070126007891215,False
2951,Fibroblast,Myofibroblast,N-Desmethyleletriptan,-0.5687966,-0.05550886191031301,0.522133464973202,0.6757161428435308,0.0,0.022977022977022976,0.034070126007891215,False
2952,Fibroblast,Myofibroblast,N-Desmethyltamoxifen,-0.5687966,-0.03204805636632898,0.5127831364389118,0.6757161428435308,0.0,0.022977022977022976,0.034070126007891215,False
2953,Fibroblast,Myofibroblast,N-desmethylimatinib,-0.5687966,-0.03204805636632898,0.5127831364389118,0.6757161428435308,0.0,0.022977022977022976,0.034070126007891215,False
2954,Fibroblast,Myofibroblast,Neurotransmitter,-0.66425323,-0.06482447803593754,0.525843124108759,0.6757161428435308,0.0,0.022977022977022976,0.034070126007891215,False
2955,Fibroblast,Myofibroblast,Nicotinate,-4.1790953,-0.20391896885717842,0.5807915892393215,0.6777806646174732,0.0,0.23876123876123875,0.2569829212539685,False
2956,Fibroblast,Myofibroblast,Norepinephrine,0.41203555,0.04021055278378316,0.483962632265374,0.6757161428435308,0.0,0.01098901098901099,0.01912057513717265,False
2957,Fibroblast,Myofibroblast,O-Deethylated candesartan,-0.5687966,-0.05550886191031301,0.522133464973202,0.6757161428435308,0.0,0.022977022977022976,0.034070126007891215,False
2958,Fibroblast,Myofibroblast,O-Desmethylverapamil (D-702),0.06520653,0.0020123171330085894,0.4991972021558777,0.6757161428435308,0.0,0.058941058941058944,0.07323968011443317,False
2959,Fibroblast,Myofibroblast,Oxalic acid,-2.6640189,-0.2599816208983753,0.602561024670987,0.6795983862910224,0.0,0.2217782217782218,0.23952352592462484,False
2960,Fibroblast,Myofibroblast,Phosphate,0.0,0.0,0.5,0.6757161428435308,0.0,0.000999000999000999,0.002733238922886596,False
2961,Fibroblast,Myofibroblast,Progesterone,-0.5687966,-0.05550886191031301,0.522133464973202,0.6757161428435308,0.0,0.022977022977022976,0.034070126007891215,False
2962,Fibroblast,Myofibroblast,Pyruvate,-0.9635558,-0.09403341880363364,0.5374586950125615,0.6757161428435308,0.0,0.011988011988011988,0.02048481266085178,False
2963,Fibroblast,Myofibroblast,Sodium,-0.24020293,-0.013533902085863535,0.5053990809385628,0.6757161428435308,0.0,0.04495504495504495,0.058374738391253664,False
2964,Fibroblast,Myofibroblast,Sodium_hydrogen exchange,0.8104215,0.045662080079174355,0.48178979398928184,0.6757161428435308,0.0,0.04895104895104895,0.06263264806796133,False
2965,Fibroblast,Myofibroblast,Sulfolithocholic acid,0.2869087,0.0279994207754128,0.4888313065605656,0.6757161428435308,0.0,0.005994005994005994,0.012076328540133793,False
2966,Fibroblast,Myofibroblast,Taurocholic acid,-4.4717746,-0.14546683789906004,0.5578288516294212,0.6757161428435308,0.0,0.2597402597402597,0.2779459397356641,False
2967,Fibroblast,Myofibroblast,Testosterone,-0.27744344,-0.013537853606658032,0.5054006572228695,0.6757161428435308,0.0,0.026973026973026972,0.03858547638397536,False
2968,Fibroblast,Myofibroblast,Trihydroxycoprostanoic acid,0.2869087,0.0279994207754128,0.4888313065605656,0.6757161428435308,0.0,0.005994005994005994,0.012076328540133793,False
2969,Fibroblast,Myofibroblast,Ursocholic acid,0.2869087,0.0279994207754128,0.4888313065605656,0.6757161428435308,0.0,0.005994005994005994,0.012076328540133793,False
2970,Fibroblast,Myofibroblast,Ursodeoxycholic acid,0.2869087,0.0279994207754128,0.4888313065605656,0.6757161428435308,0.0,0.005994005994005994,0.012076328540133793,False
2971,Fibroblast,Myofibroblast,Ursodeoxycholic acid 3-sulfate,0.2869087,0.0279994207754128,0.4888313065605656,0.6757161428435308,0.0,0.005994005994005994,0.012076328540133793,False
2972,Fibroblast,Myofibroblast,Varanic acid,0.2869087,0.0279994207754128,0.4888313065605656,0.6757161428435308,0.0,0.005994005994005994,0.012076328540133793,False
2973,Fibroblast,Myofibroblast,Water,-1.1828644,-0.06664686024832417,0.5265685802171151,0.6757161428435308,0.0,0.01998001998001998,0.030239250643485482,False
2974,Fibroblast,Myofibroblast,alpha-Ketoisovaleric acid,-0.9635558,-0.09403341880363364,0.5374586950125615,0.6757161428435308,0.0,0.011988011988011988,0.02048481266085178,False
2975,Fibroblast,Pericyte,"(3a,5b,7a)-23-Carboxy-7-hydroxy-24-norcholan-3-yl-b-D-Glucopyranosiduronic acid",0.0,0.0,0.5,0.6757161428435308,0.0,0.000999000999000999,0.002733238922886596,False
2976,Fibroblast,Pericyte,17a-Ethynylestradiol,-0.48755917,-0.052271829712914955,0.5208439503733845,0.6757161428435308,0.0,0.012987012987012988,0.02170829436309107,False
2977,Fibroblast,Pericyte,"1b,3a,12a-Trihydroxy-5b-cholanoic acid",0.0,0.0,0.5,0.6757161428435308,0.0,0.000999000999000999,0.002733238922886596,False
2978,Fibroblast,Pericyte,2-Hydroxychlorpropamide,-0.20058545,-0.01241592794811856,0.5049531113505618,0.6757161428435308,0.0,0.023976023976023976,0.03535971648515611,False
2979,Fibroblast,Pericyte,25-Hydroxycholesterol,6.5556846,0.7028431598184969,0.24107674843801075,0.6757161428435308,23.26767,0.11488511488511488,0.13232510027968736,False
2980,Fibroblast,Pericyte,"3',4'-Dihydrodiol",-0.48755917,-0.052271829712914955,0.5208439503733845,0.6757161428435308,0.0,0.012987012987012988,0.02170829436309107,False
2981,Fibroblast,Pericyte,3-Sulfodeoxycholic acid,0.0,0.0,0.5,0.6757161428435308,0.0,0.000999000999000999,0.002733238922886596,False
2982,Fibroblast,Pericyte,"3alpha,7alpha-Dihydroxycoprostanic acid",0.0,0.0,0.5,0.6757161428435308,0.0,0.000999000999000999,0.002733238922886596,False
2983,Fibroblast,Pericyte,3b-Hydroxy-5-cholenoic acid,0.0,0.0,0.5,0.6757161428435308,0.0,0.000999000999000999,0.002733238922886596,False
2984,Fibroblast,Pericyte,4'-Hydroxydiclofenac,-0.48755917,-0.052271829712914955,0.5208439503733845,0.6757161428435308,0.0,0.012987012987012988,0.02170829436309107,False
2985,Fibroblast,Pericyte,4-Hydroxycyclophosphamide,-0.48755917,-0.052271829712914955,0.5208439503733845,0.6757161428435308,0.0,0.012987012987012988,0.02170829436309107,False
2986,Fibroblast,Pericyte,4-ene-Valproic acid,0.11102104,0.00687202997161335,0.49725847827012193,0.6757161428435308,0.0,0.04795204795204795,0.061416897091912365,False
2987,Fibroblast,Pericyte,5-Hydroxyomeprazole,-0.48755917,-0.023376672909274233,0.50932509387869,0.6757161428435308,0.0,0.012987012987012988,0.02170829436309107,False
2988,Fibroblast,Pericyte,8-Hydroxycarvedilol,-0.48755917,-0.052271829712914955,0.5208439503733845,0.6757161428435308,0.0,0.012987012987012988,0.02170829436309107,False
2989,Fibroblast,Pericyte,Acetate,-0.8443123,-0.06400715105464648,0.5255177336160268,0.6757161428435308,0.0,0.011988011988011988,0.02048481266085178,False
2990,Fibroblast,Pericyte,Acetyl-L-Carnitine,0.42941254,0.04603785707963146,0.4816400381492662,0.6757161428435308,0.0,0.011988011988011988,0.02048481266085178,False
2991,Fibroblast,Pericyte,Adenosine diphosphate ribose,0.0,0.0,0.5,0.6757161428435308,0.0,0.000999000999000999,0.002733238922886596,False
2992,Fibroblast,Pericyte,Adenosine triphosphate,-3.195989,-0.34264597539332775,0.6340675949183766,0.6844491457073261,0.0,0.16483516483516483,0.18331209102071902,False
2993,Fibroblast,Pericyte,Amiloride-sensitive sodium transport,-1.7260475,-0.1850517177488943,0.5734057644449428,0.6769644544498953,0.0,0.005994005994005994,0.012076328540133793,False
2994,Fibroblast,Pericyte,Anion exchange,-1.2841569,-0.07948731775267665,0.5316774906689439,0.6757161428435308,0.0,0.1258741258741259,0.1439018996270905,False
2995,Fibroblast,Pericyte,Butyrate,-0.8443123,-0.09051978111034441,0.5360629122863392,0.6757161428435308,0.0,0.011988011988011988,0.02048481266085178,False
2996,Fibroblast,Pericyte,Chenodeoxycholic acid,0.0,0.0,0.5,0.6757161428435308,0.0,0.000999000999000999,0.002733238922886596,False
2997,Fibroblast,Pericyte,Chenodeoxycholic acid 3-sulfate,0.0,0.0,0.5,0.6757161428435308,0.0,0.000999000999000999,0.002733238922886596,False
2998,Fibroblast,Pericyte,Chloride,-1.3946296,-0.14951998731112356,0.5594283304760523,0.6757161428435308,0.0,0.02097902097902098,0.031531192821515404,False
2999,Fibroblast,Pericyte,Chloride ion,-0.07860543,-0.008427386502751832,0.5033620009938273,0.6757161428435308,0.0,0.03696303696303696,0.050226291315079385,False
3000,Fibroblast,Pericyte,Cholesterol,-0.48755917,-0.030179154955785735,0.5120379135529703,0.6757161428435308,0.0,0.012987012987012988,0.02170829436309107,False
3001,Fibroblast,Pericyte,Cholic acid,-0.48755917,-0.030179154955785735,0.5120379135529703,0.6757161428435308,0.0,0.012987012987012988,0.02170829436309107,False
3002,Fibroblast,Pericyte,Choline,0.42941254,0.04603785707963146,0.4816400381492662,0.6757161428435308,0.0,0.011988011988011988,0.02048481266085178,False
3003,Fibroblast,Pericyte,Citric acid,0.0,0.0,0.5,0.6757161428435308,0.0,0.000999000999000999,0.002733238922886596,False
3004,Fibroblast,Pericyte,Coprocholic acid,0.0,0.0,0.5,0.6757161428435308,0.0,0.000999000999000999,0.002733238922886596,False
3005,Fibroblast,Pericyte,Cortisol,-0.48755917,-0.030179154955785735,0.5120379135529703,0.6757161428435308,0.0,0.012987012987012988,0.02170829436309107,False
3006,Fibroblast,Pericyte,Creatine,0.42941254,0.04603785707963146,0.4816400381492662,0.6757161428435308,0.0,0.011988011988011988,0.02048481266085178,False
3007,Fibroblast,Pericyte,D-Lactate,-0.8443123,-0.09051978111034441,0.5360629122863392,0.6757161428435308,0.0,0.011988011988011988,0.02048481266085178,False
3008,Fibroblast,Pericyte,Deoxycholic acid,0.0,0.0,0.5,0.6757161428435308,0.0,0.000999000999000999,0.002733238922886596,False
3009,Fibroblast,Pericyte,Dopamine,0.42941254,0.04603785707963146,0.4816400381492662,0.6757161428435308,0.0,0.011988011988011988,0.02048481266085178,False
3010,Fibroblast,Pericyte,E-3179,-0.48755917,-0.052271829712914955,0.5208439503733845,0.6757161428435308,0.0,0.012987012987012988,0.02170829436309107,False
3011,Fibroblast,Pericyte,Estradiol,-0.48755917,-0.026135914856457478,0.5104255345368428,0.6757161428435308,0.0,0.012987012987012988,0.02170829436309107,False
3012,Fibroblast,Pericyte,Estriol,-0.48755917,-0.052271829712914955,0.5208439503733845,0.6757161428435308,0.0,0.012987012987012988,0.02170829436309107,False
3013,Fibroblast,Pericyte,Fatty acid,1.391902,0.0861565690038935,0.4656709775952995,0.6757161428435308,23.856594,0.5574425574425574,0.5692067672587153,False
3014,Fibroblast,Pericyte,Folic acid,0.0,0.0,0.5,0.6757161428435308,0.0,0.000999000999000999,0.002733238922886596,False
3015,Fibroblast,Pericyte,Folinic acid,0.0,0.0,0.5,0.6757161428435308,0.0,0.000999000999000999,0.002733238922886596,False
3016,Fibroblast,Pericyte,Glutathione,0.0,0.0,0.5,0.6757161428435308,0.0,0.000999000999000999,0.002733238922886596,False
3017,Fibroblast,Pericyte,Glycerol,-0.48755917,-0.052271829712914955,0.5208439503733845,0.6757161428435308,0.0,0.012987012987012988,0.02170829436309107,False
3018,Fibroblast,Pericyte,Glycochenodeoxycholate-3-sulfate,0.0,0.0,0.5,0.6757161428435308,0.0,0.000999000999000999,0.002733238922886596,False
3019,Fibroblast,Pericyte,Glycyl-glycine,0.0,0.0,0.5,0.6757161428435308,0.0,0.000999000999000999,0.002733238922886596,False
3020,Fibroblast,Pericyte,Histamine,0.42941254,0.04603785707963146,0.4816400381492662,0.6757161428435308,0.0,0.011988011988011988,0.02048481266085178,False
3021,Fibroblast,Pericyte,Hydroxylansoprazole,-0.48755917,-0.030179154955785735,0.5120379135529703,0.6757161428435308,0.0,0.012987012987012988,0.02170829436309107,False
3022,Fibroblast,Pericyte,Hyodeoxycholic acid,0.0,0.0,0.5,0.6757161428435308,0.0,0.000999000999000999,0.002733238922886596,False
3023,Fibroblast,Pericyte,Iron,-5.9955606,-0.6427915722018035,0.7398203237786303,0.761615357867035,0.0,0.5094905094905094,0.5231301509460177,False
3024,Fibroblast,Pericyte,Isoursodeoxycholic acid,0.0,0.0,0.5,0.6757161428435308,0.0,0.000999000999000999,0.002733238922886596,False
3025,Fibroblast,Pericyte,Ketone bodies,-0.8443123,-0.09051978111034441,0.5360629122863392,0.6757161428435308,0.0,0.011988011988011988,0.02048481266085178,False
3026,Fibroblast,Pericyte,L-Arginine,-0.15068504,-0.01615513224939302,0.5064446849673134,0.6757161428435308,0.0,0.001998001998001998,0.005057316928544293,False
3027,Fibroblast,Pericyte,L-Carnitine,0.7330531,0.055572611199492604,0.47784114193618854,0.6757161428435308,0.0,0.02197802197802198,0.03289121062140334,False
3028,Fibroblast,Pericyte,L-Cystine,-0.15068504,-0.01615513224939302,0.5064446849673134,0.6757161428435308,0.0,0.001998001998001998,0.005057316928544293,False
3029,Fibroblast,Pericyte,L-Dopa,0.0,0.0,0.5,0.6757161428435308,0.0,0.000999000999000999,0.002733238922886596,False
3030,Fibroblast,Pericyte,L-Glutamate,-0.8443123,-0.06400715105464648,0.5255177336160268,0.6757161428435308,0.0,0.011988011988011988,0.02048481266085178,False
3031,Fibroblast,Pericyte,L-Lactate,-0.8443123,-0.09051978111034441,0.5360629122863392,0.6757161428435308,0.0,0.011988011988011988,0.02048481266085178,False
3032,Fibroblast,Pericyte,L-Lysine,-0.15068504,-0.01615513224939302,0.5064446849673134,0.6757161428435308,0.0,0.001998001998001998,0.005057316928544293,False
3033,Fibroblast,Pericyte,L-Ornithine,-0.15068504,-0.01615513224939302,0.5064446849673134,0.6757161428435308,0.0,0.001998001998001998,0.005057316928544293,False
3034,Fibroblast,Pericyte,Lithocholic acid,0.0,0.0,0.5,0.6757161428435308,0.0,0.000999000999000999,0.002733238922886596,False
3035,Fibroblast,Pericyte,N-Desmethylcitalopram,-0.48755917,-0.052271829712914955,0.5208439503733845,0.6757161428435308,0.0,0.012987012987012988,0.02170829436309107,False
3036,Fibroblast,Pericyte,N-Desmethyleletriptan,-0.48755917,-0.052271829712914955,0.5208439503733845,0.6757161428435308,0.0,0.012987012987012988,0.02170829436309107,False
3037,Fibroblast,Pericyte,N-Desmethyltamoxifen,-0.48755917,-0.030179154955785735,0.5120379135529703,0.6757161428435308,0.0,0.012987012987012988,0.02170829436309107,False
3038,Fibroblast,Pericyte,N-desmethylimatinib,-0.48755917,-0.030179154955785735,0.5120379135529703,0.6757161428435308,0.0,0.012987012987012988,0.02170829436309107,False
3039,Fibroblast,Pericyte,Neurotransmitter,-2.65042,-0.28415484514993816,0.6118541409827267,0.6800205699783143,0.0,0.023976023976023976,0.03535971648515611,False
3040,Fibroblast,Pericyte,Nicotinate,0.11102104,0.005951352530985214,0.4976257678651527,0.6757161428435308,0.0,0.04795204795204795,0.061416897091912365,False
3041,Fibroblast,Pericyte,Norepinephrine,0.42941254,0.04603785707963146,0.4816400381492662,0.6757161428435308,0.0,0.011988011988011988,0.02048481266085178,False
3042,Fibroblast,Pericyte,O-Deethylated candesartan,-0.48755917,-0.052271829712914955,0.5208439503733845,0.6757161428435308,0.0,0.012987012987012988,0.02170829436309107,False
3043,Fibroblast,Pericyte,O-Desmethylverapamil (D-702),0.2787284,0.009449777627362897,0.496230140271146,0.6757161428435308,0.0,0.054945054945054944,0.06925939791671254,False
3044,Fibroblast,Pericyte,Oxalic acid,0.0,0.0,0.5,0.6757161428435308,0.0,0.000999000999000999,0.002733238922886596,False
3045,Fibroblast,Pericyte,Phosphate,0.0,0.0,0.5,0.6757161428435308,0.0,0.000999000999000999,0.002733238922886596,False
3046,Fibroblast,Pericyte,Progesterone,-0.48755917,-0.052271829712914955,0.5208439503733845,0.6757161428435308,0.0,0.012987012987012988,0.02170829436309107,False
3047,Fibroblast,Pericyte,Pyruvate,-0.8443123,-0.09051978111034441,0.5360629122863392,0.6757161428435308,0.0,0.011988011988011988,0.02048481266085178,False
3048,Fibroblast,Pericyte,Sodium,0.35080713,0.02171441623426868,0.49133788199628503,0.6757161428435308,0.0,0.04795204795204795,0.061416897091912365,False
3049,Fibroblast,Pericyte,Sodium_hydrogen exchange,29.12593,1.802849855684113,0.03570589896036059,0.6757161428435308,16.31534,0.03196803196803197,0.044261263719771314,True
3050,Fibroblast,Pericyte,Sulfolithocholic acid,0.0,0.0,0.5,0.6757161428435308,0.0,0.000999000999000999,0.002733238922886596,False
3051,Fibroblast,Pericyte,Taurocholic acid,-3.0175548,-0.10783860942444018,0.5429381422164349,0.6757161428435308,0.0,0.03696303696303696,0.050226291315079385,False
3052,Fibroblast,Pericyte,Testosterone,-0.48755917,-0.026135914856457478,0.5104255345368428,0.6757161428435308,0.0,0.012987012987012988,0.02170829436309107,False
3053,Fibroblast,Pericyte,Trihydroxycoprostanoic acid,0.0,0.0,0.5,0.6757161428435308,0.0,0.000999000999000999,0.002733238922886596,False
3054,Fibroblast,Pericyte,Ursocholic acid,0.0,0.0,0.5,0.6757161428435308,0.0,0.000999000999000999,0.002733238922886596,False
3055,Fibroblast,Pericyte,Ursodeoxycholic acid,0.0,0.0,0.5,0.6757161428435308,0.0,0.000999000999000999,0.002733238922886596,False
3056,Fibroblast,Pericyte,Ursodeoxycholic acid 3-sulfate,0.0,0.0,0.5,0.6757161428435308,0.0,0.000999000999000999,0.002733238922886596,False
3057,Fibroblast,Pericyte,Varanic acid,0.0,0.0,0.5,0.6757161428435308,0.0,0.000999000999000999,0.002733238922886596,False
3058,Fibroblast,Pericyte,Water,-0.49240476,-0.030479089409844787,0.5121575150668795,0.6757161428435308,0.0,0.04095904095904096,0.054352820175604985,False
3059,Fibroblast,Pericyte,alpha-Ketoisovaleric acid,-0.8443123,-0.09051978111034441,0.5360629122863392,0.6757161428435308,0.0,0.011988011988011988,0.02048481266085178,False
3060,Fibroblast,Plasma,"(3a,5b,7a)-23-Carboxy-7-hydroxy-24-norcholan-3-yl-b-D-Glucopyranosiduronic acid",1.6878532,0.058799152982463146,0.4765560415586255,0.6757161428435308,0.0,0.013986013986013986,0.022891498301334367,False
3061,Fibroblast,Plasma,17a-Ethynylestradiol,-6.4843807,-0.22589410631427476,0.5893581090801393,0.6795983862910224,0.0,0.058941058941058944,0.07323968011443317,False
3062,Fibroblast,Plasma,"1b,3a,12a-Trihydroxy-5b-cholanoic acid",1.6878532,0.058799152982463146,0.4765560415586255,0.6757161428435308,0.0,0.013986013986013986,0.022891498301334367,False
3063,Fibroblast,Plasma,2-Hydroxychlorpropamide,-14.950587,-0.3007004093176681,0.6181785216838775,0.6800205699783143,0.0,0.11588411588411589,0.13337805835518554,False
3064,Fibroblast,Plasma,25-Hydroxycholesterol,-7.6202664,-0.2654645602362942,0.6046741962187874,0.6795983862910224,14.167128,0.3076923076923077,0.3251831069617035,False
3065,Fibroblast,Plasma,"3',4'-Dihydrodiol",-6.4843807,-0.22589410631427476,0.5893581090801393,0.6795983862910224,0.0,0.058941058941058944,0.07323968011443317,False
3066,Fibroblast,Plasma,3-Sulfodeoxycholic acid,1.6878532,0.058799152982463146,0.4765560415586255,0.6757161428435308,0.0,0.013986013986013986,0.022891498301334367,False
3067,Fibroblast,Plasma,"3alpha,7alpha-Dihydroxycoprostanic acid",1.6878532,0.058799152982463146,0.4765560415586255,0.6757161428435308,0.0,0.013986013986013986,0.022891498301334367,False
3068,Fibroblast,Plasma,3b-Hydroxy-5-cholenoic acid,1.6878532,0.058799152982463146,0.4765560415586255,0.6757161428435308,0.0,0.013986013986013986,0.022891498301334367,False
3069,Fibroblast,Plasma,4'-Hydroxydiclofenac,-6.4843807,-0.22589410631427476,0.5893581090801393,0.6795983862910224,0.0,0.058941058941058944,0.07323968011443317,False
3070,Fibroblast,Plasma,4-Hydroxycyclophosphamide,-6.4843807,-0.22589410631427476,0.5893581090801393,0.6795983862910224,0.0,0.058941058941058944,0.07323968011443317,False
3071,Fibroblast,Plasma,4-ene-Valproic acid,-10.023896,-0.20161012009401547,0.5798892334998894,0.6774522894097766,0.0,0.2007992007992008,0.21851677734030675,False
3072,Fibroblast,Plasma,5-Hydroxyomeprazole,-13.149615,-0.2048634296546445,0.5811605859500444,0.6777806646174732,0.0,0.15584415584415584,0.17476550904969518,False
3073,Fibroblast,Plasma,8-Hydroxycarvedilol,-6.4843807,-0.22589410631427476,0.5893581090801393,0.6795983862910224,0.0,0.058941058941058944,0.07323968011443317,False
3074,Fibroblast,Plasma,Acetate,2.1097715,0.051970490485723185,0.4792761034038665,0.6757161428435308,15.37353,0.3786213786213786,0.39501218635403407,False
3075,Fibroblast,Plasma,Acetyl-L-Carnitine,-1.8953627,-0.06602808956947286,0.5263222689980946,0.6757161428435308,0.0,0.08091908091908091,0.09614299565187362,False
3076,Fibroblast,Plasma,Adenosine diphosphate ribose,-9.318362,-0.3246205304482724,0.6272658564975296,0.6824947651564541,36.288155,0.4205794205794206,0.43675822279091225,False
3077,Fibroblast,Plasma,Adenosine triphosphate,-7.4107313,-0.25816505838160936,0.6018602382885376,0.6795983862910224,19.777864,0.5984015984015985,0.6084620197132322,False
3078,Fibroblast,Plasma,Amiloride-sensitive sodium transport,-2.4427812,-0.08509831578301888,0.5339083853689275,0.6757161428435308,0.0,0.025974025974025976,0.03748889935213937,False
3079,Fibroblast,Plasma,Anion exchange,41.0271,0.8251759894562324,0.20463584145363622,0.6757161428435308,38.364742,0.14085914085914086,0.15949666894761405,False
3080,Fibroblast,Plasma,Butyrate,-2.8390863,-0.09890425757870024,0.5393928557876082,0.6757161428435308,0.0,0.05194805194805195,0.06578482922352462,False
3081,Fibroblast,Plasma,Chenodeoxycholic acid,1.6878532,0.058799152982463146,0.4765560415586255,0.6757161428435308,0.0,0.013986013986013986,0.022891498301334367,False
3082,Fibroblast,Plasma,Chenodeoxycholic acid 3-sulfate,1.6878532,0.058799152982463146,0.4765560415586255,0.6757161428435308,0.0,0.013986013986013986,0.022891498301334367,False
3083,Fibroblast,Plasma,Chloride,72.525986,2.526562432180755,0.005759245681048518,0.3853793120616508,48.777584,0.01098901098901099,0.01912057513717265,True
3084,Fibroblast,Plasma,Chloride ion,-2.8871787,-0.10057963450947134,0.5400579179910849,0.6757161428435308,0.0,0.2177822177822178,0.23585574205408916,False
3085,Fibroblast,Plasma,Cholesterol,-11.822193,-0.23777917570267085,0.5939738145581717,0.6795983862910224,0.0,0.0989010989010989,0.11507360563964338,False
3086,Fibroblast,Plasma,Cholic acid,-7.811804,-0.15711841700055343,0.56242423840822,0.6757161428435308,0.0,0.11888111888111888,0.1365775776734681,False
3087,Fibroblast,Plasma,Choline,-1.8953627,-0.06602808956947286,0.5263222689980946,0.6757161428435308,0.0,0.08091908091908091,0.09614299565187362,False
3088,Fibroblast,Plasma,Citric acid,4.948858,0.17240163006679188,0.4315608953795379,0.6757161428435308,15.37353,0.3596403596403596,0.37570799902638463,False
3089,Fibroblast,Plasma,Coprocholic acid,1.6878532,0.058799152982463146,0.4765560415586255,0.6757161428435308,0.0,0.013986013986013986,0.022891498301334367,False
3090,Fibroblast,Plasma,Cortisol,-11.822193,-0.23777917570267085,0.5939738145581717,0.6795983862910224,0.0,0.0989010989010989,0.11507360563964338,False
3091,Fibroblast,Plasma,Creatine,-1.8953627,-0.06602808956947286,0.5263222689980946,0.6757161428435308,0.0,0.08091908091908091,0.09614299565187362,False
3092,Fibroblast,Plasma,D-Lactate,-2.8390863,-0.09890425757870024,0.5393928557876082,0.6757161428435308,0.0,0.05194805194805195,0.06578482922352462,False
3093,Fibroblast,Plasma,Deoxycholic acid,1.6878532,0.058799152982463146,0.4765560415586255,0.6757161428435308,0.0,0.013986013986013986,0.022891498301334367,False
3094,Fibroblast,Plasma,Dopamine,-1.8953627,-0.06602808956947286,0.5263222689980946,0.6757161428435308,0.0,0.08091908091908091,0.09614299565187362,False
3095,Fibroblast,Plasma,E-3179,-6.4843807,-0.22589410631427476,0.5893581090801393,0.6795983862910224,0.0,0.058941058941058944,0.07323968011443317,False
3096,Fibroblast,Plasma,Estradiol,-6.873335,-0.1197219833103358,0.5476483072757973,0.6757161428435308,15.37353,0.41858141858141856,0.43475513918050246,False
3097,Fibroblast,Plasma,Estriol,-6.4843807,-0.22589410631427476,0.5893581090801393,0.6795983862910224,0.0,0.058941058941058944,0.07323968011443317,False
3098,Fibroblast,Plasma,Fatty acid,20.254074,0.40736917287295693,0.3418684324032868,0.6757161428435308,224.61728,0.13986013986013987,0.15865108741574027,False
3099,Fibroblast,Plasma,Folic acid,1.4134954,0.034818960581651535,0.4861120507201009,0.6757161428435308,0.0,0.01898101898101898,0.02908419229978304,False
3100,Fibroblast,Plasma,Folinic acid,1.6878532,0.058799152982463146,0.4765560415586255,0.6757161428435308,0.0,0.013986013986013986,0.022891498301334367,False
3101,Fibroblast,Plasma,Glutathione,1.6878532,0.058799152982463146,0.4765560415586255,0.6757161428435308,0.0,0.013986013986013986,0.022891498301334367,False
3102,Fibroblast,Plasma,Glycerol,-6.4843807,-0.22589410631427476,0.5893581090801393,0.6795983862910224,0.0,0.058941058941058944,0.07323968011443317,False
3103,Fibroblast,Plasma,Glycochenodeoxycholate-3-sulfate,1.6878532,0.058799152982463146,0.4765560415586255,0.6757161428435308,0.0,0.013986013986013986,0.022891498301334367,False
3104,Fibroblast,Plasma,Glycyl-glycine,0.0,0.0,0.5,0.6757161428435308,0.0,0.000999000999000999,0.002733238922886596,False
3105,Fibroblast,Plasma,Histamine,-1.8953627,-0.06602808956947286,0.5263222689980946,0.6757161428435308,0.0,0.08091908091908091,0.09614299565187362,False
3106,Fibroblast,Plasma,Hydroxylansoprazole,-11.822193,-0.23777917570267085,0.5939738145581717,0.6795983862910224,0.0,0.0989010989010989,0.11507360563964338,False
3107,Fibroblast,Plasma,Hyodeoxycholic acid,1.6878532,0.058799152982463146,0.4765560415586255,0.6757161428435308,0.0,0.013986013986013986,0.022891498301334367,False
3108,Fibroblast,Plasma,Iron,-32.882126,-1.1455031331458339,0.8739996008496527,0.8791711961209524,16.964859,0.948051948051948,0.9485043348571264,False
3109,Fibroblast,Plasma,Isoursodeoxycholic acid,1.6878532,0.058799152982463146,0.4765560415586255,0.6757161428435308,0.0,0.013986013986013986,0.022891498301334367,False
3110,Fibroblast,Plasma,Ketone bodies,-2.8390863,-0.09890425757870024,0.5393928557876082,0.6757161428435308,0.0,0.05194805194805195,0.06578482922352462,False
3111,Fibroblast,Plasma,L-Arginine,-2.2068048,-0.07687768635288901,0.5306395756429534,0.6757161428435308,0.0,0.013986013986013986,0.022891498301334367,False
3112,Fibroblast,Plasma,L-Carnitine,-10.061473,-0.24784659556735064,0.5978734493200042,0.6795983862910224,0.0,0.11588411588411589,0.13337805835518554,False
3113,Fibroblast,Plasma,L-Cystine,-2.2068048,-0.07687768635288901,0.5306395756429534,0.6757161428435308,0.0,0.013986013986013986,0.022891498301334367,False
3114,Fibroblast,Plasma,L-Dopa,0.0,0.0,0.5,0.6757161428435308,0.0,0.000999000999000999,0.002733238922886596,False
3115,Fibroblast,Plasma,L-Glutamate,-8.108308,-0.1997338277395977,0.5791556219520673,0.6774522894097766,0.0,0.06493506493506493,0.07952522555326293,False
3116,Fibroblast,Plasma,L-Lactate,-2.8390863,-0.09890425757870024,0.5393928557876082,0.6757161428435308,0.0,0.05194805194805195,0.06578482922352462,False
3117,Fibroblast,Plasma,L-Lysine,-2.2068048,-0.07687768635288901,0.5306395756429534,0.6757161428435308,0.0,0.013986013986013986,0.022891498301334367,False
3118,Fibroblast,Plasma,L-Ornithine,-2.2068048,-0.07687768635288901,0.5306395756429534,0.6757161428435308,0.0,0.013986013986013986,0.022891498301334367,False
3119,Fibroblast,Plasma,Lithocholic acid,1.6878532,0.058799152982463146,0.4765560415586255,0.6757161428435308,0.0,0.013986013986013986,0.022891498301334367,False
3120,Fibroblast,Plasma,N-Desmethylcitalopram,-6.4843807,-0.22589410631427476,0.5893581090801393,0.6795983862910224,0.0,0.058941058941058944,0.07323968011443317,False
3121,Fibroblast,Plasma,N-Desmethyleletriptan,-6.4843807,-0.22589410631427476,0.5893581090801393,0.6795983862910224,0.0,0.058941058941058944,0.07323968011443317,False
3122,Fibroblast,Plasma,N-Desmethyltamoxifen,-11.822193,-0.23777917570267085,0.5939738145581717,0.6795983862910224,0.0,0.0989010989010989,0.11507360563964338,False
3123,Fibroblast,Plasma,N-desmethylimatinib,-11.822193,-0.23777917570267085,0.5939738145581717,0.6795983862910224,0.0,0.0989010989010989,0.11507360563964338,False
3124,Fibroblast,Plasma,Neurotransmitter,0.15364116,0.00535234357619908,0.4978647340432584,0.6757161428435308,0.0,0.0969030969030969,0.11308357690546929,False
3125,Fibroblast,Plasma,Nicotinate,-5.0750384,-0.08839867062805297,0.5352200910767727,0.6757161428435308,15.37353,0.46353646353646355,0.47781782295056635,False
3126,Fibroblast,Plasma,Norepinephrine,-1.8953627,-0.06602808956947286,0.5263222689980946,0.6757161428435308,0.0,0.08091908091908091,0.09614299565187362,False
3127,Fibroblast,Plasma,O-Deethylated candesartan,-6.4843807,-0.22589410631427476,0.5893581090801393,0.6795983862910224,0.0,0.058941058941058944,0.07323968011443317,False
3128,Fibroblast,Plasma,O-Desmethylverapamil (D-702),-26.524134,-0.29219824439648584,0.6149324730700163,0.6800205699783143,0.0,0.32967032967032966,0.34595034595034596,False
3129,Fibroblast,Plasma,Oxalic acid,4.948858,0.17240163006679188,0.4315608953795379,0.6757161428435308,15.37353,0.3596403596403596,0.37570799902638463,False
3130,Fibroblast,Plasma,Phosphate,0.27541387,0.00959449681940962,0.49617240828407405,0.6757161428435308,0.0,0.00999000999000999,0.017922750381392707,False
3131,Fibroblast,Plasma,Progesterone,-6.4843807,-0.22589410631427476,0.5893581090801393,0.6795983862910224,0.0,0.058941058941058944,0.07323968011443317,False
3132,Fibroblast,Plasma,Pyruvate,-2.8390863,-0.09890425757870024,0.5393928557876082,0.6757161428435308,0.0,0.05194805194805195,0.06578482922352462,False
3133,Fibroblast,Plasma,Sodium,-5.48729,-0.11036558568252211,0.5439402774960183,0.6757161428435308,0.0,0.34265734265734266,0.3590994144143094,False
3134,Fibroblast,Plasma,Sodium_hydrogen exchange,14.455646,0.2907456715873021,0.3856229194180289,0.6757161428435308,17.260508,0.17682317682317683,0.19546885451982113,False
3135,Fibroblast,Plasma,Sulfolithocholic acid,1.6878532,0.058799152982463146,0.4765560415586255,0.6757161428435308,0.0,0.013986013986013986,0.022891498301334367,False
3136,Fibroblast,Plasma,Taurocholic acid,-16.034206,-0.1861926825023996,0.5738531689293813,0.6769644544498953,15.37353,0.47052947052947053,0.48470854399449226,False
3137,Fibroblast,Plasma,Testosterone,-13.576435,-0.23647876357427558,0.5934694078813162,0.6795983862910224,0.0,0.11788211788211789,0.13550411576727367,False
3138,Fibroblast,Plasma,Trihydroxycoprostanoic acid,1.6878532,0.058799152982463146,0.4765560415586255,0.6757161428435308,0.0,0.013986013986013986,0.022891498301334367,False
3139,Fibroblast,Plasma,Ursocholic acid,1.6878532,0.058799152982463146,0.4765560415586255,0.6757161428435308,0.0,0.013986013986013986,0.022891498301334367,False
3140,Fibroblast,Plasma,Ursodeoxycholic acid,1.6878532,0.058799152982463146,0.4765560415586255,0.6757161428435308,0.0,0.013986013986013986,0.022891498301334367,False
3141,Fibroblast,Plasma,Ursodeoxycholic acid 3-sulfate,1.6878532,0.058799152982463146,0.4765560415586255,0.6757161428435308,0.0,0.013986013986013986,0.022891498301334367,False
3142,Fibroblast,Plasma,Varanic acid,1.6878532,0.058799152982463146,0.4765560415586255,0.6757161428435308,0.0,0.013986013986013986,0.022891498301334367,False
3143,Fibroblast,Plasma,Water,-18.550528,-0.37310582737814907,0.6454651591389569,0.6914127811621319,0.0,0.3086913086913087,0.3251831069617035,False
3144,Fibroblast,Plasma,alpha-Ketoisovaleric acid,-2.8390863,-0.09890425757870024,0.5393928557876082,0.6757161428435308,0.0,0.05194805194805195,0.06578482922352462,False
3145,Fibroblast,T,"(3a,5b,7a)-23-Carboxy-7-hydroxy-24-norcholan-3-yl-b-D-Glucopyranosiduronic acid",-0.3779867,-0.023441739965613082,0.50935104476712,0.6757161428435308,0.0,0.025974025974025976,0.03748889935213937,False
3146,Fibroblast,T,17a-Ethynylestradiol,-2.632376,-0.16325302649479292,0.564840391467127,0.6757161428435308,0.0,0.16783216783216784,0.18595461258839804,False
3147,Fibroblast,T,"1b,3a,12a-Trihydroxy-5b-cholanoic acid",-0.3779867,-0.023441739965613082,0.50935104476712,0.6757161428435308,0.0,0.025974025974025976,0.03748889935213937,False
3148,Fibroblast,T,2-Hydroxychlorpropamide,-8.334383,-0.29841878200107236,0.6173082221045901,0.6800205699783143,0.0,0.2057942057942058,0.22375895496033785,False
3149,Fibroblast,T,25-Hydroxycholesterol,-7.0492983,-0.43717892099924893,0.6690092022710624,0.7058648604560565,0.0,0.45054945054945056,0.46481155387174744,False
3150,Fibroblast,T,"3',4'-Dihydrodiol",-2.632376,-0.16325302649479292,0.564840391467127,0.6757161428435308,0.0,0.16783216783216784,0.18595461258839804,False
3151,Fibroblast,T,3-Sulfodeoxycholic acid,-0.3779867,-0.023441739965613082,0.50935104476712,0.6757161428435308,0.0,0.025974025974025976,0.03748889935213937,False
3152,Fibroblast,T,"3alpha,7alpha-Dihydroxycoprostanic acid",-0.3779867,-0.023441739965613082,0.50935104476712,0.6757161428435308,0.0,0.025974025974025976,0.03748889935213937,False
3153,Fibroblast,T,3b-Hydroxy-5-cholenoic acid,-0.3779867,-0.023441739965613082,0.50935104476712,0.6757161428435308,0.0,0.025974025974025976,0.03748889935213937,False
3154,Fibroblast,T,4'-Hydroxydiclofenac,-2.632376,-0.16325302649479292,0.564840391467127,0.6757161428435308,0.0,0.16783216783216784,0.18595461258839804,False
3155,Fibroblast,T,4-Hydroxycyclophosphamide,-2.632376,-0.16325302649479292,0.564840391467127,0.6757161428435308,0.0,0.16783216783216784,0.18595461258839804,False
3156,Fibroblast,T,4-ene-Valproic acid,-10.468706,-0.37483980861718086,0.6461101969020704,0.6917503214491953,0.0,0.1998001998001998,0.21754254054756045,False
3157,Fibroblast,T,5-Hydroxyomeprazole,-7.721861,-0.21416588742387002,0.5847911516082884,0.6795983862910224,0.0,0.2817182817182817,0.29993364793635613,False
3158,Fibroblast,T,8-Hydroxycarvedilol,-2.632376,-0.16325302649479292,0.564840391467127,0.6757161428435308,0.0,0.16783216783216784,0.18595461258839804,False
3159,Fibroblast,T,Acetate,-3.4863944,-0.15288850858462633,0.5607569009058504,0.6757161428435308,0.0,0.3726273726273726,0.3889522359485851,False
3160,Fibroblast,T,Acetyl-L-Carnitine,-4.291609,-0.26615427988087464,0.6049398036317066,0.6795983862910224,0.0,0.04095904095904096,0.054352820175604985,False
3161,Fibroblast,T,Adenosine diphosphate ribose,-3.7303472,-0.23134630974257223,0.591477113825904,0.6795983862910224,0.0,0.08191808191808192,0.0968906986206723,False
3162,Fibroblast,T,Adenosine triphosphate,-2.9267254,-0.18150780333157268,0.5720154956451444,0.676594251050414,18.712952,0.5304695304695305,0.5440491352769194,False
3163,Fibroblast,T,Amiloride-sensitive sodium transport,-1.1189568,-0.06939475511755105,0.5276622981665898,0.6757161428435308,0.0,0.03696303696303696,0.050226291315079385,False
3164,Fibroblast,T,Anion exchange,5.0705104,0.1815533953701689,0.42796661299518124,0.6757161428435308,17.822964,0.5034965034965035,0.5173979753296859,False
3165,Fibroblast,T,Butyrate,-2.3372295,-0.1449488197504848,0.5576243595840922,0.6757161428435308,0.0,0.0979020979020979,0.11408006591407852,False
3166,Fibroblast,T,Chenodeoxycholic acid,-0.3779867,-0.023441739965613082,0.50935104476712,0.6757161428435308,0.0,0.025974025974025976,0.03748889935213937,False
3167,Fibroblast,T,Chenodeoxycholic acid 3-sulfate,-0.3779867,-0.023441739965613082,0.50935104476712,0.6757161428435308,0.0,0.025974025974025976,0.03748889935213937,False
3168,Fibroblast,T,Chloride,-2.5121598,-0.15579753853078573,0.5619036945490171,0.6757161428435308,0.0,0.12187812187812187,0.13979091659616824,False
3169,Fibroblast,T,Chloride ion,0.5358984,0.033235007125962564,0.48674359094204667,0.6757161428435308,0.0,0.21078921078921078,0.22875502689167285,False
3170,Fibroblast,T,Cholesterol,-2.620194,-0.09381799331971673,0.5373731309373276,0.6757161428435308,0.0,0.18681318681318682,0.20460646788350081,False
3171,Fibroblast,T,Cholic acid,-7.7340426,-0.2769231487091122,0.6090804413332225,0.6800205699783143,0.0,0.26373626373626374,0.2817427138079312,False
3172,Fibroblast,T,Choline,-4.291609,-0.26615427988087464,0.6049398036317066,0.6795983862910224,0.0,0.04095904095904096,0.054352820175604985,False
3173,Fibroblast,T,Citric acid,-1.1491649,-0.07126818262088913,0.5284078412957284,0.6757161428435308,0.0,0.3116883116883117,0.32806550878840035,False
3174,Fibroblast,T,Coprocholic acid,-0.3779867,-0.023441739965613082,0.50935104476712,0.6757161428435308,0.0,0.025974025974025976,0.03748889935213937,False
3175,Fibroblast,T,Cortisol,-2.620194,-0.09381799331971673,0.5373731309373276,0.6757161428435308,0.0,0.18681318681318682,0.20460646788350081,False
3176,Fibroblast,T,Creatine,-4.291609,-0.26615427988087464,0.6049398036317066,0.6795983862910224,0.0,0.04095904095904096,0.054352820175604985,False
3177,Fibroblast,T,D-Lactate,-2.3372295,-0.1449488197504848,0.5576243595840922,0.6757161428435308,0.0,0.0979020979020979,0.11408006591407852,False
3178,Fibroblast,T,Deoxycholic acid,-0.3779867,-0.023441739965613082,0.50935104476712,0.6757161428435308,0.0,0.025974025974025976,0.03748889935213937,False
3179,Fibroblast,T,Dopamine,-4.291609,-0.26615427988087464,0.6049398036317066,0.6795983862910224,0.0,0.04095904095904096,0.054352820175604985,False
3180,Fibroblast,T,E-3179,-2.632376,-0.16325302649479292,0.564840391467127,0.6757161428435308,0.0,0.16783216783216784,0.18595461258839804,False
3181,Fibroblast,T,Estradiol,-3.7693589,-0.11688285685739802,0.5465235583629096,0.6757161428435308,0.0,0.4485514485514486,0.4629021511712242,False
3182,Fibroblast,T,Estriol,-2.632376,-0.16325302649479292,0.564840391467127,0.6757161428435308,0.0,0.16783216783216784,0.18595461258839804,False
3183,Fibroblast,T,Fatty acid,6.0654745,0.21717882574280795,0.4140344927445946,0.6757161428435308,79.74807,0.6123876123876124,0.6217785442967041,False
3184,Fibroblast,T,Folic acid,0.2805709,0.012303847649380622,0.49509159880413683,0.6757161428435308,0.0,0.028971028971028972,0.040621438303114626,False
3185,Fibroblast,T,Folinic acid,-0.3779867,-0.023441739965613082,0.50935104476712,0.6757161428435308,0.0,0.025974025974025976,0.03748889935213937,False
3186,Fibroblast,T,Glutathione,-0.3779867,-0.023441739965613082,0.50935104476712,0.6757161428435308,0.0,0.025974025974025976,0.03748889935213937,False
3187,Fibroblast,T,Glycerol,-2.632376,-0.16325302649479292,0.564840391467127,0.6757161428435308,0.0,0.16783216783216784,0.18595461258839804,False
3188,Fibroblast,T,Glycochenodeoxycholate-3-sulfate,-0.3779867,-0.023441739965613082,0.50935104476712,0.6757161428435308,0.0,0.025974025974025976,0.03748889935213937,False
3189,Fibroblast,T,Glycyl-glycine,0.0,0.0,0.5,0.6757161428435308,0.0,0.000999000999000999,0.002733238922886596,False
3190,Fibroblast,T,Histamine,-4.291609,-0.26615427988087464,0.6049398036317066,0.6795983862910224,0.0,0.04095904095904096,0.054352820175604985,False
3191,Fibroblast,T,Hydroxylansoprazole,-2.620194,-0.09381799331971673,0.5373731309373276,0.6757161428435308,0.0,0.18681318681318682,0.20460646788350081,False
3192,Fibroblast,T,Hyodeoxycholic acid,-0.3779867,-0.023441739965613082,0.50935104476712,0.6757161428435308,0.0,0.025974025974025976,0.03748889935213937,False
3193,Fibroblast,T,Iron,-7.3171916,-0.45379295907177947,0.6750110740986265,0.7109543965305359,21.60223,0.2957042957042957,0.3132334152879791,False
3194,Fibroblast,T,Isoursodeoxycholic acid,-0.3779867,-0.023441739965613082,0.50935104476712,0.6757161428435308,0.0,0.025974025974025976,0.03748889935213937,False
3195,Fibroblast,T,Ketone bodies,-2.3372295,-0.1449488197504848,0.5576243595840922,0.6757161428435308,0.0,0.0979020979020979,0.11408006591407852,False
3196,Fibroblast,T,L-Arginine,-0.31308034,-0.019416418477189456,0.5077455435866159,0.6757161428435308,0.0,0.003996003996003996,0.008992796112653,False
3197,Fibroblast,T,L-Carnitine,-5.7007875,-0.24999607160252582,0.5987048066961245,0.6795983862910224,0.0,0.06493506493506493,0.07952522555326293,False
3198,Fibroblast,T,L-Cystine,-0.31308034,-0.019416418477189456,0.5077455435866159,0.6757161428435308,0.0,0.003996003996003996,0.008992796112653,False
3199,Fibroblast,T,L-Dopa,0.0,0.0,0.5,0.6757161428435308,0.0,0.000999000999000999,0.002733238922886596,False
3200,Fibroblast,T,L-Glutamate,-2.8162313,-0.12349991013523506,0.5491443772757405,0.6757161428435308,0.0,0.1028971028971029,0.11932573326378636,False
3201,Fibroblast,T,L-Lactate,-2.3372295,-0.1449488197504848,0.5576243595840922,0.6757161428435308,0.0,0.0979020979020979,0.11408006591407852,False
3202,Fibroblast,T,L-Lysine,-0.31308034,-0.019416418477189456,0.5077455435866159,0.6757161428435308,0.0,0.003996003996003996,0.008992796112653,False
3203,Fibroblast,T,L-Ornithine,-0.31308034,-0.019416418477189456,0.5077455435866159,0.6757161428435308,0.0,0.003996003996003996,0.008992796112653,False
3204,Fibroblast,T,Lithocholic acid,-0.3779867,-0.023441739965613082,0.50935104476712,0.6757161428435308,0.0,0.025974025974025976,0.03748889935213937,False
3205,Fibroblast,T,N-Desmethylcitalopram,-2.632376,-0.16325302649479292,0.564840391467127,0.6757161428435308,0.0,0.16783216783216784,0.18595461258839804,False
3206,Fibroblast,T,N-Desmethyleletriptan,-2.632376,-0.16325302649479292,0.564840391467127,0.6757161428435308,0.0,0.16783216783216784,0.18595461258839804,False
3207,Fibroblast,T,N-Desmethyltamoxifen,-2.620194,-0.09381799331971673,0.5373731309373276,0.6757161428435308,0.0,0.18681318681318682,0.20460646788350081,False
3208,Fibroblast,T,N-desmethylimatinib,-2.620194,-0.09381799331971673,0.5373731309373276,0.6757161428435308,0.0,0.18681318681318682,0.20460646788350081,False
3209,Fibroblast,T,Neurotransmitter,0.2896498,0.017963318924430424,0.49283405797213165,0.6757161428435308,0.0,0.022977022977022976,0.034070126007891215,False
3210,Fibroblast,T,Nicotinate,-11.617871,-0.3602548953156666,0.6406717369060366,0.6878927923376903,0.0,0.44755244755244755,0.46194697983342553,False
3211,Fibroblast,T,Norepinephrine,-4.291609,-0.26615427988087464,0.6049398036317066,0.6795983862910224,0.0,0.04095904095904096,0.054352820175604985,False
3212,Fibroblast,T,O-Deethylated candesartan,-2.632376,-0.16325302649479292,0.564840391467127,0.6757161428435308,0.0,0.16783216783216784,0.18595461258839804,False
3213,Fibroblast,T,O-Desmethylverapamil (D-702),-15.916914,-0.3121563654301638,0.6225391541720474,0.6802284449633014,0.0,0.35564435564435565,0.3717804548783442,False
3214,Fibroblast,T,Oxalic acid,-1.1491649,-0.07126818262088913,0.5284078412957284,0.6757161428435308,0.0,0.3116883116883117,0.32806550878840035,False
3215,Fibroblast,T,Phosphate,-1.4222791,-0.08820600654895544,0.5351435283040071,0.6757161428435308,0.0,0.008991008991008992,0.016702140151638085,False
3216,Fibroblast,T,Progesterone,-2.632376,-0.16325302649479292,0.564840391467127,0.6757161428435308,0.0,0.16783216783216784,0.18595461258839804,False
3217,Fibroblast,T,Pyruvate,-2.3372295,-0.1449488197504848,0.5576243595840922,0.6757161428435308,0.0,0.0979020979020979,0.11408006591407852,False
3218,Fibroblast,T,Sodium,-4.112277,-0.1472431374015153,0.5585299435421595,0.6757161428435308,0.0,0.2787212787212787,0.29689362288854243,False
3219,Fibroblast,T,Sodium_hydrogen exchange,6.589958,0.23595835399071752,0.4067324932269739,0.6757161428435308,15.218726,0.2997002997002997,0.317305989751706,False
3220,Fibroblast,T,Sulfolithocholic acid,-0.3779867,-0.023441739965613082,0.50935104476712,0.6757161428435308,0.0,0.025974025974025976,0.03748889935213937,False
3221,Fibroblast,T,Taurocholic acid,-12.378456,-0.2558930864896373,0.6009833034386323,0.6795983862910224,0.0,0.5924075924075924,0.6034402844119443,False
3222,Fibroblast,T,Testosterone,-2.9747543,-0.09224321605582143,0.5367475985297971,0.6757161428435308,0.0,0.1918081918081918,0.20942085167046112,False
3223,Fibroblast,T,Trihydroxycoprostanoic acid,-0.3779867,-0.023441739965613082,0.50935104476712,0.6757161428435308,0.0,0.025974025974025976,0.03748889935213937,False
3224,Fibroblast,T,Ursocholic acid,-0.3779867,-0.023441739965613082,0.50935104476712,0.6757161428435308,0.0,0.025974025974025976,0.03748889935213937,False
3225,Fibroblast,T,Ursodeoxycholic acid,-0.3779867,-0.023441739965613082,0.50935104476712,0.6757161428435308,0.0,0.025974025974025976,0.03748889935213937,False
3226,Fibroblast,T,Ursodeoxycholic acid 3-sulfate,-0.3779867,-0.023441739965613082,0.50935104476712,0.6757161428435308,0.0,0.025974025974025976,0.03748889935213937,False
3227,Fibroblast,T,Varanic acid,-0.3779867,-0.023441739965613082,0.50935104476712,0.6757161428435308,0.0,0.025974025974025976,0.03748889935213937,False
3228,Fibroblast,T,Water,-1.7526455,-0.06275477530679403,0.5250191105392396,0.6757161428435308,0.0,0.0969030969030969,0.11308357690546929,False
3229,Fibroblast,T,alpha-Ketoisovaleric acid,-2.3372295,-0.1449488197504848,0.5576243595840922,0.6757161428435308,0.0,0.0979020979020979,0.11408006591407852,False
3230,IEC,IEC,"(3a,5b,7a)-23-Carboxy-7-hydroxy-24-norcholan-3-yl-b-D-Glucopyranosiduronic acid",652.30585,4.810823839326076,7.515472622641086e-07,7.87872046606874e-05,3444.962,0.03796203796203796,0.05117471469807518,False
3231,IEC,IEC,17a-Ethynylestradiol,534.5004,3.9419965476154144,4.040307000651839e-05,0.003137472967172848,2734.0715,0.000999000999000999,0.002733238922886596,True
3232,IEC,IEC,"1b,3a,12a-Trihydroxy-5b-cholanoic acid",652.30585,4.810823839326076,7.515472622641086e-07,7.87872046606874e-05,3444.962,0.03796203796203796,0.05117471469807518,False
3233,IEC,IEC,2-Hydroxychlorpropamide,707.32214,3.0117908526958708,0.0012985573388136571,0.0938842030015851,3091.619,0.000999000999000999,0.002733238922886596,True
3234,IEC,IEC,25-Hydroxycholesterol,-5.1217628,-0.037773535920663195,0.515065877707648,0.6757161428435308,220.25684,0.13086913086913088,0.14912442629833936,False
3235,IEC,IEC,"3',4'-Dihydrodiol",534.5004,3.9419965476154144,4.040307000651839e-05,0.003137472967172848,2734.0715,0.000999000999000999,0.002733238922886596,True
3236,IEC,IEC,3-Sulfodeoxycholic acid,652.30585,4.810823839326076,7.515472622641086e-07,7.87872046606874e-05,3444.962,0.03796203796203796,0.05117471469807518,False
3237,IEC,IEC,"3alpha,7alpha-Dihydroxycoprostanic acid",652.30585,4.810823839326076,7.515472622641086e-07,7.87872046606874e-05,3444.962,0.03796203796203796,0.05117471469807518,False
3238,IEC,IEC,3b-Hydroxy-5-cholenoic acid,652.30585,4.810823839326076,7.515472622641086e-07,7.87872046606874e-05,3444.962,0.03796203796203796,0.05117471469807518,False
3239,IEC,IEC,4'-Hydroxydiclofenac,534.5004,3.9419965476154144,4.040307000651839e-05,0.003137472967172848,2734.0715,0.000999000999000999,0.002733238922886596,True
3240,IEC,IEC,4-Hydroxycyclophosphamide,534.5004,3.9419965476154144,4.040307000651839e-05,0.003137472967172848,2734.0715,0.000999000999000999,0.002733238922886596,True
3241,IEC,IEC,4-ene-Valproic acid,579.7339,2.4685176802786724,0.0067836974803684455,0.43989131084038685,8349.787,0.003996003996003996,0.008992796112653,True
3242,IEC,IEC,5-Hydroxyomeprazole,2156.0403,7.111153471967281,5.753854271788558e-13,1.2063914456516677e-10,12459.073,0.000999000999000999,0.002733238922886596,True
3243,IEC,IEC,8-Hydroxycarvedilol,534.5004,3.9419965476154144,4.040307000651839e-05,0.003137472967172848,2734.0715,0.000999000999000999,0.002733238922886596,True
3244,IEC,IEC,Acetate,741.448,3.866641269610102,5.5172277808208315e-05,0.004232117407483297,3764.587,0.008991008991008992,0.016702140151638085,True
3245,IEC,IEC,Acetyl-L-Carnitine,316.09442,2.331229414065999,0.009870632963014004,0.5857196352580951,4005.9248,0.024975024975024976,0.03644001556318884,True
3246,IEC,IEC,Adenosine diphosphate ribose,128.14442,0.9450785312470125,0.17230939243735988,0.6757161428435308,30.340786,0.17282717282717283,0.19132047115151654,False
3247,IEC,IEC,Adenosine triphosphate,1489.9242,10.988346745655228,2.174088513023668e-28,1.139584728909906e-25,4960.896,0.000999000999000999,0.002733238922886596,True
3248,IEC,IEC,Amiloride-sensitive sodium transport,316.6118,2.335045031372548,0.009770534207550481,0.5857196352580951,8284.424,0.000999000999000999,0.002733238922886596,True
3249,IEC,IEC,Anion exchange,5956.1406,25.361357643341357,3.3673918712459874e-142,7.060298290045754e-139,156904.19,0.000999000999000999,0.002733238922886596,True
3250,IEC,IEC,Butyrate,129.6638,0.9562841077727691,0.1694643583861702,0.6757161428435308,1818.0549,0.1028971028971029,0.11932573326378636,False
3251,IEC,IEC,Chenodeoxycholic acid,652.30585,4.810823839326076,7.515472622641086e-07,7.87872046606874e-05,3444.962,0.03796203796203796,0.05117471469807518,False
3252,IEC,IEC,Chenodeoxycholic acid 3-sulfate,652.30585,4.810823839326076,7.515472622641086e-07,7.87872046606874e-05,3444.962,0.03796203796203796,0.05117471469807518,False
3253,IEC,IEC,Chloride,940.2487,6.934432625964942,2.0392736205666642e-12,4.13775195914978e-10,3977.6663,0.1028971028971029,0.11932573326378636,False
3254,IEC,IEC,Chloride ion,4447.775,32.80280504160754,2.6850326427500897e-236,1.6888855322898063e-232,5697.266,0.000999000999000999,0.002733238922886596,True
3255,IEC,IEC,Cholesterol,1713.1874,7.294783742909532,1.4956958439742172e-13,3.2441127098613194e-11,7270.326,0.000999000999000999,0.002733238922886596,True
3256,IEC,IEC,Cholic acid,977.3532,4.161588161641249,1.5802097005249037e-05,0.001461693972985536,7922.8184,0.000999000999000999,0.002733238922886596,True
3257,IEC,IEC,Choline,316.09442,2.331229414065999,0.009870632963014004,0.5857196352580951,4005.9248,0.024975024975024976,0.03644001556318884,True
3258,IEC,IEC,Citric acid,611.7842,4.511972304006195,3.2113788226590064e-06,0.0003206281395956373,1946.532,0.01098901098901099,0.01912057513717265,True
3259,IEC,IEC,Coprocholic acid,652.30585,4.810823839326076,7.515472622641086e-07,7.87872046606874e-05,3444.962,0.03796203796203796,0.05117471469807518,False
3260,IEC,IEC,Cortisol,1713.1874,7.294783742909532,1.4956958439742172e-13,3.2441127098613194e-11,7270.326,0.000999000999000999,0.002733238922886596,True
3261,IEC,IEC,Creatine,316.09442,2.331229414065999,0.009870632963014004,0.5857196352580951,4005.9248,0.024975024975024976,0.03644001556318884,True
3262,IEC,IEC,D-Lactate,129.6638,0.9562841077727691,0.1694643583861702,0.6757161428435308,1818.0549,0.1028971028971029,0.11932573326378636,False
3263,IEC,IEC,Deoxycholic acid,652.30585,4.810823839326076,7.515472622641086e-07,7.87872046606874e-05,3444.962,0.03796203796203796,0.05117471469807518,False
3264,IEC,IEC,Dopamine,316.09442,2.331229414065999,0.009870632963014004,0.5857196352580951,4005.9248,0.024975024975024976,0.03644001556318884,True
3265,IEC,IEC,E-3179,534.5004,3.9419965476154144,4.040307000651839e-05,0.003137472967172848,2734.0715,0.000999000999000999,0.002733238922886596,True
3266,IEC,IEC,Estradiol,2324.9717,8.573454638617145,5.0213048821127776e-18,1.5040003670709225e-15,9216.857,0.000999000999000999,0.002733238922886596,True
3267,IEC,IEC,Estriol,534.5004,3.9419965476154144,4.040307000651839e-05,0.003137472967172848,2734.0715,0.000999000999000999,0.002733238922886596,True
3268,IEC,IEC,Fatty acid,5394.6406,22.97048019209982,4.5994695124265016e-117,7.232665808290674e-114,60917.188,0.000999000999000999,0.002733238922886596,True
3269,IEC,IEC,Folic acid,1445.7128,7.539372511114966,2.3611910936161788e-14,6.188288324519069e-12,5783.3867,0.000999000999000999,0.002733238922886596,True
3270,IEC,IEC,Folinic acid,652.30585,4.810823839326076,7.515472622641086e-07,7.87872046606874e-05,3444.962,0.03796203796203796,0.05117471469807518,False
3271,IEC,IEC,Glutathione,652.30585,4.810823839326076,7.515472622641086e-07,7.87872046606874e-05,3444.962,0.03796203796203796,0.05117471469807518,False
3272,IEC,IEC,Glycerol,534.5004,3.9419965476154144,4.040307000651839e-05,0.003137472967172848,2734.0715,0.000999000999000999,0.002733238922886596,True
3273,IEC,IEC,Glycochenodeoxycholate-3-sulfate,652.30585,4.810823839326076,7.515472622641086e-07,7.87872046606874e-05,3444.962,0.03796203796203796,0.05117471469807518,False
3274,IEC,IEC,Glycyl-glycine,104.08992,0.7676740457793444,0.2213404296805339,0.6757161428435308,59.7383,0.003996003996003996,0.008992796112653,True
3275,IEC,IEC,Histamine,316.09442,2.331229414065999,0.009870632963014004,0.5857196352580951,4005.9248,0.024975024975024976,0.03644001556318884,True
3276,IEC,IEC,Hydroxylansoprazole,1713.1874,7.294783742909532,1.4956958439742172e-13,3.2441127098613194e-11,7270.326,0.000999000999000999,0.002733238922886596,True
3277,IEC,IEC,Hyodeoxycholic acid,652.30585,4.810823839326076,7.515472622641086e-07,7.87872046606874e-05,3444.962,0.03796203796203796,0.05117471469807518,False
3278,IEC,IEC,Iron,277.73093,2.0482946274219764,0.020265569554577777,0.6757161428435308,2549.5718,0.000999000999000999,0.002733238922886596,True
3279,IEC,IEC,Isoursodeoxycholic acid,652.30585,4.810823839326076,7.515472622641086e-07,7.87872046606874e-05,3444.962,0.03796203796203796,0.05117471469807518,False
3280,IEC,IEC,Ketone bodies,129.6638,0.9562841077727691,0.1694643583861702,0.6757161428435308,1818.0549,0.1028971028971029,0.11932573326378636,False
3281,IEC,IEC,L-Arginine,2.5378034,0.018716565556625066,0.4925336065832654,0.6757161428435308,583.84143,0.000999000999000999,0.002733238922886596,True
3282,IEC,IEC,L-Carnitine,370.88095,1.934139136860619,0.0265480115666979,0.6757161428435308,5040.623,0.001998001998001998,0.005057316928544293,True
3283,IEC,IEC,L-Cystine,2.5378034,0.018716565556625066,0.4925336065832654,0.6757161428435308,583.84143,0.000999000999000999,0.002733238922886596,True
3284,IEC,IEC,L-Dopa,104.08992,0.7676740457793444,0.2213404296805339,0.6757161428435308,59.7383,0.003996003996003996,0.008992796112653,True
3285,IEC,IEC,L-Glutamate,140.94563,0.7350295671601123,0.23116074365970396,0.6757161428435308,2206.125,0.04295704295704296,0.05616291835373108,False
3286,IEC,IEC,L-Lactate,129.6638,0.9562841077727691,0.1694643583861702,0.6757161428435308,1818.0549,0.1028971028971029,0.11932573326378636,False
3287,IEC,IEC,L-Lysine,2.5378034,0.018716565556625066,0.4925336065832654,0.6757161428435308,583.84143,0.000999000999000999,0.002733238922886596,True
3288,IEC,IEC,L-Ornithine,2.5378034,0.018716565556625066,0.4925336065832654,0.6757161428435308,583.84143,0.000999000999000999,0.002733238922886596,True
3289,IEC,IEC,Lithocholic acid,652.30585,4.810823839326076,7.515472622641086e-07,7.87872046606874e-05,3444.962,0.03796203796203796,0.05117471469807518,False
3290,IEC,IEC,N-Desmethylcitalopram,534.5004,3.9419965476154144,4.040307000651839e-05,0.003137472967172848,2734.0715,0.000999000999000999,0.002733238922886596,True
3291,IEC,IEC,N-Desmethyleletriptan,534.5004,3.9419965476154144,4.040307000651839e-05,0.003137472967172848,2734.0715,0.000999000999000999,0.002733238922886596,True
3292,IEC,IEC,N-Desmethyltamoxifen,1713.1874,7.294783742909532,1.4956958439742172e-13,3.2441127098613194e-11,7270.326,0.000999000999000999,0.002733238922886596,True
3293,IEC,IEC,N-desmethylimatinib,1713.1874,7.294783742909532,1.4956958439742172e-13,3.2441127098613194e-11,7270.326,0.000999000999000999,0.002733238922886596,True
3294,IEC,IEC,Neurotransmitter,337.41104,2.488441714866821,0.006415213303092152,0.42475464922578565,676.63074,0.000999000999000999,0.002733238922886596,True
3295,IEC,IEC,Nicotinate,1191.5181,4.393785172815461,5.569694925236774e-06,0.0005473965793709267,10296.319,0.000999000999000999,0.002733238922886596,True
3296,IEC,IEC,Norepinephrine,316.09442,2.331229414065999,0.009870632963014004,0.5857196352580951,4005.9248,0.024975024975024976,0.03644001556318884,True
3297,IEC,IEC,O-Deethylated candesartan,534.5004,3.9419965476154144,4.040307000651839e-05,0.003137472967172848,2734.0715,0.000999000999000999,0.002733238922886596,True
3298,IEC,IEC,O-Desmethylverapamil (D-702),2221.042,5.179942662704404,1.1097705607534353e-07,1.8866099532808402e-05,24497.328,0.000999000999000999,0.002733238922886596,True
3299,IEC,IEC,Oxalic acid,611.7842,4.511972304006195,3.2113788226590064e-06,0.0003206281395956373,1946.532,0.01098901098901099,0.01912057513717265,True
3300,IEC,IEC,Phosphate,186.32973,1.3742012237818484,0.08468961047111367,0.6757161428435308,334.90683,0.000999000999000999,0.002733238922886596,True
3301,IEC,IEC,Progesterone,534.5004,3.9419965476154144,4.040307000651839e-05,0.003137472967172848,2734.0715,0.000999000999000999,0.002733238922886596,True
3302,IEC,IEC,Pyruvate,129.6638,0.9562841077727691,0.1694643583861702,0.6757161428435308,1818.0549,0.1028971028971029,0.11932573326378636,False
3303,IEC,IEC,Sodium,6498.9775,27.6727673272836,7.427326645434846e-169,2.335894229989259e-165,11349.145,0.000999000999000999,0.002733238922886596,True
3304,IEC,IEC,Sodium_hydrogen exchange,2425.7637,10.328946865764578,2.606487938384983e-25,1.2611391640339648e-22,52567.66,0.000999000999000999,0.002733238922886596,True
3305,IEC,IEC,Sulfolithocholic acid,652.30585,4.810823839326076,7.515472622641086e-07,7.87872046606874e-05,3444.962,0.03796203796203796,0.05117471469807518,False
3306,IEC,IEC,Taurocholic acid,3159.6443,7.767569014959379,4.0003374305471274e-15,1.0940053233974535e-12,20095.783,0.000999000999000999,0.002733238922886596,True
3307,IEC,IEC,Testosterone,1779.7867,6.563056678170027,2.635789915643666e-11,5.0239753240602e-09,7671.6836,0.000999000999000999,0.002733238922886596,True
3308,IEC,IEC,Trihydroxycoprostanoic acid,652.30585,4.810823839326076,7.515472622641086e-07,7.87872046606874e-05,3444.962,0.03796203796203796,0.05117471469807518,False
3309,IEC,IEC,Ursocholic acid,652.30585,4.810823839326076,7.515472622641086e-07,7.87872046606874e-05,3444.962,0.03796203796203796,0.05117471469807518,False
3310,IEC,IEC,Ursodeoxycholic acid,652.30585,4.810823839326076,7.515472622641086e-07,7.87872046606874e-05,3444.962,0.03796203796203796,0.05117471469807518,False
3311,IEC,IEC,Ursodeoxycholic acid 3-sulfate,652.30585,4.810823839326076,7.515472622641086e-07,7.87872046606874e-05,3444.962,0.03796203796203796,0.05117471469807518,False
3312,IEC,IEC,Varanic acid,652.30585,4.810823839326076,7.515472622641086e-07,7.87872046606874e-05,3444.962,0.03796203796203796,0.05117471469807518,False
3313,IEC,IEC,Water,2738.9878,11.66266100344578,9.888176139504547e-32,5.654238901589418e-29,42747.008,0.000999000999000999,0.002733238922886596,True
3314,IEC,IEC,alpha-Ketoisovaleric acid,129.6638,0.9562841077727691,0.1694643583861702,0.6757161428435308,1818.0549,0.1028971028971029,0.11932573326378636,False
3315,IEC,MAST,"(3a,5b,7a)-23-Carboxy-7-hydroxy-24-norcholan-3-yl-b-D-Glucopyranosiduronic acid",0.0,0.0,0.5,0.6757161428435308,0.0,0.000999000999000999,0.002733238922886596,False
3316,IEC,MAST,17a-Ethynylestradiol,0.0,0.0,0.5,0.6757161428435308,0.0,0.000999000999000999,0.002733238922886596,False
3317,IEC,MAST,"1b,3a,12a-Trihydroxy-5b-cholanoic acid",0.0,0.0,0.5,0.6757161428435308,0.0,0.000999000999000999,0.002733238922886596,False
3318,IEC,MAST,2-Hydroxychlorpropamide,0.0,0.0,0.5,0.6757161428435308,0.0,0.000999000999000999,0.002733238922886596,False
3319,IEC,MAST,25-Hydroxycholesterol,21.91342,2.1591934038278024,0.015417582795529367,0.6757161428435308,30.494682,0.017982017982017984,0.027654497092149906,True
3320,IEC,MAST,"3',4'-Dihydrodiol",0.0,0.0,0.5,0.6757161428435308,0.0,0.000999000999000999,0.002733238922886596,False
3321,IEC,MAST,3-Sulfodeoxycholic acid,0.0,0.0,0.5,0.6757161428435308,0.0,0.000999000999000999,0.002733238922886596,False
3322,IEC,MAST,"3alpha,7alpha-Dihydroxycoprostanic acid",0.0,0.0,0.5,0.6757161428435308,0.0,0.000999000999000999,0.002733238922886596,False
3323,IEC,MAST,3b-Hydroxy-5-cholenoic acid,0.0,0.0,0.5,0.6757161428435308,0.0,0.000999000999000999,0.002733238922886596,False
3324,IEC,MAST,4'-Hydroxydiclofenac,0.0,0.0,0.5,0.6757161428435308,0.0,0.000999000999000999,0.002733238922886596,False
3325,IEC,MAST,4-Hydroxycyclophosphamide,0.0,0.0,0.5,0.6757161428435308,0.0,0.000999000999000999,0.002733238922886596,False
3326,IEC,MAST,4-ene-Valproic acid,-1.7971547,-0.10223655686480253,0.5407155442079169,0.6757161428435308,0.0,0.21478521478521478,0.23265007766471515,False
3327,IEC,MAST,5-Hydroxyomeprazole,-8.564297,-0.3773880039601766,0.6470573597859245,0.6926067856513338,0.0,0.15784215784215785,0.17618938293294995,False
3328,IEC,MAST,8-Hydroxycarvedilol,0.0,0.0,0.5,0.6757161428435308,0.0,0.000999000999000999,0.002733238922886596,False
3329,IEC,MAST,Acetate,8.951881,0.6237071317458656,0.26640996928878247,0.6757161428435308,30.494682,0.07592407592407592,0.09101628312606014,False
3330,IEC,MAST,Acetyl-L-Carnitine,-2.0402772,-0.2010344902765727,0.5796641973862688,0.6774522894097766,0.0,0.15084915084915085,0.16964798119813318,False
3331,IEC,MAST,Adenosine diphosphate ribose,0.44456777,0.04380456396784985,0.4825300945289859,0.6757161428435308,0.0,0.03596403596403597,0.0489534270101247,False
3332,IEC,MAST,Adenosine triphosphate,-0.13821098,-0.013618332721147604,0.5054327607848033,0.6757161428435308,0.0,0.25074925074925075,0.26914893979740395,False
3333,IEC,MAST,Amiloride-sensitive sodium transport,-10.074244,-0.9926447120770558,0.8395584364402788,0.846285667501499,0.0,0.44955044955044954,0.4638570091325997,False
3334,IEC,MAST,Anion exchange,0.22831154,0.01298818964415671,0.49481860768297975,0.6757161428435308,0.0,0.7092907092907093,0.716696957660813,False
3335,IEC,MAST,Butyrate,0.0,0.0,0.5,0.6757161428435308,0.0,0.000999000999000999,0.002733238922886596,False
3336,IEC,MAST,Chenodeoxycholic acid,0.0,0.0,0.5,0.6757161428435308,0.0,0.000999000999000999,0.002733238922886596,False
3337,IEC,MAST,Chenodeoxycholic acid 3-sulfate,0.0,0.0,0.5,0.6757161428435308,0.0,0.000999000999000999,0.002733238922886596,False
3338,IEC,MAST,Chloride,0.0,0.0,0.5,0.6757161428435308,0.0,0.000999000999000999,0.002733238922886596,False
3339,IEC,MAST,Chloride ion,7.006056,0.6903271935633809,0.24499422527424736,0.6757161428435308,18.7278,0.08091908091908091,0.09614299565187362,False
3340,IEC,MAST,Cholesterol,-8.564297,-0.4872058181320741,0.686943758669652,0.7194266137249602,0.0,0.15784215784215785,0.17618938293294995,False
3341,IEC,MAST,Cholic acid,0.0,0.0,0.5,0.6757161428435308,0.0,0.000999000999000999,0.002733238922886596,False
3342,IEC,MAST,Choline,-2.0402772,-0.2010344902765727,0.5796641973862688,0.6774522894097766,0.0,0.15084915084915085,0.16964798119813318,False
3343,IEC,MAST,Citric acid,8.951881,0.882055084663826,0.1888735098125019,0.6757161428435308,30.494682,0.07592407592407592,0.09101628312606014,False
3344,IEC,MAST,Coprocholic acid,0.0,0.0,0.5,0.6757161428435308,0.0,0.000999000999000999,0.002733238922886596,False
3345,IEC,MAST,Cortisol,-8.564297,-0.4872058181320741,0.686943758669652,0.7194266137249602,0.0,0.15784215784215785,0.17618938293294995,False
3346,IEC,MAST,Creatine,-2.0402772,-0.2010344902765727,0.5796641973862688,0.6774522894097766,0.0,0.15084915084915085,0.16964798119813318,False
3347,IEC,MAST,D-Lactate,0.0,0.0,0.5,0.6757161428435308,0.0,0.000999000999000999,0.002733238922886596,False
3348,IEC,MAST,Deoxycholic acid,0.0,0.0,0.5,0.6757161428435308,0.0,0.000999000999000999,0.002733238922886596,False
3349,IEC,MAST,Dopamine,-2.0402772,-0.2010344902765727,0.5796641973862688,0.6774522894097766,0.0,0.15084915084915085,0.16964798119813318,False
3350,IEC,MAST,E-3179,0.0,0.0,0.5,0.6757161428435308,0.0,0.000999000999000999,0.002733238922886596,False
3351,IEC,MAST,Estradiol,0.38758445,0.019094915211915357,0.4923826938824433,0.6757161428435308,30.494682,0.13786213786213786,0.1564975360319161,False
3352,IEC,MAST,Estriol,0.0,0.0,0.5,0.6757161428435308,0.0,0.000999000999000999,0.002733238922886596,False
3353,IEC,MAST,Fatty acid,2.6406717,0.15022256611991336,0.4402945113619599,0.6757161428435308,116.17139,0.3386613386613387,0.35508915155522924,False
3354,IEC,MAST,Folic acid,-3.8026774,-0.2649450882375329,0.6044741181637361,0.6795983862910224,0.0,0.07592407592407592,0.09101628312606014,False
3355,IEC,MAST,Folinic acid,0.0,0.0,0.5,0.6757161428435308,0.0,0.000999000999000999,0.002733238922886596,False
3356,IEC,MAST,Glutathione,0.0,0.0,0.5,0.6757161428435308,0.0,0.000999000999000999,0.002733238922886596,False
3357,IEC,MAST,Glycerol,0.0,0.0,0.5,0.6757161428435308,0.0,0.000999000999000999,0.002733238922886596,False
3358,IEC,MAST,Glycochenodeoxycholate-3-sulfate,0.0,0.0,0.5,0.6757161428435308,0.0,0.000999000999000999,0.002733238922886596,False
3359,IEC,MAST,Glycyl-glycine,0.0,0.0,0.5,0.6757161428435308,0.0,0.000999000999000999,0.002733238922886596,False
3360,IEC,MAST,Histamine,-2.0402772,-0.2010344902765727,0.5796641973862688,0.6774522894097766,0.0,0.15084915084915085,0.16964798119813318,False
3361,IEC,MAST,Hydroxylansoprazole,-8.564297,-0.4872058181320741,0.686943758669652,0.7194266137249602,0.0,0.15784215784215785,0.17618938293294995,False
3362,IEC,MAST,Hyodeoxycholic acid,0.0,0.0,0.5,0.6757161428435308,0.0,0.000999000999000999,0.002733238922886596,False
3363,IEC,MAST,Iron,-9.036424,-0.8903852824921175,0.8133704788699374,0.8237160380118993,0.0,0.28471528471528473,0.3019489362433217,False
3364,IEC,MAST,Isoursodeoxycholic acid,0.0,0.0,0.5,0.6757161428435308,0.0,0.000999000999000999,0.002733238922886596,False
3365,IEC,MAST,Ketone bodies,0.0,0.0,0.5,0.6757161428435308,0.0,0.000999000999000999,0.002733238922886596,False
3366,IEC,MAST,L-Arginine,-1.6790346,-0.16544019412881308,0.5657012404026257,0.6757161428435308,0.0,0.03396603396603397,0.04659680559353405,False
3367,IEC,MAST,L-Carnitine,-2.3689237,-0.16505073251102717,0.5655479745906332,0.6757161428435308,0.0,0.17282717282717283,0.19132047115151654,False
3368,IEC,MAST,L-Cystine,-1.6790346,-0.16544019412881308,0.5657012404026257,0.6757161428435308,0.0,0.03396603396603397,0.04659680559353405,False
3369,IEC,MAST,L-Dopa,0.0,0.0,0.5,0.6757161428435308,0.0,0.000999000999000999,0.002733238922886596,False
3370,IEC,MAST,L-Glutamate,0.0,0.0,0.5,0.6757161428435308,0.0,0.000999000999000999,0.002733238922886596,False
3371,IEC,MAST,L-Lactate,0.0,0.0,0.5,0.6757161428435308,0.0,0.000999000999000999,0.002733238922886596,False
3372,IEC,MAST,L-Lysine,-1.6790346,-0.16544019412881308,0.5657012404026257,0.6757161428435308,0.0,0.03396603396603397,0.04659680559353405,False
3373,IEC,MAST,L-Ornithine,-1.6790346,-0.16544019412881308,0.5657012404026257,0.6757161428435308,0.0,0.03396603396603397,0.04659680559353405,False
3374,IEC,MAST,Lithocholic acid,0.0,0.0,0.5,0.6757161428435308,0.0,0.000999000999000999,0.002733238922886596,False
3375,IEC,MAST,N-Desmethylcitalopram,0.0,0.0,0.5,0.6757161428435308,0.0,0.000999000999000999,0.002733238922886596,False
3376,IEC,MAST,N-Desmethyleletriptan,0.0,0.0,0.5,0.6757161428435308,0.0,0.000999000999000999,0.002733238922886596,False
3377,IEC,MAST,N-Desmethyltamoxifen,-8.564297,-0.4872058181320741,0.686943758669652,0.7194266137249602,0.0,0.15784215784215785,0.17618938293294995,False
3378,IEC,MAST,N-desmethylimatinib,-8.564297,-0.4872058181320741,0.686943758669652,0.7194266137249602,0.0,0.15784215784215785,0.17618938293294995,False
3379,IEC,MAST,Neurotransmitter,0.0,0.0,0.5,0.6757161428435308,0.0,0.000999000999000999,0.002733238922886596,False
3380,IEC,MAST,Nicotinate,7.1547265,0.3524880751455013,0.3622361300014111,0.6757161428435308,30.494682,0.16783216783216784,0.18595461258839804,False
3381,IEC,MAST,Norepinephrine,-2.0402772,-0.2010344902765727,0.5796641973862688,0.6774522894097766,0.0,0.15084915084915085,0.16964798119813318,False
3382,IEC,MAST,O-Deethylated candesartan,0.0,0.0,0.5,0.6757161428435308,0.0,0.000999000999000999,0.002733238922886596,False
3383,IEC,MAST,O-Desmethylverapamil (D-702),-12.18215,-0.37958175228963015,0.6478720458317876,0.6931646824769424,0.0,0.37962037962037964,0.39598875419770946,False
3384,IEC,MAST,Oxalic acid,8.951881,0.882055084663826,0.1888735098125019,0.6757161428435308,30.494682,0.07592407592407592,0.09101628312606014,False
3385,IEC,MAST,Phosphate,0.0,0.0,0.5,0.6757161428435308,0.0,0.000999000999000999,0.002733238922886596,False
3386,IEC,MAST,Progesterone,0.0,0.0,0.5,0.6757161428435308,0.0,0.000999000999000999,0.002733238922886596,False
3387,IEC,MAST,Pyruvate,0.0,0.0,0.5,0.6757161428435308,0.0,0.000999000999000999,0.002733238922886596,False
3388,IEC,MAST,Sodium,4.9657784,0.28249326039199923,0.38878265683077395,0.6757161428435308,18.7278,0.14385614385614387,0.16245155203862566,False
3389,IEC,MAST,Sodium_hydrogen exchange,-11.037615,-0.6279079688698037,0.7349678848197713,0.7589058887153977,14.265636,0.43356643356643354,0.44795217922681785,False
3390,IEC,MAST,Sulfolithocholic acid,0.0,0.0,0.5,0.6757161428435308,0.0,0.000999000999000999,0.002733238922886596,False
3391,IEC,MAST,Taurocholic acid,0.3875847,0.012729951305303787,0.49492162135718176,0.6757161428435308,30.494682,0.13786213786213786,0.1564975360319161,False
3392,IEC,MAST,Testosterone,-8.564297,-0.42193261537395726,0.6634628985527848,0.7043477187923225,0.0,0.15784215784215785,0.17618938293294995,False
3393,IEC,MAST,Trihydroxycoprostanoic acid,0.0,0.0,0.5,0.6757161428435308,0.0,0.000999000999000999,0.002733238922886596,False
3394,IEC,MAST,Ursocholic acid,0.0,0.0,0.5,0.6757161428435308,0.0,0.000999000999000999,0.002733238922886596,False
3395,IEC,MAST,Ursodeoxycholic acid,0.0,0.0,0.5,0.6757161428435308,0.0,0.000999000999000999,0.002733238922886596,False
3396,IEC,MAST,Ursodeoxycholic acid 3-sulfate,0.0,0.0,0.5,0.6757161428435308,0.0,0.000999000999000999,0.002733238922886596,False
3397,IEC,MAST,Varanic acid,0.0,0.0,0.5,0.6757161428435308,0.0,0.000999000999000999,0.002733238922886596,False
3398,IEC,MAST,Water,-2.8622577,-0.16282815260946817,0.5646731292527445,0.6757161428435308,0.0,0.09090909090909091,0.10668249660786974,False
3399,IEC,MAST,alpha-Ketoisovaleric acid,0.0,0.0,0.5,0.6757161428435308,0.0,0.000999000999000999,0.002733238922886596,False
3400,IEC,MNP,"(3a,5b,7a)-23-Carboxy-7-hydroxy-24-norcholan-3-yl-b-D-Glucopyranosiduronic acid",-13.675434,-0.7562532344645653,0.7752513094986266,0.78866743275859,0.0,0.43356643356643354,0.44795217922681785,False
3401,IEC,MNP,17a-Ethynylestradiol,0.20019303,0.011070700000593658,0.49558351991056726,0.6757161428435308,0.0,0.03896103896103896,0.05229725460199212,False
3402,IEC,MNP,"1b,3a,12a-Trihydroxy-5b-cholanoic acid",-13.675434,-0.7562532344645653,0.7752513094986266,0.78866743275859,0.0,0.43356643356643354,0.44795217922681785,False
3403,IEC,MNP,2-Hydroxychlorpropamide,0.20019303,0.006391671625460339,0.49745010930815237,0.6757161428435308,0.0,0.03896103896103896,0.05229725460199212,False
3404,IEC,MNP,25-Hydroxycholesterol,0.030762251,0.0017011563932449508,0.49932133711649357,0.6757161428435308,17.168694,0.5854145854145855,0.5965102449793849,False
3405,IEC,MNP,"3',4'-Dihydrodiol",0.20019303,0.011070700000593658,0.49558351991056726,0.6757161428435308,0.0,0.03896103896103896,0.05229725460199212,False
3406,IEC,MNP,3-Sulfodeoxycholic acid,-13.675434,-0.7562532344645653,0.7752513094986266,0.78866743275859,0.0,0.43356643356643354,0.44795217922681785,False
3407,IEC,MNP,"3alpha,7alpha-Dihydroxycoprostanic acid",-13.675434,-0.7562532344645653,0.7752513094986266,0.78866743275859,0.0,0.43356643356643354,0.44795217922681785,False
3408,IEC,MNP,3b-Hydroxy-5-cholenoic acid,-13.675434,-0.7562532344645653,0.7752513094986266,0.78866743275859,0.0,0.43356643356643354,0.44795217922681785,False
3409,IEC,MNP,4'-Hydroxydiclofenac,0.20019303,0.011070700000593658,0.49558351991056726,0.6757161428435308,0.0,0.03896103896103896,0.05229725460199212,False
3410,IEC,MNP,4-Hydroxycyclophosphamide,0.20019303,0.011070700000593658,0.49558351991056726,0.6757161428435308,0.0,0.03896103896103896,0.05229725460199212,False
3411,IEC,MNP,4-ene-Valproic acid,11.917432,0.380494315346924,0.35178925775480185,0.6757161428435308,22.49211,0.3956043956043956,0.41232007429190526,False
3412,IEC,MNP,5-Hydroxyomeprazole,-32.786312,-0.8108372466597223,0.791270429184491,0.8028861105937165,0.0,0.5984015984015985,0.6084620197132322,False
3413,IEC,MNP,8-Hydroxycarvedilol,0.20019303,0.011070700000593658,0.49558351991056726,0.6757161428435308,0.0,0.03896103896103896,0.05229725460199212,False
3414,IEC,MNP,Acetate,40.45422,1.5818851744150813,0.05683789300645265,0.6757161428435308,252.69266,0.12787212787212787,0.14610639133799896,False
3415,IEC,MNP,Acetyl-L-Carnitine,25.188644,1.3929352186882478,0.08181969060683236,0.6757161428435308,22.49211,0.1838161838161838,0.20199227746397558,False
3416,IEC,MNP,Adenosine diphosphate ribose,-7.291313,-0.40321053971482146,0.656603326623509,0.6986519944988773,0.0,0.12887112887112886,0.14708753413162776,False
3417,IEC,MNP,Adenosine triphosphate,2.5222402,0.13948019966545544,0.4445353506838734,0.6757161428435308,51.57181,0.2907092907092907,0.3080979677441345,False
3418,IEC,MNP,Amiloride-sensitive sodium transport,-28.0527,-1.5513178571280244,0.9395872352495319,0.9437885195975017,0.0,0.2627372627372627,0.2807708771011523,False
3419,IEC,MNP,Anion exchange,21.276438,0.6793043780608193,0.2484725115030852,0.6757161428435308,234.85896,0.005994005994005994,0.012076328540133793,True
3420,IEC,MNP,Butyrate,0.90475696,0.05003317439382618,0.48004797603726873,0.6757161428435308,0.0,0.07992007992007992,0.09511774885474034,False
3421,IEC,MNP,Chenodeoxycholic acid,-13.675434,-0.7562532344645653,0.7752513094986266,0.78866743275859,0.0,0.43356643356643354,0.44795217922681785,False
3422,IEC,MNP,Chenodeoxycholic acid 3-sulfate,-13.675434,-0.7562532344645653,0.7752513094986266,0.78866743275859,0.0,0.43356643356643354,0.44795217922681785,False
3423,IEC,MNP,Chloride,-5.570693,-0.30806002770565677,0.6209816718448873,0.6802284449633014,0.0,0.3026973026973027,0.3203173004653489,False
3424,IEC,MNP,Chloride ion,-3.0701199,-0.16977801607889112,0.5674076417300015,0.6757161428435308,0.0,0.40559440559440557,0.42224243813121665,False
3425,IEC,MNP,Cholesterol,-11.400593,-0.36399291515770943,0.6420683500416199,0.6884776545792344,0.0,0.14885114885114886,0.16776092568961232,False
3426,IEC,MNP,Cholic acid,-21.185526,-0.6764017855888204,0.7506072080572856,0.7717096009611518,0.0,0.5394605394605395,0.5531801097500478,False
3427,IEC,MNP,Choline,25.188644,1.3929352186882478,0.08181969060683236,0.6757161428435308,22.49211,0.1838161838161838,0.20199227746397558,False
3428,IEC,MNP,Citric acid,39.54946,2.187090210977301,0.014367969556347377,0.6757161428435308,252.69266,0.12087912087912088,0.13874629020614423,False
3429,IEC,MNP,Coprocholic acid,-13.675434,-0.7562532344645653,0.7752513094986266,0.78866743275859,0.0,0.43356643356643354,0.44795217922681785,False
3430,IEC,MNP,Cortisol,-11.400593,-0.36399291515770943,0.6420683500416199,0.6884776545792344,0.0,0.14885114885114886,0.16776092568961232,False
3431,IEC,MNP,Creatine,25.188644,1.3929352186882478,0.08181969060683236,0.6757161428435308,22.49211,0.1838161838161838,0.20199227746397558,False
3432,IEC,MNP,D-Lactate,0.90475696,0.05003317439382618,0.48004797603726873,0.6757161428435308,0.0,0.07992007992007992,0.09511774885474034,False
3433,IEC,MNP,Deoxycholic acid,-13.675434,-0.7562532344645653,0.7752513094986266,0.78866743275859,0.0,0.43356643356643354,0.44795217922681785,False
3434,IEC,MNP,Dopamine,25.188644,1.3929352186882478,0.08181969060683236,0.6757161428435308,22.49211,0.1838161838161838,0.20199227746397558,False
3435,IEC,MNP,E-3179,0.20019303,0.011070700000593658,0.49558351991056726,0.6757161428435308,0.0,0.03896103896103896,0.05229725460199212,False
3436,IEC,MNP,Estradiol,28.148867,0.7783179414262099,0.21819080053933276,0.6757161428435308,252.69266,0.13186813186813187,0.1499910577668263,False
3437,IEC,MNP,Estriol,0.20019303,0.011070700000593658,0.49558351991056726,0.6757161428435308,0.0,0.03896103896103896,0.05229725460199212,False
3438,IEC,MNP,Fatty acid,-3.000369,-0.09579441208294369,0.5381580722688131,0.6757161428435308,178.68713,0.8981018981018981,0.8989594110536185,False
3439,IEC,MNP,Folic acid,-18.831573,-0.7363727948002848,0.7692480718598551,0.7857373127636389,0.0,0.46653346653346656,0.4807495911689883,False
3440,IEC,MNP,Folinic acid,-13.675434,-0.7562532344645653,0.7752513094986266,0.78866743275859,0.0,0.43356643356643354,0.44795217922681785,False
3441,IEC,MNP,Glutathione,-13.675434,-0.7562532344645653,0.7752513094986266,0.78866743275859,0.0,0.43356643356643354,0.44795217922681785,False
3442,IEC,MNP,Glycerol,0.20019303,0.011070700000593658,0.49558351991056726,0.6757161428435308,0.0,0.03896103896103896,0.05229725460199212,False
3443,IEC,MNP,Glycochenodeoxycholate-3-sulfate,-13.675434,-0.7562532344645653,0.7752513094986266,0.78866743275859,0.0,0.43356643356643354,0.44795217922681785,False
3444,IEC,MNP,Glycyl-glycine,0.0,0.0,0.5,0.6757161428435308,0.0,0.000999000999000999,0.002733238922886596,False
3445,IEC,MNP,Histamine,25.188644,1.3929352186882478,0.08181969060683236,0.6757161428435308,22.49211,0.1838161838161838,0.20199227746397558,False
3446,IEC,MNP,Hydroxylansoprazole,-11.400593,-0.36399291515770943,0.6420683500416199,0.6884776545792344,0.0,0.14885114885114886,0.16776092568961232,False
3447,IEC,MNP,Hyodeoxycholic acid,-13.675434,-0.7562532344645653,0.7752513094986266,0.78866743275859,0.0,0.43356643356643354,0.44795217922681785,False
3448,IEC,MNP,Iron,-16.308235,-0.901847465539487,0.8164310492476495,0.8255864166318222,72.33423,0.983016983016983,0.9831732903763434,False
3449,IEC,MNP,Isoursodeoxycholic acid,-13.675434,-0.7562532344645653,0.7752513094986266,0.78866743275859,0.0,0.43356643356643354,0.44795217922681785,False
3450,IEC,MNP,Ketone bodies,0.90475696,0.05003317439382618,0.48004797603726873,0.6757161428435308,0.0,0.07992007992007992,0.09511774885474034,False
3451,IEC,MNP,L-Arginine,0.5015778,0.027737315418555415,0.4889358308719637,0.6757161428435308,0.0,0.03596403596403597,0.0489534270101247,False
3452,IEC,MNP,L-Carnitine,15.288318,0.5978205287122612,0.27497984569053796,0.6757161428435308,22.49211,0.24175824175824176,0.2598529290258614,False
3453,IEC,MNP,L-Cystine,0.5015778,0.027737315418555415,0.4889358308719637,0.6757161428435308,0.0,0.03596403596403597,0.0489534270101247,False
3454,IEC,MNP,L-Dopa,0.0,0.0,0.5,0.6757161428435308,0.0,0.000999000999000999,0.002733238922886596,False
3455,IEC,MNP,L-Glutamate,0.90475696,0.035378796898163624,0.48588884587512143,0.6757161428435308,0.0,0.07992007992007992,0.09511774885474034,False
3456,IEC,MNP,L-Lactate,0.90475696,0.05003317439382618,0.48004797603726873,0.6757161428435308,0.0,0.07992007992007992,0.09511774885474034,False
3457,IEC,MNP,L-Lysine,0.5015778,0.027737315418555415,0.4889358308719637,0.6757161428435308,0.0,0.03596403596403597,0.0489534270101247,False
3458,IEC,MNP,L-Ornithine,0.5015778,0.027737315418555415,0.4889358308719637,0.6757161428435308,0.0,0.03596403596403597,0.0489534270101247,False
3459,IEC,MNP,Lithocholic acid,-13.675434,-0.7562532344645653,0.7752513094986266,0.78866743275859,0.0,0.43356643356643354,0.44795217922681785,False
3460,IEC,MNP,N-Desmethylcitalopram,0.20019303,0.011070700000593658,0.49558351991056726,0.6757161428435308,0.0,0.03896103896103896,0.05229725460199212,False
3461,IEC,MNP,N-Desmethyleletriptan,0.20019303,0.011070700000593658,0.49558351991056726,0.6757161428435308,0.0,0.03896103896103896,0.05229725460199212,False
3462,IEC,MNP,N-Desmethyltamoxifen,-11.400593,-0.36399291515770943,0.6420683500416199,0.6884776545792344,0.0,0.14885114885114886,0.16776092568961232,False
3463,IEC,MNP,N-desmethylimatinib,-11.400593,-0.36399291515770943,0.6420683500416199,0.6884776545792344,0.0,0.14885114885114886,0.16776092568961232,False
3464,IEC,MNP,Neurotransmitter,-3.90934,-0.21618699072245734,0.5855790031578396,0.6795983862910224,0.0,0.07092907092907093,0.085995346211229,False
3465,IEC,MNP,Nicotinate,51.466892,1.4230628222054986,0.07735897228643852,0.6757161428435308,275.18475,0.13786213786213786,0.1564975360319161,False
3466,IEC,MNP,Norepinephrine,25.188644,1.3929352186882478,0.08181969060683236,0.6757161428435308,22.49211,0.1838161838161838,0.20199227746397558,False
3467,IEC,MNP,O-Deethylated candesartan,0.20019303,0.011070700000593658,0.49558351991056726,0.6757161428435308,0.0,0.03896103896103896,0.05229725460199212,False
3468,IEC,MNP,O-Desmethylverapamil (D-702),-32.56452,-0.5694699717638427,0.7154813783457951,0.7421962390948471,38.916656,0.5164835164835165,0.5301372909075259,False
3469,IEC,MNP,Oxalic acid,39.54946,2.187090210977301,0.014367969556347377,0.6757161428435308,252.69266,0.12087912087912088,0.13874629020614423,False
3470,IEC,MNP,Phosphate,-6.4451213,-0.35641602165450564,0.6392354836928773,0.6872850370880299,0.0,0.017982017982017984,0.027654497092149906,False
3471,IEC,MNP,Progesterone,0.20019303,0.011070700000593658,0.49558351991056726,0.6757161428435308,0.0,0.03896103896103896,0.05229725460199212,False
3472,IEC,MNP,Pyruvate,0.90475696,0.05003317439382618,0.48004797603726873,0.6757161428435308,0.0,0.07992007992007992,0.09511774885474034,False
3473,IEC,MNP,Sodium,22.118525,0.7061901401877417,0.24003495057646373,0.6757161428435308,22.49211,0.3756243756243756,0.3920154841010988,False
3474,IEC,MNP,Sodium_hydrogen exchange,0.2505804,0.008000416463336463,0.49680832966002,0.6757161428435308,0.0,0.22377622377622378,0.2415984290340624,False
3475,IEC,MNP,Sulfolithocholic acid,-13.675434,-0.7562532344645653,0.7752513094986266,0.78866743275859,0.0,0.43356643356643354,0.44795217922681785,False
3476,IEC,MNP,Taurocholic acid,7.3026047,0.134611653769214,0.4464594635510393,0.6757161428435308,252.69266,0.2077922077922078,0.22569728665394356,False
3477,IEC,MNP,Testosterone,-18.885998,-0.522199031627945,0.6992341199035468,0.7287792235614432,0.0,0.16383616383616384,0.18226555899000185,False
3478,IEC,MNP,Trihydroxycoprostanoic acid,-13.675434,-0.7562532344645653,0.7752513094986266,0.78866743275859,0.0,0.43356643356643354,0.44795217922681785,False
3479,IEC,MNP,Ursocholic acid,-13.675434,-0.7562532344645653,0.7752513094986266,0.78866743275859,0.0,0.43356643356643354,0.44795217922681785,False
3480,IEC,MNP,Ursodeoxycholic acid,-13.675434,-0.7562532344645653,0.7752513094986266,0.78866743275859,0.0,0.43356643356643354,0.44795217922681785,False
3481,IEC,MNP,Ursodeoxycholic acid 3-sulfate,-13.675434,-0.7562532344645653,0.7752513094986266,0.78866743275859,0.0,0.43356643356643354,0.44795217922681785,False
3482,IEC,MNP,Varanic acid,-13.675434,-0.7562532344645653,0.7752513094986266,0.78866743275859,0.0,0.43356643356643354,0.44795217922681785,False
3483,IEC,MNP,Water,7.905396,0.2523998689726396,0.4003660007061718,0.6757161428435308,0.0,0.2137862137862138,0.231727603776544,False
3484,IEC,MNP,alpha-Ketoisovaleric acid,0.90475696,0.05003317439382618,0.48004797603726873,0.6757161428435308,0.0,0.07992007992007992,0.09511774885474034,False
3485,IEC,Muscularis_mucosa,"(3a,5b,7a)-23-Carboxy-7-hydroxy-24-norcholan-3-yl-b-D-Glucopyranosiduronic acid",-5.300621,-0.3345722328792107,0.6310261030822059,0.6827504124881194,0.0,0.08191808191808192,0.0968906986206723,False
3486,IEC,Muscularis_mucosa,17a-Ethynylestradiol,-6.7581987,-0.4265737218510185,0.6651550794318594,0.7043477187923225,0.0,0.18281718281718282,0.2011756612876277,False
3487,IEC,Muscularis_mucosa,"1b,3a,12a-Trihydroxy-5b-cholanoic acid",-5.300621,-0.3345722328792107,0.6310261030822059,0.6827504124881194,0.0,0.08191808191808192,0.0968906986206723,False
3488,IEC,Muscularis_mucosa,2-Hydroxychlorpropamide,-6.7581987,-0.24628245313990607,0.5972682039690549,0.6795983862910224,0.0,0.18281718281718282,0.2011756612876277,False
3489,IEC,Muscularis_mucosa,25-Hydroxycholesterol,-6.304659,-0.39794654046639544,0.6546652036498661,0.6969481205154165,0.0,0.07792207792207792,0.09296848826439115,False
3490,IEC,Muscularis_mucosa,"3',4'-Dihydrodiol",-6.7581987,-0.4265737218510185,0.6651550794318594,0.7043477187923225,0.0,0.18281718281718282,0.2011756612876277,False
3491,IEC,Muscularis_mucosa,3-Sulfodeoxycholic acid,-5.300621,-0.3345722328792107,0.6310261030822059,0.6827504124881194,0.0,0.08191808191808192,0.0968906986206723,False
3492,IEC,Muscularis_mucosa,"3alpha,7alpha-Dihydroxycoprostanic acid",-5.300621,-0.3345722328792107,0.6310261030822059,0.6827504124881194,0.0,0.08191808191808192,0.0968906986206723,False
3493,IEC,Muscularis_mucosa,3b-Hydroxy-5-cholenoic acid,-5.300621,-0.3345722328792107,0.6310261030822059,0.6827504124881194,0.0,0.08191808191808192,0.0968906986206723,False
3494,IEC,Muscularis_mucosa,4'-Hydroxydiclofenac,-6.7581987,-0.4265737218510185,0.6651550794318594,0.7043477187923225,0.0,0.18281718281718282,0.2011756612876277,False
3495,IEC,Muscularis_mucosa,4-Hydroxycyclophosphamide,-6.7581987,-0.4265737218510185,0.6651550794318594,0.7043477187923225,0.0,0.18281718281718282,0.2011756612876277,False
3496,IEC,Muscularis_mucosa,4-ene-Valproic acid,-6.154538,-0.22428383854913075,0.5887317745638914,0.6795983862910224,0.0,0.15184815184815184,0.17037546827058064,False
3497,IEC,Muscularis_mucosa,5-Hydroxyomeprazole,-20.214926,-0.5706243339166295,0.7158728400814349,0.7421962390948471,0.0,0.35764235764235763,0.37374487947672863,False
3498,IEC,Muscularis_mucosa,8-Hydroxycarvedilol,-6.7581987,-0.4265737218510185,0.6651550794318594,0.7043477187923225,0.0,0.18281718281718282,0.2011756612876277,False
3499,IEC,Muscularis_mucosa,Acetate,-3.6181421,-0.1614855861633736,0.5641445185295578,0.6757161428435308,0.0,0.4035964035964036,0.4203711506245038,False
3500,IEC,Muscularis_mucosa,Acetyl-L-Carnitine,-2.1646962,-0.13663441363143386,0.5543401132764997,0.6757161428435308,0.0,0.1038961038961039,0.12021826591363016,False
3501,IEC,Muscularis_mucosa,Adenosine diphosphate ribose,0.11715055,0.007394477310251645,0.4970500572424693,0.6757161428435308,0.0,0.052947052947052944,0.06692865012800704,False
3502,IEC,Muscularis_mucosa,Adenosine triphosphate,0.71877265,0.04536852736314548,0.4819067833359576,0.6757161428435308,13.33592,0.32667332667332666,0.343091538616668,False
3503,IEC,Muscularis_mucosa,Amiloride-sensitive sodium transport,-12.001879,-0.7575518686338699,0.7756403482873767,0.7889356065212806,0.0,0.14085914085914086,0.15949666894761405,False
3504,IEC,Muscularis_mucosa,Anion exchange,-27.842976,-1.0146544372657604,0.844864709885532,0.8512252162710229,61.36843,0.42957042957042957,0.4457271530844609,False
3505,IEC,Muscularis_mucosa,Butyrate,0.0,0.0,0.5,0.6757161428435308,0.0,0.000999000999000999,0.002733238922886596,False
3506,IEC,Muscularis_mucosa,Chenodeoxycholic acid,-5.300621,-0.3345722328792107,0.6310261030822059,0.6827504124881194,0.0,0.08191808191808192,0.0968906986206723,False
3507,IEC,Muscularis_mucosa,Chenodeoxycholic acid 3-sulfate,-5.300621,-0.3345722328792107,0.6310261030822059,0.6827504124881194,0.0,0.08191808191808192,0.0968906986206723,False
3508,IEC,Muscularis_mucosa,Chloride,40.033806,2.5269114185436528,0.005753526105511785,0.3853793120616508,48.581844,0.026973026973026972,0.03858547638397536,True
3509,IEC,Muscularis_mucosa,Chloride ion,15.319543,0.9669609726919361,0.16678177200214112,0.6757161428435308,78.09791,0.017982017982017984,0.027654497092149906,True
3510,IEC,Muscularis_mucosa,Cholesterol,-12.681364,-0.4621345969177674,0.6780075992848722,0.7129670177102649,0.0,0.27672327672327673,0.2948652228679334,False
3511,IEC,Muscularis_mucosa,Cholic acid,-14.29176,-0.520820703622074,0.6987541604676486,0.7286411918669611,0.0,0.2727272727272727,0.29095226347600833,False
3512,IEC,Muscularis_mucosa,Choline,-2.1646962,-0.13663441363143386,0.5543401132764997,0.6757161428435308,0.0,0.1038961038961039,0.12021826591363016,False
3513,IEC,Muscularis_mucosa,Citric acid,-3.6181421,-0.22837510608001196,0.5903226796993738,0.6795983862910224,0.0,0.4035964035964036,0.4203711506245038,False
3514,IEC,Muscularis_mucosa,Coprocholic acid,-5.300621,-0.3345722328792107,0.6310261030822059,0.6827504124881194,0.0,0.08191808191808192,0.0968906986206723,False
3515,IEC,Muscularis_mucosa,Cortisol,-12.681364,-0.4621345969177674,0.6780075992848722,0.7129670177102649,0.0,0.27672327672327673,0.2948652228679334,False
3516,IEC,Muscularis_mucosa,Creatine,-2.1646962,-0.13663441363143386,0.5543401132764997,0.6757161428435308,0.0,0.1038961038961039,0.12021826591363016,False
3517,IEC,Muscularis_mucosa,D-Lactate,0.0,0.0,0.5,0.6757161428435308,0.0,0.000999000999000999,0.002733238922886596,False
3518,IEC,Muscularis_mucosa,Deoxycholic acid,-5.300621,-0.3345722328792107,0.6310261030822059,0.6827504124881194,0.0,0.08191808191808192,0.0968906986206723,False
3519,IEC,Muscularis_mucosa,Dopamine,-2.1646962,-0.13663441363143386,0.5543401132764997,0.6757161428435308,0.0,0.1038961038961039,0.12021826591363016,False
3520,IEC,Muscularis_mucosa,E-3179,-6.7581987,-0.4265737218510185,0.6651550794318594,0.7043477187923225,0.0,0.18281718281718282,0.2011756612876277,False
3521,IEC,Muscularis_mucosa,Estradiol,-16.299507,-0.5144078840361689,0.696516575866544,0.7273932030882553,0.0,0.5584415584415584,0.5701342968020455,False
3522,IEC,Muscularis_mucosa,Estriol,-6.7581987,-0.4265737218510185,0.6651550794318594,0.7043477187923225,0.0,0.18281718281718282,0.2011756612876277,False
3523,IEC,Muscularis_mucosa,Fatty acid,-20.546246,-0.7487468124439801,0.772995088635015,0.78866743275859,216.92523,0.7492507492507493,0.7526009602023656,False
3524,IEC,Muscularis_mucosa,Folic acid,-7.228014,-0.3226020523946012,0.6265016804063194,0.6819956866227408,0.0,0.13086913086913088,0.14912442629833936,False
3525,IEC,Muscularis_mucosa,Folinic acid,-5.300621,-0.3345722328792107,0.6310261030822059,0.6827504124881194,0.0,0.08191808191808192,0.0968906986206723,False
3526,IEC,Muscularis_mucosa,Glutathione,-5.300621,-0.3345722328792107,0.6310261030822059,0.6827504124881194,0.0,0.08191808191808192,0.0968906986206723,False
3527,IEC,Muscularis_mucosa,Glycerol,-6.7581987,-0.4265737218510185,0.6651550794318594,0.7043477187923225,0.0,0.18281718281718282,0.2011756612876277,False
3528,IEC,Muscularis_mucosa,Glycochenodeoxycholate-3-sulfate,-5.300621,-0.3345722328792107,0.6310261030822059,0.6827504124881194,0.0,0.08191808191808192,0.0968906986206723,False
3529,IEC,Muscularis_mucosa,Glycyl-glycine,0.0,0.0,0.5,0.6757161428435308,0.0,0.000999000999000999,0.002733238922886596,False
3530,IEC,Muscularis_mucosa,Histamine,-2.1646962,-0.13663441363143386,0.5543401132764997,0.6757161428435308,0.0,0.1038961038961039,0.12021826591363016,False
3531,IEC,Muscularis_mucosa,Hydroxylansoprazole,-12.681364,-0.4621345969177674,0.6780075992848722,0.7129670177102649,0.0,0.27672327672327673,0.2948652228679334,False
3532,IEC,Muscularis_mucosa,Hyodeoxycholic acid,-5.300621,-0.3345722328792107,0.6310261030822059,0.6827504124881194,0.0,0.08191808191808192,0.0968906986206723,False
3533,IEC,Muscularis_mucosa,Iron,-5.6884828,-0.35905384811033214,0.6402225967874183,0.6878927923376903,0.0,0.4225774225774226,0.43868823040303484,False
3534,IEC,Muscularis_mucosa,Isoursodeoxycholic acid,-5.300621,-0.3345722328792107,0.6310261030822059,0.6827504124881194,0.0,0.08191808191808192,0.0968906986206723,False
3535,IEC,Muscularis_mucosa,Ketone bodies,0.0,0.0,0.5,0.6757161428435308,0.0,0.000999000999000999,0.002733238922886596,False
3536,IEC,Muscularis_mucosa,L-Arginine,-7.8612194,-0.49619576906717855,0.6901218521070962,0.7216735577312777,0.0,0.07092907092907093,0.085995346211229,False
3537,IEC,Muscularis_mucosa,L-Carnitine,-5.5501485,-0.2477152499891955,0.5978226341148305,0.6795983862910224,0.0,0.11788211788211789,0.13550411576727367,False
3538,IEC,Muscularis_mucosa,L-Cystine,-7.8612194,-0.49619576906717855,0.6901218521070962,0.7216735577312777,0.0,0.07092907092907093,0.085995346211229,False
3539,IEC,Muscularis_mucosa,L-Dopa,0.0,0.0,0.5,0.6757161428435308,0.0,0.000999000999000999,0.002733238922886596,False
3540,IEC,Muscularis_mucosa,L-Glutamate,-2.8507905,-0.1272370069333408,0.5506235919502654,0.6757161428435308,0.0,0.16283716283716285,0.18125035467098818,False
3541,IEC,Muscularis_mucosa,L-Lactate,0.0,0.0,0.5,0.6757161428435308,0.0,0.000999000999000999,0.002733238922886596,False
3542,IEC,Muscularis_mucosa,L-Lysine,-7.8612194,-0.49619576906717855,0.6901218521070962,0.7216735577312777,0.0,0.07092907092907093,0.085995346211229,False
3543,IEC,Muscularis_mucosa,L-Ornithine,-7.8612194,-0.49619576906717855,0.6901218521070962,0.7216735577312777,0.0,0.07092907092907093,0.085995346211229,False
3544,IEC,Muscularis_mucosa,Lithocholic acid,-5.300621,-0.3345722328792107,0.6310261030822059,0.6827504124881194,0.0,0.08191808191808192,0.0968906986206723,False
3545,IEC,Muscularis_mucosa,N-Desmethylcitalopram,-6.7581987,-0.4265737218510185,0.6651550794318594,0.7043477187923225,0.0,0.18281718281718282,0.2011756612876277,False
3546,IEC,Muscularis_mucosa,N-Desmethyleletriptan,-6.7581987,-0.4265737218510185,0.6651550794318594,0.7043477187923225,0.0,0.18281718281718282,0.2011756612876277,False
3547,IEC,Muscularis_mucosa,N-Desmethyltamoxifen,-12.681364,-0.4621345969177674,0.6780075992848722,0.7129670177102649,0.0,0.27672327672327673,0.2948652228679334,False
3548,IEC,Muscularis_mucosa,N-desmethylimatinib,-12.681364,-0.4621345969177674,0.6780075992848722,0.7129670177102649,0.0,0.27672327672327673,0.2948652228679334,False
3549,IEC,Muscularis_mucosa,Neurotransmitter,0.42296606,0.026697381168018633,0.48935055095719654,0.6757161428435308,0.0,0.10989010989010989,0.12680403434393528,False
3550,IEC,Muscularis_mucosa,Nicotinate,-9.77268,-0.3084230548818408,0.6211197793956428,0.6802284449633014,0.0,0.4945054945054945,0.5087405234608375,False
3551,IEC,Muscularis_mucosa,Norepinephrine,-2.1646962,-0.13663441363143386,0.5543401132764997,0.6757161428435308,0.0,0.1038961038961039,0.12021826591363016,False
3552,IEC,Muscularis_mucosa,O-Deethylated candesartan,-6.7581987,-0.4265737218510185,0.6651550794318594,0.7043477187923225,0.0,0.18281718281718282,0.2011756612876277,False
3553,IEC,Muscularis_mucosa,O-Desmethylverapamil (D-702),-28.581566,-0.5704914728995416,0.7158277980131759,0.7421962390948471,0.0,0.5094905094905094,0.5231301509460177,False
3554,IEC,Muscularis_mucosa,Oxalic acid,-3.6181421,-0.22837510608001196,0.5903226796993738,0.6795983862910224,0.0,0.4035964035964036,0.4203711506245038,False
3555,IEC,Muscularis_mucosa,Phosphate,0.0,0.0,0.5,0.6757161428435308,0.0,0.000999000999000999,0.002733238922886596,False
3556,IEC,Muscularis_mucosa,Progesterone,-6.7581987,-0.4265737218510185,0.6651550794318594,0.7043477187923225,0.0,0.18281718281718282,0.2011756612876277,False
3557,IEC,Muscularis_mucosa,Pyruvate,0.0,0.0,0.5,0.6757161428435308,0.0,0.000999000999000999,0.002733238922886596,False
3558,IEC,Muscularis_mucosa,Sodium,6.5131736,0.23735323999980865,0.4061913811714056,0.6757161428435308,78.09791,0.027972027972027972,0.039797343574769495,True
3559,IEC,Muscularis_mucosa,Sodium_hydrogen exchange,-19.683655,-0.7173122565808943,0.7634092768959423,0.7820683409455834,0.0,0.46153846153846156,0.4759142496847415,False
3560,IEC,Muscularis_mucosa,Sulfolithocholic acid,-5.300621,-0.3345722328792107,0.6310261030822059,0.6827504124881194,0.0,0.08191808191808192,0.0968906986206723,False
3561,IEC,Muscularis_mucosa,Taurocholic acid,-23.833069,-0.5014433221761745,0.6919704214815969,0.7233661211765406,0.0,0.6023976023976024,0.6120305151156388,False
3562,IEC,Muscularis_mucosa,Testosterone,-12.902961,-0.4072138313005665,0.6580745280592369,0.6997952293309553,0.0,0.3156843156843157,0.33216031208670893,False
3563,IEC,Muscularis_mucosa,Trihydroxycoprostanoic acid,-5.300621,-0.3345722328792107,0.6310261030822059,0.6827504124881194,0.0,0.08191808191808192,0.0968906986206723,False
3564,IEC,Muscularis_mucosa,Ursocholic acid,-5.300621,-0.3345722328792107,0.6310261030822059,0.6827504124881194,0.0,0.08191808191808192,0.0968906986206723,False
3565,IEC,Muscularis_mucosa,Ursodeoxycholic acid,-5.300621,-0.3345722328792107,0.6310261030822059,0.6827504124881194,0.0,0.08191808191808192,0.0968906986206723,False
3566,IEC,Muscularis_mucosa,Ursodeoxycholic acid 3-sulfate,-5.300621,-0.3345722328792107,0.6310261030822059,0.6827504124881194,0.0,0.08191808191808192,0.0968906986206723,False
3567,IEC,Muscularis_mucosa,Varanic acid,-5.300621,-0.3345722328792107,0.6310261030822059,0.6827504124881194,0.0,0.08191808191808192,0.0968906986206723,False
3568,IEC,Muscularis_mucosa,Water,1.402022,0.05109252212222149,0.4796258973470043,0.6757161428435308,0.0,0.1928071928071928,0.21036552346179405,False
3569,IEC,Muscularis_mucosa,alpha-Ketoisovaleric acid,0.0,0.0,0.5,0.6757161428435308,0.0,0.000999000999000999,0.002733238922886596,False
3570,IEC,Myofibroblast,"(3a,5b,7a)-23-Carboxy-7-hydroxy-24-norcholan-3-yl-b-D-Glucopyranosiduronic acid",14.436683,0.8391151376489391,0.20070235112614376,0.6757161428435308,18.712677,0.04795204795204795,0.061416897091912365,False
3571,IEC,Myofibroblast,17a-Ethynylestradiol,1.0169162,0.059107050956975014,0.47643342130566985,0.6757161428435308,0.0,0.15784215784215785,0.17618938293294995,False
3572,IEC,Myofibroblast,"1b,3a,12a-Trihydroxy-5b-cholanoic acid",14.436683,0.8391151376489391,0.20070235112614376,0.6757161428435308,18.712677,0.04795204795204795,0.061416897091912365,False
3573,IEC,Myofibroblast,2-Hydroxychlorpropamide,1.0169162,0.03412547178101445,0.4863885483835622,0.6757161428435308,0.0,0.15784215784215785,0.17618938293294995,False
3574,IEC,Myofibroblast,25-Hydroxycholesterol,30.29046,1.7605972598244555,0.03915329637889585,0.6757161428435308,15.07105,0.16183816183816183,0.1802659886598261,False
3575,IEC,Myofibroblast,"3',4'-Dihydrodiol",1.0169162,0.059107050956975014,0.47643342130566985,0.6757161428435308,0.0,0.15784215784215785,0.17618938293294995,False
3576,IEC,Myofibroblast,3-Sulfodeoxycholic acid,14.436683,0.8391151376489391,0.20070235112614376,0.6757161428435308,18.712677,0.04795204795204795,0.061416897091912365,False
3577,IEC,Myofibroblast,"3alpha,7alpha-Dihydroxycoprostanic acid",14.436683,0.8391151376489391,0.20070235112614376,0.6757161428435308,18.712677,0.04795204795204795,0.061416897091912365,False
3578,IEC,Myofibroblast,3b-Hydroxy-5-cholenoic acid,14.436683,0.8391151376489391,0.20070235112614376,0.6757161428435308,18.712677,0.04795204795204795,0.061416897091912365,False
3579,IEC,Myofibroblast,4'-Hydroxydiclofenac,1.0169162,0.059107050956975014,0.47643342130566985,0.6757161428435308,0.0,0.15784215784215785,0.17618938293294995,False
3580,IEC,Myofibroblast,4-Hydroxycyclophosphamide,1.0169162,0.059107050956975014,0.47643342130566985,0.6757161428435308,0.0,0.15784215784215785,0.17618938293294995,False
3581,IEC,Myofibroblast,4-ene-Valproic acid,-18.89743,-0.6341562427158134,0.7370105695146232,0.7603405744213514,0.0,0.26573426573426573,0.2838289236659079,False
3582,IEC,Myofibroblast,5-Hydroxyomeprazole,15.2789345,0.3971569902054816,0.34562584814344943,0.6757161428435308,18.712677,0.14185814185814186,0.16031040465104424,False
3583,IEC,Myofibroblast,8-Hydroxycarvedilol,1.0169162,0.059107050956975014,0.47643342130566985,0.6757161428435308,0.0,0.15784215784215785,0.17618938293294995,False
3584,IEC,Myofibroblast,Acetate,-14.390635,-0.591451436130519,0.7228910073605836,0.7485980303421257,0.0,0.6143856143856143,0.6237065065341372,False
3585,IEC,Myofibroblast,Acetyl-L-Carnitine,-7.980367,-0.4638494207060398,0.6786221836297863,0.7129670177102649,0.0,0.18081918081918083,0.19950055207027667,False
3586,IEC,Myofibroblast,Adenosine diphosphate ribose,0.0,0.0,0.5,0.6757161428435308,0.0,0.000999000999000999,0.002733238922886596,False
3587,IEC,Myofibroblast,Adenosine triphosphate,-14.47681,-0.8414475159865243,0.7999513621357018,0.8110403075166932,0.0,0.31868131868131866,0.33492155296666576,False
3588,IEC,Myofibroblast,Amiloride-sensitive sodium transport,-8.897725,-0.5171697668405285,0.6974811725592135,0.7280149664560378,0.0,0.41858141858141856,0.43475513918050246,False
3589,IEC,Myofibroblast,Anion exchange,15.467131,0.5190429199961927,0.30186540572240617,0.6757161428435308,178.32089,0.06993006993006994,0.08501355621572089,False
3590,IEC,Myofibroblast,Butyrate,-5.458532,-0.31727071966516335,0.6244809035735976,0.6808779482541045,0.0,0.13186813186813187,0.1499910577668263,False
3591,IEC,Myofibroblast,Chenodeoxycholic acid,14.436683,0.8391151376489391,0.20070235112614376,0.6757161428435308,18.712677,0.04795204795204795,0.061416897091912365,False
3592,IEC,Myofibroblast,Chenodeoxycholic acid 3-sulfate,14.436683,0.8391151376489391,0.20070235112614376,0.6757161428435308,18.712677,0.04795204795204795,0.061416897091912365,False
3593,IEC,Myofibroblast,Chloride,-12.452821,-0.7238055055650199,0.7654074255740877,0.7820683409455834,0.0,0.4785214785214785,0.49269931247341625,False
3594,IEC,Myofibroblast,Chloride ion,-6.6890016,-0.3887903184641365,0.6512843683742281,0.6961051277950543,0.0,0.33666333666333664,0.3530530822961633,False
3595,IEC,Myofibroblast,Cholesterol,1.0169162,0.03412547178101445,0.4863885483835622,0.6757161428435308,0.0,0.15784215784215785,0.17618938293294995,False
3596,IEC,Myofibroblast,Cholic acid,15.2789345,0.5127274696318974,0.30407098580421515,0.6757161428435308,18.712677,0.14185814185814186,0.16031040465104424,False
3597,IEC,Myofibroblast,Choline,-7.980367,-0.4638494207060398,0.6786221836297863,0.7129670177102649,0.0,0.18081918081918083,0.19950055207027667,False
3598,IEC,Myofibroblast,Citric acid,-8.932103,-0.5191679505112577,0.6981781867318516,0.7281612990454894,0.0,0.5434565434565435,0.5556472136446129,False
3599,IEC,Myofibroblast,Coprocholic acid,14.436683,0.8391151376489391,0.20070235112614376,0.6757161428435308,18.712677,0.04795204795204795,0.061416897091912365,False
3600,IEC,Myofibroblast,Cortisol,1.0169162,0.03412547178101445,0.4863885483835622,0.6757161428435308,0.0,0.15784215784215785,0.17618938293294995,False
3601,IEC,Myofibroblast,Creatine,-7.980367,-0.4638494207060398,0.6786221836297863,0.7129670177102649,0.0,0.18081918081918083,0.19950055207027667,False
3602,IEC,Myofibroblast,D-Lactate,-5.458532,-0.31727071966516335,0.6244809035735976,0.6808779482541045,0.0,0.13186813186813187,0.1499910577668263,False
3603,IEC,Myofibroblast,Deoxycholic acid,14.436683,0.8391151376489391,0.20070235112614376,0.6757161428435308,18.712677,0.04795204795204795,0.061416897091912365,False
3604,IEC,Myofibroblast,Dopamine,-7.980367,-0.4638494207060398,0.6786221836297863,0.7129670177102649,0.0,0.18081918081918083,0.19950055207027667,False
3605,IEC,Myofibroblast,E-3179,1.0169162,0.059107050956975014,0.47643342130566985,0.6757161428435308,0.0,0.15784215784215785,0.17618938293294995,False
3606,IEC,Myofibroblast,Estradiol,-7.915187,-0.23003044631269176,0.5909659443633842,0.6795983862910224,0.0,0.6203796203796204,0.6296898196204311,False
3607,IEC,Myofibroblast,Estriol,1.0169162,0.059107050956975014,0.47643342130566985,0.6757161428435308,0.0,0.15784215784215785,0.17618938293294995,False
3608,IEC,Myofibroblast,Fatty acid,-0.6418562,-0.021539283543633023,0.5085922665062329,0.6757161428435308,156.6008,0.7252747252747253,0.7326124975073104,False
3609,IEC,Myofibroblast,Folic acid,14.436683,0.593344004027848,0.27647547762369634,0.6757161428435308,18.712677,0.04795204795204795,0.061416897091912365,False
3610,IEC,Myofibroblast,Folinic acid,14.436683,0.8391151376489391,0.20070235112614376,0.6757161428435308,18.712677,0.04795204795204795,0.061416897091912365,False
3611,IEC,Myofibroblast,Glutathione,14.436683,0.8391151376489391,0.20070235112614376,0.6757161428435308,18.712677,0.04795204795204795,0.061416897091912365,False
3612,IEC,Myofibroblast,Glycerol,1.0169162,0.059107050956975014,0.47643342130566985,0.6757161428435308,0.0,0.15784215784215785,0.17618938293294995,False
3613,IEC,Myofibroblast,Glycochenodeoxycholate-3-sulfate,14.436683,0.8391151376489391,0.20070235112614376,0.6757161428435308,18.712677,0.04795204795204795,0.061416897091912365,False
3614,IEC,Myofibroblast,Glycyl-glycine,0.0,0.0,0.5,0.6757161428435308,0.0,0.000999000999000999,0.002733238922886596,False
3615,IEC,Myofibroblast,Histamine,-7.980367,-0.4638494207060398,0.6786221836297863,0.7129670177102649,0.0,0.18081918081918083,0.19950055207027667,False
3616,IEC,Myofibroblast,Hydroxylansoprazole,1.0169162,0.03412547178101445,0.4863885483835622,0.6757161428435308,0.0,0.15784215784215785,0.17618938293294995,False
3617,IEC,Myofibroblast,Hyodeoxycholic acid,14.436683,0.8391151376489391,0.20070235112614376,0.6757161428435308,18.712677,0.04795204795204795,0.061416897091912365,False
3618,IEC,Myofibroblast,Iron,-6.625782,-0.38511575691774064,0.649924172818769,0.6951237964682975,0.0,0.4045954045954046,0.4213419031299826,False
3619,IEC,Myofibroblast,Isoursodeoxycholic acid,14.436683,0.8391151376489391,0.20070235112614376,0.6757161428435308,18.712677,0.04795204795204795,0.061416897091912365,False
3620,IEC,Myofibroblast,Ketone bodies,-5.458532,-0.31727071966516335,0.6244809035735976,0.6808779482541045,0.0,0.13186813186813187,0.1499910577668263,False
3621,IEC,Myofibroblast,L-Arginine,0.0,0.0,0.5,0.6757161428435308,0.0,0.000999000999000999,0.002733238922886596,False
3622,IEC,Myofibroblast,L-Carnitine,-10.533649,-0.43293032532965103,0.6674673058637972,0.7047791428375498,0.0,0.2057942057942058,0.22375895496033785,False
3623,IEC,Myofibroblast,L-Cystine,0.0,0.0,0.5,0.6757161428435308,0.0,0.000999000999000999,0.002733238922886596,False
3624,IEC,Myofibroblast,L-Dopa,0.0,0.0,0.5,0.6757161428435308,0.0,0.000999000999000999,0.002733238922886596,False
3625,IEC,Myofibroblast,L-Glutamate,-15.42627,-0.6340157722092472,0.7369647355004537,0.7603405744213514,0.0,0.24675324675324675,0.26508589617043926,False
3626,IEC,Myofibroblast,L-Lactate,-5.458532,-0.31727071966516335,0.6244809035735976,0.6808779482541045,0.0,0.13186813186813187,0.1499910577668263,False
3627,IEC,Myofibroblast,L-Lysine,0.0,0.0,0.5,0.6757161428435308,0.0,0.000999000999000999,0.002733238922886596,False
3628,IEC,Myofibroblast,L-Ornithine,0.0,0.0,0.5,0.6757161428435308,0.0,0.000999000999000999,0.002733238922886596,False
3629,IEC,Myofibroblast,Lithocholic acid,14.436683,0.8391151376489391,0.20070235112614376,0.6757161428435308,18.712677,0.04795204795204795,0.061416897091912365,False
3630,IEC,Myofibroblast,N-Desmethylcitalopram,1.0169162,0.059107050956975014,0.47643342130566985,0.6757161428435308,0.0,0.15784215784215785,0.17618938293294995,False
3631,IEC,Myofibroblast,N-Desmethyleletriptan,1.0169162,0.059107050956975014,0.47643342130566985,0.6757161428435308,0.0,0.15784215784215785,0.17618938293294995,False
3632,IEC,Myofibroblast,N-Desmethyltamoxifen,1.0169162,0.03412547178101445,0.4863885483835622,0.6757161428435308,0.0,0.15784215784215785,0.17618938293294995,False
3633,IEC,Myofibroblast,N-desmethylimatinib,1.0169162,0.03412547178101445,0.4863885483835622,0.6757161428435308,0.0,0.15784215784215785,0.17618938293294995,False
3634,IEC,Myofibroblast,Neurotransmitter,16.016176,0.9309213338582026,0.17594712902169934,0.6757161428435308,13.502742,0.2087912087912088,0.22674321534818773,False
3635,IEC,Myofibroblast,Nicotinate,-27.829533,-0.8087793637004168,0.7906789658440745,0.8024154074151708,0.0,0.6653346653346653,0.6737973023595307,False
3636,IEC,Myofibroblast,Norepinephrine,-7.980367,-0.4638494207060398,0.6786221836297863,0.7129670177102649,0.0,0.18081918081918083,0.19950055207027667,False
3637,IEC,Myofibroblast,O-Deethylated candesartan,1.0169162,0.059107050956975014,0.47643342130566985,0.6757161428435308,0.0,0.15784215784215785,0.17618938293294995,False
3638,IEC,Myofibroblast,O-Desmethylverapamil (D-702),-6.9315357,-0.1274041603879056,0.5506897382188282,0.6757161428435308,18.712677,0.3306693306693307,0.3469407989841685,False
3639,IEC,Myofibroblast,Oxalic acid,-8.932103,-0.5191679505112577,0.6981781867318516,0.7281612990454894,0.0,0.5434565434565435,0.5556472136446129,False
3640,IEC,Myofibroblast,Phosphate,0.0,0.0,0.5,0.6757161428435308,0.0,0.000999000999000999,0.002733238922886596,False
3641,IEC,Myofibroblast,Progesterone,1.0169162,0.059107050956975014,0.47643342130566985,0.6757161428435308,0.0,0.15784215784215785,0.17618938293294995,False
3642,IEC,Myofibroblast,Pyruvate,-5.458532,-0.31727071966516335,0.6244809035735976,0.6808779482541045,0.0,0.13186813186813187,0.1499910577668263,False
3643,IEC,Myofibroblast,Sodium,-14.669369,-0.49227178293167356,0.6887363875859839,0.7207040222784625,0.0,0.46553446553446554,0.4797987527792542,False
3644,IEC,Myofibroblast,Sodium_hydrogen exchange,2.3653798,0.07937694912930812,0.4683664013551125,0.6757161428435308,0.0,0.5604395604395604,0.571988452890611,False
3645,IEC,Myofibroblast,Sulfolithocholic acid,14.436683,0.8391151376489391,0.20070235112614376,0.6757161428435308,18.712677,0.04795204795204795,0.061416897091912365,False
3646,IEC,Myofibroblast,Taurocholic acid,-10.110962,-0.19589590798974219,0.5776541799153605,0.6772959457320709,18.712677,0.5474525474525475,0.5594600363081272,False
3647,IEC,Myofibroblast,Testosterone,-0.898075,-0.026099774092221206,0.5104111213746924,0.6757161428435308,0.0,0.22777222777222778,0.24561757460780262,False
3648,IEC,Myofibroblast,Trihydroxycoprostanoic acid,14.436683,0.8391151376489391,0.20070235112614376,0.6757161428435308,18.712677,0.04795204795204795,0.061416897091912365,False
3649,IEC,Myofibroblast,Ursocholic acid,14.436683,0.8391151376489391,0.20070235112614376,0.6757161428435308,18.712677,0.04795204795204795,0.061416897091912365,False
3650,IEC,Myofibroblast,Ursodeoxycholic acid,14.436683,0.8391151376489391,0.20070235112614376,0.6757161428435308,18.712677,0.04795204795204795,0.061416897091912365,False
3651,IEC,Myofibroblast,Ursodeoxycholic acid 3-sulfate,14.436683,0.8391151376489391,0.20070235112614376,0.6757161428435308,18.712677,0.04795204795204795,0.061416897091912365,False
3652,IEC,Myofibroblast,Varanic acid,14.436683,0.8391151376489391,0.20070235112614376,0.6757161428435308,18.712677,0.04795204795204795,0.061416897091912365,False
3653,IEC,Myofibroblast,Water,0.5943149,0.019943901293218793,0.492044061966068,0.6757161428435308,0.0,0.11288711288711288,0.1301668084436187,False
3654,IEC,Myofibroblast,alpha-Ketoisovaleric acid,-5.458532,-0.31727071966516335,0.6244809035735976,0.6808779482541045,0.0,0.13186813186813187,0.1499910577668263,False
3655,IEC,Pericyte,"(3a,5b,7a)-23-Carboxy-7-hydroxy-24-norcholan-3-yl-b-D-Glucopyranosiduronic acid",0.0,0.0,0.5,0.6757161428435308,0.0,0.000999000999000999,0.002733238922886596,False
3656,IEC,Pericyte,17a-Ethynylestradiol,-3.2640908,-0.4323393849796953,0.6672526169478822,0.7047526865824031,0.0,0.028971028971028972,0.040621438303114626,False
3657,IEC,Pericyte,"1b,3a,12a-Trihydroxy-5b-cholanoic acid",0.0,0.0,0.5,0.6757161428435308,0.0,0.000999000999000999,0.002733238922886596,False
3658,IEC,Pericyte,2-Hydroxychlorpropamide,-3.116601,-0.23833243445678035,0.5941883665238941,0.6795983862910224,0.0,0.055944055944055944,0.07027923145358736,False
3659,IEC,Pericyte,25-Hydroxycholesterol,0.6324148,0.08376538892768172,0.4666214834534195,0.6757161428435308,0.0,0.09290709290709291,0.10858149654136276,False
3660,IEC,Pericyte,"3',4'-Dihydrodiol",-3.2640908,-0.4323393849796953,0.6672526169478822,0.7047526865824031,0.0,0.028971028971028972,0.040621438303114626,False
3661,IEC,Pericyte,3-Sulfodeoxycholic acid,0.0,0.0,0.5,0.6757161428435308,0.0,0.000999000999000999,0.002733238922886596,False
3662,IEC,Pericyte,"3alpha,7alpha-Dihydroxycoprostanic acid",0.0,0.0,0.5,0.6757161428435308,0.0,0.000999000999000999,0.002733238922886596,False
3663,IEC,Pericyte,3b-Hydroxy-5-cholenoic acid,0.0,0.0,0.5,0.6757161428435308,0.0,0.000999000999000999,0.002733238922886596,False
3664,IEC,Pericyte,4'-Hydroxydiclofenac,-3.2640908,-0.4323393849796953,0.6672526169478822,0.7047526865824031,0.0,0.028971028971028972,0.040621438303114626,False
3665,IEC,Pericyte,4-Hydroxycyclophosphamide,-3.2640908,-0.4323393849796953,0.6672526169478822,0.7047526865824031,0.0,0.028971028971028972,0.040621438303114626,False
3666,IEC,Pericyte,4-ene-Valproic acid,-2.3692794,-0.18118332292179762,0.5718881578296231,0.676594251050414,0.0,0.1928071928071928,0.21036552346179405,False
3667,IEC,Pericyte,5-Hydroxyomeprazole,-3.2640908,-0.19334805083301004,0.5766568014487999,0.6772959457320709,0.0,0.028971028971028972,0.040621438303114626,False
3668,IEC,Pericyte,8-Hydroxycarvedilol,-3.2640908,-0.4323393849796953,0.6672526169478822,0.7047526865824031,0.0,0.028971028971028972,0.040621438303114626,False
3669,IEC,Pericyte,Acetate,0.21173006,0.019830337285511306,0.4920893584920326,0.6757161428435308,0.0,0.04195804195804196,0.05543290987525392,False
3670,IEC,Pericyte,Acetyl-L-Carnitine,-2.1448123,-0.2840873351453626,0.6118282738056023,0.6800205699783143,0.0,0.12387612387612387,0.14169500257879963,False
3671,IEC,Pericyte,Adenosine diphosphate ribose,0.0,0.0,0.5,0.6757161428435308,0.0,0.000999000999000999,0.002733238922886596,False
3672,IEC,Pericyte,Adenosine triphosphate,-5.626156,-0.7452025473548972,0.7719253584227879,0.7880880546144028,0.0,0.22977022977022976,0.2476447473020468,False
3673,IEC,Pericyte,Amiloride-sensitive sodium transport,-1.2313647,-0.1630982424286904,0.5647794581962299,0.6757161428435308,0.0,0.07092907092907093,0.085995346211229,False
3674,IEC,Pericyte,Anion exchange,1.697512,0.12981198941818364,0.4483575884990423,0.6757161428435308,0.0,0.43656343656343655,0.45082646790083986,False
3675,IEC,Pericyte,Butyrate,0.21173006,0.02804433193560295,0.4888133966329523,0.6757161428435308,0.0,0.04195804195804196,0.05543290987525392,False
3676,IEC,Pericyte,Chenodeoxycholic acid,0.0,0.0,0.5,0.6757161428435308,0.0,0.000999000999000999,0.002733238922886596,False
3677,IEC,Pericyte,Chenodeoxycholic acid 3-sulfate,0.0,0.0,0.5,0.6757161428435308,0.0,0.000999000999000999,0.002733238922886596,False
3678,IEC,Pericyte,Chloride,1.0630665,0.14080659538407772,0.44401136630867505,0.6757161428435308,13.961212,0.05094905094905095,0.0646629399656034,False
3679,IEC,Pericyte,Chloride ion,6.143371,0.8137093810288013,0.20790572936527385,0.6757161428435308,12.217694,0.0919080919080919,0.10769409428127759,False
3680,IEC,Pericyte,Cholesterol,-3.2640908,-0.24961126029930433,0.5985560051343879,0.6795983862910224,0.0,0.028971028971028972,0.040621438303114626,False
3681,IEC,Pericyte,Cholic acid,-3.2640908,-0.24961126029930433,0.5985560051343879,0.6795983862910224,0.0,0.028971028971028972,0.040621438303114626,False
3682,IEC,Pericyte,Choline,-2.1448123,-0.2840873351453626,0.6118282738056023,0.6800205699783143,0.0,0.12387612387612387,0.14169500257879963,False
3683,IEC,Pericyte,Citric acid,0.0,0.0,0.5,0.6757161428435308,0.0,0.000999000999000999,0.002733238922886596,False
3684,IEC,Pericyte,Coprocholic acid,0.0,0.0,0.5,0.6757161428435308,0.0,0.000999000999000999,0.002733238922886596,False
3685,IEC,Pericyte,Cortisol,-3.2640908,-0.24961126029930433,0.5985560051343879,0.6795983862910224,0.0,0.028971028971028972,0.040621438303114626,False
3686,IEC,Pericyte,Creatine,-2.1448123,-0.2840873351453626,0.6118282738056023,0.6800205699783143,0.0,0.12387612387612387,0.14169500257879963,False
3687,IEC,Pericyte,D-Lactate,0.21173006,0.02804433193560295,0.4888133966329523,0.6757161428435308,0.0,0.04195804195804196,0.05543290987525392,False
3688,IEC,Pericyte,Deoxycholic acid,0.0,0.0,0.5,0.6757161428435308,0.0,0.000999000999000999,0.002733238922886596,False
3689,IEC,Pericyte,Dopamine,-2.1448123,-0.2840873351453626,0.6118282738056023,0.6800205699783143,0.0,0.12387612387612387,0.14169500257879963,False
3690,IEC,Pericyte,E-3179,-3.2640908,-0.4323393849796953,0.6672526169478822,0.7047526865824031,0.0,0.028971028971028972,0.040621438303114626,False
3691,IEC,Pericyte,Estradiol,-3.2640908,-0.21616969248984766,0.5855722615445005,0.6795983862910224,0.0,0.028971028971028972,0.040621438303114626,False
3692,IEC,Pericyte,Estriol,-3.2640908,-0.4323393849796953,0.6672526169478822,0.7047526865824031,0.0,0.028971028971028972,0.040621438303114626,False
3693,IEC,Pericyte,Fatty acid,-0.07115924,-0.005441683362807942,0.5021709068558566,0.6757161428435308,107.93345,0.2097902097902098,0.22771016731327345,False
3694,IEC,Pericyte,Folic acid,0.0,0.0,0.5,0.6757161428435308,0.0,0.000999000999000999,0.002733238922886596,False
3695,IEC,Pericyte,Folinic acid,0.0,0.0,0.5,0.6757161428435308,0.0,0.000999000999000999,0.002733238922886596,False
3696,IEC,Pericyte,Glutathione,0.0,0.0,0.5,0.6757161428435308,0.0,0.000999000999000999,0.002733238922886596,False
3697,IEC,Pericyte,Glycerol,-3.2640908,-0.4323393849796953,0.6672526169478822,0.7047526865824031,0.0,0.028971028971028972,0.040621438303114626,False
3698,IEC,Pericyte,Glycochenodeoxycholate-3-sulfate,0.0,0.0,0.5,0.6757161428435308,0.0,0.000999000999000999,0.002733238922886596,False
3699,IEC,Pericyte,Glycyl-glycine,0.25329328,0.03354951396679818,0.486618190799051,0.6757161428435308,0.0,0.003996003996003996,0.008992796112653,False
3700,IEC,Pericyte,Histamine,-2.1448123,-0.2840873351453626,0.6118282738056023,0.6800205699783143,0.0,0.12387612387612387,0.14169500257879963,False
3701,IEC,Pericyte,Hydroxylansoprazole,-3.2640908,-0.24961126029930433,0.5985560051343879,0.6795983862910224,0.0,0.028971028971028972,0.040621438303114626,False
3702,IEC,Pericyte,Hyodeoxycholic acid,0.0,0.0,0.5,0.6757161428435308,0.0,0.000999000999000999,0.002733238922886596,False
3703,IEC,Pericyte,Iron,-1.548064,-0.2050460850137124,0.5812319403730764,0.6777806646174732,0.0,0.26173826173826176,0.2799411097319617,False
3704,IEC,Pericyte,Isoursodeoxycholic acid,0.0,0.0,0.5,0.6757161428435308,0.0,0.000999000999000999,0.002733238922886596,False
3705,IEC,Pericyte,Ketone bodies,0.21173006,0.02804433193560295,0.4888133966329523,0.6757161428435308,0.0,0.04195804195804196,0.05543290987525392,False
3706,IEC,Pericyte,L-Arginine,0.18361154,0.024319942849168035,0.49029870287086524,0.6757161428435308,0.0,0.01998001998001998,0.030239250643485482,False
3707,IEC,Pericyte,L-Carnitine,-5.7866464,-0.5419690883148184,0.706080099590384,0.7345755584557584,0.0,0.13986013986013987,0.15865108741574027,False
3708,IEC,Pericyte,L-Cystine,0.18361154,0.024319942849168035,0.49029870287086524,0.6757161428435308,0.0,0.01998001998001998,0.030239250643485482,False
3709,IEC,Pericyte,L-Dopa,0.25329328,0.03354951396679818,0.486618190799051,0.6757161428435308,0.0,0.003996003996003996,0.008992796112653,False
3710,IEC,Pericyte,L-Glutamate,0.21173006,0.019830337285511306,0.4920893584920326,0.6757161428435308,0.0,0.04195804195804196,0.05543290987525392,False
3711,IEC,Pericyte,L-Lactate,0.21173006,0.02804433193560295,0.4888133966329523,0.6757161428435308,0.0,0.04195804195804196,0.05543290987525392,False
3712,IEC,Pericyte,L-Lysine,0.18361154,0.024319942849168035,0.49029870287086524,0.6757161428435308,0.0,0.01998001998001998,0.030239250643485482,False
3713,IEC,Pericyte,L-Ornithine,0.18361154,0.024319942849168035,0.49029870287086524,0.6757161428435308,0.0,0.01998001998001998,0.030239250643485482,False
3714,IEC,Pericyte,Lithocholic acid,0.0,0.0,0.5,0.6757161428435308,0.0,0.000999000999000999,0.002733238922886596,False
3715,IEC,Pericyte,N-Desmethylcitalopram,-3.2640908,-0.4323393849796953,0.6672526169478822,0.7047526865824031,0.0,0.028971028971028972,0.040621438303114626,False
3716,IEC,Pericyte,N-Desmethyleletriptan,-3.2640908,-0.4323393849796953,0.6672526169478822,0.7047526865824031,0.0,0.028971028971028972,0.040621438303114626,False
3717,IEC,Pericyte,N-Desmethyltamoxifen,-3.2640908,-0.24961126029930433,0.5985560051343879,0.6795983862910224,0.0,0.028971028971028972,0.040621438303114626,False
3718,IEC,Pericyte,N-desmethylimatinib,-3.2640908,-0.24961126029930433,0.5985560051343879,0.6795983862910224,0.0,0.028971028971028972,0.040621438303114626,False
3719,IEC,Pericyte,Neurotransmitter,0.570753,0.07559807876825606,0.46986943250643215,0.6757161428435308,0.0,0.06593406593406594,0.08059177511179066,False
3720,IEC,Pericyte,Nicotinate,-2.3692794,-0.15690936039235612,0.5623418586419071,0.6757161428435308,0.0,0.1928071928071928,0.21036552346179405,False
3721,IEC,Pericyte,Norepinephrine,-2.1448123,-0.2840873351453626,0.6118282738056023,0.6800205699783143,0.0,0.12387612387612387,0.14169500257879963,False
3722,IEC,Pericyte,O-Deethylated candesartan,-3.2640908,-0.4323393849796953,0.6672526169478822,0.7047526865824031,0.0,0.028971028971028972,0.040621438303114626,False
3723,IEC,Pericyte,O-Desmethylverapamil (D-702),-7.145017,-0.2992718356859024,0.6176336788811353,0.6800205699783143,0.0,0.24275724275724275,0.2608821214664372,False
3724,IEC,Pericyte,Oxalic acid,0.0,0.0,0.5,0.6757161428435308,0.0,0.000999000999000999,0.002733238922886596,False
3725,IEC,Pericyte,Phosphate,0.0,0.0,0.5,0.6757161428435308,0.0,0.000999000999000999,0.002733238922886596,False
3726,IEC,Pericyte,Progesterone,-3.2640908,-0.4323393849796953,0.6672526169478822,0.7047526865824031,0.0,0.028971028971028972,0.040621438303114626,False
3727,IEC,Pericyte,Pyruvate,0.21173006,0.02804433193560295,0.4888133966329523,0.6757161428435308,0.0,0.04195804195804196,0.05543290987525392,False
3728,IEC,Pericyte,Sodium,3.9985588,0.3057774307595637,0.37988705678873613,0.6757161428435308,12.217694,0.2047952047952048,0.22278828055375963,False
3729,IEC,Pericyte,Sodium_hydrogen exchange,-3.1147597,-0.23819162621519985,0.5941337642218179,0.6795983862910224,0.0,0.2077922077922078,0.22569728665394356,False
3730,IEC,Pericyte,Sulfolithocholic acid,0.0,0.0,0.5,0.6757161428435308,0.0,0.000999000999000999,0.002733238922886596,False
3731,IEC,Pericyte,Taurocholic acid,-3.5702424,-0.15763005293019203,0.5626258395960965,0.6757161428435308,0.0,0.12887112887112886,0.14708753413162776,False
3732,IEC,Pericyte,Testosterone,-3.2640908,-0.21616969248984766,0.5855722615445005,0.6795983862910224,0.0,0.028971028971028972,0.040621438303114626,False
3733,IEC,Pericyte,Trihydroxycoprostanoic acid,0.0,0.0,0.5,0.6757161428435308,0.0,0.000999000999000999,0.002733238922886596,False
3734,IEC,Pericyte,Ursocholic acid,0.0,0.0,0.5,0.6757161428435308,0.0,0.000999000999000999,0.002733238922886596,False
3735,IEC,Pericyte,Ursodeoxycholic acid,0.0,0.0,0.5,0.6757161428435308,0.0,0.000999000999000999,0.002733238922886596,False
3736,IEC,Pericyte,Ursodeoxycholic acid 3-sulfate,0.0,0.0,0.5,0.6757161428435308,0.0,0.000999000999000999,0.002733238922886596,False
3737,IEC,Pericyte,Varanic acid,0.0,0.0,0.5,0.6757161428435308,0.0,0.000999000999000999,0.002733238922886596,False
3738,IEC,Pericyte,Water,-3.200842,-0.2447744981126299,0.596684479549606,0.6795983862910224,0.0,0.04295704295704296,0.05616291835373108,False
3739,IEC,Pericyte,alpha-Ketoisovaleric acid,0.21173006,0.02804433193560295,0.4888133966329523,0.6757161428435308,0.0,0.04195804195804196,0.05543290987525392,False
3740,IEC,Plasma,"(3a,5b,7a)-23-Carboxy-7-hydroxy-24-norcholan-3-yl-b-D-Glucopyranosiduronic acid",-23.156986,-0.7236558198928833,0.765361468581905,0.7820683409455834,0.0,0.3086913086913087,0.3251831069617035,False
3741,IEC,Plasma,17a-Ethynylestradiol,-28.91851,-0.9037034511566162,0.8169236656782928,0.8255864166318222,0.0,0.18681318681318682,0.20460646788350081,False
3742,IEC,Plasma,"1b,3a,12a-Trihydroxy-5b-cholanoic acid",-23.156986,-0.7236558198928833,0.765361468581905,0.7820683409455834,0.0,0.3086913086913087,0.3251831069617035,False
3743,IEC,Plasma,2-Hydroxychlorpropamide,-56.127094,-1.0126560307788284,0.8443877566773275,0.8508809659564867,0.0,0.40559440559440557,0.42224243813121665,False
3744,IEC,Plasma,25-Hydroxycholesterol,-9.680876,-0.30252736806869507,0.6188749632199728,0.6800205699783143,0.0,0.11588411588411589,0.13337805835518554,False
3745,IEC,Plasma,"3',4'-Dihydrodiol",-28.91851,-0.9037034511566162,0.8169236656782928,0.8255864166318222,0.0,0.18681318681318682,0.20460646788350081,False
3746,IEC,Plasma,3-Sulfodeoxycholic acid,-23.156986,-0.7236558198928833,0.765361468581905,0.7820683409455834,0.0,0.3086913086913087,0.3251831069617035,False
3747,IEC,Plasma,"3alpha,7alpha-Dihydroxycoprostanic acid",-23.156986,-0.7236558198928833,0.765361468581905,0.7820683409455834,0.0,0.3086913086913087,0.3251831069617035,False
3748,IEC,Plasma,3b-Hydroxy-5-cholenoic acid,-23.156986,-0.7236558198928833,0.765361468581905,0.7820683409455834,0.0,0.3086913086913087,0.3251831069617035,False
3749,IEC,Plasma,4'-Hydroxydiclofenac,-28.91851,-0.9037034511566162,0.8169236656782928,0.8255864166318222,0.0,0.18681318681318682,0.20460646788350081,False
3750,IEC,Plasma,4-Hydroxycyclophosphamide,-28.91851,-0.9037034511566162,0.8169236656782928,0.8255864166318222,0.0,0.18681318681318682,0.20460646788350081,False
3751,IEC,Plasma,4-ene-Valproic acid,45.413006,0.8193503481250274,0.20629327730881836,0.6757161428435308,53.38461,0.13486513486513488,0.1532336882770409,False
3752,IEC,Plasma,5-Hydroxyomeprazole,-52.73935,-0.7370548141860902,0.7694554919018121,0.7858215690960217,0.0,0.5984015984015985,0.6084620197132322,False
3753,IEC,Plasma,8-Hydroxycarvedilol,-28.91851,-0.9037034511566162,0.8169236656782928,0.8255864166318222,0.0,0.18681318681318682,0.20460646788350081,False
3754,IEC,Plasma,Acetate,12.082211,0.26698165640947186,0.39474164234278986,0.6757161428435308,13.171841,0.5704295704295704,0.5817123861870943,False
3755,IEC,Plasma,Acetyl-L-Carnitine,-8.480567,-0.26501771807670593,0.6045020936808775,0.6795983862910224,11.14957,0.5934065934065934,0.6038711329117412,False
3756,IEC,Plasma,Adenosine diphosphate ribose,-27.54528,-0.8607900142669678,0.8053231471213791,0.8158290538562529,0.0,0.6763236763236763,0.6848158280869163,False
3757,IEC,Plasma,Adenosine triphosphate,26.495213,0.8279753923416138,0.20384221801098296,0.6757161428435308,130.18715,0.09290709290709291,0.10858149654136276,False
3758,IEC,Plasma,Amiloride-sensitive sodium transport,-14.261192,-0.445662260055542,0.6720793850978612,0.7084597506729592,0.0,0.43456543456543456,0.44883687740830597,False
3759,IEC,Plasma,Anion exchange,-3.1567078,-0.05695393990965433,0.5227090569135319,0.6757161428435308,224.87613,0.3336663336663337,0.3499685240555676,False
3760,IEC,Plasma,Butyrate,21.737488,0.6792964935302734,0.24847500887665308,0.6757161428435308,13.171841,0.16783216783216784,0.18595461258839804,False
3761,IEC,Plasma,Chenodeoxycholic acid,-23.156986,-0.7236558198928833,0.765361468581905,0.7820683409455834,0.0,0.3086913086913087,0.3251831069617035,False
3762,IEC,Plasma,Chenodeoxycholic acid 3-sulfate,-23.156986,-0.7236558198928833,0.765361468581905,0.7820683409455834,0.0,0.3086913086913087,0.3251831069617035,False
3763,IEC,Plasma,Chloride,-29.193354,-0.9122923016548157,0.8191925671107632,0.8277463850805944,0.0,0.9080919080919081,0.9088143360219733,False
3764,IEC,Plasma,Chloride ion,41.921925,1.3100601434707642,0.09508774512272333,0.6757161428435308,38.063557,0.2007992007992008,0.21851677734030675,False
3765,IEC,Plasma,Cholesterol,-21.680586,-0.39116537759862846,0.6521625008988216,0.6962155686784772,0.0,0.3166833166833167,0.33287734992280443,False
3766,IEC,Plasma,Cholic acid,-59.977276,-1.0821217611352387,0.8604007862379863,0.8661899274780398,0.0,0.5104895104895105,0.5240703478013744,False
3767,IEC,Plasma,Choline,-8.480567,-0.26501771807670593,0.6045020936808775,0.6795983862910224,11.14957,0.5934065934065934,0.6038711329117412,False
3768,IEC,Plasma,Citric acid,-9.655277,-0.30172741413116455,0.618570065885925,0.6800205699783143,0.0,0.5644355644355644,0.5757865229159422,False
3769,IEC,Plasma,Coprocholic acid,-23.156986,-0.7236558198928833,0.765361468581905,0.7820683409455834,0.0,0.3086913086913087,0.3251831069617035,False
3770,IEC,Plasma,Cortisol,-21.680586,-0.39116537759862846,0.6521625008988216,0.6962155686784772,0.0,0.3166833166833167,0.33287734992280443,False
3771,IEC,Plasma,Creatine,-8.480567,-0.26501771807670593,0.6045020936808775,0.6795983862910224,11.14957,0.5934065934065934,0.6038711329117412,False
3772,IEC,Plasma,D-Lactate,21.737488,0.6792964935302734,0.24847500887665308,0.6757161428435308,13.171841,0.16783216783216784,0.18595461258839804,False
3773,IEC,Plasma,Deoxycholic acid,-23.156986,-0.7236558198928833,0.765361468581905,0.7820683409455834,0.0,0.3086913086913087,0.3251831069617035,False
3774,IEC,Plasma,Dopamine,-8.480567,-0.26501771807670593,0.6045020936808775,0.6795983862910224,11.14957,0.5934065934065934,0.6038711329117412,False
3775,IEC,Plasma,E-3179,-28.91851,-0.9037034511566162,0.8169236656782928,0.8255864166318222,0.0,0.18681318681318682,0.20460646788350081,False
3776,IEC,Plasma,Estradiol,-31.335863,-0.4896228611469269,0.6877996018640092,0.7199633043309399,0.0,0.6953046953046953,0.7029036537233259,False
3777,IEC,Plasma,Estriol,-28.91851,-0.9037034511566162,0.8169236656782928,0.8255864166318222,0.0,0.18681318681318682,0.20460646788350081,False
3778,IEC,Plasma,Fatty acid,-13.568758,-0.24481019031691784,0.5966982983791038,0.6795983862910224,602.94714,0.6803196803196803,0.6880866359882278,False
3779,IEC,Plasma,Folic acid,-19.2097,-0.4244784022953458,0.6643915234417086,0.7043477187923225,0.0,0.36863136863136864,0.384845030488184,False
3780,IEC,Plasma,Folinic acid,-23.156986,-0.7236558198928833,0.765361468581905,0.7820683409455834,0.0,0.3086913086913087,0.3251831069617035,False
3781,IEC,Plasma,Glutathione,-23.156986,-0.7236558198928833,0.765361468581905,0.7820683409455834,0.0,0.3086913086913087,0.3251831069617035,False
3782,IEC,Plasma,Glycerol,-28.91851,-0.9037034511566162,0.8169236656782928,0.8255864166318222,0.0,0.18681318681318682,0.20460646788350081,False
3783,IEC,Plasma,Glycochenodeoxycholate-3-sulfate,-23.156986,-0.7236558198928833,0.765361468581905,0.7820683409455834,0.0,0.3086913086913087,0.3251831069617035,False
3784,IEC,Plasma,Glycyl-glycine,-9.496703,-0.29677197337150574,0.6166796979939572,0.6800205699783143,0.0,0.03496503496503497,0.04777972407779056,False
3785,IEC,Plasma,Histamine,-8.480567,-0.26501771807670593,0.6045020936808775,0.6795983862910224,11.14957,0.5934065934065934,0.6038711329117412,False
3786,IEC,Plasma,Hydroxylansoprazole,-21.680586,-0.39116537759862846,0.6521625008988216,0.6962155686784772,0.0,0.3166833166833167,0.33287734992280443,False
3787,IEC,Plasma,Hyodeoxycholic acid,-23.156986,-0.7236558198928833,0.765361468581905,0.7820683409455834,0.0,0.3086913086913087,0.3251831069617035,False
3788,IEC,Plasma,Iron,40.60856,1.2690174579620361,0.10221741878263368,0.6757161428435308,116.213326,0.03496503496503497,0.04777972407779056,True
3789,IEC,Plasma,Isoursodeoxycholic acid,-23.156986,-0.7236558198928833,0.765361468581905,0.7820683409455834,0.0,0.3086913086913087,0.3251831069617035,False
3790,IEC,Plasma,Ketone bodies,21.737488,0.6792964935302734,0.24847500887665308,0.6757161428435308,13.171841,0.16783216783216784,0.18595461258839804,False
3791,IEC,Plasma,L-Arginine,-2.185349,-0.06829215586185455,0.5272234658660314,0.6757161428435308,0.0,0.12287712287712288,0.14080836270670483,False
3792,IEC,Plasma,L-Carnitine,27.268627,0.6025572244767268,0.27340164195915445,0.6757161428435308,28.736794,0.24175824175824176,0.2598529290258614,False
3793,IEC,Plasma,L-Cystine,-2.185349,-0.06829215586185455,0.5272234658660314,0.6757161428435308,0.0,0.12287712287712288,0.14080836270670483,False
3794,IEC,Plasma,L-Dopa,-9.496703,-0.29677197337150574,0.6166796979939572,0.6800205699783143,0.0,0.03496503496503497,0.04777972407779056,False
3795,IEC,Plasma,L-Glutamate,18.43178,0.4072886415427836,0.34189800207851506,0.6757161428435308,13.171841,0.24075924075924077,0.2590004488413929,False
3796,IEC,Plasma,L-Lactate,21.737488,0.6792964935302734,0.24847500887665308,0.6757161428435308,13.171841,0.16783216783216784,0.18595461258839804,False
3797,IEC,Plasma,L-Lysine,-2.185349,-0.06829215586185455,0.5272234658660314,0.6757161428435308,0.0,0.12287712287712288,0.14080836270670483,False
3798,IEC,Plasma,L-Ornithine,-2.185349,-0.06829215586185455,0.5272234658660314,0.6757161428435308,0.0,0.12287712287712288,0.14080836270670483,False
3799,IEC,Plasma,Lithocholic acid,-23.156986,-0.7236558198928833,0.765361468581905,0.7820683409455834,0.0,0.3086913086913087,0.3251831069617035,False
3800,IEC,Plasma,N-Desmethylcitalopram,-28.91851,-0.9037034511566162,0.8169236656782928,0.8255864166318222,0.0,0.18681318681318682,0.20460646788350081,False
3801,IEC,Plasma,N-Desmethyleletriptan,-28.91851,-0.9037034511566162,0.8169236656782928,0.8255864166318222,0.0,0.18681318681318682,0.20460646788350081,False
3802,IEC,Plasma,N-Desmethyltamoxifen,-21.680586,-0.39116537759862846,0.6521625008988216,0.6962155686784772,0.0,0.3166833166833167,0.33287734992280443,False
3803,IEC,Plasma,N-desmethylimatinib,-21.680586,-0.39116537759862846,0.6521625008988216,0.6962155686784772,0.0,0.3166833166833167,0.33287734992280443,False
3804,IEC,Plasma,Neurotransmitter,32.77527,1.0242271423339844,0.15286400072887002,0.6757161428435308,25.503368,0.1038961038961039,0.12021826591363016,False
3805,IEC,Plasma,Nicotinate,35.75773,0.5587145090103149,0.2881782878550968,0.6757161428435308,53.38461,0.2907092907092907,0.3080979677441345,False
3806,IEC,Plasma,Norepinephrine,-8.480567,-0.26501771807670593,0.6045020936808775,0.6795983862910224,11.14957,0.5934065934065934,0.6038711329117412,False
3807,IEC,Plasma,O-Deethylated candesartan,-28.91851,-0.9037034511566162,0.8169236656782928,0.8255864166318222,0.0,0.18681318681318682,0.20460646788350081,False
3808,IEC,Plasma,O-Desmethylverapamil (D-702),-86.71298,-0.8569078949600882,0.8042521053892904,0.8148752807504247,11.14957,0.9410589410589411,0.94165776952923,False
3809,IEC,Plasma,Oxalic acid,-9.655277,-0.30172741413116455,0.618570065885925,0.6800205699783143,0.0,0.5644355644355644,0.5757865229159422,False
3810,IEC,Plasma,Phosphate,-2.470732,-0.07721037417650223,0.5307719055571749,0.6757161428435308,0.0,0.054945054945054944,0.06925939791671254,False
3811,IEC,Plasma,Progesterone,-28.91851,-0.9037034511566162,0.8169236656782928,0.8255864166318222,0.0,0.18681318681318682,0.20460646788350081,False
3812,IEC,Plasma,Pyruvate,21.737488,0.6792964935302734,0.24847500887665308,0.6757161428435308,13.171841,0.16783216783216784,0.18595461258839804,False
3813,IEC,Plasma,Sodium,17.466747,0.3151384764452298,0.37632825789039537,0.6757161428435308,49.213127,0.4015984015984016,0.4184980029910447,False
3814,IEC,Plasma,Sodium_hydrogen exchange,36.00985,0.6496967603191229,0.2579440584923526,0.6757161428435308,38.426025,0.4825174825174825,0.4967324001693887,False
3815,IEC,Plasma,Sulfolithocholic acid,-23.156986,-0.7236558198928833,0.765361468581905,0.7820683409455834,0.0,0.3086913086913087,0.3251831069617035,False
3816,IEC,Plasma,Taurocholic acid,-49.695847,-0.5176650683085123,0.697654012794217,0.7280149664560378,13.171841,0.8571428571428571,0.8586444611289331,False
3817,IEC,Plasma,Testosterone,-30.696712,-0.47963613271713257,0.6842569255335059,0.7173293436009587,0.0,0.43456543456543456,0.44883687740830597,False
3818,IEC,Plasma,Trihydroxycoprostanoic acid,-23.156986,-0.7236558198928833,0.765361468581905,0.7820683409455834,0.0,0.3086913086913087,0.3251831069617035,False
3819,IEC,Plasma,Ursocholic acid,-23.156986,-0.7236558198928833,0.765361468581905,0.7820683409455834,0.0,0.3086913086913087,0.3251831069617035,False
3820,IEC,Plasma,Ursodeoxycholic acid,-23.156986,-0.7236558198928833,0.765361468581905,0.7820683409455834,0.0,0.3086913086913087,0.3251831069617035,False
3821,IEC,Plasma,Ursodeoxycholic acid 3-sulfate,-23.156986,-0.7236558198928833,0.765361468581905,0.7820683409455834,0.0,0.3086913086913087,0.3251831069617035,False
3822,IEC,Plasma,Varanic acid,-23.156986,-0.7236558198928833,0.765361468581905,0.7820683409455834,0.0,0.3086913086913087,0.3251831069617035,False
3823,IEC,Plasma,Water,-18.840536,-0.3399246437233282,0.6330433612340148,0.6842847504585009,34.60086,0.2597402597402597,0.2779459397356641,False
3824,IEC,Plasma,alpha-Ketoisovaleric acid,21.737488,0.6792964935302734,0.24847500887665308,0.6757161428435308,13.171841,0.16783216783216784,0.18595461258839804,False
3825,IEC,T,"(3a,5b,7a)-23-Carboxy-7-hydroxy-24-norcholan-3-yl-b-D-Glucopyranosiduronic acid",-58.162174,-2.1453441157340185,0.9840373281431892,0.984350317115245,15.032782,0.7432567432567433,0.7466993954775459,False
3826,IEC,T,17a-Ethynylestradiol,-10.793621,-0.3981287106968835,0.6547323440581234,0.6969481205154165,12.394401,0.7312687312687313,0.7372464048213367,False
3827,IEC,T,"1b,3a,12a-Trihydroxy-5b-cholanoic acid",-58.162174,-2.1453441157340185,0.9840373281431892,0.984350317115245,15.032782,0.7432567432567433,0.7466993954775459,False
3828,IEC,T,2-Hydroxychlorpropamide,-19.778465,-0.4211999317768197,0.6631954529100558,0.7043477187923225,12.394401,0.8321678321678322,0.8341570779817792,False
3829,IEC,T,25-Hydroxycholesterol,-7.093029,-0.2616303169258241,0.6031967658012478,0.6795983862910224,15.038379,0.2957042957042957,0.3132334152879791,False
3830,IEC,T,"3',4'-Dihydrodiol",-10.793621,-0.3981287106968835,0.6547323440581234,0.6969481205154165,12.394401,0.7312687312687313,0.7372464048213367,False
3831,IEC,T,3-Sulfodeoxycholic acid,-58.162174,-2.1453441157340185,0.9840373281431892,0.984350317115245,15.032782,0.7432567432567433,0.7466993954775459,False
3832,IEC,T,"3alpha,7alpha-Dihydroxycoprostanic acid",-58.162174,-2.1453441157340185,0.9840373281431892,0.984350317115245,15.032782,0.7432567432567433,0.7466993954775459,False
3833,IEC,T,3b-Hydroxy-5-cholenoic acid,-58.162174,-2.1453441157340185,0.9840373281431892,0.984350317115245,15.032782,0.7432567432567433,0.7466993954775459,False
3834,IEC,T,4'-Hydroxydiclofenac,-10.793621,-0.3981287106968835,0.6547323440581234,0.6969481205154165,12.394401,0.7312687312687313,0.7372464048213367,False
3835,IEC,T,4-Hydroxycyclophosphamide,-10.793621,-0.3981287106968835,0.6547323440581234,0.6969481205154165,12.394401,0.7312687312687313,0.7372464048213367,False
3836,IEC,T,4-ene-Valproic acid,42.466812,0.9043683687510975,0.1829000524751439,0.6757161428435308,117.45941,0.054945054945054944,0.06925939791671254,False
3837,IEC,T,5-Hydroxyomeprazole,-68.25487,-1.1259133187324932,0.8698988943652735,0.8754662472892112,39.821583,0.8151848151848152,0.8176546782829672,False
3838,IEC,T,8-Hydroxycarvedilol,-10.793621,-0.3981287106968835,0.6547323440581234,0.6969481205154165,12.394401,0.7312687312687313,0.7372464048213367,False
3839,IEC,T,Acetate,21.743443,0.5671130454502912,0.28531869013927585,0.6757161428435308,61.88579,0.15984015984015984,0.17826145485719955,False
3840,IEC,T,Acetyl-L-Carnitine,31.053413,1.1454224086350109,0.1260171100510633,0.6757161428435308,54.536636,0.07292707292707293,0.08804439322673488,False
3841,IEC,T,Adenosine diphosphate ribose,-4.2172446,-0.15555541142726026,0.5618082632419027,0.6757161428435308,0.0,0.0959040959040959,0.11202168305232373,False
3842,IEC,T,Adenosine triphosphate,-4.481043,-0.16528575598027945,0.5656404651490758,0.6757161428435308,112.39959,0.5734265734265734,0.5846738769416675,False
3843,IEC,T,Amiloride-sensitive sodium transport,-32.576977,-1.2016198907020035,0.8852445842919815,0.8900556961631335,11.904297,0.7172827172827173,0.7246560057353504,False
3844,IEC,T,Anion exchange,129.24136,2.752309279500336,0.002958830214339021,0.20911283200216227,1519.3765,0.000999000999000999,0.002733238922886596,True
3845,IEC,T,Butyrate,37.08418,1.3678705465009438,0.0856763003078056,0.6757161428435308,49.82805,0.06393606393606394,0.07850045718482182,False
3846,IEC,T,Chenodeoxycholic acid,-58.162174,-2.1453441157340185,0.9840373281431892,0.984350317115245,15.032782,0.7432567432567433,0.7466993954775459,False
3847,IEC,T,Chenodeoxycholic acid 3-sulfate,-58.162174,-2.1453441157340185,0.9840373281431892,0.984350317115245,15.032782,0.7432567432567433,0.7466993954775459,False
3848,IEC,T,Chloride,6.072936,0.22400362109893915,0.4113772427995828,0.6757161428435308,43.900406,0.25374625374625376,0.2722729334807124,False
3849,IEC,T,Chloride ion,3.1230443,0.11519522265711493,0.45414519261869324,0.6757161428435308,88.8383,0.10589410589410589,0.12235009663371162,False
3850,IEC,T,Cholesterol,29.03343,0.6182926030708771,0.26819123847235377,0.6757161428435308,24.788801,0.4985014985014985,0.5123487623487624,False
3851,IEC,T,Cholic acid,-108.081924,-2.3017002874612325,0.9893239600081642,0.9894812702260062,27.427181,0.8981018981018981,0.8989594110536185,False
3852,IEC,T,Choline,31.053413,1.1454224086350109,0.1260171100510633,0.6757161428435308,54.536636,0.07292707292707293,0.08804439322673488,False
3853,IEC,T,Citric acid,-15.340735,-0.5658515510496253,0.7142526504650565,0.7414836064408656,12.057744,0.6233766233766234,0.6324256388772518,False
3854,IEC,T,Coprocholic acid,-58.162174,-2.1453441157340185,0.9840373281431892,0.984350317115245,15.032782,0.7432567432567433,0.7466993954775459,False
3855,IEC,T,Cortisol,29.03343,0.6182926030708771,0.26819123847235377,0.6757161428435308,24.788801,0.4985014985014985,0.5123487623487624,False
3856,IEC,T,Creatine,31.053413,1.1454224086350109,0.1260171100510633,0.6757161428435308,54.536636,0.07292707292707293,0.08804439322673488,False
3857,IEC,T,D-Lactate,37.08418,1.3678705465009438,0.0856763003078056,0.6757161428435308,49.82805,0.06393606393606394,0.07850045718482182,False
3858,IEC,T,Deoxycholic acid,-58.162174,-2.1453441157340185,0.9840373281431892,0.984350317115245,15.032782,0.7432567432567433,0.7466993954775459,False
3859,IEC,T,Dopamine,31.053413,1.1454224086350109,0.1260171100510633,0.6757161428435308,54.536636,0.07292707292707293,0.08804439322673488,False
3860,IEC,T,E-3179,-10.793621,-0.3981287106968835,0.6547323440581234,0.6969481205154165,12.394401,0.7312687312687313,0.7372464048213367,False
3861,IEC,T,Estradiol,13.692694,0.25253130811817187,0.4003152088514143,0.6757161428435308,36.846546,0.5744255744255744,0.5855975466996537,False
3862,IEC,T,Estriol,-10.793621,-0.3981287106968835,0.6547323440581234,0.6969481205154165,12.394401,0.7312687312687313,0.7372464048213367,False
3863,IEC,T,Fatty acid,30.943623,0.6589718436128664,0.2549569247394338,0.6757161428435308,1043.4893,0.1978021978021978,0.21544170115598688,False
3864,IEC,T,Folic acid,-58.794373,-1.5334763859383107,0.9374207397053688,0.9417627300346222,15.032782,0.7662337662337663,0.7695370253249864,False
3865,IEC,T,Folinic acid,-58.162174,-2.1453441157340185,0.9840373281431892,0.984350317115245,15.032782,0.7432567432567433,0.7466993954775459,False
3866,IEC,T,Glutathione,-58.162174,-2.1453441157340185,0.9840373281431892,0.984350317115245,15.032782,0.7432567432567433,0.7466993954775459,False
3867,IEC,T,Glycerol,-10.793621,-0.3981287106968835,0.6547323440581234,0.6969481205154165,12.394401,0.7312687312687313,0.7372464048213367,False
3868,IEC,T,Glycochenodeoxycholate-3-sulfate,-58.162174,-2.1453441157340185,0.9840373281431892,0.984350317115245,15.032782,0.7432567432567433,0.7466993954775459,False
3869,IEC,T,Glycyl-glycine,0.9600547,0.03541215092886825,0.4858755478747923,0.6757161428435308,0.0,0.04595404595404595,0.059463268679479334,False
3870,IEC,T,Histamine,31.053413,1.1454224086350109,0.1260171100510633,0.6757161428435308,54.536636,0.07292707292707293,0.08804439322673488,False
3871,IEC,T,Hydroxylansoprazole,29.03343,0.6182926030708771,0.26819123847235377,0.6757161428435308,24.788801,0.4985014985014985,0.5123487623487624,False
3872,IEC,T,Hyodeoxycholic acid,-58.162174,-2.1453441157340185,0.9840373281431892,0.984350317115245,15.032782,0.7432567432567433,0.7466993954775459,False
3873,IEC,T,Iron,-27.810528,-1.0258067716619126,0.8475086632254898,0.8537523208981952,12.620355,0.8161838161838162,0.818395696444477,False
3874,IEC,T,Isoursodeoxycholic acid,-58.162174,-2.1453441157340185,0.9840373281431892,0.984350317115245,15.032782,0.7432567432567433,0.7466993954775459,False
3875,IEC,T,Ketone bodies,37.08418,1.3678705465009438,0.0856763003078056,0.6757161428435308,49.82805,0.06393606393606394,0.07850045718482182,False
3876,IEC,T,L-Arginine,-7.3278437,-0.27029158554596583,0.6065320308535203,0.679830913543959,0.0,0.09290709290709291,0.10858149654136276,False
3877,IEC,T,L-Carnitine,10.747047,0.28030477623218525,0.3896218433540743,0.6757161428435308,54.536636,0.12187812187812187,0.13979091659616824,False
3878,IEC,T,L-Cystine,-7.3278437,-0.27029158554596583,0.6065320308535203,0.679830913543959,0.0,0.09290709290709291,0.10858149654136276,False
3879,IEC,T,L-Dopa,0.9600547,0.03541215092886825,0.4858755478747923,0.6757161428435308,0.0,0.04595404595404595,0.059463268679479334,False
3880,IEC,T,L-Glutamate,16.997765,0.4433361472229884,0.3287613068969464,0.6757161428435308,49.82805,0.08791208791208792,0.10355187883277772,False
3881,IEC,T,L-Lactate,37.08418,1.3678705465009438,0.0856763003078056,0.6757161428435308,49.82805,0.06393606393606394,0.07850045718482182,False
3882,IEC,T,L-Lysine,-7.3278437,-0.27029158554596583,0.6065320308535203,0.679830913543959,0.0,0.09290709290709291,0.10858149654136276,False
3883,IEC,T,L-Ornithine,-7.3278437,-0.27029158554596583,0.6065320308535203,0.679830913543959,0.0,0.09290709290709291,0.10858149654136276,False
3884,IEC,T,Lithocholic acid,-58.162174,-2.1453441157340185,0.9840373281431892,0.984350317115245,15.032782,0.7432567432567433,0.7466993954775459,False
3885,IEC,T,N-Desmethylcitalopram,-10.793621,-0.3981287106968835,0.6547323440581234,0.6969481205154165,12.394401,0.7312687312687313,0.7372464048213367,False
3886,IEC,T,N-Desmethyleletriptan,-10.793621,-0.3981287106968835,0.6547323440581234,0.6969481205154165,12.394401,0.7312687312687313,0.7372464048213367,False
3887,IEC,T,N-Desmethyltamoxifen,29.03343,0.6182926030708771,0.26819123847235377,0.6757161428435308,24.788801,0.4985014985014985,0.5123487623487624,False
3888,IEC,T,N-desmethylimatinib,29.03343,0.6182926030708771,0.26819123847235377,0.6757161428435308,24.788801,0.4985014985014985,0.5123487623487624,False
3889,IEC,T,Neurotransmitter,-12.413024,-0.45786128599305287,0.6764739489511756,0.7122566352365073,11.933603,0.15084915084915085,0.16964798119813318,False
3890,IEC,T,Nicotinate,27.126076,0.5002801886043272,0.30843890094419635,0.6757161428435308,129.51717,0.08891108891108891,0.10453285032724285,False
3891,IEC,T,Norepinephrine,31.053413,1.1454224086350109,0.1260171100510633,0.6757161428435308,54.536636,0.07292707292707293,0.08804439322673488,False
3892,IEC,T,O-Deethylated candesartan,-10.793621,-0.3981287106968835,0.6547323440581234,0.6969481205154165,12.394401,0.7312687312687313,0.7372464048213367,False
3893,IEC,T,O-Desmethylverapamil (D-702),-27.234077,-0.3176647303656588,0.624630366241753,0.680922877584164,157.23979,0.3106893106893107,0.32712349585466427,False
3894,IEC,T,Oxalic acid,-15.340735,-0.5658515510496253,0.7142526504650565,0.7414836064408656,12.057744,0.6233766233766234,0.6324256388772518,False
3895,IEC,T,Phosphate,-11.228249,-0.41416018876310595,0.6606216021917007,0.7021476643774582,0.0,0.11688311688311688,0.13447865469083686,False
3896,IEC,T,Progesterone,-10.793621,-0.3981287106968835,0.6547323440581234,0.6969481205154165,12.394401,0.7312687312687313,0.7372464048213367,False
3897,IEC,T,Pyruvate,37.08418,1.3678705465009438,0.0856763003078056,0.6757161428435308,49.82805,0.06393606393606394,0.07850045718482182,False
3898,IEC,T,Sodium,198.45844,4.226348109516601,1.1875723240582736e-05,0.0011317924118676578,233.64311,0.003996003996003996,0.008992796112653,True
3899,IEC,T,Sodium_hydrogen exchange,45.0399,0.9591645902456145,0.1687379179020833,0.6757161428435308,226.96074,0.06293706293706294,0.07768330570528373,False
3900,IEC,T,Sulfolithocholic acid,-58.162174,-2.1453441157340185,0.9840373281431892,0.984350317115245,15.032782,0.7432567432567433,0.7466993954775459,False
3901,IEC,T,Taurocholic acid,-4.9989014,-0.061462418236351346,0.5245045281510206,0.6757161428435308,195.28737,0.1848151848151848,0.2030191254780846,False
3902,IEC,T,Testosterone,32.80812,0.6050728818958151,0.2725652858940266,0.6757161428435308,24.788801,0.5234765234765235,0.5370522480292502,False
3903,IEC,T,Trihydroxycoprostanoic acid,-58.162174,-2.1453441157340185,0.9840373281431892,0.984350317115245,15.032782,0.7432567432567433,0.7466993954775459,False
3904,IEC,T,Ursocholic acid,-58.162174,-2.1453441157340185,0.9840373281431892,0.984350317115245,15.032782,0.7432567432567433,0.7466993954775459,False
3905,IEC,T,Ursodeoxycholic acid,-58.162174,-2.1453441157340185,0.9840373281431892,0.984350317115245,15.032782,0.7432567432567433,0.7466993954775459,False
3906,IEC,T,Ursodeoxycholic acid 3-sulfate,-58.162174,-2.1453441157340185,0.9840373281431892,0.984350317115245,15.032782,0.7432567432567433,0.7466993954775459,False
3907,IEC,T,Varanic acid,-58.162174,-2.1453441157340185,0.9840373281431892,0.984350317115245,15.032782,0.7432567432567433,0.7466993954775459,False
3908,IEC,T,Water,-7.140292,-0.15205884443909598,0.560429737976165,0.6757161428435308,42.016712,0.1048951048951049,0.12130726416440701,False
3909,IEC,T,alpha-Ketoisovaleric acid,37.08418,1.3678705465009438,0.0856763003078056,0.6757161428435308,49.82805,0.06393606393606394,0.07850045718482182,False
3910,MAST,MAST,"(3a,5b,7a)-23-Carboxy-7-hydroxy-24-norcholan-3-yl-b-D-Glucopyranosiduronic acid",0.0,0.0,0.5,0.6757161428435308,0.0,0.000999000999000999,0.002733238922886596,False
3911,MAST,MAST,17a-Ethynylestradiol,0.0,0.0,0.5,0.6757161428435308,0.0,0.000999000999000999,0.002733238922886596,False
3912,MAST,MAST,"1b,3a,12a-Trihydroxy-5b-cholanoic acid",0.0,0.0,0.5,0.6757161428435308,0.0,0.000999000999000999,0.002733238922886596,False
3913,MAST,MAST,2-Hydroxychlorpropamide,0.0,0.0,0.5,0.6757161428435308,0.0,0.000999000999000999,0.002733238922886596,False
3914,MAST,MAST,25-Hydroxycholesterol,-0.51999533,-0.15678449165439062,0.5622926522232082,0.6757161428435308,0.0,0.027972027972027972,0.039797343574769495,False
3915,MAST,MAST,"3',4'-Dihydrodiol",0.0,0.0,0.5,0.6757161428435308,0.0,0.000999000999000999,0.002733238922886596,False
3916,MAST,MAST,3-Sulfodeoxycholic acid,0.0,0.0,0.5,0.6757161428435308,0.0,0.000999000999000999,0.002733238922886596,False
3917,MAST,MAST,"3alpha,7alpha-Dihydroxycoprostanic acid",0.0,0.0,0.5,0.6757161428435308,0.0,0.000999000999000999,0.002733238922886596,False
3918,MAST,MAST,3b-Hydroxy-5-cholenoic acid,0.0,0.0,0.5,0.6757161428435308,0.0,0.000999000999000999,0.002733238922886596,False
3919,MAST,MAST,4'-Hydroxydiclofenac,0.0,0.0,0.5,0.6757161428435308,0.0,0.000999000999000999,0.002733238922886596,False
3920,MAST,MAST,4-Hydroxycyclophosphamide,0.0,0.0,0.5,0.6757161428435308,0.0,0.000999000999000999,0.002733238922886596,False
3921,MAST,MAST,4-ene-Valproic acid,0.09600093,0.016711617239459436,0.4933333396195022,0.6757161428435308,0.0,0.000999000999000999,0.002733238922886596,False
3922,MAST,MAST,5-Hydroxyomeprazole,0.19200186,0.025889526102647664,0.4896727271036536,0.6757161428435308,0.0,0.001998001998001998,0.005057316928544293,False
3923,MAST,MAST,8-Hydroxycarvedilol,0.0,0.0,0.5,0.6757161428435308,0.0,0.000999000999000999,0.002733238922886596,False
3924,MAST,MAST,Acetate,-0.67469585,-0.14384563841821113,0.5571888183203113,0.6757161428435308,0.0,0.023976023976023976,0.03535971648515611,False
3925,MAST,MAST,Acetyl-L-Carnitine,0.09600093,0.02894537013538769,0.4884540803151826,0.6757161428435308,0.0,0.000999000999000999,0.002733238922886596,False
3926,MAST,MAST,Adenosine diphosphate ribose,0.2880028,0.08683610815972849,0.4654008929270859,0.6757161428435308,0.0,0.005994005994005994,0.012076328540133793,False
3927,MAST,MAST,Adenosine triphosphate,-1.8079982,-0.5451319623633594,0.7071686193010206,0.7355863428813328,0.0,0.003996003996003996,0.008992796112653,False
3928,MAST,MAST,Amiloride-sensitive sodium transport,0.2880028,0.08683610815972849,0.4654008929270859,0.6757161428435308,0.0,0.005994005994005994,0.012076328540133793,False
3929,MAST,MAST,Anion exchange,0.42376864,0.07376865144292562,0.4705972357817693,0.6757161428435308,0.0,0.006993006993006993,0.013630621005892154,False
3930,MAST,MAST,Butyrate,0.0,0.0,0.5,0.6757161428435308,0.0,0.000999000999000999,0.002733238922886596,False
3931,MAST,MAST,Chenodeoxycholic acid,0.0,0.0,0.5,0.6757161428435308,0.0,0.000999000999000999,0.002733238922886596,False
3932,MAST,MAST,Chenodeoxycholic acid 3-sulfate,0.0,0.0,0.5,0.6757161428435308,0.0,0.000999000999000999,0.002733238922886596,False
3933,MAST,MAST,Chloride,0.0,0.0,0.5,0.6757161428435308,0.0,0.000999000999000999,0.002733238922886596,False
3934,MAST,MAST,Chloride ion,0.19200186,0.05789074027077538,0.47691782947354744,0.6757161428435308,0.0,0.000999000999000999,0.002733238922886596,False
3935,MAST,MAST,Cholesterol,0.19200186,0.03342323447891887,0.48666854078830535,0.6757161428435308,0.0,0.001998001998001998,0.005057316928544293,False
3936,MAST,MAST,Cholic acid,0.0,0.0,0.5,0.6757161428435308,0.0,0.000999000999000999,0.002733238922886596,False
3937,MAST,MAST,Choline,0.09600093,0.02894537013538769,0.4884540803151826,0.6757161428435308,0.0,0.000999000999000999,0.002733238922886596,False
3938,MAST,MAST,Citric acid,-0.67469585,-0.20342845273925053,0.5805999186715302,0.6777806646174732,0.0,0.023976023976023976,0.03535971648515611,False
3939,MAST,MAST,Coprocholic acid,0.0,0.0,0.5,0.6757161428435308,0.0,0.000999000999000999,0.002733238922886596,False
3940,MAST,MAST,Cortisol,0.19200186,0.03342323447891887,0.48666854078830535,0.6757161428435308,0.0,0.001998001998001998,0.005057316928544293,False
3941,MAST,MAST,Creatine,0.09600093,0.02894537013538769,0.4884540803151826,0.6757161428435308,0.0,0.000999000999000999,0.002733238922886596,False
3942,MAST,MAST,D-Lactate,0.0,0.0,0.5,0.6757161428435308,0.0,0.000999000999000999,0.002733238922886596,False
3943,MAST,MAST,Deoxycholic acid,0.0,0.0,0.5,0.6757161428435308,0.0,0.000999000999000999,0.002733238922886596,False
3944,MAST,MAST,Dopamine,0.09600093,0.02894537013538769,0.4884540803151826,0.6757161428435308,0.0,0.000999000999000999,0.002733238922886596,False
3945,MAST,MAST,E-3179,0.0,0.0,0.5,0.6757161428435308,0.0,0.000999000999000999,0.002733238922886596,False
3946,MAST,MAST,Estradiol,-0.48269397,-0.072768853987803,0.5290049719285237,0.6757161428435308,0.0,0.023976023976023976,0.03535971648515611,False
3947,MAST,MAST,Estriol,0.0,0.0,0.5,0.6757161428435308,0.0,0.000999000999000999,0.002733238922886596,False
3948,MAST,MAST,Fatty acid,-3.059986,-0.5326752100694836,0.7028707853209331,0.7321867323834469,0.0,0.08791208791208792,0.10355187883277772,False
3949,MAST,MAST,Folic acid,0.19200186,0.04093493501337442,0.48367388333263367,0.6757161428435308,0.0,0.001998001998001998,0.005057316928544293,False
3950,MAST,MAST,Folinic acid,0.0,0.0,0.5,0.6757161428435308,0.0,0.000999000999000999,0.002733238922886596,False
3951,MAST,MAST,Glutathione,0.0,0.0,0.5,0.6757161428435308,0.0,0.000999000999000999,0.002733238922886596,False
3952,MAST,MAST,Glycerol,0.0,0.0,0.5,0.6757161428435308,0.0,0.000999000999000999,0.002733238922886596,False
3953,MAST,MAST,Glycochenodeoxycholate-3-sulfate,0.0,0.0,0.5,0.6757161428435308,0.0,0.000999000999000999,0.002733238922886596,False
3954,MAST,MAST,Glycyl-glycine,0.0,0.0,0.5,0.6757161428435308,0.0,0.000999000999000999,0.002733238922886596,False
3955,MAST,MAST,Histamine,0.09600093,0.02894537013538769,0.4884540803151826,0.6757161428435308,0.0,0.000999000999000999,0.002733238922886596,False
3956,MAST,MAST,Hydroxylansoprazole,0.19200186,0.03342323447891887,0.48666854078830535,0.6757161428435308,0.0,0.001998001998001998,0.005057316928544293,False
3957,MAST,MAST,Hyodeoxycholic acid,0.0,0.0,0.5,0.6757161428435308,0.0,0.000999000999000999,0.002733238922886596,False
3958,MAST,MAST,Iron,-1.2523569,-0.37759980884949895,0.6471360466443268,0.6926067856513338,0.0,0.016983016983016984,0.026454476677359295,False
3959,MAST,MAST,Isoursodeoxycholic acid,0.0,0.0,0.5,0.6757161428435308,0.0,0.000999000999000999,0.002733238922886596,False
3960,MAST,MAST,Ketone bodies,0.0,0.0,0.5,0.6757161428435308,0.0,0.000999000999000999,0.002733238922886596,False
3961,MAST,MAST,L-Arginine,0.09600093,0.02894537013538769,0.4884540803151826,0.6757161428435308,0.0,0.000999000999000999,0.002733238922886596,False
3962,MAST,MAST,L-Carnitine,0.19200186,0.04093493501337442,0.48367388333263367,0.6757161428435308,0.0,0.005994005994005994,0.012076328540133793,False
3963,MAST,MAST,L-Cystine,0.09600093,0.02894537013538769,0.4884540803151826,0.6757161428435308,0.0,0.000999000999000999,0.002733238922886596,False
3964,MAST,MAST,L-Dopa,0.0,0.0,0.5,0.6757161428435308,0.0,0.000999000999000999,0.002733238922886596,False
3965,MAST,MAST,L-Glutamate,0.0,0.0,0.5,0.6757161428435308,0.0,0.000999000999000999,0.002733238922886596,False
3966,MAST,MAST,L-Lactate,0.0,0.0,0.5,0.6757161428435308,0.0,0.000999000999000999,0.002733238922886596,False
3967,MAST,MAST,L-Lysine,0.09600093,0.02894537013538769,0.4884540803151826,0.6757161428435308,0.0,0.000999000999000999,0.002733238922886596,False
3968,MAST,MAST,L-Ornithine,0.09600093,0.02894537013538769,0.4884540803151826,0.6757161428435308,0.0,0.000999000999000999,0.002733238922886596,False
3969,MAST,MAST,Lithocholic acid,0.0,0.0,0.5,0.6757161428435308,0.0,0.000999000999000999,0.002733238922886596,False
3970,MAST,MAST,N-Desmethylcitalopram,0.0,0.0,0.5,0.6757161428435308,0.0,0.000999000999000999,0.002733238922886596,False
3971,MAST,MAST,N-Desmethyleletriptan,0.0,0.0,0.5,0.6757161428435308,0.0,0.000999000999000999,0.002733238922886596,False
3972,MAST,MAST,N-Desmethyltamoxifen,0.19200186,0.03342323447891887,0.48666854078830535,0.6757161428435308,0.0,0.001998001998001998,0.005057316928544293,False
3973,MAST,MAST,N-desmethylimatinib,0.19200186,0.03342323447891887,0.48666854078830535,0.6757161428435308,0.0,0.001998001998001998,0.005057316928544293,False
3974,MAST,MAST,Neurotransmitter,0.0,0.0,0.5,0.6757161428435308,0.0,0.000999000999000999,0.002733238922886596,False
3975,MAST,MAST,Nicotinate,-0.57869494,-0.08724154467158328,0.5347602413239823,0.6757161428435308,0.0,0.023976023976023976,0.03535971648515611,False
3976,MAST,MAST,Norepinephrine,0.09600093,0.02894537013538769,0.4884540803151826,0.6757161428435308,0.0,0.000999000999000999,0.002733238922886596,False
3977,MAST,MAST,O-Deethylated candesartan,0.0,0.0,0.5,0.6757161428435308,0.0,0.000999000999000999,0.002733238922886596,False
3978,MAST,MAST,O-Desmethylverapamil (D-702),0.4237686,0.04040475159048643,0.48388522106150317,0.6757161428435308,0.0,0.007992007992007992,0.015114170255481141,False
3979,MAST,MAST,Oxalic acid,-0.67469585,-0.20342845273925053,0.5805999186715302,0.6777806646174732,0.0,0.023976023976023976,0.03535971648515611,False
3980,MAST,MAST,Phosphate,0.0,0.0,0.5,0.6757161428435308,0.0,0.000999000999000999,0.002733238922886596,False
3981,MAST,MAST,Progesterone,0.0,0.0,0.5,0.6757161428435308,0.0,0.000999000999000999,0.002733238922886596,False
3982,MAST,MAST,Pyruvate,0.0,0.0,0.5,0.6757161428435308,0.0,0.000999000999000999,0.002733238922886596,False
3983,MAST,MAST,Sodium,0.2880028,0.0501348504213987,0.4800074640132095,0.6757161428435308,0.0,0.000999000999000999,0.002733238922886596,False
3984,MAST,MAST,Sodium_hydrogen exchange,0.59725046,0.10396796037002108,0.4585973873315904,0.6757161428435308,0.0,0.011988011988011988,0.02048481266085178,False
3985,MAST,MAST,Sulfolithocholic acid,0.0,0.0,0.5,0.6757161428435308,0.0,0.000999000999000999,0.002733238922886596,False
3986,MAST,MAST,Taurocholic acid,-0.48269397,-0.048512569325202,0.5193461263179336,0.6757161428435308,0.0,0.023976023976023976,0.03535971648515611,False
3987,MAST,MAST,Testosterone,0.19200186,0.02894537013538769,0.4884540803151826,0.6757161428435308,0.0,0.001998001998001998,0.005057316928544293,False
3988,MAST,MAST,Trihydroxycoprostanoic acid,0.0,0.0,0.5,0.6757161428435308,0.0,0.000999000999000999,0.002733238922886596,False
3989,MAST,MAST,Ursocholic acid,0.0,0.0,0.5,0.6757161428435308,0.0,0.000999000999000999,0.002733238922886596,False
3990,MAST,MAST,Ursodeoxycholic acid,0.0,0.0,0.5,0.6757161428435308,0.0,0.000999000999000999,0.002733238922886596,False
3991,MAST,MAST,Ursodeoxycholic acid 3-sulfate,0.0,0.0,0.5,0.6757161428435308,0.0,0.000999000999000999,0.002733238922886596,False
3992,MAST,MAST,Varanic acid,0.0,0.0,0.5,0.6757161428435308,0.0,0.000999000999000999,0.002733238922886596,False
3993,MAST,MAST,Water,0.19200186,0.03342323447891887,0.48666854078830535,0.6757161428435308,0.0,0.005994005994005994,0.012076328540133793,False
3994,MAST,MAST,alpha-Ketoisovaleric acid,0.0,0.0,0.5,0.6757161428435308,0.0,0.000999000999000999,0.002733238922886596,False
3995,MAST,MNP,"(3a,5b,7a)-23-Carboxy-7-hydroxy-24-norcholan-3-yl-b-D-Glucopyranosiduronic acid",0.0,0.0,0.5,0.6757161428435308,0.0,0.000999000999000999,0.002733238922886596,False
3996,MAST,MNP,17a-Ethynylestradiol,0.0,0.0,0.5,0.6757161428435308,0.0,0.000999000999000999,0.002733238922886596,False
3997,MAST,MNP,"1b,3a,12a-Trihydroxy-5b-cholanoic acid",0.0,0.0,0.5,0.6757161428435308,0.0,0.000999000999000999,0.002733238922886596,False
3998,MAST,MNP,2-Hydroxychlorpropamide,0.0,0.0,0.5,0.6757161428435308,0.0,0.000999000999000999,0.002733238922886596,False
3999,MAST,MNP,25-Hydroxycholesterol,4.8000293,1.4472632815625661,0.0739115994415063,0.6757161428435308,21.211975,0.06493506493506493,0.07952522555326293,False
4000,MAST,MNP,"3',4'-Dihydrodiol",0.0,0.0,0.5,0.6757161428435308,0.0,0.000999000999000999,0.002733238922886596,False
4001,MAST,MNP,3-Sulfodeoxycholic acid,0.0,0.0,0.5,0.6757161428435308,0.0,0.000999000999000999,0.002733238922886596,False
4002,MAST,MNP,"3alpha,7alpha-Dihydroxycoprostanic acid",0.0,0.0,0.5,0.6757161428435308,0.0,0.000999000999000999,0.002733238922886596,False
4003,MAST,MNP,3b-Hydroxy-5-cholenoic acid,0.0,0.0,0.5,0.6757161428435308,0.0,0.000999000999000999,0.002733238922886596,False
4004,MAST,MNP,4'-Hydroxydiclofenac,0.0,0.0,0.5,0.6757161428435308,0.0,0.000999000999000999,0.002733238922886596,False
4005,MAST,MNP,4-Hydroxycyclophosphamide,0.0,0.0,0.5,0.6757161428435308,0.0,0.000999000999000999,0.002733238922886596,False
4006,MAST,MNP,4-ene-Valproic acid,0.07766647,0.01351999685565782,0.4946064659381826,0.6757161428435308,0.0,0.004995004995004995,0.010650366582569973,False
4007,MAST,MNP,5-Hydroxyomeprazole,0.06341441,0.008550797267225633,0.4965887670083747,0.6757161428435308,0.0,0.002997002997002997,0.007184126848760995,False
4008,MAST,MNP,8-Hydroxycarvedilol,0.0,0.0,0.5,0.6757161428435308,0.0,0.000999000999000999,0.002733238922886596,False
4009,MAST,MNP,Acetate,-0.33173007,-0.0707250880767205,0.5281917232832138,0.6757161428435308,0.0,0.2547452547452547,0.27315848147760863,False
4010,MAST,MNP,Acetyl-L-Carnitine,0.07766647,0.02341732147217081,0.4906586941289217,0.6757161428435308,0.0,0.004995004995004995,0.010650366582569973,False
4011,MAST,MNP,Adenosine diphosphate ribose,-0.7248158,-0.2185401821733317,0.5864958730084254,0.6795983862910224,0.0,0.017982017982017984,0.027654497092149906,False
4012,MAST,MNP,Adenosine triphosphate,-0.84138566,-0.25368732242562,0.6001314355153083,0.6795983862910224,0.0,0.024975024975024976,0.03644001556318884,False
4013,MAST,MNP,Amiloride-sensitive sodium transport,0.07766647,0.02341732147217081,0.4906586941289217,0.6757161428435308,0.0,0.000999000999000999,0.002733238922886596,False
4014,MAST,MNP,Anion exchange,-0.47443843,-0.08258912959452282,0.5329108774642212,0.6757161428435308,0.0,0.007992007992007992,0.015114170255481141,False
4015,MAST,MNP,Butyrate,0.0,0.0,0.5,0.6757161428435308,0.0,0.000999000999000999,0.002733238922886596,False
4016,MAST,MNP,Chenodeoxycholic acid,0.0,0.0,0.5,0.6757161428435308,0.0,0.000999000999000999,0.002733238922886596,False
4017,MAST,MNP,Chenodeoxycholic acid 3-sulfate,0.0,0.0,0.5,0.6757161428435308,0.0,0.000999000999000999,0.002733238922886596,False
4018,MAST,MNP,Chloride,0.0,0.0,0.5,0.6757161428435308,0.0,0.000999000999000999,0.002733238922886596,False
4019,MAST,MNP,Chloride ion,0.100266986,0.030231633643575936,0.4879411600281052,0.6757161428435308,0.0,0.004995004995004995,0.010650366582569973,False
4020,MAST,MNP,Cholesterol,0.06341441,0.011039031804253589,0.49559615292106673,0.6757161428435308,0.0,0.002997002997002997,0.007184126848760995,False
4021,MAST,MNP,Cholic acid,0.0,0.0,0.5,0.6757161428435308,0.0,0.000999000999000999,0.002733238922886596,False
4022,MAST,MNP,Choline,0.07766647,0.02341732147217081,0.4906586941289217,0.6757161428435308,0.0,0.004995004995004995,0.010650366582569973,False
4023,MAST,MNP,Citric acid,-0.33173007,-0.1000203787581298,0.5398359266687399,0.6757161428435308,0.0,0.2547452547452547,0.27315848147760863,False
4024,MAST,MNP,Coprocholic acid,0.0,0.0,0.5,0.6757161428435308,0.0,0.000999000999000999,0.002733238922886596,False
4025,MAST,MNP,Cortisol,0.06341441,0.011039031804253589,0.49559615292106673,0.6757161428435308,0.0,0.002997002997002997,0.007184126848760995,False
4026,MAST,MNP,Creatine,0.07766647,0.02341732147217081,0.4906586941289217,0.6757161428435308,0.0,0.004995004995004995,0.010650366582569973,False
4027,MAST,MNP,D-Lactate,0.0,0.0,0.5,0.6757161428435308,0.0,0.000999000999000999,0.002733238922886596,False
4028,MAST,MNP,Deoxycholic acid,0.0,0.0,0.5,0.6757161428435308,0.0,0.000999000999000999,0.002733238922886596,False
4029,MAST,MNP,Dopamine,0.07766647,0.02341732147217081,0.4906586941289217,0.6757161428435308,0.0,0.004995004995004995,0.010650366582569973,False
4030,MAST,MNP,E-3179,0.0,0.0,0.5,0.6757161428435308,0.0,0.000999000999000999,0.002733238922886596,False
4031,MAST,MNP,Estradiol,-0.26831567,-0.0404501096498315,0.5161328594049357,0.6757161428435308,0.0,0.25574425574425574,0.27413622505647045,False
4032,MAST,MNP,Estriol,0.0,0.0,0.5,0.6757161428435308,0.0,0.000999000999000999,0.002733238922886596,False
4033,MAST,MNP,Fatty acid,0.26868263,0.04677164222970612,0.4813476152561302,0.6757161428435308,0.0,0.12387612387612387,0.14169500257879963,False
4034,MAST,MNP,Folic acid,0.06341441,0.013519997587388222,0.49460646564629107,0.6757161428435308,0.0,0.002997002997002997,0.007184126848760995,False
4035,MAST,MNP,Folinic acid,0.0,0.0,0.5,0.6757161428435308,0.0,0.000999000999000999,0.002733238922886596,False
4036,MAST,MNP,Glutathione,0.0,0.0,0.5,0.6757161428435308,0.0,0.000999000999000999,0.002733238922886596,False
4037,MAST,MNP,Glycerol,0.0,0.0,0.5,0.6757161428435308,0.0,0.000999000999000999,0.002733238922886596,False
4038,MAST,MNP,Glycochenodeoxycholate-3-sulfate,0.0,0.0,0.5,0.6757161428435308,0.0,0.000999000999000999,0.002733238922886596,False
4039,MAST,MNP,Glycyl-glycine,0.0,0.0,0.5,0.6757161428435308,0.0,0.000999000999000999,0.002733238922886596,False
4040,MAST,MNP,Histamine,0.07766647,0.02341732147217081,0.4906586941289217,0.6757161428435308,0.0,0.004995004995004995,0.010650366582569973,False
4041,MAST,MNP,Hydroxylansoprazole,0.06341441,0.011039031804253589,0.49559615292106673,0.6757161428435308,0.0,0.002997002997002997,0.007184126848760995,False
4042,MAST,MNP,Hyodeoxycholic acid,0.0,0.0,0.5,0.6757161428435308,0.0,0.000999000999000999,0.002733238922886596,False
4043,MAST,MNP,Iron,-1.5301408,-0.46135479720537353,0.6777279616868821,0.7129670177102649,0.0,0.24875124875124874,0.267186706735887,False
4044,MAST,MNP,Isoursodeoxycholic acid,0.0,0.0,0.5,0.6757161428435308,0.0,0.000999000999000999,0.002733238922886596,False
4045,MAST,MNP,Ketone bodies,0.0,0.0,0.5,0.6757161428435308,0.0,0.000999000999000999,0.002733238922886596,False
4046,MAST,MNP,L-Arginine,0.031707205,0.009560081975667973,0.4961861371906625,0.6757161428435308,0.0,0.000999000999000999,0.002733238922886596,False
4047,MAST,MNP,L-Carnitine,0.15533294,0.03311709362039465,0.48679060574427163,0.6757161428435308,0.0,0.008991008991008992,0.016702140151638085,False
4048,MAST,MNP,L-Cystine,0.031707205,0.009560081975667973,0.4961861371906625,0.6757161428435308,0.0,0.000999000999000999,0.002733238922886596,False
4049,MAST,MNP,L-Dopa,0.0,0.0,0.5,0.6757161428435308,0.0,0.000999000999000999,0.002733238922886596,False
4050,MAST,MNP,L-Glutamate,0.0,0.0,0.5,0.6757161428435308,0.0,0.000999000999000999,0.002733238922886596,False
4051,MAST,MNP,L-Lactate,0.0,0.0,0.5,0.6757161428435308,0.0,0.000999000999000999,0.002733238922886596,False
4052,MAST,MNP,L-Lysine,0.031707205,0.009560081975667973,0.4961861371906625,0.6757161428435308,0.0,0.000999000999000999,0.002733238922886596,False
4053,MAST,MNP,L-Ornithine,0.031707205,0.009560081975667973,0.4961861371906625,0.6757161428435308,0.0,0.000999000999000999,0.002733238922886596,False
4054,MAST,MNP,Lithocholic acid,0.0,0.0,0.5,0.6757161428435308,0.0,0.000999000999000999,0.002733238922886596,False
4055,MAST,MNP,N-Desmethylcitalopram,0.0,0.0,0.5,0.6757161428435308,0.0,0.000999000999000999,0.002733238922886596,False
4056,MAST,MNP,N-Desmethyleletriptan,0.0,0.0,0.5,0.6757161428435308,0.0,0.000999000999000999,0.002733238922886596,False
4057,MAST,MNP,N-Desmethyltamoxifen,0.06341441,0.011039031804253589,0.49559615292106673,0.6757161428435308,0.0,0.002997002997002997,0.007184126848760995,False
4058,MAST,MNP,N-desmethylimatinib,0.06341441,0.011039031804253589,0.49559615292106673,0.6757161428435308,0.0,0.002997002997002997,0.007184126848760995,False
4059,MAST,MNP,Neurotransmitter,0.0,0.0,0.5,0.6757161428435308,0.0,0.000999000999000999,0.002733238922886596,False
4060,MAST,MNP,Nicotinate,-0.2540636,-0.03830152976619679,0.5152763644471073,0.6757161428435308,0.0,0.25874125874125875,0.2770183008480881,False
4061,MAST,MNP,Norepinephrine,0.07766647,0.02341732147217081,0.4906586941289217,0.6757161428435308,0.0,0.004995004995004995,0.010650366582569973,False
4062,MAST,MNP,O-Deethylated candesartan,0.0,0.0,0.5,0.6757161428435308,0.0,0.000999000999000999,0.002733238922886596,False
4063,MAST,MNP,O-Desmethylverapamil (D-702),0.29573244,0.028196981659743103,0.48875252227756694,0.6757161428435308,0.0,0.011988011988011988,0.02048481266085178,False
4064,MAST,MNP,Oxalic acid,-0.33173007,-0.1000203787581298,0.5398359266687399,0.6757161428435308,0.0,0.2547452547452547,0.27315848147760863,False
4065,MAST,MNP,Phosphate,0.0,0.0,0.5,0.6757161428435308,0.0,0.000999000999000999,0.002733238922886596,False
4066,MAST,MNP,Progesterone,0.0,0.0,0.5,0.6757161428435308,0.0,0.000999000999000999,0.002733238922886596,False
4067,MAST,MNP,Pyruvate,0.0,0.0,0.5,0.6757161428435308,0.0,0.000999000999000999,0.002733238922886596,False
4068,MAST,MNP,Sodium,0.17793345,0.030974238677818535,0.4876450421846371,0.6757161428435308,0.0,0.008991008991008992,0.016702140151638085,False
4069,MAST,MNP,Sodium_hydrogen exchange,0.095121615,0.01655854770638038,0.49339439707935234,0.6757161428435308,0.0,0.004995004995004995,0.010650366582569973,False
4070,MAST,MNP,Sulfolithocholic acid,0.0,0.0,0.5,0.6757161428435308,0.0,0.000999000999000999,0.002733238922886596,False
4071,MAST,MNP,Taurocholic acid,-0.26831567,-0.026966739766554334,0.5107568689000919,0.6757161428435308,0.0,0.25574425574425574,0.27413622505647045,False
4072,MAST,MNP,Testosterone,0.10822899,0.016316133989622422,0.4934910930962338,0.6757161428435308,0.0,0.002997002997002997,0.007184126848760995,False
4073,MAST,MNP,Trihydroxycoprostanoic acid,0.0,0.0,0.5,0.6757161428435308,0.0,0.000999000999000999,0.002733238922886596,False
4074,MAST,MNP,Ursocholic acid,0.0,0.0,0.5,0.6757161428435308,0.0,0.000999000999000999,0.002733238922886596,False
4075,MAST,MNP,Ursodeoxycholic acid,0.0,0.0,0.5,0.6757161428435308,0.0,0.000999000999000999,0.002733238922886596,False
4076,MAST,MNP,Ursodeoxycholic acid 3-sulfate,0.0,0.0,0.5,0.6757161428435308,0.0,0.000999000999000999,0.002733238922886596,False
4077,MAST,MNP,Varanic acid,0.0,0.0,0.5,0.6757161428435308,0.0,0.000999000999000999,0.002733238922886596,False
4078,MAST,MNP,Water,0.11672963,0.020320020722612187,0.4918940424283155,0.6757161428435308,0.0,0.003996003996003996,0.008992796112653,False
4079,MAST,MNP,alpha-Ketoisovaleric acid,0.0,0.0,0.5,0.6757161428435308,0.0,0.000999000999000999,0.002733238922886596,False
4080,MAST,Muscularis_mucosa,"(3a,5b,7a)-23-Carboxy-7-hydroxy-24-norcholan-3-yl-b-D-Glucopyranosiduronic acid",0.0,0.0,0.5,0.6757161428435308,0.0,0.000999000999000999,0.002733238922886596,False
4081,MAST,Muscularis_mucosa,17a-Ethynylestradiol,0.0,0.0,0.5,0.6757161428435308,0.0,0.000999000999000999,0.002733238922886596,False
4082,MAST,Muscularis_mucosa,"1b,3a,12a-Trihydroxy-5b-cholanoic acid",0.0,0.0,0.5,0.6757161428435308,0.0,0.000999000999000999,0.002733238922886596,False
4083,MAST,Muscularis_mucosa,2-Hydroxychlorpropamide,0.0,0.0,0.5,0.6757161428435308,0.0,0.000999000999000999,0.002733238922886596,False
4084,MAST,Muscularis_mucosa,25-Hydroxycholesterol,-1.1590397,-0.3494636291583252,0.6366293643113843,0.685684709164145,0.0,0.007992007992007992,0.015114170255481141,False
4085,MAST,Muscularis_mucosa,"3',4'-Dihydrodiol",0.0,0.0,0.5,0.6757161428435308,0.0,0.000999000999000999,0.002733238922886596,False
4086,MAST,Muscularis_mucosa,3-Sulfodeoxycholic acid,0.0,0.0,0.5,0.6757161428435308,0.0,0.000999000999000999,0.002733238922886596,False
4087,MAST,Muscularis_mucosa,"3alpha,7alpha-Dihydroxycoprostanic acid",0.0,0.0,0.5,0.6757161428435308,0.0,0.000999000999000999,0.002733238922886596,False
4088,MAST,Muscularis_mucosa,3b-Hydroxy-5-cholenoic acid,0.0,0.0,0.5,0.6757161428435308,0.0,0.000999000999000999,0.002733238922886596,False
4089,MAST,Muscularis_mucosa,4'-Hydroxydiclofenac,0.0,0.0,0.5,0.6757161428435308,0.0,0.000999000999000999,0.002733238922886596,False
4090,MAST,Muscularis_mucosa,4-Hydroxycyclophosphamide,0.0,0.0,0.5,0.6757161428435308,0.0,0.000999000999000999,0.002733238922886596,False
4091,MAST,Muscularis_mucosa,4-ene-Valproic acid,0.053388476,0.009293740821843035,0.4962923872164729,0.6757161428435308,0.0,0.000999000999000999,0.002733238922886596,False
4092,MAST,Muscularis_mucosa,5-Hydroxyomeprazole,0.10677695,0.014397801370786441,0.49425630673048554,0.6757161428435308,0.0,0.001998001998001998,0.005057316928544293,False
4093,MAST,Muscularis_mucosa,8-Hydroxycarvedilol,0.0,0.0,0.5,0.6757161428435308,0.0,0.000999000999000999,0.002733238922886596,False
4094,MAST,Muscularis_mucosa,Acetate,-1.294235,-0.27593182722939036,0.6086997860367406,0.6800205699783143,0.0,0.015984015984015984,0.025433711241958142,False
4095,MAST,Muscularis_mucosa,Acetyl-L-Carnitine,0.053388476,0.016097231295809068,0.4935784111678301,0.6757161428435308,0.0,0.000999000999000999,0.002733238922886596,False
4096,MAST,Muscularis_mucosa,Adenosine diphosphate ribose,0.22650813,0.06829476952638097,0.4727754938614271,0.6757161428435308,0.0,0.005994005994005994,0.012076328540133793,False
4097,MAST,Muscularis_mucosa,Adenosine triphosphate,0.15100542,0.04552984635092065,0.48184249280565206,0.6757161428435308,0.0,0.007992007992007992,0.015114170255481141,False
4098,MAST,Muscularis_mucosa,Amiloride-sensitive sodium transport,0.092471555,0.02788122284567042,0.4888784423100427,0.6757161428435308,0.0,0.001998001998001998,0.005057316928544293,False
4099,MAST,Muscularis_mucosa,Anion exchange,0.25572574,0.04451613762807986,0.482246494380651,0.6757161428435308,0.0,0.007992007992007992,0.015114170255481141,False
4100,MAST,Muscularis_mucosa,Butyrate,0.0,0.0,0.5,0.6757161428435308,0.0,0.000999000999000999,0.002733238922886596,False
4101,MAST,Muscularis_mucosa,Chenodeoxycholic acid,0.0,0.0,0.5,0.6757161428435308,0.0,0.000999000999000999,0.002733238922886596,False
4102,MAST,Muscularis_mucosa,Chenodeoxycholic acid 3-sulfate,0.0,0.0,0.5,0.6757161428435308,0.0,0.000999000999000999,0.002733238922886596,False
4103,MAST,Muscularis_mucosa,Chloride,0.0,0.0,0.5,0.6757161428435308,0.0,0.000999000999000999,0.002733238922886596,False
4104,MAST,Muscularis_mucosa,Chloride ion,0.20850843,0.06286765766142795,0.47493594466351896,0.6757161428435308,0.0,0.014985014985014986,0.024255209535703617,False
4105,MAST,Muscularis_mucosa,Cholesterol,0.10677695,0.01858748164368607,0.49258509465674316,0.6757161428435308,0.0,0.001998001998001998,0.005057316928544293,False
4106,MAST,Muscularis_mucosa,Cholic acid,0.0,0.0,0.5,0.6757161428435308,0.0,0.000999000999000999,0.002733238922886596,False
4107,MAST,Muscularis_mucosa,Choline,0.053388476,0.016097231295809068,0.4935784111678301,0.6757161428435308,0.0,0.000999000999000999,0.002733238922886596,False
4108,MAST,Muscularis_mucosa,Citric acid,-1.294235,-0.39022653235819355,0.6518154781197563,0.6962155686784772,0.0,0.015984015984015984,0.025433711241958142,False
4109,MAST,Muscularis_mucosa,Coprocholic acid,0.0,0.0,0.5,0.6757161428435308,0.0,0.000999000999000999,0.002733238922886596,False
4110,MAST,Muscularis_mucosa,Cortisol,0.10677695,0.01858748164368607,0.49258509465674316,0.6757161428435308,0.0,0.001998001998001998,0.005057316928544293,False
4111,MAST,Muscularis_mucosa,Creatine,0.053388476,0.016097231295809068,0.4935784111678301,0.6757161428435308,0.0,0.000999000999000999,0.002733238922886596,False
4112,MAST,Muscularis_mucosa,D-Lactate,0.0,0.0,0.5,0.6757161428435308,0.0,0.000999000999000999,0.002733238922886596,False
4113,MAST,Muscularis_mucosa,Deoxycholic acid,0.0,0.0,0.5,0.6757161428435308,0.0,0.000999000999000999,0.002733238922886596,False
4114,MAST,Muscularis_mucosa,Dopamine,0.053388476,0.016097231295809068,0.4935784111678301,0.6757161428435308,0.0,0.000999000999000999,0.002733238922886596,False
4115,MAST,Muscularis_mucosa,E-3179,0.0,0.0,0.5,0.6757161428435308,0.0,0.000999000999000999,0.002733238922886596,False
4116,MAST,Muscularis_mucosa,Estradiol,-1.187458,-0.1790160348832877,0.5710374444706512,0.6761306788442566,0.0,0.016983016983016984,0.026454476677359295,False
4117,MAST,Muscularis_mucosa,Estriol,0.0,0.0,0.5,0.6757161428435308,0.0,0.000999000999000999,0.002733238922886596,False
4118,MAST,Muscularis_mucosa,Fatty acid,1.4855334,0.2585981645725153,0.39797264977377184,0.6757161428435308,0.0,0.16183816183816183,0.1802659886598261,False
4119,MAST,Muscularis_mucosa,Folic acid,0.10677695,0.022764922815189815,0.4909188941536911,0.6757161428435308,0.0,0.001998001998001998,0.005057316928544293,False
4120,MAST,Muscularis_mucosa,Folinic acid,0.0,0.0,0.5,0.6757161428435308,0.0,0.000999000999000999,0.002733238922886596,False
4121,MAST,Muscularis_mucosa,Glutathione,0.0,0.0,0.5,0.6757161428435308,0.0,0.000999000999000999,0.002733238922886596,False
4122,MAST,Muscularis_mucosa,Glycerol,0.0,0.0,0.5,0.6757161428435308,0.0,0.000999000999000999,0.002733238922886596,False
4123,MAST,Muscularis_mucosa,Glycochenodeoxycholate-3-sulfate,0.0,0.0,0.5,0.6757161428435308,0.0,0.000999000999000999,0.002733238922886596,False
4124,MAST,Muscularis_mucosa,Glycyl-glycine,0.0,0.0,0.5,0.6757161428435308,0.0,0.000999000999000999,0.002733238922886596,False
4125,MAST,Muscularis_mucosa,Histamine,0.053388476,0.016097231295809068,0.4935784111678301,0.6757161428435308,0.0,0.000999000999000999,0.002733238922886596,False
4126,MAST,Muscularis_mucosa,Hydroxylansoprazole,0.10677695,0.01858748164368607,0.49258509465674316,0.6757161428435308,0.0,0.001998001998001998,0.005057316928544293,False
4127,MAST,Muscularis_mucosa,Hyodeoxycholic acid,0.0,0.0,0.5,0.6757161428435308,0.0,0.000999000999000999,0.002733238922886596,False
4128,MAST,Muscularis_mucosa,Iron,0.28162503,0.08491314219319594,0.46616522178248115,0.6757161428435308,0.0,0.01998001998001998,0.030239250643485482,False
4129,MAST,Muscularis_mucosa,Isoursodeoxycholic acid,0.0,0.0,0.5,0.6757161428435308,0.0,0.000999000999000999,0.002733238922886596,False
4130,MAST,Muscularis_mucosa,Ketone bodies,0.0,0.0,0.5,0.6757161428435308,0.0,0.000999000999000999,0.002733238922886596,False
4131,MAST,Muscularis_mucosa,L-Arginine,0.07550271,0.022764923175460326,0.4909188940100012,0.6757161428435308,0.0,0.002997002997002997,0.007184126848760995,False
4132,MAST,Muscularis_mucosa,L-Carnitine,0.10677695,0.022764922815189815,0.4909188941536911,0.6757161428435308,0.0,0.002997002997002997,0.007184126848760995,False
4133,MAST,Muscularis_mucosa,L-Cystine,0.07550271,0.022764923175460326,0.4909188940100012,0.6757161428435308,0.0,0.002997002997002997,0.007184126848760995,False
4134,MAST,Muscularis_mucosa,L-Dopa,0.0,0.0,0.5,0.6757161428435308,0.0,0.000999000999000999,0.002733238922886596,False
4135,MAST,Muscularis_mucosa,L-Glutamate,0.0,0.0,0.5,0.6757161428435308,0.0,0.000999000999000999,0.002733238922886596,False
4136,MAST,Muscularis_mucosa,L-Lactate,0.0,0.0,0.5,0.6757161428435308,0.0,0.000999000999000999,0.002733238922886596,False
4137,MAST,Muscularis_mucosa,L-Lysine,0.07550271,0.022764923175460326,0.4909188940100012,0.6757161428435308,0.0,0.002997002997002997,0.007184126848760995,False
4138,MAST,Muscularis_mucosa,L-Ornithine,0.07550271,0.022764923175460326,0.4909188940100012,0.6757161428435308,0.0,0.002997002997002997,0.007184126848760995,False
4139,MAST,Muscularis_mucosa,Lithocholic acid,0.0,0.0,0.5,0.6757161428435308,0.0,0.000999000999000999,0.002733238922886596,False
4140,MAST,Muscularis_mucosa,N-Desmethylcitalopram,0.0,0.0,0.5,0.6757161428435308,0.0,0.000999000999000999,0.002733238922886596,False
4141,MAST,Muscularis_mucosa,N-Desmethyleletriptan,0.0,0.0,0.5,0.6757161428435308,0.0,0.000999000999000999,0.002733238922886596,False
4142,MAST,Muscularis_mucosa,N-Desmethyltamoxifen,0.10677695,0.01858748164368607,0.49258509465674316,0.6757161428435308,0.0,0.001998001998001998,0.005057316928544293,False
4143,MAST,Muscularis_mucosa,N-desmethylimatinib,0.10677695,0.01858748164368607,0.49258509465674316,0.6757161428435308,0.0,0.001998001998001998,0.005057316928544293,False
4144,MAST,Muscularis_mucosa,Neurotransmitter,0.0,0.0,0.5,0.6757161428435308,0.0,0.000999000999000999,0.002733238922886596,False
4145,MAST,Muscularis_mucosa,Nicotinate,-1.2408465,-0.18706465053119226,0.574195028166732,0.6771066230162626,0.0,0.015984015984015984,0.025433711241958142,False
4146,MAST,Muscularis_mucosa,Norepinephrine,0.053388476,0.016097231295809068,0.4935784111678301,0.6757161428435308,0.0,0.000999000999000999,0.002733238922886596,False
4147,MAST,Muscularis_mucosa,O-Deethylated candesartan,0.0,0.0,0.5,0.6757161428435308,0.0,0.000999000999000999,0.002733238922886596,False
4148,MAST,Muscularis_mucosa,O-Desmethylverapamil (D-702),0.34244508,0.03265085683720094,0.48697650676832793,0.6757161428435308,0.0,0.006993006993006993,0.013630621005892154,False
4149,MAST,Muscularis_mucosa,Oxalic acid,-1.294235,-0.39022653235819355,0.6518154781197563,0.6962155686784772,0.0,0.015984015984015984,0.025433711241958142,False
4150,MAST,Muscularis_mucosa,Phosphate,0.0,0.0,0.5,0.6757161428435308,0.0,0.000999000999000999,0.002733238922886596,False
4151,MAST,Muscularis_mucosa,Progesterone,0.0,0.0,0.5,0.6757161428435308,0.0,0.000999000999000999,0.002733238922886596,False
4152,MAST,Muscularis_mucosa,Pyruvate,0.0,0.0,0.5,0.6757161428435308,0.0,0.000999000999000999,0.002733238922886596,False
4153,MAST,Muscularis_mucosa,Sodium,-1.49503,-0.2602513259056059,0.6026650422558432,0.6795983862910224,0.0,0.016983016983016984,0.026454476677359295,False
4154,MAST,Muscularis_mucosa,Sodium_hydrogen exchange,0.33981282,0.05915381833187082,0.47641479641107776,0.6757161428435308,0.0,0.00999000999000999,0.017922750381392707,False
4155,MAST,Muscularis_mucosa,Sulfolithocholic acid,0.0,0.0,0.5,0.6757161428435308,0.0,0.000999000999000999,0.002733238922886596,False
4156,MAST,Muscularis_mucosa,Taurocholic acid,-1.187458,-0.11934402325552515,0.5474985964049376,0.6757161428435308,0.0,0.016983016983016984,0.026454476677359295,False
4157,MAST,Muscularis_mucosa,Testosterone,0.2135539,0.032194462591618137,0.4871584860517645,0.6757161428435308,0.0,0.003996003996003996,0.008992796112653,False
4158,MAST,Muscularis_mucosa,Trihydroxycoprostanoic acid,0.0,0.0,0.5,0.6757161428435308,0.0,0.000999000999000999,0.002733238922886596,False
4159,MAST,Muscularis_mucosa,Ursocholic acid,0.0,0.0,0.5,0.6757161428435308,0.0,0.000999000999000999,0.002733238922886596,False
4160,MAST,Muscularis_mucosa,Ursodeoxycholic acid,0.0,0.0,0.5,0.6757161428435308,0.0,0.000999000999000999,0.002733238922886596,False
4161,MAST,Muscularis_mucosa,Ursodeoxycholic acid 3-sulfate,0.0,0.0,0.5,0.6757161428435308,0.0,0.000999000999000999,0.002733238922886596,False
4162,MAST,Muscularis_mucosa,Varanic acid,0.0,0.0,0.5,0.6757161428435308,0.0,0.000999000999000999,0.002733238922886596,False
4163,MAST,Muscularis_mucosa,Water,0.18494311,0.03219446303056752,0.48715848587673977,0.6757161428435308,0.0,0.008991008991008992,0.016702140151638085,False
4164,MAST,Muscularis_mucosa,alpha-Ketoisovaleric acid,0.0,0.0,0.5,0.6757161428435308,0.0,0.000999000999000999,0.002733238922886596,False
4165,MAST,Myofibroblast,"(3a,5b,7a)-23-Carboxy-7-hydroxy-24-norcholan-3-yl-b-D-Glucopyranosiduronic acid",0.0,0.0,0.5,0.6757161428435308,0.0,0.000999000999000999,0.002733238922886596,False
4166,MAST,Myofibroblast,17a-Ethynylestradiol,0.0,0.0,0.5,0.6757161428435308,0.0,0.000999000999000999,0.002733238922886596,False
4167,MAST,Myofibroblast,"1b,3a,12a-Trihydroxy-5b-cholanoic acid",0.0,0.0,0.5,0.6757161428435308,0.0,0.000999000999000999,0.002733238922886596,False
4168,MAST,Myofibroblast,2-Hydroxychlorpropamide,0.0,0.0,0.5,0.6757161428435308,0.0,0.000999000999000999,0.002733238922886596,False
4169,MAST,Myofibroblast,25-Hydroxycholesterol,0.19584543,0.08758473673412961,0.4651033669378566,0.6757161428435308,0.0,0.01098901098901099,0.01912057513717265,False
4170,MAST,Myofibroblast,"3',4'-Dihydrodiol",0.0,0.0,0.5,0.6757161428435308,0.0,0.000999000999000999,0.002733238922886596,False
4171,MAST,Myofibroblast,3-Sulfodeoxycholic acid,0.0,0.0,0.5,0.6757161428435308,0.0,0.000999000999000999,0.002733238922886596,False
4172,MAST,Myofibroblast,"3alpha,7alpha-Dihydroxycoprostanic acid",0.0,0.0,0.5,0.6757161428435308,0.0,0.000999000999000999,0.002733238922886596,False
4173,MAST,Myofibroblast,3b-Hydroxy-5-cholenoic acid,0.0,0.0,0.5,0.6757161428435308,0.0,0.000999000999000999,0.002733238922886596,False
4174,MAST,Myofibroblast,4'-Hydroxydiclofenac,0.0,0.0,0.5,0.6757161428435308,0.0,0.000999000999000999,0.002733238922886596,False
4175,MAST,Myofibroblast,4-Hydroxycyclophosphamide,0.0,0.0,0.5,0.6757161428435308,0.0,0.000999000999000999,0.002733238922886596,False
4176,MAST,Myofibroblast,4-ene-Valproic acid,0.03575632,0.009232242063806004,0.4963169206186997,0.6757161428435308,0.0,0.001998001998001998,0.005057316928544293,False
4177,MAST,Myofibroblast,5-Hydroxyomeprazole,0.0,0.0,0.5,0.6757161428435308,0.0,0.000999000999000999,0.002733238922886596,False
4178,MAST,Myofibroblast,8-Hydroxycarvedilol,0.0,0.0,0.5,0.6757161428435308,0.0,0.000999000999000999,0.002733238922886596,False
4179,MAST,Myofibroblast,Acetate,0.19584543,0.06193176127314157,0.4753085870992919,0.6757161428435308,0.0,0.005994005994005994,0.012076328540133793,False
4180,MAST,Myofibroblast,Acetyl-L-Carnitine,0.03575632,0.015990712322286545,0.49362090062107666,0.6757161428435308,0.0,0.001998001998001998,0.005057316928544293,False
4181,MAST,Myofibroblast,Adenosine diphosphate ribose,0.0,0.0,0.5,0.6757161428435308,0.0,0.000999000999000999,0.002733238922886596,False
4182,MAST,Myofibroblast,Adenosine triphosphate,0.071295485,0.03188431014525418,0.4872821554844873,0.6757161428435308,0.0,0.002997002997002997,0.007184126848760995,False
4183,MAST,Myofibroblast,Amiloride-sensitive sodium transport,-0.5297635,-0.23691744843834756,0.5936395832980756,0.6795983862910224,0.0,0.002997002997002997,0.007184126848760995,False
4184,MAST,Myofibroblast,Anion exchange,0.20203327,0.05216476508296168,0.47919870404058407,0.6757161428435308,0.0,0.002997002997002997,0.007184126848760995,False
4185,MAST,Myofibroblast,Butyrate,0.0,0.0,0.5,0.6757161428435308,0.0,0.000999000999000999,0.002733238922886596,False
4186,MAST,Myofibroblast,Chenodeoxycholic acid,0.0,0.0,0.5,0.6757161428435308,0.0,0.000999000999000999,0.002733238922886596,False
4187,MAST,Myofibroblast,Chenodeoxycholic acid 3-sulfate,0.0,0.0,0.5,0.6757161428435308,0.0,0.000999000999000999,0.002733238922886596,False
4188,MAST,Myofibroblast,Chloride,0.0,0.0,0.5,0.6757161428435308,0.0,0.000999000999000999,0.002733238922886596,False
4189,MAST,Myofibroblast,Chloride ion,0.07151264,0.03198142464457309,0.487243432152964,0.6757161428435308,0.0,0.000999000999000999,0.002733238922886596,False
4190,MAST,Myofibroblast,Cholesterol,0.0,0.0,0.5,0.6757161428435308,0.0,0.000999000999000999,0.002733238922886596,False
4191,MAST,Myofibroblast,Cholic acid,0.0,0.0,0.5,0.6757161428435308,0.0,0.000999000999000999,0.002733238922886596,False
4192,MAST,Myofibroblast,Choline,0.03575632,0.015990712322286545,0.49362090062107666,0.6757161428435308,0.0,0.001998001998001998,0.005057316928544293,False
4193,MAST,Myofibroblast,Citric acid,0.19584543,0.08758473673412961,0.4651033669378566,0.6757161428435308,0.0,0.005994005994005994,0.012076328540133793,False
4194,MAST,Myofibroblast,Coprocholic acid,0.0,0.0,0.5,0.6757161428435308,0.0,0.000999000999000999,0.002733238922886596,False
4195,MAST,Myofibroblast,Cortisol,0.0,0.0,0.5,0.6757161428435308,0.0,0.000999000999000999,0.002733238922886596,False
4196,MAST,Myofibroblast,Creatine,0.03575632,0.015990712322286545,0.49362090062107666,0.6757161428435308,0.0,0.001998001998001998,0.005057316928544293,False
4197,MAST,Myofibroblast,D-Lactate,0.0,0.0,0.5,0.6757161428435308,0.0,0.000999000999000999,0.002733238922886596,False
4198,MAST,Myofibroblast,Deoxycholic acid,0.0,0.0,0.5,0.6757161428435308,0.0,0.000999000999000999,0.002733238922886596,False
4199,MAST,Myofibroblast,Dopamine,0.03575632,0.015990712322286545,0.49362090062107666,0.6757161428435308,0.0,0.001998001998001998,0.005057316928544293,False
4200,MAST,Myofibroblast,E-3179,0.0,0.0,0.5,0.6757161428435308,0.0,0.000999000999000999,0.002733238922886596,False
4201,MAST,Myofibroblast,Estradiol,0.19584543,0.04379236836706481,0.48253495520540585,0.6757161428435308,0.0,0.005994005994005994,0.012076328540133793,False
4202,MAST,Myofibroblast,Estriol,0.0,0.0,0.5,0.6757161428435308,0.0,0.000999000999000999,0.002733238922886596,False
4203,MAST,Myofibroblast,Fatty acid,-0.48317802,-0.12475602819123098,0.5496416501220215,0.6757161428435308,0.0,0.03996003996003996,0.05324055313464337,False
4204,MAST,Myofibroblast,Folic acid,0.0,0.0,0.5,0.6757161428435308,0.0,0.000999000999000999,0.002733238922886596,False
4205,MAST,Myofibroblast,Folinic acid,0.0,0.0,0.5,0.6757161428435308,0.0,0.000999000999000999,0.002733238922886596,False
4206,MAST,Myofibroblast,Glutathione,0.0,0.0,0.5,0.6757161428435308,0.0,0.000999000999000999,0.002733238922886596,False
4207,MAST,Myofibroblast,Glycerol,0.0,0.0,0.5,0.6757161428435308,0.0,0.000999000999000999,0.002733238922886596,False
4208,MAST,Myofibroblast,Glycochenodeoxycholate-3-sulfate,0.0,0.0,0.5,0.6757161428435308,0.0,0.000999000999000999,0.002733238922886596,False
4209,MAST,Myofibroblast,Glycyl-glycine,0.0,0.0,0.5,0.6757161428435308,0.0,0.000999000999000999,0.002733238922886596,False
4210,MAST,Myofibroblast,Histamine,0.03575632,0.015990712322286545,0.49362090062107666,0.6757161428435308,0.0,0.001998001998001998,0.005057316928544293,False
4211,MAST,Myofibroblast,Hydroxylansoprazole,0.0,0.0,0.5,0.6757161428435308,0.0,0.000999000999000999,0.002733238922886596,False
4212,MAST,Myofibroblast,Hyodeoxycholic acid,0.0,0.0,0.5,0.6757161428435308,0.0,0.000999000999000999,0.002733238922886596,False
4213,MAST,Myofibroblast,Iron,0.13792978,0.06168407385611253,0.47540721151856147,0.6757161428435308,0.0,0.006993006993006993,0.013630621005892154,False
4214,MAST,Myofibroblast,Isoursodeoxycholic acid,0.0,0.0,0.5,0.6757161428435308,0.0,0.000999000999000999,0.002733238922886596,False
4215,MAST,Myofibroblast,Ketone bodies,0.0,0.0,0.5,0.6757161428435308,0.0,0.000999000999000999,0.002733238922886596,False
4216,MAST,Myofibroblast,L-Arginine,0.0,0.0,0.5,0.6757161428435308,0.0,0.000999000999000999,0.002733238922886596,False
4217,MAST,Myofibroblast,L-Carnitine,0.07151264,0.022614282238184204,0.49097897558145315,0.6757161428435308,0.0,0.001998001998001998,0.005057316928544293,False
4218,MAST,Myofibroblast,L-Cystine,0.0,0.0,0.5,0.6757161428435308,0.0,0.000999000999000999,0.002733238922886596,False
4219,MAST,Myofibroblast,L-Dopa,0.0,0.0,0.5,0.6757161428435308,0.0,0.000999000999000999,0.002733238922886596,False
4220,MAST,Myofibroblast,L-Glutamate,0.0,0.0,0.5,0.6757161428435308,0.0,0.000999000999000999,0.002733238922886596,False
4221,MAST,Myofibroblast,L-Lactate,0.0,0.0,0.5,0.6757161428435308,0.0,0.000999000999000999,0.002733238922886596,False
4222,MAST,Myofibroblast,L-Lysine,0.0,0.0,0.5,0.6757161428435308,0.0,0.000999000999000999,0.002733238922886596,False
4223,MAST,Myofibroblast,L-Ornithine,0.0,0.0,0.5,0.6757161428435308,0.0,0.000999000999000999,0.002733238922886596,False
4224,MAST,Myofibroblast,Lithocholic acid,0.0,0.0,0.5,0.6757161428435308,0.0,0.000999000999000999,0.002733238922886596,False
4225,MAST,Myofibroblast,N-Desmethylcitalopram,0.0,0.0,0.5,0.6757161428435308,0.0,0.000999000999000999,0.002733238922886596,False
4226,MAST,Myofibroblast,N-Desmethyleletriptan,0.0,0.0,0.5,0.6757161428435308,0.0,0.000999000999000999,0.002733238922886596,False
4227,MAST,Myofibroblast,N-Desmethyltamoxifen,0.0,0.0,0.5,0.6757161428435308,0.0,0.000999000999000999,0.002733238922886596,False
4228,MAST,Myofibroblast,N-desmethylimatinib,0.0,0.0,0.5,0.6757161428435308,0.0,0.000999000999000999,0.002733238922886596,False
4229,MAST,Myofibroblast,Neurotransmitter,0.0,0.0,0.5,0.6757161428435308,0.0,0.000999000999000999,0.002733238922886596,False
4230,MAST,Myofibroblast,Nicotinate,0.23160174,0.05178772452820808,0.479348918416989,0.6757161428435308,0.0,0.006993006993006993,0.013630621005892154,False
4231,MAST,Myofibroblast,Norepinephrine,0.03575632,0.015990712322286545,0.49362090062107666,0.6757161428435308,0.0,0.001998001998001998,0.005057316928544293,False
4232,MAST,Myofibroblast,O-Deethylated candesartan,0.0,0.0,0.5,0.6757161428435308,0.0,0.000999000999000999,0.002733238922886596,False
4233,MAST,Myofibroblast,O-Desmethylverapamil (D-702),0.15783603,0.02232138611782731,0.49109579473812637,0.6757161428435308,0.0,0.005994005994005994,0.012076328540133793,False
4234,MAST,Myofibroblast,Oxalic acid,0.19584543,0.08758473673412961,0.4651033669378566,0.6757161428435308,0.0,0.005994005994005994,0.012076328540133793,False
4235,MAST,Myofibroblast,Phosphate,0.0,0.0,0.5,0.6757161428435308,0.0,0.000999000999000999,0.002733238922886596,False
4236,MAST,Myofibroblast,Progesterone,0.0,0.0,0.5,0.6757161428435308,0.0,0.000999000999000999,0.002733238922886596,False
4237,MAST,Myofibroblast,Pyruvate,0.0,0.0,0.5,0.6757161428435308,0.0,0.000999000999000999,0.002733238922886596,False
4238,MAST,Myofibroblast,Sodium,0.10726896,0.02769672619141801,0.48895201741208316,0.6757161428435308,0.0,0.001998001998001998,0.005057316928544293,False
4239,MAST,Myofibroblast,Sodium_hydrogen exchange,0.13769907,0.035553746371634,0.4858190950153904,0.6757161428435308,0.0,0.003996003996003996,0.008992796112653,False
4240,MAST,Myofibroblast,Sulfolithocholic acid,0.0,0.0,0.5,0.6757161428435308,0.0,0.000999000999000999,0.002733238922886596,False
4241,MAST,Myofibroblast,Taurocholic acid,0.19584543,0.029194912244709874,0.4883545694731443,0.6757161428435308,0.0,0.005994005994005994,0.012076328540133793,False
4242,MAST,Myofibroblast,Testosterone,0.07151264,0.015990712322286545,0.49362090062107666,0.6757161428435308,0.0,0.003996003996003996,0.008992796112653,False
4243,MAST,Myofibroblast,Trihydroxycoprostanoic acid,0.0,0.0,0.5,0.6757161428435308,0.0,0.000999000999000999,0.002733238922886596,False
4244,MAST,Myofibroblast,Ursocholic acid,0.0,0.0,0.5,0.6757161428435308,0.0,0.000999000999000999,0.002733238922886596,False
4245,MAST,Myofibroblast,Ursodeoxycholic acid,0.0,0.0,0.5,0.6757161428435308,0.0,0.000999000999000999,0.002733238922886596,False
4246,MAST,Myofibroblast,Ursodeoxycholic acid 3-sulfate,0.0,0.0,0.5,0.6757161428435308,0.0,0.000999000999000999,0.002733238922886596,False
4247,MAST,Myofibroblast,Varanic acid,0.0,0.0,0.5,0.6757161428435308,0.0,0.000999000999000999,0.002733238922886596,False
4248,MAST,Myofibroblast,Water,0.07151264,0.018464484127612008,0.4926341551464607,0.6757161428435308,0.0,0.002997002997002997,0.007184126848760995,False
4249,MAST,Myofibroblast,alpha-Ketoisovaleric acid,0.0,0.0,0.5,0.6757161428435308,0.0,0.000999000999000999,0.002733238922886596,False
4250,MAST,Pericyte,"(3a,5b,7a)-23-Carboxy-7-hydroxy-24-norcholan-3-yl-b-D-Glucopyranosiduronic acid",0.0,0.0,0.5,0.6757161428435308,0.0,0.000999000999000999,0.002733238922886596,False
4251,MAST,Pericyte,17a-Ethynylestradiol,0.0,0.0,0.5,0.6757161428435308,0.0,0.000999000999000999,0.002733238922886596,False
4252,MAST,Pericyte,"1b,3a,12a-Trihydroxy-5b-cholanoic acid",0.0,0.0,0.5,0.6757161428435308,0.0,0.000999000999000999,0.002733238922886596,False
4253,MAST,Pericyte,2-Hydroxychlorpropamide,0.0,0.0,0.5,0.6757161428435308,0.0,0.000999000999000999,0.002733238922886596,False
4254,MAST,Pericyte,25-Hydroxycholesterol,-1.4049286,-0.44427742153120175,0.6715789884167986,0.7080509281162695,0.0,0.04595404595404595,0.059463268679479334,False
4255,MAST,Pericyte,"3',4'-Dihydrodiol",0.0,0.0,0.5,0.6757161428435308,0.0,0.000999000999000999,0.002733238922886596,False
4256,MAST,Pericyte,3-Sulfodeoxycholic acid,0.0,0.0,0.5,0.6757161428435308,0.0,0.000999000999000999,0.002733238922886596,False
4257,MAST,Pericyte,"3alpha,7alpha-Dihydroxycoprostanic acid",0.0,0.0,0.5,0.6757161428435308,0.0,0.000999000999000999,0.002733238922886596,False
4258,MAST,Pericyte,3b-Hydroxy-5-cholenoic acid,0.0,0.0,0.5,0.6757161428435308,0.0,0.000999000999000999,0.002733238922886596,False
4259,MAST,Pericyte,4'-Hydroxydiclofenac,0.0,0.0,0.5,0.6757161428435308,0.0,0.000999000999000999,0.002733238922886596,False
4260,MAST,Pericyte,4-Hydroxycyclophosphamide,0.0,0.0,0.5,0.6757161428435308,0.0,0.000999000999000999,0.002733238922886596,False
4261,MAST,Pericyte,4-ene-Valproic acid,0.074778765,0.013652672217956236,0.49455354101152443,0.6757161428435308,0.0,0.001998001998001998,0.005057316928544293,False
4262,MAST,Pericyte,5-Hydroxyomeprazole,0.0,0.0,0.5,0.6757161428435308,0.0,0.000999000999000999,0.002733238922886596,False
4263,MAST,Pericyte,8-Hydroxycarvedilol,0.0,0.0,0.5,0.6757161428435308,0.0,0.000999000999000999,0.002733238922886596,False
4264,MAST,Pericyte,Acetate,0.0,0.0,0.5,0.6757161428435308,0.0,0.000999000999000999,0.002733238922886596,False
4265,MAST,Pericyte,Acetyl-L-Carnitine,0.074778765,0.023647121940584274,0.4905670423865152,0.6757161428435308,0.0,0.001998001998001998,0.005057316928544293,False
4266,MAST,Pericyte,Adenosine diphosphate ribose,0.0,0.0,0.5,0.6757161428435308,0.0,0.000999000999000999,0.002733238922886596,False
4267,MAST,Pericyte,Adenosine triphosphate,0.14955753,0.04729424388116855,0.4811393578342391,0.6757161428435308,0.0,0.011988011988011988,0.02048481266085178,False
4268,MAST,Pericyte,Amiloride-sensitive sodium transport,-0.1678066,-0.0530651048380595,0.5211599827166845,0.6757161428435308,0.0,0.003996003996003996,0.008992796112653,False
4269,MAST,Pericyte,Anion exchange,0.091559455,0.01671639291537392,0.49333143466656293,0.6757161428435308,0.0,0.001998001998001998,0.005057316928544293,False
4270,MAST,Pericyte,Butyrate,0.0,0.0,0.5,0.6757161428435308,0.0,0.000999000999000999,0.002733238922886596,False
4271,MAST,Pericyte,Chenodeoxycholic acid,0.0,0.0,0.5,0.6757161428435308,0.0,0.000999000999000999,0.002733238922886596,False
4272,MAST,Pericyte,Chenodeoxycholic acid 3-sulfate,0.0,0.0,0.5,0.6757161428435308,0.0,0.000999000999000999,0.002733238922886596,False
4273,MAST,Pericyte,Chloride,0.0,0.0,0.5,0.6757161428435308,0.0,0.000999000999000999,0.002733238922886596,False
4274,MAST,Pericyte,Chloride ion,-0.34352612,-0.10863249906269526,0.5432530086190521,0.6757161428435308,0.0,0.005994005994005994,0.012076328540133793,False
4275,MAST,Pericyte,Cholesterol,0.0,0.0,0.5,0.6757161428435308,0.0,0.000999000999000999,0.002733238922886596,False
4276,MAST,Pericyte,Cholic acid,0.0,0.0,0.5,0.6757161428435308,0.0,0.000999000999000999,0.002733238922886596,False
4277,MAST,Pericyte,Choline,0.074778765,0.023647121940584274,0.4905670423865152,0.6757161428435308,0.0,0.001998001998001998,0.005057316928544293,False
4278,MAST,Pericyte,Citric acid,0.0,0.0,0.5,0.6757161428435308,0.0,0.000999000999000999,0.002733238922886596,False
4279,MAST,Pericyte,Coprocholic acid,0.0,0.0,0.5,0.6757161428435308,0.0,0.000999000999000999,0.002733238922886596,False
4280,MAST,Pericyte,Cortisol,0.0,0.0,0.5,0.6757161428435308,0.0,0.000999000999000999,0.002733238922886596,False
4281,MAST,Pericyte,Creatine,0.074778765,0.023647121940584274,0.4905670423865152,0.6757161428435308,0.0,0.001998001998001998,0.005057316928544293,False
4282,MAST,Pericyte,D-Lactate,0.0,0.0,0.5,0.6757161428435308,0.0,0.000999000999000999,0.002733238922886596,False
4283,MAST,Pericyte,Deoxycholic acid,0.0,0.0,0.5,0.6757161428435308,0.0,0.000999000999000999,0.002733238922886596,False
4284,MAST,Pericyte,Dopamine,0.074778765,0.023647121940584274,0.4905670423865152,0.6757161428435308,0.0,0.001998001998001998,0.005057316928544293,False
4285,MAST,Pericyte,E-3179,0.0,0.0,0.5,0.6757161428435308,0.0,0.000999000999000999,0.002733238922886596,False
4286,MAST,Pericyte,Estradiol,0.0,0.0,0.5,0.6757161428435308,0.0,0.000999000999000999,0.002733238922886596,False
4287,MAST,Pericyte,Estriol,0.0,0.0,0.5,0.6757161428435308,0.0,0.000999000999000999,0.002733238922886596,False
4288,MAST,Pericyte,Fatty acid,-1.3893414,-0.2536578666210973,0.6001200564241509,0.6795983862910224,0.0,0.14985014985014986,0.1688263375528287,False
4289,MAST,Pericyte,Folic acid,0.0,0.0,0.5,0.6757161428435308,0.0,0.000999000999000999,0.002733238922886596,False
4290,MAST,Pericyte,Folinic acid,0.0,0.0,0.5,0.6757161428435308,0.0,0.000999000999000999,0.002733238922886596,False
4291,MAST,Pericyte,Glutathione,0.0,0.0,0.5,0.6757161428435308,0.0,0.000999000999000999,0.002733238922886596,False
4292,MAST,Pericyte,Glycerol,0.0,0.0,0.5,0.6757161428435308,0.0,0.000999000999000999,0.002733238922886596,False
4293,MAST,Pericyte,Glycochenodeoxycholate-3-sulfate,0.0,0.0,0.5,0.6757161428435308,0.0,0.000999000999000999,0.002733238922886596,False
4294,MAST,Pericyte,Glycyl-glycine,0.0,0.0,0.5,0.6757161428435308,0.0,0.000999000999000999,0.002733238922886596,False
4295,MAST,Pericyte,Histamine,0.074778765,0.023647121940584274,0.4905670423865152,0.6757161428435308,0.0,0.001998001998001998,0.005057316928544293,False
4296,MAST,Pericyte,Hydroxylansoprazole,0.0,0.0,0.5,0.6757161428435308,0.0,0.000999000999000999,0.002733238922886596,False
4297,MAST,Pericyte,Hyodeoxycholic acid,0.0,0.0,0.5,0.6757161428435308,0.0,0.000999000999000999,0.002733238922886596,False
4298,MAST,Pericyte,Iron,0.30353445,0.09598602044662263,0.46176583768061313,0.6757161428435308,0.0,0.04095904095904096,0.054352820175604985,False
4299,MAST,Pericyte,Isoursodeoxycholic acid,0.0,0.0,0.5,0.6757161428435308,0.0,0.000999000999000999,0.002733238922886596,False
4300,MAST,Pericyte,Ketone bodies,0.0,0.0,0.5,0.6757161428435308,0.0,0.000999000999000999,0.002733238922886596,False
4301,MAST,Pericyte,L-Arginine,0.05287657,0.01672103939407927,0.49332958124879994,0.6757161428435308,0.0,0.003996003996003996,0.008992796112653,False
4302,MAST,Pericyte,L-Carnitine,0.14955753,0.03344208055946466,0.48666102649065485,0.6757161428435308,0.0,0.004995004995004995,0.010650366582569973,False
4303,MAST,Pericyte,L-Cystine,0.05287657,0.01672103939407927,0.49332958124879994,0.6757161428435308,0.0,0.003996003996003996,0.008992796112653,False
4304,MAST,Pericyte,L-Dopa,0.0,0.0,0.5,0.6757161428435308,0.0,0.000999000999000999,0.002733238922886596,False
4305,MAST,Pericyte,L-Glutamate,0.0,0.0,0.5,0.6757161428435308,0.0,0.000999000999000999,0.002733238922886596,False
4306,MAST,Pericyte,L-Lactate,0.0,0.0,0.5,0.6757161428435308,0.0,0.000999000999000999,0.002733238922886596,False
4307,MAST,Pericyte,L-Lysine,0.05287657,0.01672103939407927,0.49332958124879994,0.6757161428435308,0.0,0.003996003996003996,0.008992796112653,False
4308,MAST,Pericyte,L-Ornithine,0.05287657,0.01672103939407927,0.49332958124879994,0.6757161428435308,0.0,0.003996003996003996,0.008992796112653,False
4309,MAST,Pericyte,Lithocholic acid,0.0,0.0,0.5,0.6757161428435308,0.0,0.000999000999000999,0.002733238922886596,False
4310,MAST,Pericyte,N-Desmethylcitalopram,0.0,0.0,0.5,0.6757161428435308,0.0,0.000999000999000999,0.002733238922886596,False
4311,MAST,Pericyte,N-Desmethyleletriptan,0.0,0.0,0.5,0.6757161428435308,0.0,0.000999000999000999,0.002733238922886596,False
4312,MAST,Pericyte,N-Desmethyltamoxifen,0.0,0.0,0.5,0.6757161428435308,0.0,0.000999000999000999,0.002733238922886596,False
4313,MAST,Pericyte,N-desmethylimatinib,0.0,0.0,0.5,0.6757161428435308,0.0,0.000999000999000999,0.002733238922886596,False
4314,MAST,Pericyte,Neurotransmitter,0.0,0.0,0.5,0.6757161428435308,0.0,0.000999000999000999,0.002733238922886596,False
4315,MAST,Pericyte,Nicotinate,0.074778765,0.011823560970292137,0.4952831915232623,0.6757161428435308,0.0,0.001998001998001998,0.005057316928544293,False
4316,MAST,Pericyte,Norepinephrine,0.074778765,0.023647121940584274,0.4905670423865152,0.6757161428435308,0.0,0.001998001998001998,0.005057316928544293,False
4317,MAST,Pericyte,O-Deethylated candesartan,0.0,0.0,0.5,0.6757161428435308,0.0,0.000999000999000999,0.002733238922886596,False
4318,MAST,Pericyte,O-Desmethylverapamil (D-702),0.1805319,0.018053190410137178,0.49279821024982273,0.6757161428435308,0.0,0.01098901098901099,0.01912057513717265,False
4319,MAST,Pericyte,Oxalic acid,0.0,0.0,0.5,0.6757161428435308,0.0,0.000999000999000999,0.002733238922886596,False
4320,MAST,Pericyte,Phosphate,0.0,0.0,0.5,0.6757161428435308,0.0,0.000999000999000999,0.002733238922886596,False
4321,MAST,Pericyte,Progesterone,0.0,0.0,0.5,0.6757161428435308,0.0,0.000999000999000999,0.002733238922886596,False
4322,MAST,Pericyte,Pyruvate,0.0,0.0,0.5,0.6757161428435308,0.0,0.000999000999000999,0.002733238922886596,False
4323,MAST,Pericyte,Sodium,-0.26874736,-0.04906633035863264,0.5195667822224339,0.6757161428435308,0.0,0.006993006993006993,0.013630621005892154,False
4324,MAST,Pericyte,Sodium_hydrogen exchange,0.27721274,0.05061189012434804,0.47981739401019163,0.6757161428435308,0.0,0.011988011988011988,0.02048481266085178,False
4325,MAST,Pericyte,Sulfolithocholic acid,0.0,0.0,0.5,0.6757161428435308,0.0,0.000999000999000999,0.002733238922886596,False
4326,MAST,Pericyte,Taurocholic acid,0.0,0.0,0.5,0.6757161428435308,0.0,0.000999000999000999,0.002733238922886596,False
4327,MAST,Pericyte,Testosterone,0.0,0.0,0.5,0.6757161428435308,0.0,0.000999000999000999,0.002733238922886596,False
4328,MAST,Pericyte,Trihydroxycoprostanoic acid,0.0,0.0,0.5,0.6757161428435308,0.0,0.000999000999000999,0.002733238922886596,False
4329,MAST,Pericyte,Ursocholic acid,0.0,0.0,0.5,0.6757161428435308,0.0,0.000999000999000999,0.002733238922886596,False
4330,MAST,Pericyte,Ursodeoxycholic acid,0.0,0.0,0.5,0.6757161428435308,0.0,0.000999000999000999,0.002733238922886596,False
4331,MAST,Pericyte,Ursodeoxycholic acid 3-sulfate,0.0,0.0,0.5,0.6757161428435308,0.0,0.000999000999000999,0.002733238922886596,False
4332,MAST,Pericyte,Varanic acid,0.0,0.0,0.5,0.6757161428435308,0.0,0.000999000999000999,0.002733238922886596,False
4333,MAST,Pericyte,Water,0.10575314,0.01930779319060401,0.49229778351066866,0.6757161428435308,0.0,0.007992007992007992,0.015114170255481141,False
4334,MAST,Pericyte,alpha-Ketoisovaleric acid,0.0,0.0,0.5,0.6757161428435308,0.0,0.000999000999000999,0.002733238922886596,False
4335,MAST,Plasma,"(3a,5b,7a)-23-Carboxy-7-hydroxy-24-norcholan-3-yl-b-D-Glucopyranosiduronic acid",0.0,0.0,0.5,0.6757161428435308,0.0,0.000999000999000999,0.002733238922886596,False
4336,MAST,Plasma,17a-Ethynylestradiol,0.0,0.0,0.5,0.6757161428435308,0.0,0.000999000999000999,0.002733238922886596,False
4337,MAST,Plasma,"1b,3a,12a-Trihydroxy-5b-cholanoic acid",0.0,0.0,0.5,0.6757161428435308,0.0,0.000999000999000999,0.002733238922886596,False
4338,MAST,Plasma,2-Hydroxychlorpropamide,0.0,0.0,0.5,0.6757161428435308,0.0,0.000999000999000999,0.002733238922886596,False
4339,MAST,Plasma,25-Hydroxycholesterol,-1.0443839,-0.10549870373828608,0.5420099507411877,0.6757161428435308,0.0,0.03896103896103896,0.05229725460199212,False
4340,MAST,Plasma,"3',4'-Dihydrodiol",0.0,0.0,0.5,0.6757161428435308,0.0,0.000999000999000999,0.002733238922886596,False
4341,MAST,Plasma,3-Sulfodeoxycholic acid,0.0,0.0,0.5,0.6757161428435308,0.0,0.000999000999000999,0.002733238922886596,False
4342,MAST,Plasma,"3alpha,7alpha-Dihydroxycoprostanic acid",0.0,0.0,0.5,0.6757161428435308,0.0,0.000999000999000999,0.002733238922886596,False
4343,MAST,Plasma,3b-Hydroxy-5-cholenoic acid,0.0,0.0,0.5,0.6757161428435308,0.0,0.000999000999000999,0.002733238922886596,False
4344,MAST,Plasma,4'-Hydroxydiclofenac,0.0,0.0,0.5,0.6757161428435308,0.0,0.000999000999000999,0.002733238922886596,False
4345,MAST,Plasma,4-Hydroxycyclophosphamide,0.0,0.0,0.5,0.6757161428435308,0.0,0.000999000999000999,0.002733238922886596,False
4346,MAST,Plasma,4-ene-Valproic acid,-0.0011694232,-6.820214740166372e-05,0.5000272087201916,0.6757161428435308,0.0,0.016983016983016984,0.026454476677359295,False
4347,MAST,Plasma,5-Hydroxyomeprazole,0.14847986,0.006707636527372404,0.4973240602538343,0.6757161428435308,0.0,0.005994005994005994,0.012076328540133793,False
4348,MAST,Plasma,8-Hydroxycarvedilol,0.0,0.0,0.5,0.6757161428435308,0.0,0.000999000999000999,0.002733238922886596,False
4349,MAST,Plasma,Acetate,-2.4559593,-0.17542566571916854,0.5696274125257331,0.6757161428435308,0.0,0.04595404595404595,0.059463268679479334,False
4350,MAST,Plasma,Acetyl-L-Carnitine,-0.0011694232,-0.00011812958448498325,0.5000471268857077,0.6757161428435308,0.0,0.016983016983016984,0.026454476677359295,False
4351,MAST,Plasma,Adenosine diphosphate ribose,-4.236662,-0.4279674809814933,0.6656626019615526,0.7046478906661335,0.0,0.4175824175824176,0.43386082038212864,False
4352,MAST,Plasma,Adenosine triphosphate,-5.626691,-0.5683816094246982,0.7151120623775715,0.7421308154355593,0.0,0.12987012987012986,0.14814710135711223,False
4353,MAST,Plasma,Amiloride-sensitive sodium transport,0.69745576,0.07045367145321801,0.47191628684796416,0.6757161428435308,0.0,0.015984015984015984,0.025433711241958142,False
4354,MAST,Plasma,Anion exchange,2.3692105,0.1381751612685852,0.4450509926069077,0.6757161428435308,0.0,0.05094905094905095,0.0646629399656034,False
4355,MAST,Plasma,Butyrate,0.0,0.0,0.5,0.6757161428435308,0.0,0.000999000999000999,0.002733238922886596,False
4356,MAST,Plasma,Chenodeoxycholic acid,0.0,0.0,0.5,0.6757161428435308,0.0,0.000999000999000999,0.002733238922886596,False
4357,MAST,Plasma,Chenodeoxycholic acid 3-sulfate,0.0,0.0,0.5,0.6757161428435308,0.0,0.000999000999000999,0.002733238922886596,False
4358,MAST,Plasma,Chloride,0.0,0.0,0.5,0.6757161428435308,0.0,0.000999000999000999,0.002733238922886596,False
4359,MAST,Plasma,Chloride ion,-1.1741518,-0.1186072406460578,0.54720673567802,0.6757161428435308,0.0,0.03796203796203796,0.05117471469807518,False
4360,MAST,Plasma,Cholesterol,0.14847986,0.008659521520975289,0.4965453939125621,0.6757161428435308,0.0,0.005994005994005994,0.012076328540133793,False
4361,MAST,Plasma,Cholic acid,0.0,0.0,0.5,0.6757161428435308,0.0,0.000999000999000999,0.002733238922886596,False
4362,MAST,Plasma,Choline,-0.0011694232,-0.00011812958448498325,0.5000471268857077,0.6757161428435308,0.0,0.016983016983016984,0.026454476677359295,False
4363,MAST,Plasma,Citric acid,-2.4559593,-0.24808935564837706,0.5979673644066785,0.6795983862910224,0.0,0.04595404595404595,0.059463268679479334,False
4364,MAST,Plasma,Coprocholic acid,0.0,0.0,0.5,0.6757161428435308,0.0,0.000999000999000999,0.002733238922886596,False
4365,MAST,Plasma,Cortisol,0.14847986,0.008659521520975289,0.4965453939125621,0.6757161428435308,0.0,0.005994005994005994,0.012076328540133793,False
4366,MAST,Plasma,Creatine,-0.0011694232,-0.00011812958448498325,0.5000471268857077,0.6757161428435308,0.0,0.016983016983016984,0.026454476677359295,False
4367,MAST,Plasma,D-Lactate,0.0,0.0,0.5,0.6757161428435308,0.0,0.000999000999000999,0.002733238922886596,False
4368,MAST,Plasma,Deoxycholic acid,0.0,0.0,0.5,0.6757161428435308,0.0,0.000999000999000999,0.002733238922886596,False
4369,MAST,Plasma,Dopamine,-0.0011694232,-0.00011812958448498325,0.5000471268857077,0.6757161428435308,0.0,0.016983016983016984,0.026454476677359295,False
4370,MAST,Plasma,E-3179,0.0,0.0,0.5,0.6757161428435308,0.0,0.000999000999000999,0.002733238922886596,False
4371,MAST,Plasma,Estradiol,-2.3074794,-0.11654530843929439,0.5463898101084878,0.6757161428435308,0.0,0.05094905094905095,0.0646629399656034,False
4372,MAST,Plasma,Estriol,0.0,0.0,0.5,0.6757161428435308,0.0,0.000999000999000999,0.002733238922886596,False
4373,MAST,Plasma,Fatty acid,-8.943803,-0.5216131738636502,0.6990301554964886,0.7286873844999857,0.0,0.5524475524475524,0.5642895590930667,False
4374,MAST,Plasma,Folic acid,0.14847986,0.010605704571519579,0.4957690153506653,0.6757161428435308,0.0,0.005994005994005994,0.012076328540133793,False
4375,MAST,Plasma,Folinic acid,0.0,0.0,0.5,0.6757161428435308,0.0,0.000999000999000999,0.002733238922886596,False
4376,MAST,Plasma,Glutathione,0.0,0.0,0.5,0.6757161428435308,0.0,0.000999000999000999,0.002733238922886596,False
4377,MAST,Plasma,Glycerol,0.0,0.0,0.5,0.6757161428435308,0.0,0.000999000999000999,0.002733238922886596,False
4378,MAST,Plasma,Glycochenodeoxycholate-3-sulfate,0.0,0.0,0.5,0.6757161428435308,0.0,0.000999000999000999,0.002733238922886596,False
4379,MAST,Plasma,Glycyl-glycine,0.0,0.0,0.5,0.6757161428435308,0.0,0.000999000999000999,0.002733238922886596,False
4380,MAST,Plasma,Histamine,-0.0011694232,-0.00011812958448498325,0.5000471268857077,0.6757161428435308,0.0,0.016983016983016984,0.026454476677359295,False
4381,MAST,Plasma,Hydroxylansoprazole,0.14847986,0.008659521520975289,0.4965453939125621,0.6757161428435308,0.0,0.005994005994005994,0.012076328540133793,False
4382,MAST,Plasma,Hyodeoxycholic acid,0.0,0.0,0.5,0.6757161428435308,0.0,0.000999000999000999,0.002733238922886596,False
4383,MAST,Plasma,Iron,0.6826893,0.06896203427463388,0.4725099198908016,0.6757161428435308,0.0,0.24175824175824176,0.2598529290258614,False
4384,MAST,Plasma,Isoursodeoxycholic acid,0.0,0.0,0.5,0.6757161428435308,0.0,0.000999000999000999,0.002733238922886596,False
4385,MAST,Plasma,Ketone bodies,0.0,0.0,0.5,0.6757161428435308,0.0,0.000999000999000999,0.002733238922886596,False
4386,MAST,Plasma,L-Arginine,-1.8214698,-0.1839962336913321,0.5729917952195897,0.6769568730148795,0.0,0.006993006993006993,0.013630621005892154,False
4387,MAST,Plasma,L-Carnitine,0.596096,0.042578284229551046,0.4830188532314524,0.6757161428435308,0.0,0.023976023976023976,0.03535971648515611,False
4388,MAST,Plasma,L-Cystine,-1.8214698,-0.1839962336913321,0.5729917952195897,0.6769568730148795,0.0,0.006993006993006993,0.013630621005892154,False
4389,MAST,Plasma,L-Dopa,0.0,0.0,0.5,0.6757161428435308,0.0,0.000999000999000999,0.002733238922886596,False
4390,MAST,Plasma,L-Glutamate,0.0,0.0,0.5,0.6757161428435308,0.0,0.000999000999000999,0.002733238922886596,False
4391,MAST,Plasma,L-Lactate,0.0,0.0,0.5,0.6757161428435308,0.0,0.000999000999000999,0.002733238922886596,False
4392,MAST,Plasma,L-Lysine,-1.8214698,-0.1839962336913321,0.5729917952195897,0.6769568730148795,0.0,0.006993006993006993,0.013630621005892154,False
4393,MAST,Plasma,L-Ornithine,-1.8214698,-0.1839962336913321,0.5729917952195897,0.6769568730148795,0.0,0.006993006993006993,0.013630621005892154,False
4394,MAST,Plasma,Lithocholic acid,0.0,0.0,0.5,0.6757161428435308,0.0,0.000999000999000999,0.002733238922886596,False
4395,MAST,Plasma,N-Desmethylcitalopram,0.0,0.0,0.5,0.6757161428435308,0.0,0.000999000999000999,0.002733238922886596,False
4396,MAST,Plasma,N-Desmethyleletriptan,0.0,0.0,0.5,0.6757161428435308,0.0,0.000999000999000999,0.002733238922886596,False
4397,MAST,Plasma,N-Desmethyltamoxifen,0.14847986,0.008659521520975289,0.4965453939125621,0.6757161428435308,0.0,0.005994005994005994,0.012076328540133793,False
4398,MAST,Plasma,N-desmethylimatinib,0.14847986,0.008659521520975289,0.4965453939125621,0.6757161428435308,0.0,0.005994005994005994,0.012076328540133793,False
4399,MAST,Plasma,Neurotransmitter,0.0,0.0,0.5,0.6757161428435308,0.0,0.000999000999000999,0.002733238922886596,False
4400,MAST,Plasma,Nicotinate,-2.4571288,-0.12410374362188736,0.5493834329523302,0.6757161428435308,0.0,0.058941058941058944,0.07323968011443317,False
4401,MAST,Plasma,Norepinephrine,-0.0011694232,-0.00011812958448498325,0.5000471268857077,0.6757161428435308,0.0,0.016983016983016984,0.026454476677359295,False
4402,MAST,Plasma,O-Deethylated candesartan,0.0,0.0,0.5,0.6757161428435308,0.0,0.000999000999000999,0.002733238922886596,False
4403,MAST,Plasma,O-Desmethylverapamil (D-702),-0.042430937,-0.0013554065732842748,0.5005407288236525,0.6757161428435308,0.0,0.06593406593406594,0.08059177511179066,False
4404,MAST,Plasma,Oxalic acid,-2.4559593,-0.24808935564837706,0.5979673644066785,0.6795983862910224,0.0,0.04595404595404595,0.059463268679479334,False
4405,MAST,Plasma,Phosphate,0.0,0.0,0.5,0.6757161428435308,0.0,0.000999000999000999,0.002733238922886596,False
4406,MAST,Plasma,Progesterone,0.0,0.0,0.5,0.6757161428435308,0.0,0.000999000999000999,0.002733238922886596,False
4407,MAST,Plasma,Pyruvate,0.0,0.0,0.5,0.6757161428435308,0.0,0.000999000999000999,0.002733238922886596,False
4408,MAST,Plasma,Sodium,-0.5514978,-0.03216400585727485,0.5128293697584847,0.6757161428435308,0.0,0.06693306693306693,0.08176519537948941,False
4409,MAST,Plasma,Sodium_hydrogen exchange,-2.2745554,-0.13265476741016474,0.5527667915051271,0.6757161428435308,0.0,0.04895104895104895,0.06263264806796133,False
4410,MAST,Plasma,Sulfolithocholic acid,0.0,0.0,0.5,0.6757161428435308,0.0,0.000999000999000999,0.002733238922886596,False
4411,MAST,Plasma,Taurocholic acid,-2.3074794,-0.07769687229286293,0.5309654089323179,0.6757161428435308,0.0,0.05094905094905095,0.0646629399656034,False
4412,MAST,Plasma,Testosterone,-0.2874875,-0.014520311829406038,0.5057925627625179,0.6757161428435308,0.0,0.023976023976023976,0.03535971648515611,False
4413,MAST,Plasma,Trihydroxycoprostanoic acid,0.0,0.0,0.5,0.6757161428435308,0.0,0.000999000999000999,0.002733238922886596,False
4414,MAST,Plasma,Ursocholic acid,0.0,0.0,0.5,0.6757161428435308,0.0,0.000999000999000999,0.002733238922886596,False
4415,MAST,Plasma,Ursodeoxycholic acid,0.0,0.0,0.5,0.6757161428435308,0.0,0.000999000999000999,0.002733238922886596,False
4416,MAST,Plasma,Ursodeoxycholic acid 3-sulfate,0.0,0.0,0.5,0.6757161428435308,0.0,0.000999000999000999,0.002733238922886596,False
4417,MAST,Plasma,Varanic acid,0.0,0.0,0.5,0.6757161428435308,0.0,0.000999000999000999,0.002733238922886596,False
4418,MAST,Plasma,Water,1.9971354,0.11647530188429565,0.45363792954772164,0.6757161428435308,0.0,0.06293706293706294,0.07768330570528373,False
4419,MAST,Plasma,alpha-Ketoisovaleric acid,0.0,0.0,0.5,0.6757161428435308,0.0,0.000999000999000999,0.002733238922886596,False
4420,MAST,T,"(3a,5b,7a)-23-Carboxy-7-hydroxy-24-norcholan-3-yl-b-D-Glucopyranosiduronic acid",0.0,0.0,0.5,0.6757161428435308,0.0,0.000999000999000999,0.002733238922886596,False
4421,MAST,T,17a-Ethynylestradiol,0.0,0.0,0.5,0.6757161428435308,0.0,0.000999000999000999,0.002733238922886596,False
4422,MAST,T,"1b,3a,12a-Trihydroxy-5b-cholanoic acid",0.0,0.0,0.5,0.6757161428435308,0.0,0.000999000999000999,0.002733238922886596,False
4423,MAST,T,2-Hydroxychlorpropamide,0.0,0.0,0.5,0.6757161428435308,0.0,0.000999000999000999,0.002733238922886596,False
4424,MAST,T,25-Hydroxycholesterol,0.6891195,0.13262111303583268,0.4472465170636643,0.6757161428435308,0.0,0.052947052947052944,0.06692865012800704,False
4425,MAST,T,"3',4'-Dihydrodiol",0.0,0.0,0.5,0.6757161428435308,0.0,0.000999000999000999,0.002733238922886596,False
4426,MAST,T,3-Sulfodeoxycholic acid,0.0,0.0,0.5,0.6757161428435308,0.0,0.000999000999000999,0.002733238922886596,False
4427,MAST,T,"3alpha,7alpha-Dihydroxycoprostanic acid",0.0,0.0,0.5,0.6757161428435308,0.0,0.000999000999000999,0.002733238922886596,False
4428,MAST,T,3b-Hydroxy-5-cholenoic acid,0.0,0.0,0.5,0.6757161428435308,0.0,0.000999000999000999,0.002733238922886596,False
4429,MAST,T,4'-Hydroxydiclofenac,0.0,0.0,0.5,0.6757161428435308,0.0,0.000999000999000999,0.002733238922886596,False
4430,MAST,T,4-Hydroxycyclophosphamide,0.0,0.0,0.5,0.6757161428435308,0.0,0.000999000999000999,0.002733238922886596,False
4431,MAST,T,4-ene-Valproic acid,0.2469132,0.027434799406263564,0.48905647138742453,0.6757161428435308,0.0,0.008991008991008992,0.016702140151638085,False
4432,MAST,T,5-Hydroxyomeprazole,-0.29560688,-0.025441789524652574,0.5101487106678696,0.6757161428435308,0.0,0.005994005994005994,0.012076328540133793,False
4433,MAST,T,8-Hydroxycarvedilol,0.0,0.0,0.5,0.6757161428435308,0.0,0.000999000999000999,0.002733238922886596,False
4434,MAST,T,Acetate,-2.9625,-0.40314519981092833,0.6565792945771506,0.6986519944988773,0.0,0.04495504495504495,0.058374738391253664,False
4435,MAST,T,Acetyl-L-Carnitine,0.2469132,0.04751846646710896,0.48105000642361007,0.6757161428435308,0.0,0.008991008991008992,0.016702140151638085,False
4436,MAST,T,Adenosine diphosphate ribose,-0.6486986,-0.12484210915638601,0.5496757250672899,0.6757161428435308,0.0,0.01998001998001998,0.030239250643485482,False
4437,MAST,T,Adenosine triphosphate,0.5330924,0.10259367628256062,0.4591427309759506,0.6757161428435308,0.0,0.06493506493506493,0.07952522555326293,False
4438,MAST,T,Amiloride-sensitive sodium transport,13.547667,2.607249643116849,0.004563639441072921,0.3120140443950943,16.443464,0.00999000999000999,0.017922750381392707,True
4439,MAST,T,Anion exchange,-0.20275384,-0.022528204652998183,0.5089866931767607,0.6757161428435308,0.0,0.04995004995004995,0.06360036724409195,False
4440,MAST,T,Butyrate,0.0,0.0,0.5,0.6757161428435308,0.0,0.000999000999000999,0.002733238922886596,False
4441,MAST,T,Chenodeoxycholic acid,0.0,0.0,0.5,0.6757161428435308,0.0,0.000999000999000999,0.002733238922886596,False
4442,MAST,T,Chenodeoxycholic acid 3-sulfate,0.0,0.0,0.5,0.6757161428435308,0.0,0.000999000999000999,0.002733238922886596,False
4443,MAST,T,Chloride,0.0,0.0,0.5,0.6757161428435308,0.0,0.000999000999000999,0.002733238922886596,False
4444,MAST,T,Chloride ion,-0.5061054,-0.09740003406405211,0.5387956411603134,0.6757161428435308,0.0,0.03396603396603397,0.04659680559353405,False
4445,MAST,T,Cholesterol,-0.29560688,-0.03284520904223124,0.5131009869788317,0.6757161428435308,0.0,0.005994005994005994,0.012076328540133793,False
4446,MAST,T,Cholic acid,0.0,0.0,0.5,0.6757161428435308,0.0,0.000999000999000999,0.002733238922886596,False
4447,MAST,T,Choline,0.2469132,0.04751846646710896,0.48105000642361007,0.6757161428435308,0.0,0.008991008991008992,0.016702140151638085,False
4448,MAST,T,Citric acid,-2.9625,-0.5701334091782262,0.7157063915293411,0.7421962390948471,0.0,0.04495504495504495,0.058374738391253664,False
4449,MAST,T,Coprocholic acid,0.0,0.0,0.5,0.6757161428435308,0.0,0.000999000999000999,0.002733238922886596,False
4450,MAST,T,Cortisol,-0.29560688,-0.03284520904223124,0.5131009869788317,0.6757161428435308,0.0,0.005994005994005994,0.012076328540133793,False
4451,MAST,T,Creatine,0.2469132,0.04751846646710896,0.48105000642361007,0.6757161428435308,0.0,0.008991008991008992,0.016702140151638085,False
4452,MAST,T,D-Lactate,0.0,0.0,0.5,0.6757161428435308,0.0,0.000999000999000999,0.002733238922886596,False
4453,MAST,T,Deoxycholic acid,0.0,0.0,0.5,0.6757161428435308,0.0,0.000999000999000999,0.002733238922886596,False
4454,MAST,T,Dopamine,0.2469132,0.04751846646710896,0.48105000642361007,0.6757161428435308,0.0,0.008991008991008992,0.016702140151638085,False
4455,MAST,T,E-3179,0.0,0.0,0.5,0.6757161428435308,0.0,0.000999000999000999,0.002733238922886596,False
4456,MAST,T,Estradiol,-3.258107,-0.3135114871445659,0.6230539525991995,0.6803835697654452,0.0,0.04995004995004995,0.06360036724409195,False
4457,MAST,T,Estriol,0.0,0.0,0.5,0.6757161428435308,0.0,0.000999000999000999,0.002733238922886596,False
4458,MAST,T,Fatty acid,-0.2110064,-0.023445155885484483,0.5093524071475528,0.6757161428435308,16.715952,0.2897102897102897,0.3071427140195049,False
4459,MAST,T,Folic acid,-0.29560688,-0.040227001324257355,0.5160439244478211,0.6757161428435308,0.0,0.005994005994005994,0.012076328540133793,False
4460,MAST,T,Folinic acid,0.0,0.0,0.5,0.6757161428435308,0.0,0.000999000999000999,0.002733238922886596,False
4461,MAST,T,Glutathione,0.0,0.0,0.5,0.6757161428435308,0.0,0.000999000999000999,0.002733238922886596,False
4462,MAST,T,Glycerol,0.0,0.0,0.5,0.6757161428435308,0.0,0.000999000999000999,0.002733238922886596,False
4463,MAST,T,Glycochenodeoxycholate-3-sulfate,0.0,0.0,0.5,0.6757161428435308,0.0,0.000999000999000999,0.002733238922886596,False
4464,MAST,T,Glycyl-glycine,0.0,0.0,0.5,0.6757161428435308,0.0,0.000999000999000999,0.002733238922886596,False
4465,MAST,T,Histamine,0.2469132,0.04751846646710896,0.48105000642361007,0.6757161428435308,0.0,0.008991008991008992,0.016702140151638085,False
4466,MAST,T,Hydroxylansoprazole,-0.29560688,-0.03284520904223124,0.5131009869788317,0.6757161428435308,0.0,0.005994005994005994,0.012076328540133793,False
4467,MAST,T,Hyodeoxycholic acid,0.0,0.0,0.5,0.6757161428435308,0.0,0.000999000999000999,0.002733238922886596,False
4468,MAST,T,Iron,-1.2462537,-0.2398416419465644,0.594773488318943,0.6795983862910224,0.0,0.05194805194805195,0.06578482922352462,False
4469,MAST,T,Isoursodeoxycholic acid,0.0,0.0,0.5,0.6757161428435308,0.0,0.000999000999000999,0.002733238922886596,False
4470,MAST,T,Ketone bodies,0.0,0.0,0.5,0.6757161428435308,0.0,0.000999000999000999,0.002733238922886596,False
4471,MAST,T,L-Arginine,0.13198066,0.025399689393400635,0.4898680794286218,0.6757161428435308,0.0,0.003996003996003996,0.008992796112653,False
4472,MAST,T,L-Carnitine,0.4938264,0.06720125974095661,0.47321074113268136,0.6757161428435308,0.0,0.015984015984015984,0.025433711241958142,False
4473,MAST,T,L-Cystine,0.13198066,0.025399689393400635,0.4898680794286218,0.6757161428435308,0.0,0.003996003996003996,0.008992796112653,False
4474,MAST,T,L-Dopa,0.0,0.0,0.5,0.6757161428435308,0.0,0.000999000999000999,0.002733238922886596,False
4475,MAST,T,L-Glutamate,0.0,0.0,0.5,0.6757161428435308,0.0,0.000999000999000999,0.002733238922886596,False
4476,MAST,T,L-Lactate,0.0,0.0,0.5,0.6757161428435308,0.0,0.000999000999000999,0.002733238922886596,False
4477,MAST,T,L-Lysine,0.13198066,0.025399689393400635,0.4898680794286218,0.6757161428435308,0.0,0.003996003996003996,0.008992796112653,False
4478,MAST,T,L-Ornithine,0.13198066,0.025399689393400635,0.4898680794286218,0.6757161428435308,0.0,0.003996003996003996,0.008992796112653,False
4479,MAST,T,Lithocholic acid,0.0,0.0,0.5,0.6757161428435308,0.0,0.000999000999000999,0.002733238922886596,False
4480,MAST,T,N-Desmethylcitalopram,0.0,0.0,0.5,0.6757161428435308,0.0,0.000999000999000999,0.002733238922886596,False
4481,MAST,T,N-Desmethyleletriptan,0.0,0.0,0.5,0.6757161428435308,0.0,0.000999000999000999,0.002733238922886596,False
4482,MAST,T,N-Desmethyltamoxifen,-0.29560688,-0.03284520904223124,0.5131009869788317,0.6757161428435308,0.0,0.005994005994005994,0.012076328540133793,False
4483,MAST,T,N-desmethylimatinib,-0.29560688,-0.03284520904223124,0.5131009869788317,0.6757161428435308,0.0,0.005994005994005994,0.012076328540133793,False
4484,MAST,T,Neurotransmitter,0.0,0.0,0.5,0.6757161428435308,0.0,0.000999000999000999,0.002733238922886596,False
4485,MAST,T,Nicotinate,-2.715587,-0.2613074713555586,0.6030722973139607,0.6795983862910224,0.0,0.052947052947052944,0.06692865012800704,False
4486,MAST,T,Norepinephrine,0.2469132,0.04751846646710896,0.48105000642361007,0.6757161428435308,0.0,0.008991008991008992,0.016702140151638085,False
4487,MAST,T,O-Deethylated candesartan,0.0,0.0,0.5,0.6757161428435308,0.0,0.000999000999000999,0.002733238922886596,False
4488,MAST,T,O-Desmethylverapamil (D-702),-0.74160266,-0.0451325005737337,0.5179991519518481,0.6757161428435308,0.0,0.03196803196803197,0.044261263719771314,False
4489,MAST,T,Oxalic acid,-2.9625,-0.5701334091782262,0.7157063915293411,0.7421962390948471,0.0,0.04495504495504495,0.058374738391253664,False
4490,MAST,T,Phosphate,0.0,0.0,0.5,0.6757161428435308,0.0,0.000999000999000999,0.002733238922886596,False
4491,MAST,T,Progesterone,0.0,0.0,0.5,0.6757161428435308,0.0,0.000999000999000999,0.002733238922886596,False
4492,MAST,T,Pyruvate,0.0,0.0,0.5,0.6757161428435308,0.0,0.000999000999000999,0.002733238922886596,False
4493,MAST,T,Sodium,-0.519435,-0.057714998722076416,0.5230121768205643,0.6757161428435308,0.0,0.04495504495504495,0.058374738391253664,False
4494,MAST,T,Sodium_hydrogen exchange,1.4208862,0.15787623988257515,0.43727716053247034,0.6757161428435308,0.0,0.07192807192807193,0.08702203739710954,False
4495,MAST,T,Sulfolithocholic acid,0.0,0.0,0.5,0.6757161428435308,0.0,0.000999000999000999,0.002733238922886596,False
4496,MAST,T,Taurocholic acid,-3.258107,-0.20900765809637725,0.5827788698253323,0.6784354487560457,0.0,0.04995004995004995,0.06360036724409195,False
4497,MAST,T,Testosterone,-0.5369689,-0.05166985522843476,0.5206041214074555,0.6757161428435308,0.0,0.008991008991008992,0.016702140151638085,False
4498,MAST,T,Trihydroxycoprostanoic acid,0.0,0.0,0.5,0.6757161428435308,0.0,0.000999000999000999,0.002733238922886596,False
4499,MAST,T,Ursocholic acid,0.0,0.0,0.5,0.6757161428435308,0.0,0.000999000999000999,0.002733238922886596,False
4500,MAST,T,Ursodeoxycholic acid,0.0,0.0,0.5,0.6757161428435308,0.0,0.000999000999000999,0.002733238922886596,False
4501,MAST,T,Ursodeoxycholic acid 3-sulfate,0.0,0.0,0.5,0.6757161428435308,0.0,0.000999000999000999,0.002733238922886596,False
4502,MAST,T,Varanic acid,0.0,0.0,0.5,0.6757161428435308,0.0,0.000999000999000999,0.002733238922886596,False
4503,MAST,T,Water,-0.31684285,-0.03520476155810886,0.5140417672939768,0.6757161428435308,0.0,0.01098901098901099,0.01912057513717265,False
4504,MAST,T,alpha-Ketoisovaleric acid,0.0,0.0,0.5,0.6757161428435308,0.0,0.000999000999000999,0.002733238922886596,False
4505,MNP,MNP,"(3a,5b,7a)-23-Carboxy-7-hydroxy-24-norcholan-3-yl-b-D-Glucopyranosiduronic acid",1.7778381,0.13840450922442693,0.44496036673505707,0.6757161428435308,0.0,0.02097902097902098,0.031531192821515404,False
4506,MNP,MNP,17a-Ethynylestradiol,0.4710377,0.03667023411109573,0.48537397120591985,0.6757161428435308,0.0,0.000999000999000999,0.002733238922886596,False
4507,MNP,MNP,"1b,3a,12a-Trihydroxy-5b-cholanoic acid",1.7778381,0.13840450922442693,0.44496036673505707,0.6757161428435308,0.0,0.02097902097902098,0.031531192821515404,False
4508,MNP,MNP,2-Hydroxychlorpropamide,0.4710377,0.02117156953528772,0.49155439671096135,0.6757161428435308,0.0,0.000999000999000999,0.002733238922886596,False
4509,MNP,MNP,25-Hydroxycholesterol,5.0587735,0.39382498422106016,0.3468551286404279,0.6757161428435308,204.11298,0.20679320679320679,0.22468980320077225,False
4510,MNP,MNP,"3',4'-Dihydrodiol",0.4710377,0.03667023411109573,0.48537397120591985,0.6757161428435308,0.0,0.000999000999000999,0.002733238922886596,False
4511,MNP,MNP,3-Sulfodeoxycholic acid,1.7778381,0.13840450922442693,0.44496036673505707,0.6757161428435308,0.0,0.02097902097902098,0.031531192821515404,False
4512,MNP,MNP,"3alpha,7alpha-Dihydroxycoprostanic acid",1.7778381,0.13840450922442693,0.44496036673505707,0.6757161428435308,0.0,0.02097902097902098,0.031531192821515404,False
4513,MNP,MNP,3b-Hydroxy-5-cholenoic acid,1.7778381,0.13840450922442693,0.44496036673505707,0.6757161428435308,0.0,0.02097902097902098,0.031531192821515404,False
4514,MNP,MNP,4'-Hydroxydiclofenac,0.4710377,0.03667023411109573,0.48537397120591985,0.6757161428435308,0.0,0.000999000999000999,0.002733238922886596,False
4515,MNP,MNP,4-Hydroxycyclophosphamide,0.4710377,0.03667023411109573,0.48537397120591985,0.6757161428435308,0.0,0.000999000999000999,0.002733238922886596,False
4516,MNP,MNP,4-ene-Valproic acid,0.44434398,0.019971776865654836,0.49203294343619425,0.6757161428435308,0.0,0.025974025974025976,0.03748889935213937,False
4517,MNP,MNP,5-Hydroxyomeprazole,2.2468317,0.07822463758338075,0.46882468205267824,0.6757161428435308,0.0,0.03796203796203796,0.05117471469807518,False
4518,MNP,MNP,8-Hydroxycarvedilol,0.4710377,0.03667023411109573,0.48537397120591985,0.6757161428435308,0.0,0.000999000999000999,0.002733238922886596,False
4519,MNP,MNP,Acetate,27.632862,1.52113899444979,0.06411248035413065,0.6757161428435308,706.97723,0.34465534465534464,0.36089264489464257,False
4520,MNP,MNP,Acetyl-L-Carnitine,-0.5012728,-0.03902403436564523,0.5155643867234924,0.6757161428435308,0.0,0.016983016983016984,0.026454476677359295,False
4521,MNP,MNP,Adenosine diphosphate ribose,19.696226,1.5333491238382808,0.06259492848974656,0.6757161428435308,29.858585,0.12387612387612387,0.14169500257879963,False
4522,MNP,MNP,Adenosine triphosphate,-32.246464,-2.510383800227446,0.9939699996986481,0.9939699996986481,0.0,0.35764235764235763,0.37374487947672863,False
4523,MNP,MNP,Amiloride-sensitive sodium transport,0.9420754,0.07334046822219147,0.47076759470293617,0.6757161428435308,0.0,0.002997002997002997,0.007184126848760995,False
4524,MNP,MNP,Anion exchange,-13.36014,-0.6004936298135617,0.7259113474851611,0.751602037149245,0.0,0.056943056943056944,0.07133475964386142,False
4525,MNP,MNP,Butyrate,0.4710377,0.03667023411109573,0.48537397120591985,0.6757161428435308,0.0,0.000999000999000999,0.002733238922886596,False
4526,MNP,MNP,Chenodeoxycholic acid,1.7778381,0.13840450922442693,0.44496036673505707,0.6757161428435308,0.0,0.02097902097902098,0.031531192821515404,False
4527,MNP,MNP,Chenodeoxycholic acid 3-sulfate,1.7778381,0.13840450922442693,0.44496036673505707,0.6757161428435308,0.0,0.02097902097902098,0.031531192821515404,False
4528,MNP,MNP,Chloride,-2.6396525,-0.20549666768977695,0.5814079493274037,0.6778602411991417,0.0,0.007992007992007992,0.015114170255481141,False
4529,MNP,MNP,Chloride ion,1.2004879,0.09345785253359046,0.4627699159498254,0.6757161428435308,0.0,0.01898101898101898,0.02908419229978304,False
4530,MNP,MNP,Cholesterol,-0.58427894,-0.026261385451101276,0.5104755728866207,0.6757161428435308,0.0,0.00999000999000999,0.017922750381392707,False
4531,MNP,MNP,Cholic acid,3.302148,0.14842051982381516,0.4410054534693295,0.6757161428435308,0.0,0.028971028971028972,0.040621438303114626,False
4532,MNP,MNP,Choline,-0.5012728,-0.03902403436564523,0.5155643867234924,0.6757161428435308,0.0,0.016983016983016984,0.026454476677359295,False
4533,MNP,MNP,Citric acid,27.161825,2.1145452224171684,0.017234363287086277,0.6757161428435308,706.97723,0.34465534465534464,0.36089264489464257,False
4534,MNP,MNP,Coprocholic acid,1.7778381,0.13840450922442693,0.44496036673505707,0.6757161428435308,0.0,0.02097902097902098,0.031531192821515404,False
4535,MNP,MNP,Cortisol,-0.58427894,-0.026261385451101276,0.5104755728866207,0.6757161428435308,0.0,0.00999000999000999,0.017922750381392707,False
4536,MNP,MNP,Creatine,-0.5012728,-0.03902403436564523,0.5155643867234924,0.6757161428435308,0.0,0.016983016983016984,0.026454476677359295,False
4537,MNP,MNP,D-Lactate,0.4710377,0.03667023411109573,0.48537397120591985,0.6757161428435308,0.0,0.000999000999000999,0.002733238922886596,False
4538,MNP,MNP,Deoxycholic acid,1.7778381,0.13840450922442693,0.44496036673505707,0.6757161428435308,0.0,0.02097902097902098,0.031531192821515404,False
4539,MNP,MNP,Dopamine,-0.5012728,-0.03902403436564523,0.5155643867234924,0.6757161428435308,0.0,0.016983016983016984,0.026454476677359295,False
4540,MNP,MNP,E-3179,0.4710377,0.03667023411109573,0.48537397120591985,0.6757161428435308,0.0,0.000999000999000999,0.002733238922886596,False
4541,MNP,MNP,Estradiol,26.577547,1.0345296167508624,0.1504443192593239,0.6757161428435308,706.97723,0.34565434565434566,0.36187846773732263,False
4542,MNP,MNP,Estriol,0.4710377,0.03667023411109573,0.48537397120591985,0.6757161428435308,0.0,0.000999000999000999,0.002733238922886596,False
4543,MNP,MNP,Fatty acid,1.8592911,0.08356891921089404,0.4666995896718649,0.6757161428435308,131.53825,0.007992007992007992,0.015114170255481141,True
4544,MNP,MNP,Folic acid,0.990546,0.05452776202852725,0.47825734529324626,0.6757161428435308,0.0,0.023976023976023976,0.03535971648515611,False
4545,MNP,MNP,Folinic acid,1.7778381,0.13840450922442693,0.44496036673505707,0.6757161428435308,0.0,0.02097902097902098,0.031531192821515404,False
4546,MNP,MNP,Glutathione,1.7778381,0.13840450922442693,0.44496036673505707,0.6757161428435308,0.0,0.02097902097902098,0.031531192821515404,False
4547,MNP,MNP,Glycerol,0.4710377,0.03667023411109573,0.48537397120591985,0.6757161428435308,0.0,0.000999000999000999,0.002733238922886596,False
4548,MNP,MNP,Glycochenodeoxycholate-3-sulfate,1.7778381,0.13840450922442693,0.44496036673505707,0.6757161428435308,0.0,0.02097902097902098,0.031531192821515404,False
4549,MNP,MNP,Glycyl-glycine,0.0,0.0,0.5,0.6757161428435308,0.0,0.000999000999000999,0.002733238922886596,False
4550,MNP,MNP,Histamine,-0.5012728,-0.03902403436564523,0.5155643867234924,0.6757161428435308,0.0,0.016983016983016984,0.026454476677359295,False
4551,MNP,MNP,Hydroxylansoprazole,-0.58427894,-0.026261385451101276,0.5104755728866207,0.6757161428435308,0.0,0.00999000999000999,0.017922750381392707,False
4552,MNP,MNP,Hyodeoxycholic acid,1.7778381,0.13840450922442693,0.44496036673505707,0.6757161428435308,0.0,0.02097902097902098,0.031531192821515404,False
4553,MNP,MNP,Iron,18.047668,1.405009083837605,0.08000928854900707,0.6757161428435308,511.5675,0.8301698301698301,0.8322869352515511,False
4554,MNP,MNP,Isoursodeoxycholic acid,1.7778381,0.13840450922442693,0.44496036673505707,0.6757161428435308,0.0,0.02097902097902098,0.031531192821515404,False
4555,MNP,MNP,Ketone bodies,0.4710377,0.03667023411109573,0.48537397120591985,0.6757161428435308,0.0,0.000999000999000999,0.002733238922886596,False
4556,MNP,MNP,L-Arginine,-2.6632435,-0.2073332277847747,0.5821251870620678,0.678068041966742,0.0,0.000999000999000999,0.002733238922886596,False
4557,MNP,MNP,L-Carnitine,-0.027227193,-0.0014988076524035442,0.5005979375188627,0.6757161428435308,0.0,0.029970029970029972,0.04174302225675122,False
4558,MNP,MNP,L-Cystine,-2.6632435,-0.2073332277847747,0.5821251870620678,0.678068041966742,0.0,0.000999000999000999,0.002733238922886596,False
4559,MNP,MNP,L-Dopa,0.0,0.0,0.5,0.6757161428435308,0.0,0.000999000999000999,0.002733238922886596,False
4560,MNP,MNP,L-Glutamate,0.4710377,0.025929771207654044,0.4896566770178834,0.6757161428435308,0.0,0.000999000999000999,0.002733238922886596,False
4561,MNP,MNP,L-Lactate,0.4710377,0.03667023411109573,0.48537397120591985,0.6757161428435308,0.0,0.000999000999000999,0.002733238922886596,False
4562,MNP,MNP,L-Lysine,-2.6632435,-0.2073332277847747,0.5821251870620678,0.678068041966742,0.0,0.000999000999000999,0.002733238922886596,False
4563,MNP,MNP,L-Ornithine,-2.6632435,-0.2073332277847747,0.5821251870620678,0.678068041966742,0.0,0.000999000999000999,0.002733238922886596,False
4564,MNP,MNP,Lithocholic acid,1.7778381,0.13840450922442693,0.44496036673505707,0.6757161428435308,0.0,0.02097902097902098,0.031531192821515404,False
4565,MNP,MNP,N-Desmethylcitalopram,0.4710377,0.03667023411109573,0.48537397120591985,0.6757161428435308,0.0,0.000999000999000999,0.002733238922886596,False
4566,MNP,MNP,N-Desmethyleletriptan,0.4710377,0.03667023411109573,0.48537397120591985,0.6757161428435308,0.0,0.000999000999000999,0.002733238922886596,False
4567,MNP,MNP,N-Desmethyltamoxifen,-0.58427894,-0.026261385451101276,0.5104755728866207,0.6757161428435308,0.0,0.00999000999000999,0.017922750381392707,False
4568,MNP,MNP,N-desmethylimatinib,-0.58427894,-0.026261385451101276,0.5104755728866207,0.6757161428435308,0.0,0.00999000999000999,0.017922750381392707,False
4569,MNP,MNP,Neurotransmitter,0.3096198,0.024103869841308977,0.49038487826676846,0.6757161428435308,0.0,0.000999000999000999,0.002733238922886596,False
4570,MNP,MNP,Nicotinate,27.60617,1.0745687353356468,0.14128392784845933,0.6757161428435308,706.97723,0.34665334665334663,0.3628035857653162,False
4571,MNP,MNP,Norepinephrine,-0.5012728,-0.03902403436564523,0.5155643867234924,0.6757161428435308,0.0,0.016983016983016984,0.026454476677359295,False
4572,MNP,MNP,O-Deethylated candesartan,0.4710377,0.03667023411109573,0.48537397120591985,0.6757161428435308,0.0,0.000999000999000999,0.002733238922886596,False
4573,MNP,MNP,O-Desmethylverapamil (D-702),0.9904133,0.024382290157034192,0.49027383726714924,0.6757161428435308,0.0,0.12987012987012986,0.14814710135711223,False
4574,MNP,MNP,Oxalic acid,27.161825,2.1145452224171684,0.017234363287086277,0.6757161428435308,706.97723,0.34465534465534464,0.36089264489464257,False
4575,MNP,MNP,Phosphate,0.4710377,0.03667023411109573,0.48537397120591985,0.6757161428435308,0.0,0.000999000999000999,0.002733238922886596,False
4576,MNP,MNP,Progesterone,0.4710377,0.03667023411109573,0.48537397120591985,0.6757161428435308,0.0,0.000999000999000999,0.002733238922886596,False
4577,MNP,MNP,Pyruvate,0.4710377,0.03667023411109573,0.48537397120591985,0.6757161428435308,0.0,0.000999000999000999,0.002733238922886596,False
4578,MNP,MNP,Sodium,0.69921505,0.031427379572282324,0.48746435309536473,0.6757161428435308,0.0,0.03496503496503497,0.04777972407779056,False
4579,MNP,MNP,Sodium_hydrogen exchange,1.413113,0.06351470592683361,0.4746783246258511,0.6757161428435308,0.0,0.002997002997002997,0.007184126848760995,False
4580,MNP,MNP,Sulfolithocholic acid,1.7778381,0.13840450922442693,0.44496036673505707,0.6757161428435308,0.0,0.02097902097902098,0.031531192821515404,False
4581,MNP,MNP,Taurocholic acid,31.145805,0.8082325528984539,0.20947836067416464,0.6757161428435308,706.97723,0.34765234765234765,0.36372808827898645,False
4582,MNP,MNP,Testosterone,-2.2067885,-0.08589912741446847,0.5342266974145717,0.6757161428435308,0.0,0.011988011988011988,0.02048481266085178,False
4583,MNP,MNP,Trihydroxycoprostanoic acid,1.7778381,0.13840450922442693,0.44496036673505707,0.6757161428435308,0.0,0.02097902097902098,0.031531192821515404,False
4584,MNP,MNP,Ursocholic acid,1.7778381,0.13840450922442693,0.44496036673505707,0.6757161428435308,0.0,0.02097902097902098,0.031531192821515404,False
4585,MNP,MNP,Ursodeoxycholic acid,1.7778381,0.13840450922442693,0.44496036673505707,0.6757161428435308,0.0,0.02097902097902098,0.031531192821515404,False
4586,MNP,MNP,Ursodeoxycholic acid 3-sulfate,1.7778381,0.13840450922442693,0.44496036673505707,0.6757161428435308,0.0,0.02097902097902098,0.031531192821515404,False
4587,MNP,MNP,Varanic acid,1.7778381,0.13840450922442693,0.44496036673505707,0.6757161428435308,0.0,0.02097902097902098,0.031531192821515404,False
4588,MNP,MNP,Water,1.3024929,0.058542700335656436,0.4766581754241543,0.6757161428435308,0.0,0.003996003996003996,0.008992796112653,False
4589,MNP,MNP,alpha-Ketoisovaleric acid,0.4710377,0.03667023411109573,0.48537397120591985,0.6757161428435308,0.0,0.000999000999000999,0.002733238922886596,False
4590,MNP,Muscularis_mucosa,"(3a,5b,7a)-23-Carboxy-7-hydroxy-24-norcholan-3-yl-b-D-Glucopyranosiduronic acid",-1.2619562,-0.1530346696752085,0.5608145325742752,0.6757161428435308,0.0,0.001998001998001998,0.005057316928544293,False
4591,MNP,Muscularis_mucosa,17a-Ethynylestradiol,-2.4376395,-0.29560720682526836,0.6162349653795789,0.6800205699783143,0.0,0.007992007992007992,0.015114170255481141,False
4592,MNP,Muscularis_mucosa,"1b,3a,12a-Trihydroxy-5b-cholanoic acid",-1.2619562,-0.1530346696752085,0.5608145325742752,0.6757161428435308,0.0,0.001998001998001998,0.005057316928544293,False
4593,MNP,Muscularis_mucosa,2-Hydroxychlorpropamide,-2.4376395,-0.17066890043496205,0.5677579410712598,0.6757161428435308,0.0,0.007992007992007992,0.015114170255481141,False
4594,MNP,Muscularis_mucosa,25-Hydroxycholesterol,1.0764118,0.13053410960562212,0.4480719347174422,0.6757161428435308,0.0,0.17682317682317683,0.19546885451982113,False
4595,MNP,Muscularis_mucosa,"3',4'-Dihydrodiol",-2.4376395,-0.29560720682526836,0.6162349653795789,0.6800205699783143,0.0,0.007992007992007992,0.015114170255481141,False
4596,MNP,Muscularis_mucosa,3-Sulfodeoxycholic acid,-1.2619562,-0.1530346696752085,0.5608145325742752,0.6757161428435308,0.0,0.001998001998001998,0.005057316928544293,False
4597,MNP,Muscularis_mucosa,"3alpha,7alpha-Dihydroxycoprostanic acid",-1.2619562,-0.1530346696752085,0.5608145325742752,0.6757161428435308,0.0,0.001998001998001998,0.005057316928544293,False
4598,MNP,Muscularis_mucosa,3b-Hydroxy-5-cholenoic acid,-1.2619562,-0.1530346696752085,0.5608145325742752,0.6757161428435308,0.0,0.001998001998001998,0.005057316928544293,False
4599,MNP,Muscularis_mucosa,4'-Hydroxydiclofenac,-2.4376395,-0.29560720682526836,0.6162349653795789,0.6800205699783143,0.0,0.007992007992007992,0.015114170255481141,False
4600,MNP,Muscularis_mucosa,4-Hydroxycyclophosphamide,-2.4376395,-0.29560720682526836,0.6162349653795789,0.6800205699783143,0.0,0.007992007992007992,0.015114170255481141,False
4601,MNP,Muscularis_mucosa,4-ene-Valproic acid,0.5080904,0.035573441779743115,0.4858112426516505,0.6757161428435308,0.0,0.002997002997002997,0.007184126848760995,False
4602,MNP,Muscularis_mucosa,5-Hydroxyomeprazole,-6.305348,-0.3419555027188152,0.6338078102862275,0.6842861528836888,0.0,0.016983016983016984,0.026454476677359295,False
4603,MNP,Muscularis_mucosa,8-Hydroxycarvedilol,-2.4376395,-0.29560720682526836,0.6162349653795789,0.6800205699783143,0.0,0.007992007992007992,0.015114170255481141,False
4604,MNP,Muscularis_mucosa,Acetate,-1.6882596,-0.14476706651322907,0.557552607314833,0.6757161428435308,0.0,0.5994005994005994,0.6091823832977493,False
4605,MNP,Muscularis_mucosa,Acetyl-L-Carnitine,0.360796,0.04375294223510449,0.48255066889511206,0.6757161428435308,0.0,0.001998001998001998,0.005057316928544293,False
4606,MNP,Muscularis_mucosa,Adenosine diphosphate ribose,-0.80046093,-0.09707014654991579,0.5386646557610468,0.6757161428435308,0.0,0.0989010989010989,0.11507360563964338,False
4607,MNP,Muscularis_mucosa,Adenosine triphosphate,-0.22131158,-0.026837971690559695,0.5107055164564349,0.6757161428435308,0.0,0.07592407592407592,0.09101628312606014,False
4608,MNP,Muscularis_mucosa,Amiloride-sensitive sodium transport,0.20830567,0.025260773155659656,0.48992348121293167,0.6757161428435308,0.0,0.002997002997002997,0.007184126848760995,False
4609,MNP,Muscularis_mucosa,Anion exchange,1.005528,0.07040103973850359,0.4719372318560376,0.6757161428435308,0.0,0.04095904095904096,0.054352820175604985,False
4610,MNP,Muscularis_mucosa,Butyrate,0.0,0.0,0.5,0.6757161428435308,0.0,0.000999000999000999,0.002733238922886596,False
4611,MNP,Muscularis_mucosa,Chenodeoxycholic acid,-1.2619562,-0.1530346696752085,0.5608145325742752,0.6757161428435308,0.0,0.001998001998001998,0.005057316928544293,False
4612,MNP,Muscularis_mucosa,Chenodeoxycholic acid 3-sulfate,-1.2619562,-0.1530346696752085,0.5608145325742752,0.6757161428435308,0.0,0.001998001998001998,0.005057316928544293,False
4613,MNP,Muscularis_mucosa,Chloride,-0.22138125,-0.02684641956152235,0.5107088854554349,0.6757161428435308,0.0,0.012987012987012988,0.02170829436309107,False
4614,MNP,Muscularis_mucosa,Chloride ion,-0.27920395,-0.03385845242770965,0.5135049878317813,0.6757161428435308,0.0,0.04095904095904096,0.054352820175604985,False
4615,MNP,Muscularis_mucosa,Cholesterol,-3.4251513,-0.23980856087728708,0.5947606650087861,0.6795983862910224,0.0,0.014985014985014986,0.024255209535703617,False
4616,MNP,Muscularis_mucosa,Cholic acid,-5.3178363,-0.3723230119749665,0.6451738164097195,0.6912184134248229,0.0,0.00999000999000999,0.017922750381392707,False
4617,MNP,Muscularis_mucosa,Choline,0.360796,0.04375294223510449,0.48255066889511206,0.6757161428435308,0.0,0.001998001998001998,0.005057316928544293,False
4618,MNP,Muscularis_mucosa,Citric acid,-1.6882596,-0.2047315488479765,0.5811090649756184,0.6777806646174732,0.0,0.5994005994005994,0.6091823832977493,False
4619,MNP,Muscularis_mucosa,Coprocholic acid,-1.2619562,-0.1530346696752085,0.5608145325742752,0.6757161428435308,0.0,0.001998001998001998,0.005057316928544293,False
4620,MNP,Muscularis_mucosa,Cortisol,-3.4251513,-0.23980856087728708,0.5947606650087861,0.6795983862910224,0.0,0.014985014985014986,0.024255209535703617,False
4621,MNP,Muscularis_mucosa,Creatine,0.360796,0.04375294223510449,0.48255066889511206,0.6757161428435308,0.0,0.001998001998001998,0.005057316928544293,False
4622,MNP,Muscularis_mucosa,D-Lactate,0.0,0.0,0.5,0.6757161428435308,0.0,0.000999000999000999,0.002733238922886596,False
4623,MNP,Muscularis_mucosa,Deoxycholic acid,-1.2619562,-0.1530346696752085,0.5608145325742752,0.6757161428435308,0.0,0.001998001998001998,0.005057316928544293,False
4624,MNP,Muscularis_mucosa,Dopamine,0.360796,0.04375294223510449,0.48255066889511206,0.6757161428435308,0.0,0.001998001998001998,0.005057316928544293,False
4625,MNP,Muscularis_mucosa,E-3179,-2.4376395,-0.29560720682526836,0.6162349653795789,0.6800205699783143,0.0,0.007992007992007992,0.015114170255481141,False
4626,MNP,Muscularis_mucosa,Estradiol,-5.113411,-0.31004608018870594,0.6217370425990498,0.6802284449633014,0.0,0.6063936063936064,0.6159909212234794,False
4627,MNP,Muscularis_mucosa,Estriol,-2.4376395,-0.29560720682526836,0.6162349653795789,0.6800205699783143,0.0,0.007992007992007992,0.015114170255481141,False
4628,MNP,Muscularis_mucosa,Fatty acid,-0.59500355,-0.04165858071938115,0.5166145634625525,0.6757161428435308,0.0,0.5784215784215784,0.5895757135426557,False
4629,MNP,Muscularis_mucosa,Folic acid,-0.96736753,-0.0829510813426754,0.5330547815384974,0.6757161428435308,0.0,0.007992007992007992,0.015114170255481141,False
4630,MNP,Muscularis_mucosa,Folinic acid,-1.2619562,-0.1530346696752085,0.5608145325742752,0.6757161428435308,0.0,0.001998001998001998,0.005057316928544293,False
4631,MNP,Muscularis_mucosa,Glutathione,-1.2619562,-0.1530346696752085,0.5608145325742752,0.6757161428435308,0.0,0.001998001998001998,0.005057316928544293,False
4632,MNP,Muscularis_mucosa,Glycerol,-2.4376395,-0.29560720682526836,0.6162349653795789,0.6800205699783143,0.0,0.007992007992007992,0.015114170255481141,False
4633,MNP,Muscularis_mucosa,Glycochenodeoxycholate-3-sulfate,-1.2619562,-0.1530346696752085,0.5608145325742752,0.6757161428435308,0.0,0.001998001998001998,0.005057316928544293,False
4634,MNP,Muscularis_mucosa,Glycyl-glycine,0.0,0.0,0.5,0.6757161428435308,0.0,0.000999000999000999,0.002733238922886596,False
4635,MNP,Muscularis_mucosa,Histamine,0.360796,0.04375294223510449,0.48255066889511206,0.6757161428435308,0.0,0.001998001998001998,0.005057316928544293,False
4636,MNP,Muscularis_mucosa,Hydroxylansoprazole,-3.4251513,-0.23980856087728708,0.5947606650087861,0.6795983862910224,0.0,0.014985014985014986,0.024255209535703617,False
4637,MNP,Muscularis_mucosa,Hyodeoxycholic acid,-1.2619562,-0.1530346696752085,0.5608145325742752,0.6757161428435308,0.0,0.001998001998001998,0.005057316928544293,False
4638,MNP,Muscularis_mucosa,Iron,-4.545813,-0.5512608087705366,0.7092725498338823,0.7365567671215321,23.881506,0.3026973026973027,0.3203173004653489,False
4639,MNP,Muscularis_mucosa,Isoursodeoxycholic acid,-1.2619562,-0.1530346696752085,0.5608145325742752,0.6757161428435308,0.0,0.001998001998001998,0.005057316928544293,False
4640,MNP,Muscularis_mucosa,Ketone bodies,0.0,0.0,0.5,0.6757161428435308,0.0,0.000999000999000999,0.002733238922886596,False
4641,MNP,Muscularis_mucosa,L-Arginine,-0.028913775,-0.0035063103015461196,0.5013988125612769,0.6757161428435308,0.0,0.001998001998001998,0.005057316928544293,False
4642,MNP,Muscularis_mucosa,L-Carnitine,0.5079745,0.04355845448438367,0.48262818438128613,0.6757161428435308,0.0,0.001998001998001998,0.005057316928544293,False
4643,MNP,Muscularis_mucosa,L-Cystine,-0.028913775,-0.0035063103015461196,0.5013988125612769,0.6757161428435308,0.0,0.001998001998001998,0.005057316928544293,False
4644,MNP,Muscularis_mucosa,L-Dopa,0.0,0.0,0.5,0.6757161428435308,0.0,0.000999000999000999,0.002733238922886596,False
4645,MNP,Muscularis_mucosa,L-Glutamate,0.20830567,0.017862063996382044,0.4928744463638912,0.6757161428435308,0.0,0.000999000999000999,0.002733238922886596,False
4646,MNP,Muscularis_mucosa,L-Lactate,0.0,0.0,0.5,0.6757161428435308,0.0,0.000999000999000999,0.002733238922886596,False
4647,MNP,Muscularis_mucosa,L-Lysine,-0.028913775,-0.0035063103015461196,0.5013988125612769,0.6757161428435308,0.0,0.001998001998001998,0.005057316928544293,False
4648,MNP,Muscularis_mucosa,L-Ornithine,-0.028913775,-0.0035063103015461196,0.5013988125612769,0.6757161428435308,0.0,0.001998001998001998,0.005057316928544293,False
4649,MNP,Muscularis_mucosa,Lithocholic acid,-1.2619562,-0.1530346696752085,0.5608145325742752,0.6757161428435308,0.0,0.001998001998001998,0.005057316928544293,False
4650,MNP,Muscularis_mucosa,N-Desmethylcitalopram,-2.4376395,-0.29560720682526836,0.6162349653795789,0.6800205699783143,0.0,0.007992007992007992,0.015114170255481141,False
4651,MNP,Muscularis_mucosa,N-Desmethyleletriptan,-2.4376395,-0.29560720682526836,0.6162349653795789,0.6800205699783143,0.0,0.007992007992007992,0.015114170255481141,False
4652,MNP,Muscularis_mucosa,N-Desmethyltamoxifen,-3.4251513,-0.23980856087728708,0.5947606650087861,0.6795983862910224,0.0,0.014985014985014986,0.024255209535703617,False
4653,MNP,Muscularis_mucosa,N-desmethylimatinib,-3.4251513,-0.23980856087728708,0.5947606650087861,0.6795983862910224,0.0,0.014985014985014986,0.024255209535703617,False
4654,MNP,Muscularis_mucosa,Neurotransmitter,-0.11364289,-0.013781224227549257,0.5054977389957842,0.6757161428435308,0.0,0.008991008991008992,0.016702140151638085,False
4655,MNP,Muscularis_mucosa,Nicotinate,-1.1801693,-0.07155827737080889,0.5285232776268277,0.6757161428435308,0.0,0.6003996003996004,0.6100991092913548,False
4656,MNP,Muscularis_mucosa,Norepinephrine,0.360796,0.04375294223510449,0.48255066889511206,0.6757161428435308,0.0,0.001998001998001998,0.005057316928544293,False
4657,MNP,Muscularis_mucosa,O-Deethylated candesartan,-2.4376395,-0.29560720682526836,0.6162349653795789,0.6800205699783143,0.0,0.007992007992007992,0.015114170255481141,False
4658,MNP,Muscularis_mucosa,O-Desmethylverapamil (D-702),-6.599946,-0.25309637635911586,0.5999031305063091,0.6795983862910224,0.0,0.03296703296703297,0.04551418730523208,False
4659,MNP,Muscularis_mucosa,Oxalic acid,-1.6882596,-0.2047315488479765,0.5811090649756184,0.6777806646174732,0.0,0.5994005994005994,0.6091823832977493,False
4660,MNP,Muscularis_mucosa,Phosphate,0.0,0.0,0.5,0.6757161428435308,0.0,0.000999000999000999,0.002733238922886596,False
4661,MNP,Muscularis_mucosa,Progesterone,-2.4376395,-0.29560720682526836,0.6162349653795789,0.6800205699783143,0.0,0.007992007992007992,0.015114170255481141,False
4662,MNP,Muscularis_mucosa,Pyruvate,0.0,0.0,0.5,0.6757161428435308,0.0,0.000999000999000999,0.002733238922886596,False
4663,MNP,Muscularis_mucosa,Sodium,0.41095224,0.02877241187394385,0.48852305195133394,0.6757161428435308,0.0,0.04395604395604396,0.057231114983133206,False
4664,MNP,Muscularis_mucosa,Sodium_hydrogen exchange,0.721592,0.05052154595455144,0.479853390069033,0.6757161428435308,0.0,0.01098901098901099,0.01912057513717265,False
4665,MNP,Muscularis_mucosa,Sulfolithocholic acid,-1.2619562,-0.1530346696752085,0.5608145325742752,0.6757161428435308,0.0,0.001998001998001998,0.005057316928544293,False
4666,MNP,Muscularis_mucosa,Taurocholic acid,-7.9936075,-0.32312243273578717,0.6266987390587349,0.6819956866227408,0.0,0.6073926073926074,0.6169061037460843,False
4667,MNP,Muscularis_mucosa,Testosterone,-3.7116294,-0.22505058854516571,0.5890300402230118,0.6795983862910224,0.0,0.016983016983016984,0.026454476677359295,False
4668,MNP,Muscularis_mucosa,Trihydroxycoprostanoic acid,-1.2619562,-0.1530346696752085,0.5608145325742752,0.6757161428435308,0.0,0.001998001998001998,0.005057316928544293,False
4669,MNP,Muscularis_mucosa,Ursocholic acid,-1.2619562,-0.1530346696752085,0.5608145325742752,0.6757161428435308,0.0,0.001998001998001998,0.005057316928544293,False
4670,MNP,Muscularis_mucosa,Ursodeoxycholic acid,-1.2619562,-0.1530346696752085,0.5608145325742752,0.6757161428435308,0.0,0.001998001998001998,0.005057316928544293,False
4671,MNP,Muscularis_mucosa,Ursodeoxycholic acid 3-sulfate,-1.2619562,-0.1530346696752085,0.5608145325742752,0.6757161428435308,0.0,0.001998001998001998,0.005057316928544293,False
4672,MNP,Muscularis_mucosa,Varanic acid,-1.2619562,-0.1530346696752085,0.5608145325742752,0.6757161428435308,0.0,0.001998001998001998,0.005057316928544293,False
4673,MNP,Muscularis_mucosa,Water,-0.0565455,-0.0039589768544222755,0.5015793991285739,0.6757161428435308,0.0,0.007992007992007992,0.015114170255481141,False
4674,MNP,Muscularis_mucosa,alpha-Ketoisovaleric acid,0.0,0.0,0.5,0.6757161428435308,0.0,0.000999000999000999,0.002733238922886596,False
4675,MNP,Myofibroblast,"(3a,5b,7a)-23-Carboxy-7-hydroxy-24-norcholan-3-yl-b-D-Glucopyranosiduronic acid",0.36767197,0.052524566650390625,0.47905536049621156,0.6757161428435308,0.0,0.003996003996003996,0.008992796112653,False
4676,MNP,Myofibroblast,17a-Ethynylestradiol,0.20300081,0.02900011624608721,0.488432248941707,0.6757161428435308,0.0,0.000999000999000999,0.002733238922886596,False
4677,MNP,Myofibroblast,"1b,3a,12a-Trihydroxy-5b-cholanoic acid",0.36767197,0.052524566650390625,0.47905536049621156,0.6757161428435308,0.0,0.003996003996003996,0.008992796112653,False
4678,MNP,Myofibroblast,2-Hydroxychlorpropamide,0.20300081,0.01674322492120889,0.49332073174287444,0.6757161428435308,0.0,0.000999000999000999,0.002733238922886596,False
4679,MNP,Myofibroblast,25-Hydroxycholesterol,1.4955634,0.2136519125529698,0.4154092567993282,0.6757161428435308,0.0,0.34465534465534464,0.36089264489464257,False
4680,MNP,Myofibroblast,"3',4'-Dihydrodiol",0.20300081,0.02900011624608721,0.488432248941707,0.6757161428435308,0.0,0.000999000999000999,0.002733238922886596,False
4681,MNP,Myofibroblast,3-Sulfodeoxycholic acid,0.36767197,0.052524566650390625,0.47905536049621156,0.6757161428435308,0.0,0.003996003996003996,0.008992796112653,False
4682,MNP,Myofibroblast,"3alpha,7alpha-Dihydroxycoprostanic acid",0.36767197,0.052524566650390625,0.47905536049621156,0.6757161428435308,0.0,0.003996003996003996,0.008992796112653,False
4683,MNP,Myofibroblast,3b-Hydroxy-5-cholenoic acid,0.36767197,0.052524566650390625,0.47905536049621156,0.6757161428435308,0.0,0.003996003996003996,0.008992796112653,False
4684,MNP,Myofibroblast,4'-Hydroxydiclofenac,0.20300081,0.02900011624608721,0.488432248941707,0.6757161428435308,0.0,0.000999000999000999,0.002733238922886596,False
4685,MNP,Myofibroblast,4-Hydroxycyclophosphamide,0.20300081,0.02900011624608721,0.488432248941707,0.6757161428435308,0.0,0.000999000999000999,0.002733238922886596,False
4686,MNP,Myofibroblast,4-ene-Valproic acid,0.6386943,0.052678616878855784,0.4789939883117824,0.6757161428435308,0.0,0.011988011988011988,0.02048481266085178,False
4687,MNP,Myofibroblast,5-Hydroxyomeprazole,0.7351006,0.046963856347224046,0.4812710170913204,0.6757161428435308,0.0,0.003996003996003996,0.008992796112653,False
4688,MNP,Myofibroblast,8-Hydroxycarvedilol,0.20300081,0.02900011624608721,0.488432248941707,0.6757161428435308,0.0,0.000999000999000999,0.002733238922886596,False
4689,MNP,Myofibroblast,Acetate,6.4052453,0.6470274842425457,0.25880707787994595,0.6757161428435308,24.702208,0.25674325674325676,0.2750195989296807,False
4690,MNP,Myofibroblast,Acetyl-L-Carnitine,0.35160774,0.05022967713219779,0.47996968123236283,0.6757161428435308,0.0,0.00999000999000999,0.017922750381392707,False
4691,MNP,Myofibroblast,Adenosine diphosphate ribose,0.0,0.0,0.5,0.6757161428435308,0.0,0.000999000999000999,0.002733238922886596,False
4692,MNP,Myofibroblast,Adenosine triphosphate,-1.6760821,-0.23944030489240373,0.5946179100144536,0.6795983862910224,0.0,0.04595404595404595,0.059463268679479334,False
4693,MNP,Myofibroblast,Amiloride-sensitive sodium transport,-0.5897711,-0.08425301313400269,0.5335723652012846,0.6757161428435308,0.0,0.005994005994005994,0.012076328540133793,False
4694,MNP,Myofibroblast,Anion exchange,-2.0297983,-0.16741493959496279,0.5664782145150247,0.6757161428435308,0.0,0.04195804195804196,0.05543290987525392,False
4695,MNP,Myofibroblast,Butyrate,0.14354326,0.020506179758480618,0.4918197911897951,0.6757161428435308,0.0,0.002997002997002997,0.007184126848760995,False
4696,MNP,Myofibroblast,Chenodeoxycholic acid,0.36767197,0.052524566650390625,0.47905536049621156,0.6757161428435308,0.0,0.003996003996003996,0.008992796112653,False
4697,MNP,Myofibroblast,Chenodeoxycholic acid 3-sulfate,0.36767197,0.052524566650390625,0.47905536049621156,0.6757161428435308,0.0,0.003996003996003996,0.008992796112653,False
4698,MNP,Myofibroblast,Chloride,0.067423455,0.009631922202450889,0.4961574784062988,0.6757161428435308,0.0,0.00999000999000999,0.017922750381392707,False
4699,MNP,Myofibroblast,Chloride ion,0.4539236,0.06484623040471758,0.47414821617187547,0.6757161428435308,0.0,0.00999000999000999,0.017922750381392707,False
4700,MNP,Myofibroblast,Cholesterol,0.20300081,0.01674322492120889,0.49332073174287444,0.6757161428435308,0.0,0.000999000999000999,0.002733238922886596,False
4701,MNP,Myofibroblast,Cholic acid,0.7351006,0.06063007783549208,0.4758269094662208,0.6757161428435308,0.0,0.003996003996003996,0.008992796112653,False
4702,MNP,Myofibroblast,Choline,0.35160774,0.05022967713219779,0.47996968123236283,0.6757161428435308,0.0,0.00999000999000999,0.017922750381392707,False
4703,MNP,Myofibroblast,Citric acid,6.261702,0.894528865814209,0.1855194962197343,0.6757161428435308,24.702208,0.25674325674325676,0.2750195989296807,False
4704,MNP,Myofibroblast,Coprocholic acid,0.36767197,0.052524566650390625,0.47905536049621156,0.6757161428435308,0.0,0.003996003996003996,0.008992796112653,False
4705,MNP,Myofibroblast,Cortisol,0.20300081,0.01674322492120889,0.49332073174287444,0.6757161428435308,0.0,0.000999000999000999,0.002733238922886596,False
4706,MNP,Myofibroblast,Creatine,0.35160774,0.05022967713219779,0.47996968123236283,0.6757161428435308,0.0,0.00999000999000999,0.017922750381392707,False
4707,MNP,Myofibroblast,D-Lactate,0.14354326,0.020506179758480618,0.4918197911897951,0.6757161428435308,0.0,0.002997002997002997,0.007184126848760995,False
4708,MNP,Myofibroblast,Deoxycholic acid,0.36767197,0.052524566650390625,0.47905536049621156,0.6757161428435308,0.0,0.003996003996003996,0.008992796112653,False
4709,MNP,Myofibroblast,Dopamine,0.35160774,0.05022967713219779,0.47996968123236283,0.6757161428435308,0.0,0.00999000999000999,0.017922750381392707,False
4710,MNP,Myofibroblast,E-3179,0.20300081,0.02900011624608721,0.488432248941707,0.6757161428435308,0.0,0.000999000999000999,0.002733238922886596,False
4711,MNP,Myofibroblast,Estradiol,6.464703,0.4617645059313093,0.32212510346359774,0.6757161428435308,24.702208,0.25674325674325676,0.2750195989296807,False
4712,MNP,Myofibroblast,Estriol,0.20300081,0.02900011624608721,0.488432248941707,0.6757161428435308,0.0,0.000999000999000999,0.002733238922886596,False
4713,MNP,Myofibroblast,Fatty acid,-2.7928753,-0.23035247149237564,0.5910910548386482,0.6795983862910224,0.0,0.2857142857142857,0.3029573258838262,False
4714,MNP,Myofibroblast,Folic acid,0.36767197,0.037140477257375994,0.4851864990470421,0.6757161428435308,0.0,0.003996003996003996,0.008992796112653,False
4715,MNP,Myofibroblast,Folinic acid,0.36767197,0.052524566650390625,0.47905536049621156,0.6757161428435308,0.0,0.003996003996003996,0.008992796112653,False
4716,MNP,Myofibroblast,Glutathione,0.36767197,0.052524566650390625,0.47905536049621156,0.6757161428435308,0.0,0.003996003996003996,0.008992796112653,False
4717,MNP,Myofibroblast,Glycerol,0.20300081,0.02900011624608721,0.488432248941707,0.6757161428435308,0.0,0.000999000999000999,0.002733238922886596,False
4718,MNP,Myofibroblast,Glycochenodeoxycholate-3-sulfate,0.36767197,0.052524566650390625,0.47905536049621156,0.6757161428435308,0.0,0.003996003996003996,0.008992796112653,False
4719,MNP,Myofibroblast,Glycyl-glycine,0.0,0.0,0.5,0.6757161428435308,0.0,0.000999000999000999,0.002733238922886596,False
4720,MNP,Myofibroblast,Histamine,0.35160774,0.05022967713219779,0.47996968123236283,0.6757161428435308,0.0,0.00999000999000999,0.017922750381392707,False
4721,MNP,Myofibroblast,Hydroxylansoprazole,0.20300081,0.01674322492120889,0.49332073174287444,0.6757161428435308,0.0,0.000999000999000999,0.002733238922886596,False
4722,MNP,Myofibroblast,Hyodeoxycholic acid,0.36767197,0.052524566650390625,0.47905536049621156,0.6757161428435308,0.0,0.003996003996003996,0.008992796112653,False
4723,MNP,Myofibroblast,Iron,8.098565,1.156937871660505,0.12364887221565646,0.6757161428435308,49.508144,0.016983016983016984,0.026454476677359295,True
4724,MNP,Myofibroblast,Isoursodeoxycholic acid,0.36767197,0.052524566650390625,0.47905536049621156,0.6757161428435308,0.0,0.003996003996003996,0.008992796112653,False
4725,MNP,Myofibroblast,Ketone bodies,0.14354326,0.020506179758480618,0.4918197911897951,0.6757161428435308,0.0,0.002997002997002997,0.007184126848760995,False
4726,MNP,Myofibroblast,L-Arginine,0.0,0.0,0.5,0.6757161428435308,0.0,0.000999000999000999,0.002733238922886596,False
4727,MNP,Myofibroblast,L-Carnitine,0.49505198,0.050007801730141486,0.4800580856103396,0.6757161428435308,0.0,0.01098901098901099,0.01912057513717265,False
4728,MNP,Myofibroblast,L-Cystine,0.0,0.0,0.5,0.6757161428435308,0.0,0.000999000999000999,0.002733238922886596,False
4729,MNP,Myofibroblast,L-Dopa,0.0,0.0,0.5,0.6757161428435308,0.0,0.000999000999000999,0.002733238922886596,False
4730,MNP,Myofibroblast,L-Glutamate,0.28708652,0.029000117526903926,0.4884322484309499,0.6757161428435308,0.0,0.003996003996003996,0.008992796112653,False
4731,MNP,Myofibroblast,L-Lactate,0.14354326,0.020506179758480618,0.4918197911897951,0.6757161428435308,0.0,0.002997002997002997,0.007184126848760995,False
4732,MNP,Myofibroblast,L-Lysine,0.0,0.0,0.5,0.6757161428435308,0.0,0.000999000999000999,0.002733238922886596,False
4733,MNP,Myofibroblast,L-Ornithine,0.0,0.0,0.5,0.6757161428435308,0.0,0.000999000999000999,0.002733238922886596,False
4734,MNP,Myofibroblast,Lithocholic acid,0.36767197,0.052524566650390625,0.47905536049621156,0.6757161428435308,0.0,0.003996003996003996,0.008992796112653,False
4735,MNP,Myofibroblast,N-Desmethylcitalopram,0.20300081,0.02900011624608721,0.488432248941707,0.6757161428435308,0.0,0.000999000999000999,0.002733238922886596,False
4736,MNP,Myofibroblast,N-Desmethyleletriptan,0.20300081,0.02900011624608721,0.488432248941707,0.6757161428435308,0.0,0.000999000999000999,0.002733238922886596,False
4737,MNP,Myofibroblast,N-Desmethyltamoxifen,0.20300081,0.01674322492120889,0.49332073174287444,0.6757161428435308,0.0,0.000999000999000999,0.002733238922886596,False
4738,MNP,Myofibroblast,N-desmethylimatinib,0.20300081,0.01674322492120889,0.49332073174287444,0.6757161428435308,0.0,0.000999000999000999,0.002733238922886596,False
4739,MNP,Myofibroblast,Neurotransmitter,0.11781307,0.016830439014094218,0.4932859432557903,0.6757161428435308,0.0,0.004995004995004995,0.010650366582569973,False
4740,MNP,Myofibroblast,Nicotinate,6.9003963,0.49288545336042133,0.31104676311657753,0.6757161428435308,24.702208,0.26173826173826176,0.2799411097319617,False
4741,MNP,Myofibroblast,Norepinephrine,0.35160774,0.05022967713219779,0.47996968123236283,0.6757161428435308,0.0,0.00999000999000999,0.017922750381392707,False
4742,MNP,Myofibroblast,O-Deethylated candesartan,0.20300081,0.02900011624608721,0.488432248941707,0.6757161428435308,0.0,0.000999000999000999,0.002733238922886596,False
4743,MNP,Myofibroblast,O-Desmethylverapamil (D-702),1.1516414,0.05202585390415113,0.47925404643456226,0.6757161428435308,0.0,0.026973026973026972,0.03858547638397536,False
4744,MNP,Myofibroblast,Oxalic acid,6.261702,0.894528865814209,0.1855194962197343,0.6757161428435308,24.702208,0.25674325674325676,0.2750195989296807,False
4745,MNP,Myofibroblast,Phosphate,0.0,0.0,0.5,0.6757161428435308,0.0,0.000999000999000999,0.002733238922886596,False
4746,MNP,Myofibroblast,Progesterone,0.20300081,0.02900011624608721,0.488432248941707,0.6757161428435308,0.0,0.000999000999000999,0.002733238922886596,False
4747,MNP,Myofibroblast,Pyruvate,0.14354326,0.020506179758480618,0.4918197911897951,0.6757161428435308,0.0,0.002997002997002997,0.007184126848760995,False
4748,MNP,Myofibroblast,Sodium,0.8055314,0.06643910865173269,0.4735141173844088,0.6757161428435308,0.0,0.01898101898101898,0.02908419229978304,False
4749,MNP,Myofibroblast,Sodium_hydrogen exchange,-0.22267187,-0.01836566600239594,0.507326428809189,0.6757161428435308,0.0,0.008991008991008992,0.016702140151638085,False
4750,MNP,Myofibroblast,Sulfolithocholic acid,0.36767197,0.052524566650390625,0.47905536049621156,0.6757161428435308,0.0,0.003996003996003996,0.008992796112653,False
4751,MNP,Myofibroblast,Taurocholic acid,7.6048617,0.3621362731570289,0.35862509927346276,0.6757161428435308,24.702208,0.26173826173826176,0.2799411097319617,False
4752,MNP,Myofibroblast,Testosterone,-0.39958277,-0.02854162667478834,0.5113849158725463,0.6757161428435308,0.0,0.003996003996003996,0.008992796112653,False
4753,MNP,Myofibroblast,Trihydroxycoprostanoic acid,0.36767197,0.052524566650390625,0.47905536049621156,0.6757161428435308,0.0,0.003996003996003996,0.008992796112653,False
4754,MNP,Myofibroblast,Ursocholic acid,0.36767197,0.052524566650390625,0.47905536049621156,0.6757161428435308,0.0,0.003996003996003996,0.008992796112653,False
4755,MNP,Myofibroblast,Ursodeoxycholic acid,0.36767197,0.052524566650390625,0.47905536049621156,0.6757161428435308,0.0,0.003996003996003996,0.008992796112653,False
4756,MNP,Myofibroblast,Ursodeoxycholic acid 3-sulfate,0.36767197,0.052524566650390625,0.47905536049621156,0.6757161428435308,0.0,0.003996003996003996,0.008992796112653,False
4757,MNP,Myofibroblast,Varanic acid,0.36767197,0.052524566650390625,0.47905536049621156,0.6757161428435308,0.0,0.003996003996003996,0.008992796112653,False
4758,MNP,Myofibroblast,Water,-0.12855966,-0.010603422364979156,0.5042300742318458,0.6757161428435308,0.0,0.004995004995004995,0.010650366582569973,False
4759,MNP,Myofibroblast,alpha-Ketoisovaleric acid,0.14354326,0.020506179758480618,0.4918197911897951,0.6757161428435308,0.0,0.002997002997002997,0.007184126848760995,False
4760,MNP,Pericyte,"(3a,5b,7a)-23-Carboxy-7-hydroxy-24-norcholan-3-yl-b-D-Glucopyranosiduronic acid",0.0,0.0,0.5,0.6757161428435308,0.0,0.000999000999000999,0.002733238922886596,False
4761,MNP,Pericyte,17a-Ethynylestradiol,0.120793656,0.02169518098163897,0.49134555394449947,0.6757161428435308,0.0,0.003996003996003996,0.008992796112653,False
4762,MNP,Pericyte,"1b,3a,12a-Trihydroxy-5b-cholanoic acid",0.0,0.0,0.5,0.6757161428435308,0.0,0.000999000999000999,0.002733238922886596,False
4763,MNP,Pericyte,2-Hydroxychlorpropamide,0.24122041,0.025013391776298848,0.4900221409291656,0.6757161428435308,0.0,0.003996003996003996,0.008992796112653,False
4764,MNP,Pericyte,25-Hydroxycholesterol,-0.25543973,-0.04587832958660309,0.5182963867643535,0.6757161428435308,0.0,0.34665334665334663,0.3628035857653162,False
4765,MNP,Pericyte,"3',4'-Dihydrodiol",0.120793656,0.02169518098163897,0.49134555394449947,0.6757161428435308,0.0,0.003996003996003996,0.008992796112653,False
4766,MNP,Pericyte,3-Sulfodeoxycholic acid,0.0,0.0,0.5,0.6757161428435308,0.0,0.000999000999000999,0.002733238922886596,False
4767,MNP,Pericyte,"3alpha,7alpha-Dihydroxycoprostanic acid",0.0,0.0,0.5,0.6757161428435308,0.0,0.000999000999000999,0.002733238922886596,False
4768,MNP,Pericyte,3b-Hydroxy-5-cholenoic acid,0.0,0.0,0.5,0.6757161428435308,0.0,0.000999000999000999,0.002733238922886596,False
4769,MNP,Pericyte,4'-Hydroxydiclofenac,0.120793656,0.02169518098163897,0.49134555394449947,0.6757161428435308,0.0,0.003996003996003996,0.008992796112653,False
4770,MNP,Pericyte,4-Hydroxycyclophosphamide,0.120793656,0.02169518098163897,0.49134555394449947,0.6757161428435308,0.0,0.003996003996003996,0.008992796112653,False
4771,MNP,Pericyte,4-ene-Valproic acid,-0.75334764,-0.0781185107113519,0.5311331086145149,0.6757161428435308,0.0,0.011988011988011988,0.02048481266085178,False
4772,MNP,Pericyte,5-Hydroxyomeprazole,0.120793656,0.00970237989182107,0.49612937116843037,0.6757161428435308,0.0,0.003996003996003996,0.008992796112653,False
4773,MNP,Pericyte,8-Hydroxycarvedilol,0.120793656,0.02169518098163897,0.49134555394449947,0.6757161428435308,0.0,0.003996003996003996,0.008992796112653,False
4774,MNP,Pericyte,Acetate,0.12042675,0.015294212756719546,0.49389872974783117,0.6757161428435308,0.0,0.000999000999000999,0.002733238922886596,False
4775,MNP,Pericyte,Acetyl-L-Carnitine,-0.8681522,-0.1559247382973692,0.5619538272713254,0.6757161428435308,0.0,0.01098901098901099,0.01912057513717265,False
4776,MNP,Pericyte,Adenosine diphosphate ribose,0.0,0.0,0.5,0.6757161428435308,0.0,0.000999000999000999,0.002733238922886596,False
4777,MNP,Pericyte,Adenosine triphosphate,-3.819446,-0.6859927680097027,0.7536411655588768,0.774702227711282,0.0,0.07992007992007992,0.09511774885474034,False
4778,MNP,Pericyte,Amiloride-sensitive sodium transport,-0.18207245,-0.03270117660972482,0.5130435572022382,0.6757161428435308,0.0,0.002997002997002997,0.007184126848760995,False
4779,MNP,Pericyte,Anion exchange,0.51716954,0.05362798259471754,0.47861578084960416,0.6757161428435308,0.0,0.02097902097902098,0.031531192821515404,False
4780,MNP,Pericyte,Butyrate,0.12042675,0.021629283106372386,0.49137183722565864,0.6757161428435308,0.0,0.000999000999000999,0.002733238922886596,False
4781,MNP,Pericyte,Chenodeoxycholic acid,0.0,0.0,0.5,0.6757161428435308,0.0,0.000999000999000999,0.002733238922886596,False
4782,MNP,Pericyte,Chenodeoxycholic acid 3-sulfate,0.0,0.0,0.5,0.6757161428435308,0.0,0.000999000999000999,0.002733238922886596,False
4783,MNP,Pericyte,Chloride,-0.5393942,-0.09687805817522206,0.5385883830647156,0.6757161428435308,0.0,0.002997002997002997,0.007184126848760995,False
4784,MNP,Pericyte,Chloride ion,-2.1525195,-0.38660390853874077,0.6504752680287107,0.6954290759543245,0.0,0.014985014985014986,0.024255209535703617,False
4785,MNP,Pericyte,Cholesterol,0.120793656,0.012525718579866908,0.49500309193026054,0.6757161428435308,0.0,0.003996003996003996,0.008992796112653,False
4786,MNP,Pericyte,Cholic acid,0.120793656,0.012525718579866908,0.49500309193026054,0.6757161428435308,0.0,0.003996003996003996,0.008992796112653,False
4787,MNP,Pericyte,Choline,-0.8681522,-0.1559247382973692,0.5619538272713254,0.6757161428435308,0.0,0.01098901098901099,0.01912057513717265,False
4788,MNP,Pericyte,Citric acid,0.0,0.0,0.5,0.6757161428435308,0.0,0.000999000999000999,0.002733238922886596,False
4789,MNP,Pericyte,Coprocholic acid,0.0,0.0,0.5,0.6757161428435308,0.0,0.000999000999000999,0.002733238922886596,False
4790,MNP,Pericyte,Cortisol,0.120793656,0.012525718579866908,0.49500309193026054,0.6757161428435308,0.0,0.003996003996003996,0.008992796112653,False
4791,MNP,Pericyte,Creatine,-0.8681522,-0.1559247382973692,0.5619538272713254,0.6757161428435308,0.0,0.01098901098901099,0.01912057513717265,False
4792,MNP,Pericyte,D-Lactate,0.12042675,0.021629283106372386,0.49137183722565864,0.6757161428435308,0.0,0.000999000999000999,0.002733238922886596,False
4793,MNP,Pericyte,Deoxycholic acid,0.0,0.0,0.5,0.6757161428435308,0.0,0.000999000999000999,0.002733238922886596,False
4794,MNP,Pericyte,Dopamine,-0.8681522,-0.1559247382973692,0.5619538272713254,0.6757161428435308,0.0,0.01098901098901099,0.01912057513717265,False
4795,MNP,Pericyte,E-3179,0.120793656,0.02169518098163897,0.49134555394449947,0.6757161428435308,0.0,0.003996003996003996,0.008992796112653,False
4796,MNP,Pericyte,Estradiol,0.120793656,0.010847590490819485,0.49567252238210485,0.6757161428435308,0.0,0.003996003996003996,0.008992796112653,False
4797,MNP,Pericyte,Estriol,0.120793656,0.02169518098163897,0.49134555394449947,0.6757161428435308,0.0,0.003996003996003996,0.008992796112653,False
4798,MNP,Pericyte,Fatty acid,11.1092205,1.1519725029545642,0.12466618637232696,0.6757161428435308,19.775826,0.2097902097902098,0.22771016731327345,False
4799,MNP,Pericyte,Folic acid,0.0,0.0,0.5,0.6757161428435308,0.0,0.000999000999000999,0.002733238922886596,False
4800,MNP,Pericyte,Folinic acid,0.0,0.0,0.5,0.6757161428435308,0.0,0.000999000999000999,0.002733238922886596,False
4801,MNP,Pericyte,Glutathione,0.0,0.0,0.5,0.6757161428435308,0.0,0.000999000999000999,0.002733238922886596,False
4802,MNP,Pericyte,Glycerol,0.120793656,0.02169518098163897,0.49134555394449947,0.6757161428435308,0.0,0.003996003996003996,0.008992796112653,False
4803,MNP,Pericyte,Glycochenodeoxycholate-3-sulfate,0.0,0.0,0.5,0.6757161428435308,0.0,0.000999000999000999,0.002733238922886596,False
4804,MNP,Pericyte,Glycyl-glycine,0.0,0.0,0.5,0.6757161428435308,0.0,0.000999000999000999,0.002733238922886596,False
4805,MNP,Pericyte,Histamine,-0.8681522,-0.1559247382973692,0.5619538272713254,0.6757161428435308,0.0,0.01098901098901099,0.01912057513717265,False
4806,MNP,Pericyte,Hydroxylansoprazole,0.120793656,0.012525718579866908,0.49500309193026054,0.6757161428435308,0.0,0.003996003996003996,0.008992796112653,False
4807,MNP,Pericyte,Hyodeoxycholic acid,0.0,0.0,0.5,0.6757161428435308,0.0,0.000999000999000999,0.002733238922886596,False
4808,MNP,Pericyte,Iron,7.9978714,1.4364601081753698,0.07543572991046055,0.6757161428435308,67.683784,0.029970029970029972,0.04174302225675122,True
4809,MNP,Pericyte,Isoursodeoxycholic acid,0.0,0.0,0.5,0.6757161428435308,0.0,0.000999000999000999,0.002733238922886596,False
4810,MNP,Pericyte,Ketone bodies,0.12042675,0.021629283106372386,0.49137183722565864,0.6757161428435308,0.0,0.000999000999000999,0.002733238922886596,False
4811,MNP,Pericyte,L-Arginine,0.120793656,0.02169518098163897,0.49134555394449947,0.6757161428435308,0.0,0.000999000999000999,0.002733238922886596,False
4812,MNP,Pericyte,L-Carnitine,-0.8738407,-0.11097787856464213,0.5441830556473387,0.6757161428435308,0.0,0.015984015984015984,0.025433711241958142,False
4813,MNP,Pericyte,L-Cystine,0.120793656,0.02169518098163897,0.49134555394449947,0.6757161428435308,0.0,0.000999000999000999,0.002733238922886596,False
4814,MNP,Pericyte,L-Dopa,0.0,0.0,0.5,0.6757161428435308,0.0,0.000999000999000999,0.002733238922886596,False
4815,MNP,Pericyte,L-Glutamate,0.12042675,0.015294212756719546,0.49389872974783117,0.6757161428435308,0.0,0.000999000999000999,0.002733238922886596,False
4816,MNP,Pericyte,L-Lactate,0.12042675,0.021629283106372386,0.49137183722565864,0.6757161428435308,0.0,0.000999000999000999,0.002733238922886596,False
4817,MNP,Pericyte,L-Lysine,0.120793656,0.02169518098163897,0.49134555394449947,0.6757161428435308,0.0,0.000999000999000999,0.002733238922886596,False
4818,MNP,Pericyte,L-Ornithine,0.120793656,0.02169518098163897,0.49134555394449947,0.6757161428435308,0.0,0.000999000999000999,0.002733238922886596,False
4819,MNP,Pericyte,Lithocholic acid,0.0,0.0,0.5,0.6757161428435308,0.0,0.000999000999000999,0.002733238922886596,False
4820,MNP,Pericyte,N-Desmethylcitalopram,0.120793656,0.02169518098163897,0.49134555394449947,0.6757161428435308,0.0,0.003996003996003996,0.008992796112653,False
4821,MNP,Pericyte,N-Desmethyleletriptan,0.120793656,0.02169518098163897,0.49134555394449947,0.6757161428435308,0.0,0.003996003996003996,0.008992796112653,False
4822,MNP,Pericyte,N-Desmethyltamoxifen,0.120793656,0.012525718579866908,0.49500309193026054,0.6757161428435308,0.0,0.003996003996003996,0.008992796112653,False
4823,MNP,Pericyte,N-desmethylimatinib,0.120793656,0.012525718579866908,0.49500309193026054,0.6757161428435308,0.0,0.003996003996003996,0.008992796112653,False
4824,MNP,Pericyte,Neurotransmitter,0.29588282,0.053142123445158784,0.4788093345975802,0.6757161428435308,0.0,0.007992007992007992,0.015114170255481141,False
4825,MNP,Pericyte,Nicotinate,-0.75334764,-0.06765261478183753,0.526968914617825,0.6757161428435308,0.0,0.011988011988011988,0.02048481266085178,False
4826,MNP,Pericyte,Norepinephrine,-0.8681522,-0.1559247382973692,0.5619538272713254,0.6757161428435308,0.0,0.01098901098901099,0.01912057513717265,False
4827,MNP,Pericyte,O-Deethylated candesartan,0.120793656,0.02169518098163897,0.49134555394449947,0.6757161428435308,0.0,0.003996003996003996,0.008992796112653,False
4828,MNP,Pericyte,O-Desmethylverapamil (D-702),-0.7735034,-0.04393204227741584,0.5175207130472104,0.6757161428435308,0.0,0.03296703296703297,0.04551418730523208,False
4829,MNP,Pericyte,Oxalic acid,0.0,0.0,0.5,0.6757161428435308,0.0,0.000999000999000999,0.002733238922886596,False
4830,MNP,Pericyte,Phosphate,0.0,0.0,0.5,0.6757161428435308,0.0,0.000999000999000999,0.002733238922886596,False
4831,MNP,Pericyte,Progesterone,0.120793656,0.02169518098163897,0.49134555394449947,0.6757161428435308,0.0,0.003996003996003996,0.008992796112653,False
4832,MNP,Pericyte,Pyruvate,0.12042675,0.021629283106372386,0.49137183722565864,0.6757161428435308,0.0,0.000999000999000999,0.002733238922886596,False
4833,MNP,Pericyte,Sodium,-3.0206716,-0.31322905411319774,0.6229466768659677,0.6803835697654452,0.0,0.024975024975024976,0.03644001556318884,False
4834,MNP,Pericyte,Sodium_hydrogen exchange,-0.12607557,-0.01307342716359324,0.505215394280467,0.6757161428435308,0.0,0.013986013986013986,0.022891498301334367,False
4835,MNP,Pericyte,Sulfolithocholic acid,0.0,0.0,0.5,0.6757161428435308,0.0,0.000999000999000999,0.002733238922886596,False
4836,MNP,Pericyte,Taurocholic acid,0.6309296,0.037772766479581645,0.4849344290360211,0.6757161428435308,0.0,0.01098901098901099,0.01912057513717265,False
4837,MNP,Pericyte,Testosterone,0.120793656,0.010847590490819485,0.49567252238210485,0.6757161428435308,0.0,0.003996003996003996,0.008992796112653,False
4838,MNP,Pericyte,Trihydroxycoprostanoic acid,0.0,0.0,0.5,0.6757161428435308,0.0,0.000999000999000999,0.002733238922886596,False
4839,MNP,Pericyte,Ursocholic acid,0.0,0.0,0.5,0.6757161428435308,0.0,0.000999000999000999,0.002733238922886596,False
4840,MNP,Pericyte,Ursodeoxycholic acid,0.0,0.0,0.5,0.6757161428435308,0.0,0.000999000999000999,0.002733238922886596,False
4841,MNP,Pericyte,Ursodeoxycholic acid 3-sulfate,0.0,0.0,0.5,0.6757161428435308,0.0,0.000999000999000999,0.002733238922886596,False
4842,MNP,Pericyte,Varanic acid,0.0,0.0,0.5,0.6757161428435308,0.0,0.000999000999000999,0.002733238922886596,False
4843,MNP,Pericyte,Water,-0.38715664,-0.0401462729331541,0.516011744474662,0.6757161428435308,0.0,0.004995004995004995,0.010650366582569973,False
4844,MNP,Pericyte,alpha-Ketoisovaleric acid,0.12042675,0.021629283106372386,0.49137183722565864,0.6757161428435308,0.0,0.000999000999000999,0.002733238922886596,False
4845,MNP,Plasma,"(3a,5b,7a)-23-Carboxy-7-hydroxy-24-norcholan-3-yl-b-D-Glucopyranosiduronic acid",-1.7721095,-0.09339837183578445,0.5372064580238706,0.6757161428435308,0.0,0.025974025974025976,0.03748889935213937,False
4846,MNP,Plasma,17a-Ethynylestradiol,-1.2668751,-0.06677018296953631,0.5266176695187513,0.6757161428435308,0.0,0.008991008991008992,0.016702140151638085,False
4847,MNP,Plasma,"1b,3a,12a-Trihydroxy-5b-cholanoic acid",-1.7721095,-0.09339837183578445,0.5372064580238706,0.6757161428435308,0.0,0.025974025974025976,0.03748889935213937,False
4848,MNP,Plasma,2-Hydroxychlorpropamide,-2.5682163,-0.0781483340626127,0.5311449701486264,0.6757161428435308,0.0,0.017982017982017984,0.027654497092149906,False
4849,MNP,Plasma,25-Hydroxycholesterol,19.707378,1.038670040252033,0.14947910966459083,0.6757161428435308,33.559658,0.052947052947052944,0.06692865012800704,False
4850,MNP,Plasma,"3',4'-Dihydrodiol",-1.2668751,-0.06677018296953631,0.5266176695187513,0.6757161428435308,0.0,0.008991008991008992,0.016702140151638085,False
4851,MNP,Plasma,3-Sulfodeoxycholic acid,-1.7721095,-0.09339837183578445,0.5372064580238706,0.6757161428435308,0.0,0.025974025974025976,0.03748889935213937,False
4852,MNP,Plasma,"3alpha,7alpha-Dihydroxycoprostanic acid",-1.7721095,-0.09339837183578445,0.5372064580238706,0.6757161428435308,0.0,0.025974025974025976,0.03748889935213937,False
4853,MNP,Plasma,3b-Hydroxy-5-cholenoic acid,-1.7721095,-0.09339837183578445,0.5372064580238706,0.6757161428435308,0.0,0.025974025974025976,0.03748889935213937,False
4854,MNP,Plasma,4'-Hydroxydiclofenac,-1.2668751,-0.06677018296953631,0.5266176695187513,0.6757161428435308,0.0,0.008991008991008992,0.016702140151638085,False
4855,MNP,Plasma,4-Hydroxycyclophosphamide,-1.2668751,-0.06677018296953631,0.5266176695187513,0.6757161428435308,0.0,0.008991008991008992,0.016702140151638085,False
4856,MNP,Plasma,4-ene-Valproic acid,-2.5939095,-0.07893015257713919,0.5314559101183384,0.6757161428435308,0.0,0.06293706293706294,0.07768330570528373,False
4857,MNP,Plasma,5-Hydroxyomeprazole,-2.2800136,-0.05374043501187672,0.5214290165746177,0.6757161428435308,0.0,0.04695304695304695,0.06060633394924386,False
4858,MNP,Plasma,8-Hydroxycarvedilol,-1.2668751,-0.06677018296953631,0.5266176695187513,0.6757161428435308,0.0,0.008991008991008992,0.016702140151638085,False
4859,MNP,Plasma,Acetate,-15.841534,-0.5903791022266361,0.722531741102855,0.7483491934030888,20.009045,0.6423576423576424,0.6510521383225218,False
4860,MNP,Plasma,Acetyl-L-Carnitine,-1.4746426,-0.07772049099114979,0.5309748030230473,0.6757161428435308,0.0,0.05094905094905095,0.0646629399656034,False
4861,MNP,Plasma,Adenosine diphosphate ribose,-4.7682567,-0.25130919212315633,0.5992124655573096,0.6795983862910224,64.309616,0.27372627372627373,0.2919685029232257,False
4862,MNP,Plasma,Adenosine triphosphate,-3.31185,-0.17454982488671503,0.569283311443943,0.6757161428435308,40.885895,0.11488511488511488,0.13232510027968736,False
4863,MNP,Plasma,Amiloride-sensitive sodium transport,-4.5271463,-0.23860156222416443,0.5942927231831291,0.6795983862910224,0.0,0.012987012987012988,0.02170829436309107,False
4864,MNP,Plasma,Anion exchange,80.25745,2.4421563189043787,0.007299911685035516,0.46380246968558986,20.097792,0.08591408591408592,0.10133125827856748,False
4865,MNP,Plasma,Butyrate,0.048612848,0.002562122049799386,0.49897786230508495,0.6757161428435308,0.0,0.004995004995004995,0.010650366582569973,False
4866,MNP,Plasma,Chenodeoxycholic acid,-1.7721095,-0.09339837183578445,0.5372064580238706,0.6757161428435308,0.0,0.025974025974025976,0.03748889935213937,False
4867,MNP,Plasma,Chenodeoxycholic acid 3-sulfate,-1.7721095,-0.09339837183578445,0.5372064580238706,0.6757161428435308,0.0,0.025974025974025976,0.03748889935213937,False
4868,MNP,Plasma,Chloride,-3.499842,-0.18445786574265705,0.5731728608932496,0.6769644544498953,0.0,0.07392607392607392,0.08918201093114786,False
4869,MNP,Plasma,Chloride ion,-3.15015,-0.16602748604972029,0.5659323401920398,0.6757161428435308,0.0,0.07192807192807193,0.08702203739710954,False
4870,MNP,Plasma,Cholesterol,-0.63960856,-0.019462668743156292,0.5077639912872042,0.6757161428435308,0.0,0.014985014985014986,0.024255209535703617,False
4871,MNP,Plasma,Cholic acid,-2.9072802,-0.08846571945483782,0.5352467353023805,0.6757161428435308,0.0,0.04095904095904096,0.054352820175604985,False
4872,MNP,Plasma,Choline,-1.4746426,-0.07772049099114979,0.5309748030230473,0.6757161428435308,0.0,0.05094905094905095,0.0646629399656034,False
4873,MNP,Plasma,Citric acid,-15.890146,-0.8374842420092377,0.798839784568375,0.8100438892366724,20.009045,0.6413586413586414,0.6502491705586484,False
4874,MNP,Plasma,Coprocholic acid,-1.7721095,-0.09339837183578445,0.5372064580238706,0.6757161428435308,0.0,0.025974025974025976,0.03748889935213937,False
4875,MNP,Plasma,Cortisol,-0.63960856,-0.019462668743156292,0.5077639912872042,0.6757161428435308,0.0,0.014985014985014986,0.024255209535703617,False
4876,MNP,Plasma,Creatine,-1.4746426,-0.07772049099114979,0.5309748030230473,0.6757161428435308,0.0,0.05094905094905095,0.0646629399656034,False
4877,MNP,Plasma,D-Lactate,0.048612848,0.002562122049799386,0.49897786230508495,0.6757161428435308,0.0,0.004995004995004995,0.010650366582569973,False
4878,MNP,Plasma,Deoxycholic acid,-1.7721095,-0.09339837183578445,0.5372064580238706,0.6757161428435308,0.0,0.025974025974025976,0.03748889935213937,False
4879,MNP,Plasma,Dopamine,-1.4746426,-0.07772049099114979,0.5309748030230473,0.6757161428435308,0.0,0.05094905094905095,0.0646629399656034,False
4880,MNP,Plasma,E-3179,-1.2668751,-0.06677018296953631,0.5266176695187513,0.6757161428435308,0.0,0.008991008991008992,0.016702140151638085,False
4881,MNP,Plasma,Estradiol,-16.529755,-0.4355972818494726,0.6684355283691747,0.7055279691307782,20.009045,0.6423576423576424,0.6510521383225218,False
4882,MNP,Plasma,Estriol,-1.2668751,-0.06677018296953631,0.5266176695187513,0.6757161428435308,0.0,0.008991008991008992,0.016702140151638085,False
4883,MNP,Plasma,Fatty acid,20.604156,0.6269645161226323,0.26534124756232486,0.6757161428435308,99.1689,0.07892107892107893,0.09408900424821579,False
4884,MNP,Plasma,Folic acid,-2.0485897,-0.07634643069272444,0.5304282563712321,0.6757161428435308,0.0,0.03196803196803197,0.044261263719771314,False
4885,MNP,Plasma,Folinic acid,-1.7721095,-0.09339837183578445,0.5372064580238706,0.6757161428435308,0.0,0.025974025974025976,0.03748889935213937,False
4886,MNP,Plasma,Glutathione,-1.7721095,-0.09339837183578445,0.5372064580238706,0.6757161428435308,0.0,0.025974025974025976,0.03748889935213937,False
4887,MNP,Plasma,Glycerol,-1.2668751,-0.06677018296953631,0.5266176695187513,0.6757161428435308,0.0,0.008991008991008992,0.016702140151638085,False
4888,MNP,Plasma,Glycochenodeoxycholate-3-sulfate,-1.7721095,-0.09339837183578445,0.5372064580238706,0.6757161428435308,0.0,0.025974025974025976,0.03748889935213937,False
4889,MNP,Plasma,Glycyl-glycine,0.0,0.0,0.5,0.6757161428435308,0.0,0.000999000999000999,0.002733238922886596,False
4890,MNP,Plasma,Histamine,-1.4746426,-0.07772049099114979,0.5309748030230473,0.6757161428435308,0.0,0.05094905094905095,0.0646629399656034,False
4891,MNP,Plasma,Hydroxylansoprazole,-0.63960856,-0.019462668743156292,0.5077639912872042,0.6757161428435308,0.0,0.014985014985014986,0.024255209535703617,False
4892,MNP,Plasma,Hyodeoxycholic acid,-1.7721095,-0.09339837183578445,0.5372064580238706,0.6757161428435308,0.0,0.025974025974025976,0.03748889935213937,False
4893,MNP,Plasma,Iron,20.441027,1.077336700752882,0.14066493593155716,0.6757161428435308,309.21225,0.002997002997002997,0.007184126848760995,True
4894,MNP,Plasma,Isoursodeoxycholic acid,-1.7721095,-0.09339837183578445,0.5372064580238706,0.6757161428435308,0.0,0.025974025974025976,0.03748889935213937,False
4895,MNP,Plasma,Ketone bodies,0.048612848,0.002562122049799386,0.49897786230508495,0.6757161428435308,0.0,0.004995004995004995,0.010650366582569973,False
4896,MNP,Plasma,L-Arginine,1.1068594,0.05833661496130626,0.47674025132094167,0.6757161428435308,0.0,0.006993006993006993,0.013630621005892154,False
4897,MNP,Plasma,L-Carnitine,-1.2169199,-0.04535192695511165,0.5180866008690732,0.6757161428435308,0.0,0.06293706293706294,0.07768330570528373,False
4898,MNP,Plasma,L-Cystine,1.1068594,0.05833661496130626,0.47674025132094167,0.6757161428435308,0.0,0.006993006993006993,0.013630621005892154,False
4899,MNP,Plasma,L-Dopa,0.0,0.0,0.5,0.6757161428435308,0.0,0.000999000999000999,0.002733238922886596,False
4900,MNP,Plasma,L-Glutamate,-1.4800066,-0.05515658850255708,0.5219931431941494,0.6757161428435308,0.0,0.006993006993006993,0.013630621005892154,False
4901,MNP,Plasma,L-Lactate,0.048612848,0.002562122049799386,0.49897786230508495,0.6757161428435308,0.0,0.004995004995004995,0.010650366582569973,False
4902,MNP,Plasma,L-Lysine,1.1068594,0.05833661496130626,0.47674025132094167,0.6757161428435308,0.0,0.006993006993006993,0.013630621005892154,False
4903,MNP,Plasma,L-Ornithine,1.1068594,0.05833661496130626,0.47674025132094167,0.6757161428435308,0.0,0.006993006993006993,0.013630621005892154,False
4904,MNP,Plasma,Lithocholic acid,-1.7721095,-0.09339837183578445,0.5372064580238706,0.6757161428435308,0.0,0.025974025974025976,0.03748889935213937,False
4905,MNP,Plasma,N-Desmethylcitalopram,-1.2668751,-0.06677018296953631,0.5266176695187513,0.6757161428435308,0.0,0.008991008991008992,0.016702140151638085,False
4906,MNP,Plasma,N-Desmethyleletriptan,-1.2668751,-0.06677018296953631,0.5266176695187513,0.6757161428435308,0.0,0.008991008991008992,0.016702140151638085,False
4907,MNP,Plasma,N-Desmethyltamoxifen,-0.63960856,-0.019462668743156292,0.5077639912872042,0.6757161428435308,0.0,0.014985014985014986,0.024255209535703617,False
4908,MNP,Plasma,N-desmethylimatinib,-0.63960856,-0.019462668743156292,0.5077639912872042,0.6757161428435308,0.0,0.014985014985014986,0.024255209535703617,False
4909,MNP,Plasma,Neurotransmitter,0.62989604,0.033198436508028444,0.48675817246127684,0.6757161428435308,0.0,0.03196803196803197,0.044261263719771314,False
4910,MNP,Plasma,Nicotinate,-18.484055,-0.48709760684659703,0.6869054188614936,0.7194266137249602,20.009045,0.6573426573426573,0.6659180729079264,False
4911,MNP,Plasma,Norepinephrine,-1.4746426,-0.07772049099114979,0.5309748030230473,0.6757161428435308,0.0,0.05094905094905095,0.0646629399656034,False
4912,MNP,Plasma,O-Deethylated candesartan,-1.2668751,-0.06677018296953631,0.5266176695187513,0.6757161428435308,0.0,0.008991008991008992,0.016702140151638085,False
4913,MNP,Plasma,O-Desmethylverapamil (D-702),-9.644638,-0.1607439676920573,0.5638524707609162,0.6757161428435308,0.0,0.18281718281718282,0.2011756612876277,False
4914,MNP,Plasma,Oxalic acid,-15.890146,-0.8374842420092377,0.798839784568375,0.8100438892366724,20.009045,0.6413586413586414,0.6502491705586484,False
4915,MNP,Plasma,Phosphate,-1.88094,-0.09913424028571774,0.5394841569188586,0.6757161428435308,0.0,0.004995004995004995,0.010650366582569973,False
4916,MNP,Plasma,Progesterone,-1.2668751,-0.06677018296953631,0.5266176695187513,0.6757161428435308,0.0,0.008991008991008992,0.016702140151638085,False
4917,MNP,Plasma,Pyruvate,0.048612848,0.002562122049799386,0.49897786230508495,0.6757161428435308,0.0,0.004995004995004995,0.010650366582569973,False
4918,MNP,Plasma,Sodium,-3.6091022,-0.10982148412220138,0.5437245238816082,0.6757161428435308,0.0,0.13586413586413587,0.15431300371712076,False
4919,MNP,Plasma,Sodium_hydrogen exchange,-12.951544,-0.394102927674937,0.6532474751991131,0.6969481205154165,0.0,0.04595404595404595,0.059463268679479334,False
4920,MNP,Plasma,Sulfolithocholic acid,-1.7721095,-0.09339837183578445,0.5372064580238706,0.6757161428435308,0.0,0.025974025974025976,0.03748889935213937,False
4921,MNP,Plasma,Taurocholic acid,-16.91837,-0.2972254514578101,0.6168528040225001,0.6800205699783143,20.009045,0.6613386613386614,0.6698583220322352,False
4922,MNP,Plasma,Testosterone,-2.0894237,-0.05506114792885205,0.521955125687244,0.6757161428435308,0.0,0.03696303696303696,0.050226291315079385,False
4923,MNP,Plasma,Trihydroxycoprostanoic acid,-1.7721095,-0.09339837183578445,0.5372064580238706,0.6757161428435308,0.0,0.025974025974025976,0.03748889935213937,False
4924,MNP,Plasma,Ursocholic acid,-1.7721095,-0.09339837183578445,0.5372064580238706,0.6757161428435308,0.0,0.025974025974025976,0.03748889935213937,False
4925,MNP,Plasma,Ursodeoxycholic acid,-1.7721095,-0.09339837183578445,0.5372064580238706,0.6757161428435308,0.0,0.025974025974025976,0.03748889935213937,False
4926,MNP,Plasma,Ursodeoxycholic acid 3-sulfate,-1.7721095,-0.09339837183578445,0.5372064580238706,0.6757161428435308,0.0,0.025974025974025976,0.03748889935213937,False
4927,MNP,Plasma,Varanic acid,-1.7721095,-0.09339837183578445,0.5372064580238706,0.6757161428435308,0.0,0.025974025974025976,0.03748889935213937,False
4928,MNP,Plasma,Water,-6.668984,-0.20293071875313787,0.5804054081504131,0.6777806646174732,0.0,0.04295704295704296,0.05616291835373108,False
4929,MNP,Plasma,alpha-Ketoisovaleric acid,0.048612848,0.002562122049799386,0.49897786230508495,0.6757161428435308,0.0,0.004995004995004995,0.010650366582569973,False
4930,MNP,T,"(3a,5b,7a)-23-Carboxy-7-hydroxy-24-norcholan-3-yl-b-D-Glucopyranosiduronic acid",-1.2186397,-0.12310120255733709,0.5489865204892453,0.6757161428435308,0.0,0.03996003996003996,0.05324055313464337,False
4931,MNP,T,17a-Ethynylestradiol,-0.3042803,-0.03073695302816772,0.5122603395896117,0.6757161428435308,0.0,0.015984015984015984,0.025433711241958142,False
4932,MNP,T,"1b,3a,12a-Trihydroxy-5b-cholanoic acid",-1.2186397,-0.12310120255733709,0.5489865204892453,0.6757161428435308,0.0,0.03996003996003996,0.05324055313464337,False
4933,MNP,T,2-Hydroxychlorpropamide,-1.1302446,-0.06591720441974705,0.5262781283868009,0.6757161428435308,0.0,0.023976023976023976,0.03535971648515611,False
4934,MNP,T,25-Hydroxycholesterol,-6.0677085,-0.6129311173076744,0.7300390565151773,0.7553784611746118,17.366154,0.36363636363636365,0.3797563883899597,False
4935,MNP,T,"3',4'-Dihydrodiol",-0.3042803,-0.03073695302816772,0.5122603395896117,0.6757161428435308,0.0,0.015984015984015984,0.025433711241958142,False
4936,MNP,T,3-Sulfodeoxycholic acid,-1.2186397,-0.12310120255733709,0.5489865204892453,0.6757161428435308,0.0,0.03996003996003996,0.05324055313464337,False
4937,MNP,T,"3alpha,7alpha-Dihydroxycoprostanic acid",-1.2186397,-0.12310120255733709,0.5489865204892453,0.6757161428435308,0.0,0.03996003996003996,0.05324055313464337,False
4938,MNP,T,3b-Hydroxy-5-cholenoic acid,-1.2186397,-0.12310120255733709,0.5489865204892453,0.6757161428435308,0.0,0.03996003996003996,0.05324055313464337,False
4939,MNP,T,4'-Hydroxydiclofenac,-0.3042803,-0.03073695302816772,0.5122603395896117,0.6757161428435308,0.0,0.015984015984015984,0.025433711241958142,False
4940,MNP,T,4-Hydroxycyclophosphamide,-0.3042803,-0.03073695302816772,0.5122603395896117,0.6757161428435308,0.0,0.015984015984015984,0.025433711241958142,False
4941,MNP,T,4-ene-Valproic acid,-0.880667,-0.05136154078044415,0.5204812848431304,0.6757161428435308,0.0,0.054945054945054944,0.06925939791671254,False
4942,MNP,T,5-Hydroxyomeprazole,-0.49629036,-0.02242011293550476,0.5089435817094257,0.6757161428435308,0.0,0.06293706293706294,0.07768330570528373,False
4943,MNP,T,8-Hydroxycarvedilol,-0.3042803,-0.03073695302816772,0.5122603395896117,0.6757161428435308,0.0,0.015984015984015984,0.025433711241958142,False
4944,MNP,T,Acetate,5.2713633,0.376525947025844,0.3532629646925039,0.6757161428435308,21.642918,0.3146853146853147,0.33116456907656505,False
4945,MNP,T,Acetyl-L-Carnitine,-1.4064084,-0.14206870533813207,0.5564871315348243,0.6757161428435308,0.0,0.03996003996003996,0.05324055313464337,False
4946,MNP,T,Adenosine diphosphate ribose,-2.4361675,-0.2460900777424143,0.5971937481225674,0.6795983862910224,0.0,0.11288711288711288,0.1301668084436187,False
4947,MNP,T,Adenosine triphosphate,12.392132,1.2517943475671316,0.10532240517090036,0.6757161428435308,16.714626,0.3276723276723277,0.3440258623032784,False
4948,MNP,T,Amiloride-sensitive sodium transport,0.54436713,0.05498938461575676,0.47807346042352483,0.6757161428435308,0.0,0.006993006993006993,0.013630621005892154,False
4949,MNP,T,Anion exchange,-0.45625424,-0.026609287866990575,0.5106143173814014,0.6757161428435308,0.0,0.16283716283716285,0.18125035467098818,False
4950,MNP,T,Butyrate,0.07147285,0.0072198484750807075,0.4971197222082154,0.6757161428435308,0.0,0.008991008991008992,0.016702140151638085,False
4951,MNP,T,Chenodeoxycholic acid,-1.2186397,-0.12310120255733709,0.5489865204892453,0.6757161428435308,0.0,0.03996003996003996,0.05324055313464337,False
4952,MNP,T,Chenodeoxycholic acid 3-sulfate,-1.2186397,-0.12310120255733709,0.5489865204892453,0.6757161428435308,0.0,0.03996003996003996,0.05324055313464337,False
4953,MNP,T,Chloride,-0.4806549,-0.048553476554446216,0.519362426732502,0.6757161428435308,0.0,0.02197802197802198,0.03289121062140334,False
4954,MNP,T,Chloride ion,-1.1514488,-0.11631389815705614,0.5462981143808974,0.6757161428435308,0.0,0.057942057942057944,0.07247077837652505,False
4955,MNP,T,Cholesterol,0.41367924,0.02412626334309006,0.4903759471493646,0.6757161428435308,0.0,0.017982017982017984,0.027654497092149906,False
4956,MNP,T,Cholic acid,-1.2142498,-0.07081648931152457,0.5282280958998911,0.6757161428435308,0.0,0.061938061938061936,0.07654035551874451,False
4957,MNP,T,Choline,-1.4064084,-0.14206870533813207,0.5564871315348243,0.6757161428435308,0.0,0.03996003996003996,0.05324055313464337,False
4958,MNP,T,Citric acid,5.1998906,0.5252682734676657,0.29969835466853784,0.6757161428435308,21.642918,0.3096903096903097,0.3261262427510544,False
4959,MNP,T,Coprocholic acid,-1.2186397,-0.12310120255733709,0.5489865204892453,0.6757161428435308,0.0,0.03996003996003996,0.05324055313464337,False
4960,MNP,T,Cortisol,0.41367924,0.02412626334309006,0.4903759471493646,0.6757161428435308,0.0,0.017982017982017984,0.027654497092149906,False
4961,MNP,T,Creatine,-1.4064084,-0.14206870533813207,0.5564871315348243,0.6757161428435308,0.0,0.03996003996003996,0.05324055313464337,False
4962,MNP,T,D-Lactate,0.07147285,0.0072198484750807075,0.4971197222082154,0.6757161428435308,0.0,0.008991008991008992,0.016702140151638085,False
4963,MNP,T,Deoxycholic acid,-1.2186397,-0.12310120255733709,0.5489865204892453,0.6757161428435308,0.0,0.03996003996003996,0.05324055313464337,False
4964,MNP,T,Dopamine,-1.4064084,-0.14206870533813207,0.5564871315348243,0.6757161428435308,0.0,0.03996003996003996,0.05324055313464337,False
4965,MNP,T,E-3179,-0.3042803,-0.03073695302816772,0.5122603395896117,0.6757161428435308,0.0,0.015984015984015984,0.025433711241958142,False
4966,MNP,T,Estradiol,5.6135697,0.2835280876663638,0.38838602688794693,0.6757161428435308,21.642918,0.3166833166833167,0.33287734992280443,False
4967,MNP,T,Estriol,-0.3042803,-0.03073695302816772,0.5122603395896117,0.6757161428435308,0.0,0.015984015984015984,0.025433711241958142,False
4968,MNP,T,Fatty acid,4.896302,0.28555814460258344,0.38760828241012485,0.6757161428435308,24.483559,0.4385614385614386,0.45281540521199093,False
4969,MNP,T,Folic acid,-0.79806876,-0.05700491155896868,0.5227293586763695,0.6757161428435308,0.0,0.04195804195804196,0.05543290987525392,False
4970,MNP,T,Folinic acid,-1.2186397,-0.12310120255733709,0.5489865204892453,0.6757161428435308,0.0,0.03996003996003996,0.05324055313464337,False
4971,MNP,T,Glutathione,-1.2186397,-0.12310120255733709,0.5489865204892453,0.6757161428435308,0.0,0.03996003996003996,0.05324055313464337,False
4972,MNP,T,Glycerol,-0.3042803,-0.03073695302816772,0.5122603395896117,0.6757161428435308,0.0,0.015984015984015984,0.025433711241958142,False
4973,MNP,T,Glycochenodeoxycholate-3-sulfate,-1.2186397,-0.12310120255733709,0.5489865204892453,0.6757161428435308,0.0,0.03996003996003996,0.05324055313464337,False
4974,MNP,T,Glycyl-glycine,0.0,0.0,0.5,0.6757161428435308,0.0,0.000999000999000999,0.002733238922886596,False
4975,MNP,T,Histamine,-1.4064084,-0.14206870533813207,0.5564871315348243,0.6757161428435308,0.0,0.03996003996003996,0.05324055313464337,False
4976,MNP,T,Hydroxylansoprazole,0.41367924,0.02412626334309006,0.4903759471493646,0.6757161428435308,0.0,0.017982017982017984,0.027654497092149906,False
4977,MNP,T,Hyodeoxycholic acid,-1.2186397,-0.12310120255733709,0.5489865204892453,0.6757161428435308,0.0,0.03996003996003996,0.05324055313464337,False
4978,MNP,T,Iron,-1.2211602,-0.12335580564821304,0.54908732414861,0.6757161428435308,42.29704,0.3086913086913087,0.3251831069617035,False
4979,MNP,T,Isoursodeoxycholic acid,-1.2186397,-0.12310120255733709,0.5489865204892453,0.6757161428435308,0.0,0.03996003996003996,0.05324055313464337,False
4980,MNP,T,Ketone bodies,0.07147285,0.0072198484750807075,0.4971197222082154,0.6757161428435308,0.0,0.008991008991008992,0.016702140151638085,False
4981,MNP,T,L-Arginine,-0.47865966,-0.04835192731437794,0.5192821145475696,0.6757161428435308,0.0,0.000999000999000999,0.002733238922886596,False
4982,MNP,T,L-Carnitine,-4.522379,-0.32302706582205637,0.6266626278061866,0.6819956866227408,0.0,0.04795204795204795,0.061416897091912365,False
4983,MNP,T,L-Cystine,-0.47865966,-0.04835192731437794,0.5192821145475696,0.6757161428435308,0.0,0.000999000999000999,0.002733238922886596,False
4984,MNP,T,L-Dopa,0.0,0.0,0.5,0.6757161428435308,0.0,0.000999000999000999,0.002733238922886596,False
4985,MNP,T,L-Glutamate,0.24317023,0.017369302255766734,0.493070999355628,0.6757161428435308,0.0,0.008991008991008992,0.016702140151638085,False
4986,MNP,T,L-Lactate,0.07147285,0.0072198484750807075,0.4971197222082154,0.6757161428435308,0.0,0.008991008991008992,0.016702140151638085,False
4987,MNP,T,L-Lysine,-0.47865966,-0.04835192731437794,0.5192821145475696,0.6757161428435308,0.0,0.000999000999000999,0.002733238922886596,False
4988,MNP,T,L-Ornithine,-0.47865966,-0.04835192731437794,0.5192821145475696,0.6757161428435308,0.0,0.000999000999000999,0.002733238922886596,False
4989,MNP,T,Lithocholic acid,-1.2186397,-0.12310120255733709,0.5489865204892453,0.6757161428435308,0.0,0.03996003996003996,0.05324055313464337,False
4990,MNP,T,N-Desmethylcitalopram,-0.3042803,-0.03073695302816772,0.5122603395896117,0.6757161428435308,0.0,0.015984015984015984,0.025433711241958142,False
4991,MNP,T,N-Desmethyleletriptan,-0.3042803,-0.03073695302816772,0.5122603395896117,0.6757161428435308,0.0,0.015984015984015984,0.025433711241958142,False
4992,MNP,T,N-Desmethyltamoxifen,0.41367924,0.02412626334309006,0.4903759471493646,0.6757161428435308,0.0,0.017982017982017984,0.027654497092149906,False
4993,MNP,T,N-desmethylimatinib,0.41367924,0.02412626334309006,0.4903759471493646,0.6757161428435308,0.0,0.017982017982017984,0.027654497092149906,False
4994,MNP,T,Neurotransmitter,0.42057097,0.04248408350876477,0.4830563999073216,0.6757161428435308,0.0,0.003996003996003996,0.008992796112653,False
4995,MNP,T,Nicotinate,4.319224,0.21815374968241452,0.41365465978351956,0.6757161428435308,21.642918,0.3276723276723277,0.3440258623032784,False
4996,MNP,T,Norepinephrine,-1.4064084,-0.14206870533813207,0.5564871315348243,0.6757161428435308,0.0,0.03996003996003996,0.05324055313464337,False
4997,MNP,T,O-Deethylated candesartan,-0.3042803,-0.03073695302816772,0.5122603395896117,0.6757161428435308,0.0,0.015984015984015984,0.025433711241958142,False
4998,MNP,T,O-Desmethylverapamil (D-702),-1.0438834,-0.03334563341233348,0.513300518112286,0.6757161428435308,0.0,0.14785214785214784,0.16681435156771476,False
4999,MNP,T,Oxalic acid,5.1998906,0.5252682734676657,0.29969835466853784,0.6757161428435308,21.642918,0.3096903096903097,0.3261262427510544,False
5000,MNP,T,Phosphate,0.34339476,0.034688108687964396,0.48616422155722916,0.6757161428435308,0.0,0.003996003996003996,0.008992796112653,False
5001,MNP,T,Progesterone,-0.3042803,-0.03073695302816772,0.5122603395896117,0.6757161428435308,0.0,0.015984015984015984,0.025433711241958142,False
5002,MNP,T,Pyruvate,0.07147285,0.0072198484750807075,0.4971197222082154,0.6757161428435308,0.0,0.008991008991008992,0.016702140151638085,False
5003,MNP,T,Sodium,-2.4870157,-0.14504570253630006,0.5576626060521516,0.6757161428435308,0.0,0.10589410589410589,0.12235009663371162,False
5004,MNP,T,Sodium_hydrogen exchange,0.13332835,0.007775867186276999,0.4968979090735009,0.6757161428435308,0.0,0.05094905094905095,0.0646629399656034,False
5005,MNP,T,Sulfolithocholic acid,-1.2186397,-0.12310120255733709,0.5489865204892453,0.6757161428435308,0.0,0.03996003996003996,0.05324055313464337,False
5006,MNP,T,Taurocholic acid,3.2990391,0.11108442557143489,0.45577469944684784,0.6757161428435308,21.642918,0.35064935064935066,0.3666807008452894,False
5007,MNP,T,Testosterone,0.757074,0.03823801129749147,0.4847489572061159,0.6757161428435308,0.0,0.02197802197802198,0.03289121062140334,False
5008,MNP,T,Trihydroxycoprostanoic acid,-1.2186397,-0.12310120255733709,0.5489865204892453,0.6757161428435308,0.0,0.03996003996003996,0.05324055313464337,False
5009,MNP,T,Ursocholic acid,-1.2186397,-0.12310120255733709,0.5489865204892453,0.6757161428435308,0.0,0.03996003996003996,0.05324055313464337,False
5010,MNP,T,Ursodeoxycholic acid,-1.2186397,-0.12310120255733709,0.5489865204892453,0.6757161428435308,0.0,0.03996003996003996,0.05324055313464337,False
5011,MNP,T,Ursodeoxycholic acid 3-sulfate,-1.2186397,-0.12310120255733709,0.5489865204892453,0.6757161428435308,0.0,0.03996003996003996,0.05324055313464337,False
5012,MNP,T,Varanic acid,-1.2186397,-0.12310120255733709,0.5489865204892453,0.6757161428435308,0.0,0.03996003996003996,0.05324055313464337,False
5013,MNP,T,Water,0.83214176,0.04853149281764355,0.48064633318269423,0.6757161428435308,0.0,0.008991008991008992,0.016702140151638085,False
5014,MNP,T,alpha-Ketoisovaleric acid,0.07147285,0.0072198484750807075,0.4971197222082154,0.6757161428435308,0.0,0.008991008991008992,0.016702140151638085,False
5015,Muscularis_mucosa,Muscularis_mucosa,"(3a,5b,7a)-23-Carboxy-7-hydroxy-24-norcholan-3-yl-b-D-Glucopyranosiduronic acid",-1.364716,-0.11659556104972606,0.5464097222491262,0.6757161428435308,0.0,0.000999000999000999,0.002733238922886596,False
5016,Muscularis_mucosa,Muscularis_mucosa,17a-Ethynylestradiol,-0.08231708,-0.007032822477409315,0.5028056671084511,0.6757161428435308,0.0,0.04395604395604396,0.057231114983133206,False
5017,Muscularis_mucosa,Muscularis_mucosa,"1b,3a,12a-Trihydroxy-5b-cholanoic acid",-1.364716,-0.11659556104972606,0.5464097222491262,0.6757161428435308,0.0,0.000999000999000999,0.002733238922886596,False
5018,Muscularis_mucosa,Muscularis_mucosa,2-Hydroxychlorpropamide,-0.08231708,-0.004060401950495119,0.5016198615624028,0.6757161428435308,0.0,0.04395604395604396,0.057231114983133206,False
5019,Muscularis_mucosa,Muscularis_mucosa,25-Hydroxycholesterol,1.1020044,0.09415059055269803,0.4624947666882197,0.6757161428435308,0.0,0.00999000999000999,0.017922750381392707,False
5020,Muscularis_mucosa,Muscularis_mucosa,"3',4'-Dihydrodiol",-0.08231708,-0.007032822477409315,0.5028056671084511,0.6757161428435308,0.0,0.04395604395604396,0.057231114983133206,False
5021,Muscularis_mucosa,Muscularis_mucosa,3-Sulfodeoxycholic acid,-1.364716,-0.11659556104972606,0.5464097222491262,0.6757161428435308,0.0,0.000999000999000999,0.002733238922886596,False
5022,Muscularis_mucosa,Muscularis_mucosa,"3alpha,7alpha-Dihydroxycoprostanic acid",-1.364716,-0.11659556104972606,0.5464097222491262,0.6757161428435308,0.0,0.000999000999000999,0.002733238922886596,False
5023,Muscularis_mucosa,Muscularis_mucosa,3b-Hydroxy-5-cholenoic acid,-1.364716,-0.11659556104972606,0.5464097222491262,0.6757161428435308,0.0,0.000999000999000999,0.002733238922886596,False
5024,Muscularis_mucosa,Muscularis_mucosa,4'-Hydroxydiclofenac,-0.08231708,-0.007032822477409315,0.5028056671084511,0.6757161428435308,0.0,0.04395604395604396,0.057231114983133206,False
5025,Muscularis_mucosa,Muscularis_mucosa,4-Hydroxycyclophosphamide,-0.08231708,-0.007032822477409315,0.5028056671084511,0.6757161428435308,0.0,0.04395604395604396,0.057231114983133206,False
5026,Muscularis_mucosa,Muscularis_mucosa,4-ene-Valproic acid,0.36733478,0.018119288619960712,0.49277184519178696,0.6757161428435308,0.0,0.000999000999000999,0.002733238922886596,False
5027,Muscularis_mucosa,Muscularis_mucosa,5-Hydroxyomeprazole,-5.2126794,-0.199166241616217,0.5789336471673998,0.6774522894097766,0.0,0.07892107892107893,0.09408900424821579,False
5028,Muscularis_mucosa,Muscularis_mucosa,8-Hydroxycarvedilol,-0.08231708,-0.007032822477409315,0.5028056671084511,0.6757161428435308,0.0,0.04395604395604396,0.057231114983133206,False
5029,Muscularis_mucosa,Muscularis_mucosa,Acetate,-0.8951269,-0.05407659240676196,0.5215629292465649,0.6757161428435308,0.0,0.057942057942057944,0.07247077837652505,False
5030,Muscularis_mucosa,Muscularis_mucosa,Acetyl-L-Carnitine,0.36733478,0.03138352848677652,0.487481838522326,0.6757161428435308,0.0,0.000999000999000999,0.002733238922886596,False
5031,Muscularis_mucosa,Muscularis_mucosa,Adenosine diphosphate ribose,0.9390977,0.08023253134778292,0.4680261586393971,0.6757161428435308,0.0,0.03896103896103896,0.05229725460199212,False
5032,Muscularis_mucosa,Muscularis_mucosa,Adenosine triphosphate,0.12769839,0.01091000988064614,0.4956476221218854,0.6757161428435308,0.0,0.023976023976023976,0.03535971648515611,False
5033,Muscularis_mucosa,Muscularis_mucosa,Amiloride-sensitive sodium transport,0.36733478,0.03138352848677652,0.487481838522326,0.6757161428435308,0.0,0.000999000999000999,0.002733238922886596,False
5034,Muscularis_mucosa,Muscularis_mucosa,Anion exchange,-3.2633612,-0.16096973785369426,0.5639413822614573,0.6757161428435308,0.0,0.054945054945054944,0.06925939791671254,False
5035,Muscularis_mucosa,Muscularis_mucosa,Butyrate,0.0,0.0,0.5,0.6757161428435308,0.0,0.000999000999000999,0.002733238922886596,False
5036,Muscularis_mucosa,Muscularis_mucosa,Chenodeoxycholic acid,-1.364716,-0.11659556104972606,0.5464097222491262,0.6757161428435308,0.0,0.000999000999000999,0.002733238922886596,False
5037,Muscularis_mucosa,Muscularis_mucosa,Chenodeoxycholic acid 3-sulfate,-1.364716,-0.11659556104972606,0.5464097222491262,0.6757161428435308,0.0,0.000999000999000999,0.002733238922886596,False
5038,Muscularis_mucosa,Muscularis_mucosa,Chloride,1.836674,0.1569176475262511,0.43765487572148914,0.6757161428435308,0.0,0.03296703296703297,0.04551418730523208,False
5039,Muscularis_mucosa,Muscularis_mucosa,Chloride ion,-0.947747,-0.08097149002882355,0.5322676871516623,0.6757161428435308,0.0,0.0989010989010989,0.11507360563964338,False
5040,Muscularis_mucosa,Muscularis_mucosa,Cholesterol,-2.3328571,-0.11507135624069885,0.5458057182659559,0.6757161428435308,0.0,0.06893106893106893,0.08389636679110363,False
5041,Muscularis_mucosa,Muscularis_mucosa,Cholic acid,-2.9621391,-0.14611154808913554,0.5580833349010668,0.6757161428435308,0.0,0.054945054945054944,0.06925939791671254,False
5042,Muscularis_mucosa,Muscularis_mucosa,Choline,0.36733478,0.03138352848677652,0.487481838522326,0.6757161428435308,0.0,0.000999000999000999,0.002733238922886596,False
5043,Muscularis_mucosa,Muscularis_mucosa,Citric acid,-0.8951269,-0.07647585038856468,0.5304797368516265,0.6757161428435308,0.0,0.057942057942057944,0.07247077837652505,False
5044,Muscularis_mucosa,Muscularis_mucosa,Coprocholic acid,-1.364716,-0.11659556104972606,0.5464097222491262,0.6757161428435308,0.0,0.000999000999000999,0.002733238922886596,False
5045,Muscularis_mucosa,Muscularis_mucosa,Cortisol,-2.3328571,-0.11507135624069885,0.5458057182659559,0.6757161428435308,0.0,0.06893106893106893,0.08389636679110363,False
5046,Muscularis_mucosa,Muscularis_mucosa,Creatine,0.36733478,0.03138352848677652,0.487481838522326,0.6757161428435308,0.0,0.000999000999000999,0.002733238922886596,False
5047,Muscularis_mucosa,Muscularis_mucosa,D-Lactate,0.0,0.0,0.5,0.6757161428435308,0.0,0.000999000999000999,0.002733238922886596,False
5048,Muscularis_mucosa,Muscularis_mucosa,Deoxycholic acid,-1.364716,-0.11659556104972606,0.5464097222491262,0.6757161428435308,0.0,0.000999000999000999,0.002733238922886596,False
5049,Muscularis_mucosa,Muscularis_mucosa,Dopamine,0.36733478,0.03138352848677652,0.487481838522326,0.6757161428435308,0.0,0.000999000999000999,0.002733238922886596,False
5050,Muscularis_mucosa,Muscularis_mucosa,E-3179,-0.08231708,-0.007032822477409315,0.5028056671084511,0.6757161428435308,0.0,0.04395604395604396,0.057231114983133206,False
5051,Muscularis_mucosa,Muscularis_mucosa,Estradiol,-3.227984,-0.1378926404004723,0.5548373665230494,0.6757161428435308,0.0,0.11988011988011989,0.13767499617417456,False
5052,Muscularis_mucosa,Muscularis_mucosa,Estriol,-0.08231708,-0.007032822477409315,0.5028056671084511,0.6757161428435308,0.0,0.04395604395604396,0.057231114983133206,False
5053,Muscularis_mucosa,Muscularis_mucosa,Fatty acid,-20.522415,-1.0122960868778748,0.8443017473480187,0.8508809659564867,0.0,0.6783216783216783,0.6861761589970018,False
5054,Muscularis_mucosa,Muscularis_mucosa,Folic acid,-2.6300464,-0.15888691171772848,0.5631210136824913,0.6757161428435308,0.0,0.000999000999000999,0.002733238922886596,False
5055,Muscularis_mucosa,Muscularis_mucosa,Folinic acid,-1.364716,-0.11659556104972606,0.5464097222491262,0.6757161428435308,0.0,0.000999000999000999,0.002733238922886596,False
5056,Muscularis_mucosa,Muscularis_mucosa,Glutathione,-1.364716,-0.11659556104972606,0.5464097222491262,0.6757161428435308,0.0,0.000999000999000999,0.002733238922886596,False
5057,Muscularis_mucosa,Muscularis_mucosa,Glycerol,-0.08231708,-0.007032822477409315,0.5028056671084511,0.6757161428435308,0.0,0.04395604395604396,0.057231114983133206,False
5058,Muscularis_mucosa,Muscularis_mucosa,Glycochenodeoxycholate-3-sulfate,-1.364716,-0.11659556104972606,0.5464097222491262,0.6757161428435308,0.0,0.000999000999000999,0.002733238922886596,False
5059,Muscularis_mucosa,Muscularis_mucosa,Glycyl-glycine,0.0,0.0,0.5,0.6757161428435308,0.0,0.000999000999000999,0.002733238922886596,False
5060,Muscularis_mucosa,Muscularis_mucosa,Histamine,0.36733478,0.03138352848677652,0.487481838522326,0.6757161428435308,0.0,0.000999000999000999,0.002733238922886596,False
5061,Muscularis_mucosa,Muscularis_mucosa,Hydroxylansoprazole,-2.3328571,-0.11507135624069885,0.5458057182659559,0.6757161428435308,0.0,0.06893106893106893,0.08389636679110363,False
5062,Muscularis_mucosa,Muscularis_mucosa,Hyodeoxycholic acid,-1.364716,-0.11659556104972606,0.5464097222491262,0.6757161428435308,0.0,0.000999000999000999,0.002733238922886596,False
5063,Muscularis_mucosa,Muscularis_mucosa,Iron,0.15713,0.013424522129914499,0.49464455138653174,0.6757161428435308,0.0,0.059940059940059943,0.07418791362120761,False
5064,Muscularis_mucosa,Muscularis_mucosa,Isoursodeoxycholic acid,-1.364716,-0.11659556104972606,0.5464097222491262,0.6757161428435308,0.0,0.000999000999000999,0.002733238922886596,False
5065,Muscularis_mucosa,Muscularis_mucosa,Ketone bodies,0.0,0.0,0.5,0.6757161428435308,0.0,0.000999000999000999,0.002733238922886596,False
5066,Muscularis_mucosa,Muscularis_mucosa,L-Arginine,0.73466957,0.06276705697355305,0.4749759994248673,0.6757161428435308,0.0,0.003996003996003996,0.008992796112653,False
5067,Muscularis_mucosa,Muscularis_mucosa,L-Carnitine,0.7343224,0.04436204028075421,0.48230790965534254,0.6757161428435308,0.0,0.004995004995004995,0.010650366582569973,False
5068,Muscularis_mucosa,Muscularis_mucosa,L-Cystine,0.73466957,0.06276705697355305,0.4749759994248673,0.6757161428435308,0.0,0.003996003996003996,0.008992796112653,False
5069,Muscularis_mucosa,Muscularis_mucosa,L-Dopa,0.0,0.0,0.5,0.6757161428435308,0.0,0.000999000999000999,0.002733238922886596,False
5070,Muscularis_mucosa,Muscularis_mucosa,L-Glutamate,0.0,0.0,0.5,0.6757161428435308,0.0,0.000999000999000999,0.002733238922886596,False
5071,Muscularis_mucosa,Muscularis_mucosa,L-Lactate,0.0,0.0,0.5,0.6757161428435308,0.0,0.000999000999000999,0.002733238922886596,False
5072,Muscularis_mucosa,Muscularis_mucosa,L-Lysine,0.73466957,0.06276705697355305,0.4749759994248673,0.6757161428435308,0.0,0.003996003996003996,0.008992796112653,False
5073,Muscularis_mucosa,Muscularis_mucosa,L-Ornithine,0.73466957,0.06276705697355305,0.4749759994248673,0.6757161428435308,0.0,0.003996003996003996,0.008992796112653,False
5074,Muscularis_mucosa,Muscularis_mucosa,Lithocholic acid,-1.364716,-0.11659556104972606,0.5464097222491262,0.6757161428435308,0.0,0.000999000999000999,0.002733238922886596,False
5075,Muscularis_mucosa,Muscularis_mucosa,N-Desmethylcitalopram,-0.08231708,-0.007032822477409315,0.5028056671084511,0.6757161428435308,0.0,0.04395604395604396,0.057231114983133206,False
5076,Muscularis_mucosa,Muscularis_mucosa,N-Desmethyleletriptan,-0.08231708,-0.007032822477409315,0.5028056671084511,0.6757161428435308,0.0,0.04395604395604396,0.057231114983133206,False
5077,Muscularis_mucosa,Muscularis_mucosa,N-Desmethyltamoxifen,-2.3328571,-0.11507135624069885,0.5458057182659559,0.6757161428435308,0.0,0.06893106893106893,0.08389636679110363,False
5078,Muscularis_mucosa,Muscularis_mucosa,N-desmethylimatinib,-2.3328571,-0.11507135624069885,0.5458057182659559,0.6757161428435308,0.0,0.06893106893106893,0.08389636679110363,False
5079,Muscularis_mucosa,Muscularis_mucosa,Neurotransmitter,-0.8979956,-0.07672094099065414,0.5305772274312244,0.6757161428435308,0.0,0.012987012987012988,0.02170829436309107,False
5080,Muscularis_mucosa,Muscularis_mucosa,Nicotinate,-0.5277921,-0.022546160950894078,0.508993854884156,0.6757161428435308,0.0,0.057942057942057944,0.07247077837652505,False
5081,Muscularis_mucosa,Muscularis_mucosa,Norepinephrine,0.36733478,0.03138352848677652,0.487481838522326,0.6757161428435308,0.0,0.000999000999000999,0.002733238922886596,False
5082,Muscularis_mucosa,Muscularis_mucosa,O-Deethylated candesartan,-0.08231708,-0.007032822477409315,0.5028056671084511,0.6757161428435308,0.0,0.04395604395604396,0.057231114983133206,False
5083,Muscularis_mucosa,Muscularis_mucosa,O-Desmethylverapamil (D-702),-5.375597,-0.1452333714936656,0.5577366906954853,0.6757161428435308,0.0,0.10589410589410589,0.12235009663371162,False
5084,Muscularis_mucosa,Muscularis_mucosa,Oxalic acid,-0.8951269,-0.07647585038856468,0.5304797368516265,0.6757161428435308,0.0,0.057942057942057944,0.07247077837652505,False
5085,Muscularis_mucosa,Muscularis_mucosa,Phosphate,0.0,0.0,0.5,0.6757161428435308,0.0,0.000999000999000999,0.002733238922886596,False
5086,Muscularis_mucosa,Muscularis_mucosa,Progesterone,-0.08231708,-0.007032822477409315,0.5028056671084511,0.6757161428435308,0.0,0.04395604395604396,0.057231114983133206,False
5087,Muscularis_mucosa,Muscularis_mucosa,Pyruvate,0.0,0.0,0.5,0.6757161428435308,0.0,0.000999000999000999,0.002733238922886596,False
5088,Muscularis_mucosa,Muscularis_mucosa,Sodium,-0.31700987,-0.01563694353585663,0.5062379836992729,0.6757161428435308,0.0,0.11888111888111888,0.1365775776734681,False
5089,Muscularis_mucosa,Muscularis_mucosa,Sodium_hydrogen exchange,-6.245481,-0.30806685966331865,0.620984271090317,0.6802284449633014,0.0,0.013986013986013986,0.022891498301334367,False
5090,Muscularis_mucosa,Muscularis_mucosa,Sulfolithocholic acid,-1.364716,-0.11659556104972606,0.5464097222491262,0.6757161428435308,0.0,0.000999000999000999,0.002733238922886596,False
5091,Muscularis_mucosa,Muscularis_mucosa,Taurocholic acid,-6.107806,-0.17394170012440166,0.5690443599156035,0.6757161428435308,0.0,0.12987012987012986,0.14814710135711223,False
5092,Muscularis_mucosa,Muscularis_mucosa,Testosterone,-2.5981874,-0.11098906705906726,0.5441874918057001,0.6757161428435308,0.0,0.07692307692307693,0.09189860471911754,False
5093,Muscularis_mucosa,Muscularis_mucosa,Trihydroxycoprostanoic acid,-1.364716,-0.11659556104972606,0.5464097222491262,0.6757161428435308,0.0,0.000999000999000999,0.002733238922886596,False
5094,Muscularis_mucosa,Muscularis_mucosa,Ursocholic acid,-1.364716,-0.11659556104972606,0.5464097222491262,0.6757161428435308,0.0,0.000999000999000999,0.002733238922886596,False
5095,Muscularis_mucosa,Muscularis_mucosa,Ursodeoxycholic acid,-1.364716,-0.11659556104972606,0.5464097222491262,0.6757161428435308,0.0,0.000999000999000999,0.002733238922886596,False
5096,Muscularis_mucosa,Muscularis_mucosa,Ursodeoxycholic acid 3-sulfate,-1.364716,-0.11659556104972606,0.5464097222491262,0.6757161428435308,0.0,0.000999000999000999,0.002733238922886596,False
5097,Muscularis_mucosa,Muscularis_mucosa,Varanic acid,-1.364716,-0.11659556104972606,0.5464097222491262,0.6757161428435308,0.0,0.000999000999000999,0.002733238922886596,False
5098,Muscularis_mucosa,Muscularis_mucosa,Water,-8.87929,-0.43798305770398277,0.6693007174771451,0.7058648604560565,0.0,0.04195804195804196,0.05543290987525392,False
5099,Muscularis_mucosa,Muscularis_mucosa,alpha-Ketoisovaleric acid,0.0,0.0,0.5,0.6757161428435308,0.0,0.000999000999000999,0.002733238922886596,False
5100,Muscularis_mucosa,Myofibroblast,"(3a,5b,7a)-23-Carboxy-7-hydroxy-24-norcholan-3-yl-b-D-Glucopyranosiduronic acid",0.26988956,0.034555817614209255,0.48621696643823054,0.6757161428435308,0.0,0.000999000999000999,0.002733238922886596,False
5101,Muscularis_mucosa,Myofibroblast,17a-Ethynylestradiol,-2.135599,-0.2734354196795954,0.6077407355894565,0.679830913543959,0.0,0.01998001998001998,0.030239250643485482,False
5102,Muscularis_mucosa,Myofibroblast,"1b,3a,12a-Trihydroxy-5b-cholanoic acid",0.26988956,0.034555817614209255,0.48621696643823054,0.6757161428435308,0.0,0.000999000999000999,0.002733238922886596,False
5103,Muscularis_mucosa,Myofibroblast,2-Hydroxychlorpropamide,-2.135599,-0.1578680131579927,0.5627195981249741,0.6757161428435308,0.0,0.01998001998001998,0.030239250643485482,False
5104,Muscularis_mucosa,Myofibroblast,25-Hydroxycholesterol,1.0226735,0.13093992255049797,0.44791141645787197,0.6757161428435308,0.0,0.03196803196803197,0.044261263719771314,False
5105,Muscularis_mucosa,Myofibroblast,"3',4'-Dihydrodiol",-2.135599,-0.2734354196795954,0.6077407355894565,0.679830913543959,0.0,0.01998001998001998,0.030239250643485482,False
5106,Muscularis_mucosa,Myofibroblast,3-Sulfodeoxycholic acid,0.26988956,0.034555817614209255,0.48621696643823054,0.6757161428435308,0.0,0.000999000999000999,0.002733238922886596,False
5107,Muscularis_mucosa,Myofibroblast,"3alpha,7alpha-Dihydroxycoprostanic acid",0.26988956,0.034555817614209255,0.48621696643823054,0.6757161428435308,0.0,0.000999000999000999,0.002733238922886596,False
5108,Muscularis_mucosa,Myofibroblast,3b-Hydroxy-5-cholenoic acid,0.26988956,0.034555817614209255,0.48621696643823054,0.6757161428435308,0.0,0.000999000999000999,0.002733238922886596,False
5109,Muscularis_mucosa,Myofibroblast,4'-Hydroxydiclofenac,-2.135599,-0.2734354196795954,0.6077407355894565,0.679830913543959,0.0,0.01998001998001998,0.030239250643485482,False
5110,Muscularis_mucosa,Myofibroblast,4-Hydroxycyclophosphamide,-2.135599,-0.2734354196795954,0.6077407355894565,0.679830913543959,0.0,0.01998001998001998,0.030239250643485482,False
5111,Muscularis_mucosa,Myofibroblast,4-ene-Valproic acid,0.24104646,0.017818666939871143,0.49289175652962985,0.6757161428435308,0.0,0.002997002997002997,0.007184126848760995,False
5112,Muscularis_mucosa,Myofibroblast,5-Hydroxyomeprazole,-1.6731415,-0.09580380242286678,0.5381618013214827,0.6757161428435308,0.0,0.028971028971028972,0.040621438303114626,False
5113,Muscularis_mucosa,Myofibroblast,8-Hydroxycarvedilol,-2.135599,-0.2734354196795954,0.6077407355894565,0.679830913543959,0.0,0.01998001998001998,0.030239250643485482,False
5114,Muscularis_mucosa,Myofibroblast,Acetate,-13.059676,-1.1823675251562589,0.8814700485047161,0.8864023349471885,0.0,0.059940059940059943,0.07418791362120761,False
5115,Muscularis_mucosa,Myofibroblast,Acetyl-L-Carnitine,0.24104646,0.030862836463004674,0.4876894640005086,0.6757161428435308,0.0,0.002997002997002997,0.007184126848760995,False
5116,Muscularis_mucosa,Myofibroblast,Adenosine diphosphate ribose,0.0,0.0,0.5,0.6757161428435308,0.0,0.000999000999000999,0.002733238922886596,False
5117,Muscularis_mucosa,Myofibroblast,Adenosine triphosphate,0.6801859,0.08708888220793688,0.4653004312606771,0.6757161428435308,0.0,0.015984015984015984,0.025433711241958142,False
5118,Muscularis_mucosa,Myofibroblast,Amiloride-sensitive sodium transport,0.34089118,0.04364664339403024,0.48259303552465427,0.6757161428435308,0.0,0.003996003996003996,0.008992796112653,False
5119,Muscularis_mucosa,Myofibroblast,Anion exchange,2.4777014,0.18315695968427786,0.42733743211404157,0.6757161428435308,0.0,0.05194805194805195,0.06578482922352462,False
5120,Muscularis_mucosa,Myofibroblast,Butyrate,0.0,0.0,0.5,0.6757161428435308,0.0,0.000999000999000999,0.002733238922886596,False
5121,Muscularis_mucosa,Myofibroblast,Chenodeoxycholic acid,0.26988956,0.034555817614209255,0.48621696643823054,0.6757161428435308,0.0,0.000999000999000999,0.002733238922886596,False
5122,Muscularis_mucosa,Myofibroblast,Chenodeoxycholic acid 3-sulfate,0.26988956,0.034555817614209255,0.48621696643823054,0.6757161428435308,0.0,0.000999000999000999,0.002733238922886596,False
5123,Muscularis_mucosa,Myofibroblast,Chloride,0.93356895,0.11953125613226954,0.4524272393647465,0.6757161428435308,0.0,0.024975024975024976,0.03644001556318884,False
5124,Muscularis_mucosa,Myofibroblast,Chloride ion,0.98303676,0.12586495916359894,0.4499194102865191,0.6757161428435308,0.0,0.022977022977022976,0.034070126007891215,False
5125,Muscularis_mucosa,Myofibroblast,Cholesterol,-2.135599,-0.1578680131579927,0.5627195981249741,0.6757161428435308,0.0,0.01998001998001998,0.030239250643485482,False
5126,Muscularis_mucosa,Myofibroblast,Cholic acid,-1.6731414,-0.12368216828349866,0.5492165345550962,0.6757161428435308,0.0,0.028971028971028972,0.040621438303114626,False
5127,Muscularis_mucosa,Myofibroblast,Choline,0.24104646,0.030862836463004674,0.4876894640005086,0.6757161428435308,0.0,0.002997002997002997,0.007184126848760995,False
5128,Muscularis_mucosa,Myofibroblast,Citric acid,-13.059676,-1.6721201897854931,0.9527496879344127,0.9567042683760306,0.0,0.059940059940059943,0.07418791362120761,False
5129,Muscularis_mucosa,Myofibroblast,Coprocholic acid,0.26988956,0.034555817614209255,0.48621696643823054,0.6757161428435308,0.0,0.000999000999000999,0.002733238922886596,False
5130,Muscularis_mucosa,Myofibroblast,Cortisol,-2.135599,-0.1578680131579927,0.5627195981249741,0.6757161428435308,0.0,0.01998001998001998,0.030239250643485482,False
5131,Muscularis_mucosa,Myofibroblast,Creatine,0.24104646,0.030862836463004674,0.4876894640005086,0.6757161428435308,0.0,0.002997002997002997,0.007184126848760995,False
5132,Muscularis_mucosa,Myofibroblast,D-Lactate,0.0,0.0,0.5,0.6757161428435308,0.0,0.000999000999000999,0.002733238922886596,False
5133,Muscularis_mucosa,Myofibroblast,Deoxycholic acid,0.26988956,0.034555817614209255,0.48621696643823054,0.6757161428435308,0.0,0.000999000999000999,0.002733238922886596,False
5134,Muscularis_mucosa,Myofibroblast,Dopamine,0.24104646,0.030862836463004674,0.4876894640005086,0.6757161428435308,0.0,0.002997002997002997,0.007184126848760995,False
5135,Muscularis_mucosa,Myofibroblast,E-3179,-2.135599,-0.2734354196795954,0.6077407355894565,0.679830913543959,0.0,0.01998001998001998,0.030239250643485482,False
5136,Muscularis_mucosa,Myofibroblast,Estradiol,-15.195275,-0.9727778199957298,0.8346681307326469,0.8414910309838675,0.0,0.07792207792207792,0.09296848826439115,False
5137,Muscularis_mucosa,Myofibroblast,Estriol,-2.135599,-0.2734354196795954,0.6077407355894565,0.679830913543959,0.0,0.01998001998001998,0.030239250643485482,False
5138,Muscularis_mucosa,Myofibroblast,Fatty acid,-1.1527712,-0.08521530170960759,0.5339548870873478,0.6757161428435308,20.255054,0.25874125874125875,0.2770183008480881,False
5139,Muscularis_mucosa,Myofibroblast,Folic acid,0.26988956,0.024434652964452904,0.490252953751201,0.6757161428435308,0.0,0.000999000999000999,0.002733238922886596,False
5140,Muscularis_mucosa,Myofibroblast,Folinic acid,0.26988956,0.034555817614209255,0.48621696643823054,0.6757161428435308,0.0,0.000999000999000999,0.002733238922886596,False
5141,Muscularis_mucosa,Myofibroblast,Glutathione,0.26988956,0.034555817614209255,0.48621696643823054,0.6757161428435308,0.0,0.000999000999000999,0.002733238922886596,False
5142,Muscularis_mucosa,Myofibroblast,Glycerol,-2.135599,-0.2734354196795954,0.6077407355894565,0.679830913543959,0.0,0.01998001998001998,0.030239250643485482,False
5143,Muscularis_mucosa,Myofibroblast,Glycochenodeoxycholate-3-sulfate,0.26988956,0.034555817614209255,0.48621696643823054,0.6757161428435308,0.0,0.000999000999000999,0.002733238922886596,False
5144,Muscularis_mucosa,Myofibroblast,Glycyl-glycine,0.0,0.0,0.5,0.6757161428435308,0.0,0.000999000999000999,0.002733238922886596,False
5145,Muscularis_mucosa,Myofibroblast,Histamine,0.24104646,0.030862836463004674,0.4876894640005086,0.6757161428435308,0.0,0.002997002997002997,0.007184126848760995,False
5146,Muscularis_mucosa,Myofibroblast,Hydroxylansoprazole,-2.135599,-0.1578680131579927,0.5627195981249741,0.6757161428435308,0.0,0.01998001998001998,0.030239250643485482,False
5147,Muscularis_mucosa,Myofibroblast,Hyodeoxycholic acid,0.26988956,0.034555817614209255,0.48621696643823054,0.6757161428435308,0.0,0.000999000999000999,0.002733238922886596,False
5148,Muscularis_mucosa,Myofibroblast,Iron,-1.7120955,-0.2192113658440692,0.5867572989332474,0.6795983862910224,0.0,0.03696303696303696,0.050226291315079385,False
5149,Muscularis_mucosa,Myofibroblast,Isoursodeoxycholic acid,0.26988956,0.034555817614209255,0.48621696643823054,0.6757161428435308,0.0,0.000999000999000999,0.002733238922886596,False
5150,Muscularis_mucosa,Myofibroblast,Ketone bodies,0.0,0.0,0.5,0.6757161428435308,0.0,0.000999000999000999,0.002733238922886596,False
5151,Muscularis_mucosa,Myofibroblast,L-Arginine,0.0,0.0,0.5,0.6757161428435308,0.0,0.000999000999000999,0.002733238922886596,False
5152,Muscularis_mucosa,Myofibroblast,L-Carnitine,0.48190373,0.043629513881266145,0.482599862708002,0.6757161428435308,0.0,0.003996003996003996,0.008992796112653,False
5153,Muscularis_mucosa,Myofibroblast,L-Cystine,0.0,0.0,0.5,0.6757161428435308,0.0,0.000999000999000999,0.002733238922886596,False
5154,Muscularis_mucosa,Myofibroblast,L-Dopa,0.0,0.0,0.5,0.6757161428435308,0.0,0.000999000999000999,0.002733238922886596,False
5155,Muscularis_mucosa,Myofibroblast,L-Glutamate,0.0,0.0,0.5,0.6757161428435308,0.0,0.000999000999000999,0.002733238922886596,False
5156,Muscularis_mucosa,Myofibroblast,L-Lactate,0.0,0.0,0.5,0.6757161428435308,0.0,0.000999000999000999,0.002733238922886596,False
5157,Muscularis_mucosa,Myofibroblast,L-Lysine,0.0,0.0,0.5,0.6757161428435308,0.0,0.000999000999000999,0.002733238922886596,False
5158,Muscularis_mucosa,Myofibroblast,L-Ornithine,0.0,0.0,0.5,0.6757161428435308,0.0,0.000999000999000999,0.002733238922886596,False
5159,Muscularis_mucosa,Myofibroblast,Lithocholic acid,0.26988956,0.034555817614209255,0.48621696643823054,0.6757161428435308,0.0,0.000999000999000999,0.002733238922886596,False
5160,Muscularis_mucosa,Myofibroblast,N-Desmethylcitalopram,-2.135599,-0.2734354196795954,0.6077407355894565,0.679830913543959,0.0,0.01998001998001998,0.030239250643485482,False
5161,Muscularis_mucosa,Myofibroblast,N-Desmethyleletriptan,-2.135599,-0.2734354196795954,0.6077407355894565,0.679830913543959,0.0,0.01998001998001998,0.030239250643485482,False
5162,Muscularis_mucosa,Myofibroblast,N-Desmethyltamoxifen,-2.135599,-0.1578680131579927,0.5627195981249741,0.6757161428435308,0.0,0.01998001998001998,0.030239250643485482,False
5163,Muscularis_mucosa,Myofibroblast,N-desmethylimatinib,-2.135599,-0.1578680131579927,0.5627195981249741,0.6757161428435308,0.0,0.01998001998001998,0.030239250643485482,False
5164,Muscularis_mucosa,Myofibroblast,Neurotransmitter,-2.922013,-0.37412543332273146,0.6458445013058068,0.6917013303615741,0.0,0.022977022977022976,0.034070126007891215,False
5165,Muscularis_mucosa,Myofibroblast,Nicotinate,-12.818629,-0.8206286480427715,0.7940710877743871,0.8055979261453056,0.0,0.061938061938061936,0.07654035551874451,False
5166,Muscularis_mucosa,Myofibroblast,Norepinephrine,0.24104646,0.030862836463004674,0.4876894640005086,0.6757161428435308,0.0,0.002997002997002997,0.007184126848760995,False
5167,Muscularis_mucosa,Myofibroblast,O-Deethylated candesartan,-2.135599,-0.2734354196795954,0.6077407355894565,0.679830913543959,0.0,0.01998001998001998,0.030239250643485482,False
5168,Muscularis_mucosa,Myofibroblast,O-Desmethylverapamil (D-702),-0.16634083,-0.006734943260485493,0.5026868333104787,0.6757161428435308,0.0,0.04895104895104895,0.06263264806796133,False
5169,Muscularis_mucosa,Myofibroblast,Oxalic acid,-13.059676,-1.6721201897854931,0.9527496879344127,0.9567042683760306,0.0,0.059940059940059943,0.07418791362120761,False
5170,Muscularis_mucosa,Myofibroblast,Phosphate,0.0,0.0,0.5,0.6757161428435308,0.0,0.000999000999000999,0.002733238922886596,False
5171,Muscularis_mucosa,Myofibroblast,Progesterone,-2.135599,-0.2734354196795954,0.6077407355894565,0.679830913543959,0.0,0.01998001998001998,0.030239250643485482,False
5172,Muscularis_mucosa,Myofibroblast,Pyruvate,0.0,0.0,0.5,0.6757161428435308,0.0,0.000999000999000999,0.002733238922886596,False
5173,Muscularis_mucosa,Myofibroblast,Sodium,1.2240832,0.09048683279146519,0.4639501784689996,0.6757161428435308,0.0,0.024975024975024976,0.03644001556318884,False
5174,Muscularis_mucosa,Myofibroblast,Sodium_hydrogen exchange,0.96418583,0.07127466775948457,0.47158957807093527,0.6757161428435308,0.0,0.004995004995004995,0.010650366582569973,False
5175,Muscularis_mucosa,Myofibroblast,Sulfolithocholic acid,0.26988956,0.034555817614209255,0.48621696643823054,0.6757161428435308,0.0,0.000999000999000999,0.002733238922886596,False
5176,Muscularis_mucosa,Myofibroblast,Taurocholic acid,-14.290049,-0.6098844122455152,0.7290308105062251,0.7545834783748816,0.0,0.0899100899100899,0.1055495456391313,False
5177,Muscularis_mucosa,Myofibroblast,Testosterone,-1.653506,-0.1058548771925894,0.5421512521857388,0.6757161428435308,0.0,0.030969030969030968,0.04302014240176784,False
5178,Muscularis_mucosa,Myofibroblast,Trihydroxycoprostanoic acid,0.26988956,0.034555817614209255,0.48621696643823054,0.6757161428435308,0.0,0.000999000999000999,0.002733238922886596,False
5179,Muscularis_mucosa,Myofibroblast,Ursocholic acid,0.26988956,0.034555817614209255,0.48621696643823054,0.6757161428435308,0.0,0.000999000999000999,0.002733238922886596,False
5180,Muscularis_mucosa,Myofibroblast,Ursodeoxycholic acid,0.26988956,0.034555817614209255,0.48621696643823054,0.6757161428435308,0.0,0.000999000999000999,0.002733238922886596,False
5181,Muscularis_mucosa,Myofibroblast,Ursodeoxycholic acid 3-sulfate,0.26988956,0.034555817614209255,0.48621696643823054,0.6757161428435308,0.0,0.000999000999000999,0.002733238922886596,False
5182,Muscularis_mucosa,Myofibroblast,Varanic acid,0.26988956,0.034555817614209255,0.48621696643823054,0.6757161428435308,0.0,0.000999000999000999,0.002733238922886596,False
5183,Muscularis_mucosa,Myofibroblast,Water,-1.2849102,-0.09498329526044282,0.5378359523115852,0.6757161428435308,0.0,0.02197802197802198,0.03289121062140334,False
5184,Muscularis_mucosa,Myofibroblast,alpha-Ketoisovaleric acid,0.0,0.0,0.5,0.6757161428435308,0.0,0.000999000999000999,0.002733238922886596,False
5185,Muscularis_mucosa,Pericyte,"(3a,5b,7a)-23-Carboxy-7-hydroxy-24-norcholan-3-yl-b-D-Glucopyranosiduronic acid",0.0,0.0,0.5,0.6757161428435308,0.0,0.000999000999000999,0.002733238922886596,False
5186,Muscularis_mucosa,Pericyte,17a-Ethynylestradiol,0.2708588,0.051187500752248025,0.47958805587155384,0.6757161428435308,0.0,0.006993006993006993,0.013630621005892154,False
5187,Muscularis_mucosa,Pericyte,"1b,3a,12a-Trihydroxy-5b-cholanoic acid",0.0,0.0,0.5,0.6757161428435308,0.0,0.000999000999000999,0.002733238922886596,False
5188,Muscularis_mucosa,Pericyte,2-Hydroxychlorpropamide,0.54107964,0.05903662878761274,0.47646146671181494,0.6757161428435308,0.0,0.012987012987012988,0.02170829436309107,False
5189,Muscularis_mucosa,Pericyte,25-Hydroxycholesterol,0.57238865,0.1081712870353828,0.4569299104554471,0.6757161428435308,0.0,0.012987012987012988,0.02170829436309107,False
5190,Muscularis_mucosa,Pericyte,"3',4'-Dihydrodiol",0.2708588,0.051187500752248025,0.47958805587155384,0.6757161428435308,0.0,0.006993006993006993,0.013630621005892154,False
5191,Muscularis_mucosa,Pericyte,3-Sulfodeoxycholic acid,0.0,0.0,0.5,0.6757161428435308,0.0,0.000999000999000999,0.002733238922886596,False
5192,Muscularis_mucosa,Pericyte,"3alpha,7alpha-Dihydroxycoprostanic acid",0.0,0.0,0.5,0.6757161428435308,0.0,0.000999000999000999,0.002733238922886596,False
5193,Muscularis_mucosa,Pericyte,3b-Hydroxy-5-cholenoic acid,0.0,0.0,0.5,0.6757161428435308,0.0,0.000999000999000999,0.002733238922886596,False
5194,Muscularis_mucosa,Pericyte,4'-Hydroxydiclofenac,0.2708588,0.051187500752248025,0.47958805587155384,0.6757161428435308,0.0,0.006993006993006993,0.013630621005892154,False
5195,Muscularis_mucosa,Pericyte,4-Hydroxycyclophosphamide,0.2708588,0.051187500752248025,0.47958805587155384,0.6757161428435308,0.0,0.006993006993006993,0.013630621005892154,False
5196,Muscularis_mucosa,Pericyte,4-ene-Valproic acid,-0.25814262,-0.02816566899366581,0.5112349907355098,0.6757161428435308,0.0,0.002997002997002997,0.007184126848760995,False
5197,Muscularis_mucosa,Pericyte,5-Hydroxyomeprazole,0.2708588,0.022891746256069642,0.4908683121027137,0.6757161428435308,0.0,0.006993006993006993,0.013630621005892154,False
5198,Muscularis_mucosa,Pericyte,8-Hydroxycarvedilol,0.2708588,0.051187500752248025,0.47958805587155384,0.6757161428435308,0.0,0.006993006993006993,0.013630621005892154,False
5199,Muscularis_mucosa,Pericyte,Acetate,0.0,0.0,0.5,0.6757161428435308,0.0,0.000999000999000999,0.002733238922886596,False
5200,Muscularis_mucosa,Pericyte,Acetyl-L-Carnitine,-0.25814262,-0.04878436972619655,0.5194544307529061,0.6757161428435308,0.0,0.002997002997002997,0.007184126848760995,False
5201,Muscularis_mucosa,Pericyte,Adenosine diphosphate ribose,0.0,0.0,0.5,0.6757161428435308,0.0,0.000999000999000999,0.002733238922886596,False
5202,Muscularis_mucosa,Pericyte,Adenosine triphosphate,-0.85987157,-0.1625004517052721,0.5645441137027408,0.6757161428435308,0.0,0.024975024975024976,0.03644001556318884,False
5203,Muscularis_mucosa,Pericyte,Amiloride-sensitive sodium transport,0.12113173,0.022891745825336554,0.49086831227450634,0.6757161428435308,0.0,0.000999000999000999,0.002733238922886596,False
5204,Muscularis_mucosa,Pericyte,Anion exchange,-3.091944,-0.3373587459413588,0.6320767601952998,0.6835905814354256,0.0,0.017982017982017984,0.027654497092149906,False
5205,Muscularis_mucosa,Pericyte,Butyrate,0.0,0.0,0.5,0.6757161428435308,0.0,0.000999000999000999,0.002733238922886596,False
5206,Muscularis_mucosa,Pericyte,Chenodeoxycholic acid,0.0,0.0,0.5,0.6757161428435308,0.0,0.000999000999000999,0.002733238922886596,False
5207,Muscularis_mucosa,Pericyte,Chenodeoxycholic acid 3-sulfate,0.0,0.0,0.5,0.6757161428435308,0.0,0.000999000999000999,0.002733238922886596,False
5208,Muscularis_mucosa,Pericyte,Chloride,0.2708588,0.051187500752248025,0.47958805587155384,0.6757161428435308,0.0,0.007992007992007992,0.015114170255481141,False
5209,Muscularis_mucosa,Pericyte,Chloride ion,0.05361122,0.010131568054995847,0.4959581582844962,0.6757161428435308,0.0,0.02097902097902098,0.031531192821515404,False
5210,Muscularis_mucosa,Pericyte,Cholesterol,0.2708588,0.029553117338454574,0.4882117279544223,0.6757161428435308,0.0,0.006993006993006993,0.013630621005892154,False
5211,Muscularis_mucosa,Pericyte,Cholic acid,0.2708588,0.029553117338454574,0.4882117279544223,0.6757161428435308,0.0,0.006993006993006993,0.013630621005892154,False
5212,Muscularis_mucosa,Pericyte,Choline,-0.25814262,-0.04878436972619655,0.5194544307529061,0.6757161428435308,0.0,0.002997002997002997,0.007184126848760995,False
5213,Muscularis_mucosa,Pericyte,Citric acid,0.0,0.0,0.5,0.6757161428435308,0.0,0.000999000999000999,0.002733238922886596,False
5214,Muscularis_mucosa,Pericyte,Coprocholic acid,0.0,0.0,0.5,0.6757161428435308,0.0,0.000999000999000999,0.002733238922886596,False
5215,Muscularis_mucosa,Pericyte,Cortisol,0.2708588,0.029553117338454574,0.4882117279544223,0.6757161428435308,0.0,0.006993006993006993,0.013630621005892154,False
5216,Muscularis_mucosa,Pericyte,Creatine,-0.25814262,-0.04878436972619655,0.5194544307529061,0.6757161428435308,0.0,0.002997002997002997,0.007184126848760995,False
5217,Muscularis_mucosa,Pericyte,D-Lactate,0.0,0.0,0.5,0.6757161428435308,0.0,0.000999000999000999,0.002733238922886596,False
5218,Muscularis_mucosa,Pericyte,Deoxycholic acid,0.0,0.0,0.5,0.6757161428435308,0.0,0.000999000999000999,0.002733238922886596,False
5219,Muscularis_mucosa,Pericyte,Dopamine,-0.25814262,-0.04878436972619655,0.5194544307529061,0.6757161428435308,0.0,0.002997002997002997,0.007184126848760995,False
5220,Muscularis_mucosa,Pericyte,E-3179,0.2708588,0.051187500752248025,0.47958805587155384,0.6757161428435308,0.0,0.006993006993006993,0.013630621005892154,False
5221,Muscularis_mucosa,Pericyte,Estradiol,0.2708588,0.025593750376124012,0.48979068545808907,0.6757161428435308,0.0,0.006993006993006993,0.013630621005892154,False
5222,Muscularis_mucosa,Pericyte,Estriol,0.2708588,0.051187500752248025,0.47958805587155384,0.6757161428435308,0.0,0.006993006993006993,0.013630621005892154,False
5223,Muscularis_mucosa,Pericyte,Fatty acid,-1.0695513,-0.1166976194046834,0.5464501615865558,0.6757161428435308,0.0,0.2837162837162837,0.3009402065051306,False
5224,Muscularis_mucosa,Pericyte,Folic acid,0.0,0.0,0.5,0.6757161428435308,0.0,0.000999000999000999,0.002733238922886596,False
5225,Muscularis_mucosa,Pericyte,Folinic acid,0.0,0.0,0.5,0.6757161428435308,0.0,0.000999000999000999,0.002733238922886596,False
5226,Muscularis_mucosa,Pericyte,Glutathione,0.0,0.0,0.5,0.6757161428435308,0.0,0.000999000999000999,0.002733238922886596,False
5227,Muscularis_mucosa,Pericyte,Glycerol,0.2708588,0.051187500752248025,0.47958805587155384,0.6757161428435308,0.0,0.006993006993006993,0.013630621005892154,False
5228,Muscularis_mucosa,Pericyte,Glycochenodeoxycholate-3-sulfate,0.0,0.0,0.5,0.6757161428435308,0.0,0.000999000999000999,0.002733238922886596,False
5229,Muscularis_mucosa,Pericyte,Glycyl-glycine,0.0,0.0,0.5,0.6757161428435308,0.0,0.000999000999000999,0.002733238922886596,False
5230,Muscularis_mucosa,Pericyte,Histamine,-0.25814262,-0.04878436972619655,0.5194544307529061,0.6757161428435308,0.0,0.002997002997002997,0.007184126848760995,False
5231,Muscularis_mucosa,Pericyte,Hydroxylansoprazole,0.2708588,0.029553117338454574,0.4882117279544223,0.6757161428435308,0.0,0.006993006993006993,0.013630621005892154,False
5232,Muscularis_mucosa,Pericyte,Hyodeoxycholic acid,0.0,0.0,0.5,0.6757161428435308,0.0,0.000999000999000999,0.002733238922886596,False
5233,Muscularis_mucosa,Pericyte,Iron,-0.9496915,-0.1794748188286032,0.571217556022,0.6761306788442566,0.0,0.06593406593406594,0.08059177511179066,False
5234,Muscularis_mucosa,Pericyte,Isoursodeoxycholic acid,0.0,0.0,0.5,0.6757161428435308,0.0,0.000999000999000999,0.002733238922886596,False
5235,Muscularis_mucosa,Pericyte,Ketone bodies,0.0,0.0,0.5,0.6757161428435308,0.0,0.000999000999000999,0.002733238922886596,False
5236,Muscularis_mucosa,Pericyte,L-Arginine,0.17130615,0.0323738190084266,0.48708697047276606,0.6757161428435308,0.0,0.004995004995004995,0.010650366582569973,False
5237,Muscularis_mucosa,Pericyte,L-Carnitine,-0.51607263,-0.06896310612330292,0.5274905066993473,0.6757161428435308,0.0,0.005994005994005994,0.012076328540133793,False
5238,Muscularis_mucosa,Pericyte,L-Cystine,0.17130615,0.0323738190084266,0.48708697047276606,0.6757161428435308,0.0,0.004995004995004995,0.010650366582569973,False
5239,Muscularis_mucosa,Pericyte,L-Dopa,0.0,0.0,0.5,0.6757161428435308,0.0,0.000999000999000999,0.002733238922886596,False
5240,Muscularis_mucosa,Pericyte,L-Glutamate,0.0,0.0,0.5,0.6757161428435308,0.0,0.000999000999000999,0.002733238922886596,False
5241,Muscularis_mucosa,Pericyte,L-Lactate,0.0,0.0,0.5,0.6757161428435308,0.0,0.000999000999000999,0.002733238922886596,False
5242,Muscularis_mucosa,Pericyte,L-Lysine,0.17130615,0.0323738190084266,0.48708697047276606,0.6757161428435308,0.0,0.004995004995004995,0.010650366582569973,False
5243,Muscularis_mucosa,Pericyte,L-Ornithine,0.17130615,0.0323738190084266,0.48708697047276606,0.6757161428435308,0.0,0.004995004995004995,0.010650366582569973,False
5244,Muscularis_mucosa,Pericyte,Lithocholic acid,0.0,0.0,0.5,0.6757161428435308,0.0,0.000999000999000999,0.002733238922886596,False
5245,Muscularis_mucosa,Pericyte,N-Desmethylcitalopram,0.2708588,0.051187500752248025,0.47958805587155384,0.6757161428435308,0.0,0.006993006993006993,0.013630621005892154,False
5246,Muscularis_mucosa,Pericyte,N-Desmethyleletriptan,0.2708588,0.051187500752248025,0.47958805587155384,0.6757161428435308,0.0,0.006993006993006993,0.013630621005892154,False
5247,Muscularis_mucosa,Pericyte,N-Desmethyltamoxifen,0.2708588,0.029553117338454574,0.4882117279544223,0.6757161428435308,0.0,0.006993006993006993,0.013630621005892154,False
5248,Muscularis_mucosa,Pericyte,N-desmethylimatinib,0.2708588,0.029553117338454574,0.4882117279544223,0.6757161428435308,0.0,0.006993006993006993,0.013630621005892154,False
5249,Muscularis_mucosa,Pericyte,Neurotransmitter,-0.06605355,-0.01248294703453133,0.5049798460258569,0.6757161428435308,0.0,0.006993006993006993,0.013630621005892154,False
5250,Muscularis_mucosa,Pericyte,Nicotinate,-0.25814262,-0.024392184863098274,0.5097301089757883,0.6757161428435308,0.0,0.002997002997002997,0.007184126848760995,False
5251,Muscularis_mucosa,Pericyte,Norepinephrine,-0.25814262,-0.04878436972619655,0.5194544307529061,0.6757161428435308,0.0,0.002997002997002997,0.007184126848760995,False
5252,Muscularis_mucosa,Pericyte,O-Deethylated candesartan,0.2708588,0.051187500752248025,0.47958805587155384,0.6757161428435308,0.0,0.006993006993006993,0.013630621005892154,False
5253,Muscularis_mucosa,Pericyte,O-Desmethylverapamil (D-702),-1.1877197,-0.07097982842809263,0.52829309521289,0.6757161428435308,0.0,0.028971028971028972,0.040621438303114626,False
5254,Muscularis_mucosa,Pericyte,Oxalic acid,0.0,0.0,0.5,0.6757161428435308,0.0,0.000999000999000999,0.002733238922886596,False
5255,Muscularis_mucosa,Pericyte,Phosphate,0.0,0.0,0.5,0.6757161428435308,0.0,0.000999000999000999,0.002733238922886596,False
5256,Muscularis_mucosa,Pericyte,Progesterone,0.2708588,0.051187500752248025,0.47958805587155384,0.6757161428435308,0.0,0.006993006993006993,0.013630621005892154,False
5257,Muscularis_mucosa,Pericyte,Pyruvate,0.0,0.0,0.5,0.6757161428435308,0.0,0.000999000999000999,0.002733238922886596,False
5258,Muscularis_mucosa,Pericyte,Sodium,-0.2045314,-0.022316205449800945,0.5089021389890561,0.6757161428435308,0.0,0.022977022977022976,0.034070126007891215,False
5259,Muscularis_mucosa,Pericyte,Sodium_hydrogen exchange,0.58487576,0.06381517746737975,0.4745586965103731,0.6757161428435308,0.0,0.013986013986013986,0.022891498301334367,False
5260,Muscularis_mucosa,Pericyte,Sulfolithocholic acid,0.0,0.0,0.5,0.6757161428435308,0.0,0.000999000999000999,0.002733238922886596,False
5261,Muscularis_mucosa,Pericyte,Taurocholic acid,-4.147518,-0.261269085811528,0.6030574976183213,0.6795983862910224,0.0,0.017982017982017984,0.027654497092149906,False
5262,Muscularis_mucosa,Pericyte,Testosterone,0.2708588,0.025593750376124012,0.48979068545808907,0.6757161428435308,0.0,0.006993006993006993,0.013630621005892154,False
5263,Muscularis_mucosa,Pericyte,Trihydroxycoprostanoic acid,0.0,0.0,0.5,0.6757161428435308,0.0,0.000999000999000999,0.002733238922886596,False
5264,Muscularis_mucosa,Pericyte,Ursocholic acid,0.0,0.0,0.5,0.6757161428435308,0.0,0.000999000999000999,0.002733238922886596,False
5265,Muscularis_mucosa,Pericyte,Ursodeoxycholic acid,0.0,0.0,0.5,0.6757161428435308,0.0,0.000999000999000999,0.002733238922886596,False
5266,Muscularis_mucosa,Pericyte,Ursodeoxycholic acid 3-sulfate,0.0,0.0,0.5,0.6757161428435308,0.0,0.000999000999000999,0.002733238922886596,False
5267,Muscularis_mucosa,Pericyte,Varanic acid,0.0,0.0,0.5,0.6757161428435308,0.0,0.000999000999000999,0.002733238922886596,False
5268,Muscularis_mucosa,Pericyte,Water,0.41961265,0.04578349317445905,0.4817414077761119,0.6757161428435308,0.0,0.00999000999000999,0.017922750381392707,False
5269,Muscularis_mucosa,Pericyte,alpha-Ketoisovaleric acid,0.0,0.0,0.5,0.6757161428435308,0.0,0.000999000999000999,0.002733238922886596,False
5270,Muscularis_mucosa,Plasma,"(3a,5b,7a)-23-Carboxy-7-hydroxy-24-norcholan-3-yl-b-D-Glucopyranosiduronic acid",0.3666274,0.024774383485015147,0.49011746190164984,0.6757161428435308,0.0,0.004995004995004995,0.010650366582569973,False
5271,Muscularis_mucosa,Plasma,17a-Ethynylestradiol,-2.0493565,-0.13848267620724924,0.5550705199595586,0.6757161428435308,0.0,0.029970029970029972,0.04174302225675122,False
5272,Muscularis_mucosa,Plasma,"1b,3a,12a-Trihydroxy-5b-cholanoic acid",0.3666274,0.024774383485015147,0.49011746190164984,0.6757161428435308,0.0,0.004995004995004995,0.010650366582569973,False
5273,Muscularis_mucosa,Plasma,2-Hydroxychlorpropamide,-3.8158023,-0.14886862761619435,0.5591713515722341,0.6757161428435308,0.0,0.058941058941058944,0.07323968011443317,False
5274,Muscularis_mucosa,Plasma,25-Hydroxycholesterol,-3.0499766,-0.20609831832788938,0.5816429438227414,0.6780085464501563,0.0,0.01098901098901099,0.01912057513717265,False
5275,Muscularis_mucosa,Plasma,"3',4'-Dihydrodiol",-2.0493565,-0.13848267620724924,0.5550705199595586,0.6757161428435308,0.0,0.029970029970029972,0.04174302225675122,False
5276,Muscularis_mucosa,Plasma,3-Sulfodeoxycholic acid,0.3666274,0.024774383485015147,0.49011746190164984,0.6757161428435308,0.0,0.004995004995004995,0.010650366582569973,False
5277,Muscularis_mucosa,Plasma,"3alpha,7alpha-Dihydroxycoprostanic acid",0.3666274,0.024774383485015147,0.49011746190164984,0.6757161428435308,0.0,0.004995004995004995,0.010650366582569973,False
5278,Muscularis_mucosa,Plasma,3b-Hydroxy-5-cholenoic acid,0.3666274,0.024774383485015147,0.49011746190164984,0.6757161428435308,0.0,0.004995004995004995,0.010650366582569973,False
5279,Muscularis_mucosa,Plasma,4'-Hydroxydiclofenac,-2.0493565,-0.13848267620724924,0.5550705199595586,0.6757161428435308,0.0,0.029970029970029972,0.04174302225675122,False
5280,Muscularis_mucosa,Plasma,4-Hydroxycyclophosphamide,-2.0493565,-0.13848267620724924,0.5550705199595586,0.6757161428435308,0.0,0.029970029970029972,0.04174302225675122,False
5281,Muscularis_mucosa,Plasma,4-ene-Valproic acid,-1.9603213,-0.07647941822187869,0.5304811560547723,0.6757161428435308,0.0,0.005994005994005994,0.012076328540133793,False
5282,Muscularis_mucosa,Plasma,5-Hydroxyomeprazole,-0.95654774,-0.028906771471197783,0.5115305274865145,0.6757161428435308,0.0,0.06593406593406594,0.08059177511179066,False
5283,Muscularis_mucosa,Plasma,8-Hydroxycarvedilol,-2.0493565,-0.13848267620724924,0.5550705199595586,0.6757161428435308,0.0,0.029970029970029972,0.04174302225675122,False
5284,Muscularis_mucosa,Plasma,Acetate,-3.6684213,-0.1752839483915386,0.569571738081267,0.6757161428435308,0.0,0.07592407592407592,0.09101628312606014,False
5285,Muscularis_mucosa,Plasma,Acetyl-L-Carnitine,-1.9603213,-0.1324662380936029,0.5526922371213832,0.6757161428435308,0.0,0.005994005994005994,0.012076328540133793,False
5286,Muscularis_mucosa,Plasma,Adenosine diphosphate ribose,7.7220125,0.5218052496122275,0.30090296710748987,0.6757161428435308,23.512432,0.21478521478521478,0.23265007766471515,False
5287,Muscularis_mucosa,Plasma,Adenosine triphosphate,-4.707918,-0.3181316279965101,0.6248074533697839,0.6809979001379208,0.0,0.16383616383616384,0.18226555899000185,False
5288,Muscularis_mucosa,Plasma,Amiloride-sensitive sodium transport,-0.23702535,-0.01601668888477412,0.506389461200987,0.6757161428435308,0.0,0.006993006993006993,0.013630621005892154,False
5289,Muscularis_mucosa,Plasma,Anion exchange,16.25164,0.6340368756170389,0.2630283784241696,0.6757161428435308,21.447138,0.07292707292707293,0.08804439322673488,False
5290,Muscularis_mucosa,Plasma,Butyrate,0.0,0.0,0.5,0.6757161428435308,0.0,0.000999000999000999,0.002733238922886596,False
5291,Muscularis_mucosa,Plasma,Chenodeoxycholic acid,0.3666274,0.024774383485015147,0.49011746190164984,0.6757161428435308,0.0,0.004995004995004995,0.010650366582569973,False
5292,Muscularis_mucosa,Plasma,Chenodeoxycholic acid 3-sulfate,0.3666274,0.024774383485015147,0.49011746190164984,0.6757161428435308,0.0,0.004995004995004995,0.010650366582569973,False
5293,Muscularis_mucosa,Plasma,Chloride,-0.31646812,-0.021384933749989656,0.5085307040277905,0.6757161428435308,0.0,0.09290709290709291,0.10858149654136276,False
5294,Muscularis_mucosa,Plasma,Chloride ion,36.239628,2.4488471109514216,0.0071657133286883844,0.4599218044637749,24.730074,0.013986013986013986,0.022891498301334367,True
5295,Muscularis_mucosa,Plasma,Cholesterol,-1.4617026,-0.05702644914457935,0.5227379369754345,0.6757161428435308,0.0,0.04695304695304695,0.06060633394924386,False
5296,Muscularis_mucosa,Plasma,Cholic acid,-1.5442015,-0.060245038091169344,0.5240197621880549,0.6757161428435308,0.0,0.04895104895104895,0.06263264806796133,False
5297,Muscularis_mucosa,Plasma,Choline,-1.9603213,-0.1324662380936029,0.5526922371213832,0.6757161428435308,0.0,0.005994005994005994,0.012076328540133793,False
5298,Muscularis_mucosa,Plasma,Citric acid,-3.6684213,-0.24788893708161955,0.5978898301259704,0.6795983862910224,0.0,0.07592407592407592,0.09101628312606014,False
5299,Muscularis_mucosa,Plasma,Coprocholic acid,0.3666274,0.024774383485015147,0.49011746190164984,0.6757161428435308,0.0,0.004995004995004995,0.010650366582569973,False
5300,Muscularis_mucosa,Plasma,Cortisol,-1.4617026,-0.05702644914457935,0.5227379369754345,0.6757161428435308,0.0,0.04695304695304695,0.06060633394924386,False
5301,Muscularis_mucosa,Plasma,Creatine,-1.9603213,-0.1324662380936029,0.5526922371213832,0.6757161428435308,0.0,0.005994005994005994,0.012076328540133793,False
5302,Muscularis_mucosa,Plasma,D-Lactate,0.0,0.0,0.5,0.6757161428435308,0.0,0.000999000999000999,0.002733238922886596,False
5303,Muscularis_mucosa,Plasma,Deoxycholic acid,0.3666274,0.024774383485015147,0.49011746190164984,0.6757161428435308,0.0,0.004995004995004995,0.010650366582569973,False
5304,Muscularis_mucosa,Plasma,Dopamine,-1.9603213,-0.1324662380936029,0.5526922371213832,0.6757161428435308,0.0,0.005994005994005994,0.012076328540133793,False
5305,Muscularis_mucosa,Plasma,E-3179,-2.0493565,-0.13848267620724924,0.5550705199595586,0.6757161428435308,0.0,0.029970029970029972,0.04174302225675122,False
5306,Muscularis_mucosa,Plasma,Estradiol,-5.130124,-0.17333083024305412,0.5688043042943383,0.6757161428435308,0.0,0.11788211788211789,0.13550411576727367,False
5307,Muscularis_mucosa,Plasma,Estriol,-2.0493565,-0.13848267620724924,0.5550705199595586,0.6757161428435308,0.0,0.029970029970029972,0.04174302225675122,False
5308,Muscularis_mucosa,Plasma,Fatty acid,-13.7039385,-0.534641560431674,0.7035511304492135,0.7321867323834469,23.870415,0.46353646353646355,0.47781782295056635,False
5309,Muscularis_mucosa,Plasma,Folic acid,0.8303784,0.03967701533522105,0.484175313174747,0.6757161428435308,0.0,0.01098901098901099,0.01912057513717265,False
5310,Muscularis_mucosa,Plasma,Folinic acid,0.3666274,0.024774383485015147,0.49011746190164984,0.6757161428435308,0.0,0.004995004995004995,0.010650366582569973,False
5311,Muscularis_mucosa,Plasma,Glutathione,0.3666274,0.024774383485015147,0.49011746190164984,0.6757161428435308,0.0,0.004995004995004995,0.010650366582569973,False
5312,Muscularis_mucosa,Plasma,Glycerol,-2.0493565,-0.13848267620724924,0.5550705199595586,0.6757161428435308,0.0,0.029970029970029972,0.04174302225675122,False
5313,Muscularis_mucosa,Plasma,Glycochenodeoxycholate-3-sulfate,0.3666274,0.024774383485015147,0.49011746190164984,0.6757161428435308,0.0,0.004995004995004995,0.010650366582569973,False
5314,Muscularis_mucosa,Plasma,Glycyl-glycine,0.0,0.0,0.5,0.6757161428435308,0.0,0.000999000999000999,0.002733238922886596,False
5315,Muscularis_mucosa,Plasma,Histamine,-1.9603213,-0.1324662380936029,0.5526922371213832,0.6757161428435308,0.0,0.005994005994005994,0.012076328540133793,False
5316,Muscularis_mucosa,Plasma,Hydroxylansoprazole,-1.4617026,-0.05702644914457935,0.5227379369754345,0.6757161428435308,0.0,0.04695304695304695,0.06060633394924386,False
5317,Muscularis_mucosa,Plasma,Hyodeoxycholic acid,0.3666274,0.024774383485015147,0.49011746190164984,0.6757161428435308,0.0,0.004995004995004995,0.010650366582569973,False
5318,Muscularis_mucosa,Plasma,Iron,-2.1679242,-0.14649473923163825,0.5582345786984693,0.6757161428435308,0.0,0.2627372627372627,0.2807708771011523,False
5319,Muscularis_mucosa,Plasma,Isoursodeoxycholic acid,0.3666274,0.024774383485015147,0.49011746190164984,0.6757161428435308,0.0,0.004995004995004995,0.010650366582569973,False
5320,Muscularis_mucosa,Plasma,Ketone bodies,0.0,0.0,0.5,0.6757161428435308,0.0,0.000999000999000999,0.002733238922886596,False
5321,Muscularis_mucosa,Plasma,L-Arginine,-0.50134206,-0.03387755680771469,0.5135126050068443,0.6757161428435308,0.0,0.014985014985014986,0.024255209535703617,False
5322,Muscularis_mucosa,Plasma,L-Carnitine,-3.6353722,-0.17370480099505659,0.5689512678795039,0.6757161428435308,0.0,0.01898101898101898,0.02908419229978304,False
5323,Muscularis_mucosa,Plasma,L-Cystine,-0.50134206,-0.03387755680771469,0.5135126050068443,0.6757161428435308,0.0,0.014985014985014986,0.024255209535703617,False
5324,Muscularis_mucosa,Plasma,L-Dopa,0.0,0.0,0.5,0.6757161428435308,0.0,0.000999000999000999,0.002733238922886596,False
5325,Muscularis_mucosa,Plasma,L-Glutamate,0.0,0.0,0.5,0.6757161428435308,0.0,0.000999000999000999,0.002733238922886596,False
5326,Muscularis_mucosa,Plasma,L-Lactate,0.0,0.0,0.5,0.6757161428435308,0.0,0.000999000999000999,0.002733238922886596,False
5327,Muscularis_mucosa,Plasma,L-Lysine,-0.50134206,-0.03387755680771469,0.5135126050068443,0.6757161428435308,0.0,0.014985014985014986,0.024255209535703617,False
5328,Muscularis_mucosa,Plasma,L-Ornithine,-0.50134206,-0.03387755680771469,0.5135126050068443,0.6757161428435308,0.0,0.014985014985014986,0.024255209535703617,False
5329,Muscularis_mucosa,Plasma,Lithocholic acid,0.3666274,0.024774383485015147,0.49011746190164984,0.6757161428435308,0.0,0.004995004995004995,0.010650366582569973,False
5330,Muscularis_mucosa,Plasma,N-Desmethylcitalopram,-2.0493565,-0.13848267620724924,0.5550705199595586,0.6757161428435308,0.0,0.029970029970029972,0.04174302225675122,False
5331,Muscularis_mucosa,Plasma,N-Desmethyleletriptan,-2.0493565,-0.13848267620724924,0.5550705199595586,0.6757161428435308,0.0,0.029970029970029972,0.04174302225675122,False
5332,Muscularis_mucosa,Plasma,N-Desmethyltamoxifen,-1.4617026,-0.05702644914457935,0.5227379369754345,0.6757161428435308,0.0,0.04695304695304695,0.06060633394924386,False
5333,Muscularis_mucosa,Plasma,N-desmethylimatinib,-1.4617026,-0.05702644914457935,0.5227379369754345,0.6757161428435308,0.0,0.04695304695304695,0.06060633394924386,False
5334,Muscularis_mucosa,Plasma,Neurotransmitter,-0.44607544,-0.03014298480244533,0.5120234903113476,0.6757161428435308,0.0,0.030969030969030968,0.04302014240176784,False
5335,Muscularis_mucosa,Plasma,Nicotinate,-5.6287427,-0.19017759161531986,0.5754150150158343,0.6772959457320709,0.0,0.08091908091908091,0.09614299565187362,False
5336,Muscularis_mucosa,Plasma,Norepinephrine,-1.9603213,-0.1324662380936029,0.5526922371213832,0.6757161428435308,0.0,0.005994005994005994,0.012076328540133793,False
5337,Muscularis_mucosa,Plasma,O-Deethylated candesartan,-2.0493565,-0.13848267620724924,0.5550705199595586,0.6757161428435308,0.0,0.029970029970029972,0.04174302225675122,False
5338,Muscularis_mucosa,Plasma,O-Desmethylverapamil (D-702),-5.707478,-0.1219613413754833,0.5485351826172665,0.6757161428435308,0.0,0.12687312687312688,0.14499127326162212,False
5339,Muscularis_mucosa,Plasma,Oxalic acid,-3.6684213,-0.24788893708161955,0.5978898301259704,0.6795983862910224,0.0,0.07592407592407592,0.09101628312606014,False
5340,Muscularis_mucosa,Plasma,Phosphate,0.0,0.0,0.5,0.6757161428435308,0.0,0.000999000999000999,0.002733238922886596,False
5341,Muscularis_mucosa,Plasma,Progesterone,-2.0493565,-0.13848267620724924,0.5550705199595586,0.6757161428435308,0.0,0.029970029970029972,0.04174302225675122,False
5342,Muscularis_mucosa,Plasma,Pyruvate,0.0,0.0,0.5,0.6757161428435308,0.0,0.000999000999000999,0.002733238922886596,False
5343,Muscularis_mucosa,Plasma,Sodium,34.151283,1.3323684571524397,0.09136957095349818,0.6757161428435308,24.730074,0.030969030969030968,0.04302014240176784,True
5344,Muscularis_mucosa,Plasma,Sodium_hydrogen exchange,-3.353123,-0.13081778557029428,0.5520402734718934,0.6757161428435308,0.0,0.03296703296703297,0.04551418730523208,False
5345,Muscularis_mucosa,Plasma,Sulfolithocholic acid,0.3666274,0.024774383485015147,0.49011746190164984,0.6757161428435308,0.0,0.004995004995004995,0.010650366582569973,False
5346,Muscularis_mucosa,Plasma,Taurocholic acid,-4.119814,-0.09279707523881017,0.5369676126963178,0.6757161428435308,0.0,0.14885114885114886,0.16776092568961232,False
5347,Muscularis_mucosa,Plasma,Testosterone,-1.337482,-0.04518932819091924,0.5180217997840355,0.6757161428435308,0.0,0.053946053946053944,0.06813668259451391,False
5348,Muscularis_mucosa,Plasma,Trihydroxycoprostanoic acid,0.3666274,0.024774383485015147,0.49011746190164984,0.6757161428435308,0.0,0.004995004995004995,0.010650366582569973,False
5349,Muscularis_mucosa,Plasma,Ursocholic acid,0.3666274,0.024774383485015147,0.49011746190164984,0.6757161428435308,0.0,0.004995004995004995,0.010650366582569973,False
5350,Muscularis_mucosa,Plasma,Ursodeoxycholic acid,0.3666274,0.024774383485015147,0.49011746190164984,0.6757161428435308,0.0,0.004995004995004995,0.010650366582569973,False
5351,Muscularis_mucosa,Plasma,Ursodeoxycholic acid 3-sulfate,0.3666274,0.024774383485015147,0.49011746190164984,0.6757161428435308,0.0,0.004995004995004995,0.010650366582569973,False
5352,Muscularis_mucosa,Plasma,Varanic acid,0.3666274,0.024774383485015147,0.49011746190164984,0.6757161428435308,0.0,0.004995004995004995,0.010650366582569973,False
5353,Muscularis_mucosa,Plasma,Water,-2.0399826,-0.07958729958870271,0.5317172516837357,0.6757161428435308,0.0,0.14185814185814186,0.16031040465104424,False
5354,Muscularis_mucosa,Plasma,alpha-Ketoisovaleric acid,0.0,0.0,0.5,0.6757161428435308,0.0,0.000999000999000999,0.002733238922886596,False
5355,Muscularis_mucosa,T,"(3a,5b,7a)-23-Carboxy-7-hydroxy-24-norcholan-3-yl-b-D-Glucopyranosiduronic acid",-0.039265867,-0.004417755224411755,0.501762423610739,0.6757161428435308,0.0,0.012987012987012988,0.02170829436309107,False
5356,Muscularis_mucosa,T,17a-Ethynylestradiol,-0.26135054,-0.029404233304994816,0.5117289017115951,0.6757161428435308,0.0,0.06893106893106893,0.08389636679110363,False
5357,Muscularis_mucosa,T,"1b,3a,12a-Trihydroxy-5b-cholanoic acid",-0.039265867,-0.004417755224411755,0.501762423610739,0.6757161428435308,0.0,0.012987012987012988,0.02170829436309107,False
5358,Muscularis_mucosa,T,2-Hydroxychlorpropamide,0.27543536,0.017891449127272314,0.4928627252658191,0.6757161428435308,0.0,0.0919080919080919,0.10769409428127759,False
5359,Muscularis_mucosa,T,25-Hydroxycholesterol,0.5668603,0.06377676855037809,0.4745739883013946,0.6757161428435308,0.0,0.03696303696303696,0.050226291315079385,False
5360,Muscularis_mucosa,T,"3',4'-Dihydrodiol",-0.26135054,-0.029404233304994816,0.5117289017115951,0.6757161428435308,0.0,0.06893106893106893,0.08389636679110363,False
5361,Muscularis_mucosa,T,3-Sulfodeoxycholic acid,-0.039265867,-0.004417755224411755,0.501762423610739,0.6757161428435308,0.0,0.012987012987012988,0.02170829436309107,False
5362,Muscularis_mucosa,T,"3alpha,7alpha-Dihydroxycoprostanic acid",-0.039265867,-0.004417755224411755,0.501762423610739,0.6757161428435308,0.0,0.012987012987012988,0.02170829436309107,False
5363,Muscularis_mucosa,T,3b-Hydroxy-5-cholenoic acid,-0.039265867,-0.004417755224411755,0.501762423610739,0.6757161428435308,0.0,0.012987012987012988,0.02170829436309107,False
5364,Muscularis_mucosa,T,4'-Hydroxydiclofenac,-0.26135054,-0.029404233304994816,0.5117289017115951,0.6757161428435308,0.0,0.06893106893106893,0.08389636679110363,False
5365,Muscularis_mucosa,T,4-Hydroxycyclophosphamide,-0.26135054,-0.029404233304994816,0.5117289017115951,0.6757161428435308,0.0,0.06893106893106893,0.08389636679110363,False
5366,Muscularis_mucosa,T,4-ene-Valproic acid,-0.33092862,-0.021496124071031363,0.5085750523534509,0.6757161428435308,0.0,0.005994005994005994,0.012076328540133793,False
5367,Muscularis_mucosa,T,5-Hydroxyomeprazole,-5.386902,-0.2710444477560347,0.6068215765354115,0.679830913543959,0.0,0.13486513486513488,0.1532336882770409,False
5368,Muscularis_mucosa,T,8-Hydroxycarvedilol,-0.26135054,-0.029404233304994816,0.5117289017115951,0.6757161428435308,0.0,0.06893106893106893,0.08389636679110363,False
5369,Muscularis_mucosa,T,Acetate,0.739278,0.05881380126284511,0.47655020783606666,0.6757161428435308,0.0,0.04095904095904096,0.054352820175604985,False
5370,Muscularis_mucosa,T,Acetyl-L-Carnitine,-0.33092862,-0.037232379056830654,0.5148501391254429,0.6757161428435308,0.0,0.005994005994005994,0.012076328540133793,False
5371,Muscularis_mucosa,T,Adenosine diphosphate ribose,-0.51864916,-0.058352589571123645,0.5232661107885018,0.6757161428435308,0.0,0.03896103896103896,0.05229725460199212,False
5372,Muscularis_mucosa,T,Adenosine triphosphate,-1.0123748,-0.11390105922392224,0.5453418870530939,0.6757161428435308,0.0,0.13486513486513488,0.1532336882770409,False
5373,Muscularis_mucosa,T,Amiloride-sensitive sodium transport,0.22200778,0.02497782686151198,0.49003632484576287,0.6757161428435308,0.0,0.001998001998001998,0.005057316928544293,False
5374,Muscularis_mucosa,T,Anion exchange,1.737616,0.1128702844819471,0.4550666976494433,0.6757161428435308,0.0,0.15784215784215785,0.17618938293294995,False
5375,Muscularis_mucosa,T,Butyrate,0.0,0.0,0.5,0.6757161428435308,0.0,0.000999000999000999,0.002733238922886596,False
5376,Muscularis_mucosa,T,Chenodeoxycholic acid,-0.039265867,-0.004417755224411755,0.501762423610739,0.6757161428435308,0.0,0.012987012987012988,0.02170829436309107,False
5377,Muscularis_mucosa,T,Chenodeoxycholic acid 3-sulfate,-0.039265867,-0.004417755224411755,0.501762423610739,0.6757161428435308,0.0,0.012987012987012988,0.02170829436309107,False
5378,Muscularis_mucosa,T,Chloride,-0.82616,-0.0929502635615397,0.5370284629956498,0.6757161428435308,0.0,0.03396603396603397,0.04659680559353405,False
5379,Muscularis_mucosa,T,Chloride ion,-2.1531427,-0.24224747902272611,0.5957057962685732,0.6795983862910224,0.0,0.11488511488511488,0.13232510027968736,False
5380,Muscularis_mucosa,T,Cholesterol,-5.2598343,-0.34166295204444136,0.6336977220064813,0.6842847504585009,0.0,0.07692307692307693,0.09189860471911754,False
5381,Muscularis_mucosa,T,Cholic acid,-0.38841757,-0.02523043253757524,0.5100644184883208,0.6757161428435308,0.0,0.12687312687312688,0.14499127326162212,False
5382,Muscularis_mucosa,T,Choline,-0.33092862,-0.037232379056830654,0.5148501391254429,0.6757161428435308,0.0,0.005994005994005994,0.012076328540133793,False
5383,Muscularis_mucosa,T,Citric acid,0.739278,0.08317527540063142,0.46685608598831213,0.6757161428435308,0.0,0.04095904095904096,0.054352820175604985,False
5384,Muscularis_mucosa,T,Coprocholic acid,-0.039265867,-0.004417755224411755,0.501762423610739,0.6757161428435308,0.0,0.012987012987012988,0.02170829436309107,False
5385,Muscularis_mucosa,T,Cortisol,-5.2598343,-0.34166295204444136,0.6336977220064813,0.6842847504585009,0.0,0.07692307692307693,0.09189860471911754,False
5386,Muscularis_mucosa,T,Creatine,-0.33092862,-0.037232379056830654,0.5148501391254429,0.6757161428435308,0.0,0.005994005994005994,0.012076328540133793,False
5387,Muscularis_mucosa,T,D-Lactate,0.0,0.0,0.5,0.6757161428435308,0.0,0.000999000999000999,0.002733238922886596,False
5388,Muscularis_mucosa,T,Deoxycholic acid,-0.039265867,-0.004417755224411755,0.501762423610739,0.6757161428435308,0.0,0.012987012987012988,0.02170829436309107,False
5389,Muscularis_mucosa,T,Dopamine,-0.33092862,-0.037232379056830654,0.5148501391254429,0.6757161428435308,0.0,0.005994005994005994,0.012076328540133793,False
5390,Muscularis_mucosa,T,E-3179,-0.26135054,-0.029404233304994816,0.5117289017115951,0.6757161428435308,0.0,0.06893106893106893,0.08389636679110363,False
5391,Muscularis_mucosa,T,Estradiol,-4.5205564,-0.2543011683612246,0.6003685513773882,0.6795983862910224,0.0,0.11588411588411589,0.13337805835518554,False
5392,Muscularis_mucosa,T,Estriol,-0.26135054,-0.029404233304994816,0.5117289017115951,0.6757161428435308,0.0,0.06893106893106893,0.08389636679110363,False
5393,Muscularis_mucosa,T,Fatty acid,0.020612806,0.0013389456374716445,0.4994658381336589,0.6757161428435308,0.0,0.5954045954045954,0.6058063579901174,False
5394,Muscularis_mucosa,T,Folic acid,-1.9758079,-0.15718683711115777,0.5624511990957779,0.6757161428435308,0.0,0.014985014985014986,0.024255209535703617,False
5395,Muscularis_mucosa,T,Folinic acid,-0.039265867,-0.004417755224411755,0.501762423610739,0.6757161428435308,0.0,0.012987012987012988,0.02170829436309107,False
5396,Muscularis_mucosa,T,Glutathione,-0.039265867,-0.004417755224411755,0.501762423610739,0.6757161428435308,0.0,0.012987012987012988,0.02170829436309107,False
5397,Muscularis_mucosa,T,Glycerol,-0.26135054,-0.029404233304994816,0.5117289017115951,0.6757161428435308,0.0,0.06893106893106893,0.08389636679110363,False
5398,Muscularis_mucosa,T,Glycochenodeoxycholate-3-sulfate,-0.039265867,-0.004417755224411755,0.501762423610739,0.6757161428435308,0.0,0.012987012987012988,0.02170829436309107,False
5399,Muscularis_mucosa,T,Glycyl-glycine,0.0,0.0,0.5,0.6757161428435308,0.0,0.000999000999000999,0.002733238922886596,False
5400,Muscularis_mucosa,T,Histamine,-0.33092862,-0.037232379056830654,0.5148501391254429,0.6757161428435308,0.0,0.005994005994005994,0.012076328540133793,False
5401,Muscularis_mucosa,T,Hydroxylansoprazole,-5.2598343,-0.34166295204444136,0.6336977220064813,0.6842847504585009,0.0,0.07692307692307693,0.09189860471911754,False
5402,Muscularis_mucosa,T,Hyodeoxycholic acid,-0.039265867,-0.004417755224411755,0.501762423610739,0.6757161428435308,0.0,0.012987012987012988,0.02170829436309107,False
5403,Muscularis_mucosa,T,Iron,-0.8706004,-0.09795019792311571,0.5390140802914272,0.6757161428435308,0.0,0.1028971028971029,0.11932573326378636,False
5404,Muscularis_mucosa,T,Isoursodeoxycholic acid,-0.039265867,-0.004417755224411755,0.501762423610739,0.6757161428435308,0.0,0.012987012987012988,0.02170829436309107,False
5405,Muscularis_mucosa,T,Ketone bodies,0.0,0.0,0.5,0.6757161428435308,0.0,0.000999000999000999,0.002733238922886596,False
5406,Muscularis_mucosa,T,L-Arginine,0.1960065,0.022052454917006657,0.49120305636080724,0.6757161428435308,0.0,0.002997002997002997,0.007184126848760995,False
5407,Muscularis_mucosa,T,L-Carnitine,-0.661828,-0.05265220715313819,0.5209954903333927,0.6757161428435308,0.0,0.013986013986013986,0.022891498301334367,False
5408,Muscularis_mucosa,T,L-Cystine,0.1960065,0.022052454917006657,0.49120305636080724,0.6757161428435308,0.0,0.002997002997002997,0.007184126848760995,False
5409,Muscularis_mucosa,T,L-Dopa,0.0,0.0,0.5,0.6757161428435308,0.0,0.000999000999000999,0.002733238922886596,False
5410,Muscularis_mucosa,T,L-Glutamate,0.0,0.0,0.5,0.6757161428435308,0.0,0.000999000999000999,0.002733238922886596,False
5411,Muscularis_mucosa,T,L-Lactate,0.0,0.0,0.5,0.6757161428435308,0.0,0.000999000999000999,0.002733238922886596,False
5412,Muscularis_mucosa,T,L-Lysine,0.1960065,0.022052454917006657,0.49120305636080724,0.6757161428435308,0.0,0.002997002997002997,0.007184126848760995,False
5413,Muscularis_mucosa,T,L-Ornithine,0.1960065,0.022052454917006657,0.49120305636080724,0.6757161428435308,0.0,0.002997002997002997,0.007184126848760995,False
5414,Muscularis_mucosa,T,Lithocholic acid,-0.039265867,-0.004417755224411755,0.501762423610739,0.6757161428435308,0.0,0.012987012987012988,0.02170829436309107,False
5415,Muscularis_mucosa,T,N-Desmethylcitalopram,-0.26135054,-0.029404233304994816,0.5117289017115951,0.6757161428435308,0.0,0.06893106893106893,0.08389636679110363,False
5416,Muscularis_mucosa,T,N-Desmethyleletriptan,-0.26135054,-0.029404233304994816,0.5117289017115951,0.6757161428435308,0.0,0.06893106893106893,0.08389636679110363,False
5417,Muscularis_mucosa,T,N-Desmethyltamoxifen,-5.2598343,-0.34166295204444136,0.6336977220064813,0.6842847504585009,0.0,0.07692307692307693,0.09189860471911754,False
5418,Muscularis_mucosa,T,N-desmethylimatinib,-5.2598343,-0.34166295204444136,0.6336977220064813,0.6842847504585009,0.0,0.07692307692307693,0.09189860471911754,False
5419,Muscularis_mucosa,T,Neurotransmitter,-0.15880589,-0.017867058754033743,0.5071275459381769,0.6757161428435308,0.0,0.007992007992007992,0.015114170255481141,False
5420,Muscularis_mucosa,T,Nicotinate,0.4083494,0.022971448171900388,0.49083652399778416,0.6757161428435308,0.0,0.04595404595404595,0.059463268679479334,False
5421,Muscularis_mucosa,T,Norepinephrine,-0.33092862,-0.037232379056830654,0.5148501391254429,0.6757161428435308,0.0,0.005994005994005994,0.012076328540133793,False
5422,Muscularis_mucosa,T,O-Deethylated candesartan,-0.26135054,-0.029404233304994816,0.5117289017115951,0.6757161428435308,0.0,0.06893106893106893,0.08389636679110363,False
5423,Muscularis_mucosa,T,O-Desmethylverapamil (D-702),-7.0607347,-0.25120966882918244,0.5991739952177719,0.6795983862910224,0.0,0.17682317682317683,0.19546885451982113,False
5424,Muscularis_mucosa,T,Oxalic acid,0.739278,0.08317527540063142,0.46685608598831213,0.6757161428435308,0.0,0.04095904095904096,0.054352820175604985,False
5425,Muscularis_mucosa,T,Phosphate,0.0,0.0,0.5,0.6757161428435308,0.0,0.000999000999000999,0.002733238922886596,False
5426,Muscularis_mucosa,T,Progesterone,-0.26135054,-0.029404233304994816,0.5117289017115951,0.6757161428435308,0.0,0.06893106893106893,0.08389636679110363,False
5427,Muscularis_mucosa,T,Pyruvate,0.0,0.0,0.5,0.6757161428435308,0.0,0.000999000999000999,0.002733238922886596,False
5428,Muscularis_mucosa,T,Sodium,-2.6674204,-0.1732675734039845,0.5687794445846213,0.6757161428435308,0.0,0.13586413586413587,0.15431300371712076,False
5429,Muscularis_mucosa,T,Sodium_hydrogen exchange,-3.2952483,-0.21404937678285296,0.5847457238635839,0.6795983862910224,0.0,0.07692307692307693,0.09189860471911754,False
5430,Muscularis_mucosa,T,Sulfolithocholic acid,-0.039265867,-0.004417755224411755,0.501762423610739,0.6757161428435308,0.0,0.012987012987012988,0.02170829436309107,False
5431,Muscularis_mucosa,T,Taurocholic acid,-3.7506013,-0.14065853781467463,0.5559301493049622,0.6757161428435308,0.0,0.2007992007992008,0.21851677734030675,False
5432,Muscularis_mucosa,T,Testosterone,-5.063828,-0.28486258027954864,0.6121252873448669,0.6800205699783143,0.0,0.07992007992007992,0.09511774885474034,False
5433,Muscularis_mucosa,T,Trihydroxycoprostanoic acid,-0.039265867,-0.004417755224411755,0.501762423610739,0.6757161428435308,0.0,0.012987012987012988,0.02170829436309107,False
5434,Muscularis_mucosa,T,Ursocholic acid,-0.039265867,-0.004417755224411755,0.501762423610739,0.6757161428435308,0.0,0.012987012987012988,0.02170829436309107,False
5435,Muscularis_mucosa,T,Ursodeoxycholic acid,-0.039265867,-0.004417755224411755,0.501762423610739,0.6757161428435308,0.0,0.012987012987012988,0.02170829436309107,False
5436,Muscularis_mucosa,T,Ursodeoxycholic acid 3-sulfate,-0.039265867,-0.004417755224411755,0.501762423610739,0.6757161428435308,0.0,0.012987012987012988,0.02170829436309107,False
5437,Muscularis_mucosa,T,Varanic acid,-0.039265867,-0.004417755224411755,0.501762423610739,0.6757161428435308,0.0,0.012987012987012988,0.02170829436309107,False
5438,Muscularis_mucosa,T,Water,-5.6207037,-0.3651039390288544,0.6424830896692119,0.6888049486993936,0.0,0.04695304695304695,0.06060633394924386,False
5439,Muscularis_mucosa,T,alpha-Ketoisovaleric acid,0.0,0.0,0.5,0.6757161428435308,0.0,0.000999000999000999,0.002733238922886596,False
5440,Myofibroblast,Myofibroblast,"(3a,5b,7a)-23-Carboxy-7-hydroxy-24-norcholan-3-yl-b-D-Glucopyranosiduronic acid",0.20193474,0.02945520912554524,0.4882507706831734,0.6757161428435308,0.0,0.000999000999000999,0.002733238922886596,False
5441,Myofibroblast,Myofibroblast,17a-Ethynylestradiol,-6.5040426,-0.9487121222598891,0.8286164765367696,0.8355238277358579,0.0,0.002997002997002997,0.007184126848760995,False
5442,Myofibroblast,Myofibroblast,"1b,3a,12a-Trihydroxy-5b-cholanoic acid",0.20193474,0.02945520912554524,0.4882507706831734,0.6757161428435308,0.0,0.000999000999000999,0.002733238922886596,False
5443,Myofibroblast,Myofibroblast,2-Hydroxychlorpropamide,-6.5040426,-0.5477391991702081,0.7080645038839443,0.7356666219739031,0.0,0.002997002997002997,0.007184126848760995,False
5444,Myofibroblast,Myofibroblast,25-Hydroxycholesterol,0.97315323,0.14194898813473034,0.44356014956019585,0.6757161428435308,0.0,0.027972027972027972,0.039797343574769495,False
5445,Myofibroblast,Myofibroblast,"3',4'-Dihydrodiol",-6.5040426,-0.9487121222598891,0.8286164765367696,0.8355238277358579,0.0,0.002997002997002997,0.007184126848760995,False
5446,Myofibroblast,Myofibroblast,3-Sulfodeoxycholic acid,0.20193474,0.02945520912554524,0.4882507706831734,0.6757161428435308,0.0,0.000999000999000999,0.002733238922886596,False
5447,Myofibroblast,Myofibroblast,"3alpha,7alpha-Dihydroxycoprostanic acid",0.20193474,0.02945520912554524,0.4882507706831734,0.6757161428435308,0.0,0.000999000999000999,0.002733238922886596,False
5448,Myofibroblast,Myofibroblast,3b-Hydroxy-5-cholenoic acid,0.20193474,0.02945520912554524,0.4882507706831734,0.6757161428435308,0.0,0.000999000999000999,0.002733238922886596,False
5449,Myofibroblast,Myofibroblast,4'-Hydroxydiclofenac,-6.5040426,-0.9487121222598891,0.8286164765367696,0.8355238277358579,0.0,0.002997002997002997,0.007184126848760995,False
5450,Myofibroblast,Myofibroblast,4-Hydroxycyclophosphamide,-6.5040426,-0.9487121222598891,0.8286164765367696,0.8355238277358579,0.0,0.002997002997002997,0.007184126848760995,False
5451,Myofibroblast,Myofibroblast,4-ene-Valproic acid,0.48657662,0.04097714325539078,0.48365705879694615,0.6757161428435308,0.0,0.000999000999000999,0.002733238922886596,False
5452,Myofibroblast,Myofibroblast,5-Hydroxyomeprazole,-8.765544,-0.5718010386134103,0.7162716132049399,0.7423543330135232,0.0,0.007992007992007992,0.015114170255481141,False
5453,Myofibroblast,Myofibroblast,8-Hydroxycarvedilol,-6.5040426,-0.9487121222598891,0.8286164765367696,0.8355238277358579,0.0,0.002997002997002997,0.007184126848760995,False
5454,Myofibroblast,Myofibroblast,Acetate,1.1353455,0.11710194282399258,0.4533896350898089,0.6757161428435308,0.0,0.03796203796203796,0.05117471469807518,False
5455,Myofibroblast,Myofibroblast,Acetyl-L-Carnitine,0.16219221,0.023658165413640974,0.4905626379103995,0.6757161428435308,0.0,0.000999000999000999,0.002733238922886596,False
5456,Myofibroblast,Myofibroblast,Adenosine diphosphate ribose,0.0,0.0,0.5,0.6757161428435308,0.0,0.000999000999000999,0.002733238922886596,False
5457,Myofibroblast,Myofibroblast,Adenosine triphosphate,0.32289305,0.04709879247334594,0.4812172448690081,0.6757161428435308,0.0,0.001998001998001998,0.005057316928544293,False
5458,Myofibroblast,Myofibroblast,Amiloride-sensitive sodium transport,0.32438442,0.04731633082728195,0.4811305562711271,0.6757161428435308,0.0,0.004995004995004995,0.010650366582569973,False
5459,Myofibroblast,Myofibroblast,Anion exchange,1.6482422,0.13880703647429396,0.44480131675765094,0.6757161428435308,0.0,0.03896103896103896,0.05229725460199212,False
5460,Myofibroblast,Myofibroblast,Butyrate,0.16219221,0.023658165413640974,0.4905626379103995,0.6757161428435308,0.0,0.000999000999000999,0.002733238922886596,False
5461,Myofibroblast,Myofibroblast,Chenodeoxycholic acid,0.20193474,0.02945520912554524,0.4882507706831734,0.6757161428435308,0.0,0.000999000999000999,0.002733238922886596,False
5462,Myofibroblast,Myofibroblast,Chenodeoxycholic acid 3-sulfate,0.20193474,0.02945520912554524,0.4882507706831734,0.6757161428435308,0.0,0.000999000999000999,0.002733238922886596,False
5463,Myofibroblast,Myofibroblast,Chloride,0.48657662,0.07097449406736517,0.4717090275354576,0.6757161428435308,0.0,0.00999000999000999,0.017922750381392707,False
5464,Myofibroblast,Myofibroblast,Chloride ion,0.32438442,0.04731633082728195,0.4811305562711271,0.6757161428435308,0.0,0.005994005994005994,0.012076328540133793,False
5465,Myofibroblast,Myofibroblast,Cholesterol,-6.5040426,-0.5477391991702081,0.7080645038839443,0.7356666219739031,0.0,0.002997002997002997,0.007184126848760995,False
5466,Myofibroblast,Myofibroblast,Cholic acid,-8.765544,-0.7381919666312806,0.769801098065197,0.7860469004594302,0.0,0.007992007992007992,0.015114170255481141,False
5467,Myofibroblast,Myofibroblast,Choline,0.16219221,0.023658165413640974,0.4905626379103995,0.6757161428435308,0.0,0.000999000999000999,0.002733238922886596,False
5468,Myofibroblast,Myofibroblast,Citric acid,0.97315323,0.14194898813473034,0.44356014956019585,0.6757161428435308,0.0,0.03796203796203796,0.05117471469807518,False
5469,Myofibroblast,Myofibroblast,Coprocholic acid,0.20193474,0.02945520912554524,0.4882507706831734,0.6757161428435308,0.0,0.000999000999000999,0.002733238922886596,False
5470,Myofibroblast,Myofibroblast,Cortisol,-6.5040426,-0.5477391991702081,0.7080645038839443,0.7356666219739031,0.0,0.002997002997002997,0.007184126848760995,False
5471,Myofibroblast,Myofibroblast,Creatine,0.16219221,0.023658165413640974,0.4905626379103995,0.6757161428435308,0.0,0.000999000999000999,0.002733238922886596,False
5472,Myofibroblast,Myofibroblast,D-Lactate,0.16219221,0.023658165413640974,0.4905626379103995,0.6757161428435308,0.0,0.000999000999000999,0.002733238922886596,False
5473,Myofibroblast,Myofibroblast,Deoxycholic acid,0.20193474,0.02945520912554524,0.4882507706831734,0.6757161428435308,0.0,0.000999000999000999,0.002733238922886596,False
5474,Myofibroblast,Myofibroblast,Dopamine,0.16219221,0.023658165413640974,0.4905626379103995,0.6757161428435308,0.0,0.000999000999000999,0.002733238922886596,False
5475,Myofibroblast,Myofibroblast,E-3179,-6.5040426,-0.9487121222598891,0.8286164765367696,0.8355238277358579,0.0,0.002997002997002997,0.007184126848760995,False
5476,Myofibroblast,Myofibroblast,Estradiol,-5.5308895,-0.4033815757568104,0.6566662307595171,0.6986519944988773,0.0,0.03996003996003996,0.05324055313464337,False
5477,Myofibroblast,Myofibroblast,Estriol,-6.5040426,-0.9487121222598891,0.8286164765367696,0.8355238277358579,0.0,0.002997002997002997,0.007184126848760995,False
5478,Myofibroblast,Myofibroblast,Fatty acid,2.9588227,0.24917782438095942,0.4016116160539274,0.6757161428435308,0.0,0.13386613386613386,0.1522086012324624,False
5479,Myofibroblast,Myofibroblast,Folic acid,0.20193474,0.020827978113940913,0.49169143963480044,0.6757161428435308,0.0,0.000999000999000999,0.002733238922886596,False
5480,Myofibroblast,Myofibroblast,Folinic acid,0.20193474,0.02945520912554524,0.4882507706831734,0.6757161428435308,0.0,0.000999000999000999,0.002733238922886596,False
5481,Myofibroblast,Myofibroblast,Glutathione,0.20193474,0.02945520912554524,0.4882507706831734,0.6757161428435308,0.0,0.000999000999000999,0.002733238922886596,False
5482,Myofibroblast,Myofibroblast,Glycerol,-6.5040426,-0.9487121222598891,0.8286164765367696,0.8355238277358579,0.0,0.002997002997002997,0.007184126848760995,False
5483,Myofibroblast,Myofibroblast,Glycochenodeoxycholate-3-sulfate,0.20193474,0.02945520912554524,0.4882507706831734,0.6757161428435308,0.0,0.000999000999000999,0.002733238922886596,False
5484,Myofibroblast,Myofibroblast,Glycyl-glycine,0.0,0.0,0.5,0.6757161428435308,0.0,0.000999000999000999,0.002733238922886596,False
5485,Myofibroblast,Myofibroblast,Histamine,0.16219221,0.023658165413640974,0.4905626379103995,0.6757161428435308,0.0,0.000999000999000999,0.002733238922886596,False
5486,Myofibroblast,Myofibroblast,Hydroxylansoprazole,-6.5040426,-0.5477391991702081,0.7080645038839443,0.7356666219739031,0.0,0.002997002997002997,0.007184126848760995,False
5487,Myofibroblast,Myofibroblast,Hyodeoxycholic acid,0.20193474,0.02945520912554524,0.4882507706831734,0.6757161428435308,0.0,0.000999000999000999,0.002733238922886596,False
5488,Myofibroblast,Myofibroblast,Iron,-1.3512312,-0.19709733003545624,0.5781243136145451,0.6772959457320709,0.0,0.013986013986013986,0.022891498301334367,False
5489,Myofibroblast,Myofibroblast,Isoursodeoxycholic acid,0.20193474,0.02945520912554524,0.4882507706831734,0.6757161428435308,0.0,0.000999000999000999,0.002733238922886596,False
5490,Myofibroblast,Myofibroblast,Ketone bodies,0.16219221,0.023658165413640974,0.4905626379103995,0.6757161428435308,0.0,0.000999000999000999,0.002733238922886596,False
5491,Myofibroblast,Myofibroblast,L-Arginine,0.0,0.0,0.5,0.6757161428435308,0.0,0.000999000999000999,0.002733238922886596,False
5492,Myofibroblast,Myofibroblast,L-Carnitine,0.39156663,0.04038701458174005,0.48389229133313444,0.6757161428435308,0.0,0.005994005994005994,0.012076328540133793,False
5493,Myofibroblast,Myofibroblast,L-Cystine,0.0,0.0,0.5,0.6757161428435308,0.0,0.000999000999000999,0.002733238922886596,False
5494,Myofibroblast,Myofibroblast,L-Dopa,0.0,0.0,0.5,0.6757161428435308,0.0,0.000999000999000999,0.002733238922886596,False
5495,Myofibroblast,Myofibroblast,L-Glutamate,0.32438442,0.033457698388837144,0.4866547993629162,0.6757161428435308,0.0,0.001998001998001998,0.005057316928544293,False
5496,Myofibroblast,Myofibroblast,L-Lactate,0.16219221,0.023658165413640974,0.4905626379103995,0.6757161428435308,0.0,0.000999000999000999,0.002733238922886596,False
5497,Myofibroblast,Myofibroblast,L-Lysine,0.0,0.0,0.5,0.6757161428435308,0.0,0.000999000999000999,0.002733238922886596,False
5498,Myofibroblast,Myofibroblast,L-Ornithine,0.0,0.0,0.5,0.6757161428435308,0.0,0.000999000999000999,0.002733238922886596,False
5499,Myofibroblast,Myofibroblast,Lithocholic acid,0.20193474,0.02945520912554524,0.4882507706831734,0.6757161428435308,0.0,0.000999000999000999,0.002733238922886596,False
5500,Myofibroblast,Myofibroblast,N-Desmethylcitalopram,-6.5040426,-0.9487121222598891,0.8286164765367696,0.8355238277358579,0.0,0.002997002997002997,0.007184126848760995,False
5501,Myofibroblast,Myofibroblast,N-Desmethyleletriptan,-6.5040426,-0.9487121222598891,0.8286164765367696,0.8355238277358579,0.0,0.002997002997002997,0.007184126848760995,False
5502,Myofibroblast,Myofibroblast,N-Desmethyltamoxifen,-6.5040426,-0.5477391991702081,0.7080645038839443,0.7356666219739031,0.0,0.002997002997002997,0.007184126848760995,False
5503,Myofibroblast,Myofibroblast,N-desmethylimatinib,-6.5040426,-0.5477391991702081,0.7080645038839443,0.7356666219739031,0.0,0.002997002997002997,0.007184126848760995,False
5504,Myofibroblast,Myofibroblast,Neurotransmitter,14.105625,2.0575168929547205,0.019818265831660686,0.6757161428435308,41.05169,0.006993006993006993,0.013630621005892154,True
5505,Myofibroblast,Myofibroblast,Nicotinate,1.4597299,0.10646174544816325,0.45760800278978336,0.6757161428435308,0.0,0.03796203796203796,0.05117471469807518,False
5506,Myofibroblast,Myofibroblast,Norepinephrine,0.16219221,0.023658165413640974,0.4905626379103995,0.6757161428435308,0.0,0.000999000999000999,0.002733238922886596,False
5507,Myofibroblast,Myofibroblast,O-Deethylated candesartan,-6.5040426,-0.9487121222598891,0.8286164765367696,0.8355238277358579,0.0,0.002997002997002997,0.007184126848760995,False
5508,Myofibroblast,Myofibroblast,O-Desmethylverapamil (D-702),-10.603873,-0.489120200087705,0.687621699423014,0.7198968857141741,0.0,0.01098901098901099,0.01912057513717265,False
5509,Myofibroblast,Myofibroblast,Oxalic acid,0.97315323,0.14194898813473034,0.44356014956019585,0.6757161428435308,0.0,0.03796203796203796,0.05117471469807518,False
5510,Myofibroblast,Myofibroblast,Phosphate,0.0,0.0,0.5,0.6757161428435308,0.0,0.000999000999000999,0.002733238922886596,False
5511,Myofibroblast,Myofibroblast,Progesterone,-6.5040426,-0.9487121222598891,0.8286164765367696,0.8355238277358579,0.0,0.002997002997002997,0.007184126848760995,False
5512,Myofibroblast,Myofibroblast,Pyruvate,0.16219221,0.023658165413640974,0.4905626379103995,0.6757161428435308,0.0,0.000999000999000999,0.002733238922886596,False
5513,Myofibroblast,Myofibroblast,Sodium,0.48657662,0.04097714325539078,0.48365705879694615,0.6757161428435308,0.0,0.005994005994005994,0.012076328540133793,False
5514,Myofibroblast,Myofibroblast,Sodium_hydrogen exchange,0.32438442,0.027318096340196617,0.48910301173114323,0.6757161428435308,0.0,0.005994005994005994,0.012076328540133793,False
5515,Myofibroblast,Myofibroblast,Sulfolithocholic acid,0.20193474,0.02945520912554524,0.4882507706831734,0.6757161428435308,0.0,0.000999000999000999,0.002733238922886596,False
5516,Myofibroblast,Myofibroblast,Taurocholic acid,-9.63072,-0.468261637042723,0.680201250505721,0.7137914357158801,0.0,0.04695304695304695,0.06060633394924386,False
5517,Myofibroblast,Myofibroblast,Testosterone,-6.5040426,-0.47435606112994455,0.6823769898092528,0.7159551736280567,0.0,0.002997002997002997,0.007184126848760995,False
5518,Myofibroblast,Myofibroblast,Trihydroxycoprostanoic acid,0.20193474,0.02945520912554524,0.4882507706831734,0.6757161428435308,0.0,0.000999000999000999,0.002733238922886596,False
5519,Myofibroblast,Myofibroblast,Ursocholic acid,0.20193474,0.02945520912554524,0.4882507706831734,0.6757161428435308,0.0,0.000999000999000999,0.002733238922886596,False
5520,Myofibroblast,Myofibroblast,Ursodeoxycholic acid,0.20193474,0.02945520912554524,0.4882507706831734,0.6757161428435308,0.0,0.000999000999000999,0.002733238922886596,False
5521,Myofibroblast,Myofibroblast,Ursodeoxycholic acid 3-sulfate,0.20193474,0.02945520912554524,0.4882507706831734,0.6757161428435308,0.0,0.000999000999000999,0.002733238922886596,False
5522,Myofibroblast,Myofibroblast,Varanic acid,0.20193474,0.02945520912554524,0.4882507706831734,0.6757161428435308,0.0,0.000999000999000999,0.002733238922886596,False
5523,Myofibroblast,Myofibroblast,Water,0.32438442,0.027318096340196617,0.48910301173114323,0.6757161428435308,0.0,0.000999000999000999,0.002733238922886596,False
5524,Myofibroblast,Myofibroblast,alpha-Ketoisovaleric acid,0.16219221,0.023658165413640974,0.4905626379103995,0.6757161428435308,0.0,0.000999000999000999,0.002733238922886596,False
5525,Myofibroblast,Pericyte,"(3a,5b,7a)-23-Carboxy-7-hydroxy-24-norcholan-3-yl-b-D-Glucopyranosiduronic acid",0.0,0.0,0.5,0.6757161428435308,0.0,0.000999000999000999,0.002733238922886596,False
5526,Myofibroblast,Pericyte,17a-Ethynylestradiol,0.08004002,0.023105564334793462,0.49078303358747144,0.6757161428435308,0.0,0.002997002997002997,0.007184126848760995,False
5527,Myofibroblast,Pericyte,"1b,3a,12a-Trihydroxy-5b-cholanoic acid",0.0,0.0,0.5,0.6757161428435308,0.0,0.000999000999000999,0.002733238922886596,False
5528,Myofibroblast,Pericyte,2-Hydroxychlorpropamide,0.15984479,0.0266407976547877,0.4893731164868106,0.6757161428435308,0.0,0.003996003996003996,0.008992796112653,False
5529,Myofibroblast,Pericyte,25-Hydroxycholesterol,2.187929,0.6316006740283795,0.26382392301259056,0.6757161428435308,17.88201,0.025974025974025976,0.03748889935213937,True
5530,Myofibroblast,Pericyte,"3',4'-Dihydrodiol",0.08004002,0.023105564334793462,0.49078303358747144,0.6757161428435308,0.0,0.002997002997002997,0.007184126848760995,False
5531,Myofibroblast,Pericyte,3-Sulfodeoxycholic acid,0.0,0.0,0.5,0.6757161428435308,0.0,0.000999000999000999,0.002733238922886596,False
5532,Myofibroblast,Pericyte,"3alpha,7alpha-Dihydroxycoprostanic acid",0.0,0.0,0.5,0.6757161428435308,0.0,0.000999000999000999,0.002733238922886596,False
5533,Myofibroblast,Pericyte,3b-Hydroxy-5-cholenoic acid,0.0,0.0,0.5,0.6757161428435308,0.0,0.000999000999000999,0.002733238922886596,False
5534,Myofibroblast,Pericyte,4'-Hydroxydiclofenac,0.08004002,0.023105564334793462,0.49078303358747144,0.6757161428435308,0.0,0.002997002997002997,0.007184126848760995,False
5535,Myofibroblast,Pericyte,4-Hydroxycyclophosphamide,0.08004002,0.023105564334793462,0.49078303358747144,0.6757161428435308,0.0,0.002997002997002997,0.007184126848760995,False
5536,Myofibroblast,Pericyte,4-ene-Valproic acid,-1.1575754,-0.19292922814687094,0.5764928028572556,0.6772959457320709,0.0,0.003996003996003996,0.008992796112653,False
5537,Myofibroblast,Pericyte,5-Hydroxyomeprazole,0.08004002,0.010333122502218578,0.49587775390314753,0.6757161428435308,0.0,0.002997002997002997,0.007184126848760995,False
5538,Myofibroblast,Pericyte,8-Hydroxycarvedilol,0.08004002,0.023105564334793462,0.49078303358747144,0.6757161428435308,0.0,0.002997002997002997,0.007184126848760995,False
5539,Myofibroblast,Pericyte,Acetate,0.056430493,0.011518826056813118,0.4954047548843278,0.6757161428435308,0.0,0.000999000999000999,0.002733238922886596,False
5540,Myofibroblast,Pericyte,Acetyl-L-Carnitine,-0.6070029,-0.1752266478845008,0.5695492268640174,0.6757161428435308,0.0,0.003996003996003996,0.008992796112653,False
5541,Myofibroblast,Pericyte,Adenosine diphosphate ribose,0.0,0.0,0.5,0.6757161428435308,0.0,0.000999000999000999,0.002733238922886596,False
5542,Myofibroblast,Pericyte,Adenosine triphosphate,0.159481,0.04603820026051945,0.481639901384913,0.6757161428435308,0.0,0.008991008991008992,0.016702140151638085,False
5543,Myofibroblast,Pericyte,Amiloride-sensitive sodium transport,-0.8915854,-0.25737853813096384,0.6015567154789839,0.6795983862910224,0.0,0.001998001998001998,0.005057316928544293,False
5544,Myofibroblast,Pericyte,Anion exchange,0.21905862,0.03650976965824763,0.48543794442168314,0.6757161428435308,0.0,0.008991008991008992,0.016702140151638085,False
5545,Myofibroblast,Pericyte,Butyrate,0.056430493,0.01629008003216171,0.4935014857402074,0.6757161428435308,0.0,0.000999000999000999,0.002733238922886596,False
5546,Myofibroblast,Pericyte,Chenodeoxycholic acid,0.0,0.0,0.5,0.6757161428435308,0.0,0.000999000999000999,0.002733238922886596,False
5547,Myofibroblast,Pericyte,Chenodeoxycholic acid 3-sulfate,0.0,0.0,0.5,0.6757161428435308,0.0,0.000999000999000999,0.002733238922886596,False
5548,Myofibroblast,Pericyte,Chloride,0.09802861,0.02829842151226682,0.4887120697739014,0.6757161428435308,0.0,0.000999000999000999,0.002733238922886596,False
5549,Myofibroblast,Pericyte,Chloride ion,0.11319369,0.03267620392028357,0.4869664001380533,0.6757161428435308,0.0,0.002997002997002997,0.007184126848760995,False
5550,Myofibroblast,Pericyte,Cholesterol,0.08004002,0.013340003788471222,0.49467826630734,0.6757161428435308,0.0,0.002997002997002997,0.007184126848760995,False
5551,Myofibroblast,Pericyte,Cholic acid,0.08004002,0.013340003788471222,0.49467826630734,0.6757161428435308,0.0,0.002997002997002997,0.007184126848760995,False
5552,Myofibroblast,Pericyte,Choline,-0.6070029,-0.1752266478845008,0.5695492268640174,0.6757161428435308,0.0,0.003996003996003996,0.008992796112653,False
5553,Myofibroblast,Pericyte,Citric acid,0.0,0.0,0.5,0.6757161428435308,0.0,0.000999000999000999,0.002733238922886596,False
5554,Myofibroblast,Pericyte,Coprocholic acid,0.0,0.0,0.5,0.6757161428435308,0.0,0.000999000999000999,0.002733238922886596,False
5555,Myofibroblast,Pericyte,Cortisol,0.08004002,0.013340003788471222,0.49467826630734,0.6757161428435308,0.0,0.002997002997002997,0.007184126848760995,False
5556,Myofibroblast,Pericyte,Creatine,-0.6070029,-0.1752266478845008,0.5695492268640174,0.6757161428435308,0.0,0.003996003996003996,0.008992796112653,False
5557,Myofibroblast,Pericyte,D-Lactate,0.056430493,0.01629008003216171,0.4935014857402074,0.6757161428435308,0.0,0.000999000999000999,0.002733238922886596,False
5558,Myofibroblast,Pericyte,Deoxycholic acid,0.0,0.0,0.5,0.6757161428435308,0.0,0.000999000999000999,0.002733238922886596,False
5559,Myofibroblast,Pericyte,Dopamine,-0.6070029,-0.1752266478845008,0.5695492268640174,0.6757161428435308,0.0,0.003996003996003996,0.008992796112653,False
5560,Myofibroblast,Pericyte,E-3179,0.08004002,0.023105564334793462,0.49078303358747144,0.6757161428435308,0.0,0.002997002997002997,0.007184126848760995,False
5561,Myofibroblast,Pericyte,Estradiol,0.08004002,0.011552782167396731,0.4953912092574593,0.6757161428435308,0.0,0.002997002997002997,0.007184126848760995,False
5562,Myofibroblast,Pericyte,Estriol,0.08004002,0.023105564334793462,0.49078303358747144,0.6757161428435308,0.0,0.002997002997002997,0.007184126848760995,False
5563,Myofibroblast,Pericyte,Fatty acid,1.311928,0.21865467230478922,0.41345953038903804,0.6757161428435308,0.0,0.0999000999000999,0.11619297861901412,False
5564,Myofibroblast,Pericyte,Folic acid,0.0,0.0,0.5,0.6757161428435308,0.0,0.000999000999000999,0.002733238922886596,False
5565,Myofibroblast,Pericyte,Folinic acid,0.0,0.0,0.5,0.6757161428435308,0.0,0.000999000999000999,0.002733238922886596,False
5566,Myofibroblast,Pericyte,Glutathione,0.0,0.0,0.5,0.6757161428435308,0.0,0.000999000999000999,0.002733238922886596,False
5567,Myofibroblast,Pericyte,Glycerol,0.08004002,0.023105564334793462,0.49078303358747144,0.6757161428435308,0.0,0.002997002997002997,0.007184126848760995,False
5568,Myofibroblast,Pericyte,Glycochenodeoxycholate-3-sulfate,0.0,0.0,0.5,0.6757161428435308,0.0,0.000999000999000999,0.002733238922886596,False
5569,Myofibroblast,Pericyte,Glycyl-glycine,0.0,0.0,0.5,0.6757161428435308,0.0,0.000999000999000999,0.002733238922886596,False
5570,Myofibroblast,Pericyte,Histamine,-0.6070029,-0.1752266478845008,0.5695492268640174,0.6757161428435308,0.0,0.003996003996003996,0.008992796112653,False
5571,Myofibroblast,Pericyte,Hydroxylansoprazole,0.08004002,0.013340003788471222,0.49467826630734,0.6757161428435308,0.0,0.002997002997002997,0.007184126848760995,False
5572,Myofibroblast,Pericyte,Hyodeoxycholic acid,0.0,0.0,0.5,0.6757161428435308,0.0,0.000999000999000999,0.002733238922886596,False
5573,Myofibroblast,Pericyte,Iron,-1.9768053,-0.5706545445100071,0.7158830814925974,0.7421962390948471,0.0,0.01998001998001998,0.030239250643485482,False
5574,Myofibroblast,Pericyte,Isoursodeoxycholic acid,0.0,0.0,0.5,0.6757161428435308,0.0,0.000999000999000999,0.002733238922886596,False
5575,Myofibroblast,Pericyte,Ketone bodies,0.056430493,0.01629008003216171,0.4935014857402074,0.6757161428435308,0.0,0.000999000999000999,0.002733238922886596,False
5576,Myofibroblast,Pericyte,L-Arginine,0.0,0.0,0.5,0.6757161428435308,0.0,0.000999000999000999,0.002733238922886596,False
5577,Myofibroblast,Pericyte,L-Carnitine,-1.4654346,-0.29913057516500285,0.6175797909448173,0.6800205699783143,0.0,0.008991008991008992,0.016702140151638085,False
5578,Myofibroblast,Pericyte,L-Cystine,0.0,0.0,0.5,0.6757161428435308,0.0,0.000999000999000999,0.002733238922886596,False
5579,Myofibroblast,Pericyte,L-Dopa,0.0,0.0,0.5,0.6757161428435308,0.0,0.000999000999000999,0.002733238922886596,False
5580,Myofibroblast,Pericyte,L-Glutamate,0.056430493,0.011518826056813118,0.4954047548843278,0.6757161428435308,0.0,0.000999000999000999,0.002733238922886596,False
5581,Myofibroblast,Pericyte,L-Lactate,0.056430493,0.01629008003216171,0.4935014857402074,0.6757161428435308,0.0,0.000999000999000999,0.002733238922886596,False
5582,Myofibroblast,Pericyte,L-Lysine,0.0,0.0,0.5,0.6757161428435308,0.0,0.000999000999000999,0.002733238922886596,False
5583,Myofibroblast,Pericyte,L-Ornithine,0.0,0.0,0.5,0.6757161428435308,0.0,0.000999000999000999,0.002733238922886596,False
5584,Myofibroblast,Pericyte,Lithocholic acid,0.0,0.0,0.5,0.6757161428435308,0.0,0.000999000999000999,0.002733238922886596,False
5585,Myofibroblast,Pericyte,N-Desmethylcitalopram,0.08004002,0.023105564334793462,0.49078303358747144,0.6757161428435308,0.0,0.002997002997002997,0.007184126848760995,False
5586,Myofibroblast,Pericyte,N-Desmethyleletriptan,0.08004002,0.023105564334793462,0.49078303358747144,0.6757161428435308,0.0,0.002997002997002997,0.007184126848760995,False
5587,Myofibroblast,Pericyte,N-Desmethyltamoxifen,0.08004002,0.013340003788471222,0.49467826630734,0.6757161428435308,0.0,0.002997002997002997,0.007184126848760995,False
5588,Myofibroblast,Pericyte,N-desmethylimatinib,0.08004002,0.013340003788471222,0.49467826630734,0.6757161428435308,0.0,0.002997002997002997,0.007184126848760995,False
5589,Myofibroblast,Pericyte,Neurotransmitter,0.18753092,0.05413551354555742,0.4784135990014859,0.6757161428435308,0.0,0.014985014985014986,0.024255209535703617,False
5590,Myofibroblast,Pericyte,Nicotinate,-1.1575754,-0.167081612707714,0.5663470832137251,0.6757161428435308,0.0,0.003996003996003996,0.008992796112653,False
5591,Myofibroblast,Pericyte,Norepinephrine,-0.6070029,-0.1752266478845008,0.5695492268640174,0.6757161428435308,0.0,0.003996003996003996,0.008992796112653,False
5592,Myofibroblast,Pericyte,O-Deethylated candesartan,0.08004002,0.023105564334793462,0.49078303358747144,0.6757161428435308,0.0,0.002997002997002997,0.007184126848760995,False
5593,Myofibroblast,Pericyte,O-Desmethylverapamil (D-702),-1.93452,-0.17659670755495252,0.5700874097853083,0.6760651975018078,0.0,0.007992007992007992,0.015114170255481141,False
5594,Myofibroblast,Pericyte,Oxalic acid,0.0,0.0,0.5,0.6757161428435308,0.0,0.000999000999000999,0.002733238922886596,False
5595,Myofibroblast,Pericyte,Phosphate,0.0,0.0,0.5,0.6757161428435308,0.0,0.000999000999000999,0.002733238922886596,False
5596,Myofibroblast,Pericyte,Progesterone,0.08004002,0.023105564334793462,0.49078303358747144,0.6757161428435308,0.0,0.002997002997002997,0.007184126848760995,False
5597,Myofibroblast,Pericyte,Pyruvate,0.056430493,0.01629008003216171,0.4935014857402074,0.6757161428435308,0.0,0.000999000999000999,0.002733238922886596,False
5598,Myofibroblast,Pericyte,Sodium,-0.49380922,-0.08230153719584148,0.5327965339680668,0.6757161428435308,0.0,0.005994005994005994,0.012076328540133793,False
5599,Myofibroblast,Pericyte,Sodium_hydrogen exchange,-0.5141707,-0.08569511771202087,0.53414560832304,0.6757161428435308,0.0,0.001998001998001998,0.005057316928544293,False
5600,Myofibroblast,Pericyte,Sulfolithocholic acid,0.0,0.0,0.5,0.6757161428435308,0.0,0.000999000999000999,0.002733238922886596,False
5601,Myofibroblast,Pericyte,Taurocholic acid,0.27230248,0.026202318215486887,0.4895479834249871,0.6757161428435308,0.0,0.007992007992007992,0.015114170255481141,False
5602,Myofibroblast,Pericyte,Testosterone,0.08004002,0.011552782167396731,0.4953912092574593,0.6757161428435308,0.0,0.002997002997002997,0.007184126848760995,False
5603,Myofibroblast,Pericyte,Trihydroxycoprostanoic acid,0.0,0.0,0.5,0.6757161428435308,0.0,0.000999000999000999,0.002733238922886596,False
5604,Myofibroblast,Pericyte,Ursocholic acid,0.0,0.0,0.5,0.6757161428435308,0.0,0.000999000999000999,0.002733238922886596,False
5605,Myofibroblast,Pericyte,Ursodeoxycholic acid,0.0,0.0,0.5,0.6757161428435308,0.0,0.000999000999000999,0.002733238922886596,False
5606,Myofibroblast,Pericyte,Ursodeoxycholic acid 3-sulfate,0.0,0.0,0.5,0.6757161428435308,0.0,0.000999000999000999,0.002733238922886596,False
5607,Myofibroblast,Pericyte,Varanic acid,0.0,0.0,0.5,0.6757161428435308,0.0,0.000999000999000999,0.002733238922886596,False
5608,Myofibroblast,Pericyte,Water,-0.7271472,-0.12119120359420776,0.5482302043610435,0.6757161428435308,0.0,0.004995004995004995,0.010650366582569973,False
5609,Myofibroblast,Pericyte,alpha-Ketoisovaleric acid,0.056430493,0.01629008003216171,0.4935014857402074,0.6757161428435308,0.0,0.000999000999000999,0.002733238922886596,False
5610,Myofibroblast,Plasma,"(3a,5b,7a)-23-Carboxy-7-hydroxy-24-norcholan-3-yl-b-D-Glucopyranosiduronic acid",0.36938733,0.029021809439436334,0.48842359825081566,0.6757161428435308,0.0,0.005994005994005994,0.012076328540133793,False
5611,Myofibroblast,Plasma,17a-Ethynylestradiol,0.531849,0.04178600592587643,0.48333464546154253,0.6757161428435308,0.0,0.013986013986013986,0.022891498301334367,False
5612,Myofibroblast,Plasma,"1b,3a,12a-Trihydroxy-5b-cholanoic acid",0.36938733,0.029021809439436334,0.48842359825081566,0.6757161428435308,0.0,0.005994005994005994,0.012076328540133793,False
5613,Myofibroblast,Plasma,2-Hydroxychlorpropamide,1.1354172,0.05150357113816203,0.4794621281366851,0.6757161428435308,0.0,0.02197802197802198,0.03289121062140334,False
5614,Myofibroblast,Plasma,25-Hydroxycholesterol,0.16624716,0.013061610405940388,0.49478931952129623,0.6757161428435308,0.0,0.03196803196803197,0.044261263719771314,False
5615,Myofibroblast,Plasma,"3',4'-Dihydrodiol",0.531849,0.04178600592587643,0.48333464546154253,0.6757161428435308,0.0,0.013986013986013986,0.022891498301334367,False
5616,Myofibroblast,Plasma,3-Sulfodeoxycholic acid,0.36938733,0.029021809439436334,0.48842359825081566,0.6757161428435308,0.0,0.005994005994005994,0.012076328540133793,False
5617,Myofibroblast,Plasma,"3alpha,7alpha-Dihydroxycoprostanic acid",0.36938733,0.029021809439436334,0.48842359825081566,0.6757161428435308,0.0,0.005994005994005994,0.012076328540133793,False
5618,Myofibroblast,Plasma,3b-Hydroxy-5-cholenoic acid,0.36938733,0.029021809439436334,0.48842359825081566,0.6757161428435308,0.0,0.005994005994005994,0.012076328540133793,False
5619,Myofibroblast,Plasma,4'-Hydroxydiclofenac,0.531849,0.04178600592587643,0.48333464546154253,0.6757161428435308,0.0,0.013986013986013986,0.022891498301334367,False
5620,Myofibroblast,Plasma,4-Hydroxycyclophosphamide,0.531849,0.04178600592587643,0.48333464546154253,0.6757161428435308,0.0,0.013986013986013986,0.022891498301334367,False
5621,Myofibroblast,Plasma,4-ene-Valproic acid,1.2617702,0.057235060763645124,0.47717897473728493,0.6757161428435308,0.0,0.007992007992007992,0.015114170255481141,False
5622,Myofibroblast,Plasma,5-Hydroxyomeprazole,1.7534883,0.06161129872790165,0.47543618947735294,0.6757161428435308,0.0,0.03396603396603397,0.04659680559353405,False
5623,Myofibroblast,Plasma,8-Hydroxycarvedilol,0.531849,0.04178600592587643,0.48333464546154253,0.6757161428435308,0.0,0.013986013986013986,0.022891498301334367,False
5624,Myofibroblast,Plasma,Acetate,-0.30199337,-0.01677740944756402,0.5066929039946935,0.6757161428435308,0.0,0.06493506493506493,0.07952522555326293,False
5625,Myofibroblast,Plasma,Acetyl-L-Carnitine,0.47183096,0.03707054158674692,0.48521438014274176,0.6757161428435308,0.0,0.004995004995004995,0.010650366582569973,False
5626,Myofibroblast,Plasma,Adenosine diphosphate ribose,0.0,0.0,0.5,0.6757161428435308,0.0,0.000999000999000999,0.002733238922886596,False
5627,Myofibroblast,Plasma,Adenosine triphosphate,-3.8742847,-0.3043925572128601,0.6195855812849741,0.6800205699783143,0.0,0.08591408591408592,0.10133125827856748,False
5628,Myofibroblast,Plasma,Amiloride-sensitive sodium transport,0.44987318,0.03534537507604108,0.4859021709191171,0.6757161428435308,0.0,0.011988011988011988,0.02048481266085178,False
5629,Myofibroblast,Plasma,Anion exchange,-0.56653833,-0.025698700699332215,0.5102511698961599,0.6757161428435308,0.0,0.13186813186813187,0.1499910577668263,False
5630,Myofibroblast,Plasma,Butyrate,0.31810838,0.024992954726414628,0.4900302915843263,0.6757161428435308,0.0,0.003996003996003996,0.008992796112653,False
5631,Myofibroblast,Plasma,Chenodeoxycholic acid,0.36938733,0.029021809439436334,0.48842359825081566,0.6757161428435308,0.0,0.005994005994005994,0.012076328540133793,False
5632,Myofibroblast,Plasma,Chenodeoxycholic acid 3-sulfate,0.36938733,0.029021809439436334,0.48842359825081566,0.6757161428435308,0.0,0.005994005994005994,0.012076328540133793,False
5633,Myofibroblast,Plasma,Chloride,-1.8499665,-0.14534709728055437,0.5577815843748216,0.6757161428435308,0.0,0.058941058941058944,0.07323968011443317,False
5634,Myofibroblast,Plasma,Chloride ion,0.8295252,0.06517365275427546,0.47401786928693057,0.6757161428435308,0.0,0.023976023976023976,0.03535971648515611,False
5635,Myofibroblast,Plasma,Cholesterol,0.9342278,0.042377434681996035,0.4830989083507779,0.6757161428435308,0.0,0.01998001998001998,0.030239250643485482,False
5636,Myofibroblast,Plasma,Cholic acid,1.3511095,0.061287571724792454,0.47556509426138205,0.6757161428435308,0.0,0.027972027972027972,0.039797343574769495,False
5637,Myofibroblast,Plasma,Choline,0.47183096,0.03707054158674692,0.48521438014274176,0.6757161428435308,0.0,0.004995004995004995,0.010650366582569973,False
5638,Myofibroblast,Plasma,Citric acid,-0.62010175,-0.04871979470864616,0.519428699644734,0.6757161428435308,0.0,0.061938061938061936,0.07654035551874451,False
5639,Myofibroblast,Plasma,Coprocholic acid,0.36938733,0.029021809439436334,0.48842359825081566,0.6757161428435308,0.0,0.005994005994005994,0.012076328540133793,False
5640,Myofibroblast,Plasma,Cortisol,0.9342278,0.042377434681996035,0.4830989083507779,0.6757161428435308,0.0,0.01998001998001998,0.030239250643485482,False
5641,Myofibroblast,Plasma,Creatine,0.47183096,0.03707054158674692,0.48521438014274176,0.6757161428435308,0.0,0.004995004995004995,0.010650366582569973,False
5642,Myofibroblast,Plasma,D-Lactate,0.31810838,0.024992954726414628,0.4900302915843263,0.6757161428435308,0.0,0.003996003996003996,0.008992796112653,False
5643,Myofibroblast,Plasma,Deoxycholic acid,0.36938733,0.029021809439436334,0.48842359825081566,0.6757161428435308,0.0,0.005994005994005994,0.012076328540133793,False
5644,Myofibroblast,Plasma,Dopamine,0.47183096,0.03707054158674692,0.48521438014274176,0.6757161428435308,0.0,0.004995004995004995,0.010650366582569973,False
5645,Myofibroblast,Plasma,E-3179,0.531849,0.04178600592587643,0.48333464546154253,0.6757161428435308,0.0,0.013986013986013986,0.022891498301334367,False
5646,Myofibroblast,Plasma,Estradiol,0.31412607,0.01234003762750121,0.4950771621877378,0.6757161428435308,0.0,0.07892107892107893,0.09408900424821579,False
5647,Myofibroblast,Plasma,Estriol,0.531849,0.04178600592587643,0.48333464546154253,0.6757161428435308,0.0,0.013986013986013986,0.022891498301334367,False
5648,Myofibroblast,Plasma,Fatty acid,-7.624214,-0.3458413779997407,0.635269036709984,0.6849232500695577,0.0,0.5654345654345654,0.5767120831171423,False
5649,Myofibroblast,Plasma,Folic acid,0.36938733,0.020521518256929185,0.4918136733016403,0.6757161428435308,0.0,0.005994005994005994,0.012076328540133793,False
5650,Myofibroblast,Plasma,Folinic acid,0.36938733,0.029021809439436334,0.48842359825081566,0.6757161428435308,0.0,0.005994005994005994,0.012076328540133793,False
5651,Myofibroblast,Plasma,Glutathione,0.36938733,0.029021809439436334,0.48842359825081566,0.6757161428435308,0.0,0.005994005994005994,0.012076328540133793,False
5652,Myofibroblast,Plasma,Glycerol,0.531849,0.04178600592587643,0.48333464546154253,0.6757161428435308,0.0,0.013986013986013986,0.022891498301334367,False
5653,Myofibroblast,Plasma,Glycochenodeoxycholate-3-sulfate,0.36938733,0.029021809439436334,0.48842359825081566,0.6757161428435308,0.0,0.005994005994005994,0.012076328540133793,False
5654,Myofibroblast,Plasma,Glycyl-glycine,0.0,0.0,0.5,0.6757161428435308,0.0,0.000999000999000999,0.002733238922886596,False
5655,Myofibroblast,Plasma,Histamine,0.47183096,0.03707054158674692,0.48521438014274176,0.6757161428435308,0.0,0.004995004995004995,0.010650366582569973,False
5656,Myofibroblast,Plasma,Hydroxylansoprazole,0.9342278,0.042377434681996035,0.4830989083507779,0.6757161428435308,0.0,0.01998001998001998,0.030239250643485482,False
5657,Myofibroblast,Plasma,Hyodeoxycholic acid,0.36938733,0.029021809439436334,0.48842359825081566,0.6757161428435308,0.0,0.005994005994005994,0.012076328540133793,False
5658,Myofibroblast,Plasma,Iron,1.3148203,0.1033020380917973,0.45886162905583283,0.6757161428435308,0.0,0.17082917082917082,0.18920857272679775,False
5659,Myofibroblast,Plasma,Isoursodeoxycholic acid,0.36938733,0.029021809439436334,0.48842359825081566,0.6757161428435308,0.0,0.005994005994005994,0.012076328540133793,False
5660,Myofibroblast,Plasma,Ketone bodies,0.31810838,0.024992954726414628,0.4900302915843263,0.6757161428435308,0.0,0.003996003996003996,0.008992796112653,False
5661,Myofibroblast,Plasma,L-Arginine,0.0,0.0,0.5,0.6757161428435308,0.0,0.000999000999000999,0.002733238922886596,False
5662,Myofibroblast,Plasma,L-Carnitine,0.45365727,0.025203181637658015,0.489946449591848,0.6757161428435308,0.0,0.024975024975024976,0.03644001556318884,False
5663,Myofibroblast,Plasma,L-Cystine,0.0,0.0,0.5,0.6757161428435308,0.0,0.000999000999000999,0.002733238922886596,False
5664,Myofibroblast,Plasma,L-Dopa,0.0,0.0,0.5,0.6757161428435308,0.0,0.000999000999000999,0.002733238922886596,False
5665,Myofibroblast,Plasma,L-Glutamate,0.5192978,0.028849876589245267,0.48849216082491415,0.6757161428435308,0.0,0.006993006993006993,0.013630621005892154,False
5666,Myofibroblast,Plasma,L-Lactate,0.31810838,0.024992954726414628,0.4900302915843263,0.6757161428435308,0.0,0.003996003996003996,0.008992796112653,False
5667,Myofibroblast,Plasma,L-Lysine,0.0,0.0,0.5,0.6757161428435308,0.0,0.000999000999000999,0.002733238922886596,False
5668,Myofibroblast,Plasma,L-Ornithine,0.0,0.0,0.5,0.6757161428435308,0.0,0.000999000999000999,0.002733238922886596,False
5669,Myofibroblast,Plasma,Lithocholic acid,0.36938733,0.029021809439436334,0.48842359825081566,0.6757161428435308,0.0,0.005994005994005994,0.012076328540133793,False
5670,Myofibroblast,Plasma,N-Desmethylcitalopram,0.531849,0.04178600592587643,0.48333464546154253,0.6757161428435308,0.0,0.013986013986013986,0.022891498301334367,False
5671,Myofibroblast,Plasma,N-Desmethyleletriptan,0.531849,0.04178600592587643,0.48333464546154253,0.6757161428435308,0.0,0.013986013986013986,0.022891498301334367,False
5672,Myofibroblast,Plasma,N-Desmethyltamoxifen,0.9342278,0.042377434681996035,0.4830989083507779,0.6757161428435308,0.0,0.01998001998001998,0.030239250643485482,False
5673,Myofibroblast,Plasma,N-desmethylimatinib,0.9342278,0.042377434681996035,0.4830989083507779,0.6757161428435308,0.0,0.01998001998001998,0.030239250643485482,False
5674,Myofibroblast,Plasma,Neurotransmitter,-0.31643695,-0.02486163451242102,0.5099173355040842,0.6757161428435308,0.0,0.055944055944055944,0.07027923145358736,False
5675,Myofibroblast,Plasma,Nicotinate,0.64166856,0.02520712159563115,0.48994487827523725,0.6757161428435308,0.0,0.06893106893106893,0.08389636679110363,False
5676,Myofibroblast,Plasma,Norepinephrine,0.47183096,0.03707054158674692,0.48521438014274176,0.6757161428435308,0.0,0.004995004995004995,0.010650366582569973,False
5677,Myofibroblast,Plasma,O-Deethylated candesartan,0.531849,0.04178600592587643,0.48333464546154253,0.6757161428435308,0.0,0.013986013986013986,0.022891498301334367,False
5678,Myofibroblast,Plasma,O-Desmethylverapamil (D-702),3.440479,0.08547938898810446,0.46594014034788245,0.6757161428435308,0.0,0.06493506493506493,0.07952522555326293,False
5679,Myofibroblast,Plasma,Oxalic acid,-0.62010175,-0.04871979470864616,0.519428699644734,0.6757161428435308,0.0,0.061938061938061936,0.07654035551874451,False
5680,Myofibroblast,Plasma,Phosphate,0.0,0.0,0.5,0.6757161428435308,0.0,0.000999000999000999,0.002733238922886596,False
5681,Myofibroblast,Plasma,Progesterone,0.531849,0.04178600592587643,0.48333464546154253,0.6757161428435308,0.0,0.013986013986013986,0.022891498301334367,False
5682,Myofibroblast,Plasma,Pyruvate,0.31810838,0.024992954726414628,0.4900302915843263,0.6757161428435308,0.0,0.003996003996003996,0.008992796112653,False
5683,Myofibroblast,Plasma,Sodium,1.7941675,0.08138509136451777,0.46756785257280853,0.6757161428435308,0.0,0.03896103896103896,0.05229725460199212,False
5684,Myofibroblast,Plasma,Sodium_hydrogen exchange,0.24560703,0.011140961277776609,0.4955554914449911,0.6757161428435308,0.0,0.017982017982017984,0.027654497092149906,False
5685,Myofibroblast,Plasma,Sulfolithocholic acid,0.36938733,0.029021809439436334,0.48842359825081566,0.6757161428435308,0.0,0.005994005994005994,0.012076328540133793,False
5686,Myofibroblast,Plasma,Taurocholic acid,2.2707555,0.05946913456511835,0.4762892245004706,0.6757161428435308,0.0,0.1038961038961039,0.12021826591363016,False
5687,Myofibroblast,Plasma,Testosterone,0.9342278,0.03669993498182429,0.48536213024325997,0.6757161428435308,0.0,0.01998001998001998,0.030239250643485482,False
5688,Myofibroblast,Plasma,Trihydroxycoprostanoic acid,0.36938733,0.029021809439436334,0.48842359825081566,0.6757161428435308,0.0,0.005994005994005994,0.012076328540133793,False
5689,Myofibroblast,Plasma,Ursocholic acid,0.36938733,0.029021809439436334,0.48842359825081566,0.6757161428435308,0.0,0.005994005994005994,0.012076328540133793,False
5690,Myofibroblast,Plasma,Ursodeoxycholic acid,0.36938733,0.029021809439436334,0.48842359825081566,0.6757161428435308,0.0,0.005994005994005994,0.012076328540133793,False
5691,Myofibroblast,Plasma,Ursodeoxycholic acid 3-sulfate,0.36938733,0.029021809439436334,0.48842359825081566,0.6757161428435308,0.0,0.005994005994005994,0.012076328540133793,False
5692,Myofibroblast,Plasma,Varanic acid,0.36938733,0.029021809439436334,0.48842359825081566,0.6757161428435308,0.0,0.005994005994005994,0.012076328540133793,False
5693,Myofibroblast,Plasma,Water,-2.5605338,-0.11614817011139816,0.5462324435531509,0.6757161428435308,0.0,0.06293706293706294,0.07768330570528373,False
5694,Myofibroblast,Plasma,alpha-Ketoisovaleric acid,0.31810838,0.024992954726414628,0.4900302915843263,0.6757161428435308,0.0,0.003996003996003996,0.008992796112653,False
5695,Myofibroblast,T,"(3a,5b,7a)-23-Carboxy-7-hydroxy-24-norcholan-3-yl-b-D-Glucopyranosiduronic acid",0.5962086,0.08517265319824219,0.46606206557394014,0.6757161428435308,0.0,0.007992007992007992,0.015114170255481141,False
5696,Myofibroblast,T,17a-Ethynylestradiol,0.54957414,0.07851059096200126,0.46871095292959625,0.6757161428435308,0.0,0.027972027972027972,0.039797343574769495,False
5697,Myofibroblast,T,"1b,3a,12a-Trihydroxy-5b-cholanoic acid",0.5962086,0.08517265319824219,0.46606206557394014,0.6757161428435308,0.0,0.007992007992007992,0.015114170255481141,False
5698,Myofibroblast,T,2-Hydroxychlorpropamide,0.311704,0.025708913421281853,0.4897447571629456,0.6757161428435308,0.0,0.03596403596403597,0.0489534270101247,False
5699,Myofibroblast,T,25-Hydroxycholesterol,-4.5189247,-0.6455606733049665,0.7407180434740028,0.7622900022008309,0.0,0.056943056943056944,0.07133475964386142,False
5700,Myofibroblast,T,"3',4'-Dihydrodiol",0.54957414,0.07851059096200126,0.46871095292959625,0.6757161428435308,0.0,0.027972027972027972,0.039797343574769495,False
5701,Myofibroblast,T,3-Sulfodeoxycholic acid,0.5962086,0.08517265319824219,0.46606206557394014,0.6757161428435308,0.0,0.007992007992007992,0.015114170255481141,False
5702,Myofibroblast,T,"3alpha,7alpha-Dihydroxycoprostanic acid",0.5962086,0.08517265319824219,0.46606206557394014,0.6757161428435308,0.0,0.007992007992007992,0.015114170255481141,False
5703,Myofibroblast,T,3b-Hydroxy-5-cholenoic acid,0.5962086,0.08517265319824219,0.46606206557394014,0.6757161428435308,0.0,0.007992007992007992,0.015114170255481141,False
5704,Myofibroblast,T,4'-Hydroxydiclofenac,0.54957414,0.07851059096200126,0.46871095292959625,0.6757161428435308,0.0,0.027972027972027972,0.039797343574769495,False
5705,Myofibroblast,T,4-Hydroxycyclophosphamide,0.54957414,0.07851059096200126,0.46871095292959625,0.6757161428435308,0.0,0.027972027972027972,0.039797343574769495,False
5706,Myofibroblast,T,4-ene-Valproic acid,-2.782162,-0.22946885019664984,0.5907477356641616,0.6795983862910224,0.0,0.01098901098901099,0.01912057513717265,False
5707,Myofibroblast,T,5-Hydroxyomeprazole,1.3728364,0.08770729724860665,0.4650546598063065,0.6757161428435308,0.0,0.053946053946053944,0.06813668259451391,False
5708,Myofibroblast,T,8-Hydroxycarvedilol,0.54957414,0.07851059096200126,0.46871095292959625,0.6757161428435308,0.0,0.027972027972027972,0.039797343574769495,False
5709,Myofibroblast,T,Acetate,-2.515404,-0.25409417370116144,0.6002885977960274,0.6795983862910224,0.0,0.04995004995004995,0.06360036724409195,False
5710,Myofibroblast,T,Acetyl-L-Carnitine,-0.60469407,-0.08638486691883632,0.5344197617960675,0.6757161428435308,0.0,0.005994005994005994,0.012076328540133793,False
5711,Myofibroblast,T,Adenosine diphosphate ribose,0.0,0.0,0.5,0.6757161428435308,0.0,0.000999000999000999,0.002733238922886596,False
5712,Myofibroblast,T,Adenosine triphosphate,-0.28594685,-0.040849549429757256,0.5162920812164576,0.6757161428435308,0.0,0.054945054945054944,0.06925939791671254,False
5713,Myofibroblast,T,Amiloride-sensitive sodium transport,-0.48716244,-0.06959463443074908,0.5277418461543545,0.6757161428435308,0.0,0.01098901098901099,0.01912057513717265,False
5714,Myofibroblast,T,Anion exchange,4.041512,0.33333829261991565,0.36943946863173305,0.6757161428435308,10.931147,0.14785214785214784,0.16681435156771476,False
5715,Myofibroblast,T,Butyrate,-1.5727737,-0.2246819564274379,0.5888866487853408,0.6795983862910224,0.0,0.005994005994005994,0.012076328540133793,False
5716,Myofibroblast,T,Chenodeoxycholic acid,0.5962086,0.08517265319824219,0.46606206557394014,0.6757161428435308,0.0,0.007992007992007992,0.015114170255481141,False
5717,Myofibroblast,T,Chenodeoxycholic acid 3-sulfate,0.5962086,0.08517265319824219,0.46606206557394014,0.6757161428435308,0.0,0.007992007992007992,0.015114170255481141,False
5718,Myofibroblast,T,Chloride,-0.78293604,-0.11184800522668022,0.5445280381860883,0.6757161428435308,0.0,0.012987012987012988,0.02170829436309107,False
5719,Myofibroblast,T,Chloride ion,-0.037777454,-0.005396779094423566,0.50215299290768,0.6757161428435308,0.0,0.03296703296703297,0.04551418730523208,False
5720,Myofibroblast,T,Cholesterol,0.008640707,0.0007126734637670217,0.4997156844472507,0.6757161428435308,0.0,0.028971028971028972,0.040621438303114626,False
5721,Myofibroblast,T,Cholic acid,1.9137697,0.15784506630784514,0.43728944299268685,0.6757161428435308,0.0,0.052947052947052944,0.06692865012800704,False
5722,Myofibroblast,T,Choline,-0.60469407,-0.08638486691883632,0.5344197617960675,0.6757161428435308,0.0,0.005994005994005994,0.012076328540133793,False
5723,Myofibroblast,T,Citric acid,-0.94263023,-0.13466146162578038,0.5535602276265893,0.6757161428435308,0.0,0.04495504495504495,0.058374738391253664,False
5724,Myofibroblast,T,Coprocholic acid,0.5962086,0.08517265319824219,0.46606206557394014,0.6757161428435308,0.0,0.007992007992007992,0.015114170255481141,False
5725,Myofibroblast,T,Cortisol,0.008640707,0.0007126734637670217,0.4997156844472507,0.6757161428435308,0.0,0.028971028971028972,0.040621438303114626,False
5726,Myofibroblast,T,Creatine,-0.60469407,-0.08638486691883632,0.5344197617960675,0.6757161428435308,0.0,0.005994005994005994,0.012076328540133793,False
5727,Myofibroblast,T,D-Lactate,-1.5727737,-0.2246819564274379,0.5888866487853408,0.6795983862910224,0.0,0.005994005994005994,0.012076328540133793,False
5728,Myofibroblast,T,Deoxycholic acid,0.5962086,0.08517265319824219,0.46606206557394014,0.6757161428435308,0.0,0.007992007992007992,0.015114170255481141,False
5729,Myofibroblast,T,Dopamine,-0.60469407,-0.08638486691883632,0.5344197617960675,0.6757161428435308,0.0,0.005994005994005994,0.012076328540133793,False
5730,Myofibroblast,T,E-3179,0.54957414,0.07851059096200126,0.46871095292959625,0.6757161428435308,0.0,0.027972027972027972,0.039797343574769495,False
5731,Myofibroblast,T,Estradiol,-0.9339895,-0.0667135374886649,0.5265951215171732,0.6757161428435308,0.0,0.07292707292707293,0.08804439322673488,False
5732,Myofibroblast,T,Estriol,0.54957414,0.07851059096200126,0.46871095292959625,0.6757161428435308,0.0,0.027972027972027972,0.039797343574769495,False
5733,Myofibroblast,T,Fatty acid,-3.2743382,-0.2700628667706956,0.6064440554921106,0.679830913543959,0.0,0.4155844155844156,0.4319276229388589,False
5734,Myofibroblast,T,Folic acid,0.5962086,0.060226160648127136,0.4759877551720205,0.6757161428435308,0.0,0.007992007992007992,0.015114170255481141,False
5735,Myofibroblast,T,Folinic acid,0.5962086,0.08517265319824219,0.46606206557394014,0.6757161428435308,0.0,0.007992007992007992,0.015114170255481141,False
5736,Myofibroblast,T,Glutathione,0.5962086,0.08517265319824219,0.46606206557394014,0.6757161428435308,0.0,0.007992007992007992,0.015114170255481141,False
5737,Myofibroblast,T,Glycerol,0.54957414,0.07851059096200126,0.46871095292959625,0.6757161428435308,0.0,0.027972027972027972,0.039797343574769495,False
5738,Myofibroblast,T,Glycochenodeoxycholate-3-sulfate,0.5962086,0.08517265319824219,0.46606206557394014,0.6757161428435308,0.0,0.007992007992007992,0.015114170255481141,False
5739,Myofibroblast,T,Glycyl-glycine,0.0,0.0,0.5,0.6757161428435308,0.0,0.000999000999000999,0.002733238922886596,False
5740,Myofibroblast,T,Histamine,-0.60469407,-0.08638486691883632,0.5344197617960675,0.6757161428435308,0.0,0.005994005994005994,0.012076328540133793,False
5741,Myofibroblast,T,Hydroxylansoprazole,0.008640707,0.0007126734637670217,0.4997156844472507,0.6757161428435308,0.0,0.028971028971028972,0.040621438303114626,False
5742,Myofibroblast,T,Hyodeoxycholic acid,0.5962086,0.08517265319824219,0.46606206557394014,0.6757161428435308,0.0,0.007992007992007992,0.015114170255481141,False
5743,Myofibroblast,T,Iron,-7.2536345,-1.0362334932599748,0.8499533876108658,0.8560779516528977,0.0,0.04595404595404595,0.059463268679479334,False
5744,Myofibroblast,T,Isoursodeoxycholic acid,0.5962086,0.08517265319824219,0.46606206557394014,0.6757161428435308,0.0,0.007992007992007992,0.015114170255481141,False
5745,Myofibroblast,T,Ketone bodies,-1.5727737,-0.2246819564274379,0.5888866487853408,0.6795983862910224,0.0,0.005994005994005994,0.012076328540133793,False
5746,Myofibroblast,T,L-Arginine,0.0,0.0,0.5,0.6757161428435308,0.0,0.000999000999000999,0.002733238922886596,False
5747,Myofibroblast,T,L-Carnitine,0.037850022,0.0038234296353844154,0.49847467597866013,0.6757161428435308,0.0,0.016983016983016984,0.026454476677359295,False
5748,Myofibroblast,T,L-Cystine,0.0,0.0,0.5,0.6757161428435308,0.0,0.000999000999000999,0.002733238922886596,False
5749,Myofibroblast,T,L-Dopa,0.0,0.0,0.5,0.6757161428435308,0.0,0.000999000999000999,0.002733238922886596,False
5750,Myofibroblast,T,L-Glutamate,-1.8013265,-0.18196145609696646,0.5721935127770208,0.676594251050414,0.0,0.008991008991008992,0.016702140151638085,False
5751,Myofibroblast,T,L-Lactate,-1.5727737,-0.2246819564274379,0.5888866487853408,0.6795983862910224,0.0,0.005994005994005994,0.012076328540133793,False
5752,Myofibroblast,T,L-Lysine,0.0,0.0,0.5,0.6757161428435308,0.0,0.000999000999000999,0.002733238922886596,False
5753,Myofibroblast,T,L-Ornithine,0.0,0.0,0.5,0.6757161428435308,0.0,0.000999000999000999,0.002733238922886596,False
5754,Myofibroblast,T,Lithocholic acid,0.5962086,0.08517265319824219,0.46606206557394014,0.6757161428435308,0.0,0.007992007992007992,0.015114170255481141,False
5755,Myofibroblast,T,N-Desmethylcitalopram,0.54957414,0.07851059096200126,0.46871095292959625,0.6757161428435308,0.0,0.027972027972027972,0.039797343574769495,False
5756,Myofibroblast,T,N-Desmethyleletriptan,0.54957414,0.07851059096200126,0.46871095292959625,0.6757161428435308,0.0,0.027972027972027972,0.039797343574769495,False
5757,Myofibroblast,T,N-Desmethyltamoxifen,0.008640707,0.0007126734637670217,0.4997156844472507,0.6757161428435308,0.0,0.028971028971028972,0.040621438303114626,False
5758,Myofibroblast,T,N-desmethylimatinib,0.008640707,0.0007126734637670217,0.4997156844472507,0.6757161428435308,0.0,0.028971028971028972,0.040621438303114626,False
5759,Myofibroblast,T,Neurotransmitter,-0.47628886,-0.06804126501083374,0.5271236071744914,0.6757161428435308,0.0,0.011988011988011988,0.02048481266085178,False
5760,Myofibroblast,T,Nicotinate,-3.724792,-0.26605657168797087,0.6049021796811345,0.6795983862910224,0.0,0.054945054945054944,0.06925939791671254,False
5761,Myofibroblast,T,Norepinephrine,-0.60469407,-0.08638486691883632,0.5344197617960675,0.6757161428435308,0.0,0.005994005994005994,0.012076328540133793,False
5762,Myofibroblast,T,O-Deethylated candesartan,0.54957414,0.07851059096200126,0.46871095292959625,0.6757161428435308,0.0,0.027972027972027972,0.039797343574769495,False
5763,Myofibroblast,T,O-Desmethylverapamil (D-702),1.9095101,0.08626287491190135,0.46562872497923063,0.6757161428435308,0.0,0.07292707292707293,0.08804439322673488,False
5764,Myofibroblast,T,Oxalic acid,-0.94263023,-0.13466146162578038,0.5535602276265893,0.6757161428435308,0.0,0.04495504495504495,0.058374738391253664,False
5765,Myofibroblast,T,Phosphate,0.0,0.0,0.5,0.6757161428435308,0.0,0.000999000999000999,0.002733238922886596,False
5766,Myofibroblast,T,Progesterone,0.54957414,0.07851059096200126,0.46871095292959625,0.6757161428435308,0.0,0.027972027972027972,0.039797343574769495,False
5767,Myofibroblast,T,Pyruvate,-1.5727737,-0.2246819564274379,0.5888866487853408,0.6795983862910224,0.0,0.005994005994005994,0.012076328540133793,False
5768,Myofibroblast,T,Sodium,-0.15675384,-0.012928838657395435,0.505157716686947,0.6757161428435308,0.0,0.04295704295704296,0.05616291835373108,False
5769,Myofibroblast,T,Sodium_hydrogen exchange,0.47559968,0.03922680016843954,0.4843547833157567,0.6757161428435308,0.0,0.012987012987012988,0.02170829436309107,False
5770,Myofibroblast,T,Sulfolithocholic acid,0.5962086,0.08517265319824219,0.46606206557394014,0.6757161428435308,0.0,0.007992007992007992,0.015114170255481141,False
5771,Myofibroblast,T,Taurocholic acid,-2.3610325,-0.11243011837913877,0.5447588121492769,0.6757161428435308,0.0,0.11788211788211789,0.13550411576727367,False
5772,Myofibroblast,T,Testosterone,0.008640707,0.0006171933242252895,0.4997537755034173,0.6757161428435308,0.0,0.028971028971028972,0.040621438303114626,False
5773,Myofibroblast,T,Trihydroxycoprostanoic acid,0.5962086,0.08517265319824219,0.46606206557394014,0.6757161428435308,0.0,0.007992007992007992,0.015114170255481141,False
5774,Myofibroblast,T,Ursocholic acid,0.5962086,0.08517265319824219,0.46606206557394014,0.6757161428435308,0.0,0.007992007992007992,0.015114170255481141,False
5775,Myofibroblast,T,Ursodeoxycholic acid,0.5962086,0.08517265319824219,0.46606206557394014,0.6757161428435308,0.0,0.007992007992007992,0.015114170255481141,False
5776,Myofibroblast,T,Ursodeoxycholic acid 3-sulfate,0.5962086,0.08517265319824219,0.46606206557394014,0.6757161428435308,0.0,0.007992007992007992,0.015114170255481141,False
5777,Myofibroblast,T,Varanic acid,0.5962086,0.08517265319824219,0.46606206557394014,0.6757161428435308,0.0,0.007992007992007992,0.015114170255481141,False
5778,Myofibroblast,T,Water,0.34900013,0.0287850452520821,0.4885180140493159,0.6757161428435308,0.0,0.011988011988011988,0.02048481266085178,False
5779,Myofibroblast,T,alpha-Ketoisovaleric acid,-1.5727737,-0.2246819564274379,0.5888866487853408,0.6795983862910224,0.0,0.005994005994005994,0.012076328540133793,False
5780,Pericyte,Pericyte,"(3a,5b,7a)-23-Carboxy-7-hydroxy-24-norcholan-3-yl-b-D-Glucopyranosiduronic acid",0.0,0.0,0.5,0.6757161428435308,0.0,0.000999000999000999,0.002733238922886596,False
5781,Pericyte,Pericyte,17a-Ethynylestradiol,0.23470247,0.03911707798639933,0.48439852256272936,0.6757161428435308,0.0,0.000999000999000999,0.002733238922886596,False
5782,Pericyte,Pericyte,"1b,3a,12a-Trihydroxy-5b-cholanoic acid",0.0,0.0,0.5,0.6757161428435308,0.0,0.000999000999000999,0.002733238922886596,False
5783,Pericyte,Pericyte,2-Hydroxychlorpropamide,0.7022956,0.06757842575007939,0.4730606149439766,0.6757161428435308,0.0,0.002997002997002997,0.007184126848760995,False
5784,Pericyte,Pericyte,25-Hydroxycholesterol,1.73552,0.2892533342043559,0.38619376024512714,0.6757161428435308,0.0,0.08791208791208792,0.10355187883277772,False
5785,Pericyte,Pericyte,"3',4'-Dihydrodiol",0.23470247,0.03911707798639933,0.48439852256272936,0.6757161428435308,0.0,0.000999000999000999,0.002733238922886596,False
5786,Pericyte,Pericyte,3-Sulfodeoxycholic acid,0.0,0.0,0.5,0.6757161428435308,0.0,0.000999000999000999,0.002733238922886596,False
5787,Pericyte,Pericyte,"3alpha,7alpha-Dihydroxycoprostanic acid",0.0,0.0,0.5,0.6757161428435308,0.0,0.000999000999000999,0.002733238922886596,False
5788,Pericyte,Pericyte,3b-Hydroxy-5-cholenoic acid,0.0,0.0,0.5,0.6757161428435308,0.0,0.000999000999000999,0.002733238922886596,False
5789,Pericyte,Pericyte,4'-Hydroxydiclofenac,0.23470247,0.03911707798639933,0.48439852256272936,0.6757161428435308,0.0,0.000999000999000999,0.002733238922886596,False
5790,Pericyte,Pericyte,4-Hydroxycyclophosphamide,0.23470247,0.03911707798639933,0.48439852256272936,0.6757161428435308,0.0,0.000999000999000999,0.002733238922886596,False
5791,Pericyte,Pericyte,4-ene-Valproic acid,-2.0887544,-0.20099048734448693,0.5796469938540137,0.6774522894097766,0.0,0.011988011988011988,0.02048481266085178,False
5792,Pericyte,Pericyte,5-Hydroxyomeprazole,0.23470247,0.0174936890917499,0.4930213837262627,0.6757161428435308,0.0,0.000999000999000999,0.002733238922886596,False
5793,Pericyte,Pericyte,8-Hydroxycarvedilol,0.23470247,0.03911707798639933,0.48439852256272936,0.6757161428435308,0.0,0.000999000999000999,0.002733238922886596,False
5794,Pericyte,Pericyte,Acetate,0.23349519,0.02751767212440665,0.48902342243367664,0.6757161428435308,0.0,0.000999000999000999,0.002733238922886596,False
5795,Pericyte,Pericyte,Acetyl-L-Carnitine,-1.8399961,-0.3066660165786743,0.6204512004937275,0.6800205699783143,0.0,0.005994005994005994,0.012076328540133793,False
5796,Pericyte,Pericyte,Adenosine diphosphate ribose,0.0,0.0,0.5,0.6757161428435308,0.0,0.000999000999000999,0.002733238922886596,False
5797,Pericyte,Pericyte,Adenosine triphosphate,0.9388099,0.15646831194559732,0.4378319474892353,0.6757161428435308,0.0,0.02197802197802198,0.03289121062140334,False
5798,Pericyte,Pericyte,Amiloride-sensitive sodium transport,0.23470247,0.03911707798639933,0.48439852256272936,0.6757161428435308,0.0,0.000999000999000999,0.002733238922886596,False
5799,Pericyte,Pericyte,Anion exchange,-2.1233103,-0.20431563152875074,0.5809465722883936,0.6777806646174732,0.0,0.01098901098901099,0.01912057513717265,False
5800,Pericyte,Pericyte,Butyrate,0.23349519,0.03891586512327194,0.4844787338056276,0.6757161428435308,0.0,0.000999000999000999,0.002733238922886596,False
5801,Pericyte,Pericyte,Chenodeoxycholic acid,0.0,0.0,0.5,0.6757161428435308,0.0,0.000999000999000999,0.002733238922886596,False
5802,Pericyte,Pericyte,Chenodeoxycholic acid 3-sulfate,0.0,0.0,0.5,0.6757161428435308,0.0,0.000999000999000999,0.002733238922886596,False
5803,Pericyte,Pericyte,Chloride,0.23470247,0.03911707798639933,0.48439852256272936,0.6757161428435308,0.0,0.000999000999000999,0.002733238922886596,False
5804,Pericyte,Pericyte,Chloride ion,0.46940494,0.07823415597279866,0.4688208963663336,0.6757161428435308,0.0,0.004995004995004995,0.010650366582569973,False
5805,Pericyte,Pericyte,Cholesterol,0.23470247,0.022584255505359238,0.4909909514561274,0.6757161428435308,0.0,0.000999000999000999,0.002733238922886596,False
5806,Pericyte,Pericyte,Cholic acid,0.23470247,0.022584255505359238,0.4909909514561274,0.6757161428435308,0.0,0.000999000999000999,0.002733238922886596,False
5807,Pericyte,Pericyte,Choline,-1.8399961,-0.3066660165786743,0.6204512004937275,0.6800205699783143,0.0,0.005994005994005994,0.012076328540133793,False
5808,Pericyte,Pericyte,Citric acid,0.0,0.0,0.5,0.6757161428435308,0.0,0.000999000999000999,0.002733238922886596,False
5809,Pericyte,Pericyte,Coprocholic acid,0.0,0.0,0.5,0.6757161428435308,0.0,0.000999000999000999,0.002733238922886596,False
5810,Pericyte,Pericyte,Cortisol,0.23470247,0.022584255505359238,0.4909909514561274,0.6757161428435308,0.0,0.000999000999000999,0.002733238922886596,False
5811,Pericyte,Pericyte,Creatine,-1.8399961,-0.3066660165786743,0.6204512004937275,0.6800205699783143,0.0,0.005994005994005994,0.012076328540133793,False
5812,Pericyte,Pericyte,D-Lactate,0.23349519,0.03891586512327194,0.4844787338056276,0.6757161428435308,0.0,0.000999000999000999,0.002733238922886596,False
5813,Pericyte,Pericyte,Deoxycholic acid,0.0,0.0,0.5,0.6757161428435308,0.0,0.000999000999000999,0.002733238922886596,False
5814,Pericyte,Pericyte,Dopamine,-1.8399961,-0.3066660165786743,0.6204512004937275,0.6800205699783143,0.0,0.005994005994005994,0.012076328540133793,False
5815,Pericyte,Pericyte,E-3179,0.23470247,0.03911707798639933,0.48439852256272936,0.6757161428435308,0.0,0.000999000999000999,0.002733238922886596,False
5816,Pericyte,Pericyte,Estradiol,0.23470247,0.019558538993199665,0.4921977692955065,0.6757161428435308,0.0,0.000999000999000999,0.002733238922886596,False
5817,Pericyte,Pericyte,Estriol,0.23470247,0.03911707798639933,0.48439852256272936,0.6757161428435308,0.0,0.000999000999000999,0.002733238922886596,False
5818,Pericyte,Pericyte,Fatty acid,15.398006,1.481673860443483,0.06921354778862807,0.6757161428435308,46.931087,0.12087912087912088,0.13874629020614423,False
5819,Pericyte,Pericyte,Folic acid,0.0,0.0,0.5,0.6757161428435308,0.0,0.000999000999000999,0.002733238922886596,False
5820,Pericyte,Pericyte,Folinic acid,0.0,0.0,0.5,0.6757161428435308,0.0,0.000999000999000999,0.002733238922886596,False
5821,Pericyte,Pericyte,Glutathione,0.0,0.0,0.5,0.6757161428435308,0.0,0.000999000999000999,0.002733238922886596,False
5822,Pericyte,Pericyte,Glycerol,0.23470247,0.03911707798639933,0.48439852256272936,0.6757161428435308,0.0,0.000999000999000999,0.002733238922886596,False
5823,Pericyte,Pericyte,Glycochenodeoxycholate-3-sulfate,0.0,0.0,0.5,0.6757161428435308,0.0,0.000999000999000999,0.002733238922886596,False
5824,Pericyte,Pericyte,Glycyl-glycine,0.23349519,0.03891586512327194,0.4844787338056276,0.6757161428435308,0.0,0.000999000999000999,0.002733238922886596,False
5825,Pericyte,Pericyte,Histamine,-1.8399961,-0.3066660165786743,0.6204512004937275,0.6800205699783143,0.0,0.005994005994005994,0.012076328540133793,False
5826,Pericyte,Pericyte,Hydroxylansoprazole,0.23470247,0.022584255505359238,0.4909909514561274,0.6757161428435308,0.0,0.000999000999000999,0.002733238922886596,False
5827,Pericyte,Pericyte,Hyodeoxycholic acid,0.0,0.0,0.5,0.6757161428435308,0.0,0.000999000999000999,0.002733238922886596,False
5828,Pericyte,Pericyte,Iron,-1.5864818,-0.26441363493601483,0.6042693969325426,0.6795983862910224,0.0,0.09290709290709291,0.10858149654136276,False
5829,Pericyte,Pericyte,Isoursodeoxycholic acid,0.0,0.0,0.5,0.6757161428435308,0.0,0.000999000999000999,0.002733238922886596,False
5830,Pericyte,Pericyte,Ketone bodies,0.23349519,0.03891586512327194,0.4844787338056276,0.6757161428435308,0.0,0.000999000999000999,0.002733238922886596,False
5831,Pericyte,Pericyte,L-Arginine,0.23470247,0.03911707798639933,0.48439852256272936,0.6757161428435308,0.0,0.000999000999000999,0.002733238922886596,False
5832,Pericyte,Pericyte,L-Carnitine,-3.5252917,-0.4154596089167422,0.6610972611820884,0.702415840005969,0.0,0.014985014985014986,0.024255209535703617,False
5833,Pericyte,Pericyte,L-Cystine,0.23470247,0.03911707798639933,0.48439852256272936,0.6757161428435308,0.0,0.000999000999000999,0.002733238922886596,False
5834,Pericyte,Pericyte,L-Dopa,0.23349519,0.03891586512327194,0.4844787338056276,0.6757161428435308,0.0,0.000999000999000999,0.002733238922886596,False
5835,Pericyte,Pericyte,L-Glutamate,0.23349519,0.02751767212440665,0.48902342243367664,0.6757161428435308,0.0,0.000999000999000999,0.002733238922886596,False
5836,Pericyte,Pericyte,L-Lactate,0.23349519,0.03891586512327194,0.4844787338056276,0.6757161428435308,0.0,0.000999000999000999,0.002733238922886596,False
5837,Pericyte,Pericyte,L-Lysine,0.23470247,0.03911707798639933,0.48439852256272936,0.6757161428435308,0.0,0.000999000999000999,0.002733238922886596,False
5838,Pericyte,Pericyte,L-Ornithine,0.23470247,0.03911707798639933,0.48439852256272936,0.6757161428435308,0.0,0.000999000999000999,0.002733238922886596,False
5839,Pericyte,Pericyte,Lithocholic acid,0.0,0.0,0.5,0.6757161428435308,0.0,0.000999000999000999,0.002733238922886596,False
5840,Pericyte,Pericyte,N-Desmethylcitalopram,0.23470247,0.03911707798639933,0.48439852256272936,0.6757161428435308,0.0,0.000999000999000999,0.002733238922886596,False
5841,Pericyte,Pericyte,N-Desmethyleletriptan,0.23470247,0.03911707798639933,0.48439852256272936,0.6757161428435308,0.0,0.000999000999000999,0.002733238922886596,False
5842,Pericyte,Pericyte,N-Desmethyltamoxifen,0.23470247,0.022584255505359238,0.4909909514561274,0.6757161428435308,0.0,0.000999000999000999,0.002733238922886596,False
5843,Pericyte,Pericyte,N-desmethylimatinib,0.23470247,0.022584255505359238,0.4909909514561274,0.6757161428435308,0.0,0.000999000999000999,0.002733238922886596,False
5844,Pericyte,Pericyte,Neurotransmitter,-1.2958926,-0.21598209937413534,0.5854991495520826,0.6795983862910224,0.0,0.01098901098901099,0.01912057513717265,False
5845,Pericyte,Pericyte,Nicotinate,-2.0887544,-0.17406286795934042,0.5690919726244844,0.6757161428435308,0.0,0.011988011988011988,0.02048481266085178,False
5846,Pericyte,Pericyte,Norepinephrine,-1.8399961,-0.3066660165786743,0.6204512004937275,0.6800205699783143,0.0,0.005994005994005994,0.012076328540133793,False
5847,Pericyte,Pericyte,O-Deethylated candesartan,0.23470247,0.03911707798639933,0.48439852256272936,0.6757161428435308,0.0,0.000999000999000999,0.002733238922886596,False
5848,Pericyte,Pericyte,O-Desmethylverapamil (D-702),-2.0898707,-0.11014585666228102,0.5438531494906176,0.6757161428435308,0.0,0.011988011988011988,0.02048481266085178,False
5849,Pericyte,Pericyte,Oxalic acid,0.0,0.0,0.5,0.6757161428435308,0.0,0.000999000999000999,0.002733238922886596,False
5850,Pericyte,Pericyte,Phosphate,0.0,0.0,0.5,0.6757161428435308,0.0,0.000999000999000999,0.002733238922886596,False
5851,Pericyte,Pericyte,Progesterone,0.23470247,0.03911707798639933,0.48439852256272936,0.6757161428435308,0.0,0.000999000999000999,0.002733238922886596,False
5852,Pericyte,Pericyte,Pyruvate,0.23349519,0.03891586512327194,0.4844787338056276,0.6757161428435308,0.0,0.000999000999000999,0.002733238922886596,False
5853,Pericyte,Pericyte,Sodium,-1.3705912,-0.13188519621228936,0.5524624509740937,0.6757161428435308,0.0,0.00999000999000999,0.017922750381392707,False
5854,Pericyte,Pericyte,Sodium_hydrogen exchange,1.0360268,0.09969172872164629,0.4602945336764522,0.6757161428435308,0.0,0.00999000999000999,0.017922750381392707,False
5855,Pericyte,Pericyte,Sulfolithocholic acid,0.0,0.0,0.5,0.6757161428435308,0.0,0.000999000999000999,0.002733238922886596,False
5856,Pericyte,Pericyte,Taurocholic acid,0.7022956,0.03901642229821947,0.48443864774106066,0.6757161428435308,0.0,0.003996003996003996,0.008992796112653,False
5857,Pericyte,Pericyte,Testosterone,0.23470247,0.019558538993199665,0.4921977692955065,0.6757161428435308,0.0,0.000999000999000999,0.002733238922886596,False
5858,Pericyte,Pericyte,Trihydroxycoprostanoic acid,0.0,0.0,0.5,0.6757161428435308,0.0,0.000999000999000999,0.002733238922886596,False
5859,Pericyte,Pericyte,Ursocholic acid,0.0,0.0,0.5,0.6757161428435308,0.0,0.000999000999000999,0.002733238922886596,False
5860,Pericyte,Pericyte,Ursodeoxycholic acid,0.0,0.0,0.5,0.6757161428435308,0.0,0.000999000999000999,0.002733238922886596,False
5861,Pericyte,Pericyte,Ursodeoxycholic acid 3-sulfate,0.0,0.0,0.5,0.6757161428435308,0.0,0.000999000999000999,0.002733238922886596,False
5862,Pericyte,Pericyte,Varanic acid,0.0,0.0,0.5,0.6757161428435308,0.0,0.000999000999000999,0.002733238922886596,False
5863,Pericyte,Pericyte,Water,0.46940494,0.045168511010718476,0.4819864965979662,0.6757161428435308,0.0,0.006993006993006993,0.013630621005892154,False
5864,Pericyte,Pericyte,alpha-Ketoisovaleric acid,0.23349519,0.03891586512327194,0.4844787338056276,0.6757161428435308,0.0,0.000999000999000999,0.002733238922886596,False
5865,Pericyte,Plasma,"(3a,5b,7a)-23-Carboxy-7-hydroxy-24-norcholan-3-yl-b-D-Glucopyranosiduronic acid",0.0,0.0,0.5,0.6757161428435308,0.0,0.000999000999000999,0.002733238922886596,False
5866,Pericyte,Plasma,17a-Ethynylestradiol,0.58505166,0.05528218518900937,0.47795682731003863,0.6757161428435308,0.0,0.01098901098901099,0.01912057513717265,False
5867,Pericyte,Plasma,"1b,3a,12a-Trihydroxy-5b-cholanoic acid",0.0,0.0,0.5,0.6757161428435308,0.0,0.000999000999000999,0.002733238922886596,False
5868,Pericyte,Plasma,2-Hydroxychlorpropamide,-1.492566,-0.08142615031636193,0.5324484733942781,0.6757161428435308,0.0,0.03296703296703297,0.04551418730523208,False
5869,Pericyte,Plasma,25-Hydroxycholesterol,-1.5801194,-0.14930724637705842,0.5593444012074267,0.6757161428435308,0.0,0.04695304695304695,0.06060633394924386,False
5870,Pericyte,Plasma,"3',4'-Dihydrodiol",0.58505166,0.05528218518900937,0.47795682731003863,0.6757161428435308,0.0,0.01098901098901099,0.01912057513717265,False
5871,Pericyte,Plasma,3-Sulfodeoxycholic acid,0.0,0.0,0.5,0.6757161428435308,0.0,0.000999000999000999,0.002733238922886596,False
5872,Pericyte,Plasma,"3alpha,7alpha-Dihydroxycoprostanic acid",0.0,0.0,0.5,0.6757161428435308,0.0,0.000999000999000999,0.002733238922886596,False
5873,Pericyte,Plasma,3b-Hydroxy-5-cholenoic acid,0.0,0.0,0.5,0.6757161428435308,0.0,0.000999000999000999,0.002733238922886596,False
5874,Pericyte,Plasma,4'-Hydroxydiclofenac,0.58505166,0.05528218518900937,0.47795682731003863,0.6757161428435308,0.0,0.01098901098901099,0.01912057513717265,False
5875,Pericyte,Plasma,4-Hydroxycyclophosphamide,0.58505166,0.05528218518900937,0.47795682731003863,0.6757161428435308,0.0,0.01098901098901099,0.01912057513717265,False
5876,Pericyte,Plasma,4-ene-Valproic acid,-4.866453,-0.2654867859647686,0.6046827559891105,0.6795983862910224,0.0,0.03196803196803197,0.044261263719771314,False
5877,Pericyte,Plasma,5-Hydroxyomeprazole,-0.051891208,-0.002192803748321829,0.5008748014267641,0.6757161428435308,0.0,0.01898101898101898,0.02908419229978304,False
5878,Pericyte,Plasma,8-Hydroxycarvedilol,0.58505166,0.05528218518900937,0.47795682731003863,0.6757161428435308,0.0,0.01098901098901099,0.01912057513717265,False
5879,Pericyte,Plasma,Acetate,-1.6943938,-0.11321144474603667,0.5450685387958437,0.6757161428435308,0.0,0.006993006993006993,0.013630621005892154,False
5880,Pericyte,Plasma,Acetyl-L-Carnitine,-0.6588675,-0.06225712481132184,0.5248209641744068,0.6757161428435308,0.0,0.014985014985014986,0.024255209535703617,False
5881,Pericyte,Plasma,Adenosine diphosphate ribose,0.0,0.0,0.5,0.6757161428435308,0.0,0.000999000999000999,0.002733238922886596,False
5882,Pericyte,Plasma,Adenosine triphosphate,-1.6917217,-0.15985267310511514,0.5635014348050144,0.6757161428435308,0.0,0.17582417582417584,0.1944670416623995,False
5883,Pericyte,Plasma,Amiloride-sensitive sodium transport,-1.2059182,-0.11394855856446973,0.5453607139750308,0.6757161428435308,0.0,0.001998001998001998,0.005057316928544293,False
5884,Pericyte,Plasma,Anion exchange,27.064426,1.4764855085705217,0.06990680134181718,0.6757161428435308,20.688519,0.007992007992007992,0.015114170255481141,True
5885,Pericyte,Plasma,Butyrate,-1.6943938,-0.16010516057569732,0.5636008819665548,0.6757161428435308,0.0,0.006993006993006993,0.013630621005892154,False
5886,Pericyte,Plasma,Chenodeoxycholic acid,0.0,0.0,0.5,0.6757161428435308,0.0,0.000999000999000999,0.002733238922886596,False
5887,Pericyte,Plasma,Chenodeoxycholic acid 3-sulfate,0.0,0.0,0.5,0.6757161428435308,0.0,0.000999000999000999,0.002733238922886596,False
5888,Pericyte,Plasma,Chloride,0.75915724,0.07173361657385986,0.47140695145375827,0.6757161428435308,0.0,0.028971028971028972,0.040621438303114626,False
5889,Pericyte,Plasma,Chloride ion,0.08314572,0.00785653232024603,0.4968657293240085,0.6757161428435308,0.0,0.026973026973026972,0.03858547638397536,False
5890,Pericyte,Plasma,Cholesterol,1.0278485,0.05607373181327575,0.47764153499050005,0.6757161428435308,0.0,0.011988011988011988,0.02048481266085178,False
5891,Pericyte,Plasma,Cholic acid,-0.49468803,-0.026987444779260992,0.510765125999922,0.6757161428435308,0.0,0.017982017982017984,0.027654497092149906,False
5892,Pericyte,Plasma,Choline,-0.6588675,-0.06225712481132184,0.5248209641744068,0.6757161428435308,0.0,0.014985014985014986,0.024255209535703617,False
5893,Pericyte,Plasma,Citric acid,0.0,0.0,0.5,0.6757161428435308,0.0,0.000999000999000999,0.002733238922886596,False
5894,Pericyte,Plasma,Coprocholic acid,0.0,0.0,0.5,0.6757161428435308,0.0,0.000999000999000999,0.002733238922886596,False
5895,Pericyte,Plasma,Cortisol,1.0278485,0.05607373181327575,0.47764153499050005,0.6757161428435308,0.0,0.011988011988011988,0.02048481266085178,False
5896,Pericyte,Plasma,Creatine,-0.6588675,-0.06225712481132184,0.5248209641744068,0.6757161428435308,0.0,0.014985014985014986,0.024255209535703617,False
5897,Pericyte,Plasma,D-Lactate,-1.6943938,-0.16010516057569732,0.5636008819665548,0.6757161428435308,0.0,0.006993006993006993,0.013630621005892154,False
5898,Pericyte,Plasma,Deoxycholic acid,0.0,0.0,0.5,0.6757161428435308,0.0,0.000999000999000999,0.002733238922886596,False
5899,Pericyte,Plasma,Dopamine,-0.6588675,-0.06225712481132184,0.5248209641744068,0.6757161428435308,0.0,0.014985014985014986,0.024255209535703617,False
5900,Pericyte,Plasma,E-3179,0.58505166,0.05528218518900937,0.47795682731003863,0.6757161428435308,0.0,0.01098901098901099,0.01912057513717265,False
5901,Pericyte,Plasma,Estradiol,1.0278485,0.04856127623529245,0.4806344653111943,0.6757161428435308,0.0,0.011988011988011988,0.02048481266085178,False
5902,Pericyte,Plasma,Estriol,0.58505166,0.05528218518900937,0.47795682731003863,0.6757161428435308,0.0,0.01098901098901099,0.01912057513717265,False
5903,Pericyte,Plasma,Fatty acid,-3.590722,-0.1958899494010438,0.5776518479577186,0.6772959457320709,53.05777,0.18081918081918083,0.19950055207027667,False
5904,Pericyte,Plasma,Folic acid,0.0,0.0,0.5,0.6757161428435308,0.0,0.000999000999000999,0.002733238922886596,False
5905,Pericyte,Plasma,Folinic acid,0.0,0.0,0.5,0.6757161428435308,0.0,0.000999000999000999,0.002733238922886596,False
5906,Pericyte,Plasma,Glutathione,0.0,0.0,0.5,0.6757161428435308,0.0,0.000999000999000999,0.002733238922886596,False
5907,Pericyte,Plasma,Glycerol,0.58505166,0.05528218518900937,0.47795682731003863,0.6757161428435308,0.0,0.01098901098901099,0.01912057513717265,False
5908,Pericyte,Plasma,Glycochenodeoxycholate-3-sulfate,0.0,0.0,0.5,0.6757161428435308,0.0,0.000999000999000999,0.002733238922886596,False
5909,Pericyte,Plasma,Glycyl-glycine,-2.7418127,-0.2590769486277235,0.6022120649662244,0.6795983862910224,0.0,0.014985014985014986,0.024255209535703617,False
5910,Pericyte,Plasma,Histamine,-0.6588675,-0.06225712481132184,0.5248209641744068,0.6757161428435308,0.0,0.014985014985014986,0.024255209535703617,False
5911,Pericyte,Plasma,Hydroxylansoprazole,1.0278485,0.05607373181327575,0.47764153499050005,0.6757161428435308,0.0,0.011988011988011988,0.02048481266085178,False
5912,Pericyte,Plasma,Hyodeoxycholic acid,0.0,0.0,0.5,0.6757161428435308,0.0,0.000999000999000999,0.002733238922886596,False
5913,Pericyte,Plasma,Iron,-3.415848,-0.3227672988815823,0.6265642598585766,0.6819956866227408,17.813316,0.22677322677322678,0.24458223532297607,False
5914,Pericyte,Plasma,Isoursodeoxycholic acid,0.0,0.0,0.5,0.6757161428435308,0.0,0.000999000999000999,0.002733238922886596,False
5915,Pericyte,Plasma,Ketone bodies,-1.6943938,-0.16010516057569732,0.5636008819665548,0.6757161428435308,0.0,0.006993006993006993,0.013630621005892154,False
5916,Pericyte,Plasma,L-Arginine,0.5423131,0.05124377115864077,0.4795656366498742,0.6757161428435308,0.0,0.003996003996003996,0.008992796112653,False
5917,Pericyte,Plasma,L-Carnitine,-2.894146,-0.1933732612589301,0.5766666726833931,0.6772959457320709,0.0,0.030969030969030968,0.04302014240176784,False
5918,Pericyte,Plasma,L-Cystine,0.5423131,0.05124377115864077,0.4795656366498742,0.6757161428435308,0.0,0.003996003996003996,0.008992796112653,False
5919,Pericyte,Plasma,L-Dopa,-2.7418127,-0.2590769486277235,0.6022120649662244,0.6795983862910224,0.0,0.014985014985014986,0.024255209535703617,False
5920,Pericyte,Plasma,L-Glutamate,-2.7660224,-0.18481264836999334,0.5733120066032174,0.6769644544498953,0.0,0.01098901098901099,0.01912057513717265,False
5921,Pericyte,Plasma,L-Lactate,-1.6943938,-0.16010516057569732,0.5636008819665548,0.6757161428435308,0.0,0.006993006993006993,0.013630621005892154,False
5922,Pericyte,Plasma,L-Lysine,0.5423131,0.05124377115864077,0.4795656366498742,0.6757161428435308,0.0,0.003996003996003996,0.008992796112653,False
5923,Pericyte,Plasma,L-Ornithine,0.5423131,0.05124377115864077,0.4795656366498742,0.6757161428435308,0.0,0.003996003996003996,0.008992796112653,False
5924,Pericyte,Plasma,Lithocholic acid,0.0,0.0,0.5,0.6757161428435308,0.0,0.000999000999000999,0.002733238922886596,False
5925,Pericyte,Plasma,N-Desmethylcitalopram,0.58505166,0.05528218518900937,0.47795682731003863,0.6757161428435308,0.0,0.01098901098901099,0.01912057513717265,False
5926,Pericyte,Plasma,N-Desmethyleletriptan,0.58505166,0.05528218518900937,0.47795682731003863,0.6757161428435308,0.0,0.01098901098901099,0.01912057513717265,False
5927,Pericyte,Plasma,N-Desmethyltamoxifen,1.0278485,0.05607373181327575,0.47764153499050005,0.6757161428435308,0.0,0.011988011988011988,0.02048481266085178,False
5928,Pericyte,Plasma,N-desmethylimatinib,1.0278485,0.05607373181327575,0.47764153499050005,0.6757161428435308,0.0,0.011988011988011988,0.02048481266085178,False
5929,Pericyte,Plasma,Neurotransmitter,-1.5743847,-0.148765369854202,0.5591306113191685,0.6757161428435308,0.0,0.04495504495504495,0.058374738391253664,False
5930,Pericyte,Plasma,Nicotinate,-4.866453,-0.22991830101457156,0.5909223724525772,0.6795983862910224,0.0,0.03196803196803197,0.044261263719771314,False
5931,Pericyte,Plasma,Norepinephrine,-0.6588675,-0.06225712481132184,0.5248209641744068,0.6757161428435308,0.0,0.014985014985014986,0.024255209535703617,False
5932,Pericyte,Plasma,O-Deethylated candesartan,0.58505166,0.05528218518900937,0.47795682731003863,0.6757161428435308,0.0,0.01098901098901099,0.01912057513717265,False
5933,Pericyte,Plasma,O-Desmethylverapamil (D-702),0.023536682,0.0007032928962319574,0.49971942675131664,0.6757161428435308,0.0,0.03996003996003996,0.05324055313464337,False
5934,Pericyte,Plasma,Oxalic acid,0.0,0.0,0.5,0.6757161428435308,0.0,0.000999000999000999,0.002733238922886596,False
5935,Pericyte,Plasma,Phosphate,0.0,0.0,0.5,0.6757161428435308,0.0,0.000999000999000999,0.002733238922886596,False
5936,Pericyte,Plasma,Progesterone,0.58505166,0.05528218518900937,0.47795682731003863,0.6757161428435308,0.0,0.01098901098901099,0.01912057513717265,False
5937,Pericyte,Plasma,Pyruvate,-1.6943938,-0.16010516057569732,0.5636008819665548,0.6757161428435308,0.0,0.006993006993006993,0.013630621005892154,False
5938,Pericyte,Plasma,Sodium,-0.7179873,-0.039169418399120026,0.5156223422502825,0.6757161428435308,0.0,0.04995004995004995,0.06360036724409195,False
5939,Pericyte,Plasma,Sodium_hydrogen exchange,-4.7195587,-0.25747303645279956,0.6015931861908721,0.6795983862910224,0.0,0.02197802197802198,0.03289121062140334,False
5940,Pericyte,Plasma,Sulfolithocholic acid,0.0,0.0,0.5,0.6757161428435308,0.0,0.000999000999000999,0.002733238922886596,False
5941,Pericyte,Plasma,Taurocholic acid,-1.2512231,-0.03940982290103345,0.5157181757738377,0.6757161428435308,0.0,0.03196803196803197,0.044261263719771314,False
5942,Pericyte,Plasma,Testosterone,1.0278485,0.04856127623529245,0.4806344653111943,0.6757161428435308,0.0,0.011988011988011988,0.02048481266085178,False
5943,Pericyte,Plasma,Trihydroxycoprostanoic acid,0.0,0.0,0.5,0.6757161428435308,0.0,0.000999000999000999,0.002733238922886596,False
5944,Pericyte,Plasma,Ursocholic acid,0.0,0.0,0.5,0.6757161428435308,0.0,0.000999000999000999,0.002733238922886596,False
5945,Pericyte,Plasma,Ursodeoxycholic acid,0.0,0.0,0.5,0.6757161428435308,0.0,0.000999000999000999,0.002733238922886596,False
5946,Pericyte,Plasma,Ursodeoxycholic acid 3-sulfate,0.0,0.0,0.5,0.6757161428435308,0.0,0.000999000999000999,0.002733238922886596,False
5947,Pericyte,Plasma,Varanic acid,0.0,0.0,0.5,0.6757161428435308,0.0,0.000999000999000999,0.002733238922886596,False
5948,Pericyte,Plasma,Water,-7.9885435,-0.4358107777264983,0.6685129882383845,0.7055279691307782,0.0,0.054945054945054944,0.06925939791671254,False
5949,Pericyte,Plasma,alpha-Ketoisovaleric acid,-1.6943938,-0.16010516057569732,0.5636008819665548,0.6757161428435308,0.0,0.006993006993006993,0.013630621005892154,False
5950,Pericyte,T,"(3a,5b,7a)-23-Carboxy-7-hydroxy-24-norcholan-3-yl-b-D-Glucopyranosiduronic acid",0.0,0.0,0.5,0.6757161428435308,0.0,0.000999000999000999,0.002733238922886596,False
5951,Pericyte,T,17a-Ethynylestradiol,-1.4932687,-0.2599447199267897,0.6025467924436672,0.6795983862910224,0.0,0.00999000999000999,0.017922750381392707,False
5952,Pericyte,T,"1b,3a,12a-Trihydroxy-5b-cholanoic acid",0.0,0.0,0.5,0.6757161428435308,0.0,0.000999000999000999,0.002733238922886596,False
5953,Pericyte,T,2-Hydroxychlorpropamide,-2.8589451,-0.28733479687096025,0.6130720092921518,0.6800205699783143,0.0,0.022977022977022976,0.034070126007891215,False
5954,Pericyte,T,25-Hydroxycholesterol,6.3710523,1.1090578442915515,0.13370261453217736,0.6757161428435308,17.747004,0.04995004995004995,0.06360036724409195,False
5955,Pericyte,T,"3',4'-Dihydrodiol",-1.4932687,-0.2599447199267897,0.6025467924436672,0.6795983862910224,0.0,0.00999000999000999,0.017922750381392707,False
5956,Pericyte,T,3-Sulfodeoxycholic acid,0.0,0.0,0.5,0.6757161428435308,0.0,0.000999000999000999,0.002733238922886596,False
5957,Pericyte,T,"3alpha,7alpha-Dihydroxycoprostanic acid",0.0,0.0,0.5,0.6757161428435308,0.0,0.000999000999000999,0.002733238922886596,False
5958,Pericyte,T,3b-Hydroxy-5-cholenoic acid,0.0,0.0,0.5,0.6757161428435308,0.0,0.000999000999000999,0.002733238922886596,False
5959,Pericyte,T,4'-Hydroxydiclofenac,-1.4932687,-0.2599447199267897,0.6025467924436672,0.6795983862910224,0.0,0.00999000999000999,0.017922750381392707,False
5960,Pericyte,T,4-Hydroxycyclophosphamide,-1.4932687,-0.2599447199267897,0.6025467924436672,0.6795983862910224,0.0,0.00999000999000999,0.017922750381392707,False
5961,Pericyte,T,4-ene-Valproic acid,0.747785,0.07515521747343695,0.47004560740719065,0.6757161428435308,0.0,0.030969030969030968,0.04302014240176784,False
5962,Pericyte,T,5-Hydroxyomeprazole,-3.8445463,-0.29929752493852646,0.6176434785493106,0.6800205699783143,0.0,0.016983016983016984,0.026454476677359295,False
5963,Pericyte,T,8-Hydroxycarvedilol,-1.4932687,-0.2599447199267897,0.6025467924436672,0.6795983862910224,0.0,0.00999000999000999,0.017922750381392707,False
5964,Pericyte,T,Acetate,-0.06721017,-0.00827299974456728,0.5033004117357298,0.6757161428435308,0.0,0.01098901098901099,0.01912057513717265,False
5965,Pericyte,T,Acetyl-L-Carnitine,0.4777895,0.08317247470579237,0.4668571994458391,0.6757161428435308,0.0,0.013986013986013986,0.022891498301334367,False
5966,Pericyte,T,Adenosine diphosphate ribose,0.0,0.0,0.5,0.6757161428435308,0.0,0.000999000999000999,0.002733238922886596,False
5967,Pericyte,T,Adenosine triphosphate,-1.8731544,-0.3260743275048162,0.6278159399429515,0.6827504124881194,0.0,0.12887112887112886,0.14708753413162776,False
5968,Pericyte,T,Amiloride-sensitive sodium transport,-0.15804583,-0.027512247331428156,0.5109744142061077,0.6757161428435308,0.0,0.001998001998001998,0.005057316928544293,False
5969,Pericyte,T,Anion exchange,-1.8084265,-0.18175370179804337,0.5721119900776106,0.676594251050414,0.0,0.08091908091908091,0.09614299565187362,False
5970,Pericyte,T,Butyrate,-0.06721017,-0.0116997884402762,0.5046674337966841,0.6757161428435308,0.0,0.01098901098901099,0.01912057513717265,False
5971,Pericyte,T,Chenodeoxycholic acid,0.0,0.0,0.5,0.6757161428435308,0.0,0.000999000999000999,0.002733238922886596,False
5972,Pericyte,T,Chenodeoxycholic acid 3-sulfate,0.0,0.0,0.5,0.6757161428435308,0.0,0.000999000999000999,0.002733238922886596,False
5973,Pericyte,T,Chloride,-0.52830446,-0.09196600162118058,0.5366374740706353,0.6757161428435308,0.0,0.007992007992007992,0.015114170255481141,False
5974,Pericyte,T,Chloride ion,-3.086128,-0.5372259276003479,0.7044442180983584,0.7329948936044127,0.0,0.02097902097902098,0.031531192821515404,False
5975,Pericyte,T,Cholesterol,-1.8554785,-0.18648260831889432,0.5739668419048158,0.6769644544498953,0.0,0.00999000999000999,0.017922750381392707,False
5976,Pericyte,T,Cholic acid,-3.4823365,-0.3499879889212636,0.6368261441247938,0.6857792238563521,0.0,0.016983016983016984,0.026454476677359295,False
5977,Pericyte,T,Choline,0.4777895,0.08317247470579237,0.4668571994458391,0.6757161428435308,0.0,0.013986013986013986,0.022891498301334367,False
5978,Pericyte,T,Citric acid,0.0,0.0,0.5,0.6757161428435308,0.0,0.000999000999000999,0.002733238922886596,False
5979,Pericyte,T,Coprocholic acid,0.0,0.0,0.5,0.6757161428435308,0.0,0.000999000999000999,0.002733238922886596,False
5980,Pericyte,T,Cortisol,-1.8554785,-0.18648260831889432,0.5739668419048158,0.6769644544498953,0.0,0.00999000999000999,0.017922750381392707,False
5981,Pericyte,T,Creatine,0.4777895,0.08317247470579237,0.4668571994458391,0.6757161428435308,0.0,0.013986013986013986,0.022891498301334367,False
5982,Pericyte,T,D-Lactate,-0.06721017,-0.0116997884402762,0.5046674337966841,0.6757161428435308,0.0,0.01098901098901099,0.01912057513717265,False
5983,Pericyte,T,Deoxycholic acid,0.0,0.0,0.5,0.6757161428435308,0.0,0.000999000999000999,0.002733238922886596,False
5984,Pericyte,T,Dopamine,0.4777895,0.08317247470579237,0.4668571994458391,0.6757161428435308,0.0,0.013986013986013986,0.022891498301334367,False
5985,Pericyte,T,E-3179,-1.4932687,-0.2599447199267897,0.6025467924436672,0.6795983862910224,0.0,0.00999000999000999,0.017922750381392707,False
5986,Pericyte,T,Estradiol,-1.8554785,-0.16149867616814578,0.564149673031813,0.6757161428435308,0.0,0.00999000999000999,0.017922750381392707,False
5987,Pericyte,T,Estriol,-1.4932687,-0.2599447199267897,0.6025467924436672,0.6795983862910224,0.0,0.00999000999000999,0.017922750381392707,False
5988,Pericyte,T,Fatty acid,1.0705578,0.10759511053034307,0.4571584378534662,0.6757161428435308,0.0,0.5474525474525475,0.5594600363081272,False
5989,Pericyte,T,Folic acid,0.0,0.0,0.5,0.6757161428435308,0.0,0.000999000999000999,0.002733238922886596,False
5990,Pericyte,T,Folinic acid,0.0,0.0,0.5,0.6757161428435308,0.0,0.000999000999000999,0.002733238922886596,False
5991,Pericyte,T,Glutathione,0.0,0.0,0.5,0.6757161428435308,0.0,0.000999000999000999,0.002733238922886596,False
5992,Pericyte,T,Glycerol,-1.4932687,-0.2599447199267897,0.6025467924436672,0.6795983862910224,0.0,0.00999000999000999,0.017922750381392707,False
5993,Pericyte,T,Glycochenodeoxycholate-3-sulfate,0.0,0.0,0.5,0.6757161428435308,0.0,0.000999000999000999,0.002733238922886596,False
5994,Pericyte,T,Glycyl-glycine,-0.85343444,-0.14856386743177738,0.5590511069256915,0.6757161428435308,0.0,0.00999000999000999,0.017922750381392707,False
5995,Pericyte,T,Histamine,0.4777895,0.08317247470579237,0.4668571994458391,0.6757161428435308,0.0,0.013986013986013986,0.022891498301334367,False
5996,Pericyte,T,Hydroxylansoprazole,-1.8554785,-0.18648260831889432,0.5739668419048158,0.6769644544498953,0.0,0.00999000999000999,0.017922750381392707,False
5997,Pericyte,T,Hyodeoxycholic acid,0.0,0.0,0.5,0.6757161428435308,0.0,0.000999000999000999,0.002733238922886596,False
5998,Pericyte,T,Iron,-0.9289728,-0.16171340411168558,0.5642342257358878,0.6757161428435308,0.0,0.0969030969030969,0.11308357690546929,False
5999,Pericyte,T,Isoursodeoxycholic acid,0.0,0.0,0.5,0.6757161428435308,0.0,0.000999000999000999,0.002733238922886596,False
6000,Pericyte,T,Ketone bodies,-0.06721017,-0.0116997884402762,0.5046674337966841,0.6757161428435308,0.0,0.01098901098901099,0.01912057513717265,False
6001,Pericyte,T,L-Arginine,-1.4457066,-0.2516652171566991,0.5993500777597535,0.6795983862910224,0.0,0.001998001998001998,0.005057316928544293,False
6002,Pericyte,T,L-Carnitine,0.955579,0.11762364174506475,0.45318293578879615,0.6757161428435308,0.0,0.025974025974025976,0.03748889935213937,False
6003,Pericyte,T,L-Cystine,-1.4457066,-0.2516652171566991,0.5993500777597535,0.6795983862910224,0.0,0.001998001998001998,0.005057316928544293,False
6004,Pericyte,T,L-Dopa,-0.85343444,-0.14856386743177738,0.5590511069256915,0.6757161428435308,0.0,0.00999000999000999,0.017922750381392707,False
6005,Pericyte,T,L-Glutamate,0.06024158,0.007415225902315251,0.4970417799787683,0.6757161428435308,0.0,0.011988011988011988,0.02048481266085178,False
6006,Pericyte,T,L-Lactate,-0.06721017,-0.0116997884402762,0.5046674337966841,0.6757161428435308,0.0,0.01098901098901099,0.01912057513717265,False
6007,Pericyte,T,L-Lysine,-1.4457066,-0.2516652171566991,0.5993500777597535,0.6795983862910224,0.0,0.001998001998001998,0.005057316928544293,False
6008,Pericyte,T,L-Ornithine,-1.4457066,-0.2516652171566991,0.5993500777597535,0.6795983862910224,0.0,0.001998001998001998,0.005057316928544293,False
6009,Pericyte,T,Lithocholic acid,0.0,0.0,0.5,0.6757161428435308,0.0,0.000999000999000999,0.002733238922886596,False
6010,Pericyte,T,N-Desmethylcitalopram,-1.4932687,-0.2599447199267897,0.6025467924436672,0.6795983862910224,0.0,0.00999000999000999,0.017922750381392707,False
6011,Pericyte,T,N-Desmethyleletriptan,-1.4932687,-0.2599447199267897,0.6025467924436672,0.6795983862910224,0.0,0.00999000999000999,0.017922750381392707,False
6012,Pericyte,T,N-Desmethyltamoxifen,-1.8554785,-0.18648260831889432,0.5739668419048158,0.6769644544498953,0.0,0.00999000999000999,0.017922750381392707,False
6013,Pericyte,T,N-desmethylimatinib,-1.8554785,-0.18648260831889432,0.5739668419048158,0.6769644544498953,0.0,0.00999000999000999,0.017922750381392707,False
6014,Pericyte,T,Neurotransmitter,0.38308382,0.06668633347986617,0.4734157071974882,0.6757161428435308,0.0,0.006993006993006993,0.013630621005892154,False
6015,Pericyte,T,Nicotinate,0.747785,0.06508632755894053,0.4740526331884672,0.6757161428435308,0.0,0.030969030969030968,0.04302014240176784,False
6016,Pericyte,T,Norepinephrine,0.4777895,0.08317247470579237,0.4668571994458391,0.6757161428435308,0.0,0.013986013986013986,0.022891498301334367,False
6017,Pericyte,T,O-Deethylated candesartan,-1.4932687,-0.2599447199267897,0.6025467924436672,0.6795983862910224,0.0,0.00999000999000999,0.017922750381392707,False
6018,Pericyte,T,O-Desmethylverapamil (D-702),-3.9200416,-0.21579118582949391,0.5854247404239821,0.6795983862910224,0.0,0.03296703296703297,0.04551418730523208,False
6019,Pericyte,T,Oxalic acid,0.0,0.0,0.5,0.6757161428435308,0.0,0.000999000999000999,0.002733238922886596,False
6020,Pericyte,T,Phosphate,0.0,0.0,0.5,0.6757161428435308,0.0,0.000999000999000999,0.002733238922886596,False
6021,Pericyte,T,Progesterone,-1.4932687,-0.2599447199267897,0.6025467924436672,0.6795983862910224,0.0,0.00999000999000999,0.017922750381392707,False
6022,Pericyte,T,Pyruvate,-0.06721017,-0.0116997884402762,0.5046674337966841,0.6757161428435308,0.0,0.01098901098901099,0.01912057513717265,False
6023,Pericyte,T,Sodium,-4.152486,-0.4173405304039207,0.6617853266047086,0.7030281547616309,0.0,0.03696303696303696,0.050226291315079385,False
6024,Pericyte,T,Sodium_hydrogen exchange,0.7962197,0.08002309143226084,0.468109445277611,0.6757161428435308,0.0,0.04295704295704296,0.05616291835373108,False
6025,Pericyte,T,Sulfolithocholic acid,0.0,0.0,0.5,0.6757161428435308,0.0,0.000999000999000999,0.002733238922886596,False
6026,Pericyte,T,Taurocholic acid,-4.931777,-0.28617072664353255,0.6126263183303435,0.6800205699783143,0.0,0.03796203796203796,0.05117471469807518,False
6027,Pericyte,T,Testosterone,-1.8554785,-0.16149867616814578,0.564149673031813,0.6757161428435308,0.0,0.00999000999000999,0.017922750381392707,False
6028,Pericyte,T,Trihydroxycoprostanoic acid,0.0,0.0,0.5,0.6757161428435308,0.0,0.000999000999000999,0.002733238922886596,False
6029,Pericyte,T,Ursocholic acid,0.0,0.0,0.5,0.6757161428435308,0.0,0.000999000999000999,0.002733238922886596,False
6030,Pericyte,T,Ursodeoxycholic acid,0.0,0.0,0.5,0.6757161428435308,0.0,0.000999000999000999,0.002733238922886596,False
6031,Pericyte,T,Ursodeoxycholic acid 3-sulfate,0.0,0.0,0.5,0.6757161428435308,0.0,0.000999000999000999,0.002733238922886596,False
6032,Pericyte,T,Varanic acid,0.0,0.0,0.5,0.6757161428435308,0.0,0.000999000999000999,0.002733238922886596,False
6033,Pericyte,T,Water,-0.81030047,-0.0814382613467781,0.5324532890032285,0.6757161428435308,0.0,0.011988011988011988,0.02048481266085178,False
6034,Pericyte,T,alpha-Ketoisovaleric acid,-0.06721017,-0.0116997884402762,0.5046674337966841,0.6757161428435308,0.0,0.01098901098901099,0.01912057513717265,False
6035,Plasma,Plasma,"(3a,5b,7a)-23-Carboxy-7-hydroxy-24-norcholan-3-yl-b-D-Glucopyranosiduronic acid",-8.116553,-0.1592093266356686,0.5632480220019112,0.6757161428435308,0.0,0.013986013986013986,0.022891498301334367,False
6036,Plasma,Plasma,17a-Ethynylestradiol,-15.589514,-0.3057943313536989,0.6201193776057617,0.6800205699783143,0.0,0.03396603396603397,0.04659680559353405,False
6037,Plasma,Plasma,"1b,3a,12a-Trihydroxy-5b-cholanoic acid",-8.116553,-0.1592093266356686,0.5632480220019112,0.6757161428435308,0.0,0.013986013986013986,0.022891498301334367,False
6038,Plasma,Plasma,2-Hydroxychlorpropamide,-20.393948,-0.23096040477920704,0.5913272185853365,0.6795983862910224,0.0,0.1928071928071928,0.21036552346179405,False
6039,Plasma,Plasma,25-Hydroxycholesterol,-8.351738,-0.16382256472466372,0.5650645862090652,0.6757161428435308,0.0,0.028971028971028972,0.040621438303114626,False
6040,Plasma,Plasma,"3',4'-Dihydrodiol",-15.589514,-0.3057943313536989,0.6201193776057617,0.6800205699783143,0.0,0.03396603396603397,0.04659680559353405,False
6041,Plasma,Plasma,3-Sulfodeoxycholic acid,-8.116553,-0.1592093266356686,0.5632480220019112,0.6757161428435308,0.0,0.013986013986013986,0.022891498301334367,False
6042,Plasma,Plasma,"3alpha,7alpha-Dihydroxycoprostanic acid",-8.116553,-0.1592093266356686,0.5632480220019112,0.6757161428435308,0.0,0.013986013986013986,0.022891498301334367,False
6043,Plasma,Plasma,3b-Hydroxy-5-cholenoic acid,-8.116553,-0.1592093266356686,0.5632480220019112,0.6757161428435308,0.0,0.013986013986013986,0.022891498301334367,False
6044,Plasma,Plasma,4'-Hydroxydiclofenac,-15.589514,-0.3057943313536989,0.6201193776057617,0.6800205699783143,0.0,0.03396603396603397,0.04659680559353405,False
6045,Plasma,Plasma,4-Hydroxycyclophosphamide,-15.589514,-0.3057943313536989,0.6201193776057617,0.6800205699783143,0.0,0.03396603396603397,0.04659680559353405,False
6046,Plasma,Plasma,4-ene-Valproic acid,-20.837824,-0.23598728060443272,0.5932787299604364,0.6795983862910224,0.0,0.15984015984015984,0.17826145485719955,False
6047,Plasma,Plasma,5-Hydroxyomeprazole,-48.125465,-0.42216944779887633,0.6635493299282145,0.7043477187923225,0.0,0.14485514485514486,0.16355032510121364,False
6048,Plasma,Plasma,8-Hydroxycarvedilol,-15.589514,-0.3057943313536989,0.6201193776057617,0.6800205699783143,0.0,0.03396603396603397,0.04659680559353405,False
6049,Plasma,Plasma,Acetate,-29.139688,-0.4041725060658603,0.6569570649622126,0.6988432164066155,0.0,0.14285714285714285,0.16141035181811184,False
6050,Plasma,Plasma,Acetyl-L-Carnitine,-7.2007356,-0.14124520814675134,0.556161883449227,0.6757161428435308,0.0,0.08891108891108891,0.10453285032724285,False
6051,Plasma,Plasma,Adenosine diphosphate ribose,1.7738057,0.03479388434746092,0.4861220486321474,0.6757161428435308,813.0562,0.7902097902097902,0.7933630615194861,False
6052,Plasma,Plasma,Adenosine triphosphate,-2.679039,-0.05255038430021174,0.5209549250510692,0.6757161428435308,96.50499,0.42657342657342656,0.44269045588959793,False
6053,Plasma,Plasma,Amiloride-sensitive sodium transport,-3.5470414,-0.06957658677103545,0.5277346635904521,0.6757161428435308,0.0,0.017982017982017984,0.027654497092149906,False
6054,Plasma,Plasma,Anion exchange,-6.069418,-0.06873584529666527,0.5274000573775793,0.6757161428435308,57.6586,0.06493506493506493,0.07952522555326293,False
6055,Plasma,Plasma,Butyrate,-6.798118,-0.13334771133916723,0.5530408018519194,0.6757161428435308,0.0,0.017982017982017984,0.027654497092149906,False
6056,Plasma,Plasma,Chenodeoxycholic acid,-8.116553,-0.1592093266356686,0.5632480220019112,0.6757161428435308,0.0,0.013986013986013986,0.022891498301334367,False
6057,Plasma,Plasma,Chenodeoxycholic acid 3-sulfate,-8.116553,-0.1592093266356686,0.5632480220019112,0.6757161428435308,0.0,0.013986013986013986,0.022891498301334367,False
6058,Plasma,Plasma,Chloride,-29.473186,-0.5781279316605263,0.7184111247574981,0.7443264659404815,0.0,0.4725274725274725,0.48668704801011986,False
6059,Plasma,Plasma,Chloride ion,-33.783646,-0.6626792517547484,0.746231999574408,0.7674622755596838,0.0,0.22977022977022976,0.2476447473020468,False
6060,Plasma,Plasma,Cholesterol,-28.940321,-0.3277476423898623,0.6284487611099521,0.6827504124881194,0.0,0.07692307692307693,0.09189860471911754,False
6061,Plasma,Plasma,Cholic acid,-34.77466,-0.39382121066806725,0.6531434782614289,0.6969481205154165,0.0,0.1018981018981019,0.11836363082900479,False
6062,Plasma,Plasma,Choline,-7.2007356,-0.14124520814675134,0.556161883449227,0.6757161428435308,0.0,0.08891108891108891,0.10453285032724285,False
6063,Plasma,Plasma,Citric acid,-22.34157,-0.43823851892414956,0.6693933056630169,0.7058648604560565,0.0,0.12887112887112886,0.14708753413162776,False
6064,Plasma,Plasma,Coprocholic acid,-8.116553,-0.1592093266356686,0.5632480220019112,0.6757161428435308,0.0,0.013986013986013986,0.022891498301334367,False
6065,Plasma,Plasma,Cortisol,-28.940321,-0.3277476423898623,0.6284487611099521,0.6827504124881194,0.0,0.07692307692307693,0.09189860471911754,False
6066,Plasma,Plasma,Creatine,-7.2007356,-0.14124520814675134,0.556161883449227,0.6757161428435308,0.0,0.08891108891108891,0.10453285032724285,False
6067,Plasma,Plasma,D-Lactate,-6.798118,-0.13334771133916723,0.5530408018519194,0.6757161428435308,0.0,0.017982017982017984,0.027654497092149906,False
6068,Plasma,Plasma,Deoxycholic acid,-8.116553,-0.1592093266356686,0.5632480220019112,0.6757161428435308,0.0,0.013986013986013986,0.022891498301334367,False
6069,Plasma,Plasma,Dopamine,-7.2007356,-0.14124520814675134,0.556161883449227,0.6757161428435308,0.0,0.08891108891108891,0.10453285032724285,False
6070,Plasma,Plasma,E-3179,-15.589514,-0.3057943313536989,0.6201193776057617,0.6800205699783143,0.0,0.03396603396603397,0.04659680559353405,False
6071,Plasma,Plasma,Estradiol,-51.28189,-0.502957043802153,0.6925027631057971,0.7238023230201833,0.0,0.1938061938061938,0.21141882744380142,False
6072,Plasma,Plasma,Estriol,-15.589514,-0.3057943313536989,0.6201193776057617,0.6800205699783143,0.0,0.03396603396603397,0.04659680559353405,False
6073,Plasma,Plasma,Fatty acid,-150.54318,-1.7048937761996226,0.9558928813226814,0.9597072982473528,83.329956,0.996003996003996,0.996003996003996,False
6074,Plasma,Plasma,Folic acid,-12.9330015,-0.17938296203995466,0.5711814956396027,0.6761306788442566,0.0,0.02197802197802198,0.03289121062140334,False
6075,Plasma,Plasma,Folinic acid,-8.116553,-0.1592093266356686,0.5632480220019112,0.6757161428435308,0.0,0.013986013986013986,0.022891498301334367,False
6076,Plasma,Plasma,Glutathione,-8.116553,-0.1592093266356686,0.5632480220019112,0.6757161428435308,0.0,0.013986013986013986,0.022891498301334367,False
6077,Plasma,Plasma,Glycerol,-15.589514,-0.3057943313536989,0.6201193776057617,0.6800205699783143,0.0,0.03396603396603397,0.04659680559353405,False
6078,Plasma,Plasma,Glycochenodeoxycholate-3-sulfate,-8.116553,-0.1592093266356686,0.5632480220019112,0.6757161428435308,0.0,0.013986013986013986,0.022891498301334367,False
6079,Plasma,Plasma,Glycyl-glycine,1.706765,0.03347885549104606,0.48664636362617986,0.6757161428435308,0.0,0.07792207792207792,0.09296848826439115,False
6080,Plasma,Plasma,Histamine,-7.2007356,-0.14124520814675134,0.556161883449227,0.6757161428435308,0.0,0.08891108891108891,0.10453285032724285,False
6081,Plasma,Plasma,Hydroxylansoprazole,-28.940321,-0.3277476423898623,0.6284487611099521,0.6827504124881194,0.0,0.07692307692307693,0.09189860471911754,False
6082,Plasma,Plasma,Hyodeoxycholic acid,-8.116553,-0.1592093266356686,0.5632480220019112,0.6757161428435308,0.0,0.013986013986013986,0.022891498301334367,False
6083,Plasma,Plasma,Iron,35.38508,0.6940919743916136,0.24381226565925018,0.6757161428435308,100.49465,0.4745254745254745,0.4886649041855328,False
6084,Plasma,Plasma,Isoursodeoxycholic acid,-8.116553,-0.1592093266356686,0.5632480220019112,0.6757161428435308,0.0,0.013986013986013986,0.022891498301334367,False
6085,Plasma,Plasma,Ketone bodies,-6.798118,-0.13334771133916723,0.5530408018519194,0.6757161428435308,0.0,0.017982017982017984,0.027654497092149906,False
6086,Plasma,Plasma,L-Arginine,-2.6853745,-0.05267465751787499,0.5210044343216983,0.6757161428435308,0.0,0.027972027972027972,0.039797343574769495,False
6087,Plasma,Plasma,L-Carnitine,-12.467898,-0.1729319011258832,0.5686475220325167,0.6757161428435308,0.0,0.16183816183816183,0.1802659886598261,False
6088,Plasma,Plasma,L-Cystine,-2.6853745,-0.05267465751787499,0.5210044343216983,0.6757161428435308,0.0,0.027972027972027972,0.039797343574769495,False
6089,Plasma,Plasma,L-Dopa,1.706765,0.03347885549104606,0.48664636362617986,0.6757161428435308,0.0,0.07792207792207792,0.09296848826439115,False
6090,Plasma,Plasma,L-Glutamate,-8.743453,-0.12127320174015575,0.5482626773774368,0.6757161428435308,0.0,0.03596403596403597,0.0489534270101247,False
6091,Plasma,Plasma,L-Lactate,-6.798118,-0.13334771133916723,0.5530408018519194,0.6757161428435308,0.0,0.017982017982017984,0.027654497092149906,False
6092,Plasma,Plasma,L-Lysine,-2.6853745,-0.05267465751787499,0.5210044343216983,0.6757161428435308,0.0,0.027972027972027972,0.039797343574769495,False
6093,Plasma,Plasma,L-Ornithine,-2.6853745,-0.05267465751787499,0.5210044343216983,0.6757161428435308,0.0,0.027972027972027972,0.039797343574769495,False
6094,Plasma,Plasma,Lithocholic acid,-8.116553,-0.1592093266356686,0.5632480220019112,0.6757161428435308,0.0,0.013986013986013986,0.022891498301334367,False
6095,Plasma,Plasma,N-Desmethylcitalopram,-15.589514,-0.3057943313536989,0.6201193776057617,0.6800205699783143,0.0,0.03396603396603397,0.04659680559353405,False
6096,Plasma,Plasma,N-Desmethyleletriptan,-15.589514,-0.3057943313536989,0.6201193776057617,0.6800205699783143,0.0,0.03396603396603397,0.04659680559353405,False
6097,Plasma,Plasma,N-Desmethyltamoxifen,-28.940321,-0.3277476423898623,0.6284487611099521,0.6827504124881194,0.0,0.07692307692307693,0.09189860471911754,False
6098,Plasma,Plasma,N-desmethylimatinib,-28.940321,-0.3277476423898623,0.6284487611099521,0.6827504124881194,0.0,0.07692307692307693,0.09189860471911754,False
6099,Plasma,Plasma,Neurotransmitter,-13.315727,-0.2611931304452587,0.6030282122943413,0.6795983862910224,0.0,0.2217782217782218,0.23952352592462484,False
6100,Plasma,Plasma,Nicotinate,-43.179394,-0.4234902394355202,0.6640311908022593,0.7043477187923225,0.0,0.2707292707292707,0.2888697392514186,False
6101,Plasma,Plasma,Norepinephrine,-7.2007356,-0.14124520814675134,0.556161883449227,0.6757161428435308,0.0,0.08891108891108891,0.10453285032724285,False
6102,Plasma,Plasma,O-Deethylated candesartan,-15.589514,-0.3057943313536989,0.6201193776057617,0.6800205699783143,0.0,0.03396603396603397,0.04659680559353405,False
6103,Plasma,Plasma,O-Desmethylverapamil (D-702),-82.39689,-0.5111021095680478,0.6953602205781717,0.7263061752634838,0.0,0.4085914085914086,0.4252217008669689,False
6104,Plasma,Plasma,Oxalic acid,-22.34157,-0.43823851892414956,0.6693933056630169,0.7058648604560565,0.0,0.12887112887112886,0.14708753413162776,False
6105,Plasma,Plasma,Phosphate,-7.738276,-0.15178927132099992,0.5603234278365166,0.6757161428435308,0.0,0.016983016983016984,0.026454476677359295,False
6106,Plasma,Plasma,Progesterone,-15.589514,-0.3057943313536989,0.6201193776057617,0.6800205699783143,0.0,0.03396603396603397,0.04659680559353405,False
6107,Plasma,Plasma,Pyruvate,-6.798118,-0.13334771133916723,0.5530408018519194,0.6757161428435308,0.0,0.017982017982017984,0.027654497092149906,False
6108,Plasma,Plasma,Sodium,-0.46251917,-0.0052380057331176625,0.5020896523963922,0.6757161428435308,17.051008,0.3546453546453546,0.37079775277913574,False
6109,Plasma,Plasma,Sodium_hydrogen exchange,-40.688934,-0.4608000827362981,0.6775289788120101,0.7129670177102649,0.0,0.18981018981018982,0.2077803852951782,False
6110,Plasma,Plasma,Sulfolithocholic acid,-8.116553,-0.1592093266356686,0.5632480220019112,0.6757161428435308,0.0,0.013986013986013986,0.022891498301334367,False
6111,Plasma,Plasma,Taurocholic acid,-94.30191,-0.6165894597621313,0.7312472257409451,0.7563797154926073,0.0,0.32167832167832167,0.3379583503184639,False
6112,Plasma,Plasma,Testosterone,-32.328613,-0.3170691152487335,0.6244044204178828,0.6808779482541045,0.0,0.12887112887112886,0.14708753413162776,False
6113,Plasma,Plasma,Trihydroxycoprostanoic acid,-8.116553,-0.1592093266356686,0.5632480220019112,0.6757161428435308,0.0,0.013986013986013986,0.022891498301334367,False
6114,Plasma,Plasma,Ursocholic acid,-8.116553,-0.1592093266356686,0.5632480220019112,0.6757161428435308,0.0,0.013986013986013986,0.022891498301334367,False
6115,Plasma,Plasma,Ursodeoxycholic acid,-8.116553,-0.1592093266356686,0.5632480220019112,0.6757161428435308,0.0,0.013986013986013986,0.022891498301334367,False
6116,Plasma,Plasma,Ursodeoxycholic acid 3-sulfate,-8.116553,-0.1592093266356686,0.5632480220019112,0.6757161428435308,0.0,0.013986013986013986,0.022891498301334367,False
6117,Plasma,Plasma,Varanic acid,-8.116553,-0.1592093266356686,0.5632480220019112,0.6757161428435308,0.0,0.013986013986013986,0.022891498301334367,False
6118,Plasma,Plasma,Water,-63.21237,-0.7158768507908991,0.7629663031887615,0.7820683409455834,0.0,0.5884115884115884,0.5994669405748122,False
6119,Plasma,Plasma,alpha-Ketoisovaleric acid,-6.798118,-0.13334771133916723,0.5530408018519194,0.6757161428435308,0.0,0.017982017982017984,0.027654497092149906,False
6120,Plasma,T,"(3a,5b,7a)-23-Carboxy-7-hydroxy-24-norcholan-3-yl-b-D-Glucopyranosiduronic acid",1.5177794,0.07695446782746575,0.46932988345549526,0.6757161428435308,0.0,0.04295704295704296,0.05616291835373108,False
6121,Plasma,T,17a-Ethynylestradiol,34.04561,1.726180874099563,0.0421574388810099,0.6757161428435308,17.577583,0.055944055944055944,0.07027923145358736,False
6122,Plasma,T,"1b,3a,12a-Trihydroxy-5b-cholanoic acid",1.5177794,0.07695446782746575,0.46932988345549526,0.6757161428435308,0.0,0.04295704295704296,0.05616291835373108,False
6123,Plasma,T,2-Hydroxychlorpropamide,26.62647,0.7794318975639787,0.21786267003037046,0.6757161428435308,17.577583,0.0899100899100899,0.1055495456391313,False
6124,Plasma,T,25-Hydroxycholesterol,-3.0845942,-0.15639513668924596,0.5621392148164936,0.6757161428435308,0.0,0.04995004995004995,0.06360036724409195,False
6125,Plasma,T,"3',4'-Dihydrodiol",34.04561,1.726180874099563,0.0421574388810099,0.6757161428435308,17.577583,0.055944055944055944,0.07027923145358736,False
6126,Plasma,T,3-Sulfodeoxycholic acid,1.5177794,0.07695446782746575,0.46932988345549526,0.6757161428435308,0.0,0.04295704295704296,0.05616291835373108,False
6127,Plasma,T,"3alpha,7alpha-Dihydroxycoprostanic acid",1.5177794,0.07695446782746575,0.46932988345549526,0.6757161428435308,0.0,0.04295704295704296,0.05616291835373108,False
6128,Plasma,T,3b-Hydroxy-5-cholenoic acid,1.5177794,0.07695446782746575,0.46932988345549526,0.6757161428435308,0.0,0.04295704295704296,0.05616291835373108,False
6129,Plasma,T,4'-Hydroxydiclofenac,34.04561,1.726180874099563,0.0421574388810099,0.6757161428435308,17.577583,0.055944055944055944,0.07027923145358736,False
6130,Plasma,T,4-Hydroxycyclophosphamide,34.04561,1.726180874099563,0.0421574388810099,0.6757161428435308,17.577583,0.055944055944055944,0.07027923145358736,False
6131,Plasma,T,4-ene-Valproic acid,-1.2371356,-0.03621444997183882,0.5144443179318722,0.6757161428435308,0.0,0.12287712287712288,0.14080836270670483,False
6132,Plasma,T,5-Hydroxyomeprazole,30.603886,0.693931764689293,0.24386250100237628,0.6757161428435308,17.577583,0.1258741258741259,0.1439018996270905,False
6133,Plasma,T,8-Hydroxycarvedilol,34.04561,1.726180874099563,0.0421574388810099,0.6757161428435308,17.577583,0.055944055944055944,0.07027923145358736,False
6134,Plasma,T,Acetate,-4.8509946,-0.1739165819696831,0.5690344896508815,0.6757161428435308,0.0,0.1018981018981019,0.11836363082900479,False
6135,Plasma,T,Acetyl-L-Carnitine,-0.23001319,-0.011662131756697489,0.5046524119783254,0.6757161428435308,0.0,0.06393606393606394,0.07850045718482182,False
6136,Plasma,T,Adenosine diphosphate ribose,13.356646,0.6772088134516044,0.24913673830639466,0.6757161428435308,46.217255,0.0989010989010989,0.11507360563964338,False
6137,Plasma,T,Adenosine triphosphate,21.394825,1.0847606870017845,0.13901383077080376,0.6757161428435308,59.039413,0.0979020979020979,0.11408006591407852,False
6138,Plasma,T,Amiloride-sensitive sodium transport,1.5938634,0.08081208065855397,0.4677957002591775,0.6757161428435308,0.0,0.023976023976023976,0.03535971648515611,False
6139,Plasma,T,Anion exchange,-14.161569,-0.41454905904926403,0.6607639769063867,0.7021803370064491,0.0,0.3856143856143856,0.4020411877199545,False
6140,Plasma,T,Butyrate,-0.9111494,-0.04619710752795725,0.5184234260632329,0.6757161428435308,0.0,0.03396603396603397,0.04659680559353405,False
6141,Plasma,T,Chenodeoxycholic acid,1.5177794,0.07695446782746575,0.46932988345549526,0.6757161428435308,0.0,0.04295704295704296,0.05616291835373108,False
6142,Plasma,T,Chenodeoxycholic acid 3-sulfate,1.5177794,0.07695446782746575,0.46932988345549526,0.6757161428435308,0.0,0.04295704295704296,0.05616291835373108,False
6143,Plasma,T,Chloride,-6.878425,-0.34874999755620917,0.6363614973270049,0.6855315406059692,0.0,0.14385614385614387,0.16245155203862566,False
6144,Plasma,T,Chloride ion,-0.7294646,-0.0369853229023906,0.5147516458193377,0.6757161428435308,0.0,0.1888111888111888,0.20675877047743343,False
6145,Plasma,T,Cholesterol,31.772476,0.9300699974780786,0.17616742184968193,0.6757161428435308,17.577583,0.07192807192807193,0.08702203739710954,False
6146,Plasma,T,Cholic acid,32.877018,0.962403050868606,0.16792359087557107,0.6757161428435308,17.577583,0.10989010989010989,0.12680403434393528,False
6147,Plasma,T,Choline,-0.23001319,-0.011662131756697489,0.5046524119783254,0.6757161428435308,0.0,0.06393606393606394,0.07850045718482182,False
6148,Plasma,T,Citric acid,-3.939845,-0.19975807537098977,0.5791651042926457,0.6774522894097766,0.0,0.06993006993006994,0.08501355621572089,False
6149,Plasma,T,Coprocholic acid,1.5177794,0.07695446782746575,0.46932988345549526,0.6757161428435308,0.0,0.04295704295704296,0.05616291835373108,False
6150,Plasma,T,Cortisol,31.772476,0.9300699974780786,0.17616742184968193,0.6757161428435308,17.577583,0.07192807192807193,0.08702203739710954,False
6151,Plasma,T,Creatine,-0.23001319,-0.011662131756697489,0.5046524119783254,0.6757161428435308,0.0,0.06393606393606394,0.07850045718482182,False
6152,Plasma,T,D-Lactate,-0.9111494,-0.04619710752795725,0.5184234260632329,0.6757161428435308,0.0,0.03396603396603397,0.04659680559353405,False
6153,Plasma,T,Deoxycholic acid,1.5177794,0.07695446782746575,0.46932988345549526,0.6757161428435308,0.0,0.04295704295704296,0.05616291835373108,False
6154,Plasma,T,Dopamine,-0.23001319,-0.011662131756697489,0.5046524119783254,0.6757161428435308,0.0,0.06393606393606394,0.07850045718482182,False
6155,Plasma,T,E-3179,34.04561,1.726180874099563,0.0421574388810099,0.6757161428435308,17.577583,0.055944055944055944,0.07027923145358736,False
6156,Plasma,T,Estradiol,27.832632,0.7055852316048536,0.24022305553376122,0.6757161428435308,17.577583,0.1068931068931069,0.12348166067174332,False
6157,Plasma,T,Estriol,34.04561,1.726180874099563,0.0421574388810099,0.6757161428435308,17.577583,0.055944055944055944,0.07027923145358736,False
6158,Plasma,T,Fatty acid,-9.509861,-0.27838045529107447,0.6096398394015382,0.6800205699783143,48.603344,0.8431568431568431,0.8449030657091833,False
6159,Plasma,T,Folic acid,0.7689779,0.02756919270595275,0.48900287649036167,0.6757161428435308,0.0,0.053946053946053944,0.06813668259451391,False
6160,Plasma,T,Folinic acid,1.5177794,0.07695446782746575,0.46932988345549526,0.6757161428435308,0.0,0.04295704295704296,0.05616291835373108,False
6161,Plasma,T,Glutathione,1.5177794,0.07695446782746575,0.46932988345549526,0.6757161428435308,0.0,0.04295704295704296,0.05616291835373108,False
6162,Plasma,T,Glycerol,34.04561,1.726180874099563,0.0421574388810099,0.6757161428435308,17.577583,0.055944055944055944,0.07027923145358736,False
6163,Plasma,T,Glycochenodeoxycholate-3-sulfate,1.5177794,0.07695446782746575,0.46932988345549526,0.6757161428435308,0.0,0.04295704295704296,0.05616291835373108,False
6164,Plasma,T,Glycyl-glycine,-3.006136,-0.15241714250453192,0.5605710313625702,0.6757161428435308,0.0,0.04795204795204795,0.061416897091912365,False
6165,Plasma,T,Histamine,-0.23001319,-0.011662131756697489,0.5046524119783254,0.6757161428435308,0.0,0.06393606393606394,0.07850045718482182,False
6166,Plasma,T,Hydroxylansoprazole,31.772476,0.9300699974780786,0.17616742184968193,0.6757161428435308,17.577583,0.07192807192807193,0.08702203739710954,False
6167,Plasma,T,Hyodeoxycholic acid,1.5177794,0.07695446782746575,0.46932988345549526,0.6757161428435308,0.0,0.04295704295704296,0.05616291835373108,False
6168,Plasma,T,Iron,4.4321756,0.2247202252063709,0.41109846477707906,0.6757161428435308,34.467506,0.11688311688311688,0.13447865469083686,False
6169,Plasma,T,Isoursodeoxycholic acid,1.5177794,0.07695446782746575,0.46932988345549526,0.6757161428435308,0.0,0.04295704295704296,0.05616291835373108,False
6170,Plasma,T,Ketone bodies,-0.9111494,-0.04619710752795725,0.5184234260632329,0.6757161428435308,0.0,0.03396603396603397,0.04659680559353405,False
6171,Plasma,T,L-Arginine,-1.2708391,-0.06443409988472516,0.5256877106757313,0.6757161428435308,0.0,0.00999000999000999,0.017922750381392707,False
6172,Plasma,T,L-Carnitine,1.294471,0.04640903471916596,0.4814921178044218,0.6757161428435308,0.0,0.08491508491508491,0.10019056164244684,False
6173,Plasma,T,L-Cystine,-1.2708391,-0.06443409988472516,0.5256877106757313,0.6757161428435308,0.0,0.00999000999000999,0.017922750381392707,False
6174,Plasma,T,L-Dopa,-3.006136,-0.15241714250453192,0.5605710313625702,0.6757161428435308,0.0,0.04795204795204795,0.061416897091912365,False
6175,Plasma,T,L-Glutamate,-2.1458688,-0.0769331230072695,0.5306616263629093,0.6757161428435308,0.0,0.03996003996003996,0.05324055313464337,False
6176,Plasma,T,L-Lactate,-0.9111494,-0.04619710752795725,0.5184234260632329,0.6757161428435308,0.0,0.03396603396603397,0.04659680559353405,False
6177,Plasma,T,L-Lysine,-1.2708391,-0.06443409988472516,0.5256877106757313,0.6757161428435308,0.0,0.00999000999000999,0.017922750381392707,False
6178,Plasma,T,L-Ornithine,-1.2708391,-0.06443409988472516,0.5256877106757313,0.6757161428435308,0.0,0.00999000999000999,0.017922750381392707,False
6179,Plasma,T,Lithocholic acid,1.5177794,0.07695446782746575,0.46932988345549526,0.6757161428435308,0.0,0.04295704295704296,0.05616291835373108,False
6180,Plasma,T,N-Desmethylcitalopram,34.04561,1.726180874099563,0.0421574388810099,0.6757161428435308,17.577583,0.055944055944055944,0.07027923145358736,False
6181,Plasma,T,N-Desmethyleletriptan,34.04561,1.726180874099563,0.0421574388810099,0.6757161428435308,17.577583,0.055944055944055944,0.07027923145358736,False
6182,Plasma,T,N-Desmethyltamoxifen,31.772476,0.9300699974780786,0.17616742184968193,0.6757161428435308,17.577583,0.07192807192807193,0.08702203739710954,False
6183,Plasma,T,N-desmethylimatinib,31.772476,0.9300699974780786,0.17616742184968193,0.6757161428435308,17.577583,0.07192807192807193,0.08702203739710954,False
6184,Plasma,T,Neurotransmitter,-0.7054744,-0.03576897077507476,0.5142667125192849,0.6757161428435308,0.0,0.04295704295704296,0.05616291835373108,False
6185,Plasma,T,Nicotinate,-5.176981,-0.13124167738933887,0.5522079363596734,0.6757161428435308,0.0,0.18281718281718282,0.2011756612876277,False
6186,Plasma,T,Norepinephrine,-0.23001319,-0.011662131756697489,0.5046524119783254,0.6757161428435308,0.0,0.06393606393606394,0.07850045718482182,False
6187,Plasma,T,O-Deethylated candesartan,34.04561,1.726180874099563,0.0421574388810099,0.6757161428435308,17.577583,0.055944055944055944,0.07027923145358736,False
6188,Plasma,T,O-Desmethylverapamil (D-702),27.633902,0.44306496109305643,0.3288593741510999,0.6757161428435308,17.577583,0.1918081918081918,0.20942085167046112,False
6189,Plasma,T,Oxalic acid,-3.939845,-0.19975807537098977,0.5791651042926457,0.6774522894097766,0.0,0.06993006993006994,0.08501355621572089,False
6190,Plasma,T,Phosphate,-0.16768247,-0.008501838659965007,0.5033917020431458,0.6757161428435308,0.0,0.011988011988011988,0.02048481266085178,False
6191,Plasma,T,Progesterone,34.04561,1.726180874099563,0.0421574388810099,0.6757161428435308,17.577583,0.055944055944055944,0.07027923145358736,False
6192,Plasma,T,Pyruvate,-0.9111494,-0.04619710752795725,0.5184234260632329,0.6757161428435308,0.0,0.03396603396603397,0.04659680559353405,False
6193,Plasma,T,Sodium,-0.5405084,-0.015822205147885602,0.5063118832464806,0.6757161428435308,0.0,0.25874125874125875,0.2770183008480881,False
6194,Plasma,T,Sodium_hydrogen exchange,1.2816672,0.03751801503751624,0.4850359881679235,0.6757161428435308,0.0,0.2057942057942058,0.22375895496033785,False
6195,Plasma,T,Sulfolithocholic acid,1.5177794,0.07695446782746575,0.46932988345549526,0.6757161428435308,0.0,0.04295704295704296,0.05616291835373108,False
6196,Plasma,T,Taurocholic acid,23.536747,0.3977868144020451,0.345393668772476,0.6757161428435308,17.577583,0.19480519480519481,0.21225093977562368,False
6197,Plasma,T,Testosterone,30.310408,0.768399335854279,0.22112498741661923,0.6757161428435308,17.577583,0.07892107892107893,0.09408900424821579,False
6198,Plasma,T,Trihydroxycoprostanoic acid,1.5177794,0.07695446782746575,0.46932988345549526,0.6757161428435308,0.0,0.04295704295704296,0.05616291835373108,False
6199,Plasma,T,Ursocholic acid,1.5177794,0.07695446782746575,0.46932988345549526,0.6757161428435308,0.0,0.04295704295704296,0.05616291835373108,False
6200,Plasma,T,Ursodeoxycholic acid,1.5177794,0.07695446782746575,0.46932988345549526,0.6757161428435308,0.0,0.04295704295704296,0.05616291835373108,False
6201,Plasma,T,Ursodeoxycholic acid 3-sulfate,1.5177794,0.07695446782746575,0.46932988345549526,0.6757161428435308,0.0,0.04295704295704296,0.05616291835373108,False
6202,Plasma,T,Varanic acid,1.5177794,0.07695446782746575,0.46932988345549526,0.6757161428435308,0.0,0.04295704295704296,0.05616291835373108,False
6203,Plasma,T,Water,-0.9321656,-0.02728711709493392,0.510884633943622,0.6757161428435308,0.0,0.16483516483516483,0.18331209102071902,False
6204,Plasma,T,alpha-Ketoisovaleric acid,-0.9111494,-0.04619710752795725,0.5184234260632329,0.6757161428435308,0.0,0.03396603396603397,0.04659680559353405,False
6205,T,T,"(3a,5b,7a)-23-Carboxy-7-hydroxy-24-norcholan-3-yl-b-D-Glucopyranosiduronic acid",-2.5067682,-0.19695031243427533,0.5780667894801472,0.6772959457320709,0.0,0.04295704295704296,0.05616291835373108,False
6206,T,T,17a-Ethynylestradiol,-8.007929,-0.6291623102076326,0.7353785996375753,0.7589058887153977,0.0,0.1918081918081918,0.20942085167046112,False
6207,T,T,"1b,3a,12a-Trihydroxy-5b-cholanoic acid",-2.5067682,-0.19695031243427533,0.5780667894801472,0.6772959457320709,0.0,0.04295704295704296,0.05616291835373108,False
6208,T,T,2-Hydroxychlorpropamide,19.352724,0.8778573910630184,0.19001055737176115,0.6757161428435308,18.844875,0.21178821178821178,0.22979952598720926,False
6209,T,T,25-Hydroxycholesterol,-4.388069,-0.34475927269811535,0.6348623231953144,0.684719480949679,0.0,0.060939060939060936,0.0753798806896152,False
6210,T,T,"3',4'-Dihydrodiol",-8.007929,-0.6291623102076326,0.7353785996375753,0.7589058887153977,0.0,0.1918081918081918,0.20942085167046112,False
6211,T,T,3-Sulfodeoxycholic acid,-2.5067682,-0.19695031243427533,0.5780667894801472,0.6772959457320709,0.0,0.04295704295704296,0.05616291835373108,False
6212,T,T,"3alpha,7alpha-Dihydroxycoprostanic acid",-2.5067682,-0.19695031243427533,0.5780667894801472,0.6772959457320709,0.0,0.04295704295704296,0.05616291835373108,False
6213,T,T,3b-Hydroxy-5-cholenoic acid,-2.5067682,-0.19695031243427533,0.5780667894801472,0.6772959457320709,0.0,0.04295704295704296,0.05616291835373108,False
6214,T,T,4'-Hydroxydiclofenac,-8.007929,-0.6291623102076326,0.7353785996375753,0.7589058887153977,0.0,0.1918081918081918,0.20942085167046112,False
6215,T,T,4-Hydroxycyclophosphamide,-8.007929,-0.6291623102076326,0.7353785996375753,0.7589058887153977,0.0,0.1918081918081918,0.20942085167046112,False
6216,T,T,4-ene-Valproic acid,1.7468545,0.07923893123875618,0.4684212896385749,0.6757161428435308,0.0,0.1018981018981019,0.11836363082900479,False
6217,T,T,5-Hydroxyomeprazole,-14.424207,-0.5068149635515694,0.6938576719515448,0.7248571261543293,0.0,0.3836163836163836,0.4000907068391731,False
6218,T,T,8-Hydroxycarvedilol,-8.007929,-0.6291623102076326,0.7353785996375753,0.7589058887153977,0.0,0.1918081918081918,0.20942085167046112,False
6219,T,T,Acetate,-2.133387,-0.11852150493197972,0.547172771642575,0.6757161428435308,0.0,0.058941058941058944,0.07323968011443317,False
6220,T,T,Acetyl-L-Carnitine,0.79533124,0.062487123653510876,0.47508745786859374,0.6757161428435308,0.0,0.02197802197802198,0.03289121062140334,False
6221,T,T,Adenosine diphosphate ribose,0.8056333,0.06329653046424676,0.47476518925689865,0.6757161428435308,0.0,0.03496503496503497,0.04777972407779056,False
6222,T,T,Adenosine triphosphate,1.9385116,0.15230385609576252,0.4394736418391761,0.6757161428435308,33.388195,0.3776223776223776,0.39403529449979346,False
6223,T,T,Amiloride-sensitive sodium transport,-0.54029334,-0.04244945351723592,0.5169297971767731,0.6757161428435308,0.0,0.014985014985014986,0.024255209535703617,False
6224,T,T,Anion exchange,10.355078,0.4697158651574034,0.3192790157203833,0.6757161428435308,12.832426,0.4305694305694306,0.44661637834461054,False
6225,T,T,Butyrate,0.35865524,0.0281786172466358,0.48875984570840864,0.6757161428435308,0.0,0.026973026973026972,0.03858547638397536,False
6226,T,T,Chenodeoxycholic acid,-2.5067682,-0.19695031243427533,0.5780667894801472,0.6772959457320709,0.0,0.04295704295704296,0.05616291835373108,False
6227,T,T,Chenodeoxycholic acid 3-sulfate,-2.5067682,-0.19695031243427533,0.5780667894801472,0.6772959457320709,0.0,0.04295704295704296,0.05616291835373108,False
6228,T,T,Chloride,-0.6384287,-0.05015969495818918,0.520002435068272,0.6757161428435308,0.0,0.03196803196803197,0.044261263719771314,False
6229,T,T,Chloride ion,-4.4863358,-0.35247982606800426,0.6377607773113345,0.6866681426375033,0.0,0.11988011988011989,0.13767499617417456,False
6230,T,T,Cholesterol,-7.840724,-0.35566246283173497,0.6389533202306766,0.687128805650702,0.0,0.2217782217782218,0.23952352592462484,False
6231,T,T,Cholic acid,-14.591412,-0.6618798708119243,0.7459758934390393,0.7673243450092488,0.0,0.3646353646353646,0.3807364614137522,False
6232,T,T,Choline,0.79533124,0.062487123653510876,0.47508745786859374,0.6757161428435308,0.0,0.02197802197802198,0.03289121062140334,False
6233,T,T,Citric acid,-2.4920423,-0.19579333461281961,0.5776140363435429,0.6772959457320709,0.0,0.03396603396603397,0.04659680559353405,False
6234,T,T,Coprocholic acid,-2.5067682,-0.19695031243427533,0.5780667894801472,0.6772959457320709,0.0,0.04295704295704296,0.05616291835373108,False
6235,T,T,Cortisol,-7.840724,-0.35566246283173497,0.6389533202306766,0.687128805650702,0.0,0.2217782217782218,0.23952352592462484,False
6236,T,T,Creatine,0.79533124,0.062487123653510876,0.47508745786859374,0.6757161428435308,0.0,0.02197802197802198,0.03289121062140334,False
6237,T,T,D-Lactate,0.35865524,0.0281786172466358,0.48875984570840864,0.6757161428435308,0.0,0.026973026973026972,0.03858547638397536,False
6238,T,T,Deoxycholic acid,-2.5067682,-0.19695031243427533,0.5780667894801472,0.6772959457320709,0.0,0.04295704295704296,0.05616291835373108,False
6239,T,T,Dopamine,0.79533124,0.062487123653510876,0.47508745786859374,0.6757161428435308,0.0,0.02197802197802198,0.03289121062140334,False
6240,T,T,E-3179,-8.007929,-0.6291623102076326,0.7353785996375753,0.7589058887153977,0.0,0.1918081918081918,0.20942085167046112,False
6241,T,T,Estradiol,-10.332767,-0.4059094046571973,0.6575954161972479,0.6994039850998799,0.0,0.25074925074925075,0.26914893979740395,False
6242,T,T,Estriol,-8.007929,-0.6291623102076326,0.7353785996375753,0.7589058887153977,0.0,0.1918081918081918,0.20942085167046112,False
6243,T,T,Fatty acid,24.617163,1.1166571766855262,0.13207046721267013,0.6757161428435308,191.19922,0.01898101898101898,0.02908419229978304,True
6244,T,T,Folic acid,-1.8419424,-0.10233013497458564,0.5407526816993943,0.6757161428435308,0.0,0.04795204795204795,0.061416897091912365,False
6245,T,T,Folinic acid,-2.5067682,-0.19695031243427533,0.5780667894801472,0.6772959457320709,0.0,0.04295704295704296,0.05616291835373108,False
6246,T,T,Glutathione,-2.5067682,-0.19695031243427533,0.5780667894801472,0.6772959457320709,0.0,0.04295704295704296,0.05616291835373108,False
6247,T,T,Glycerol,-8.007929,-0.6291623102076326,0.7353785996375753,0.7589058887153977,0.0,0.1918081918081918,0.20942085167046112,False
6248,T,T,Glycochenodeoxycholate-3-sulfate,-2.5067682,-0.19695031243427533,0.5780667894801472,0.6772959457320709,0.0,0.04295704295704296,0.05616291835373108,False
6249,T,T,Glycyl-glycine,34.367256,2.700146653858782,0.0034654458352746573,0.23953466267997356,18.844875,0.00999000999000999,0.017922750381392707,True
6250,T,T,Histamine,0.79533124,0.062487123653510876,0.47508745786859374,0.6757161428435308,0.0,0.02197802197802198,0.03289121062140334,False
6251,T,T,Hydroxylansoprazole,-7.840724,-0.35566246283173497,0.6389533202306766,0.687128805650702,0.0,0.2217782217782218,0.23952352592462484,False
6252,T,T,Hyodeoxycholic acid,-2.5067682,-0.19695031243427533,0.5780667894801472,0.6772959457320709,0.0,0.04295704295704296,0.05616291835373108,False
6253,T,T,Iron,-8.746939,-0.6872244081380857,0.7540293372538716,0.7749745966220346,0.0,0.1018981018981019,0.11836363082900479,False
6254,T,T,Isoursodeoxycholic acid,-2.5067682,-0.19695031243427533,0.5780667894801472,0.6772959457320709,0.0,0.04295704295704296,0.05616291835373108,False
6255,T,T,Ketone bodies,0.35865524,0.0281786172466358,0.48875984570840864,0.6757161428435308,0.0,0.026973026973026972,0.03858547638397536,False
6256,T,T,L-Arginine,-0.31271175,-0.02456895508890345,0.509800608964259,0.6757161428435308,0.0,0.000999000999000999,0.002733238922886596,False
6257,T,T,L-Carnitine,-1.1734585,-0.06519213649961683,0.525989489011964,0.6757161428435308,0.0,0.05194805194805195,0.06578482922352462,False
6258,T,T,L-Cystine,-0.31271175,-0.02456895508890345,0.509800608964259,0.6757161428435308,0.0,0.000999000999000999,0.002733238922886596,False
6259,T,T,L-Dopa,34.367256,2.700146653858782,0.0034654458352746573,0.23953466267997356,18.844875,0.00999000999000999,0.017922750381392707,True
6260,T,T,L-Glutamate,0.735459,0.040858834981918335,0.48370421747434056,0.6757161428435308,0.0,0.03596403596403597,0.0489534270101247,False
6261,T,T,L-Lactate,0.35865524,0.0281786172466358,0.48875984570840864,0.6757161428435308,0.0,0.026973026973026972,0.03858547638397536,False
6262,T,T,L-Lysine,-0.31271175,-0.02456895508890345,0.509800608964259,0.6757161428435308,0.0,0.000999000999000999,0.002733238922886596,False
6263,T,T,L-Ornithine,-0.31271175,-0.02456895508890345,0.509800608964259,0.6757161428435308,0.0,0.000999000999000999,0.002733238922886596,False
6264,T,T,Lithocholic acid,-2.5067682,-0.19695031243427533,0.5780667894801472,0.6772959457320709,0.0,0.04295704295704296,0.05616291835373108,False
6265,T,T,N-Desmethylcitalopram,-8.007929,-0.6291623102076326,0.7353785996375753,0.7589058887153977,0.0,0.1918081918081918,0.20942085167046112,False
6266,T,T,N-Desmethyleletriptan,-8.007929,-0.6291623102076326,0.7353785996375753,0.7589058887153977,0.0,0.1918081918081918,0.20942085167046112,False
6267,T,T,N-Desmethyltamoxifen,-7.840724,-0.35566246283173497,0.6389533202306766,0.687128805650702,0.0,0.2217782217782218,0.23952352592462484,False
6268,T,T,N-desmethylimatinib,-7.840724,-0.35566246283173497,0.6389533202306766,0.687128805650702,0.0,0.2217782217782218,0.23952352592462484,False
6269,T,T,Neurotransmitter,0.6648258,0.05223364771374692,0.47917126125972015,0.6757161428435308,0.0,0.004995004995004995,0.010650366582569973,False
6270,T,T,Nicotinate,-0.74518776,-0.029273739884918618,0.5116768647699484,0.6757161428435308,0.0,0.13186813186813187,0.1499910577668263,False
6271,T,T,Norepinephrine,0.79533124,0.062487123653510876,0.47508745786859374,0.6757161428435308,0.0,0.02197802197802198,0.03289121062140334,False
6272,T,T,O-Deethylated candesartan,-8.007929,-0.6291623102076326,0.7353785996375753,0.7589058887153977,0.0,0.1918081918081918,0.20942085167046112,False
6273,T,T,O-Desmethylverapamil (D-702),-14.257521,-0.35423094912647396,0.6384170943407759,0.687128805650702,0.0,0.5074925074925075,0.5212488360757466,False
6274,T,T,Oxalic acid,-2.4920423,-0.19579333461281961,0.5776140363435429,0.6772959457320709,0.0,0.03396603396603397,0.04659680559353405,False
6275,T,T,Phosphate,0.13050546,0.010253477110509756,0.49590952613412026,0.6757161428435308,0.0,0.007992007992007992,0.015114170255481141,False
6276,T,T,Progesterone,-8.007929,-0.6291623102076326,0.7353785996375753,0.7589058887153977,0.0,0.1918081918081918,0.20942085167046112,False
6277,T,T,Pyruvate,0.35865524,0.0281786172466358,0.48875984570840864,0.6757161428435308,0.0,0.026973026973026972,0.03858547638397536,False
6278,T,T,Sodium,-5.5142593,-0.2501318831186201,0.5987573198392276,0.6795983862910224,0.0,0.17482517482517482,0.1934301406596921,False
6279,T,T,Sodium_hydrogen exchange,3.0058405,0.1363476957593685,0.4457732100769809,0.6757161428435308,0.0,0.2137862137862138,0.231727603776544,False
6280,T,T,Sulfolithocholic acid,-2.5067682,-0.19695031243427533,0.5780667894801472,0.6772959457320709,0.0,0.04295704295704296,0.05616291835373108,False
6281,T,T,Taurocholic acid,-19.351433,-0.5067973836578866,0.6938515038502263,0.7248571261543293,0.0,0.5214785214785215,0.5350897063784503,False
6282,T,T,Testosterone,-7.297896,-0.28668842695510466,0.6128245501259897,0.6800205699783143,0.0,0.22677322677322678,0.24458223532297607,False
6283,T,T,Trihydroxycoprostanoic acid,-2.5067682,-0.19695031243427533,0.5780667894801472,0.6772959457320709,0.0,0.04295704295704296,0.05616291835373108,False
6284,T,T,Ursocholic acid,-2.5067682,-0.19695031243427533,0.5780667894801472,0.6772959457320709,0.0,0.04295704295704296,0.05616291835373108,False
6285,T,T,Ursodeoxycholic acid,-2.5067682,-0.19695031243427533,0.5780667894801472,0.6772959457320709,0.0,0.04295704295704296,0.05616291835373108,False
6286,T,T,Ursodeoxycholic acid 3-sulfate,-2.5067682,-0.19695031243427533,0.5780667894801472,0.6772959457320709,0.0,0.04295704295704296,0.05616291835373108,False
6287,T,T,Varanic acid,-2.5067682,-0.19695031243427533,0.5780667894801472,0.6772959457320709,0.0,0.04295704295704296,0.05616291835373108,False
6288,T,T,Water,-2.060103,-0.09344816703040124,0.5372262369295249,0.6757161428435308,0.0,0.03396603396603397,0.04659680559353405,False
6289,T,T,alpha-Ketoisovaleric acid,0.35865524,0.0281786172466358,0.48875984570840864,0.6757161428435308,0.0,0.026973026973026972,0.03858547638397536,False
