gene,metabolite,cell_type,mean,std,n
ATP1A1,"(3a,5b,7a)-23-Carboxy-7-hydroxy-24-norcholan-3-yl-b-D-Glucopyranosiduronic acid|1b,3a,12a-Trihydroxy-5b-cholanoic acid|3-Sulfodeoxycholic acid|3alpha,7alpha-Dihydroxycoprostanic acid|3b-Hydroxy-5-cholenoic acid|Chenodeoxycholic acid|Chenodeoxycholic acid 3-sulfate|Coprocholic acid|Deoxycholic acid|Folinic acid|Glutathione|Glycochenodeoxycholate-3-sulfate|Hyodeoxycholic acid|Isoursodeoxycholic acid|Lithocholic acid|Sulfolithocholic acid|Trihydroxycoprostanoic acid|Ursocholic acid|Ursodeoxycholic acid|Ursodeoxycholic acid 3-sulfate|Varanic acid",B,0.0,0.0,20
ATP1A1,"17a-Ethynylestradiol|3',4'-Dihydrodiol|4'-Hydroxydiclofenac|4-Hydroxycyclophosphamide|8-Hydroxycarvedilol|E-3179|Estriol|Glycerol|N-Desmethylcitalopram|N-Desmethyleletriptan|O-Deethylated candesartan",B,0.0,0.0,20
ATP1A1,2-Hydroxychlorpropamide,B,0.0,0.0,20
ATP1A1,25-Hydroxycholesterol,B,0.0,0.0,20
ATP1A1,4-ene-Valproic acid,B,0.0,0.0,20
ATP1A1,5-Hydroxyomeprazole,B,0.0,0.0,20
ATP1A1,Acetate,B,0.0,0.0,20
ATP1A1,Acetyl-L-Carnitine|Choline|Creatine|Dopamine|Histamine|Norepinephrine,B,0.0,0.0,20
ATP1A1,Adenosine triphosphate,B,0.0,0.0,20
ATP1A1,Amiloride-sensitive sodium transport,B,0.0,0.0,20
ATP1A1,Anion exchange,B,0.0,0.0,20
ATP1A1,Butyrate|D-Lactate|Ketone bodies|L-Lactate|Pyruvate|alpha-Ketoisovaleric acid,B,0.0,0.0,20
ATP1A1,Cadmium|Manganese|Zinc,B,0.0,0.0,20
ATP1A1,Chloride,B,0.0,0.0,20
ATP1A1,Chloride ion,B,0.0,0.0,20
ATP1A1,Cholesterol,B,0.0,0.0,20
ATP1A1,Cholic acid,B,0.0,0.0,20
ATP1A1,Citric acid|Oxalic acid,B,0.0,0.0,20
ATP1A1,Cortisol|Hydroxylansoprazole|N-Desmethyltamoxifen,B,0.0,0.0,20
ATP1A1,Estradiol,B,0.0,0.0,20
ATP1A1,Fatty acid,B,0.0,0.0,20
ATP1A1,Folic acid,B,0.0,0.0,20
ATP1A1,Glycyl-glycine|L-Dopa,B,0.0,0.0,20
ATP1A1,Iron,B,0.0,0.0,20
ATP1A1,L-Arginine|L-Cystine|L-Lysine|L-Ornithine,B,0.0,0.0,20
ATP1A1,L-Carnitine,B,0.0,0.0,20
ATP1A1,L-Glutamate,B,0.0,0.0,20
ATP1A1,N-desmethylimatinib,B,0.0,0.0,20
ATP1A1,Neurotransmitter,B,0.0,0.0,20
ATP1A1,Nicotinate,B,0.0,0.0,20
ATP1A1,O-Desmethylverapamil (D-702),B,0.0,0.0,20
ATP1A1,Phosphate,B,0.0,0.0,20
ATP1A1,Progesterone,B,0.0,0.0,20
ATP1A1,Sodium,B,0.0,0.0,20
ATP1A1,Sodium_hydrogen exchange,B,0.0,0.0,20
ATP1A1,Taurocholic acid,B,0.0,0.0,20
ATP1A1,Testosterone,B,0.0,0.0,20
ATP1A1,Urea,B,0.0,0.0,20
ATP1A1,Vitamin D3,B,0.0,0.0,20
ATP1A1,Water,B,0.0,0.0,20
ATP1A1,"(3a,5b,7a)-23-Carboxy-7-hydroxy-24-norcholan-3-yl-b-D-Glucopyranosiduronic acid|1b,3a,12a-Trihydroxy-5b-cholanoic acid|3-Sulfodeoxycholic acid|3alpha,7alpha-Dihydroxycoprostanic acid|3b-Hydroxy-5-cholenoic acid|Chenodeoxycholic acid|Chenodeoxycholic acid 3-sulfate|Coprocholic acid|Deoxycholic acid|Folinic acid|Glutathione|Glycochenodeoxycholate-3-sulfate|Hyodeoxycholic acid|Isoursodeoxycholic acid|Lithocholic acid|Sulfolithocholic acid|Trihydroxycoprostanoic acid|Ursocholic acid|Ursodeoxycholic acid|Ursodeoxycholic acid 3-sulfate|Varanic acid",Endothelial,0.0,0.0,391
ATP1A1,"17a-Ethynylestradiol|3',4'-Dihydrodiol|4'-Hydroxydiclofenac|4-Hydroxycyclophosphamide|8-Hydroxycarvedilol|E-3179|Estriol|Glycerol|N-Desmethylcitalopram|N-Desmethyleletriptan|O-Deethylated candesartan",Endothelial,0.0,0.0,391
ATP1A1,2-Hydroxychlorpropamide,Endothelial,0.0,0.0,391
ATP1A1,25-Hydroxycholesterol,Endothelial,0.0,0.0,391
ATP1A1,4-ene-Valproic acid,Endothelial,0.0,0.0,391
ATP1A1,5-Hydroxyomeprazole,Endothelial,0.0,0.0,391
ATP1A1,Acetate,Endothelial,0.0,0.0,391
ATP1A1,Acetyl-L-Carnitine|Choline|Creatine|Dopamine|Histamine|Norepinephrine,Endothelial,0.0,0.0,391
ATP1A1,Adenosine triphosphate,Endothelial,0.0,0.0,391
ATP1A1,Amiloride-sensitive sodium transport,Endothelial,0.0,0.0,391
ATP1A1,Anion exchange,Endothelial,0.0,0.0,391
ATP1A1,Butyrate|D-Lactate|Ketone bodies|L-Lactate|Pyruvate|alpha-Ketoisovaleric acid,Endothelial,0.0,0.0,391
ATP1A1,Cadmium|Manganese|Zinc,Endothelial,0.0,0.0,391
ATP1A1,Chloride,Endothelial,0.0,0.0,391
ATP1A1,Chloride ion,Endothelial,0.0,0.0,391
ATP1A1,Cholesterol,Endothelial,0.0,0.0,391
ATP1A1,Cholic acid,Endothelial,0.0,0.0,391
ATP1A1,Citric acid|Oxalic acid,Endothelial,0.0,0.0,391
ATP1A1,Cortisol|Hydroxylansoprazole|N-Desmethyltamoxifen,Endothelial,0.0,0.0,391
ATP1A1,Estradiol,Endothelial,0.0,0.0,391
ATP1A1,Fatty acid,Endothelial,0.0,0.0,391
ATP1A1,Folic acid,Endothelial,0.0,0.0,391
ATP1A1,Glycyl-glycine|L-Dopa,Endothelial,0.0,0.0,391
ATP1A1,Iron,Endothelial,0.0,0.0,391
ATP1A1,L-Arginine|L-Cystine|L-Lysine|L-Ornithine,Endothelial,0.0,0.0,391
ATP1A1,L-Carnitine,Endothelial,0.0,0.0,391
ATP1A1,L-Glutamate,Endothelial,0.0,0.0,391
ATP1A1,N-desmethylimatinib,Endothelial,0.0,0.0,391
ATP1A1,Neurotransmitter,Endothelial,0.0,0.0,391
ATP1A1,Nicotinate,Endothelial,0.0,0.0,391
ATP1A1,O-Desmethylverapamil (D-702),Endothelial,0.0,0.0,391
ATP1A1,Phosphate,Endothelial,0.0,0.0,391
ATP1A1,Progesterone,Endothelial,0.0,0.0,391
ATP1A1,Sodium,Endothelial,0.0,0.0,391
ATP1A1,Sodium_hydrogen exchange,Endothelial,0.0,0.0,391
ATP1A1,Taurocholic acid,Endothelial,0.0,0.0,391
ATP1A1,Testosterone,Endothelial,0.0,0.0,391
ATP1A1,Urea,Endothelial,0.0,0.0,391
ATP1A1,Vitamin D3,Endothelial,0.0,0.0,391
ATP1A1,Water,Endothelial,0.0,0.0,391
ATP1A1,"(3a,5b,7a)-23-Carboxy-7-hydroxy-24-norcholan-3-yl-b-D-Glucopyranosiduronic acid|1b,3a,12a-Trihydroxy-5b-cholanoic acid|3-Sulfodeoxycholic acid|3alpha,7alpha-Dihydroxycoprostanic acid|3b-Hydroxy-5-cholenoic acid|Chenodeoxycholic acid|Chenodeoxycholic acid 3-sulfate|Coprocholic acid|Deoxycholic acid|Folinic acid|Glutathione|Glycochenodeoxycholate-3-sulfate|Hyodeoxycholic acid|Isoursodeoxycholic acid|Lithocholic acid|Sulfolithocholic acid|Trihydroxycoprostanoic acid|Ursocholic acid|Ursodeoxycholic acid|Ursodeoxycholic acid 3-sulfate|Varanic acid",Enteric_glia,0.0,0.0,92
ATP1A1,"17a-Ethynylestradiol|3',4'-Dihydrodiol|4'-Hydroxydiclofenac|4-Hydroxycyclophosphamide|8-Hydroxycarvedilol|E-3179|Estriol|Glycerol|N-Desmethylcitalopram|N-Desmethyleletriptan|O-Deethylated candesartan",Enteric_glia,0.0,0.0,92
ATP1A1,2-Hydroxychlorpropamide,Enteric_glia,0.0,0.0,92
ATP1A1,25-Hydroxycholesterol,Enteric_glia,0.0,0.0,92
ATP1A1,4-ene-Valproic acid,Enteric_glia,0.0,0.0,92
ATP1A1,5-Hydroxyomeprazole,Enteric_glia,0.0,0.0,92
ATP1A1,Acetate,Enteric_glia,0.0,0.0,92
ATP1A1,Acetyl-L-Carnitine|Choline|Creatine|Dopamine|Histamine|Norepinephrine,Enteric_glia,0.0,0.0,92
ATP1A1,Adenosine triphosphate,Enteric_glia,0.0,0.0,92
ATP1A1,Amiloride-sensitive sodium transport,Enteric_glia,0.0,0.0,92
ATP1A1,Anion exchange,Enteric_glia,0.0,0.0,92
ATP1A1,Butyrate|D-Lactate|Ketone bodies|L-Lactate|Pyruvate|alpha-Ketoisovaleric acid,Enteric_glia,0.0,0.0,92
ATP1A1,Cadmium|Manganese|Zinc,Enteric_glia,0.0,0.0,92
ATP1A1,Chloride,Enteric_glia,0.0,0.0,92
ATP1A1,Chloride ion,Enteric_glia,0.0,0.0,92
ATP1A1,Cholesterol,Enteric_glia,0.0,0.0,92
ATP1A1,Cholic acid,Enteric_glia,0.0,0.0,92
ATP1A1,Citric acid|Oxalic acid,Enteric_glia,0.0,0.0,92
ATP1A1,Cortisol|Hydroxylansoprazole|N-Desmethyltamoxifen,Enteric_glia,0.0,0.0,92
ATP1A1,Estradiol,Enteric_glia,0.0,0.0,92
ATP1A1,Fatty acid,Enteric_glia,0.0,0.0,92
ATP1A1,Folic acid,Enteric_glia,0.0,0.0,92
ATP1A1,Glycyl-glycine|L-Dopa,Enteric_glia,0.0,0.0,92
ATP1A1,Iron,Enteric_glia,0.0,0.0,92
ATP1A1,L-Arginine|L-Cystine|L-Lysine|L-Ornithine,Enteric_glia,0.0,0.0,92
ATP1A1,L-Carnitine,Enteric_glia,0.0,0.0,92
ATP1A1,L-Glutamate,Enteric_glia,0.0,0.0,92
ATP1A1,N-desmethylimatinib,Enteric_glia,0.0,0.0,92
ATP1A1,Neurotransmitter,Enteric_glia,0.0,0.0,92
ATP1A1,Nicotinate,Enteric_glia,0.0,0.0,92
ATP1A1,O-Desmethylverapamil (D-702),Enteric_glia,0.0,0.0,92
ATP1A1,Phosphate,Enteric_glia,0.0,0.0,92
ATP1A1,Progesterone,Enteric_glia,0.0,0.0,92
ATP1A1,Sodium,Enteric_glia,0.0,0.0,92
ATP1A1,Sodium_hydrogen exchange,Enteric_glia,0.0,0.0,92
ATP1A1,Taurocholic acid,Enteric_glia,0.0,0.0,92
ATP1A1,Testosterone,Enteric_glia,0.0,0.0,92
ATP1A1,Urea,Enteric_glia,0.0,0.0,92
ATP1A1,Vitamin D3,Enteric_glia,0.0,0.0,92
ATP1A1,Water,Enteric_glia,0.0,0.0,92
ATP1A1,"(3a,5b,7a)-23-Carboxy-7-hydroxy-24-norcholan-3-yl-b-D-Glucopyranosiduronic acid|1b,3a,12a-Trihydroxy-5b-cholanoic acid|3-Sulfodeoxycholic acid|3alpha,7alpha-Dihydroxycoprostanic acid|3b-Hydroxy-5-cholenoic acid|Chenodeoxycholic acid|Chenodeoxycholic acid 3-sulfate|Coprocholic acid|Deoxycholic acid|Folinic acid|Glutathione|Glycochenodeoxycholate-3-sulfate|Hyodeoxycholic acid|Isoursodeoxycholic acid|Lithocholic acid|Sulfolithocholic acid|Trihydroxycoprostanoic acid|Ursocholic acid|Ursodeoxycholic acid|Ursodeoxycholic acid 3-sulfate|Varanic acid",Fibroblast,0.0,0.0,944
ATP1A1,"17a-Ethynylestradiol|3',4'-Dihydrodiol|4'-Hydroxydiclofenac|4-Hydroxycyclophosphamide|8-Hydroxycarvedilol|E-3179|Estriol|Glycerol|N-Desmethylcitalopram|N-Desmethyleletriptan|O-Deethylated candesartan",Fibroblast,-3.1608766e-07,2.2606526e-08,944
ATP1A1,2-Hydroxychlorpropamide,Fibroblast,-3.2612982e-07,2.3807301e-08,944
ATP1A1,25-Hydroxycholesterol,Fibroblast,0.0,0.0,944
ATP1A1,4-ene-Valproic acid,Fibroblast,-7.1606365e-07,2.2371925e-08,944
ATP1A1,5-Hydroxyomeprazole,Fibroblast,-1.3774172e-06,1.5429038e-07,944
ATP1A1,Acetate,Fibroblast,6.2687246e-07,1.2129776e-08,944
ATP1A1,Acetyl-L-Carnitine|Choline|Creatine|Dopamine|Histamine|Norepinephrine,Fibroblast,-1.2386938e-07,2.2779811e-09,944
ATP1A1,Adenosine triphosphate,Fibroblast,0.0,0.0,944
ATP1A1,Amiloride-sensitive sodium transport,Fibroblast,0.0,0.0,944
ATP1A1,Anion exchange,Fibroblast,-0.00013752606,3.3468243e-06,944
ATP1A1,Butyrate|D-Lactate|Ketone bodies|L-Lactate|Pyruvate|alpha-Ketoisovaleric acid,Fibroblast,0.0,0.0,944
ATP1A1,Cadmium|Manganese|Zinc,Fibroblast,-1.0853634e-07,8.249301e-09,944
ATP1A1,Chloride,Fibroblast,-3.4142684e-07,6.1754055e-09,944
ATP1A1,Chloride ion,Fibroblast,-1.3225458e-05,1.6279e-07,944
ATP1A1,Cholesterol,Fibroblast,-2.1577296e-06,7.447216e-08,944
ATP1A1,Cholic acid,Fibroblast,-2.3466829e-07,3.011043e-09,944
ATP1A1,Citric acid|Oxalic acid,Fibroblast,3.4476128e-07,5.981537e-08,944
ATP1A1,Cortisol|Hydroxylansoprazole|N-Desmethyltamoxifen,Fibroblast,-1.1902483e-06,1.6590464e-08,944
ATP1A1,Estradiol,Fibroblast,-7.818439e-07,4.8262553e-08,944
ATP1A1,Fatty acid,Fibroblast,9.074123e-06,8.119603e-08,944
ATP1A1,Folic acid,Fibroblast,-3.5779564e-07,4.803668e-09,944
ATP1A1,Glycyl-glycine|L-Dopa,Fibroblast,0.0,0.0,944
ATP1A1,Iron,Fibroblast,-8.709293e-06,1.8733434e-07,944
ATP1A1,L-Arginine|L-Cystine|L-Lysine|L-Ornithine,Fibroblast,0.0,0.0,944
ATP1A1,L-Carnitine,Fibroblast,-7.057457e-08,1.0302135e-08,944
ATP1A1,L-Glutamate,Fibroblast,0.0,0.0,944
ATP1A1,N-desmethylimatinib,Fibroblast,-7.6432656e-07,8.405967e-09,944
ATP1A1,Neurotransmitter,Fibroblast,0.0,0.0,944
ATP1A1,Nicotinate,Fibroblast,7.172453e-07,2.2027153e-08,944
ATP1A1,O-Desmethylverapamil (D-702),Fibroblast,-4.4866673e-07,7.759722e-08,944
ATP1A1,Phosphate,Fibroblast,0.0,0.0,944
ATP1A1,Progesterone,Fibroblast,-1.6408115e-06,4.9464706e-08,944
ATP1A1,Sodium,Fibroblast,-1.7102298e-05,2.3893933e-06,944
ATP1A1,Sodium_hydrogen exchange,Fibroblast,5.8163414e-07,2.6409763e-08,944
ATP1A1,Taurocholic acid,Fibroblast,-1.732726e-06,6.2810486e-08,944
ATP1A1,Testosterone,Fibroblast,-1.6731084e-06,5.0069318e-08,944
ATP1A1,Urea,Fibroblast,1.6533464e-07,4.8906483e-09,944
ATP1A1,Vitamin D3,Fibroblast,0.0,0.0,944
ATP1A1,Water,Fibroblast,9.624919e-06,1.659309e-07,944
ATP1A1,"(3a,5b,7a)-23-Carboxy-7-hydroxy-24-norcholan-3-yl-b-D-Glucopyranosiduronic acid|1b,3a,12a-Trihydroxy-5b-cholanoic acid|3-Sulfodeoxycholic acid|3alpha,7alpha-Dihydroxycoprostanic acid|3b-Hydroxy-5-cholenoic acid|Chenodeoxycholic acid|Chenodeoxycholic acid 3-sulfate|Coprocholic acid|Deoxycholic acid|Folinic acid|Glutathione|Glycochenodeoxycholate-3-sulfate|Hyodeoxycholic acid|Isoursodeoxycholic acid|Lithocholic acid|Sulfolithocholic acid|Trihydroxycoprostanoic acid|Ursocholic acid|Ursodeoxycholic acid|Ursodeoxycholic acid 3-sulfate|Varanic acid",IEC,0.00088849943,6.247347e-05,7778
ATP1A1,"17a-Ethynylestradiol|3',4'-Dihydrodiol|4'-Hydroxydiclofenac|4-Hydroxycyclophosphamide|8-Hydroxycarvedilol|E-3179|Estriol|Glycerol|N-Desmethylcitalopram|N-Desmethyleletriptan|O-Deethylated candesartan",IEC,-0.0009213119,0.00051557604,7778
ATP1A1,2-Hydroxychlorpropamide,IEC,-0.0011906929,0.00065875956,7778
ATP1A1,25-Hydroxycholesterol,IEC,0.00013799503,4.278265e-05,7778
ATP1A1,4-ene-Valproic acid,IEC,0.007563471,0.00012877377,7778
ATP1A1,5-Hydroxyomeprazole,IEC,-0.004093481,0.0025427295,7778
ATP1A1,Acetate,IEC,0.010087979,0.0002989897,7778
ATP1A1,Acetyl-L-Carnitine|Choline|Creatine|Dopamine|Histamine|Norepinephrine,IEC,9.4414056e-05,1.815298e-05,7778
ATP1A1,Adenosine triphosphate,IEC,-3.9432733e-05,1.6023649e-05,7778
ATP1A1,Amiloride-sensitive sodium transport,IEC,-0.004640893,0.0027452006,7778
ATP1A1,Anion exchange,IEC,0.37597007,0.00454786,7778
ATP1A1,Butyrate|D-Lactate|Ketone bodies|L-Lactate|Pyruvate|alpha-Ketoisovaleric acid,IEC,0.0020602134,0.00030155625,7778
ATP1A1,Cadmium|Manganese|Zinc,IEC,-0.00013678861,2.3065802e-05,7778
ATP1A1,Chloride,IEC,0.00040095614,7.2581635e-05,7778
ATP1A1,Chloride ion,IEC,0.011497663,7.84198e-05,7778
ATP1A1,Cholesterol,IEC,-0.0025220509,0.0019498045,7778
ATP1A1,Cholic acid,IEC,-0.0004108297,0.0002970331,7778
ATP1A1,Citric acid|Oxalic acid,IEC,0.0017874076,0.00014754674,7778
ATP1A1,Cortisol|Hydroxylansoprazole|N-Desmethyltamoxifen,IEC,-0.0033566968,0.0020710728,7778
ATP1A1,Estradiol,IEC,-0.0009931603,0.0007435402,7778
ATP1A1,Fatty acid,IEC,0.010336841,8.7793844e-05,7778
ATP1A1,Folic acid,IEC,-0.0062378384,0.0018339676,7778
ATP1A1,Glycyl-glycine|L-Dopa,IEC,-5.1349903e-06,1.97252e-06,7778
ATP1A1,Iron,IEC,-0.004436453,0.0005056036,7778
ATP1A1,L-Arginine|L-Cystine|L-Lysine|L-Ornithine,IEC,6.9112066e-05,1.0685515e-05,7778
ATP1A1,L-Carnitine,IEC,0.0012430476,9.830651e-05,7778
ATP1A1,L-Glutamate,IEC,0.0021084726,0.00037908307,7778
ATP1A1,N-desmethylimatinib,IEC,-0.0034277753,0.002843831,7778
ATP1A1,Neurotransmitter,IEC,0.00010265523,4.002154e-05,7778
ATP1A1,Nicotinate,IEC,0.015492836,0.00014001945,7778
ATP1A1,O-Desmethylverapamil (D-702),IEC,-0.00091998116,0.0007572373,7778
ATP1A1,Phosphate,IEC,-0.00045717752,0.000107274296,7778
ATP1A1,Progesterone,IEC,-0.0027526557,0.0009689533,7778
ATP1A1,Sodium,IEC,0.022812875,0.0001047581,7778
ATP1A1,Sodium_hydrogen exchange,IEC,-0.0006058341,0.00047178613,7778
ATP1A1,Taurocholic acid,IEC,-0.00035427953,0.0002863618,7778
ATP1A1,Testosterone,IEC,-0.0018442055,0.0013474532,7778
ATP1A1,Urea,IEC,8.359567e-06,2.266199e-06,7778
ATP1A1,Vitamin D3,IEC,0.0,0.0,7778
ATP1A1,Water,IEC,-0.22149661,0.06193839,7778
ATP1A1,"(3a,5b,7a)-23-Carboxy-7-hydroxy-24-norcholan-3-yl-b-D-Glucopyranosiduronic acid|1b,3a,12a-Trihydroxy-5b-cholanoic acid|3-Sulfodeoxycholic acid|3alpha,7alpha-Dihydroxycoprostanic acid|3b-Hydroxy-5-cholenoic acid|Chenodeoxycholic acid|Chenodeoxycholic acid 3-sulfate|Coprocholic acid|Deoxycholic acid|Folinic acid|Glutathione|Glycochenodeoxycholate-3-sulfate|Hyodeoxycholic acid|Isoursodeoxycholic acid|Lithocholic acid|Sulfolithocholic acid|Trihydroxycoprostanoic acid|Ursocholic acid|Ursodeoxycholic acid|Ursodeoxycholic acid 3-sulfate|Varanic acid",MAST,0.0,0.0,171
ATP1A1,"17a-Ethynylestradiol|3',4'-Dihydrodiol|4'-Hydroxydiclofenac|4-Hydroxycyclophosphamide|8-Hydroxycarvedilol|E-3179|Estriol|Glycerol|N-Desmethylcitalopram|N-Desmethyleletriptan|O-Deethylated candesartan",MAST,0.0,0.0,171
ATP1A1,2-Hydroxychlorpropamide,MAST,0.0,0.0,171
ATP1A1,25-Hydroxycholesterol,MAST,0.0,0.0,171
ATP1A1,4-ene-Valproic acid,MAST,0.0,0.0,171
ATP1A1,5-Hydroxyomeprazole,MAST,0.0,0.0,171
ATP1A1,Acetate,MAST,0.0,0.0,171
ATP1A1,Acetyl-L-Carnitine|Choline|Creatine|Dopamine|Histamine|Norepinephrine,MAST,0.0,0.0,171
ATP1A1,Adenosine triphosphate,MAST,0.0,0.0,171
ATP1A1,Amiloride-sensitive sodium transport,MAST,0.0,0.0,171
ATP1A1,Anion exchange,MAST,0.0,0.0,171
ATP1A1,Butyrate|D-Lactate|Ketone bodies|L-Lactate|Pyruvate|alpha-Ketoisovaleric acid,MAST,0.0,0.0,171
ATP1A1,Cadmium|Manganese|Zinc,MAST,0.0,0.0,171
ATP1A1,Chloride,MAST,0.0,0.0,171
ATP1A1,Chloride ion,MAST,0.0,0.0,171
ATP1A1,Cholesterol,MAST,0.0,0.0,171
ATP1A1,Cholic acid,MAST,0.0,0.0,171
ATP1A1,Citric acid|Oxalic acid,MAST,0.0,0.0,171
ATP1A1,Cortisol|Hydroxylansoprazole|N-Desmethyltamoxifen,MAST,0.0,0.0,171
ATP1A1,Estradiol,MAST,0.0,0.0,171
ATP1A1,Fatty acid,MAST,0.0,0.0,171
ATP1A1,Folic acid,MAST,0.0,0.0,171
ATP1A1,Glycyl-glycine|L-Dopa,MAST,0.0,0.0,171
ATP1A1,Iron,MAST,0.0,0.0,171
ATP1A1,L-Arginine|L-Cystine|L-Lysine|L-Ornithine,MAST,0.0,0.0,171
ATP1A1,L-Carnitine,MAST,0.0,0.0,171
ATP1A1,L-Glutamate,MAST,0.0,0.0,171
ATP1A1,N-desmethylimatinib,MAST,0.0,0.0,171
ATP1A1,Neurotransmitter,MAST,0.0,0.0,171
ATP1A1,Nicotinate,MAST,0.0,0.0,171
ATP1A1,O-Desmethylverapamil (D-702),MAST,0.0,0.0,171
ATP1A1,Phosphate,MAST,0.0,0.0,171
ATP1A1,Progesterone,MAST,0.0,0.0,171
ATP1A1,Sodium,MAST,0.0,0.0,171
ATP1A1,Sodium_hydrogen exchange,MAST,0.0,0.0,171
ATP1A1,Taurocholic acid,MAST,0.0,0.0,171
ATP1A1,Testosterone,MAST,0.0,0.0,171
ATP1A1,Urea,MAST,0.0,0.0,171
ATP1A1,Vitamin D3,MAST,0.0,0.0,171
ATP1A1,Water,MAST,0.0,0.0,171
ATP1A1,"(3a,5b,7a)-23-Carboxy-7-hydroxy-24-norcholan-3-yl-b-D-Glucopyranosiduronic acid|1b,3a,12a-Trihydroxy-5b-cholanoic acid|3-Sulfodeoxycholic acid|3alpha,7alpha-Dihydroxycoprostanic acid|3b-Hydroxy-5-cholenoic acid|Chenodeoxycholic acid|Chenodeoxycholic acid 3-sulfate|Coprocholic acid|Deoxycholic acid|Folinic acid|Glutathione|Glycochenodeoxycholate-3-sulfate|Hyodeoxycholic acid|Isoursodeoxycholic acid|Lithocholic acid|Sulfolithocholic acid|Trihydroxycoprostanoic acid|Ursocholic acid|Ursodeoxycholic acid|Ursodeoxycholic acid 3-sulfate|Varanic acid",MNP,0.0,0.0,464
ATP1A1,"17a-Ethynylestradiol|3',4'-Dihydrodiol|4'-Hydroxydiclofenac|4-Hydroxycyclophosphamide|8-Hydroxycarvedilol|E-3179|Estriol|Glycerol|N-Desmethylcitalopram|N-Desmethyleletriptan|O-Deethylated candesartan",MNP,4.6772623e-08,9.768232e-10,464
ATP1A1,2-Hydroxychlorpropamide,MNP,-1.4322589e-08,1.793969e-09,464
ATP1A1,25-Hydroxycholesterol,MNP,4.571005e-06,2.299517e-07,464
ATP1A1,4-ene-Valproic acid,MNP,5.9021914e-07,1.6176273e-08,464
ATP1A1,5-Hydroxyomeprazole,MNP,-1.5577505e-06,1.2074961e-08,464
ATP1A1,Acetate,MNP,2.4738492e-06,5.5807993e-07,464
ATP1A1,Acetyl-L-Carnitine|Choline|Creatine|Dopamine|Histamine|Norepinephrine,MNP,0.0,0.0,464
ATP1A1,Adenosine triphosphate,MNP,1.0237249e-07,2.0077547e-08,464
ATP1A1,Amiloride-sensitive sodium transport,MNP,-7.304114e-08,1.1445407e-09,464
ATP1A1,Anion exchange,MNP,2.988119e-05,6.5250254e-07,464
ATP1A1,Butyrate|D-Lactate|Ketone bodies|L-Lactate|Pyruvate|alpha-Ketoisovaleric acid,MNP,0.0,0.0,464
ATP1A1,Cadmium|Manganese|Zinc,MNP,0.0,0.0,464
ATP1A1,Chloride,MNP,0.0,0.0,464
ATP1A1,Chloride ion,MNP,0.0,0.0,464
ATP1A1,Cholesterol,MNP,5.658081e-07,9.389033e-08,464
ATP1A1,Cholic acid,MNP,-2.1843547e-09,1.0220047e-11,464
ATP1A1,Citric acid|Oxalic acid,MNP,1.2815962e-05,3.9106317e-07,464
ATP1A1,Cortisol|Hydroxylansoprazole|N-Desmethyltamoxifen,MNP,2.3033673e-09,2.699401e-10,464
ATP1A1,Estradiol,MNP,1.5660646e-05,3.1550496e-07,464
ATP1A1,Fatty acid,MNP,1.4722534e-05,3.6980992e-07,464
ATP1A1,Folic acid,MNP,-6.555828e-09,1.3755364e-10,464
ATP1A1,Glycyl-glycine|L-Dopa,MNP,0.0,0.0,464
ATP1A1,Iron,MNP,3.099673e-05,2.364379e-06,464
ATP1A1,L-Arginine|L-Cystine|L-Lysine|L-Ornithine,MNP,0.0,0.0,464
ATP1A1,L-Carnitine,MNP,8.272632e-09,3.474939e-10,464
ATP1A1,L-Glutamate,MNP,0.0,0.0,464
ATP1A1,N-desmethylimatinib,MNP,3.0070677e-07,7.895708e-09,464
ATP1A1,Neurotransmitter,MNP,0.0,0.0,464
ATP1A1,Nicotinate,MNP,1.1730809e-05,3.1891307e-07,464
ATP1A1,O-Desmethylverapamil (D-702),MNP,1.1687808e-06,1.975474e-07,464
ATP1A1,Phosphate,MNP,0.0,0.0,464
ATP1A1,Progesterone,MNP,5.832217e-07,1.2857755e-08,464
ATP1A1,Sodium,MNP,-6.546143e-07,4.2003183e-08,464
ATP1A1,Sodium_hydrogen exchange,MNP,3.0999395e-06,3.0863976e-07,464
ATP1A1,Taurocholic acid,MNP,1.1473018e-05,5.089981e-07,464
ATP1A1,Testosterone,MNP,-1.0233167e-06,1.5362893e-08,464
ATP1A1,Urea,MNP,0.0,0.0,464
ATP1A1,Vitamin D3,MNP,9.913084e-07,2.6341148e-08,464
ATP1A1,Water,MNP,1.5765308e-05,5.698865e-07,464
ATP1A1,"(3a,5b,7a)-23-Carboxy-7-hydroxy-24-norcholan-3-yl-b-D-Glucopyranosiduronic acid|1b,3a,12a-Trihydroxy-5b-cholanoic acid|3-Sulfodeoxycholic acid|3alpha,7alpha-Dihydroxycoprostanic acid|3b-Hydroxy-5-cholenoic acid|Chenodeoxycholic acid|Chenodeoxycholic acid 3-sulfate|Coprocholic acid|Deoxycholic acid|Folinic acid|Glutathione|Glycochenodeoxycholate-3-sulfate|Hyodeoxycholic acid|Isoursodeoxycholic acid|Lithocholic acid|Sulfolithocholic acid|Trihydroxycoprostanoic acid|Ursocholic acid|Ursodeoxycholic acid|Ursodeoxycholic acid 3-sulfate|Varanic acid",Muscularis_mucosa,0.0,0.0,92
ATP1A1,"17a-Ethynylestradiol|3',4'-Dihydrodiol|4'-Hydroxydiclofenac|4-Hydroxycyclophosphamide|8-Hydroxycarvedilol|E-3179|Estriol|Glycerol|N-Desmethylcitalopram|N-Desmethyleletriptan|O-Deethylated candesartan",Muscularis_mucosa,0.0,0.0,92
ATP1A1,2-Hydroxychlorpropamide,Muscularis_mucosa,0.0,0.0,92
ATP1A1,25-Hydroxycholesterol,Muscularis_mucosa,0.0,0.0,92
ATP1A1,4-ene-Valproic acid,Muscularis_mucosa,0.0,0.0,92
ATP1A1,5-Hydroxyomeprazole,Muscularis_mucosa,0.0,0.0,92
ATP1A1,Acetate,Muscularis_mucosa,0.0,0.0,92
ATP1A1,Acetyl-L-Carnitine|Choline|Creatine|Dopamine|Histamine|Norepinephrine,Muscularis_mucosa,0.0,0.0,92
ATP1A1,Adenosine triphosphate,Muscularis_mucosa,0.0,0.0,92
ATP1A1,Amiloride-sensitive sodium transport,Muscularis_mucosa,0.0,0.0,92
ATP1A1,Anion exchange,Muscularis_mucosa,0.0,0.0,92
ATP1A1,Butyrate|D-Lactate|Ketone bodies|L-Lactate|Pyruvate|alpha-Ketoisovaleric acid,Muscularis_mucosa,0.0,0.0,92
ATP1A1,Cadmium|Manganese|Zinc,Muscularis_mucosa,0.0,0.0,92
ATP1A1,Chloride,Muscularis_mucosa,0.0,0.0,92
ATP1A1,Chloride ion,Muscularis_mucosa,0.0,0.0,92
ATP1A1,Cholesterol,Muscularis_mucosa,0.0,0.0,92
ATP1A1,Cholic acid,Muscularis_mucosa,0.0,0.0,92
ATP1A1,Citric acid|Oxalic acid,Muscularis_mucosa,0.0,0.0,92
ATP1A1,Cortisol|Hydroxylansoprazole|N-Desmethyltamoxifen,Muscularis_mucosa,0.0,0.0,92
ATP1A1,Estradiol,Muscularis_mucosa,0.0,0.0,92
ATP1A1,Fatty acid,Muscularis_mucosa,0.0,0.0,92
ATP1A1,Folic acid,Muscularis_mucosa,0.0,0.0,92
ATP1A1,Glycyl-glycine|L-Dopa,Muscularis_mucosa,0.0,0.0,92
ATP1A1,Iron,Muscularis_mucosa,0.0,0.0,92
ATP1A1,L-Arginine|L-Cystine|L-Lysine|L-Ornithine,Muscularis_mucosa,0.0,0.0,92
ATP1A1,L-Carnitine,Muscularis_mucosa,0.0,0.0,92
ATP1A1,L-Glutamate,Muscularis_mucosa,0.0,0.0,92
ATP1A1,N-desmethylimatinib,Muscularis_mucosa,0.0,0.0,92
ATP1A1,Neurotransmitter,Muscularis_mucosa,0.0,0.0,92
ATP1A1,Nicotinate,Muscularis_mucosa,0.0,0.0,92
ATP1A1,O-Desmethylverapamil (D-702),Muscularis_mucosa,0.0,0.0,92
ATP1A1,Phosphate,Muscularis_mucosa,0.0,0.0,92
ATP1A1,Progesterone,Muscularis_mucosa,0.0,0.0,92
ATP1A1,Sodium,Muscularis_mucosa,0.0,0.0,92
ATP1A1,Sodium_hydrogen exchange,Muscularis_mucosa,0.0,0.0,92
ATP1A1,Taurocholic acid,Muscularis_mucosa,0.0,0.0,92
ATP1A1,Testosterone,Muscularis_mucosa,0.0,0.0,92
ATP1A1,Urea,Muscularis_mucosa,0.0,0.0,92
ATP1A1,Vitamin D3,Muscularis_mucosa,0.0,0.0,92
ATP1A1,Water,Muscularis_mucosa,0.0,0.0,92
ATP1A1,"(3a,5b,7a)-23-Carboxy-7-hydroxy-24-norcholan-3-yl-b-D-Glucopyranosiduronic acid|1b,3a,12a-Trihydroxy-5b-cholanoic acid|3-Sulfodeoxycholic acid|3alpha,7alpha-Dihydroxycoprostanic acid|3b-Hydroxy-5-cholenoic acid|Chenodeoxycholic acid|Chenodeoxycholic acid 3-sulfate|Coprocholic acid|Deoxycholic acid|Folinic acid|Glutathione|Glycochenodeoxycholate-3-sulfate|Hyodeoxycholic acid|Isoursodeoxycholic acid|Lithocholic acid|Sulfolithocholic acid|Trihydroxycoprostanoic acid|Ursocholic acid|Ursodeoxycholic acid|Ursodeoxycholic acid 3-sulfate|Varanic acid",Myofibroblast,0.0,0.0,219
ATP1A1,"17a-Ethynylestradiol|3',4'-Dihydrodiol|4'-Hydroxydiclofenac|4-Hydroxycyclophosphamide|8-Hydroxycarvedilol|E-3179|Estriol|Glycerol|N-Desmethylcitalopram|N-Desmethyleletriptan|O-Deethylated candesartan",Myofibroblast,0.0,0.0,219
ATP1A1,2-Hydroxychlorpropamide,Myofibroblast,0.0,0.0,219
ATP1A1,25-Hydroxycholesterol,Myofibroblast,0.0,0.0,219
ATP1A1,4-ene-Valproic acid,Myofibroblast,0.0,0.0,219
ATP1A1,5-Hydroxyomeprazole,Myofibroblast,0.0,0.0,219
ATP1A1,Acetate,Myofibroblast,0.0,0.0,219
ATP1A1,Acetyl-L-Carnitine|Choline|Creatine|Dopamine|Histamine|Norepinephrine,Myofibroblast,0.0,0.0,219
ATP1A1,Adenosine triphosphate,Myofibroblast,0.0,0.0,219
ATP1A1,Amiloride-sensitive sodium transport,Myofibroblast,0.0,0.0,219
ATP1A1,Anion exchange,Myofibroblast,0.0,0.0,219
ATP1A1,Butyrate|D-Lactate|Ketone bodies|L-Lactate|Pyruvate|alpha-Ketoisovaleric acid,Myofibroblast,0.0,0.0,219
ATP1A1,Cadmium|Manganese|Zinc,Myofibroblast,0.0,0.0,219
ATP1A1,Chloride,Myofibroblast,0.0,0.0,219
ATP1A1,Chloride ion,Myofibroblast,0.0,0.0,219
ATP1A1,Cholesterol,Myofibroblast,0.0,0.0,219
ATP1A1,Cholic acid,Myofibroblast,0.0,0.0,219
ATP1A1,Citric acid|Oxalic acid,Myofibroblast,0.0,0.0,219
ATP1A1,Cortisol|Hydroxylansoprazole|N-Desmethyltamoxifen,Myofibroblast,0.0,0.0,219
ATP1A1,Estradiol,Myofibroblast,0.0,0.0,219
ATP1A1,Fatty acid,Myofibroblast,0.0,0.0,219
ATP1A1,Folic acid,Myofibroblast,0.0,0.0,219
ATP1A1,Glycyl-glycine|L-Dopa,Myofibroblast,0.0,0.0,219
ATP1A1,Iron,Myofibroblast,0.0,0.0,219
ATP1A1,L-Arginine|L-Cystine|L-Lysine|L-Ornithine,Myofibroblast,0.0,0.0,219
ATP1A1,L-Carnitine,Myofibroblast,0.0,0.0,219
ATP1A1,L-Glutamate,Myofibroblast,0.0,0.0,219
ATP1A1,N-desmethylimatinib,Myofibroblast,0.0,0.0,219
ATP1A1,Neurotransmitter,Myofibroblast,0.0,0.0,219
ATP1A1,Nicotinate,Myofibroblast,0.0,0.0,219
ATP1A1,O-Desmethylverapamil (D-702),Myofibroblast,0.0,0.0,219
ATP1A1,Phosphate,Myofibroblast,0.0,0.0,219
ATP1A1,Progesterone,Myofibroblast,0.0,0.0,219
ATP1A1,Sodium,Myofibroblast,0.0,0.0,219
ATP1A1,Sodium_hydrogen exchange,Myofibroblast,0.0,0.0,219
ATP1A1,Taurocholic acid,Myofibroblast,0.0,0.0,219
ATP1A1,Testosterone,Myofibroblast,0.0,0.0,219
ATP1A1,Urea,Myofibroblast,0.0,0.0,219
ATP1A1,Vitamin D3,Myofibroblast,0.0,0.0,219
ATP1A1,Water,Myofibroblast,0.0,0.0,219
ATP1A1,"(3a,5b,7a)-23-Carboxy-7-hydroxy-24-norcholan-3-yl-b-D-Glucopyranosiduronic acid|1b,3a,12a-Trihydroxy-5b-cholanoic acid|3-Sulfodeoxycholic acid|3alpha,7alpha-Dihydroxycoprostanic acid|3b-Hydroxy-5-cholenoic acid|Chenodeoxycholic acid|Chenodeoxycholic acid 3-sulfate|Coprocholic acid|Deoxycholic acid|Folinic acid|Glutathione|Glycochenodeoxycholate-3-sulfate|Hyodeoxycholic acid|Isoursodeoxycholic acid|Lithocholic acid|Sulfolithocholic acid|Trihydroxycoprostanoic acid|Ursocholic acid|Ursodeoxycholic acid|Ursodeoxycholic acid 3-sulfate|Varanic acid",Pericyte,0.0,0.0,109
ATP1A1,"17a-Ethynylestradiol|3',4'-Dihydrodiol|4'-Hydroxydiclofenac|4-Hydroxycyclophosphamide|8-Hydroxycarvedilol|E-3179|Estriol|Glycerol|N-Desmethylcitalopram|N-Desmethyleletriptan|O-Deethylated candesartan",Pericyte,0.0,0.0,109
ATP1A1,2-Hydroxychlorpropamide,Pericyte,0.0,0.0,109
ATP1A1,25-Hydroxycholesterol,Pericyte,0.0,0.0,109
ATP1A1,4-ene-Valproic acid,Pericyte,0.0,0.0,109
ATP1A1,5-Hydroxyomeprazole,Pericyte,0.0,0.0,109
ATP1A1,Acetate,Pericyte,0.0,0.0,109
ATP1A1,Acetyl-L-Carnitine|Choline|Creatine|Dopamine|Histamine|Norepinephrine,Pericyte,0.0,0.0,109
ATP1A1,Adenosine triphosphate,Pericyte,0.0,0.0,109
ATP1A1,Amiloride-sensitive sodium transport,Pericyte,0.0,0.0,109
ATP1A1,Anion exchange,Pericyte,0.0,0.0,109
ATP1A1,Butyrate|D-Lactate|Ketone bodies|L-Lactate|Pyruvate|alpha-Ketoisovaleric acid,Pericyte,0.0,0.0,109
ATP1A1,Cadmium|Manganese|Zinc,Pericyte,0.0,0.0,109
ATP1A1,Chloride,Pericyte,0.0,0.0,109
ATP1A1,Chloride ion,Pericyte,0.0,0.0,109
ATP1A1,Cholesterol,Pericyte,0.0,0.0,109
ATP1A1,Cholic acid,Pericyte,0.0,0.0,109
ATP1A1,Citric acid|Oxalic acid,Pericyte,0.0,0.0,109
ATP1A1,Cortisol|Hydroxylansoprazole|N-Desmethyltamoxifen,Pericyte,0.0,0.0,109
ATP1A1,Estradiol,Pericyte,0.0,0.0,109
ATP1A1,Fatty acid,Pericyte,0.0,0.0,109
ATP1A1,Folic acid,Pericyte,0.0,0.0,109
ATP1A1,Glycyl-glycine|L-Dopa,Pericyte,0.0,0.0,109
ATP1A1,Iron,Pericyte,0.0,0.0,109
ATP1A1,L-Arginine|L-Cystine|L-Lysine|L-Ornithine,Pericyte,0.0,0.0,109
ATP1A1,L-Carnitine,Pericyte,0.0,0.0,109
ATP1A1,L-Glutamate,Pericyte,0.0,0.0,109
ATP1A1,N-desmethylimatinib,Pericyte,0.0,0.0,109
ATP1A1,Neurotransmitter,Pericyte,0.0,0.0,109
ATP1A1,Nicotinate,Pericyte,0.0,0.0,109
ATP1A1,O-Desmethylverapamil (D-702),Pericyte,0.0,0.0,109
ATP1A1,Phosphate,Pericyte,0.0,0.0,109
ATP1A1,Progesterone,Pericyte,0.0,0.0,109
ATP1A1,Sodium,Pericyte,0.0,0.0,109
ATP1A1,Sodium_hydrogen exchange,Pericyte,0.0,0.0,109
ATP1A1,Taurocholic acid,Pericyte,0.0,0.0,109
ATP1A1,Testosterone,Pericyte,0.0,0.0,109
ATP1A1,Urea,Pericyte,0.0,0.0,109
ATP1A1,Vitamin D3,Pericyte,0.0,0.0,109
ATP1A1,Water,Pericyte,0.0,0.0,109
ATP1A1,"(3a,5b,7a)-23-Carboxy-7-hydroxy-24-norcholan-3-yl-b-D-Glucopyranosiduronic acid|1b,3a,12a-Trihydroxy-5b-cholanoic acid|3-Sulfodeoxycholic acid|3alpha,7alpha-Dihydroxycoprostanic acid|3b-Hydroxy-5-cholenoic acid|Chenodeoxycholic acid|Chenodeoxycholic acid 3-sulfate|Coprocholic acid|Deoxycholic acid|Folinic acid|Glutathione|Glycochenodeoxycholate-3-sulfate|Hyodeoxycholic acid|Isoursodeoxycholic acid|Lithocholic acid|Sulfolithocholic acid|Trihydroxycoprostanoic acid|Ursocholic acid|Ursodeoxycholic acid|Ursodeoxycholic acid 3-sulfate|Varanic acid",Plasma,0.0,0.0,1230
ATP1A1,"17a-Ethynylestradiol|3',4'-Dihydrodiol|4'-Hydroxydiclofenac|4-Hydroxycyclophosphamide|8-Hydroxycarvedilol|E-3179|Estriol|Glycerol|N-Desmethylcitalopram|N-Desmethyleletriptan|O-Deethylated candesartan",Plasma,0.0,0.0,1230
ATP1A1,2-Hydroxychlorpropamide,Plasma,0.0,0.0,1230
ATP1A1,25-Hydroxycholesterol,Plasma,0.0,0.0,1230
ATP1A1,4-ene-Valproic acid,Plasma,0.0,0.0,1230
ATP1A1,5-Hydroxyomeprazole,Plasma,0.0,0.0,1230
ATP1A1,Acetate,Plasma,0.0,0.0,1230
ATP1A1,Acetyl-L-Carnitine|Choline|Creatine|Dopamine|Histamine|Norepinephrine,Plasma,0.0,0.0,1230
ATP1A1,Adenosine triphosphate,Plasma,0.0,0.0,1230
ATP1A1,Amiloride-sensitive sodium transport,Plasma,0.0,0.0,1230
ATP1A1,Anion exchange,Plasma,0.0,0.0,1230
ATP1A1,Butyrate|D-Lactate|Ketone bodies|L-Lactate|Pyruvate|alpha-Ketoisovaleric acid,Plasma,0.0,0.0,1230
ATP1A1,Cadmium|Manganese|Zinc,Plasma,0.0,0.0,1230
ATP1A1,Chloride,Plasma,0.0,0.0,1230
ATP1A1,Chloride ion,Plasma,0.0,0.0,1230
ATP1A1,Cholesterol,Plasma,0.0,0.0,1230
ATP1A1,Cholic acid,Plasma,0.0,0.0,1230
ATP1A1,Citric acid|Oxalic acid,Plasma,0.0,0.0,1230
ATP1A1,Cortisol|Hydroxylansoprazole|N-Desmethyltamoxifen,Plasma,0.0,0.0,1230
ATP1A1,Estradiol,Plasma,0.0,0.0,1230
ATP1A1,Fatty acid,Plasma,0.0,0.0,1230
ATP1A1,Folic acid,Plasma,0.0,0.0,1230
ATP1A1,Glycyl-glycine|L-Dopa,Plasma,0.0,0.0,1230
ATP1A1,Iron,Plasma,0.0,0.0,1230
ATP1A1,L-Arginine|L-Cystine|L-Lysine|L-Ornithine,Plasma,0.0,0.0,1230
ATP1A1,L-Carnitine,Plasma,0.0,0.0,1230
ATP1A1,L-Glutamate,Plasma,0.0,0.0,1230
ATP1A1,N-desmethylimatinib,Plasma,0.0,0.0,1230
ATP1A1,Neurotransmitter,Plasma,0.0,0.0,1230
ATP1A1,Nicotinate,Plasma,0.0,0.0,1230
ATP1A1,O-Desmethylverapamil (D-702),Plasma,0.0,0.0,1230
ATP1A1,Phosphate,Plasma,0.0,0.0,1230
ATP1A1,Progesterone,Plasma,0.0,0.0,1230
ATP1A1,Sodium,Plasma,0.0,0.0,1230
ATP1A1,Sodium_hydrogen exchange,Plasma,0.0,0.0,1230
ATP1A1,Taurocholic acid,Plasma,0.0,0.0,1230
ATP1A1,Testosterone,Plasma,0.0,0.0,1230
ATP1A1,Urea,Plasma,0.0,0.0,1230
ATP1A1,Vitamin D3,Plasma,0.0,0.0,1230
ATP1A1,Water,Plasma,0.0,0.0,1230
ATP1A1,"(3a,5b,7a)-23-Carboxy-7-hydroxy-24-norcholan-3-yl-b-D-Glucopyranosiduronic acid|1b,3a,12a-Trihydroxy-5b-cholanoic acid|3-Sulfodeoxycholic acid|3alpha,7alpha-Dihydroxycoprostanic acid|3b-Hydroxy-5-cholenoic acid|Chenodeoxycholic acid|Chenodeoxycholic acid 3-sulfate|Coprocholic acid|Deoxycholic acid|Folinic acid|Glutathione|Glycochenodeoxycholate-3-sulfate|Hyodeoxycholic acid|Isoursodeoxycholic acid|Lithocholic acid|Sulfolithocholic acid|Trihydroxycoprostanoic acid|Ursocholic acid|Ursodeoxycholic acid|Ursodeoxycholic acid 3-sulfate|Varanic acid",T,-3.7141976e-07,2.8951328e-09,632
ATP1A1,"17a-Ethynylestradiol|3',4'-Dihydrodiol|4'-Hydroxydiclofenac|4-Hydroxycyclophosphamide|8-Hydroxycarvedilol|E-3179|Estriol|Glycerol|N-Desmethylcitalopram|N-Desmethyleletriptan|O-Deethylated candesartan",T,5.0097384e-07,4.214447e-08,632
ATP1A1,2-Hydroxychlorpropamide,T,5.2532783e-07,1.3295639e-08,632
ATP1A1,25-Hydroxycholesterol,T,2.3588079e-07,1.1607028e-09,632
ATP1A1,4-ene-Valproic acid,T,-1.6316648e-06,4.794484e-08,632
ATP1A1,5-Hydroxyomeprazole,T,-5.9952885e-07,9.135654e-08,632
ATP1A1,Acetate,T,-2.866079e-06,1.2324732e-07,632
ATP1A1,Acetyl-L-Carnitine|Choline|Creatine|Dopamine|Histamine|Norepinephrine,T,5.1860854e-07,3.1095315e-08,632
ATP1A1,Adenosine triphosphate,T,-1.4996822e-06,3.3962095e-08,632
ATP1A1,Amiloride-sensitive sodium transport,T,2.1367853e-06,5.6417484e-08,632
ATP1A1,Anion exchange,T,8.744245e-05,3.2848895e-06,632
ATP1A1,Butyrate|D-Lactate|Ketone bodies|L-Lactate|Pyruvate|alpha-Ketoisovaleric acid,T,3.1020292e-07,7.969576e-09,632
ATP1A1,Cadmium|Manganese|Zinc,T,-1.2613225e-07,3.2171974e-09,632
ATP1A1,Chloride,T,-8.8192866e-07,8.066825e-09,632
ATP1A1,Chloride ion,T,-5.333426e-05,1.5844472e-06,632
ATP1A1,Cholesterol,T,-2.5507354e-06,8.0793676e-08,632
ATP1A1,Cholic acid,T,6.967309e-08,4.5662035e-10,632
ATP1A1,Citric acid|Oxalic acid,T,0.0,0.0,632
ATP1A1,Cortisol|Hydroxylansoprazole|N-Desmethyltamoxifen,T,-4.5092343e-06,1.943548e-07,632
ATP1A1,Estradiol,T,-2.3226848e-06,3.2588346e-07,632
ATP1A1,Fatty acid,T,-3.5013454e-05,1.3338486e-06,632
ATP1A1,Folic acid,T,-7.726286e-07,7.1446453e-09,632
ATP1A1,Glycyl-glycine|L-Dopa,T,0.0,0.0,632
ATP1A1,Iron,T,-3.367007e-05,7.457905e-07,632
ATP1A1,L-Arginine|L-Cystine|L-Lysine|L-Ornithine,T,0.0,0.0,632
ATP1A1,L-Carnitine,T,-1.1911606e-07,7.627087e-09,632
ATP1A1,L-Glutamate,T,-3.159301e-08,8.28858e-10,632
ATP1A1,N-desmethylimatinib,T,-1.1417875e-06,2.1866434e-07,632
ATP1A1,Neurotransmitter,T,0.0,0.0,632
ATP1A1,Nicotinate,T,-6.121958e-06,1.9683246e-07,632
ATP1A1,O-Desmethylverapamil (D-702),T,-3.5572853e-07,2.055751e-08,632
ATP1A1,Phosphate,T,0.0,0.0,632
ATP1A1,Progesterone,T,7.967793e-07,3.0504175e-08,632
ATP1A1,Sodium,T,-0.00020344373,6.861282e-06,632
ATP1A1,Sodium_hydrogen exchange,T,0.00013072803,5.3915082e-06,632
ATP1A1,Taurocholic acid,T,2.0871837e-06,1.3067609e-07,632
ATP1A1,Testosterone,T,-5.6445033e-06,7.808299e-08,632
ATP1A1,Urea,T,0.0,0.0,632
ATP1A1,Vitamin D3,T,0.0,0.0,632
ATP1A1,Water,T,0.00027831524,8.005856e-06,632
CD3E,"(3a,5b,7a)-23-Carboxy-7-hydroxy-24-norcholan-3-yl-b-D-Glucopyranosiduronic acid|1b,3a,12a-Trihydroxy-5b-cholanoic acid|3-Sulfodeoxycholic acid|3alpha,7alpha-Dihydroxycoprostanic acid|3b-Hydroxy-5-cholenoic acid|Chenodeoxycholic acid|Chenodeoxycholic acid 3-sulfate|Coprocholic acid|Deoxycholic acid|Folinic acid|Glutathione|Glycochenodeoxycholate-3-sulfate|Hyodeoxycholic acid|Isoursodeoxycholic acid|Lithocholic acid|Sulfolithocholic acid|Trihydroxycoprostanoic acid|Ursocholic acid|Ursodeoxycholic acid|Ursodeoxycholic acid 3-sulfate|Varanic acid",B,0.0,0.0,20
CD3E,"17a-Ethynylestradiol|3',4'-Dihydrodiol|4'-Hydroxydiclofenac|4-Hydroxycyclophosphamide|8-Hydroxycarvedilol|E-3179|Estriol|Glycerol|N-Desmethylcitalopram|N-Desmethyleletriptan|O-Deethylated candesartan",B,0.0,0.0,20
CD3E,2-Hydroxychlorpropamide,B,0.0,0.0,20
CD3E,25-Hydroxycholesterol,B,0.0,0.0,20
CD3E,4-ene-Valproic acid,B,0.0,0.0,20
CD3E,5-Hydroxyomeprazole,B,0.0,0.0,20
CD3E,Acetate,B,0.0,0.0,20
CD3E,Acetyl-L-Carnitine|Choline|Creatine|Dopamine|Histamine|Norepinephrine,B,0.0,0.0,20
CD3E,Adenosine diphosphate ribose,B,0.0,0.0,20
CD3E,Adenosine triphosphate,B,0.0,0.0,20
CD3E,Amiloride-sensitive sodium transport,B,0.0,0.0,20
CD3E,Anion exchange,B,0.0,0.0,20
CD3E,Butyrate|D-Lactate|Ketone bodies|L-Lactate|Pyruvate|alpha-Ketoisovaleric acid,B,0.0,0.0,20
CD3E,Cadmium|Manganese|Zinc,B,0.0,0.0,20
CD3E,Chloride,B,0.0,0.0,20
CD3E,Chloride ion,B,0.0,0.0,20
CD3E,Cholesterol,B,0.0,0.0,20
CD3E,Cholic acid,B,0.0,0.0,20
CD3E,Citric acid|Oxalic acid,B,0.0,0.0,20
CD3E,Cortisol|Hydroxylansoprazole|N-Desmethyltamoxifen,B,0.0,0.0,20
CD3E,Estradiol,B,0.0,0.0,20
CD3E,Fatty acid,B,0.0,0.0,20
CD3E,Folic acid,B,0.0,0.0,20
CD3E,Iron,B,0.0,0.0,20
CD3E,L-Arginine|L-Cystine|L-Lysine|L-Ornithine,B,0.0,0.0,20
CD3E,L-Carnitine,B,0.0,0.0,20
CD3E,L-Glutamate,B,0.0,0.0,20
CD3E,N-desmethylimatinib,B,0.0,0.0,20
CD3E,Nicotinate,B,0.0,0.0,20
CD3E,O-Desmethylverapamil (D-702),B,0.0,0.0,20
CD3E,Progesterone,B,0.0,0.0,20
CD3E,Sodium,B,0.0,0.0,20
CD3E,Sodium_hydrogen exchange,B,0.0,0.0,20
CD3E,Taurocholic acid,B,0.0,0.0,20
CD3E,Testosterone,B,0.0,0.0,20
CD3E,Urea,B,0.0,0.0,20
CD3E,Water,B,0.0,0.0,20
CD3E,"(3a,5b,7a)-23-Carboxy-7-hydroxy-24-norcholan-3-yl-b-D-Glucopyranosiduronic acid|1b,3a,12a-Trihydroxy-5b-cholanoic acid|3-Sulfodeoxycholic acid|3alpha,7alpha-Dihydroxycoprostanic acid|3b-Hydroxy-5-cholenoic acid|Chenodeoxycholic acid|Chenodeoxycholic acid 3-sulfate|Coprocholic acid|Deoxycholic acid|Folinic acid|Glutathione|Glycochenodeoxycholate-3-sulfate|Hyodeoxycholic acid|Isoursodeoxycholic acid|Lithocholic acid|Sulfolithocholic acid|Trihydroxycoprostanoic acid|Ursocholic acid|Ursodeoxycholic acid|Ursodeoxycholic acid 3-sulfate|Varanic acid",Endothelial,0.0,0.0,391
CD3E,"17a-Ethynylestradiol|3',4'-Dihydrodiol|4'-Hydroxydiclofenac|4-Hydroxycyclophosphamide|8-Hydroxycarvedilol|E-3179|Estriol|Glycerol|N-Desmethylcitalopram|N-Desmethyleletriptan|O-Deethylated candesartan",Endothelial,0.0,0.0,391
CD3E,2-Hydroxychlorpropamide,Endothelial,0.0,0.0,391
CD3E,25-Hydroxycholesterol,Endothelial,0.0,0.0,391
CD3E,4-ene-Valproic acid,Endothelial,0.0,0.0,391
CD3E,5-Hydroxyomeprazole,Endothelial,0.0,0.0,391
CD3E,Acetate,Endothelial,0.0,0.0,391
CD3E,Acetyl-L-Carnitine|Choline|Creatine|Dopamine|Histamine|Norepinephrine,Endothelial,0.0,0.0,391
CD3E,Adenosine diphosphate ribose,Endothelial,0.0,0.0,391
CD3E,Adenosine triphosphate,Endothelial,0.0,0.0,391
CD3E,Amiloride-sensitive sodium transport,Endothelial,0.0,0.0,391
CD3E,Anion exchange,Endothelial,0.0,0.0,391
CD3E,Butyrate|D-Lactate|Ketone bodies|L-Lactate|Pyruvate|alpha-Ketoisovaleric acid,Endothelial,0.0,0.0,391
CD3E,Cadmium|Manganese|Zinc,Endothelial,0.0,0.0,391
CD3E,Chloride,Endothelial,0.0,0.0,391
CD3E,Chloride ion,Endothelial,0.0,0.0,391
CD3E,Cholesterol,Endothelial,0.0,0.0,391
CD3E,Cholic acid,Endothelial,0.0,0.0,391
CD3E,Citric acid|Oxalic acid,Endothelial,0.0,0.0,391
CD3E,Cortisol|Hydroxylansoprazole|N-Desmethyltamoxifen,Endothelial,0.0,0.0,391
CD3E,Estradiol,Endothelial,0.0,0.0,391
CD3E,Fatty acid,Endothelial,0.0,0.0,391
CD3E,Folic acid,Endothelial,0.0,0.0,391
CD3E,Iron,Endothelial,0.0,0.0,391
CD3E,L-Arginine|L-Cystine|L-Lysine|L-Ornithine,Endothelial,0.0,0.0,391
CD3E,L-Carnitine,Endothelial,0.0,0.0,391
CD3E,L-Glutamate,Endothelial,0.0,0.0,391
CD3E,N-desmethylimatinib,Endothelial,0.0,0.0,391
CD3E,Nicotinate,Endothelial,0.0,0.0,391
CD3E,O-Desmethylverapamil (D-702),Endothelial,0.0,0.0,391
CD3E,Progesterone,Endothelial,0.0,0.0,391
CD3E,Sodium,Endothelial,0.0,0.0,391
CD3E,Sodium_hydrogen exchange,Endothelial,0.0,0.0,391
CD3E,Taurocholic acid,Endothelial,0.0,0.0,391
CD3E,Testosterone,Endothelial,0.0,0.0,391
CD3E,Urea,Endothelial,0.0,0.0,391
CD3E,Water,Endothelial,0.0,0.0,391
CD3E,"(3a,5b,7a)-23-Carboxy-7-hydroxy-24-norcholan-3-yl-b-D-Glucopyranosiduronic acid|1b,3a,12a-Trihydroxy-5b-cholanoic acid|3-Sulfodeoxycholic acid|3alpha,7alpha-Dihydroxycoprostanic acid|3b-Hydroxy-5-cholenoic acid|Chenodeoxycholic acid|Chenodeoxycholic acid 3-sulfate|Coprocholic acid|Deoxycholic acid|Folinic acid|Glutathione|Glycochenodeoxycholate-3-sulfate|Hyodeoxycholic acid|Isoursodeoxycholic acid|Lithocholic acid|Sulfolithocholic acid|Trihydroxycoprostanoic acid|Ursocholic acid|Ursodeoxycholic acid|Ursodeoxycholic acid 3-sulfate|Varanic acid",Enteric_glia,0.0,0.0,92
CD3E,"17a-Ethynylestradiol|3',4'-Dihydrodiol|4'-Hydroxydiclofenac|4-Hydroxycyclophosphamide|8-Hydroxycarvedilol|E-3179|Estriol|Glycerol|N-Desmethylcitalopram|N-Desmethyleletriptan|O-Deethylated candesartan",Enteric_glia,0.0,0.0,92
CD3E,2-Hydroxychlorpropamide,Enteric_glia,0.0,0.0,92
CD3E,25-Hydroxycholesterol,Enteric_glia,0.0,0.0,92
CD3E,4-ene-Valproic acid,Enteric_glia,0.0,0.0,92
CD3E,5-Hydroxyomeprazole,Enteric_glia,0.0,0.0,92
CD3E,Acetate,Enteric_glia,0.0,0.0,92
CD3E,Acetyl-L-Carnitine|Choline|Creatine|Dopamine|Histamine|Norepinephrine,Enteric_glia,0.0,0.0,92
CD3E,Adenosine diphosphate ribose,Enteric_glia,0.0,0.0,92
CD3E,Adenosine triphosphate,Enteric_glia,0.0,0.0,92
CD3E,Amiloride-sensitive sodium transport,Enteric_glia,0.0,0.0,92
CD3E,Anion exchange,Enteric_glia,0.0,0.0,92
CD3E,Butyrate|D-Lactate|Ketone bodies|L-Lactate|Pyruvate|alpha-Ketoisovaleric acid,Enteric_glia,0.0,0.0,92
CD3E,Cadmium|Manganese|Zinc,Enteric_glia,0.0,0.0,92
CD3E,Chloride,Enteric_glia,0.0,0.0,92
CD3E,Chloride ion,Enteric_glia,0.0,0.0,92
CD3E,Cholesterol,Enteric_glia,0.0,0.0,92
CD3E,Cholic acid,Enteric_glia,0.0,0.0,92
CD3E,Citric acid|Oxalic acid,Enteric_glia,0.0,0.0,92
CD3E,Cortisol|Hydroxylansoprazole|N-Desmethyltamoxifen,Enteric_glia,0.0,0.0,92
CD3E,Estradiol,Enteric_glia,0.0,0.0,92
CD3E,Fatty acid,Enteric_glia,0.0,0.0,92
CD3E,Folic acid,Enteric_glia,0.0,0.0,92
CD3E,Iron,Enteric_glia,0.0,0.0,92
CD3E,L-Arginine|L-Cystine|L-Lysine|L-Ornithine,Enteric_glia,0.0,0.0,92
CD3E,L-Carnitine,Enteric_glia,0.0,0.0,92
CD3E,L-Glutamate,Enteric_glia,0.0,0.0,92
CD3E,N-desmethylimatinib,Enteric_glia,0.0,0.0,92
CD3E,Nicotinate,Enteric_glia,0.0,0.0,92
CD3E,O-Desmethylverapamil (D-702),Enteric_glia,0.0,0.0,92
CD3E,Progesterone,Enteric_glia,0.0,0.0,92
CD3E,Sodium,Enteric_glia,0.0,0.0,92
CD3E,Sodium_hydrogen exchange,Enteric_glia,0.0,0.0,92
CD3E,Taurocholic acid,Enteric_glia,0.0,0.0,92
CD3E,Testosterone,Enteric_glia,0.0,0.0,92
CD3E,Urea,Enteric_glia,0.0,0.0,92
CD3E,Water,Enteric_glia,0.0,0.0,92
CD3E,"(3a,5b,7a)-23-Carboxy-7-hydroxy-24-norcholan-3-yl-b-D-Glucopyranosiduronic acid|1b,3a,12a-Trihydroxy-5b-cholanoic acid|3-Sulfodeoxycholic acid|3alpha,7alpha-Dihydroxycoprostanic acid|3b-Hydroxy-5-cholenoic acid|Chenodeoxycholic acid|Chenodeoxycholic acid 3-sulfate|Coprocholic acid|Deoxycholic acid|Folinic acid|Glutathione|Glycochenodeoxycholate-3-sulfate|Hyodeoxycholic acid|Isoursodeoxycholic acid|Lithocholic acid|Sulfolithocholic acid|Trihydroxycoprostanoic acid|Ursocholic acid|Ursodeoxycholic acid|Ursodeoxycholic acid 3-sulfate|Varanic acid",Fibroblast,0.0,0.0,944
CD3E,"17a-Ethynylestradiol|3',4'-Dihydrodiol|4'-Hydroxydiclofenac|4-Hydroxycyclophosphamide|8-Hydroxycarvedilol|E-3179|Estriol|Glycerol|N-Desmethylcitalopram|N-Desmethyleletriptan|O-Deethylated candesartan",Fibroblast,0.0,0.0,944
CD3E,2-Hydroxychlorpropamide,Fibroblast,0.0,0.0,944
CD3E,25-Hydroxycholesterol,Fibroblast,0.0,0.0,944
CD3E,4-ene-Valproic acid,Fibroblast,0.0,0.0,944
CD3E,5-Hydroxyomeprazole,Fibroblast,0.0,0.0,944
CD3E,Acetate,Fibroblast,0.0,0.0,944
CD3E,Acetyl-L-Carnitine|Choline|Creatine|Dopamine|Histamine|Norepinephrine,Fibroblast,0.0,0.0,944
CD3E,Adenosine diphosphate ribose,Fibroblast,0.0,0.0,944
CD3E,Adenosine triphosphate,Fibroblast,0.0,0.0,944
CD3E,Amiloride-sensitive sodium transport,Fibroblast,0.0,0.0,944
CD3E,Anion exchange,Fibroblast,0.0,0.0,944
CD3E,Butyrate|D-Lactate|Ketone bodies|L-Lactate|Pyruvate|alpha-Ketoisovaleric acid,Fibroblast,0.0,0.0,944
CD3E,Cadmium|Manganese|Zinc,Fibroblast,0.0,0.0,944
CD3E,Chloride,Fibroblast,0.0,0.0,944
CD3E,Chloride ion,Fibroblast,0.0,0.0,944
CD3E,Cholesterol,Fibroblast,0.0,0.0,944
CD3E,Cholic acid,Fibroblast,0.0,0.0,944
CD3E,Citric acid|Oxalic acid,Fibroblast,0.0,0.0,944
CD3E,Cortisol|Hydroxylansoprazole|N-Desmethyltamoxifen,Fibroblast,0.0,0.0,944
CD3E,Estradiol,Fibroblast,0.0,0.0,944
CD3E,Fatty acid,Fibroblast,0.0,0.0,944
CD3E,Folic acid,Fibroblast,0.0,0.0,944
CD3E,Iron,Fibroblast,0.0,0.0,944
CD3E,L-Arginine|L-Cystine|L-Lysine|L-Ornithine,Fibroblast,0.0,0.0,944
CD3E,L-Carnitine,Fibroblast,0.0,0.0,944
CD3E,L-Glutamate,Fibroblast,0.0,0.0,944
CD3E,N-desmethylimatinib,Fibroblast,0.0,0.0,944
CD3E,Nicotinate,Fibroblast,0.0,0.0,944
CD3E,O-Desmethylverapamil (D-702),Fibroblast,0.0,0.0,944
CD3E,Progesterone,Fibroblast,0.0,0.0,944
CD3E,Sodium,Fibroblast,0.0,0.0,944
CD3E,Sodium_hydrogen exchange,Fibroblast,0.0,0.0,944
CD3E,Taurocholic acid,Fibroblast,0.0,0.0,944
CD3E,Testosterone,Fibroblast,0.0,0.0,944
CD3E,Urea,Fibroblast,0.0,0.0,944
CD3E,Water,Fibroblast,0.0,0.0,944
CD3E,"(3a,5b,7a)-23-Carboxy-7-hydroxy-24-norcholan-3-yl-b-D-Glucopyranosiduronic acid|1b,3a,12a-Trihydroxy-5b-cholanoic acid|3-Sulfodeoxycholic acid|3alpha,7alpha-Dihydroxycoprostanic acid|3b-Hydroxy-5-cholenoic acid|Chenodeoxycholic acid|Chenodeoxycholic acid 3-sulfate|Coprocholic acid|Deoxycholic acid|Folinic acid|Glutathione|Glycochenodeoxycholate-3-sulfate|Hyodeoxycholic acid|Isoursodeoxycholic acid|Lithocholic acid|Sulfolithocholic acid|Trihydroxycoprostanoic acid|Ursocholic acid|Ursodeoxycholic acid|Ursodeoxycholic acid 3-sulfate|Varanic acid",IEC,0.0,0.0,7778
CD3E,"17a-Ethynylestradiol|3',4'-Dihydrodiol|4'-Hydroxydiclofenac|4-Hydroxycyclophosphamide|8-Hydroxycarvedilol|E-3179|Estriol|Glycerol|N-Desmethylcitalopram|N-Desmethyleletriptan|O-Deethylated candesartan",IEC,0.0,0.0,7778
CD3E,2-Hydroxychlorpropamide,IEC,4.897347e-08,5.978354e-09,7778
CD3E,25-Hydroxycholesterol,IEC,0.0,0.0,7778
CD3E,4-ene-Valproic acid,IEC,0.0,0.0,7778
CD3E,5-Hydroxyomeprazole,IEC,-8.181237e-06,1.7056644e-06,7778
CD3E,Acetate,IEC,0.0,0.0,7778
CD3E,Acetyl-L-Carnitine|Choline|Creatine|Dopamine|Histamine|Norepinephrine,IEC,0.0,0.0,7778
CD3E,Adenosine diphosphate ribose,IEC,0.0,0.0,7778
CD3E,Adenosine triphosphate,IEC,0.0,0.0,7778
CD3E,Amiloride-sensitive sodium transport,IEC,-6.981916e-06,4.21131e-07,7778
CD3E,Anion exchange,IEC,-0.020151578,0.00021138617,7778
CD3E,Butyrate|D-Lactate|Ketone bodies|L-Lactate|Pyruvate|alpha-Ketoisovaleric acid,IEC,0.0,0.0,7778
CD3E,Cadmium|Manganese|Zinc,IEC,0.0,0.0,7778
CD3E,Chloride,IEC,0.0,0.0,7778
CD3E,Chloride ion,IEC,-8.2457445e-05,9.865825e-06,7778
CD3E,Cholesterol,IEC,-1.1179804e-06,7.6608295e-08,7778
CD3E,Cholic acid,IEC,1.203891e-07,3.020087e-08,7778
CD3E,Citric acid|Oxalic acid,IEC,0.0,0.0,7778
CD3E,Cortisol|Hydroxylansoprazole|N-Desmethyltamoxifen,IEC,-8.0288936e-07,5.200485e-08,7778
CD3E,Estradiol,IEC,6.4887513e-07,2.2688238e-07,7778
CD3E,Fatty acid,IEC,2.938213e-05,3.1991458e-06,7778
CD3E,Folic acid,IEC,-6.156731e-08,1.1682634e-08,7778
CD3E,Iron,IEC,-1.5128363e-07,7.369492e-09,7778
CD3E,L-Arginine|L-Cystine|L-Lysine|L-Ornithine,IEC,0.0,0.0,7778
CD3E,L-Carnitine,IEC,3.9314124e-08,7.2490227e-09,7778
CD3E,L-Glutamate,IEC,0.0,0.0,7778
CD3E,N-desmethylimatinib,IEC,-2.092191e-07,6.568954e-08,7778
CD3E,Nicotinate,IEC,0.0,0.0,7778
CD3E,O-Desmethylverapamil (D-702),IEC,-4.8556987e-05,1.8155288e-05,7778
CD3E,Progesterone,IEC,0.0,0.0,7778
CD3E,Sodium,IEC,-0.00043910032,4.2885218e-05,7778
CD3E,Sodium_hydrogen exchange,IEC,-0.005179808,0.00020428776,7778
CD3E,Taurocholic acid,IEC,-9.094699e-05,4.907487e-06,7778
CD3E,Testosterone,IEC,-8.649707e-06,3.372439e-06,7778
CD3E,Urea,IEC,0.0,0.0,7778
CD3E,Water,IEC,-0.007955463,9.372845e-05,7778
CD3E,"(3a,5b,7a)-23-Carboxy-7-hydroxy-24-norcholan-3-yl-b-D-Glucopyranosiduronic acid|1b,3a,12a-Trihydroxy-5b-cholanoic acid|3-Sulfodeoxycholic acid|3alpha,7alpha-Dihydroxycoprostanic acid|3b-Hydroxy-5-cholenoic acid|Chenodeoxycholic acid|Chenodeoxycholic acid 3-sulfate|Coprocholic acid|Deoxycholic acid|Folinic acid|Glutathione|Glycochenodeoxycholate-3-sulfate|Hyodeoxycholic acid|Isoursodeoxycholic acid|Lithocholic acid|Sulfolithocholic acid|Trihydroxycoprostanoic acid|Ursocholic acid|Ursodeoxycholic acid|Ursodeoxycholic acid 3-sulfate|Varanic acid",MAST,0.0,0.0,171
CD3E,"17a-Ethynylestradiol|3',4'-Dihydrodiol|4'-Hydroxydiclofenac|4-Hydroxycyclophosphamide|8-Hydroxycarvedilol|E-3179|Estriol|Glycerol|N-Desmethylcitalopram|N-Desmethyleletriptan|O-Deethylated candesartan",MAST,0.0,0.0,171
CD3E,2-Hydroxychlorpropamide,MAST,0.0,0.0,171
CD3E,25-Hydroxycholesterol,MAST,0.0,0.0,171
CD3E,4-ene-Valproic acid,MAST,0.0,0.0,171
CD3E,5-Hydroxyomeprazole,MAST,0.0,0.0,171
CD3E,Acetate,MAST,0.0,0.0,171
CD3E,Acetyl-L-Carnitine|Choline|Creatine|Dopamine|Histamine|Norepinephrine,MAST,0.0,0.0,171
CD3E,Adenosine diphosphate ribose,MAST,0.0,0.0,171
CD3E,Adenosine triphosphate,MAST,0.0,0.0,171
CD3E,Amiloride-sensitive sodium transport,MAST,0.0,0.0,171
CD3E,Anion exchange,MAST,0.0,0.0,171
CD3E,Butyrate|D-Lactate|Ketone bodies|L-Lactate|Pyruvate|alpha-Ketoisovaleric acid,MAST,0.0,0.0,171
CD3E,Cadmium|Manganese|Zinc,MAST,0.0,0.0,171
CD3E,Chloride,MAST,0.0,0.0,171
CD3E,Chloride ion,MAST,0.0,0.0,171
CD3E,Cholesterol,MAST,0.0,0.0,171
CD3E,Cholic acid,MAST,0.0,0.0,171
CD3E,Citric acid|Oxalic acid,MAST,0.0,0.0,171
CD3E,Cortisol|Hydroxylansoprazole|N-Desmethyltamoxifen,MAST,0.0,0.0,171
CD3E,Estradiol,MAST,0.0,0.0,171
CD3E,Fatty acid,MAST,0.0,0.0,171
CD3E,Folic acid,MAST,0.0,0.0,171
CD3E,Iron,MAST,0.0,0.0,171
CD3E,L-Arginine|L-Cystine|L-Lysine|L-Ornithine,MAST,0.0,0.0,171
CD3E,L-Carnitine,MAST,0.0,0.0,171
CD3E,L-Glutamate,MAST,0.0,0.0,171
CD3E,N-desmethylimatinib,MAST,0.0,0.0,171
CD3E,Nicotinate,MAST,0.0,0.0,171
CD3E,O-Desmethylverapamil (D-702),MAST,0.0,0.0,171
CD3E,Progesterone,MAST,0.0,0.0,171
CD3E,Sodium,MAST,0.0,0.0,171
CD3E,Sodium_hydrogen exchange,MAST,0.0,0.0,171
CD3E,Taurocholic acid,MAST,0.0,0.0,171
CD3E,Testosterone,MAST,0.0,0.0,171
CD3E,Urea,MAST,0.0,0.0,171
CD3E,Water,MAST,0.0,0.0,171
CD3E,"(3a,5b,7a)-23-Carboxy-7-hydroxy-24-norcholan-3-yl-b-D-Glucopyranosiduronic acid|1b,3a,12a-Trihydroxy-5b-cholanoic acid|3-Sulfodeoxycholic acid|3alpha,7alpha-Dihydroxycoprostanic acid|3b-Hydroxy-5-cholenoic acid|Chenodeoxycholic acid|Chenodeoxycholic acid 3-sulfate|Coprocholic acid|Deoxycholic acid|Folinic acid|Glutathione|Glycochenodeoxycholate-3-sulfate|Hyodeoxycholic acid|Isoursodeoxycholic acid|Lithocholic acid|Sulfolithocholic acid|Trihydroxycoprostanoic acid|Ursocholic acid|Ursodeoxycholic acid|Ursodeoxycholic acid 3-sulfate|Varanic acid",MNP,0.0,0.0,464
CD3E,"17a-Ethynylestradiol|3',4'-Dihydrodiol|4'-Hydroxydiclofenac|4-Hydroxycyclophosphamide|8-Hydroxycarvedilol|E-3179|Estriol|Glycerol|N-Desmethylcitalopram|N-Desmethyleletriptan|O-Deethylated candesartan",MNP,0.0,0.0,464
CD3E,2-Hydroxychlorpropamide,MNP,0.0,0.0,464
CD3E,25-Hydroxycholesterol,MNP,0.0,0.0,464
CD3E,4-ene-Valproic acid,MNP,0.0,0.0,464
CD3E,5-Hydroxyomeprazole,MNP,0.0,0.0,464
CD3E,Acetate,MNP,0.0,0.0,464
CD3E,Acetyl-L-Carnitine|Choline|Creatine|Dopamine|Histamine|Norepinephrine,MNP,0.0,0.0,464
CD3E,Adenosine diphosphate ribose,MNP,0.0,0.0,464
CD3E,Adenosine triphosphate,MNP,0.0,0.0,464
CD3E,Amiloride-sensitive sodium transport,MNP,0.0,0.0,464
CD3E,Anion exchange,MNP,0.0,0.0,464
CD3E,Butyrate|D-Lactate|Ketone bodies|L-Lactate|Pyruvate|alpha-Ketoisovaleric acid,MNP,0.0,0.0,464
CD3E,Cadmium|Manganese|Zinc,MNP,0.0,0.0,464
CD3E,Chloride,MNP,0.0,0.0,464
CD3E,Chloride ion,MNP,0.0,0.0,464
CD3E,Cholesterol,MNP,0.0,0.0,464
CD3E,Cholic acid,MNP,0.0,0.0,464
CD3E,Citric acid|Oxalic acid,MNP,0.0,0.0,464
CD3E,Cortisol|Hydroxylansoprazole|N-Desmethyltamoxifen,MNP,0.0,0.0,464
CD3E,Estradiol,MNP,0.0,0.0,464
CD3E,Fatty acid,MNP,0.0,0.0,464
CD3E,Folic acid,MNP,0.0,0.0,464
CD3E,Iron,MNP,0.0,0.0,464
CD3E,L-Arginine|L-Cystine|L-Lysine|L-Ornithine,MNP,0.0,0.0,464
CD3E,L-Carnitine,MNP,0.0,0.0,464
CD3E,L-Glutamate,MNP,0.0,0.0,464
CD3E,N-desmethylimatinib,MNP,0.0,0.0,464
CD3E,Nicotinate,MNP,0.0,0.0,464
CD3E,O-Desmethylverapamil (D-702),MNP,0.0,0.0,464
CD3E,Progesterone,MNP,0.0,0.0,464
CD3E,Sodium,MNP,0.0,0.0,464
CD3E,Sodium_hydrogen exchange,MNP,0.0,0.0,464
CD3E,Taurocholic acid,MNP,0.0,0.0,464
CD3E,Testosterone,MNP,0.0,0.0,464
CD3E,Urea,MNP,0.0,0.0,464
CD3E,Water,MNP,0.0,0.0,464
CD3E,"(3a,5b,7a)-23-Carboxy-7-hydroxy-24-norcholan-3-yl-b-D-Glucopyranosiduronic acid|1b,3a,12a-Trihydroxy-5b-cholanoic acid|3-Sulfodeoxycholic acid|3alpha,7alpha-Dihydroxycoprostanic acid|3b-Hydroxy-5-cholenoic acid|Chenodeoxycholic acid|Chenodeoxycholic acid 3-sulfate|Coprocholic acid|Deoxycholic acid|Folinic acid|Glutathione|Glycochenodeoxycholate-3-sulfate|Hyodeoxycholic acid|Isoursodeoxycholic acid|Lithocholic acid|Sulfolithocholic acid|Trihydroxycoprostanoic acid|Ursocholic acid|Ursodeoxycholic acid|Ursodeoxycholic acid 3-sulfate|Varanic acid",Muscularis_mucosa,0.0,0.0,92
CD3E,"17a-Ethynylestradiol|3',4'-Dihydrodiol|4'-Hydroxydiclofenac|4-Hydroxycyclophosphamide|8-Hydroxycarvedilol|E-3179|Estriol|Glycerol|N-Desmethylcitalopram|N-Desmethyleletriptan|O-Deethylated candesartan",Muscularis_mucosa,0.0,0.0,92
CD3E,2-Hydroxychlorpropamide,Muscularis_mucosa,0.0,0.0,92
CD3E,25-Hydroxycholesterol,Muscularis_mucosa,0.0,0.0,92
CD3E,4-ene-Valproic acid,Muscularis_mucosa,0.0,0.0,92
CD3E,5-Hydroxyomeprazole,Muscularis_mucosa,0.0,0.0,92
CD3E,Acetate,Muscularis_mucosa,0.0,0.0,92
CD3E,Acetyl-L-Carnitine|Choline|Creatine|Dopamine|Histamine|Norepinephrine,Muscularis_mucosa,0.0,0.0,92
CD3E,Adenosine diphosphate ribose,Muscularis_mucosa,0.0,0.0,92
CD3E,Adenosine triphosphate,Muscularis_mucosa,0.0,0.0,92
CD3E,Amiloride-sensitive sodium transport,Muscularis_mucosa,0.0,0.0,92
CD3E,Anion exchange,Muscularis_mucosa,0.0,0.0,92
CD3E,Butyrate|D-Lactate|Ketone bodies|L-Lactate|Pyruvate|alpha-Ketoisovaleric acid,Muscularis_mucosa,0.0,0.0,92
CD3E,Cadmium|Manganese|Zinc,Muscularis_mucosa,0.0,0.0,92
CD3E,Chloride,Muscularis_mucosa,0.0,0.0,92
CD3E,Chloride ion,Muscularis_mucosa,0.0,0.0,92
CD3E,Cholesterol,Muscularis_mucosa,0.0,0.0,92
CD3E,Cholic acid,Muscularis_mucosa,0.0,0.0,92
CD3E,Citric acid|Oxalic acid,Muscularis_mucosa,0.0,0.0,92
CD3E,Cortisol|Hydroxylansoprazole|N-Desmethyltamoxifen,Muscularis_mucosa,0.0,0.0,92
CD3E,Estradiol,Muscularis_mucosa,0.0,0.0,92
CD3E,Fatty acid,Muscularis_mucosa,0.0,0.0,92
CD3E,Folic acid,Muscularis_mucosa,0.0,0.0,92
CD3E,Iron,Muscularis_mucosa,0.0,0.0,92
CD3E,L-Arginine|L-Cystine|L-Lysine|L-Ornithine,Muscularis_mucosa,0.0,0.0,92
CD3E,L-Carnitine,Muscularis_mucosa,0.0,0.0,92
CD3E,L-Glutamate,Muscularis_mucosa,0.0,0.0,92
CD3E,N-desmethylimatinib,Muscularis_mucosa,0.0,0.0,92
CD3E,Nicotinate,Muscularis_mucosa,0.0,0.0,92
CD3E,O-Desmethylverapamil (D-702),Muscularis_mucosa,0.0,0.0,92
CD3E,Progesterone,Muscularis_mucosa,0.0,0.0,92
CD3E,Sodium,Muscularis_mucosa,0.0,0.0,92
CD3E,Sodium_hydrogen exchange,Muscularis_mucosa,0.0,0.0,92
CD3E,Taurocholic acid,Muscularis_mucosa,0.0,0.0,92
CD3E,Testosterone,Muscularis_mucosa,0.0,0.0,92
CD3E,Urea,Muscularis_mucosa,0.0,0.0,92
CD3E,Water,Muscularis_mucosa,0.0,0.0,92
CD3E,"(3a,5b,7a)-23-Carboxy-7-hydroxy-24-norcholan-3-yl-b-D-Glucopyranosiduronic acid|1b,3a,12a-Trihydroxy-5b-cholanoic acid|3-Sulfodeoxycholic acid|3alpha,7alpha-Dihydroxycoprostanic acid|3b-Hydroxy-5-cholenoic acid|Chenodeoxycholic acid|Chenodeoxycholic acid 3-sulfate|Coprocholic acid|Deoxycholic acid|Folinic acid|Glutathione|Glycochenodeoxycholate-3-sulfate|Hyodeoxycholic acid|Isoursodeoxycholic acid|Lithocholic acid|Sulfolithocholic acid|Trihydroxycoprostanoic acid|Ursocholic acid|Ursodeoxycholic acid|Ursodeoxycholic acid 3-sulfate|Varanic acid",Myofibroblast,0.0,0.0,219
CD3E,"17a-Ethynylestradiol|3',4'-Dihydrodiol|4'-Hydroxydiclofenac|4-Hydroxycyclophosphamide|8-Hydroxycarvedilol|E-3179|Estriol|Glycerol|N-Desmethylcitalopram|N-Desmethyleletriptan|O-Deethylated candesartan",Myofibroblast,0.0,0.0,219
CD3E,2-Hydroxychlorpropamide,Myofibroblast,0.0,0.0,219
CD3E,25-Hydroxycholesterol,Myofibroblast,0.0,0.0,219
CD3E,4-ene-Valproic acid,Myofibroblast,0.0,0.0,219
CD3E,5-Hydroxyomeprazole,Myofibroblast,0.0,0.0,219
CD3E,Acetate,Myofibroblast,0.0,0.0,219
CD3E,Acetyl-L-Carnitine|Choline|Creatine|Dopamine|Histamine|Norepinephrine,Myofibroblast,0.0,0.0,219
CD3E,Adenosine diphosphate ribose,Myofibroblast,0.0,0.0,219
CD3E,Adenosine triphosphate,Myofibroblast,0.0,0.0,219
CD3E,Amiloride-sensitive sodium transport,Myofibroblast,0.0,0.0,219
CD3E,Anion exchange,Myofibroblast,0.0,0.0,219
CD3E,Butyrate|D-Lactate|Ketone bodies|L-Lactate|Pyruvate|alpha-Ketoisovaleric acid,Myofibroblast,0.0,0.0,219
CD3E,Cadmium|Manganese|Zinc,Myofibroblast,0.0,0.0,219
CD3E,Chloride,Myofibroblast,0.0,0.0,219
CD3E,Chloride ion,Myofibroblast,0.0,0.0,219
CD3E,Cholesterol,Myofibroblast,0.0,0.0,219
CD3E,Cholic acid,Myofibroblast,0.0,0.0,219
CD3E,Citric acid|Oxalic acid,Myofibroblast,0.0,0.0,219
CD3E,Cortisol|Hydroxylansoprazole|N-Desmethyltamoxifen,Myofibroblast,0.0,0.0,219
CD3E,Estradiol,Myofibroblast,0.0,0.0,219
CD3E,Fatty acid,Myofibroblast,0.0,0.0,219
CD3E,Folic acid,Myofibroblast,0.0,0.0,219
CD3E,Iron,Myofibroblast,0.0,0.0,219
CD3E,L-Arginine|L-Cystine|L-Lysine|L-Ornithine,Myofibroblast,0.0,0.0,219
CD3E,L-Carnitine,Myofibroblast,0.0,0.0,219
CD3E,L-Glutamate,Myofibroblast,0.0,0.0,219
CD3E,N-desmethylimatinib,Myofibroblast,0.0,0.0,219
CD3E,Nicotinate,Myofibroblast,0.0,0.0,219
CD3E,O-Desmethylverapamil (D-702),Myofibroblast,0.0,0.0,219
CD3E,Progesterone,Myofibroblast,0.0,0.0,219
CD3E,Sodium,Myofibroblast,0.0,0.0,219
CD3E,Sodium_hydrogen exchange,Myofibroblast,0.0,0.0,219
CD3E,Taurocholic acid,Myofibroblast,0.0,0.0,219
CD3E,Testosterone,Myofibroblast,0.0,0.0,219
CD3E,Urea,Myofibroblast,0.0,0.0,219
CD3E,Water,Myofibroblast,0.0,0.0,219
CD3E,"(3a,5b,7a)-23-Carboxy-7-hydroxy-24-norcholan-3-yl-b-D-Glucopyranosiduronic acid|1b,3a,12a-Trihydroxy-5b-cholanoic acid|3-Sulfodeoxycholic acid|3alpha,7alpha-Dihydroxycoprostanic acid|3b-Hydroxy-5-cholenoic acid|Chenodeoxycholic acid|Chenodeoxycholic acid 3-sulfate|Coprocholic acid|Deoxycholic acid|Folinic acid|Glutathione|Glycochenodeoxycholate-3-sulfate|Hyodeoxycholic acid|Isoursodeoxycholic acid|Lithocholic acid|Sulfolithocholic acid|Trihydroxycoprostanoic acid|Ursocholic acid|Ursodeoxycholic acid|Ursodeoxycholic acid 3-sulfate|Varanic acid",Pericyte,0.0,0.0,109
CD3E,"17a-Ethynylestradiol|3',4'-Dihydrodiol|4'-Hydroxydiclofenac|4-Hydroxycyclophosphamide|8-Hydroxycarvedilol|E-3179|Estriol|Glycerol|N-Desmethylcitalopram|N-Desmethyleletriptan|O-Deethylated candesartan",Pericyte,0.0,0.0,109
CD3E,2-Hydroxychlorpropamide,Pericyte,0.0,0.0,109
CD3E,25-Hydroxycholesterol,Pericyte,0.0,0.0,109
CD3E,4-ene-Valproic acid,Pericyte,0.0,0.0,109
CD3E,5-Hydroxyomeprazole,Pericyte,0.0,0.0,109
CD3E,Acetate,Pericyte,0.0,0.0,109
CD3E,Acetyl-L-Carnitine|Choline|Creatine|Dopamine|Histamine|Norepinephrine,Pericyte,0.0,0.0,109
CD3E,Adenosine diphosphate ribose,Pericyte,0.0,0.0,109
CD3E,Adenosine triphosphate,Pericyte,0.0,0.0,109
CD3E,Amiloride-sensitive sodium transport,Pericyte,0.0,0.0,109
CD3E,Anion exchange,Pericyte,0.0,0.0,109
CD3E,Butyrate|D-Lactate|Ketone bodies|L-Lactate|Pyruvate|alpha-Ketoisovaleric acid,Pericyte,0.0,0.0,109
CD3E,Cadmium|Manganese|Zinc,Pericyte,0.0,0.0,109
CD3E,Chloride,Pericyte,0.0,0.0,109
CD3E,Chloride ion,Pericyte,0.0,0.0,109
CD3E,Cholesterol,Pericyte,0.0,0.0,109
CD3E,Cholic acid,Pericyte,0.0,0.0,109
CD3E,Citric acid|Oxalic acid,Pericyte,0.0,0.0,109
CD3E,Cortisol|Hydroxylansoprazole|N-Desmethyltamoxifen,Pericyte,0.0,0.0,109
CD3E,Estradiol,Pericyte,0.0,0.0,109
CD3E,Fatty acid,Pericyte,0.0,0.0,109
CD3E,Folic acid,Pericyte,0.0,0.0,109
CD3E,Iron,Pericyte,0.0,0.0,109
CD3E,L-Arginine|L-Cystine|L-Lysine|L-Ornithine,Pericyte,0.0,0.0,109
CD3E,L-Carnitine,Pericyte,0.0,0.0,109
CD3E,L-Glutamate,Pericyte,0.0,0.0,109
CD3E,N-desmethylimatinib,Pericyte,0.0,0.0,109
CD3E,Nicotinate,Pericyte,0.0,0.0,109
CD3E,O-Desmethylverapamil (D-702),Pericyte,0.0,0.0,109
CD3E,Progesterone,Pericyte,0.0,0.0,109
CD3E,Sodium,Pericyte,0.0,0.0,109
CD3E,Sodium_hydrogen exchange,Pericyte,0.0,0.0,109
CD3E,Taurocholic acid,Pericyte,0.0,0.0,109
CD3E,Testosterone,Pericyte,0.0,0.0,109
CD3E,Urea,Pericyte,0.0,0.0,109
CD3E,Water,Pericyte,0.0,0.0,109
CD3E,"(3a,5b,7a)-23-Carboxy-7-hydroxy-24-norcholan-3-yl-b-D-Glucopyranosiduronic acid|1b,3a,12a-Trihydroxy-5b-cholanoic acid|3-Sulfodeoxycholic acid|3alpha,7alpha-Dihydroxycoprostanic acid|3b-Hydroxy-5-cholenoic acid|Chenodeoxycholic acid|Chenodeoxycholic acid 3-sulfate|Coprocholic acid|Deoxycholic acid|Folinic acid|Glutathione|Glycochenodeoxycholate-3-sulfate|Hyodeoxycholic acid|Isoursodeoxycholic acid|Lithocholic acid|Sulfolithocholic acid|Trihydroxycoprostanoic acid|Ursocholic acid|Ursodeoxycholic acid|Ursodeoxycholic acid 3-sulfate|Varanic acid",Plasma,0.0,0.0,1230
CD3E,"17a-Ethynylestradiol|3',4'-Dihydrodiol|4'-Hydroxydiclofenac|4-Hydroxycyclophosphamide|8-Hydroxycarvedilol|E-3179|Estriol|Glycerol|N-Desmethylcitalopram|N-Desmethyleletriptan|O-Deethylated candesartan",Plasma,0.0,0.0,1230
CD3E,2-Hydroxychlorpropamide,Plasma,0.0,0.0,1230
CD3E,25-Hydroxycholesterol,Plasma,0.0,0.0,1230
CD3E,4-ene-Valproic acid,Plasma,0.0,0.0,1230
CD3E,5-Hydroxyomeprazole,Plasma,0.0,0.0,1230
CD3E,Acetate,Plasma,0.0,0.0,1230
CD3E,Acetyl-L-Carnitine|Choline|Creatine|Dopamine|Histamine|Norepinephrine,Plasma,0.0,0.0,1230
CD3E,Adenosine diphosphate ribose,Plasma,0.0,0.0,1230
CD3E,Adenosine triphosphate,Plasma,0.0,0.0,1230
CD3E,Amiloride-sensitive sodium transport,Plasma,0.0,0.0,1230
CD3E,Anion exchange,Plasma,0.0,0.0,1230
CD3E,Butyrate|D-Lactate|Ketone bodies|L-Lactate|Pyruvate|alpha-Ketoisovaleric acid,Plasma,0.0,0.0,1230
CD3E,Cadmium|Manganese|Zinc,Plasma,0.0,0.0,1230
CD3E,Chloride,Plasma,0.0,0.0,1230
CD3E,Chloride ion,Plasma,0.0,0.0,1230
CD3E,Cholesterol,Plasma,0.0,0.0,1230
CD3E,Cholic acid,Plasma,0.0,0.0,1230
CD3E,Citric acid|Oxalic acid,Plasma,0.0,0.0,1230
CD3E,Cortisol|Hydroxylansoprazole|N-Desmethyltamoxifen,Plasma,0.0,0.0,1230
CD3E,Estradiol,Plasma,0.0,0.0,1230
CD3E,Fatty acid,Plasma,0.0,0.0,1230
CD3E,Folic acid,Plasma,0.0,0.0,1230
CD3E,Iron,Plasma,0.0,0.0,1230
CD3E,L-Arginine|L-Cystine|L-Lysine|L-Ornithine,Plasma,0.0,0.0,1230
CD3E,L-Carnitine,Plasma,0.0,0.0,1230
CD3E,L-Glutamate,Plasma,0.0,0.0,1230
CD3E,N-desmethylimatinib,Plasma,0.0,0.0,1230
CD3E,Nicotinate,Plasma,0.0,0.0,1230
CD3E,O-Desmethylverapamil (D-702),Plasma,0.0,0.0,1230
CD3E,Progesterone,Plasma,0.0,0.0,1230
CD3E,Sodium,Plasma,0.0,0.0,1230
CD3E,Sodium_hydrogen exchange,Plasma,0.0,0.0,1230
CD3E,Taurocholic acid,Plasma,0.0,0.0,1230
CD3E,Testosterone,Plasma,0.0,0.0,1230
CD3E,Urea,Plasma,0.0,0.0,1230
CD3E,Water,Plasma,0.0,0.0,1230
CD3E,"(3a,5b,7a)-23-Carboxy-7-hydroxy-24-norcholan-3-yl-b-D-Glucopyranosiduronic acid|1b,3a,12a-Trihydroxy-5b-cholanoic acid|3-Sulfodeoxycholic acid|3alpha,7alpha-Dihydroxycoprostanic acid|3b-Hydroxy-5-cholenoic acid|Chenodeoxycholic acid|Chenodeoxycholic acid 3-sulfate|Coprocholic acid|Deoxycholic acid|Folinic acid|Glutathione|Glycochenodeoxycholate-3-sulfate|Hyodeoxycholic acid|Isoursodeoxycholic acid|Lithocholic acid|Sulfolithocholic acid|Trihydroxycoprostanoic acid|Ursocholic acid|Ursodeoxycholic acid|Ursodeoxycholic acid 3-sulfate|Varanic acid",T,5.1747007e-05,5.0992203e-06,632
CD3E,"17a-Ethynylestradiol|3',4'-Dihydrodiol|4'-Hydroxydiclofenac|4-Hydroxycyclophosphamide|8-Hydroxycarvedilol|E-3179|Estriol|Glycerol|N-Desmethylcitalopram|N-Desmethyleletriptan|O-Deethylated candesartan",T,0.0001985484,1.0624509e-05,632
CD3E,2-Hydroxychlorpropamide,T,0.00048366704,2.3992763e-05,632
CD3E,25-Hydroxycholesterol,T,0.00011945512,5.623019e-06,632
CD3E,4-ene-Valproic acid,T,0.0025656375,0.00016118959,632
CD3E,5-Hydroxyomeprazole,T,0.0021396137,0.00010822188,632
CD3E,Acetate,T,0.00042687947,2.2719567e-05,632
CD3E,Acetyl-L-Carnitine|Choline|Creatine|Dopamine|Histamine|Norepinephrine,T,0.0007219281,3.876722e-05,632
CD3E,Adenosine diphosphate ribose,T,-1.255373e-06,5.309776e-08,632
CD3E,Adenosine triphosphate,T,0.00013699247,5.1044676e-06,632
CD3E,Amiloride-sensitive sodium transport,T,0.00047344484,4.593392e-05,632
CD3E,Anion exchange,T,0.12545668,0.00017326897,632
CD3E,Butyrate|D-Lactate|Ketone bodies|L-Lactate|Pyruvate|alpha-Ketoisovaleric acid,T,7.6939396e-05,3.87233e-06,632
CD3E,Cadmium|Manganese|Zinc,T,-3.4669803e-05,3.3983088e-07,632
CD3E,Chloride,T,3.5773384e-05,2.3686232e-06,632
CD3E,Chloride ion,T,-0.0067693116,0.00023812911,632
CD3E,Cholesterol,T,0.00029987525,3.4203753e-05,632
CD3E,Cholic acid,T,0.0015279216,8.323749e-05,632
CD3E,Citric acid|Oxalic acid,T,-2.5666043e-06,1.8870678e-07,632
CD3E,Cortisol|Hydroxylansoprazole|N-Desmethyltamoxifen,T,0.0007478551,3.9188628e-05,632
CD3E,Estradiol,T,0.00087640726,4.8438487e-05,632
CD3E,Fatty acid,T,0.014669797,0.00026985846,632
CD3E,Folic acid,T,0.00026294237,2.0997151e-05,632
CD3E,Iron,T,0.006478841,0.00032013733,632
CD3E,L-Arginine|L-Cystine|L-Lysine|L-Ornithine,T,-2.4779865e-08,3.737314e-09,632
CD3E,L-Carnitine,T,0.002614597,0.00011667662,632
CD3E,L-Glutamate,T,0.00012129205,8.069797e-06,632
CD3E,N-desmethylimatinib,T,0.00022612512,3.4342705e-05,632
CD3E,Nicotinate,T,0.003320296,0.00014702618,632
CD3E,O-Desmethylverapamil (D-702),T,0.012583093,0.0003088603,632
CD3E,Progesterone,T,0.00049091683,2.8600987e-05,632
CD3E,Sodium,T,-0.011783412,0.0005587265,632
CD3E,Sodium_hydrogen exchange,T,0.038391206,0.0001282785,632
CD3E,Taurocholic acid,T,0.005093161,0.00022057444,632
CD3E,Testosterone,T,0.0012228467,6.9075206e-05,632
CD3E,Urea,T,-2.3916773e-06,3.454304e-07,632
CD3E,Water,T,0.02907463,0.00014674458,632
CD3G,"17a-Ethynylestradiol|3',4'-Dihydrodiol|4'-Hydroxydiclofenac|4-Hydroxycyclophosphamide|8-Hydroxycarvedilol|E-3179|Estriol|Glycerol|N-Desmethylcitalopram|N-Desmethyleletriptan|O-Deethylated candesartan",B,0.0,0.0,20
CD3G,2-Hydroxychlorpropamide,B,0.0,0.0,20
CD3G,4-ene-Valproic acid,B,0.0,0.0,20
CD3G,5-Hydroxyomeprazole,B,0.0,0.0,20
CD3G,Acetate,B,0.0,0.0,20
CD3G,Acetyl-L-Carnitine|Choline|Creatine|Dopamine|Histamine|Norepinephrine,B,0.0,0.0,20
CD3G,Adenosine triphosphate,B,0.0,0.0,20
CD3G,Amiloride-sensitive sodium transport,B,0.0,0.0,20
CD3G,Anion exchange,B,0.0,0.0,20
CD3G,Chloride ion,B,0.0,0.0,20
CD3G,Cholesterol,B,0.0,0.0,20
CD3G,Cholic acid,B,0.0,0.0,20
CD3G,Cortisol|Hydroxylansoprazole|N-Desmethyltamoxifen,B,0.0,0.0,20
CD3G,Estradiol,B,0.0,0.0,20
CD3G,Fatty acid,B,0.0,0.0,20
CD3G,Folic acid,B,0.0,0.0,20
CD3G,Iron,B,0.0,0.0,20
CD3G,L-Carnitine,B,0.0,0.0,20
CD3G,N-desmethylimatinib,B,0.0,0.0,20
CD3G,Nicotinate,B,0.0,0.0,20
CD3G,O-Desmethylverapamil (D-702),B,0.0,0.0,20
CD3G,Progesterone,B,0.0,0.0,20
CD3G,Sodium,B,0.0,0.0,20
CD3G,Sodium_hydrogen exchange,B,0.0,0.0,20
CD3G,Taurocholic acid,B,0.0,0.0,20
CD3G,Testosterone,B,0.0,0.0,20
CD3G,Water,B,0.0,0.0,20
CD3G,"17a-Ethynylestradiol|3',4'-Dihydrodiol|4'-Hydroxydiclofenac|4-Hydroxycyclophosphamide|8-Hydroxycarvedilol|E-3179|Estriol|Glycerol|N-Desmethylcitalopram|N-Desmethyleletriptan|O-Deethylated candesartan",Endothelial,0.0,0.0,391
CD3G,2-Hydroxychlorpropamide,Endothelial,0.0,0.0,391
CD3G,4-ene-Valproic acid,Endothelial,0.0,0.0,391
CD3G,5-Hydroxyomeprazole,Endothelial,0.0,0.0,391
CD3G,Acetate,Endothelial,0.0,0.0,391
CD3G,Acetyl-L-Carnitine|Choline|Creatine|Dopamine|Histamine|Norepinephrine,Endothelial,0.0,0.0,391
CD3G,Adenosine triphosphate,Endothelial,0.0,0.0,391
CD3G,Amiloride-sensitive sodium transport,Endothelial,0.0,0.0,391
CD3G,Anion exchange,Endothelial,0.0,0.0,391
CD3G,Chloride ion,Endothelial,0.0,0.0,391
CD3G,Cholesterol,Endothelial,0.0,0.0,391
CD3G,Cholic acid,Endothelial,0.0,0.0,391
CD3G,Cortisol|Hydroxylansoprazole|N-Desmethyltamoxifen,Endothelial,0.0,0.0,391
CD3G,Estradiol,Endothelial,0.0,0.0,391
CD3G,Fatty acid,Endothelial,0.0,0.0,391
CD3G,Folic acid,Endothelial,0.0,0.0,391
CD3G,Iron,Endothelial,0.0,0.0,391
CD3G,L-Carnitine,Endothelial,0.0,0.0,391
CD3G,N-desmethylimatinib,Endothelial,0.0,0.0,391
CD3G,Nicotinate,Endothelial,0.0,0.0,391
CD3G,O-Desmethylverapamil (D-702),Endothelial,0.0,0.0,391
CD3G,Progesterone,Endothelial,0.0,0.0,391
CD3G,Sodium,Endothelial,0.0,0.0,391
CD3G,Sodium_hydrogen exchange,Endothelial,0.0,0.0,391
CD3G,Taurocholic acid,Endothelial,0.0,0.0,391
CD3G,Testosterone,Endothelial,0.0,0.0,391
CD3G,Water,Endothelial,0.0,0.0,391
CD3G,"17a-Ethynylestradiol|3',4'-Dihydrodiol|4'-Hydroxydiclofenac|4-Hydroxycyclophosphamide|8-Hydroxycarvedilol|E-3179|Estriol|Glycerol|N-Desmethylcitalopram|N-Desmethyleletriptan|O-Deethylated candesartan",Enteric_glia,0.0,0.0,92
CD3G,2-Hydroxychlorpropamide,Enteric_glia,0.0,0.0,92
CD3G,4-ene-Valproic acid,Enteric_glia,0.0,0.0,92
CD3G,5-Hydroxyomeprazole,Enteric_glia,0.0,0.0,92
CD3G,Acetate,Enteric_glia,0.0,0.0,92
CD3G,Acetyl-L-Carnitine|Choline|Creatine|Dopamine|Histamine|Norepinephrine,Enteric_glia,0.0,0.0,92
CD3G,Adenosine triphosphate,Enteric_glia,0.0,0.0,92
CD3G,Amiloride-sensitive sodium transport,Enteric_glia,0.0,0.0,92
CD3G,Anion exchange,Enteric_glia,0.0,0.0,92
CD3G,Chloride ion,Enteric_glia,0.0,0.0,92
CD3G,Cholesterol,Enteric_glia,0.0,0.0,92
CD3G,Cholic acid,Enteric_glia,0.0,0.0,92
CD3G,Cortisol|Hydroxylansoprazole|N-Desmethyltamoxifen,Enteric_glia,0.0,0.0,92
CD3G,Estradiol,Enteric_glia,0.0,0.0,92
CD3G,Fatty acid,Enteric_glia,0.0,0.0,92
CD3G,Folic acid,Enteric_glia,0.0,0.0,92
CD3G,Iron,Enteric_glia,0.0,0.0,92
CD3G,L-Carnitine,Enteric_glia,0.0,0.0,92
CD3G,N-desmethylimatinib,Enteric_glia,0.0,0.0,92
CD3G,Nicotinate,Enteric_glia,0.0,0.0,92
CD3G,O-Desmethylverapamil (D-702),Enteric_glia,0.0,0.0,92
CD3G,Progesterone,Enteric_glia,0.0,0.0,92
CD3G,Sodium,Enteric_glia,0.0,0.0,92
CD3G,Sodium_hydrogen exchange,Enteric_glia,0.0,0.0,92
CD3G,Taurocholic acid,Enteric_glia,0.0,0.0,92
CD3G,Testosterone,Enteric_glia,0.0,0.0,92
CD3G,Water,Enteric_glia,0.0,0.0,92
CD3G,"17a-Ethynylestradiol|3',4'-Dihydrodiol|4'-Hydroxydiclofenac|4-Hydroxycyclophosphamide|8-Hydroxycarvedilol|E-3179|Estriol|Glycerol|N-Desmethylcitalopram|N-Desmethyleletriptan|O-Deethylated candesartan",Fibroblast,0.0,0.0,944
CD3G,2-Hydroxychlorpropamide,Fibroblast,0.0,0.0,944
CD3G,4-ene-Valproic acid,Fibroblast,0.0,0.0,944
CD3G,5-Hydroxyomeprazole,Fibroblast,0.0,0.0,944
CD3G,Acetate,Fibroblast,0.0,0.0,944
CD3G,Acetyl-L-Carnitine|Choline|Creatine|Dopamine|Histamine|Norepinephrine,Fibroblast,0.0,0.0,944
CD3G,Adenosine triphosphate,Fibroblast,0.0,0.0,944
CD3G,Amiloride-sensitive sodium transport,Fibroblast,0.0,0.0,944
CD3G,Anion exchange,Fibroblast,0.0,0.0,944
CD3G,Chloride ion,Fibroblast,0.0,0.0,944
CD3G,Cholesterol,Fibroblast,0.0,0.0,944
CD3G,Cholic acid,Fibroblast,0.0,0.0,944
CD3G,Cortisol|Hydroxylansoprazole|N-Desmethyltamoxifen,Fibroblast,0.0,0.0,944
CD3G,Estradiol,Fibroblast,0.0,0.0,944
CD3G,Fatty acid,Fibroblast,0.0,0.0,944
CD3G,Folic acid,Fibroblast,0.0,0.0,944
CD3G,Iron,Fibroblast,0.0,0.0,944
CD3G,L-Carnitine,Fibroblast,0.0,0.0,944
CD3G,N-desmethylimatinib,Fibroblast,0.0,0.0,944
CD3G,Nicotinate,Fibroblast,0.0,0.0,944
CD3G,O-Desmethylverapamil (D-702),Fibroblast,0.0,0.0,944
CD3G,Progesterone,Fibroblast,0.0,0.0,944
CD3G,Sodium,Fibroblast,0.0,0.0,944
CD3G,Sodium_hydrogen exchange,Fibroblast,0.0,0.0,944
CD3G,Taurocholic acid,Fibroblast,0.0,0.0,944
CD3G,Testosterone,Fibroblast,0.0,0.0,944
CD3G,Water,Fibroblast,0.0,0.0,944
CD3G,"17a-Ethynylestradiol|3',4'-Dihydrodiol|4'-Hydroxydiclofenac|4-Hydroxycyclophosphamide|8-Hydroxycarvedilol|E-3179|Estriol|Glycerol|N-Desmethylcitalopram|N-Desmethyleletriptan|O-Deethylated candesartan",IEC,-2.1644196e-08,9.273639e-11,7778
CD3G,2-Hydroxychlorpropamide,IEC,0.0,0.0,7778
CD3G,4-ene-Valproic acid,IEC,0.0,0.0,7778
CD3G,5-Hydroxyomeprazole,IEC,-2.7659116e-06,4.5214627e-08,7778
CD3G,Acetate,IEC,0.0,0.0,7778
CD3G,Acetyl-L-Carnitine|Choline|Creatine|Dopamine|Histamine|Norepinephrine,IEC,0.0,0.0,7778
CD3G,Adenosine triphosphate,IEC,0.0,0.0,7778
CD3G,Amiloride-sensitive sodium transport,IEC,2.7922487e-09,1.2992488e-10,7778
CD3G,Anion exchange,IEC,0.0008373876,1.8754887e-06,7778
CD3G,Chloride ion,IEC,-7.897774e-06,1.0018e-07,7778
CD3G,Cholesterol,IEC,-3.3365218e-06,5.0400796e-08,7778
CD3G,Cholic acid,IEC,1.9766526e-09,4.0808443e-11,7778
CD3G,Cortisol|Hydroxylansoprazole|N-Desmethyltamoxifen,IEC,-2.0385432e-06,9.2452915e-08,7778
CD3G,Estradiol,IEC,-6.9611547e-06,7.3994734e-08,7778
CD3G,Fatty acid,IEC,7.7181585e-06,1.411403e-07,7778
CD3G,Folic acid,IEC,0.0,0.0,7778
CD3G,Iron,IEC,2.1633149e-08,2.152824e-09,7778
CD3G,L-Carnitine,IEC,5.7925636e-08,8.160196e-10,7778
CD3G,N-desmethylimatinib,IEC,-7.1876175e-06,9.127439e-08,7778
CD3G,Nicotinate,IEC,0.0,0.0,7778
CD3G,O-Desmethylverapamil (D-702),IEC,7.846965e-06,1.1425047e-07,7778
CD3G,Progesterone,IEC,1.408168e-08,1.8153956e-10,7778
CD3G,Sodium,IEC,-1.2392472e-05,1.8059517e-07,7778
CD3G,Sodium_hydrogen exchange,IEC,0.00025389457,2.6879038e-06,7778
CD3G,Taurocholic acid,IEC,-1.3101306e-06,5.31818e-08,7778
CD3G,Testosterone,IEC,-8.19109e-06,8.436486e-08,7778
CD3G,Water,IEC,0.0003580396,3.378229e-06,7778
CD3G,"17a-Ethynylestradiol|3',4'-Dihydrodiol|4'-Hydroxydiclofenac|4-Hydroxycyclophosphamide|8-Hydroxycarvedilol|E-3179|Estriol|Glycerol|N-Desmethylcitalopram|N-Desmethyleletriptan|O-Deethylated candesartan",MAST,0.0,0.0,171
CD3G,2-Hydroxychlorpropamide,MAST,0.0,0.0,171
CD3G,4-ene-Valproic acid,MAST,0.0,0.0,171
CD3G,5-Hydroxyomeprazole,MAST,0.0,0.0,171
CD3G,Acetate,MAST,0.0,0.0,171
CD3G,Acetyl-L-Carnitine|Choline|Creatine|Dopamine|Histamine|Norepinephrine,MAST,0.0,0.0,171
CD3G,Adenosine triphosphate,MAST,0.0,0.0,171
CD3G,Amiloride-sensitive sodium transport,MAST,0.0,0.0,171
CD3G,Anion exchange,MAST,0.0,0.0,171
CD3G,Chloride ion,MAST,0.0,0.0,171
CD3G,Cholesterol,MAST,0.0,0.0,171
CD3G,Cholic acid,MAST,0.0,0.0,171
CD3G,Cortisol|Hydroxylansoprazole|N-Desmethyltamoxifen,MAST,0.0,0.0,171
CD3G,Estradiol,MAST,0.0,0.0,171
CD3G,Fatty acid,MAST,0.0,0.0,171
CD3G,Folic acid,MAST,0.0,0.0,171
CD3G,Iron,MAST,0.0,0.0,171
CD3G,L-Carnitine,MAST,0.0,0.0,171
CD3G,N-desmethylimatinib,MAST,0.0,0.0,171
CD3G,Nicotinate,MAST,0.0,0.0,171
CD3G,O-Desmethylverapamil (D-702),MAST,0.0,0.0,171
CD3G,Progesterone,MAST,0.0,0.0,171
CD3G,Sodium,MAST,0.0,0.0,171
CD3G,Sodium_hydrogen exchange,MAST,0.0,0.0,171
CD3G,Taurocholic acid,MAST,0.0,0.0,171
CD3G,Testosterone,MAST,0.0,0.0,171
CD3G,Water,MAST,0.0,0.0,171
CD3G,"17a-Ethynylestradiol|3',4'-Dihydrodiol|4'-Hydroxydiclofenac|4-Hydroxycyclophosphamide|8-Hydroxycarvedilol|E-3179|Estriol|Glycerol|N-Desmethylcitalopram|N-Desmethyleletriptan|O-Deethylated candesartan",MNP,0.0,0.0,464
CD3G,2-Hydroxychlorpropamide,MNP,0.0,0.0,464
CD3G,4-ene-Valproic acid,MNP,0.0,0.0,464
CD3G,5-Hydroxyomeprazole,MNP,0.0,0.0,464
CD3G,Acetate,MNP,0.0,0.0,464
CD3G,Acetyl-L-Carnitine|Choline|Creatine|Dopamine|Histamine|Norepinephrine,MNP,0.0,0.0,464
CD3G,Adenosine triphosphate,MNP,0.0,0.0,464
CD3G,Amiloride-sensitive sodium transport,MNP,0.0,0.0,464
CD3G,Anion exchange,MNP,0.0,0.0,464
CD3G,Chloride ion,MNP,0.0,0.0,464
CD3G,Cholesterol,MNP,0.0,0.0,464
CD3G,Cholic acid,MNP,0.0,0.0,464
CD3G,Cortisol|Hydroxylansoprazole|N-Desmethyltamoxifen,MNP,0.0,0.0,464
CD3G,Estradiol,MNP,0.0,0.0,464
CD3G,Fatty acid,MNP,0.0,0.0,464
CD3G,Folic acid,MNP,0.0,0.0,464
CD3G,Iron,MNP,0.0,0.0,464
CD3G,L-Carnitine,MNP,0.0,0.0,464
CD3G,N-desmethylimatinib,MNP,0.0,0.0,464
CD3G,Nicotinate,MNP,0.0,0.0,464
CD3G,O-Desmethylverapamil (D-702),MNP,0.0,0.0,464
CD3G,Progesterone,MNP,0.0,0.0,464
CD3G,Sodium,MNP,0.0,0.0,464
CD3G,Sodium_hydrogen exchange,MNP,0.0,0.0,464
CD3G,Taurocholic acid,MNP,0.0,0.0,464
CD3G,Testosterone,MNP,0.0,0.0,464
CD3G,Water,MNP,0.0,0.0,464
CD3G,"17a-Ethynylestradiol|3',4'-Dihydrodiol|4'-Hydroxydiclofenac|4-Hydroxycyclophosphamide|8-Hydroxycarvedilol|E-3179|Estriol|Glycerol|N-Desmethylcitalopram|N-Desmethyleletriptan|O-Deethylated candesartan",Muscularis_mucosa,0.0,0.0,92
CD3G,2-Hydroxychlorpropamide,Muscularis_mucosa,0.0,0.0,92
CD3G,4-ene-Valproic acid,Muscularis_mucosa,0.0,0.0,92
CD3G,5-Hydroxyomeprazole,Muscularis_mucosa,0.0,0.0,92
CD3G,Acetate,Muscularis_mucosa,0.0,0.0,92
CD3G,Acetyl-L-Carnitine|Choline|Creatine|Dopamine|Histamine|Norepinephrine,Muscularis_mucosa,0.0,0.0,92
CD3G,Adenosine triphosphate,Muscularis_mucosa,0.0,0.0,92
CD3G,Amiloride-sensitive sodium transport,Muscularis_mucosa,0.0,0.0,92
CD3G,Anion exchange,Muscularis_mucosa,0.0,0.0,92
CD3G,Chloride ion,Muscularis_mucosa,0.0,0.0,92
CD3G,Cholesterol,Muscularis_mucosa,0.0,0.0,92
CD3G,Cholic acid,Muscularis_mucosa,0.0,0.0,92
CD3G,Cortisol|Hydroxylansoprazole|N-Desmethyltamoxifen,Muscularis_mucosa,0.0,0.0,92
CD3G,Estradiol,Muscularis_mucosa,0.0,0.0,92
CD3G,Fatty acid,Muscularis_mucosa,0.0,0.0,92
CD3G,Folic acid,Muscularis_mucosa,0.0,0.0,92
CD3G,Iron,Muscularis_mucosa,0.0,0.0,92
CD3G,L-Carnitine,Muscularis_mucosa,0.0,0.0,92
CD3G,N-desmethylimatinib,Muscularis_mucosa,0.0,0.0,92
CD3G,Nicotinate,Muscularis_mucosa,0.0,0.0,92
CD3G,O-Desmethylverapamil (D-702),Muscularis_mucosa,0.0,0.0,92
CD3G,Progesterone,Muscularis_mucosa,0.0,0.0,92
CD3G,Sodium,Muscularis_mucosa,0.0,0.0,92
CD3G,Sodium_hydrogen exchange,Muscularis_mucosa,0.0,0.0,92
CD3G,Taurocholic acid,Muscularis_mucosa,0.0,0.0,92
CD3G,Testosterone,Muscularis_mucosa,0.0,0.0,92
CD3G,Water,Muscularis_mucosa,0.0,0.0,92
CD3G,"17a-Ethynylestradiol|3',4'-Dihydrodiol|4'-Hydroxydiclofenac|4-Hydroxycyclophosphamide|8-Hydroxycarvedilol|E-3179|Estriol|Glycerol|N-Desmethylcitalopram|N-Desmethyleletriptan|O-Deethylated candesartan",Myofibroblast,0.0,0.0,219
CD3G,2-Hydroxychlorpropamide,Myofibroblast,0.0,0.0,219
CD3G,4-ene-Valproic acid,Myofibroblast,0.0,0.0,219
CD3G,5-Hydroxyomeprazole,Myofibroblast,0.0,0.0,219
CD3G,Acetate,Myofibroblast,0.0,0.0,219
CD3G,Acetyl-L-Carnitine|Choline|Creatine|Dopamine|Histamine|Norepinephrine,Myofibroblast,0.0,0.0,219
CD3G,Adenosine triphosphate,Myofibroblast,0.0,0.0,219
CD3G,Amiloride-sensitive sodium transport,Myofibroblast,0.0,0.0,219
CD3G,Anion exchange,Myofibroblast,0.0,0.0,219
CD3G,Chloride ion,Myofibroblast,0.0,0.0,219
CD3G,Cholesterol,Myofibroblast,0.0,0.0,219
CD3G,Cholic acid,Myofibroblast,0.0,0.0,219
CD3G,Cortisol|Hydroxylansoprazole|N-Desmethyltamoxifen,Myofibroblast,0.0,0.0,219
CD3G,Estradiol,Myofibroblast,0.0,0.0,219
CD3G,Fatty acid,Myofibroblast,0.0,0.0,219
CD3G,Folic acid,Myofibroblast,0.0,0.0,219
CD3G,Iron,Myofibroblast,0.0,0.0,219
CD3G,L-Carnitine,Myofibroblast,0.0,0.0,219
CD3G,N-desmethylimatinib,Myofibroblast,0.0,0.0,219
CD3G,Nicotinate,Myofibroblast,0.0,0.0,219
CD3G,O-Desmethylverapamil (D-702),Myofibroblast,0.0,0.0,219
CD3G,Progesterone,Myofibroblast,0.0,0.0,219
CD3G,Sodium,Myofibroblast,0.0,0.0,219
CD3G,Sodium_hydrogen exchange,Myofibroblast,0.0,0.0,219
CD3G,Taurocholic acid,Myofibroblast,0.0,0.0,219
CD3G,Testosterone,Myofibroblast,0.0,0.0,219
CD3G,Water,Myofibroblast,0.0,0.0,219
CD3G,"17a-Ethynylestradiol|3',4'-Dihydrodiol|4'-Hydroxydiclofenac|4-Hydroxycyclophosphamide|8-Hydroxycarvedilol|E-3179|Estriol|Glycerol|N-Desmethylcitalopram|N-Desmethyleletriptan|O-Deethylated candesartan",Pericyte,0.0,0.0,109
CD3G,2-Hydroxychlorpropamide,Pericyte,0.0,0.0,109
CD3G,4-ene-Valproic acid,Pericyte,0.0,0.0,109
CD3G,5-Hydroxyomeprazole,Pericyte,0.0,0.0,109
CD3G,Acetate,Pericyte,0.0,0.0,109
CD3G,Acetyl-L-Carnitine|Choline|Creatine|Dopamine|Histamine|Norepinephrine,Pericyte,0.0,0.0,109
CD3G,Adenosine triphosphate,Pericyte,0.0,0.0,109
CD3G,Amiloride-sensitive sodium transport,Pericyte,0.0,0.0,109
CD3G,Anion exchange,Pericyte,0.0,0.0,109
CD3G,Chloride ion,Pericyte,0.0,0.0,109
CD3G,Cholesterol,Pericyte,0.0,0.0,109
CD3G,Cholic acid,Pericyte,0.0,0.0,109
CD3G,Cortisol|Hydroxylansoprazole|N-Desmethyltamoxifen,Pericyte,0.0,0.0,109
CD3G,Estradiol,Pericyte,0.0,0.0,109
CD3G,Fatty acid,Pericyte,0.0,0.0,109
CD3G,Folic acid,Pericyte,0.0,0.0,109
CD3G,Iron,Pericyte,0.0,0.0,109
CD3G,L-Carnitine,Pericyte,0.0,0.0,109
CD3G,N-desmethylimatinib,Pericyte,0.0,0.0,109
CD3G,Nicotinate,Pericyte,0.0,0.0,109
CD3G,O-Desmethylverapamil (D-702),Pericyte,0.0,0.0,109
CD3G,Progesterone,Pericyte,0.0,0.0,109
CD3G,Sodium,Pericyte,0.0,0.0,109
CD3G,Sodium_hydrogen exchange,Pericyte,0.0,0.0,109
CD3G,Taurocholic acid,Pericyte,0.0,0.0,109
CD3G,Testosterone,Pericyte,0.0,0.0,109
CD3G,Water,Pericyte,0.0,0.0,109
CD3G,"17a-Ethynylestradiol|3',4'-Dihydrodiol|4'-Hydroxydiclofenac|4-Hydroxycyclophosphamide|8-Hydroxycarvedilol|E-3179|Estriol|Glycerol|N-Desmethylcitalopram|N-Desmethyleletriptan|O-Deethylated candesartan",Plasma,0.0,0.0,1230
CD3G,2-Hydroxychlorpropamide,Plasma,0.0,0.0,1230
CD3G,4-ene-Valproic acid,Plasma,0.0,0.0,1230
CD3G,5-Hydroxyomeprazole,Plasma,0.0,0.0,1230
CD3G,Acetate,Plasma,0.0,0.0,1230
CD3G,Acetyl-L-Carnitine|Choline|Creatine|Dopamine|Histamine|Norepinephrine,Plasma,0.0,0.0,1230
CD3G,Adenosine triphosphate,Plasma,0.0,0.0,1230
CD3G,Amiloride-sensitive sodium transport,Plasma,0.0,0.0,1230
CD3G,Anion exchange,Plasma,0.0,0.0,1230
CD3G,Chloride ion,Plasma,0.0,0.0,1230
CD3G,Cholesterol,Plasma,0.0,0.0,1230
CD3G,Cholic acid,Plasma,0.0,0.0,1230
CD3G,Cortisol|Hydroxylansoprazole|N-Desmethyltamoxifen,Plasma,0.0,0.0,1230
CD3G,Estradiol,Plasma,0.0,0.0,1230
CD3G,Fatty acid,Plasma,0.0,0.0,1230
CD3G,Folic acid,Plasma,0.0,0.0,1230
CD3G,Iron,Plasma,0.0,0.0,1230
CD3G,L-Carnitine,Plasma,0.0,0.0,1230
CD3G,N-desmethylimatinib,Plasma,0.0,0.0,1230
CD3G,Nicotinate,Plasma,0.0,0.0,1230
CD3G,O-Desmethylverapamil (D-702),Plasma,0.0,0.0,1230
CD3G,Progesterone,Plasma,0.0,0.0,1230
CD3G,Sodium,Plasma,0.0,0.0,1230
CD3G,Sodium_hydrogen exchange,Plasma,0.0,0.0,1230
CD3G,Taurocholic acid,Plasma,0.0,0.0,1230
CD3G,Testosterone,Plasma,0.0,0.0,1230
CD3G,Water,Plasma,0.0,0.0,1230
CD3G,"17a-Ethynylestradiol|3',4'-Dihydrodiol|4'-Hydroxydiclofenac|4-Hydroxycyclophosphamide|8-Hydroxycarvedilol|E-3179|Estriol|Glycerol|N-Desmethylcitalopram|N-Desmethyleletriptan|O-Deethylated candesartan",T,1.6405637e-06,8.7260176e-08,632
CD3G,2-Hydroxychlorpropamide,T,8.2861425e-06,3.9457768e-07,632
CD3G,4-ene-Valproic acid,T,4.7091944e-05,3.886261e-06,632
CD3G,5-Hydroxyomeprazole,T,5.7698588e-05,1.4117796e-06,632
CD3G,Acetate,T,7.7309085e-07,4.3412506e-08,632
CD3G,Acetyl-L-Carnitine|Choline|Creatine|Dopamine|Histamine|Norepinephrine,T,1.4962932e-05,8.7988633e-07,632
CD3G,Adenosine triphosphate,T,-3.8487238e-07,4.74584e-09,632
CD3G,Amiloride-sensitive sodium transport,T,-1.9223227e-08,6.1106387e-10,632
CD3G,Anion exchange,T,0.0045049265,0.00016548725,632
CD3G,Chloride ion,T,-0.0002902537,1.665808e-05,632
CD3G,Cholesterol,T,8.577423e-06,5.8394704e-07,632
CD3G,Cholic acid,T,4.7337024e-05,5.118163e-07,632
CD3G,Cortisol|Hydroxylansoprazole|N-Desmethyltamoxifen,T,1.6506983e-05,7.1768835e-07,632
CD3G,Estradiol,T,2.347852e-05,3.5970794e-07,632
CD3G,Fatty acid,T,0.00025001372,6.7776296e-06,632
CD3G,Folic acid,T,-4.047264e-09,1.7442194e-10,632
CD3G,Iron,T,0.0001273476,6.892388e-06,632
CD3G,L-Carnitine,T,5.108605e-05,5.859489e-07,632
CD3G,N-desmethylimatinib,T,1.32039895e-05,3.280125e-07,632
CD3G,Nicotinate,T,5.7272868e-05,4.5438364e-06,632
CD3G,O-Desmethylverapamil (D-702),T,0.00016430911,2.1620834e-05,632
CD3G,Progesterone,T,2.6056211e-06,3.851736e-08,632
CD3G,Sodium,T,-0.0008101304,2.792925e-05,632
CD3G,Sodium_hydrogen exchange,T,0.000997189,1.4763151e-05,632
CD3G,Taurocholic acid,T,0.00013463016,7.4759782e-06,632
CD3G,Testosterone,T,2.0384277e-05,1.2035939e-06,632
CD3G,Water,T,0.00065675116,3.45609e-05,632
CD4,"(3a,5b,7a)-23-Carboxy-7-hydroxy-24-norcholan-3-yl-b-D-Glucopyranosiduronic acid|1b,3a,12a-Trihydroxy-5b-cholanoic acid|3-Sulfodeoxycholic acid|3alpha,7alpha-Dihydroxycoprostanic acid|3b-Hydroxy-5-cholenoic acid|Chenodeoxycholic acid|Chenodeoxycholic acid 3-sulfate|Coprocholic acid|Deoxycholic acid|Folinic acid|Glutathione|Glycochenodeoxycholate-3-sulfate|Hyodeoxycholic acid|Isoursodeoxycholic acid|Lithocholic acid|Sulfolithocholic acid|Trihydroxycoprostanoic acid|Ursocholic acid|Ursodeoxycholic acid|Ursodeoxycholic acid 3-sulfate|Varanic acid",B,0.0,0.0,20
CD4,"17a-Ethynylestradiol|3',4'-Dihydrodiol|4'-Hydroxydiclofenac|4-Hydroxycyclophosphamide|8-Hydroxycarvedilol|E-3179|Estriol|Glycerol|N-Desmethylcitalopram|N-Desmethyleletriptan|O-Deethylated candesartan",B,0.0,0.0,20
CD4,2-Hydroxychlorpropamide,B,0.0,0.0,20
CD4,25-Hydroxycholesterol,B,0.0,0.0,20
CD4,4-ene-Valproic acid,B,0.0,0.0,20
CD4,5-Hydroxyomeprazole,B,0.0,0.0,20
CD4,Acetate,B,0.0,0.0,20
CD4,Acetyl-L-Carnitine|Choline|Creatine|Dopamine|Histamine|Norepinephrine,B,0.0,0.0,20
CD4,Adenosine diphosphate ribose,B,0.0,0.0,20
CD4,Adenosine triphosphate,B,0.0,0.0,20
CD4,Amiloride-sensitive sodium transport,B,0.0,0.0,20
CD4,Anion exchange,B,0.0,0.0,20
CD4,Butyrate|D-Lactate|Ketone bodies|L-Lactate|Pyruvate|alpha-Ketoisovaleric acid,B,0.0,0.0,20
CD4,Cadmium|Manganese|Zinc,B,0.0,0.0,20
CD4,Chloride,B,0.0,0.0,20
CD4,Chloride ion,B,0.0,0.0,20
CD4,Cholesterol,B,0.0,0.0,20
CD4,Cholic acid,B,0.0,0.0,20
CD4,Citric acid|Oxalic acid,B,0.0,0.0,20
CD4,Cortisol|Hydroxylansoprazole|N-Desmethyltamoxifen,B,0.0,0.0,20
CD4,Estradiol,B,0.0,0.0,20
CD4,Fatty acid,B,0.0,0.0,20
CD4,Folic acid,B,0.0,0.0,20
CD4,Iron,B,0.0,0.0,20
CD4,L-Carnitine,B,0.0,0.0,20
CD4,L-Glutamate,B,0.0,0.0,20
CD4,N-desmethylimatinib,B,0.0,0.0,20
CD4,Nicotinate,B,0.0,0.0,20
CD4,O-Desmethylverapamil (D-702),B,0.0,0.0,20
CD4,Progesterone,B,0.0,0.0,20
CD4,Sodium,B,0.0,0.0,20
CD4,Sodium_hydrogen exchange,B,0.0,0.0,20
CD4,Taurocholic acid,B,0.0,0.0,20
CD4,Testosterone,B,0.0,0.0,20
CD4,Vitamin D3,B,0.0,0.0,20
CD4,Water,B,0.0,0.0,20
CD4,"(3a,5b,7a)-23-Carboxy-7-hydroxy-24-norcholan-3-yl-b-D-Glucopyranosiduronic acid|1b,3a,12a-Trihydroxy-5b-cholanoic acid|3-Sulfodeoxycholic acid|3alpha,7alpha-Dihydroxycoprostanic acid|3b-Hydroxy-5-cholenoic acid|Chenodeoxycholic acid|Chenodeoxycholic acid 3-sulfate|Coprocholic acid|Deoxycholic acid|Folinic acid|Glutathione|Glycochenodeoxycholate-3-sulfate|Hyodeoxycholic acid|Isoursodeoxycholic acid|Lithocholic acid|Sulfolithocholic acid|Trihydroxycoprostanoic acid|Ursocholic acid|Ursodeoxycholic acid|Ursodeoxycholic acid 3-sulfate|Varanic acid",Endothelial,0.0,0.0,391
CD4,"17a-Ethynylestradiol|3',4'-Dihydrodiol|4'-Hydroxydiclofenac|4-Hydroxycyclophosphamide|8-Hydroxycarvedilol|E-3179|Estriol|Glycerol|N-Desmethylcitalopram|N-Desmethyleletriptan|O-Deethylated candesartan",Endothelial,0.0,0.0,391
CD4,2-Hydroxychlorpropamide,Endothelial,0.0,0.0,391
CD4,25-Hydroxycholesterol,Endothelial,0.0,0.0,391
CD4,4-ene-Valproic acid,Endothelial,0.0,0.0,391
CD4,5-Hydroxyomeprazole,Endothelial,0.0,0.0,391
CD4,Acetate,Endothelial,0.0,0.0,391
CD4,Acetyl-L-Carnitine|Choline|Creatine|Dopamine|Histamine|Norepinephrine,Endothelial,0.0,0.0,391
CD4,Adenosine diphosphate ribose,Endothelial,0.0,0.0,391
CD4,Adenosine triphosphate,Endothelial,0.0,0.0,391
CD4,Amiloride-sensitive sodium transport,Endothelial,0.0,0.0,391
CD4,Anion exchange,Endothelial,0.0,0.0,391
CD4,Butyrate|D-Lactate|Ketone bodies|L-Lactate|Pyruvate|alpha-Ketoisovaleric acid,Endothelial,0.0,0.0,391
CD4,Cadmium|Manganese|Zinc,Endothelial,0.0,0.0,391
CD4,Chloride,Endothelial,0.0,0.0,391
CD4,Chloride ion,Endothelial,0.0,0.0,391
CD4,Cholesterol,Endothelial,0.0,0.0,391
CD4,Cholic acid,Endothelial,0.0,0.0,391
CD4,Citric acid|Oxalic acid,Endothelial,0.0,0.0,391
CD4,Cortisol|Hydroxylansoprazole|N-Desmethyltamoxifen,Endothelial,0.0,0.0,391
CD4,Estradiol,Endothelial,0.0,0.0,391
CD4,Fatty acid,Endothelial,0.0,0.0,391
CD4,Folic acid,Endothelial,0.0,0.0,391
CD4,Iron,Endothelial,0.0,0.0,391
CD4,L-Carnitine,Endothelial,0.0,0.0,391
CD4,L-Glutamate,Endothelial,0.0,0.0,391
CD4,N-desmethylimatinib,Endothelial,0.0,0.0,391
CD4,Nicotinate,Endothelial,0.0,0.0,391
CD4,O-Desmethylverapamil (D-702),Endothelial,0.0,0.0,391
CD4,Progesterone,Endothelial,0.0,0.0,391
CD4,Sodium,Endothelial,0.0,0.0,391
CD4,Sodium_hydrogen exchange,Endothelial,0.0,0.0,391
CD4,Taurocholic acid,Endothelial,0.0,0.0,391
CD4,Testosterone,Endothelial,0.0,0.0,391
CD4,Vitamin D3,Endothelial,0.0,0.0,391
CD4,Water,Endothelial,0.0,0.0,391
CD4,"(3a,5b,7a)-23-Carboxy-7-hydroxy-24-norcholan-3-yl-b-D-Glucopyranosiduronic acid|1b,3a,12a-Trihydroxy-5b-cholanoic acid|3-Sulfodeoxycholic acid|3alpha,7alpha-Dihydroxycoprostanic acid|3b-Hydroxy-5-cholenoic acid|Chenodeoxycholic acid|Chenodeoxycholic acid 3-sulfate|Coprocholic acid|Deoxycholic acid|Folinic acid|Glutathione|Glycochenodeoxycholate-3-sulfate|Hyodeoxycholic acid|Isoursodeoxycholic acid|Lithocholic acid|Sulfolithocholic acid|Trihydroxycoprostanoic acid|Ursocholic acid|Ursodeoxycholic acid|Ursodeoxycholic acid 3-sulfate|Varanic acid",Enteric_glia,0.0,0.0,92
CD4,"17a-Ethynylestradiol|3',4'-Dihydrodiol|4'-Hydroxydiclofenac|4-Hydroxycyclophosphamide|8-Hydroxycarvedilol|E-3179|Estriol|Glycerol|N-Desmethylcitalopram|N-Desmethyleletriptan|O-Deethylated candesartan",Enteric_glia,0.0,0.0,92
CD4,2-Hydroxychlorpropamide,Enteric_glia,0.0,0.0,92
CD4,25-Hydroxycholesterol,Enteric_glia,0.0,0.0,92
CD4,4-ene-Valproic acid,Enteric_glia,0.0,0.0,92
CD4,5-Hydroxyomeprazole,Enteric_glia,0.0,0.0,92
CD4,Acetate,Enteric_glia,0.0,0.0,92
CD4,Acetyl-L-Carnitine|Choline|Creatine|Dopamine|Histamine|Norepinephrine,Enteric_glia,0.0,0.0,92
CD4,Adenosine diphosphate ribose,Enteric_glia,0.0,0.0,92
CD4,Adenosine triphosphate,Enteric_glia,0.0,0.0,92
CD4,Amiloride-sensitive sodium transport,Enteric_glia,0.0,0.0,92
CD4,Anion exchange,Enteric_glia,0.0,0.0,92
CD4,Butyrate|D-Lactate|Ketone bodies|L-Lactate|Pyruvate|alpha-Ketoisovaleric acid,Enteric_glia,0.0,0.0,92
CD4,Cadmium|Manganese|Zinc,Enteric_glia,0.0,0.0,92
CD4,Chloride,Enteric_glia,0.0,0.0,92
CD4,Chloride ion,Enteric_glia,0.0,0.0,92
CD4,Cholesterol,Enteric_glia,0.0,0.0,92
CD4,Cholic acid,Enteric_glia,0.0,0.0,92
CD4,Citric acid|Oxalic acid,Enteric_glia,0.0,0.0,92
CD4,Cortisol|Hydroxylansoprazole|N-Desmethyltamoxifen,Enteric_glia,0.0,0.0,92
CD4,Estradiol,Enteric_glia,0.0,0.0,92
CD4,Fatty acid,Enteric_glia,0.0,0.0,92
CD4,Folic acid,Enteric_glia,0.0,0.0,92
CD4,Iron,Enteric_glia,0.0,0.0,92
CD4,L-Carnitine,Enteric_glia,0.0,0.0,92
CD4,L-Glutamate,Enteric_glia,0.0,0.0,92
CD4,N-desmethylimatinib,Enteric_glia,0.0,0.0,92
CD4,Nicotinate,Enteric_glia,0.0,0.0,92
CD4,O-Desmethylverapamil (D-702),Enteric_glia,0.0,0.0,92
CD4,Progesterone,Enteric_glia,0.0,0.0,92
CD4,Sodium,Enteric_glia,0.0,0.0,92
CD4,Sodium_hydrogen exchange,Enteric_glia,0.0,0.0,92
CD4,Taurocholic acid,Enteric_glia,0.0,0.0,92
CD4,Testosterone,Enteric_glia,0.0,0.0,92
CD4,Vitamin D3,Enteric_glia,0.0,0.0,92
CD4,Water,Enteric_glia,0.0,0.0,92
CD4,"(3a,5b,7a)-23-Carboxy-7-hydroxy-24-norcholan-3-yl-b-D-Glucopyranosiduronic acid|1b,3a,12a-Trihydroxy-5b-cholanoic acid|3-Sulfodeoxycholic acid|3alpha,7alpha-Dihydroxycoprostanic acid|3b-Hydroxy-5-cholenoic acid|Chenodeoxycholic acid|Chenodeoxycholic acid 3-sulfate|Coprocholic acid|Deoxycholic acid|Folinic acid|Glutathione|Glycochenodeoxycholate-3-sulfate|Hyodeoxycholic acid|Isoursodeoxycholic acid|Lithocholic acid|Sulfolithocholic acid|Trihydroxycoprostanoic acid|Ursocholic acid|Ursodeoxycholic acid|Ursodeoxycholic acid 3-sulfate|Varanic acid",Fibroblast,0.0,0.0,944
CD4,"17a-Ethynylestradiol|3',4'-Dihydrodiol|4'-Hydroxydiclofenac|4-Hydroxycyclophosphamide|8-Hydroxycarvedilol|E-3179|Estriol|Glycerol|N-Desmethylcitalopram|N-Desmethyleletriptan|O-Deethylated candesartan",Fibroblast,0.0,0.0,944
CD4,2-Hydroxychlorpropamide,Fibroblast,0.0,0.0,944
CD4,25-Hydroxycholesterol,Fibroblast,0.0,0.0,944
CD4,4-ene-Valproic acid,Fibroblast,0.0,0.0,944
CD4,5-Hydroxyomeprazole,Fibroblast,0.0,0.0,944
CD4,Acetate,Fibroblast,0.0,0.0,944
CD4,Acetyl-L-Carnitine|Choline|Creatine|Dopamine|Histamine|Norepinephrine,Fibroblast,0.0,0.0,944
CD4,Adenosine diphosphate ribose,Fibroblast,0.0,0.0,944
CD4,Adenosine triphosphate,Fibroblast,0.0,0.0,944
CD4,Amiloride-sensitive sodium transport,Fibroblast,0.0,0.0,944
CD4,Anion exchange,Fibroblast,0.0,0.0,944
CD4,Butyrate|D-Lactate|Ketone bodies|L-Lactate|Pyruvate|alpha-Ketoisovaleric acid,Fibroblast,0.0,0.0,944
CD4,Cadmium|Manganese|Zinc,Fibroblast,0.0,0.0,944
CD4,Chloride,Fibroblast,0.0,0.0,944
CD4,Chloride ion,Fibroblast,0.0,0.0,944
CD4,Cholesterol,Fibroblast,0.0,0.0,944
CD4,Cholic acid,Fibroblast,0.0,0.0,944
CD4,Citric acid|Oxalic acid,Fibroblast,0.0,0.0,944
CD4,Cortisol|Hydroxylansoprazole|N-Desmethyltamoxifen,Fibroblast,0.0,0.0,944
CD4,Estradiol,Fibroblast,0.0,0.0,944
CD4,Fatty acid,Fibroblast,0.0,0.0,944
CD4,Folic acid,Fibroblast,0.0,0.0,944
CD4,Iron,Fibroblast,0.0,0.0,944
CD4,L-Carnitine,Fibroblast,0.0,0.0,944
CD4,L-Glutamate,Fibroblast,0.0,0.0,944
CD4,N-desmethylimatinib,Fibroblast,0.0,0.0,944
CD4,Nicotinate,Fibroblast,0.0,0.0,944
CD4,O-Desmethylverapamil (D-702),Fibroblast,0.0,0.0,944
CD4,Progesterone,Fibroblast,0.0,0.0,944
CD4,Sodium,Fibroblast,0.0,0.0,944
CD4,Sodium_hydrogen exchange,Fibroblast,0.0,0.0,944
CD4,Taurocholic acid,Fibroblast,0.0,0.0,944
CD4,Testosterone,Fibroblast,0.0,0.0,944
CD4,Vitamin D3,Fibroblast,0.0,0.0,944
CD4,Water,Fibroblast,0.0,0.0,944
CD4,"(3a,5b,7a)-23-Carboxy-7-hydroxy-24-norcholan-3-yl-b-D-Glucopyranosiduronic acid|1b,3a,12a-Trihydroxy-5b-cholanoic acid|3-Sulfodeoxycholic acid|3alpha,7alpha-Dihydroxycoprostanic acid|3b-Hydroxy-5-cholenoic acid|Chenodeoxycholic acid|Chenodeoxycholic acid 3-sulfate|Coprocholic acid|Deoxycholic acid|Folinic acid|Glutathione|Glycochenodeoxycholate-3-sulfate|Hyodeoxycholic acid|Isoursodeoxycholic acid|Lithocholic acid|Sulfolithocholic acid|Trihydroxycoprostanoic acid|Ursocholic acid|Ursodeoxycholic acid|Ursodeoxycholic acid 3-sulfate|Varanic acid",IEC,0.0,0.0,7778
CD4,"17a-Ethynylestradiol|3',4'-Dihydrodiol|4'-Hydroxydiclofenac|4-Hydroxycyclophosphamide|8-Hydroxycarvedilol|E-3179|Estriol|Glycerol|N-Desmethylcitalopram|N-Desmethyleletriptan|O-Deethylated candesartan",IEC,0.0,0.0,7778
CD4,2-Hydroxychlorpropamide,IEC,2.5151527e-05,4.122646e-06,7778
CD4,25-Hydroxycholesterol,IEC,0.0,0.0,7778
CD4,4-ene-Valproic acid,IEC,2.8350494e-05,9.956404e-06,7778
CD4,5-Hydroxyomeprazole,IEC,9.323141e-05,2.0645904e-05,7778
CD4,Acetate,IEC,1.359142e-05,4.8823244e-07,7778
CD4,Acetyl-L-Carnitine|Choline|Creatine|Dopamine|Histamine|Norepinephrine,IEC,1.0148361e-05,2.5459742e-06,7778
CD4,Adenosine diphosphate ribose,IEC,0.0,0.0,7778
CD4,Adenosine triphosphate,IEC,0.0,0.0,7778
CD4,Amiloride-sensitive sodium transport,IEC,0.0,0.0,7778
CD4,Anion exchange,IEC,-0.008017322,0.0006377631,7778
CD4,Butyrate|D-Lactate|Ketone bodies|L-Lactate|Pyruvate|alpha-Ketoisovaleric acid,IEC,0.0,0.0,7778
CD4,Cadmium|Manganese|Zinc,IEC,0.0,0.0,7778
CD4,Chloride,IEC,0.0,0.0,7778
CD4,Chloride ion,IEC,-0.0001365504,2.2588245e-05,7778
CD4,Cholesterol,IEC,9.0487e-05,1.539897e-05,7778
CD4,Cholic acid,IEC,0.0,0.0,7778
CD4,Citric acid|Oxalic acid,IEC,0.0,0.0,7778
CD4,Cortisol|Hydroxylansoprazole|N-Desmethyltamoxifen,IEC,0.00010532543,9.6700205e-06,7778
CD4,Estradiol,IEC,8.475955e-05,5.2635833e-06,7778
CD4,Fatty acid,IEC,-0.00011002747,3.0435986e-05,7778
CD4,Folic acid,IEC,1.947178e-05,7.453381e-06,7778
CD4,Iron,IEC,0.0,0.0,7778
CD4,L-Carnitine,IEC,2.111908e-05,3.4890893e-06,7778
CD4,L-Glutamate,IEC,0.0,0.0,7778
CD4,N-desmethylimatinib,IEC,7.916676e-05,3.0057288e-05,7778
CD4,Nicotinate,IEC,5.228756e-05,1.6994416e-05,7778
CD4,O-Desmethylverapamil (D-702),IEC,0.00034448132,4.2139945e-05,7778
CD4,Progesterone,IEC,0.0,0.0,7778
CD4,Sodium,IEC,-0.0002510699,9.149822e-05,7778
CD4,Sodium_hydrogen exchange,IEC,-0.0016302343,0.00042448592,7778
CD4,Taurocholic acid,IEC,5.1976793e-05,2.2806775e-05,7778
CD4,Testosterone,IEC,9.109331e-05,8.863454e-06,7778
CD4,Vitamin D3,IEC,0.0,0.0,7778
CD4,Water,IEC,-0.0016798837,0.00033326424,7778
CD4,"(3a,5b,7a)-23-Carboxy-7-hydroxy-24-norcholan-3-yl-b-D-Glucopyranosiduronic acid|1b,3a,12a-Trihydroxy-5b-cholanoic acid|3-Sulfodeoxycholic acid|3alpha,7alpha-Dihydroxycoprostanic acid|3b-Hydroxy-5-cholenoic acid|Chenodeoxycholic acid|Chenodeoxycholic acid 3-sulfate|Coprocholic acid|Deoxycholic acid|Folinic acid|Glutathione|Glycochenodeoxycholate-3-sulfate|Hyodeoxycholic acid|Isoursodeoxycholic acid|Lithocholic acid|Sulfolithocholic acid|Trihydroxycoprostanoic acid|Ursocholic acid|Ursodeoxycholic acid|Ursodeoxycholic acid 3-sulfate|Varanic acid",MAST,0.0,0.0,171
CD4,"17a-Ethynylestradiol|3',4'-Dihydrodiol|4'-Hydroxydiclofenac|4-Hydroxycyclophosphamide|8-Hydroxycarvedilol|E-3179|Estriol|Glycerol|N-Desmethylcitalopram|N-Desmethyleletriptan|O-Deethylated candesartan",MAST,0.0,0.0,171
CD4,2-Hydroxychlorpropamide,MAST,0.0,0.0,171
CD4,25-Hydroxycholesterol,MAST,0.0,0.0,171
CD4,4-ene-Valproic acid,MAST,0.0,0.0,171
CD4,5-Hydroxyomeprazole,MAST,0.0,0.0,171
CD4,Acetate,MAST,0.0,0.0,171
CD4,Acetyl-L-Carnitine|Choline|Creatine|Dopamine|Histamine|Norepinephrine,MAST,0.0,0.0,171
CD4,Adenosine diphosphate ribose,MAST,0.0,0.0,171
CD4,Adenosine triphosphate,MAST,0.0,0.0,171
CD4,Amiloride-sensitive sodium transport,MAST,0.0,0.0,171
CD4,Anion exchange,MAST,0.0,0.0,171
CD4,Butyrate|D-Lactate|Ketone bodies|L-Lactate|Pyruvate|alpha-Ketoisovaleric acid,MAST,0.0,0.0,171
CD4,Cadmium|Manganese|Zinc,MAST,0.0,0.0,171
CD4,Chloride,MAST,0.0,0.0,171
CD4,Chloride ion,MAST,0.0,0.0,171
CD4,Cholesterol,MAST,0.0,0.0,171
CD4,Cholic acid,MAST,0.0,0.0,171
CD4,Citric acid|Oxalic acid,MAST,0.0,0.0,171
CD4,Cortisol|Hydroxylansoprazole|N-Desmethyltamoxifen,MAST,0.0,0.0,171
CD4,Estradiol,MAST,0.0,0.0,171
CD4,Fatty acid,MAST,0.0,0.0,171
CD4,Folic acid,MAST,0.0,0.0,171
CD4,Iron,MAST,0.0,0.0,171
CD4,L-Carnitine,MAST,0.0,0.0,171
CD4,L-Glutamate,MAST,0.0,0.0,171
CD4,N-desmethylimatinib,MAST,0.0,0.0,171
CD4,Nicotinate,MAST,0.0,0.0,171
CD4,O-Desmethylverapamil (D-702),MAST,0.0,0.0,171
CD4,Progesterone,MAST,0.0,0.0,171
CD4,Sodium,MAST,0.0,0.0,171
CD4,Sodium_hydrogen exchange,MAST,0.0,0.0,171
CD4,Taurocholic acid,MAST,0.0,0.0,171
CD4,Testosterone,MAST,0.0,0.0,171
CD4,Vitamin D3,MAST,0.0,0.0,171
CD4,Water,MAST,0.0,0.0,171
CD4,"(3a,5b,7a)-23-Carboxy-7-hydroxy-24-norcholan-3-yl-b-D-Glucopyranosiduronic acid|1b,3a,12a-Trihydroxy-5b-cholanoic acid|3-Sulfodeoxycholic acid|3alpha,7alpha-Dihydroxycoprostanic acid|3b-Hydroxy-5-cholenoic acid|Chenodeoxycholic acid|Chenodeoxycholic acid 3-sulfate|Coprocholic acid|Deoxycholic acid|Folinic acid|Glutathione|Glycochenodeoxycholate-3-sulfate|Hyodeoxycholic acid|Isoursodeoxycholic acid|Lithocholic acid|Sulfolithocholic acid|Trihydroxycoprostanoic acid|Ursocholic acid|Ursodeoxycholic acid|Ursodeoxycholic acid 3-sulfate|Varanic acid",MNP,2.4533517e-06,3.219812e-08,464
CD4,"17a-Ethynylestradiol|3',4'-Dihydrodiol|4'-Hydroxydiclofenac|4-Hydroxycyclophosphamide|8-Hydroxycarvedilol|E-3179|Estriol|Glycerol|N-Desmethylcitalopram|N-Desmethyleletriptan|O-Deethylated candesartan",MNP,-8.770688e-07,2.5290053e-08,464
CD4,2-Hydroxychlorpropamide,MNP,1.2497123e-06,4.2635257e-08,464
CD4,25-Hydroxycholesterol,MNP,0.0021763803,6.347367e-05,464
CD4,4-ene-Valproic acid,MNP,1.0799995e-06,1.5674976e-08,464
CD4,5-Hydroxyomeprazole,MNP,0.00044011578,1.2688925e-05,464
CD4,Acetate,MNP,0.009249179,5.1813964e-05,464
CD4,Acetyl-L-Carnitine|Choline|Creatine|Dopamine|Histamine|Norepinephrine,MNP,5.342645e-07,1.5554743e-08,464
CD4,Adenosine diphosphate ribose,MNP,-6.553844e-07,1.7162481e-08,464
CD4,Adenosine triphosphate,MNP,8.4716834e-05,2.422229e-06,464
CD4,Amiloride-sensitive sodium transport,MNP,7.152668e-07,7.2424045e-09,464
CD4,Anion exchange,MNP,0.002495626,4.1819356e-05,464
CD4,Butyrate|D-Lactate|Ketone bodies|L-Lactate|Pyruvate|alpha-Ketoisovaleric acid,MNP,1.1497266e-06,1.6314573e-08,464
CD4,Cadmium|Manganese|Zinc,MNP,2.1962826e-07,3.9713988e-09,464
CD4,Chloride,MNP,8.4316714e-05,3.196008e-07,464
CD4,Chloride ion,MNP,-9.363977e-05,2.382393e-06,464
CD4,Cholesterol,MNP,0.00022921545,7.348064e-06,464
CD4,Cholic acid,MNP,0.00011483798,1.3900974e-07,464
CD4,Citric acid|Oxalic acid,MNP,0.0059235143,0.00011595097,464
CD4,Cortisol|Hydroxylansoprazole|N-Desmethyltamoxifen,MNP,0.00010727343,2.9664232e-06,464
CD4,Estradiol,MNP,0.0058726617,0.00014799775,464
CD4,Fatty acid,MNP,0.0023087335,4.4226104e-05,464
CD4,Folic acid,MNP,6.334433e-05,1.9952165e-06,464
CD4,Iron,MNP,0.025239008,0.00012756936,464
CD4,L-Carnitine,MNP,7.274562e-07,1.8843249e-08,464
CD4,L-Glutamate,MNP,1.0121777e-06,1.8088445e-08,464
CD4,N-desmethylimatinib,MNP,0.00012220771,1.1543625e-06,464
CD4,Nicotinate,MNP,0.009263479,7.373073e-05,464
CD4,O-Desmethylverapamil (D-702),MNP,0.00046795123,1.8212013e-05,464
CD4,Progesterone,MNP,1.08544355e-05,1.4191852e-07,464
CD4,Sodium,MNP,0.000101050064,5.241028e-07,464
CD4,Sodium_hydrogen exchange,MNP,0.0029291704,8.0070786e-05,464
CD4,Taurocholic acid,MNP,0.009095158,0.00019745801,464
CD4,Testosterone,MNP,0.00013159767,3.0256217e-06,464
CD4,Vitamin D3,MNP,0.00012976404,3.6484428e-06,464
CD4,Water,MNP,0.0035241172,8.470761e-05,464
CD4,"(3a,5b,7a)-23-Carboxy-7-hydroxy-24-norcholan-3-yl-b-D-Glucopyranosiduronic acid|1b,3a,12a-Trihydroxy-5b-cholanoic acid|3-Sulfodeoxycholic acid|3alpha,7alpha-Dihydroxycoprostanic acid|3b-Hydroxy-5-cholenoic acid|Chenodeoxycholic acid|Chenodeoxycholic acid 3-sulfate|Coprocholic acid|Deoxycholic acid|Folinic acid|Glutathione|Glycochenodeoxycholate-3-sulfate|Hyodeoxycholic acid|Isoursodeoxycholic acid|Lithocholic acid|Sulfolithocholic acid|Trihydroxycoprostanoic acid|Ursocholic acid|Ursodeoxycholic acid|Ursodeoxycholic acid 3-sulfate|Varanic acid",Muscularis_mucosa,0.0,0.0,92
CD4,"17a-Ethynylestradiol|3',4'-Dihydrodiol|4'-Hydroxydiclofenac|4-Hydroxycyclophosphamide|8-Hydroxycarvedilol|E-3179|Estriol|Glycerol|N-Desmethylcitalopram|N-Desmethyleletriptan|O-Deethylated candesartan",Muscularis_mucosa,0.0,0.0,92
CD4,2-Hydroxychlorpropamide,Muscularis_mucosa,0.0,0.0,92
CD4,25-Hydroxycholesterol,Muscularis_mucosa,0.0,0.0,92
CD4,4-ene-Valproic acid,Muscularis_mucosa,0.0,0.0,92
CD4,5-Hydroxyomeprazole,Muscularis_mucosa,0.0,0.0,92
CD4,Acetate,Muscularis_mucosa,0.0,0.0,92
CD4,Acetyl-L-Carnitine|Choline|Creatine|Dopamine|Histamine|Norepinephrine,Muscularis_mucosa,0.0,0.0,92
CD4,Adenosine diphosphate ribose,Muscularis_mucosa,0.0,0.0,92
CD4,Adenosine triphosphate,Muscularis_mucosa,0.0,0.0,92
CD4,Amiloride-sensitive sodium transport,Muscularis_mucosa,0.0,0.0,92
CD4,Anion exchange,Muscularis_mucosa,0.0,0.0,92
CD4,Butyrate|D-Lactate|Ketone bodies|L-Lactate|Pyruvate|alpha-Ketoisovaleric acid,Muscularis_mucosa,0.0,0.0,92
CD4,Cadmium|Manganese|Zinc,Muscularis_mucosa,0.0,0.0,92
CD4,Chloride,Muscularis_mucosa,0.0,0.0,92
CD4,Chloride ion,Muscularis_mucosa,0.0,0.0,92
CD4,Cholesterol,Muscularis_mucosa,0.0,0.0,92
CD4,Cholic acid,Muscularis_mucosa,0.0,0.0,92
CD4,Citric acid|Oxalic acid,Muscularis_mucosa,0.0,0.0,92
CD4,Cortisol|Hydroxylansoprazole|N-Desmethyltamoxifen,Muscularis_mucosa,0.0,0.0,92
CD4,Estradiol,Muscularis_mucosa,0.0,0.0,92
CD4,Fatty acid,Muscularis_mucosa,0.0,0.0,92
CD4,Folic acid,Muscularis_mucosa,0.0,0.0,92
CD4,Iron,Muscularis_mucosa,0.0,0.0,92
CD4,L-Carnitine,Muscularis_mucosa,0.0,0.0,92
CD4,L-Glutamate,Muscularis_mucosa,0.0,0.0,92
CD4,N-desmethylimatinib,Muscularis_mucosa,0.0,0.0,92
CD4,Nicotinate,Muscularis_mucosa,0.0,0.0,92
CD4,O-Desmethylverapamil (D-702),Muscularis_mucosa,0.0,0.0,92
CD4,Progesterone,Muscularis_mucosa,0.0,0.0,92
CD4,Sodium,Muscularis_mucosa,0.0,0.0,92
CD4,Sodium_hydrogen exchange,Muscularis_mucosa,0.0,0.0,92
CD4,Taurocholic acid,Muscularis_mucosa,0.0,0.0,92
CD4,Testosterone,Muscularis_mucosa,0.0,0.0,92
CD4,Vitamin D3,Muscularis_mucosa,0.0,0.0,92
CD4,Water,Muscularis_mucosa,0.0,0.0,92
CD4,"(3a,5b,7a)-23-Carboxy-7-hydroxy-24-norcholan-3-yl-b-D-Glucopyranosiduronic acid|1b,3a,12a-Trihydroxy-5b-cholanoic acid|3-Sulfodeoxycholic acid|3alpha,7alpha-Dihydroxycoprostanic acid|3b-Hydroxy-5-cholenoic acid|Chenodeoxycholic acid|Chenodeoxycholic acid 3-sulfate|Coprocholic acid|Deoxycholic acid|Folinic acid|Glutathione|Glycochenodeoxycholate-3-sulfate|Hyodeoxycholic acid|Isoursodeoxycholic acid|Lithocholic acid|Sulfolithocholic acid|Trihydroxycoprostanoic acid|Ursocholic acid|Ursodeoxycholic acid|Ursodeoxycholic acid 3-sulfate|Varanic acid",Myofibroblast,0.0,0.0,219
CD4,"17a-Ethynylestradiol|3',4'-Dihydrodiol|4'-Hydroxydiclofenac|4-Hydroxycyclophosphamide|8-Hydroxycarvedilol|E-3179|Estriol|Glycerol|N-Desmethylcitalopram|N-Desmethyleletriptan|O-Deethylated candesartan",Myofibroblast,0.0,0.0,219
CD4,2-Hydroxychlorpropamide,Myofibroblast,0.0,0.0,219
CD4,25-Hydroxycholesterol,Myofibroblast,0.0,0.0,219
CD4,4-ene-Valproic acid,Myofibroblast,0.0,0.0,219
CD4,5-Hydroxyomeprazole,Myofibroblast,0.0,0.0,219
CD4,Acetate,Myofibroblast,0.0,0.0,219
CD4,Acetyl-L-Carnitine|Choline|Creatine|Dopamine|Histamine|Norepinephrine,Myofibroblast,0.0,0.0,219
CD4,Adenosine diphosphate ribose,Myofibroblast,0.0,0.0,219
CD4,Adenosine triphosphate,Myofibroblast,0.0,0.0,219
CD4,Amiloride-sensitive sodium transport,Myofibroblast,0.0,0.0,219
CD4,Anion exchange,Myofibroblast,0.0,0.0,219
CD4,Butyrate|D-Lactate|Ketone bodies|L-Lactate|Pyruvate|alpha-Ketoisovaleric acid,Myofibroblast,0.0,0.0,219
CD4,Cadmium|Manganese|Zinc,Myofibroblast,0.0,0.0,219
CD4,Chloride,Myofibroblast,0.0,0.0,219
CD4,Chloride ion,Myofibroblast,0.0,0.0,219
CD4,Cholesterol,Myofibroblast,0.0,0.0,219
CD4,Cholic acid,Myofibroblast,0.0,0.0,219
CD4,Citric acid|Oxalic acid,Myofibroblast,0.0,0.0,219
CD4,Cortisol|Hydroxylansoprazole|N-Desmethyltamoxifen,Myofibroblast,0.0,0.0,219
CD4,Estradiol,Myofibroblast,0.0,0.0,219
CD4,Fatty acid,Myofibroblast,0.0,0.0,219
CD4,Folic acid,Myofibroblast,0.0,0.0,219
CD4,Iron,Myofibroblast,0.0,0.0,219
CD4,L-Carnitine,Myofibroblast,0.0,0.0,219
CD4,L-Glutamate,Myofibroblast,0.0,0.0,219
CD4,N-desmethylimatinib,Myofibroblast,0.0,0.0,219
CD4,Nicotinate,Myofibroblast,0.0,0.0,219
CD4,O-Desmethylverapamil (D-702),Myofibroblast,0.0,0.0,219
CD4,Progesterone,Myofibroblast,0.0,0.0,219
CD4,Sodium,Myofibroblast,0.0,0.0,219
CD4,Sodium_hydrogen exchange,Myofibroblast,0.0,0.0,219
CD4,Taurocholic acid,Myofibroblast,0.0,0.0,219
CD4,Testosterone,Myofibroblast,0.0,0.0,219
CD4,Vitamin D3,Myofibroblast,0.0,0.0,219
CD4,Water,Myofibroblast,0.0,0.0,219
CD4,"(3a,5b,7a)-23-Carboxy-7-hydroxy-24-norcholan-3-yl-b-D-Glucopyranosiduronic acid|1b,3a,12a-Trihydroxy-5b-cholanoic acid|3-Sulfodeoxycholic acid|3alpha,7alpha-Dihydroxycoprostanic acid|3b-Hydroxy-5-cholenoic acid|Chenodeoxycholic acid|Chenodeoxycholic acid 3-sulfate|Coprocholic acid|Deoxycholic acid|Folinic acid|Glutathione|Glycochenodeoxycholate-3-sulfate|Hyodeoxycholic acid|Isoursodeoxycholic acid|Lithocholic acid|Sulfolithocholic acid|Trihydroxycoprostanoic acid|Ursocholic acid|Ursodeoxycholic acid|Ursodeoxycholic acid 3-sulfate|Varanic acid",Pericyte,0.0,0.0,109
CD4,"17a-Ethynylestradiol|3',4'-Dihydrodiol|4'-Hydroxydiclofenac|4-Hydroxycyclophosphamide|8-Hydroxycarvedilol|E-3179|Estriol|Glycerol|N-Desmethylcitalopram|N-Desmethyleletriptan|O-Deethylated candesartan",Pericyte,0.0,0.0,109
CD4,2-Hydroxychlorpropamide,Pericyte,0.0,0.0,109
CD4,25-Hydroxycholesterol,Pericyte,0.0,0.0,109
CD4,4-ene-Valproic acid,Pericyte,0.0,0.0,109
CD4,5-Hydroxyomeprazole,Pericyte,0.0,0.0,109
CD4,Acetate,Pericyte,0.0,0.0,109
CD4,Acetyl-L-Carnitine|Choline|Creatine|Dopamine|Histamine|Norepinephrine,Pericyte,0.0,0.0,109
CD4,Adenosine diphosphate ribose,Pericyte,0.0,0.0,109
CD4,Adenosine triphosphate,Pericyte,0.0,0.0,109
CD4,Amiloride-sensitive sodium transport,Pericyte,0.0,0.0,109
CD4,Anion exchange,Pericyte,0.0,0.0,109
CD4,Butyrate|D-Lactate|Ketone bodies|L-Lactate|Pyruvate|alpha-Ketoisovaleric acid,Pericyte,0.0,0.0,109
CD4,Cadmium|Manganese|Zinc,Pericyte,0.0,0.0,109
CD4,Chloride,Pericyte,0.0,0.0,109
CD4,Chloride ion,Pericyte,0.0,0.0,109
CD4,Cholesterol,Pericyte,0.0,0.0,109
CD4,Cholic acid,Pericyte,0.0,0.0,109
CD4,Citric acid|Oxalic acid,Pericyte,0.0,0.0,109
CD4,Cortisol|Hydroxylansoprazole|N-Desmethyltamoxifen,Pericyte,0.0,0.0,109
CD4,Estradiol,Pericyte,0.0,0.0,109
CD4,Fatty acid,Pericyte,0.0,0.0,109
CD4,Folic acid,Pericyte,0.0,0.0,109
CD4,Iron,Pericyte,0.0,0.0,109
CD4,L-Carnitine,Pericyte,0.0,0.0,109
CD4,L-Glutamate,Pericyte,0.0,0.0,109
CD4,N-desmethylimatinib,Pericyte,0.0,0.0,109
CD4,Nicotinate,Pericyte,0.0,0.0,109
CD4,O-Desmethylverapamil (D-702),Pericyte,0.0,0.0,109
CD4,Progesterone,Pericyte,0.0,0.0,109
CD4,Sodium,Pericyte,0.0,0.0,109
CD4,Sodium_hydrogen exchange,Pericyte,0.0,0.0,109
CD4,Taurocholic acid,Pericyte,0.0,0.0,109
CD4,Testosterone,Pericyte,0.0,0.0,109
CD4,Vitamin D3,Pericyte,0.0,0.0,109
CD4,Water,Pericyte,0.0,0.0,109
CD4,"(3a,5b,7a)-23-Carboxy-7-hydroxy-24-norcholan-3-yl-b-D-Glucopyranosiduronic acid|1b,3a,12a-Trihydroxy-5b-cholanoic acid|3-Sulfodeoxycholic acid|3alpha,7alpha-Dihydroxycoprostanic acid|3b-Hydroxy-5-cholenoic acid|Chenodeoxycholic acid|Chenodeoxycholic acid 3-sulfate|Coprocholic acid|Deoxycholic acid|Folinic acid|Glutathione|Glycochenodeoxycholate-3-sulfate|Hyodeoxycholic acid|Isoursodeoxycholic acid|Lithocholic acid|Sulfolithocholic acid|Trihydroxycoprostanoic acid|Ursocholic acid|Ursodeoxycholic acid|Ursodeoxycholic acid 3-sulfate|Varanic acid",Plasma,0.0,0.0,1230
CD4,"17a-Ethynylestradiol|3',4'-Dihydrodiol|4'-Hydroxydiclofenac|4-Hydroxycyclophosphamide|8-Hydroxycarvedilol|E-3179|Estriol|Glycerol|N-Desmethylcitalopram|N-Desmethyleletriptan|O-Deethylated candesartan",Plasma,0.0,0.0,1230
CD4,2-Hydroxychlorpropamide,Plasma,0.0,0.0,1230
CD4,25-Hydroxycholesterol,Plasma,0.0,0.0,1230
CD4,4-ene-Valproic acid,Plasma,0.0,0.0,1230
CD4,5-Hydroxyomeprazole,Plasma,0.0,0.0,1230
CD4,Acetate,Plasma,0.0,0.0,1230
CD4,Acetyl-L-Carnitine|Choline|Creatine|Dopamine|Histamine|Norepinephrine,Plasma,0.0,0.0,1230
CD4,Adenosine diphosphate ribose,Plasma,0.0,0.0,1230
CD4,Adenosine triphosphate,Plasma,0.0,0.0,1230
CD4,Amiloride-sensitive sodium transport,Plasma,0.0,0.0,1230
CD4,Anion exchange,Plasma,0.0,0.0,1230
CD4,Butyrate|D-Lactate|Ketone bodies|L-Lactate|Pyruvate|alpha-Ketoisovaleric acid,Plasma,0.0,0.0,1230
CD4,Cadmium|Manganese|Zinc,Plasma,0.0,0.0,1230
CD4,Chloride,Plasma,0.0,0.0,1230
CD4,Chloride ion,Plasma,0.0,0.0,1230
CD4,Cholesterol,Plasma,0.0,0.0,1230
CD4,Cholic acid,Plasma,0.0,0.0,1230
CD4,Citric acid|Oxalic acid,Plasma,0.0,0.0,1230
CD4,Cortisol|Hydroxylansoprazole|N-Desmethyltamoxifen,Plasma,0.0,0.0,1230
CD4,Estradiol,Plasma,0.0,0.0,1230
CD4,Fatty acid,Plasma,0.0,0.0,1230
CD4,Folic acid,Plasma,0.0,0.0,1230
CD4,Iron,Plasma,0.0,0.0,1230
CD4,L-Carnitine,Plasma,0.0,0.0,1230
CD4,L-Glutamate,Plasma,0.0,0.0,1230
CD4,N-desmethylimatinib,Plasma,0.0,0.0,1230
CD4,Nicotinate,Plasma,0.0,0.0,1230
CD4,O-Desmethylverapamil (D-702),Plasma,0.0,0.0,1230
CD4,Progesterone,Plasma,0.0,0.0,1230
CD4,Sodium,Plasma,0.0,0.0,1230
CD4,Sodium_hydrogen exchange,Plasma,0.0,0.0,1230
CD4,Taurocholic acid,Plasma,0.0,0.0,1230
CD4,Testosterone,Plasma,0.0,0.0,1230
CD4,Vitamin D3,Plasma,0.0,0.0,1230
CD4,Water,Plasma,0.0,0.0,1230
CD4,"(3a,5b,7a)-23-Carboxy-7-hydroxy-24-norcholan-3-yl-b-D-Glucopyranosiduronic acid|1b,3a,12a-Trihydroxy-5b-cholanoic acid|3-Sulfodeoxycholic acid|3alpha,7alpha-Dihydroxycoprostanic acid|3b-Hydroxy-5-cholenoic acid|Chenodeoxycholic acid|Chenodeoxycholic acid 3-sulfate|Coprocholic acid|Deoxycholic acid|Folinic acid|Glutathione|Glycochenodeoxycholate-3-sulfate|Hyodeoxycholic acid|Isoursodeoxycholic acid|Lithocholic acid|Sulfolithocholic acid|Trihydroxycoprostanoic acid|Ursocholic acid|Ursodeoxycholic acid|Ursodeoxycholic acid 3-sulfate|Varanic acid",T,0.0,0.0,632
CD4,"17a-Ethynylestradiol|3',4'-Dihydrodiol|4'-Hydroxydiclofenac|4-Hydroxycyclophosphamide|8-Hydroxycarvedilol|E-3179|Estriol|Glycerol|N-Desmethylcitalopram|N-Desmethyleletriptan|O-Deethylated candesartan",T,-3.207025e-09,3.5686043e-10,632
CD4,2-Hydroxychlorpropamide,T,-1.2041433e-07,3.7572323e-09,632
CD4,25-Hydroxycholesterol,T,0.0,0.0,632
CD4,4-ene-Valproic acid,T,4.0831316e-07,3.6247887e-09,632
CD4,5-Hydroxyomeprazole,T,-9.4958347e-07,4.2433882e-08,632
CD4,Acetate,T,8.418284e-09,3.1273037e-10,632
CD4,Acetyl-L-Carnitine|Choline|Creatine|Dopamine|Histamine|Norepinephrine,T,-4.779896e-08,3.8725574e-09,632
CD4,Adenosine diphosphate ribose,T,0.0,0.0,632
CD4,Adenosine triphosphate,T,3.6080078e-07,2.8417057e-08,632
CD4,Amiloride-sensitive sodium transport,T,-4.8099142e-09,1.275071e-10,632
CD4,Anion exchange,T,-7.011087e-06,2.0643056e-06,632
CD4,Butyrate|D-Lactate|Ketone bodies|L-Lactate|Pyruvate|alpha-Ketoisovaleric acid,T,0.0,0.0,632
CD4,Cadmium|Manganese|Zinc,T,0.0,0.0,632
CD4,Chloride,T,0.0,0.0,632
CD4,Chloride ion,T,-1.5210205e-07,1.6444007e-08,632
CD4,Cholesterol,T,-4.3452857e-07,1.2063963e-08,632
CD4,Cholic acid,T,-1.2222138e-07,2.390502e-09,632
CD4,Citric acid|Oxalic acid,T,0.0,0.0,632
CD4,Cortisol|Hydroxylansoprazole|N-Desmethyltamoxifen,T,-5.6534157e-07,4.1117868e-08,632
CD4,Estradiol,T,-1.5087767e-07,2.1482691e-08,632
CD4,Fatty acid,T,2.0451351e-07,5.670701e-09,632
CD4,Folic acid,T,0.0,0.0,632
CD4,Iron,T,8.239214e-07,7.696929e-09,632
CD4,L-Carnitine,T,-7.617891e-08,3.5915233e-09,632
CD4,L-Glutamate,T,0.0,0.0,632
CD4,N-desmethylimatinib,T,-5.3123523e-07,2.25784e-08,632
CD4,Nicotinate,T,3.2404063e-07,4.3755207e-08,632
CD4,O-Desmethylverapamil (D-702),T,-2.451632e-06,1.202444e-07,632
CD4,Progesterone,T,-2.1500211e-08,1.2851994e-09,632
CD4,Sodium,T,-7.9076295e-07,9.952547e-08,632
CD4,Sodium_hydrogen exchange,T,-5.8403334e-06,7.5317104e-08,632
CD4,Taurocholic acid,T,-3.0766034e-07,4.577338e-09,632
CD4,Testosterone,T,-4.2948335e-07,2.1693213e-08,632
CD4,Vitamin D3,T,0.0,0.0,632
CD4,Water,T,-4.9904133e-06,8.6785136e-08,632
CTLA4,"(3a,5b,7a)-23-Carboxy-7-hydroxy-24-norcholan-3-yl-b-D-Glucopyranosiduronic acid|1b,3a,12a-Trihydroxy-5b-cholanoic acid|3-Sulfodeoxycholic acid|3alpha,7alpha-Dihydroxycoprostanic acid|3b-Hydroxy-5-cholenoic acid|Chenodeoxycholic acid|Chenodeoxycholic acid 3-sulfate|Coprocholic acid|Deoxycholic acid|Folinic acid|Glutathione|Glycochenodeoxycholate-3-sulfate|Hyodeoxycholic acid|Isoursodeoxycholic acid|Lithocholic acid|Sulfolithocholic acid|Trihydroxycoprostanoic acid|Ursocholic acid|Ursodeoxycholic acid|Ursodeoxycholic acid 3-sulfate|Varanic acid",B,0.0,0.0,20
CTLA4,"17a-Ethynylestradiol|3',4'-Dihydrodiol|4'-Hydroxydiclofenac|4-Hydroxycyclophosphamide|8-Hydroxycarvedilol|E-3179|Estriol|Glycerol|N-Desmethylcitalopram|N-Desmethyleletriptan|O-Deethylated candesartan",B,0.0,0.0,20
CTLA4,2-Hydroxychlorpropamide,B,0.0,0.0,20
CTLA4,4-ene-Valproic acid,B,0.0,0.0,20
CTLA4,5-Hydroxyomeprazole,B,0.0,0.0,20
CTLA4,Acetate,B,0.0,0.0,20
CTLA4,Acetyl-L-Carnitine|Choline|Creatine|Dopamine|Histamine|Norepinephrine,B,0.0,0.0,20
CTLA4,Adenosine triphosphate,B,0.0,0.0,20
CTLA4,Amiloride-sensitive sodium transport,B,0.0,0.0,20
CTLA4,Anion exchange,B,0.0,0.0,20
CTLA4,Butyrate|D-Lactate|Ketone bodies|L-Lactate|Pyruvate|alpha-Ketoisovaleric acid,B,0.0,0.0,20
CTLA4,Chloride ion,B,0.0,0.0,20
CTLA4,Cholesterol,B,0.0,0.0,20
CTLA4,Cholic acid,B,0.0,0.0,20
CTLA4,Citric acid|Oxalic acid,B,0.0,0.0,20
CTLA4,Cortisol|Hydroxylansoprazole|N-Desmethyltamoxifen,B,0.0,0.0,20
CTLA4,Estradiol,B,0.0,0.0,20
CTLA4,Fatty acid,B,0.0,0.0,20
CTLA4,Folic acid,B,0.0,0.0,20
CTLA4,Iron,B,0.0,0.0,20
CTLA4,L-Arginine|L-Cystine|L-Lysine|L-Ornithine,B,0.0,0.0,20
CTLA4,L-Carnitine,B,0.0,0.0,20
CTLA4,L-Glutamate,B,0.0,0.0,20
CTLA4,N-desmethylimatinib,B,0.0,0.0,20
CTLA4,Nicotinate,B,0.0,0.0,20
CTLA4,O-Desmethylverapamil (D-702),B,0.0,0.0,20
CTLA4,Progesterone,B,0.0,0.0,20
CTLA4,Sodium,B,0.0,0.0,20
CTLA4,Sodium_hydrogen exchange,B,0.0,0.0,20
CTLA4,Taurocholic acid,B,0.0,0.0,20
CTLA4,Testosterone,B,0.0,0.0,20
CTLA4,Water,B,0.0,0.0,20
CTLA4,"(3a,5b,7a)-23-Carboxy-7-hydroxy-24-norcholan-3-yl-b-D-Glucopyranosiduronic acid|1b,3a,12a-Trihydroxy-5b-cholanoic acid|3-Sulfodeoxycholic acid|3alpha,7alpha-Dihydroxycoprostanic acid|3b-Hydroxy-5-cholenoic acid|Chenodeoxycholic acid|Chenodeoxycholic acid 3-sulfate|Coprocholic acid|Deoxycholic acid|Folinic acid|Glutathione|Glycochenodeoxycholate-3-sulfate|Hyodeoxycholic acid|Isoursodeoxycholic acid|Lithocholic acid|Sulfolithocholic acid|Trihydroxycoprostanoic acid|Ursocholic acid|Ursodeoxycholic acid|Ursodeoxycholic acid 3-sulfate|Varanic acid",Endothelial,0.0,0.0,391
CTLA4,"17a-Ethynylestradiol|3',4'-Dihydrodiol|4'-Hydroxydiclofenac|4-Hydroxycyclophosphamide|8-Hydroxycarvedilol|E-3179|Estriol|Glycerol|N-Desmethylcitalopram|N-Desmethyleletriptan|O-Deethylated candesartan",Endothelial,0.0,0.0,391
CTLA4,2-Hydroxychlorpropamide,Endothelial,0.0,0.0,391
CTLA4,4-ene-Valproic acid,Endothelial,0.0,0.0,391
CTLA4,5-Hydroxyomeprazole,Endothelial,0.0,0.0,391
CTLA4,Acetate,Endothelial,0.0,0.0,391
CTLA4,Acetyl-L-Carnitine|Choline|Creatine|Dopamine|Histamine|Norepinephrine,Endothelial,0.0,0.0,391
CTLA4,Adenosine triphosphate,Endothelial,0.0,0.0,391
CTLA4,Amiloride-sensitive sodium transport,Endothelial,0.0,0.0,391
CTLA4,Anion exchange,Endothelial,0.0,0.0,391
CTLA4,Butyrate|D-Lactate|Ketone bodies|L-Lactate|Pyruvate|alpha-Ketoisovaleric acid,Endothelial,0.0,0.0,391
CTLA4,Chloride ion,Endothelial,0.0,0.0,391
CTLA4,Cholesterol,Endothelial,0.0,0.0,391
CTLA4,Cholic acid,Endothelial,0.0,0.0,391
CTLA4,Citric acid|Oxalic acid,Endothelial,0.0,0.0,391
CTLA4,Cortisol|Hydroxylansoprazole|N-Desmethyltamoxifen,Endothelial,0.0,0.0,391
CTLA4,Estradiol,Endothelial,0.0,0.0,391
CTLA4,Fatty acid,Endothelial,0.0,0.0,391
CTLA4,Folic acid,Endothelial,0.0,0.0,391
CTLA4,Iron,Endothelial,0.0,0.0,391
CTLA4,L-Arginine|L-Cystine|L-Lysine|L-Ornithine,Endothelial,0.0,0.0,391
CTLA4,L-Carnitine,Endothelial,0.0,0.0,391
CTLA4,L-Glutamate,Endothelial,0.0,0.0,391
CTLA4,N-desmethylimatinib,Endothelial,0.0,0.0,391
CTLA4,Nicotinate,Endothelial,0.0,0.0,391
CTLA4,O-Desmethylverapamil (D-702),Endothelial,0.0,0.0,391
CTLA4,Progesterone,Endothelial,0.0,0.0,391
CTLA4,Sodium,Endothelial,0.0,0.0,391
CTLA4,Sodium_hydrogen exchange,Endothelial,0.0,0.0,391
CTLA4,Taurocholic acid,Endothelial,0.0,0.0,391
CTLA4,Testosterone,Endothelial,0.0,0.0,391
CTLA4,Water,Endothelial,0.0,0.0,391
CTLA4,"(3a,5b,7a)-23-Carboxy-7-hydroxy-24-norcholan-3-yl-b-D-Glucopyranosiduronic acid|1b,3a,12a-Trihydroxy-5b-cholanoic acid|3-Sulfodeoxycholic acid|3alpha,7alpha-Dihydroxycoprostanic acid|3b-Hydroxy-5-cholenoic acid|Chenodeoxycholic acid|Chenodeoxycholic acid 3-sulfate|Coprocholic acid|Deoxycholic acid|Folinic acid|Glutathione|Glycochenodeoxycholate-3-sulfate|Hyodeoxycholic acid|Isoursodeoxycholic acid|Lithocholic acid|Sulfolithocholic acid|Trihydroxycoprostanoic acid|Ursocholic acid|Ursodeoxycholic acid|Ursodeoxycholic acid 3-sulfate|Varanic acid",Enteric_glia,0.0,0.0,92
CTLA4,"17a-Ethynylestradiol|3',4'-Dihydrodiol|4'-Hydroxydiclofenac|4-Hydroxycyclophosphamide|8-Hydroxycarvedilol|E-3179|Estriol|Glycerol|N-Desmethylcitalopram|N-Desmethyleletriptan|O-Deethylated candesartan",Enteric_glia,0.0,0.0,92
CTLA4,2-Hydroxychlorpropamide,Enteric_glia,0.0,0.0,92
CTLA4,4-ene-Valproic acid,Enteric_glia,0.0,0.0,92
CTLA4,5-Hydroxyomeprazole,Enteric_glia,0.0,0.0,92
CTLA4,Acetate,Enteric_glia,0.0,0.0,92
CTLA4,Acetyl-L-Carnitine|Choline|Creatine|Dopamine|Histamine|Norepinephrine,Enteric_glia,0.0,0.0,92
CTLA4,Adenosine triphosphate,Enteric_glia,0.0,0.0,92
CTLA4,Amiloride-sensitive sodium transport,Enteric_glia,0.0,0.0,92
CTLA4,Anion exchange,Enteric_glia,0.0,0.0,92
CTLA4,Butyrate|D-Lactate|Ketone bodies|L-Lactate|Pyruvate|alpha-Ketoisovaleric acid,Enteric_glia,0.0,0.0,92
CTLA4,Chloride ion,Enteric_glia,0.0,0.0,92
CTLA4,Cholesterol,Enteric_glia,0.0,0.0,92
CTLA4,Cholic acid,Enteric_glia,0.0,0.0,92
CTLA4,Citric acid|Oxalic acid,Enteric_glia,0.0,0.0,92
CTLA4,Cortisol|Hydroxylansoprazole|N-Desmethyltamoxifen,Enteric_glia,0.0,0.0,92
CTLA4,Estradiol,Enteric_glia,0.0,0.0,92
CTLA4,Fatty acid,Enteric_glia,0.0,0.0,92
CTLA4,Folic acid,Enteric_glia,0.0,0.0,92
CTLA4,Iron,Enteric_glia,0.0,0.0,92
CTLA4,L-Arginine|L-Cystine|L-Lysine|L-Ornithine,Enteric_glia,0.0,0.0,92
CTLA4,L-Carnitine,Enteric_glia,0.0,0.0,92
CTLA4,L-Glutamate,Enteric_glia,0.0,0.0,92
CTLA4,N-desmethylimatinib,Enteric_glia,0.0,0.0,92
CTLA4,Nicotinate,Enteric_glia,0.0,0.0,92
CTLA4,O-Desmethylverapamil (D-702),Enteric_glia,0.0,0.0,92
CTLA4,Progesterone,Enteric_glia,0.0,0.0,92
CTLA4,Sodium,Enteric_glia,0.0,0.0,92
CTLA4,Sodium_hydrogen exchange,Enteric_glia,0.0,0.0,92
CTLA4,Taurocholic acid,Enteric_glia,0.0,0.0,92
CTLA4,Testosterone,Enteric_glia,0.0,0.0,92
CTLA4,Water,Enteric_glia,0.0,0.0,92
CTLA4,"(3a,5b,7a)-23-Carboxy-7-hydroxy-24-norcholan-3-yl-b-D-Glucopyranosiduronic acid|1b,3a,12a-Trihydroxy-5b-cholanoic acid|3-Sulfodeoxycholic acid|3alpha,7alpha-Dihydroxycoprostanic acid|3b-Hydroxy-5-cholenoic acid|Chenodeoxycholic acid|Chenodeoxycholic acid 3-sulfate|Coprocholic acid|Deoxycholic acid|Folinic acid|Glutathione|Glycochenodeoxycholate-3-sulfate|Hyodeoxycholic acid|Isoursodeoxycholic acid|Lithocholic acid|Sulfolithocholic acid|Trihydroxycoprostanoic acid|Ursocholic acid|Ursodeoxycholic acid|Ursodeoxycholic acid 3-sulfate|Varanic acid",Fibroblast,0.0,0.0,944
CTLA4,"17a-Ethynylestradiol|3',4'-Dihydrodiol|4'-Hydroxydiclofenac|4-Hydroxycyclophosphamide|8-Hydroxycarvedilol|E-3179|Estriol|Glycerol|N-Desmethylcitalopram|N-Desmethyleletriptan|O-Deethylated candesartan",Fibroblast,0.0,0.0,944
CTLA4,2-Hydroxychlorpropamide,Fibroblast,0.0,0.0,944
CTLA4,4-ene-Valproic acid,Fibroblast,0.0,0.0,944
CTLA4,5-Hydroxyomeprazole,Fibroblast,0.0,0.0,944
CTLA4,Acetate,Fibroblast,0.0,0.0,944
CTLA4,Acetyl-L-Carnitine|Choline|Creatine|Dopamine|Histamine|Norepinephrine,Fibroblast,0.0,0.0,944
CTLA4,Adenosine triphosphate,Fibroblast,0.0,0.0,944
CTLA4,Amiloride-sensitive sodium transport,Fibroblast,0.0,0.0,944
CTLA4,Anion exchange,Fibroblast,0.0,0.0,944
CTLA4,Butyrate|D-Lactate|Ketone bodies|L-Lactate|Pyruvate|alpha-Ketoisovaleric acid,Fibroblast,0.0,0.0,944
CTLA4,Chloride ion,Fibroblast,0.0,0.0,944
CTLA4,Cholesterol,Fibroblast,0.0,0.0,944
CTLA4,Cholic acid,Fibroblast,0.0,0.0,944
CTLA4,Citric acid|Oxalic acid,Fibroblast,0.0,0.0,944
CTLA4,Cortisol|Hydroxylansoprazole|N-Desmethyltamoxifen,Fibroblast,0.0,0.0,944
CTLA4,Estradiol,Fibroblast,0.0,0.0,944
CTLA4,Fatty acid,Fibroblast,0.0,0.0,944
CTLA4,Folic acid,Fibroblast,0.0,0.0,944
CTLA4,Iron,Fibroblast,0.0,0.0,944
CTLA4,L-Arginine|L-Cystine|L-Lysine|L-Ornithine,Fibroblast,0.0,0.0,944
CTLA4,L-Carnitine,Fibroblast,0.0,0.0,944
CTLA4,L-Glutamate,Fibroblast,0.0,0.0,944
CTLA4,N-desmethylimatinib,Fibroblast,0.0,0.0,944
CTLA4,Nicotinate,Fibroblast,0.0,0.0,944
CTLA4,O-Desmethylverapamil (D-702),Fibroblast,0.0,0.0,944
CTLA4,Progesterone,Fibroblast,0.0,0.0,944
CTLA4,Sodium,Fibroblast,0.0,0.0,944
CTLA4,Sodium_hydrogen exchange,Fibroblast,0.0,0.0,944
CTLA4,Taurocholic acid,Fibroblast,0.0,0.0,944
CTLA4,Testosterone,Fibroblast,0.0,0.0,944
CTLA4,Water,Fibroblast,0.0,0.0,944
CTLA4,"(3a,5b,7a)-23-Carboxy-7-hydroxy-24-norcholan-3-yl-b-D-Glucopyranosiduronic acid|1b,3a,12a-Trihydroxy-5b-cholanoic acid|3-Sulfodeoxycholic acid|3alpha,7alpha-Dihydroxycoprostanic acid|3b-Hydroxy-5-cholenoic acid|Chenodeoxycholic acid|Chenodeoxycholic acid 3-sulfate|Coprocholic acid|Deoxycholic acid|Folinic acid|Glutathione|Glycochenodeoxycholate-3-sulfate|Hyodeoxycholic acid|Isoursodeoxycholic acid|Lithocholic acid|Sulfolithocholic acid|Trihydroxycoprostanoic acid|Ursocholic acid|Ursodeoxycholic acid|Ursodeoxycholic acid 3-sulfate|Varanic acid",IEC,-1.0725904e-05,4.6677536e-07,7778
CTLA4,"17a-Ethynylestradiol|3',4'-Dihydrodiol|4'-Hydroxydiclofenac|4-Hydroxycyclophosphamide|8-Hydroxycarvedilol|E-3179|Estriol|Glycerol|N-Desmethylcitalopram|N-Desmethyleletriptan|O-Deethylated candesartan",IEC,0.00024689737,3.47641e-05,7778
CTLA4,2-Hydroxychlorpropamide,IEC,0.00033650664,0.00010813374,7778
CTLA4,4-ene-Valproic acid,IEC,0.0,0.0,7778
CTLA4,5-Hydroxyomeprazole,IEC,0.0013952462,5.6982826e-05,7778
CTLA4,Acetate,IEC,-0.00013576607,2.577453e-05,7778
CTLA4,Acetyl-L-Carnitine|Choline|Creatine|Dopamine|Histamine|Norepinephrine,IEC,5.914821e-05,1.9292287e-05,7778
CTLA4,Adenosine triphosphate,IEC,8.2058597e-07,2.1704332e-07,7778
CTLA4,Amiloride-sensitive sodium transport,IEC,0.00040773413,7.1702634e-05,7778
CTLA4,Anion exchange,IEC,0.0037014598,9.6908814e-05,7778
CTLA4,Butyrate|D-Lactate|Ketone bodies|L-Lactate|Pyruvate|alpha-Ketoisovaleric acid,IEC,-5.3634375e-07,1.5965378e-07,7778
CTLA4,Chloride ion,IEC,0.00014669372,3.8836235e-05,7778
CTLA4,Cholesterol,IEC,0.0010257623,0.0002269341,7778
CTLA4,Cholic acid,IEC,0.0002456879,1.1888572e-05,7778
CTLA4,Citric acid|Oxalic acid,IEC,-1.273848e-05,3.1974298e-06,7778
CTLA4,Cortisol|Hydroxylansoprazole|N-Desmethyltamoxifen,IEC,0.0012001538,0.0002022011,7778
CTLA4,Estradiol,IEC,0.0011767064,4.0264324e-05,7778
CTLA4,Fatty acid,IEC,0.0,0.0,7778
CTLA4,Folic acid,IEC,0.00022138364,7.9894135e-06,7778
CTLA4,Iron,IEC,5.6930006e-05,3.6889712e-06,7778
CTLA4,L-Arginine|L-Cystine|L-Lysine|L-Ornithine,IEC,7.801182e-07,1.3658385e-07,7778
CTLA4,L-Carnitine,IEC,0.00017176454,1.3015794e-05,7778
CTLA4,L-Glutamate,IEC,-1.9460501e-06,2.486069e-07,7778
CTLA4,N-desmethylimatinib,IEC,0.0012826098,6.7526205e-05,7778
CTLA4,Nicotinate,IEC,-8.3848594e-05,2.2887492e-05,7778
CTLA4,O-Desmethylverapamil (D-702),IEC,0.0034845883,0.00011837957,7778
CTLA4,Progesterone,IEC,0.00025834818,2.2429027e-05,7778
CTLA4,Sodium,IEC,0.00039103237,8.6604945e-05,7778
CTLA4,Sodium_hydrogen exchange,IEC,0.0066824066,6.2327425e-05,7778
CTLA4,Taurocholic acid,IEC,0.0011482084,0.00014472521,7778
CTLA4,Testosterone,IEC,0.0017032011,6.649943e-05,7778
CTLA4,Water,IEC,0.01657377,7.0857044e-05,7778
CTLA4,"(3a,5b,7a)-23-Carboxy-7-hydroxy-24-norcholan-3-yl-b-D-Glucopyranosiduronic acid|1b,3a,12a-Trihydroxy-5b-cholanoic acid|3-Sulfodeoxycholic acid|3alpha,7alpha-Dihydroxycoprostanic acid|3b-Hydroxy-5-cholenoic acid|Chenodeoxycholic acid|Chenodeoxycholic acid 3-sulfate|Coprocholic acid|Deoxycholic acid|Folinic acid|Glutathione|Glycochenodeoxycholate-3-sulfate|Hyodeoxycholic acid|Isoursodeoxycholic acid|Lithocholic acid|Sulfolithocholic acid|Trihydroxycoprostanoic acid|Ursocholic acid|Ursodeoxycholic acid|Ursodeoxycholic acid 3-sulfate|Varanic acid",MAST,0.0,0.0,171
CTLA4,"17a-Ethynylestradiol|3',4'-Dihydrodiol|4'-Hydroxydiclofenac|4-Hydroxycyclophosphamide|8-Hydroxycarvedilol|E-3179|Estriol|Glycerol|N-Desmethylcitalopram|N-Desmethyleletriptan|O-Deethylated candesartan",MAST,0.0,0.0,171
CTLA4,2-Hydroxychlorpropamide,MAST,0.0,0.0,171
CTLA4,4-ene-Valproic acid,MAST,0.0,0.0,171
CTLA4,5-Hydroxyomeprazole,MAST,0.0,0.0,171
CTLA4,Acetate,MAST,0.0,0.0,171
CTLA4,Acetyl-L-Carnitine|Choline|Creatine|Dopamine|Histamine|Norepinephrine,MAST,0.0,0.0,171
CTLA4,Adenosine triphosphate,MAST,0.0,0.0,171
CTLA4,Amiloride-sensitive sodium transport,MAST,0.0,0.0,171
CTLA4,Anion exchange,MAST,0.0,0.0,171
CTLA4,Butyrate|D-Lactate|Ketone bodies|L-Lactate|Pyruvate|alpha-Ketoisovaleric acid,MAST,0.0,0.0,171
CTLA4,Chloride ion,MAST,0.0,0.0,171
CTLA4,Cholesterol,MAST,0.0,0.0,171
CTLA4,Cholic acid,MAST,0.0,0.0,171
CTLA4,Citric acid|Oxalic acid,MAST,0.0,0.0,171
CTLA4,Cortisol|Hydroxylansoprazole|N-Desmethyltamoxifen,MAST,0.0,0.0,171
CTLA4,Estradiol,MAST,0.0,0.0,171
CTLA4,Fatty acid,MAST,0.0,0.0,171
CTLA4,Folic acid,MAST,0.0,0.0,171
CTLA4,Iron,MAST,0.0,0.0,171
CTLA4,L-Arginine|L-Cystine|L-Lysine|L-Ornithine,MAST,0.0,0.0,171
CTLA4,L-Carnitine,MAST,0.0,0.0,171
CTLA4,L-Glutamate,MAST,0.0,0.0,171
CTLA4,N-desmethylimatinib,MAST,0.0,0.0,171
CTLA4,Nicotinate,MAST,0.0,0.0,171
CTLA4,O-Desmethylverapamil (D-702),MAST,0.0,0.0,171
CTLA4,Progesterone,MAST,0.0,0.0,171
CTLA4,Sodium,MAST,0.0,0.0,171
CTLA4,Sodium_hydrogen exchange,MAST,0.0,0.0,171
CTLA4,Taurocholic acid,MAST,0.0,0.0,171
CTLA4,Testosterone,MAST,0.0,0.0,171
CTLA4,Water,MAST,0.0,0.0,171
CTLA4,"(3a,5b,7a)-23-Carboxy-7-hydroxy-24-norcholan-3-yl-b-D-Glucopyranosiduronic acid|1b,3a,12a-Trihydroxy-5b-cholanoic acid|3-Sulfodeoxycholic acid|3alpha,7alpha-Dihydroxycoprostanic acid|3b-Hydroxy-5-cholenoic acid|Chenodeoxycholic acid|Chenodeoxycholic acid 3-sulfate|Coprocholic acid|Deoxycholic acid|Folinic acid|Glutathione|Glycochenodeoxycholate-3-sulfate|Hyodeoxycholic acid|Isoursodeoxycholic acid|Lithocholic acid|Sulfolithocholic acid|Trihydroxycoprostanoic acid|Ursocholic acid|Ursodeoxycholic acid|Ursodeoxycholic acid 3-sulfate|Varanic acid",MNP,0.0,0.0,464
CTLA4,"17a-Ethynylestradiol|3',4'-Dihydrodiol|4'-Hydroxydiclofenac|4-Hydroxycyclophosphamide|8-Hydroxycarvedilol|E-3179|Estriol|Glycerol|N-Desmethylcitalopram|N-Desmethyleletriptan|O-Deethylated candesartan",MNP,0.0,0.0,464
CTLA4,2-Hydroxychlorpropamide,MNP,0.0,0.0,464
CTLA4,4-ene-Valproic acid,MNP,0.0,0.0,464
CTLA4,5-Hydroxyomeprazole,MNP,0.0,0.0,464
CTLA4,Acetate,MNP,0.0,0.0,464
CTLA4,Acetyl-L-Carnitine|Choline|Creatine|Dopamine|Histamine|Norepinephrine,MNP,0.0,0.0,464
CTLA4,Adenosine triphosphate,MNP,0.0,0.0,464
CTLA4,Amiloride-sensitive sodium transport,MNP,0.0,0.0,464
CTLA4,Anion exchange,MNP,0.0,0.0,464
CTLA4,Butyrate|D-Lactate|Ketone bodies|L-Lactate|Pyruvate|alpha-Ketoisovaleric acid,MNP,0.0,0.0,464
CTLA4,Chloride ion,MNP,0.0,0.0,464
CTLA4,Cholesterol,MNP,0.0,0.0,464
CTLA4,Cholic acid,MNP,0.0,0.0,464
CTLA4,Citric acid|Oxalic acid,MNP,0.0,0.0,464
CTLA4,Cortisol|Hydroxylansoprazole|N-Desmethyltamoxifen,MNP,0.0,0.0,464
CTLA4,Estradiol,MNP,0.0,0.0,464
CTLA4,Fatty acid,MNP,0.0,0.0,464
CTLA4,Folic acid,MNP,0.0,0.0,464
CTLA4,Iron,MNP,0.0,0.0,464
CTLA4,L-Arginine|L-Cystine|L-Lysine|L-Ornithine,MNP,0.0,0.0,464
CTLA4,L-Carnitine,MNP,0.0,0.0,464
CTLA4,L-Glutamate,MNP,0.0,0.0,464
CTLA4,N-desmethylimatinib,MNP,0.0,0.0,464
CTLA4,Nicotinate,MNP,0.0,0.0,464
CTLA4,O-Desmethylverapamil (D-702),MNP,0.0,0.0,464
CTLA4,Progesterone,MNP,0.0,0.0,464
CTLA4,Sodium,MNP,0.0,0.0,464
CTLA4,Sodium_hydrogen exchange,MNP,0.0,0.0,464
CTLA4,Taurocholic acid,MNP,0.0,0.0,464
CTLA4,Testosterone,MNP,0.0,0.0,464
CTLA4,Water,MNP,0.0,0.0,464
CTLA4,"(3a,5b,7a)-23-Carboxy-7-hydroxy-24-norcholan-3-yl-b-D-Glucopyranosiduronic acid|1b,3a,12a-Trihydroxy-5b-cholanoic acid|3-Sulfodeoxycholic acid|3alpha,7alpha-Dihydroxycoprostanic acid|3b-Hydroxy-5-cholenoic acid|Chenodeoxycholic acid|Chenodeoxycholic acid 3-sulfate|Coprocholic acid|Deoxycholic acid|Folinic acid|Glutathione|Glycochenodeoxycholate-3-sulfate|Hyodeoxycholic acid|Isoursodeoxycholic acid|Lithocholic acid|Sulfolithocholic acid|Trihydroxycoprostanoic acid|Ursocholic acid|Ursodeoxycholic acid|Ursodeoxycholic acid 3-sulfate|Varanic acid",Muscularis_mucosa,0.0,0.0,92
CTLA4,"17a-Ethynylestradiol|3',4'-Dihydrodiol|4'-Hydroxydiclofenac|4-Hydroxycyclophosphamide|8-Hydroxycarvedilol|E-3179|Estriol|Glycerol|N-Desmethylcitalopram|N-Desmethyleletriptan|O-Deethylated candesartan",Muscularis_mucosa,0.0,0.0,92
CTLA4,2-Hydroxychlorpropamide,Muscularis_mucosa,0.0,0.0,92
CTLA4,4-ene-Valproic acid,Muscularis_mucosa,0.0,0.0,92
CTLA4,5-Hydroxyomeprazole,Muscularis_mucosa,0.0,0.0,92
CTLA4,Acetate,Muscularis_mucosa,0.0,0.0,92
CTLA4,Acetyl-L-Carnitine|Choline|Creatine|Dopamine|Histamine|Norepinephrine,Muscularis_mucosa,0.0,0.0,92
CTLA4,Adenosine triphosphate,Muscularis_mucosa,0.0,0.0,92
CTLA4,Amiloride-sensitive sodium transport,Muscularis_mucosa,0.0,0.0,92
CTLA4,Anion exchange,Muscularis_mucosa,0.0,0.0,92
CTLA4,Butyrate|D-Lactate|Ketone bodies|L-Lactate|Pyruvate|alpha-Ketoisovaleric acid,Muscularis_mucosa,0.0,0.0,92
CTLA4,Chloride ion,Muscularis_mucosa,0.0,0.0,92
CTLA4,Cholesterol,Muscularis_mucosa,0.0,0.0,92
CTLA4,Cholic acid,Muscularis_mucosa,0.0,0.0,92
CTLA4,Citric acid|Oxalic acid,Muscularis_mucosa,0.0,0.0,92
CTLA4,Cortisol|Hydroxylansoprazole|N-Desmethyltamoxifen,Muscularis_mucosa,0.0,0.0,92
CTLA4,Estradiol,Muscularis_mucosa,0.0,0.0,92
CTLA4,Fatty acid,Muscularis_mucosa,0.0,0.0,92
CTLA4,Folic acid,Muscularis_mucosa,0.0,0.0,92
CTLA4,Iron,Muscularis_mucosa,0.0,0.0,92
CTLA4,L-Arginine|L-Cystine|L-Lysine|L-Ornithine,Muscularis_mucosa,0.0,0.0,92
CTLA4,L-Carnitine,Muscularis_mucosa,0.0,0.0,92
CTLA4,L-Glutamate,Muscularis_mucosa,0.0,0.0,92
CTLA4,N-desmethylimatinib,Muscularis_mucosa,0.0,0.0,92
CTLA4,Nicotinate,Muscularis_mucosa,0.0,0.0,92
CTLA4,O-Desmethylverapamil (D-702),Muscularis_mucosa,0.0,0.0,92
CTLA4,Progesterone,Muscularis_mucosa,0.0,0.0,92
CTLA4,Sodium,Muscularis_mucosa,0.0,0.0,92
CTLA4,Sodium_hydrogen exchange,Muscularis_mucosa,0.0,0.0,92
CTLA4,Taurocholic acid,Muscularis_mucosa,0.0,0.0,92
CTLA4,Testosterone,Muscularis_mucosa,0.0,0.0,92
CTLA4,Water,Muscularis_mucosa,0.0,0.0,92
CTLA4,"(3a,5b,7a)-23-Carboxy-7-hydroxy-24-norcholan-3-yl-b-D-Glucopyranosiduronic acid|1b,3a,12a-Trihydroxy-5b-cholanoic acid|3-Sulfodeoxycholic acid|3alpha,7alpha-Dihydroxycoprostanic acid|3b-Hydroxy-5-cholenoic acid|Chenodeoxycholic acid|Chenodeoxycholic acid 3-sulfate|Coprocholic acid|Deoxycholic acid|Folinic acid|Glutathione|Glycochenodeoxycholate-3-sulfate|Hyodeoxycholic acid|Isoursodeoxycholic acid|Lithocholic acid|Sulfolithocholic acid|Trihydroxycoprostanoic acid|Ursocholic acid|Ursodeoxycholic acid|Ursodeoxycholic acid 3-sulfate|Varanic acid",Myofibroblast,0.0,0.0,219
CTLA4,"17a-Ethynylestradiol|3',4'-Dihydrodiol|4'-Hydroxydiclofenac|4-Hydroxycyclophosphamide|8-Hydroxycarvedilol|E-3179|Estriol|Glycerol|N-Desmethylcitalopram|N-Desmethyleletriptan|O-Deethylated candesartan",Myofibroblast,0.0,0.0,219
CTLA4,2-Hydroxychlorpropamide,Myofibroblast,0.0,0.0,219
CTLA4,4-ene-Valproic acid,Myofibroblast,0.0,0.0,219
CTLA4,5-Hydroxyomeprazole,Myofibroblast,0.0,0.0,219
CTLA4,Acetate,Myofibroblast,0.0,0.0,219
CTLA4,Acetyl-L-Carnitine|Choline|Creatine|Dopamine|Histamine|Norepinephrine,Myofibroblast,0.0,0.0,219
CTLA4,Adenosine triphosphate,Myofibroblast,0.0,0.0,219
CTLA4,Amiloride-sensitive sodium transport,Myofibroblast,0.0,0.0,219
CTLA4,Anion exchange,Myofibroblast,0.0,0.0,219
CTLA4,Butyrate|D-Lactate|Ketone bodies|L-Lactate|Pyruvate|alpha-Ketoisovaleric acid,Myofibroblast,0.0,0.0,219
CTLA4,Chloride ion,Myofibroblast,0.0,0.0,219
CTLA4,Cholesterol,Myofibroblast,0.0,0.0,219
CTLA4,Cholic acid,Myofibroblast,0.0,0.0,219
CTLA4,Citric acid|Oxalic acid,Myofibroblast,0.0,0.0,219
CTLA4,Cortisol|Hydroxylansoprazole|N-Desmethyltamoxifen,Myofibroblast,0.0,0.0,219
CTLA4,Estradiol,Myofibroblast,0.0,0.0,219
CTLA4,Fatty acid,Myofibroblast,0.0,0.0,219
CTLA4,Folic acid,Myofibroblast,0.0,0.0,219
CTLA4,Iron,Myofibroblast,0.0,0.0,219
CTLA4,L-Arginine|L-Cystine|L-Lysine|L-Ornithine,Myofibroblast,0.0,0.0,219
CTLA4,L-Carnitine,Myofibroblast,0.0,0.0,219
CTLA4,L-Glutamate,Myofibroblast,0.0,0.0,219
CTLA4,N-desmethylimatinib,Myofibroblast,0.0,0.0,219
CTLA4,Nicotinate,Myofibroblast,0.0,0.0,219
CTLA4,O-Desmethylverapamil (D-702),Myofibroblast,0.0,0.0,219
CTLA4,Progesterone,Myofibroblast,0.0,0.0,219
CTLA4,Sodium,Myofibroblast,0.0,0.0,219
CTLA4,Sodium_hydrogen exchange,Myofibroblast,0.0,0.0,219
CTLA4,Taurocholic acid,Myofibroblast,0.0,0.0,219
CTLA4,Testosterone,Myofibroblast,0.0,0.0,219
CTLA4,Water,Myofibroblast,0.0,0.0,219
CTLA4,"(3a,5b,7a)-23-Carboxy-7-hydroxy-24-norcholan-3-yl-b-D-Glucopyranosiduronic acid|1b,3a,12a-Trihydroxy-5b-cholanoic acid|3-Sulfodeoxycholic acid|3alpha,7alpha-Dihydroxycoprostanic acid|3b-Hydroxy-5-cholenoic acid|Chenodeoxycholic acid|Chenodeoxycholic acid 3-sulfate|Coprocholic acid|Deoxycholic acid|Folinic acid|Glutathione|Glycochenodeoxycholate-3-sulfate|Hyodeoxycholic acid|Isoursodeoxycholic acid|Lithocholic acid|Sulfolithocholic acid|Trihydroxycoprostanoic acid|Ursocholic acid|Ursodeoxycholic acid|Ursodeoxycholic acid 3-sulfate|Varanic acid",Pericyte,0.0,0.0,109
CTLA4,"17a-Ethynylestradiol|3',4'-Dihydrodiol|4'-Hydroxydiclofenac|4-Hydroxycyclophosphamide|8-Hydroxycarvedilol|E-3179|Estriol|Glycerol|N-Desmethylcitalopram|N-Desmethyleletriptan|O-Deethylated candesartan",Pericyte,0.0,0.0,109
CTLA4,2-Hydroxychlorpropamide,Pericyte,0.0,0.0,109
CTLA4,4-ene-Valproic acid,Pericyte,0.0,0.0,109
CTLA4,5-Hydroxyomeprazole,Pericyte,0.0,0.0,109
CTLA4,Acetate,Pericyte,0.0,0.0,109
CTLA4,Acetyl-L-Carnitine|Choline|Creatine|Dopamine|Histamine|Norepinephrine,Pericyte,0.0,0.0,109
CTLA4,Adenosine triphosphate,Pericyte,0.0,0.0,109
CTLA4,Amiloride-sensitive sodium transport,Pericyte,0.0,0.0,109
CTLA4,Anion exchange,Pericyte,0.0,0.0,109
CTLA4,Butyrate|D-Lactate|Ketone bodies|L-Lactate|Pyruvate|alpha-Ketoisovaleric acid,Pericyte,0.0,0.0,109
CTLA4,Chloride ion,Pericyte,0.0,0.0,109
CTLA4,Cholesterol,Pericyte,0.0,0.0,109
CTLA4,Cholic acid,Pericyte,0.0,0.0,109
CTLA4,Citric acid|Oxalic acid,Pericyte,0.0,0.0,109
CTLA4,Cortisol|Hydroxylansoprazole|N-Desmethyltamoxifen,Pericyte,0.0,0.0,109
CTLA4,Estradiol,Pericyte,0.0,0.0,109
CTLA4,Fatty acid,Pericyte,0.0,0.0,109
CTLA4,Folic acid,Pericyte,0.0,0.0,109
CTLA4,Iron,Pericyte,0.0,0.0,109
CTLA4,L-Arginine|L-Cystine|L-Lysine|L-Ornithine,Pericyte,0.0,0.0,109
CTLA4,L-Carnitine,Pericyte,0.0,0.0,109
CTLA4,L-Glutamate,Pericyte,0.0,0.0,109
CTLA4,N-desmethylimatinib,Pericyte,0.0,0.0,109
CTLA4,Nicotinate,Pericyte,0.0,0.0,109
CTLA4,O-Desmethylverapamil (D-702),Pericyte,0.0,0.0,109
CTLA4,Progesterone,Pericyte,0.0,0.0,109
CTLA4,Sodium,Pericyte,0.0,0.0,109
CTLA4,Sodium_hydrogen exchange,Pericyte,0.0,0.0,109
CTLA4,Taurocholic acid,Pericyte,0.0,0.0,109
CTLA4,Testosterone,Pericyte,0.0,0.0,109
CTLA4,Water,Pericyte,0.0,0.0,109
CTLA4,"(3a,5b,7a)-23-Carboxy-7-hydroxy-24-norcholan-3-yl-b-D-Glucopyranosiduronic acid|1b,3a,12a-Trihydroxy-5b-cholanoic acid|3-Sulfodeoxycholic acid|3alpha,7alpha-Dihydroxycoprostanic acid|3b-Hydroxy-5-cholenoic acid|Chenodeoxycholic acid|Chenodeoxycholic acid 3-sulfate|Coprocholic acid|Deoxycholic acid|Folinic acid|Glutathione|Glycochenodeoxycholate-3-sulfate|Hyodeoxycholic acid|Isoursodeoxycholic acid|Lithocholic acid|Sulfolithocholic acid|Trihydroxycoprostanoic acid|Ursocholic acid|Ursodeoxycholic acid|Ursodeoxycholic acid 3-sulfate|Varanic acid",Plasma,0.0,0.0,1230
CTLA4,"17a-Ethynylestradiol|3',4'-Dihydrodiol|4'-Hydroxydiclofenac|4-Hydroxycyclophosphamide|8-Hydroxycarvedilol|E-3179|Estriol|Glycerol|N-Desmethylcitalopram|N-Desmethyleletriptan|O-Deethylated candesartan",Plasma,0.0,0.0,1230
CTLA4,2-Hydroxychlorpropamide,Plasma,0.0,0.0,1230
CTLA4,4-ene-Valproic acid,Plasma,0.0,0.0,1230
CTLA4,5-Hydroxyomeprazole,Plasma,0.0,0.0,1230
CTLA4,Acetate,Plasma,0.0,0.0,1230
CTLA4,Acetyl-L-Carnitine|Choline|Creatine|Dopamine|Histamine|Norepinephrine,Plasma,0.0,0.0,1230
CTLA4,Adenosine triphosphate,Plasma,0.0,0.0,1230
CTLA4,Amiloride-sensitive sodium transport,Plasma,0.0,0.0,1230
CTLA4,Anion exchange,Plasma,0.0,0.0,1230
CTLA4,Butyrate|D-Lactate|Ketone bodies|L-Lactate|Pyruvate|alpha-Ketoisovaleric acid,Plasma,0.0,0.0,1230
CTLA4,Chloride ion,Plasma,0.0,0.0,1230
CTLA4,Cholesterol,Plasma,0.0,0.0,1230
CTLA4,Cholic acid,Plasma,0.0,0.0,1230
CTLA4,Citric acid|Oxalic acid,Plasma,0.0,0.0,1230
CTLA4,Cortisol|Hydroxylansoprazole|N-Desmethyltamoxifen,Plasma,0.0,0.0,1230
CTLA4,Estradiol,Plasma,0.0,0.0,1230
CTLA4,Fatty acid,Plasma,0.0,0.0,1230
CTLA4,Folic acid,Plasma,0.0,0.0,1230
CTLA4,Iron,Plasma,0.0,0.0,1230
CTLA4,L-Arginine|L-Cystine|L-Lysine|L-Ornithine,Plasma,0.0,0.0,1230
CTLA4,L-Carnitine,Plasma,0.0,0.0,1230
CTLA4,L-Glutamate,Plasma,0.0,0.0,1230
CTLA4,N-desmethylimatinib,Plasma,0.0,0.0,1230
CTLA4,Nicotinate,Plasma,0.0,0.0,1230
CTLA4,O-Desmethylverapamil (D-702),Plasma,0.0,0.0,1230
CTLA4,Progesterone,Plasma,0.0,0.0,1230
CTLA4,Sodium,Plasma,0.0,0.0,1230
CTLA4,Sodium_hydrogen exchange,Plasma,0.0,0.0,1230
CTLA4,Taurocholic acid,Plasma,0.0,0.0,1230
CTLA4,Testosterone,Plasma,0.0,0.0,1230
CTLA4,Water,Plasma,0.0,0.0,1230
CTLA4,"(3a,5b,7a)-23-Carboxy-7-hydroxy-24-norcholan-3-yl-b-D-Glucopyranosiduronic acid|1b,3a,12a-Trihydroxy-5b-cholanoic acid|3-Sulfodeoxycholic acid|3alpha,7alpha-Dihydroxycoprostanic acid|3b-Hydroxy-5-cholenoic acid|Chenodeoxycholic acid|Chenodeoxycholic acid 3-sulfate|Coprocholic acid|Deoxycholic acid|Folinic acid|Glutathione|Glycochenodeoxycholate-3-sulfate|Hyodeoxycholic acid|Isoursodeoxycholic acid|Lithocholic acid|Sulfolithocholic acid|Trihydroxycoprostanoic acid|Ursocholic acid|Ursodeoxycholic acid|Ursodeoxycholic acid 3-sulfate|Varanic acid",T,0.0,0.0,632
CTLA4,"17a-Ethynylestradiol|3',4'-Dihydrodiol|4'-Hydroxydiclofenac|4-Hydroxycyclophosphamide|8-Hydroxycarvedilol|E-3179|Estriol|Glycerol|N-Desmethylcitalopram|N-Desmethyleletriptan|O-Deethylated candesartan",T,0.0,0.0,632
CTLA4,2-Hydroxychlorpropamide,T,0.0,0.0,632
CTLA4,4-ene-Valproic acid,T,1.3621175e-08,1.0011886e-09,632
CTLA4,5-Hydroxyomeprazole,T,-2.3000954e-10,5.973933e-12,632
CTLA4,Acetate,T,0.0,0.0,632
CTLA4,Acetyl-L-Carnitine|Choline|Creatine|Dopamine|Histamine|Norepinephrine,T,0.0,0.0,632
CTLA4,Adenosine triphosphate,T,0.0,0.0,632
CTLA4,Amiloride-sensitive sodium transport,T,0.0,0.0,632
CTLA4,Anion exchange,T,9.2767135e-07,2.2276836e-08,632
CTLA4,Butyrate|D-Lactate|Ketone bodies|L-Lactate|Pyruvate|alpha-Ketoisovaleric acid,T,0.0,0.0,632
CTLA4,Chloride ion,T,7.825506e-08,2.8992307e-08,632
CTLA4,Cholesterol,T,-1.7519834e-10,9.544495e-12,632
CTLA4,Cholic acid,T,0.0,0.0,632
CTLA4,Citric acid|Oxalic acid,T,0.0,0.0,632
CTLA4,Cortisol|Hydroxylansoprazole|N-Desmethyltamoxifen,T,0.0,0.0,632
CTLA4,Estradiol,T,0.0,0.0,632
CTLA4,Fatty acid,T,4.4115868e-07,5.6580287e-09,632
CTLA4,Folic acid,T,0.0,0.0,632
CTLA4,Iron,T,-3.3752617e-10,7.0540106e-12,632
CTLA4,L-Arginine|L-Cystine|L-Lysine|L-Ornithine,T,0.0,0.0,632
CTLA4,L-Carnitine,T,0.0,0.0,632
CTLA4,L-Glutamate,T,0.0,0.0,632
CTLA4,N-desmethylimatinib,T,1.4717996e-09,3.2402546e-11,632
CTLA4,Nicotinate,T,1.0181609e-08,7.49272e-10,632
CTLA4,O-Desmethylverapamil (D-702),T,-4.2033268e-08,3.3172503e-09,632
CTLA4,Progesterone,T,0.0,0.0,632
CTLA4,Sodium,T,6.670881e-07,4.0117076e-08,632
CTLA4,Sodium_hydrogen exchange,T,-1.6287551e-07,1.9131468e-09,632
CTLA4,Taurocholic acid,T,-1.9746299e-08,1.2326891e-09,632
CTLA4,Testosterone,T,-3.1529962e-10,1.6203318e-11,632
CTLA4,Water,T,-8.842521e-08,1.02280895e-08,632
ENTPD1,"17a-Ethynylestradiol|3',4'-Dihydrodiol|4'-Hydroxydiclofenac|4-Hydroxycyclophosphamide|8-Hydroxycarvedilol|E-3179|Estriol|Glycerol|N-Desmethylcitalopram|N-Desmethyleletriptan|O-Deethylated candesartan",B,0.0,0.0,20
ENTPD1,2-Hydroxychlorpropamide,B,0.0,0.0,20
ENTPD1,4-ene-Valproic acid,B,0.0,0.0,20
ENTPD1,5-Hydroxyomeprazole,B,0.0,0.0,20
ENTPD1,Acetyl-L-Carnitine|Choline|Creatine|Dopamine|Histamine|Norepinephrine,B,0.0,0.0,20
ENTPD1,Amiloride-sensitive sodium transport,B,0.0,0.0,20
ENTPD1,Anion exchange,B,0.0,0.0,20
ENTPD1,Chloride ion,B,0.0,0.0,20
ENTPD1,Cholesterol,B,0.0,0.0,20
ENTPD1,Cholic acid,B,0.0,0.0,20
ENTPD1,Cortisol|Hydroxylansoprazole|N-Desmethyltamoxifen,B,0.0,0.0,20
ENTPD1,Estradiol,B,0.0,0.0,20
ENTPD1,Fatty acid,B,0.0,0.0,20
ENTPD1,Folic acid,B,0.0,0.0,20
ENTPD1,Iron,B,0.0,0.0,20
ENTPD1,L-Carnitine,B,0.0,0.0,20
ENTPD1,N-desmethylimatinib,B,0.0,0.0,20
ENTPD1,Nicotinate,B,0.0,0.0,20
ENTPD1,O-Desmethylverapamil (D-702),B,0.0,0.0,20
ENTPD1,Progesterone,B,0.0,0.0,20
ENTPD1,Sodium,B,0.0,0.0,20
ENTPD1,Sodium_hydrogen exchange,B,0.0,0.0,20
ENTPD1,Taurocholic acid,B,0.0,0.0,20
ENTPD1,Testosterone,B,0.0,0.0,20
ENTPD1,Water,B,0.0,0.0,20
ENTPD1,"17a-Ethynylestradiol|3',4'-Dihydrodiol|4'-Hydroxydiclofenac|4-Hydroxycyclophosphamide|8-Hydroxycarvedilol|E-3179|Estriol|Glycerol|N-Desmethylcitalopram|N-Desmethyleletriptan|O-Deethylated candesartan",Endothelial,0.0,0.0,391
ENTPD1,2-Hydroxychlorpropamide,Endothelial,0.0,0.0,391
ENTPD1,4-ene-Valproic acid,Endothelial,0.0,0.0,391
ENTPD1,5-Hydroxyomeprazole,Endothelial,0.0,0.0,391
ENTPD1,Acetyl-L-Carnitine|Choline|Creatine|Dopamine|Histamine|Norepinephrine,Endothelial,0.0,0.0,391
ENTPD1,Amiloride-sensitive sodium transport,Endothelial,0.0,0.0,391
ENTPD1,Anion exchange,Endothelial,0.0,0.0,391
ENTPD1,Chloride ion,Endothelial,0.0,0.0,391
ENTPD1,Cholesterol,Endothelial,0.0,0.0,391
ENTPD1,Cholic acid,Endothelial,0.0,0.0,391
ENTPD1,Cortisol|Hydroxylansoprazole|N-Desmethyltamoxifen,Endothelial,0.0,0.0,391
ENTPD1,Estradiol,Endothelial,0.0,0.0,391
ENTPD1,Fatty acid,Endothelial,0.0,0.0,391
ENTPD1,Folic acid,Endothelial,0.0,0.0,391
ENTPD1,Iron,Endothelial,0.0,0.0,391
ENTPD1,L-Carnitine,Endothelial,0.0,0.0,391
ENTPD1,N-desmethylimatinib,Endothelial,0.0,0.0,391
ENTPD1,Nicotinate,Endothelial,0.0,0.0,391
ENTPD1,O-Desmethylverapamil (D-702),Endothelial,0.0,0.0,391
ENTPD1,Progesterone,Endothelial,0.0,0.0,391
ENTPD1,Sodium,Endothelial,0.0,0.0,391
ENTPD1,Sodium_hydrogen exchange,Endothelial,0.0,0.0,391
ENTPD1,Taurocholic acid,Endothelial,0.0,0.0,391
ENTPD1,Testosterone,Endothelial,0.0,0.0,391
ENTPD1,Water,Endothelial,0.0,0.0,391
ENTPD1,"17a-Ethynylestradiol|3',4'-Dihydrodiol|4'-Hydroxydiclofenac|4-Hydroxycyclophosphamide|8-Hydroxycarvedilol|E-3179|Estriol|Glycerol|N-Desmethylcitalopram|N-Desmethyleletriptan|O-Deethylated candesartan",Enteric_glia,0.0,0.0,92
ENTPD1,2-Hydroxychlorpropamide,Enteric_glia,0.0,0.0,92
ENTPD1,4-ene-Valproic acid,Enteric_glia,0.0,0.0,92
ENTPD1,5-Hydroxyomeprazole,Enteric_glia,0.0,0.0,92
ENTPD1,Acetyl-L-Carnitine|Choline|Creatine|Dopamine|Histamine|Norepinephrine,Enteric_glia,0.0,0.0,92
ENTPD1,Amiloride-sensitive sodium transport,Enteric_glia,0.0,0.0,92
ENTPD1,Anion exchange,Enteric_glia,0.0,0.0,92
ENTPD1,Chloride ion,Enteric_glia,0.0,0.0,92
ENTPD1,Cholesterol,Enteric_glia,0.0,0.0,92
ENTPD1,Cholic acid,Enteric_glia,0.0,0.0,92
ENTPD1,Cortisol|Hydroxylansoprazole|N-Desmethyltamoxifen,Enteric_glia,0.0,0.0,92
ENTPD1,Estradiol,Enteric_glia,0.0,0.0,92
ENTPD1,Fatty acid,Enteric_glia,0.0,0.0,92
ENTPD1,Folic acid,Enteric_glia,0.0,0.0,92
ENTPD1,Iron,Enteric_glia,0.0,0.0,92
ENTPD1,L-Carnitine,Enteric_glia,0.0,0.0,92
ENTPD1,N-desmethylimatinib,Enteric_glia,0.0,0.0,92
ENTPD1,Nicotinate,Enteric_glia,0.0,0.0,92
ENTPD1,O-Desmethylverapamil (D-702),Enteric_glia,0.0,0.0,92
ENTPD1,Progesterone,Enteric_glia,0.0,0.0,92
ENTPD1,Sodium,Enteric_glia,0.0,0.0,92
ENTPD1,Sodium_hydrogen exchange,Enteric_glia,0.0,0.0,92
ENTPD1,Taurocholic acid,Enteric_glia,0.0,0.0,92
ENTPD1,Testosterone,Enteric_glia,0.0,0.0,92
ENTPD1,Water,Enteric_glia,0.0,0.0,92
ENTPD1,"17a-Ethynylestradiol|3',4'-Dihydrodiol|4'-Hydroxydiclofenac|4-Hydroxycyclophosphamide|8-Hydroxycarvedilol|E-3179|Estriol|Glycerol|N-Desmethylcitalopram|N-Desmethyleletriptan|O-Deethylated candesartan",Fibroblast,0.0,0.0,944
ENTPD1,2-Hydroxychlorpropamide,Fibroblast,0.0,0.0,944
ENTPD1,4-ene-Valproic acid,Fibroblast,0.0,0.0,944
ENTPD1,5-Hydroxyomeprazole,Fibroblast,0.0,0.0,944
ENTPD1,Acetyl-L-Carnitine|Choline|Creatine|Dopamine|Histamine|Norepinephrine,Fibroblast,0.0,0.0,944
ENTPD1,Amiloride-sensitive sodium transport,Fibroblast,0.0,0.0,944
ENTPD1,Anion exchange,Fibroblast,0.0,0.0,944
ENTPD1,Chloride ion,Fibroblast,0.0,0.0,944
ENTPD1,Cholesterol,Fibroblast,0.0,0.0,944
ENTPD1,Cholic acid,Fibroblast,0.0,0.0,944
ENTPD1,Cortisol|Hydroxylansoprazole|N-Desmethyltamoxifen,Fibroblast,0.0,0.0,944
ENTPD1,Estradiol,Fibroblast,0.0,0.0,944
ENTPD1,Fatty acid,Fibroblast,0.0,0.0,944
ENTPD1,Folic acid,Fibroblast,0.0,0.0,944
ENTPD1,Iron,Fibroblast,0.0,0.0,944
ENTPD1,L-Carnitine,Fibroblast,0.0,0.0,944
ENTPD1,N-desmethylimatinib,Fibroblast,0.0,0.0,944
ENTPD1,Nicotinate,Fibroblast,0.0,0.0,944
ENTPD1,O-Desmethylverapamil (D-702),Fibroblast,0.0,0.0,944
ENTPD1,Progesterone,Fibroblast,0.0,0.0,944
ENTPD1,Sodium,Fibroblast,0.0,0.0,944
ENTPD1,Sodium_hydrogen exchange,Fibroblast,0.0,0.0,944
ENTPD1,Taurocholic acid,Fibroblast,0.0,0.0,944
ENTPD1,Testosterone,Fibroblast,0.0,0.0,944
ENTPD1,Water,Fibroblast,0.0,0.0,944
ENTPD1,"17a-Ethynylestradiol|3',4'-Dihydrodiol|4'-Hydroxydiclofenac|4-Hydroxycyclophosphamide|8-Hydroxycarvedilol|E-3179|Estriol|Glycerol|N-Desmethylcitalopram|N-Desmethyleletriptan|O-Deethylated candesartan",IEC,-2.4334759e-07,1.2853436e-08,7778
ENTPD1,2-Hydroxychlorpropamide,IEC,-2.5526714e-07,1.887159e-08,7778
ENTPD1,4-ene-Valproic acid,IEC,-1.6419561e-07,4.977878e-09,7778
ENTPD1,5-Hydroxyomeprazole,IEC,1.2687008e-07,2.4282514e-08,7778
ENTPD1,Acetyl-L-Carnitine|Choline|Creatine|Dopamine|Histamine|Norepinephrine,IEC,1.2063816e-07,4.864348e-08,7778
ENTPD1,Amiloride-sensitive sodium transport,IEC,-1.774951e-07,5.494238e-08,7778
ENTPD1,Anion exchange,IEC,2.6848202e-06,5.263804e-07,7778
ENTPD1,Chloride ion,IEC,4.1706194e-08,1.1872997e-08,7778
ENTPD1,Cholesterol,IEC,2.9367529e-08,9.9089545e-09,7778
ENTPD1,Cholic acid,IEC,-3.2425592e-07,3.263479e-08,7778
ENTPD1,Cortisol|Hydroxylansoprazole|N-Desmethyltamoxifen,IEC,6.263674e-08,2.1919242e-09,7778
ENTPD1,Estradiol,IEC,4.8164498e-08,4.806695e-09,7778
ENTPD1,Fatty acid,IEC,-1.8198251e-07,5.427259e-08,7778
ENTPD1,Folic acid,IEC,6.210764e-09,2.0767175e-09,7778
ENTPD1,Iron,IEC,1.2026865e-07,2.0873832e-08,7778
ENTPD1,L-Carnitine,IEC,-1.8920107e-07,2.1988596e-08,7778
ENTPD1,N-desmethylimatinib,IEC,3.7500968e-08,1.6523855e-09,7778
ENTPD1,Nicotinate,IEC,-2.3129095e-08,2.540187e-09,7778
ENTPD1,O-Desmethylverapamil (D-702),IEC,6.2601225e-07,5.8452848e-08,7778
ENTPD1,Progesterone,IEC,-2.3625572e-07,1.1075185e-08,7778
ENTPD1,Sodium,IEC,-3.8170148e-07,1.4781966e-07,7778
ENTPD1,Sodium_hydrogen exchange,IEC,8.6320944e-07,1.7091295e-08,7778
ENTPD1,Taurocholic acid,IEC,2.7502819e-07,8.893313e-08,7778
ENTPD1,Testosterone,IEC,1.472771e-07,2.5710959e-08,7778
ENTPD1,Water,IEC,9.705893e-08,8.927051e-09,7778
ENTPD1,"17a-Ethynylestradiol|3',4'-Dihydrodiol|4'-Hydroxydiclofenac|4-Hydroxycyclophosphamide|8-Hydroxycarvedilol|E-3179|Estriol|Glycerol|N-Desmethylcitalopram|N-Desmethyleletriptan|O-Deethylated candesartan",MAST,0.0,0.0,171
ENTPD1,2-Hydroxychlorpropamide,MAST,0.0,0.0,171
ENTPD1,4-ene-Valproic acid,MAST,0.0,0.0,171
ENTPD1,5-Hydroxyomeprazole,MAST,0.0,0.0,171
ENTPD1,Acetyl-L-Carnitine|Choline|Creatine|Dopamine|Histamine|Norepinephrine,MAST,0.0,0.0,171
ENTPD1,Amiloride-sensitive sodium transport,MAST,0.0,0.0,171
ENTPD1,Anion exchange,MAST,0.0,0.0,171
ENTPD1,Chloride ion,MAST,0.0,0.0,171
ENTPD1,Cholesterol,MAST,0.0,0.0,171
ENTPD1,Cholic acid,MAST,0.0,0.0,171
ENTPD1,Cortisol|Hydroxylansoprazole|N-Desmethyltamoxifen,MAST,0.0,0.0,171
ENTPD1,Estradiol,MAST,0.0,0.0,171
ENTPD1,Fatty acid,MAST,0.0,0.0,171
ENTPD1,Folic acid,MAST,0.0,0.0,171
ENTPD1,Iron,MAST,0.0,0.0,171
ENTPD1,L-Carnitine,MAST,0.0,0.0,171
ENTPD1,N-desmethylimatinib,MAST,0.0,0.0,171
ENTPD1,Nicotinate,MAST,0.0,0.0,171
ENTPD1,O-Desmethylverapamil (D-702),MAST,0.0,0.0,171
ENTPD1,Progesterone,MAST,0.0,0.0,171
ENTPD1,Sodium,MAST,0.0,0.0,171
ENTPD1,Sodium_hydrogen exchange,MAST,0.0,0.0,171
ENTPD1,Taurocholic acid,MAST,0.0,0.0,171
ENTPD1,Testosterone,MAST,0.0,0.0,171
ENTPD1,Water,MAST,0.0,0.0,171
ENTPD1,"17a-Ethynylestradiol|3',4'-Dihydrodiol|4'-Hydroxydiclofenac|4-Hydroxycyclophosphamide|8-Hydroxycarvedilol|E-3179|Estriol|Glycerol|N-Desmethylcitalopram|N-Desmethyleletriptan|O-Deethylated candesartan",MNP,0.0,0.0,464
ENTPD1,2-Hydroxychlorpropamide,MNP,0.0,0.0,464
ENTPD1,4-ene-Valproic acid,MNP,0.0,0.0,464
ENTPD1,5-Hydroxyomeprazole,MNP,0.0,0.0,464
ENTPD1,Acetyl-L-Carnitine|Choline|Creatine|Dopamine|Histamine|Norepinephrine,MNP,0.0,0.0,464
ENTPD1,Amiloride-sensitive sodium transport,MNP,0.0,0.0,464
ENTPD1,Anion exchange,MNP,0.0,0.0,464
ENTPD1,Chloride ion,MNP,0.0,0.0,464
ENTPD1,Cholesterol,MNP,0.0,0.0,464
ENTPD1,Cholic acid,MNP,0.0,0.0,464
ENTPD1,Cortisol|Hydroxylansoprazole|N-Desmethyltamoxifen,MNP,0.0,0.0,464
ENTPD1,Estradiol,MNP,0.0,0.0,464
ENTPD1,Fatty acid,MNP,0.0,0.0,464
ENTPD1,Folic acid,MNP,0.0,0.0,464
ENTPD1,Iron,MNP,0.0,0.0,464
ENTPD1,L-Carnitine,MNP,0.0,0.0,464
ENTPD1,N-desmethylimatinib,MNP,0.0,0.0,464
ENTPD1,Nicotinate,MNP,0.0,0.0,464
ENTPD1,O-Desmethylverapamil (D-702),MNP,0.0,0.0,464
ENTPD1,Progesterone,MNP,0.0,0.0,464
ENTPD1,Sodium,MNP,0.0,0.0,464
ENTPD1,Sodium_hydrogen exchange,MNP,0.0,0.0,464
ENTPD1,Taurocholic acid,MNP,0.0,0.0,464
ENTPD1,Testosterone,MNP,0.0,0.0,464
ENTPD1,Water,MNP,0.0,0.0,464
ENTPD1,"17a-Ethynylestradiol|3',4'-Dihydrodiol|4'-Hydroxydiclofenac|4-Hydroxycyclophosphamide|8-Hydroxycarvedilol|E-3179|Estriol|Glycerol|N-Desmethylcitalopram|N-Desmethyleletriptan|O-Deethylated candesartan",Muscularis_mucosa,0.0,0.0,92
ENTPD1,2-Hydroxychlorpropamide,Muscularis_mucosa,0.0,0.0,92
ENTPD1,4-ene-Valproic acid,Muscularis_mucosa,0.0,0.0,92
ENTPD1,5-Hydroxyomeprazole,Muscularis_mucosa,0.0,0.0,92
ENTPD1,Acetyl-L-Carnitine|Choline|Creatine|Dopamine|Histamine|Norepinephrine,Muscularis_mucosa,0.0,0.0,92
ENTPD1,Amiloride-sensitive sodium transport,Muscularis_mucosa,0.0,0.0,92
ENTPD1,Anion exchange,Muscularis_mucosa,0.0,0.0,92
ENTPD1,Chloride ion,Muscularis_mucosa,0.0,0.0,92
ENTPD1,Cholesterol,Muscularis_mucosa,0.0,0.0,92
ENTPD1,Cholic acid,Muscularis_mucosa,0.0,0.0,92
ENTPD1,Cortisol|Hydroxylansoprazole|N-Desmethyltamoxifen,Muscularis_mucosa,0.0,0.0,92
ENTPD1,Estradiol,Muscularis_mucosa,0.0,0.0,92
ENTPD1,Fatty acid,Muscularis_mucosa,0.0,0.0,92
ENTPD1,Folic acid,Muscularis_mucosa,0.0,0.0,92
ENTPD1,Iron,Muscularis_mucosa,0.0,0.0,92
ENTPD1,L-Carnitine,Muscularis_mucosa,0.0,0.0,92
ENTPD1,N-desmethylimatinib,Muscularis_mucosa,0.0,0.0,92
ENTPD1,Nicotinate,Muscularis_mucosa,0.0,0.0,92
ENTPD1,O-Desmethylverapamil (D-702),Muscularis_mucosa,0.0,0.0,92
ENTPD1,Progesterone,Muscularis_mucosa,0.0,0.0,92
ENTPD1,Sodium,Muscularis_mucosa,0.0,0.0,92
ENTPD1,Sodium_hydrogen exchange,Muscularis_mucosa,0.0,0.0,92
ENTPD1,Taurocholic acid,Muscularis_mucosa,0.0,0.0,92
ENTPD1,Testosterone,Muscularis_mucosa,0.0,0.0,92
ENTPD1,Water,Muscularis_mucosa,0.0,0.0,92
ENTPD1,"17a-Ethynylestradiol|3',4'-Dihydrodiol|4'-Hydroxydiclofenac|4-Hydroxycyclophosphamide|8-Hydroxycarvedilol|E-3179|Estriol|Glycerol|N-Desmethylcitalopram|N-Desmethyleletriptan|O-Deethylated candesartan",Myofibroblast,0.0,0.0,219
ENTPD1,2-Hydroxychlorpropamide,Myofibroblast,0.0,0.0,219
ENTPD1,4-ene-Valproic acid,Myofibroblast,0.0,0.0,219
ENTPD1,5-Hydroxyomeprazole,Myofibroblast,0.0,0.0,219
ENTPD1,Acetyl-L-Carnitine|Choline|Creatine|Dopamine|Histamine|Norepinephrine,Myofibroblast,0.0,0.0,219
ENTPD1,Amiloride-sensitive sodium transport,Myofibroblast,0.0,0.0,219
ENTPD1,Anion exchange,Myofibroblast,0.0,0.0,219
ENTPD1,Chloride ion,Myofibroblast,0.0,0.0,219
ENTPD1,Cholesterol,Myofibroblast,0.0,0.0,219
ENTPD1,Cholic acid,Myofibroblast,0.0,0.0,219
ENTPD1,Cortisol|Hydroxylansoprazole|N-Desmethyltamoxifen,Myofibroblast,0.0,0.0,219
ENTPD1,Estradiol,Myofibroblast,0.0,0.0,219
ENTPD1,Fatty acid,Myofibroblast,0.0,0.0,219
ENTPD1,Folic acid,Myofibroblast,0.0,0.0,219
ENTPD1,Iron,Myofibroblast,0.0,0.0,219
ENTPD1,L-Carnitine,Myofibroblast,0.0,0.0,219
ENTPD1,N-desmethylimatinib,Myofibroblast,0.0,0.0,219
ENTPD1,Nicotinate,Myofibroblast,0.0,0.0,219
ENTPD1,O-Desmethylverapamil (D-702),Myofibroblast,0.0,0.0,219
ENTPD1,Progesterone,Myofibroblast,0.0,0.0,219
ENTPD1,Sodium,Myofibroblast,0.0,0.0,219
ENTPD1,Sodium_hydrogen exchange,Myofibroblast,0.0,0.0,219
ENTPD1,Taurocholic acid,Myofibroblast,0.0,0.0,219
ENTPD1,Testosterone,Myofibroblast,0.0,0.0,219
ENTPD1,Water,Myofibroblast,0.0,0.0,219
ENTPD1,"17a-Ethynylestradiol|3',4'-Dihydrodiol|4'-Hydroxydiclofenac|4-Hydroxycyclophosphamide|8-Hydroxycarvedilol|E-3179|Estriol|Glycerol|N-Desmethylcitalopram|N-Desmethyleletriptan|O-Deethylated candesartan",Pericyte,0.0,0.0,109
ENTPD1,2-Hydroxychlorpropamide,Pericyte,0.0,0.0,109
ENTPD1,4-ene-Valproic acid,Pericyte,0.0,0.0,109
ENTPD1,5-Hydroxyomeprazole,Pericyte,0.0,0.0,109
ENTPD1,Acetyl-L-Carnitine|Choline|Creatine|Dopamine|Histamine|Norepinephrine,Pericyte,0.0,0.0,109
ENTPD1,Amiloride-sensitive sodium transport,Pericyte,0.0,0.0,109
ENTPD1,Anion exchange,Pericyte,0.0,0.0,109
ENTPD1,Chloride ion,Pericyte,0.0,0.0,109
ENTPD1,Cholesterol,Pericyte,0.0,0.0,109
ENTPD1,Cholic acid,Pericyte,0.0,0.0,109
ENTPD1,Cortisol|Hydroxylansoprazole|N-Desmethyltamoxifen,Pericyte,0.0,0.0,109
ENTPD1,Estradiol,Pericyte,0.0,0.0,109
ENTPD1,Fatty acid,Pericyte,0.0,0.0,109
ENTPD1,Folic acid,Pericyte,0.0,0.0,109
ENTPD1,Iron,Pericyte,0.0,0.0,109
ENTPD1,L-Carnitine,Pericyte,0.0,0.0,109
ENTPD1,N-desmethylimatinib,Pericyte,0.0,0.0,109
ENTPD1,Nicotinate,Pericyte,0.0,0.0,109
ENTPD1,O-Desmethylverapamil (D-702),Pericyte,0.0,0.0,109
ENTPD1,Progesterone,Pericyte,0.0,0.0,109
ENTPD1,Sodium,Pericyte,0.0,0.0,109
ENTPD1,Sodium_hydrogen exchange,Pericyte,0.0,0.0,109
ENTPD1,Taurocholic acid,Pericyte,0.0,0.0,109
ENTPD1,Testosterone,Pericyte,0.0,0.0,109
ENTPD1,Water,Pericyte,0.0,0.0,109
ENTPD1,"17a-Ethynylestradiol|3',4'-Dihydrodiol|4'-Hydroxydiclofenac|4-Hydroxycyclophosphamide|8-Hydroxycarvedilol|E-3179|Estriol|Glycerol|N-Desmethylcitalopram|N-Desmethyleletriptan|O-Deethylated candesartan",Plasma,0.0,0.0,1230
ENTPD1,2-Hydroxychlorpropamide,Plasma,0.0,0.0,1230
ENTPD1,4-ene-Valproic acid,Plasma,0.0,0.0,1230
ENTPD1,5-Hydroxyomeprazole,Plasma,0.0,0.0,1230
ENTPD1,Acetyl-L-Carnitine|Choline|Creatine|Dopamine|Histamine|Norepinephrine,Plasma,0.0,0.0,1230
ENTPD1,Amiloride-sensitive sodium transport,Plasma,0.0,0.0,1230
ENTPD1,Anion exchange,Plasma,0.0,0.0,1230
ENTPD1,Chloride ion,Plasma,0.0,0.0,1230
ENTPD1,Cholesterol,Plasma,0.0,0.0,1230
ENTPD1,Cholic acid,Plasma,0.0,0.0,1230
ENTPD1,Cortisol|Hydroxylansoprazole|N-Desmethyltamoxifen,Plasma,0.0,0.0,1230
ENTPD1,Estradiol,Plasma,0.0,0.0,1230
ENTPD1,Fatty acid,Plasma,0.0,0.0,1230
ENTPD1,Folic acid,Plasma,0.0,0.0,1230
ENTPD1,Iron,Plasma,0.0,0.0,1230
ENTPD1,L-Carnitine,Plasma,0.0,0.0,1230
ENTPD1,N-desmethylimatinib,Plasma,0.0,0.0,1230
ENTPD1,Nicotinate,Plasma,0.0,0.0,1230
ENTPD1,O-Desmethylverapamil (D-702),Plasma,0.0,0.0,1230
ENTPD1,Progesterone,Plasma,0.0,0.0,1230
ENTPD1,Sodium,Plasma,0.0,0.0,1230
ENTPD1,Sodium_hydrogen exchange,Plasma,0.0,0.0,1230
ENTPD1,Taurocholic acid,Plasma,0.0,0.0,1230
ENTPD1,Testosterone,Plasma,0.0,0.0,1230
ENTPD1,Water,Plasma,0.0,0.0,1230
ENTPD1,"17a-Ethynylestradiol|3',4'-Dihydrodiol|4'-Hydroxydiclofenac|4-Hydroxycyclophosphamide|8-Hydroxycarvedilol|E-3179|Estriol|Glycerol|N-Desmethylcitalopram|N-Desmethyleletriptan|O-Deethylated candesartan",T,0.0,0.0,632
ENTPD1,2-Hydroxychlorpropamide,T,0.0,0.0,632
ENTPD1,4-ene-Valproic acid,T,0.0,0.0,632
ENTPD1,5-Hydroxyomeprazole,T,0.0,0.0,632
ENTPD1,Acetyl-L-Carnitine|Choline|Creatine|Dopamine|Histamine|Norepinephrine,T,0.0,0.0,632
ENTPD1,Amiloride-sensitive sodium transport,T,0.0,0.0,632
ENTPD1,Anion exchange,T,0.0,0.0,632
ENTPD1,Chloride ion,T,0.0,0.0,632
ENTPD1,Cholesterol,T,0.0,0.0,632
ENTPD1,Cholic acid,T,0.0,0.0,632
ENTPD1,Cortisol|Hydroxylansoprazole|N-Desmethyltamoxifen,T,0.0,0.0,632
ENTPD1,Estradiol,T,0.0,0.0,632
ENTPD1,Fatty acid,T,0.0,0.0,632
ENTPD1,Folic acid,T,0.0,0.0,632
ENTPD1,Iron,T,0.0,0.0,632
ENTPD1,L-Carnitine,T,0.0,0.0,632
ENTPD1,N-desmethylimatinib,T,0.0,0.0,632
ENTPD1,Nicotinate,T,0.0,0.0,632
ENTPD1,O-Desmethylverapamil (D-702),T,0.0,0.0,632
ENTPD1,Progesterone,T,0.0,0.0,632
ENTPD1,Sodium,T,0.0,0.0,632
ENTPD1,Sodium_hydrogen exchange,T,0.0,0.0,632
ENTPD1,Taurocholic acid,T,0.0,0.0,632
ENTPD1,Testosterone,T,0.0,0.0,632
ENTPD1,Water,T,0.0,0.0,632
FOXP3,"17a-Ethynylestradiol|3',4'-Dihydrodiol|4'-Hydroxydiclofenac|4-Hydroxycyclophosphamide|8-Hydroxycarvedilol|E-3179|Estriol|Glycerol|N-Desmethylcitalopram|N-Desmethyleletriptan|O-Deethylated candesartan",B,0.0,0.0,20
FOXP3,2-Hydroxychlorpropamide,B,0.0,0.0,20
FOXP3,5-Hydroxyomeprazole,B,0.0,0.0,20
FOXP3,Acetate,B,0.0,0.0,20
FOXP3,Amiloride-sensitive sodium transport,B,0.0,0.0,20
FOXP3,Anion exchange,B,0.0,0.0,20
FOXP3,Chloride ion,B,0.0,0.0,20
FOXP3,Cholesterol,B,0.0,0.0,20
FOXP3,Cholic acid,B,0.0,0.0,20
FOXP3,Cortisol|Hydroxylansoprazole|N-Desmethyltamoxifen,B,0.0,0.0,20
FOXP3,Estradiol,B,0.0,0.0,20
FOXP3,Folic acid,B,0.0,0.0,20
FOXP3,Iron,B,0.0,0.0,20
FOXP3,L-Carnitine,B,0.0,0.0,20
FOXP3,N-desmethylimatinib,B,0.0,0.0,20
FOXP3,Nicotinate,B,0.0,0.0,20
FOXP3,O-Desmethylverapamil (D-702),B,0.0,0.0,20
FOXP3,Progesterone,B,0.0,0.0,20
FOXP3,Sodium,B,0.0,0.0,20
FOXP3,Sodium_hydrogen exchange,B,0.0,0.0,20
FOXP3,Taurocholic acid,B,0.0,0.0,20
FOXP3,Testosterone,B,0.0,0.0,20
FOXP3,Water,B,0.0,0.0,20
FOXP3,"17a-Ethynylestradiol|3',4'-Dihydrodiol|4'-Hydroxydiclofenac|4-Hydroxycyclophosphamide|8-Hydroxycarvedilol|E-3179|Estriol|Glycerol|N-Desmethylcitalopram|N-Desmethyleletriptan|O-Deethylated candesartan",Endothelial,0.0,0.0,391
FOXP3,2-Hydroxychlorpropamide,Endothelial,0.0,0.0,391
FOXP3,5-Hydroxyomeprazole,Endothelial,0.0,0.0,391
FOXP3,Acetate,Endothelial,0.0,0.0,391
FOXP3,Amiloride-sensitive sodium transport,Endothelial,0.0,0.0,391
FOXP3,Anion exchange,Endothelial,0.0,0.0,391
FOXP3,Chloride ion,Endothelial,0.0,0.0,391
FOXP3,Cholesterol,Endothelial,0.0,0.0,391
FOXP3,Cholic acid,Endothelial,0.0,0.0,391
FOXP3,Cortisol|Hydroxylansoprazole|N-Desmethyltamoxifen,Endothelial,0.0,0.0,391
FOXP3,Estradiol,Endothelial,0.0,0.0,391
FOXP3,Folic acid,Endothelial,0.0,0.0,391
FOXP3,Iron,Endothelial,0.0,0.0,391
FOXP3,L-Carnitine,Endothelial,0.0,0.0,391
FOXP3,N-desmethylimatinib,Endothelial,0.0,0.0,391
FOXP3,Nicotinate,Endothelial,0.0,0.0,391
FOXP3,O-Desmethylverapamil (D-702),Endothelial,0.0,0.0,391
FOXP3,Progesterone,Endothelial,0.0,0.0,391
FOXP3,Sodium,Endothelial,0.0,0.0,391
FOXP3,Sodium_hydrogen exchange,Endothelial,0.0,0.0,391
FOXP3,Taurocholic acid,Endothelial,0.0,0.0,391
FOXP3,Testosterone,Endothelial,0.0,0.0,391
FOXP3,Water,Endothelial,0.0,0.0,391
FOXP3,"17a-Ethynylestradiol|3',4'-Dihydrodiol|4'-Hydroxydiclofenac|4-Hydroxycyclophosphamide|8-Hydroxycarvedilol|E-3179|Estriol|Glycerol|N-Desmethylcitalopram|N-Desmethyleletriptan|O-Deethylated candesartan",Enteric_glia,0.0,0.0,92
FOXP3,2-Hydroxychlorpropamide,Enteric_glia,0.0,0.0,92
FOXP3,5-Hydroxyomeprazole,Enteric_glia,0.0,0.0,92
FOXP3,Acetate,Enteric_glia,0.0,0.0,92
FOXP3,Amiloride-sensitive sodium transport,Enteric_glia,0.0,0.0,92
FOXP3,Anion exchange,Enteric_glia,0.0,0.0,92
FOXP3,Chloride ion,Enteric_glia,0.0,0.0,92
FOXP3,Cholesterol,Enteric_glia,0.0,0.0,92
FOXP3,Cholic acid,Enteric_glia,0.0,0.0,92
FOXP3,Cortisol|Hydroxylansoprazole|N-Desmethyltamoxifen,Enteric_glia,0.0,0.0,92
FOXP3,Estradiol,Enteric_glia,0.0,0.0,92
FOXP3,Folic acid,Enteric_glia,0.0,0.0,92
FOXP3,Iron,Enteric_glia,0.0,0.0,92
FOXP3,L-Carnitine,Enteric_glia,0.0,0.0,92
FOXP3,N-desmethylimatinib,Enteric_glia,0.0,0.0,92
FOXP3,Nicotinate,Enteric_glia,0.0,0.0,92
FOXP3,O-Desmethylverapamil (D-702),Enteric_glia,0.0,0.0,92
FOXP3,Progesterone,Enteric_glia,0.0,0.0,92
FOXP3,Sodium,Enteric_glia,0.0,0.0,92
FOXP3,Sodium_hydrogen exchange,Enteric_glia,0.0,0.0,92
FOXP3,Taurocholic acid,Enteric_glia,0.0,0.0,92
FOXP3,Testosterone,Enteric_glia,0.0,0.0,92
FOXP3,Water,Enteric_glia,0.0,0.0,92
FOXP3,"17a-Ethynylestradiol|3',4'-Dihydrodiol|4'-Hydroxydiclofenac|4-Hydroxycyclophosphamide|8-Hydroxycarvedilol|E-3179|Estriol|Glycerol|N-Desmethylcitalopram|N-Desmethyleletriptan|O-Deethylated candesartan",Fibroblast,0.0,0.0,944
FOXP3,2-Hydroxychlorpropamide,Fibroblast,0.0,0.0,944
FOXP3,5-Hydroxyomeprazole,Fibroblast,0.0,0.0,944
FOXP3,Acetate,Fibroblast,0.0,0.0,944
FOXP3,Amiloride-sensitive sodium transport,Fibroblast,0.0,0.0,944
FOXP3,Anion exchange,Fibroblast,0.0,0.0,944
FOXP3,Chloride ion,Fibroblast,0.0,0.0,944
FOXP3,Cholesterol,Fibroblast,0.0,0.0,944
FOXP3,Cholic acid,Fibroblast,0.0,0.0,944
FOXP3,Cortisol|Hydroxylansoprazole|N-Desmethyltamoxifen,Fibroblast,0.0,0.0,944
FOXP3,Estradiol,Fibroblast,0.0,0.0,944
FOXP3,Folic acid,Fibroblast,0.0,0.0,944
FOXP3,Iron,Fibroblast,0.0,0.0,944
FOXP3,L-Carnitine,Fibroblast,0.0,0.0,944
FOXP3,N-desmethylimatinib,Fibroblast,0.0,0.0,944
FOXP3,Nicotinate,Fibroblast,0.0,0.0,944
FOXP3,O-Desmethylverapamil (D-702),Fibroblast,0.0,0.0,944
FOXP3,Progesterone,Fibroblast,0.0,0.0,944
FOXP3,Sodium,Fibroblast,0.0,0.0,944
FOXP3,Sodium_hydrogen exchange,Fibroblast,0.0,0.0,944
FOXP3,Taurocholic acid,Fibroblast,0.0,0.0,944
FOXP3,Testosterone,Fibroblast,0.0,0.0,944
FOXP3,Water,Fibroblast,0.0,0.0,944
FOXP3,"17a-Ethynylestradiol|3',4'-Dihydrodiol|4'-Hydroxydiclofenac|4-Hydroxycyclophosphamide|8-Hydroxycarvedilol|E-3179|Estriol|Glycerol|N-Desmethylcitalopram|N-Desmethyleletriptan|O-Deethylated candesartan",IEC,1.5126474e-08,2.8494536e-09,7778
FOXP3,2-Hydroxychlorpropamide,IEC,3.855183e-07,1.439014e-08,7778
FOXP3,5-Hydroxyomeprazole,IEC,4.798101e-08,5.335281e-09,7778
FOXP3,Acetate,IEC,7.278614e-08,2.3201602e-08,7778
FOXP3,Amiloride-sensitive sodium transport,IEC,6.155693e-08,1.3655285e-08,7778
FOXP3,Anion exchange,IEC,1.2730741e-05,1.7706412e-07,7778
FOXP3,Chloride ion,IEC,-2.5244154e-07,8.266178e-08,7778
FOXP3,Cholesterol,IEC,1.3511417e-08,1.8969328e-09,7778
FOXP3,Cholic acid,IEC,-1.3267459e-07,2.4451788e-08,7778
FOXP3,Cortisol|Hydroxylansoprazole|N-Desmethyltamoxifen,IEC,1.700701e-08,8.707923e-10,7778
FOXP3,Estradiol,IEC,-1.6809086e-08,1.4912255e-09,7778
FOXP3,Folic acid,IEC,3.7676227e-07,3.991629e-08,7778
FOXP3,Iron,IEC,8.486634e-08,7.0175363e-09,7778
FOXP3,L-Carnitine,IEC,3.253147e-07,7.7489005e-08,7778
FOXP3,N-desmethylimatinib,IEC,1.6746814e-08,4.2371257e-10,7778
FOXP3,Nicotinate,IEC,-1.019369e-08,4.952134e-10,7778
FOXP3,O-Desmethylverapamil (D-702),IEC,7.7988443e-07,2.7991343e-08,7778
FOXP3,Progesterone,IEC,5.9580284e-08,9.535812e-09,7778
FOXP3,Sodium,IEC,-1.3838124e-07,6.760696e-08,7778
FOXP3,Sodium_hydrogen exchange,IEC,5.2105433e-06,4.8434043e-07,7778
FOXP3,Taurocholic acid,IEC,-6.493796e-09,4.63586e-10,7778
FOXP3,Testosterone,IEC,7.3720706e-08,1.3832283e-08,7778
FOXP3,Water,IEC,1.3139022e-05,4.2405204e-06,7778
FOXP3,"17a-Ethynylestradiol|3',4'-Dihydrodiol|4'-Hydroxydiclofenac|4-Hydroxycyclophosphamide|8-Hydroxycarvedilol|E-3179|Estriol|Glycerol|N-Desmethylcitalopram|N-Desmethyleletriptan|O-Deethylated candesartan",MAST,0.0,0.0,171
FOXP3,2-Hydroxychlorpropamide,MAST,0.0,0.0,171
FOXP3,5-Hydroxyomeprazole,MAST,0.0,0.0,171
FOXP3,Acetate,MAST,0.0,0.0,171
FOXP3,Amiloride-sensitive sodium transport,MAST,0.0,0.0,171
FOXP3,Anion exchange,MAST,0.0,0.0,171
FOXP3,Chloride ion,MAST,0.0,0.0,171
FOXP3,Cholesterol,MAST,0.0,0.0,171
FOXP3,Cholic acid,MAST,0.0,0.0,171
FOXP3,Cortisol|Hydroxylansoprazole|N-Desmethyltamoxifen,MAST,0.0,0.0,171
FOXP3,Estradiol,MAST,0.0,0.0,171
FOXP3,Folic acid,MAST,0.0,0.0,171
FOXP3,Iron,MAST,0.0,0.0,171
FOXP3,L-Carnitine,MAST,0.0,0.0,171
FOXP3,N-desmethylimatinib,MAST,0.0,0.0,171
FOXP3,Nicotinate,MAST,0.0,0.0,171
FOXP3,O-Desmethylverapamil (D-702),MAST,0.0,0.0,171
FOXP3,Progesterone,MAST,0.0,0.0,171
FOXP3,Sodium,MAST,0.0,0.0,171
FOXP3,Sodium_hydrogen exchange,MAST,0.0,0.0,171
FOXP3,Taurocholic acid,MAST,0.0,0.0,171
FOXP3,Testosterone,MAST,0.0,0.0,171
FOXP3,Water,MAST,0.0,0.0,171
FOXP3,"17a-Ethynylestradiol|3',4'-Dihydrodiol|4'-Hydroxydiclofenac|4-Hydroxycyclophosphamide|8-Hydroxycarvedilol|E-3179|Estriol|Glycerol|N-Desmethylcitalopram|N-Desmethyleletriptan|O-Deethylated candesartan",MNP,0.0,0.0,464
FOXP3,2-Hydroxychlorpropamide,MNP,0.0,0.0,464
FOXP3,5-Hydroxyomeprazole,MNP,0.0,0.0,464
FOXP3,Acetate,MNP,0.0,0.0,464
FOXP3,Amiloride-sensitive sodium transport,MNP,0.0,0.0,464
FOXP3,Anion exchange,MNP,0.0,0.0,464
FOXP3,Chloride ion,MNP,0.0,0.0,464
FOXP3,Cholesterol,MNP,0.0,0.0,464
FOXP3,Cholic acid,MNP,0.0,0.0,464
FOXP3,Cortisol|Hydroxylansoprazole|N-Desmethyltamoxifen,MNP,0.0,0.0,464
FOXP3,Estradiol,MNP,0.0,0.0,464
FOXP3,Folic acid,MNP,0.0,0.0,464
FOXP3,Iron,MNP,0.0,0.0,464
FOXP3,L-Carnitine,MNP,0.0,0.0,464
FOXP3,N-desmethylimatinib,MNP,0.0,0.0,464
FOXP3,Nicotinate,MNP,0.0,0.0,464
FOXP3,O-Desmethylverapamil (D-702),MNP,0.0,0.0,464
FOXP3,Progesterone,MNP,0.0,0.0,464
FOXP3,Sodium,MNP,0.0,0.0,464
FOXP3,Sodium_hydrogen exchange,MNP,0.0,0.0,464
FOXP3,Taurocholic acid,MNP,0.0,0.0,464
FOXP3,Testosterone,MNP,0.0,0.0,464
FOXP3,Water,MNP,0.0,0.0,464
FOXP3,"17a-Ethynylestradiol|3',4'-Dihydrodiol|4'-Hydroxydiclofenac|4-Hydroxycyclophosphamide|8-Hydroxycarvedilol|E-3179|Estriol|Glycerol|N-Desmethylcitalopram|N-Desmethyleletriptan|O-Deethylated candesartan",Muscularis_mucosa,0.0,0.0,92
FOXP3,2-Hydroxychlorpropamide,Muscularis_mucosa,0.0,0.0,92
FOXP3,5-Hydroxyomeprazole,Muscularis_mucosa,0.0,0.0,92
FOXP3,Acetate,Muscularis_mucosa,0.0,0.0,92
FOXP3,Amiloride-sensitive sodium transport,Muscularis_mucosa,0.0,0.0,92
FOXP3,Anion exchange,Muscularis_mucosa,0.0,0.0,92
FOXP3,Chloride ion,Muscularis_mucosa,0.0,0.0,92
FOXP3,Cholesterol,Muscularis_mucosa,0.0,0.0,92
FOXP3,Cholic acid,Muscularis_mucosa,0.0,0.0,92
FOXP3,Cortisol|Hydroxylansoprazole|N-Desmethyltamoxifen,Muscularis_mucosa,0.0,0.0,92
FOXP3,Estradiol,Muscularis_mucosa,0.0,0.0,92
FOXP3,Folic acid,Muscularis_mucosa,0.0,0.0,92
FOXP3,Iron,Muscularis_mucosa,0.0,0.0,92
FOXP3,L-Carnitine,Muscularis_mucosa,0.0,0.0,92
FOXP3,N-desmethylimatinib,Muscularis_mucosa,0.0,0.0,92
FOXP3,Nicotinate,Muscularis_mucosa,0.0,0.0,92
FOXP3,O-Desmethylverapamil (D-702),Muscularis_mucosa,0.0,0.0,92
FOXP3,Progesterone,Muscularis_mucosa,0.0,0.0,92
FOXP3,Sodium,Muscularis_mucosa,0.0,0.0,92
FOXP3,Sodium_hydrogen exchange,Muscularis_mucosa,0.0,0.0,92
FOXP3,Taurocholic acid,Muscularis_mucosa,0.0,0.0,92
FOXP3,Testosterone,Muscularis_mucosa,0.0,0.0,92
FOXP3,Water,Muscularis_mucosa,0.0,0.0,92
FOXP3,"17a-Ethynylestradiol|3',4'-Dihydrodiol|4'-Hydroxydiclofenac|4-Hydroxycyclophosphamide|8-Hydroxycarvedilol|E-3179|Estriol|Glycerol|N-Desmethylcitalopram|N-Desmethyleletriptan|O-Deethylated candesartan",Myofibroblast,0.0,0.0,219
FOXP3,2-Hydroxychlorpropamide,Myofibroblast,0.0,0.0,219
FOXP3,5-Hydroxyomeprazole,Myofibroblast,0.0,0.0,219
FOXP3,Acetate,Myofibroblast,0.0,0.0,219
FOXP3,Amiloride-sensitive sodium transport,Myofibroblast,0.0,0.0,219
FOXP3,Anion exchange,Myofibroblast,0.0,0.0,219
FOXP3,Chloride ion,Myofibroblast,0.0,0.0,219
FOXP3,Cholesterol,Myofibroblast,0.0,0.0,219
FOXP3,Cholic acid,Myofibroblast,0.0,0.0,219
FOXP3,Cortisol|Hydroxylansoprazole|N-Desmethyltamoxifen,Myofibroblast,0.0,0.0,219
FOXP3,Estradiol,Myofibroblast,0.0,0.0,219
FOXP3,Folic acid,Myofibroblast,0.0,0.0,219
FOXP3,Iron,Myofibroblast,0.0,0.0,219
FOXP3,L-Carnitine,Myofibroblast,0.0,0.0,219
FOXP3,N-desmethylimatinib,Myofibroblast,0.0,0.0,219
FOXP3,Nicotinate,Myofibroblast,0.0,0.0,219
FOXP3,O-Desmethylverapamil (D-702),Myofibroblast,0.0,0.0,219
FOXP3,Progesterone,Myofibroblast,0.0,0.0,219
FOXP3,Sodium,Myofibroblast,0.0,0.0,219
FOXP3,Sodium_hydrogen exchange,Myofibroblast,0.0,0.0,219
FOXP3,Taurocholic acid,Myofibroblast,0.0,0.0,219
FOXP3,Testosterone,Myofibroblast,0.0,0.0,219
FOXP3,Water,Myofibroblast,0.0,0.0,219
FOXP3,"17a-Ethynylestradiol|3',4'-Dihydrodiol|4'-Hydroxydiclofenac|4-Hydroxycyclophosphamide|8-Hydroxycarvedilol|E-3179|Estriol|Glycerol|N-Desmethylcitalopram|N-Desmethyleletriptan|O-Deethylated candesartan",Pericyte,0.0,0.0,109
FOXP3,2-Hydroxychlorpropamide,Pericyte,0.0,0.0,109
FOXP3,5-Hydroxyomeprazole,Pericyte,0.0,0.0,109
FOXP3,Acetate,Pericyte,0.0,0.0,109
FOXP3,Amiloride-sensitive sodium transport,Pericyte,0.0,0.0,109
FOXP3,Anion exchange,Pericyte,0.0,0.0,109
FOXP3,Chloride ion,Pericyte,0.0,0.0,109
FOXP3,Cholesterol,Pericyte,0.0,0.0,109
FOXP3,Cholic acid,Pericyte,0.0,0.0,109
FOXP3,Cortisol|Hydroxylansoprazole|N-Desmethyltamoxifen,Pericyte,0.0,0.0,109
FOXP3,Estradiol,Pericyte,0.0,0.0,109
FOXP3,Folic acid,Pericyte,0.0,0.0,109
FOXP3,Iron,Pericyte,0.0,0.0,109
FOXP3,L-Carnitine,Pericyte,0.0,0.0,109
FOXP3,N-desmethylimatinib,Pericyte,0.0,0.0,109
FOXP3,Nicotinate,Pericyte,0.0,0.0,109
FOXP3,O-Desmethylverapamil (D-702),Pericyte,0.0,0.0,109
FOXP3,Progesterone,Pericyte,0.0,0.0,109
FOXP3,Sodium,Pericyte,0.0,0.0,109
FOXP3,Sodium_hydrogen exchange,Pericyte,0.0,0.0,109
FOXP3,Taurocholic acid,Pericyte,0.0,0.0,109
FOXP3,Testosterone,Pericyte,0.0,0.0,109
FOXP3,Water,Pericyte,0.0,0.0,109
FOXP3,"17a-Ethynylestradiol|3',4'-Dihydrodiol|4'-Hydroxydiclofenac|4-Hydroxycyclophosphamide|8-Hydroxycarvedilol|E-3179|Estriol|Glycerol|N-Desmethylcitalopram|N-Desmethyleletriptan|O-Deethylated candesartan",Plasma,0.0,0.0,1230
FOXP3,2-Hydroxychlorpropamide,Plasma,0.0,0.0,1230
FOXP3,5-Hydroxyomeprazole,Plasma,0.0,0.0,1230
FOXP3,Acetate,Plasma,0.0,0.0,1230
FOXP3,Amiloride-sensitive sodium transport,Plasma,0.0,0.0,1230
FOXP3,Anion exchange,Plasma,0.0,0.0,1230
FOXP3,Chloride ion,Plasma,0.0,0.0,1230
FOXP3,Cholesterol,Plasma,0.0,0.0,1230
FOXP3,Cholic acid,Plasma,0.0,0.0,1230
FOXP3,Cortisol|Hydroxylansoprazole|N-Desmethyltamoxifen,Plasma,0.0,0.0,1230
FOXP3,Estradiol,Plasma,0.0,0.0,1230
FOXP3,Folic acid,Plasma,0.0,0.0,1230
FOXP3,Iron,Plasma,0.0,0.0,1230
FOXP3,L-Carnitine,Plasma,0.0,0.0,1230
FOXP3,N-desmethylimatinib,Plasma,0.0,0.0,1230
FOXP3,Nicotinate,Plasma,0.0,0.0,1230
FOXP3,O-Desmethylverapamil (D-702),Plasma,0.0,0.0,1230
FOXP3,Progesterone,Plasma,0.0,0.0,1230
FOXP3,Sodium,Plasma,0.0,0.0,1230
FOXP3,Sodium_hydrogen exchange,Plasma,0.0,0.0,1230
FOXP3,Taurocholic acid,Plasma,0.0,0.0,1230
FOXP3,Testosterone,Plasma,0.0,0.0,1230
FOXP3,Water,Plasma,0.0,0.0,1230
FOXP3,"17a-Ethynylestradiol|3',4'-Dihydrodiol|4'-Hydroxydiclofenac|4-Hydroxycyclophosphamide|8-Hydroxycarvedilol|E-3179|Estriol|Glycerol|N-Desmethylcitalopram|N-Desmethyleletriptan|O-Deethylated candesartan",T,0.0,0.0,632
FOXP3,2-Hydroxychlorpropamide,T,0.0,0.0,632
FOXP3,5-Hydroxyomeprazole,T,0.0,0.0,632
FOXP3,Acetate,T,0.0,0.0,632
FOXP3,Amiloride-sensitive sodium transport,T,0.0,0.0,632
FOXP3,Anion exchange,T,0.0,0.0,632
FOXP3,Chloride ion,T,0.0,0.0,632
FOXP3,Cholesterol,T,0.0,0.0,632
FOXP3,Cholic acid,T,0.0,0.0,632
FOXP3,Cortisol|Hydroxylansoprazole|N-Desmethyltamoxifen,T,0.0,0.0,632
FOXP3,Estradiol,T,0.0,0.0,632
FOXP3,Folic acid,T,0.0,0.0,632
FOXP3,Iron,T,0.0,0.0,632
FOXP3,L-Carnitine,T,0.0,0.0,632
FOXP3,N-desmethylimatinib,T,0.0,0.0,632
FOXP3,Nicotinate,T,0.0,0.0,632
FOXP3,O-Desmethylverapamil (D-702),T,0.0,0.0,632
FOXP3,Progesterone,T,0.0,0.0,632
FOXP3,Sodium,T,0.0,0.0,632
FOXP3,Sodium_hydrogen exchange,T,0.0,0.0,632
FOXP3,Taurocholic acid,T,0.0,0.0,632
FOXP3,Testosterone,T,0.0,0.0,632
FOXP3,Water,T,0.0,0.0,632
HIF1A,"(3a,5b,7a)-23-Carboxy-7-hydroxy-24-norcholan-3-yl-b-D-Glucopyranosiduronic acid|1b,3a,12a-Trihydroxy-5b-cholanoic acid|3-Sulfodeoxycholic acid|3alpha,7alpha-Dihydroxycoprostanic acid|3b-Hydroxy-5-cholenoic acid|Chenodeoxycholic acid|Chenodeoxycholic acid 3-sulfate|Coprocholic acid|Deoxycholic acid|Folinic acid|Glutathione|Glycochenodeoxycholate-3-sulfate|Hyodeoxycholic acid|Isoursodeoxycholic acid|Lithocholic acid|Sulfolithocholic acid|Trihydroxycoprostanoic acid|Ursocholic acid|Ursodeoxycholic acid|Ursodeoxycholic acid 3-sulfate|Varanic acid",B,0.0,0.0,20
HIF1A,"17a-Ethynylestradiol|3',4'-Dihydrodiol|4'-Hydroxydiclofenac|4-Hydroxycyclophosphamide|8-Hydroxycarvedilol|E-3179|Estriol|Glycerol|N-Desmethylcitalopram|N-Desmethyleletriptan|O-Deethylated candesartan",B,0.0,0.0,20
HIF1A,2-Hydroxychlorpropamide,B,0.0,0.0,20
HIF1A,4-ene-Valproic acid,B,0.0,0.0,20
HIF1A,5-Hydroxyomeprazole,B,0.0,0.0,20
HIF1A,Acetate,B,0.0,0.0,20
HIF1A,Acetyl-L-Carnitine|Choline|Creatine|Dopamine|Histamine|Norepinephrine,B,0.0,0.0,20
HIF1A,Adenosine triphosphate,B,0.0,0.0,20
HIF1A,Amiloride-sensitive sodium transport,B,0.0,0.0,20
HIF1A,Anion exchange,B,0.0,0.0,20
HIF1A,Butyrate|D-Lactate|Ketone bodies|L-Lactate|Pyruvate|alpha-Ketoisovaleric acid,B,0.0,0.0,20
HIF1A,Cadmium|Manganese|Zinc,B,0.0,0.0,20
HIF1A,Chloride ion,B,0.0,0.0,20
HIF1A,Cholesterol,B,0.0,0.0,20
HIF1A,Cholic acid,B,0.0,0.0,20
HIF1A,Citric acid|Oxalic acid,B,0.0,0.0,20
HIF1A,Cortisol|Hydroxylansoprazole|N-Desmethyltamoxifen,B,0.0,0.0,20
HIF1A,Estradiol,B,0.0,0.0,20
HIF1A,Fatty acid,B,0.0,0.0,20
HIF1A,Folic acid,B,0.0,0.0,20
HIF1A,Iron,B,0.0,0.0,20
HIF1A,L-Arginine|L-Cystine|L-Lysine|L-Ornithine,B,0.0,0.0,20
HIF1A,L-Carnitine,B,0.0,0.0,20
HIF1A,L-Glutamate,B,0.0,0.0,20
HIF1A,N-desmethylimatinib,B,0.0,0.0,20
HIF1A,Nicotinate,B,0.0,0.0,20
HIF1A,O-Desmethylverapamil (D-702),B,0.0,0.0,20
HIF1A,Phosphate,B,0.0,0.0,20
HIF1A,Progesterone,B,0.0,0.0,20
HIF1A,Sodium,B,0.0,0.0,20
HIF1A,Sodium_hydrogen exchange,B,0.0,0.0,20
HIF1A,Taurocholic acid,B,0.0,0.0,20
HIF1A,Testosterone,B,0.0,0.0,20
HIF1A,Water,B,0.0,0.0,20
HIF1A,"(3a,5b,7a)-23-Carboxy-7-hydroxy-24-norcholan-3-yl-b-D-Glucopyranosiduronic acid|1b,3a,12a-Trihydroxy-5b-cholanoic acid|3-Sulfodeoxycholic acid|3alpha,7alpha-Dihydroxycoprostanic acid|3b-Hydroxy-5-cholenoic acid|Chenodeoxycholic acid|Chenodeoxycholic acid 3-sulfate|Coprocholic acid|Deoxycholic acid|Folinic acid|Glutathione|Glycochenodeoxycholate-3-sulfate|Hyodeoxycholic acid|Isoursodeoxycholic acid|Lithocholic acid|Sulfolithocholic acid|Trihydroxycoprostanoic acid|Ursocholic acid|Ursodeoxycholic acid|Ursodeoxycholic acid 3-sulfate|Varanic acid",Endothelial,0.0,0.0,391
HIF1A,"17a-Ethynylestradiol|3',4'-Dihydrodiol|4'-Hydroxydiclofenac|4-Hydroxycyclophosphamide|8-Hydroxycarvedilol|E-3179|Estriol|Glycerol|N-Desmethylcitalopram|N-Desmethyleletriptan|O-Deethylated candesartan",Endothelial,0.0,0.0,391
HIF1A,2-Hydroxychlorpropamide,Endothelial,0.0,0.0,391
HIF1A,4-ene-Valproic acid,Endothelial,0.0,0.0,391
HIF1A,5-Hydroxyomeprazole,Endothelial,0.0,0.0,391
HIF1A,Acetate,Endothelial,0.0,0.0,391
HIF1A,Acetyl-L-Carnitine|Choline|Creatine|Dopamine|Histamine|Norepinephrine,Endothelial,0.0,0.0,391
HIF1A,Adenosine triphosphate,Endothelial,0.0,0.0,391
HIF1A,Amiloride-sensitive sodium transport,Endothelial,0.0,0.0,391
HIF1A,Anion exchange,Endothelial,0.0,0.0,391
HIF1A,Butyrate|D-Lactate|Ketone bodies|L-Lactate|Pyruvate|alpha-Ketoisovaleric acid,Endothelial,0.0,0.0,391
HIF1A,Cadmium|Manganese|Zinc,Endothelial,0.0,0.0,391
HIF1A,Chloride ion,Endothelial,0.0,0.0,391
HIF1A,Cholesterol,Endothelial,0.0,0.0,391
HIF1A,Cholic acid,Endothelial,0.0,0.0,391
HIF1A,Citric acid|Oxalic acid,Endothelial,0.0,0.0,391
HIF1A,Cortisol|Hydroxylansoprazole|N-Desmethyltamoxifen,Endothelial,0.0,0.0,391
HIF1A,Estradiol,Endothelial,0.0,0.0,391
HIF1A,Fatty acid,Endothelial,0.0,0.0,391
HIF1A,Folic acid,Endothelial,0.0,0.0,391
HIF1A,Iron,Endothelial,0.0,0.0,391
HIF1A,L-Arginine|L-Cystine|L-Lysine|L-Ornithine,Endothelial,0.0,0.0,391
HIF1A,L-Carnitine,Endothelial,0.0,0.0,391
HIF1A,L-Glutamate,Endothelial,0.0,0.0,391
HIF1A,N-desmethylimatinib,Endothelial,0.0,0.0,391
HIF1A,Nicotinate,Endothelial,0.0,0.0,391
HIF1A,O-Desmethylverapamil (D-702),Endothelial,0.0,0.0,391
HIF1A,Phosphate,Endothelial,0.0,0.0,391
HIF1A,Progesterone,Endothelial,0.0,0.0,391
HIF1A,Sodium,Endothelial,0.0,0.0,391
HIF1A,Sodium_hydrogen exchange,Endothelial,0.0,0.0,391
HIF1A,Taurocholic acid,Endothelial,0.0,0.0,391
HIF1A,Testosterone,Endothelial,0.0,0.0,391
HIF1A,Water,Endothelial,0.0,0.0,391
HIF1A,"(3a,5b,7a)-23-Carboxy-7-hydroxy-24-norcholan-3-yl-b-D-Glucopyranosiduronic acid|1b,3a,12a-Trihydroxy-5b-cholanoic acid|3-Sulfodeoxycholic acid|3alpha,7alpha-Dihydroxycoprostanic acid|3b-Hydroxy-5-cholenoic acid|Chenodeoxycholic acid|Chenodeoxycholic acid 3-sulfate|Coprocholic acid|Deoxycholic acid|Folinic acid|Glutathione|Glycochenodeoxycholate-3-sulfate|Hyodeoxycholic acid|Isoursodeoxycholic acid|Lithocholic acid|Sulfolithocholic acid|Trihydroxycoprostanoic acid|Ursocholic acid|Ursodeoxycholic acid|Ursodeoxycholic acid 3-sulfate|Varanic acid",Enteric_glia,0.0,0.0,92
HIF1A,"17a-Ethynylestradiol|3',4'-Dihydrodiol|4'-Hydroxydiclofenac|4-Hydroxycyclophosphamide|8-Hydroxycarvedilol|E-3179|Estriol|Glycerol|N-Desmethylcitalopram|N-Desmethyleletriptan|O-Deethylated candesartan",Enteric_glia,0.0,0.0,92
HIF1A,2-Hydroxychlorpropamide,Enteric_glia,0.0,0.0,92
HIF1A,4-ene-Valproic acid,Enteric_glia,0.0,0.0,92
HIF1A,5-Hydroxyomeprazole,Enteric_glia,0.0,0.0,92
HIF1A,Acetate,Enteric_glia,0.0,0.0,92
HIF1A,Acetyl-L-Carnitine|Choline|Creatine|Dopamine|Histamine|Norepinephrine,Enteric_glia,0.0,0.0,92
HIF1A,Adenosine triphosphate,Enteric_glia,0.0,0.0,92
HIF1A,Amiloride-sensitive sodium transport,Enteric_glia,0.0,0.0,92
HIF1A,Anion exchange,Enteric_glia,0.0,0.0,92
HIF1A,Butyrate|D-Lactate|Ketone bodies|L-Lactate|Pyruvate|alpha-Ketoisovaleric acid,Enteric_glia,0.0,0.0,92
HIF1A,Cadmium|Manganese|Zinc,Enteric_glia,0.0,0.0,92
HIF1A,Chloride ion,Enteric_glia,0.0,0.0,92
HIF1A,Cholesterol,Enteric_glia,0.0,0.0,92
HIF1A,Cholic acid,Enteric_glia,0.0,0.0,92
HIF1A,Citric acid|Oxalic acid,Enteric_glia,0.0,0.0,92
HIF1A,Cortisol|Hydroxylansoprazole|N-Desmethyltamoxifen,Enteric_glia,0.0,0.0,92
HIF1A,Estradiol,Enteric_glia,0.0,0.0,92
HIF1A,Fatty acid,Enteric_glia,0.0,0.0,92
HIF1A,Folic acid,Enteric_glia,0.0,0.0,92
HIF1A,Iron,Enteric_glia,0.0,0.0,92
HIF1A,L-Arginine|L-Cystine|L-Lysine|L-Ornithine,Enteric_glia,0.0,0.0,92
HIF1A,L-Carnitine,Enteric_glia,0.0,0.0,92
HIF1A,L-Glutamate,Enteric_glia,0.0,0.0,92
HIF1A,N-desmethylimatinib,Enteric_glia,0.0,0.0,92
HIF1A,Nicotinate,Enteric_glia,0.0,0.0,92
HIF1A,O-Desmethylverapamil (D-702),Enteric_glia,0.0,0.0,92
HIF1A,Phosphate,Enteric_glia,0.0,0.0,92
HIF1A,Progesterone,Enteric_glia,0.0,0.0,92
HIF1A,Sodium,Enteric_glia,0.0,0.0,92
HIF1A,Sodium_hydrogen exchange,Enteric_glia,0.0,0.0,92
HIF1A,Taurocholic acid,Enteric_glia,0.0,0.0,92
HIF1A,Testosterone,Enteric_glia,0.0,0.0,92
HIF1A,Water,Enteric_glia,0.0,0.0,92
HIF1A,"(3a,5b,7a)-23-Carboxy-7-hydroxy-24-norcholan-3-yl-b-D-Glucopyranosiduronic acid|1b,3a,12a-Trihydroxy-5b-cholanoic acid|3-Sulfodeoxycholic acid|3alpha,7alpha-Dihydroxycoprostanic acid|3b-Hydroxy-5-cholenoic acid|Chenodeoxycholic acid|Chenodeoxycholic acid 3-sulfate|Coprocholic acid|Deoxycholic acid|Folinic acid|Glutathione|Glycochenodeoxycholate-3-sulfate|Hyodeoxycholic acid|Isoursodeoxycholic acid|Lithocholic acid|Sulfolithocholic acid|Trihydroxycoprostanoic acid|Ursocholic acid|Ursodeoxycholic acid|Ursodeoxycholic acid 3-sulfate|Varanic acid",Fibroblast,0.0,0.0,944
HIF1A,"17a-Ethynylestradiol|3',4'-Dihydrodiol|4'-Hydroxydiclofenac|4-Hydroxycyclophosphamide|8-Hydroxycarvedilol|E-3179|Estriol|Glycerol|N-Desmethylcitalopram|N-Desmethyleletriptan|O-Deethylated candesartan",Fibroblast,0.0,0.0,944
HIF1A,2-Hydroxychlorpropamide,Fibroblast,0.0,0.0,944
HIF1A,4-ene-Valproic acid,Fibroblast,0.0,0.0,944
HIF1A,5-Hydroxyomeprazole,Fibroblast,0.0,0.0,944
HIF1A,Acetate,Fibroblast,0.0,0.0,944
HIF1A,Acetyl-L-Carnitine|Choline|Creatine|Dopamine|Histamine|Norepinephrine,Fibroblast,0.0,0.0,944
HIF1A,Adenosine triphosphate,Fibroblast,0.0,0.0,944
HIF1A,Amiloride-sensitive sodium transport,Fibroblast,0.0,0.0,944
HIF1A,Anion exchange,Fibroblast,0.0,0.0,944
HIF1A,Butyrate|D-Lactate|Ketone bodies|L-Lactate|Pyruvate|alpha-Ketoisovaleric acid,Fibroblast,0.0,0.0,944
HIF1A,Cadmium|Manganese|Zinc,Fibroblast,0.0,0.0,944
HIF1A,Chloride ion,Fibroblast,0.0,0.0,944
HIF1A,Cholesterol,Fibroblast,0.0,0.0,944
HIF1A,Cholic acid,Fibroblast,0.0,0.0,944
HIF1A,Citric acid|Oxalic acid,Fibroblast,0.0,0.0,944
HIF1A,Cortisol|Hydroxylansoprazole|N-Desmethyltamoxifen,Fibroblast,0.0,0.0,944
HIF1A,Estradiol,Fibroblast,0.0,0.0,944
HIF1A,Fatty acid,Fibroblast,0.0,0.0,944
HIF1A,Folic acid,Fibroblast,0.0,0.0,944
HIF1A,Iron,Fibroblast,0.0,0.0,944
HIF1A,L-Arginine|L-Cystine|L-Lysine|L-Ornithine,Fibroblast,0.0,0.0,944
HIF1A,L-Carnitine,Fibroblast,0.0,0.0,944
HIF1A,L-Glutamate,Fibroblast,0.0,0.0,944
HIF1A,N-desmethylimatinib,Fibroblast,0.0,0.0,944
HIF1A,Nicotinate,Fibroblast,0.0,0.0,944
HIF1A,O-Desmethylverapamil (D-702),Fibroblast,0.0,0.0,944
HIF1A,Phosphate,Fibroblast,0.0,0.0,944
HIF1A,Progesterone,Fibroblast,0.0,0.0,944
HIF1A,Sodium,Fibroblast,0.0,0.0,944
HIF1A,Sodium_hydrogen exchange,Fibroblast,0.0,0.0,944
HIF1A,Taurocholic acid,Fibroblast,0.0,0.0,944
HIF1A,Testosterone,Fibroblast,0.0,0.0,944
HIF1A,Water,Fibroblast,0.0,0.0,944
HIF1A,"(3a,5b,7a)-23-Carboxy-7-hydroxy-24-norcholan-3-yl-b-D-Glucopyranosiduronic acid|1b,3a,12a-Trihydroxy-5b-cholanoic acid|3-Sulfodeoxycholic acid|3alpha,7alpha-Dihydroxycoprostanic acid|3b-Hydroxy-5-cholenoic acid|Chenodeoxycholic acid|Chenodeoxycholic acid 3-sulfate|Coprocholic acid|Deoxycholic acid|Folinic acid|Glutathione|Glycochenodeoxycholate-3-sulfate|Hyodeoxycholic acid|Isoursodeoxycholic acid|Lithocholic acid|Sulfolithocholic acid|Trihydroxycoprostanoic acid|Ursocholic acid|Ursodeoxycholic acid|Ursodeoxycholic acid 3-sulfate|Varanic acid",IEC,6.3906422e-09,2.9508074e-09,7778
HIF1A,"17a-Ethynylestradiol|3',4'-Dihydrodiol|4'-Hydroxydiclofenac|4-Hydroxycyclophosphamide|8-Hydroxycarvedilol|E-3179|Estriol|Glycerol|N-Desmethylcitalopram|N-Desmethyleletriptan|O-Deethylated candesartan",IEC,-3.8599583e-06,8.4802315e-07,7778
HIF1A,2-Hydroxychlorpropamide,IEC,2.7598009e-07,4.4494474e-08,7778
HIF1A,4-ene-Valproic acid,IEC,-0.00013794728,2.1957168e-05,7778
HIF1A,5-Hydroxyomeprazole,IEC,-0.0007017503,0.0001627265,7778
HIF1A,Acetate,IEC,-4.5901128e-05,1.2290734e-05,7778
HIF1A,Acetyl-L-Carnitine|Choline|Creatine|Dopamine|Histamine|Norepinephrine,IEC,-2.3940745e-05,1.1623205e-05,7778
HIF1A,Adenosine triphosphate,IEC,2.5721747e-07,8.228121e-08,7778
HIF1A,Amiloride-sensitive sodium transport,IEC,-0.0001382618,1.3582885e-05,7778
HIF1A,Anion exchange,IEC,-0.08289936,0.0031461874,7778
HIF1A,Butyrate|D-Lactate|Ketone bodies|L-Lactate|Pyruvate|alpha-Ketoisovaleric acid,IEC,4.8552914e-07,1.3226517e-07,7778
HIF1A,Cadmium|Manganese|Zinc,IEC,4.8734328e-09,2.2129638e-09,7778
HIF1A,Chloride ion,IEC,0.002266125,0.00012485155,7778
HIF1A,Cholesterol,IEC,-0.0002791475,6.1869156e-05,7778
HIF1A,Cholic acid,IEC,-4.1628944e-05,2.727346e-05,7778
HIF1A,Citric acid|Oxalic acid,IEC,8.1402817e-07,7.4724056e-08,7778
HIF1A,Cortisol|Hydroxylansoprazole|N-Desmethyltamoxifen,IEC,-0.00028539705,0.00013989414,7778
HIF1A,Estradiol,IEC,-0.00031721898,9.055335e-05,7778
HIF1A,Fatty acid,IEC,0.00050375273,0.00012153081,7778
HIF1A,Folic acid,IEC,-0.0002610395,9.769958e-05,7778
HIF1A,Iron,IEC,-0.00026120228,5.44072e-05,7778
HIF1A,L-Arginine|L-Cystine|L-Lysine|L-Ornithine,IEC,-4.5956895e-07,2.1456411e-07,7778
HIF1A,L-Carnitine,IEC,-8.125001e-05,2.5263886e-05,7778
HIF1A,L-Glutamate,IEC,-2.4012777e-06,4.5766015e-07,7778
HIF1A,N-desmethylimatinib,IEC,-0.00025853104,8.075997e-05,7778
HIF1A,Nicotinate,IEC,-0.0004105197,0.000108351225,7778
HIF1A,O-Desmethylverapamil (D-702),IEC,-0.0008942426,0.0005235702,7778
HIF1A,Phosphate,IEC,2.9792514e-07,6.633084e-08,7778
HIF1A,Progesterone,IEC,2.9679802e-06,6.6076205e-07,7778
HIF1A,Sodium,IEC,0.00437347,0.00021658724,7778
HIF1A,Sodium_hydrogen exchange,IEC,-0.02479435,0.00077838416,7778
HIF1A,Taurocholic acid,IEC,-0.00053946674,0.00025346197,7778
HIF1A,Testosterone,IEC,-0.00023076482,6.992218e-05,7778
HIF1A,Water,IEC,-0.042901047,0.0016208851,7778
HIF1A,"(3a,5b,7a)-23-Carboxy-7-hydroxy-24-norcholan-3-yl-b-D-Glucopyranosiduronic acid|1b,3a,12a-Trihydroxy-5b-cholanoic acid|3-Sulfodeoxycholic acid|3alpha,7alpha-Dihydroxycoprostanic acid|3b-Hydroxy-5-cholenoic acid|Chenodeoxycholic acid|Chenodeoxycholic acid 3-sulfate|Coprocholic acid|Deoxycholic acid|Folinic acid|Glutathione|Glycochenodeoxycholate-3-sulfate|Hyodeoxycholic acid|Isoursodeoxycholic acid|Lithocholic acid|Sulfolithocholic acid|Trihydroxycoprostanoic acid|Ursocholic acid|Ursodeoxycholic acid|Ursodeoxycholic acid 3-sulfate|Varanic acid",MAST,0.0,0.0,171
HIF1A,"17a-Ethynylestradiol|3',4'-Dihydrodiol|4'-Hydroxydiclofenac|4-Hydroxycyclophosphamide|8-Hydroxycarvedilol|E-3179|Estriol|Glycerol|N-Desmethylcitalopram|N-Desmethyleletriptan|O-Deethylated candesartan",MAST,0.0,0.0,171
HIF1A,2-Hydroxychlorpropamide,MAST,0.0,0.0,171
HIF1A,4-ene-Valproic acid,MAST,0.0,0.0,171
HIF1A,5-Hydroxyomeprazole,MAST,0.0,0.0,171
HIF1A,Acetate,MAST,0.0,0.0,171
HIF1A,Acetyl-L-Carnitine|Choline|Creatine|Dopamine|Histamine|Norepinephrine,MAST,0.0,0.0,171
HIF1A,Adenosine triphosphate,MAST,0.0,0.0,171
HIF1A,Amiloride-sensitive sodium transport,MAST,0.0,0.0,171
HIF1A,Anion exchange,MAST,0.0,0.0,171
HIF1A,Butyrate|D-Lactate|Ketone bodies|L-Lactate|Pyruvate|alpha-Ketoisovaleric acid,MAST,0.0,0.0,171
HIF1A,Cadmium|Manganese|Zinc,MAST,0.0,0.0,171
HIF1A,Chloride ion,MAST,0.0,0.0,171
HIF1A,Cholesterol,MAST,0.0,0.0,171
HIF1A,Cholic acid,MAST,0.0,0.0,171
HIF1A,Citric acid|Oxalic acid,MAST,0.0,0.0,171
HIF1A,Cortisol|Hydroxylansoprazole|N-Desmethyltamoxifen,MAST,0.0,0.0,171
HIF1A,Estradiol,MAST,0.0,0.0,171
HIF1A,Fatty acid,MAST,0.0,0.0,171
HIF1A,Folic acid,MAST,0.0,0.0,171
HIF1A,Iron,MAST,0.0,0.0,171
HIF1A,L-Arginine|L-Cystine|L-Lysine|L-Ornithine,MAST,0.0,0.0,171
HIF1A,L-Carnitine,MAST,0.0,0.0,171
HIF1A,L-Glutamate,MAST,0.0,0.0,171
HIF1A,N-desmethylimatinib,MAST,0.0,0.0,171
HIF1A,Nicotinate,MAST,0.0,0.0,171
HIF1A,O-Desmethylverapamil (D-702),MAST,0.0,0.0,171
HIF1A,Phosphate,MAST,0.0,0.0,171
HIF1A,Progesterone,MAST,0.0,0.0,171
HIF1A,Sodium,MAST,0.0,0.0,171
HIF1A,Sodium_hydrogen exchange,MAST,0.0,0.0,171
HIF1A,Taurocholic acid,MAST,0.0,0.0,171
HIF1A,Testosterone,MAST,0.0,0.0,171
HIF1A,Water,MAST,0.0,0.0,171
HIF1A,"(3a,5b,7a)-23-Carboxy-7-hydroxy-24-norcholan-3-yl-b-D-Glucopyranosiduronic acid|1b,3a,12a-Trihydroxy-5b-cholanoic acid|3-Sulfodeoxycholic acid|3alpha,7alpha-Dihydroxycoprostanic acid|3b-Hydroxy-5-cholenoic acid|Chenodeoxycholic acid|Chenodeoxycholic acid 3-sulfate|Coprocholic acid|Deoxycholic acid|Folinic acid|Glutathione|Glycochenodeoxycholate-3-sulfate|Hyodeoxycholic acid|Isoursodeoxycholic acid|Lithocholic acid|Sulfolithocholic acid|Trihydroxycoprostanoic acid|Ursocholic acid|Ursodeoxycholic acid|Ursodeoxycholic acid 3-sulfate|Varanic acid",MNP,0.0,0.0,464
HIF1A,"17a-Ethynylestradiol|3',4'-Dihydrodiol|4'-Hydroxydiclofenac|4-Hydroxycyclophosphamide|8-Hydroxycarvedilol|E-3179|Estriol|Glycerol|N-Desmethylcitalopram|N-Desmethyleletriptan|O-Deethylated candesartan",MNP,0.0,0.0,464
HIF1A,2-Hydroxychlorpropamide,MNP,0.0,0.0,464
HIF1A,4-ene-Valproic acid,MNP,0.0,0.0,464
HIF1A,5-Hydroxyomeprazole,MNP,0.0,0.0,464
HIF1A,Acetate,MNP,0.0,0.0,464
HIF1A,Acetyl-L-Carnitine|Choline|Creatine|Dopamine|Histamine|Norepinephrine,MNP,0.0,0.0,464
HIF1A,Adenosine triphosphate,MNP,0.0,0.0,464
HIF1A,Amiloride-sensitive sodium transport,MNP,0.0,0.0,464
HIF1A,Anion exchange,MNP,0.0,0.0,464
HIF1A,Butyrate|D-Lactate|Ketone bodies|L-Lactate|Pyruvate|alpha-Ketoisovaleric acid,MNP,0.0,0.0,464
HIF1A,Cadmium|Manganese|Zinc,MNP,0.0,0.0,464
HIF1A,Chloride ion,MNP,0.0,0.0,464
HIF1A,Cholesterol,MNP,0.0,0.0,464
HIF1A,Cholic acid,MNP,0.0,0.0,464
HIF1A,Citric acid|Oxalic acid,MNP,0.0,0.0,464
HIF1A,Cortisol|Hydroxylansoprazole|N-Desmethyltamoxifen,MNP,0.0,0.0,464
HIF1A,Estradiol,MNP,0.0,0.0,464
HIF1A,Fatty acid,MNP,0.0,0.0,464
HIF1A,Folic acid,MNP,0.0,0.0,464
HIF1A,Iron,MNP,0.0,0.0,464
HIF1A,L-Arginine|L-Cystine|L-Lysine|L-Ornithine,MNP,0.0,0.0,464
HIF1A,L-Carnitine,MNP,0.0,0.0,464
HIF1A,L-Glutamate,MNP,0.0,0.0,464
HIF1A,N-desmethylimatinib,MNP,0.0,0.0,464
HIF1A,Nicotinate,MNP,0.0,0.0,464
HIF1A,O-Desmethylverapamil (D-702),MNP,0.0,0.0,464
HIF1A,Phosphate,MNP,0.0,0.0,464
HIF1A,Progesterone,MNP,0.0,0.0,464
HIF1A,Sodium,MNP,0.0,0.0,464
HIF1A,Sodium_hydrogen exchange,MNP,0.0,0.0,464
HIF1A,Taurocholic acid,MNP,0.0,0.0,464
HIF1A,Testosterone,MNP,0.0,0.0,464
HIF1A,Water,MNP,0.0,0.0,464
HIF1A,"(3a,5b,7a)-23-Carboxy-7-hydroxy-24-norcholan-3-yl-b-D-Glucopyranosiduronic acid|1b,3a,12a-Trihydroxy-5b-cholanoic acid|3-Sulfodeoxycholic acid|3alpha,7alpha-Dihydroxycoprostanic acid|3b-Hydroxy-5-cholenoic acid|Chenodeoxycholic acid|Chenodeoxycholic acid 3-sulfate|Coprocholic acid|Deoxycholic acid|Folinic acid|Glutathione|Glycochenodeoxycholate-3-sulfate|Hyodeoxycholic acid|Isoursodeoxycholic acid|Lithocholic acid|Sulfolithocholic acid|Trihydroxycoprostanoic acid|Ursocholic acid|Ursodeoxycholic acid|Ursodeoxycholic acid 3-sulfate|Varanic acid",Muscularis_mucosa,0.0,0.0,92
HIF1A,"17a-Ethynylestradiol|3',4'-Dihydrodiol|4'-Hydroxydiclofenac|4-Hydroxycyclophosphamide|8-Hydroxycarvedilol|E-3179|Estriol|Glycerol|N-Desmethylcitalopram|N-Desmethyleletriptan|O-Deethylated candesartan",Muscularis_mucosa,0.0,0.0,92
HIF1A,2-Hydroxychlorpropamide,Muscularis_mucosa,0.0,0.0,92
HIF1A,4-ene-Valproic acid,Muscularis_mucosa,0.0,0.0,92
HIF1A,5-Hydroxyomeprazole,Muscularis_mucosa,0.0,0.0,92
HIF1A,Acetate,Muscularis_mucosa,0.0,0.0,92
HIF1A,Acetyl-L-Carnitine|Choline|Creatine|Dopamine|Histamine|Norepinephrine,Muscularis_mucosa,0.0,0.0,92
HIF1A,Adenosine triphosphate,Muscularis_mucosa,0.0,0.0,92
HIF1A,Amiloride-sensitive sodium transport,Muscularis_mucosa,0.0,0.0,92
HIF1A,Anion exchange,Muscularis_mucosa,0.0,0.0,92
HIF1A,Butyrate|D-Lactate|Ketone bodies|L-Lactate|Pyruvate|alpha-Ketoisovaleric acid,Muscularis_mucosa,0.0,0.0,92
HIF1A,Cadmium|Manganese|Zinc,Muscularis_mucosa,0.0,0.0,92
HIF1A,Chloride ion,Muscularis_mucosa,0.0,0.0,92
HIF1A,Cholesterol,Muscularis_mucosa,0.0,0.0,92
HIF1A,Cholic acid,Muscularis_mucosa,0.0,0.0,92
HIF1A,Citric acid|Oxalic acid,Muscularis_mucosa,0.0,0.0,92
HIF1A,Cortisol|Hydroxylansoprazole|N-Desmethyltamoxifen,Muscularis_mucosa,0.0,0.0,92
HIF1A,Estradiol,Muscularis_mucosa,0.0,0.0,92
HIF1A,Fatty acid,Muscularis_mucosa,0.0,0.0,92
HIF1A,Folic acid,Muscularis_mucosa,0.0,0.0,92
HIF1A,Iron,Muscularis_mucosa,0.0,0.0,92
HIF1A,L-Arginine|L-Cystine|L-Lysine|L-Ornithine,Muscularis_mucosa,0.0,0.0,92
HIF1A,L-Carnitine,Muscularis_mucosa,0.0,0.0,92
HIF1A,L-Glutamate,Muscularis_mucosa,0.0,0.0,92
HIF1A,N-desmethylimatinib,Muscularis_mucosa,0.0,0.0,92
HIF1A,Nicotinate,Muscularis_mucosa,0.0,0.0,92
HIF1A,O-Desmethylverapamil (D-702),Muscularis_mucosa,0.0,0.0,92
HIF1A,Phosphate,Muscularis_mucosa,0.0,0.0,92
HIF1A,Progesterone,Muscularis_mucosa,0.0,0.0,92
HIF1A,Sodium,Muscularis_mucosa,0.0,0.0,92
HIF1A,Sodium_hydrogen exchange,Muscularis_mucosa,0.0,0.0,92
HIF1A,Taurocholic acid,Muscularis_mucosa,0.0,0.0,92
HIF1A,Testosterone,Muscularis_mucosa,0.0,0.0,92
HIF1A,Water,Muscularis_mucosa,0.0,0.0,92
HIF1A,"(3a,5b,7a)-23-Carboxy-7-hydroxy-24-norcholan-3-yl-b-D-Glucopyranosiduronic acid|1b,3a,12a-Trihydroxy-5b-cholanoic acid|3-Sulfodeoxycholic acid|3alpha,7alpha-Dihydroxycoprostanic acid|3b-Hydroxy-5-cholenoic acid|Chenodeoxycholic acid|Chenodeoxycholic acid 3-sulfate|Coprocholic acid|Deoxycholic acid|Folinic acid|Glutathione|Glycochenodeoxycholate-3-sulfate|Hyodeoxycholic acid|Isoursodeoxycholic acid|Lithocholic acid|Sulfolithocholic acid|Trihydroxycoprostanoic acid|Ursocholic acid|Ursodeoxycholic acid|Ursodeoxycholic acid 3-sulfate|Varanic acid",Myofibroblast,0.0,0.0,219
HIF1A,"17a-Ethynylestradiol|3',4'-Dihydrodiol|4'-Hydroxydiclofenac|4-Hydroxycyclophosphamide|8-Hydroxycarvedilol|E-3179|Estriol|Glycerol|N-Desmethylcitalopram|N-Desmethyleletriptan|O-Deethylated candesartan",Myofibroblast,0.0,0.0,219
HIF1A,2-Hydroxychlorpropamide,Myofibroblast,0.0,0.0,219
HIF1A,4-ene-Valproic acid,Myofibroblast,0.0,0.0,219
HIF1A,5-Hydroxyomeprazole,Myofibroblast,0.0,0.0,219
HIF1A,Acetate,Myofibroblast,0.0,0.0,219
HIF1A,Acetyl-L-Carnitine|Choline|Creatine|Dopamine|Histamine|Norepinephrine,Myofibroblast,0.0,0.0,219
HIF1A,Adenosine triphosphate,Myofibroblast,0.0,0.0,219
HIF1A,Amiloride-sensitive sodium transport,Myofibroblast,0.0,0.0,219
HIF1A,Anion exchange,Myofibroblast,0.0,0.0,219
HIF1A,Butyrate|D-Lactate|Ketone bodies|L-Lactate|Pyruvate|alpha-Ketoisovaleric acid,Myofibroblast,0.0,0.0,219
HIF1A,Cadmium|Manganese|Zinc,Myofibroblast,0.0,0.0,219
HIF1A,Chloride ion,Myofibroblast,0.0,0.0,219
HIF1A,Cholesterol,Myofibroblast,0.0,0.0,219
HIF1A,Cholic acid,Myofibroblast,0.0,0.0,219
HIF1A,Citric acid|Oxalic acid,Myofibroblast,0.0,0.0,219
HIF1A,Cortisol|Hydroxylansoprazole|N-Desmethyltamoxifen,Myofibroblast,0.0,0.0,219
HIF1A,Estradiol,Myofibroblast,0.0,0.0,219
HIF1A,Fatty acid,Myofibroblast,0.0,0.0,219
HIF1A,Folic acid,Myofibroblast,0.0,0.0,219
HIF1A,Iron,Myofibroblast,0.0,0.0,219
HIF1A,L-Arginine|L-Cystine|L-Lysine|L-Ornithine,Myofibroblast,0.0,0.0,219
HIF1A,L-Carnitine,Myofibroblast,0.0,0.0,219
HIF1A,L-Glutamate,Myofibroblast,0.0,0.0,219
HIF1A,N-desmethylimatinib,Myofibroblast,0.0,0.0,219
HIF1A,Nicotinate,Myofibroblast,0.0,0.0,219
HIF1A,O-Desmethylverapamil (D-702),Myofibroblast,0.0,0.0,219
HIF1A,Phosphate,Myofibroblast,0.0,0.0,219
HIF1A,Progesterone,Myofibroblast,0.0,0.0,219
HIF1A,Sodium,Myofibroblast,0.0,0.0,219
HIF1A,Sodium_hydrogen exchange,Myofibroblast,0.0,0.0,219
HIF1A,Taurocholic acid,Myofibroblast,0.0,0.0,219
HIF1A,Testosterone,Myofibroblast,0.0,0.0,219
HIF1A,Water,Myofibroblast,0.0,0.0,219
HIF1A,"(3a,5b,7a)-23-Carboxy-7-hydroxy-24-norcholan-3-yl-b-D-Glucopyranosiduronic acid|1b,3a,12a-Trihydroxy-5b-cholanoic acid|3-Sulfodeoxycholic acid|3alpha,7alpha-Dihydroxycoprostanic acid|3b-Hydroxy-5-cholenoic acid|Chenodeoxycholic acid|Chenodeoxycholic acid 3-sulfate|Coprocholic acid|Deoxycholic acid|Folinic acid|Glutathione|Glycochenodeoxycholate-3-sulfate|Hyodeoxycholic acid|Isoursodeoxycholic acid|Lithocholic acid|Sulfolithocholic acid|Trihydroxycoprostanoic acid|Ursocholic acid|Ursodeoxycholic acid|Ursodeoxycholic acid 3-sulfate|Varanic acid",Pericyte,0.0,0.0,109
HIF1A,"17a-Ethynylestradiol|3',4'-Dihydrodiol|4'-Hydroxydiclofenac|4-Hydroxycyclophosphamide|8-Hydroxycarvedilol|E-3179|Estriol|Glycerol|N-Desmethylcitalopram|N-Desmethyleletriptan|O-Deethylated candesartan",Pericyte,0.0,0.0,109
HIF1A,2-Hydroxychlorpropamide,Pericyte,0.0,0.0,109
HIF1A,4-ene-Valproic acid,Pericyte,0.0,0.0,109
HIF1A,5-Hydroxyomeprazole,Pericyte,0.0,0.0,109
HIF1A,Acetate,Pericyte,0.0,0.0,109
HIF1A,Acetyl-L-Carnitine|Choline|Creatine|Dopamine|Histamine|Norepinephrine,Pericyte,0.0,0.0,109
HIF1A,Adenosine triphosphate,Pericyte,0.0,0.0,109
HIF1A,Amiloride-sensitive sodium transport,Pericyte,0.0,0.0,109
HIF1A,Anion exchange,Pericyte,0.0,0.0,109
HIF1A,Butyrate|D-Lactate|Ketone bodies|L-Lactate|Pyruvate|alpha-Ketoisovaleric acid,Pericyte,0.0,0.0,109
HIF1A,Cadmium|Manganese|Zinc,Pericyte,0.0,0.0,109
HIF1A,Chloride ion,Pericyte,0.0,0.0,109
HIF1A,Cholesterol,Pericyte,0.0,0.0,109
HIF1A,Cholic acid,Pericyte,0.0,0.0,109
HIF1A,Citric acid|Oxalic acid,Pericyte,0.0,0.0,109
HIF1A,Cortisol|Hydroxylansoprazole|N-Desmethyltamoxifen,Pericyte,0.0,0.0,109
HIF1A,Estradiol,Pericyte,0.0,0.0,109
HIF1A,Fatty acid,Pericyte,0.0,0.0,109
HIF1A,Folic acid,Pericyte,0.0,0.0,109
HIF1A,Iron,Pericyte,0.0,0.0,109
HIF1A,L-Arginine|L-Cystine|L-Lysine|L-Ornithine,Pericyte,0.0,0.0,109
HIF1A,L-Carnitine,Pericyte,0.0,0.0,109
HIF1A,L-Glutamate,Pericyte,0.0,0.0,109
HIF1A,N-desmethylimatinib,Pericyte,0.0,0.0,109
HIF1A,Nicotinate,Pericyte,0.0,0.0,109
HIF1A,O-Desmethylverapamil (D-702),Pericyte,0.0,0.0,109
HIF1A,Phosphate,Pericyte,0.0,0.0,109
HIF1A,Progesterone,Pericyte,0.0,0.0,109
HIF1A,Sodium,Pericyte,0.0,0.0,109
HIF1A,Sodium_hydrogen exchange,Pericyte,0.0,0.0,109
HIF1A,Taurocholic acid,Pericyte,0.0,0.0,109
HIF1A,Testosterone,Pericyte,0.0,0.0,109
HIF1A,Water,Pericyte,0.0,0.0,109
HIF1A,"(3a,5b,7a)-23-Carboxy-7-hydroxy-24-norcholan-3-yl-b-D-Glucopyranosiduronic acid|1b,3a,12a-Trihydroxy-5b-cholanoic acid|3-Sulfodeoxycholic acid|3alpha,7alpha-Dihydroxycoprostanic acid|3b-Hydroxy-5-cholenoic acid|Chenodeoxycholic acid|Chenodeoxycholic acid 3-sulfate|Coprocholic acid|Deoxycholic acid|Folinic acid|Glutathione|Glycochenodeoxycholate-3-sulfate|Hyodeoxycholic acid|Isoursodeoxycholic acid|Lithocholic acid|Sulfolithocholic acid|Trihydroxycoprostanoic acid|Ursocholic acid|Ursodeoxycholic acid|Ursodeoxycholic acid 3-sulfate|Varanic acid",Plasma,0.0,0.0,1230
HIF1A,"17a-Ethynylestradiol|3',4'-Dihydrodiol|4'-Hydroxydiclofenac|4-Hydroxycyclophosphamide|8-Hydroxycarvedilol|E-3179|Estriol|Glycerol|N-Desmethylcitalopram|N-Desmethyleletriptan|O-Deethylated candesartan",Plasma,0.0,0.0,1230
HIF1A,2-Hydroxychlorpropamide,Plasma,0.0,0.0,1230
HIF1A,4-ene-Valproic acid,Plasma,0.0,0.0,1230
HIF1A,5-Hydroxyomeprazole,Plasma,0.0,0.0,1230
HIF1A,Acetate,Plasma,0.0,0.0,1230
HIF1A,Acetyl-L-Carnitine|Choline|Creatine|Dopamine|Histamine|Norepinephrine,Plasma,0.0,0.0,1230
HIF1A,Adenosine triphosphate,Plasma,0.0,0.0,1230
HIF1A,Amiloride-sensitive sodium transport,Plasma,0.0,0.0,1230
HIF1A,Anion exchange,Plasma,0.0,0.0,1230
HIF1A,Butyrate|D-Lactate|Ketone bodies|L-Lactate|Pyruvate|alpha-Ketoisovaleric acid,Plasma,0.0,0.0,1230
HIF1A,Cadmium|Manganese|Zinc,Plasma,0.0,0.0,1230
HIF1A,Chloride ion,Plasma,0.0,0.0,1230
HIF1A,Cholesterol,Plasma,0.0,0.0,1230
HIF1A,Cholic acid,Plasma,0.0,0.0,1230
HIF1A,Citric acid|Oxalic acid,Plasma,0.0,0.0,1230
HIF1A,Cortisol|Hydroxylansoprazole|N-Desmethyltamoxifen,Plasma,0.0,0.0,1230
HIF1A,Estradiol,Plasma,0.0,0.0,1230
HIF1A,Fatty acid,Plasma,0.0,0.0,1230
HIF1A,Folic acid,Plasma,0.0,0.0,1230
HIF1A,Iron,Plasma,0.0,0.0,1230
HIF1A,L-Arginine|L-Cystine|L-Lysine|L-Ornithine,Plasma,0.0,0.0,1230
HIF1A,L-Carnitine,Plasma,0.0,0.0,1230
HIF1A,L-Glutamate,Plasma,0.0,0.0,1230
HIF1A,N-desmethylimatinib,Plasma,0.0,0.0,1230
HIF1A,Nicotinate,Plasma,0.0,0.0,1230
HIF1A,O-Desmethylverapamil (D-702),Plasma,0.0,0.0,1230
HIF1A,Phosphate,Plasma,0.0,0.0,1230
HIF1A,Progesterone,Plasma,0.0,0.0,1230
HIF1A,Sodium,Plasma,0.0,0.0,1230
HIF1A,Sodium_hydrogen exchange,Plasma,0.0,0.0,1230
HIF1A,Taurocholic acid,Plasma,0.0,0.0,1230
HIF1A,Testosterone,Plasma,0.0,0.0,1230
HIF1A,Water,Plasma,0.0,0.0,1230
HIF1A,"(3a,5b,7a)-23-Carboxy-7-hydroxy-24-norcholan-3-yl-b-D-Glucopyranosiduronic acid|1b,3a,12a-Trihydroxy-5b-cholanoic acid|3-Sulfodeoxycholic acid|3alpha,7alpha-Dihydroxycoprostanic acid|3b-Hydroxy-5-cholenoic acid|Chenodeoxycholic acid|Chenodeoxycholic acid 3-sulfate|Coprocholic acid|Deoxycholic acid|Folinic acid|Glutathione|Glycochenodeoxycholate-3-sulfate|Hyodeoxycholic acid|Isoursodeoxycholic acid|Lithocholic acid|Sulfolithocholic acid|Trihydroxycoprostanoic acid|Ursocholic acid|Ursodeoxycholic acid|Ursodeoxycholic acid 3-sulfate|Varanic acid",T,0.0,0.0,632
HIF1A,"17a-Ethynylestradiol|3',4'-Dihydrodiol|4'-Hydroxydiclofenac|4-Hydroxycyclophosphamide|8-Hydroxycarvedilol|E-3179|Estriol|Glycerol|N-Desmethylcitalopram|N-Desmethyleletriptan|O-Deethylated candesartan",T,0.0,0.0,632
HIF1A,2-Hydroxychlorpropamide,T,0.0,0.0,632
HIF1A,4-ene-Valproic acid,T,-7.197652e-09,7.4324297e-10,632
HIF1A,5-Hydroxyomeprazole,T,1.3023311e-09,1.0100139e-10,632
HIF1A,Acetate,T,2.2853065e-08,5.8037136e-10,632
HIF1A,Acetyl-L-Carnitine|Choline|Creatine|Dopamine|Histamine|Norepinephrine,T,3.0153434e-08,5.4654076e-10,632
HIF1A,Adenosine triphosphate,T,8.975035e-09,1.1226575e-09,632
HIF1A,Amiloride-sensitive sodium transport,T,0.0,0.0,632
HIF1A,Anion exchange,T,3.6876173e-07,3.869791e-09,632
HIF1A,Butyrate|D-Lactate|Ketone bodies|L-Lactate|Pyruvate|alpha-Ketoisovaleric acid,T,0.0,0.0,632
HIF1A,Cadmium|Manganese|Zinc,T,0.0,0.0,632
HIF1A,Chloride ion,T,-1.314011e-08,3.9936943e-10,632
HIF1A,Cholesterol,T,3.330031e-09,2.1902631e-10,632
HIF1A,Cholic acid,T,6.4599405e-08,1.4435508e-09,632
HIF1A,Citric acid|Oxalic acid,T,0.0,0.0,632
HIF1A,Cortisol|Hydroxylansoprazole|N-Desmethyltamoxifen,T,1.3406808e-09,2.2766933e-10,632
HIF1A,Estradiol,T,1.4438506e-09,2.817327e-10,632
HIF1A,Fatty acid,T,5.1381395e-08,1.3156325e-09,632
HIF1A,Folic acid,T,0.0,0.0,632
HIF1A,Iron,T,-2.998952e-08,3.6281927e-10,632
HIF1A,L-Arginine|L-Cystine|L-Lysine|L-Ornithine,T,0.0,0.0,632
HIF1A,L-Carnitine,T,2.2797078e-08,1.2163333e-09,632
HIF1A,L-Glutamate,T,0.0,0.0,632
HIF1A,N-desmethylimatinib,T,5.9304988e-09,1.2111029e-10,632
HIF1A,Nicotinate,T,-2.6171131e-08,2.7044716e-10,632
HIF1A,O-Desmethylverapamil (D-702),T,-1.2771283e-08,7.140927e-10,632
HIF1A,Phosphate,T,0.0,0.0,632
HIF1A,Progesterone,T,0.0,0.0,632
HIF1A,Sodium,T,-5.8781655e-09,2.1171107e-10,632
HIF1A,Sodium_hydrogen exchange,T,8.2784894e-08,1.6906321e-09,632
HIF1A,Taurocholic acid,T,6.2725913e-09,1.4426331e-10,632
HIF1A,Testosterone,T,4.6942183e-09,7.5873086e-10,632
HIF1A,Water,T,1.0067443e-10,9.513757e-12,632
IL2RA,"17a-Ethynylestradiol|3',4'-Dihydrodiol|4'-Hydroxydiclofenac|4-Hydroxycyclophosphamide|8-Hydroxycarvedilol|E-3179|Estriol|Glycerol|N-Desmethylcitalopram|N-Desmethyleletriptan|O-Deethylated candesartan",B,0.0,0.0,20
IL2RA,2-Hydroxychlorpropamide,B,0.0,0.0,20
IL2RA,4-ene-Valproic acid,B,0.0,0.0,20
IL2RA,5-Hydroxyomeprazole,B,0.0,0.0,20
IL2RA,Acetate,B,0.0,0.0,20
IL2RA,Acetyl-L-Carnitine|Choline|Creatine|Dopamine|Histamine|Norepinephrine,B,0.0,0.0,20
IL2RA,Amiloride-sensitive sodium transport,B,0.0,0.0,20
IL2RA,Anion exchange,B,0.0,0.0,20
IL2RA,Chloride ion,B,0.0,0.0,20
IL2RA,Cholesterol,B,0.0,0.0,20
IL2RA,Cholic acid,B,0.0,0.0,20
IL2RA,Cortisol|Hydroxylansoprazole|N-Desmethyltamoxifen,B,0.0,0.0,20
IL2RA,Estradiol,B,0.0,0.0,20
IL2RA,Fatty acid,B,0.0,0.0,20
IL2RA,Folic acid,B,0.0,0.0,20
IL2RA,Iron,B,0.0,0.0,20
IL2RA,L-Carnitine,B,0.0,0.0,20
IL2RA,N-desmethylimatinib,B,0.0,0.0,20
IL2RA,Nicotinate,B,0.0,0.0,20
IL2RA,O-Desmethylverapamil (D-702),B,0.0,0.0,20
IL2RA,Progesterone,B,0.0,0.0,20
IL2RA,Sodium,B,0.0,0.0,20
IL2RA,Sodium_hydrogen exchange,B,0.0,0.0,20
IL2RA,Taurocholic acid,B,0.0,0.0,20
IL2RA,Testosterone,B,0.0,0.0,20
IL2RA,Water,B,0.0,0.0,20
IL2RA,"17a-Ethynylestradiol|3',4'-Dihydrodiol|4'-Hydroxydiclofenac|4-Hydroxycyclophosphamide|8-Hydroxycarvedilol|E-3179|Estriol|Glycerol|N-Desmethylcitalopram|N-Desmethyleletriptan|O-Deethylated candesartan",Endothelial,0.0,0.0,391
IL2RA,2-Hydroxychlorpropamide,Endothelial,0.0,0.0,391
IL2RA,4-ene-Valproic acid,Endothelial,0.0,0.0,391
IL2RA,5-Hydroxyomeprazole,Endothelial,0.0,0.0,391
IL2RA,Acetate,Endothelial,0.0,0.0,391
IL2RA,Acetyl-L-Carnitine|Choline|Creatine|Dopamine|Histamine|Norepinephrine,Endothelial,0.0,0.0,391
IL2RA,Amiloride-sensitive sodium transport,Endothelial,0.0,0.0,391
IL2RA,Anion exchange,Endothelial,0.0,0.0,391
IL2RA,Chloride ion,Endothelial,0.0,0.0,391
IL2RA,Cholesterol,Endothelial,0.0,0.0,391
IL2RA,Cholic acid,Endothelial,0.0,0.0,391
IL2RA,Cortisol|Hydroxylansoprazole|N-Desmethyltamoxifen,Endothelial,0.0,0.0,391
IL2RA,Estradiol,Endothelial,0.0,0.0,391
IL2RA,Fatty acid,Endothelial,0.0,0.0,391
IL2RA,Folic acid,Endothelial,0.0,0.0,391
IL2RA,Iron,Endothelial,0.0,0.0,391
IL2RA,L-Carnitine,Endothelial,0.0,0.0,391
IL2RA,N-desmethylimatinib,Endothelial,0.0,0.0,391
IL2RA,Nicotinate,Endothelial,0.0,0.0,391
IL2RA,O-Desmethylverapamil (D-702),Endothelial,0.0,0.0,391
IL2RA,Progesterone,Endothelial,0.0,0.0,391
IL2RA,Sodium,Endothelial,0.0,0.0,391
IL2RA,Sodium_hydrogen exchange,Endothelial,0.0,0.0,391
IL2RA,Taurocholic acid,Endothelial,0.0,0.0,391
IL2RA,Testosterone,Endothelial,0.0,0.0,391
IL2RA,Water,Endothelial,0.0,0.0,391
IL2RA,"17a-Ethynylestradiol|3',4'-Dihydrodiol|4'-Hydroxydiclofenac|4-Hydroxycyclophosphamide|8-Hydroxycarvedilol|E-3179|Estriol|Glycerol|N-Desmethylcitalopram|N-Desmethyleletriptan|O-Deethylated candesartan",Enteric_glia,0.0,0.0,92
IL2RA,2-Hydroxychlorpropamide,Enteric_glia,0.0,0.0,92
IL2RA,4-ene-Valproic acid,Enteric_glia,0.0,0.0,92
IL2RA,5-Hydroxyomeprazole,Enteric_glia,0.0,0.0,92
IL2RA,Acetate,Enteric_glia,0.0,0.0,92
IL2RA,Acetyl-L-Carnitine|Choline|Creatine|Dopamine|Histamine|Norepinephrine,Enteric_glia,0.0,0.0,92
IL2RA,Amiloride-sensitive sodium transport,Enteric_glia,0.0,0.0,92
IL2RA,Anion exchange,Enteric_glia,0.0,0.0,92
IL2RA,Chloride ion,Enteric_glia,0.0,0.0,92
IL2RA,Cholesterol,Enteric_glia,0.0,0.0,92
IL2RA,Cholic acid,Enteric_glia,0.0,0.0,92
IL2RA,Cortisol|Hydroxylansoprazole|N-Desmethyltamoxifen,Enteric_glia,0.0,0.0,92
IL2RA,Estradiol,Enteric_glia,0.0,0.0,92
IL2RA,Fatty acid,Enteric_glia,0.0,0.0,92
IL2RA,Folic acid,Enteric_glia,0.0,0.0,92
IL2RA,Iron,Enteric_glia,0.0,0.0,92
IL2RA,L-Carnitine,Enteric_glia,0.0,0.0,92
IL2RA,N-desmethylimatinib,Enteric_glia,0.0,0.0,92
IL2RA,Nicotinate,Enteric_glia,0.0,0.0,92
IL2RA,O-Desmethylverapamil (D-702),Enteric_glia,0.0,0.0,92
IL2RA,Progesterone,Enteric_glia,0.0,0.0,92
IL2RA,Sodium,Enteric_glia,0.0,0.0,92
IL2RA,Sodium_hydrogen exchange,Enteric_glia,0.0,0.0,92
IL2RA,Taurocholic acid,Enteric_glia,0.0,0.0,92
IL2RA,Testosterone,Enteric_glia,0.0,0.0,92
IL2RA,Water,Enteric_glia,0.0,0.0,92
IL2RA,"17a-Ethynylestradiol|3',4'-Dihydrodiol|4'-Hydroxydiclofenac|4-Hydroxycyclophosphamide|8-Hydroxycarvedilol|E-3179|Estriol|Glycerol|N-Desmethylcitalopram|N-Desmethyleletriptan|O-Deethylated candesartan",Fibroblast,0.0,0.0,944
IL2RA,2-Hydroxychlorpropamide,Fibroblast,0.0,0.0,944
IL2RA,4-ene-Valproic acid,Fibroblast,0.0,0.0,944
IL2RA,5-Hydroxyomeprazole,Fibroblast,0.0,0.0,944
IL2RA,Acetate,Fibroblast,0.0,0.0,944
IL2RA,Acetyl-L-Carnitine|Choline|Creatine|Dopamine|Histamine|Norepinephrine,Fibroblast,0.0,0.0,944
IL2RA,Amiloride-sensitive sodium transport,Fibroblast,0.0,0.0,944
IL2RA,Anion exchange,Fibroblast,0.0,0.0,944
IL2RA,Chloride ion,Fibroblast,0.0,0.0,944
IL2RA,Cholesterol,Fibroblast,0.0,0.0,944
IL2RA,Cholic acid,Fibroblast,0.0,0.0,944
IL2RA,Cortisol|Hydroxylansoprazole|N-Desmethyltamoxifen,Fibroblast,0.0,0.0,944
IL2RA,Estradiol,Fibroblast,0.0,0.0,944
IL2RA,Fatty acid,Fibroblast,0.0,0.0,944
IL2RA,Folic acid,Fibroblast,0.0,0.0,944
IL2RA,Iron,Fibroblast,0.0,0.0,944
IL2RA,L-Carnitine,Fibroblast,0.0,0.0,944
IL2RA,N-desmethylimatinib,Fibroblast,0.0,0.0,944
IL2RA,Nicotinate,Fibroblast,0.0,0.0,944
IL2RA,O-Desmethylverapamil (D-702),Fibroblast,0.0,0.0,944
IL2RA,Progesterone,Fibroblast,0.0,0.0,944
IL2RA,Sodium,Fibroblast,0.0,0.0,944
IL2RA,Sodium_hydrogen exchange,Fibroblast,0.0,0.0,944
IL2RA,Taurocholic acid,Fibroblast,0.0,0.0,944
IL2RA,Testosterone,Fibroblast,0.0,0.0,944
IL2RA,Water,Fibroblast,0.0,0.0,944
IL2RA,"17a-Ethynylestradiol|3',4'-Dihydrodiol|4'-Hydroxydiclofenac|4-Hydroxycyclophosphamide|8-Hydroxycarvedilol|E-3179|Estriol|Glycerol|N-Desmethylcitalopram|N-Desmethyleletriptan|O-Deethylated candesartan",IEC,-4.6790805e-07,5.313877e-08,7778
IL2RA,2-Hydroxychlorpropamide,IEC,-3.3291274e-06,5.3270963e-07,7778
IL2RA,4-ene-Valproic acid,IEC,-6.834051e-07,5.3723912e-08,7778
IL2RA,5-Hydroxyomeprazole,IEC,1.059369e-05,2.484018e-06,7778
IL2RA,Acetate,IEC,-8.565145e-08,6.2235284e-09,7778
IL2RA,Acetyl-L-Carnitine|Choline|Creatine|Dopamine|Histamine|Norepinephrine,IEC,-4.829214e-07,1.09993216e-07,7778
IL2RA,Amiloride-sensitive sodium transport,IEC,1.1940178e-06,8.493493e-08,7778
IL2RA,Anion exchange,IEC,6.587118e-05,9.095276e-06,7778
IL2RA,Chloride ion,IEC,3.7600548e-06,2.4371852e-07,7778
IL2RA,Cholesterol,IEC,6.566155e-06,5.1229284e-07,7778
IL2RA,Cholic acid,IEC,-3.520486e-06,3.1633067e-07,7778
IL2RA,Cortisol|Hydroxylansoprazole|N-Desmethyltamoxifen,IEC,5.167904e-06,1.2619956e-06,7778
IL2RA,Estradiol,IEC,5.595585e-06,8.1854057e-07,7778
IL2RA,Fatty acid,IEC,-4.6706373e-06,1.0831659e-06,7778
IL2RA,Folic acid,IEC,1.5697628e-06,2.7751035e-08,7778
IL2RA,Iron,IEC,2.3732684e-06,1.4909077e-07,7778
IL2RA,L-Carnitine,IEC,3.6864438e-07,6.315603e-08,7778
IL2RA,N-desmethylimatinib,IEC,5.157206e-06,1.3508218e-06,7778
IL2RA,Nicotinate,IEC,-7.737022e-07,8.638361e-08,7778
IL2RA,O-Desmethylverapamil (D-702),IEC,1.3233079e-05,1.1663892e-06,7778
IL2RA,Progesterone,IEC,-1.7614625e-06,1.200119e-07,7778
IL2RA,Sodium,IEC,-6.6169464e-06,7.355377e-07,7778
IL2RA,Sodium_hydrogen exchange,IEC,9.837668e-05,1.5456731e-05,7778
IL2RA,Taurocholic acid,IEC,2.0937594e-05,1.067649e-06,7778
IL2RA,Testosterone,IEC,4.188475e-06,2.8586837e-07,7778
IL2RA,Water,IEC,0.0001200938,1.9091829e-05,7778
IL2RA,"17a-Ethynylestradiol|3',4'-Dihydrodiol|4'-Hydroxydiclofenac|4-Hydroxycyclophosphamide|8-Hydroxycarvedilol|E-3179|Estriol|Glycerol|N-Desmethylcitalopram|N-Desmethyleletriptan|O-Deethylated candesartan",MAST,0.0,0.0,171
IL2RA,2-Hydroxychlorpropamide,MAST,0.0,0.0,171
IL2RA,4-ene-Valproic acid,MAST,0.0,0.0,171
IL2RA,5-Hydroxyomeprazole,MAST,0.0,0.0,171
IL2RA,Acetate,MAST,0.0,0.0,171
IL2RA,Acetyl-L-Carnitine|Choline|Creatine|Dopamine|Histamine|Norepinephrine,MAST,0.0,0.0,171
IL2RA,Amiloride-sensitive sodium transport,MAST,0.0,0.0,171
IL2RA,Anion exchange,MAST,0.0,0.0,171
IL2RA,Chloride ion,MAST,0.0,0.0,171
IL2RA,Cholesterol,MAST,0.0,0.0,171
IL2RA,Cholic acid,MAST,0.0,0.0,171
IL2RA,Cortisol|Hydroxylansoprazole|N-Desmethyltamoxifen,MAST,0.0,0.0,171
IL2RA,Estradiol,MAST,0.0,0.0,171
IL2RA,Fatty acid,MAST,0.0,0.0,171
IL2RA,Folic acid,MAST,0.0,0.0,171
IL2RA,Iron,MAST,0.0,0.0,171
IL2RA,L-Carnitine,MAST,0.0,0.0,171
IL2RA,N-desmethylimatinib,MAST,0.0,0.0,171
IL2RA,Nicotinate,MAST,0.0,0.0,171
IL2RA,O-Desmethylverapamil (D-702),MAST,0.0,0.0,171
IL2RA,Progesterone,MAST,0.0,0.0,171
IL2RA,Sodium,MAST,0.0,0.0,171
IL2RA,Sodium_hydrogen exchange,MAST,0.0,0.0,171
IL2RA,Taurocholic acid,MAST,0.0,0.0,171
IL2RA,Testosterone,MAST,0.0,0.0,171
IL2RA,Water,MAST,0.0,0.0,171
IL2RA,"17a-Ethynylestradiol|3',4'-Dihydrodiol|4'-Hydroxydiclofenac|4-Hydroxycyclophosphamide|8-Hydroxycarvedilol|E-3179|Estriol|Glycerol|N-Desmethylcitalopram|N-Desmethyleletriptan|O-Deethylated candesartan",MNP,0.0,0.0,464
IL2RA,2-Hydroxychlorpropamide,MNP,0.0,0.0,464
IL2RA,4-ene-Valproic acid,MNP,0.0,0.0,464
IL2RA,5-Hydroxyomeprazole,MNP,0.0,0.0,464
IL2RA,Acetate,MNP,0.0,0.0,464
IL2RA,Acetyl-L-Carnitine|Choline|Creatine|Dopamine|Histamine|Norepinephrine,MNP,0.0,0.0,464
IL2RA,Amiloride-sensitive sodium transport,MNP,0.0,0.0,464
IL2RA,Anion exchange,MNP,0.0,0.0,464
IL2RA,Chloride ion,MNP,0.0,0.0,464
IL2RA,Cholesterol,MNP,0.0,0.0,464
IL2RA,Cholic acid,MNP,0.0,0.0,464
IL2RA,Cortisol|Hydroxylansoprazole|N-Desmethyltamoxifen,MNP,0.0,0.0,464
IL2RA,Estradiol,MNP,0.0,0.0,464
IL2RA,Fatty acid,MNP,0.0,0.0,464
IL2RA,Folic acid,MNP,0.0,0.0,464
IL2RA,Iron,MNP,0.0,0.0,464
IL2RA,L-Carnitine,MNP,0.0,0.0,464
IL2RA,N-desmethylimatinib,MNP,0.0,0.0,464
IL2RA,Nicotinate,MNP,0.0,0.0,464
IL2RA,O-Desmethylverapamil (D-702),MNP,0.0,0.0,464
IL2RA,Progesterone,MNP,0.0,0.0,464
IL2RA,Sodium,MNP,0.0,0.0,464
IL2RA,Sodium_hydrogen exchange,MNP,0.0,0.0,464
IL2RA,Taurocholic acid,MNP,0.0,0.0,464
IL2RA,Testosterone,MNP,0.0,0.0,464
IL2RA,Water,MNP,0.0,0.0,464
IL2RA,"17a-Ethynylestradiol|3',4'-Dihydrodiol|4'-Hydroxydiclofenac|4-Hydroxycyclophosphamide|8-Hydroxycarvedilol|E-3179|Estriol|Glycerol|N-Desmethylcitalopram|N-Desmethyleletriptan|O-Deethylated candesartan",Muscularis_mucosa,0.0,0.0,92
IL2RA,2-Hydroxychlorpropamide,Muscularis_mucosa,0.0,0.0,92
IL2RA,4-ene-Valproic acid,Muscularis_mucosa,0.0,0.0,92
IL2RA,5-Hydroxyomeprazole,Muscularis_mucosa,0.0,0.0,92
IL2RA,Acetate,Muscularis_mucosa,0.0,0.0,92
IL2RA,Acetyl-L-Carnitine|Choline|Creatine|Dopamine|Histamine|Norepinephrine,Muscularis_mucosa,0.0,0.0,92
IL2RA,Amiloride-sensitive sodium transport,Muscularis_mucosa,0.0,0.0,92
IL2RA,Anion exchange,Muscularis_mucosa,0.0,0.0,92
IL2RA,Chloride ion,Muscularis_mucosa,0.0,0.0,92
IL2RA,Cholesterol,Muscularis_mucosa,0.0,0.0,92
IL2RA,Cholic acid,Muscularis_mucosa,0.0,0.0,92
IL2RA,Cortisol|Hydroxylansoprazole|N-Desmethyltamoxifen,Muscularis_mucosa,0.0,0.0,92
IL2RA,Estradiol,Muscularis_mucosa,0.0,0.0,92
IL2RA,Fatty acid,Muscularis_mucosa,0.0,0.0,92
IL2RA,Folic acid,Muscularis_mucosa,0.0,0.0,92
IL2RA,Iron,Muscularis_mucosa,0.0,0.0,92
IL2RA,L-Carnitine,Muscularis_mucosa,0.0,0.0,92
IL2RA,N-desmethylimatinib,Muscularis_mucosa,0.0,0.0,92
IL2RA,Nicotinate,Muscularis_mucosa,0.0,0.0,92
IL2RA,O-Desmethylverapamil (D-702),Muscularis_mucosa,0.0,0.0,92
IL2RA,Progesterone,Muscularis_mucosa,0.0,0.0,92
IL2RA,Sodium,Muscularis_mucosa,0.0,0.0,92
IL2RA,Sodium_hydrogen exchange,Muscularis_mucosa,0.0,0.0,92
IL2RA,Taurocholic acid,Muscularis_mucosa,0.0,0.0,92
IL2RA,Testosterone,Muscularis_mucosa,0.0,0.0,92
IL2RA,Water,Muscularis_mucosa,0.0,0.0,92
IL2RA,"17a-Ethynylestradiol|3',4'-Dihydrodiol|4'-Hydroxydiclofenac|4-Hydroxycyclophosphamide|8-Hydroxycarvedilol|E-3179|Estriol|Glycerol|N-Desmethylcitalopram|N-Desmethyleletriptan|O-Deethylated candesartan",Myofibroblast,0.0,0.0,219
IL2RA,2-Hydroxychlorpropamide,Myofibroblast,0.0,0.0,219
IL2RA,4-ene-Valproic acid,Myofibroblast,0.0,0.0,219
IL2RA,5-Hydroxyomeprazole,Myofibroblast,0.0,0.0,219
IL2RA,Acetate,Myofibroblast,0.0,0.0,219
IL2RA,Acetyl-L-Carnitine|Choline|Creatine|Dopamine|Histamine|Norepinephrine,Myofibroblast,0.0,0.0,219
IL2RA,Amiloride-sensitive sodium transport,Myofibroblast,0.0,0.0,219
IL2RA,Anion exchange,Myofibroblast,0.0,0.0,219
IL2RA,Chloride ion,Myofibroblast,0.0,0.0,219
IL2RA,Cholesterol,Myofibroblast,0.0,0.0,219
IL2RA,Cholic acid,Myofibroblast,0.0,0.0,219
IL2RA,Cortisol|Hydroxylansoprazole|N-Desmethyltamoxifen,Myofibroblast,0.0,0.0,219
IL2RA,Estradiol,Myofibroblast,0.0,0.0,219
IL2RA,Fatty acid,Myofibroblast,0.0,0.0,219
IL2RA,Folic acid,Myofibroblast,0.0,0.0,219
IL2RA,Iron,Myofibroblast,0.0,0.0,219
IL2RA,L-Carnitine,Myofibroblast,0.0,0.0,219
IL2RA,N-desmethylimatinib,Myofibroblast,0.0,0.0,219
IL2RA,Nicotinate,Myofibroblast,0.0,0.0,219
IL2RA,O-Desmethylverapamil (D-702),Myofibroblast,0.0,0.0,219
IL2RA,Progesterone,Myofibroblast,0.0,0.0,219
IL2RA,Sodium,Myofibroblast,0.0,0.0,219
IL2RA,Sodium_hydrogen exchange,Myofibroblast,0.0,0.0,219
IL2RA,Taurocholic acid,Myofibroblast,0.0,0.0,219
IL2RA,Testosterone,Myofibroblast,0.0,0.0,219
IL2RA,Water,Myofibroblast,0.0,0.0,219
IL2RA,"17a-Ethynylestradiol|3',4'-Dihydrodiol|4'-Hydroxydiclofenac|4-Hydroxycyclophosphamide|8-Hydroxycarvedilol|E-3179|Estriol|Glycerol|N-Desmethylcitalopram|N-Desmethyleletriptan|O-Deethylated candesartan",Pericyte,0.0,0.0,109
IL2RA,2-Hydroxychlorpropamide,Pericyte,0.0,0.0,109
IL2RA,4-ene-Valproic acid,Pericyte,0.0,0.0,109
IL2RA,5-Hydroxyomeprazole,Pericyte,0.0,0.0,109
IL2RA,Acetate,Pericyte,0.0,0.0,109
IL2RA,Acetyl-L-Carnitine|Choline|Creatine|Dopamine|Histamine|Norepinephrine,Pericyte,0.0,0.0,109
IL2RA,Amiloride-sensitive sodium transport,Pericyte,0.0,0.0,109
IL2RA,Anion exchange,Pericyte,0.0,0.0,109
IL2RA,Chloride ion,Pericyte,0.0,0.0,109
IL2RA,Cholesterol,Pericyte,0.0,0.0,109
IL2RA,Cholic acid,Pericyte,0.0,0.0,109
IL2RA,Cortisol|Hydroxylansoprazole|N-Desmethyltamoxifen,Pericyte,0.0,0.0,109
IL2RA,Estradiol,Pericyte,0.0,0.0,109
IL2RA,Fatty acid,Pericyte,0.0,0.0,109
IL2RA,Folic acid,Pericyte,0.0,0.0,109
IL2RA,Iron,Pericyte,0.0,0.0,109
IL2RA,L-Carnitine,Pericyte,0.0,0.0,109
IL2RA,N-desmethylimatinib,Pericyte,0.0,0.0,109
IL2RA,Nicotinate,Pericyte,0.0,0.0,109
IL2RA,O-Desmethylverapamil (D-702),Pericyte,0.0,0.0,109
IL2RA,Progesterone,Pericyte,0.0,0.0,109
IL2RA,Sodium,Pericyte,0.0,0.0,109
IL2RA,Sodium_hydrogen exchange,Pericyte,0.0,0.0,109
IL2RA,Taurocholic acid,Pericyte,0.0,0.0,109
IL2RA,Testosterone,Pericyte,0.0,0.0,109
IL2RA,Water,Pericyte,0.0,0.0,109
IL2RA,"17a-Ethynylestradiol|3',4'-Dihydrodiol|4'-Hydroxydiclofenac|4-Hydroxycyclophosphamide|8-Hydroxycarvedilol|E-3179|Estriol|Glycerol|N-Desmethylcitalopram|N-Desmethyleletriptan|O-Deethylated candesartan",Plasma,0.0,0.0,1230
IL2RA,2-Hydroxychlorpropamide,Plasma,0.0,0.0,1230
IL2RA,4-ene-Valproic acid,Plasma,0.0,0.0,1230
IL2RA,5-Hydroxyomeprazole,Plasma,0.0,0.0,1230
IL2RA,Acetate,Plasma,0.0,0.0,1230
IL2RA,Acetyl-L-Carnitine|Choline|Creatine|Dopamine|Histamine|Norepinephrine,Plasma,0.0,0.0,1230
IL2RA,Amiloride-sensitive sodium transport,Plasma,0.0,0.0,1230
IL2RA,Anion exchange,Plasma,0.0,0.0,1230
IL2RA,Chloride ion,Plasma,0.0,0.0,1230
IL2RA,Cholesterol,Plasma,0.0,0.0,1230
IL2RA,Cholic acid,Plasma,0.0,0.0,1230
IL2RA,Cortisol|Hydroxylansoprazole|N-Desmethyltamoxifen,Plasma,0.0,0.0,1230
IL2RA,Estradiol,Plasma,0.0,0.0,1230
IL2RA,Fatty acid,Plasma,0.0,0.0,1230
IL2RA,Folic acid,Plasma,0.0,0.0,1230
IL2RA,Iron,Plasma,0.0,0.0,1230
IL2RA,L-Carnitine,Plasma,0.0,0.0,1230
IL2RA,N-desmethylimatinib,Plasma,0.0,0.0,1230
IL2RA,Nicotinate,Plasma,0.0,0.0,1230
IL2RA,O-Desmethylverapamil (D-702),Plasma,0.0,0.0,1230
IL2RA,Progesterone,Plasma,0.0,0.0,1230
IL2RA,Sodium,Plasma,0.0,0.0,1230
IL2RA,Sodium_hydrogen exchange,Plasma,0.0,0.0,1230
IL2RA,Taurocholic acid,Plasma,0.0,0.0,1230
IL2RA,Testosterone,Plasma,0.0,0.0,1230
IL2RA,Water,Plasma,0.0,0.0,1230
IL2RA,"17a-Ethynylestradiol|3',4'-Dihydrodiol|4'-Hydroxydiclofenac|4-Hydroxycyclophosphamide|8-Hydroxycarvedilol|E-3179|Estriol|Glycerol|N-Desmethylcitalopram|N-Desmethyleletriptan|O-Deethylated candesartan",T,0.0,0.0,632
IL2RA,2-Hydroxychlorpropamide,T,0.0,0.0,632
IL2RA,4-ene-Valproic acid,T,0.0,0.0,632
IL2RA,5-Hydroxyomeprazole,T,0.0,0.0,632
IL2RA,Acetate,T,0.0,0.0,632
IL2RA,Acetyl-L-Carnitine|Choline|Creatine|Dopamine|Histamine|Norepinephrine,T,0.0,0.0,632
IL2RA,Amiloride-sensitive sodium transport,T,0.0,0.0,632
IL2RA,Anion exchange,T,0.0,0.0,632
IL2RA,Chloride ion,T,0.0,0.0,632
IL2RA,Cholesterol,T,0.0,0.0,632
IL2RA,Cholic acid,T,0.0,0.0,632
IL2RA,Cortisol|Hydroxylansoprazole|N-Desmethyltamoxifen,T,0.0,0.0,632
IL2RA,Estradiol,T,0.0,0.0,632
IL2RA,Fatty acid,T,0.0,0.0,632
IL2RA,Folic acid,T,0.0,0.0,632
IL2RA,Iron,T,0.0,0.0,632
IL2RA,L-Carnitine,T,0.0,0.0,632
IL2RA,N-desmethylimatinib,T,0.0,0.0,632
IL2RA,Nicotinate,T,0.0,0.0,632
IL2RA,O-Desmethylverapamil (D-702),T,0.0,0.0,632
IL2RA,Progesterone,T,0.0,0.0,632
IL2RA,Sodium,T,0.0,0.0,632
IL2RA,Sodium_hydrogen exchange,T,0.0,0.0,632
IL2RA,Taurocholic acid,T,0.0,0.0,632
IL2RA,Testosterone,T,0.0,0.0,632
IL2RA,Water,T,0.0,0.0,632
LAG3,"17a-Ethynylestradiol|3',4'-Dihydrodiol|4'-Hydroxydiclofenac|4-Hydroxycyclophosphamide|8-Hydroxycarvedilol|E-3179|Estriol|Glycerol|N-Desmethylcitalopram|N-Desmethyleletriptan|O-Deethylated candesartan",B,0.0,0.0,20
LAG3,2-Hydroxychlorpropamide,B,0.0,0.0,20
LAG3,25-Hydroxycholesterol,B,0.0,0.0,20
LAG3,4-ene-Valproic acid,B,0.0,0.0,20
LAG3,5-Hydroxyomeprazole,B,0.0,0.0,20
LAG3,Acetate,B,0.0,0.0,20
LAG3,Acetyl-L-Carnitine|Choline|Creatine|Dopamine|Histamine|Norepinephrine,B,0.0,0.0,20
LAG3,Adenosine triphosphate,B,0.0,0.0,20
LAG3,Amiloride-sensitive sodium transport,B,0.0,0.0,20
LAG3,Anion exchange,B,0.0,0.0,20
LAG3,Chloride ion,B,0.0,0.0,20
LAG3,Cholesterol,B,0.0,0.0,20
LAG3,Cholic acid,B,0.0,0.0,20
LAG3,Citric acid|Oxalic acid,B,0.0,0.0,20
LAG3,Cortisol|Hydroxylansoprazole|N-Desmethyltamoxifen,B,0.0,0.0,20
LAG3,Estradiol,B,0.0,0.0,20
LAG3,Fatty acid,B,0.0,0.0,20
LAG3,Folic acid,B,0.0,0.0,20
LAG3,Iron,B,0.0,0.0,20
LAG3,L-Carnitine,B,0.0,0.0,20
LAG3,N-desmethylimatinib,B,0.0,0.0,20
LAG3,Nicotinate,B,0.0,0.0,20
LAG3,O-Desmethylverapamil (D-702),B,0.0,0.0,20
LAG3,Progesterone,B,0.0,0.0,20
LAG3,Sodium,B,0.0,0.0,20
LAG3,Sodium_hydrogen exchange,B,0.0,0.0,20
LAG3,Taurocholic acid,B,0.0,0.0,20
LAG3,Testosterone,B,0.0,0.0,20
LAG3,Vitamin D3,B,0.0,0.0,20
LAG3,Water,B,0.0,0.0,20
LAG3,"17a-Ethynylestradiol|3',4'-Dihydrodiol|4'-Hydroxydiclofenac|4-Hydroxycyclophosphamide|8-Hydroxycarvedilol|E-3179|Estriol|Glycerol|N-Desmethylcitalopram|N-Desmethyleletriptan|O-Deethylated candesartan",Endothelial,0.0,0.0,391
LAG3,2-Hydroxychlorpropamide,Endothelial,0.0,0.0,391
LAG3,25-Hydroxycholesterol,Endothelial,0.0,0.0,391
LAG3,4-ene-Valproic acid,Endothelial,0.0,0.0,391
LAG3,5-Hydroxyomeprazole,Endothelial,0.0,0.0,391
LAG3,Acetate,Endothelial,0.0,0.0,391
LAG3,Acetyl-L-Carnitine|Choline|Creatine|Dopamine|Histamine|Norepinephrine,Endothelial,0.0,0.0,391
LAG3,Adenosine triphosphate,Endothelial,0.0,0.0,391
LAG3,Amiloride-sensitive sodium transport,Endothelial,0.0,0.0,391
LAG3,Anion exchange,Endothelial,0.0,0.0,391
LAG3,Chloride ion,Endothelial,0.0,0.0,391
LAG3,Cholesterol,Endothelial,0.0,0.0,391
LAG3,Cholic acid,Endothelial,0.0,0.0,391
LAG3,Citric acid|Oxalic acid,Endothelial,0.0,0.0,391
LAG3,Cortisol|Hydroxylansoprazole|N-Desmethyltamoxifen,Endothelial,0.0,0.0,391
LAG3,Estradiol,Endothelial,0.0,0.0,391
LAG3,Fatty acid,Endothelial,0.0,0.0,391
LAG3,Folic acid,Endothelial,0.0,0.0,391
LAG3,Iron,Endothelial,0.0,0.0,391
LAG3,L-Carnitine,Endothelial,0.0,0.0,391
LAG3,N-desmethylimatinib,Endothelial,0.0,0.0,391
LAG3,Nicotinate,Endothelial,0.0,0.0,391
LAG3,O-Desmethylverapamil (D-702),Endothelial,0.0,0.0,391
LAG3,Progesterone,Endothelial,0.0,0.0,391
LAG3,Sodium,Endothelial,0.0,0.0,391
LAG3,Sodium_hydrogen exchange,Endothelial,0.0,0.0,391
LAG3,Taurocholic acid,Endothelial,0.0,0.0,391
LAG3,Testosterone,Endothelial,0.0,0.0,391
LAG3,Vitamin D3,Endothelial,0.0,0.0,391
LAG3,Water,Endothelial,0.0,0.0,391
LAG3,"17a-Ethynylestradiol|3',4'-Dihydrodiol|4'-Hydroxydiclofenac|4-Hydroxycyclophosphamide|8-Hydroxycarvedilol|E-3179|Estriol|Glycerol|N-Desmethylcitalopram|N-Desmethyleletriptan|O-Deethylated candesartan",Enteric_glia,0.0,0.0,92
LAG3,2-Hydroxychlorpropamide,Enteric_glia,0.0,0.0,92
LAG3,25-Hydroxycholesterol,Enteric_glia,0.0,0.0,92
LAG3,4-ene-Valproic acid,Enteric_glia,0.0,0.0,92
LAG3,5-Hydroxyomeprazole,Enteric_glia,0.0,0.0,92
LAG3,Acetate,Enteric_glia,0.0,0.0,92
LAG3,Acetyl-L-Carnitine|Choline|Creatine|Dopamine|Histamine|Norepinephrine,Enteric_glia,0.0,0.0,92
LAG3,Adenosine triphosphate,Enteric_glia,0.0,0.0,92
LAG3,Amiloride-sensitive sodium transport,Enteric_glia,0.0,0.0,92
LAG3,Anion exchange,Enteric_glia,0.0,0.0,92
LAG3,Chloride ion,Enteric_glia,0.0,0.0,92
LAG3,Cholesterol,Enteric_glia,0.0,0.0,92
LAG3,Cholic acid,Enteric_glia,0.0,0.0,92
LAG3,Citric acid|Oxalic acid,Enteric_glia,0.0,0.0,92
LAG3,Cortisol|Hydroxylansoprazole|N-Desmethyltamoxifen,Enteric_glia,0.0,0.0,92
LAG3,Estradiol,Enteric_glia,0.0,0.0,92
LAG3,Fatty acid,Enteric_glia,0.0,0.0,92
LAG3,Folic acid,Enteric_glia,0.0,0.0,92
LAG3,Iron,Enteric_glia,0.0,0.0,92
LAG3,L-Carnitine,Enteric_glia,0.0,0.0,92
LAG3,N-desmethylimatinib,Enteric_glia,0.0,0.0,92
LAG3,Nicotinate,Enteric_glia,0.0,0.0,92
LAG3,O-Desmethylverapamil (D-702),Enteric_glia,0.0,0.0,92
LAG3,Progesterone,Enteric_glia,0.0,0.0,92
LAG3,Sodium,Enteric_glia,0.0,0.0,92
LAG3,Sodium_hydrogen exchange,Enteric_glia,0.0,0.0,92
LAG3,Taurocholic acid,Enteric_glia,0.0,0.0,92
LAG3,Testosterone,Enteric_glia,0.0,0.0,92
LAG3,Vitamin D3,Enteric_glia,0.0,0.0,92
LAG3,Water,Enteric_glia,0.0,0.0,92
LAG3,"17a-Ethynylestradiol|3',4'-Dihydrodiol|4'-Hydroxydiclofenac|4-Hydroxycyclophosphamide|8-Hydroxycarvedilol|E-3179|Estriol|Glycerol|N-Desmethylcitalopram|N-Desmethyleletriptan|O-Deethylated candesartan",Fibroblast,0.0,0.0,944
LAG3,2-Hydroxychlorpropamide,Fibroblast,0.0,0.0,944
LAG3,25-Hydroxycholesterol,Fibroblast,0.0,0.0,944
LAG3,4-ene-Valproic acid,Fibroblast,0.0,0.0,944
LAG3,5-Hydroxyomeprazole,Fibroblast,0.0,0.0,944
LAG3,Acetate,Fibroblast,0.0,0.0,944
LAG3,Acetyl-L-Carnitine|Choline|Creatine|Dopamine|Histamine|Norepinephrine,Fibroblast,0.0,0.0,944
LAG3,Adenosine triphosphate,Fibroblast,0.0,0.0,944
LAG3,Amiloride-sensitive sodium transport,Fibroblast,0.0,0.0,944
LAG3,Anion exchange,Fibroblast,0.0,0.0,944
LAG3,Chloride ion,Fibroblast,0.0,0.0,944
LAG3,Cholesterol,Fibroblast,0.0,0.0,944
LAG3,Cholic acid,Fibroblast,0.0,0.0,944
LAG3,Citric acid|Oxalic acid,Fibroblast,0.0,0.0,944
LAG3,Cortisol|Hydroxylansoprazole|N-Desmethyltamoxifen,Fibroblast,0.0,0.0,944
LAG3,Estradiol,Fibroblast,0.0,0.0,944
LAG3,Fatty acid,Fibroblast,0.0,0.0,944
LAG3,Folic acid,Fibroblast,0.0,0.0,944
LAG3,Iron,Fibroblast,0.0,0.0,944
LAG3,L-Carnitine,Fibroblast,0.0,0.0,944
LAG3,N-desmethylimatinib,Fibroblast,0.0,0.0,944
LAG3,Nicotinate,Fibroblast,0.0,0.0,944
LAG3,O-Desmethylverapamil (D-702),Fibroblast,0.0,0.0,944
LAG3,Progesterone,Fibroblast,0.0,0.0,944
LAG3,Sodium,Fibroblast,0.0,0.0,944
LAG3,Sodium_hydrogen exchange,Fibroblast,0.0,0.0,944
LAG3,Taurocholic acid,Fibroblast,0.0,0.0,944
LAG3,Testosterone,Fibroblast,0.0,0.0,944
LAG3,Vitamin D3,Fibroblast,0.0,0.0,944
LAG3,Water,Fibroblast,0.0,0.0,944
LAG3,"17a-Ethynylestradiol|3',4'-Dihydrodiol|4'-Hydroxydiclofenac|4-Hydroxycyclophosphamide|8-Hydroxycarvedilol|E-3179|Estriol|Glycerol|N-Desmethylcitalopram|N-Desmethyleletriptan|O-Deethylated candesartan",IEC,0.0,0.0,7778
LAG3,2-Hydroxychlorpropamide,IEC,0.0,0.0,7778
LAG3,25-Hydroxycholesterol,IEC,0.0,0.0,7778
LAG3,4-ene-Valproic acid,IEC,0.0,0.0,7778
LAG3,5-Hydroxyomeprazole,IEC,0.0,0.0,7778
LAG3,Acetate,IEC,0.0,0.0,7778
LAG3,Acetyl-L-Carnitine|Choline|Creatine|Dopamine|Histamine|Norepinephrine,IEC,0.0,0.0,7778
LAG3,Adenosine triphosphate,IEC,0.0,0.0,7778
LAG3,Amiloride-sensitive sodium transport,IEC,0.0,0.0,7778
LAG3,Anion exchange,IEC,0.0,0.0,7778
LAG3,Chloride ion,IEC,0.0,0.0,7778
LAG3,Cholesterol,IEC,0.0,0.0,7778
LAG3,Cholic acid,IEC,0.0,0.0,7778
LAG3,Citric acid|Oxalic acid,IEC,0.0,0.0,7778
LAG3,Cortisol|Hydroxylansoprazole|N-Desmethyltamoxifen,IEC,0.0,0.0,7778
LAG3,Estradiol,IEC,0.0,0.0,7778
LAG3,Fatty acid,IEC,0.0,0.0,7778
LAG3,Folic acid,IEC,0.0,0.0,7778
LAG3,Iron,IEC,0.0,0.0,7778
LAG3,L-Carnitine,IEC,0.0,0.0,7778
LAG3,N-desmethylimatinib,IEC,0.0,0.0,7778
LAG3,Nicotinate,IEC,0.0,0.0,7778
LAG3,O-Desmethylverapamil (D-702),IEC,0.0,0.0,7778
LAG3,Progesterone,IEC,0.0,0.0,7778
LAG3,Sodium,IEC,0.0,0.0,7778
LAG3,Sodium_hydrogen exchange,IEC,0.0,0.0,7778
LAG3,Taurocholic acid,IEC,0.0,0.0,7778
LAG3,Testosterone,IEC,0.0,0.0,7778
LAG3,Vitamin D3,IEC,0.0,0.0,7778
LAG3,Water,IEC,0.0,0.0,7778
LAG3,"17a-Ethynylestradiol|3',4'-Dihydrodiol|4'-Hydroxydiclofenac|4-Hydroxycyclophosphamide|8-Hydroxycarvedilol|E-3179|Estriol|Glycerol|N-Desmethylcitalopram|N-Desmethyleletriptan|O-Deethylated candesartan",MAST,0.0,0.0,171
LAG3,2-Hydroxychlorpropamide,MAST,0.0,0.0,171
LAG3,25-Hydroxycholesterol,MAST,0.0,0.0,171
LAG3,4-ene-Valproic acid,MAST,0.0,0.0,171
LAG3,5-Hydroxyomeprazole,MAST,0.0,0.0,171
LAG3,Acetate,MAST,0.0,0.0,171
LAG3,Acetyl-L-Carnitine|Choline|Creatine|Dopamine|Histamine|Norepinephrine,MAST,0.0,0.0,171
LAG3,Adenosine triphosphate,MAST,0.0,0.0,171
LAG3,Amiloride-sensitive sodium transport,MAST,0.0,0.0,171
LAG3,Anion exchange,MAST,0.0,0.0,171
LAG3,Chloride ion,MAST,0.0,0.0,171
LAG3,Cholesterol,MAST,0.0,0.0,171
LAG3,Cholic acid,MAST,0.0,0.0,171
LAG3,Citric acid|Oxalic acid,MAST,0.0,0.0,171
LAG3,Cortisol|Hydroxylansoprazole|N-Desmethyltamoxifen,MAST,0.0,0.0,171
LAG3,Estradiol,MAST,0.0,0.0,171
LAG3,Fatty acid,MAST,0.0,0.0,171
LAG3,Folic acid,MAST,0.0,0.0,171
LAG3,Iron,MAST,0.0,0.0,171
LAG3,L-Carnitine,MAST,0.0,0.0,171
LAG3,N-desmethylimatinib,MAST,0.0,0.0,171
LAG3,Nicotinate,MAST,0.0,0.0,171
LAG3,O-Desmethylverapamil (D-702),MAST,0.0,0.0,171
LAG3,Progesterone,MAST,0.0,0.0,171
LAG3,Sodium,MAST,0.0,0.0,171
LAG3,Sodium_hydrogen exchange,MAST,0.0,0.0,171
LAG3,Taurocholic acid,MAST,0.0,0.0,171
LAG3,Testosterone,MAST,0.0,0.0,171
LAG3,Vitamin D3,MAST,0.0,0.0,171
LAG3,Water,MAST,0.0,0.0,171
LAG3,"17a-Ethynylestradiol|3',4'-Dihydrodiol|4'-Hydroxydiclofenac|4-Hydroxycyclophosphamide|8-Hydroxycarvedilol|E-3179|Estriol|Glycerol|N-Desmethylcitalopram|N-Desmethyleletriptan|O-Deethylated candesartan",MNP,0.0,0.0,464
LAG3,2-Hydroxychlorpropamide,MNP,1.4086889e-07,4.222933e-09,464
LAG3,25-Hydroxycholesterol,MNP,0.00050773704,1.8576402e-05,464
LAG3,4-ene-Valproic acid,MNP,1.0569433e-05,1.1978043e-06,464
LAG3,5-Hydroxyomeprazole,MNP,1.9539984e-05,5.853248e-07,464
LAG3,Acetate,MNP,0.0025255068,0.00012168062,464
LAG3,Acetyl-L-Carnitine|Choline|Creatine|Dopamine|Histamine|Norepinephrine,MNP,1.0750808e-06,1.8951371e-07,464
LAG3,Adenosine triphosphate,MNP,3.6349595e-06,2.1714486e-07,464
LAG3,Amiloride-sensitive sodium transport,MNP,6.3139936e-08,5.624615e-09,464
LAG3,Anion exchange,MNP,0.0007040162,1.17464515e-05,464
LAG3,Chloride ion,MNP,-7.705039e-08,3.1645015e-09,464
LAG3,Cholesterol,MNP,7.7606324e-05,1.6477552e-06,464
LAG3,Cholic acid,MNP,9.856407e-07,7.1690586e-08,464
LAG3,Citric acid|Oxalic acid,MNP,0.0015317478,4.8446273e-05,464
LAG3,Cortisol|Hydroxylansoprazole|N-Desmethyltamoxifen,MNP,4.590719e-06,8.412678e-08,464
LAG3,Estradiol,MNP,0.0015634464,4.091709e-05,464
LAG3,Fatty acid,MNP,0.0009168715,6.498961e-05,464
LAG3,Folic acid,MNP,2.2224024e-06,1.411869e-07,464
LAG3,Iron,MNP,0.0065904674,0.00030582602,464
LAG3,L-Carnitine,MNP,-6.437351e-07,6.0537717e-09,464
LAG3,N-desmethylimatinib,MNP,3.4609925e-06,2.0471909e-07,464
LAG3,Nicotinate,MNP,0.0030753403,0.00018664906,464
LAG3,O-Desmethylverapamil (D-702),MNP,0.00010794545,3.1380494e-06,464
LAG3,Progesterone,MNP,5.0009066e-07,1.8342433e-08,464
LAG3,Sodium,MNP,-0.00010891126,3.3198294e-06,464
LAG3,Sodium_hydrogen exchange,MNP,0.00023312567,3.3748558e-05,464
LAG3,Taurocholic acid,MNP,0.003026376,0.00018415868,464
LAG3,Testosterone,MNP,-3.2809837e-07,3.6004624e-09,464
LAG3,Vitamin D3,MNP,4.9856746e-05,1.911202e-06,464
LAG3,Water,MNP,0.0004975482,5.9774998e-06,464
LAG3,"17a-Ethynylestradiol|3',4'-Dihydrodiol|4'-Hydroxydiclofenac|4-Hydroxycyclophosphamide|8-Hydroxycarvedilol|E-3179|Estriol|Glycerol|N-Desmethylcitalopram|N-Desmethyleletriptan|O-Deethylated candesartan",Muscularis_mucosa,0.0,0.0,92
LAG3,2-Hydroxychlorpropamide,Muscularis_mucosa,0.0,0.0,92
LAG3,25-Hydroxycholesterol,Muscularis_mucosa,0.0,0.0,92
LAG3,4-ene-Valproic acid,Muscularis_mucosa,0.0,0.0,92
LAG3,5-Hydroxyomeprazole,Muscularis_mucosa,0.0,0.0,92
LAG3,Acetate,Muscularis_mucosa,0.0,0.0,92
LAG3,Acetyl-L-Carnitine|Choline|Creatine|Dopamine|Histamine|Norepinephrine,Muscularis_mucosa,0.0,0.0,92
LAG3,Adenosine triphosphate,Muscularis_mucosa,0.0,0.0,92
LAG3,Amiloride-sensitive sodium transport,Muscularis_mucosa,0.0,0.0,92
LAG3,Anion exchange,Muscularis_mucosa,0.0,0.0,92
LAG3,Chloride ion,Muscularis_mucosa,0.0,0.0,92
LAG3,Cholesterol,Muscularis_mucosa,0.0,0.0,92
LAG3,Cholic acid,Muscularis_mucosa,0.0,0.0,92
LAG3,Citric acid|Oxalic acid,Muscularis_mucosa,0.0,0.0,92
LAG3,Cortisol|Hydroxylansoprazole|N-Desmethyltamoxifen,Muscularis_mucosa,0.0,0.0,92
LAG3,Estradiol,Muscularis_mucosa,0.0,0.0,92
LAG3,Fatty acid,Muscularis_mucosa,0.0,0.0,92
LAG3,Folic acid,Muscularis_mucosa,0.0,0.0,92
LAG3,Iron,Muscularis_mucosa,0.0,0.0,92
LAG3,L-Carnitine,Muscularis_mucosa,0.0,0.0,92
LAG3,N-desmethylimatinib,Muscularis_mucosa,0.0,0.0,92
LAG3,Nicotinate,Muscularis_mucosa,0.0,0.0,92
LAG3,O-Desmethylverapamil (D-702),Muscularis_mucosa,0.0,0.0,92
LAG3,Progesterone,Muscularis_mucosa,0.0,0.0,92
LAG3,Sodium,Muscularis_mucosa,0.0,0.0,92
LAG3,Sodium_hydrogen exchange,Muscularis_mucosa,0.0,0.0,92
LAG3,Taurocholic acid,Muscularis_mucosa,0.0,0.0,92
LAG3,Testosterone,Muscularis_mucosa,0.0,0.0,92
LAG3,Vitamin D3,Muscularis_mucosa,0.0,0.0,92
LAG3,Water,Muscularis_mucosa,0.0,0.0,92
LAG3,"17a-Ethynylestradiol|3',4'-Dihydrodiol|4'-Hydroxydiclofenac|4-Hydroxycyclophosphamide|8-Hydroxycarvedilol|E-3179|Estriol|Glycerol|N-Desmethylcitalopram|N-Desmethyleletriptan|O-Deethylated candesartan",Myofibroblast,0.0,0.0,219
LAG3,2-Hydroxychlorpropamide,Myofibroblast,0.0,0.0,219
LAG3,25-Hydroxycholesterol,Myofibroblast,0.0,0.0,219
LAG3,4-ene-Valproic acid,Myofibroblast,0.0,0.0,219
LAG3,5-Hydroxyomeprazole,Myofibroblast,0.0,0.0,219
LAG3,Acetate,Myofibroblast,0.0,0.0,219
LAG3,Acetyl-L-Carnitine|Choline|Creatine|Dopamine|Histamine|Norepinephrine,Myofibroblast,0.0,0.0,219
LAG3,Adenosine triphosphate,Myofibroblast,0.0,0.0,219
LAG3,Amiloride-sensitive sodium transport,Myofibroblast,0.0,0.0,219
LAG3,Anion exchange,Myofibroblast,0.0,0.0,219
LAG3,Chloride ion,Myofibroblast,0.0,0.0,219
LAG3,Cholesterol,Myofibroblast,0.0,0.0,219
LAG3,Cholic acid,Myofibroblast,0.0,0.0,219
LAG3,Citric acid|Oxalic acid,Myofibroblast,0.0,0.0,219
LAG3,Cortisol|Hydroxylansoprazole|N-Desmethyltamoxifen,Myofibroblast,0.0,0.0,219
LAG3,Estradiol,Myofibroblast,0.0,0.0,219
LAG3,Fatty acid,Myofibroblast,0.0,0.0,219
LAG3,Folic acid,Myofibroblast,0.0,0.0,219
LAG3,Iron,Myofibroblast,0.0,0.0,219
LAG3,L-Carnitine,Myofibroblast,0.0,0.0,219
LAG3,N-desmethylimatinib,Myofibroblast,0.0,0.0,219
LAG3,Nicotinate,Myofibroblast,0.0,0.0,219
LAG3,O-Desmethylverapamil (D-702),Myofibroblast,0.0,0.0,219
LAG3,Progesterone,Myofibroblast,0.0,0.0,219
LAG3,Sodium,Myofibroblast,0.0,0.0,219
LAG3,Sodium_hydrogen exchange,Myofibroblast,0.0,0.0,219
LAG3,Taurocholic acid,Myofibroblast,0.0,0.0,219
LAG3,Testosterone,Myofibroblast,0.0,0.0,219
LAG3,Vitamin D3,Myofibroblast,0.0,0.0,219
LAG3,Water,Myofibroblast,0.0,0.0,219
LAG3,"17a-Ethynylestradiol|3',4'-Dihydrodiol|4'-Hydroxydiclofenac|4-Hydroxycyclophosphamide|8-Hydroxycarvedilol|E-3179|Estriol|Glycerol|N-Desmethylcitalopram|N-Desmethyleletriptan|O-Deethylated candesartan",Pericyte,0.0,0.0,109
LAG3,2-Hydroxychlorpropamide,Pericyte,0.0,0.0,109
LAG3,25-Hydroxycholesterol,Pericyte,0.0,0.0,109
LAG3,4-ene-Valproic acid,Pericyte,0.0,0.0,109
LAG3,5-Hydroxyomeprazole,Pericyte,0.0,0.0,109
LAG3,Acetate,Pericyte,0.0,0.0,109
LAG3,Acetyl-L-Carnitine|Choline|Creatine|Dopamine|Histamine|Norepinephrine,Pericyte,0.0,0.0,109
LAG3,Adenosine triphosphate,Pericyte,0.0,0.0,109
LAG3,Amiloride-sensitive sodium transport,Pericyte,0.0,0.0,109
LAG3,Anion exchange,Pericyte,0.0,0.0,109
LAG3,Chloride ion,Pericyte,0.0,0.0,109
LAG3,Cholesterol,Pericyte,0.0,0.0,109
LAG3,Cholic acid,Pericyte,0.0,0.0,109
LAG3,Citric acid|Oxalic acid,Pericyte,0.0,0.0,109
LAG3,Cortisol|Hydroxylansoprazole|N-Desmethyltamoxifen,Pericyte,0.0,0.0,109
LAG3,Estradiol,Pericyte,0.0,0.0,109
LAG3,Fatty acid,Pericyte,0.0,0.0,109
LAG3,Folic acid,Pericyte,0.0,0.0,109
LAG3,Iron,Pericyte,0.0,0.0,109
LAG3,L-Carnitine,Pericyte,0.0,0.0,109
LAG3,N-desmethylimatinib,Pericyte,0.0,0.0,109
LAG3,Nicotinate,Pericyte,0.0,0.0,109
LAG3,O-Desmethylverapamil (D-702),Pericyte,0.0,0.0,109
LAG3,Progesterone,Pericyte,0.0,0.0,109
LAG3,Sodium,Pericyte,0.0,0.0,109
LAG3,Sodium_hydrogen exchange,Pericyte,0.0,0.0,109
LAG3,Taurocholic acid,Pericyte,0.0,0.0,109
LAG3,Testosterone,Pericyte,0.0,0.0,109
LAG3,Vitamin D3,Pericyte,0.0,0.0,109
LAG3,Water,Pericyte,0.0,0.0,109
LAG3,"17a-Ethynylestradiol|3',4'-Dihydrodiol|4'-Hydroxydiclofenac|4-Hydroxycyclophosphamide|8-Hydroxycarvedilol|E-3179|Estriol|Glycerol|N-Desmethylcitalopram|N-Desmethyleletriptan|O-Deethylated candesartan",Plasma,0.0,0.0,1230
LAG3,2-Hydroxychlorpropamide,Plasma,0.0,0.0,1230
LAG3,25-Hydroxycholesterol,Plasma,0.0,0.0,1230
LAG3,4-ene-Valproic acid,Plasma,0.0,0.0,1230
LAG3,5-Hydroxyomeprazole,Plasma,0.0,0.0,1230
LAG3,Acetate,Plasma,0.0,0.0,1230
LAG3,Acetyl-L-Carnitine|Choline|Creatine|Dopamine|Histamine|Norepinephrine,Plasma,0.0,0.0,1230
LAG3,Adenosine triphosphate,Plasma,0.0,0.0,1230
LAG3,Amiloride-sensitive sodium transport,Plasma,0.0,0.0,1230
LAG3,Anion exchange,Plasma,0.0,0.0,1230
LAG3,Chloride ion,Plasma,0.0,0.0,1230
LAG3,Cholesterol,Plasma,0.0,0.0,1230
LAG3,Cholic acid,Plasma,0.0,0.0,1230
LAG3,Citric acid|Oxalic acid,Plasma,0.0,0.0,1230
LAG3,Cortisol|Hydroxylansoprazole|N-Desmethyltamoxifen,Plasma,0.0,0.0,1230
LAG3,Estradiol,Plasma,0.0,0.0,1230
LAG3,Fatty acid,Plasma,0.0,0.0,1230
LAG3,Folic acid,Plasma,0.0,0.0,1230
LAG3,Iron,Plasma,0.0,0.0,1230
LAG3,L-Carnitine,Plasma,0.0,0.0,1230
LAG3,N-desmethylimatinib,Plasma,0.0,0.0,1230
LAG3,Nicotinate,Plasma,0.0,0.0,1230
LAG3,O-Desmethylverapamil (D-702),Plasma,0.0,0.0,1230
LAG3,Progesterone,Plasma,0.0,0.0,1230
LAG3,Sodium,Plasma,0.0,0.0,1230
LAG3,Sodium_hydrogen exchange,Plasma,0.0,0.0,1230
LAG3,Taurocholic acid,Plasma,0.0,0.0,1230
LAG3,Testosterone,Plasma,0.0,0.0,1230
LAG3,Vitamin D3,Plasma,0.0,0.0,1230
LAG3,Water,Plasma,0.0,0.0,1230
LAG3,"17a-Ethynylestradiol|3',4'-Dihydrodiol|4'-Hydroxydiclofenac|4-Hydroxycyclophosphamide|8-Hydroxycarvedilol|E-3179|Estriol|Glycerol|N-Desmethylcitalopram|N-Desmethyleletriptan|O-Deethylated candesartan",T,-1.3285196e-08,4.4484025e-10,632
LAG3,2-Hydroxychlorpropamide,T,4.6949972e-07,9.632346e-09,632
LAG3,25-Hydroxycholesterol,T,0.0,0.0,632
LAG3,4-ene-Valproic acid,T,6.1441237e-06,3.192845e-07,632
LAG3,5-Hydroxyomeprazole,T,6.9035785e-08,1.0679601e-08,632
LAG3,Acetate,T,0.0,0.0,632
LAG3,Acetyl-L-Carnitine|Choline|Creatine|Dopamine|Histamine|Norepinephrine,T,7.613866e-08,1.7771739e-09,632
LAG3,Adenosine triphosphate,T,1.0052335e-06,1.21999975e-08,632
LAG3,Amiloride-sensitive sodium transport,T,1.2707791e-06,4.9967472e-08,632
LAG3,Anion exchange,T,7.715172e-06,2.959202e-06,632
LAG3,Chloride ion,T,-5.1033985e-06,1.954872e-07,632
LAG3,Cholesterol,T,6.790652e-07,2.6660734e-08,632
LAG3,Cholic acid,T,8.7082236e-07,7.909297e-09,632
LAG3,Citric acid|Oxalic acid,T,0.0,0.0,632
LAG3,Cortisol|Hydroxylansoprazole|N-Desmethyltamoxifen,T,5.632136e-07,6.087686e-08,632
LAG3,Estradiol,T,1.9597546e-07,3.298301e-08,632
LAG3,Fatty acid,T,3.6760216e-06,1.7266288e-07,632
LAG3,Folic acid,T,2.4209031e-08,3.8875476e-09,632
LAG3,Iron,T,4.3084137e-06,6.73304e-08,632
LAG3,L-Carnitine,T,3.0797962e-06,3.0892103e-08,632
LAG3,N-desmethylimatinib,T,2.496472e-07,6.382333e-08,632
LAG3,Nicotinate,T,1.9702393e-06,3.3135584e-07,632
LAG3,O-Desmethylverapamil (D-702),T,7.781461e-06,1.3157927e-07,632
LAG3,Progesterone,T,2.108645e-07,2.2094623e-08,632
LAG3,Sodium,T,1.2603481e-05,3.005069e-07,632
LAG3,Sodium_hydrogen exchange,T,1.7495746e-05,1.3688934e-06,632
LAG3,Taurocholic acid,T,1.4187799e-06,1.6093763e-07,632
LAG3,Testosterone,T,4.8790326e-07,1.9456772e-08,632
LAG3,Vitamin D3,T,0.0,0.0,632
LAG3,Water,T,6.940416e-05,2.8627917e-06,632
MAPK14,"(3a,5b,7a)-23-Carboxy-7-hydroxy-24-norcholan-3-yl-b-D-Glucopyranosiduronic acid|1b,3a,12a-Trihydroxy-5b-cholanoic acid|3-Sulfodeoxycholic acid|3alpha,7alpha-Dihydroxycoprostanic acid|3b-Hydroxy-5-cholenoic acid|Chenodeoxycholic acid|Chenodeoxycholic acid 3-sulfate|Coprocholic acid|Deoxycholic acid|Folinic acid|Glutathione|Glycochenodeoxycholate-3-sulfate|Hyodeoxycholic acid|Isoursodeoxycholic acid|Lithocholic acid|Sulfolithocholic acid|Trihydroxycoprostanoic acid|Ursocholic acid|Ursodeoxycholic acid|Ursodeoxycholic acid 3-sulfate|Varanic acid",B,0.0,0.0,20
MAPK14,"17a-Ethynylestradiol|3',4'-Dihydrodiol|4'-Hydroxydiclofenac|4-Hydroxycyclophosphamide|8-Hydroxycarvedilol|E-3179|Estriol|Glycerol|N-Desmethylcitalopram|N-Desmethyleletriptan|O-Deethylated candesartan",B,0.0,0.0,20
MAPK14,2-Hydroxychlorpropamide,B,0.0,0.0,20
MAPK14,4-ene-Valproic acid,B,0.0,0.0,20
MAPK14,5-Hydroxyomeprazole,B,0.0,0.0,20
MAPK14,Acetate,B,0.0,0.0,20
MAPK14,Acetyl-L-Carnitine|Choline|Creatine|Dopamine|Histamine|Norepinephrine,B,0.0,0.0,20
MAPK14,Adenosine triphosphate,B,0.0,0.0,20
MAPK14,Amiloride-sensitive sodium transport,B,0.0,0.0,20
MAPK14,Anion exchange,B,0.0,0.0,20
MAPK14,Butyrate|D-Lactate|Ketone bodies|L-Lactate|Pyruvate|alpha-Ketoisovaleric acid,B,0.0,0.0,20
MAPK14,Chloride,B,0.0,0.0,20
MAPK14,Chloride ion,B,0.0,0.0,20
MAPK14,Cholesterol,B,0.0,0.0,20
MAPK14,Cholic acid,B,0.0,0.0,20
MAPK14,Citric acid|Oxalic acid,B,0.0,0.0,20
MAPK14,Cortisol|Hydroxylansoprazole|N-Desmethyltamoxifen,B,0.0,0.0,20
MAPK14,Estradiol,B,0.0,0.0,20
MAPK14,Fatty acid,B,0.0,0.0,20
MAPK14,Folic acid,B,0.0,0.0,20
MAPK14,Glycyl-glycine|L-Dopa,B,0.0,0.0,20
MAPK14,Iron,B,0.0,0.0,20
MAPK14,L-Arginine|L-Cystine|L-Lysine|L-Ornithine,B,0.0,0.0,20
MAPK14,L-Carnitine,B,0.0,0.0,20
MAPK14,L-Glutamate,B,0.0,0.0,20
MAPK14,N-desmethylimatinib,B,0.0,0.0,20
MAPK14,Neurotransmitter,B,0.0,0.0,20
MAPK14,Nicotinate,B,0.0,0.0,20
MAPK14,O-Desmethylverapamil (D-702),B,0.0,0.0,20
MAPK14,Phosphate,B,0.0,0.0,20
MAPK14,Progesterone,B,0.0,0.0,20
MAPK14,Sodium,B,0.0,0.0,20
MAPK14,Sodium_hydrogen exchange,B,0.0,0.0,20
MAPK14,Taurocholic acid,B,0.0,0.0,20
MAPK14,Testosterone,B,0.0,0.0,20
MAPK14,Water,B,0.0,0.0,20
MAPK14,"(3a,5b,7a)-23-Carboxy-7-hydroxy-24-norcholan-3-yl-b-D-Glucopyranosiduronic acid|1b,3a,12a-Trihydroxy-5b-cholanoic acid|3-Sulfodeoxycholic acid|3alpha,7alpha-Dihydroxycoprostanic acid|3b-Hydroxy-5-cholenoic acid|Chenodeoxycholic acid|Chenodeoxycholic acid 3-sulfate|Coprocholic acid|Deoxycholic acid|Folinic acid|Glutathione|Glycochenodeoxycholate-3-sulfate|Hyodeoxycholic acid|Isoursodeoxycholic acid|Lithocholic acid|Sulfolithocholic acid|Trihydroxycoprostanoic acid|Ursocholic acid|Ursodeoxycholic acid|Ursodeoxycholic acid 3-sulfate|Varanic acid",Endothelial,0.0,0.0,391
MAPK14,"17a-Ethynylestradiol|3',4'-Dihydrodiol|4'-Hydroxydiclofenac|4-Hydroxycyclophosphamide|8-Hydroxycarvedilol|E-3179|Estriol|Glycerol|N-Desmethylcitalopram|N-Desmethyleletriptan|O-Deethylated candesartan",Endothelial,0.0,0.0,391
MAPK14,2-Hydroxychlorpropamide,Endothelial,0.0,0.0,391
MAPK14,4-ene-Valproic acid,Endothelial,0.0,0.0,391
MAPK14,5-Hydroxyomeprazole,Endothelial,0.0,0.0,391
MAPK14,Acetate,Endothelial,0.0,0.0,391
MAPK14,Acetyl-L-Carnitine|Choline|Creatine|Dopamine|Histamine|Norepinephrine,Endothelial,0.0,0.0,391
MAPK14,Adenosine triphosphate,Endothelial,0.0,0.0,391
MAPK14,Amiloride-sensitive sodium transport,Endothelial,0.0,0.0,391
MAPK14,Anion exchange,Endothelial,0.0,0.0,391
MAPK14,Butyrate|D-Lactate|Ketone bodies|L-Lactate|Pyruvate|alpha-Ketoisovaleric acid,Endothelial,0.0,0.0,391
MAPK14,Chloride,Endothelial,0.0,0.0,391
MAPK14,Chloride ion,Endothelial,0.0,0.0,391
MAPK14,Cholesterol,Endothelial,0.0,0.0,391
MAPK14,Cholic acid,Endothelial,0.0,0.0,391
MAPK14,Citric acid|Oxalic acid,Endothelial,0.0,0.0,391
MAPK14,Cortisol|Hydroxylansoprazole|N-Desmethyltamoxifen,Endothelial,0.0,0.0,391
MAPK14,Estradiol,Endothelial,0.0,0.0,391
MAPK14,Fatty acid,Endothelial,0.0,0.0,391
MAPK14,Folic acid,Endothelial,0.0,0.0,391
MAPK14,Glycyl-glycine|L-Dopa,Endothelial,0.0,0.0,391
MAPK14,Iron,Endothelial,0.0,0.0,391
MAPK14,L-Arginine|L-Cystine|L-Lysine|L-Ornithine,Endothelial,0.0,0.0,391
MAPK14,L-Carnitine,Endothelial,0.0,0.0,391
MAPK14,L-Glutamate,Endothelial,0.0,0.0,391
MAPK14,N-desmethylimatinib,Endothelial,0.0,0.0,391
MAPK14,Neurotransmitter,Endothelial,0.0,0.0,391
MAPK14,Nicotinate,Endothelial,0.0,0.0,391
MAPK14,O-Desmethylverapamil (D-702),Endothelial,0.0,0.0,391
MAPK14,Phosphate,Endothelial,0.0,0.0,391
MAPK14,Progesterone,Endothelial,0.0,0.0,391
MAPK14,Sodium,Endothelial,0.0,0.0,391
MAPK14,Sodium_hydrogen exchange,Endothelial,0.0,0.0,391
MAPK14,Taurocholic acid,Endothelial,0.0,0.0,391
MAPK14,Testosterone,Endothelial,0.0,0.0,391
MAPK14,Water,Endothelial,0.0,0.0,391
MAPK14,"(3a,5b,7a)-23-Carboxy-7-hydroxy-24-norcholan-3-yl-b-D-Glucopyranosiduronic acid|1b,3a,12a-Trihydroxy-5b-cholanoic acid|3-Sulfodeoxycholic acid|3alpha,7alpha-Dihydroxycoprostanic acid|3b-Hydroxy-5-cholenoic acid|Chenodeoxycholic acid|Chenodeoxycholic acid 3-sulfate|Coprocholic acid|Deoxycholic acid|Folinic acid|Glutathione|Glycochenodeoxycholate-3-sulfate|Hyodeoxycholic acid|Isoursodeoxycholic acid|Lithocholic acid|Sulfolithocholic acid|Trihydroxycoprostanoic acid|Ursocholic acid|Ursodeoxycholic acid|Ursodeoxycholic acid 3-sulfate|Varanic acid",Enteric_glia,0.0,0.0,92
MAPK14,"17a-Ethynylestradiol|3',4'-Dihydrodiol|4'-Hydroxydiclofenac|4-Hydroxycyclophosphamide|8-Hydroxycarvedilol|E-3179|Estriol|Glycerol|N-Desmethylcitalopram|N-Desmethyleletriptan|O-Deethylated candesartan",Enteric_glia,0.0,0.0,92
MAPK14,2-Hydroxychlorpropamide,Enteric_glia,0.0,0.0,92
MAPK14,4-ene-Valproic acid,Enteric_glia,0.0,0.0,92
MAPK14,5-Hydroxyomeprazole,Enteric_glia,0.0,0.0,92
MAPK14,Acetate,Enteric_glia,0.0,0.0,92
MAPK14,Acetyl-L-Carnitine|Choline|Creatine|Dopamine|Histamine|Norepinephrine,Enteric_glia,0.0,0.0,92
MAPK14,Adenosine triphosphate,Enteric_glia,0.0,0.0,92
MAPK14,Amiloride-sensitive sodium transport,Enteric_glia,0.0,0.0,92
MAPK14,Anion exchange,Enteric_glia,0.0,0.0,92
MAPK14,Butyrate|D-Lactate|Ketone bodies|L-Lactate|Pyruvate|alpha-Ketoisovaleric acid,Enteric_glia,0.0,0.0,92
MAPK14,Chloride,Enteric_glia,0.0,0.0,92
MAPK14,Chloride ion,Enteric_glia,0.0,0.0,92
MAPK14,Cholesterol,Enteric_glia,0.0,0.0,92
MAPK14,Cholic acid,Enteric_glia,0.0,0.0,92
MAPK14,Citric acid|Oxalic acid,Enteric_glia,0.0,0.0,92
MAPK14,Cortisol|Hydroxylansoprazole|N-Desmethyltamoxifen,Enteric_glia,0.0,0.0,92
MAPK14,Estradiol,Enteric_glia,0.0,0.0,92
MAPK14,Fatty acid,Enteric_glia,0.0,0.0,92
MAPK14,Folic acid,Enteric_glia,0.0,0.0,92
MAPK14,Glycyl-glycine|L-Dopa,Enteric_glia,0.0,0.0,92
MAPK14,Iron,Enteric_glia,0.0,0.0,92
MAPK14,L-Arginine|L-Cystine|L-Lysine|L-Ornithine,Enteric_glia,0.0,0.0,92
MAPK14,L-Carnitine,Enteric_glia,0.0,0.0,92
MAPK14,L-Glutamate,Enteric_glia,0.0,0.0,92
MAPK14,N-desmethylimatinib,Enteric_glia,0.0,0.0,92
MAPK14,Neurotransmitter,Enteric_glia,0.0,0.0,92
MAPK14,Nicotinate,Enteric_glia,0.0,0.0,92
MAPK14,O-Desmethylverapamil (D-702),Enteric_glia,0.0,0.0,92
MAPK14,Phosphate,Enteric_glia,0.0,0.0,92
MAPK14,Progesterone,Enteric_glia,0.0,0.0,92
MAPK14,Sodium,Enteric_glia,0.0,0.0,92
MAPK14,Sodium_hydrogen exchange,Enteric_glia,0.0,0.0,92
MAPK14,Taurocholic acid,Enteric_glia,0.0,0.0,92
MAPK14,Testosterone,Enteric_glia,0.0,0.0,92
MAPK14,Water,Enteric_glia,0.0,0.0,92
MAPK14,"(3a,5b,7a)-23-Carboxy-7-hydroxy-24-norcholan-3-yl-b-D-Glucopyranosiduronic acid|1b,3a,12a-Trihydroxy-5b-cholanoic acid|3-Sulfodeoxycholic acid|3alpha,7alpha-Dihydroxycoprostanic acid|3b-Hydroxy-5-cholenoic acid|Chenodeoxycholic acid|Chenodeoxycholic acid 3-sulfate|Coprocholic acid|Deoxycholic acid|Folinic acid|Glutathione|Glycochenodeoxycholate-3-sulfate|Hyodeoxycholic acid|Isoursodeoxycholic acid|Lithocholic acid|Sulfolithocholic acid|Trihydroxycoprostanoic acid|Ursocholic acid|Ursodeoxycholic acid|Ursodeoxycholic acid 3-sulfate|Varanic acid",Fibroblast,0.0,0.0,944
MAPK14,"17a-Ethynylestradiol|3',4'-Dihydrodiol|4'-Hydroxydiclofenac|4-Hydroxycyclophosphamide|8-Hydroxycarvedilol|E-3179|Estriol|Glycerol|N-Desmethylcitalopram|N-Desmethyleletriptan|O-Deethylated candesartan",Fibroblast,0.0,0.0,944
MAPK14,2-Hydroxychlorpropamide,Fibroblast,0.0,0.0,944
MAPK14,4-ene-Valproic acid,Fibroblast,0.0,0.0,944
MAPK14,5-Hydroxyomeprazole,Fibroblast,0.0,0.0,944
MAPK14,Acetate,Fibroblast,0.0,0.0,944
MAPK14,Acetyl-L-Carnitine|Choline|Creatine|Dopamine|Histamine|Norepinephrine,Fibroblast,0.0,0.0,944
MAPK14,Adenosine triphosphate,Fibroblast,0.0,0.0,944
MAPK14,Amiloride-sensitive sodium transport,Fibroblast,0.0,0.0,944
MAPK14,Anion exchange,Fibroblast,0.0,0.0,944
MAPK14,Butyrate|D-Lactate|Ketone bodies|L-Lactate|Pyruvate|alpha-Ketoisovaleric acid,Fibroblast,0.0,0.0,944
MAPK14,Chloride,Fibroblast,0.0,0.0,944
MAPK14,Chloride ion,Fibroblast,0.0,0.0,944
MAPK14,Cholesterol,Fibroblast,0.0,0.0,944
MAPK14,Cholic acid,Fibroblast,0.0,0.0,944
MAPK14,Citric acid|Oxalic acid,Fibroblast,0.0,0.0,944
MAPK14,Cortisol|Hydroxylansoprazole|N-Desmethyltamoxifen,Fibroblast,0.0,0.0,944
MAPK14,Estradiol,Fibroblast,0.0,0.0,944
MAPK14,Fatty acid,Fibroblast,0.0,0.0,944
MAPK14,Folic acid,Fibroblast,0.0,0.0,944
MAPK14,Glycyl-glycine|L-Dopa,Fibroblast,0.0,0.0,944
MAPK14,Iron,Fibroblast,0.0,0.0,944
MAPK14,L-Arginine|L-Cystine|L-Lysine|L-Ornithine,Fibroblast,0.0,0.0,944
MAPK14,L-Carnitine,Fibroblast,0.0,0.0,944
MAPK14,L-Glutamate,Fibroblast,0.0,0.0,944
MAPK14,N-desmethylimatinib,Fibroblast,0.0,0.0,944
MAPK14,Neurotransmitter,Fibroblast,0.0,0.0,944
MAPK14,Nicotinate,Fibroblast,0.0,0.0,944
MAPK14,O-Desmethylverapamil (D-702),Fibroblast,0.0,0.0,944
MAPK14,Phosphate,Fibroblast,0.0,0.0,944
MAPK14,Progesterone,Fibroblast,0.0,0.0,944
MAPK14,Sodium,Fibroblast,0.0,0.0,944
MAPK14,Sodium_hydrogen exchange,Fibroblast,0.0,0.0,944
MAPK14,Taurocholic acid,Fibroblast,0.0,0.0,944
MAPK14,Testosterone,Fibroblast,0.0,0.0,944
MAPK14,Water,Fibroblast,0.0,0.0,944
MAPK14,"(3a,5b,7a)-23-Carboxy-7-hydroxy-24-norcholan-3-yl-b-D-Glucopyranosiduronic acid|1b,3a,12a-Trihydroxy-5b-cholanoic acid|3-Sulfodeoxycholic acid|3alpha,7alpha-Dihydroxycoprostanic acid|3b-Hydroxy-5-cholenoic acid|Chenodeoxycholic acid|Chenodeoxycholic acid 3-sulfate|Coprocholic acid|Deoxycholic acid|Folinic acid|Glutathione|Glycochenodeoxycholate-3-sulfate|Hyodeoxycholic acid|Isoursodeoxycholic acid|Lithocholic acid|Sulfolithocholic acid|Trihydroxycoprostanoic acid|Ursocholic acid|Ursodeoxycholic acid|Ursodeoxycholic acid 3-sulfate|Varanic acid",IEC,7.0852686e-05,2.8493216e-05,7778
MAPK14,"17a-Ethynylestradiol|3',4'-Dihydrodiol|4'-Hydroxydiclofenac|4-Hydroxycyclophosphamide|8-Hydroxycarvedilol|E-3179|Estriol|Glycerol|N-Desmethylcitalopram|N-Desmethyleletriptan|O-Deethylated candesartan",IEC,-0.0005874475,0.00010039686,7778
MAPK14,2-Hydroxychlorpropamide,IEC,-0.00081290375,0.00011404785,7778
MAPK14,4-ene-Valproic acid,IEC,6.5672946e-05,1.3442692e-05,7778
MAPK14,5-Hydroxyomeprazole,IEC,-0.00201595,0.0004954678,7778
MAPK14,Acetate,IEC,0.00013347133,7.9782134e-05,7778
MAPK14,Acetyl-L-Carnitine|Choline|Creatine|Dopamine|Histamine|Norepinephrine,IEC,-7.648053e-05,1.6278702e-05,7778
MAPK14,Adenosine triphosphate,IEC,-2.2911768e-06,3.003927e-07,7778
MAPK14,Amiloride-sensitive sodium transport,IEC,-0.0005887512,0.00010488698,7778
MAPK14,Anion exchange,IEC,0.043278523,0.0014160363,7778
MAPK14,Butyrate|D-Lactate|Ketone bodies|L-Lactate|Pyruvate|alpha-Ketoisovaleric acid,IEC,1.2852462e-06,1.2884806e-07,7778
MAPK14,Chloride,IEC,0.00016311604,2.494791e-05,7778
MAPK14,Chloride ion,IEC,-0.0029027127,0.00036841282,7778
MAPK14,Cholesterol,IEC,-0.0022497124,0.0005901796,7778
MAPK14,Cholic acid,IEC,-0.0002460318,3.8215185e-05,7778
MAPK14,Citric acid|Oxalic acid,IEC,3.4873985e-05,1.457163e-05,7778
MAPK14,Cortisol|Hydroxylansoprazole|N-Desmethyltamoxifen,IEC,-0.0021545503,0.0006599783,7778
MAPK14,Estradiol,IEC,-0.002150845,0.00060178066,7778
MAPK14,Fatty acid,IEC,0.0038507865,0.00035001576,7778
MAPK14,Folic acid,IEC,-0.00010197448,4.0428775e-05,7778
MAPK14,Glycyl-glycine|L-Dopa,IEC,-4.8384454e-08,1.2089032e-08,7778
MAPK14,Iron,IEC,-7.938034e-05,1.0661642e-05,7778
MAPK14,L-Arginine|L-Cystine|L-Lysine|L-Ornithine,IEC,-1.689804e-07,3.2437868e-08,7778
MAPK14,L-Carnitine,IEC,-0.00013903427,8.414962e-06,7778
MAPK14,L-Glutamate,IEC,3.1849017e-05,1.2219859e-05,7778
MAPK14,N-desmethylimatinib,IEC,-0.0026830065,0.00028733668,7778
MAPK14,Neurotransmitter,IEC,1.8690704e-07,7.7853564e-08,7778
MAPK14,Nicotinate,IEC,0.00034864873,3.5100322e-05,7778
MAPK14,O-Desmethylverapamil (D-702),IEC,-0.0042231,0.00074334786,7778
MAPK14,Phosphate,IEC,1.5738785e-06,2.3878582e-07,7778
MAPK14,Progesterone,IEC,-0.0005651345,8.9893896e-05,7778
MAPK14,Sodium,IEC,-0.0055805244,0.000546807,7778
MAPK14,Sodium_hydrogen exchange,IEC,0.01264805,0.0019007743,7778
MAPK14,Taurocholic acid,IEC,-0.0012393794,0.00019526127,7778
MAPK14,Testosterone,IEC,-0.0028585305,0.00039367276,7778
MAPK14,Water,IEC,0.023635503,0.0028932295,7778
MAPK14,"(3a,5b,7a)-23-Carboxy-7-hydroxy-24-norcholan-3-yl-b-D-Glucopyranosiduronic acid|1b,3a,12a-Trihydroxy-5b-cholanoic acid|3-Sulfodeoxycholic acid|3alpha,7alpha-Dihydroxycoprostanic acid|3b-Hydroxy-5-cholenoic acid|Chenodeoxycholic acid|Chenodeoxycholic acid 3-sulfate|Coprocholic acid|Deoxycholic acid|Folinic acid|Glutathione|Glycochenodeoxycholate-3-sulfate|Hyodeoxycholic acid|Isoursodeoxycholic acid|Lithocholic acid|Sulfolithocholic acid|Trihydroxycoprostanoic acid|Ursocholic acid|Ursodeoxycholic acid|Ursodeoxycholic acid 3-sulfate|Varanic acid",MAST,0.0,0.0,171
MAPK14,"17a-Ethynylestradiol|3',4'-Dihydrodiol|4'-Hydroxydiclofenac|4-Hydroxycyclophosphamide|8-Hydroxycarvedilol|E-3179|Estriol|Glycerol|N-Desmethylcitalopram|N-Desmethyleletriptan|O-Deethylated candesartan",MAST,0.0,0.0,171
MAPK14,2-Hydroxychlorpropamide,MAST,0.0,0.0,171
MAPK14,4-ene-Valproic acid,MAST,0.0,0.0,171
MAPK14,5-Hydroxyomeprazole,MAST,0.0,0.0,171
MAPK14,Acetate,MAST,0.0,0.0,171
MAPK14,Acetyl-L-Carnitine|Choline|Creatine|Dopamine|Histamine|Norepinephrine,MAST,0.0,0.0,171
MAPK14,Adenosine triphosphate,MAST,0.0,0.0,171
MAPK14,Amiloride-sensitive sodium transport,MAST,0.0,0.0,171
MAPK14,Anion exchange,MAST,0.0,0.0,171
MAPK14,Butyrate|D-Lactate|Ketone bodies|L-Lactate|Pyruvate|alpha-Ketoisovaleric acid,MAST,0.0,0.0,171
MAPK14,Chloride,MAST,0.0,0.0,171
MAPK14,Chloride ion,MAST,0.0,0.0,171
MAPK14,Cholesterol,MAST,0.0,0.0,171
MAPK14,Cholic acid,MAST,0.0,0.0,171
MAPK14,Citric acid|Oxalic acid,MAST,0.0,0.0,171
MAPK14,Cortisol|Hydroxylansoprazole|N-Desmethyltamoxifen,MAST,0.0,0.0,171
MAPK14,Estradiol,MAST,0.0,0.0,171
MAPK14,Fatty acid,MAST,0.0,0.0,171
MAPK14,Folic acid,MAST,0.0,0.0,171
MAPK14,Glycyl-glycine|L-Dopa,MAST,0.0,0.0,171
MAPK14,Iron,MAST,0.0,0.0,171
MAPK14,L-Arginine|L-Cystine|L-Lysine|L-Ornithine,MAST,0.0,0.0,171
MAPK14,L-Carnitine,MAST,0.0,0.0,171
MAPK14,L-Glutamate,MAST,0.0,0.0,171
MAPK14,N-desmethylimatinib,MAST,0.0,0.0,171
MAPK14,Neurotransmitter,MAST,0.0,0.0,171
MAPK14,Nicotinate,MAST,0.0,0.0,171
MAPK14,O-Desmethylverapamil (D-702),MAST,0.0,0.0,171
MAPK14,Phosphate,MAST,0.0,0.0,171
MAPK14,Progesterone,MAST,0.0,0.0,171
MAPK14,Sodium,MAST,0.0,0.0,171
MAPK14,Sodium_hydrogen exchange,MAST,0.0,0.0,171
MAPK14,Taurocholic acid,MAST,0.0,0.0,171
MAPK14,Testosterone,MAST,0.0,0.0,171
MAPK14,Water,MAST,0.0,0.0,171
MAPK14,"(3a,5b,7a)-23-Carboxy-7-hydroxy-24-norcholan-3-yl-b-D-Glucopyranosiduronic acid|1b,3a,12a-Trihydroxy-5b-cholanoic acid|3-Sulfodeoxycholic acid|3alpha,7alpha-Dihydroxycoprostanic acid|3b-Hydroxy-5-cholenoic acid|Chenodeoxycholic acid|Chenodeoxycholic acid 3-sulfate|Coprocholic acid|Deoxycholic acid|Folinic acid|Glutathione|Glycochenodeoxycholate-3-sulfate|Hyodeoxycholic acid|Isoursodeoxycholic acid|Lithocholic acid|Sulfolithocholic acid|Trihydroxycoprostanoic acid|Ursocholic acid|Ursodeoxycholic acid|Ursodeoxycholic acid 3-sulfate|Varanic acid",MNP,0.0,0.0,464
MAPK14,"17a-Ethynylestradiol|3',4'-Dihydrodiol|4'-Hydroxydiclofenac|4-Hydroxycyclophosphamide|8-Hydroxycarvedilol|E-3179|Estriol|Glycerol|N-Desmethylcitalopram|N-Desmethyleletriptan|O-Deethylated candesartan",MNP,0.0,0.0,464
MAPK14,2-Hydroxychlorpropamide,MNP,0.0,0.0,464
MAPK14,4-ene-Valproic acid,MNP,0.0,0.0,464
MAPK14,5-Hydroxyomeprazole,MNP,0.0,0.0,464
MAPK14,Acetate,MNP,0.0,0.0,464
MAPK14,Acetyl-L-Carnitine|Choline|Creatine|Dopamine|Histamine|Norepinephrine,MNP,0.0,0.0,464
MAPK14,Adenosine triphosphate,MNP,0.0,0.0,464
MAPK14,Amiloride-sensitive sodium transport,MNP,0.0,0.0,464
MAPK14,Anion exchange,MNP,0.0,0.0,464
MAPK14,Butyrate|D-Lactate|Ketone bodies|L-Lactate|Pyruvate|alpha-Ketoisovaleric acid,MNP,0.0,0.0,464
MAPK14,Chloride,MNP,0.0,0.0,464
MAPK14,Chloride ion,MNP,0.0,0.0,464
MAPK14,Cholesterol,MNP,0.0,0.0,464
MAPK14,Cholic acid,MNP,0.0,0.0,464
MAPK14,Citric acid|Oxalic acid,MNP,0.0,0.0,464
MAPK14,Cortisol|Hydroxylansoprazole|N-Desmethyltamoxifen,MNP,0.0,0.0,464
MAPK14,Estradiol,MNP,0.0,0.0,464
MAPK14,Fatty acid,MNP,0.0,0.0,464
MAPK14,Folic acid,MNP,0.0,0.0,464
MAPK14,Glycyl-glycine|L-Dopa,MNP,0.0,0.0,464
MAPK14,Iron,MNP,0.0,0.0,464
MAPK14,L-Arginine|L-Cystine|L-Lysine|L-Ornithine,MNP,0.0,0.0,464
MAPK14,L-Carnitine,MNP,0.0,0.0,464
MAPK14,L-Glutamate,MNP,0.0,0.0,464
MAPK14,N-desmethylimatinib,MNP,0.0,0.0,464
MAPK14,Neurotransmitter,MNP,0.0,0.0,464
MAPK14,Nicotinate,MNP,0.0,0.0,464
MAPK14,O-Desmethylverapamil (D-702),MNP,0.0,0.0,464
MAPK14,Phosphate,MNP,0.0,0.0,464
MAPK14,Progesterone,MNP,0.0,0.0,464
MAPK14,Sodium,MNP,0.0,0.0,464
MAPK14,Sodium_hydrogen exchange,MNP,0.0,0.0,464
MAPK14,Taurocholic acid,MNP,0.0,0.0,464
MAPK14,Testosterone,MNP,0.0,0.0,464
MAPK14,Water,MNP,0.0,0.0,464
MAPK14,"(3a,5b,7a)-23-Carboxy-7-hydroxy-24-norcholan-3-yl-b-D-Glucopyranosiduronic acid|1b,3a,12a-Trihydroxy-5b-cholanoic acid|3-Sulfodeoxycholic acid|3alpha,7alpha-Dihydroxycoprostanic acid|3b-Hydroxy-5-cholenoic acid|Chenodeoxycholic acid|Chenodeoxycholic acid 3-sulfate|Coprocholic acid|Deoxycholic acid|Folinic acid|Glutathione|Glycochenodeoxycholate-3-sulfate|Hyodeoxycholic acid|Isoursodeoxycholic acid|Lithocholic acid|Sulfolithocholic acid|Trihydroxycoprostanoic acid|Ursocholic acid|Ursodeoxycholic acid|Ursodeoxycholic acid 3-sulfate|Varanic acid",Muscularis_mucosa,0.0,0.0,92
MAPK14,"17a-Ethynylestradiol|3',4'-Dihydrodiol|4'-Hydroxydiclofenac|4-Hydroxycyclophosphamide|8-Hydroxycarvedilol|E-3179|Estriol|Glycerol|N-Desmethylcitalopram|N-Desmethyleletriptan|O-Deethylated candesartan",Muscularis_mucosa,0.0,0.0,92
MAPK14,2-Hydroxychlorpropamide,Muscularis_mucosa,0.0,0.0,92
MAPK14,4-ene-Valproic acid,Muscularis_mucosa,0.0,0.0,92
MAPK14,5-Hydroxyomeprazole,Muscularis_mucosa,0.0,0.0,92
MAPK14,Acetate,Muscularis_mucosa,0.0,0.0,92
MAPK14,Acetyl-L-Carnitine|Choline|Creatine|Dopamine|Histamine|Norepinephrine,Muscularis_mucosa,0.0,0.0,92
MAPK14,Adenosine triphosphate,Muscularis_mucosa,0.0,0.0,92
MAPK14,Amiloride-sensitive sodium transport,Muscularis_mucosa,0.0,0.0,92
MAPK14,Anion exchange,Muscularis_mucosa,0.0,0.0,92
MAPK14,Butyrate|D-Lactate|Ketone bodies|L-Lactate|Pyruvate|alpha-Ketoisovaleric acid,Muscularis_mucosa,0.0,0.0,92
MAPK14,Chloride,Muscularis_mucosa,0.0,0.0,92
MAPK14,Chloride ion,Muscularis_mucosa,0.0,0.0,92
MAPK14,Cholesterol,Muscularis_mucosa,0.0,0.0,92
MAPK14,Cholic acid,Muscularis_mucosa,0.0,0.0,92
MAPK14,Citric acid|Oxalic acid,Muscularis_mucosa,0.0,0.0,92
MAPK14,Cortisol|Hydroxylansoprazole|N-Desmethyltamoxifen,Muscularis_mucosa,0.0,0.0,92
MAPK14,Estradiol,Muscularis_mucosa,0.0,0.0,92
MAPK14,Fatty acid,Muscularis_mucosa,0.0,0.0,92
MAPK14,Folic acid,Muscularis_mucosa,0.0,0.0,92
MAPK14,Glycyl-glycine|L-Dopa,Muscularis_mucosa,0.0,0.0,92
MAPK14,Iron,Muscularis_mucosa,0.0,0.0,92
MAPK14,L-Arginine|L-Cystine|L-Lysine|L-Ornithine,Muscularis_mucosa,0.0,0.0,92
MAPK14,L-Carnitine,Muscularis_mucosa,0.0,0.0,92
MAPK14,L-Glutamate,Muscularis_mucosa,0.0,0.0,92
MAPK14,N-desmethylimatinib,Muscularis_mucosa,0.0,0.0,92
MAPK14,Neurotransmitter,Muscularis_mucosa,0.0,0.0,92
MAPK14,Nicotinate,Muscularis_mucosa,0.0,0.0,92
MAPK14,O-Desmethylverapamil (D-702),Muscularis_mucosa,0.0,0.0,92
MAPK14,Phosphate,Muscularis_mucosa,0.0,0.0,92
MAPK14,Progesterone,Muscularis_mucosa,0.0,0.0,92
MAPK14,Sodium,Muscularis_mucosa,0.0,0.0,92
MAPK14,Sodium_hydrogen exchange,Muscularis_mucosa,0.0,0.0,92
MAPK14,Taurocholic acid,Muscularis_mucosa,0.0,0.0,92
MAPK14,Testosterone,Muscularis_mucosa,0.0,0.0,92
MAPK14,Water,Muscularis_mucosa,0.0,0.0,92
MAPK14,"(3a,5b,7a)-23-Carboxy-7-hydroxy-24-norcholan-3-yl-b-D-Glucopyranosiduronic acid|1b,3a,12a-Trihydroxy-5b-cholanoic acid|3-Sulfodeoxycholic acid|3alpha,7alpha-Dihydroxycoprostanic acid|3b-Hydroxy-5-cholenoic acid|Chenodeoxycholic acid|Chenodeoxycholic acid 3-sulfate|Coprocholic acid|Deoxycholic acid|Folinic acid|Glutathione|Glycochenodeoxycholate-3-sulfate|Hyodeoxycholic acid|Isoursodeoxycholic acid|Lithocholic acid|Sulfolithocholic acid|Trihydroxycoprostanoic acid|Ursocholic acid|Ursodeoxycholic acid|Ursodeoxycholic acid 3-sulfate|Varanic acid",Myofibroblast,0.0,0.0,219
MAPK14,"17a-Ethynylestradiol|3',4'-Dihydrodiol|4'-Hydroxydiclofenac|4-Hydroxycyclophosphamide|8-Hydroxycarvedilol|E-3179|Estriol|Glycerol|N-Desmethylcitalopram|N-Desmethyleletriptan|O-Deethylated candesartan",Myofibroblast,0.0,0.0,219
MAPK14,2-Hydroxychlorpropamide,Myofibroblast,0.0,0.0,219
MAPK14,4-ene-Valproic acid,Myofibroblast,0.0,0.0,219
MAPK14,5-Hydroxyomeprazole,Myofibroblast,0.0,0.0,219
MAPK14,Acetate,Myofibroblast,0.0,0.0,219
MAPK14,Acetyl-L-Carnitine|Choline|Creatine|Dopamine|Histamine|Norepinephrine,Myofibroblast,0.0,0.0,219
MAPK14,Adenosine triphosphate,Myofibroblast,0.0,0.0,219
MAPK14,Amiloride-sensitive sodium transport,Myofibroblast,0.0,0.0,219
MAPK14,Anion exchange,Myofibroblast,0.0,0.0,219
MAPK14,Butyrate|D-Lactate|Ketone bodies|L-Lactate|Pyruvate|alpha-Ketoisovaleric acid,Myofibroblast,0.0,0.0,219
MAPK14,Chloride,Myofibroblast,0.0,0.0,219
MAPK14,Chloride ion,Myofibroblast,0.0,0.0,219
MAPK14,Cholesterol,Myofibroblast,0.0,0.0,219
MAPK14,Cholic acid,Myofibroblast,0.0,0.0,219
MAPK14,Citric acid|Oxalic acid,Myofibroblast,0.0,0.0,219
MAPK14,Cortisol|Hydroxylansoprazole|N-Desmethyltamoxifen,Myofibroblast,0.0,0.0,219
MAPK14,Estradiol,Myofibroblast,0.0,0.0,219
MAPK14,Fatty acid,Myofibroblast,0.0,0.0,219
MAPK14,Folic acid,Myofibroblast,0.0,0.0,219
MAPK14,Glycyl-glycine|L-Dopa,Myofibroblast,0.0,0.0,219
MAPK14,Iron,Myofibroblast,0.0,0.0,219
MAPK14,L-Arginine|L-Cystine|L-Lysine|L-Ornithine,Myofibroblast,0.0,0.0,219
MAPK14,L-Carnitine,Myofibroblast,0.0,0.0,219
MAPK14,L-Glutamate,Myofibroblast,0.0,0.0,219
MAPK14,N-desmethylimatinib,Myofibroblast,0.0,0.0,219
MAPK14,Neurotransmitter,Myofibroblast,0.0,0.0,219
MAPK14,Nicotinate,Myofibroblast,0.0,0.0,219
MAPK14,O-Desmethylverapamil (D-702),Myofibroblast,0.0,0.0,219
MAPK14,Phosphate,Myofibroblast,0.0,0.0,219
MAPK14,Progesterone,Myofibroblast,0.0,0.0,219
MAPK14,Sodium,Myofibroblast,0.0,0.0,219
MAPK14,Sodium_hydrogen exchange,Myofibroblast,0.0,0.0,219
MAPK14,Taurocholic acid,Myofibroblast,0.0,0.0,219
MAPK14,Testosterone,Myofibroblast,0.0,0.0,219
MAPK14,Water,Myofibroblast,0.0,0.0,219
MAPK14,"(3a,5b,7a)-23-Carboxy-7-hydroxy-24-norcholan-3-yl-b-D-Glucopyranosiduronic acid|1b,3a,12a-Trihydroxy-5b-cholanoic acid|3-Sulfodeoxycholic acid|3alpha,7alpha-Dihydroxycoprostanic acid|3b-Hydroxy-5-cholenoic acid|Chenodeoxycholic acid|Chenodeoxycholic acid 3-sulfate|Coprocholic acid|Deoxycholic acid|Folinic acid|Glutathione|Glycochenodeoxycholate-3-sulfate|Hyodeoxycholic acid|Isoursodeoxycholic acid|Lithocholic acid|Sulfolithocholic acid|Trihydroxycoprostanoic acid|Ursocholic acid|Ursodeoxycholic acid|Ursodeoxycholic acid 3-sulfate|Varanic acid",Pericyte,0.0,0.0,109
MAPK14,"17a-Ethynylestradiol|3',4'-Dihydrodiol|4'-Hydroxydiclofenac|4-Hydroxycyclophosphamide|8-Hydroxycarvedilol|E-3179|Estriol|Glycerol|N-Desmethylcitalopram|N-Desmethyleletriptan|O-Deethylated candesartan",Pericyte,0.0,0.0,109
MAPK14,2-Hydroxychlorpropamide,Pericyte,0.0,0.0,109
MAPK14,4-ene-Valproic acid,Pericyte,0.0,0.0,109
MAPK14,5-Hydroxyomeprazole,Pericyte,0.0,0.0,109
MAPK14,Acetate,Pericyte,0.0,0.0,109
MAPK14,Acetyl-L-Carnitine|Choline|Creatine|Dopamine|Histamine|Norepinephrine,Pericyte,0.0,0.0,109
MAPK14,Adenosine triphosphate,Pericyte,0.0,0.0,109
MAPK14,Amiloride-sensitive sodium transport,Pericyte,0.0,0.0,109
MAPK14,Anion exchange,Pericyte,0.0,0.0,109
MAPK14,Butyrate|D-Lactate|Ketone bodies|L-Lactate|Pyruvate|alpha-Ketoisovaleric acid,Pericyte,0.0,0.0,109
MAPK14,Chloride,Pericyte,0.0,0.0,109
MAPK14,Chloride ion,Pericyte,0.0,0.0,109
MAPK14,Cholesterol,Pericyte,0.0,0.0,109
MAPK14,Cholic acid,Pericyte,0.0,0.0,109
MAPK14,Citric acid|Oxalic acid,Pericyte,0.0,0.0,109
MAPK14,Cortisol|Hydroxylansoprazole|N-Desmethyltamoxifen,Pericyte,0.0,0.0,109
MAPK14,Estradiol,Pericyte,0.0,0.0,109
MAPK14,Fatty acid,Pericyte,0.0,0.0,109
MAPK14,Folic acid,Pericyte,0.0,0.0,109
MAPK14,Glycyl-glycine|L-Dopa,Pericyte,0.0,0.0,109
MAPK14,Iron,Pericyte,0.0,0.0,109
MAPK14,L-Arginine|L-Cystine|L-Lysine|L-Ornithine,Pericyte,0.0,0.0,109
MAPK14,L-Carnitine,Pericyte,0.0,0.0,109
MAPK14,L-Glutamate,Pericyte,0.0,0.0,109
MAPK14,N-desmethylimatinib,Pericyte,0.0,0.0,109
MAPK14,Neurotransmitter,Pericyte,0.0,0.0,109
MAPK14,Nicotinate,Pericyte,0.0,0.0,109
MAPK14,O-Desmethylverapamil (D-702),Pericyte,0.0,0.0,109
MAPK14,Phosphate,Pericyte,0.0,0.0,109
MAPK14,Progesterone,Pericyte,0.0,0.0,109
MAPK14,Sodium,Pericyte,0.0,0.0,109
MAPK14,Sodium_hydrogen exchange,Pericyte,0.0,0.0,109
MAPK14,Taurocholic acid,Pericyte,0.0,0.0,109
MAPK14,Testosterone,Pericyte,0.0,0.0,109
MAPK14,Water,Pericyte,0.0,0.0,109
MAPK14,"(3a,5b,7a)-23-Carboxy-7-hydroxy-24-norcholan-3-yl-b-D-Glucopyranosiduronic acid|1b,3a,12a-Trihydroxy-5b-cholanoic acid|3-Sulfodeoxycholic acid|3alpha,7alpha-Dihydroxycoprostanic acid|3b-Hydroxy-5-cholenoic acid|Chenodeoxycholic acid|Chenodeoxycholic acid 3-sulfate|Coprocholic acid|Deoxycholic acid|Folinic acid|Glutathione|Glycochenodeoxycholate-3-sulfate|Hyodeoxycholic acid|Isoursodeoxycholic acid|Lithocholic acid|Sulfolithocholic acid|Trihydroxycoprostanoic acid|Ursocholic acid|Ursodeoxycholic acid|Ursodeoxycholic acid 3-sulfate|Varanic acid",Plasma,0.0,0.0,1230
MAPK14,"17a-Ethynylestradiol|3',4'-Dihydrodiol|4'-Hydroxydiclofenac|4-Hydroxycyclophosphamide|8-Hydroxycarvedilol|E-3179|Estriol|Glycerol|N-Desmethylcitalopram|N-Desmethyleletriptan|O-Deethylated candesartan",Plasma,0.0,0.0,1230
MAPK14,2-Hydroxychlorpropamide,Plasma,0.0,0.0,1230
MAPK14,4-ene-Valproic acid,Plasma,0.0,0.0,1230
MAPK14,5-Hydroxyomeprazole,Plasma,0.0,0.0,1230
MAPK14,Acetate,Plasma,0.0,0.0,1230
MAPK14,Acetyl-L-Carnitine|Choline|Creatine|Dopamine|Histamine|Norepinephrine,Plasma,0.0,0.0,1230
MAPK14,Adenosine triphosphate,Plasma,0.0,0.0,1230
MAPK14,Amiloride-sensitive sodium transport,Plasma,0.0,0.0,1230
MAPK14,Anion exchange,Plasma,0.0,0.0,1230
MAPK14,Butyrate|D-Lactate|Ketone bodies|L-Lactate|Pyruvate|alpha-Ketoisovaleric acid,Plasma,0.0,0.0,1230
MAPK14,Chloride,Plasma,0.0,0.0,1230
MAPK14,Chloride ion,Plasma,0.0,0.0,1230
MAPK14,Cholesterol,Plasma,0.0,0.0,1230
MAPK14,Cholic acid,Plasma,0.0,0.0,1230
MAPK14,Citric acid|Oxalic acid,Plasma,0.0,0.0,1230
MAPK14,Cortisol|Hydroxylansoprazole|N-Desmethyltamoxifen,Plasma,0.0,0.0,1230
MAPK14,Estradiol,Plasma,0.0,0.0,1230
MAPK14,Fatty acid,Plasma,0.0,0.0,1230
MAPK14,Folic acid,Plasma,0.0,0.0,1230
MAPK14,Glycyl-glycine|L-Dopa,Plasma,0.0,0.0,1230
MAPK14,Iron,Plasma,0.0,0.0,1230
MAPK14,L-Arginine|L-Cystine|L-Lysine|L-Ornithine,Plasma,0.0,0.0,1230
MAPK14,L-Carnitine,Plasma,0.0,0.0,1230
MAPK14,L-Glutamate,Plasma,0.0,0.0,1230
MAPK14,N-desmethylimatinib,Plasma,0.0,0.0,1230
MAPK14,Neurotransmitter,Plasma,0.0,0.0,1230
MAPK14,Nicotinate,Plasma,0.0,0.0,1230
MAPK14,O-Desmethylverapamil (D-702),Plasma,0.0,0.0,1230
MAPK14,Phosphate,Plasma,0.0,0.0,1230
MAPK14,Progesterone,Plasma,0.0,0.0,1230
MAPK14,Sodium,Plasma,0.0,0.0,1230
MAPK14,Sodium_hydrogen exchange,Plasma,0.0,0.0,1230
MAPK14,Taurocholic acid,Plasma,0.0,0.0,1230
MAPK14,Testosterone,Plasma,0.0,0.0,1230
MAPK14,Water,Plasma,0.0,0.0,1230
MAPK14,"(3a,5b,7a)-23-Carboxy-7-hydroxy-24-norcholan-3-yl-b-D-Glucopyranosiduronic acid|1b,3a,12a-Trihydroxy-5b-cholanoic acid|3-Sulfodeoxycholic acid|3alpha,7alpha-Dihydroxycoprostanic acid|3b-Hydroxy-5-cholenoic acid|Chenodeoxycholic acid|Chenodeoxycholic acid 3-sulfate|Coprocholic acid|Deoxycholic acid|Folinic acid|Glutathione|Glycochenodeoxycholate-3-sulfate|Hyodeoxycholic acid|Isoursodeoxycholic acid|Lithocholic acid|Sulfolithocholic acid|Trihydroxycoprostanoic acid|Ursocholic acid|Ursodeoxycholic acid|Ursodeoxycholic acid 3-sulfate|Varanic acid",T,0.0,0.0,632
MAPK14,"17a-Ethynylestradiol|3',4'-Dihydrodiol|4'-Hydroxydiclofenac|4-Hydroxycyclophosphamide|8-Hydroxycarvedilol|E-3179|Estriol|Glycerol|N-Desmethylcitalopram|N-Desmethyleletriptan|O-Deethylated candesartan",T,0.0,0.0,632
MAPK14,2-Hydroxychlorpropamide,T,0.0,0.0,632
MAPK14,4-ene-Valproic acid,T,0.0,0.0,632
MAPK14,5-Hydroxyomeprazole,T,0.0,0.0,632
MAPK14,Acetate,T,0.0,0.0,632
MAPK14,Acetyl-L-Carnitine|Choline|Creatine|Dopamine|Histamine|Norepinephrine,T,0.0,0.0,632
MAPK14,Adenosine triphosphate,T,0.0,0.0,632
MAPK14,Amiloride-sensitive sodium transport,T,0.0,0.0,632
MAPK14,Anion exchange,T,0.0,0.0,632
MAPK14,Butyrate|D-Lactate|Ketone bodies|L-Lactate|Pyruvate|alpha-Ketoisovaleric acid,T,0.0,0.0,632
MAPK14,Chloride,T,0.0,0.0,632
MAPK14,Chloride ion,T,0.0,0.0,632
MAPK14,Cholesterol,T,0.0,0.0,632
MAPK14,Cholic acid,T,0.0,0.0,632
MAPK14,Citric acid|Oxalic acid,T,0.0,0.0,632
MAPK14,Cortisol|Hydroxylansoprazole|N-Desmethyltamoxifen,T,0.0,0.0,632
MAPK14,Estradiol,T,0.0,0.0,632
MAPK14,Fatty acid,T,0.0,0.0,632
MAPK14,Folic acid,T,0.0,0.0,632
MAPK14,Glycyl-glycine|L-Dopa,T,0.0,0.0,632
MAPK14,Iron,T,0.0,0.0,632
MAPK14,L-Arginine|L-Cystine|L-Lysine|L-Ornithine,T,0.0,0.0,632
MAPK14,L-Carnitine,T,0.0,0.0,632
MAPK14,L-Glutamate,T,0.0,0.0,632
MAPK14,N-desmethylimatinib,T,0.0,0.0,632
MAPK14,Neurotransmitter,T,0.0,0.0,632
MAPK14,Nicotinate,T,0.0,0.0,632
MAPK14,O-Desmethylverapamil (D-702),T,0.0,0.0,632
MAPK14,Phosphate,T,0.0,0.0,632
MAPK14,Progesterone,T,0.0,0.0,632
MAPK14,Sodium,T,0.0,0.0,632
MAPK14,Sodium_hydrogen exchange,T,0.0,0.0,632
MAPK14,Taurocholic acid,T,0.0,0.0,632
MAPK14,Testosterone,T,0.0,0.0,632
MAPK14,Water,T,0.0,0.0,632
MYC,"(3a,5b,7a)-23-Carboxy-7-hydroxy-24-norcholan-3-yl-b-D-Glucopyranosiduronic acid|1b,3a,12a-Trihydroxy-5b-cholanoic acid|3-Sulfodeoxycholic acid|3alpha,7alpha-Dihydroxycoprostanic acid|3b-Hydroxy-5-cholenoic acid|Chenodeoxycholic acid|Chenodeoxycholic acid 3-sulfate|Coprocholic acid|Deoxycholic acid|Folinic acid|Glutathione|Glycochenodeoxycholate-3-sulfate|Hyodeoxycholic acid|Isoursodeoxycholic acid|Lithocholic acid|Sulfolithocholic acid|Trihydroxycoprostanoic acid|Ursocholic acid|Ursodeoxycholic acid|Ursodeoxycholic acid 3-sulfate|Varanic acid",B,0.0,0.0,20
MYC,"17a-Ethynylestradiol|3',4'-Dihydrodiol|4'-Hydroxydiclofenac|4-Hydroxycyclophosphamide|8-Hydroxycarvedilol|E-3179|Estriol|Glycerol|N-Desmethylcitalopram|N-Desmethyleletriptan|O-Deethylated candesartan",B,0.0,0.0,20
MYC,2-Hydroxychlorpropamide,B,0.0,0.0,20
MYC,4-ene-Valproic acid,B,0.0,0.0,20
MYC,5-Hydroxyomeprazole,B,0.0,0.0,20
MYC,Acetate,B,0.0,0.0,20
MYC,Acetyl-L-Carnitine|Choline|Creatine|Dopamine|Histamine|Norepinephrine,B,0.0,0.0,20
MYC,Adenosine triphosphate,B,0.0,0.0,20
MYC,Amiloride-sensitive sodium transport,B,0.0,0.0,20
MYC,Anion exchange,B,0.0,0.0,20
MYC,Butyrate|D-Lactate|Ketone bodies|L-Lactate|Pyruvate|alpha-Ketoisovaleric acid,B,0.0,0.0,20
MYC,Chloride ion,B,0.0,0.0,20
MYC,Cholesterol,B,0.0,0.0,20
MYC,Cholic acid,B,0.0,0.0,20
MYC,Citric acid|Oxalic acid,B,0.0,0.0,20
MYC,Cortisol|Hydroxylansoprazole|N-Desmethyltamoxifen,B,0.0,0.0,20
MYC,Estradiol,B,0.0,0.0,20
MYC,Fatty acid,B,0.0,0.0,20
MYC,Folic acid,B,0.0,0.0,20
MYC,Iron,B,0.0,0.0,20
MYC,L-Arginine|L-Cystine|L-Lysine|L-Ornithine,B,0.0,0.0,20
MYC,L-Carnitine,B,0.0,0.0,20
MYC,L-Glutamate,B,0.0,0.0,20
MYC,N-desmethylimatinib,B,0.0,0.0,20
MYC,Nicotinate,B,0.0,0.0,20
MYC,O-Desmethylverapamil (D-702),B,0.0,0.0,20
MYC,Phosphate,B,0.0,0.0,20
MYC,Progesterone,B,0.0,0.0,20
MYC,Sodium,B,0.0,0.0,20
MYC,Sodium_hydrogen exchange,B,0.0,0.0,20
MYC,Taurocholic acid,B,0.0,0.0,20
MYC,Testosterone,B,0.0,0.0,20
MYC,Water,B,0.0,0.0,20
MYC,"(3a,5b,7a)-23-Carboxy-7-hydroxy-24-norcholan-3-yl-b-D-Glucopyranosiduronic acid|1b,3a,12a-Trihydroxy-5b-cholanoic acid|3-Sulfodeoxycholic acid|3alpha,7alpha-Dihydroxycoprostanic acid|3b-Hydroxy-5-cholenoic acid|Chenodeoxycholic acid|Chenodeoxycholic acid 3-sulfate|Coprocholic acid|Deoxycholic acid|Folinic acid|Glutathione|Glycochenodeoxycholate-3-sulfate|Hyodeoxycholic acid|Isoursodeoxycholic acid|Lithocholic acid|Sulfolithocholic acid|Trihydroxycoprostanoic acid|Ursocholic acid|Ursodeoxycholic acid|Ursodeoxycholic acid 3-sulfate|Varanic acid",Endothelial,0.0,0.0,391
MYC,"17a-Ethynylestradiol|3',4'-Dihydrodiol|4'-Hydroxydiclofenac|4-Hydroxycyclophosphamide|8-Hydroxycarvedilol|E-3179|Estriol|Glycerol|N-Desmethylcitalopram|N-Desmethyleletriptan|O-Deethylated candesartan",Endothelial,0.0,0.0,391
MYC,2-Hydroxychlorpropamide,Endothelial,0.0,0.0,391
MYC,4-ene-Valproic acid,Endothelial,0.0,0.0,391
MYC,5-Hydroxyomeprazole,Endothelial,0.0,0.0,391
MYC,Acetate,Endothelial,0.0,0.0,391
MYC,Acetyl-L-Carnitine|Choline|Creatine|Dopamine|Histamine|Norepinephrine,Endothelial,0.0,0.0,391
MYC,Adenosine triphosphate,Endothelial,0.0,0.0,391
MYC,Amiloride-sensitive sodium transport,Endothelial,0.0,0.0,391
MYC,Anion exchange,Endothelial,0.0,0.0,391
MYC,Butyrate|D-Lactate|Ketone bodies|L-Lactate|Pyruvate|alpha-Ketoisovaleric acid,Endothelial,0.0,0.0,391
MYC,Chloride ion,Endothelial,0.0,0.0,391
MYC,Cholesterol,Endothelial,0.0,0.0,391
MYC,Cholic acid,Endothelial,0.0,0.0,391
MYC,Citric acid|Oxalic acid,Endothelial,0.0,0.0,391
MYC,Cortisol|Hydroxylansoprazole|N-Desmethyltamoxifen,Endothelial,0.0,0.0,391
MYC,Estradiol,Endothelial,0.0,0.0,391
MYC,Fatty acid,Endothelial,0.0,0.0,391
MYC,Folic acid,Endothelial,0.0,0.0,391
MYC,Iron,Endothelial,0.0,0.0,391
MYC,L-Arginine|L-Cystine|L-Lysine|L-Ornithine,Endothelial,0.0,0.0,391
MYC,L-Carnitine,Endothelial,0.0,0.0,391
MYC,L-Glutamate,Endothelial,0.0,0.0,391
MYC,N-desmethylimatinib,Endothelial,0.0,0.0,391
MYC,Nicotinate,Endothelial,0.0,0.0,391
MYC,O-Desmethylverapamil (D-702),Endothelial,0.0,0.0,391
MYC,Phosphate,Endothelial,0.0,0.0,391
MYC,Progesterone,Endothelial,0.0,0.0,391
MYC,Sodium,Endothelial,0.0,0.0,391
MYC,Sodium_hydrogen exchange,Endothelial,0.0,0.0,391
MYC,Taurocholic acid,Endothelial,0.0,0.0,391
MYC,Testosterone,Endothelial,0.0,0.0,391
MYC,Water,Endothelial,0.0,0.0,391
MYC,"(3a,5b,7a)-23-Carboxy-7-hydroxy-24-norcholan-3-yl-b-D-Glucopyranosiduronic acid|1b,3a,12a-Trihydroxy-5b-cholanoic acid|3-Sulfodeoxycholic acid|3alpha,7alpha-Dihydroxycoprostanic acid|3b-Hydroxy-5-cholenoic acid|Chenodeoxycholic acid|Chenodeoxycholic acid 3-sulfate|Coprocholic acid|Deoxycholic acid|Folinic acid|Glutathione|Glycochenodeoxycholate-3-sulfate|Hyodeoxycholic acid|Isoursodeoxycholic acid|Lithocholic acid|Sulfolithocholic acid|Trihydroxycoprostanoic acid|Ursocholic acid|Ursodeoxycholic acid|Ursodeoxycholic acid 3-sulfate|Varanic acid",Enteric_glia,0.0,0.0,92
MYC,"17a-Ethynylestradiol|3',4'-Dihydrodiol|4'-Hydroxydiclofenac|4-Hydroxycyclophosphamide|8-Hydroxycarvedilol|E-3179|Estriol|Glycerol|N-Desmethylcitalopram|N-Desmethyleletriptan|O-Deethylated candesartan",Enteric_glia,0.0,0.0,92
MYC,2-Hydroxychlorpropamide,Enteric_glia,0.0,0.0,92
MYC,4-ene-Valproic acid,Enteric_glia,0.0,0.0,92
MYC,5-Hydroxyomeprazole,Enteric_glia,0.0,0.0,92
MYC,Acetate,Enteric_glia,0.0,0.0,92
MYC,Acetyl-L-Carnitine|Choline|Creatine|Dopamine|Histamine|Norepinephrine,Enteric_glia,0.0,0.0,92
MYC,Adenosine triphosphate,Enteric_glia,0.0,0.0,92
MYC,Amiloride-sensitive sodium transport,Enteric_glia,0.0,0.0,92
MYC,Anion exchange,Enteric_glia,0.0,0.0,92
MYC,Butyrate|D-Lactate|Ketone bodies|L-Lactate|Pyruvate|alpha-Ketoisovaleric acid,Enteric_glia,0.0,0.0,92
MYC,Chloride ion,Enteric_glia,0.0,0.0,92
MYC,Cholesterol,Enteric_glia,0.0,0.0,92
MYC,Cholic acid,Enteric_glia,0.0,0.0,92
MYC,Citric acid|Oxalic acid,Enteric_glia,0.0,0.0,92
MYC,Cortisol|Hydroxylansoprazole|N-Desmethyltamoxifen,Enteric_glia,0.0,0.0,92
MYC,Estradiol,Enteric_glia,0.0,0.0,92
MYC,Fatty acid,Enteric_glia,0.0,0.0,92
MYC,Folic acid,Enteric_glia,0.0,0.0,92
MYC,Iron,Enteric_glia,0.0,0.0,92
MYC,L-Arginine|L-Cystine|L-Lysine|L-Ornithine,Enteric_glia,0.0,0.0,92
MYC,L-Carnitine,Enteric_glia,0.0,0.0,92
MYC,L-Glutamate,Enteric_glia,0.0,0.0,92
MYC,N-desmethylimatinib,Enteric_glia,0.0,0.0,92
MYC,Nicotinate,Enteric_glia,0.0,0.0,92
MYC,O-Desmethylverapamil (D-702),Enteric_glia,0.0,0.0,92
MYC,Phosphate,Enteric_glia,0.0,0.0,92
MYC,Progesterone,Enteric_glia,0.0,0.0,92
MYC,Sodium,Enteric_glia,0.0,0.0,92
MYC,Sodium_hydrogen exchange,Enteric_glia,0.0,0.0,92
MYC,Taurocholic acid,Enteric_glia,0.0,0.0,92
MYC,Testosterone,Enteric_glia,0.0,0.0,92
MYC,Water,Enteric_glia,0.0,0.0,92
MYC,"(3a,5b,7a)-23-Carboxy-7-hydroxy-24-norcholan-3-yl-b-D-Glucopyranosiduronic acid|1b,3a,12a-Trihydroxy-5b-cholanoic acid|3-Sulfodeoxycholic acid|3alpha,7alpha-Dihydroxycoprostanic acid|3b-Hydroxy-5-cholenoic acid|Chenodeoxycholic acid|Chenodeoxycholic acid 3-sulfate|Coprocholic acid|Deoxycholic acid|Folinic acid|Glutathione|Glycochenodeoxycholate-3-sulfate|Hyodeoxycholic acid|Isoursodeoxycholic acid|Lithocholic acid|Sulfolithocholic acid|Trihydroxycoprostanoic acid|Ursocholic acid|Ursodeoxycholic acid|Ursodeoxycholic acid 3-sulfate|Varanic acid",Fibroblast,0.0,0.0,944
MYC,"17a-Ethynylestradiol|3',4'-Dihydrodiol|4'-Hydroxydiclofenac|4-Hydroxycyclophosphamide|8-Hydroxycarvedilol|E-3179|Estriol|Glycerol|N-Desmethylcitalopram|N-Desmethyleletriptan|O-Deethylated candesartan",Fibroblast,0.0,0.0,944
MYC,2-Hydroxychlorpropamide,Fibroblast,0.0,0.0,944
MYC,4-ene-Valproic acid,Fibroblast,0.0,0.0,944
MYC,5-Hydroxyomeprazole,Fibroblast,0.0,0.0,944
MYC,Acetate,Fibroblast,0.0,0.0,944
MYC,Acetyl-L-Carnitine|Choline|Creatine|Dopamine|Histamine|Norepinephrine,Fibroblast,0.0,0.0,944
MYC,Adenosine triphosphate,Fibroblast,0.0,0.0,944
MYC,Amiloride-sensitive sodium transport,Fibroblast,0.0,0.0,944
MYC,Anion exchange,Fibroblast,0.0,0.0,944
MYC,Butyrate|D-Lactate|Ketone bodies|L-Lactate|Pyruvate|alpha-Ketoisovaleric acid,Fibroblast,0.0,0.0,944
MYC,Chloride ion,Fibroblast,0.0,0.0,944
MYC,Cholesterol,Fibroblast,0.0,0.0,944
MYC,Cholic acid,Fibroblast,0.0,0.0,944
MYC,Citric acid|Oxalic acid,Fibroblast,0.0,0.0,944
MYC,Cortisol|Hydroxylansoprazole|N-Desmethyltamoxifen,Fibroblast,0.0,0.0,944
MYC,Estradiol,Fibroblast,0.0,0.0,944
MYC,Fatty acid,Fibroblast,0.0,0.0,944
MYC,Folic acid,Fibroblast,0.0,0.0,944
MYC,Iron,Fibroblast,0.0,0.0,944
MYC,L-Arginine|L-Cystine|L-Lysine|L-Ornithine,Fibroblast,0.0,0.0,944
MYC,L-Carnitine,Fibroblast,0.0,0.0,944
MYC,L-Glutamate,Fibroblast,0.0,0.0,944
MYC,N-desmethylimatinib,Fibroblast,0.0,0.0,944
MYC,Nicotinate,Fibroblast,0.0,0.0,944
MYC,O-Desmethylverapamil (D-702),Fibroblast,0.0,0.0,944
MYC,Phosphate,Fibroblast,0.0,0.0,944
MYC,Progesterone,Fibroblast,0.0,0.0,944
MYC,Sodium,Fibroblast,0.0,0.0,944
MYC,Sodium_hydrogen exchange,Fibroblast,0.0,0.0,944
MYC,Taurocholic acid,Fibroblast,0.0,0.0,944
MYC,Testosterone,Fibroblast,0.0,0.0,944
MYC,Water,Fibroblast,0.0,0.0,944
MYC,"(3a,5b,7a)-23-Carboxy-7-hydroxy-24-norcholan-3-yl-b-D-Glucopyranosiduronic acid|1b,3a,12a-Trihydroxy-5b-cholanoic acid|3-Sulfodeoxycholic acid|3alpha,7alpha-Dihydroxycoprostanic acid|3b-Hydroxy-5-cholenoic acid|Chenodeoxycholic acid|Chenodeoxycholic acid 3-sulfate|Coprocholic acid|Deoxycholic acid|Folinic acid|Glutathione|Glycochenodeoxycholate-3-sulfate|Hyodeoxycholic acid|Isoursodeoxycholic acid|Lithocholic acid|Sulfolithocholic acid|Trihydroxycoprostanoic acid|Ursocholic acid|Ursodeoxycholic acid|Ursodeoxycholic acid 3-sulfate|Varanic acid",IEC,-1.7491162e-05,5.7510615e-06,7778
MYC,"17a-Ethynylestradiol|3',4'-Dihydrodiol|4'-Hydroxydiclofenac|4-Hydroxycyclophosphamide|8-Hydroxycarvedilol|E-3179|Estriol|Glycerol|N-Desmethylcitalopram|N-Desmethyleletriptan|O-Deethylated candesartan",IEC,6.719354e-06,7.2655e-07,7778
MYC,2-Hydroxychlorpropamide,IEC,-1.1769254e-05,2.7381634e-06,7778
MYC,4-ene-Valproic acid,IEC,-0.00017766583,1.4331731e-05,7778
MYC,5-Hydroxyomeprazole,IEC,0.00018788586,3.720197e-05,7778
MYC,Acetate,IEC,-0.00028288382,2.5557516e-05,7778
MYC,Acetyl-L-Carnitine|Choline|Creatine|Dopamine|Histamine|Norepinephrine,IEC,-5.7753795e-07,3.5653137e-08,7778
MYC,Adenosine triphosphate,IEC,1.2393404e-07,1.0683738e-08,7778
MYC,Amiloride-sensitive sodium transport,IEC,-1.4210024e-05,3.424714e-06,7778
MYC,Anion exchange,IEC,0.0043084878,0.0036115893,7778
MYC,Butyrate|D-Lactate|Ketone bodies|L-Lactate|Pyruvate|alpha-Ketoisovaleric acid,IEC,-3.380771e-06,7.882253e-07,7778
MYC,Chloride ion,IEC,0.0026598866,0.0003786232,7778
MYC,Cholesterol,IEC,9.744251e-05,1.3595562e-05,7778
MYC,Cholic acid,IEC,-7.192381e-06,1.9923973e-06,7778
MYC,Citric acid|Oxalic acid,IEC,-5.203088e-06,1.0182624e-06,7778
MYC,Cortisol|Hydroxylansoprazole|N-Desmethyltamoxifen,IEC,3.3401426e-05,9.669921e-06,7778
MYC,Estradiol,IEC,1.5163454e-05,3.826053e-06,7778
MYC,Fatty acid,IEC,-0.0007732985,5.3025225e-05,7778
MYC,Folic acid,IEC,-1.6579741e-05,2.9706578e-06,7778
MYC,Iron,IEC,-2.8005904e-06,6.501446e-07,7778
MYC,L-Arginine|L-Cystine|L-Lysine|L-Ornithine,IEC,4.3109903e-08,1.3023369e-08,7778
MYC,L-Carnitine,IEC,-7.175846e-06,1.6704079e-06,7778
MYC,L-Glutamate,IEC,-2.510907e-06,2.3303214e-07,7778
MYC,N-desmethylimatinib,IEC,7.350323e-05,1.4116321e-05,7778
MYC,Nicotinate,IEC,-0.0003586021,4.9145387e-05,7778
MYC,O-Desmethylverapamil (D-702),IEC,0.00018953555,5.8231963e-05,7778
MYC,Phosphate,IEC,5.1109686e-07,7.933036e-08,7778
MYC,Progesterone,IEC,-2.7535546e-06,3.151057e-07,7778
MYC,Sodium,IEC,0.0054236143,0.0004562135,7778
MYC,Sodium_hydrogen exchange,IEC,0.008851814,0.0020224361,7778
MYC,Taurocholic acid,IEC,-0.0001171677,1.10702e-05,7778
MYC,Testosterone,IEC,0.00015635017,2.9065788e-05,7778
MYC,Water,IEC,0.016427966,0.0040410445,7778
MYC,"(3a,5b,7a)-23-Carboxy-7-hydroxy-24-norcholan-3-yl-b-D-Glucopyranosiduronic acid|1b,3a,12a-Trihydroxy-5b-cholanoic acid|3-Sulfodeoxycholic acid|3alpha,7alpha-Dihydroxycoprostanic acid|3b-Hydroxy-5-cholenoic acid|Chenodeoxycholic acid|Chenodeoxycholic acid 3-sulfate|Coprocholic acid|Deoxycholic acid|Folinic acid|Glutathione|Glycochenodeoxycholate-3-sulfate|Hyodeoxycholic acid|Isoursodeoxycholic acid|Lithocholic acid|Sulfolithocholic acid|Trihydroxycoprostanoic acid|Ursocholic acid|Ursodeoxycholic acid|Ursodeoxycholic acid 3-sulfate|Varanic acid",MAST,0.0,0.0,171
MYC,"17a-Ethynylestradiol|3',4'-Dihydrodiol|4'-Hydroxydiclofenac|4-Hydroxycyclophosphamide|8-Hydroxycarvedilol|E-3179|Estriol|Glycerol|N-Desmethylcitalopram|N-Desmethyleletriptan|O-Deethylated candesartan",MAST,0.0,0.0,171
MYC,2-Hydroxychlorpropamide,MAST,0.0,0.0,171
MYC,4-ene-Valproic acid,MAST,0.0,0.0,171
MYC,5-Hydroxyomeprazole,MAST,0.0,0.0,171
MYC,Acetate,MAST,0.0,0.0,171
MYC,Acetyl-L-Carnitine|Choline|Creatine|Dopamine|Histamine|Norepinephrine,MAST,0.0,0.0,171
MYC,Adenosine triphosphate,MAST,0.0,0.0,171
MYC,Amiloride-sensitive sodium transport,MAST,0.0,0.0,171
MYC,Anion exchange,MAST,0.0,0.0,171
MYC,Butyrate|D-Lactate|Ketone bodies|L-Lactate|Pyruvate|alpha-Ketoisovaleric acid,MAST,0.0,0.0,171
MYC,Chloride ion,MAST,0.0,0.0,171
MYC,Cholesterol,MAST,0.0,0.0,171
MYC,Cholic acid,MAST,0.0,0.0,171
MYC,Citric acid|Oxalic acid,MAST,0.0,0.0,171
MYC,Cortisol|Hydroxylansoprazole|N-Desmethyltamoxifen,MAST,0.0,0.0,171
MYC,Estradiol,MAST,0.0,0.0,171
MYC,Fatty acid,MAST,0.0,0.0,171
MYC,Folic acid,MAST,0.0,0.0,171
MYC,Iron,MAST,0.0,0.0,171
MYC,L-Arginine|L-Cystine|L-Lysine|L-Ornithine,MAST,0.0,0.0,171
MYC,L-Carnitine,MAST,0.0,0.0,171
MYC,L-Glutamate,MAST,0.0,0.0,171
MYC,N-desmethylimatinib,MAST,0.0,0.0,171
MYC,Nicotinate,MAST,0.0,0.0,171
MYC,O-Desmethylverapamil (D-702),MAST,0.0,0.0,171
MYC,Phosphate,MAST,0.0,0.0,171
MYC,Progesterone,MAST,0.0,0.0,171
MYC,Sodium,MAST,0.0,0.0,171
MYC,Sodium_hydrogen exchange,MAST,0.0,0.0,171
MYC,Taurocholic acid,MAST,0.0,0.0,171
MYC,Testosterone,MAST,0.0,0.0,171
MYC,Water,MAST,0.0,0.0,171
MYC,"(3a,5b,7a)-23-Carboxy-7-hydroxy-24-norcholan-3-yl-b-D-Glucopyranosiduronic acid|1b,3a,12a-Trihydroxy-5b-cholanoic acid|3-Sulfodeoxycholic acid|3alpha,7alpha-Dihydroxycoprostanic acid|3b-Hydroxy-5-cholenoic acid|Chenodeoxycholic acid|Chenodeoxycholic acid 3-sulfate|Coprocholic acid|Deoxycholic acid|Folinic acid|Glutathione|Glycochenodeoxycholate-3-sulfate|Hyodeoxycholic acid|Isoursodeoxycholic acid|Lithocholic acid|Sulfolithocholic acid|Trihydroxycoprostanoic acid|Ursocholic acid|Ursodeoxycholic acid|Ursodeoxycholic acid 3-sulfate|Varanic acid",MNP,0.0,0.0,464
MYC,"17a-Ethynylestradiol|3',4'-Dihydrodiol|4'-Hydroxydiclofenac|4-Hydroxycyclophosphamide|8-Hydroxycarvedilol|E-3179|Estriol|Glycerol|N-Desmethylcitalopram|N-Desmethyleletriptan|O-Deethylated candesartan",MNP,0.0,0.0,464
MYC,2-Hydroxychlorpropamide,MNP,0.0,0.0,464
MYC,4-ene-Valproic acid,MNP,0.0,0.0,464
MYC,5-Hydroxyomeprazole,MNP,0.0,0.0,464
MYC,Acetate,MNP,0.0,0.0,464
MYC,Acetyl-L-Carnitine|Choline|Creatine|Dopamine|Histamine|Norepinephrine,MNP,0.0,0.0,464
MYC,Adenosine triphosphate,MNP,0.0,0.0,464
MYC,Amiloride-sensitive sodium transport,MNP,0.0,0.0,464
MYC,Anion exchange,MNP,0.0,0.0,464
MYC,Butyrate|D-Lactate|Ketone bodies|L-Lactate|Pyruvate|alpha-Ketoisovaleric acid,MNP,0.0,0.0,464
MYC,Chloride ion,MNP,0.0,0.0,464
MYC,Cholesterol,MNP,0.0,0.0,464
MYC,Cholic acid,MNP,0.0,0.0,464
MYC,Citric acid|Oxalic acid,MNP,0.0,0.0,464
MYC,Cortisol|Hydroxylansoprazole|N-Desmethyltamoxifen,MNP,0.0,0.0,464
MYC,Estradiol,MNP,0.0,0.0,464
MYC,Fatty acid,MNP,0.0,0.0,464
MYC,Folic acid,MNP,0.0,0.0,464
MYC,Iron,MNP,0.0,0.0,464
MYC,L-Arginine|L-Cystine|L-Lysine|L-Ornithine,MNP,0.0,0.0,464
MYC,L-Carnitine,MNP,0.0,0.0,464
MYC,L-Glutamate,MNP,0.0,0.0,464
MYC,N-desmethylimatinib,MNP,0.0,0.0,464
MYC,Nicotinate,MNP,0.0,0.0,464
MYC,O-Desmethylverapamil (D-702),MNP,0.0,0.0,464
MYC,Phosphate,MNP,0.0,0.0,464
MYC,Progesterone,MNP,0.0,0.0,464
MYC,Sodium,MNP,0.0,0.0,464
MYC,Sodium_hydrogen exchange,MNP,0.0,0.0,464
MYC,Taurocholic acid,MNP,0.0,0.0,464
MYC,Testosterone,MNP,0.0,0.0,464
MYC,Water,MNP,0.0,0.0,464
MYC,"(3a,5b,7a)-23-Carboxy-7-hydroxy-24-norcholan-3-yl-b-D-Glucopyranosiduronic acid|1b,3a,12a-Trihydroxy-5b-cholanoic acid|3-Sulfodeoxycholic acid|3alpha,7alpha-Dihydroxycoprostanic acid|3b-Hydroxy-5-cholenoic acid|Chenodeoxycholic acid|Chenodeoxycholic acid 3-sulfate|Coprocholic acid|Deoxycholic acid|Folinic acid|Glutathione|Glycochenodeoxycholate-3-sulfate|Hyodeoxycholic acid|Isoursodeoxycholic acid|Lithocholic acid|Sulfolithocholic acid|Trihydroxycoprostanoic acid|Ursocholic acid|Ursodeoxycholic acid|Ursodeoxycholic acid 3-sulfate|Varanic acid",Muscularis_mucosa,0.0,0.0,92
MYC,"17a-Ethynylestradiol|3',4'-Dihydrodiol|4'-Hydroxydiclofenac|4-Hydroxycyclophosphamide|8-Hydroxycarvedilol|E-3179|Estriol|Glycerol|N-Desmethylcitalopram|N-Desmethyleletriptan|O-Deethylated candesartan",Muscularis_mucosa,0.0,0.0,92
MYC,2-Hydroxychlorpropamide,Muscularis_mucosa,0.0,0.0,92
MYC,4-ene-Valproic acid,Muscularis_mucosa,0.0,0.0,92
MYC,5-Hydroxyomeprazole,Muscularis_mucosa,0.0,0.0,92
MYC,Acetate,Muscularis_mucosa,0.0,0.0,92
MYC,Acetyl-L-Carnitine|Choline|Creatine|Dopamine|Histamine|Norepinephrine,Muscularis_mucosa,0.0,0.0,92
MYC,Adenosine triphosphate,Muscularis_mucosa,0.0,0.0,92
MYC,Amiloride-sensitive sodium transport,Muscularis_mucosa,0.0,0.0,92
MYC,Anion exchange,Muscularis_mucosa,0.0,0.0,92
MYC,Butyrate|D-Lactate|Ketone bodies|L-Lactate|Pyruvate|alpha-Ketoisovaleric acid,Muscularis_mucosa,0.0,0.0,92
MYC,Chloride ion,Muscularis_mucosa,0.0,0.0,92
MYC,Cholesterol,Muscularis_mucosa,0.0,0.0,92
MYC,Cholic acid,Muscularis_mucosa,0.0,0.0,92
MYC,Citric acid|Oxalic acid,Muscularis_mucosa,0.0,0.0,92
MYC,Cortisol|Hydroxylansoprazole|N-Desmethyltamoxifen,Muscularis_mucosa,0.0,0.0,92
MYC,Estradiol,Muscularis_mucosa,0.0,0.0,92
MYC,Fatty acid,Muscularis_mucosa,0.0,0.0,92
MYC,Folic acid,Muscularis_mucosa,0.0,0.0,92
MYC,Iron,Muscularis_mucosa,0.0,0.0,92
MYC,L-Arginine|L-Cystine|L-Lysine|L-Ornithine,Muscularis_mucosa,0.0,0.0,92
MYC,L-Carnitine,Muscularis_mucosa,0.0,0.0,92
MYC,L-Glutamate,Muscularis_mucosa,0.0,0.0,92
MYC,N-desmethylimatinib,Muscularis_mucosa,0.0,0.0,92
MYC,Nicotinate,Muscularis_mucosa,0.0,0.0,92
MYC,O-Desmethylverapamil (D-702),Muscularis_mucosa,0.0,0.0,92
MYC,Phosphate,Muscularis_mucosa,0.0,0.0,92
MYC,Progesterone,Muscularis_mucosa,0.0,0.0,92
MYC,Sodium,Muscularis_mucosa,0.0,0.0,92
MYC,Sodium_hydrogen exchange,Muscularis_mucosa,0.0,0.0,92
MYC,Taurocholic acid,Muscularis_mucosa,0.0,0.0,92
MYC,Testosterone,Muscularis_mucosa,0.0,0.0,92
MYC,Water,Muscularis_mucosa,0.0,0.0,92
MYC,"(3a,5b,7a)-23-Carboxy-7-hydroxy-24-norcholan-3-yl-b-D-Glucopyranosiduronic acid|1b,3a,12a-Trihydroxy-5b-cholanoic acid|3-Sulfodeoxycholic acid|3alpha,7alpha-Dihydroxycoprostanic acid|3b-Hydroxy-5-cholenoic acid|Chenodeoxycholic acid|Chenodeoxycholic acid 3-sulfate|Coprocholic acid|Deoxycholic acid|Folinic acid|Glutathione|Glycochenodeoxycholate-3-sulfate|Hyodeoxycholic acid|Isoursodeoxycholic acid|Lithocholic acid|Sulfolithocholic acid|Trihydroxycoprostanoic acid|Ursocholic acid|Ursodeoxycholic acid|Ursodeoxycholic acid 3-sulfate|Varanic acid",Myofibroblast,0.0,0.0,219
MYC,"17a-Ethynylestradiol|3',4'-Dihydrodiol|4'-Hydroxydiclofenac|4-Hydroxycyclophosphamide|8-Hydroxycarvedilol|E-3179|Estriol|Glycerol|N-Desmethylcitalopram|N-Desmethyleletriptan|O-Deethylated candesartan",Myofibroblast,0.0,0.0,219
MYC,2-Hydroxychlorpropamide,Myofibroblast,0.0,0.0,219
MYC,4-ene-Valproic acid,Myofibroblast,0.0,0.0,219
MYC,5-Hydroxyomeprazole,Myofibroblast,0.0,0.0,219
MYC,Acetate,Myofibroblast,0.0,0.0,219
MYC,Acetyl-L-Carnitine|Choline|Creatine|Dopamine|Histamine|Norepinephrine,Myofibroblast,0.0,0.0,219
MYC,Adenosine triphosphate,Myofibroblast,0.0,0.0,219
MYC,Amiloride-sensitive sodium transport,Myofibroblast,0.0,0.0,219
MYC,Anion exchange,Myofibroblast,0.0,0.0,219
MYC,Butyrate|D-Lactate|Ketone bodies|L-Lactate|Pyruvate|alpha-Ketoisovaleric acid,Myofibroblast,0.0,0.0,219
MYC,Chloride ion,Myofibroblast,0.0,0.0,219
MYC,Cholesterol,Myofibroblast,0.0,0.0,219
MYC,Cholic acid,Myofibroblast,0.0,0.0,219
MYC,Citric acid|Oxalic acid,Myofibroblast,0.0,0.0,219
MYC,Cortisol|Hydroxylansoprazole|N-Desmethyltamoxifen,Myofibroblast,0.0,0.0,219
MYC,Estradiol,Myofibroblast,0.0,0.0,219
MYC,Fatty acid,Myofibroblast,0.0,0.0,219
MYC,Folic acid,Myofibroblast,0.0,0.0,219
MYC,Iron,Myofibroblast,0.0,0.0,219
MYC,L-Arginine|L-Cystine|L-Lysine|L-Ornithine,Myofibroblast,0.0,0.0,219
MYC,L-Carnitine,Myofibroblast,0.0,0.0,219
MYC,L-Glutamate,Myofibroblast,0.0,0.0,219
MYC,N-desmethylimatinib,Myofibroblast,0.0,0.0,219
MYC,Nicotinate,Myofibroblast,0.0,0.0,219
MYC,O-Desmethylverapamil (D-702),Myofibroblast,0.0,0.0,219
MYC,Phosphate,Myofibroblast,0.0,0.0,219
MYC,Progesterone,Myofibroblast,0.0,0.0,219
MYC,Sodium,Myofibroblast,0.0,0.0,219
MYC,Sodium_hydrogen exchange,Myofibroblast,0.0,0.0,219
MYC,Taurocholic acid,Myofibroblast,0.0,0.0,219
MYC,Testosterone,Myofibroblast,0.0,0.0,219
MYC,Water,Myofibroblast,0.0,0.0,219
MYC,"(3a,5b,7a)-23-Carboxy-7-hydroxy-24-norcholan-3-yl-b-D-Glucopyranosiduronic acid|1b,3a,12a-Trihydroxy-5b-cholanoic acid|3-Sulfodeoxycholic acid|3alpha,7alpha-Dihydroxycoprostanic acid|3b-Hydroxy-5-cholenoic acid|Chenodeoxycholic acid|Chenodeoxycholic acid 3-sulfate|Coprocholic acid|Deoxycholic acid|Folinic acid|Glutathione|Glycochenodeoxycholate-3-sulfate|Hyodeoxycholic acid|Isoursodeoxycholic acid|Lithocholic acid|Sulfolithocholic acid|Trihydroxycoprostanoic acid|Ursocholic acid|Ursodeoxycholic acid|Ursodeoxycholic acid 3-sulfate|Varanic acid",Pericyte,0.0,0.0,109
MYC,"17a-Ethynylestradiol|3',4'-Dihydrodiol|4'-Hydroxydiclofenac|4-Hydroxycyclophosphamide|8-Hydroxycarvedilol|E-3179|Estriol|Glycerol|N-Desmethylcitalopram|N-Desmethyleletriptan|O-Deethylated candesartan",Pericyte,0.0,0.0,109
MYC,2-Hydroxychlorpropamide,Pericyte,0.0,0.0,109
MYC,4-ene-Valproic acid,Pericyte,0.0,0.0,109
MYC,5-Hydroxyomeprazole,Pericyte,0.0,0.0,109
MYC,Acetate,Pericyte,0.0,0.0,109
MYC,Acetyl-L-Carnitine|Choline|Creatine|Dopamine|Histamine|Norepinephrine,Pericyte,0.0,0.0,109
MYC,Adenosine triphosphate,Pericyte,0.0,0.0,109
MYC,Amiloride-sensitive sodium transport,Pericyte,0.0,0.0,109
MYC,Anion exchange,Pericyte,0.0,0.0,109
MYC,Butyrate|D-Lactate|Ketone bodies|L-Lactate|Pyruvate|alpha-Ketoisovaleric acid,Pericyte,0.0,0.0,109
MYC,Chloride ion,Pericyte,0.0,0.0,109
MYC,Cholesterol,Pericyte,0.0,0.0,109
MYC,Cholic acid,Pericyte,0.0,0.0,109
MYC,Citric acid|Oxalic acid,Pericyte,0.0,0.0,109
MYC,Cortisol|Hydroxylansoprazole|N-Desmethyltamoxifen,Pericyte,0.0,0.0,109
MYC,Estradiol,Pericyte,0.0,0.0,109
MYC,Fatty acid,Pericyte,0.0,0.0,109
MYC,Folic acid,Pericyte,0.0,0.0,109
MYC,Iron,Pericyte,0.0,0.0,109
MYC,L-Arginine|L-Cystine|L-Lysine|L-Ornithine,Pericyte,0.0,0.0,109
MYC,L-Carnitine,Pericyte,0.0,0.0,109
MYC,L-Glutamate,Pericyte,0.0,0.0,109
MYC,N-desmethylimatinib,Pericyte,0.0,0.0,109
MYC,Nicotinate,Pericyte,0.0,0.0,109
MYC,O-Desmethylverapamil (D-702),Pericyte,0.0,0.0,109
MYC,Phosphate,Pericyte,0.0,0.0,109
MYC,Progesterone,Pericyte,0.0,0.0,109
MYC,Sodium,Pericyte,0.0,0.0,109
MYC,Sodium_hydrogen exchange,Pericyte,0.0,0.0,109
MYC,Taurocholic acid,Pericyte,0.0,0.0,109
MYC,Testosterone,Pericyte,0.0,0.0,109
MYC,Water,Pericyte,0.0,0.0,109
MYC,"(3a,5b,7a)-23-Carboxy-7-hydroxy-24-norcholan-3-yl-b-D-Glucopyranosiduronic acid|1b,3a,12a-Trihydroxy-5b-cholanoic acid|3-Sulfodeoxycholic acid|3alpha,7alpha-Dihydroxycoprostanic acid|3b-Hydroxy-5-cholenoic acid|Chenodeoxycholic acid|Chenodeoxycholic acid 3-sulfate|Coprocholic acid|Deoxycholic acid|Folinic acid|Glutathione|Glycochenodeoxycholate-3-sulfate|Hyodeoxycholic acid|Isoursodeoxycholic acid|Lithocholic acid|Sulfolithocholic acid|Trihydroxycoprostanoic acid|Ursocholic acid|Ursodeoxycholic acid|Ursodeoxycholic acid 3-sulfate|Varanic acid",Plasma,0.0,0.0,1230
MYC,"17a-Ethynylestradiol|3',4'-Dihydrodiol|4'-Hydroxydiclofenac|4-Hydroxycyclophosphamide|8-Hydroxycarvedilol|E-3179|Estriol|Glycerol|N-Desmethylcitalopram|N-Desmethyleletriptan|O-Deethylated candesartan",Plasma,0.0,0.0,1230
MYC,2-Hydroxychlorpropamide,Plasma,0.0,0.0,1230
MYC,4-ene-Valproic acid,Plasma,0.0,0.0,1230
MYC,5-Hydroxyomeprazole,Plasma,0.0,0.0,1230
MYC,Acetate,Plasma,0.0,0.0,1230
MYC,Acetyl-L-Carnitine|Choline|Creatine|Dopamine|Histamine|Norepinephrine,Plasma,0.0,0.0,1230
MYC,Adenosine triphosphate,Plasma,0.0,0.0,1230
MYC,Amiloride-sensitive sodium transport,Plasma,0.0,0.0,1230
MYC,Anion exchange,Plasma,0.0,0.0,1230
MYC,Butyrate|D-Lactate|Ketone bodies|L-Lactate|Pyruvate|alpha-Ketoisovaleric acid,Plasma,0.0,0.0,1230
MYC,Chloride ion,Plasma,0.0,0.0,1230
MYC,Cholesterol,Plasma,0.0,0.0,1230
MYC,Cholic acid,Plasma,0.0,0.0,1230
MYC,Citric acid|Oxalic acid,Plasma,0.0,0.0,1230
MYC,Cortisol|Hydroxylansoprazole|N-Desmethyltamoxifen,Plasma,0.0,0.0,1230
MYC,Estradiol,Plasma,0.0,0.0,1230
MYC,Fatty acid,Plasma,0.0,0.0,1230
MYC,Folic acid,Plasma,0.0,0.0,1230
MYC,Iron,Plasma,0.0,0.0,1230
MYC,L-Arginine|L-Cystine|L-Lysine|L-Ornithine,Plasma,0.0,0.0,1230
MYC,L-Carnitine,Plasma,0.0,0.0,1230
MYC,L-Glutamate,Plasma,0.0,0.0,1230
MYC,N-desmethylimatinib,Plasma,0.0,0.0,1230
MYC,Nicotinate,Plasma,0.0,0.0,1230
MYC,O-Desmethylverapamil (D-702),Plasma,0.0,0.0,1230
MYC,Phosphate,Plasma,0.0,0.0,1230
MYC,Progesterone,Plasma,0.0,0.0,1230
MYC,Sodium,Plasma,0.0,0.0,1230
MYC,Sodium_hydrogen exchange,Plasma,0.0,0.0,1230
MYC,Taurocholic acid,Plasma,0.0,0.0,1230
MYC,Testosterone,Plasma,0.0,0.0,1230
MYC,Water,Plasma,0.0,0.0,1230
MYC,"(3a,5b,7a)-23-Carboxy-7-hydroxy-24-norcholan-3-yl-b-D-Glucopyranosiduronic acid|1b,3a,12a-Trihydroxy-5b-cholanoic acid|3-Sulfodeoxycholic acid|3alpha,7alpha-Dihydroxycoprostanic acid|3b-Hydroxy-5-cholenoic acid|Chenodeoxycholic acid|Chenodeoxycholic acid 3-sulfate|Coprocholic acid|Deoxycholic acid|Folinic acid|Glutathione|Glycochenodeoxycholate-3-sulfate|Hyodeoxycholic acid|Isoursodeoxycholic acid|Lithocholic acid|Sulfolithocholic acid|Trihydroxycoprostanoic acid|Ursocholic acid|Ursodeoxycholic acid|Ursodeoxycholic acid 3-sulfate|Varanic acid",T,0.0,0.0,632
MYC,"17a-Ethynylestradiol|3',4'-Dihydrodiol|4'-Hydroxydiclofenac|4-Hydroxycyclophosphamide|8-Hydroxycarvedilol|E-3179|Estriol|Glycerol|N-Desmethylcitalopram|N-Desmethyleletriptan|O-Deethylated candesartan",T,0.0,0.0,632
MYC,2-Hydroxychlorpropamide,T,0.0,0.0,632
MYC,4-ene-Valproic acid,T,0.0,0.0,632
MYC,5-Hydroxyomeprazole,T,0.0,0.0,632
MYC,Acetate,T,0.0,0.0,632
MYC,Acetyl-L-Carnitine|Choline|Creatine|Dopamine|Histamine|Norepinephrine,T,0.0,0.0,632
MYC,Adenosine triphosphate,T,0.0,0.0,632
MYC,Amiloride-sensitive sodium transport,T,0.0,0.0,632
MYC,Anion exchange,T,0.0,0.0,632
MYC,Butyrate|D-Lactate|Ketone bodies|L-Lactate|Pyruvate|alpha-Ketoisovaleric acid,T,0.0,0.0,632
MYC,Chloride ion,T,0.0,0.0,632
MYC,Cholesterol,T,0.0,0.0,632
MYC,Cholic acid,T,0.0,0.0,632
MYC,Citric acid|Oxalic acid,T,0.0,0.0,632
MYC,Cortisol|Hydroxylansoprazole|N-Desmethyltamoxifen,T,0.0,0.0,632
MYC,Estradiol,T,0.0,0.0,632
MYC,Fatty acid,T,0.0,0.0,632
MYC,Folic acid,T,0.0,0.0,632
MYC,Iron,T,0.0,0.0,632
MYC,L-Arginine|L-Cystine|L-Lysine|L-Ornithine,T,0.0,0.0,632
MYC,L-Carnitine,T,0.0,0.0,632
MYC,L-Glutamate,T,0.0,0.0,632
MYC,N-desmethylimatinib,T,0.0,0.0,632
MYC,Nicotinate,T,0.0,0.0,632
MYC,O-Desmethylverapamil (D-702),T,0.0,0.0,632
MYC,Phosphate,T,0.0,0.0,632
MYC,Progesterone,T,0.0,0.0,632
MYC,Sodium,T,0.0,0.0,632
MYC,Sodium_hydrogen exchange,T,0.0,0.0,632
MYC,Taurocholic acid,T,0.0,0.0,632
MYC,Testosterone,T,0.0,0.0,632
MYC,Water,T,0.0,0.0,632
RORC,"17a-Ethynylestradiol|3',4'-Dihydrodiol|4'-Hydroxydiclofenac|4-Hydroxycyclophosphamide|8-Hydroxycarvedilol|E-3179|Estriol|Glycerol|N-Desmethylcitalopram|N-Desmethyleletriptan|O-Deethylated candesartan",B,0.0,0.0,20
RORC,2-Hydroxychlorpropamide,B,0.0,0.0,20
RORC,4-ene-Valproic acid,B,0.0,0.0,20
RORC,5-Hydroxyomeprazole,B,0.0,0.0,20
RORC,Acetate,B,0.0,0.0,20
RORC,Acetyl-L-Carnitine|Choline|Creatine|Dopamine|Histamine|Norepinephrine,B,0.0,0.0,20
RORC,Amiloride-sensitive sodium transport,B,0.0,0.0,20
RORC,Anion exchange,B,0.0,0.0,20
RORC,Chloride,B,0.0,0.0,20
RORC,Chloride ion,B,0.0,0.0,20
RORC,Cholesterol,B,0.0,0.0,20
RORC,Cholic acid,B,0.0,0.0,20
RORC,Cortisol|Hydroxylansoprazole|N-Desmethyltamoxifen,B,0.0,0.0,20
RORC,Estradiol,B,0.0,0.0,20
RORC,Fatty acid,B,0.0,0.0,20
RORC,Folic acid,B,0.0,0.0,20
RORC,Iron,B,0.0,0.0,20
RORC,L-Carnitine,B,0.0,0.0,20
RORC,N-desmethylimatinib,B,0.0,0.0,20
RORC,Nicotinate,B,0.0,0.0,20
RORC,O-Desmethylverapamil (D-702),B,0.0,0.0,20
RORC,Progesterone,B,0.0,0.0,20
RORC,Sodium,B,0.0,0.0,20
RORC,Sodium_hydrogen exchange,B,0.0,0.0,20
RORC,Taurocholic acid,B,0.0,0.0,20
RORC,Testosterone,B,0.0,0.0,20
RORC,Water,B,0.0,0.0,20
RORC,"17a-Ethynylestradiol|3',4'-Dihydrodiol|4'-Hydroxydiclofenac|4-Hydroxycyclophosphamide|8-Hydroxycarvedilol|E-3179|Estriol|Glycerol|N-Desmethylcitalopram|N-Desmethyleletriptan|O-Deethylated candesartan",Endothelial,0.0,0.0,391
RORC,2-Hydroxychlorpropamide,Endothelial,0.0,0.0,391
RORC,4-ene-Valproic acid,Endothelial,0.0,0.0,391
RORC,5-Hydroxyomeprazole,Endothelial,0.0,0.0,391
RORC,Acetate,Endothelial,0.0,0.0,391
RORC,Acetyl-L-Carnitine|Choline|Creatine|Dopamine|Histamine|Norepinephrine,Endothelial,0.0,0.0,391
RORC,Amiloride-sensitive sodium transport,Endothelial,0.0,0.0,391
RORC,Anion exchange,Endothelial,0.0,0.0,391
RORC,Chloride,Endothelial,0.0,0.0,391
RORC,Chloride ion,Endothelial,0.0,0.0,391
RORC,Cholesterol,Endothelial,0.0,0.0,391
RORC,Cholic acid,Endothelial,0.0,0.0,391
RORC,Cortisol|Hydroxylansoprazole|N-Desmethyltamoxifen,Endothelial,0.0,0.0,391
RORC,Estradiol,Endothelial,0.0,0.0,391
RORC,Fatty acid,Endothelial,0.0,0.0,391
RORC,Folic acid,Endothelial,0.0,0.0,391
RORC,Iron,Endothelial,0.0,0.0,391
RORC,L-Carnitine,Endothelial,0.0,0.0,391
RORC,N-desmethylimatinib,Endothelial,0.0,0.0,391
RORC,Nicotinate,Endothelial,0.0,0.0,391
RORC,O-Desmethylverapamil (D-702),Endothelial,0.0,0.0,391
RORC,Progesterone,Endothelial,0.0,0.0,391
RORC,Sodium,Endothelial,0.0,0.0,391
RORC,Sodium_hydrogen exchange,Endothelial,0.0,0.0,391
RORC,Taurocholic acid,Endothelial,0.0,0.0,391
RORC,Testosterone,Endothelial,0.0,0.0,391
RORC,Water,Endothelial,0.0,0.0,391
RORC,"17a-Ethynylestradiol|3',4'-Dihydrodiol|4'-Hydroxydiclofenac|4-Hydroxycyclophosphamide|8-Hydroxycarvedilol|E-3179|Estriol|Glycerol|N-Desmethylcitalopram|N-Desmethyleletriptan|O-Deethylated candesartan",Enteric_glia,0.0,0.0,92
RORC,2-Hydroxychlorpropamide,Enteric_glia,0.0,0.0,92
RORC,4-ene-Valproic acid,Enteric_glia,0.0,0.0,92
RORC,5-Hydroxyomeprazole,Enteric_glia,0.0,0.0,92
RORC,Acetate,Enteric_glia,0.0,0.0,92
RORC,Acetyl-L-Carnitine|Choline|Creatine|Dopamine|Histamine|Norepinephrine,Enteric_glia,0.0,0.0,92
RORC,Amiloride-sensitive sodium transport,Enteric_glia,0.0,0.0,92
RORC,Anion exchange,Enteric_glia,0.0,0.0,92
RORC,Chloride,Enteric_glia,0.0,0.0,92
RORC,Chloride ion,Enteric_glia,0.0,0.0,92
RORC,Cholesterol,Enteric_glia,0.0,0.0,92
RORC,Cholic acid,Enteric_glia,0.0,0.0,92
RORC,Cortisol|Hydroxylansoprazole|N-Desmethyltamoxifen,Enteric_glia,0.0,0.0,92
RORC,Estradiol,Enteric_glia,0.0,0.0,92
RORC,Fatty acid,Enteric_glia,0.0,0.0,92
RORC,Folic acid,Enteric_glia,0.0,0.0,92
RORC,Iron,Enteric_glia,0.0,0.0,92
RORC,L-Carnitine,Enteric_glia,0.0,0.0,92
RORC,N-desmethylimatinib,Enteric_glia,0.0,0.0,92
RORC,Nicotinate,Enteric_glia,0.0,0.0,92
RORC,O-Desmethylverapamil (D-702),Enteric_glia,0.0,0.0,92
RORC,Progesterone,Enteric_glia,0.0,0.0,92
RORC,Sodium,Enteric_glia,0.0,0.0,92
RORC,Sodium_hydrogen exchange,Enteric_glia,0.0,0.0,92
RORC,Taurocholic acid,Enteric_glia,0.0,0.0,92
RORC,Testosterone,Enteric_glia,0.0,0.0,92
RORC,Water,Enteric_glia,0.0,0.0,92
RORC,"17a-Ethynylestradiol|3',4'-Dihydrodiol|4'-Hydroxydiclofenac|4-Hydroxycyclophosphamide|8-Hydroxycarvedilol|E-3179|Estriol|Glycerol|N-Desmethylcitalopram|N-Desmethyleletriptan|O-Deethylated candesartan",Fibroblast,0.0,0.0,944
RORC,2-Hydroxychlorpropamide,Fibroblast,0.0,0.0,944
RORC,4-ene-Valproic acid,Fibroblast,0.0,0.0,944
RORC,5-Hydroxyomeprazole,Fibroblast,0.0,0.0,944
RORC,Acetate,Fibroblast,0.0,0.0,944
RORC,Acetyl-L-Carnitine|Choline|Creatine|Dopamine|Histamine|Norepinephrine,Fibroblast,0.0,0.0,944
RORC,Amiloride-sensitive sodium transport,Fibroblast,0.0,0.0,944
RORC,Anion exchange,Fibroblast,0.0,0.0,944
RORC,Chloride,Fibroblast,0.0,0.0,944
RORC,Chloride ion,Fibroblast,0.0,0.0,944
RORC,Cholesterol,Fibroblast,0.0,0.0,944
RORC,Cholic acid,Fibroblast,0.0,0.0,944
RORC,Cortisol|Hydroxylansoprazole|N-Desmethyltamoxifen,Fibroblast,0.0,0.0,944
RORC,Estradiol,Fibroblast,0.0,0.0,944
RORC,Fatty acid,Fibroblast,0.0,0.0,944
RORC,Folic acid,Fibroblast,0.0,0.0,944
RORC,Iron,Fibroblast,0.0,0.0,944
RORC,L-Carnitine,Fibroblast,0.0,0.0,944
RORC,N-desmethylimatinib,Fibroblast,0.0,0.0,944
RORC,Nicotinate,Fibroblast,0.0,0.0,944
RORC,O-Desmethylverapamil (D-702),Fibroblast,0.0,0.0,944
RORC,Progesterone,Fibroblast,0.0,0.0,944
RORC,Sodium,Fibroblast,0.0,0.0,944
RORC,Sodium_hydrogen exchange,Fibroblast,0.0,0.0,944
RORC,Taurocholic acid,Fibroblast,0.0,0.0,944
RORC,Testosterone,Fibroblast,0.0,0.0,944
RORC,Water,Fibroblast,0.0,0.0,944
RORC,"17a-Ethynylestradiol|3',4'-Dihydrodiol|4'-Hydroxydiclofenac|4-Hydroxycyclophosphamide|8-Hydroxycarvedilol|E-3179|Estriol|Glycerol|N-Desmethylcitalopram|N-Desmethyleletriptan|O-Deethylated candesartan",IEC,6.0643833e-05,9.46546e-06,7778
RORC,2-Hydroxychlorpropamide,IEC,0.00010724416,1.149741e-05,7778
RORC,4-ene-Valproic acid,IEC,-8.2205025e-07,2.1076407e-07,7778
RORC,5-Hydroxyomeprazole,IEC,0.00043309017,0.00011721585,7778
RORC,Acetate,IEC,-4.0255796e-05,1.6803171e-05,7778
RORC,Acetyl-L-Carnitine|Choline|Creatine|Dopamine|Histamine|Norepinephrine,IEC,6.0378454e-07,8.2810224e-08,7778
RORC,Amiloride-sensitive sodium transport,IEC,3.7745962e-05,5.181647e-06,7778
RORC,Anion exchange,IEC,-0.010647031,0.0030026722,7778
RORC,Chloride,IEC,2.774324e-07,5.9329974e-08,7778
RORC,Chloride ion,IEC,-0.00015256178,1.546765e-05,7778
RORC,Cholesterol,IEC,0.000115000694,4.7412927e-05,7778
RORC,Cholic acid,IEC,0.000106174666,1.614821e-05,7778
RORC,Cortisol|Hydroxylansoprazole|N-Desmethyltamoxifen,IEC,0.0002121348,5.5726214e-05,7778
RORC,Estradiol,IEC,0.00020749155,2.7146576e-05,7778
RORC,Fatty acid,IEC,0.00036842687,3.4765508e-05,7778
RORC,Folic acid,IEC,5.7771074e-05,7.5606295e-06,7778
RORC,Iron,IEC,2.67135e-05,1.1730537e-05,7778
RORC,L-Carnitine,IEC,3.352608e-05,6.6448333e-06,7778
RORC,N-desmethylimatinib,IEC,0.00023758257,4.6670233e-05,7778
RORC,Nicotinate,IEC,-1.9198107e-05,6.631786e-06,7778
RORC,O-Desmethylverapamil (D-702),IEC,0.00083054986,0.000117422096,7778
RORC,Progesterone,IEC,4.8195743e-05,1.0623124e-05,7778
RORC,Sodium,IEC,-0.00013253863,1.0658471e-05,7778
RORC,Sodium_hydrogen exchange,IEC,0.00020204506,3.3881835e-05,7778
RORC,Taurocholic acid,IEC,0.00032497031,6.9626505e-05,7778
RORC,Testosterone,IEC,0.0002735288,3.2079228e-05,7778
RORC,Water,IEC,0.004638698,0.0009569211,7778
RORC,"17a-Ethynylestradiol|3',4'-Dihydrodiol|4'-Hydroxydiclofenac|4-Hydroxycyclophosphamide|8-Hydroxycarvedilol|E-3179|Estriol|Glycerol|N-Desmethylcitalopram|N-Desmethyleletriptan|O-Deethylated candesartan",MAST,0.0,0.0,171
RORC,2-Hydroxychlorpropamide,MAST,0.0,0.0,171
RORC,4-ene-Valproic acid,MAST,0.0,0.0,171
RORC,5-Hydroxyomeprazole,MAST,0.0,0.0,171
RORC,Acetate,MAST,0.0,0.0,171
RORC,Acetyl-L-Carnitine|Choline|Creatine|Dopamine|Histamine|Norepinephrine,MAST,0.0,0.0,171
RORC,Amiloride-sensitive sodium transport,MAST,0.0,0.0,171
RORC,Anion exchange,MAST,0.0,0.0,171
RORC,Chloride,MAST,0.0,0.0,171
RORC,Chloride ion,MAST,0.0,0.0,171
RORC,Cholesterol,MAST,0.0,0.0,171
RORC,Cholic acid,MAST,0.0,0.0,171
RORC,Cortisol|Hydroxylansoprazole|N-Desmethyltamoxifen,MAST,0.0,0.0,171
RORC,Estradiol,MAST,0.0,0.0,171
RORC,Fatty acid,MAST,0.0,0.0,171
RORC,Folic acid,MAST,0.0,0.0,171
RORC,Iron,MAST,0.0,0.0,171
RORC,L-Carnitine,MAST,0.0,0.0,171
RORC,N-desmethylimatinib,MAST,0.0,0.0,171
RORC,Nicotinate,MAST,0.0,0.0,171
RORC,O-Desmethylverapamil (D-702),MAST,0.0,0.0,171
RORC,Progesterone,MAST,0.0,0.0,171
RORC,Sodium,MAST,0.0,0.0,171
RORC,Sodium_hydrogen exchange,MAST,0.0,0.0,171
RORC,Taurocholic acid,MAST,0.0,0.0,171
RORC,Testosterone,MAST,0.0,0.0,171
RORC,Water,MAST,0.0,0.0,171
RORC,"17a-Ethynylestradiol|3',4'-Dihydrodiol|4'-Hydroxydiclofenac|4-Hydroxycyclophosphamide|8-Hydroxycarvedilol|E-3179|Estriol|Glycerol|N-Desmethylcitalopram|N-Desmethyleletriptan|O-Deethylated candesartan",MNP,0.0,0.0,464
RORC,2-Hydroxychlorpropamide,MNP,0.0,0.0,464
RORC,4-ene-Valproic acid,MNP,0.0,0.0,464
RORC,5-Hydroxyomeprazole,MNP,0.0,0.0,464
RORC,Acetate,MNP,0.0,0.0,464
RORC,Acetyl-L-Carnitine|Choline|Creatine|Dopamine|Histamine|Norepinephrine,MNP,0.0,0.0,464
RORC,Amiloride-sensitive sodium transport,MNP,0.0,0.0,464
RORC,Anion exchange,MNP,0.0,0.0,464
RORC,Chloride,MNP,0.0,0.0,464
RORC,Chloride ion,MNP,0.0,0.0,464
RORC,Cholesterol,MNP,0.0,0.0,464
RORC,Cholic acid,MNP,0.0,0.0,464
RORC,Cortisol|Hydroxylansoprazole|N-Desmethyltamoxifen,MNP,0.0,0.0,464
RORC,Estradiol,MNP,0.0,0.0,464
RORC,Fatty acid,MNP,0.0,0.0,464
RORC,Folic acid,MNP,0.0,0.0,464
RORC,Iron,MNP,0.0,0.0,464
RORC,L-Carnitine,MNP,0.0,0.0,464
RORC,N-desmethylimatinib,MNP,0.0,0.0,464
RORC,Nicotinate,MNP,0.0,0.0,464
RORC,O-Desmethylverapamil (D-702),MNP,0.0,0.0,464
RORC,Progesterone,MNP,0.0,0.0,464
RORC,Sodium,MNP,0.0,0.0,464
RORC,Sodium_hydrogen exchange,MNP,0.0,0.0,464
RORC,Taurocholic acid,MNP,0.0,0.0,464
RORC,Testosterone,MNP,0.0,0.0,464
RORC,Water,MNP,0.0,0.0,464
RORC,"17a-Ethynylestradiol|3',4'-Dihydrodiol|4'-Hydroxydiclofenac|4-Hydroxycyclophosphamide|8-Hydroxycarvedilol|E-3179|Estriol|Glycerol|N-Desmethylcitalopram|N-Desmethyleletriptan|O-Deethylated candesartan",Muscularis_mucosa,0.0,0.0,92
RORC,2-Hydroxychlorpropamide,Muscularis_mucosa,0.0,0.0,92
RORC,4-ene-Valproic acid,Muscularis_mucosa,0.0,0.0,92
RORC,5-Hydroxyomeprazole,Muscularis_mucosa,0.0,0.0,92
RORC,Acetate,Muscularis_mucosa,0.0,0.0,92
RORC,Acetyl-L-Carnitine|Choline|Creatine|Dopamine|Histamine|Norepinephrine,Muscularis_mucosa,0.0,0.0,92
RORC,Amiloride-sensitive sodium transport,Muscularis_mucosa,0.0,0.0,92
RORC,Anion exchange,Muscularis_mucosa,0.0,0.0,92
RORC,Chloride,Muscularis_mucosa,0.0,0.0,92
RORC,Chloride ion,Muscularis_mucosa,0.0,0.0,92
RORC,Cholesterol,Muscularis_mucosa,0.0,0.0,92
RORC,Cholic acid,Muscularis_mucosa,0.0,0.0,92
RORC,Cortisol|Hydroxylansoprazole|N-Desmethyltamoxifen,Muscularis_mucosa,0.0,0.0,92
RORC,Estradiol,Muscularis_mucosa,0.0,0.0,92
RORC,Fatty acid,Muscularis_mucosa,0.0,0.0,92
RORC,Folic acid,Muscularis_mucosa,0.0,0.0,92
RORC,Iron,Muscularis_mucosa,0.0,0.0,92
RORC,L-Carnitine,Muscularis_mucosa,0.0,0.0,92
RORC,N-desmethylimatinib,Muscularis_mucosa,0.0,0.0,92
RORC,Nicotinate,Muscularis_mucosa,0.0,0.0,92
RORC,O-Desmethylverapamil (D-702),Muscularis_mucosa,0.0,0.0,92
RORC,Progesterone,Muscularis_mucosa,0.0,0.0,92
RORC,Sodium,Muscularis_mucosa,0.0,0.0,92
RORC,Sodium_hydrogen exchange,Muscularis_mucosa,0.0,0.0,92
RORC,Taurocholic acid,Muscularis_mucosa,0.0,0.0,92
RORC,Testosterone,Muscularis_mucosa,0.0,0.0,92
RORC,Water,Muscularis_mucosa,0.0,0.0,92
RORC,"17a-Ethynylestradiol|3',4'-Dihydrodiol|4'-Hydroxydiclofenac|4-Hydroxycyclophosphamide|8-Hydroxycarvedilol|E-3179|Estriol|Glycerol|N-Desmethylcitalopram|N-Desmethyleletriptan|O-Deethylated candesartan",Myofibroblast,0.0,0.0,219
RORC,2-Hydroxychlorpropamide,Myofibroblast,0.0,0.0,219
RORC,4-ene-Valproic acid,Myofibroblast,0.0,0.0,219
RORC,5-Hydroxyomeprazole,Myofibroblast,0.0,0.0,219
RORC,Acetate,Myofibroblast,0.0,0.0,219
RORC,Acetyl-L-Carnitine|Choline|Creatine|Dopamine|Histamine|Norepinephrine,Myofibroblast,0.0,0.0,219
RORC,Amiloride-sensitive sodium transport,Myofibroblast,0.0,0.0,219
RORC,Anion exchange,Myofibroblast,0.0,0.0,219
RORC,Chloride,Myofibroblast,0.0,0.0,219
RORC,Chloride ion,Myofibroblast,0.0,0.0,219
RORC,Cholesterol,Myofibroblast,0.0,0.0,219
RORC,Cholic acid,Myofibroblast,0.0,0.0,219
RORC,Cortisol|Hydroxylansoprazole|N-Desmethyltamoxifen,Myofibroblast,0.0,0.0,219
RORC,Estradiol,Myofibroblast,0.0,0.0,219
RORC,Fatty acid,Myofibroblast,0.0,0.0,219
RORC,Folic acid,Myofibroblast,0.0,0.0,219
RORC,Iron,Myofibroblast,0.0,0.0,219
RORC,L-Carnitine,Myofibroblast,0.0,0.0,219
RORC,N-desmethylimatinib,Myofibroblast,0.0,0.0,219
RORC,Nicotinate,Myofibroblast,0.0,0.0,219
RORC,O-Desmethylverapamil (D-702),Myofibroblast,0.0,0.0,219
RORC,Progesterone,Myofibroblast,0.0,0.0,219
RORC,Sodium,Myofibroblast,0.0,0.0,219
RORC,Sodium_hydrogen exchange,Myofibroblast,0.0,0.0,219
RORC,Taurocholic acid,Myofibroblast,0.0,0.0,219
RORC,Testosterone,Myofibroblast,0.0,0.0,219
RORC,Water,Myofibroblast,0.0,0.0,219
RORC,"17a-Ethynylestradiol|3',4'-Dihydrodiol|4'-Hydroxydiclofenac|4-Hydroxycyclophosphamide|8-Hydroxycarvedilol|E-3179|Estriol|Glycerol|N-Desmethylcitalopram|N-Desmethyleletriptan|O-Deethylated candesartan",Pericyte,0.0,0.0,109
RORC,2-Hydroxychlorpropamide,Pericyte,0.0,0.0,109
RORC,4-ene-Valproic acid,Pericyte,0.0,0.0,109
RORC,5-Hydroxyomeprazole,Pericyte,0.0,0.0,109
RORC,Acetate,Pericyte,0.0,0.0,109
RORC,Acetyl-L-Carnitine|Choline|Creatine|Dopamine|Histamine|Norepinephrine,Pericyte,0.0,0.0,109
RORC,Amiloride-sensitive sodium transport,Pericyte,0.0,0.0,109
RORC,Anion exchange,Pericyte,0.0,0.0,109
RORC,Chloride,Pericyte,0.0,0.0,109
RORC,Chloride ion,Pericyte,0.0,0.0,109
RORC,Cholesterol,Pericyte,0.0,0.0,109
RORC,Cholic acid,Pericyte,0.0,0.0,109
RORC,Cortisol|Hydroxylansoprazole|N-Desmethyltamoxifen,Pericyte,0.0,0.0,109
RORC,Estradiol,Pericyte,0.0,0.0,109
RORC,Fatty acid,Pericyte,0.0,0.0,109
RORC,Folic acid,Pericyte,0.0,0.0,109
RORC,Iron,Pericyte,0.0,0.0,109
RORC,L-Carnitine,Pericyte,0.0,0.0,109
RORC,N-desmethylimatinib,Pericyte,0.0,0.0,109
RORC,Nicotinate,Pericyte,0.0,0.0,109
RORC,O-Desmethylverapamil (D-702),Pericyte,0.0,0.0,109
RORC,Progesterone,Pericyte,0.0,0.0,109
RORC,Sodium,Pericyte,0.0,0.0,109
RORC,Sodium_hydrogen exchange,Pericyte,0.0,0.0,109
RORC,Taurocholic acid,Pericyte,0.0,0.0,109
RORC,Testosterone,Pericyte,0.0,0.0,109
RORC,Water,Pericyte,0.0,0.0,109
RORC,"17a-Ethynylestradiol|3',4'-Dihydrodiol|4'-Hydroxydiclofenac|4-Hydroxycyclophosphamide|8-Hydroxycarvedilol|E-3179|Estriol|Glycerol|N-Desmethylcitalopram|N-Desmethyleletriptan|O-Deethylated candesartan",Plasma,0.0,0.0,1230
RORC,2-Hydroxychlorpropamide,Plasma,0.0,0.0,1230
RORC,4-ene-Valproic acid,Plasma,0.0,0.0,1230
RORC,5-Hydroxyomeprazole,Plasma,0.0,0.0,1230
RORC,Acetate,Plasma,0.0,0.0,1230
RORC,Acetyl-L-Carnitine|Choline|Creatine|Dopamine|Histamine|Norepinephrine,Plasma,0.0,0.0,1230
RORC,Amiloride-sensitive sodium transport,Plasma,0.0,0.0,1230
RORC,Anion exchange,Plasma,0.0,0.0,1230
RORC,Chloride,Plasma,0.0,0.0,1230
RORC,Chloride ion,Plasma,0.0,0.0,1230
RORC,Cholesterol,Plasma,0.0,0.0,1230
RORC,Cholic acid,Plasma,0.0,0.0,1230
RORC,Cortisol|Hydroxylansoprazole|N-Desmethyltamoxifen,Plasma,0.0,0.0,1230
RORC,Estradiol,Plasma,0.0,0.0,1230
RORC,Fatty acid,Plasma,0.0,0.0,1230
RORC,Folic acid,Plasma,0.0,0.0,1230
RORC,Iron,Plasma,0.0,0.0,1230
RORC,L-Carnitine,Plasma,0.0,0.0,1230
RORC,N-desmethylimatinib,Plasma,0.0,0.0,1230
RORC,Nicotinate,Plasma,0.0,0.0,1230
RORC,O-Desmethylverapamil (D-702),Plasma,0.0,0.0,1230
RORC,Progesterone,Plasma,0.0,0.0,1230
RORC,Sodium,Plasma,0.0,0.0,1230
RORC,Sodium_hydrogen exchange,Plasma,0.0,0.0,1230
RORC,Taurocholic acid,Plasma,0.0,0.0,1230
RORC,Testosterone,Plasma,0.0,0.0,1230
RORC,Water,Plasma,0.0,0.0,1230
RORC,"17a-Ethynylestradiol|3',4'-Dihydrodiol|4'-Hydroxydiclofenac|4-Hydroxycyclophosphamide|8-Hydroxycarvedilol|E-3179|Estriol|Glycerol|N-Desmethylcitalopram|N-Desmethyleletriptan|O-Deethylated candesartan",T,0.0,0.0,632
RORC,2-Hydroxychlorpropamide,T,0.0,0.0,632
RORC,4-ene-Valproic acid,T,0.0,0.0,632
RORC,5-Hydroxyomeprazole,T,0.0,0.0,632
RORC,Acetate,T,0.0,0.0,632
RORC,Acetyl-L-Carnitine|Choline|Creatine|Dopamine|Histamine|Norepinephrine,T,0.0,0.0,632
RORC,Amiloride-sensitive sodium transport,T,0.0,0.0,632
RORC,Anion exchange,T,0.0,0.0,632
RORC,Chloride,T,0.0,0.0,632
RORC,Chloride ion,T,0.0,0.0,632
RORC,Cholesterol,T,0.0,0.0,632
RORC,Cholic acid,T,0.0,0.0,632
RORC,Cortisol|Hydroxylansoprazole|N-Desmethyltamoxifen,T,0.0,0.0,632
RORC,Estradiol,T,0.0,0.0,632
RORC,Fatty acid,T,0.0,0.0,632
RORC,Folic acid,T,0.0,0.0,632
RORC,Iron,T,0.0,0.0,632
RORC,L-Carnitine,T,0.0,0.0,632
RORC,N-desmethylimatinib,T,0.0,0.0,632
RORC,Nicotinate,T,0.0,0.0,632
RORC,O-Desmethylverapamil (D-702),T,0.0,0.0,632
RORC,Progesterone,T,0.0,0.0,632
RORC,Sodium,T,0.0,0.0,632
RORC,Sodium_hydrogen exchange,T,0.0,0.0,632
RORC,Taurocholic acid,T,0.0,0.0,632
RORC,Testosterone,T,0.0,0.0,632
RORC,Water,T,0.0,0.0,632
SCNN1A,"(3a,5b,7a)-23-Carboxy-7-hydroxy-24-norcholan-3-yl-b-D-Glucopyranosiduronic acid|1b,3a,12a-Trihydroxy-5b-cholanoic acid|3-Sulfodeoxycholic acid|3alpha,7alpha-Dihydroxycoprostanic acid|3b-Hydroxy-5-cholenoic acid|Chenodeoxycholic acid|Chenodeoxycholic acid 3-sulfate|Coprocholic acid|Deoxycholic acid|Folinic acid|Glutathione|Glycochenodeoxycholate-3-sulfate|Hyodeoxycholic acid|Isoursodeoxycholic acid|Lithocholic acid|Sulfolithocholic acid|Trihydroxycoprostanoic acid|Ursocholic acid|Ursodeoxycholic acid|Ursodeoxycholic acid 3-sulfate|Varanic acid",B,0.0,0.0,20
SCNN1A,"17a-Ethynylestradiol|3',4'-Dihydrodiol|4'-Hydroxydiclofenac|4-Hydroxycyclophosphamide|8-Hydroxycarvedilol|E-3179|Estriol|Glycerol|N-Desmethylcitalopram|N-Desmethyleletriptan|O-Deethylated candesartan",B,0.0,0.0,20
SCNN1A,2-Hydroxychlorpropamide,B,0.0,0.0,20
SCNN1A,4-ene-Valproic acid,B,0.0,0.0,20
SCNN1A,5-Hydroxyomeprazole,B,0.0,0.0,20
SCNN1A,Acetate,B,0.0,0.0,20
SCNN1A,Acetyl-L-Carnitine|Choline|Creatine|Dopamine|Histamine|Norepinephrine,B,0.0,0.0,20
SCNN1A,Adenosine triphosphate,B,0.0,0.0,20
SCNN1A,Anion exchange,B,0.0,0.0,20
SCNN1A,Butyrate|D-Lactate|Ketone bodies|L-Lactate|Pyruvate|alpha-Ketoisovaleric acid,B,0.0,0.0,20
SCNN1A,Cadmium|Manganese|Zinc,B,0.0,0.0,20
SCNN1A,Chloride,B,0.0,0.0,20
SCNN1A,Chloride ion,B,0.0,0.0,20
SCNN1A,Cholesterol,B,0.0,0.0,20
SCNN1A,Cholic acid,B,0.0,0.0,20
SCNN1A,Citric acid|Oxalic acid,B,0.0,0.0,20
SCNN1A,Cortisol|Hydroxylansoprazole|N-Desmethyltamoxifen,B,0.0,0.0,20
SCNN1A,Estradiol,B,0.0,0.0,20
SCNN1A,Fatty acid,B,0.0,0.0,20
SCNN1A,Folic acid,B,0.0,0.0,20
SCNN1A,Glycyl-glycine|L-Dopa,B,0.0,0.0,20
SCNN1A,Iron,B,0.0,0.0,20
SCNN1A,L-Arginine|L-Cystine|L-Lysine|L-Ornithine,B,0.0,0.0,20
SCNN1A,L-Carnitine,B,0.0,0.0,20
SCNN1A,L-Glutamate,B,0.0,0.0,20
SCNN1A,N-desmethylimatinib,B,0.0,0.0,20
SCNN1A,Neurotransmitter,B,0.0,0.0,20
SCNN1A,Nicotinate,B,0.0,0.0,20
SCNN1A,O-Desmethylverapamil (D-702),B,0.0,0.0,20
SCNN1A,Phosphate,B,0.0,0.0,20
SCNN1A,Progesterone,B,0.0,0.0,20
SCNN1A,Sodium,B,0.0,0.0,20
SCNN1A,Sodium_hydrogen exchange,B,0.0,0.0,20
SCNN1A,Taurocholic acid,B,0.0,0.0,20
SCNN1A,Testosterone,B,0.0,0.0,20
SCNN1A,Urea,B,0.0,0.0,20
SCNN1A,Water,B,0.0,0.0,20
SCNN1A,"(3a,5b,7a)-23-Carboxy-7-hydroxy-24-norcholan-3-yl-b-D-Glucopyranosiduronic acid|1b,3a,12a-Trihydroxy-5b-cholanoic acid|3-Sulfodeoxycholic acid|3alpha,7alpha-Dihydroxycoprostanic acid|3b-Hydroxy-5-cholenoic acid|Chenodeoxycholic acid|Chenodeoxycholic acid 3-sulfate|Coprocholic acid|Deoxycholic acid|Folinic acid|Glutathione|Glycochenodeoxycholate-3-sulfate|Hyodeoxycholic acid|Isoursodeoxycholic acid|Lithocholic acid|Sulfolithocholic acid|Trihydroxycoprostanoic acid|Ursocholic acid|Ursodeoxycholic acid|Ursodeoxycholic acid 3-sulfate|Varanic acid",Endothelial,0.0,0.0,391
SCNN1A,"17a-Ethynylestradiol|3',4'-Dihydrodiol|4'-Hydroxydiclofenac|4-Hydroxycyclophosphamide|8-Hydroxycarvedilol|E-3179|Estriol|Glycerol|N-Desmethylcitalopram|N-Desmethyleletriptan|O-Deethylated candesartan",Endothelial,0.0,0.0,391
SCNN1A,2-Hydroxychlorpropamide,Endothelial,0.0,0.0,391
SCNN1A,4-ene-Valproic acid,Endothelial,0.0,0.0,391
SCNN1A,5-Hydroxyomeprazole,Endothelial,0.0,0.0,391
SCNN1A,Acetate,Endothelial,0.0,0.0,391
SCNN1A,Acetyl-L-Carnitine|Choline|Creatine|Dopamine|Histamine|Norepinephrine,Endothelial,0.0,0.0,391
SCNN1A,Adenosine triphosphate,Endothelial,0.0,0.0,391
SCNN1A,Anion exchange,Endothelial,0.0,0.0,391
SCNN1A,Butyrate|D-Lactate|Ketone bodies|L-Lactate|Pyruvate|alpha-Ketoisovaleric acid,Endothelial,0.0,0.0,391
SCNN1A,Cadmium|Manganese|Zinc,Endothelial,0.0,0.0,391
SCNN1A,Chloride,Endothelial,0.0,0.0,391
SCNN1A,Chloride ion,Endothelial,0.0,0.0,391
SCNN1A,Cholesterol,Endothelial,0.0,0.0,391
SCNN1A,Cholic acid,Endothelial,0.0,0.0,391
SCNN1A,Citric acid|Oxalic acid,Endothelial,0.0,0.0,391
SCNN1A,Cortisol|Hydroxylansoprazole|N-Desmethyltamoxifen,Endothelial,0.0,0.0,391
SCNN1A,Estradiol,Endothelial,0.0,0.0,391
SCNN1A,Fatty acid,Endothelial,0.0,0.0,391
SCNN1A,Folic acid,Endothelial,0.0,0.0,391
SCNN1A,Glycyl-glycine|L-Dopa,Endothelial,0.0,0.0,391
SCNN1A,Iron,Endothelial,0.0,0.0,391
SCNN1A,L-Arginine|L-Cystine|L-Lysine|L-Ornithine,Endothelial,0.0,0.0,391
SCNN1A,L-Carnitine,Endothelial,0.0,0.0,391
SCNN1A,L-Glutamate,Endothelial,0.0,0.0,391
SCNN1A,N-desmethylimatinib,Endothelial,0.0,0.0,391
SCNN1A,Neurotransmitter,Endothelial,0.0,0.0,391
SCNN1A,Nicotinate,Endothelial,0.0,0.0,391
SCNN1A,O-Desmethylverapamil (D-702),Endothelial,0.0,0.0,391
SCNN1A,Phosphate,Endothelial,0.0,0.0,391
SCNN1A,Progesterone,Endothelial,0.0,0.0,391
SCNN1A,Sodium,Endothelial,0.0,0.0,391
SCNN1A,Sodium_hydrogen exchange,Endothelial,0.0,0.0,391
SCNN1A,Taurocholic acid,Endothelial,0.0,0.0,391
SCNN1A,Testosterone,Endothelial,0.0,0.0,391
SCNN1A,Urea,Endothelial,0.0,0.0,391
SCNN1A,Water,Endothelial,0.0,0.0,391
SCNN1A,"(3a,5b,7a)-23-Carboxy-7-hydroxy-24-norcholan-3-yl-b-D-Glucopyranosiduronic acid|1b,3a,12a-Trihydroxy-5b-cholanoic acid|3-Sulfodeoxycholic acid|3alpha,7alpha-Dihydroxycoprostanic acid|3b-Hydroxy-5-cholenoic acid|Chenodeoxycholic acid|Chenodeoxycholic acid 3-sulfate|Coprocholic acid|Deoxycholic acid|Folinic acid|Glutathione|Glycochenodeoxycholate-3-sulfate|Hyodeoxycholic acid|Isoursodeoxycholic acid|Lithocholic acid|Sulfolithocholic acid|Trihydroxycoprostanoic acid|Ursocholic acid|Ursodeoxycholic acid|Ursodeoxycholic acid 3-sulfate|Varanic acid",Enteric_glia,0.0,0.0,92
SCNN1A,"17a-Ethynylestradiol|3',4'-Dihydrodiol|4'-Hydroxydiclofenac|4-Hydroxycyclophosphamide|8-Hydroxycarvedilol|E-3179|Estriol|Glycerol|N-Desmethylcitalopram|N-Desmethyleletriptan|O-Deethylated candesartan",Enteric_glia,0.0,0.0,92
SCNN1A,2-Hydroxychlorpropamide,Enteric_glia,0.0,0.0,92
SCNN1A,4-ene-Valproic acid,Enteric_glia,0.0,0.0,92
SCNN1A,5-Hydroxyomeprazole,Enteric_glia,0.0,0.0,92
SCNN1A,Acetate,Enteric_glia,0.0,0.0,92
SCNN1A,Acetyl-L-Carnitine|Choline|Creatine|Dopamine|Histamine|Norepinephrine,Enteric_glia,0.0,0.0,92
SCNN1A,Adenosine triphosphate,Enteric_glia,0.0,0.0,92
SCNN1A,Anion exchange,Enteric_glia,0.0,0.0,92
SCNN1A,Butyrate|D-Lactate|Ketone bodies|L-Lactate|Pyruvate|alpha-Ketoisovaleric acid,Enteric_glia,0.0,0.0,92
SCNN1A,Cadmium|Manganese|Zinc,Enteric_glia,0.0,0.0,92
SCNN1A,Chloride,Enteric_glia,0.0,0.0,92
SCNN1A,Chloride ion,Enteric_glia,0.0,0.0,92
SCNN1A,Cholesterol,Enteric_glia,0.0,0.0,92
SCNN1A,Cholic acid,Enteric_glia,0.0,0.0,92
SCNN1A,Citric acid|Oxalic acid,Enteric_glia,0.0,0.0,92
SCNN1A,Cortisol|Hydroxylansoprazole|N-Desmethyltamoxifen,Enteric_glia,0.0,0.0,92
SCNN1A,Estradiol,Enteric_glia,0.0,0.0,92
SCNN1A,Fatty acid,Enteric_glia,0.0,0.0,92
SCNN1A,Folic acid,Enteric_glia,0.0,0.0,92
SCNN1A,Glycyl-glycine|L-Dopa,Enteric_glia,0.0,0.0,92
SCNN1A,Iron,Enteric_glia,0.0,0.0,92
SCNN1A,L-Arginine|L-Cystine|L-Lysine|L-Ornithine,Enteric_glia,0.0,0.0,92
SCNN1A,L-Carnitine,Enteric_glia,0.0,0.0,92
SCNN1A,L-Glutamate,Enteric_glia,0.0,0.0,92
SCNN1A,N-desmethylimatinib,Enteric_glia,0.0,0.0,92
SCNN1A,Neurotransmitter,Enteric_glia,0.0,0.0,92
SCNN1A,Nicotinate,Enteric_glia,0.0,0.0,92
SCNN1A,O-Desmethylverapamil (D-702),Enteric_glia,0.0,0.0,92
SCNN1A,Phosphate,Enteric_glia,0.0,0.0,92
SCNN1A,Progesterone,Enteric_glia,0.0,0.0,92
SCNN1A,Sodium,Enteric_glia,0.0,0.0,92
SCNN1A,Sodium_hydrogen exchange,Enteric_glia,0.0,0.0,92
SCNN1A,Taurocholic acid,Enteric_glia,0.0,0.0,92
SCNN1A,Testosterone,Enteric_glia,0.0,0.0,92
SCNN1A,Urea,Enteric_glia,0.0,0.0,92
SCNN1A,Water,Enteric_glia,0.0,0.0,92
SCNN1A,"(3a,5b,7a)-23-Carboxy-7-hydroxy-24-norcholan-3-yl-b-D-Glucopyranosiduronic acid|1b,3a,12a-Trihydroxy-5b-cholanoic acid|3-Sulfodeoxycholic acid|3alpha,7alpha-Dihydroxycoprostanic acid|3b-Hydroxy-5-cholenoic acid|Chenodeoxycholic acid|Chenodeoxycholic acid 3-sulfate|Coprocholic acid|Deoxycholic acid|Folinic acid|Glutathione|Glycochenodeoxycholate-3-sulfate|Hyodeoxycholic acid|Isoursodeoxycholic acid|Lithocholic acid|Sulfolithocholic acid|Trihydroxycoprostanoic acid|Ursocholic acid|Ursodeoxycholic acid|Ursodeoxycholic acid 3-sulfate|Varanic acid",Fibroblast,0.0,0.0,944
SCNN1A,"17a-Ethynylestradiol|3',4'-Dihydrodiol|4'-Hydroxydiclofenac|4-Hydroxycyclophosphamide|8-Hydroxycarvedilol|E-3179|Estriol|Glycerol|N-Desmethylcitalopram|N-Desmethyleletriptan|O-Deethylated candesartan",Fibroblast,0.0,0.0,944
SCNN1A,2-Hydroxychlorpropamide,Fibroblast,0.0,0.0,944
SCNN1A,4-ene-Valproic acid,Fibroblast,0.0,0.0,944
SCNN1A,5-Hydroxyomeprazole,Fibroblast,0.0,0.0,944
SCNN1A,Acetate,Fibroblast,0.0,0.0,944
SCNN1A,Acetyl-L-Carnitine|Choline|Creatine|Dopamine|Histamine|Norepinephrine,Fibroblast,0.0,0.0,944
SCNN1A,Adenosine triphosphate,Fibroblast,0.0,0.0,944
SCNN1A,Anion exchange,Fibroblast,0.0,0.0,944
SCNN1A,Butyrate|D-Lactate|Ketone bodies|L-Lactate|Pyruvate|alpha-Ketoisovaleric acid,Fibroblast,0.0,0.0,944
SCNN1A,Cadmium|Manganese|Zinc,Fibroblast,0.0,0.0,944
SCNN1A,Chloride,Fibroblast,0.0,0.0,944
SCNN1A,Chloride ion,Fibroblast,0.0,0.0,944
SCNN1A,Cholesterol,Fibroblast,0.0,0.0,944
SCNN1A,Cholic acid,Fibroblast,0.0,0.0,944
SCNN1A,Citric acid|Oxalic acid,Fibroblast,0.0,0.0,944
SCNN1A,Cortisol|Hydroxylansoprazole|N-Desmethyltamoxifen,Fibroblast,0.0,0.0,944
SCNN1A,Estradiol,Fibroblast,0.0,0.0,944
SCNN1A,Fatty acid,Fibroblast,0.0,0.0,944
SCNN1A,Folic acid,Fibroblast,0.0,0.0,944
SCNN1A,Glycyl-glycine|L-Dopa,Fibroblast,0.0,0.0,944
SCNN1A,Iron,Fibroblast,0.0,0.0,944
SCNN1A,L-Arginine|L-Cystine|L-Lysine|L-Ornithine,Fibroblast,0.0,0.0,944
SCNN1A,L-Carnitine,Fibroblast,0.0,0.0,944
SCNN1A,L-Glutamate,Fibroblast,0.0,0.0,944
SCNN1A,N-desmethylimatinib,Fibroblast,0.0,0.0,944
SCNN1A,Neurotransmitter,Fibroblast,0.0,0.0,944
SCNN1A,Nicotinate,Fibroblast,0.0,0.0,944
SCNN1A,O-Desmethylverapamil (D-702),Fibroblast,0.0,0.0,944
SCNN1A,Phosphate,Fibroblast,0.0,0.0,944
SCNN1A,Progesterone,Fibroblast,0.0,0.0,944
SCNN1A,Sodium,Fibroblast,0.0,0.0,944
SCNN1A,Sodium_hydrogen exchange,Fibroblast,0.0,0.0,944
SCNN1A,Taurocholic acid,Fibroblast,0.0,0.0,944
SCNN1A,Testosterone,Fibroblast,0.0,0.0,944
SCNN1A,Urea,Fibroblast,0.0,0.0,944
SCNN1A,Water,Fibroblast,0.0,0.0,944
SCNN1A,"(3a,5b,7a)-23-Carboxy-7-hydroxy-24-norcholan-3-yl-b-D-Glucopyranosiduronic acid|1b,3a,12a-Trihydroxy-5b-cholanoic acid|3-Sulfodeoxycholic acid|3alpha,7alpha-Dihydroxycoprostanic acid|3b-Hydroxy-5-cholenoic acid|Chenodeoxycholic acid|Chenodeoxycholic acid 3-sulfate|Coprocholic acid|Deoxycholic acid|Folinic acid|Glutathione|Glycochenodeoxycholate-3-sulfate|Hyodeoxycholic acid|Isoursodeoxycholic acid|Lithocholic acid|Sulfolithocholic acid|Trihydroxycoprostanoic acid|Ursocholic acid|Ursodeoxycholic acid|Ursodeoxycholic acid 3-sulfate|Varanic acid",IEC,-0.00010425177,3.1954354e-05,7778
SCNN1A,"17a-Ethynylestradiol|3',4'-Dihydrodiol|4'-Hydroxydiclofenac|4-Hydroxycyclophosphamide|8-Hydroxycarvedilol|E-3179|Estriol|Glycerol|N-Desmethylcitalopram|N-Desmethyleletriptan|O-Deethylated candesartan",IEC,0.0068298257,0.0009902235,7778
SCNN1A,2-Hydroxychlorpropamide,IEC,0.009735868,0.0022044692,7778
SCNN1A,4-ene-Valproic acid,IEC,0.0033675947,0.0005137197,7778
SCNN1A,5-Hydroxyomeprazole,IEC,0.03578835,0.003620167,7778
SCNN1A,Acetate,IEC,-0.0004910627,6.729266e-05,7778
SCNN1A,Acetyl-L-Carnitine|Choline|Creatine|Dopamine|Histamine|Norepinephrine,IEC,0.002964049,0.0005964111,7778
SCNN1A,Adenosine triphosphate,IEC,0.0016588954,0.00029329272,7778
SCNN1A,Anion exchange,IEC,0.072744794,0.00041912243,7778
SCNN1A,Butyrate|D-Lactate|Ketone bodies|L-Lactate|Pyruvate|alpha-Ketoisovaleric acid,IEC,-9.978201e-05,1.7625212e-05,7778
SCNN1A,Cadmium|Manganese|Zinc,IEC,3.820518e-07,4.640117e-08,7778
SCNN1A,Chloride,IEC,-5.899449e-05,1.1927257e-05,7778
SCNN1A,Chloride ion,IEC,0.0100868605,0.00012544065,7778
SCNN1A,Cholesterol,IEC,0.030238489,0.0039945287,7778
SCNN1A,Cholic acid,IEC,0.007554231,0.0015147007,7778
SCNN1A,Citric acid|Oxalic acid,IEC,-6.559393e-05,1.3368642e-05,7778
SCNN1A,Cortisol|Hydroxylansoprazole|N-Desmethyltamoxifen,IEC,0.029927438,0.0038194335,7778
SCNN1A,Estradiol,IEC,0.03371942,0.003030258,7778
SCNN1A,Fatty acid,IEC,0.00082507293,0.00022808986,7778
SCNN1A,Folic acid,IEC,0.0062541645,0.0022146504,7778
SCNN1A,Glycyl-glycine|L-Dopa,IEC,8.591363e-05,5.17604e-05,7778
SCNN1A,Iron,IEC,0.0009113637,0.0005525134,7778
SCNN1A,L-Arginine|L-Cystine|L-Lysine|L-Ornithine,IEC,0.00083114905,0.00030754018,7778
SCNN1A,L-Carnitine,IEC,0.007115779,0.0016881262,7778
SCNN1A,L-Glutamate,IEC,-8.7937784e-05,6.0161346e-05,7778
SCNN1A,N-desmethylimatinib,IEC,0.029693073,0.0047218394,7778
SCNN1A,Neurotransmitter,IEC,-0.00018942273,2.0750746e-05,7778
SCNN1A,Nicotinate,IEC,0.0026883066,0.00026958945,7778
SCNN1A,O-Desmethylverapamil (D-702),IEC,0.07588969,0.002082884,7778
SCNN1A,Phosphate,IEC,4.6613928e-05,6.958568e-06,7778
SCNN1A,Progesterone,IEC,0.0070798383,0.0013711847,7778
SCNN1A,Sodium,IEC,0.022317892,0.0002618536,7778
SCNN1A,Sodium_hydrogen exchange,IEC,0.090311006,0.00077526254,7778
SCNN1A,Taurocholic acid,IEC,0.0415794,0.0007291153,7778
SCNN1A,Testosterone,IEC,0.036261864,0.0038517935,7778
SCNN1A,Urea,IEC,-4.915748e-05,8.129352e-06,7778
SCNN1A,Water,IEC,0.31965065,0.0068965727,7778
SCNN1A,"(3a,5b,7a)-23-Carboxy-7-hydroxy-24-norcholan-3-yl-b-D-Glucopyranosiduronic acid|1b,3a,12a-Trihydroxy-5b-cholanoic acid|3-Sulfodeoxycholic acid|3alpha,7alpha-Dihydroxycoprostanic acid|3b-Hydroxy-5-cholenoic acid|Chenodeoxycholic acid|Chenodeoxycholic acid 3-sulfate|Coprocholic acid|Deoxycholic acid|Folinic acid|Glutathione|Glycochenodeoxycholate-3-sulfate|Hyodeoxycholic acid|Isoursodeoxycholic acid|Lithocholic acid|Sulfolithocholic acid|Trihydroxycoprostanoic acid|Ursocholic acid|Ursodeoxycholic acid|Ursodeoxycholic acid 3-sulfate|Varanic acid",MAST,0.0,0.0,171
SCNN1A,"17a-Ethynylestradiol|3',4'-Dihydrodiol|4'-Hydroxydiclofenac|4-Hydroxycyclophosphamide|8-Hydroxycarvedilol|E-3179|Estriol|Glycerol|N-Desmethylcitalopram|N-Desmethyleletriptan|O-Deethylated candesartan",MAST,0.0,0.0,171
SCNN1A,2-Hydroxychlorpropamide,MAST,0.0,0.0,171
SCNN1A,4-ene-Valproic acid,MAST,0.0,0.0,171
SCNN1A,5-Hydroxyomeprazole,MAST,0.0,0.0,171
SCNN1A,Acetate,MAST,0.0,0.0,171
SCNN1A,Acetyl-L-Carnitine|Choline|Creatine|Dopamine|Histamine|Norepinephrine,MAST,0.0,0.0,171
SCNN1A,Adenosine triphosphate,MAST,0.0,0.0,171
SCNN1A,Anion exchange,MAST,0.0,0.0,171
SCNN1A,Butyrate|D-Lactate|Ketone bodies|L-Lactate|Pyruvate|alpha-Ketoisovaleric acid,MAST,0.0,0.0,171
SCNN1A,Cadmium|Manganese|Zinc,MAST,0.0,0.0,171
SCNN1A,Chloride,MAST,0.0,0.0,171
SCNN1A,Chloride ion,MAST,0.0,0.0,171
SCNN1A,Cholesterol,MAST,0.0,0.0,171
SCNN1A,Cholic acid,MAST,0.0,0.0,171
SCNN1A,Citric acid|Oxalic acid,MAST,0.0,0.0,171
SCNN1A,Cortisol|Hydroxylansoprazole|N-Desmethyltamoxifen,MAST,0.0,0.0,171
SCNN1A,Estradiol,MAST,0.0,0.0,171
SCNN1A,Fatty acid,MAST,0.0,0.0,171
SCNN1A,Folic acid,MAST,0.0,0.0,171
SCNN1A,Glycyl-glycine|L-Dopa,MAST,0.0,0.0,171
SCNN1A,Iron,MAST,0.0,0.0,171
SCNN1A,L-Arginine|L-Cystine|L-Lysine|L-Ornithine,MAST,0.0,0.0,171
SCNN1A,L-Carnitine,MAST,0.0,0.0,171
SCNN1A,L-Glutamate,MAST,0.0,0.0,171
SCNN1A,N-desmethylimatinib,MAST,0.0,0.0,171
SCNN1A,Neurotransmitter,MAST,0.0,0.0,171
SCNN1A,Nicotinate,MAST,0.0,0.0,171
SCNN1A,O-Desmethylverapamil (D-702),MAST,0.0,0.0,171
SCNN1A,Phosphate,MAST,0.0,0.0,171
SCNN1A,Progesterone,MAST,0.0,0.0,171
SCNN1A,Sodium,MAST,0.0,0.0,171
SCNN1A,Sodium_hydrogen exchange,MAST,0.0,0.0,171
SCNN1A,Taurocholic acid,MAST,0.0,0.0,171
SCNN1A,Testosterone,MAST,0.0,0.0,171
SCNN1A,Urea,MAST,0.0,0.0,171
SCNN1A,Water,MAST,0.0,0.0,171
SCNN1A,"(3a,5b,7a)-23-Carboxy-7-hydroxy-24-norcholan-3-yl-b-D-Glucopyranosiduronic acid|1b,3a,12a-Trihydroxy-5b-cholanoic acid|3-Sulfodeoxycholic acid|3alpha,7alpha-Dihydroxycoprostanic acid|3b-Hydroxy-5-cholenoic acid|Chenodeoxycholic acid|Chenodeoxycholic acid 3-sulfate|Coprocholic acid|Deoxycholic acid|Folinic acid|Glutathione|Glycochenodeoxycholate-3-sulfate|Hyodeoxycholic acid|Isoursodeoxycholic acid|Lithocholic acid|Sulfolithocholic acid|Trihydroxycoprostanoic acid|Ursocholic acid|Ursodeoxycholic acid|Ursodeoxycholic acid 3-sulfate|Varanic acid",MNP,0.0,0.0,464
SCNN1A,"17a-Ethynylestradiol|3',4'-Dihydrodiol|4'-Hydroxydiclofenac|4-Hydroxycyclophosphamide|8-Hydroxycarvedilol|E-3179|Estriol|Glycerol|N-Desmethylcitalopram|N-Desmethyleletriptan|O-Deethylated candesartan",MNP,0.0,0.0,464
SCNN1A,2-Hydroxychlorpropamide,MNP,0.0,0.0,464
SCNN1A,4-ene-Valproic acid,MNP,0.0,0.0,464
SCNN1A,5-Hydroxyomeprazole,MNP,0.0,0.0,464
SCNN1A,Acetate,MNP,0.0,0.0,464
SCNN1A,Acetyl-L-Carnitine|Choline|Creatine|Dopamine|Histamine|Norepinephrine,MNP,0.0,0.0,464
SCNN1A,Adenosine triphosphate,MNP,0.0,0.0,464
SCNN1A,Anion exchange,MNP,0.0,0.0,464
SCNN1A,Butyrate|D-Lactate|Ketone bodies|L-Lactate|Pyruvate|alpha-Ketoisovaleric acid,MNP,0.0,0.0,464
SCNN1A,Cadmium|Manganese|Zinc,MNP,0.0,0.0,464
SCNN1A,Chloride,MNP,0.0,0.0,464
SCNN1A,Chloride ion,MNP,0.0,0.0,464
SCNN1A,Cholesterol,MNP,0.0,0.0,464
SCNN1A,Cholic acid,MNP,0.0,0.0,464
SCNN1A,Citric acid|Oxalic acid,MNP,0.0,0.0,464
SCNN1A,Cortisol|Hydroxylansoprazole|N-Desmethyltamoxifen,MNP,0.0,0.0,464
SCNN1A,Estradiol,MNP,0.0,0.0,464
SCNN1A,Fatty acid,MNP,0.0,0.0,464
SCNN1A,Folic acid,MNP,0.0,0.0,464
SCNN1A,Glycyl-glycine|L-Dopa,MNP,0.0,0.0,464
SCNN1A,Iron,MNP,0.0,0.0,464
SCNN1A,L-Arginine|L-Cystine|L-Lysine|L-Ornithine,MNP,0.0,0.0,464
SCNN1A,L-Carnitine,MNP,0.0,0.0,464
SCNN1A,L-Glutamate,MNP,0.0,0.0,464
SCNN1A,N-desmethylimatinib,MNP,0.0,0.0,464
SCNN1A,Neurotransmitter,MNP,0.0,0.0,464
SCNN1A,Nicotinate,MNP,0.0,0.0,464
SCNN1A,O-Desmethylverapamil (D-702),MNP,0.0,0.0,464
SCNN1A,Phosphate,MNP,0.0,0.0,464
SCNN1A,Progesterone,MNP,0.0,0.0,464
SCNN1A,Sodium,MNP,0.0,0.0,464
SCNN1A,Sodium_hydrogen exchange,MNP,0.0,0.0,464
SCNN1A,Taurocholic acid,MNP,0.0,0.0,464
SCNN1A,Testosterone,MNP,0.0,0.0,464
SCNN1A,Urea,MNP,0.0,0.0,464
SCNN1A,Water,MNP,0.0,0.0,464
SCNN1A,"(3a,5b,7a)-23-Carboxy-7-hydroxy-24-norcholan-3-yl-b-D-Glucopyranosiduronic acid|1b,3a,12a-Trihydroxy-5b-cholanoic acid|3-Sulfodeoxycholic acid|3alpha,7alpha-Dihydroxycoprostanic acid|3b-Hydroxy-5-cholenoic acid|Chenodeoxycholic acid|Chenodeoxycholic acid 3-sulfate|Coprocholic acid|Deoxycholic acid|Folinic acid|Glutathione|Glycochenodeoxycholate-3-sulfate|Hyodeoxycholic acid|Isoursodeoxycholic acid|Lithocholic acid|Sulfolithocholic acid|Trihydroxycoprostanoic acid|Ursocholic acid|Ursodeoxycholic acid|Ursodeoxycholic acid 3-sulfate|Varanic acid",Muscularis_mucosa,0.0,0.0,92
SCNN1A,"17a-Ethynylestradiol|3',4'-Dihydrodiol|4'-Hydroxydiclofenac|4-Hydroxycyclophosphamide|8-Hydroxycarvedilol|E-3179|Estriol|Glycerol|N-Desmethylcitalopram|N-Desmethyleletriptan|O-Deethylated candesartan",Muscularis_mucosa,0.0,0.0,92
SCNN1A,2-Hydroxychlorpropamide,Muscularis_mucosa,0.0,0.0,92
SCNN1A,4-ene-Valproic acid,Muscularis_mucosa,0.0,0.0,92
SCNN1A,5-Hydroxyomeprazole,Muscularis_mucosa,0.0,0.0,92
SCNN1A,Acetate,Muscularis_mucosa,0.0,0.0,92
SCNN1A,Acetyl-L-Carnitine|Choline|Creatine|Dopamine|Histamine|Norepinephrine,Muscularis_mucosa,0.0,0.0,92
SCNN1A,Adenosine triphosphate,Muscularis_mucosa,0.0,0.0,92
SCNN1A,Anion exchange,Muscularis_mucosa,0.0,0.0,92
SCNN1A,Butyrate|D-Lactate|Ketone bodies|L-Lactate|Pyruvate|alpha-Ketoisovaleric acid,Muscularis_mucosa,0.0,0.0,92
SCNN1A,Cadmium|Manganese|Zinc,Muscularis_mucosa,0.0,0.0,92
SCNN1A,Chloride,Muscularis_mucosa,0.0,0.0,92
SCNN1A,Chloride ion,Muscularis_mucosa,0.0,0.0,92
SCNN1A,Cholesterol,Muscularis_mucosa,0.0,0.0,92
SCNN1A,Cholic acid,Muscularis_mucosa,0.0,0.0,92
SCNN1A,Citric acid|Oxalic acid,Muscularis_mucosa,0.0,0.0,92
SCNN1A,Cortisol|Hydroxylansoprazole|N-Desmethyltamoxifen,Muscularis_mucosa,0.0,0.0,92
SCNN1A,Estradiol,Muscularis_mucosa,0.0,0.0,92
SCNN1A,Fatty acid,Muscularis_mucosa,0.0,0.0,92
SCNN1A,Folic acid,Muscularis_mucosa,0.0,0.0,92
SCNN1A,Glycyl-glycine|L-Dopa,Muscularis_mucosa,0.0,0.0,92
SCNN1A,Iron,Muscularis_mucosa,0.0,0.0,92
SCNN1A,L-Arginine|L-Cystine|L-Lysine|L-Ornithine,Muscularis_mucosa,0.0,0.0,92
SCNN1A,L-Carnitine,Muscularis_mucosa,0.0,0.0,92
SCNN1A,L-Glutamate,Muscularis_mucosa,0.0,0.0,92
SCNN1A,N-desmethylimatinib,Muscularis_mucosa,0.0,0.0,92
SCNN1A,Neurotransmitter,Muscularis_mucosa,0.0,0.0,92
SCNN1A,Nicotinate,Muscularis_mucosa,0.0,0.0,92
SCNN1A,O-Desmethylverapamil (D-702),Muscularis_mucosa,0.0,0.0,92
SCNN1A,Phosphate,Muscularis_mucosa,0.0,0.0,92
SCNN1A,Progesterone,Muscularis_mucosa,0.0,0.0,92
SCNN1A,Sodium,Muscularis_mucosa,0.0,0.0,92
SCNN1A,Sodium_hydrogen exchange,Muscularis_mucosa,0.0,0.0,92
SCNN1A,Taurocholic acid,Muscularis_mucosa,0.0,0.0,92
SCNN1A,Testosterone,Muscularis_mucosa,0.0,0.0,92
SCNN1A,Urea,Muscularis_mucosa,0.0,0.0,92
SCNN1A,Water,Muscularis_mucosa,0.0,0.0,92
SCNN1A,"(3a,5b,7a)-23-Carboxy-7-hydroxy-24-norcholan-3-yl-b-D-Glucopyranosiduronic acid|1b,3a,12a-Trihydroxy-5b-cholanoic acid|3-Sulfodeoxycholic acid|3alpha,7alpha-Dihydroxycoprostanic acid|3b-Hydroxy-5-cholenoic acid|Chenodeoxycholic acid|Chenodeoxycholic acid 3-sulfate|Coprocholic acid|Deoxycholic acid|Folinic acid|Glutathione|Glycochenodeoxycholate-3-sulfate|Hyodeoxycholic acid|Isoursodeoxycholic acid|Lithocholic acid|Sulfolithocholic acid|Trihydroxycoprostanoic acid|Ursocholic acid|Ursodeoxycholic acid|Ursodeoxycholic acid 3-sulfate|Varanic acid",Myofibroblast,0.0,0.0,219
SCNN1A,"17a-Ethynylestradiol|3',4'-Dihydrodiol|4'-Hydroxydiclofenac|4-Hydroxycyclophosphamide|8-Hydroxycarvedilol|E-3179|Estriol|Glycerol|N-Desmethylcitalopram|N-Desmethyleletriptan|O-Deethylated candesartan",Myofibroblast,0.0,0.0,219
SCNN1A,2-Hydroxychlorpropamide,Myofibroblast,0.0,0.0,219
SCNN1A,4-ene-Valproic acid,Myofibroblast,0.0,0.0,219
SCNN1A,5-Hydroxyomeprazole,Myofibroblast,0.0,0.0,219
SCNN1A,Acetate,Myofibroblast,0.0,0.0,219
SCNN1A,Acetyl-L-Carnitine|Choline|Creatine|Dopamine|Histamine|Norepinephrine,Myofibroblast,0.0,0.0,219
SCNN1A,Adenosine triphosphate,Myofibroblast,0.0,0.0,219
SCNN1A,Anion exchange,Myofibroblast,0.0,0.0,219
SCNN1A,Butyrate|D-Lactate|Ketone bodies|L-Lactate|Pyruvate|alpha-Ketoisovaleric acid,Myofibroblast,0.0,0.0,219
SCNN1A,Cadmium|Manganese|Zinc,Myofibroblast,0.0,0.0,219
SCNN1A,Chloride,Myofibroblast,0.0,0.0,219
SCNN1A,Chloride ion,Myofibroblast,0.0,0.0,219
SCNN1A,Cholesterol,Myofibroblast,0.0,0.0,219
SCNN1A,Cholic acid,Myofibroblast,0.0,0.0,219
SCNN1A,Citric acid|Oxalic acid,Myofibroblast,0.0,0.0,219
SCNN1A,Cortisol|Hydroxylansoprazole|N-Desmethyltamoxifen,Myofibroblast,0.0,0.0,219
SCNN1A,Estradiol,Myofibroblast,0.0,0.0,219
SCNN1A,Fatty acid,Myofibroblast,0.0,0.0,219
SCNN1A,Folic acid,Myofibroblast,0.0,0.0,219
SCNN1A,Glycyl-glycine|L-Dopa,Myofibroblast,0.0,0.0,219
SCNN1A,Iron,Myofibroblast,0.0,0.0,219
SCNN1A,L-Arginine|L-Cystine|L-Lysine|L-Ornithine,Myofibroblast,0.0,0.0,219
SCNN1A,L-Carnitine,Myofibroblast,0.0,0.0,219
SCNN1A,L-Glutamate,Myofibroblast,0.0,0.0,219
SCNN1A,N-desmethylimatinib,Myofibroblast,0.0,0.0,219
SCNN1A,Neurotransmitter,Myofibroblast,0.0,0.0,219
SCNN1A,Nicotinate,Myofibroblast,0.0,0.0,219
SCNN1A,O-Desmethylverapamil (D-702),Myofibroblast,0.0,0.0,219
SCNN1A,Phosphate,Myofibroblast,0.0,0.0,219
SCNN1A,Progesterone,Myofibroblast,0.0,0.0,219
SCNN1A,Sodium,Myofibroblast,0.0,0.0,219
SCNN1A,Sodium_hydrogen exchange,Myofibroblast,0.0,0.0,219
SCNN1A,Taurocholic acid,Myofibroblast,0.0,0.0,219
SCNN1A,Testosterone,Myofibroblast,0.0,0.0,219
SCNN1A,Urea,Myofibroblast,0.0,0.0,219
SCNN1A,Water,Myofibroblast,0.0,0.0,219
SCNN1A,"(3a,5b,7a)-23-Carboxy-7-hydroxy-24-norcholan-3-yl-b-D-Glucopyranosiduronic acid|1b,3a,12a-Trihydroxy-5b-cholanoic acid|3-Sulfodeoxycholic acid|3alpha,7alpha-Dihydroxycoprostanic acid|3b-Hydroxy-5-cholenoic acid|Chenodeoxycholic acid|Chenodeoxycholic acid 3-sulfate|Coprocholic acid|Deoxycholic acid|Folinic acid|Glutathione|Glycochenodeoxycholate-3-sulfate|Hyodeoxycholic acid|Isoursodeoxycholic acid|Lithocholic acid|Sulfolithocholic acid|Trihydroxycoprostanoic acid|Ursocholic acid|Ursodeoxycholic acid|Ursodeoxycholic acid 3-sulfate|Varanic acid",Pericyte,0.0,0.0,109
SCNN1A,"17a-Ethynylestradiol|3',4'-Dihydrodiol|4'-Hydroxydiclofenac|4-Hydroxycyclophosphamide|8-Hydroxycarvedilol|E-3179|Estriol|Glycerol|N-Desmethylcitalopram|N-Desmethyleletriptan|O-Deethylated candesartan",Pericyte,0.0,0.0,109
SCNN1A,2-Hydroxychlorpropamide,Pericyte,0.0,0.0,109
SCNN1A,4-ene-Valproic acid,Pericyte,0.0,0.0,109
SCNN1A,5-Hydroxyomeprazole,Pericyte,0.0,0.0,109
SCNN1A,Acetate,Pericyte,0.0,0.0,109
SCNN1A,Acetyl-L-Carnitine|Choline|Creatine|Dopamine|Histamine|Norepinephrine,Pericyte,0.0,0.0,109
SCNN1A,Adenosine triphosphate,Pericyte,0.0,0.0,109
SCNN1A,Anion exchange,Pericyte,0.0,0.0,109
SCNN1A,Butyrate|D-Lactate|Ketone bodies|L-Lactate|Pyruvate|alpha-Ketoisovaleric acid,Pericyte,0.0,0.0,109
SCNN1A,Cadmium|Manganese|Zinc,Pericyte,0.0,0.0,109
SCNN1A,Chloride,Pericyte,0.0,0.0,109
SCNN1A,Chloride ion,Pericyte,0.0,0.0,109
SCNN1A,Cholesterol,Pericyte,0.0,0.0,109
SCNN1A,Cholic acid,Pericyte,0.0,0.0,109
SCNN1A,Citric acid|Oxalic acid,Pericyte,0.0,0.0,109
SCNN1A,Cortisol|Hydroxylansoprazole|N-Desmethyltamoxifen,Pericyte,0.0,0.0,109
SCNN1A,Estradiol,Pericyte,0.0,0.0,109
SCNN1A,Fatty acid,Pericyte,0.0,0.0,109
SCNN1A,Folic acid,Pericyte,0.0,0.0,109
SCNN1A,Glycyl-glycine|L-Dopa,Pericyte,0.0,0.0,109
SCNN1A,Iron,Pericyte,0.0,0.0,109
SCNN1A,L-Arginine|L-Cystine|L-Lysine|L-Ornithine,Pericyte,0.0,0.0,109
SCNN1A,L-Carnitine,Pericyte,0.0,0.0,109
SCNN1A,L-Glutamate,Pericyte,0.0,0.0,109
SCNN1A,N-desmethylimatinib,Pericyte,0.0,0.0,109
SCNN1A,Neurotransmitter,Pericyte,0.0,0.0,109
SCNN1A,Nicotinate,Pericyte,0.0,0.0,109
SCNN1A,O-Desmethylverapamil (D-702),Pericyte,0.0,0.0,109
SCNN1A,Phosphate,Pericyte,0.0,0.0,109
SCNN1A,Progesterone,Pericyte,0.0,0.0,109
SCNN1A,Sodium,Pericyte,0.0,0.0,109
SCNN1A,Sodium_hydrogen exchange,Pericyte,0.0,0.0,109
SCNN1A,Taurocholic acid,Pericyte,0.0,0.0,109
SCNN1A,Testosterone,Pericyte,0.0,0.0,109
SCNN1A,Urea,Pericyte,0.0,0.0,109
SCNN1A,Water,Pericyte,0.0,0.0,109
SCNN1A,"(3a,5b,7a)-23-Carboxy-7-hydroxy-24-norcholan-3-yl-b-D-Glucopyranosiduronic acid|1b,3a,12a-Trihydroxy-5b-cholanoic acid|3-Sulfodeoxycholic acid|3alpha,7alpha-Dihydroxycoprostanic acid|3b-Hydroxy-5-cholenoic acid|Chenodeoxycholic acid|Chenodeoxycholic acid 3-sulfate|Coprocholic acid|Deoxycholic acid|Folinic acid|Glutathione|Glycochenodeoxycholate-3-sulfate|Hyodeoxycholic acid|Isoursodeoxycholic acid|Lithocholic acid|Sulfolithocholic acid|Trihydroxycoprostanoic acid|Ursocholic acid|Ursodeoxycholic acid|Ursodeoxycholic acid 3-sulfate|Varanic acid",Plasma,0.0,0.0,1230
SCNN1A,"17a-Ethynylestradiol|3',4'-Dihydrodiol|4'-Hydroxydiclofenac|4-Hydroxycyclophosphamide|8-Hydroxycarvedilol|E-3179|Estriol|Glycerol|N-Desmethylcitalopram|N-Desmethyleletriptan|O-Deethylated candesartan",Plasma,0.0,0.0,1230
SCNN1A,2-Hydroxychlorpropamide,Plasma,0.0,0.0,1230
SCNN1A,4-ene-Valproic acid,Plasma,0.0,0.0,1230
SCNN1A,5-Hydroxyomeprazole,Plasma,0.0,0.0,1230
SCNN1A,Acetate,Plasma,0.0,0.0,1230
SCNN1A,Acetyl-L-Carnitine|Choline|Creatine|Dopamine|Histamine|Norepinephrine,Plasma,0.0,0.0,1230
SCNN1A,Adenosine triphosphate,Plasma,0.0,0.0,1230
SCNN1A,Anion exchange,Plasma,0.0,0.0,1230
SCNN1A,Butyrate|D-Lactate|Ketone bodies|L-Lactate|Pyruvate|alpha-Ketoisovaleric acid,Plasma,0.0,0.0,1230
SCNN1A,Cadmium|Manganese|Zinc,Plasma,0.0,0.0,1230
SCNN1A,Chloride,Plasma,0.0,0.0,1230
SCNN1A,Chloride ion,Plasma,0.0,0.0,1230
SCNN1A,Cholesterol,Plasma,0.0,0.0,1230
SCNN1A,Cholic acid,Plasma,0.0,0.0,1230
SCNN1A,Citric acid|Oxalic acid,Plasma,0.0,0.0,1230
SCNN1A,Cortisol|Hydroxylansoprazole|N-Desmethyltamoxifen,Plasma,0.0,0.0,1230
SCNN1A,Estradiol,Plasma,0.0,0.0,1230
SCNN1A,Fatty acid,Plasma,0.0,0.0,1230
SCNN1A,Folic acid,Plasma,0.0,0.0,1230
SCNN1A,Glycyl-glycine|L-Dopa,Plasma,0.0,0.0,1230
SCNN1A,Iron,Plasma,0.0,0.0,1230
SCNN1A,L-Arginine|L-Cystine|L-Lysine|L-Ornithine,Plasma,0.0,0.0,1230
SCNN1A,L-Carnitine,Plasma,0.0,0.0,1230
SCNN1A,L-Glutamate,Plasma,0.0,0.0,1230
SCNN1A,N-desmethylimatinib,Plasma,0.0,0.0,1230
SCNN1A,Neurotransmitter,Plasma,0.0,0.0,1230
SCNN1A,Nicotinate,Plasma,0.0,0.0,1230
SCNN1A,O-Desmethylverapamil (D-702),Plasma,0.0,0.0,1230
SCNN1A,Phosphate,Plasma,0.0,0.0,1230
SCNN1A,Progesterone,Plasma,0.0,0.0,1230
SCNN1A,Sodium,Plasma,0.0,0.0,1230
SCNN1A,Sodium_hydrogen exchange,Plasma,0.0,0.0,1230
SCNN1A,Taurocholic acid,Plasma,0.0,0.0,1230
SCNN1A,Testosterone,Plasma,0.0,0.0,1230
SCNN1A,Urea,Plasma,0.0,0.0,1230
SCNN1A,Water,Plasma,0.0,0.0,1230
SCNN1A,"(3a,5b,7a)-23-Carboxy-7-hydroxy-24-norcholan-3-yl-b-D-Glucopyranosiduronic acid|1b,3a,12a-Trihydroxy-5b-cholanoic acid|3-Sulfodeoxycholic acid|3alpha,7alpha-Dihydroxycoprostanic acid|3b-Hydroxy-5-cholenoic acid|Chenodeoxycholic acid|Chenodeoxycholic acid 3-sulfate|Coprocholic acid|Deoxycholic acid|Folinic acid|Glutathione|Glycochenodeoxycholate-3-sulfate|Hyodeoxycholic acid|Isoursodeoxycholic acid|Lithocholic acid|Sulfolithocholic acid|Trihydroxycoprostanoic acid|Ursocholic acid|Ursodeoxycholic acid|Ursodeoxycholic acid 3-sulfate|Varanic acid",T,0.0,0.0,632
SCNN1A,"17a-Ethynylestradiol|3',4'-Dihydrodiol|4'-Hydroxydiclofenac|4-Hydroxycyclophosphamide|8-Hydroxycarvedilol|E-3179|Estriol|Glycerol|N-Desmethylcitalopram|N-Desmethyleletriptan|O-Deethylated candesartan",T,0.0,0.0,632
SCNN1A,2-Hydroxychlorpropamide,T,0.0,0.0,632
SCNN1A,4-ene-Valproic acid,T,0.0,0.0,632
SCNN1A,5-Hydroxyomeprazole,T,0.0,0.0,632
SCNN1A,Acetate,T,0.0,0.0,632
SCNN1A,Acetyl-L-Carnitine|Choline|Creatine|Dopamine|Histamine|Norepinephrine,T,0.0,0.0,632
SCNN1A,Adenosine triphosphate,T,0.0,0.0,632
SCNN1A,Anion exchange,T,0.0,0.0,632
SCNN1A,Butyrate|D-Lactate|Ketone bodies|L-Lactate|Pyruvate|alpha-Ketoisovaleric acid,T,0.0,0.0,632
SCNN1A,Cadmium|Manganese|Zinc,T,0.0,0.0,632
SCNN1A,Chloride,T,0.0,0.0,632
SCNN1A,Chloride ion,T,0.0,0.0,632
SCNN1A,Cholesterol,T,0.0,0.0,632
SCNN1A,Cholic acid,T,0.0,0.0,632
SCNN1A,Citric acid|Oxalic acid,T,0.0,0.0,632
SCNN1A,Cortisol|Hydroxylansoprazole|N-Desmethyltamoxifen,T,0.0,0.0,632
SCNN1A,Estradiol,T,0.0,0.0,632
SCNN1A,Fatty acid,T,0.0,0.0,632
SCNN1A,Folic acid,T,0.0,0.0,632
SCNN1A,Glycyl-glycine|L-Dopa,T,0.0,0.0,632
SCNN1A,Iron,T,0.0,0.0,632
SCNN1A,L-Arginine|L-Cystine|L-Lysine|L-Ornithine,T,0.0,0.0,632
SCNN1A,L-Carnitine,T,0.0,0.0,632
SCNN1A,L-Glutamate,T,0.0,0.0,632
SCNN1A,N-desmethylimatinib,T,0.0,0.0,632
SCNN1A,Neurotransmitter,T,0.0,0.0,632
SCNN1A,Nicotinate,T,0.0,0.0,632
SCNN1A,O-Desmethylverapamil (D-702),T,0.0,0.0,632
SCNN1A,Phosphate,T,0.0,0.0,632
SCNN1A,Progesterone,T,0.0,0.0,632
SCNN1A,Sodium,T,0.0,0.0,632
SCNN1A,Sodium_hydrogen exchange,T,0.0,0.0,632
SCNN1A,Taurocholic acid,T,0.0,0.0,632
SCNN1A,Testosterone,T,0.0,0.0,632
SCNN1A,Urea,T,0.0,0.0,632
SCNN1A,Water,T,0.0,0.0,632
SGK1,"17a-Ethynylestradiol|3',4'-Dihydrodiol|4'-Hydroxydiclofenac|4-Hydroxycyclophosphamide|8-Hydroxycarvedilol|E-3179|Estriol|Glycerol|N-Desmethylcitalopram|N-Desmethyleletriptan|O-Deethylated candesartan",B,0.0,0.0,20
SGK1,2-Hydroxychlorpropamide,B,0.0,0.0,20
SGK1,4-ene-Valproic acid,B,0.0,0.0,20
SGK1,5-Hydroxyomeprazole,B,0.0,0.0,20
SGK1,Acetate,B,0.0,0.0,20
SGK1,Acetyl-L-Carnitine|Choline|Creatine|Dopamine|Histamine|Norepinephrine,B,0.0,0.0,20
SGK1,Adenosine triphosphate,B,0.0,0.0,20
SGK1,Amiloride-sensitive sodium transport,B,0.0,0.0,20
SGK1,Anion exchange,B,0.0,0.0,20
SGK1,Chloride,B,0.0,0.0,20
SGK1,Chloride ion,B,0.0,0.0,20
SGK1,Cholesterol,B,0.0,0.0,20
SGK1,Cholic acid,B,0.0,0.0,20
SGK1,Citric acid|Oxalic acid,B,0.0,0.0,20
SGK1,Cortisol|Hydroxylansoprazole|N-Desmethyltamoxifen,B,0.0,0.0,20
SGK1,Estradiol,B,0.0,0.0,20
SGK1,Fatty acid,B,0.0,0.0,20
SGK1,Folic acid,B,0.0,0.0,20
SGK1,Iron,B,0.0,0.0,20
SGK1,L-Carnitine,B,0.0,0.0,20
SGK1,N-desmethylimatinib,B,0.0,0.0,20
SGK1,Neurotransmitter,B,0.0,0.0,20
SGK1,Nicotinate,B,0.0,0.0,20
SGK1,O-Desmethylverapamil (D-702),B,0.0,0.0,20
SGK1,Phosphate,B,0.0,0.0,20
SGK1,Progesterone,B,0.0,0.0,20
SGK1,Sodium,B,0.0,0.0,20
SGK1,Sodium_hydrogen exchange,B,0.0,0.0,20
SGK1,Taurocholic acid,B,0.0,0.0,20
SGK1,Testosterone,B,0.0,0.0,20
SGK1,Water,B,0.0,0.0,20
SGK1,"17a-Ethynylestradiol|3',4'-Dihydrodiol|4'-Hydroxydiclofenac|4-Hydroxycyclophosphamide|8-Hydroxycarvedilol|E-3179|Estriol|Glycerol|N-Desmethylcitalopram|N-Desmethyleletriptan|O-Deethylated candesartan",Endothelial,0.0,0.0,391
SGK1,2-Hydroxychlorpropamide,Endothelial,0.0,0.0,391
SGK1,4-ene-Valproic acid,Endothelial,0.0,0.0,391
SGK1,5-Hydroxyomeprazole,Endothelial,0.0,0.0,391
SGK1,Acetate,Endothelial,0.0,0.0,391
SGK1,Acetyl-L-Carnitine|Choline|Creatine|Dopamine|Histamine|Norepinephrine,Endothelial,0.0,0.0,391
SGK1,Adenosine triphosphate,Endothelial,0.0,0.0,391
SGK1,Amiloride-sensitive sodium transport,Endothelial,0.0,0.0,391
SGK1,Anion exchange,Endothelial,0.0,0.0,391
SGK1,Chloride,Endothelial,0.0,0.0,391
SGK1,Chloride ion,Endothelial,0.0,0.0,391
SGK1,Cholesterol,Endothelial,0.0,0.0,391
SGK1,Cholic acid,Endothelial,0.0,0.0,391
SGK1,Citric acid|Oxalic acid,Endothelial,0.0,0.0,391
SGK1,Cortisol|Hydroxylansoprazole|N-Desmethyltamoxifen,Endothelial,0.0,0.0,391
SGK1,Estradiol,Endothelial,0.0,0.0,391
SGK1,Fatty acid,Endothelial,0.0,0.0,391
SGK1,Folic acid,Endothelial,0.0,0.0,391
SGK1,Iron,Endothelial,0.0,0.0,391
SGK1,L-Carnitine,Endothelial,0.0,0.0,391
SGK1,N-desmethylimatinib,Endothelial,0.0,0.0,391
SGK1,Neurotransmitter,Endothelial,0.0,0.0,391
SGK1,Nicotinate,Endothelial,0.0,0.0,391
SGK1,O-Desmethylverapamil (D-702),Endothelial,0.0,0.0,391
SGK1,Phosphate,Endothelial,0.0,0.0,391
SGK1,Progesterone,Endothelial,0.0,0.0,391
SGK1,Sodium,Endothelial,0.0,0.0,391
SGK1,Sodium_hydrogen exchange,Endothelial,0.0,0.0,391
SGK1,Taurocholic acid,Endothelial,0.0,0.0,391
SGK1,Testosterone,Endothelial,0.0,0.0,391
SGK1,Water,Endothelial,0.0,0.0,391
SGK1,"17a-Ethynylestradiol|3',4'-Dihydrodiol|4'-Hydroxydiclofenac|4-Hydroxycyclophosphamide|8-Hydroxycarvedilol|E-3179|Estriol|Glycerol|N-Desmethylcitalopram|N-Desmethyleletriptan|O-Deethylated candesartan",Enteric_glia,0.0,0.0,92
SGK1,2-Hydroxychlorpropamide,Enteric_glia,0.0,0.0,92
SGK1,4-ene-Valproic acid,Enteric_glia,0.0,0.0,92
SGK1,5-Hydroxyomeprazole,Enteric_glia,0.0,0.0,92
SGK1,Acetate,Enteric_glia,0.0,0.0,92
SGK1,Acetyl-L-Carnitine|Choline|Creatine|Dopamine|Histamine|Norepinephrine,Enteric_glia,0.0,0.0,92
SGK1,Adenosine triphosphate,Enteric_glia,0.0,0.0,92
SGK1,Amiloride-sensitive sodium transport,Enteric_glia,0.0,0.0,92
SGK1,Anion exchange,Enteric_glia,0.0,0.0,92
SGK1,Chloride,Enteric_glia,0.0,0.0,92
SGK1,Chloride ion,Enteric_glia,0.0,0.0,92
SGK1,Cholesterol,Enteric_glia,0.0,0.0,92
SGK1,Cholic acid,Enteric_glia,0.0,0.0,92
SGK1,Citric acid|Oxalic acid,Enteric_glia,0.0,0.0,92
SGK1,Cortisol|Hydroxylansoprazole|N-Desmethyltamoxifen,Enteric_glia,0.0,0.0,92
SGK1,Estradiol,Enteric_glia,0.0,0.0,92
SGK1,Fatty acid,Enteric_glia,0.0,0.0,92
SGK1,Folic acid,Enteric_glia,0.0,0.0,92
SGK1,Iron,Enteric_glia,0.0,0.0,92
SGK1,L-Carnitine,Enteric_glia,0.0,0.0,92
SGK1,N-desmethylimatinib,Enteric_glia,0.0,0.0,92
SGK1,Neurotransmitter,Enteric_glia,0.0,0.0,92
SGK1,Nicotinate,Enteric_glia,0.0,0.0,92
SGK1,O-Desmethylverapamil (D-702),Enteric_glia,0.0,0.0,92
SGK1,Phosphate,Enteric_glia,0.0,0.0,92
SGK1,Progesterone,Enteric_glia,0.0,0.0,92
SGK1,Sodium,Enteric_glia,0.0,0.0,92
SGK1,Sodium_hydrogen exchange,Enteric_glia,0.0,0.0,92
SGK1,Taurocholic acid,Enteric_glia,0.0,0.0,92
SGK1,Testosterone,Enteric_glia,0.0,0.0,92
SGK1,Water,Enteric_glia,0.0,0.0,92
SGK1,"17a-Ethynylestradiol|3',4'-Dihydrodiol|4'-Hydroxydiclofenac|4-Hydroxycyclophosphamide|8-Hydroxycarvedilol|E-3179|Estriol|Glycerol|N-Desmethylcitalopram|N-Desmethyleletriptan|O-Deethylated candesartan",Fibroblast,0.0,0.0,944
SGK1,2-Hydroxychlorpropamide,Fibroblast,0.0,0.0,944
SGK1,4-ene-Valproic acid,Fibroblast,0.0,0.0,944
SGK1,5-Hydroxyomeprazole,Fibroblast,0.0,0.0,944
SGK1,Acetate,Fibroblast,0.0,0.0,944
SGK1,Acetyl-L-Carnitine|Choline|Creatine|Dopamine|Histamine|Norepinephrine,Fibroblast,0.0,0.0,944
SGK1,Adenosine triphosphate,Fibroblast,0.0,0.0,944
SGK1,Amiloride-sensitive sodium transport,Fibroblast,0.0,0.0,944
SGK1,Anion exchange,Fibroblast,0.0,0.0,944
SGK1,Chloride,Fibroblast,0.0,0.0,944
SGK1,Chloride ion,Fibroblast,0.0,0.0,944
SGK1,Cholesterol,Fibroblast,0.0,0.0,944
SGK1,Cholic acid,Fibroblast,0.0,0.0,944
SGK1,Citric acid|Oxalic acid,Fibroblast,0.0,0.0,944
SGK1,Cortisol|Hydroxylansoprazole|N-Desmethyltamoxifen,Fibroblast,0.0,0.0,944
SGK1,Estradiol,Fibroblast,0.0,0.0,944
SGK1,Fatty acid,Fibroblast,0.0,0.0,944
SGK1,Folic acid,Fibroblast,0.0,0.0,944
SGK1,Iron,Fibroblast,0.0,0.0,944
SGK1,L-Carnitine,Fibroblast,0.0,0.0,944
SGK1,N-desmethylimatinib,Fibroblast,0.0,0.0,944
SGK1,Neurotransmitter,Fibroblast,0.0,0.0,944
SGK1,Nicotinate,Fibroblast,0.0,0.0,944
SGK1,O-Desmethylverapamil (D-702),Fibroblast,0.0,0.0,944
SGK1,Phosphate,Fibroblast,0.0,0.0,944
SGK1,Progesterone,Fibroblast,0.0,0.0,944
SGK1,Sodium,Fibroblast,0.0,0.0,944
SGK1,Sodium_hydrogen exchange,Fibroblast,0.0,0.0,944
SGK1,Taurocholic acid,Fibroblast,0.0,0.0,944
SGK1,Testosterone,Fibroblast,0.0,0.0,944
SGK1,Water,Fibroblast,0.0,0.0,944
SGK1,"17a-Ethynylestradiol|3',4'-Dihydrodiol|4'-Hydroxydiclofenac|4-Hydroxycyclophosphamide|8-Hydroxycarvedilol|E-3179|Estriol|Glycerol|N-Desmethylcitalopram|N-Desmethyleletriptan|O-Deethylated candesartan",IEC,4.26423e-05,2.6765685e-05,7778
SGK1,2-Hydroxychlorpropamide,IEC,1.5092487e-06,1.9836888e-07,7778
SGK1,4-ene-Valproic acid,IEC,-8.738025e-06,3.2421574e-06,7778
SGK1,5-Hydroxyomeprazole,IEC,0.00017068305,4.3625943e-05,7778
SGK1,Acetate,IEC,-0.00016595407,6.113854e-05,7778
SGK1,Acetyl-L-Carnitine|Choline|Creatine|Dopamine|Histamine|Norepinephrine,IEC,-1.5582008e-06,3.0504629e-07,7778
SGK1,Adenosine triphosphate,IEC,-1.2378341e-07,1.790942e-08,7778
SGK1,Amiloride-sensitive sodium transport,IEC,0.00027663843,7.045519e-05,7778
SGK1,Anion exchange,IEC,0.04852869,0.0012629048,7778
SGK1,Chloride,IEC,2.7666554e-05,4.6718915e-06,7778
SGK1,Chloride ion,IEC,0.00017847036,2.4578127e-05,7778
SGK1,Cholesterol,IEC,-9.298363e-05,2.8535047e-05,7778
SGK1,Cholic acid,IEC,0.00024047478,4.855033e-05,7778
SGK1,Citric acid|Oxalic acid,IEC,-1.8670976e-06,2.9128037e-07,7778
SGK1,Cortisol|Hydroxylansoprazole|N-Desmethyltamoxifen,IEC,-8.203605e-05,1.9488929e-05,7778
SGK1,Estradiol,IEC,-0.00016522691,1.3538078e-05,7778
SGK1,Fatty acid,IEC,0.0010772828,9.793214e-05,7778
SGK1,Folic acid,IEC,-6.661793e-05,1.4841432e-05,7778
SGK1,Iron,IEC,2.1250542e-05,5.319395e-06,7778
SGK1,L-Carnitine,IEC,-3.0564606e-05,4.920399e-06,7778
SGK1,N-desmethylimatinib,IEC,-7.517715e-05,9.850099e-06,7778
SGK1,Neurotransmitter,IEC,1.7776375e-07,5.449895e-08,7778
SGK1,Nicotinate,IEC,-0.00013286185,2.6535241e-05,7778
SGK1,O-Desmethylverapamil (D-702),IEC,0.0007372224,0.00027722114,7778
SGK1,Phosphate,IEC,-5.8262827e-08,1.910077e-08,7778
SGK1,Progesterone,IEC,8.608625e-05,1.4644173e-05,7778
SGK1,Sodium,IEC,0.00037320037,5.6269928e-05,7778
SGK1,Sodium_hydrogen exchange,IEC,0.012975815,0.00122733,7778
SGK1,Taurocholic acid,IEC,0.0002806686,4.166525e-05,7778
SGK1,Testosterone,IEC,8.41032e-05,7.87484e-06,7778
SGK1,Water,IEC,0.0054083667,0.0022499943,7778
SGK1,"17a-Ethynylestradiol|3',4'-Dihydrodiol|4'-Hydroxydiclofenac|4-Hydroxycyclophosphamide|8-Hydroxycarvedilol|E-3179|Estriol|Glycerol|N-Desmethylcitalopram|N-Desmethyleletriptan|O-Deethylated candesartan",MAST,0.0,0.0,171
SGK1,2-Hydroxychlorpropamide,MAST,0.0,0.0,171
SGK1,4-ene-Valproic acid,MAST,0.0,0.0,171
SGK1,5-Hydroxyomeprazole,MAST,0.0,0.0,171
SGK1,Acetate,MAST,0.0,0.0,171
SGK1,Acetyl-L-Carnitine|Choline|Creatine|Dopamine|Histamine|Norepinephrine,MAST,0.0,0.0,171
SGK1,Adenosine triphosphate,MAST,0.0,0.0,171
SGK1,Amiloride-sensitive sodium transport,MAST,0.0,0.0,171
SGK1,Anion exchange,MAST,0.0,0.0,171
SGK1,Chloride,MAST,0.0,0.0,171
SGK1,Chloride ion,MAST,0.0,0.0,171
SGK1,Cholesterol,MAST,0.0,0.0,171
SGK1,Cholic acid,MAST,0.0,0.0,171
SGK1,Citric acid|Oxalic acid,MAST,0.0,0.0,171
SGK1,Cortisol|Hydroxylansoprazole|N-Desmethyltamoxifen,MAST,0.0,0.0,171
SGK1,Estradiol,MAST,0.0,0.0,171
SGK1,Fatty acid,MAST,0.0,0.0,171
SGK1,Folic acid,MAST,0.0,0.0,171
SGK1,Iron,MAST,0.0,0.0,171
SGK1,L-Carnitine,MAST,0.0,0.0,171
SGK1,N-desmethylimatinib,MAST,0.0,0.0,171
SGK1,Neurotransmitter,MAST,0.0,0.0,171
SGK1,Nicotinate,MAST,0.0,0.0,171
SGK1,O-Desmethylverapamil (D-702),MAST,0.0,0.0,171
SGK1,Phosphate,MAST,0.0,0.0,171
SGK1,Progesterone,MAST,0.0,0.0,171
SGK1,Sodium,MAST,0.0,0.0,171
SGK1,Sodium_hydrogen exchange,MAST,0.0,0.0,171
SGK1,Taurocholic acid,MAST,0.0,0.0,171
SGK1,Testosterone,MAST,0.0,0.0,171
SGK1,Water,MAST,0.0,0.0,171
SGK1,"17a-Ethynylestradiol|3',4'-Dihydrodiol|4'-Hydroxydiclofenac|4-Hydroxycyclophosphamide|8-Hydroxycarvedilol|E-3179|Estriol|Glycerol|N-Desmethylcitalopram|N-Desmethyleletriptan|O-Deethylated candesartan",MNP,0.0,0.0,464
SGK1,2-Hydroxychlorpropamide,MNP,0.0,0.0,464
SGK1,4-ene-Valproic acid,MNP,0.0,0.0,464
SGK1,5-Hydroxyomeprazole,MNP,0.0,0.0,464
SGK1,Acetate,MNP,0.0,0.0,464
SGK1,Acetyl-L-Carnitine|Choline|Creatine|Dopamine|Histamine|Norepinephrine,MNP,0.0,0.0,464
SGK1,Adenosine triphosphate,MNP,0.0,0.0,464
SGK1,Amiloride-sensitive sodium transport,MNP,0.0,0.0,464
SGK1,Anion exchange,MNP,0.0,0.0,464
SGK1,Chloride,MNP,0.0,0.0,464
SGK1,Chloride ion,MNP,0.0,0.0,464
SGK1,Cholesterol,MNP,0.0,0.0,464
SGK1,Cholic acid,MNP,0.0,0.0,464
SGK1,Citric acid|Oxalic acid,MNP,0.0,0.0,464
SGK1,Cortisol|Hydroxylansoprazole|N-Desmethyltamoxifen,MNP,0.0,0.0,464
SGK1,Estradiol,MNP,0.0,0.0,464
SGK1,Fatty acid,MNP,0.0,0.0,464
SGK1,Folic acid,MNP,0.0,0.0,464
SGK1,Iron,MNP,0.0,0.0,464
SGK1,L-Carnitine,MNP,0.0,0.0,464
SGK1,N-desmethylimatinib,MNP,0.0,0.0,464
SGK1,Neurotransmitter,MNP,0.0,0.0,464
SGK1,Nicotinate,MNP,0.0,0.0,464
SGK1,O-Desmethylverapamil (D-702),MNP,0.0,0.0,464
SGK1,Phosphate,MNP,0.0,0.0,464
SGK1,Progesterone,MNP,0.0,0.0,464
SGK1,Sodium,MNP,0.0,0.0,464
SGK1,Sodium_hydrogen exchange,MNP,0.0,0.0,464
SGK1,Taurocholic acid,MNP,0.0,0.0,464
SGK1,Testosterone,MNP,0.0,0.0,464
SGK1,Water,MNP,0.0,0.0,464
SGK1,"17a-Ethynylestradiol|3',4'-Dihydrodiol|4'-Hydroxydiclofenac|4-Hydroxycyclophosphamide|8-Hydroxycarvedilol|E-3179|Estriol|Glycerol|N-Desmethylcitalopram|N-Desmethyleletriptan|O-Deethylated candesartan",Muscularis_mucosa,0.0,0.0,92
SGK1,2-Hydroxychlorpropamide,Muscularis_mucosa,0.0,0.0,92
SGK1,4-ene-Valproic acid,Muscularis_mucosa,0.0,0.0,92
SGK1,5-Hydroxyomeprazole,Muscularis_mucosa,0.0,0.0,92
SGK1,Acetate,Muscularis_mucosa,0.0,0.0,92
SGK1,Acetyl-L-Carnitine|Choline|Creatine|Dopamine|Histamine|Norepinephrine,Muscularis_mucosa,0.0,0.0,92
SGK1,Adenosine triphosphate,Muscularis_mucosa,0.0,0.0,92
SGK1,Amiloride-sensitive sodium transport,Muscularis_mucosa,0.0,0.0,92
SGK1,Anion exchange,Muscularis_mucosa,0.0,0.0,92
SGK1,Chloride,Muscularis_mucosa,0.0,0.0,92
SGK1,Chloride ion,Muscularis_mucosa,0.0,0.0,92
SGK1,Cholesterol,Muscularis_mucosa,0.0,0.0,92
SGK1,Cholic acid,Muscularis_mucosa,0.0,0.0,92
SGK1,Citric acid|Oxalic acid,Muscularis_mucosa,0.0,0.0,92
SGK1,Cortisol|Hydroxylansoprazole|N-Desmethyltamoxifen,Muscularis_mucosa,0.0,0.0,92
SGK1,Estradiol,Muscularis_mucosa,0.0,0.0,92
SGK1,Fatty acid,Muscularis_mucosa,0.0,0.0,92
SGK1,Folic acid,Muscularis_mucosa,0.0,0.0,92
SGK1,Iron,Muscularis_mucosa,0.0,0.0,92
SGK1,L-Carnitine,Muscularis_mucosa,0.0,0.0,92
SGK1,N-desmethylimatinib,Muscularis_mucosa,0.0,0.0,92
SGK1,Neurotransmitter,Muscularis_mucosa,0.0,0.0,92
SGK1,Nicotinate,Muscularis_mucosa,0.0,0.0,92
SGK1,O-Desmethylverapamil (D-702),Muscularis_mucosa,0.0,0.0,92
SGK1,Phosphate,Muscularis_mucosa,0.0,0.0,92
SGK1,Progesterone,Muscularis_mucosa,0.0,0.0,92
SGK1,Sodium,Muscularis_mucosa,0.0,0.0,92
SGK1,Sodium_hydrogen exchange,Muscularis_mucosa,0.0,0.0,92
SGK1,Taurocholic acid,Muscularis_mucosa,0.0,0.0,92
SGK1,Testosterone,Muscularis_mucosa,0.0,0.0,92
SGK1,Water,Muscularis_mucosa,0.0,0.0,92
SGK1,"17a-Ethynylestradiol|3',4'-Dihydrodiol|4'-Hydroxydiclofenac|4-Hydroxycyclophosphamide|8-Hydroxycarvedilol|E-3179|Estriol|Glycerol|N-Desmethylcitalopram|N-Desmethyleletriptan|O-Deethylated candesartan",Myofibroblast,0.0,0.0,219
SGK1,2-Hydroxychlorpropamide,Myofibroblast,0.0,0.0,219
SGK1,4-ene-Valproic acid,Myofibroblast,0.0,0.0,219
SGK1,5-Hydroxyomeprazole,Myofibroblast,0.0,0.0,219
SGK1,Acetate,Myofibroblast,0.0,0.0,219
SGK1,Acetyl-L-Carnitine|Choline|Creatine|Dopamine|Histamine|Norepinephrine,Myofibroblast,0.0,0.0,219
SGK1,Adenosine triphosphate,Myofibroblast,0.0,0.0,219
SGK1,Amiloride-sensitive sodium transport,Myofibroblast,0.0,0.0,219
SGK1,Anion exchange,Myofibroblast,0.0,0.0,219
SGK1,Chloride,Myofibroblast,0.0,0.0,219
SGK1,Chloride ion,Myofibroblast,0.0,0.0,219
SGK1,Cholesterol,Myofibroblast,0.0,0.0,219
SGK1,Cholic acid,Myofibroblast,0.0,0.0,219
SGK1,Citric acid|Oxalic acid,Myofibroblast,0.0,0.0,219
SGK1,Cortisol|Hydroxylansoprazole|N-Desmethyltamoxifen,Myofibroblast,0.0,0.0,219
SGK1,Estradiol,Myofibroblast,0.0,0.0,219
SGK1,Fatty acid,Myofibroblast,0.0,0.0,219
SGK1,Folic acid,Myofibroblast,0.0,0.0,219
SGK1,Iron,Myofibroblast,0.0,0.0,219
SGK1,L-Carnitine,Myofibroblast,0.0,0.0,219
SGK1,N-desmethylimatinib,Myofibroblast,0.0,0.0,219
SGK1,Neurotransmitter,Myofibroblast,0.0,0.0,219
SGK1,Nicotinate,Myofibroblast,0.0,0.0,219
SGK1,O-Desmethylverapamil (D-702),Myofibroblast,0.0,0.0,219
SGK1,Phosphate,Myofibroblast,0.0,0.0,219
SGK1,Progesterone,Myofibroblast,0.0,0.0,219
SGK1,Sodium,Myofibroblast,0.0,0.0,219
SGK1,Sodium_hydrogen exchange,Myofibroblast,0.0,0.0,219
SGK1,Taurocholic acid,Myofibroblast,0.0,0.0,219
SGK1,Testosterone,Myofibroblast,0.0,0.0,219
SGK1,Water,Myofibroblast,0.0,0.0,219
SGK1,"17a-Ethynylestradiol|3',4'-Dihydrodiol|4'-Hydroxydiclofenac|4-Hydroxycyclophosphamide|8-Hydroxycarvedilol|E-3179|Estriol|Glycerol|N-Desmethylcitalopram|N-Desmethyleletriptan|O-Deethylated candesartan",Pericyte,0.0,0.0,109
SGK1,2-Hydroxychlorpropamide,Pericyte,0.0,0.0,109
SGK1,4-ene-Valproic acid,Pericyte,0.0,0.0,109
SGK1,5-Hydroxyomeprazole,Pericyte,0.0,0.0,109
SGK1,Acetate,Pericyte,0.0,0.0,109
SGK1,Acetyl-L-Carnitine|Choline|Creatine|Dopamine|Histamine|Norepinephrine,Pericyte,0.0,0.0,109
SGK1,Adenosine triphosphate,Pericyte,0.0,0.0,109
SGK1,Amiloride-sensitive sodium transport,Pericyte,0.0,0.0,109
SGK1,Anion exchange,Pericyte,0.0,0.0,109
SGK1,Chloride,Pericyte,0.0,0.0,109
SGK1,Chloride ion,Pericyte,0.0,0.0,109
SGK1,Cholesterol,Pericyte,0.0,0.0,109
SGK1,Cholic acid,Pericyte,0.0,0.0,109
SGK1,Citric acid|Oxalic acid,Pericyte,0.0,0.0,109
SGK1,Cortisol|Hydroxylansoprazole|N-Desmethyltamoxifen,Pericyte,0.0,0.0,109
SGK1,Estradiol,Pericyte,0.0,0.0,109
SGK1,Fatty acid,Pericyte,0.0,0.0,109
SGK1,Folic acid,Pericyte,0.0,0.0,109
SGK1,Iron,Pericyte,0.0,0.0,109
SGK1,L-Carnitine,Pericyte,0.0,0.0,109
SGK1,N-desmethylimatinib,Pericyte,0.0,0.0,109
SGK1,Neurotransmitter,Pericyte,0.0,0.0,109
SGK1,Nicotinate,Pericyte,0.0,0.0,109
SGK1,O-Desmethylverapamil (D-702),Pericyte,0.0,0.0,109
SGK1,Phosphate,Pericyte,0.0,0.0,109
SGK1,Progesterone,Pericyte,0.0,0.0,109
SGK1,Sodium,Pericyte,0.0,0.0,109
SGK1,Sodium_hydrogen exchange,Pericyte,0.0,0.0,109
SGK1,Taurocholic acid,Pericyte,0.0,0.0,109
SGK1,Testosterone,Pericyte,0.0,0.0,109
SGK1,Water,Pericyte,0.0,0.0,109
SGK1,"17a-Ethynylestradiol|3',4'-Dihydrodiol|4'-Hydroxydiclofenac|4-Hydroxycyclophosphamide|8-Hydroxycarvedilol|E-3179|Estriol|Glycerol|N-Desmethylcitalopram|N-Desmethyleletriptan|O-Deethylated candesartan",Plasma,0.0,0.0,1230
SGK1,2-Hydroxychlorpropamide,Plasma,0.0,0.0,1230
SGK1,4-ene-Valproic acid,Plasma,0.0,0.0,1230
SGK1,5-Hydroxyomeprazole,Plasma,0.0,0.0,1230
SGK1,Acetate,Plasma,0.0,0.0,1230
SGK1,Acetyl-L-Carnitine|Choline|Creatine|Dopamine|Histamine|Norepinephrine,Plasma,0.0,0.0,1230
SGK1,Adenosine triphosphate,Plasma,0.0,0.0,1230
SGK1,Amiloride-sensitive sodium transport,Plasma,0.0,0.0,1230
SGK1,Anion exchange,Plasma,0.0,0.0,1230
SGK1,Chloride,Plasma,0.0,0.0,1230
SGK1,Chloride ion,Plasma,0.0,0.0,1230
SGK1,Cholesterol,Plasma,0.0,0.0,1230
SGK1,Cholic acid,Plasma,0.0,0.0,1230
SGK1,Citric acid|Oxalic acid,Plasma,0.0,0.0,1230
SGK1,Cortisol|Hydroxylansoprazole|N-Desmethyltamoxifen,Plasma,0.0,0.0,1230
SGK1,Estradiol,Plasma,0.0,0.0,1230
SGK1,Fatty acid,Plasma,0.0,0.0,1230
SGK1,Folic acid,Plasma,0.0,0.0,1230
SGK1,Iron,Plasma,0.0,0.0,1230
SGK1,L-Carnitine,Plasma,0.0,0.0,1230
SGK1,N-desmethylimatinib,Plasma,0.0,0.0,1230
SGK1,Neurotransmitter,Plasma,0.0,0.0,1230
SGK1,Nicotinate,Plasma,0.0,0.0,1230
SGK1,O-Desmethylverapamil (D-702),Plasma,0.0,0.0,1230
SGK1,Phosphate,Plasma,0.0,0.0,1230
SGK1,Progesterone,Plasma,0.0,0.0,1230
SGK1,Sodium,Plasma,0.0,0.0,1230
SGK1,Sodium_hydrogen exchange,Plasma,0.0,0.0,1230
SGK1,Taurocholic acid,Plasma,0.0,0.0,1230
SGK1,Testosterone,Plasma,0.0,0.0,1230
SGK1,Water,Plasma,0.0,0.0,1230
SGK1,"17a-Ethynylestradiol|3',4'-Dihydrodiol|4'-Hydroxydiclofenac|4-Hydroxycyclophosphamide|8-Hydroxycarvedilol|E-3179|Estriol|Glycerol|N-Desmethylcitalopram|N-Desmethyleletriptan|O-Deethylated candesartan",T,0.0,0.0,632
SGK1,2-Hydroxychlorpropamide,T,0.0,0.0,632
SGK1,4-ene-Valproic acid,T,0.0,0.0,632
SGK1,5-Hydroxyomeprazole,T,0.0,0.0,632
SGK1,Acetate,T,0.0,0.0,632
SGK1,Acetyl-L-Carnitine|Choline|Creatine|Dopamine|Histamine|Norepinephrine,T,0.0,0.0,632
SGK1,Adenosine triphosphate,T,0.0,0.0,632
SGK1,Amiloride-sensitive sodium transport,T,0.0,0.0,632
SGK1,Anion exchange,T,0.0,0.0,632
SGK1,Chloride,T,0.0,0.0,632
SGK1,Chloride ion,T,0.0,0.0,632
SGK1,Cholesterol,T,0.0,0.0,632
SGK1,Cholic acid,T,0.0,0.0,632
SGK1,Citric acid|Oxalic acid,T,0.0,0.0,632
SGK1,Cortisol|Hydroxylansoprazole|N-Desmethyltamoxifen,T,0.0,0.0,632
SGK1,Estradiol,T,0.0,0.0,632
SGK1,Fatty acid,T,0.0,0.0,632
SGK1,Folic acid,T,0.0,0.0,632
SGK1,Iron,T,0.0,0.0,632
SGK1,L-Carnitine,T,0.0,0.0,632
SGK1,N-desmethylimatinib,T,0.0,0.0,632
SGK1,Neurotransmitter,T,0.0,0.0,632
SGK1,Nicotinate,T,0.0,0.0,632
SGK1,O-Desmethylverapamil (D-702),T,0.0,0.0,632
SGK1,Phosphate,T,0.0,0.0,632
SGK1,Progesterone,T,0.0,0.0,632
SGK1,Sodium,T,0.0,0.0,632
SGK1,Sodium_hydrogen exchange,T,0.0,0.0,632
SGK1,Taurocholic acid,T,0.0,0.0,632
SGK1,Testosterone,T,0.0,0.0,632
SGK1,Water,T,0.0,0.0,632
SLC5A1,"17a-Ethynylestradiol|3',4'-Dihydrodiol|4'-Hydroxydiclofenac|4-Hydroxycyclophosphamide|8-Hydroxycarvedilol|E-3179|Estriol|Glycerol|N-Desmethylcitalopram|N-Desmethyleletriptan|O-Deethylated candesartan",B,0.0,0.0,20
SLC5A1,2-Hydroxychlorpropamide,B,0.0,0.0,20
SLC5A1,4-ene-Valproic acid,B,0.0,0.0,20
SLC5A1,5-Hydroxyomeprazole,B,0.0,0.0,20
SLC5A1,Acetate,B,0.0,0.0,20
SLC5A1,Acetyl-L-Carnitine|Choline|Creatine|Dopamine|Histamine|Norepinephrine,B,0.0,0.0,20
SLC5A1,Adenosine triphosphate,B,0.0,0.0,20
SLC5A1,Amiloride-sensitive sodium transport,B,0.0,0.0,20
SLC5A1,Anion exchange,B,0.0,0.0,20
SLC5A1,Chloride ion,B,0.0,0.0,20
SLC5A1,Cholesterol,B,0.0,0.0,20
SLC5A1,Cholic acid,B,0.0,0.0,20
SLC5A1,Citric acid|Oxalic acid,B,0.0,0.0,20
SLC5A1,Cortisol|Hydroxylansoprazole|N-Desmethyltamoxifen,B,0.0,0.0,20
SLC5A1,Estradiol,B,0.0,0.0,20
SLC5A1,Fatty acid,B,0.0,0.0,20
SLC5A1,Folic acid,B,0.0,0.0,20
SLC5A1,Iron,B,0.0,0.0,20
SLC5A1,L-Arginine|L-Cystine|L-Lysine|L-Ornithine,B,0.0,0.0,20
SLC5A1,L-Carnitine,B,0.0,0.0,20
SLC5A1,L-Glutamate,B,0.0,0.0,20
SLC5A1,N-desmethylimatinib,B,0.0,0.0,20
SLC5A1,Nicotinate,B,0.0,0.0,20
SLC5A1,O-Desmethylverapamil (D-702),B,0.0,0.0,20
SLC5A1,Progesterone,B,0.0,0.0,20
SLC5A1,Sodium,B,0.0,0.0,20
SLC5A1,Sodium_hydrogen exchange,B,0.0,0.0,20
SLC5A1,Taurocholic acid,B,0.0,0.0,20
SLC5A1,Testosterone,B,0.0,0.0,20
SLC5A1,Water,B,0.0,0.0,20
SLC5A1,"17a-Ethynylestradiol|3',4'-Dihydrodiol|4'-Hydroxydiclofenac|4-Hydroxycyclophosphamide|8-Hydroxycarvedilol|E-3179|Estriol|Glycerol|N-Desmethylcitalopram|N-Desmethyleletriptan|O-Deethylated candesartan",Endothelial,0.0,0.0,391
SLC5A1,2-Hydroxychlorpropamide,Endothelial,0.0,0.0,391
SLC5A1,4-ene-Valproic acid,Endothelial,0.0,0.0,391
SLC5A1,5-Hydroxyomeprazole,Endothelial,0.0,0.0,391
SLC5A1,Acetate,Endothelial,0.0,0.0,391
SLC5A1,Acetyl-L-Carnitine|Choline|Creatine|Dopamine|Histamine|Norepinephrine,Endothelial,0.0,0.0,391
SLC5A1,Adenosine triphosphate,Endothelial,0.0,0.0,391
SLC5A1,Amiloride-sensitive sodium transport,Endothelial,0.0,0.0,391
SLC5A1,Anion exchange,Endothelial,0.0,0.0,391
SLC5A1,Chloride ion,Endothelial,0.0,0.0,391
SLC5A1,Cholesterol,Endothelial,0.0,0.0,391
SLC5A1,Cholic acid,Endothelial,0.0,0.0,391
SLC5A1,Citric acid|Oxalic acid,Endothelial,0.0,0.0,391
SLC5A1,Cortisol|Hydroxylansoprazole|N-Desmethyltamoxifen,Endothelial,0.0,0.0,391
SLC5A1,Estradiol,Endothelial,0.0,0.0,391
SLC5A1,Fatty acid,Endothelial,0.0,0.0,391
SLC5A1,Folic acid,Endothelial,0.0,0.0,391
SLC5A1,Iron,Endothelial,0.0,0.0,391
SLC5A1,L-Arginine|L-Cystine|L-Lysine|L-Ornithine,Endothelial,0.0,0.0,391
SLC5A1,L-Carnitine,Endothelial,0.0,0.0,391
SLC5A1,L-Glutamate,Endothelial,0.0,0.0,391
SLC5A1,N-desmethylimatinib,Endothelial,0.0,0.0,391
SLC5A1,Nicotinate,Endothelial,0.0,0.0,391
SLC5A1,O-Desmethylverapamil (D-702),Endothelial,0.0,0.0,391
SLC5A1,Progesterone,Endothelial,0.0,0.0,391
SLC5A1,Sodium,Endothelial,0.0,0.0,391
SLC5A1,Sodium_hydrogen exchange,Endothelial,0.0,0.0,391
SLC5A1,Taurocholic acid,Endothelial,0.0,0.0,391
SLC5A1,Testosterone,Endothelial,0.0,0.0,391
SLC5A1,Water,Endothelial,0.0,0.0,391
SLC5A1,"17a-Ethynylestradiol|3',4'-Dihydrodiol|4'-Hydroxydiclofenac|4-Hydroxycyclophosphamide|8-Hydroxycarvedilol|E-3179|Estriol|Glycerol|N-Desmethylcitalopram|N-Desmethyleletriptan|O-Deethylated candesartan",Enteric_glia,0.0,0.0,92
SLC5A1,2-Hydroxychlorpropamide,Enteric_glia,0.0,0.0,92
SLC5A1,4-ene-Valproic acid,Enteric_glia,0.0,0.0,92
SLC5A1,5-Hydroxyomeprazole,Enteric_glia,0.0,0.0,92
SLC5A1,Acetate,Enteric_glia,0.0,0.0,92
SLC5A1,Acetyl-L-Carnitine|Choline|Creatine|Dopamine|Histamine|Norepinephrine,Enteric_glia,0.0,0.0,92
SLC5A1,Adenosine triphosphate,Enteric_glia,0.0,0.0,92
SLC5A1,Amiloride-sensitive sodium transport,Enteric_glia,0.0,0.0,92
SLC5A1,Anion exchange,Enteric_glia,0.0,0.0,92
SLC5A1,Chloride ion,Enteric_glia,0.0,0.0,92
SLC5A1,Cholesterol,Enteric_glia,0.0,0.0,92
SLC5A1,Cholic acid,Enteric_glia,0.0,0.0,92
SLC5A1,Citric acid|Oxalic acid,Enteric_glia,0.0,0.0,92
SLC5A1,Cortisol|Hydroxylansoprazole|N-Desmethyltamoxifen,Enteric_glia,0.0,0.0,92
SLC5A1,Estradiol,Enteric_glia,0.0,0.0,92
SLC5A1,Fatty acid,Enteric_glia,0.0,0.0,92
SLC5A1,Folic acid,Enteric_glia,0.0,0.0,92
SLC5A1,Iron,Enteric_glia,0.0,0.0,92
SLC5A1,L-Arginine|L-Cystine|L-Lysine|L-Ornithine,Enteric_glia,0.0,0.0,92
SLC5A1,L-Carnitine,Enteric_glia,0.0,0.0,92
SLC5A1,L-Glutamate,Enteric_glia,0.0,0.0,92
SLC5A1,N-desmethylimatinib,Enteric_glia,0.0,0.0,92
SLC5A1,Nicotinate,Enteric_glia,0.0,0.0,92
SLC5A1,O-Desmethylverapamil (D-702),Enteric_glia,0.0,0.0,92
SLC5A1,Progesterone,Enteric_glia,0.0,0.0,92
SLC5A1,Sodium,Enteric_glia,0.0,0.0,92
SLC5A1,Sodium_hydrogen exchange,Enteric_glia,0.0,0.0,92
SLC5A1,Taurocholic acid,Enteric_glia,0.0,0.0,92
SLC5A1,Testosterone,Enteric_glia,0.0,0.0,92
SLC5A1,Water,Enteric_glia,0.0,0.0,92
SLC5A1,"17a-Ethynylestradiol|3',4'-Dihydrodiol|4'-Hydroxydiclofenac|4-Hydroxycyclophosphamide|8-Hydroxycarvedilol|E-3179|Estriol|Glycerol|N-Desmethylcitalopram|N-Desmethyleletriptan|O-Deethylated candesartan",Fibroblast,0.0,0.0,944
SLC5A1,2-Hydroxychlorpropamide,Fibroblast,0.0,0.0,944
SLC5A1,4-ene-Valproic acid,Fibroblast,0.0,0.0,944
SLC5A1,5-Hydroxyomeprazole,Fibroblast,0.0,0.0,944
SLC5A1,Acetate,Fibroblast,0.0,0.0,944
SLC5A1,Acetyl-L-Carnitine|Choline|Creatine|Dopamine|Histamine|Norepinephrine,Fibroblast,0.0,0.0,944
SLC5A1,Adenosine triphosphate,Fibroblast,0.0,0.0,944
SLC5A1,Amiloride-sensitive sodium transport,Fibroblast,0.0,0.0,944
SLC5A1,Anion exchange,Fibroblast,0.0,0.0,944
SLC5A1,Chloride ion,Fibroblast,0.0,0.0,944
SLC5A1,Cholesterol,Fibroblast,0.0,0.0,944
SLC5A1,Cholic acid,Fibroblast,0.0,0.0,944
SLC5A1,Citric acid|Oxalic acid,Fibroblast,0.0,0.0,944
SLC5A1,Cortisol|Hydroxylansoprazole|N-Desmethyltamoxifen,Fibroblast,0.0,0.0,944
SLC5A1,Estradiol,Fibroblast,0.0,0.0,944
SLC5A1,Fatty acid,Fibroblast,0.0,0.0,944
SLC5A1,Folic acid,Fibroblast,0.0,0.0,944
SLC5A1,Iron,Fibroblast,0.0,0.0,944
SLC5A1,L-Arginine|L-Cystine|L-Lysine|L-Ornithine,Fibroblast,0.0,0.0,944
SLC5A1,L-Carnitine,Fibroblast,0.0,0.0,944
SLC5A1,L-Glutamate,Fibroblast,0.0,0.0,944
SLC5A1,N-desmethylimatinib,Fibroblast,0.0,0.0,944
SLC5A1,Nicotinate,Fibroblast,0.0,0.0,944
SLC5A1,O-Desmethylverapamil (D-702),Fibroblast,0.0,0.0,944
SLC5A1,Progesterone,Fibroblast,0.0,0.0,944
SLC5A1,Sodium,Fibroblast,0.0,0.0,944
SLC5A1,Sodium_hydrogen exchange,Fibroblast,0.0,0.0,944
SLC5A1,Taurocholic acid,Fibroblast,0.0,0.0,944
SLC5A1,Testosterone,Fibroblast,0.0,0.0,944
SLC5A1,Water,Fibroblast,0.0,0.0,944
SLC5A1,"17a-Ethynylestradiol|3',4'-Dihydrodiol|4'-Hydroxydiclofenac|4-Hydroxycyclophosphamide|8-Hydroxycarvedilol|E-3179|Estriol|Glycerol|N-Desmethylcitalopram|N-Desmethyleletriptan|O-Deethylated candesartan",IEC,-1.3204627e-06,9.4321854e-07,7778
SLC5A1,2-Hydroxychlorpropamide,IEC,-2.9892126e-06,2.7477765e-07,7778
SLC5A1,4-ene-Valproic acid,IEC,-3.1276345e-06,8.2028373e-07,7778
SLC5A1,5-Hydroxyomeprazole,IEC,-4.1698317e-05,2.2888269e-05,7778
SLC5A1,Acetate,IEC,-1.2963657e-05,3.774238e-06,7778
SLC5A1,Acetyl-L-Carnitine|Choline|Creatine|Dopamine|Histamine|Norepinephrine,IEC,-1.8824649e-06,2.400537e-07,7778
SLC5A1,Adenosine triphosphate,IEC,-1.6971649e-07,3.3604177e-08,7778
SLC5A1,Amiloride-sensitive sodium transport,IEC,-7.7258606e-05,1.1138872e-05,7778
SLC5A1,Anion exchange,IEC,-0.013227458,0.0005810304,7778
SLC5A1,Chloride ion,IEC,-1.5086362e-06,8.153753e-07,7778
SLC5A1,Cholesterol,IEC,-9.814527e-06,2.1676271e-06,7778
SLC5A1,Cholic acid,IEC,-2.3303008e-05,6.565133e-06,7778
SLC5A1,Citric acid|Oxalic acid,IEC,7.075737e-08,8.403842e-09,7778
SLC5A1,Cortisol|Hydroxylansoprazole|N-Desmethyltamoxifen,IEC,-1.3186484e-05,1.8022868e-06,7778
SLC5A1,Estradiol,IEC,-2.9547755e-05,2.7261824e-06,7778
SLC5A1,Fatty acid,IEC,9.9067525e-05,1.2897214e-05,7778
SLC5A1,Folic acid,IEC,-4.9839076e-07,2.2243402e-07,7778
SLC5A1,Iron,IEC,-0.00012684012,2.0527048e-05,7778
SLC5A1,L-Arginine|L-Cystine|L-Lysine|L-Ornithine,IEC,-2.6988078e-08,4.315223e-09,7778
SLC5A1,L-Carnitine,IEC,2.3013372e-05,3.4464617e-06,7778
SLC5A1,L-Glutamate,IEC,2.6992744e-09,7.623917e-10,7778
SLC5A1,N-desmethylimatinib,IEC,-5.933867e-06,3.3156216e-06,7778
SLC5A1,Nicotinate,IEC,-2.237384e-06,5.673146e-07,7778
SLC5A1,O-Desmethylverapamil (D-702),IEC,-0.000104051214,6.428158e-06,7778
SLC5A1,Progesterone,IEC,-8.4107563e-07,1.2586462e-07,7778
SLC5A1,Sodium,IEC,0.0001200833,1.708453e-05,7778
SLC5A1,Sodium_hydrogen exchange,IEC,-0.0024456987,0.0001632263,7778
SLC5A1,Taurocholic acid,IEC,-0.00014039589,2.9111632e-06,7778
SLC5A1,Testosterone,IEC,-1.5832835e-05,1.1937789e-06,7778
SLC5A1,Water,IEC,-0.0017777786,0.00020010897,7778
SLC5A1,"17a-Ethynylestradiol|3',4'-Dihydrodiol|4'-Hydroxydiclofenac|4-Hydroxycyclophosphamide|8-Hydroxycarvedilol|E-3179|Estriol|Glycerol|N-Desmethylcitalopram|N-Desmethyleletriptan|O-Deethylated candesartan",MAST,0.0,0.0,171
SLC5A1,2-Hydroxychlorpropamide,MAST,0.0,0.0,171
SLC5A1,4-ene-Valproic acid,MAST,0.0,0.0,171
SLC5A1,5-Hydroxyomeprazole,MAST,0.0,0.0,171
SLC5A1,Acetate,MAST,0.0,0.0,171
SLC5A1,Acetyl-L-Carnitine|Choline|Creatine|Dopamine|Histamine|Norepinephrine,MAST,0.0,0.0,171
SLC5A1,Adenosine triphosphate,MAST,0.0,0.0,171
SLC5A1,Amiloride-sensitive sodium transport,MAST,0.0,0.0,171
SLC5A1,Anion exchange,MAST,0.0,0.0,171
SLC5A1,Chloride ion,MAST,0.0,0.0,171
SLC5A1,Cholesterol,MAST,0.0,0.0,171
SLC5A1,Cholic acid,MAST,0.0,0.0,171
SLC5A1,Citric acid|Oxalic acid,MAST,0.0,0.0,171
SLC5A1,Cortisol|Hydroxylansoprazole|N-Desmethyltamoxifen,MAST,0.0,0.0,171
SLC5A1,Estradiol,MAST,0.0,0.0,171
SLC5A1,Fatty acid,MAST,0.0,0.0,171
SLC5A1,Folic acid,MAST,0.0,0.0,171
SLC5A1,Iron,MAST,0.0,0.0,171
SLC5A1,L-Arginine|L-Cystine|L-Lysine|L-Ornithine,MAST,0.0,0.0,171
SLC5A1,L-Carnitine,MAST,0.0,0.0,171
SLC5A1,L-Glutamate,MAST,0.0,0.0,171
SLC5A1,N-desmethylimatinib,MAST,0.0,0.0,171
SLC5A1,Nicotinate,MAST,0.0,0.0,171
SLC5A1,O-Desmethylverapamil (D-702),MAST,0.0,0.0,171
SLC5A1,Progesterone,MAST,0.0,0.0,171
SLC5A1,Sodium,MAST,0.0,0.0,171
SLC5A1,Sodium_hydrogen exchange,MAST,0.0,0.0,171
SLC5A1,Taurocholic acid,MAST,0.0,0.0,171
SLC5A1,Testosterone,MAST,0.0,0.0,171
SLC5A1,Water,MAST,0.0,0.0,171
SLC5A1,"17a-Ethynylestradiol|3',4'-Dihydrodiol|4'-Hydroxydiclofenac|4-Hydroxycyclophosphamide|8-Hydroxycarvedilol|E-3179|Estriol|Glycerol|N-Desmethylcitalopram|N-Desmethyleletriptan|O-Deethylated candesartan",MNP,0.0,0.0,464
SLC5A1,2-Hydroxychlorpropamide,MNP,0.0,0.0,464
SLC5A1,4-ene-Valproic acid,MNP,0.0,0.0,464
SLC5A1,5-Hydroxyomeprazole,MNP,0.0,0.0,464
SLC5A1,Acetate,MNP,0.0,0.0,464
SLC5A1,Acetyl-L-Carnitine|Choline|Creatine|Dopamine|Histamine|Norepinephrine,MNP,0.0,0.0,464
SLC5A1,Adenosine triphosphate,MNP,0.0,0.0,464
SLC5A1,Amiloride-sensitive sodium transport,MNP,0.0,0.0,464
SLC5A1,Anion exchange,MNP,0.0,0.0,464
SLC5A1,Chloride ion,MNP,0.0,0.0,464
SLC5A1,Cholesterol,MNP,0.0,0.0,464
SLC5A1,Cholic acid,MNP,0.0,0.0,464
SLC5A1,Citric acid|Oxalic acid,MNP,0.0,0.0,464
SLC5A1,Cortisol|Hydroxylansoprazole|N-Desmethyltamoxifen,MNP,0.0,0.0,464
SLC5A1,Estradiol,MNP,0.0,0.0,464
SLC5A1,Fatty acid,MNP,0.0,0.0,464
SLC5A1,Folic acid,MNP,0.0,0.0,464
SLC5A1,Iron,MNP,0.0,0.0,464
SLC5A1,L-Arginine|L-Cystine|L-Lysine|L-Ornithine,MNP,0.0,0.0,464
SLC5A1,L-Carnitine,MNP,0.0,0.0,464
SLC5A1,L-Glutamate,MNP,0.0,0.0,464
SLC5A1,N-desmethylimatinib,MNP,0.0,0.0,464
SLC5A1,Nicotinate,MNP,0.0,0.0,464
SLC5A1,O-Desmethylverapamil (D-702),MNP,0.0,0.0,464
SLC5A1,Progesterone,MNP,0.0,0.0,464
SLC5A1,Sodium,MNP,0.0,0.0,464
SLC5A1,Sodium_hydrogen exchange,MNP,0.0,0.0,464
SLC5A1,Taurocholic acid,MNP,0.0,0.0,464
SLC5A1,Testosterone,MNP,0.0,0.0,464
SLC5A1,Water,MNP,0.0,0.0,464
SLC5A1,"17a-Ethynylestradiol|3',4'-Dihydrodiol|4'-Hydroxydiclofenac|4-Hydroxycyclophosphamide|8-Hydroxycarvedilol|E-3179|Estriol|Glycerol|N-Desmethylcitalopram|N-Desmethyleletriptan|O-Deethylated candesartan",Muscularis_mucosa,0.0,0.0,92
SLC5A1,2-Hydroxychlorpropamide,Muscularis_mucosa,0.0,0.0,92
SLC5A1,4-ene-Valproic acid,Muscularis_mucosa,0.0,0.0,92
SLC5A1,5-Hydroxyomeprazole,Muscularis_mucosa,0.0,0.0,92
SLC5A1,Acetate,Muscularis_mucosa,0.0,0.0,92
SLC5A1,Acetyl-L-Carnitine|Choline|Creatine|Dopamine|Histamine|Norepinephrine,Muscularis_mucosa,0.0,0.0,92
SLC5A1,Adenosine triphosphate,Muscularis_mucosa,0.0,0.0,92
SLC5A1,Amiloride-sensitive sodium transport,Muscularis_mucosa,0.0,0.0,92
SLC5A1,Anion exchange,Muscularis_mucosa,0.0,0.0,92
SLC5A1,Chloride ion,Muscularis_mucosa,0.0,0.0,92
SLC5A1,Cholesterol,Muscularis_mucosa,0.0,0.0,92
SLC5A1,Cholic acid,Muscularis_mucosa,0.0,0.0,92
SLC5A1,Citric acid|Oxalic acid,Muscularis_mucosa,0.0,0.0,92
SLC5A1,Cortisol|Hydroxylansoprazole|N-Desmethyltamoxifen,Muscularis_mucosa,0.0,0.0,92
SLC5A1,Estradiol,Muscularis_mucosa,0.0,0.0,92
SLC5A1,Fatty acid,Muscularis_mucosa,0.0,0.0,92
SLC5A1,Folic acid,Muscularis_mucosa,0.0,0.0,92
SLC5A1,Iron,Muscularis_mucosa,0.0,0.0,92
SLC5A1,L-Arginine|L-Cystine|L-Lysine|L-Ornithine,Muscularis_mucosa,0.0,0.0,92
SLC5A1,L-Carnitine,Muscularis_mucosa,0.0,0.0,92
SLC5A1,L-Glutamate,Muscularis_mucosa,0.0,0.0,92
SLC5A1,N-desmethylimatinib,Muscularis_mucosa,0.0,0.0,92
SLC5A1,Nicotinate,Muscularis_mucosa,0.0,0.0,92
SLC5A1,O-Desmethylverapamil (D-702),Muscularis_mucosa,0.0,0.0,92
SLC5A1,Progesterone,Muscularis_mucosa,0.0,0.0,92
SLC5A1,Sodium,Muscularis_mucosa,0.0,0.0,92
SLC5A1,Sodium_hydrogen exchange,Muscularis_mucosa,0.0,0.0,92
SLC5A1,Taurocholic acid,Muscularis_mucosa,0.0,0.0,92
SLC5A1,Testosterone,Muscularis_mucosa,0.0,0.0,92
SLC5A1,Water,Muscularis_mucosa,0.0,0.0,92
SLC5A1,"17a-Ethynylestradiol|3',4'-Dihydrodiol|4'-Hydroxydiclofenac|4-Hydroxycyclophosphamide|8-Hydroxycarvedilol|E-3179|Estriol|Glycerol|N-Desmethylcitalopram|N-Desmethyleletriptan|O-Deethylated candesartan",Myofibroblast,0.0,0.0,219
SLC5A1,2-Hydroxychlorpropamide,Myofibroblast,0.0,0.0,219
SLC5A1,4-ene-Valproic acid,Myofibroblast,0.0,0.0,219
SLC5A1,5-Hydroxyomeprazole,Myofibroblast,0.0,0.0,219
SLC5A1,Acetate,Myofibroblast,0.0,0.0,219
SLC5A1,Acetyl-L-Carnitine|Choline|Creatine|Dopamine|Histamine|Norepinephrine,Myofibroblast,0.0,0.0,219
SLC5A1,Adenosine triphosphate,Myofibroblast,0.0,0.0,219
SLC5A1,Amiloride-sensitive sodium transport,Myofibroblast,0.0,0.0,219
SLC5A1,Anion exchange,Myofibroblast,0.0,0.0,219
SLC5A1,Chloride ion,Myofibroblast,0.0,0.0,219
SLC5A1,Cholesterol,Myofibroblast,0.0,0.0,219
SLC5A1,Cholic acid,Myofibroblast,0.0,0.0,219
SLC5A1,Citric acid|Oxalic acid,Myofibroblast,0.0,0.0,219
SLC5A1,Cortisol|Hydroxylansoprazole|N-Desmethyltamoxifen,Myofibroblast,0.0,0.0,219
SLC5A1,Estradiol,Myofibroblast,0.0,0.0,219
SLC5A1,Fatty acid,Myofibroblast,0.0,0.0,219
SLC5A1,Folic acid,Myofibroblast,0.0,0.0,219
SLC5A1,Iron,Myofibroblast,0.0,0.0,219
SLC5A1,L-Arginine|L-Cystine|L-Lysine|L-Ornithine,Myofibroblast,0.0,0.0,219
SLC5A1,L-Carnitine,Myofibroblast,0.0,0.0,219
SLC5A1,L-Glutamate,Myofibroblast,0.0,0.0,219
SLC5A1,N-desmethylimatinib,Myofibroblast,0.0,0.0,219
SLC5A1,Nicotinate,Myofibroblast,0.0,0.0,219
SLC5A1,O-Desmethylverapamil (D-702),Myofibroblast,0.0,0.0,219
SLC5A1,Progesterone,Myofibroblast,0.0,0.0,219
SLC5A1,Sodium,Myofibroblast,0.0,0.0,219
SLC5A1,Sodium_hydrogen exchange,Myofibroblast,0.0,0.0,219
SLC5A1,Taurocholic acid,Myofibroblast,0.0,0.0,219
SLC5A1,Testosterone,Myofibroblast,0.0,0.0,219
SLC5A1,Water,Myofibroblast,0.0,0.0,219
SLC5A1,"17a-Ethynylestradiol|3',4'-Dihydrodiol|4'-Hydroxydiclofenac|4-Hydroxycyclophosphamide|8-Hydroxycarvedilol|E-3179|Estriol|Glycerol|N-Desmethylcitalopram|N-Desmethyleletriptan|O-Deethylated candesartan",Pericyte,0.0,0.0,109
SLC5A1,2-Hydroxychlorpropamide,Pericyte,0.0,0.0,109
SLC5A1,4-ene-Valproic acid,Pericyte,0.0,0.0,109
SLC5A1,5-Hydroxyomeprazole,Pericyte,0.0,0.0,109
SLC5A1,Acetate,Pericyte,0.0,0.0,109
SLC5A1,Acetyl-L-Carnitine|Choline|Creatine|Dopamine|Histamine|Norepinephrine,Pericyte,0.0,0.0,109
SLC5A1,Adenosine triphosphate,Pericyte,0.0,0.0,109
SLC5A1,Amiloride-sensitive sodium transport,Pericyte,0.0,0.0,109
SLC5A1,Anion exchange,Pericyte,0.0,0.0,109
SLC5A1,Chloride ion,Pericyte,0.0,0.0,109
SLC5A1,Cholesterol,Pericyte,0.0,0.0,109
SLC5A1,Cholic acid,Pericyte,0.0,0.0,109
SLC5A1,Citric acid|Oxalic acid,Pericyte,0.0,0.0,109
SLC5A1,Cortisol|Hydroxylansoprazole|N-Desmethyltamoxifen,Pericyte,0.0,0.0,109
SLC5A1,Estradiol,Pericyte,0.0,0.0,109
SLC5A1,Fatty acid,Pericyte,0.0,0.0,109
SLC5A1,Folic acid,Pericyte,0.0,0.0,109
SLC5A1,Iron,Pericyte,0.0,0.0,109
SLC5A1,L-Arginine|L-Cystine|L-Lysine|L-Ornithine,Pericyte,0.0,0.0,109
SLC5A1,L-Carnitine,Pericyte,0.0,0.0,109
SLC5A1,L-Glutamate,Pericyte,0.0,0.0,109
SLC5A1,N-desmethylimatinib,Pericyte,0.0,0.0,109
SLC5A1,Nicotinate,Pericyte,0.0,0.0,109
SLC5A1,O-Desmethylverapamil (D-702),Pericyte,0.0,0.0,109
SLC5A1,Progesterone,Pericyte,0.0,0.0,109
SLC5A1,Sodium,Pericyte,0.0,0.0,109
SLC5A1,Sodium_hydrogen exchange,Pericyte,0.0,0.0,109
SLC5A1,Taurocholic acid,Pericyte,0.0,0.0,109
SLC5A1,Testosterone,Pericyte,0.0,0.0,109
SLC5A1,Water,Pericyte,0.0,0.0,109
SLC5A1,"17a-Ethynylestradiol|3',4'-Dihydrodiol|4'-Hydroxydiclofenac|4-Hydroxycyclophosphamide|8-Hydroxycarvedilol|E-3179|Estriol|Glycerol|N-Desmethylcitalopram|N-Desmethyleletriptan|O-Deethylated candesartan",Plasma,0.0,0.0,1230
SLC5A1,2-Hydroxychlorpropamide,Plasma,0.0,0.0,1230
SLC5A1,4-ene-Valproic acid,Plasma,0.0,0.0,1230
SLC5A1,5-Hydroxyomeprazole,Plasma,0.0,0.0,1230
SLC5A1,Acetate,Plasma,0.0,0.0,1230
SLC5A1,Acetyl-L-Carnitine|Choline|Creatine|Dopamine|Histamine|Norepinephrine,Plasma,0.0,0.0,1230
SLC5A1,Adenosine triphosphate,Plasma,0.0,0.0,1230
SLC5A1,Amiloride-sensitive sodium transport,Plasma,0.0,0.0,1230
SLC5A1,Anion exchange,Plasma,0.0,0.0,1230
SLC5A1,Chloride ion,Plasma,0.0,0.0,1230
SLC5A1,Cholesterol,Plasma,0.0,0.0,1230
SLC5A1,Cholic acid,Plasma,0.0,0.0,1230
SLC5A1,Citric acid|Oxalic acid,Plasma,0.0,0.0,1230
SLC5A1,Cortisol|Hydroxylansoprazole|N-Desmethyltamoxifen,Plasma,0.0,0.0,1230
SLC5A1,Estradiol,Plasma,0.0,0.0,1230
SLC5A1,Fatty acid,Plasma,0.0,0.0,1230
SLC5A1,Folic acid,Plasma,0.0,0.0,1230
SLC5A1,Iron,Plasma,0.0,0.0,1230
SLC5A1,L-Arginine|L-Cystine|L-Lysine|L-Ornithine,Plasma,0.0,0.0,1230
SLC5A1,L-Carnitine,Plasma,0.0,0.0,1230
SLC5A1,L-Glutamate,Plasma,0.0,0.0,1230
SLC5A1,N-desmethylimatinib,Plasma,0.0,0.0,1230
SLC5A1,Nicotinate,Plasma,0.0,0.0,1230
SLC5A1,O-Desmethylverapamil (D-702),Plasma,0.0,0.0,1230
SLC5A1,Progesterone,Plasma,0.0,0.0,1230
SLC5A1,Sodium,Plasma,0.0,0.0,1230
SLC5A1,Sodium_hydrogen exchange,Plasma,0.0,0.0,1230
SLC5A1,Taurocholic acid,Plasma,0.0,0.0,1230
SLC5A1,Testosterone,Plasma,0.0,0.0,1230
SLC5A1,Water,Plasma,0.0,0.0,1230
SLC5A1,"17a-Ethynylestradiol|3',4'-Dihydrodiol|4'-Hydroxydiclofenac|4-Hydroxycyclophosphamide|8-Hydroxycarvedilol|E-3179|Estriol|Glycerol|N-Desmethylcitalopram|N-Desmethyleletriptan|O-Deethylated candesartan",T,0.0,0.0,632
SLC5A1,2-Hydroxychlorpropamide,T,0.0,0.0,632
SLC5A1,4-ene-Valproic acid,T,0.0,0.0,632
SLC5A1,5-Hydroxyomeprazole,T,0.0,0.0,632
SLC5A1,Acetate,T,0.0,0.0,632
SLC5A1,Acetyl-L-Carnitine|Choline|Creatine|Dopamine|Histamine|Norepinephrine,T,0.0,0.0,632
SLC5A1,Adenosine triphosphate,T,0.0,0.0,632
SLC5A1,Amiloride-sensitive sodium transport,T,0.0,0.0,632
SLC5A1,Anion exchange,T,0.0,0.0,632
SLC5A1,Chloride ion,T,0.0,0.0,632
SLC5A1,Cholesterol,T,0.0,0.0,632
SLC5A1,Cholic acid,T,0.0,0.0,632
SLC5A1,Citric acid|Oxalic acid,T,0.0,0.0,632
SLC5A1,Cortisol|Hydroxylansoprazole|N-Desmethyltamoxifen,T,0.0,0.0,632
SLC5A1,Estradiol,T,0.0,0.0,632
SLC5A1,Fatty acid,T,0.0,0.0,632
SLC5A1,Folic acid,T,0.0,0.0,632
SLC5A1,Iron,T,0.0,0.0,632
SLC5A1,L-Arginine|L-Cystine|L-Lysine|L-Ornithine,T,0.0,0.0,632
SLC5A1,L-Carnitine,T,0.0,0.0,632
SLC5A1,L-Glutamate,T,0.0,0.0,632
SLC5A1,N-desmethylimatinib,T,0.0,0.0,632
SLC5A1,Nicotinate,T,0.0,0.0,632
SLC5A1,O-Desmethylverapamil (D-702),T,0.0,0.0,632
SLC5A1,Progesterone,T,0.0,0.0,632
SLC5A1,Sodium,T,0.0,0.0,632
SLC5A1,Sodium_hydrogen exchange,T,0.0,0.0,632
SLC5A1,Taurocholic acid,T,0.0,0.0,632
SLC5A1,Testosterone,T,0.0,0.0,632
SLC5A1,Water,T,0.0,0.0,632
SLC9A3,"(3a,5b,7a)-23-Carboxy-7-hydroxy-24-norcholan-3-yl-b-D-Glucopyranosiduronic acid|1b,3a,12a-Trihydroxy-5b-cholanoic acid|3-Sulfodeoxycholic acid|3alpha,7alpha-Dihydroxycoprostanic acid|3b-Hydroxy-5-cholenoic acid|Chenodeoxycholic acid|Chenodeoxycholic acid 3-sulfate|Coprocholic acid|Deoxycholic acid|Folinic acid|Glutathione|Glycochenodeoxycholate-3-sulfate|Hyodeoxycholic acid|Isoursodeoxycholic acid|Lithocholic acid|Sulfolithocholic acid|Trihydroxycoprostanoic acid|Ursocholic acid|Ursodeoxycholic acid|Ursodeoxycholic acid 3-sulfate|Varanic acid",B,0.0,0.0,20
SLC9A3,"17a-Ethynylestradiol|3',4'-Dihydrodiol|4'-Hydroxydiclofenac|4-Hydroxycyclophosphamide|8-Hydroxycarvedilol|E-3179|Estriol|Glycerol|N-Desmethylcitalopram|N-Desmethyleletriptan|O-Deethylated candesartan",B,0.0,0.0,20
SLC9A3,2-Hydroxychlorpropamide,B,0.0,0.0,20
SLC9A3,25-Hydroxycholesterol,B,0.0,0.0,20
SLC9A3,4-ene-Valproic acid,B,0.0,0.0,20
SLC9A3,5-Hydroxyomeprazole,B,0.0,0.0,20
SLC9A3,Acetate,B,0.0,0.0,20
SLC9A3,Acetyl-L-Carnitine|Choline|Creatine|Dopamine|Histamine|Norepinephrine,B,0.0,0.0,20
SLC9A3,Adenosine diphosphate ribose,B,0.0,0.0,20
SLC9A3,Adenosine triphosphate,B,0.0,0.0,20
SLC9A3,Amiloride-sensitive sodium transport,B,0.0,0.0,20
SLC9A3,Anion exchange,B,0.0,0.0,20
SLC9A3,Butyrate|D-Lactate|Ketone bodies|L-Lactate|Pyruvate|alpha-Ketoisovaleric acid,B,0.0,0.0,20
SLC9A3,Cadmium|Manganese|Zinc,B,0.0,0.0,20
SLC9A3,Chloride,B,0.0,0.0,20
SLC9A3,Chloride ion,B,0.0,0.0,20
SLC9A3,Cholesterol,B,0.0,0.0,20
SLC9A3,Cholic acid,B,0.0,0.0,20
SLC9A3,Citric acid|Oxalic acid,B,0.0,0.0,20
SLC9A3,Cortisol|Hydroxylansoprazole|N-Desmethyltamoxifen,B,0.0,0.0,20
SLC9A3,Estradiol,B,0.0,0.0,20
SLC9A3,Fatty acid,B,0.0,0.0,20
SLC9A3,Folic acid,B,0.0,0.0,20
SLC9A3,Glycyl-glycine|L-Dopa,B,0.0,0.0,20
SLC9A3,Iron,B,0.0,0.0,20
SLC9A3,L-Arginine|L-Cystine|L-Lysine|L-Ornithine,B,0.0,0.0,20
SLC9A3,L-Carnitine,B,0.0,0.0,20
SLC9A3,L-Glutamate,B,0.0,0.0,20
SLC9A3,N-desmethylimatinib,B,0.0,0.0,20
SLC9A3,Neurotransmitter,B,0.0,0.0,20
SLC9A3,Nicotinate,B,0.0,0.0,20
SLC9A3,O-Desmethylverapamil (D-702),B,0.0,0.0,20
SLC9A3,Phosphate,B,0.0,0.0,20
SLC9A3,Progesterone,B,0.0,0.0,20
SLC9A3,Sodium,B,0.0,0.0,20
SLC9A3,Sodium_hydrogen exchange,B,0.0,0.0,20
SLC9A3,Taurocholic acid,B,0.0,0.0,20
SLC9A3,Testosterone,B,0.0,0.0,20
SLC9A3,Urea,B,0.0,0.0,20
SLC9A3,Water,B,0.0,0.0,20
SLC9A3,"(3a,5b,7a)-23-Carboxy-7-hydroxy-24-norcholan-3-yl-b-D-Glucopyranosiduronic acid|1b,3a,12a-Trihydroxy-5b-cholanoic acid|3-Sulfodeoxycholic acid|3alpha,7alpha-Dihydroxycoprostanic acid|3b-Hydroxy-5-cholenoic acid|Chenodeoxycholic acid|Chenodeoxycholic acid 3-sulfate|Coprocholic acid|Deoxycholic acid|Folinic acid|Glutathione|Glycochenodeoxycholate-3-sulfate|Hyodeoxycholic acid|Isoursodeoxycholic acid|Lithocholic acid|Sulfolithocholic acid|Trihydroxycoprostanoic acid|Ursocholic acid|Ursodeoxycholic acid|Ursodeoxycholic acid 3-sulfate|Varanic acid",Endothelial,0.0,0.0,391
SLC9A3,"17a-Ethynylestradiol|3',4'-Dihydrodiol|4'-Hydroxydiclofenac|4-Hydroxycyclophosphamide|8-Hydroxycarvedilol|E-3179|Estriol|Glycerol|N-Desmethylcitalopram|N-Desmethyleletriptan|O-Deethylated candesartan",Endothelial,0.0,0.0,391
SLC9A3,2-Hydroxychlorpropamide,Endothelial,0.0,0.0,391
SLC9A3,25-Hydroxycholesterol,Endothelial,0.0,0.0,391
SLC9A3,4-ene-Valproic acid,Endothelial,0.0,0.0,391
SLC9A3,5-Hydroxyomeprazole,Endothelial,0.0,0.0,391
SLC9A3,Acetate,Endothelial,0.0,0.0,391
SLC9A3,Acetyl-L-Carnitine|Choline|Creatine|Dopamine|Histamine|Norepinephrine,Endothelial,0.0,0.0,391
SLC9A3,Adenosine diphosphate ribose,Endothelial,0.0,0.0,391
SLC9A3,Adenosine triphosphate,Endothelial,0.0,0.0,391
SLC9A3,Amiloride-sensitive sodium transport,Endothelial,0.0,0.0,391
SLC9A3,Anion exchange,Endothelial,0.0,0.0,391
SLC9A3,Butyrate|D-Lactate|Ketone bodies|L-Lactate|Pyruvate|alpha-Ketoisovaleric acid,Endothelial,0.0,0.0,391
SLC9A3,Cadmium|Manganese|Zinc,Endothelial,0.0,0.0,391
SLC9A3,Chloride,Endothelial,0.0,0.0,391
SLC9A3,Chloride ion,Endothelial,0.0,0.0,391
SLC9A3,Cholesterol,Endothelial,0.0,0.0,391
SLC9A3,Cholic acid,Endothelial,0.0,0.0,391
SLC9A3,Citric acid|Oxalic acid,Endothelial,0.0,0.0,391
SLC9A3,Cortisol|Hydroxylansoprazole|N-Desmethyltamoxifen,Endothelial,0.0,0.0,391
SLC9A3,Estradiol,Endothelial,0.0,0.0,391
SLC9A3,Fatty acid,Endothelial,0.0,0.0,391
SLC9A3,Folic acid,Endothelial,0.0,0.0,391
SLC9A3,Glycyl-glycine|L-Dopa,Endothelial,0.0,0.0,391
SLC9A3,Iron,Endothelial,0.0,0.0,391
SLC9A3,L-Arginine|L-Cystine|L-Lysine|L-Ornithine,Endothelial,0.0,0.0,391
SLC9A3,L-Carnitine,Endothelial,0.0,0.0,391
SLC9A3,L-Glutamate,Endothelial,0.0,0.0,391
SLC9A3,N-desmethylimatinib,Endothelial,0.0,0.0,391
SLC9A3,Neurotransmitter,Endothelial,0.0,0.0,391
SLC9A3,Nicotinate,Endothelial,0.0,0.0,391
SLC9A3,O-Desmethylverapamil (D-702),Endothelial,0.0,0.0,391
SLC9A3,Phosphate,Endothelial,0.0,0.0,391
SLC9A3,Progesterone,Endothelial,0.0,0.0,391
SLC9A3,Sodium,Endothelial,0.0,0.0,391
SLC9A3,Sodium_hydrogen exchange,Endothelial,0.0,0.0,391
SLC9A3,Taurocholic acid,Endothelial,0.0,0.0,391
SLC9A3,Testosterone,Endothelial,0.0,0.0,391
SLC9A3,Urea,Endothelial,0.0,0.0,391
SLC9A3,Water,Endothelial,0.0,0.0,391
SLC9A3,"(3a,5b,7a)-23-Carboxy-7-hydroxy-24-norcholan-3-yl-b-D-Glucopyranosiduronic acid|1b,3a,12a-Trihydroxy-5b-cholanoic acid|3-Sulfodeoxycholic acid|3alpha,7alpha-Dihydroxycoprostanic acid|3b-Hydroxy-5-cholenoic acid|Chenodeoxycholic acid|Chenodeoxycholic acid 3-sulfate|Coprocholic acid|Deoxycholic acid|Folinic acid|Glutathione|Glycochenodeoxycholate-3-sulfate|Hyodeoxycholic acid|Isoursodeoxycholic acid|Lithocholic acid|Sulfolithocholic acid|Trihydroxycoprostanoic acid|Ursocholic acid|Ursodeoxycholic acid|Ursodeoxycholic acid 3-sulfate|Varanic acid",Enteric_glia,0.0,0.0,92
SLC9A3,"17a-Ethynylestradiol|3',4'-Dihydrodiol|4'-Hydroxydiclofenac|4-Hydroxycyclophosphamide|8-Hydroxycarvedilol|E-3179|Estriol|Glycerol|N-Desmethylcitalopram|N-Desmethyleletriptan|O-Deethylated candesartan",Enteric_glia,0.0,0.0,92
SLC9A3,2-Hydroxychlorpropamide,Enteric_glia,0.0,0.0,92
SLC9A3,25-Hydroxycholesterol,Enteric_glia,0.0,0.0,92
SLC9A3,4-ene-Valproic acid,Enteric_glia,0.0,0.0,92
SLC9A3,5-Hydroxyomeprazole,Enteric_glia,0.0,0.0,92
SLC9A3,Acetate,Enteric_glia,0.0,0.0,92
SLC9A3,Acetyl-L-Carnitine|Choline|Creatine|Dopamine|Histamine|Norepinephrine,Enteric_glia,0.0,0.0,92
SLC9A3,Adenosine diphosphate ribose,Enteric_glia,0.0,0.0,92
SLC9A3,Adenosine triphosphate,Enteric_glia,0.0,0.0,92
SLC9A3,Amiloride-sensitive sodium transport,Enteric_glia,0.0,0.0,92
SLC9A3,Anion exchange,Enteric_glia,0.0,0.0,92
SLC9A3,Butyrate|D-Lactate|Ketone bodies|L-Lactate|Pyruvate|alpha-Ketoisovaleric acid,Enteric_glia,0.0,0.0,92
SLC9A3,Cadmium|Manganese|Zinc,Enteric_glia,0.0,0.0,92
SLC9A3,Chloride,Enteric_glia,0.0,0.0,92
SLC9A3,Chloride ion,Enteric_glia,0.0,0.0,92
SLC9A3,Cholesterol,Enteric_glia,0.0,0.0,92
SLC9A3,Cholic acid,Enteric_glia,0.0,0.0,92
SLC9A3,Citric acid|Oxalic acid,Enteric_glia,0.0,0.0,92
SLC9A3,Cortisol|Hydroxylansoprazole|N-Desmethyltamoxifen,Enteric_glia,0.0,0.0,92
SLC9A3,Estradiol,Enteric_glia,0.0,0.0,92
SLC9A3,Fatty acid,Enteric_glia,0.0,0.0,92
SLC9A3,Folic acid,Enteric_glia,0.0,0.0,92
SLC9A3,Glycyl-glycine|L-Dopa,Enteric_glia,0.0,0.0,92
SLC9A3,Iron,Enteric_glia,0.0,0.0,92
SLC9A3,L-Arginine|L-Cystine|L-Lysine|L-Ornithine,Enteric_glia,0.0,0.0,92
SLC9A3,L-Carnitine,Enteric_glia,0.0,0.0,92
SLC9A3,L-Glutamate,Enteric_glia,0.0,0.0,92
SLC9A3,N-desmethylimatinib,Enteric_glia,0.0,0.0,92
SLC9A3,Neurotransmitter,Enteric_glia,0.0,0.0,92
SLC9A3,Nicotinate,Enteric_glia,0.0,0.0,92
SLC9A3,O-Desmethylverapamil (D-702),Enteric_glia,0.0,0.0,92
SLC9A3,Phosphate,Enteric_glia,0.0,0.0,92
SLC9A3,Progesterone,Enteric_glia,0.0,0.0,92
SLC9A3,Sodium,Enteric_glia,0.0,0.0,92
SLC9A3,Sodium_hydrogen exchange,Enteric_glia,0.0,0.0,92
SLC9A3,Taurocholic acid,Enteric_glia,0.0,0.0,92
SLC9A3,Testosterone,Enteric_glia,0.0,0.0,92
SLC9A3,Urea,Enteric_glia,0.0,0.0,92
SLC9A3,Water,Enteric_glia,0.0,0.0,92
SLC9A3,"(3a,5b,7a)-23-Carboxy-7-hydroxy-24-norcholan-3-yl-b-D-Glucopyranosiduronic acid|1b,3a,12a-Trihydroxy-5b-cholanoic acid|3-Sulfodeoxycholic acid|3alpha,7alpha-Dihydroxycoprostanic acid|3b-Hydroxy-5-cholenoic acid|Chenodeoxycholic acid|Chenodeoxycholic acid 3-sulfate|Coprocholic acid|Deoxycholic acid|Folinic acid|Glutathione|Glycochenodeoxycholate-3-sulfate|Hyodeoxycholic acid|Isoursodeoxycholic acid|Lithocholic acid|Sulfolithocholic acid|Trihydroxycoprostanoic acid|Ursocholic acid|Ursodeoxycholic acid|Ursodeoxycholic acid 3-sulfate|Varanic acid",Fibroblast,0.0,0.0,944
SLC9A3,"17a-Ethynylestradiol|3',4'-Dihydrodiol|4'-Hydroxydiclofenac|4-Hydroxycyclophosphamide|8-Hydroxycarvedilol|E-3179|Estriol|Glycerol|N-Desmethylcitalopram|N-Desmethyleletriptan|O-Deethylated candesartan",Fibroblast,0.0,0.0,944
SLC9A3,2-Hydroxychlorpropamide,Fibroblast,0.0,0.0,944
SLC9A3,25-Hydroxycholesterol,Fibroblast,0.0,0.0,944
SLC9A3,4-ene-Valproic acid,Fibroblast,2.920197e-06,1.3129339e-06,944
SLC9A3,5-Hydroxyomeprazole,Fibroblast,-1.6023307e-07,1.508545e-08,944
SLC9A3,Acetate,Fibroblast,0.0,0.0,944
SLC9A3,Acetyl-L-Carnitine|Choline|Creatine|Dopamine|Histamine|Norepinephrine,Fibroblast,0.0,0.0,944
SLC9A3,Adenosine diphosphate ribose,Fibroblast,0.0,0.0,944
SLC9A3,Adenosine triphosphate,Fibroblast,0.0,0.0,944
SLC9A3,Amiloride-sensitive sodium transport,Fibroblast,0.0,0.0,944
SLC9A3,Anion exchange,Fibroblast,0.00016104963,5.260021e-06,944
SLC9A3,Butyrate|D-Lactate|Ketone bodies|L-Lactate|Pyruvate|alpha-Ketoisovaleric acid,Fibroblast,0.0,0.0,944
SLC9A3,Cadmium|Manganese|Zinc,Fibroblast,0.0,0.0,944
SLC9A3,Chloride,Fibroblast,2.406829e-07,3.834574e-09,944
SLC9A3,Chloride ion,Fibroblast,-9.086947e-06,3.6391054e-07,944
SLC9A3,Cholesterol,Fibroblast,0.0,0.0,944
SLC9A3,Cholic acid,Fibroblast,0.0,0.0,944
SLC9A3,Citric acid|Oxalic acid,Fibroblast,0.0,0.0,944
SLC9A3,Cortisol|Hydroxylansoprazole|N-Desmethyltamoxifen,Fibroblast,0.0,0.0,944
SLC9A3,Estradiol,Fibroblast,0.0,0.0,944
SLC9A3,Fatty acid,Fibroblast,4.564302e-06,7.776571e-07,944
SLC9A3,Folic acid,Fibroblast,0.0,0.0,944
SLC9A3,Glycyl-glycine|L-Dopa,Fibroblast,0.0,0.0,944
SLC9A3,Iron,Fibroblast,2.8158224e-06,7.0990984e-07,944
SLC9A3,L-Arginine|L-Cystine|L-Lysine|L-Ornithine,Fibroblast,0.0,0.0,944
SLC9A3,L-Carnitine,Fibroblast,1.589417e-07,2.7828394e-08,944
SLC9A3,L-Glutamate,Fibroblast,0.0,0.0,944
SLC9A3,N-desmethylimatinib,Fibroblast,0.0,0.0,944
SLC9A3,Neurotransmitter,Fibroblast,0.0,0.0,944
SLC9A3,Nicotinate,Fibroblast,2.2698157e-06,2.5160364e-07,944
SLC9A3,O-Desmethylverapamil (D-702),Fibroblast,1.3148873e-06,7.467099e-08,944
SLC9A3,Phosphate,Fibroblast,0.0,0.0,944
SLC9A3,Progesterone,Fibroblast,0.0,0.0,944
SLC9A3,Sodium,Fibroblast,-8.318806e-06,7.1133303e-07,944
SLC9A3,Sodium_hydrogen exchange,Fibroblast,0.0,0.0,944
SLC9A3,Taurocholic acid,Fibroblast,3.3526708e-06,4.969439e-07,944
SLC9A3,Testosterone,Fibroblast,-4.7205546e-08,6.056144e-09,944
SLC9A3,Urea,Fibroblast,0.0,0.0,944
SLC9A3,Water,Fibroblast,1.500919e-06,1.3400341e-07,944
SLC9A3,"(3a,5b,7a)-23-Carboxy-7-hydroxy-24-norcholan-3-yl-b-D-Glucopyranosiduronic acid|1b,3a,12a-Trihydroxy-5b-cholanoic acid|3-Sulfodeoxycholic acid|3alpha,7alpha-Dihydroxycoprostanic acid|3b-Hydroxy-5-cholenoic acid|Chenodeoxycholic acid|Chenodeoxycholic acid 3-sulfate|Coprocholic acid|Deoxycholic acid|Folinic acid|Glutathione|Glycochenodeoxycholate-3-sulfate|Hyodeoxycholic acid|Isoursodeoxycholic acid|Lithocholic acid|Sulfolithocholic acid|Trihydroxycoprostanoic acid|Ursocholic acid|Ursodeoxycholic acid|Ursodeoxycholic acid 3-sulfate|Varanic acid",IEC,0.00095959695,0.0003406638,7778
SLC9A3,"17a-Ethynylestradiol|3',4'-Dihydrodiol|4'-Hydroxydiclofenac|4-Hydroxycyclophosphamide|8-Hydroxycarvedilol|E-3179|Estriol|Glycerol|N-Desmethylcitalopram|N-Desmethyleletriptan|O-Deethylated candesartan",IEC,0.00723557,0.0041870624,7778
SLC9A3,2-Hydroxychlorpropamide,IEC,0.008351569,0.005520985,7778
SLC9A3,25-Hydroxycholesterol,IEC,0.00021967404,5.966534e-05,7778
SLC9A3,4-ene-Valproic acid,IEC,0.033723187,0.00049131707,7778
SLC9A3,5-Hydroxyomeprazole,IEC,0.09021463,0.0013242331,7778
SLC9A3,Acetate,IEC,0.012369837,0.0002869702,7778
SLC9A3,Acetyl-L-Carnitine|Choline|Creatine|Dopamine|Histamine|Norepinephrine,IEC,0.014958056,0.0010928715,7778
SLC9A3,Adenosine diphosphate ribose,IEC,0.0,0.0,7778
SLC9A3,Adenosine triphosphate,IEC,0.004669865,0.00081640977,7778
SLC9A3,Amiloride-sensitive sodium transport,IEC,0.014394036,0.008080454,7778
SLC9A3,Anion exchange,IEC,3.6426272,0.017368836,7778
SLC9A3,Butyrate|D-Lactate|Ketone bodies|L-Lactate|Pyruvate|alpha-Ketoisovaleric acid,IEC,0.0023351724,0.00089419686,7778
SLC9A3,Cadmium|Manganese|Zinc,IEC,-0.000411233,8.783671e-05,7778
SLC9A3,Chloride,IEC,0.0032109295,0.00036013557,7778
SLC9A3,Chloride ion,IEC,0.00015120863,0.0001841656,7778
SLC9A3,Cholesterol,IEC,0.034710724,0.024367183,7778
SLC9A3,Cholic acid,IEC,0.025220428,0.0009969075,7778
SLC9A3,Citric acid|Oxalic acid,IEC,0.0019964247,0.0002951681,7778
SLC9A3,Cortisol|Hydroxylansoprazole|N-Desmethyltamoxifen,IEC,0.030042801,0.026172398,7778
SLC9A3,Estradiol,IEC,0.06941911,0.0039171395,7778
SLC9A3,Fatty acid,IEC,0.031401858,0.00044319226,7778
SLC9A3,Folic acid,IEC,0.02972649,0.0012096917,7778
SLC9A3,Glycyl-glycine|L-Dopa,IEC,2.9907427e-05,6.7313067e-06,7778
SLC9A3,Iron,IEC,0.005002855,0.0016736338,7778
SLC9A3,L-Arginine|L-Cystine|L-Lysine|L-Ornithine,IEC,0.004968396,0.0011924413,7778
SLC9A3,L-Carnitine,IEC,0.038913447,0.0010878227,7778
SLC9A3,L-Glutamate,IEC,0.0032190157,0.0011627543,7778
SLC9A3,N-desmethylimatinib,IEC,0.029995976,0.026559273,7778
SLC9A3,Neurotransmitter,IEC,0.0011107097,0.00044636911,7778
SLC9A3,Nicotinate,IEC,0.04286727,0.00049826014,7778
SLC9A3,O-Desmethylverapamil (D-702),IEC,0.20993489,0.0021320295,7778
SLC9A3,Phosphate,IEC,0.0022545147,0.000575319,7778
SLC9A3,Progesterone,IEC,0.005717604,0.004187424,7778
SLC9A3,Sodium,IEC,0.0010936131,0.005342717,7778
SLC9A3,Sodium_hydrogen exchange,IEC,0.005483863,0.0007724996,7778
SLC9A3,Taurocholic acid,IEC,0.13172027,0.00081279146,7778
SLC9A3,Testosterone,IEC,0.0386469,0.0315841,7778
SLC9A3,Urea,IEC,-1.1018732e-05,4.4165035e-06,7778
SLC9A3,Water,IEC,0.9329817,0.85950875,7778
SLC9A3,"(3a,5b,7a)-23-Carboxy-7-hydroxy-24-norcholan-3-yl-b-D-Glucopyranosiduronic acid|1b,3a,12a-Trihydroxy-5b-cholanoic acid|3-Sulfodeoxycholic acid|3alpha,7alpha-Dihydroxycoprostanic acid|3b-Hydroxy-5-cholenoic acid|Chenodeoxycholic acid|Chenodeoxycholic acid 3-sulfate|Coprocholic acid|Deoxycholic acid|Folinic acid|Glutathione|Glycochenodeoxycholate-3-sulfate|Hyodeoxycholic acid|Isoursodeoxycholic acid|Lithocholic acid|Sulfolithocholic acid|Trihydroxycoprostanoic acid|Ursocholic acid|Ursodeoxycholic acid|Ursodeoxycholic acid 3-sulfate|Varanic acid",MAST,0.0,0.0,171
SLC9A3,"17a-Ethynylestradiol|3',4'-Dihydrodiol|4'-Hydroxydiclofenac|4-Hydroxycyclophosphamide|8-Hydroxycarvedilol|E-3179|Estriol|Glycerol|N-Desmethylcitalopram|N-Desmethyleletriptan|O-Deethylated candesartan",MAST,0.0,0.0,171
SLC9A3,2-Hydroxychlorpropamide,MAST,0.0,0.0,171
SLC9A3,25-Hydroxycholesterol,MAST,0.0,0.0,171
SLC9A3,4-ene-Valproic acid,MAST,0.0,0.0,171
SLC9A3,5-Hydroxyomeprazole,MAST,0.0,0.0,171
SLC9A3,Acetate,MAST,0.0,0.0,171
SLC9A3,Acetyl-L-Carnitine|Choline|Creatine|Dopamine|Histamine|Norepinephrine,MAST,0.0,0.0,171
SLC9A3,Adenosine diphosphate ribose,MAST,0.0,0.0,171
SLC9A3,Adenosine triphosphate,MAST,0.0,0.0,171
SLC9A3,Amiloride-sensitive sodium transport,MAST,0.0,0.0,171
SLC9A3,Anion exchange,MAST,0.0,0.0,171
SLC9A3,Butyrate|D-Lactate|Ketone bodies|L-Lactate|Pyruvate|alpha-Ketoisovaleric acid,MAST,0.0,0.0,171
SLC9A3,Cadmium|Manganese|Zinc,MAST,0.0,0.0,171
SLC9A3,Chloride,MAST,0.0,0.0,171
SLC9A3,Chloride ion,MAST,0.0,0.0,171
SLC9A3,Cholesterol,MAST,0.0,0.0,171
SLC9A3,Cholic acid,MAST,0.0,0.0,171
SLC9A3,Citric acid|Oxalic acid,MAST,0.0,0.0,171
SLC9A3,Cortisol|Hydroxylansoprazole|N-Desmethyltamoxifen,MAST,0.0,0.0,171
SLC9A3,Estradiol,MAST,0.0,0.0,171
SLC9A3,Fatty acid,MAST,0.0,0.0,171
SLC9A3,Folic acid,MAST,0.0,0.0,171
SLC9A3,Glycyl-glycine|L-Dopa,MAST,0.0,0.0,171
SLC9A3,Iron,MAST,0.0,0.0,171
SLC9A3,L-Arginine|L-Cystine|L-Lysine|L-Ornithine,MAST,0.0,0.0,171
SLC9A3,L-Carnitine,MAST,0.0,0.0,171
SLC9A3,L-Glutamate,MAST,0.0,0.0,171
SLC9A3,N-desmethylimatinib,MAST,0.0,0.0,171
SLC9A3,Neurotransmitter,MAST,0.0,0.0,171
SLC9A3,Nicotinate,MAST,0.0,0.0,171
SLC9A3,O-Desmethylverapamil (D-702),MAST,0.0,0.0,171
SLC9A3,Phosphate,MAST,0.0,0.0,171
SLC9A3,Progesterone,MAST,0.0,0.0,171
SLC9A3,Sodium,MAST,0.0,0.0,171
SLC9A3,Sodium_hydrogen exchange,MAST,0.0,0.0,171
SLC9A3,Taurocholic acid,MAST,0.0,0.0,171
SLC9A3,Testosterone,MAST,0.0,0.0,171
SLC9A3,Urea,MAST,0.0,0.0,171
SLC9A3,Water,MAST,0.0,0.0,171
SLC9A3,"(3a,5b,7a)-23-Carboxy-7-hydroxy-24-norcholan-3-yl-b-D-Glucopyranosiduronic acid|1b,3a,12a-Trihydroxy-5b-cholanoic acid|3-Sulfodeoxycholic acid|3alpha,7alpha-Dihydroxycoprostanic acid|3b-Hydroxy-5-cholenoic acid|Chenodeoxycholic acid|Chenodeoxycholic acid 3-sulfate|Coprocholic acid|Deoxycholic acid|Folinic acid|Glutathione|Glycochenodeoxycholate-3-sulfate|Hyodeoxycholic acid|Isoursodeoxycholic acid|Lithocholic acid|Sulfolithocholic acid|Trihydroxycoprostanoic acid|Ursocholic acid|Ursodeoxycholic acid|Ursodeoxycholic acid 3-sulfate|Varanic acid",MNP,0.0,0.0,464
SLC9A3,"17a-Ethynylestradiol|3',4'-Dihydrodiol|4'-Hydroxydiclofenac|4-Hydroxycyclophosphamide|8-Hydroxycarvedilol|E-3179|Estriol|Glycerol|N-Desmethylcitalopram|N-Desmethyleletriptan|O-Deethylated candesartan",MNP,0.0,0.0,464
SLC9A3,2-Hydroxychlorpropamide,MNP,0.0,0.0,464
SLC9A3,25-Hydroxycholesterol,MNP,0.0,0.0,464
SLC9A3,4-ene-Valproic acid,MNP,0.0,0.0,464
SLC9A3,5-Hydroxyomeprazole,MNP,0.0,0.0,464
SLC9A3,Acetate,MNP,0.0,0.0,464
SLC9A3,Acetyl-L-Carnitine|Choline|Creatine|Dopamine|Histamine|Norepinephrine,MNP,0.0,0.0,464
SLC9A3,Adenosine diphosphate ribose,MNP,0.0,0.0,464
SLC9A3,Adenosine triphosphate,MNP,0.0,0.0,464
SLC9A3,Amiloride-sensitive sodium transport,MNP,0.0,0.0,464
SLC9A3,Anion exchange,MNP,0.0,0.0,464
SLC9A3,Butyrate|D-Lactate|Ketone bodies|L-Lactate|Pyruvate|alpha-Ketoisovaleric acid,MNP,0.0,0.0,464
SLC9A3,Cadmium|Manganese|Zinc,MNP,0.0,0.0,464
SLC9A3,Chloride,MNP,0.0,0.0,464
SLC9A3,Chloride ion,MNP,0.0,0.0,464
SLC9A3,Cholesterol,MNP,0.0,0.0,464
SLC9A3,Cholic acid,MNP,0.0,0.0,464
SLC9A3,Citric acid|Oxalic acid,MNP,0.0,0.0,464
SLC9A3,Cortisol|Hydroxylansoprazole|N-Desmethyltamoxifen,MNP,0.0,0.0,464
SLC9A3,Estradiol,MNP,0.0,0.0,464
SLC9A3,Fatty acid,MNP,0.0,0.0,464
SLC9A3,Folic acid,MNP,0.0,0.0,464
SLC9A3,Glycyl-glycine|L-Dopa,MNP,0.0,0.0,464
SLC9A3,Iron,MNP,0.0,0.0,464
SLC9A3,L-Arginine|L-Cystine|L-Lysine|L-Ornithine,MNP,0.0,0.0,464
SLC9A3,L-Carnitine,MNP,0.0,0.0,464
SLC9A3,L-Glutamate,MNP,0.0,0.0,464
SLC9A3,N-desmethylimatinib,MNP,0.0,0.0,464
SLC9A3,Neurotransmitter,MNP,0.0,0.0,464
SLC9A3,Nicotinate,MNP,0.0,0.0,464
SLC9A3,O-Desmethylverapamil (D-702),MNP,0.0,0.0,464
SLC9A3,Phosphate,MNP,0.0,0.0,464
SLC9A3,Progesterone,MNP,0.0,0.0,464
SLC9A3,Sodium,MNP,0.0,0.0,464
SLC9A3,Sodium_hydrogen exchange,MNP,0.0,0.0,464
SLC9A3,Taurocholic acid,MNP,0.0,0.0,464
SLC9A3,Testosterone,MNP,0.0,0.0,464
SLC9A3,Urea,MNP,0.0,0.0,464
SLC9A3,Water,MNP,0.0,0.0,464
SLC9A3,"(3a,5b,7a)-23-Carboxy-7-hydroxy-24-norcholan-3-yl-b-D-Glucopyranosiduronic acid|1b,3a,12a-Trihydroxy-5b-cholanoic acid|3-Sulfodeoxycholic acid|3alpha,7alpha-Dihydroxycoprostanic acid|3b-Hydroxy-5-cholenoic acid|Chenodeoxycholic acid|Chenodeoxycholic acid 3-sulfate|Coprocholic acid|Deoxycholic acid|Folinic acid|Glutathione|Glycochenodeoxycholate-3-sulfate|Hyodeoxycholic acid|Isoursodeoxycholic acid|Lithocholic acid|Sulfolithocholic acid|Trihydroxycoprostanoic acid|Ursocholic acid|Ursodeoxycholic acid|Ursodeoxycholic acid 3-sulfate|Varanic acid",Muscularis_mucosa,0.0,0.0,92
SLC9A3,"17a-Ethynylestradiol|3',4'-Dihydrodiol|4'-Hydroxydiclofenac|4-Hydroxycyclophosphamide|8-Hydroxycarvedilol|E-3179|Estriol|Glycerol|N-Desmethylcitalopram|N-Desmethyleletriptan|O-Deethylated candesartan",Muscularis_mucosa,0.0,0.0,92
SLC9A3,2-Hydroxychlorpropamide,Muscularis_mucosa,0.0,0.0,92
SLC9A3,25-Hydroxycholesterol,Muscularis_mucosa,0.0,0.0,92
SLC9A3,4-ene-Valproic acid,Muscularis_mucosa,0.0,0.0,92
SLC9A3,5-Hydroxyomeprazole,Muscularis_mucosa,0.0,0.0,92
SLC9A3,Acetate,Muscularis_mucosa,0.0,0.0,92
SLC9A3,Acetyl-L-Carnitine|Choline|Creatine|Dopamine|Histamine|Norepinephrine,Muscularis_mucosa,0.0,0.0,92
SLC9A3,Adenosine diphosphate ribose,Muscularis_mucosa,0.0,0.0,92
SLC9A3,Adenosine triphosphate,Muscularis_mucosa,0.0,0.0,92
SLC9A3,Amiloride-sensitive sodium transport,Muscularis_mucosa,0.0,0.0,92
SLC9A3,Anion exchange,Muscularis_mucosa,0.0,0.0,92
SLC9A3,Butyrate|D-Lactate|Ketone bodies|L-Lactate|Pyruvate|alpha-Ketoisovaleric acid,Muscularis_mucosa,0.0,0.0,92
SLC9A3,Cadmium|Manganese|Zinc,Muscularis_mucosa,0.0,0.0,92
SLC9A3,Chloride,Muscularis_mucosa,0.0,0.0,92
SLC9A3,Chloride ion,Muscularis_mucosa,0.0,0.0,92
SLC9A3,Cholesterol,Muscularis_mucosa,0.0,0.0,92
SLC9A3,Cholic acid,Muscularis_mucosa,0.0,0.0,92
SLC9A3,Citric acid|Oxalic acid,Muscularis_mucosa,0.0,0.0,92
SLC9A3,Cortisol|Hydroxylansoprazole|N-Desmethyltamoxifen,Muscularis_mucosa,0.0,0.0,92
SLC9A3,Estradiol,Muscularis_mucosa,0.0,0.0,92
SLC9A3,Fatty acid,Muscularis_mucosa,0.0,0.0,92
SLC9A3,Folic acid,Muscularis_mucosa,0.0,0.0,92
SLC9A3,Glycyl-glycine|L-Dopa,Muscularis_mucosa,0.0,0.0,92
SLC9A3,Iron,Muscularis_mucosa,0.0,0.0,92
SLC9A3,L-Arginine|L-Cystine|L-Lysine|L-Ornithine,Muscularis_mucosa,0.0,0.0,92
SLC9A3,L-Carnitine,Muscularis_mucosa,0.0,0.0,92
SLC9A3,L-Glutamate,Muscularis_mucosa,0.0,0.0,92
SLC9A3,N-desmethylimatinib,Muscularis_mucosa,0.0,0.0,92
SLC9A3,Neurotransmitter,Muscularis_mucosa,0.0,0.0,92
SLC9A3,Nicotinate,Muscularis_mucosa,0.0,0.0,92
SLC9A3,O-Desmethylverapamil (D-702),Muscularis_mucosa,0.0,0.0,92
SLC9A3,Phosphate,Muscularis_mucosa,0.0,0.0,92
SLC9A3,Progesterone,Muscularis_mucosa,0.0,0.0,92
SLC9A3,Sodium,Muscularis_mucosa,0.0,0.0,92
SLC9A3,Sodium_hydrogen exchange,Muscularis_mucosa,0.0,0.0,92
SLC9A3,Taurocholic acid,Muscularis_mucosa,0.0,0.0,92
SLC9A3,Testosterone,Muscularis_mucosa,0.0,0.0,92
SLC9A3,Urea,Muscularis_mucosa,0.0,0.0,92
SLC9A3,Water,Muscularis_mucosa,0.0,0.0,92
SLC9A3,"(3a,5b,7a)-23-Carboxy-7-hydroxy-24-norcholan-3-yl-b-D-Glucopyranosiduronic acid|1b,3a,12a-Trihydroxy-5b-cholanoic acid|3-Sulfodeoxycholic acid|3alpha,7alpha-Dihydroxycoprostanic acid|3b-Hydroxy-5-cholenoic acid|Chenodeoxycholic acid|Chenodeoxycholic acid 3-sulfate|Coprocholic acid|Deoxycholic acid|Folinic acid|Glutathione|Glycochenodeoxycholate-3-sulfate|Hyodeoxycholic acid|Isoursodeoxycholic acid|Lithocholic acid|Sulfolithocholic acid|Trihydroxycoprostanoic acid|Ursocholic acid|Ursodeoxycholic acid|Ursodeoxycholic acid 3-sulfate|Varanic acid",Myofibroblast,0.0,0.0,219
SLC9A3,"17a-Ethynylestradiol|3',4'-Dihydrodiol|4'-Hydroxydiclofenac|4-Hydroxycyclophosphamide|8-Hydroxycarvedilol|E-3179|Estriol|Glycerol|N-Desmethylcitalopram|N-Desmethyleletriptan|O-Deethylated candesartan",Myofibroblast,0.0,0.0,219
SLC9A3,2-Hydroxychlorpropamide,Myofibroblast,0.0,0.0,219
SLC9A3,25-Hydroxycholesterol,Myofibroblast,0.0,0.0,219
SLC9A3,4-ene-Valproic acid,Myofibroblast,0.0,0.0,219
SLC9A3,5-Hydroxyomeprazole,Myofibroblast,0.0,0.0,219
SLC9A3,Acetate,Myofibroblast,0.0,0.0,219
SLC9A3,Acetyl-L-Carnitine|Choline|Creatine|Dopamine|Histamine|Norepinephrine,Myofibroblast,0.0,0.0,219
SLC9A3,Adenosine diphosphate ribose,Myofibroblast,0.0,0.0,219
SLC9A3,Adenosine triphosphate,Myofibroblast,0.0,0.0,219
SLC9A3,Amiloride-sensitive sodium transport,Myofibroblast,0.0,0.0,219
SLC9A3,Anion exchange,Myofibroblast,0.0,0.0,219
SLC9A3,Butyrate|D-Lactate|Ketone bodies|L-Lactate|Pyruvate|alpha-Ketoisovaleric acid,Myofibroblast,0.0,0.0,219
SLC9A3,Cadmium|Manganese|Zinc,Myofibroblast,0.0,0.0,219
SLC9A3,Chloride,Myofibroblast,0.0,0.0,219
SLC9A3,Chloride ion,Myofibroblast,0.0,0.0,219
SLC9A3,Cholesterol,Myofibroblast,0.0,0.0,219
SLC9A3,Cholic acid,Myofibroblast,0.0,0.0,219
SLC9A3,Citric acid|Oxalic acid,Myofibroblast,0.0,0.0,219
SLC9A3,Cortisol|Hydroxylansoprazole|N-Desmethyltamoxifen,Myofibroblast,0.0,0.0,219
SLC9A3,Estradiol,Myofibroblast,0.0,0.0,219
SLC9A3,Fatty acid,Myofibroblast,0.0,0.0,219
SLC9A3,Folic acid,Myofibroblast,0.0,0.0,219
SLC9A3,Glycyl-glycine|L-Dopa,Myofibroblast,0.0,0.0,219
SLC9A3,Iron,Myofibroblast,0.0,0.0,219
SLC9A3,L-Arginine|L-Cystine|L-Lysine|L-Ornithine,Myofibroblast,0.0,0.0,219
SLC9A3,L-Carnitine,Myofibroblast,0.0,0.0,219
SLC9A3,L-Glutamate,Myofibroblast,0.0,0.0,219
SLC9A3,N-desmethylimatinib,Myofibroblast,0.0,0.0,219
SLC9A3,Neurotransmitter,Myofibroblast,0.0,0.0,219
SLC9A3,Nicotinate,Myofibroblast,0.0,0.0,219
SLC9A3,O-Desmethylverapamil (D-702),Myofibroblast,0.0,0.0,219
SLC9A3,Phosphate,Myofibroblast,0.0,0.0,219
SLC9A3,Progesterone,Myofibroblast,0.0,0.0,219
SLC9A3,Sodium,Myofibroblast,0.0,0.0,219
SLC9A3,Sodium_hydrogen exchange,Myofibroblast,0.0,0.0,219
SLC9A3,Taurocholic acid,Myofibroblast,0.0,0.0,219
SLC9A3,Testosterone,Myofibroblast,0.0,0.0,219
SLC9A3,Urea,Myofibroblast,0.0,0.0,219
SLC9A3,Water,Myofibroblast,0.0,0.0,219
SLC9A3,"(3a,5b,7a)-23-Carboxy-7-hydroxy-24-norcholan-3-yl-b-D-Glucopyranosiduronic acid|1b,3a,12a-Trihydroxy-5b-cholanoic acid|3-Sulfodeoxycholic acid|3alpha,7alpha-Dihydroxycoprostanic acid|3b-Hydroxy-5-cholenoic acid|Chenodeoxycholic acid|Chenodeoxycholic acid 3-sulfate|Coprocholic acid|Deoxycholic acid|Folinic acid|Glutathione|Glycochenodeoxycholate-3-sulfate|Hyodeoxycholic acid|Isoursodeoxycholic acid|Lithocholic acid|Sulfolithocholic acid|Trihydroxycoprostanoic acid|Ursocholic acid|Ursodeoxycholic acid|Ursodeoxycholic acid 3-sulfate|Varanic acid",Pericyte,0.0,0.0,109
SLC9A3,"17a-Ethynylestradiol|3',4'-Dihydrodiol|4'-Hydroxydiclofenac|4-Hydroxycyclophosphamide|8-Hydroxycarvedilol|E-3179|Estriol|Glycerol|N-Desmethylcitalopram|N-Desmethyleletriptan|O-Deethylated candesartan",Pericyte,0.0,0.0,109
SLC9A3,2-Hydroxychlorpropamide,Pericyte,0.0,0.0,109
SLC9A3,25-Hydroxycholesterol,Pericyte,0.0,0.0,109
SLC9A3,4-ene-Valproic acid,Pericyte,0.0,0.0,109
SLC9A3,5-Hydroxyomeprazole,Pericyte,0.0,0.0,109
SLC9A3,Acetate,Pericyte,0.0,0.0,109
SLC9A3,Acetyl-L-Carnitine|Choline|Creatine|Dopamine|Histamine|Norepinephrine,Pericyte,0.0,0.0,109
SLC9A3,Adenosine diphosphate ribose,Pericyte,0.0,0.0,109
SLC9A3,Adenosine triphosphate,Pericyte,0.0,0.0,109
SLC9A3,Amiloride-sensitive sodium transport,Pericyte,0.0,0.0,109
SLC9A3,Anion exchange,Pericyte,0.0,0.0,109
SLC9A3,Butyrate|D-Lactate|Ketone bodies|L-Lactate|Pyruvate|alpha-Ketoisovaleric acid,Pericyte,0.0,0.0,109
SLC9A3,Cadmium|Manganese|Zinc,Pericyte,0.0,0.0,109
SLC9A3,Chloride,Pericyte,0.0,0.0,109
SLC9A3,Chloride ion,Pericyte,0.0,0.0,109
SLC9A3,Cholesterol,Pericyte,0.0,0.0,109
SLC9A3,Cholic acid,Pericyte,0.0,0.0,109
SLC9A3,Citric acid|Oxalic acid,Pericyte,0.0,0.0,109
SLC9A3,Cortisol|Hydroxylansoprazole|N-Desmethyltamoxifen,Pericyte,0.0,0.0,109
SLC9A3,Estradiol,Pericyte,0.0,0.0,109
SLC9A3,Fatty acid,Pericyte,0.0,0.0,109
SLC9A3,Folic acid,Pericyte,0.0,0.0,109
SLC9A3,Glycyl-glycine|L-Dopa,Pericyte,0.0,0.0,109
SLC9A3,Iron,Pericyte,0.0,0.0,109
SLC9A3,L-Arginine|L-Cystine|L-Lysine|L-Ornithine,Pericyte,0.0,0.0,109
SLC9A3,L-Carnitine,Pericyte,0.0,0.0,109
SLC9A3,L-Glutamate,Pericyte,0.0,0.0,109
SLC9A3,N-desmethylimatinib,Pericyte,0.0,0.0,109
SLC9A3,Neurotransmitter,Pericyte,0.0,0.0,109
SLC9A3,Nicotinate,Pericyte,0.0,0.0,109
SLC9A3,O-Desmethylverapamil (D-702),Pericyte,0.0,0.0,109
SLC9A3,Phosphate,Pericyte,0.0,0.0,109
SLC9A3,Progesterone,Pericyte,0.0,0.0,109
SLC9A3,Sodium,Pericyte,0.0,0.0,109
SLC9A3,Sodium_hydrogen exchange,Pericyte,0.0,0.0,109
SLC9A3,Taurocholic acid,Pericyte,0.0,0.0,109
SLC9A3,Testosterone,Pericyte,0.0,0.0,109
SLC9A3,Urea,Pericyte,0.0,0.0,109
SLC9A3,Water,Pericyte,0.0,0.0,109
SLC9A3,"(3a,5b,7a)-23-Carboxy-7-hydroxy-24-norcholan-3-yl-b-D-Glucopyranosiduronic acid|1b,3a,12a-Trihydroxy-5b-cholanoic acid|3-Sulfodeoxycholic acid|3alpha,7alpha-Dihydroxycoprostanic acid|3b-Hydroxy-5-cholenoic acid|Chenodeoxycholic acid|Chenodeoxycholic acid 3-sulfate|Coprocholic acid|Deoxycholic acid|Folinic acid|Glutathione|Glycochenodeoxycholate-3-sulfate|Hyodeoxycholic acid|Isoursodeoxycholic acid|Lithocholic acid|Sulfolithocholic acid|Trihydroxycoprostanoic acid|Ursocholic acid|Ursodeoxycholic acid|Ursodeoxycholic acid 3-sulfate|Varanic acid",Plasma,0.0,0.0,1230
SLC9A3,"17a-Ethynylestradiol|3',4'-Dihydrodiol|4'-Hydroxydiclofenac|4-Hydroxycyclophosphamide|8-Hydroxycarvedilol|E-3179|Estriol|Glycerol|N-Desmethylcitalopram|N-Desmethyleletriptan|O-Deethylated candesartan",Plasma,0.0,0.0,1230
SLC9A3,2-Hydroxychlorpropamide,Plasma,0.0,0.0,1230
SLC9A3,25-Hydroxycholesterol,Plasma,0.0,0.0,1230
SLC9A3,4-ene-Valproic acid,Plasma,0.0,0.0,1230
SLC9A3,5-Hydroxyomeprazole,Plasma,0.0,0.0,1230
SLC9A3,Acetate,Plasma,0.0,0.0,1230
SLC9A3,Acetyl-L-Carnitine|Choline|Creatine|Dopamine|Histamine|Norepinephrine,Plasma,0.0,0.0,1230
SLC9A3,Adenosine diphosphate ribose,Plasma,0.0,0.0,1230
SLC9A3,Adenosine triphosphate,Plasma,0.0,0.0,1230
SLC9A3,Amiloride-sensitive sodium transport,Plasma,0.0,0.0,1230
SLC9A3,Anion exchange,Plasma,0.0,0.0,1230
SLC9A3,Butyrate|D-Lactate|Ketone bodies|L-Lactate|Pyruvate|alpha-Ketoisovaleric acid,Plasma,0.0,0.0,1230
SLC9A3,Cadmium|Manganese|Zinc,Plasma,0.0,0.0,1230
SLC9A3,Chloride,Plasma,0.0,0.0,1230
SLC9A3,Chloride ion,Plasma,0.0,0.0,1230
SLC9A3,Cholesterol,Plasma,0.0,0.0,1230
SLC9A3,Cholic acid,Plasma,0.0,0.0,1230
SLC9A3,Citric acid|Oxalic acid,Plasma,0.0,0.0,1230
SLC9A3,Cortisol|Hydroxylansoprazole|N-Desmethyltamoxifen,Plasma,0.0,0.0,1230
SLC9A3,Estradiol,Plasma,0.0,0.0,1230
SLC9A3,Fatty acid,Plasma,0.0,0.0,1230
SLC9A3,Folic acid,Plasma,0.0,0.0,1230
SLC9A3,Glycyl-glycine|L-Dopa,Plasma,0.0,0.0,1230
SLC9A3,Iron,Plasma,0.0,0.0,1230
SLC9A3,L-Arginine|L-Cystine|L-Lysine|L-Ornithine,Plasma,0.0,0.0,1230
SLC9A3,L-Carnitine,Plasma,0.0,0.0,1230
SLC9A3,L-Glutamate,Plasma,0.0,0.0,1230
SLC9A3,N-desmethylimatinib,Plasma,0.0,0.0,1230
SLC9A3,Neurotransmitter,Plasma,0.0,0.0,1230
SLC9A3,Nicotinate,Plasma,0.0,0.0,1230
SLC9A3,O-Desmethylverapamil (D-702),Plasma,0.0,0.0,1230
SLC9A3,Phosphate,Plasma,0.0,0.0,1230
SLC9A3,Progesterone,Plasma,0.0,0.0,1230
SLC9A3,Sodium,Plasma,0.0,0.0,1230
SLC9A3,Sodium_hydrogen exchange,Plasma,0.0,0.0,1230
SLC9A3,Taurocholic acid,Plasma,0.0,0.0,1230
SLC9A3,Testosterone,Plasma,0.0,0.0,1230
SLC9A3,Urea,Plasma,0.0,0.0,1230
SLC9A3,Water,Plasma,0.0,0.0,1230
SLC9A3,"(3a,5b,7a)-23-Carboxy-7-hydroxy-24-norcholan-3-yl-b-D-Glucopyranosiduronic acid|1b,3a,12a-Trihydroxy-5b-cholanoic acid|3-Sulfodeoxycholic acid|3alpha,7alpha-Dihydroxycoprostanic acid|3b-Hydroxy-5-cholenoic acid|Chenodeoxycholic acid|Chenodeoxycholic acid 3-sulfate|Coprocholic acid|Deoxycholic acid|Folinic acid|Glutathione|Glycochenodeoxycholate-3-sulfate|Hyodeoxycholic acid|Isoursodeoxycholic acid|Lithocholic acid|Sulfolithocholic acid|Trihydroxycoprostanoic acid|Ursocholic acid|Ursodeoxycholic acid|Ursodeoxycholic acid 3-sulfate|Varanic acid",T,4.5642824e-05,6.527718e-06,632
SLC9A3,"17a-Ethynylestradiol|3',4'-Dihydrodiol|4'-Hydroxydiclofenac|4-Hydroxycyclophosphamide|8-Hydroxycarvedilol|E-3179|Estriol|Glycerol|N-Desmethylcitalopram|N-Desmethyleletriptan|O-Deethylated candesartan",T,0.00012159746,9.923487e-06,632
SLC9A3,2-Hydroxychlorpropamide,T,0.00017386567,4.6318797e-05,632
SLC9A3,25-Hydroxycholesterol,T,0.0,0.0,632
SLC9A3,4-ene-Valproic acid,T,0.0017653147,0.00016849843,632
SLC9A3,5-Hydroxyomeprazole,T,0.00089285616,0.00032339885,632
SLC9A3,Acetate,T,0.00027770293,6.691493e-05,632
SLC9A3,Acetyl-L-Carnitine|Choline|Creatine|Dopamine|Histamine|Norepinephrine,T,0.0005849807,0.0002866738,632
SLC9A3,Adenosine diphosphate ribose,T,3.4128038e-06,1.308268e-06,632
SLC9A3,Adenosine triphosphate,T,0.00028705286,7.774065e-05,632
SLC9A3,Amiloride-sensitive sodium transport,T,0.0003639752,2.6523312e-05,632
SLC9A3,Anion exchange,T,0.075954504,0.01857717,632
SLC9A3,Butyrate|D-Lactate|Ketone bodies|L-Lactate|Pyruvate|alpha-Ketoisovaleric acid,T,7.111897e-05,1.3117484e-05,632
SLC9A3,Cadmium|Manganese|Zinc,T,-4.451009e-05,3.0486067e-06,632
SLC9A3,Chloride,T,7.3082796e-05,7.6502965e-06,632
SLC9A3,Chloride ion,T,-0.0018338201,0.0004281157,632
SLC9A3,Cholesterol,T,0.00040370008,6.276928e-05,632
SLC9A3,Cholic acid,T,0.00048643132,0.00010169022,632
SLC9A3,Citric acid|Oxalic acid,T,0.0,0.0,632
SLC9A3,Cortisol|Hydroxylansoprazole|N-Desmethyltamoxifen,T,0.00020843523,3.8547212e-05,632
SLC9A3,Estradiol,T,0.0002729866,3.665407e-05,632
SLC9A3,Fatty acid,T,0.0061307764,0.001037527,632
SLC9A3,Folic acid,T,0.00027472046,8.382606e-05,632
SLC9A3,Glycyl-glycine|L-Dopa,T,0.0,0.0,632
SLC9A3,Iron,T,0.0029223303,0.0012506885,632
SLC9A3,L-Arginine|L-Cystine|L-Lysine|L-Ornithine,T,6.2107534e-07,7.229892e-08,632
SLC9A3,L-Carnitine,T,0.0015248788,0.00021791113,632
SLC9A3,L-Glutamate,T,8.829096e-05,6.2857785e-06,632
SLC9A3,N-desmethylimatinib,T,0.00023956555,0.00010936821,632
SLC9A3,Neurotransmitter,T,0.0,0.0,632
SLC9A3,Nicotinate,T,0.0015306337,0.00025636298,632
SLC9A3,O-Desmethylverapamil (D-702),T,0.0068391864,0.0015171729,632
SLC9A3,Phosphate,T,0.0,0.0,632
SLC9A3,Progesterone,T,0.00019358537,3.4772398e-05,632
SLC9A3,Sodium,T,-0.006001128,0.0018542474,632
SLC9A3,Sodium_hydrogen exchange,T,0.00021379927,4.1162366e-05,632
SLC9A3,Taurocholic acid,T,0.0024232203,0.00058040617,632
SLC9A3,Testosterone,T,0.00037187748,0.00012700718,632
SLC9A3,Urea,T,-2.118769e-06,9.709245e-07,632
SLC9A3,Water,T,0.01692666,0.005063995,632
TBP,"17a-Ethynylestradiol|3',4'-Dihydrodiol|4'-Hydroxydiclofenac|4-Hydroxycyclophosphamide|8-Hydroxycarvedilol|E-3179|Estriol|Glycerol|N-Desmethylcitalopram|N-Desmethyleletriptan|O-Deethylated candesartan",B,0.0,0.0,20
TBP,2-Hydroxychlorpropamide,B,0.0,0.0,20
TBP,4-ene-Valproic acid,B,0.0,0.0,20
TBP,5-Hydroxyomeprazole,B,0.0,0.0,20
TBP,Acetate,B,0.0,0.0,20
TBP,Acetyl-L-Carnitine|Choline|Creatine|Dopamine|Histamine|Norepinephrine,B,0.0,0.0,20
TBP,Amiloride-sensitive sodium transport,B,0.0,0.0,20
TBP,Anion exchange,B,0.0,0.0,20
TBP,Chloride ion,B,0.0,0.0,20
TBP,Cholesterol,B,0.0,0.0,20
TBP,Cholic acid,B,0.0,0.0,20
TBP,Citric acid|Oxalic acid,B,0.0,0.0,20
TBP,Cortisol|Hydroxylansoprazole|N-Desmethyltamoxifen,B,0.0,0.0,20
TBP,Estradiol,B,0.0,0.0,20
TBP,Fatty acid,B,0.0,0.0,20
TBP,Folic acid,B,0.0,0.0,20
TBP,Iron,B,0.0,0.0,20
TBP,L-Carnitine,B,0.0,0.0,20
TBP,N-desmethylimatinib,B,0.0,0.0,20
TBP,Nicotinate,B,0.0,0.0,20
TBP,O-Desmethylverapamil (D-702),B,0.0,0.0,20
TBP,Progesterone,B,0.0,0.0,20
TBP,Sodium,B,0.0,0.0,20
TBP,Sodium_hydrogen exchange,B,0.0,0.0,20
TBP,Taurocholic acid,B,0.0,0.0,20
TBP,Testosterone,B,0.0,0.0,20
TBP,Water,B,0.0,0.0,20
TBP,"17a-Ethynylestradiol|3',4'-Dihydrodiol|4'-Hydroxydiclofenac|4-Hydroxycyclophosphamide|8-Hydroxycarvedilol|E-3179|Estriol|Glycerol|N-Desmethylcitalopram|N-Desmethyleletriptan|O-Deethylated candesartan",Endothelial,0.0,0.0,391
TBP,2-Hydroxychlorpropamide,Endothelial,0.0,0.0,391
TBP,4-ene-Valproic acid,Endothelial,0.0,0.0,391
TBP,5-Hydroxyomeprazole,Endothelial,0.0,0.0,391
TBP,Acetate,Endothelial,0.0,0.0,391
TBP,Acetyl-L-Carnitine|Choline|Creatine|Dopamine|Histamine|Norepinephrine,Endothelial,0.0,0.0,391
TBP,Amiloride-sensitive sodium transport,Endothelial,0.0,0.0,391
TBP,Anion exchange,Endothelial,0.0,0.0,391
TBP,Chloride ion,Endothelial,0.0,0.0,391
TBP,Cholesterol,Endothelial,0.0,0.0,391
TBP,Cholic acid,Endothelial,0.0,0.0,391
TBP,Citric acid|Oxalic acid,Endothelial,0.0,0.0,391
TBP,Cortisol|Hydroxylansoprazole|N-Desmethyltamoxifen,Endothelial,0.0,0.0,391
TBP,Estradiol,Endothelial,0.0,0.0,391
TBP,Fatty acid,Endothelial,0.0,0.0,391
TBP,Folic acid,Endothelial,0.0,0.0,391
TBP,Iron,Endothelial,0.0,0.0,391
TBP,L-Carnitine,Endothelial,0.0,0.0,391
TBP,N-desmethylimatinib,Endothelial,0.0,0.0,391
TBP,Nicotinate,Endothelial,0.0,0.0,391
TBP,O-Desmethylverapamil (D-702),Endothelial,0.0,0.0,391
TBP,Progesterone,Endothelial,0.0,0.0,391
TBP,Sodium,Endothelial,0.0,0.0,391
TBP,Sodium_hydrogen exchange,Endothelial,0.0,0.0,391
TBP,Taurocholic acid,Endothelial,0.0,0.0,391
TBP,Testosterone,Endothelial,0.0,0.0,391
TBP,Water,Endothelial,0.0,0.0,391
TBP,"17a-Ethynylestradiol|3',4'-Dihydrodiol|4'-Hydroxydiclofenac|4-Hydroxycyclophosphamide|8-Hydroxycarvedilol|E-3179|Estriol|Glycerol|N-Desmethylcitalopram|N-Desmethyleletriptan|O-Deethylated candesartan",Enteric_glia,0.0,0.0,92
TBP,2-Hydroxychlorpropamide,Enteric_glia,0.0,0.0,92
TBP,4-ene-Valproic acid,Enteric_glia,0.0,0.0,92
TBP,5-Hydroxyomeprazole,Enteric_glia,0.0,0.0,92
TBP,Acetate,Enteric_glia,0.0,0.0,92
TBP,Acetyl-L-Carnitine|Choline|Creatine|Dopamine|Histamine|Norepinephrine,Enteric_glia,0.0,0.0,92
TBP,Amiloride-sensitive sodium transport,Enteric_glia,0.0,0.0,92
TBP,Anion exchange,Enteric_glia,0.0,0.0,92
TBP,Chloride ion,Enteric_glia,0.0,0.0,92
TBP,Cholesterol,Enteric_glia,0.0,0.0,92
TBP,Cholic acid,Enteric_glia,0.0,0.0,92
TBP,Citric acid|Oxalic acid,Enteric_glia,0.0,0.0,92
TBP,Cortisol|Hydroxylansoprazole|N-Desmethyltamoxifen,Enteric_glia,0.0,0.0,92
TBP,Estradiol,Enteric_glia,0.0,0.0,92
TBP,Fatty acid,Enteric_glia,0.0,0.0,92
TBP,Folic acid,Enteric_glia,0.0,0.0,92
TBP,Iron,Enteric_glia,0.0,0.0,92
TBP,L-Carnitine,Enteric_glia,0.0,0.0,92
TBP,N-desmethylimatinib,Enteric_glia,0.0,0.0,92
TBP,Nicotinate,Enteric_glia,0.0,0.0,92
TBP,O-Desmethylverapamil (D-702),Enteric_glia,0.0,0.0,92
TBP,Progesterone,Enteric_glia,0.0,0.0,92
TBP,Sodium,Enteric_glia,0.0,0.0,92
TBP,Sodium_hydrogen exchange,Enteric_glia,0.0,0.0,92
TBP,Taurocholic acid,Enteric_glia,0.0,0.0,92
TBP,Testosterone,Enteric_glia,0.0,0.0,92
TBP,Water,Enteric_glia,0.0,0.0,92
TBP,"17a-Ethynylestradiol|3',4'-Dihydrodiol|4'-Hydroxydiclofenac|4-Hydroxycyclophosphamide|8-Hydroxycarvedilol|E-3179|Estriol|Glycerol|N-Desmethylcitalopram|N-Desmethyleletriptan|O-Deethylated candesartan",Fibroblast,0.0,0.0,944
TBP,2-Hydroxychlorpropamide,Fibroblast,0.0,0.0,944
TBP,4-ene-Valproic acid,Fibroblast,0.0,0.0,944
TBP,5-Hydroxyomeprazole,Fibroblast,0.0,0.0,944
TBP,Acetate,Fibroblast,0.0,0.0,944
TBP,Acetyl-L-Carnitine|Choline|Creatine|Dopamine|Histamine|Norepinephrine,Fibroblast,0.0,0.0,944
TBP,Amiloride-sensitive sodium transport,Fibroblast,0.0,0.0,944
TBP,Anion exchange,Fibroblast,0.0,0.0,944
TBP,Chloride ion,Fibroblast,0.0,0.0,944
TBP,Cholesterol,Fibroblast,0.0,0.0,944
TBP,Cholic acid,Fibroblast,0.0,0.0,944
TBP,Citric acid|Oxalic acid,Fibroblast,0.0,0.0,944
TBP,Cortisol|Hydroxylansoprazole|N-Desmethyltamoxifen,Fibroblast,0.0,0.0,944
TBP,Estradiol,Fibroblast,0.0,0.0,944
TBP,Fatty acid,Fibroblast,0.0,0.0,944
TBP,Folic acid,Fibroblast,0.0,0.0,944
TBP,Iron,Fibroblast,0.0,0.0,944
TBP,L-Carnitine,Fibroblast,0.0,0.0,944
TBP,N-desmethylimatinib,Fibroblast,0.0,0.0,944
TBP,Nicotinate,Fibroblast,0.0,0.0,944
TBP,O-Desmethylverapamil (D-702),Fibroblast,0.0,0.0,944
TBP,Progesterone,Fibroblast,0.0,0.0,944
TBP,Sodium,Fibroblast,0.0,0.0,944
TBP,Sodium_hydrogen exchange,Fibroblast,0.0,0.0,944
TBP,Taurocholic acid,Fibroblast,0.0,0.0,944
TBP,Testosterone,Fibroblast,0.0,0.0,944
TBP,Water,Fibroblast,0.0,0.0,944
TBP,"17a-Ethynylestradiol|3',4'-Dihydrodiol|4'-Hydroxydiclofenac|4-Hydroxycyclophosphamide|8-Hydroxycarvedilol|E-3179|Estriol|Glycerol|N-Desmethylcitalopram|N-Desmethyleletriptan|O-Deethylated candesartan",IEC,-3.783743e-05,1.0269052e-05,7778
TBP,2-Hydroxychlorpropamide,IEC,-4.1874875e-05,2.6823087e-05,7778
TBP,4-ene-Valproic acid,IEC,-9.531175e-06,4.5899524e-06,7778
TBP,5-Hydroxyomeprazole,IEC,-0.00014291928,3.7222475e-05,7778
TBP,Acetate,IEC,1.7465962e-05,6.878742e-06,7778
TBP,Acetyl-L-Carnitine|Choline|Creatine|Dopamine|Histamine|Norepinephrine,IEC,-1.2048895e-06,4.3491355e-07,7778
TBP,Amiloride-sensitive sodium transport,IEC,-2.3590139e-05,5.7681887e-06,7778
TBP,Anion exchange,IEC,0.0052124104,0.0030981163,7778
TBP,Chloride ion,IEC,-0.00015579874,7.1395196e-05,7778
TBP,Cholesterol,IEC,-9.417319e-05,3.333655e-05,7778
TBP,Cholic acid,IEC,-0.00011441333,4.3106505e-05,7778
TBP,Citric acid|Oxalic acid,IEC,2.933251e-10,1.377402e-10,7778
TBP,Cortisol|Hydroxylansoprazole|N-Desmethyltamoxifen,IEC,-9.557451e-05,1.9288214e-05,7778
TBP,Estradiol,IEC,-7.7833814e-05,4.796452e-05,7778
TBP,Fatty acid,IEC,-8.282109e-05,3.0866857e-05,7778
TBP,Folic acid,IEC,-3.0088704e-05,8.030742e-06,7778
TBP,Iron,IEC,-4.2333868e-05,1.7487351e-05,7778
TBP,L-Carnitine,IEC,-6.2512513e-06,8.6978747e-07,7778
TBP,N-desmethylimatinib,IEC,-0.00011100413,2.7664308e-05,7778
TBP,Nicotinate,IEC,6.279591e-06,3.431139e-06,7778
TBP,O-Desmethylverapamil (D-702),IEC,-0.0005264842,0.0001672563,7778
TBP,Progesterone,IEC,-5.9541784e-05,1.8639332e-05,7778
TBP,Sodium,IEC,-0.00013532263,3.87656e-05,7778
TBP,Sodium_hydrogen exchange,IEC,0.0016369147,0.00044620456,7778
TBP,Taurocholic acid,IEC,-0.0002244449,0.00010044507,7778
TBP,Testosterone,IEC,-0.00015482276,6.315992e-05,7778
TBP,Water,IEC,0.009247617,0.0004708219,7778
TBP,"17a-Ethynylestradiol|3',4'-Dihydrodiol|4'-Hydroxydiclofenac|4-Hydroxycyclophosphamide|8-Hydroxycarvedilol|E-3179|Estriol|Glycerol|N-Desmethylcitalopram|N-Desmethyleletriptan|O-Deethylated candesartan",MAST,0.0,0.0,171
TBP,2-Hydroxychlorpropamide,MAST,0.0,0.0,171
TBP,4-ene-Valproic acid,MAST,0.0,0.0,171
TBP,5-Hydroxyomeprazole,MAST,0.0,0.0,171
TBP,Acetate,MAST,0.0,0.0,171
TBP,Acetyl-L-Carnitine|Choline|Creatine|Dopamine|Histamine|Norepinephrine,MAST,0.0,0.0,171
TBP,Amiloride-sensitive sodium transport,MAST,0.0,0.0,171
TBP,Anion exchange,MAST,0.0,0.0,171
TBP,Chloride ion,MAST,0.0,0.0,171
TBP,Cholesterol,MAST,0.0,0.0,171
TBP,Cholic acid,MAST,0.0,0.0,171
TBP,Citric acid|Oxalic acid,MAST,0.0,0.0,171
TBP,Cortisol|Hydroxylansoprazole|N-Desmethyltamoxifen,MAST,0.0,0.0,171
TBP,Estradiol,MAST,0.0,0.0,171
TBP,Fatty acid,MAST,0.0,0.0,171
TBP,Folic acid,MAST,0.0,0.0,171
TBP,Iron,MAST,0.0,0.0,171
TBP,L-Carnitine,MAST,0.0,0.0,171
TBP,N-desmethylimatinib,MAST,0.0,0.0,171
TBP,Nicotinate,MAST,0.0,0.0,171
TBP,O-Desmethylverapamil (D-702),MAST,0.0,0.0,171
TBP,Progesterone,MAST,0.0,0.0,171
TBP,Sodium,MAST,0.0,0.0,171
TBP,Sodium_hydrogen exchange,MAST,0.0,0.0,171
TBP,Taurocholic acid,MAST,0.0,0.0,171
TBP,Testosterone,MAST,0.0,0.0,171
TBP,Water,MAST,0.0,0.0,171
TBP,"17a-Ethynylestradiol|3',4'-Dihydrodiol|4'-Hydroxydiclofenac|4-Hydroxycyclophosphamide|8-Hydroxycarvedilol|E-3179|Estriol|Glycerol|N-Desmethylcitalopram|N-Desmethyleletriptan|O-Deethylated candesartan",MNP,0.0,0.0,464
TBP,2-Hydroxychlorpropamide,MNP,0.0,0.0,464
TBP,4-ene-Valproic acid,MNP,0.0,0.0,464
TBP,5-Hydroxyomeprazole,MNP,0.0,0.0,464
TBP,Acetate,MNP,0.0,0.0,464
TBP,Acetyl-L-Carnitine|Choline|Creatine|Dopamine|Histamine|Norepinephrine,MNP,0.0,0.0,464
TBP,Amiloride-sensitive sodium transport,MNP,0.0,0.0,464
TBP,Anion exchange,MNP,0.0,0.0,464
TBP,Chloride ion,MNP,0.0,0.0,464
TBP,Cholesterol,MNP,0.0,0.0,464
TBP,Cholic acid,MNP,0.0,0.0,464
TBP,Citric acid|Oxalic acid,MNP,0.0,0.0,464
TBP,Cortisol|Hydroxylansoprazole|N-Desmethyltamoxifen,MNP,0.0,0.0,464
TBP,Estradiol,MNP,0.0,0.0,464
TBP,Fatty acid,MNP,0.0,0.0,464
TBP,Folic acid,MNP,0.0,0.0,464
TBP,Iron,MNP,0.0,0.0,464
TBP,L-Carnitine,MNP,0.0,0.0,464
TBP,N-desmethylimatinib,MNP,0.0,0.0,464
TBP,Nicotinate,MNP,0.0,0.0,464
TBP,O-Desmethylverapamil (D-702),MNP,0.0,0.0,464
TBP,Progesterone,MNP,0.0,0.0,464
TBP,Sodium,MNP,0.0,0.0,464
TBP,Sodium_hydrogen exchange,MNP,0.0,0.0,464
TBP,Taurocholic acid,MNP,0.0,0.0,464
TBP,Testosterone,MNP,0.0,0.0,464
TBP,Water,MNP,0.0,0.0,464
TBP,"17a-Ethynylestradiol|3',4'-Dihydrodiol|4'-Hydroxydiclofenac|4-Hydroxycyclophosphamide|8-Hydroxycarvedilol|E-3179|Estriol|Glycerol|N-Desmethylcitalopram|N-Desmethyleletriptan|O-Deethylated candesartan",Muscularis_mucosa,0.0,0.0,92
TBP,2-Hydroxychlorpropamide,Muscularis_mucosa,0.0,0.0,92
TBP,4-ene-Valproic acid,Muscularis_mucosa,0.0,0.0,92
TBP,5-Hydroxyomeprazole,Muscularis_mucosa,0.0,0.0,92
TBP,Acetate,Muscularis_mucosa,0.0,0.0,92
TBP,Acetyl-L-Carnitine|Choline|Creatine|Dopamine|Histamine|Norepinephrine,Muscularis_mucosa,0.0,0.0,92
TBP,Amiloride-sensitive sodium transport,Muscularis_mucosa,0.0,0.0,92
TBP,Anion exchange,Muscularis_mucosa,0.0,0.0,92
TBP,Chloride ion,Muscularis_mucosa,0.0,0.0,92
TBP,Cholesterol,Muscularis_mucosa,0.0,0.0,92
TBP,Cholic acid,Muscularis_mucosa,0.0,0.0,92
TBP,Citric acid|Oxalic acid,Muscularis_mucosa,0.0,0.0,92
TBP,Cortisol|Hydroxylansoprazole|N-Desmethyltamoxifen,Muscularis_mucosa,0.0,0.0,92
TBP,Estradiol,Muscularis_mucosa,0.0,0.0,92
TBP,Fatty acid,Muscularis_mucosa,0.0,0.0,92
TBP,Folic acid,Muscularis_mucosa,0.0,0.0,92
TBP,Iron,Muscularis_mucosa,0.0,0.0,92
TBP,L-Carnitine,Muscularis_mucosa,0.0,0.0,92
TBP,N-desmethylimatinib,Muscularis_mucosa,0.0,0.0,92
TBP,Nicotinate,Muscularis_mucosa,0.0,0.0,92
TBP,O-Desmethylverapamil (D-702),Muscularis_mucosa,0.0,0.0,92
TBP,Progesterone,Muscularis_mucosa,0.0,0.0,92
TBP,Sodium,Muscularis_mucosa,0.0,0.0,92
TBP,Sodium_hydrogen exchange,Muscularis_mucosa,0.0,0.0,92
TBP,Taurocholic acid,Muscularis_mucosa,0.0,0.0,92
TBP,Testosterone,Muscularis_mucosa,0.0,0.0,92
TBP,Water,Muscularis_mucosa,0.0,0.0,92
TBP,"17a-Ethynylestradiol|3',4'-Dihydrodiol|4'-Hydroxydiclofenac|4-Hydroxycyclophosphamide|8-Hydroxycarvedilol|E-3179|Estriol|Glycerol|N-Desmethylcitalopram|N-Desmethyleletriptan|O-Deethylated candesartan",Myofibroblast,0.0,0.0,219
TBP,2-Hydroxychlorpropamide,Myofibroblast,0.0,0.0,219
TBP,4-ene-Valproic acid,Myofibroblast,0.0,0.0,219
TBP,5-Hydroxyomeprazole,Myofibroblast,0.0,0.0,219
TBP,Acetate,Myofibroblast,0.0,0.0,219
TBP,Acetyl-L-Carnitine|Choline|Creatine|Dopamine|Histamine|Norepinephrine,Myofibroblast,0.0,0.0,219
TBP,Amiloride-sensitive sodium transport,Myofibroblast,0.0,0.0,219
TBP,Anion exchange,Myofibroblast,0.0,0.0,219
TBP,Chloride ion,Myofibroblast,0.0,0.0,219
TBP,Cholesterol,Myofibroblast,0.0,0.0,219
TBP,Cholic acid,Myofibroblast,0.0,0.0,219
TBP,Citric acid|Oxalic acid,Myofibroblast,0.0,0.0,219
TBP,Cortisol|Hydroxylansoprazole|N-Desmethyltamoxifen,Myofibroblast,0.0,0.0,219
TBP,Estradiol,Myofibroblast,0.0,0.0,219
TBP,Fatty acid,Myofibroblast,0.0,0.0,219
TBP,Folic acid,Myofibroblast,0.0,0.0,219
TBP,Iron,Myofibroblast,0.0,0.0,219
TBP,L-Carnitine,Myofibroblast,0.0,0.0,219
TBP,N-desmethylimatinib,Myofibroblast,0.0,0.0,219
TBP,Nicotinate,Myofibroblast,0.0,0.0,219
TBP,O-Desmethylverapamil (D-702),Myofibroblast,0.0,0.0,219
TBP,Progesterone,Myofibroblast,0.0,0.0,219
TBP,Sodium,Myofibroblast,0.0,0.0,219
TBP,Sodium_hydrogen exchange,Myofibroblast,0.0,0.0,219
TBP,Taurocholic acid,Myofibroblast,0.0,0.0,219
TBP,Testosterone,Myofibroblast,0.0,0.0,219
TBP,Water,Myofibroblast,0.0,0.0,219
TBP,"17a-Ethynylestradiol|3',4'-Dihydrodiol|4'-Hydroxydiclofenac|4-Hydroxycyclophosphamide|8-Hydroxycarvedilol|E-3179|Estriol|Glycerol|N-Desmethylcitalopram|N-Desmethyleletriptan|O-Deethylated candesartan",Pericyte,0.0,0.0,109
TBP,2-Hydroxychlorpropamide,Pericyte,0.0,0.0,109
TBP,4-ene-Valproic acid,Pericyte,0.0,0.0,109
TBP,5-Hydroxyomeprazole,Pericyte,0.0,0.0,109
TBP,Acetate,Pericyte,0.0,0.0,109
TBP,Acetyl-L-Carnitine|Choline|Creatine|Dopamine|Histamine|Norepinephrine,Pericyte,0.0,0.0,109
TBP,Amiloride-sensitive sodium transport,Pericyte,0.0,0.0,109
TBP,Anion exchange,Pericyte,0.0,0.0,109
TBP,Chloride ion,Pericyte,0.0,0.0,109
TBP,Cholesterol,Pericyte,0.0,0.0,109
TBP,Cholic acid,Pericyte,0.0,0.0,109
TBP,Citric acid|Oxalic acid,Pericyte,0.0,0.0,109
TBP,Cortisol|Hydroxylansoprazole|N-Desmethyltamoxifen,Pericyte,0.0,0.0,109
TBP,Estradiol,Pericyte,0.0,0.0,109
TBP,Fatty acid,Pericyte,0.0,0.0,109
TBP,Folic acid,Pericyte,0.0,0.0,109
TBP,Iron,Pericyte,0.0,0.0,109
TBP,L-Carnitine,Pericyte,0.0,0.0,109
TBP,N-desmethylimatinib,Pericyte,0.0,0.0,109
TBP,Nicotinate,Pericyte,0.0,0.0,109
TBP,O-Desmethylverapamil (D-702),Pericyte,0.0,0.0,109
TBP,Progesterone,Pericyte,0.0,0.0,109
TBP,Sodium,Pericyte,0.0,0.0,109
TBP,Sodium_hydrogen exchange,Pericyte,0.0,0.0,109
TBP,Taurocholic acid,Pericyte,0.0,0.0,109
TBP,Testosterone,Pericyte,0.0,0.0,109
TBP,Water,Pericyte,0.0,0.0,109
TBP,"17a-Ethynylestradiol|3',4'-Dihydrodiol|4'-Hydroxydiclofenac|4-Hydroxycyclophosphamide|8-Hydroxycarvedilol|E-3179|Estriol|Glycerol|N-Desmethylcitalopram|N-Desmethyleletriptan|O-Deethylated candesartan",Plasma,0.0,0.0,1230
TBP,2-Hydroxychlorpropamide,Plasma,0.0,0.0,1230
TBP,4-ene-Valproic acid,Plasma,0.0,0.0,1230
TBP,5-Hydroxyomeprazole,Plasma,0.0,0.0,1230
TBP,Acetate,Plasma,0.0,0.0,1230
TBP,Acetyl-L-Carnitine|Choline|Creatine|Dopamine|Histamine|Norepinephrine,Plasma,0.0,0.0,1230
TBP,Amiloride-sensitive sodium transport,Plasma,0.0,0.0,1230
TBP,Anion exchange,Plasma,0.0,0.0,1230
TBP,Chloride ion,Plasma,0.0,0.0,1230
TBP,Cholesterol,Plasma,0.0,0.0,1230
TBP,Cholic acid,Plasma,0.0,0.0,1230
TBP,Citric acid|Oxalic acid,Plasma,0.0,0.0,1230
TBP,Cortisol|Hydroxylansoprazole|N-Desmethyltamoxifen,Plasma,0.0,0.0,1230
TBP,Estradiol,Plasma,0.0,0.0,1230
TBP,Fatty acid,Plasma,0.0,0.0,1230
TBP,Folic acid,Plasma,0.0,0.0,1230
TBP,Iron,Plasma,0.0,0.0,1230
TBP,L-Carnitine,Plasma,0.0,0.0,1230
TBP,N-desmethylimatinib,Plasma,0.0,0.0,1230
TBP,Nicotinate,Plasma,0.0,0.0,1230
TBP,O-Desmethylverapamil (D-702),Plasma,0.0,0.0,1230
TBP,Progesterone,Plasma,0.0,0.0,1230
TBP,Sodium,Plasma,0.0,0.0,1230
TBP,Sodium_hydrogen exchange,Plasma,0.0,0.0,1230
TBP,Taurocholic acid,Plasma,0.0,0.0,1230
TBP,Testosterone,Plasma,0.0,0.0,1230
TBP,Water,Plasma,0.0,0.0,1230
TBP,"17a-Ethynylestradiol|3',4'-Dihydrodiol|4'-Hydroxydiclofenac|4-Hydroxycyclophosphamide|8-Hydroxycarvedilol|E-3179|Estriol|Glycerol|N-Desmethylcitalopram|N-Desmethyleletriptan|O-Deethylated candesartan",T,0.0,0.0,632
TBP,2-Hydroxychlorpropamide,T,0.0,0.0,632
TBP,4-ene-Valproic acid,T,0.0,0.0,632
TBP,5-Hydroxyomeprazole,T,0.0,0.0,632
TBP,Acetate,T,0.0,0.0,632
TBP,Acetyl-L-Carnitine|Choline|Creatine|Dopamine|Histamine|Norepinephrine,T,0.0,0.0,632
TBP,Amiloride-sensitive sodium transport,T,0.0,0.0,632
TBP,Anion exchange,T,0.0,0.0,632
TBP,Chloride ion,T,0.0,0.0,632
TBP,Cholesterol,T,0.0,0.0,632
TBP,Cholic acid,T,0.0,0.0,632
TBP,Citric acid|Oxalic acid,T,0.0,0.0,632
TBP,Cortisol|Hydroxylansoprazole|N-Desmethyltamoxifen,T,0.0,0.0,632
TBP,Estradiol,T,0.0,0.0,632
TBP,Fatty acid,T,0.0,0.0,632
TBP,Folic acid,T,0.0,0.0,632
TBP,Iron,T,0.0,0.0,632
TBP,L-Carnitine,T,0.0,0.0,632
TBP,N-desmethylimatinib,T,0.0,0.0,632
TBP,Nicotinate,T,0.0,0.0,632
TBP,O-Desmethylverapamil (D-702),T,0.0,0.0,632
TBP,Progesterone,T,0.0,0.0,632
TBP,Sodium,T,0.0,0.0,632
TBP,Sodium_hydrogen exchange,T,0.0,0.0,632
TBP,Taurocholic acid,T,0.0,0.0,632
TBP,Testosterone,T,0.0,0.0,632
TBP,Water,T,0.0,0.0,632
TCF7,"17a-Ethynylestradiol|3',4'-Dihydrodiol|4'-Hydroxydiclofenac|4-Hydroxycyclophosphamide|8-Hydroxycarvedilol|E-3179|Estriol|Glycerol|N-Desmethylcitalopram|N-Desmethyleletriptan|O-Deethylated candesartan",B,0.0,0.0,20
TCF7,2-Hydroxychlorpropamide,B,0.0,0.0,20
TCF7,5-Hydroxyomeprazole,B,0.0,0.0,20
TCF7,Acetate,B,0.0,0.0,20
TCF7,Amiloride-sensitive sodium transport,B,0.0,0.0,20
TCF7,Anion exchange,B,0.0,0.0,20
TCF7,Chloride ion,B,0.0,0.0,20
TCF7,Cholesterol,B,0.0,0.0,20
TCF7,Cholic acid,B,0.0,0.0,20
TCF7,Cortisol|Hydroxylansoprazole|N-Desmethyltamoxifen,B,0.0,0.0,20
TCF7,Estradiol,B,0.0,0.0,20
TCF7,Fatty acid,B,0.0,0.0,20
TCF7,Folic acid,B,0.0,0.0,20
TCF7,Iron,B,0.0,0.0,20
TCF7,L-Carnitine,B,0.0,0.0,20
TCF7,N-desmethylimatinib,B,0.0,0.0,20
TCF7,O-Desmethylverapamil (D-702),B,0.0,0.0,20
TCF7,Progesterone,B,0.0,0.0,20
TCF7,Sodium,B,0.0,0.0,20
TCF7,Sodium_hydrogen exchange,B,0.0,0.0,20
TCF7,Taurocholic acid,B,0.0,0.0,20
TCF7,Testosterone,B,0.0,0.0,20
TCF7,Water,B,0.0,0.0,20
TCF7,"17a-Ethynylestradiol|3',4'-Dihydrodiol|4'-Hydroxydiclofenac|4-Hydroxycyclophosphamide|8-Hydroxycarvedilol|E-3179|Estriol|Glycerol|N-Desmethylcitalopram|N-Desmethyleletriptan|O-Deethylated candesartan",Endothelial,0.0,0.0,391
TCF7,2-Hydroxychlorpropamide,Endothelial,0.0,0.0,391
TCF7,5-Hydroxyomeprazole,Endothelial,0.0,0.0,391
TCF7,Acetate,Endothelial,0.0,0.0,391
TCF7,Amiloride-sensitive sodium transport,Endothelial,0.0,0.0,391
TCF7,Anion exchange,Endothelial,0.0,0.0,391
TCF7,Chloride ion,Endothelial,0.0,0.0,391
TCF7,Cholesterol,Endothelial,0.0,0.0,391
TCF7,Cholic acid,Endothelial,0.0,0.0,391
TCF7,Cortisol|Hydroxylansoprazole|N-Desmethyltamoxifen,Endothelial,0.0,0.0,391
TCF7,Estradiol,Endothelial,0.0,0.0,391
TCF7,Fatty acid,Endothelial,0.0,0.0,391
TCF7,Folic acid,Endothelial,0.0,0.0,391
TCF7,Iron,Endothelial,0.0,0.0,391
TCF7,L-Carnitine,Endothelial,0.0,0.0,391
TCF7,N-desmethylimatinib,Endothelial,0.0,0.0,391
TCF7,O-Desmethylverapamil (D-702),Endothelial,0.0,0.0,391
TCF7,Progesterone,Endothelial,0.0,0.0,391
TCF7,Sodium,Endothelial,0.0,0.0,391
TCF7,Sodium_hydrogen exchange,Endothelial,0.0,0.0,391
TCF7,Taurocholic acid,Endothelial,0.0,0.0,391
TCF7,Testosterone,Endothelial,0.0,0.0,391
TCF7,Water,Endothelial,0.0,0.0,391
TCF7,"17a-Ethynylestradiol|3',4'-Dihydrodiol|4'-Hydroxydiclofenac|4-Hydroxycyclophosphamide|8-Hydroxycarvedilol|E-3179|Estriol|Glycerol|N-Desmethylcitalopram|N-Desmethyleletriptan|O-Deethylated candesartan",Enteric_glia,0.0,0.0,92
TCF7,2-Hydroxychlorpropamide,Enteric_glia,0.0,0.0,92
TCF7,5-Hydroxyomeprazole,Enteric_glia,0.0,0.0,92
TCF7,Acetate,Enteric_glia,0.0,0.0,92
TCF7,Amiloride-sensitive sodium transport,Enteric_glia,0.0,0.0,92
TCF7,Anion exchange,Enteric_glia,0.0,0.0,92
TCF7,Chloride ion,Enteric_glia,0.0,0.0,92
TCF7,Cholesterol,Enteric_glia,0.0,0.0,92
TCF7,Cholic acid,Enteric_glia,0.0,0.0,92
TCF7,Cortisol|Hydroxylansoprazole|N-Desmethyltamoxifen,Enteric_glia,0.0,0.0,92
TCF7,Estradiol,Enteric_glia,0.0,0.0,92
TCF7,Fatty acid,Enteric_glia,0.0,0.0,92
TCF7,Folic acid,Enteric_glia,0.0,0.0,92
TCF7,Iron,Enteric_glia,0.0,0.0,92
TCF7,L-Carnitine,Enteric_glia,0.0,0.0,92
TCF7,N-desmethylimatinib,Enteric_glia,0.0,0.0,92
TCF7,O-Desmethylverapamil (D-702),Enteric_glia,0.0,0.0,92
TCF7,Progesterone,Enteric_glia,0.0,0.0,92
TCF7,Sodium,Enteric_glia,0.0,0.0,92
TCF7,Sodium_hydrogen exchange,Enteric_glia,0.0,0.0,92
TCF7,Taurocholic acid,Enteric_glia,0.0,0.0,92
TCF7,Testosterone,Enteric_glia,0.0,0.0,92
TCF7,Water,Enteric_glia,0.0,0.0,92
TCF7,"17a-Ethynylestradiol|3',4'-Dihydrodiol|4'-Hydroxydiclofenac|4-Hydroxycyclophosphamide|8-Hydroxycarvedilol|E-3179|Estriol|Glycerol|N-Desmethylcitalopram|N-Desmethyleletriptan|O-Deethylated candesartan",Fibroblast,0.0,0.0,944
TCF7,2-Hydroxychlorpropamide,Fibroblast,0.0,0.0,944
TCF7,5-Hydroxyomeprazole,Fibroblast,0.0,0.0,944
TCF7,Acetate,Fibroblast,0.0,0.0,944
TCF7,Amiloride-sensitive sodium transport,Fibroblast,0.0,0.0,944
TCF7,Anion exchange,Fibroblast,0.0,0.0,944
TCF7,Chloride ion,Fibroblast,0.0,0.0,944
TCF7,Cholesterol,Fibroblast,0.0,0.0,944
TCF7,Cholic acid,Fibroblast,0.0,0.0,944
TCF7,Cortisol|Hydroxylansoprazole|N-Desmethyltamoxifen,Fibroblast,0.0,0.0,944
TCF7,Estradiol,Fibroblast,0.0,0.0,944
TCF7,Fatty acid,Fibroblast,0.0,0.0,944
TCF7,Folic acid,Fibroblast,0.0,0.0,944
TCF7,Iron,Fibroblast,0.0,0.0,944
TCF7,L-Carnitine,Fibroblast,0.0,0.0,944
TCF7,N-desmethylimatinib,Fibroblast,0.0,0.0,944
TCF7,O-Desmethylverapamil (D-702),Fibroblast,0.0,0.0,944
TCF7,Progesterone,Fibroblast,0.0,0.0,944
TCF7,Sodium,Fibroblast,0.0,0.0,944
TCF7,Sodium_hydrogen exchange,Fibroblast,0.0,0.0,944
TCF7,Taurocholic acid,Fibroblast,0.0,0.0,944
TCF7,Testosterone,Fibroblast,0.0,0.0,944
TCF7,Water,Fibroblast,0.0,0.0,944
TCF7,"17a-Ethynylestradiol|3',4'-Dihydrodiol|4'-Hydroxydiclofenac|4-Hydroxycyclophosphamide|8-Hydroxycarvedilol|E-3179|Estriol|Glycerol|N-Desmethylcitalopram|N-Desmethyleletriptan|O-Deethylated candesartan",IEC,-8.969862e-09,5.701506e-09,7778
TCF7,2-Hydroxychlorpropamide,IEC,-3.6367317e-07,1.3204091e-07,7778
TCF7,5-Hydroxyomeprazole,IEC,3.404083e-07,5.0342365e-08,7778
TCF7,Acetate,IEC,7.1668924e-09,4.2284926e-10,7778
TCF7,Amiloride-sensitive sodium transport,IEC,-1.5217768e-08,9.040611e-09,7778
TCF7,Anion exchange,IEC,0.00012781202,1.933142e-05,7778
TCF7,Chloride ion,IEC,-2.3856028e-06,4.1584406e-07,7778
TCF7,Cholesterol,IEC,1.8317193e-06,7.5805744e-08,7778
TCF7,Cholic acid,IEC,2.6896302e-07,3.0897894e-08,7778
TCF7,Cortisol|Hydroxylansoprazole|N-Desmethyltamoxifen,IEC,1.882441e-06,4.7749415e-07,7778
TCF7,Estradiol,IEC,1.347619e-06,8.3290004e-08,7778
TCF7,Fatty acid,IEC,1.1217505e-09,3.1693942e-10,7778
TCF7,Folic acid,IEC,-1.6069595e-07,4.5506066e-08,7778
TCF7,Iron,IEC,-1.3862551e-09,1.937782e-10,7778
TCF7,L-Carnitine,IEC,3.3043168e-08,2.5797087e-09,7778
TCF7,N-desmethylimatinib,IEC,2.5950774e-06,2.6190332e-07,7778
TCF7,O-Desmethylverapamil (D-702),IEC,2.5439062e-06,6.387328e-07,7778
TCF7,Progesterone,IEC,-6.6710825e-08,4.6915005e-09,7778
TCF7,Sodium,IEC,1.619463e-06,1.1923203e-06,7778
TCF7,Sodium_hydrogen exchange,IEC,2.463828e-05,3.1505028e-06,7778
TCF7,Taurocholic acid,IEC,-9.1664367e-07,1.224172e-07,7778
TCF7,Testosterone,IEC,9.94823e-07,5.604113e-07,7778
TCF7,Water,IEC,2.5482523e-05,3.6814185e-06,7778
TCF7,"17a-Ethynylestradiol|3',4'-Dihydrodiol|4'-Hydroxydiclofenac|4-Hydroxycyclophosphamide|8-Hydroxycarvedilol|E-3179|Estriol|Glycerol|N-Desmethylcitalopram|N-Desmethyleletriptan|O-Deethylated candesartan",MAST,0.0,0.0,171
TCF7,2-Hydroxychlorpropamide,MAST,0.0,0.0,171
TCF7,5-Hydroxyomeprazole,MAST,0.0,0.0,171
TCF7,Acetate,MAST,0.0,0.0,171
TCF7,Amiloride-sensitive sodium transport,MAST,0.0,0.0,171
TCF7,Anion exchange,MAST,0.0,0.0,171
TCF7,Chloride ion,MAST,0.0,0.0,171
TCF7,Cholesterol,MAST,0.0,0.0,171
TCF7,Cholic acid,MAST,0.0,0.0,171
TCF7,Cortisol|Hydroxylansoprazole|N-Desmethyltamoxifen,MAST,0.0,0.0,171
TCF7,Estradiol,MAST,0.0,0.0,171
TCF7,Fatty acid,MAST,0.0,0.0,171
TCF7,Folic acid,MAST,0.0,0.0,171
TCF7,Iron,MAST,0.0,0.0,171
TCF7,L-Carnitine,MAST,0.0,0.0,171
TCF7,N-desmethylimatinib,MAST,0.0,0.0,171
TCF7,O-Desmethylverapamil (D-702),MAST,0.0,0.0,171
TCF7,Progesterone,MAST,0.0,0.0,171
TCF7,Sodium,MAST,0.0,0.0,171
TCF7,Sodium_hydrogen exchange,MAST,0.0,0.0,171
TCF7,Taurocholic acid,MAST,0.0,0.0,171
TCF7,Testosterone,MAST,0.0,0.0,171
TCF7,Water,MAST,0.0,0.0,171
TCF7,"17a-Ethynylestradiol|3',4'-Dihydrodiol|4'-Hydroxydiclofenac|4-Hydroxycyclophosphamide|8-Hydroxycarvedilol|E-3179|Estriol|Glycerol|N-Desmethylcitalopram|N-Desmethyleletriptan|O-Deethylated candesartan",MNP,0.0,0.0,464
TCF7,2-Hydroxychlorpropamide,MNP,0.0,0.0,464
TCF7,5-Hydroxyomeprazole,MNP,0.0,0.0,464
TCF7,Acetate,MNP,0.0,0.0,464
TCF7,Amiloride-sensitive sodium transport,MNP,0.0,0.0,464
TCF7,Anion exchange,MNP,0.0,0.0,464
TCF7,Chloride ion,MNP,0.0,0.0,464
TCF7,Cholesterol,MNP,0.0,0.0,464
TCF7,Cholic acid,MNP,0.0,0.0,464
TCF7,Cortisol|Hydroxylansoprazole|N-Desmethyltamoxifen,MNP,0.0,0.0,464
TCF7,Estradiol,MNP,0.0,0.0,464
TCF7,Fatty acid,MNP,0.0,0.0,464
TCF7,Folic acid,MNP,0.0,0.0,464
TCF7,Iron,MNP,0.0,0.0,464
TCF7,L-Carnitine,MNP,0.0,0.0,464
TCF7,N-desmethylimatinib,MNP,0.0,0.0,464
TCF7,O-Desmethylverapamil (D-702),MNP,0.0,0.0,464
TCF7,Progesterone,MNP,0.0,0.0,464
TCF7,Sodium,MNP,0.0,0.0,464
TCF7,Sodium_hydrogen exchange,MNP,0.0,0.0,464
TCF7,Taurocholic acid,MNP,0.0,0.0,464
TCF7,Testosterone,MNP,0.0,0.0,464
TCF7,Water,MNP,0.0,0.0,464
TCF7,"17a-Ethynylestradiol|3',4'-Dihydrodiol|4'-Hydroxydiclofenac|4-Hydroxycyclophosphamide|8-Hydroxycarvedilol|E-3179|Estriol|Glycerol|N-Desmethylcitalopram|N-Desmethyleletriptan|O-Deethylated candesartan",Muscularis_mucosa,0.0,0.0,92
TCF7,2-Hydroxychlorpropamide,Muscularis_mucosa,0.0,0.0,92
TCF7,5-Hydroxyomeprazole,Muscularis_mucosa,0.0,0.0,92
TCF7,Acetate,Muscularis_mucosa,0.0,0.0,92
TCF7,Amiloride-sensitive sodium transport,Muscularis_mucosa,0.0,0.0,92
TCF7,Anion exchange,Muscularis_mucosa,0.0,0.0,92
TCF7,Chloride ion,Muscularis_mucosa,0.0,0.0,92
TCF7,Cholesterol,Muscularis_mucosa,0.0,0.0,92
TCF7,Cholic acid,Muscularis_mucosa,0.0,0.0,92
TCF7,Cortisol|Hydroxylansoprazole|N-Desmethyltamoxifen,Muscularis_mucosa,0.0,0.0,92
TCF7,Estradiol,Muscularis_mucosa,0.0,0.0,92
TCF7,Fatty acid,Muscularis_mucosa,0.0,0.0,92
TCF7,Folic acid,Muscularis_mucosa,0.0,0.0,92
TCF7,Iron,Muscularis_mucosa,0.0,0.0,92
TCF7,L-Carnitine,Muscularis_mucosa,0.0,0.0,92
TCF7,N-desmethylimatinib,Muscularis_mucosa,0.0,0.0,92
TCF7,O-Desmethylverapamil (D-702),Muscularis_mucosa,0.0,0.0,92
TCF7,Progesterone,Muscularis_mucosa,0.0,0.0,92
TCF7,Sodium,Muscularis_mucosa,0.0,0.0,92
TCF7,Sodium_hydrogen exchange,Muscularis_mucosa,0.0,0.0,92
TCF7,Taurocholic acid,Muscularis_mucosa,0.0,0.0,92
TCF7,Testosterone,Muscularis_mucosa,0.0,0.0,92
TCF7,Water,Muscularis_mucosa,0.0,0.0,92
TCF7,"17a-Ethynylestradiol|3',4'-Dihydrodiol|4'-Hydroxydiclofenac|4-Hydroxycyclophosphamide|8-Hydroxycarvedilol|E-3179|Estriol|Glycerol|N-Desmethylcitalopram|N-Desmethyleletriptan|O-Deethylated candesartan",Myofibroblast,0.0,0.0,219
TCF7,2-Hydroxychlorpropamide,Myofibroblast,0.0,0.0,219
TCF7,5-Hydroxyomeprazole,Myofibroblast,0.0,0.0,219
TCF7,Acetate,Myofibroblast,0.0,0.0,219
TCF7,Amiloride-sensitive sodium transport,Myofibroblast,0.0,0.0,219
TCF7,Anion exchange,Myofibroblast,0.0,0.0,219
TCF7,Chloride ion,Myofibroblast,0.0,0.0,219
TCF7,Cholesterol,Myofibroblast,0.0,0.0,219
TCF7,Cholic acid,Myofibroblast,0.0,0.0,219
TCF7,Cortisol|Hydroxylansoprazole|N-Desmethyltamoxifen,Myofibroblast,0.0,0.0,219
TCF7,Estradiol,Myofibroblast,0.0,0.0,219
TCF7,Fatty acid,Myofibroblast,0.0,0.0,219
TCF7,Folic acid,Myofibroblast,0.0,0.0,219
TCF7,Iron,Myofibroblast,0.0,0.0,219
TCF7,L-Carnitine,Myofibroblast,0.0,0.0,219
TCF7,N-desmethylimatinib,Myofibroblast,0.0,0.0,219
TCF7,O-Desmethylverapamil (D-702),Myofibroblast,0.0,0.0,219
TCF7,Progesterone,Myofibroblast,0.0,0.0,219
TCF7,Sodium,Myofibroblast,0.0,0.0,219
TCF7,Sodium_hydrogen exchange,Myofibroblast,0.0,0.0,219
TCF7,Taurocholic acid,Myofibroblast,0.0,0.0,219
TCF7,Testosterone,Myofibroblast,0.0,0.0,219
TCF7,Water,Myofibroblast,0.0,0.0,219
TCF7,"17a-Ethynylestradiol|3',4'-Dihydrodiol|4'-Hydroxydiclofenac|4-Hydroxycyclophosphamide|8-Hydroxycarvedilol|E-3179|Estriol|Glycerol|N-Desmethylcitalopram|N-Desmethyleletriptan|O-Deethylated candesartan",Pericyte,0.0,0.0,109
TCF7,2-Hydroxychlorpropamide,Pericyte,0.0,0.0,109
TCF7,5-Hydroxyomeprazole,Pericyte,0.0,0.0,109
TCF7,Acetate,Pericyte,0.0,0.0,109
TCF7,Amiloride-sensitive sodium transport,Pericyte,0.0,0.0,109
TCF7,Anion exchange,Pericyte,0.0,0.0,109
TCF7,Chloride ion,Pericyte,0.0,0.0,109
TCF7,Cholesterol,Pericyte,0.0,0.0,109
TCF7,Cholic acid,Pericyte,0.0,0.0,109
TCF7,Cortisol|Hydroxylansoprazole|N-Desmethyltamoxifen,Pericyte,0.0,0.0,109
TCF7,Estradiol,Pericyte,0.0,0.0,109
TCF7,Fatty acid,Pericyte,0.0,0.0,109
TCF7,Folic acid,Pericyte,0.0,0.0,109
TCF7,Iron,Pericyte,0.0,0.0,109
TCF7,L-Carnitine,Pericyte,0.0,0.0,109
TCF7,N-desmethylimatinib,Pericyte,0.0,0.0,109
TCF7,O-Desmethylverapamil (D-702),Pericyte,0.0,0.0,109
TCF7,Progesterone,Pericyte,0.0,0.0,109
TCF7,Sodium,Pericyte,0.0,0.0,109
TCF7,Sodium_hydrogen exchange,Pericyte,0.0,0.0,109
TCF7,Taurocholic acid,Pericyte,0.0,0.0,109
TCF7,Testosterone,Pericyte,0.0,0.0,109
TCF7,Water,Pericyte,0.0,0.0,109
TCF7,"17a-Ethynylestradiol|3',4'-Dihydrodiol|4'-Hydroxydiclofenac|4-Hydroxycyclophosphamide|8-Hydroxycarvedilol|E-3179|Estriol|Glycerol|N-Desmethylcitalopram|N-Desmethyleletriptan|O-Deethylated candesartan",Plasma,0.0,0.0,1230
TCF7,2-Hydroxychlorpropamide,Plasma,0.0,0.0,1230
TCF7,5-Hydroxyomeprazole,Plasma,0.0,0.0,1230
TCF7,Acetate,Plasma,0.0,0.0,1230
TCF7,Amiloride-sensitive sodium transport,Plasma,0.0,0.0,1230
TCF7,Anion exchange,Plasma,0.0,0.0,1230
TCF7,Chloride ion,Plasma,0.0,0.0,1230
TCF7,Cholesterol,Plasma,0.0,0.0,1230
TCF7,Cholic acid,Plasma,0.0,0.0,1230
TCF7,Cortisol|Hydroxylansoprazole|N-Desmethyltamoxifen,Plasma,0.0,0.0,1230
TCF7,Estradiol,Plasma,0.0,0.0,1230
TCF7,Fatty acid,Plasma,0.0,0.0,1230
TCF7,Folic acid,Plasma,0.0,0.0,1230
TCF7,Iron,Plasma,0.0,0.0,1230
TCF7,L-Carnitine,Plasma,0.0,0.0,1230
TCF7,N-desmethylimatinib,Plasma,0.0,0.0,1230
TCF7,O-Desmethylverapamil (D-702),Plasma,0.0,0.0,1230
TCF7,Progesterone,Plasma,0.0,0.0,1230
TCF7,Sodium,Plasma,0.0,0.0,1230
TCF7,Sodium_hydrogen exchange,Plasma,0.0,0.0,1230
TCF7,Taurocholic acid,Plasma,0.0,0.0,1230
TCF7,Testosterone,Plasma,0.0,0.0,1230
TCF7,Water,Plasma,0.0,0.0,1230
TCF7,"17a-Ethynylestradiol|3',4'-Dihydrodiol|4'-Hydroxydiclofenac|4-Hydroxycyclophosphamide|8-Hydroxycarvedilol|E-3179|Estriol|Glycerol|N-Desmethylcitalopram|N-Desmethyleletriptan|O-Deethylated candesartan",T,0.0,0.0,632
TCF7,2-Hydroxychlorpropamide,T,0.0,0.0,632
TCF7,5-Hydroxyomeprazole,T,0.0,0.0,632
TCF7,Acetate,T,0.0,0.0,632
TCF7,Amiloride-sensitive sodium transport,T,0.0,0.0,632
TCF7,Anion exchange,T,0.0,0.0,632
TCF7,Chloride ion,T,0.0,0.0,632
TCF7,Cholesterol,T,0.0,0.0,632
TCF7,Cholic acid,T,0.0,0.0,632
TCF7,Cortisol|Hydroxylansoprazole|N-Desmethyltamoxifen,T,0.0,0.0,632
TCF7,Estradiol,T,0.0,0.0,632
TCF7,Fatty acid,T,0.0,0.0,632
TCF7,Folic acid,T,0.0,0.0,632
TCF7,Iron,T,0.0,0.0,632
TCF7,L-Carnitine,T,0.0,0.0,632
TCF7,N-desmethylimatinib,T,0.0,0.0,632
TCF7,O-Desmethylverapamil (D-702),T,0.0,0.0,632
TCF7,Progesterone,T,0.0,0.0,632
TCF7,Sodium,T,0.0,0.0,632
TCF7,Sodium_hydrogen exchange,T,0.0,0.0,632
TCF7,Taurocholic acid,T,0.0,0.0,632
TCF7,Testosterone,T,0.0,0.0,632
TCF7,Water,T,0.0,0.0,632
TOX,"17a-Ethynylestradiol|3',4'-Dihydrodiol|4'-Hydroxydiclofenac|4-Hydroxycyclophosphamide|8-Hydroxycarvedilol|E-3179|Estriol|Glycerol|N-Desmethylcitalopram|N-Desmethyleletriptan|O-Deethylated candesartan",B,0.0,0.0,20
TOX,2-Hydroxychlorpropamide,B,0.0,0.0,20
TOX,4-ene-Valproic acid,B,0.0,0.0,20
TOX,5-Hydroxyomeprazole,B,0.0,0.0,20
TOX,Acetate,B,0.0,0.0,20
TOX,Acetyl-L-Carnitine|Choline|Creatine|Dopamine|Histamine|Norepinephrine,B,0.0,0.0,20
TOX,Adenosine triphosphate,B,0.0,0.0,20
TOX,Amiloride-sensitive sodium transport,B,0.0,0.0,20
TOX,Anion exchange,B,0.0,0.0,20
TOX,Chloride ion,B,0.0,0.0,20
TOX,Cholesterol,B,0.0,0.0,20
TOX,Cholic acid,B,0.0,0.0,20
TOX,Cortisol|Hydroxylansoprazole|N-Desmethyltamoxifen,B,0.0,0.0,20
TOX,Estradiol,B,0.0,0.0,20
TOX,Fatty acid,B,0.0,0.0,20
TOX,Folic acid,B,0.0,0.0,20
TOX,Iron,B,0.0,0.0,20
TOX,L-Arginine|L-Cystine|L-Lysine|L-Ornithine,B,0.0,0.0,20
TOX,L-Carnitine,B,0.0,0.0,20
TOX,N-desmethylimatinib,B,0.0,0.0,20
TOX,Nicotinate,B,0.0,0.0,20
TOX,O-Desmethylverapamil (D-702),B,0.0,0.0,20
TOX,Progesterone,B,0.0,0.0,20
TOX,Sodium,B,0.0,0.0,20
TOX,Sodium_hydrogen exchange,B,0.0,0.0,20
TOX,Taurocholic acid,B,0.0,0.0,20
TOX,Testosterone,B,0.0,0.0,20
TOX,Water,B,0.0,0.0,20
TOX,"17a-Ethynylestradiol|3',4'-Dihydrodiol|4'-Hydroxydiclofenac|4-Hydroxycyclophosphamide|8-Hydroxycarvedilol|E-3179|Estriol|Glycerol|N-Desmethylcitalopram|N-Desmethyleletriptan|O-Deethylated candesartan",Endothelial,0.0,0.0,391
TOX,2-Hydroxychlorpropamide,Endothelial,0.0,0.0,391
TOX,4-ene-Valproic acid,Endothelial,0.0,0.0,391
TOX,5-Hydroxyomeprazole,Endothelial,0.0,0.0,391
TOX,Acetate,Endothelial,0.0,0.0,391
TOX,Acetyl-L-Carnitine|Choline|Creatine|Dopamine|Histamine|Norepinephrine,Endothelial,0.0,0.0,391
TOX,Adenosine triphosphate,Endothelial,0.0,0.0,391
TOX,Amiloride-sensitive sodium transport,Endothelial,0.0,0.0,391
TOX,Anion exchange,Endothelial,0.0,0.0,391
TOX,Chloride ion,Endothelial,0.0,0.0,391
TOX,Cholesterol,Endothelial,0.0,0.0,391
TOX,Cholic acid,Endothelial,0.0,0.0,391
TOX,Cortisol|Hydroxylansoprazole|N-Desmethyltamoxifen,Endothelial,0.0,0.0,391
TOX,Estradiol,Endothelial,0.0,0.0,391
TOX,Fatty acid,Endothelial,0.0,0.0,391
TOX,Folic acid,Endothelial,0.0,0.0,391
TOX,Iron,Endothelial,0.0,0.0,391
TOX,L-Arginine|L-Cystine|L-Lysine|L-Ornithine,Endothelial,0.0,0.0,391
TOX,L-Carnitine,Endothelial,0.0,0.0,391
TOX,N-desmethylimatinib,Endothelial,0.0,0.0,391
TOX,Nicotinate,Endothelial,0.0,0.0,391
TOX,O-Desmethylverapamil (D-702),Endothelial,0.0,0.0,391
TOX,Progesterone,Endothelial,0.0,0.0,391
TOX,Sodium,Endothelial,0.0,0.0,391
TOX,Sodium_hydrogen exchange,Endothelial,0.0,0.0,391
TOX,Taurocholic acid,Endothelial,0.0,0.0,391
TOX,Testosterone,Endothelial,0.0,0.0,391
TOX,Water,Endothelial,0.0,0.0,391
TOX,"17a-Ethynylestradiol|3',4'-Dihydrodiol|4'-Hydroxydiclofenac|4-Hydroxycyclophosphamide|8-Hydroxycarvedilol|E-3179|Estriol|Glycerol|N-Desmethylcitalopram|N-Desmethyleletriptan|O-Deethylated candesartan",Enteric_glia,0.0,0.0,92
TOX,2-Hydroxychlorpropamide,Enteric_glia,0.0,0.0,92
TOX,4-ene-Valproic acid,Enteric_glia,0.0,0.0,92
TOX,5-Hydroxyomeprazole,Enteric_glia,0.0,0.0,92
TOX,Acetate,Enteric_glia,0.0,0.0,92
TOX,Acetyl-L-Carnitine|Choline|Creatine|Dopamine|Histamine|Norepinephrine,Enteric_glia,0.0,0.0,92
TOX,Adenosine triphosphate,Enteric_glia,0.0,0.0,92
TOX,Amiloride-sensitive sodium transport,Enteric_glia,0.0,0.0,92
TOX,Anion exchange,Enteric_glia,0.0,0.0,92
TOX,Chloride ion,Enteric_glia,0.0,0.0,92
TOX,Cholesterol,Enteric_glia,0.0,0.0,92
TOX,Cholic acid,Enteric_glia,0.0,0.0,92
TOX,Cortisol|Hydroxylansoprazole|N-Desmethyltamoxifen,Enteric_glia,0.0,0.0,92
TOX,Estradiol,Enteric_glia,0.0,0.0,92
TOX,Fatty acid,Enteric_glia,0.0,0.0,92
TOX,Folic acid,Enteric_glia,0.0,0.0,92
TOX,Iron,Enteric_glia,0.0,0.0,92
TOX,L-Arginine|L-Cystine|L-Lysine|L-Ornithine,Enteric_glia,0.0,0.0,92
TOX,L-Carnitine,Enteric_glia,0.0,0.0,92
TOX,N-desmethylimatinib,Enteric_glia,0.0,0.0,92
TOX,Nicotinate,Enteric_glia,0.0,0.0,92
TOX,O-Desmethylverapamil (D-702),Enteric_glia,0.0,0.0,92
TOX,Progesterone,Enteric_glia,0.0,0.0,92
TOX,Sodium,Enteric_glia,0.0,0.0,92
TOX,Sodium_hydrogen exchange,Enteric_glia,0.0,0.0,92
TOX,Taurocholic acid,Enteric_glia,0.0,0.0,92
TOX,Testosterone,Enteric_glia,0.0,0.0,92
TOX,Water,Enteric_glia,0.0,0.0,92
TOX,"17a-Ethynylestradiol|3',4'-Dihydrodiol|4'-Hydroxydiclofenac|4-Hydroxycyclophosphamide|8-Hydroxycarvedilol|E-3179|Estriol|Glycerol|N-Desmethylcitalopram|N-Desmethyleletriptan|O-Deethylated candesartan",Fibroblast,0.0,0.0,944
TOX,2-Hydroxychlorpropamide,Fibroblast,0.0,0.0,944
TOX,4-ene-Valproic acid,Fibroblast,0.0,0.0,944
TOX,5-Hydroxyomeprazole,Fibroblast,0.0,0.0,944
TOX,Acetate,Fibroblast,0.0,0.0,944
TOX,Acetyl-L-Carnitine|Choline|Creatine|Dopamine|Histamine|Norepinephrine,Fibroblast,0.0,0.0,944
TOX,Adenosine triphosphate,Fibroblast,0.0,0.0,944
TOX,Amiloride-sensitive sodium transport,Fibroblast,0.0,0.0,944
TOX,Anion exchange,Fibroblast,0.0,0.0,944
TOX,Chloride ion,Fibroblast,0.0,0.0,944
TOX,Cholesterol,Fibroblast,0.0,0.0,944
TOX,Cholic acid,Fibroblast,0.0,0.0,944
TOX,Cortisol|Hydroxylansoprazole|N-Desmethyltamoxifen,Fibroblast,0.0,0.0,944
TOX,Estradiol,Fibroblast,0.0,0.0,944
TOX,Fatty acid,Fibroblast,0.0,0.0,944
TOX,Folic acid,Fibroblast,0.0,0.0,944
TOX,Iron,Fibroblast,0.0,0.0,944
TOX,L-Arginine|L-Cystine|L-Lysine|L-Ornithine,Fibroblast,0.0,0.0,944
TOX,L-Carnitine,Fibroblast,0.0,0.0,944
TOX,N-desmethylimatinib,Fibroblast,0.0,0.0,944
TOX,Nicotinate,Fibroblast,0.0,0.0,944
TOX,O-Desmethylverapamil (D-702),Fibroblast,0.0,0.0,944
TOX,Progesterone,Fibroblast,0.0,0.0,944
TOX,Sodium,Fibroblast,0.0,0.0,944
TOX,Sodium_hydrogen exchange,Fibroblast,0.0,0.0,944
TOX,Taurocholic acid,Fibroblast,0.0,0.0,944
TOX,Testosterone,Fibroblast,0.0,0.0,944
TOX,Water,Fibroblast,0.0,0.0,944
TOX,"17a-Ethynylestradiol|3',4'-Dihydrodiol|4'-Hydroxydiclofenac|4-Hydroxycyclophosphamide|8-Hydroxycarvedilol|E-3179|Estriol|Glycerol|N-Desmethylcitalopram|N-Desmethyleletriptan|O-Deethylated candesartan",IEC,-4.8782338e-05,7.1895606e-06,7778
TOX,2-Hydroxychlorpropamide,IEC,-0.0001240457,2.9877401e-05,7778
TOX,4-ene-Valproic acid,IEC,-1.561087e-05,3.825211e-06,7778
TOX,5-Hydroxyomeprazole,IEC,-0.00085741066,0.00026094154,7778
TOX,Acetate,IEC,7.643884e-06,1.1245536e-06,7778
TOX,Acetyl-L-Carnitine|Choline|Creatine|Dopamine|Histamine|Norepinephrine,IEC,-3.4630197e-05,7.834337e-06,7778
TOX,Adenosine triphosphate,IEC,1.0885908e-06,9.358044e-08,7778
TOX,Amiloride-sensitive sodium transport,IEC,-7.8280655e-06,7.647411e-07,7778
TOX,Anion exchange,IEC,-0.020451961,0.0021470592,7778
TOX,Chloride ion,IEC,-3.641324e-05,4.2303604e-06,7778
TOX,Cholesterol,IEC,-0.0007217105,0.00015360021,7778
TOX,Cholic acid,IEC,-0.0001197573,1.17169975e-05,7778
TOX,Cortisol|Hydroxylansoprazole|N-Desmethyltamoxifen,IEC,-0.0004815195,6.42002e-05,7778
TOX,Estradiol,IEC,-0.0004103268,5.520056e-05,7778
TOX,Fatty acid,IEC,-0.00019450567,1.8152368e-05,7778
TOX,Folic acid,IEC,-0.00019162189,4.1052386e-05,7778
TOX,Iron,IEC,-9.8727425e-05,5.2742644e-06,7778
TOX,L-Arginine|L-Cystine|L-Lysine|L-Ornithine,IEC,3.796187e-08,1.2024709e-08,7778
TOX,L-Carnitine,IEC,-0.00016148025,3.2034415e-05,7778
TOX,N-desmethylimatinib,IEC,-0.0005303404,7.8237834e-05,7778
TOX,Nicotinate,IEC,-1.7424666e-06,3.2196073e-07,7778
TOX,O-Desmethylverapamil (D-702),IEC,-0.0020284832,0.0004005513,7778
TOX,Progesterone,IEC,-6.197027e-05,4.3334244e-06,7778
TOX,Sodium,IEC,-3.3065346e-05,1.7573237e-05,7778
TOX,Sodium_hydrogen exchange,IEC,-0.0074751135,0.0008799341,7778
TOX,Taurocholic acid,IEC,-0.0009206455,0.00022951001,7778
TOX,Testosterone,IEC,-0.00074238976,0.000115404844,7778
TOX,Water,IEC,-0.017078692,0.00085036026,7778
TOX,"17a-Ethynylestradiol|3',4'-Dihydrodiol|4'-Hydroxydiclofenac|4-Hydroxycyclophosphamide|8-Hydroxycarvedilol|E-3179|Estriol|Glycerol|N-Desmethylcitalopram|N-Desmethyleletriptan|O-Deethylated candesartan",MAST,0.0,0.0,171
TOX,2-Hydroxychlorpropamide,MAST,0.0,0.0,171
TOX,4-ene-Valproic acid,MAST,0.0,0.0,171
TOX,5-Hydroxyomeprazole,MAST,0.0,0.0,171
TOX,Acetate,MAST,0.0,0.0,171
TOX,Acetyl-L-Carnitine|Choline|Creatine|Dopamine|Histamine|Norepinephrine,MAST,0.0,0.0,171
TOX,Adenosine triphosphate,MAST,0.0,0.0,171
TOX,Amiloride-sensitive sodium transport,MAST,0.0,0.0,171
TOX,Anion exchange,MAST,0.0,0.0,171
TOX,Chloride ion,MAST,0.0,0.0,171
TOX,Cholesterol,MAST,0.0,0.0,171
TOX,Cholic acid,MAST,0.0,0.0,171
TOX,Cortisol|Hydroxylansoprazole|N-Desmethyltamoxifen,MAST,0.0,0.0,171
TOX,Estradiol,MAST,0.0,0.0,171
TOX,Fatty acid,MAST,0.0,0.0,171
TOX,Folic acid,MAST,0.0,0.0,171
TOX,Iron,MAST,0.0,0.0,171
TOX,L-Arginine|L-Cystine|L-Lysine|L-Ornithine,MAST,0.0,0.0,171
TOX,L-Carnitine,MAST,0.0,0.0,171
TOX,N-desmethylimatinib,MAST,0.0,0.0,171
TOX,Nicotinate,MAST,0.0,0.0,171
TOX,O-Desmethylverapamil (D-702),MAST,0.0,0.0,171
TOX,Progesterone,MAST,0.0,0.0,171
TOX,Sodium,MAST,0.0,0.0,171
TOX,Sodium_hydrogen exchange,MAST,0.0,0.0,171
TOX,Taurocholic acid,MAST,0.0,0.0,171
TOX,Testosterone,MAST,0.0,0.0,171
TOX,Water,MAST,0.0,0.0,171
TOX,"17a-Ethynylestradiol|3',4'-Dihydrodiol|4'-Hydroxydiclofenac|4-Hydroxycyclophosphamide|8-Hydroxycarvedilol|E-3179|Estriol|Glycerol|N-Desmethylcitalopram|N-Desmethyleletriptan|O-Deethylated candesartan",MNP,0.0,0.0,464
TOX,2-Hydroxychlorpropamide,MNP,0.0,0.0,464
TOX,4-ene-Valproic acid,MNP,0.0,0.0,464
TOX,5-Hydroxyomeprazole,MNP,0.0,0.0,464
TOX,Acetate,MNP,0.0,0.0,464
TOX,Acetyl-L-Carnitine|Choline|Creatine|Dopamine|Histamine|Norepinephrine,MNP,0.0,0.0,464
TOX,Adenosine triphosphate,MNP,0.0,0.0,464
TOX,Amiloride-sensitive sodium transport,MNP,0.0,0.0,464
TOX,Anion exchange,MNP,0.0,0.0,464
TOX,Chloride ion,MNP,0.0,0.0,464
TOX,Cholesterol,MNP,0.0,0.0,464
TOX,Cholic acid,MNP,0.0,0.0,464
TOX,Cortisol|Hydroxylansoprazole|N-Desmethyltamoxifen,MNP,0.0,0.0,464
TOX,Estradiol,MNP,0.0,0.0,464
TOX,Fatty acid,MNP,0.0,0.0,464
TOX,Folic acid,MNP,0.0,0.0,464
TOX,Iron,MNP,0.0,0.0,464
TOX,L-Arginine|L-Cystine|L-Lysine|L-Ornithine,MNP,0.0,0.0,464
TOX,L-Carnitine,MNP,0.0,0.0,464
TOX,N-desmethylimatinib,MNP,0.0,0.0,464
TOX,Nicotinate,MNP,0.0,0.0,464
TOX,O-Desmethylverapamil (D-702),MNP,0.0,0.0,464
TOX,Progesterone,MNP,0.0,0.0,464
TOX,Sodium,MNP,0.0,0.0,464
TOX,Sodium_hydrogen exchange,MNP,0.0,0.0,464
TOX,Taurocholic acid,MNP,0.0,0.0,464
TOX,Testosterone,MNP,0.0,0.0,464
TOX,Water,MNP,0.0,0.0,464
TOX,"17a-Ethynylestradiol|3',4'-Dihydrodiol|4'-Hydroxydiclofenac|4-Hydroxycyclophosphamide|8-Hydroxycarvedilol|E-3179|Estriol|Glycerol|N-Desmethylcitalopram|N-Desmethyleletriptan|O-Deethylated candesartan",Muscularis_mucosa,0.0,0.0,92
TOX,2-Hydroxychlorpropamide,Muscularis_mucosa,0.0,0.0,92
TOX,4-ene-Valproic acid,Muscularis_mucosa,0.0,0.0,92
TOX,5-Hydroxyomeprazole,Muscularis_mucosa,0.0,0.0,92
TOX,Acetate,Muscularis_mucosa,0.0,0.0,92
TOX,Acetyl-L-Carnitine|Choline|Creatine|Dopamine|Histamine|Norepinephrine,Muscularis_mucosa,0.0,0.0,92
TOX,Adenosine triphosphate,Muscularis_mucosa,0.0,0.0,92
TOX,Amiloride-sensitive sodium transport,Muscularis_mucosa,0.0,0.0,92
TOX,Anion exchange,Muscularis_mucosa,0.0,0.0,92
TOX,Chloride ion,Muscularis_mucosa,0.0,0.0,92
TOX,Cholesterol,Muscularis_mucosa,0.0,0.0,92
TOX,Cholic acid,Muscularis_mucosa,0.0,0.0,92
TOX,Cortisol|Hydroxylansoprazole|N-Desmethyltamoxifen,Muscularis_mucosa,0.0,0.0,92
TOX,Estradiol,Muscularis_mucosa,0.0,0.0,92
TOX,Fatty acid,Muscularis_mucosa,0.0,0.0,92
TOX,Folic acid,Muscularis_mucosa,0.0,0.0,92
TOX,Iron,Muscularis_mucosa,0.0,0.0,92
TOX,L-Arginine|L-Cystine|L-Lysine|L-Ornithine,Muscularis_mucosa,0.0,0.0,92
TOX,L-Carnitine,Muscularis_mucosa,0.0,0.0,92
TOX,N-desmethylimatinib,Muscularis_mucosa,0.0,0.0,92
TOX,Nicotinate,Muscularis_mucosa,0.0,0.0,92
TOX,O-Desmethylverapamil (D-702),Muscularis_mucosa,0.0,0.0,92
TOX,Progesterone,Muscularis_mucosa,0.0,0.0,92
TOX,Sodium,Muscularis_mucosa,0.0,0.0,92
TOX,Sodium_hydrogen exchange,Muscularis_mucosa,0.0,0.0,92
TOX,Taurocholic acid,Muscularis_mucosa,0.0,0.0,92
TOX,Testosterone,Muscularis_mucosa,0.0,0.0,92
TOX,Water,Muscularis_mucosa,0.0,0.0,92
TOX,"17a-Ethynylestradiol|3',4'-Dihydrodiol|4'-Hydroxydiclofenac|4-Hydroxycyclophosphamide|8-Hydroxycarvedilol|E-3179|Estriol|Glycerol|N-Desmethylcitalopram|N-Desmethyleletriptan|O-Deethylated candesartan",Myofibroblast,0.0,0.0,219
TOX,2-Hydroxychlorpropamide,Myofibroblast,0.0,0.0,219
TOX,4-ene-Valproic acid,Myofibroblast,0.0,0.0,219
TOX,5-Hydroxyomeprazole,Myofibroblast,0.0,0.0,219
TOX,Acetate,Myofibroblast,0.0,0.0,219
TOX,Acetyl-L-Carnitine|Choline|Creatine|Dopamine|Histamine|Norepinephrine,Myofibroblast,0.0,0.0,219
TOX,Adenosine triphosphate,Myofibroblast,0.0,0.0,219
TOX,Amiloride-sensitive sodium transport,Myofibroblast,0.0,0.0,219
TOX,Anion exchange,Myofibroblast,0.0,0.0,219
TOX,Chloride ion,Myofibroblast,0.0,0.0,219
TOX,Cholesterol,Myofibroblast,0.0,0.0,219
TOX,Cholic acid,Myofibroblast,0.0,0.0,219
TOX,Cortisol|Hydroxylansoprazole|N-Desmethyltamoxifen,Myofibroblast,0.0,0.0,219
TOX,Estradiol,Myofibroblast,0.0,0.0,219
TOX,Fatty acid,Myofibroblast,0.0,0.0,219
TOX,Folic acid,Myofibroblast,0.0,0.0,219
TOX,Iron,Myofibroblast,0.0,0.0,219
TOX,L-Arginine|L-Cystine|L-Lysine|L-Ornithine,Myofibroblast,0.0,0.0,219
TOX,L-Carnitine,Myofibroblast,0.0,0.0,219
TOX,N-desmethylimatinib,Myofibroblast,0.0,0.0,219
TOX,Nicotinate,Myofibroblast,0.0,0.0,219
TOX,O-Desmethylverapamil (D-702),Myofibroblast,0.0,0.0,219
TOX,Progesterone,Myofibroblast,0.0,0.0,219
TOX,Sodium,Myofibroblast,0.0,0.0,219
TOX,Sodium_hydrogen exchange,Myofibroblast,0.0,0.0,219
TOX,Taurocholic acid,Myofibroblast,0.0,0.0,219
TOX,Testosterone,Myofibroblast,0.0,0.0,219
TOX,Water,Myofibroblast,0.0,0.0,219
TOX,"17a-Ethynylestradiol|3',4'-Dihydrodiol|4'-Hydroxydiclofenac|4-Hydroxycyclophosphamide|8-Hydroxycarvedilol|E-3179|Estriol|Glycerol|N-Desmethylcitalopram|N-Desmethyleletriptan|O-Deethylated candesartan",Pericyte,0.0,0.0,109
TOX,2-Hydroxychlorpropamide,Pericyte,0.0,0.0,109
TOX,4-ene-Valproic acid,Pericyte,0.0,0.0,109
TOX,5-Hydroxyomeprazole,Pericyte,0.0,0.0,109
TOX,Acetate,Pericyte,0.0,0.0,109
TOX,Acetyl-L-Carnitine|Choline|Creatine|Dopamine|Histamine|Norepinephrine,Pericyte,0.0,0.0,109
TOX,Adenosine triphosphate,Pericyte,0.0,0.0,109
TOX,Amiloride-sensitive sodium transport,Pericyte,0.0,0.0,109
TOX,Anion exchange,Pericyte,0.0,0.0,109
TOX,Chloride ion,Pericyte,0.0,0.0,109
TOX,Cholesterol,Pericyte,0.0,0.0,109
TOX,Cholic acid,Pericyte,0.0,0.0,109
TOX,Cortisol|Hydroxylansoprazole|N-Desmethyltamoxifen,Pericyte,0.0,0.0,109
TOX,Estradiol,Pericyte,0.0,0.0,109
TOX,Fatty acid,Pericyte,0.0,0.0,109
TOX,Folic acid,Pericyte,0.0,0.0,109
TOX,Iron,Pericyte,0.0,0.0,109
TOX,L-Arginine|L-Cystine|L-Lysine|L-Ornithine,Pericyte,0.0,0.0,109
TOX,L-Carnitine,Pericyte,0.0,0.0,109
TOX,N-desmethylimatinib,Pericyte,0.0,0.0,109
TOX,Nicotinate,Pericyte,0.0,0.0,109
TOX,O-Desmethylverapamil (D-702),Pericyte,0.0,0.0,109
TOX,Progesterone,Pericyte,0.0,0.0,109
TOX,Sodium,Pericyte,0.0,0.0,109
TOX,Sodium_hydrogen exchange,Pericyte,0.0,0.0,109
TOX,Taurocholic acid,Pericyte,0.0,0.0,109
TOX,Testosterone,Pericyte,0.0,0.0,109
TOX,Water,Pericyte,0.0,0.0,109
TOX,"17a-Ethynylestradiol|3',4'-Dihydrodiol|4'-Hydroxydiclofenac|4-Hydroxycyclophosphamide|8-Hydroxycarvedilol|E-3179|Estriol|Glycerol|N-Desmethylcitalopram|N-Desmethyleletriptan|O-Deethylated candesartan",Plasma,0.0,0.0,1230
TOX,2-Hydroxychlorpropamide,Plasma,0.0,0.0,1230
TOX,4-ene-Valproic acid,Plasma,0.0,0.0,1230
TOX,5-Hydroxyomeprazole,Plasma,0.0,0.0,1230
TOX,Acetate,Plasma,0.0,0.0,1230
TOX,Acetyl-L-Carnitine|Choline|Creatine|Dopamine|Histamine|Norepinephrine,Plasma,0.0,0.0,1230
TOX,Adenosine triphosphate,Plasma,0.0,0.0,1230
TOX,Amiloride-sensitive sodium transport,Plasma,0.0,0.0,1230
TOX,Anion exchange,Plasma,0.0,0.0,1230
TOX,Chloride ion,Plasma,0.0,0.0,1230
TOX,Cholesterol,Plasma,0.0,0.0,1230
TOX,Cholic acid,Plasma,0.0,0.0,1230
TOX,Cortisol|Hydroxylansoprazole|N-Desmethyltamoxifen,Plasma,0.0,0.0,1230
TOX,Estradiol,Plasma,0.0,0.0,1230
TOX,Fatty acid,Plasma,0.0,0.0,1230
TOX,Folic acid,Plasma,0.0,0.0,1230
TOX,Iron,Plasma,0.0,0.0,1230
TOX,L-Arginine|L-Cystine|L-Lysine|L-Ornithine,Plasma,0.0,0.0,1230
TOX,L-Carnitine,Plasma,0.0,0.0,1230
TOX,N-desmethylimatinib,Plasma,0.0,0.0,1230
TOX,Nicotinate,Plasma,0.0,0.0,1230
TOX,O-Desmethylverapamil (D-702),Plasma,0.0,0.0,1230
TOX,Progesterone,Plasma,0.0,0.0,1230
TOX,Sodium,Plasma,0.0,0.0,1230
TOX,Sodium_hydrogen exchange,Plasma,0.0,0.0,1230
TOX,Taurocholic acid,Plasma,0.0,0.0,1230
TOX,Testosterone,Plasma,0.0,0.0,1230
TOX,Water,Plasma,0.0,0.0,1230
TOX,"17a-Ethynylestradiol|3',4'-Dihydrodiol|4'-Hydroxydiclofenac|4-Hydroxycyclophosphamide|8-Hydroxycarvedilol|E-3179|Estriol|Glycerol|N-Desmethylcitalopram|N-Desmethyleletriptan|O-Deethylated candesartan",T,0.0,0.0,632
TOX,2-Hydroxychlorpropamide,T,0.0,0.0,632
TOX,4-ene-Valproic acid,T,0.0,0.0,632
TOX,5-Hydroxyomeprazole,T,0.0,0.0,632
TOX,Acetate,T,0.0,0.0,632
TOX,Acetyl-L-Carnitine|Choline|Creatine|Dopamine|Histamine|Norepinephrine,T,0.0,0.0,632
TOX,Adenosine triphosphate,T,0.0,0.0,632
TOX,Amiloride-sensitive sodium transport,T,0.0,0.0,632
TOX,Anion exchange,T,0.0,0.0,632
TOX,Chloride ion,T,0.0,0.0,632
TOX,Cholesterol,T,0.0,0.0,632
TOX,Cholic acid,T,0.0,0.0,632
TOX,Cortisol|Hydroxylansoprazole|N-Desmethyltamoxifen,T,0.0,0.0,632
TOX,Estradiol,T,0.0,0.0,632
TOX,Fatty acid,T,0.0,0.0,632
TOX,Folic acid,T,0.0,0.0,632
TOX,Iron,T,0.0,0.0,632
TOX,L-Arginine|L-Cystine|L-Lysine|L-Ornithine,T,0.0,0.0,632
TOX,L-Carnitine,T,0.0,0.0,632
TOX,N-desmethylimatinib,T,0.0,0.0,632
TOX,Nicotinate,T,0.0,0.0,632
TOX,O-Desmethylverapamil (D-702),T,0.0,0.0,632
TOX,Progesterone,T,0.0,0.0,632
TOX,Sodium,T,0.0,0.0,632
TOX,Sodium_hydrogen exchange,T,0.0,0.0,632
TOX,Taurocholic acid,T,0.0,0.0,632
TOX,Testosterone,T,0.0,0.0,632
TOX,Water,T,0.0,0.0,632
