,Cell Type 1,Cell Type 2,metabolite,C_p,Z,Z_pval,Z_FDR,C_np,pval_np,FDR_np,selected
0,B,Endothelial,"(3a,5b,7a)-23-Carboxy-7-hydroxy-24-norcholan-3-yl-b-D-Glucopyranosiduronic acid",0.0,0.0,0.5,0.6681630132484446,0.0,0.000999000999000999,0.002206206795116929,False
1,B,Endothelial,17a-Ethynylestradiol,0.0,0.0,0.5,0.6681630132484446,0.0,0.000999000999000999,0.002206206795116929,False
2,B,Endothelial,"1b,3a,12a-Trihydroxy-5b-cholanoic acid",0.0,0.0,0.5,0.6681630132484446,0.0,0.000999000999000999,0.002206206795116929,False
3,B,Endothelial,2-Hydroxychlorpropamide,0.0,0.0,0.5,0.6681630132484446,0.0,0.000999000999000999,0.002206206795116929,False
4,B,Endothelial,25-Hydroxycholesterol,0.27585658,0.1379282921552658,0.4451485450991665,0.6681630132484446,0.0,0.008991008991008992,0.014633088846334503,False
5,B,Endothelial,"3',4'-Dihydrodiol",0.0,0.0,0.5,0.6681630132484446,0.0,0.000999000999000999,0.002206206795116929,False
6,B,Endothelial,3-Sulfodeoxycholic acid,0.0,0.0,0.5,0.6681630132484446,0.0,0.000999000999000999,0.002206206795116929,False
7,B,Endothelial,"3alpha,7alpha-Dihydroxycoprostanic acid",0.0,0.0,0.5,0.6681630132484446,0.0,0.000999000999000999,0.002206206795116929,False
8,B,Endothelial,3b-Hydroxy-5-cholenoic acid,0.0,0.0,0.5,0.6681630132484446,0.0,0.000999000999000999,0.002206206795116929,False
9,B,Endothelial,4'-Hydroxydiclofenac,0.0,0.0,0.5,0.6681630132484446,0.0,0.000999000999000999,0.002206206795116929,False
10,B,Endothelial,4-Hydroxycyclophosphamide,0.0,0.0,0.5,0.6681630132484446,0.0,0.000999000999000999,0.002206206795116929,False
11,B,Endothelial,4-ene-Valproic acid,0.0,0.0,0.5,0.6681630132484446,0.0,0.000999000999000999,0.002206206795116929,False
12,B,Endothelial,5-Hydroxyomeprazole,0.0,0.0,0.5,0.6681630132484446,0.0,0.000999000999000999,0.002206206795116929,False
13,B,Endothelial,8-Hydroxycarvedilol,0.0,0.0,0.5,0.6681630132484446,0.0,0.000999000999000999,0.002206206795116929,False
14,B,Endothelial,Acetate,0.0,0.0,0.5,0.6681630132484446,0.0,0.000999000999000999,0.002206206795116929,False
15,B,Endothelial,Acetyl-L-Carnitine,0.0,0.0,0.5,0.6681630132484446,0.0,0.000999000999000999,0.002206206795116929,False
16,B,Endothelial,Adenosine diphosphate ribose,0.10426398,0.05213199183344841,0.4792117609096315,0.6681630132484446,0.0,0.003996003996003996,0.007468259895444362,False
17,B,Endothelial,Adenosine triphosphate,-0.240399,-0.12019950151443481,0.5478374436762978,0.6681630132484446,0.0,0.013986013986013986,0.02125506072874494,False
18,B,Endothelial,Amiloride-sensitive sodium transport,0.0,0.0,0.5,0.6681630132484446,0.0,0.000999000999000999,0.002206206795116929,False
19,B,Endothelial,Anion exchange,-1.5039642,-0.4341570637369755,0.6679128051182306,0.7119882694153727,0.0,0.005994005994005994,0.010452557005148853,False
20,B,Endothelial,Butyrate,0.0,0.0,0.5,0.6681630132484446,0.0,0.000999000999000999,0.002206206795116929,False
21,B,Endothelial,Cadmium,0.0,0.0,0.5,0.6681630132484446,0.0,0.000999000999000999,0.002206206795116929,False
22,B,Endothelial,Chenodeoxycholic acid,0.0,0.0,0.5,0.6681630132484446,0.0,0.000999000999000999,0.002206206795116929,False
23,B,Endothelial,Chenodeoxycholic acid 3-sulfate,0.0,0.0,0.5,0.6681630132484446,0.0,0.000999000999000999,0.002206206795116929,False
24,B,Endothelial,Chloride,-0.2799388,-0.13996939361095428,0.5556579136727305,0.6681630132484446,0.0,0.003996003996003996,0.007468259895444362,False
25,B,Endothelial,Chloride ion,0.0,0.0,0.5,0.6681630132484446,0.0,0.000999000999000999,0.002206206795116929,False
26,B,Endothelial,Cholesterol,0.0,0.0,0.5,0.6681630132484446,0.0,0.000999000999000999,0.002206206795116929,False
27,B,Endothelial,Cholic acid,0.0,0.0,0.5,0.6681630132484446,0.0,0.000999000999000999,0.002206206795116929,False
28,B,Endothelial,Choline,0.0,0.0,0.5,0.6681630132484446,0.0,0.000999000999000999,0.002206206795116929,False
29,B,Endothelial,Citric acid,0.0,0.0,0.5,0.6681630132484446,0.0,0.000999000999000999,0.002206206795116929,False
30,B,Endothelial,Coprocholic acid,0.0,0.0,0.5,0.6681630132484446,0.0,0.000999000999000999,0.002206206795116929,False
31,B,Endothelial,Cortisol,0.0,0.0,0.5,0.6681630132484446,0.0,0.000999000999000999,0.002206206795116929,False
32,B,Endothelial,Creatine,0.0,0.0,0.5,0.6681630132484446,0.0,0.000999000999000999,0.002206206795116929,False
33,B,Endothelial,D-Lactate,0.0,0.0,0.5,0.6681630132484446,0.0,0.000999000999000999,0.002206206795116929,False
34,B,Endothelial,Deoxycholic acid,0.0,0.0,0.5,0.6681630132484446,0.0,0.000999000999000999,0.002206206795116929,False
35,B,Endothelial,Dopamine,0.0,0.0,0.5,0.6681630132484446,0.0,0.000999000999000999,0.002206206795116929,False
36,B,Endothelial,E-3179,0.0,0.0,0.5,0.6681630132484446,0.0,0.000999000999000999,0.002206206795116929,False
37,B,Endothelial,Estradiol,0.0,0.0,0.5,0.6681630132484446,0.0,0.000999000999000999,0.002206206795116929,False
38,B,Endothelial,Estriol,0.0,0.0,0.5,0.6681630132484446,0.0,0.000999000999000999,0.002206206795116929,False
39,B,Endothelial,Fatty acid,-0.17970233,-0.04018266181163197,0.5160262498321941,0.6681630132484446,0.0,0.12087912087912088,0.13933671119299862,False
40,B,Endothelial,Folic acid,0.0,0.0,0.5,0.6681630132484446,0.0,0.000999000999000999,0.002206206795116929,False
41,B,Endothelial,Folinic acid,0.0,0.0,0.5,0.6681630132484446,0.0,0.000999000999000999,0.002206206795116929,False
42,B,Endothelial,Glutathione,0.0,0.0,0.5,0.6681630132484446,0.0,0.000999000999000999,0.002206206795116929,False
43,B,Endothelial,Glycerol,0.0,0.0,0.5,0.6681630132484446,0.0,0.000999000999000999,0.002206206795116929,False
44,B,Endothelial,Glycochenodeoxycholate-3-sulfate,0.0,0.0,0.5,0.6681630132484446,0.0,0.000999000999000999,0.002206206795116929,False
45,B,Endothelial,Glycyl-glycine,0.0,0.0,0.5,0.6681630132484446,0.0,0.000999000999000999,0.002206206795116929,False
46,B,Endothelial,Histamine,0.0,0.0,0.5,0.6681630132484446,0.0,0.000999000999000999,0.002206206795116929,False
47,B,Endothelial,Hydroxylansoprazole,0.0,0.0,0.5,0.6681630132484446,0.0,0.000999000999000999,0.002206206795116929,False
48,B,Endothelial,Hyodeoxycholic acid,0.0,0.0,0.5,0.6681630132484446,0.0,0.000999000999000999,0.002206206795116929,False
49,B,Endothelial,Iron,0.0,0.0,0.5,0.6681630132484446,0.0,0.000999000999000999,0.002206206795116929,False
50,B,Endothelial,Isoursodeoxycholic acid,0.0,0.0,0.5,0.6681630132484446,0.0,0.000999000999000999,0.002206206795116929,False
51,B,Endothelial,Ketone bodies,0.0,0.0,0.5,0.6681630132484446,0.0,0.000999000999000999,0.002206206795116929,False
52,B,Endothelial,L-Arginine,0.0,0.0,0.5,0.6681630132484446,0.0,0.000999000999000999,0.002206206795116929,False
53,B,Endothelial,L-Carnitine,0.12769678,0.03192419558763504,0.4872662515913483,0.6681630132484446,0.0,0.002997002997002997,0.005910424237117464,False
54,B,Endothelial,L-Cystine,0.0,0.0,0.5,0.6681630132484446,0.0,0.000999000999000999,0.002206206795116929,False
55,B,Endothelial,L-Dopa,0.0,0.0,0.5,0.6681630132484446,0.0,0.000999000999000999,0.002206206795116929,False
56,B,Endothelial,L-Glutamate,0.0,0.0,0.5,0.6681630132484446,0.0,0.000999000999000999,0.002206206795116929,False
57,B,Endothelial,L-Lactate,0.0,0.0,0.5,0.6681630132484446,0.0,0.000999000999000999,0.002206206795116929,False
58,B,Endothelial,L-Lysine,0.0,0.0,0.5,0.6681630132484446,0.0,0.000999000999000999,0.002206206795116929,False
59,B,Endothelial,L-Ornithine,0.0,0.0,0.5,0.6681630132484446,0.0,0.000999000999000999,0.002206206795116929,False
60,B,Endothelial,Lithocholic acid,0.0,0.0,0.5,0.6681630132484446,0.0,0.000999000999000999,0.002206206795116929,False
61,B,Endothelial,Manganese,0.0,0.0,0.5,0.6681630132484446,0.0,0.000999000999000999,0.002206206795116929,False
62,B,Endothelial,N-Desmethylcitalopram,0.0,0.0,0.5,0.6681630132484446,0.0,0.000999000999000999,0.002206206795116929,False
63,B,Endothelial,N-Desmethyleletriptan,0.0,0.0,0.5,0.6681630132484446,0.0,0.000999000999000999,0.002206206795116929,False
64,B,Endothelial,N-Desmethyltamoxifen,0.0,0.0,0.5,0.6681630132484446,0.0,0.000999000999000999,0.002206206795116929,False
65,B,Endothelial,N-desmethylimatinib,0.0,0.0,0.5,0.6681630132484446,0.0,0.000999000999000999,0.002206206795116929,False
66,B,Endothelial,Neurotransmitter,0.0,0.0,0.5,0.6681630132484446,0.0,0.000999000999000999,0.002206206795116929,False
67,B,Endothelial,Nicotinate,0.0,0.0,0.5,0.6681630132484446,0.0,0.000999000999000999,0.002206206795116929,False
68,B,Endothelial,Norepinephrine,0.0,0.0,0.5,0.6681630132484446,0.0,0.000999000999000999,0.002206206795116929,False
69,B,Endothelial,O-Deethylated candesartan,0.0,0.0,0.5,0.6681630132484446,0.0,0.000999000999000999,0.002206206795116929,False
70,B,Endothelial,O-Desmethylverapamil (D-702),0.0,0.0,0.5,0.6681630132484446,0.0,0.000999000999000999,0.002206206795116929,False
71,B,Endothelial,Oxalic acid,0.0,0.0,0.5,0.6681630132484446,0.0,0.000999000999000999,0.002206206795116929,False
72,B,Endothelial,Phosphate,0.0,0.0,0.5,0.6681630132484446,0.0,0.000999000999000999,0.002206206795116929,False
73,B,Endothelial,Progesterone,0.0,0.0,0.5,0.6681630132484446,0.0,0.000999000999000999,0.002206206795116929,False
74,B,Endothelial,Pyruvate,0.0,0.0,0.5,0.6681630132484446,0.0,0.000999000999000999,0.002206206795116929,False
75,B,Endothelial,Sodium,0.16485584,0.029142670210524486,0.4883754021650887,0.6681630132484446,0.0,0.004995004995004995,0.008926091958582932,False
76,B,Endothelial,Sodium_hydrogen exchange,0.0,0.0,0.5,0.6681630132484446,0.0,0.000999000999000999,0.002206206795116929,False
77,B,Endothelial,Sulfolithocholic acid,0.0,0.0,0.5,0.6681630132484446,0.0,0.000999000999000999,0.002206206795116929,False
78,B,Endothelial,Taurocholic acid,0.0,0.0,0.5,0.6681630132484446,0.0,0.000999000999000999,0.002206206795116929,False
79,B,Endothelial,Testosterone,0.0,0.0,0.5,0.6681630132484446,0.0,0.000999000999000999,0.002206206795116929,False
80,B,Endothelial,Trihydroxycoprostanoic acid,0.0,0.0,0.5,0.6681630132484446,0.0,0.000999000999000999,0.002206206795116929,False
81,B,Endothelial,Urea,0.0,0.0,0.5,0.6681630132484446,0.0,0.000999000999000999,0.002206206795116929,False
82,B,Endothelial,Ursocholic acid,0.0,0.0,0.5,0.6681630132484446,0.0,0.000999000999000999,0.002206206795116929,False
83,B,Endothelial,Ursodeoxycholic acid,0.0,0.0,0.5,0.6681630132484446,0.0,0.000999000999000999,0.002206206795116929,False
84,B,Endothelial,Ursodeoxycholic acid 3-sulfate,0.0,0.0,0.5,0.6681630132484446,0.0,0.000999000999000999,0.002206206795116929,False
85,B,Endothelial,Varanic acid,0.0,0.0,0.5,0.6681630132484446,0.0,0.000999000999000999,0.002206206795116929,False
86,B,Endothelial,Vitamin D3,0.0,0.0,0.5,0.6681630132484446,0.0,0.000999000999000999,0.002206206795116929,False
87,B,Endothelial,Water,0.36621088,0.0915527194738388,0.46352670900085324,0.6681630132484446,0.0,0.006993006993006993,0.011945165999886237,False
88,B,Endothelial,Zinc,0.0,0.0,0.5,0.6681630132484446,0.0,0.000999000999000999,0.002206206795116929,False
89,B,Endothelial,alpha-Ketoisovaleric acid,0.0,0.0,0.5,0.6681630132484446,0.0,0.000999000999000999,0.002206206795116929,False
90,B,Enteric_glia,"(3a,5b,7a)-23-Carboxy-7-hydroxy-24-norcholan-3-yl-b-D-Glucopyranosiduronic acid",0.0,0.0,0.5,0.6681630132484446,0.0,0.000999000999000999,0.002206206795116929,False
91,B,Enteric_glia,17a-Ethynylestradiol,0.0,0.0,0.5,0.6681630132484446,0.0,0.000999000999000999,0.002206206795116929,False
92,B,Enteric_glia,"1b,3a,12a-Trihydroxy-5b-cholanoic acid",0.0,0.0,0.5,0.6681630132484446,0.0,0.000999000999000999,0.002206206795116929,False
93,B,Enteric_glia,2-Hydroxychlorpropamide,0.0,0.0,0.5,0.6681630132484446,0.0,0.000999000999000999,0.002206206795116929,False
94,B,Enteric_glia,25-Hydroxycholesterol,0.09762106,0.09762106090784073,0.46111660009862765,0.6681630132484446,0.0,0.004995004995004995,0.008926091958582932,False
95,B,Enteric_glia,"3',4'-Dihydrodiol",0.0,0.0,0.5,0.6681630132484446,0.0,0.000999000999000999,0.002206206795116929,False
96,B,Enteric_glia,3-Sulfodeoxycholic acid,0.0,0.0,0.5,0.6681630132484446,0.0,0.000999000999000999,0.002206206795116929,False
97,B,Enteric_glia,"3alpha,7alpha-Dihydroxycoprostanic acid",0.0,0.0,0.5,0.6681630132484446,0.0,0.000999000999000999,0.002206206795116929,False
98,B,Enteric_glia,3b-Hydroxy-5-cholenoic acid,0.0,0.0,0.5,0.6681630132484446,0.0,0.000999000999000999,0.002206206795116929,False
99,B,Enteric_glia,4'-Hydroxydiclofenac,0.0,0.0,0.5,0.6681630132484446,0.0,0.000999000999000999,0.002206206795116929,False
100,B,Enteric_glia,4-Hydroxycyclophosphamide,0.0,0.0,0.5,0.6681630132484446,0.0,0.000999000999000999,0.002206206795116929,False
101,B,Enteric_glia,4-ene-Valproic acid,0.0,0.0,0.5,0.6681630132484446,0.0,0.000999000999000999,0.002206206795116929,False
102,B,Enteric_glia,5-Hydroxyomeprazole,0.0,0.0,0.5,0.6681630132484446,0.0,0.000999000999000999,0.002206206795116929,False
103,B,Enteric_glia,8-Hydroxycarvedilol,0.0,0.0,0.5,0.6681630132484446,0.0,0.000999000999000999,0.002206206795116929,False
104,B,Enteric_glia,Acetate,0.0,0.0,0.5,0.6681630132484446,0.0,0.000999000999000999,0.002206206795116929,False
105,B,Enteric_glia,Acetyl-L-Carnitine,0.0,0.0,0.5,0.6681630132484446,0.0,0.000999000999000999,0.002206206795116929,False
106,B,Enteric_glia,Adenosine diphosphate ribose,0.0,0.0,0.5,0.6681630132484446,0.0,0.000999000999000999,0.002206206795116929,False
107,B,Enteric_glia,Adenosine triphosphate,0.06685759,0.06685759127140045,0.4733475373606296,0.6681630132484446,0.0,0.003996003996003996,0.007468259895444362,False
108,B,Enteric_glia,Amiloride-sensitive sodium transport,0.0,0.0,0.5,0.6681630132484446,0.0,0.000999000999000999,0.002206206795116929,False
109,B,Enteric_glia,Anion exchange,0.0,0.0,0.5,0.6681630132484446,0.0,0.000999000999000999,0.002206206795116929,False
110,B,Enteric_glia,Butyrate,0.0,0.0,0.5,0.6681630132484446,0.0,0.000999000999000999,0.002206206795116929,False
111,B,Enteric_glia,Cadmium,0.0,0.0,0.5,0.6681630132484446,0.0,0.000999000999000999,0.002206206795116929,False
112,B,Enteric_glia,Chenodeoxycholic acid,0.0,0.0,0.5,0.6681630132484446,0.0,0.000999000999000999,0.002206206795116929,False
113,B,Enteric_glia,Chenodeoxycholic acid 3-sulfate,0.0,0.0,0.5,0.6681630132484446,0.0,0.000999000999000999,0.002206206795116929,False
114,B,Enteric_glia,Chloride,0.086711,0.08671099692583084,0.4654506175307534,0.6681630132484446,0.0,0.001998001998001998,0.00412210593812261,False
115,B,Enteric_glia,Chloride ion,0.0,0.0,0.5,0.6681630132484446,0.0,0.000999000999000999,0.002206206795116929,False
116,B,Enteric_glia,Cholesterol,0.0,0.0,0.5,0.6681630132484446,0.0,0.000999000999000999,0.002206206795116929,False
117,B,Enteric_glia,Cholic acid,0.0,0.0,0.5,0.6681630132484446,0.0,0.000999000999000999,0.002206206795116929,False
118,B,Enteric_glia,Choline,0.0,0.0,0.5,0.6681630132484446,0.0,0.000999000999000999,0.002206206795116929,False
119,B,Enteric_glia,Citric acid,0.0,0.0,0.5,0.6681630132484446,0.0,0.000999000999000999,0.002206206795116929,False
120,B,Enteric_glia,Coprocholic acid,0.0,0.0,0.5,0.6681630132484446,0.0,0.000999000999000999,0.002206206795116929,False
121,B,Enteric_glia,Cortisol,0.0,0.0,0.5,0.6681630132484446,0.0,0.000999000999000999,0.002206206795116929,False
122,B,Enteric_glia,Creatine,0.0,0.0,0.5,0.6681630132484446,0.0,0.000999000999000999,0.002206206795116929,False
123,B,Enteric_glia,D-Lactate,0.0,0.0,0.5,0.6681630132484446,0.0,0.000999000999000999,0.002206206795116929,False
124,B,Enteric_glia,Deoxycholic acid,0.0,0.0,0.5,0.6681630132484446,0.0,0.000999000999000999,0.002206206795116929,False
125,B,Enteric_glia,Dopamine,0.0,0.0,0.5,0.6681630132484446,0.0,0.000999000999000999,0.002206206795116929,False
126,B,Enteric_glia,E-3179,0.0,0.0,0.5,0.6681630132484446,0.0,0.000999000999000999,0.002206206795116929,False
127,B,Enteric_glia,Estradiol,0.0,0.0,0.5,0.6681630132484446,0.0,0.000999000999000999,0.002206206795116929,False
128,B,Enteric_glia,Estriol,0.0,0.0,0.5,0.6681630132484446,0.0,0.000999000999000999,0.002206206795116929,False
129,B,Enteric_glia,Fatty acid,0.061282314,0.027406284145557697,0.48906784305465334,0.6681630132484446,0.0,0.004995004995004995,0.008926091958582932,False
130,B,Enteric_glia,Folic acid,0.0,0.0,0.5,0.6681630132484446,0.0,0.000999000999000999,0.002206206795116929,False
131,B,Enteric_glia,Folinic acid,0.0,0.0,0.5,0.6681630132484446,0.0,0.000999000999000999,0.002206206795116929,False
132,B,Enteric_glia,Glutathione,0.0,0.0,0.5,0.6681630132484446,0.0,0.000999000999000999,0.002206206795116929,False
133,B,Enteric_glia,Glycerol,0.0,0.0,0.5,0.6681630132484446,0.0,0.000999000999000999,0.002206206795116929,False
134,B,Enteric_glia,Glycochenodeoxycholate-3-sulfate,0.0,0.0,0.5,0.6681630132484446,0.0,0.000999000999000999,0.002206206795116929,False
135,B,Enteric_glia,Glycyl-glycine,0.0,0.0,0.5,0.6681630132484446,0.0,0.000999000999000999,0.002206206795116929,False
136,B,Enteric_glia,Histamine,0.0,0.0,0.5,0.6681630132484446,0.0,0.000999000999000999,0.002206206795116929,False
137,B,Enteric_glia,Hydroxylansoprazole,0.0,0.0,0.5,0.6681630132484446,0.0,0.000999000999000999,0.002206206795116929,False
138,B,Enteric_glia,Hyodeoxycholic acid,0.0,0.0,0.5,0.6681630132484446,0.0,0.000999000999000999,0.002206206795116929,False
139,B,Enteric_glia,Iron,0.0,0.0,0.5,0.6681630132484446,0.0,0.000999000999000999,0.002206206795116929,False
140,B,Enteric_glia,Isoursodeoxycholic acid,0.0,0.0,0.5,0.6681630132484446,0.0,0.000999000999000999,0.002206206795116929,False
141,B,Enteric_glia,Ketone bodies,0.0,0.0,0.5,0.6681630132484446,0.0,0.000999000999000999,0.002206206795116929,False
142,B,Enteric_glia,L-Arginine,0.0,0.0,0.5,0.6681630132484446,0.0,0.000999000999000999,0.002206206795116929,False
143,B,Enteric_glia,L-Carnitine,0.030560905,0.01528045255690813,0.49390421863190215,0.6681630132484446,0.0,0.000999000999000999,0.002206206795116929,False
144,B,Enteric_glia,L-Cystine,0.0,0.0,0.5,0.6681630132484446,0.0,0.000999000999000999,0.002206206795116929,False
145,B,Enteric_glia,L-Dopa,0.0,0.0,0.5,0.6681630132484446,0.0,0.000999000999000999,0.002206206795116929,False
146,B,Enteric_glia,L-Glutamate,0.0,0.0,0.5,0.6681630132484446,0.0,0.000999000999000999,0.002206206795116929,False
147,B,Enteric_glia,L-Lactate,0.0,0.0,0.5,0.6681630132484446,0.0,0.000999000999000999,0.002206206795116929,False
148,B,Enteric_glia,L-Lysine,0.0,0.0,0.5,0.6681630132484446,0.0,0.000999000999000999,0.002206206795116929,False
149,B,Enteric_glia,L-Ornithine,0.0,0.0,0.5,0.6681630132484446,0.0,0.000999000999000999,0.002206206795116929,False
150,B,Enteric_glia,Lithocholic acid,0.0,0.0,0.5,0.6681630132484446,0.0,0.000999000999000999,0.002206206795116929,False
151,B,Enteric_glia,Manganese,0.0,0.0,0.5,0.6681630132484446,0.0,0.000999000999000999,0.002206206795116929,False
152,B,Enteric_glia,N-Desmethylcitalopram,0.0,0.0,0.5,0.6681630132484446,0.0,0.000999000999000999,0.002206206795116929,False
153,B,Enteric_glia,N-Desmethyleletriptan,0.0,0.0,0.5,0.6681630132484446,0.0,0.000999000999000999,0.002206206795116929,False
154,B,Enteric_glia,N-Desmethyltamoxifen,0.0,0.0,0.5,0.6681630132484446,0.0,0.000999000999000999,0.002206206795116929,False
155,B,Enteric_glia,N-desmethylimatinib,0.0,0.0,0.5,0.6681630132484446,0.0,0.000999000999000999,0.002206206795116929,False
156,B,Enteric_glia,Neurotransmitter,0.0,0.0,0.5,0.6681630132484446,0.0,0.000999000999000999,0.002206206795116929,False
157,B,Enteric_glia,Nicotinate,0.0,0.0,0.5,0.6681630132484446,0.0,0.000999000999000999,0.002206206795116929,False
158,B,Enteric_glia,Norepinephrine,0.0,0.0,0.5,0.6681630132484446,0.0,0.000999000999000999,0.002206206795116929,False
159,B,Enteric_glia,O-Deethylated candesartan,0.0,0.0,0.5,0.6681630132484446,0.0,0.000999000999000999,0.002206206795116929,False
160,B,Enteric_glia,O-Desmethylverapamil (D-702),0.0,0.0,0.5,0.6681630132484446,0.0,0.000999000999000999,0.002206206795116929,False
161,B,Enteric_glia,Oxalic acid,0.0,0.0,0.5,0.6681630132484446,0.0,0.000999000999000999,0.002206206795116929,False
162,B,Enteric_glia,Phosphate,0.0,0.0,0.5,0.6681630132484446,0.0,0.000999000999000999,0.002206206795116929,False
163,B,Enteric_glia,Progesterone,0.0,0.0,0.5,0.6681630132484446,0.0,0.000999000999000999,0.002206206795116929,False
164,B,Enteric_glia,Pyruvate,0.0,0.0,0.5,0.6681630132484446,0.0,0.000999000999000999,0.002206206795116929,False
165,B,Enteric_glia,Sodium,0.08111071,0.02867696597372533,0.4885611136506665,0.6681630132484446,0.0,0.005994005994005994,0.010452557005148853,False
166,B,Enteric_glia,Sodium_hydrogen exchange,0.030656967,0.017699808330177078,0.4929391667774377,0.6681630132484446,0.0,0.000999000999000999,0.002206206795116929,False
167,B,Enteric_glia,Sulfolithocholic acid,0.0,0.0,0.5,0.6681630132484446,0.0,0.000999000999000999,0.002206206795116929,False
168,B,Enteric_glia,Taurocholic acid,0.0,0.0,0.5,0.6681630132484446,0.0,0.000999000999000999,0.002206206795116929,False
169,B,Enteric_glia,Testosterone,0.0,0.0,0.5,0.6681630132484446,0.0,0.000999000999000999,0.002206206795116929,False
170,B,Enteric_glia,Trihydroxycoprostanoic acid,0.0,0.0,0.5,0.6681630132484446,0.0,0.000999000999000999,0.002206206795116929,False
171,B,Enteric_glia,Urea,0.0,0.0,0.5,0.6681630132484446,0.0,0.000999000999000999,0.002206206795116929,False
172,B,Enteric_glia,Ursocholic acid,0.0,0.0,0.5,0.6681630132484446,0.0,0.000999000999000999,0.002206206795116929,False
173,B,Enteric_glia,Ursodeoxycholic acid,0.0,0.0,0.5,0.6681630132484446,0.0,0.000999000999000999,0.002206206795116929,False
174,B,Enteric_glia,Ursodeoxycholic acid 3-sulfate,0.0,0.0,0.5,0.6681630132484446,0.0,0.000999000999000999,0.002206206795116929,False
175,B,Enteric_glia,Varanic acid,0.0,0.0,0.5,0.6681630132484446,0.0,0.000999000999000999,0.002206206795116929,False
176,B,Enteric_glia,Vitamin D3,0.0,0.0,0.5,0.6681630132484446,0.0,0.000999000999000999,0.002206206795116929,False
177,B,Enteric_glia,Water,0.06855106,0.03427553176879883,0.4863287181110953,0.6681630132484446,0.0,0.001998001998001998,0.00412210593812261,False
178,B,Enteric_glia,Zinc,0.0,0.0,0.5,0.6681630132484446,0.0,0.000999000999000999,0.002206206795116929,False
179,B,Enteric_glia,alpha-Ketoisovaleric acid,0.0,0.0,0.5,0.6681630132484446,0.0,0.000999000999000999,0.002206206795116929,False
180,B,Fibroblast,"(3a,5b,7a)-23-Carboxy-7-hydroxy-24-norcholan-3-yl-b-D-Glucopyranosiduronic acid",0.0,0.0,0.5,0.6681630132484446,0.0,0.000999000999000999,0.002206206795116929,False
181,B,Fibroblast,17a-Ethynylestradiol,0.0,0.0,0.5,0.6681630132484446,0.0,0.000999000999000999,0.002206206795116929,False
182,B,Fibroblast,"1b,3a,12a-Trihydroxy-5b-cholanoic acid",0.0,0.0,0.5,0.6681630132484446,0.0,0.000999000999000999,0.002206206795116929,False
183,B,Fibroblast,2-Hydroxychlorpropamide,0.0,0.0,0.5,0.6681630132484446,0.0,0.000999000999000999,0.002206206795116929,False
184,B,Fibroblast,25-Hydroxycholesterol,-1.06793,-0.2757383359742041,0.6086254756090351,0.6829858379052035,0.0,0.06693306693306693,0.08256428512747487,False
185,B,Fibroblast,"3',4'-Dihydrodiol",0.0,0.0,0.5,0.6681630132484446,0.0,0.000999000999000999,0.002206206795116929,False
186,B,Fibroblast,3-Sulfodeoxycholic acid,0.0,0.0,0.5,0.6681630132484446,0.0,0.000999000999000999,0.002206206795116929,False
187,B,Fibroblast,"3alpha,7alpha-Dihydroxycoprostanic acid",0.0,0.0,0.5,0.6681630132484446,0.0,0.000999000999000999,0.002206206795116929,False
188,B,Fibroblast,3b-Hydroxy-5-cholenoic acid,0.0,0.0,0.5,0.6681630132484446,0.0,0.000999000999000999,0.002206206795116929,False
189,B,Fibroblast,4'-Hydroxydiclofenac,0.0,0.0,0.5,0.6681630132484446,0.0,0.000999000999000999,0.002206206795116929,False
190,B,Fibroblast,4-Hydroxycyclophosphamide,0.0,0.0,0.5,0.6681630132484446,0.0,0.000999000999000999,0.002206206795116929,False
191,B,Fibroblast,4-ene-Valproic acid,0.0,0.0,0.5,0.6681630132484446,0.0,0.000999000999000999,0.002206206795116929,False
192,B,Fibroblast,5-Hydroxyomeprazole,0.0,0.0,0.5,0.6681630132484446,0.0,0.000999000999000999,0.002206206795116929,False
193,B,Fibroblast,8-Hydroxycarvedilol,0.0,0.0,0.5,0.6681630132484446,0.0,0.000999000999000999,0.002206206795116929,False
194,B,Fibroblast,Acetate,0.0,0.0,0.5,0.6681630132484446,0.0,0.000999000999000999,0.002206206795116929,False
195,B,Fibroblast,Acetyl-L-Carnitine,0.0,0.0,0.5,0.6681630132484446,0.0,0.000999000999000999,0.002206206795116929,False
196,B,Fibroblast,Adenosine diphosphate ribose,0.15522994,0.040080198424422,0.48401459424155546,0.6681630132484446,0.0,0.004995004995004995,0.008926091958582932,False
197,B,Fibroblast,Adenosine triphosphate,-0.93704784,-0.2419447117123107,0.5955884979100694,0.6770266346377942,0.0,0.028971028971028972,0.03983516483516483,False
198,B,Fibroblast,Amiloride-sensitive sodium transport,0.0,0.0,0.5,0.6681630132484446,0.0,0.000999000999000999,0.002206206795116929,False
199,B,Fibroblast,Anion exchange,-1.2605929,-0.18791810000919362,0.5745295731254229,0.67028450197966,0.0,0.029970029970029972,0.041029693341032736,False
200,B,Fibroblast,Butyrate,0.0,0.0,0.5,0.6681630132484446,0.0,0.000999000999000999,0.002206206795116929,False
201,B,Fibroblast,Cadmium,0.0,0.0,0.5,0.6681630132484446,0.0,0.000999000999000999,0.002206206795116929,False
202,B,Fibroblast,Chenodeoxycholic acid,0.0,0.0,0.5,0.6681630132484446,0.0,0.000999000999000999,0.002206206795116929,False
203,B,Fibroblast,Chenodeoxycholic acid 3-sulfate,0.0,0.0,0.5,0.6681630132484446,0.0,0.000999000999000999,0.002206206795116929,False
204,B,Fibroblast,Chloride,0.3318956,0.0856950728056956,0.4658544095263316,0.6681630132484446,0.0,0.016983016983016984,0.025342874180083484,False
205,B,Fibroblast,Chloride ion,0.0,0.0,0.5,0.6681630132484446,0.0,0.000999000999000999,0.002206206795116929,False
206,B,Fibroblast,Cholesterol,0.0,0.0,0.5,0.6681630132484446,0.0,0.000999000999000999,0.002206206795116929,False
207,B,Fibroblast,Cholic acid,0.0,0.0,0.5,0.6681630132484446,0.0,0.000999000999000999,0.002206206795116929,False
208,B,Fibroblast,Choline,0.0,0.0,0.5,0.6681630132484446,0.0,0.000999000999000999,0.002206206795116929,False
209,B,Fibroblast,Citric acid,0.0,0.0,0.5,0.6681630132484446,0.0,0.000999000999000999,0.002206206795116929,False
210,B,Fibroblast,Coprocholic acid,0.0,0.0,0.5,0.6681630132484446,0.0,0.000999000999000999,0.002206206795116929,False
211,B,Fibroblast,Cortisol,0.0,0.0,0.5,0.6681630132484446,0.0,0.000999000999000999,0.002206206795116929,False
212,B,Fibroblast,Creatine,0.0,0.0,0.5,0.6681630132484446,0.0,0.000999000999000999,0.002206206795116929,False
213,B,Fibroblast,D-Lactate,0.0,0.0,0.5,0.6681630132484446,0.0,0.000999000999000999,0.002206206795116929,False
214,B,Fibroblast,Deoxycholic acid,0.0,0.0,0.5,0.6681630132484446,0.0,0.000999000999000999,0.002206206795116929,False
215,B,Fibroblast,Dopamine,0.0,0.0,0.5,0.6681630132484446,0.0,0.000999000999000999,0.002206206795116929,False
216,B,Fibroblast,E-3179,0.0,0.0,0.5,0.6681630132484446,0.0,0.000999000999000999,0.002206206795116929,False
217,B,Fibroblast,Estradiol,0.0,0.0,0.5,0.6681630132484446,0.0,0.000999000999000999,0.002206206795116929,False
218,B,Fibroblast,Estriol,0.0,0.0,0.5,0.6681630132484446,0.0,0.000999000999000999,0.002206206795116929,False
219,B,Fibroblast,Fatty acid,0.026152553,0.003019836707159524,0.4987952612886912,0.6681630132484446,0.0,0.08591408591408592,0.10281205584262051,False
220,B,Fibroblast,Folic acid,0.0,0.0,0.5,0.6681630132484446,0.0,0.000999000999000999,0.002206206795116929,False
221,B,Fibroblast,Folinic acid,0.0,0.0,0.5,0.6681630132484446,0.0,0.000999000999000999,0.002206206795116929,False
222,B,Fibroblast,Glutathione,0.0,0.0,0.5,0.6681630132484446,0.0,0.000999000999000999,0.002206206795116929,False
223,B,Fibroblast,Glycerol,0.0,0.0,0.5,0.6681630132484446,0.0,0.000999000999000999,0.002206206795116929,False
224,B,Fibroblast,Glycochenodeoxycholate-3-sulfate,0.0,0.0,0.5,0.6681630132484446,0.0,0.000999000999000999,0.002206206795116929,False
225,B,Fibroblast,Glycyl-glycine,0.0,0.0,0.5,0.6681630132484446,0.0,0.000999000999000999,0.002206206795116929,False
226,B,Fibroblast,Histamine,0.0,0.0,0.5,0.6681630132484446,0.0,0.000999000999000999,0.002206206795116929,False
227,B,Fibroblast,Hydroxylansoprazole,0.0,0.0,0.5,0.6681630132484446,0.0,0.000999000999000999,0.002206206795116929,False
228,B,Fibroblast,Hyodeoxycholic acid,0.0,0.0,0.5,0.6681630132484446,0.0,0.000999000999000999,0.002206206795116929,False
229,B,Fibroblast,Iron,0.0,0.0,0.5,0.6681630132484446,0.0,0.000999000999000999,0.002206206795116929,False
230,B,Fibroblast,Isoursodeoxycholic acid,0.0,0.0,0.5,0.6681630132484446,0.0,0.000999000999000999,0.002206206795116929,False
231,B,Fibroblast,Ketone bodies,0.0,0.0,0.5,0.6681630132484446,0.0,0.000999000999000999,0.002206206795116929,False
232,B,Fibroblast,L-Arginine,0.0,0.0,0.5,0.6681630132484446,0.0,0.000999000999000999,0.002206206795116929,False
233,B,Fibroblast,L-Carnitine,0.31428903,0.04057453974346391,0.4838175408892176,0.6681630132484446,0.0,0.01098901098901099,0.017442475069593715,False
234,B,Fibroblast,L-Cystine,0.0,0.0,0.5,0.6681630132484446,0.0,0.000999000999000999,0.002206206795116929,False
235,B,Fibroblast,L-Dopa,0.0,0.0,0.5,0.6681630132484446,0.0,0.000999000999000999,0.002206206795116929,False
236,B,Fibroblast,L-Glutamate,0.0,0.0,0.5,0.6681630132484446,0.0,0.000999000999000999,0.002206206795116929,False
237,B,Fibroblast,L-Lactate,0.0,0.0,0.5,0.6681630132484446,0.0,0.000999000999000999,0.002206206795116929,False
238,B,Fibroblast,L-Lysine,0.0,0.0,0.5,0.6681630132484446,0.0,0.000999000999000999,0.002206206795116929,False
239,B,Fibroblast,L-Ornithine,0.0,0.0,0.5,0.6681630132484446,0.0,0.000999000999000999,0.002206206795116929,False
240,B,Fibroblast,Lithocholic acid,0.0,0.0,0.5,0.6681630132484446,0.0,0.000999000999000999,0.002206206795116929,False
241,B,Fibroblast,Manganese,0.0,0.0,0.5,0.6681630132484446,0.0,0.000999000999000999,0.002206206795116929,False
242,B,Fibroblast,N-Desmethylcitalopram,0.0,0.0,0.5,0.6681630132484446,0.0,0.000999000999000999,0.002206206795116929,False
243,B,Fibroblast,N-Desmethyleletriptan,0.0,0.0,0.5,0.6681630132484446,0.0,0.000999000999000999,0.002206206795116929,False
244,B,Fibroblast,N-Desmethyltamoxifen,0.0,0.0,0.5,0.6681630132484446,0.0,0.000999000999000999,0.002206206795116929,False
245,B,Fibroblast,N-desmethylimatinib,0.0,0.0,0.5,0.6681630132484446,0.0,0.000999000999000999,0.002206206795116929,False
246,B,Fibroblast,Neurotransmitter,0.0,0.0,0.5,0.6681630132484446,0.0,0.000999000999000999,0.002206206795116929,False
247,B,Fibroblast,Nicotinate,0.0,0.0,0.5,0.6681630132484446,0.0,0.000999000999000999,0.002206206795116929,False
248,B,Fibroblast,Norepinephrine,0.0,0.0,0.5,0.6681630132484446,0.0,0.000999000999000999,0.002206206795116929,False
249,B,Fibroblast,O-Deethylated candesartan,0.0,0.0,0.5,0.6681630132484446,0.0,0.000999000999000999,0.002206206795116929,False
250,B,Fibroblast,O-Desmethylverapamil (D-702),0.0,0.0,0.5,0.6681630132484446,0.0,0.000999000999000999,0.002206206795116929,False
251,B,Fibroblast,Oxalic acid,0.0,0.0,0.5,0.6681630132484446,0.0,0.000999000999000999,0.002206206795116929,False
252,B,Fibroblast,Phosphate,0.0,0.0,0.5,0.6681630132484446,0.0,0.000999000999000999,0.002206206795116929,False
253,B,Fibroblast,Progesterone,0.0,0.0,0.5,0.6681630132484446,0.0,0.000999000999000999,0.002206206795116929,False
254,B,Fibroblast,Pyruvate,0.0,0.0,0.5,0.6681630132484446,0.0,0.000999000999000999,0.002206206795116929,False
255,B,Fibroblast,Sodium,-0.16563931,-0.01512073118091802,0.5060320691192366,0.6681630132484446,0.0,0.054945054945054944,0.06980187548473525,False
256,B,Fibroblast,Sodium_hydrogen exchange,0.16382973,0.024422294046142774,0.4902578827753371,0.6681630132484446,0.0,0.00999000999000999,0.01593343365495264,False
257,B,Fibroblast,Sulfolithocholic acid,0.0,0.0,0.5,0.6681630132484446,0.0,0.000999000999000999,0.002206206795116929,False
258,B,Fibroblast,Taurocholic acid,0.0,0.0,0.5,0.6681630132484446,0.0,0.000999000999000999,0.002206206795116929,False
259,B,Fibroblast,Testosterone,0.0,0.0,0.5,0.6681630132484446,0.0,0.000999000999000999,0.002206206795116929,False
260,B,Fibroblast,Trihydroxycoprostanoic acid,0.0,0.0,0.5,0.6681630132484446,0.0,0.000999000999000999,0.002206206795116929,False
261,B,Fibroblast,Urea,0.0,0.0,0.5,0.6681630132484446,0.0,0.000999000999000999,0.002206206795116929,False
262,B,Fibroblast,Ursocholic acid,0.0,0.0,0.5,0.6681630132484446,0.0,0.000999000999000999,0.002206206795116929,False
263,B,Fibroblast,Ursodeoxycholic acid,0.0,0.0,0.5,0.6681630132484446,0.0,0.000999000999000999,0.002206206795116929,False
264,B,Fibroblast,Ursodeoxycholic acid 3-sulfate,0.0,0.0,0.5,0.6681630132484446,0.0,0.000999000999000999,0.002206206795116929,False
265,B,Fibroblast,Varanic acid,0.0,0.0,0.5,0.6681630132484446,0.0,0.000999000999000999,0.002206206795116929,False
266,B,Fibroblast,Vitamin D3,0.0,0.0,0.5,0.6681630132484446,0.0,0.000999000999000999,0.002206206795116929,False
267,B,Fibroblast,Water,0.36937904,0.047686629473996135,0.4809829950572338,0.6681630132484446,0.0,0.01898101898101898,0.02770980862407026,False
268,B,Fibroblast,Zinc,0.0,0.0,0.5,0.6681630132484446,0.0,0.000999000999000999,0.002206206795116929,False
269,B,Fibroblast,alpha-Ketoisovaleric acid,0.0,0.0,0.5,0.6681630132484446,0.0,0.000999000999000999,0.002206206795116929,False
270,B,IEC,"(3a,5b,7a)-23-Carboxy-7-hydroxy-24-norcholan-3-yl-b-D-Glucopyranosiduronic acid",0.0,0.0,0.5,0.6681630132484446,0.0,0.000999000999000999,0.002206206795116929,False
271,B,IEC,17a-Ethynylestradiol,0.0,0.0,0.5,0.6681630132484446,0.0,0.000999000999000999,0.002206206795116929,False
272,B,IEC,"1b,3a,12a-Trihydroxy-5b-cholanoic acid",0.0,0.0,0.5,0.6681630132484446,0.0,0.000999000999000999,0.002206206795116929,False
273,B,IEC,2-Hydroxychlorpropamide,0.0,0.0,0.5,0.6681630132484446,0.0,0.000999000999000999,0.002206206795116929,False
274,B,IEC,25-Hydroxycholesterol,-2.6877377,-0.5604320523475792,0.7124076129558654,0.7394016411238801,0.0,0.022977022977022976,0.032529268484324664,False
275,B,IEC,"3',4'-Dihydrodiol",0.0,0.0,0.5,0.6681630132484446,0.0,0.000999000999000999,0.002206206795116929,False
276,B,IEC,3-Sulfodeoxycholic acid,0.0,0.0,0.5,0.6681630132484446,0.0,0.000999000999000999,0.002206206795116929,False
277,B,IEC,"3alpha,7alpha-Dihydroxycoprostanic acid",0.0,0.0,0.5,0.6681630132484446,0.0,0.000999000999000999,0.002206206795116929,False
278,B,IEC,3b-Hydroxy-5-cholenoic acid,0.0,0.0,0.5,0.6681630132484446,0.0,0.000999000999000999,0.002206206795116929,False
279,B,IEC,4'-Hydroxydiclofenac,0.0,0.0,0.5,0.6681630132484446,0.0,0.000999000999000999,0.002206206795116929,False
280,B,IEC,4-Hydroxycyclophosphamide,0.0,0.0,0.5,0.6681630132484446,0.0,0.000999000999000999,0.002206206795116929,False
281,B,IEC,4-ene-Valproic acid,0.0,0.0,0.5,0.6681630132484446,0.0,0.000999000999000999,0.002206206795116929,False
282,B,IEC,5-Hydroxyomeprazole,0.0,0.0,0.5,0.6681630132484446,0.0,0.000999000999000999,0.002206206795116929,False
283,B,IEC,8-Hydroxycarvedilol,0.0,0.0,0.5,0.6681630132484446,0.0,0.000999000999000999,0.002206206795116929,False
284,B,IEC,Acetate,0.0,0.0,0.5,0.6681630132484446,0.0,0.000999000999000999,0.002206206795116929,False
285,B,IEC,Acetyl-L-Carnitine,0.0,0.0,0.5,0.6681630132484446,0.0,0.000999000999000999,0.002206206795116929,False
286,B,IEC,Adenosine diphosphate ribose,-0.29502594,-0.061517161992794264,0.5245263265013539,0.6681630132484446,0.0,0.004995004995004995,0.008926091958582932,False
287,B,IEC,Adenosine triphosphate,-3.0529764,-0.6365895788909919,0.7378038925189349,0.755389461740823,0.0,0.11688311688311688,0.1350900600400267,False
288,B,IEC,Amiloride-sensitive sodium transport,0.0,0.0,0.5,0.6681630132484446,0.0,0.000999000999000999,0.002206206795116929,False
289,B,IEC,Anion exchange,3.2045193,0.38577878627152073,0.3498302537736734,0.6681630132484446,0.0,0.2627372627372627,0.2818964593233056,False
290,B,IEC,Butyrate,0.0,0.0,0.5,0.6681630132484446,0.0,0.000999000999000999,0.002206206795116929,False
291,B,IEC,Cadmium,0.0,0.0,0.5,0.6681630132484446,0.0,0.000999000999000999,0.002206206795116929,False
292,B,IEC,Chenodeoxycholic acid,0.0,0.0,0.5,0.6681630132484446,0.0,0.000999000999000999,0.002206206795116929,False
293,B,IEC,Chenodeoxycholic acid 3-sulfate,0.0,0.0,0.5,0.6681630132484446,0.0,0.000999000999000999,0.002206206795116929,False
294,B,IEC,Chloride,17.925508,3.7377269013744394,9.284574316003658e-05,0.00784659756218358,18.583569,0.04895104895104895,0.06311270125223613,False
295,B,IEC,Chloride ion,0.0,0.0,0.5,0.6681630132484446,0.0,0.000999000999000999,0.002206206795116929,False
296,B,IEC,Cholesterol,0.0,0.0,0.5,0.6681630132484446,0.0,0.000999000999000999,0.002206206795116929,False
297,B,IEC,Cholic acid,0.0,0.0,0.5,0.6681630132484446,0.0,0.000999000999000999,0.002206206795116929,False
298,B,IEC,Choline,0.0,0.0,0.5,0.6681630132484446,0.0,0.000999000999000999,0.002206206795116929,False
299,B,IEC,Citric acid,0.0,0.0,0.5,0.6681630132484446,0.0,0.000999000999000999,0.002206206795116929,False
300,B,IEC,Coprocholic acid,0.0,0.0,0.5,0.6681630132484446,0.0,0.000999000999000999,0.002206206795116929,False
301,B,IEC,Cortisol,0.0,0.0,0.5,0.6681630132484446,0.0,0.000999000999000999,0.002206206795116929,False
302,B,IEC,Creatine,0.0,0.0,0.5,0.6681630132484446,0.0,0.000999000999000999,0.002206206795116929,False
303,B,IEC,D-Lactate,0.0,0.0,0.5,0.6681630132484446,0.0,0.000999000999000999,0.002206206795116929,False
304,B,IEC,Deoxycholic acid,0.0,0.0,0.5,0.6681630132484446,0.0,0.000999000999000999,0.002206206795116929,False
305,B,IEC,Dopamine,0.0,0.0,0.5,0.6681630132484446,0.0,0.000999000999000999,0.002206206795116929,False
306,B,IEC,E-3179,0.0,0.0,0.5,0.6681630132484446,0.0,0.000999000999000999,0.002206206795116929,False
307,B,IEC,Estradiol,0.0,0.0,0.5,0.6681630132484446,0.0,0.000999000999000999,0.002206206795116929,False
308,B,IEC,Estriol,0.0,0.0,0.5,0.6681630132484446,0.0,0.000999000999000999,0.002206206795116929,False
309,B,IEC,Fatty acid,-1.2051902,-0.11238456393092734,0.5447407530073222,0.6681630132484446,0.0,0.2837162837162837,0.30346563453524406,False
310,B,IEC,Folic acid,0.0,0.0,0.5,0.6681630132484446,0.0,0.000999000999000999,0.002206206795116929,False
311,B,IEC,Folinic acid,0.0,0.0,0.5,0.6681630132484446,0.0,0.000999000999000999,0.002206206795116929,False
312,B,IEC,Glutathione,0.0,0.0,0.5,0.6681630132484446,0.0,0.000999000999000999,0.002206206795116929,False
313,B,IEC,Glycerol,0.0,0.0,0.5,0.6681630132484446,0.0,0.000999000999000999,0.002206206795116929,False
314,B,IEC,Glycochenodeoxycholate-3-sulfate,0.0,0.0,0.5,0.6681630132484446,0.0,0.000999000999000999,0.002206206795116929,False
315,B,IEC,Glycyl-glycine,0.0,0.0,0.5,0.6681630132484446,0.0,0.000999000999000999,0.002206206795116929,False
316,B,IEC,Histamine,0.0,0.0,0.5,0.6681630132484446,0.0,0.000999000999000999,0.002206206795116929,False
317,B,IEC,Hydroxylansoprazole,0.0,0.0,0.5,0.6681630132484446,0.0,0.000999000999000999,0.002206206795116929,False
318,B,IEC,Hyodeoxycholic acid,0.0,0.0,0.5,0.6681630132484446,0.0,0.000999000999000999,0.002206206795116929,False
319,B,IEC,Iron,0.0,0.0,0.5,0.6681630132484446,0.0,0.000999000999000999,0.002206206795116929,False
320,B,IEC,Isoursodeoxycholic acid,0.0,0.0,0.5,0.6681630132484446,0.0,0.000999000999000999,0.002206206795116929,False
321,B,IEC,Ketone bodies,0.0,0.0,0.5,0.6681630132484446,0.0,0.000999000999000999,0.002206206795116929,False
322,B,IEC,L-Arginine,0.0,0.0,0.5,0.6681630132484446,0.0,0.000999000999000999,0.002206206795116929,False
323,B,IEC,L-Carnitine,1.4666774,0.15291169218125109,0.43923395766045076,0.6681630132484446,0.0,0.13086913086913088,0.14948460143779083,False
324,B,IEC,L-Cystine,0.0,0.0,0.5,0.6681630132484446,0.0,0.000999000999000999,0.002206206795116929,False
325,B,IEC,L-Dopa,0.0,0.0,0.5,0.6681630132484446,0.0,0.000999000999000999,0.002206206795116929,False
326,B,IEC,L-Glutamate,0.0,0.0,0.5,0.6681630132484446,0.0,0.000999000999000999,0.002206206795116929,False
327,B,IEC,L-Lactate,0.0,0.0,0.5,0.6681630132484446,0.0,0.000999000999000999,0.002206206795116929,False
328,B,IEC,L-Lysine,0.0,0.0,0.5,0.6681630132484446,0.0,0.000999000999000999,0.002206206795116929,False
329,B,IEC,L-Ornithine,0.0,0.0,0.5,0.6681630132484446,0.0,0.000999000999000999,0.002206206795116929,False
330,B,IEC,Lithocholic acid,0.0,0.0,0.5,0.6681630132484446,0.0,0.000999000999000999,0.002206206795116929,False
331,B,IEC,Manganese,0.0,0.0,0.5,0.6681630132484446,0.0,0.000999000999000999,0.002206206795116929,False
332,B,IEC,N-Desmethylcitalopram,0.0,0.0,0.5,0.6681630132484446,0.0,0.000999000999000999,0.002206206795116929,False
333,B,IEC,N-Desmethyleletriptan,0.0,0.0,0.5,0.6681630132484446,0.0,0.000999000999000999,0.002206206795116929,False
334,B,IEC,N-Desmethyltamoxifen,0.0,0.0,0.5,0.6681630132484446,0.0,0.000999000999000999,0.002206206795116929,False
335,B,IEC,N-desmethylimatinib,0.0,0.0,0.5,0.6681630132484446,0.0,0.000999000999000999,0.002206206795116929,False
336,B,IEC,Neurotransmitter,0.0,0.0,0.5,0.6681630132484446,0.0,0.000999000999000999,0.002206206795116929,False
337,B,IEC,Nicotinate,0.0,0.0,0.5,0.6681630132484446,0.0,0.000999000999000999,0.002206206795116929,False
338,B,IEC,Norepinephrine,0.0,0.0,0.5,0.6681630132484446,0.0,0.000999000999000999,0.002206206795116929,False
339,B,IEC,O-Deethylated candesartan,0.0,0.0,0.5,0.6681630132484446,0.0,0.000999000999000999,0.002206206795116929,False
340,B,IEC,O-Desmethylverapamil (D-702),0.0,0.0,0.5,0.6681630132484446,0.0,0.000999000999000999,0.002206206795116929,False
341,B,IEC,Oxalic acid,0.0,0.0,0.5,0.6681630132484446,0.0,0.000999000999000999,0.002206206795116929,False
342,B,IEC,Phosphate,0.0,0.0,0.5,0.6681630132484446,0.0,0.000999000999000999,0.002206206795116929,False
343,B,IEC,Progesterone,0.0,0.0,0.5,0.6681630132484446,0.0,0.000999000999000999,0.002206206795116929,False
344,B,IEC,Pyruvate,0.0,0.0,0.5,0.6681630132484446,0.0,0.000999000999000999,0.002206206795116929,False
345,B,IEC,Sodium,-0.89391387,-0.06590020445138418,0.5262713610950427,0.6681630132484446,0.0,0.11188811188811189,0.13011992203131656,False
346,B,IEC,Sodium_hydrogen exchange,0.027743129,0.0033398802591172506,0.49866758303030134,0.6681630132484446,0.0,0.14285714285714285,0.1622684805769546,False
347,B,IEC,Sulfolithocholic acid,0.0,0.0,0.5,0.6681630132484446,0.0,0.000999000999000999,0.002206206795116929,False
348,B,IEC,Taurocholic acid,0.0,0.0,0.5,0.6681630132484446,0.0,0.000999000999000999,0.002206206795116929,False
349,B,IEC,Testosterone,0.0,0.0,0.5,0.6681630132484446,0.0,0.000999000999000999,0.002206206795116929,False
350,B,IEC,Trihydroxycoprostanoic acid,0.0,0.0,0.5,0.6681630132484446,0.0,0.000999000999000999,0.002206206795116929,False
351,B,IEC,Urea,0.0,0.0,0.5,0.6681630132484446,0.0,0.000999000999000999,0.002206206795116929,False
352,B,IEC,Ursocholic acid,0.0,0.0,0.5,0.6681630132484446,0.0,0.000999000999000999,0.002206206795116929,False
353,B,IEC,Ursodeoxycholic acid,0.0,0.0,0.5,0.6681630132484446,0.0,0.000999000999000999,0.002206206795116929,False
354,B,IEC,Ursodeoxycholic acid 3-sulfate,0.0,0.0,0.5,0.6681630132484446,0.0,0.000999000999000999,0.002206206795116929,False
355,B,IEC,Varanic acid,0.0,0.0,0.5,0.6681630132484446,0.0,0.000999000999000999,0.002206206795116929,False
356,B,IEC,Vitamin D3,0.0,0.0,0.5,0.6681630132484446,0.0,0.000999000999000999,0.002206206795116929,False
357,B,IEC,Water,2.1074464,0.219716478974425,0.41304598494665395,0.6681630132484446,0.0,0.12787212787212787,0.1466171155118872,False
358,B,IEC,Zinc,0.0,0.0,0.5,0.6681630132484446,0.0,0.000999000999000999,0.002206206795116929,False
359,B,IEC,alpha-Ketoisovaleric acid,0.0,0.0,0.5,0.6681630132484446,0.0,0.000999000999000999,0.002206206795116929,False
360,B,MAST,"(3a,5b,7a)-23-Carboxy-7-hydroxy-24-norcholan-3-yl-b-D-Glucopyranosiduronic acid",0.0,0.0,0.5,0.6681630132484446,0.0,0.000999000999000999,0.002206206795116929,False
361,B,MAST,17a-Ethynylestradiol,0.0,0.0,0.5,0.6681630132484446,0.0,0.000999000999000999,0.002206206795116929,False
362,B,MAST,"1b,3a,12a-Trihydroxy-5b-cholanoic acid",0.0,0.0,0.5,0.6681630132484446,0.0,0.000999000999000999,0.002206206795116929,False
363,B,MAST,2-Hydroxychlorpropamide,0.0,0.0,0.5,0.6681630132484446,0.0,0.000999000999000999,0.002206206795116929,False
364,B,MAST,25-Hydroxycholesterol,0.48316687,0.21607879470430502,0.41446316432257146,0.6681630132484446,0.0,0.03796203796203796,0.050494610955263544,False
365,B,MAST,"3',4'-Dihydrodiol",0.0,0.0,0.5,0.6681630132484446,0.0,0.000999000999000999,0.002206206795116929,False
366,B,MAST,3-Sulfodeoxycholic acid,0.0,0.0,0.5,0.6681630132484446,0.0,0.000999000999000999,0.002206206795116929,False
367,B,MAST,"3alpha,7alpha-Dihydroxycoprostanic acid",0.0,0.0,0.5,0.6681630132484446,0.0,0.000999000999000999,0.002206206795116929,False
368,B,MAST,3b-Hydroxy-5-cholenoic acid,0.0,0.0,0.5,0.6681630132484446,0.0,0.000999000999000999,0.002206206795116929,False
369,B,MAST,4'-Hydroxydiclofenac,0.0,0.0,0.5,0.6681630132484446,0.0,0.000999000999000999,0.002206206795116929,False
370,B,MAST,4-Hydroxycyclophosphamide,0.0,0.0,0.5,0.6681630132484446,0.0,0.000999000999000999,0.002206206795116929,False
371,B,MAST,4-ene-Valproic acid,0.0,0.0,0.5,0.6681630132484446,0.0,0.000999000999000999,0.002206206795116929,False
372,B,MAST,5-Hydroxyomeprazole,0.0,0.0,0.5,0.6681630132484446,0.0,0.000999000999000999,0.002206206795116929,False
373,B,MAST,8-Hydroxycarvedilol,0.0,0.0,0.5,0.6681630132484446,0.0,0.000999000999000999,0.002206206795116929,False
374,B,MAST,Acetate,0.0,0.0,0.5,0.6681630132484446,0.0,0.000999000999000999,0.002206206795116929,False
375,B,MAST,Acetyl-L-Carnitine,0.0,0.0,0.5,0.6681630132484446,0.0,0.000999000999000999,0.002206206795116929,False
376,B,MAST,Adenosine diphosphate ribose,-0.15433183,-0.06901929399155544,0.5275128691320629,0.6681630132484446,0.0,0.00999000999000999,0.01593343365495264,False
377,B,MAST,Adenosine triphosphate,0.1523451,0.0681308026136173,0.472840755188728,0.6681630132484446,0.0,0.004995004995004995,0.008926091958582932,False
378,B,MAST,Amiloride-sensitive sodium transport,0.0,0.0,0.5,0.6681630132484446,0.0,0.000999000999000999,0.002206206795116929,False
379,B,MAST,Anion exchange,0.33699268,0.08701113609395085,0.46533133017918116,0.6681630132484446,0.0,0.014985014985014986,0.022683738280068557,False
380,B,MAST,Butyrate,0.0,0.0,0.5,0.6681630132484446,0.0,0.000999000999000999,0.002206206795116929,False
381,B,MAST,Cadmium,0.0,0.0,0.5,0.6681630132484446,0.0,0.000999000999000999,0.002206206795116929,False
382,B,MAST,Chenodeoxycholic acid,0.0,0.0,0.5,0.6681630132484446,0.0,0.000999000999000999,0.002206206795116929,False
383,B,MAST,Chenodeoxycholic acid 3-sulfate,0.0,0.0,0.5,0.6681630132484446,0.0,0.000999000999000999,0.002206206795116929,False
384,B,MAST,Chloride,0.17591298,0.07867067461054866,0.4686472857176467,0.6681630132484446,0.0,0.008991008991008992,0.014633088846334503,False
385,B,MAST,Chloride ion,0.0,0.0,0.5,0.6681630132484446,0.0,0.000999000999000999,0.002206206795116929,False
386,B,MAST,Cholesterol,0.0,0.0,0.5,0.6681630132484446,0.0,0.000999000999000999,0.002206206795116929,False
387,B,MAST,Cholic acid,0.0,0.0,0.5,0.6681630132484446,0.0,0.000999000999000999,0.002206206795116929,False
388,B,MAST,Choline,0.0,0.0,0.5,0.6681630132484446,0.0,0.000999000999000999,0.002206206795116929,False
389,B,MAST,Citric acid,0.0,0.0,0.5,0.6681630132484446,0.0,0.000999000999000999,0.002206206795116929,False
390,B,MAST,Coprocholic acid,0.0,0.0,0.5,0.6681630132484446,0.0,0.000999000999000999,0.002206206795116929,False
391,B,MAST,Cortisol,0.0,0.0,0.5,0.6681630132484446,0.0,0.000999000999000999,0.002206206795116929,False
392,B,MAST,Creatine,0.0,0.0,0.5,0.6681630132484446,0.0,0.000999000999000999,0.002206206795116929,False
393,B,MAST,D-Lactate,0.0,0.0,0.5,0.6681630132484446,0.0,0.000999000999000999,0.002206206795116929,False
394,B,MAST,Deoxycholic acid,0.0,0.0,0.5,0.6681630132484446,0.0,0.000999000999000999,0.002206206795116929,False
395,B,MAST,Dopamine,0.0,0.0,0.5,0.6681630132484446,0.0,0.000999000999000999,0.002206206795116929,False
396,B,MAST,E-3179,0.0,0.0,0.5,0.6681630132484446,0.0,0.000999000999000999,0.002206206795116929,False
397,B,MAST,Estradiol,0.0,0.0,0.5,0.6681630132484446,0.0,0.000999000999000999,0.002206206795116929,False
398,B,MAST,Estriol,0.0,0.0,0.5,0.6681630132484446,0.0,0.000999000999000999,0.002206206795116929,False
399,B,MAST,Fatty acid,-0.455764,-0.09115279912948608,0.5363144102071704,0.6681630132484446,0.0,0.01098901098901099,0.017442475069593715,False
400,B,MAST,Folic acid,0.0,0.0,0.5,0.6681630132484446,0.0,0.000999000999000999,0.002206206795116929,False
401,B,MAST,Folinic acid,0.0,0.0,0.5,0.6681630132484446,0.0,0.000999000999000999,0.002206206795116929,False
402,B,MAST,Glutathione,0.0,0.0,0.5,0.6681630132484446,0.0,0.000999000999000999,0.002206206795116929,False
403,B,MAST,Glycerol,0.0,0.0,0.5,0.6681630132484446,0.0,0.000999000999000999,0.002206206795116929,False
404,B,MAST,Glycochenodeoxycholate-3-sulfate,0.0,0.0,0.5,0.6681630132484446,0.0,0.000999000999000999,0.002206206795116929,False
405,B,MAST,Glycyl-glycine,0.0,0.0,0.5,0.6681630132484446,0.0,0.000999000999000999,0.002206206795116929,False
406,B,MAST,Histamine,0.0,0.0,0.5,0.6681630132484446,0.0,0.000999000999000999,0.002206206795116929,False
407,B,MAST,Hydroxylansoprazole,0.0,0.0,0.5,0.6681630132484446,0.0,0.000999000999000999,0.002206206795116929,False
408,B,MAST,Hyodeoxycholic acid,0.0,0.0,0.5,0.6681630132484446,0.0,0.000999000999000999,0.002206206795116929,False
409,B,MAST,Iron,0.0,0.0,0.5,0.6681630132484446,0.0,0.000999000999000999,0.002206206795116929,False
410,B,MAST,Isoursodeoxycholic acid,0.0,0.0,0.5,0.6681630132484446,0.0,0.000999000999000999,0.002206206795116929,False
411,B,MAST,Ketone bodies,0.0,0.0,0.5,0.6681630132484446,0.0,0.000999000999000999,0.002206206795116929,False
412,B,MAST,L-Arginine,0.0,0.0,0.5,0.6681630132484446,0.0,0.000999000999000999,0.002206206795116929,False
413,B,MAST,L-Carnitine,-0.2518177,-0.05630815023983187,0.5224518369072917,0.6681630132484446,0.0,0.004995004995004995,0.008926091958582932,False
414,B,MAST,L-Cystine,0.0,0.0,0.5,0.6681630132484446,0.0,0.000999000999000999,0.002206206795116929,False
415,B,MAST,L-Dopa,0.0,0.0,0.5,0.6681630132484446,0.0,0.000999000999000999,0.002206206795116929,False
416,B,MAST,L-Glutamate,0.0,0.0,0.5,0.6681630132484446,0.0,0.000999000999000999,0.002206206795116929,False
417,B,MAST,L-Lactate,0.0,0.0,0.5,0.6681630132484446,0.0,0.000999000999000999,0.002206206795116929,False
418,B,MAST,L-Lysine,0.0,0.0,0.5,0.6681630132484446,0.0,0.000999000999000999,0.002206206795116929,False
419,B,MAST,L-Ornithine,0.0,0.0,0.5,0.6681630132484446,0.0,0.000999000999000999,0.002206206795116929,False
420,B,MAST,Lithocholic acid,0.0,0.0,0.5,0.6681630132484446,0.0,0.000999000999000999,0.002206206795116929,False
421,B,MAST,Manganese,0.0,0.0,0.5,0.6681630132484446,0.0,0.000999000999000999,0.002206206795116929,False
422,B,MAST,N-Desmethylcitalopram,0.0,0.0,0.5,0.6681630132484446,0.0,0.000999000999000999,0.002206206795116929,False
423,B,MAST,N-Desmethyleletriptan,0.0,0.0,0.5,0.6681630132484446,0.0,0.000999000999000999,0.002206206795116929,False
424,B,MAST,N-Desmethyltamoxifen,0.0,0.0,0.5,0.6681630132484446,0.0,0.000999000999000999,0.002206206795116929,False
425,B,MAST,N-desmethylimatinib,0.0,0.0,0.5,0.6681630132484446,0.0,0.000999000999000999,0.002206206795116929,False
426,B,MAST,Neurotransmitter,0.0,0.0,0.5,0.6681630132484446,0.0,0.000999000999000999,0.002206206795116929,False
427,B,MAST,Nicotinate,0.0,0.0,0.5,0.6681630132484446,0.0,0.000999000999000999,0.002206206795116929,False
428,B,MAST,Norepinephrine,0.0,0.0,0.5,0.6681630132484446,0.0,0.000999000999000999,0.002206206795116929,False
429,B,MAST,O-Deethylated candesartan,0.0,0.0,0.5,0.6681630132484446,0.0,0.000999000999000999,0.002206206795116929,False
430,B,MAST,O-Desmethylverapamil (D-702),0.0,0.0,0.5,0.6681630132484446,0.0,0.000999000999000999,0.002206206795116929,False
431,B,MAST,Oxalic acid,0.0,0.0,0.5,0.6681630132484446,0.0,0.000999000999000999,0.002206206795116929,False
432,B,MAST,Phosphate,0.0,0.0,0.5,0.6681630132484446,0.0,0.000999000999000999,0.002206206795116929,False
433,B,MAST,Progesterone,0.0,0.0,0.5,0.6681630132484446,0.0,0.000999000999000999,0.002206206795116929,False
434,B,MAST,Pyruvate,0.0,0.0,0.5,0.6681630132484446,0.0,0.000999000999000999,0.002206206795116929,False
435,B,MAST,Sodium,0.27048242,0.042767025857388424,0.48294362474120445,0.6681630132484446,0.0,0.016983016983016984,0.025342874180083484,False
436,B,MAST,Sodium_hydrogen exchange,0.08795649,0.022710267581864865,0.49094069280144736,0.6681630132484446,0.0,0.001998001998001998,0.00412210593812261,False
437,B,MAST,Sulfolithocholic acid,0.0,0.0,0.5,0.6681630132484446,0.0,0.000999000999000999,0.002206206795116929,False
438,B,MAST,Taurocholic acid,0.0,0.0,0.5,0.6681630132484446,0.0,0.000999000999000999,0.002206206795116929,False
439,B,MAST,Testosterone,0.0,0.0,0.5,0.6681630132484446,0.0,0.000999000999000999,0.002206206795116929,False
440,B,MAST,Trihydroxycoprostanoic acid,0.0,0.0,0.5,0.6681630132484446,0.0,0.000999000999000999,0.002206206795116929,False
441,B,MAST,Urea,0.0,0.0,0.5,0.6681630132484446,0.0,0.000999000999000999,0.002206206795116929,False
442,B,MAST,Ursocholic acid,0.0,0.0,0.5,0.6681630132484446,0.0,0.000999000999000999,0.002206206795116929,False
443,B,MAST,Ursodeoxycholic acid,0.0,0.0,0.5,0.6681630132484446,0.0,0.000999000999000999,0.002206206795116929,False
444,B,MAST,Ursodeoxycholic acid 3-sulfate,0.0,0.0,0.5,0.6681630132484446,0.0,0.000999000999000999,0.002206206795116929,False
445,B,MAST,Varanic acid,0.0,0.0,0.5,0.6681630132484446,0.0,0.000999000999000999,0.002206206795116929,False
446,B,MAST,Vitamin D3,0.0,0.0,0.5,0.6681630132484446,0.0,0.000999000999000999,0.002206206795116929,False
447,B,MAST,Water,0.2403016,0.053733069959445816,0.47857391741698113,0.6681630132484446,0.0,0.004995004995004995,0.008926091958582932,False
448,B,MAST,Zinc,0.0,0.0,0.5,0.6681630132484446,0.0,0.000999000999000999,0.002206206795116929,False
449,B,MAST,alpha-Ketoisovaleric acid,0.0,0.0,0.5,0.6681630132484446,0.0,0.000999000999000999,0.002206206795116929,False
450,B,MNP,"(3a,5b,7a)-23-Carboxy-7-hydroxy-24-norcholan-3-yl-b-D-Glucopyranosiduronic acid",0.0,0.0,0.5,0.6681630132484446,0.0,0.000999000999000999,0.002206206795116929,False
451,B,MNP,17a-Ethynylestradiol,0.0,0.0,0.5,0.6681630132484446,0.0,0.000999000999000999,0.002206206795116929,False
452,B,MNP,"1b,3a,12a-Trihydroxy-5b-cholanoic acid",0.0,0.0,0.5,0.6681630132484446,0.0,0.000999000999000999,0.002206206795116929,False
453,B,MNP,2-Hydroxychlorpropamide,0.0,0.0,0.5,0.6681630132484446,0.0,0.000999000999000999,0.002206206795116929,False
454,B,MNP,25-Hydroxycholesterol,0.080270685,0.02538381947499619,0.489874408569402,0.6681630132484446,20.581654,0.05094905094905095,0.06533621818595912,False
455,B,MNP,"3',4'-Dihydrodiol",0.0,0.0,0.5,0.6681630132484446,0.0,0.000999000999000999,0.002206206795116929,False
456,B,MNP,3-Sulfodeoxycholic acid,0.0,0.0,0.5,0.6681630132484446,0.0,0.000999000999000999,0.002206206795116929,False
457,B,MNP,"3alpha,7alpha-Dihydroxycoprostanic acid",0.0,0.0,0.5,0.6681630132484446,0.0,0.000999000999000999,0.002206206795116929,False
458,B,MNP,3b-Hydroxy-5-cholenoic acid,0.0,0.0,0.5,0.6681630132484446,0.0,0.000999000999000999,0.002206206795116929,False
459,B,MNP,4'-Hydroxydiclofenac,0.0,0.0,0.5,0.6681630132484446,0.0,0.000999000999000999,0.002206206795116929,False
460,B,MNP,4-Hydroxycyclophosphamide,0.0,0.0,0.5,0.6681630132484446,0.0,0.000999000999000999,0.002206206795116929,False
461,B,MNP,4-ene-Valproic acid,0.0,0.0,0.5,0.6681630132484446,0.0,0.000999000999000999,0.002206206795116929,False
462,B,MNP,5-Hydroxyomeprazole,0.0,0.0,0.5,0.6681630132484446,0.0,0.000999000999000999,0.002206206795116929,False
463,B,MNP,8-Hydroxycarvedilol,0.0,0.0,0.5,0.6681630132484446,0.0,0.000999000999000999,0.002206206795116929,False
464,B,MNP,Acetate,0.0,0.0,0.5,0.6681630132484446,0.0,0.000999000999000999,0.002206206795116929,False
465,B,MNP,Acetyl-L-Carnitine,0.0,0.0,0.5,0.6681630132484446,0.0,0.000999000999000999,0.002206206795116929,False
466,B,MNP,Adenosine diphosphate ribose,-0.73978645,-0.23394101517800373,0.5924846144783553,0.6770266346377942,0.0,0.028971028971028972,0.03983516483516483,False
467,B,MNP,Adenosine triphosphate,0.50846833,0.1607918040566335,0.43612869032882495,0.6681630132484446,0.0,0.028971028971028972,0.03983516483516483,False
468,B,MNP,Amiloride-sensitive sodium transport,0.0,0.0,0.5,0.6681630132484446,0.0,0.000999000999000999,0.002206206795116929,False
469,B,MNP,Anion exchange,0.5704181,0.10414362374059458,0.4585276861578196,0.6681630132484446,0.0,0.014985014985014986,0.022683738280068557,False
470,B,MNP,Butyrate,0.0,0.0,0.5,0.6681630132484446,0.0,0.000999000999000999,0.002206206795116929,False
471,B,MNP,Cadmium,0.0,0.0,0.5,0.6681630132484446,0.0,0.000999000999000999,0.002206206795116929,False
472,B,MNP,Chenodeoxycholic acid,0.0,0.0,0.5,0.6681630132484446,0.0,0.000999000999000999,0.002206206795116929,False
473,B,MNP,Chenodeoxycholic acid 3-sulfate,0.0,0.0,0.5,0.6681630132484446,0.0,0.000999000999000999,0.002206206795116929,False
474,B,MNP,Chloride,0.29022384,0.09177683558734383,0.46343767444784706,0.6681630132484446,0.0,0.014985014985014986,0.022683738280068557,False
475,B,MNP,Chloride ion,0.0,0.0,0.5,0.6681630132484446,0.0,0.000999000999000999,0.002206206795116929,False
476,B,MNP,Cholesterol,0.0,0.0,0.5,0.6681630132484446,0.0,0.000999000999000999,0.002206206795116929,False
477,B,MNP,Cholic acid,0.0,0.0,0.5,0.6681630132484446,0.0,0.000999000999000999,0.002206206795116929,False
478,B,MNP,Choline,0.0,0.0,0.5,0.6681630132484446,0.0,0.000999000999000999,0.002206206795116929,False
479,B,MNP,Citric acid,0.0,0.0,0.5,0.6681630132484446,0.0,0.000999000999000999,0.002206206795116929,False
480,B,MNP,Coprocholic acid,0.0,0.0,0.5,0.6681630132484446,0.0,0.000999000999000999,0.002206206795116929,False
481,B,MNP,Cortisol,0.0,0.0,0.5,0.6681630132484446,0.0,0.000999000999000999,0.002206206795116929,False
482,B,MNP,Creatine,0.0,0.0,0.5,0.6681630132484446,0.0,0.000999000999000999,0.002206206795116929,False
483,B,MNP,D-Lactate,0.0,0.0,0.5,0.6681630132484446,0.0,0.000999000999000999,0.002206206795116929,False
484,B,MNP,Deoxycholic acid,0.0,0.0,0.5,0.6681630132484446,0.0,0.000999000999000999,0.002206206795116929,False
485,B,MNP,Dopamine,0.0,0.0,0.5,0.6681630132484446,0.0,0.000999000999000999,0.002206206795116929,False
486,B,MNP,E-3179,0.0,0.0,0.5,0.6681630132484446,0.0,0.000999000999000999,0.002206206795116929,False
487,B,MNP,Estradiol,0.0,0.0,0.5,0.6681630132484446,0.0,0.000999000999000999,0.002206206795116929,False
488,B,MNP,Estriol,0.0,0.0,0.5,0.6681630132484446,0.0,0.000999000999000999,0.002206206795116929,False
489,B,MNP,Fatty acid,0.7548266,0.10674860224835546,0.4574942119221657,0.6681630132484446,0.0,0.05194805194805195,0.06654343807763402,False
490,B,MNP,Folic acid,0.0,0.0,0.5,0.6681630132484446,0.0,0.000999000999000999,0.002206206795116929,False
491,B,MNP,Folinic acid,0.0,0.0,0.5,0.6681630132484446,0.0,0.000999000999000999,0.002206206795116929,False
492,B,MNP,Glutathione,0.0,0.0,0.5,0.6681630132484446,0.0,0.000999000999000999,0.002206206795116929,False
493,B,MNP,Glycerol,0.0,0.0,0.5,0.6681630132484446,0.0,0.000999000999000999,0.002206206795116929,False
494,B,MNP,Glycochenodeoxycholate-3-sulfate,0.0,0.0,0.5,0.6681630132484446,0.0,0.000999000999000999,0.002206206795116929,False
495,B,MNP,Glycyl-glycine,0.0,0.0,0.5,0.6681630132484446,0.0,0.000999000999000999,0.002206206795116929,False
496,B,MNP,Histamine,0.0,0.0,0.5,0.6681630132484446,0.0,0.000999000999000999,0.002206206795116929,False
497,B,MNP,Hydroxylansoprazole,0.0,0.0,0.5,0.6681630132484446,0.0,0.000999000999000999,0.002206206795116929,False
498,B,MNP,Hyodeoxycholic acid,0.0,0.0,0.5,0.6681630132484446,0.0,0.000999000999000999,0.002206206795116929,False
499,B,MNP,Iron,0.0,0.0,0.5,0.6681630132484446,0.0,0.000999000999000999,0.002206206795116929,False
500,B,MNP,Isoursodeoxycholic acid,0.0,0.0,0.5,0.6681630132484446,0.0,0.000999000999000999,0.002206206795116929,False
501,B,MNP,Ketone bodies,0.0,0.0,0.5,0.6681630132484446,0.0,0.000999000999000999,0.002206206795116929,False
502,B,MNP,L-Arginine,0.0,0.0,0.5,0.6681630132484446,0.0,0.000999000999000999,0.002206206795116929,False
503,B,MNP,L-Carnitine,0.2335541,0.03692814485768385,0.48527114934806503,0.6681630132484446,0.0,0.001998001998001998,0.00412210593812261,False
504,B,MNP,L-Cystine,0.0,0.0,0.5,0.6681630132484446,0.0,0.000999000999000999,0.002206206795116929,False
505,B,MNP,L-Dopa,0.0,0.0,0.5,0.6681630132484446,0.0,0.000999000999000999,0.002206206795116929,False
506,B,MNP,L-Glutamate,0.0,0.0,0.5,0.6681630132484446,0.0,0.000999000999000999,0.002206206795116929,False
507,B,MNP,L-Lactate,0.0,0.0,0.5,0.6681630132484446,0.0,0.000999000999000999,0.002206206795116929,False
508,B,MNP,L-Lysine,0.0,0.0,0.5,0.6681630132484446,0.0,0.000999000999000999,0.002206206795116929,False
509,B,MNP,L-Ornithine,0.0,0.0,0.5,0.6681630132484446,0.0,0.000999000999000999,0.002206206795116929,False
510,B,MNP,Lithocholic acid,0.0,0.0,0.5,0.6681630132484446,0.0,0.000999000999000999,0.002206206795116929,False
511,B,MNP,Manganese,0.0,0.0,0.5,0.6681630132484446,0.0,0.000999000999000999,0.002206206795116929,False
512,B,MNP,N-Desmethylcitalopram,0.0,0.0,0.5,0.6681630132484446,0.0,0.000999000999000999,0.002206206795116929,False
513,B,MNP,N-Desmethyleletriptan,0.0,0.0,0.5,0.6681630132484446,0.0,0.000999000999000999,0.002206206795116929,False
514,B,MNP,N-Desmethyltamoxifen,0.0,0.0,0.5,0.6681630132484446,0.0,0.000999000999000999,0.002206206795116929,False
515,B,MNP,N-desmethylimatinib,0.0,0.0,0.5,0.6681630132484446,0.0,0.000999000999000999,0.002206206795116929,False
516,B,MNP,Neurotransmitter,0.0,0.0,0.5,0.6681630132484446,0.0,0.000999000999000999,0.002206206795116929,False
517,B,MNP,Nicotinate,0.0,0.0,0.5,0.6681630132484446,0.0,0.000999000999000999,0.002206206795116929,False
518,B,MNP,Norepinephrine,0.0,0.0,0.5,0.6681630132484446,0.0,0.000999000999000999,0.002206206795116929,False
519,B,MNP,O-Deethylated candesartan,0.0,0.0,0.5,0.6681630132484446,0.0,0.000999000999000999,0.002206206795116929,False
520,B,MNP,O-Desmethylverapamil (D-702),0.0,0.0,0.5,0.6681630132484446,0.0,0.000999000999000999,0.002206206795116929,False
521,B,MNP,Oxalic acid,0.0,0.0,0.5,0.6681630132484446,0.0,0.000999000999000999,0.002206206795116929,False
522,B,MNP,Phosphate,0.0,0.0,0.5,0.6681630132484446,0.0,0.000999000999000999,0.002206206795116929,False
523,B,MNP,Progesterone,0.0,0.0,0.5,0.6681630132484446,0.0,0.000999000999000999,0.002206206795116929,False
524,B,MNP,Pyruvate,0.0,0.0,0.5,0.6681630132484446,0.0,0.000999000999000999,0.002206206795116929,False
525,B,MNP,Sodium,-0.57056624,-0.06379124457687271,0.5254317750618618,0.6681630132484446,0.0,0.027972027972027972,0.038684125692706815,False
526,B,MNP,Sodium_hydrogen exchange,-0.073102824,-0.013346688645235328,0.5053244003272607,0.6681630132484446,0.0,0.001998001998001998,0.00412210593812261,False
527,B,MNP,Sulfolithocholic acid,0.0,0.0,0.5,0.6681630132484446,0.0,0.000999000999000999,0.002206206795116929,False
528,B,MNP,Taurocholic acid,0.0,0.0,0.5,0.6681630132484446,0.0,0.000999000999000999,0.002206206795116929,False
529,B,MNP,Testosterone,0.0,0.0,0.5,0.6681630132484446,0.0,0.000999000999000999,0.002206206795116929,False
530,B,MNP,Trihydroxycoprostanoic acid,0.0,0.0,0.5,0.6681630132484446,0.0,0.000999000999000999,0.002206206795116929,False
531,B,MNP,Urea,0.0,0.0,0.5,0.6681630132484446,0.0,0.000999000999000999,0.002206206795116929,False
532,B,MNP,Ursocholic acid,0.0,0.0,0.5,0.6681630132484446,0.0,0.000999000999000999,0.002206206795116929,False
533,B,MNP,Ursodeoxycholic acid,0.0,0.0,0.5,0.6681630132484446,0.0,0.000999000999000999,0.002206206795116929,False
534,B,MNP,Ursodeoxycholic acid 3-sulfate,0.0,0.0,0.5,0.6681630132484446,0.0,0.000999000999000999,0.002206206795116929,False
535,B,MNP,Varanic acid,0.0,0.0,0.5,0.6681630132484446,0.0,0.000999000999000999,0.002206206795116929,False
536,B,MNP,Vitamin D3,0.0,0.0,0.5,0.6681630132484446,0.0,0.000999000999000999,0.002206206795116929,False
537,B,MNP,Water,0.35332337,0.05586533002283294,0.47772454515565255,0.6681630132484446,0.0,0.008991008991008992,0.014633088846334503,False
538,B,MNP,Zinc,0.0,0.0,0.5,0.6681630132484446,0.0,0.000999000999000999,0.002206206795116929,False
539,B,MNP,alpha-Ketoisovaleric acid,0.0,0.0,0.5,0.6681630132484446,0.0,0.000999000999000999,0.002206206795116929,False
540,B,Muscularis_mucosa,"(3a,5b,7a)-23-Carboxy-7-hydroxy-24-norcholan-3-yl-b-D-Glucopyranosiduronic acid",0.0,0.0,0.5,0.6681630132484446,0.0,0.000999000999000999,0.002206206795116929,False
541,B,Muscularis_mucosa,17a-Ethynylestradiol,0.0,0.0,0.5,0.6681630132484446,0.0,0.000999000999000999,0.002206206795116929,False
542,B,Muscularis_mucosa,"1b,3a,12a-Trihydroxy-5b-cholanoic acid",0.0,0.0,0.5,0.6681630132484446,0.0,0.000999000999000999,0.002206206795116929,False
543,B,Muscularis_mucosa,2-Hydroxychlorpropamide,0.0,0.0,0.5,0.6681630132484446,0.0,0.000999000999000999,0.002206206795116929,False
544,B,Muscularis_mucosa,25-Hydroxycholesterol,0.0,0.0,0.5,0.6681630132484446,0.0,0.000999000999000999,0.002206206795116929,False
545,B,Muscularis_mucosa,"3',4'-Dihydrodiol",0.0,0.0,0.5,0.6681630132484446,0.0,0.000999000999000999,0.002206206795116929,False
546,B,Muscularis_mucosa,3-Sulfodeoxycholic acid,0.0,0.0,0.5,0.6681630132484446,0.0,0.000999000999000999,0.002206206795116929,False
547,B,Muscularis_mucosa,"3alpha,7alpha-Dihydroxycoprostanic acid",0.0,0.0,0.5,0.6681630132484446,0.0,0.000999000999000999,0.002206206795116929,False
548,B,Muscularis_mucosa,3b-Hydroxy-5-cholenoic acid,0.0,0.0,0.5,0.6681630132484446,0.0,0.000999000999000999,0.002206206795116929,False
549,B,Muscularis_mucosa,4'-Hydroxydiclofenac,0.0,0.0,0.5,0.6681630132484446,0.0,0.000999000999000999,0.002206206795116929,False
550,B,Muscularis_mucosa,4-Hydroxycyclophosphamide,0.0,0.0,0.5,0.6681630132484446,0.0,0.000999000999000999,0.002206206795116929,False
551,B,Muscularis_mucosa,4-ene-Valproic acid,0.0,0.0,0.5,0.6681630132484446,0.0,0.000999000999000999,0.002206206795116929,False
552,B,Muscularis_mucosa,5-Hydroxyomeprazole,0.0,0.0,0.5,0.6681630132484446,0.0,0.000999000999000999,0.002206206795116929,False
553,B,Muscularis_mucosa,8-Hydroxycarvedilol,0.0,0.0,0.5,0.6681630132484446,0.0,0.000999000999000999,0.002206206795116929,False
554,B,Muscularis_mucosa,Acetate,0.0,0.0,0.5,0.6681630132484446,0.0,0.000999000999000999,0.002206206795116929,False
555,B,Muscularis_mucosa,Acetyl-L-Carnitine,0.0,0.0,0.5,0.6681630132484446,0.0,0.000999000999000999,0.002206206795116929,False
556,B,Muscularis_mucosa,Adenosine diphosphate ribose,0.0,0.0,0.5,0.6681630132484446,0.0,0.005994005994005994,0.010452557005148853,False
557,B,Muscularis_mucosa,Adenosine triphosphate,0.0,0.0,0.5,0.6681630132484446,0.0,0.002997002997002997,0.005910424237117464,False
558,B,Muscularis_mucosa,Amiloride-sensitive sodium transport,0.0,0.0,0.5,0.6681630132484446,0.0,0.000999000999000999,0.002206206795116929,False
559,B,Muscularis_mucosa,Anion exchange,0.0,0.0,0.5,0.6681630132484446,0.0,0.003996003996003996,0.007468259895444362,False
560,B,Muscularis_mucosa,Butyrate,0.0,0.0,0.5,0.6681630132484446,0.0,0.000999000999000999,0.002206206795116929,False
561,B,Muscularis_mucosa,Cadmium,0.0,0.0,0.5,0.6681630132484446,0.0,0.000999000999000999,0.002206206795116929,False
562,B,Muscularis_mucosa,Chenodeoxycholic acid,0.0,0.0,0.5,0.6681630132484446,0.0,0.000999000999000999,0.002206206795116929,False
563,B,Muscularis_mucosa,Chenodeoxycholic acid 3-sulfate,0.0,0.0,0.5,0.6681630132484446,0.0,0.000999000999000999,0.002206206795116929,False
564,B,Muscularis_mucosa,Chloride,0.0,0.0,0.5,0.6681630132484446,0.0,0.003996003996003996,0.007468259895444362,False
565,B,Muscularis_mucosa,Chloride ion,0.0,0.0,0.5,0.6681630132484446,0.0,0.000999000999000999,0.002206206795116929,False
566,B,Muscularis_mucosa,Cholesterol,0.0,0.0,0.5,0.6681630132484446,0.0,0.000999000999000999,0.002206206795116929,False
567,B,Muscularis_mucosa,Cholic acid,0.0,0.0,0.5,0.6681630132484446,0.0,0.000999000999000999,0.002206206795116929,False
568,B,Muscularis_mucosa,Choline,0.0,0.0,0.5,0.6681630132484446,0.0,0.000999000999000999,0.002206206795116929,False
569,B,Muscularis_mucosa,Citric acid,0.0,0.0,0.5,0.6681630132484446,0.0,0.000999000999000999,0.002206206795116929,False
570,B,Muscularis_mucosa,Coprocholic acid,0.0,0.0,0.5,0.6681630132484446,0.0,0.000999000999000999,0.002206206795116929,False
571,B,Muscularis_mucosa,Cortisol,0.0,0.0,0.5,0.6681630132484446,0.0,0.000999000999000999,0.002206206795116929,False
572,B,Muscularis_mucosa,Creatine,0.0,0.0,0.5,0.6681630132484446,0.0,0.000999000999000999,0.002206206795116929,False
573,B,Muscularis_mucosa,D-Lactate,0.0,0.0,0.5,0.6681630132484446,0.0,0.000999000999000999,0.002206206795116929,False
574,B,Muscularis_mucosa,Deoxycholic acid,0.0,0.0,0.5,0.6681630132484446,0.0,0.000999000999000999,0.002206206795116929,False
575,B,Muscularis_mucosa,Dopamine,0.0,0.0,0.5,0.6681630132484446,0.0,0.000999000999000999,0.002206206795116929,False
576,B,Muscularis_mucosa,E-3179,0.0,0.0,0.5,0.6681630132484446,0.0,0.000999000999000999,0.002206206795116929,False
577,B,Muscularis_mucosa,Estradiol,0.0,0.0,0.5,0.6681630132484446,0.0,0.000999000999000999,0.002206206795116929,False
578,B,Muscularis_mucosa,Estriol,0.0,0.0,0.5,0.6681630132484446,0.0,0.000999000999000999,0.002206206795116929,False
579,B,Muscularis_mucosa,Fatty acid,0.0,0.0,0.5,0.6681630132484446,0.0,0.001998001998001998,0.00412210593812261,False
580,B,Muscularis_mucosa,Folic acid,0.0,0.0,0.5,0.6681630132484446,0.0,0.000999000999000999,0.002206206795116929,False
581,B,Muscularis_mucosa,Folinic acid,0.0,0.0,0.5,0.6681630132484446,0.0,0.000999000999000999,0.002206206795116929,False
582,B,Muscularis_mucosa,Glutathione,0.0,0.0,0.5,0.6681630132484446,0.0,0.000999000999000999,0.002206206795116929,False
583,B,Muscularis_mucosa,Glycerol,0.0,0.0,0.5,0.6681630132484446,0.0,0.000999000999000999,0.002206206795116929,False
584,B,Muscularis_mucosa,Glycochenodeoxycholate-3-sulfate,0.0,0.0,0.5,0.6681630132484446,0.0,0.000999000999000999,0.002206206795116929,False
585,B,Muscularis_mucosa,Glycyl-glycine,0.0,0.0,0.5,0.6681630132484446,0.0,0.000999000999000999,0.002206206795116929,False
586,B,Muscularis_mucosa,Histamine,0.0,0.0,0.5,0.6681630132484446,0.0,0.000999000999000999,0.002206206795116929,False
587,B,Muscularis_mucosa,Hydroxylansoprazole,0.0,0.0,0.5,0.6681630132484446,0.0,0.000999000999000999,0.002206206795116929,False
588,B,Muscularis_mucosa,Hyodeoxycholic acid,0.0,0.0,0.5,0.6681630132484446,0.0,0.000999000999000999,0.002206206795116929,False
589,B,Muscularis_mucosa,Iron,0.0,0.0,0.5,0.6681630132484446,0.0,0.000999000999000999,0.002206206795116929,False
590,B,Muscularis_mucosa,Isoursodeoxycholic acid,0.0,0.0,0.5,0.6681630132484446,0.0,0.000999000999000999,0.002206206795116929,False
591,B,Muscularis_mucosa,Ketone bodies,0.0,0.0,0.5,0.6681630132484446,0.0,0.000999000999000999,0.002206206795116929,False
592,B,Muscularis_mucosa,L-Arginine,0.0,0.0,0.5,0.6681630132484446,0.0,0.000999000999000999,0.002206206795116929,False
593,B,Muscularis_mucosa,L-Carnitine,0.0,0.0,0.5,0.6681630132484446,0.0,0.000999000999000999,0.002206206795116929,False
594,B,Muscularis_mucosa,L-Cystine,0.0,0.0,0.5,0.6681630132484446,0.0,0.000999000999000999,0.002206206795116929,False
595,B,Muscularis_mucosa,L-Dopa,0.0,0.0,0.5,0.6681630132484446,0.0,0.000999000999000999,0.002206206795116929,False
596,B,Muscularis_mucosa,L-Glutamate,0.0,0.0,0.5,0.6681630132484446,0.0,0.000999000999000999,0.002206206795116929,False
597,B,Muscularis_mucosa,L-Lactate,0.0,0.0,0.5,0.6681630132484446,0.0,0.000999000999000999,0.002206206795116929,False
598,B,Muscularis_mucosa,L-Lysine,0.0,0.0,0.5,0.6681630132484446,0.0,0.000999000999000999,0.002206206795116929,False
599,B,Muscularis_mucosa,L-Ornithine,0.0,0.0,0.5,0.6681630132484446,0.0,0.000999000999000999,0.002206206795116929,False
600,B,Muscularis_mucosa,Lithocholic acid,0.0,0.0,0.5,0.6681630132484446,0.0,0.000999000999000999,0.002206206795116929,False
601,B,Muscularis_mucosa,Manganese,0.0,0.0,0.5,0.6681630132484446,0.0,0.000999000999000999,0.002206206795116929,False
602,B,Muscularis_mucosa,N-Desmethylcitalopram,0.0,0.0,0.5,0.6681630132484446,0.0,0.000999000999000999,0.002206206795116929,False
603,B,Muscularis_mucosa,N-Desmethyleletriptan,0.0,0.0,0.5,0.6681630132484446,0.0,0.000999000999000999,0.002206206795116929,False
604,B,Muscularis_mucosa,N-Desmethyltamoxifen,0.0,0.0,0.5,0.6681630132484446,0.0,0.000999000999000999,0.002206206795116929,False
605,B,Muscularis_mucosa,N-desmethylimatinib,0.0,0.0,0.5,0.6681630132484446,0.0,0.000999000999000999,0.002206206795116929,False
606,B,Muscularis_mucosa,Neurotransmitter,0.0,0.0,0.5,0.6681630132484446,0.0,0.000999000999000999,0.002206206795116929,False
607,B,Muscularis_mucosa,Nicotinate,0.0,0.0,0.5,0.6681630132484446,0.0,0.000999000999000999,0.002206206795116929,False
608,B,Muscularis_mucosa,Norepinephrine,0.0,0.0,0.5,0.6681630132484446,0.0,0.000999000999000999,0.002206206795116929,False
609,B,Muscularis_mucosa,O-Deethylated candesartan,0.0,0.0,0.5,0.6681630132484446,0.0,0.000999000999000999,0.002206206795116929,False
610,B,Muscularis_mucosa,O-Desmethylverapamil (D-702),0.0,0.0,0.5,0.6681630132484446,0.0,0.000999000999000999,0.002206206795116929,False
611,B,Muscularis_mucosa,Oxalic acid,0.0,0.0,0.5,0.6681630132484446,0.0,0.000999000999000999,0.002206206795116929,False
612,B,Muscularis_mucosa,Phosphate,0.0,0.0,0.5,0.6681630132484446,0.0,0.000999000999000999,0.002206206795116929,False
613,B,Muscularis_mucosa,Progesterone,0.0,0.0,0.5,0.6681630132484446,0.0,0.000999000999000999,0.002206206795116929,False
614,B,Muscularis_mucosa,Pyruvate,0.0,0.0,0.5,0.6681630132484446,0.0,0.000999000999000999,0.002206206795116929,False
615,B,Muscularis_mucosa,Sodium,0.0,0.0,0.5,0.6681630132484446,0.0,0.004995004995004995,0.008926091958582932,False
616,B,Muscularis_mucosa,Sodium_hydrogen exchange,0.0,0.0,0.5,0.6681630132484446,0.0,0.000999000999000999,0.002206206795116929,False
617,B,Muscularis_mucosa,Sulfolithocholic acid,0.0,0.0,0.5,0.6681630132484446,0.0,0.000999000999000999,0.002206206795116929,False
618,B,Muscularis_mucosa,Taurocholic acid,0.0,0.0,0.5,0.6681630132484446,0.0,0.000999000999000999,0.002206206795116929,False
619,B,Muscularis_mucosa,Testosterone,0.0,0.0,0.5,0.6681630132484446,0.0,0.000999000999000999,0.002206206795116929,False
620,B,Muscularis_mucosa,Trihydroxycoprostanoic acid,0.0,0.0,0.5,0.6681630132484446,0.0,0.000999000999000999,0.002206206795116929,False
621,B,Muscularis_mucosa,Urea,0.0,0.0,0.5,0.6681630132484446,0.0,0.000999000999000999,0.002206206795116929,False
622,B,Muscularis_mucosa,Ursocholic acid,0.0,0.0,0.5,0.6681630132484446,0.0,0.000999000999000999,0.002206206795116929,False
623,B,Muscularis_mucosa,Ursodeoxycholic acid,0.0,0.0,0.5,0.6681630132484446,0.0,0.000999000999000999,0.002206206795116929,False
624,B,Muscularis_mucosa,Ursodeoxycholic acid 3-sulfate,0.0,0.0,0.5,0.6681630132484446,0.0,0.000999000999000999,0.002206206795116929,False
625,B,Muscularis_mucosa,Varanic acid,0.0,0.0,0.5,0.6681630132484446,0.0,0.000999000999000999,0.002206206795116929,False
626,B,Muscularis_mucosa,Vitamin D3,0.0,0.0,0.5,0.6681630132484446,0.0,0.000999000999000999,0.002206206795116929,False
627,B,Muscularis_mucosa,Water,0.0,0.0,0.5,0.6681630132484446,0.0,0.001998001998001998,0.00412210593812261,False
628,B,Muscularis_mucosa,Zinc,0.0,0.0,0.5,0.6681630132484446,0.0,0.000999000999000999,0.002206206795116929,False
629,B,Muscularis_mucosa,alpha-Ketoisovaleric acid,0.0,0.0,0.5,0.6681630132484446,0.0,0.000999000999000999,0.002206206795116929,False
630,B,Myofibroblast,"(3a,5b,7a)-23-Carboxy-7-hydroxy-24-norcholan-3-yl-b-D-Glucopyranosiduronic acid",0.0,0.0,0.5,0.6681630132484446,0.0,0.000999000999000999,0.002206206795116929,False
631,B,Myofibroblast,17a-Ethynylestradiol,0.0,0.0,0.5,0.6681630132484446,0.0,0.000999000999000999,0.002206206795116929,False
632,B,Myofibroblast,"1b,3a,12a-Trihydroxy-5b-cholanoic acid",0.0,0.0,0.5,0.6681630132484446,0.0,0.000999000999000999,0.002206206795116929,False
633,B,Myofibroblast,2-Hydroxychlorpropamide,0.0,0.0,0.5,0.6681630132484446,0.0,0.000999000999000999,0.002206206795116929,False
634,B,Myofibroblast,25-Hydroxycholesterol,0.09498714,0.06716605018721881,0.4732247560474587,0.6681630132484446,0.0,0.013986013986013986,0.02125506072874494,False
635,B,Myofibroblast,"3',4'-Dihydrodiol",0.0,0.0,0.5,0.6681630132484446,0.0,0.000999000999000999,0.002206206795116929,False
636,B,Myofibroblast,3-Sulfodeoxycholic acid,0.0,0.0,0.5,0.6681630132484446,0.0,0.000999000999000999,0.002206206795116929,False
637,B,Myofibroblast,"3alpha,7alpha-Dihydroxycoprostanic acid",0.0,0.0,0.5,0.6681630132484446,0.0,0.000999000999000999,0.002206206795116929,False
638,B,Myofibroblast,3b-Hydroxy-5-cholenoic acid,0.0,0.0,0.5,0.6681630132484446,0.0,0.000999000999000999,0.002206206795116929,False
639,B,Myofibroblast,4'-Hydroxydiclofenac,0.0,0.0,0.5,0.6681630132484446,0.0,0.000999000999000999,0.002206206795116929,False
640,B,Myofibroblast,4-Hydroxycyclophosphamide,0.0,0.0,0.5,0.6681630132484446,0.0,0.000999000999000999,0.002206206795116929,False
641,B,Myofibroblast,4-ene-Valproic acid,0.0,0.0,0.5,0.6681630132484446,0.0,0.000999000999000999,0.002206206795116929,False
642,B,Myofibroblast,5-Hydroxyomeprazole,0.0,0.0,0.5,0.6681630132484446,0.0,0.000999000999000999,0.002206206795116929,False
643,B,Myofibroblast,8-Hydroxycarvedilol,0.0,0.0,0.5,0.6681630132484446,0.0,0.000999000999000999,0.002206206795116929,False
644,B,Myofibroblast,Acetate,0.0,0.0,0.5,0.6681630132484446,0.0,0.000999000999000999,0.002206206795116929,False
645,B,Myofibroblast,Acetyl-L-Carnitine,0.0,0.0,0.5,0.6681630132484446,0.0,0.000999000999000999,0.002206206795116929,False
646,B,Myofibroblast,Adenosine diphosphate ribose,0.03166238,0.02238868251768026,0.49106895406652934,0.6681630132484446,0.0,0.001998001998001998,0.00412210593812261,False
647,B,Myofibroblast,Adenosine triphosphate,0.07079923,0.05006261671711908,0.4800362449508431,0.6681630132484446,0.0,0.001998001998001998,0.00412210593812261,False
648,B,Myofibroblast,Amiloride-sensitive sodium transport,0.0,0.0,0.5,0.6681630132484446,0.0,0.000999000999000999,0.002206206795116929,False
649,B,Myofibroblast,Anion exchange,0.054840848,0.022388682382288402,0.49106895412052937,0.6681630132484446,0.0,0.005994005994005994,0.010452557005148853,False
650,B,Myofibroblast,Butyrate,0.0,0.0,0.5,0.6681630132484446,0.0,0.000999000999000999,0.002206206795116929,False
651,B,Myofibroblast,Cadmium,0.0,0.0,0.5,0.6681630132484446,0.0,0.000999000999000999,0.002206206795116929,False
652,B,Myofibroblast,Chenodeoxycholic acid,0.0,0.0,0.5,0.6681630132484446,0.0,0.000999000999000999,0.002206206795116929,False
653,B,Myofibroblast,Chenodeoxycholic acid 3-sulfate,0.0,0.0,0.5,0.6681630132484446,0.0,0.000999000999000999,0.002206206795116929,False
654,B,Myofibroblast,Chloride,0.044777367,0.031662380036077804,0.4873706481082115,0.6681630132484446,0.0,0.003996003996003996,0.007468259895444362,False
655,B,Myofibroblast,Chloride ion,0.0,0.0,0.5,0.6681630132484446,0.0,0.000999000999000999,0.002206206795116929,False
656,B,Myofibroblast,Cholesterol,0.0,0.0,0.5,0.6681630132484446,0.0,0.000999000999000999,0.002206206795116929,False
657,B,Myofibroblast,Cholic acid,0.0,0.0,0.5,0.6681630132484446,0.0,0.000999000999000999,0.002206206795116929,False
658,B,Myofibroblast,Choline,0.0,0.0,0.5,0.6681630132484446,0.0,0.000999000999000999,0.002206206795116929,False
659,B,Myofibroblast,Citric acid,0.0,0.0,0.5,0.6681630132484446,0.0,0.000999000999000999,0.002206206795116929,False
660,B,Myofibroblast,Coprocholic acid,0.0,0.0,0.5,0.6681630132484446,0.0,0.000999000999000999,0.002206206795116929,False
661,B,Myofibroblast,Cortisol,0.0,0.0,0.5,0.6681630132484446,0.0,0.000999000999000999,0.002206206795116929,False
662,B,Myofibroblast,Creatine,0.0,0.0,0.5,0.6681630132484446,0.0,0.000999000999000999,0.002206206795116929,False
663,B,Myofibroblast,D-Lactate,0.0,0.0,0.5,0.6681630132484446,0.0,0.000999000999000999,0.002206206795116929,False
664,B,Myofibroblast,Deoxycholic acid,0.0,0.0,0.5,0.6681630132484446,0.0,0.000999000999000999,0.002206206795116929,False
665,B,Myofibroblast,Dopamine,0.0,0.0,0.5,0.6681630132484446,0.0,0.000999000999000999,0.002206206795116929,False
666,B,Myofibroblast,E-3179,0.0,0.0,0.5,0.6681630132484446,0.0,0.000999000999000999,0.002206206795116929,False
667,B,Myofibroblast,Estradiol,0.0,0.0,0.5,0.6681630132484446,0.0,0.000999000999000999,0.002206206795116929,False
668,B,Myofibroblast,Estriol,0.0,0.0,0.5,0.6681630132484446,0.0,0.000999000999000999,0.002206206795116929,False
669,B,Myofibroblast,Fatty acid,-0.33583024,-0.10619884701201253,0.542287707137096,0.6681630132484446,0.0,0.00999000999000999,0.01593343365495264,False
670,B,Myofibroblast,Folic acid,0.0,0.0,0.5,0.6681630132484446,0.0,0.000999000999000999,0.002206206795116929,False
671,B,Myofibroblast,Folinic acid,0.0,0.0,0.5,0.6681630132484446,0.0,0.000999000999000999,0.002206206795116929,False
672,B,Myofibroblast,Glutathione,0.0,0.0,0.5,0.6681630132484446,0.0,0.000999000999000999,0.002206206795116929,False
673,B,Myofibroblast,Glycerol,0.0,0.0,0.5,0.6681630132484446,0.0,0.000999000999000999,0.002206206795116929,False
674,B,Myofibroblast,Glycochenodeoxycholate-3-sulfate,0.0,0.0,0.5,0.6681630132484446,0.0,0.000999000999000999,0.002206206795116929,False
675,B,Myofibroblast,Glycyl-glycine,0.0,0.0,0.5,0.6681630132484446,0.0,0.000999000999000999,0.002206206795116929,False
676,B,Myofibroblast,Histamine,0.0,0.0,0.5,0.6681630132484446,0.0,0.000999000999000999,0.002206206795116929,False
677,B,Myofibroblast,Hydroxylansoprazole,0.0,0.0,0.5,0.6681630132484446,0.0,0.000999000999000999,0.002206206795116929,False
678,B,Myofibroblast,Hyodeoxycholic acid,0.0,0.0,0.5,0.6681630132484446,0.0,0.000999000999000999,0.002206206795116929,False
679,B,Myofibroblast,Iron,0.0,0.0,0.5,0.6681630132484446,0.0,0.000999000999000999,0.002206206795116929,False
680,B,Myofibroblast,Isoursodeoxycholic acid,0.0,0.0,0.5,0.6681630132484446,0.0,0.000999000999000999,0.002206206795116929,False
681,B,Myofibroblast,Ketone bodies,0.0,0.0,0.5,0.6681630132484446,0.0,0.000999000999000999,0.002206206795116929,False
682,B,Myofibroblast,L-Arginine,0.0,0.0,0.5,0.6681630132484446,0.0,0.000999000999000999,0.002206206795116929,False
683,B,Myofibroblast,L-Carnitine,-0.26913023,-0.09515190530995267,0.5379029147064225,0.6681630132484446,0.0,0.000999000999000999,0.002206206795116929,False
684,B,Myofibroblast,L-Cystine,0.0,0.0,0.5,0.6681630132484446,0.0,0.000999000999000999,0.002206206795116929,False
685,B,Myofibroblast,L-Dopa,0.0,0.0,0.5,0.6681630132484446,0.0,0.000999000999000999,0.002206206795116929,False
686,B,Myofibroblast,L-Glutamate,0.0,0.0,0.5,0.6681630132484446,0.0,0.000999000999000999,0.002206206795116929,False
687,B,Myofibroblast,L-Lactate,0.0,0.0,0.5,0.6681630132484446,0.0,0.000999000999000999,0.002206206795116929,False
688,B,Myofibroblast,L-Lysine,0.0,0.0,0.5,0.6681630132484446,0.0,0.000999000999000999,0.002206206795116929,False
689,B,Myofibroblast,L-Ornithine,0.0,0.0,0.5,0.6681630132484446,0.0,0.000999000999000999,0.002206206795116929,False
690,B,Myofibroblast,Lithocholic acid,0.0,0.0,0.5,0.6681630132484446,0.0,0.000999000999000999,0.002206206795116929,False
691,B,Myofibroblast,Manganese,0.0,0.0,0.5,0.6681630132484446,0.0,0.000999000999000999,0.002206206795116929,False
692,B,Myofibroblast,N-Desmethylcitalopram,0.0,0.0,0.5,0.6681630132484446,0.0,0.000999000999000999,0.002206206795116929,False
693,B,Myofibroblast,N-Desmethyleletriptan,0.0,0.0,0.5,0.6681630132484446,0.0,0.000999000999000999,0.002206206795116929,False
694,B,Myofibroblast,N-Desmethyltamoxifen,0.0,0.0,0.5,0.6681630132484446,0.0,0.000999000999000999,0.002206206795116929,False
695,B,Myofibroblast,N-desmethylimatinib,0.0,0.0,0.5,0.6681630132484446,0.0,0.000999000999000999,0.002206206795116929,False
696,B,Myofibroblast,Neurotransmitter,0.0,0.0,0.5,0.6681630132484446,0.0,0.000999000999000999,0.002206206795116929,False
697,B,Myofibroblast,Nicotinate,0.0,0.0,0.5,0.6681630132484446,0.0,0.000999000999000999,0.002206206795116929,False
698,B,Myofibroblast,Norepinephrine,0.0,0.0,0.5,0.6681630132484446,0.0,0.000999000999000999,0.002206206795116929,False
699,B,Myofibroblast,O-Deethylated candesartan,0.0,0.0,0.5,0.6681630132484446,0.0,0.000999000999000999,0.002206206795116929,False
700,B,Myofibroblast,O-Desmethylverapamil (D-702),0.0,0.0,0.5,0.6681630132484446,0.0,0.000999000999000999,0.002206206795116929,False
701,B,Myofibroblast,Oxalic acid,0.0,0.0,0.5,0.6681630132484446,0.0,0.000999000999000999,0.002206206795116929,False
702,B,Myofibroblast,Phosphate,0.0,0.0,0.5,0.6681630132484446,0.0,0.000999000999000999,0.002206206795116929,False
703,B,Myofibroblast,Progesterone,0.0,0.0,0.5,0.6681630132484446,0.0,0.000999000999000999,0.002206206795116929,False
704,B,Myofibroblast,Pyruvate,0.0,0.0,0.5,0.6681630132484446,0.0,0.000999000999000999,0.002206206795116929,False
705,B,Myofibroblast,Sodium,0.038778335,0.009694583714008331,0.4961324812471141,0.6681630132484446,0.0,0.002997002997002997,0.005910424237117464,False
706,B,Myofibroblast,Sodium_hydrogen exchange,0.022383839,0.009138163961670604,0.49635445076808327,0.6681630132484446,0.0,0.000999000999000999,0.002206206795116929,False
707,B,Myofibroblast,Sulfolithocholic acid,0.0,0.0,0.5,0.6681630132484446,0.0,0.000999000999000999,0.002206206795116929,False
708,B,Myofibroblast,Taurocholic acid,0.0,0.0,0.5,0.6681630132484446,0.0,0.000999000999000999,0.002206206795116929,False
709,B,Myofibroblast,Testosterone,0.0,0.0,0.5,0.6681630132484446,0.0,0.000999000999000999,0.002206206795116929,False
710,B,Myofibroblast,Trihydroxycoprostanoic acid,0.0,0.0,0.5,0.6681630132484446,0.0,0.000999000999000999,0.002206206795116929,False
711,B,Myofibroblast,Urea,0.0,0.0,0.5,0.6681630132484446,0.0,0.000999000999000999,0.002206206795116929,False
712,B,Myofibroblast,Ursocholic acid,0.0,0.0,0.5,0.6681630132484446,0.0,0.000999000999000999,0.002206206795116929,False
713,B,Myofibroblast,Ursodeoxycholic acid,0.0,0.0,0.5,0.6681630132484446,0.0,0.000999000999000999,0.002206206795116929,False
714,B,Myofibroblast,Ursodeoxycholic acid 3-sulfate,0.0,0.0,0.5,0.6681630132484446,0.0,0.000999000999000999,0.002206206795116929,False
715,B,Myofibroblast,Varanic acid,0.0,0.0,0.5,0.6681630132484446,0.0,0.000999000999000999,0.002206206795116929,False
716,B,Myofibroblast,Vitamin D3,0.0,0.0,0.5,0.6681630132484446,0.0,0.000999000999000999,0.002206206795116929,False
717,B,Myofibroblast,Water,0.054051064,0.01910993692640409,0.4923767021787038,0.6681630132484446,0.0,0.004995004995004995,0.008926091958582932,False
718,B,Myofibroblast,Zinc,0.0,0.0,0.5,0.6681630132484446,0.0,0.000999000999000999,0.002206206795116929,False
719,B,Myofibroblast,alpha-Ketoisovaleric acid,0.0,0.0,0.5,0.6681630132484446,0.0,0.000999000999000999,0.002206206795116929,False
720,B,Pericyte,"(3a,5b,7a)-23-Carboxy-7-hydroxy-24-norcholan-3-yl-b-D-Glucopyranosiduronic acid",0.0,0.0,0.5,0.6681630132484446,0.0,0.000999000999000999,0.002206206795116929,False
721,B,Pericyte,17a-Ethynylestradiol,0.0,0.0,0.5,0.6681630132484446,0.0,0.000999000999000999,0.002206206795116929,False
722,B,Pericyte,"1b,3a,12a-Trihydroxy-5b-cholanoic acid",0.0,0.0,0.5,0.6681630132484446,0.0,0.000999000999000999,0.002206206795116929,False
723,B,Pericyte,2-Hydroxychlorpropamide,0.0,0.0,0.5,0.6681630132484446,0.0,0.000999000999000999,0.002206206795116929,False
724,B,Pericyte,25-Hydroxycholesterol,0.0,0.0,0.5,0.6681630132484446,0.0,0.014985014985014986,0.022683738280068557,False
725,B,Pericyte,"3',4'-Dihydrodiol",0.0,0.0,0.5,0.6681630132484446,0.0,0.000999000999000999,0.002206206795116929,False
726,B,Pericyte,3-Sulfodeoxycholic acid,0.0,0.0,0.5,0.6681630132484446,0.0,0.000999000999000999,0.002206206795116929,False
727,B,Pericyte,"3alpha,7alpha-Dihydroxycoprostanic acid",0.0,0.0,0.5,0.6681630132484446,0.0,0.000999000999000999,0.002206206795116929,False
728,B,Pericyte,3b-Hydroxy-5-cholenoic acid,0.0,0.0,0.5,0.6681630132484446,0.0,0.000999000999000999,0.002206206795116929,False
729,B,Pericyte,4'-Hydroxydiclofenac,0.0,0.0,0.5,0.6681630132484446,0.0,0.000999000999000999,0.002206206795116929,False
730,B,Pericyte,4-Hydroxycyclophosphamide,0.0,0.0,0.5,0.6681630132484446,0.0,0.000999000999000999,0.002206206795116929,False
731,B,Pericyte,4-ene-Valproic acid,0.0,0.0,0.5,0.6681630132484446,0.0,0.000999000999000999,0.002206206795116929,False
732,B,Pericyte,5-Hydroxyomeprazole,0.0,0.0,0.5,0.6681630132484446,0.0,0.000999000999000999,0.002206206795116929,False
733,B,Pericyte,8-Hydroxycarvedilol,0.0,0.0,0.5,0.6681630132484446,0.0,0.000999000999000999,0.002206206795116929,False
734,B,Pericyte,Acetate,0.0,0.0,0.5,0.6681630132484446,0.0,0.000999000999000999,0.002206206795116929,False
735,B,Pericyte,Acetyl-L-Carnitine,0.0,0.0,0.5,0.6681630132484446,0.0,0.000999000999000999,0.002206206795116929,False
736,B,Pericyte,Adenosine diphosphate ribose,0.0,0.0,0.5,0.6681630132484446,0.0,0.001998001998001998,0.00412210593812261,False
737,B,Pericyte,Adenosine triphosphate,0.0,0.0,0.5,0.6681630132484446,0.0,0.006993006993006993,0.011945165999886237,False
738,B,Pericyte,Amiloride-sensitive sodium transport,0.0,0.0,0.5,0.6681630132484446,0.0,0.000999000999000999,0.002206206795116929,False
739,B,Pericyte,Anion exchange,0.0,0.0,0.5,0.6681630132484446,0.0,0.000999000999000999,0.002206206795116929,False
740,B,Pericyte,Butyrate,0.0,0.0,0.5,0.6681630132484446,0.0,0.000999000999000999,0.002206206795116929,False
741,B,Pericyte,Cadmium,0.0,0.0,0.5,0.6681630132484446,0.0,0.000999000999000999,0.002206206795116929,False
742,B,Pericyte,Chenodeoxycholic acid,0.0,0.0,0.5,0.6681630132484446,0.0,0.000999000999000999,0.002206206795116929,False
743,B,Pericyte,Chenodeoxycholic acid 3-sulfate,0.0,0.0,0.5,0.6681630132484446,0.0,0.000999000999000999,0.002206206795116929,False
744,B,Pericyte,Chloride,0.0,0.0,0.5,0.6681630132484446,0.0,0.001998001998001998,0.00412210593812261,False
745,B,Pericyte,Chloride ion,0.0,0.0,0.5,0.6681630132484446,0.0,0.000999000999000999,0.002206206795116929,False
746,B,Pericyte,Cholesterol,0.0,0.0,0.5,0.6681630132484446,0.0,0.000999000999000999,0.002206206795116929,False
747,B,Pericyte,Cholic acid,0.0,0.0,0.5,0.6681630132484446,0.0,0.000999000999000999,0.002206206795116929,False
748,B,Pericyte,Choline,0.0,0.0,0.5,0.6681630132484446,0.0,0.000999000999000999,0.002206206795116929,False
749,B,Pericyte,Citric acid,0.0,0.0,0.5,0.6681630132484446,0.0,0.000999000999000999,0.002206206795116929,False
750,B,Pericyte,Coprocholic acid,0.0,0.0,0.5,0.6681630132484446,0.0,0.000999000999000999,0.002206206795116929,False
751,B,Pericyte,Cortisol,0.0,0.0,0.5,0.6681630132484446,0.0,0.000999000999000999,0.002206206795116929,False
752,B,Pericyte,Creatine,0.0,0.0,0.5,0.6681630132484446,0.0,0.000999000999000999,0.002206206795116929,False
753,B,Pericyte,D-Lactate,0.0,0.0,0.5,0.6681630132484446,0.0,0.000999000999000999,0.002206206795116929,False
754,B,Pericyte,Deoxycholic acid,0.0,0.0,0.5,0.6681630132484446,0.0,0.000999000999000999,0.002206206795116929,False
755,B,Pericyte,Dopamine,0.0,0.0,0.5,0.6681630132484446,0.0,0.000999000999000999,0.002206206795116929,False
756,B,Pericyte,E-3179,0.0,0.0,0.5,0.6681630132484446,0.0,0.000999000999000999,0.002206206795116929,False
757,B,Pericyte,Estradiol,0.0,0.0,0.5,0.6681630132484446,0.0,0.000999000999000999,0.002206206795116929,False
758,B,Pericyte,Estriol,0.0,0.0,0.5,0.6681630132484446,0.0,0.000999000999000999,0.002206206795116929,False
759,B,Pericyte,Fatty acid,0.0,0.0,0.5,0.6681630132484446,0.0,0.029970029970029972,0.041029693341032736,False
760,B,Pericyte,Folic acid,0.0,0.0,0.5,0.6681630132484446,0.0,0.000999000999000999,0.002206206795116929,False
761,B,Pericyte,Folinic acid,0.0,0.0,0.5,0.6681630132484446,0.0,0.000999000999000999,0.002206206795116929,False
762,B,Pericyte,Glutathione,0.0,0.0,0.5,0.6681630132484446,0.0,0.000999000999000999,0.002206206795116929,False
763,B,Pericyte,Glycerol,0.0,0.0,0.5,0.6681630132484446,0.0,0.000999000999000999,0.002206206795116929,False
764,B,Pericyte,Glycochenodeoxycholate-3-sulfate,0.0,0.0,0.5,0.6681630132484446,0.0,0.000999000999000999,0.002206206795116929,False
765,B,Pericyte,Glycyl-glycine,0.0,0.0,0.5,0.6681630132484446,0.0,0.000999000999000999,0.002206206795116929,False
766,B,Pericyte,Histamine,0.0,0.0,0.5,0.6681630132484446,0.0,0.000999000999000999,0.002206206795116929,False
767,B,Pericyte,Hydroxylansoprazole,0.0,0.0,0.5,0.6681630132484446,0.0,0.000999000999000999,0.002206206795116929,False
768,B,Pericyte,Hyodeoxycholic acid,0.0,0.0,0.5,0.6681630132484446,0.0,0.000999000999000999,0.002206206795116929,False
769,B,Pericyte,Iron,0.0,0.0,0.5,0.6681630132484446,0.0,0.000999000999000999,0.002206206795116929,False
770,B,Pericyte,Isoursodeoxycholic acid,0.0,0.0,0.5,0.6681630132484446,0.0,0.000999000999000999,0.002206206795116929,False
771,B,Pericyte,Ketone bodies,0.0,0.0,0.5,0.6681630132484446,0.0,0.000999000999000999,0.002206206795116929,False
772,B,Pericyte,L-Arginine,0.0,0.0,0.5,0.6681630132484446,0.0,0.000999000999000999,0.002206206795116929,False
773,B,Pericyte,L-Carnitine,0.0,0.0,0.5,0.6681630132484446,0.0,0.000999000999000999,0.002206206795116929,False
774,B,Pericyte,L-Cystine,0.0,0.0,0.5,0.6681630132484446,0.0,0.000999000999000999,0.002206206795116929,False
775,B,Pericyte,L-Dopa,0.0,0.0,0.5,0.6681630132484446,0.0,0.000999000999000999,0.002206206795116929,False
776,B,Pericyte,L-Glutamate,0.0,0.0,0.5,0.6681630132484446,0.0,0.000999000999000999,0.002206206795116929,False
777,B,Pericyte,L-Lactate,0.0,0.0,0.5,0.6681630132484446,0.0,0.000999000999000999,0.002206206795116929,False
778,B,Pericyte,L-Lysine,0.0,0.0,0.5,0.6681630132484446,0.0,0.000999000999000999,0.002206206795116929,False
779,B,Pericyte,L-Ornithine,0.0,0.0,0.5,0.6681630132484446,0.0,0.000999000999000999,0.002206206795116929,False
780,B,Pericyte,Lithocholic acid,0.0,0.0,0.5,0.6681630132484446,0.0,0.000999000999000999,0.002206206795116929,False
781,B,Pericyte,Manganese,0.0,0.0,0.5,0.6681630132484446,0.0,0.000999000999000999,0.002206206795116929,False
782,B,Pericyte,N-Desmethylcitalopram,0.0,0.0,0.5,0.6681630132484446,0.0,0.000999000999000999,0.002206206795116929,False
783,B,Pericyte,N-Desmethyleletriptan,0.0,0.0,0.5,0.6681630132484446,0.0,0.000999000999000999,0.002206206795116929,False
784,B,Pericyte,N-Desmethyltamoxifen,0.0,0.0,0.5,0.6681630132484446,0.0,0.000999000999000999,0.002206206795116929,False
785,B,Pericyte,N-desmethylimatinib,0.0,0.0,0.5,0.6681630132484446,0.0,0.000999000999000999,0.002206206795116929,False
786,B,Pericyte,Neurotransmitter,0.0,0.0,0.5,0.6681630132484446,0.0,0.000999000999000999,0.002206206795116929,False
787,B,Pericyte,Nicotinate,0.0,0.0,0.5,0.6681630132484446,0.0,0.000999000999000999,0.002206206795116929,False
788,B,Pericyte,Norepinephrine,0.0,0.0,0.5,0.6681630132484446,0.0,0.000999000999000999,0.002206206795116929,False
789,B,Pericyte,O-Deethylated candesartan,0.0,0.0,0.5,0.6681630132484446,0.0,0.000999000999000999,0.002206206795116929,False
790,B,Pericyte,O-Desmethylverapamil (D-702),0.0,0.0,0.5,0.6681630132484446,0.0,0.000999000999000999,0.002206206795116929,False
791,B,Pericyte,Oxalic acid,0.0,0.0,0.5,0.6681630132484446,0.0,0.000999000999000999,0.002206206795116929,False
792,B,Pericyte,Phosphate,0.0,0.0,0.5,0.6681630132484446,0.0,0.000999000999000999,0.002206206795116929,False
793,B,Pericyte,Progesterone,0.0,0.0,0.5,0.6681630132484446,0.0,0.000999000999000999,0.002206206795116929,False
794,B,Pericyte,Pyruvate,0.0,0.0,0.5,0.6681630132484446,0.0,0.000999000999000999,0.002206206795116929,False
795,B,Pericyte,Sodium,0.0,0.0,0.5,0.6681630132484446,0.0,0.003996003996003996,0.007468259895444362,False
796,B,Pericyte,Sodium_hydrogen exchange,0.0,0.0,0.5,0.6681630132484446,0.0,0.000999000999000999,0.002206206795116929,False
797,B,Pericyte,Sulfolithocholic acid,0.0,0.0,0.5,0.6681630132484446,0.0,0.000999000999000999,0.002206206795116929,False
798,B,Pericyte,Taurocholic acid,0.0,0.0,0.5,0.6681630132484446,0.0,0.000999000999000999,0.002206206795116929,False
799,B,Pericyte,Testosterone,0.0,0.0,0.5,0.6681630132484446,0.0,0.000999000999000999,0.002206206795116929,False
800,B,Pericyte,Trihydroxycoprostanoic acid,0.0,0.0,0.5,0.6681630132484446,0.0,0.000999000999000999,0.002206206795116929,False
801,B,Pericyte,Urea,0.0,0.0,0.5,0.6681630132484446,0.0,0.000999000999000999,0.002206206795116929,False
802,B,Pericyte,Ursocholic acid,0.0,0.0,0.5,0.6681630132484446,0.0,0.000999000999000999,0.002206206795116929,False
803,B,Pericyte,Ursodeoxycholic acid,0.0,0.0,0.5,0.6681630132484446,0.0,0.000999000999000999,0.002206206795116929,False
804,B,Pericyte,Ursodeoxycholic acid 3-sulfate,0.0,0.0,0.5,0.6681630132484446,0.0,0.000999000999000999,0.002206206795116929,False
805,B,Pericyte,Varanic acid,0.0,0.0,0.5,0.6681630132484446,0.0,0.000999000999000999,0.002206206795116929,False
806,B,Pericyte,Vitamin D3,0.0,0.0,0.5,0.6681630132484446,0.0,0.000999000999000999,0.002206206795116929,False
807,B,Pericyte,Water,0.0,0.0,0.5,0.6681630132484446,0.0,0.000999000999000999,0.002206206795116929,False
808,B,Pericyte,Zinc,0.0,0.0,0.5,0.6681630132484446,0.0,0.000999000999000999,0.002206206795116929,False
809,B,Pericyte,alpha-Ketoisovaleric acid,0.0,0.0,0.5,0.6681630132484446,0.0,0.000999000999000999,0.002206206795116929,False
810,B,Plasma,"(3a,5b,7a)-23-Carboxy-7-hydroxy-24-norcholan-3-yl-b-D-Glucopyranosiduronic acid",0.0,0.0,0.5,0.6681630132484446,0.0,0.000999000999000999,0.002206206795116929,False
811,B,Plasma,17a-Ethynylestradiol,0.0,0.0,0.5,0.6681630132484446,0.0,0.000999000999000999,0.002206206795116929,False
812,B,Plasma,"1b,3a,12a-Trihydroxy-5b-cholanoic acid",0.0,0.0,0.5,0.6681630132484446,0.0,0.000999000999000999,0.002206206795116929,False
813,B,Plasma,2-Hydroxychlorpropamide,0.0,0.0,0.5,0.6681630132484446,0.0,0.000999000999000999,0.002206206795116929,False
814,B,Plasma,25-Hydroxycholesterol,0.21974355,0.05179405140079513,0.4793463977428764,0.6681630132484446,0.0,0.01098901098901099,0.017442475069593715,False
815,B,Plasma,"3',4'-Dihydrodiol",0.0,0.0,0.5,0.6681630132484446,0.0,0.000999000999000999,0.002206206795116929,False
816,B,Plasma,3-Sulfodeoxycholic acid,0.0,0.0,0.5,0.6681630132484446,0.0,0.000999000999000999,0.002206206795116929,False
817,B,Plasma,"3alpha,7alpha-Dihydroxycoprostanic acid",0.0,0.0,0.5,0.6681630132484446,0.0,0.000999000999000999,0.002206206795116929,False
818,B,Plasma,3b-Hydroxy-5-cholenoic acid,0.0,0.0,0.5,0.6681630132484446,0.0,0.000999000999000999,0.002206206795116929,False
819,B,Plasma,4'-Hydroxydiclofenac,0.0,0.0,0.5,0.6681630132484446,0.0,0.000999000999000999,0.002206206795116929,False
820,B,Plasma,4-Hydroxycyclophosphamide,0.0,0.0,0.5,0.6681630132484446,0.0,0.000999000999000999,0.002206206795116929,False
821,B,Plasma,4-ene-Valproic acid,0.0,0.0,0.5,0.6681630132484446,0.0,0.000999000999000999,0.002206206795116929,False
822,B,Plasma,5-Hydroxyomeprazole,0.0,0.0,0.5,0.6681630132484446,0.0,0.000999000999000999,0.002206206795116929,False
823,B,Plasma,8-Hydroxycarvedilol,0.0,0.0,0.5,0.6681630132484446,0.0,0.000999000999000999,0.002206206795116929,False
824,B,Plasma,Acetate,0.0,0.0,0.5,0.6681630132484446,0.0,0.000999000999000999,0.002206206795116929,False
825,B,Plasma,Acetyl-L-Carnitine,0.0,0.0,0.5,0.6681630132484446,0.0,0.000999000999000999,0.002206206795116929,False
826,B,Plasma,Adenosine diphosphate ribose,0.4732469,0.11154536458017428,0.4555919471462576,0.6681630132484446,0.0,0.1258741258741259,0.1444935716925116,False
827,B,Plasma,Adenosine triphosphate,-0.9786078,-0.23066006432076355,0.5912105495143899,0.6770266346377942,0.0,0.03996003996003996,0.05294896308280629,False
828,B,Plasma,Amiloride-sensitive sodium transport,0.0,0.0,0.5,0.6681630132484446,0.0,0.000999000999000999,0.002206206795116929,False
829,B,Plasma,Anion exchange,-2.2856472,-0.3110371810548802,0.6221138219307432,0.6861812576258235,0.0,0.017982017982017984,0.02639038217183071,False
830,B,Plasma,Butyrate,0.0,0.0,0.5,0.6681630132484446,0.0,0.000999000999000999,0.002206206795116929,False
831,B,Plasma,Cadmium,0.0,0.0,0.5,0.6681630132484446,0.0,0.000999000999000999,0.002206206795116929,False
832,B,Plasma,Chenodeoxycholic acid,0.0,0.0,0.5,0.6681630132484446,0.0,0.000999000999000999,0.002206206795116929,False
833,B,Plasma,Chenodeoxycholic acid 3-sulfate,0.0,0.0,0.5,0.6681630132484446,0.0,0.000999000999000999,0.002206206795116929,False
834,B,Plasma,Chloride,0.29946,0.07058339744594176,0.4718646621855536,0.6681630132484446,0.0,0.01898101898101898,0.02770980862407026,False
835,B,Plasma,Chloride ion,0.0,0.0,0.5,0.6681630132484446,0.0,0.000999000999000999,0.002206206795116929,False
836,B,Plasma,Cholesterol,0.0,0.0,0.5,0.6681630132484446,0.0,0.000999000999000999,0.002206206795116929,False
837,B,Plasma,Cholic acid,0.0,0.0,0.5,0.6681630132484446,0.0,0.000999000999000999,0.002206206795116929,False
838,B,Plasma,Choline,0.0,0.0,0.5,0.6681630132484446,0.0,0.000999000999000999,0.002206206795116929,False
839,B,Plasma,Citric acid,0.0,0.0,0.5,0.6681630132484446,0.0,0.000999000999000999,0.002206206795116929,False
840,B,Plasma,Coprocholic acid,0.0,0.0,0.5,0.6681630132484446,0.0,0.000999000999000999,0.002206206795116929,False
841,B,Plasma,Cortisol,0.0,0.0,0.5,0.6681630132484446,0.0,0.000999000999000999,0.002206206795116929,False
842,B,Plasma,Creatine,0.0,0.0,0.5,0.6681630132484446,0.0,0.000999000999000999,0.002206206795116929,False
843,B,Plasma,D-Lactate,0.0,0.0,0.5,0.6681630132484446,0.0,0.000999000999000999,0.002206206795116929,False
844,B,Plasma,Deoxycholic acid,0.0,0.0,0.5,0.6681630132484446,0.0,0.000999000999000999,0.002206206795116929,False
845,B,Plasma,Dopamine,0.0,0.0,0.5,0.6681630132484446,0.0,0.000999000999000999,0.002206206795116929,False
846,B,Plasma,E-3179,0.0,0.0,0.5,0.6681630132484446,0.0,0.000999000999000999,0.002206206795116929,False
847,B,Plasma,Estradiol,0.0,0.0,0.5,0.6681630132484446,0.0,0.000999000999000999,0.002206206795116929,False
848,B,Plasma,Estriol,0.0,0.0,0.5,0.6681630132484446,0.0,0.000999000999000999,0.002206206795116929,False
849,B,Plasma,Fatty acid,-1.3048397,-0.13754218430366827,0.5546988743434828,0.6681630132484446,0.0,0.08091908091908091,0.09747422749334794,False
850,B,Plasma,Folic acid,0.0,0.0,0.5,0.6681630132484446,0.0,0.000999000999000999,0.002206206795116929,False
851,B,Plasma,Folinic acid,0.0,0.0,0.5,0.6681630132484446,0.0,0.000999000999000999,0.002206206795116929,False
852,B,Plasma,Glutathione,0.0,0.0,0.5,0.6681630132484446,0.0,0.000999000999000999,0.002206206795116929,False
853,B,Plasma,Glycerol,0.0,0.0,0.5,0.6681630132484446,0.0,0.000999000999000999,0.002206206795116929,False
854,B,Plasma,Glycochenodeoxycholate-3-sulfate,0.0,0.0,0.5,0.6681630132484446,0.0,0.000999000999000999,0.002206206795116929,False
855,B,Plasma,Glycyl-glycine,0.0,0.0,0.5,0.6681630132484446,0.0,0.000999000999000999,0.002206206795116929,False
856,B,Plasma,Histamine,0.0,0.0,0.5,0.6681630132484446,0.0,0.000999000999000999,0.002206206795116929,False
857,B,Plasma,Hydroxylansoprazole,0.0,0.0,0.5,0.6681630132484446,0.0,0.000999000999000999,0.002206206795116929,False
858,B,Plasma,Hyodeoxycholic acid,0.0,0.0,0.5,0.6681630132484446,0.0,0.000999000999000999,0.002206206795116929,False
859,B,Plasma,Iron,0.0,0.0,0.5,0.6681630132484446,0.0,0.000999000999000999,0.002206206795116929,False
860,B,Plasma,Isoursodeoxycholic acid,0.0,0.0,0.5,0.6681630132484446,0.0,0.000999000999000999,0.002206206795116929,False
861,B,Plasma,Ketone bodies,0.0,0.0,0.5,0.6681630132484446,0.0,0.000999000999000999,0.002206206795116929,False
862,B,Plasma,L-Arginine,0.0,0.0,0.5,0.6681630132484446,0.0,0.000999000999000999,0.002206206795116929,False
863,B,Plasma,L-Carnitine,-0.4459427,-0.052554851187740025,0.5209567046222785,0.6681630132484446,0.0,0.017982017982017984,0.02639038217183071,False
864,B,Plasma,L-Cystine,0.0,0.0,0.5,0.6681630132484446,0.0,0.000999000999000999,0.002206206795116929,False
865,B,Plasma,L-Dopa,0.0,0.0,0.5,0.6681630132484446,0.0,0.000999000999000999,0.002206206795116929,False
866,B,Plasma,L-Glutamate,0.0,0.0,0.5,0.6681630132484446,0.0,0.000999000999000999,0.002206206795116929,False
867,B,Plasma,L-Lactate,0.0,0.0,0.5,0.6681630132484446,0.0,0.000999000999000999,0.002206206795116929,False
868,B,Plasma,L-Lysine,0.0,0.0,0.5,0.6681630132484446,0.0,0.000999000999000999,0.002206206795116929,False
869,B,Plasma,L-Ornithine,0.0,0.0,0.5,0.6681630132484446,0.0,0.000999000999000999,0.002206206795116929,False
870,B,Plasma,Lithocholic acid,0.0,0.0,0.5,0.6681630132484446,0.0,0.000999000999000999,0.002206206795116929,False
871,B,Plasma,Manganese,0.0,0.0,0.5,0.6681630132484446,0.0,0.000999000999000999,0.002206206795116929,False
872,B,Plasma,N-Desmethylcitalopram,0.0,0.0,0.5,0.6681630132484446,0.0,0.000999000999000999,0.002206206795116929,False
873,B,Plasma,N-Desmethyleletriptan,0.0,0.0,0.5,0.6681630132484446,0.0,0.000999000999000999,0.002206206795116929,False
874,B,Plasma,N-Desmethyltamoxifen,0.0,0.0,0.5,0.6681630132484446,0.0,0.000999000999000999,0.002206206795116929,False
875,B,Plasma,N-desmethylimatinib,0.0,0.0,0.5,0.6681630132484446,0.0,0.000999000999000999,0.002206206795116929,False
876,B,Plasma,Neurotransmitter,0.0,0.0,0.5,0.6681630132484446,0.0,0.000999000999000999,0.002206206795116929,False
877,B,Plasma,Nicotinate,0.0,0.0,0.5,0.6681630132484446,0.0,0.000999000999000999,0.002206206795116929,False
878,B,Plasma,Norepinephrine,0.0,0.0,0.5,0.6681630132484446,0.0,0.000999000999000999,0.002206206795116929,False
879,B,Plasma,O-Deethylated candesartan,0.0,0.0,0.5,0.6681630132484446,0.0,0.000999000999000999,0.002206206795116929,False
880,B,Plasma,O-Desmethylverapamil (D-702),0.0,0.0,0.5,0.6681630132484446,0.0,0.000999000999000999,0.002206206795116929,False
881,B,Plasma,Oxalic acid,0.0,0.0,0.5,0.6681630132484446,0.0,0.000999000999000999,0.002206206795116929,False
882,B,Plasma,Phosphate,0.0,0.0,0.5,0.6681630132484446,0.0,0.000999000999000999,0.002206206795116929,False
883,B,Plasma,Progesterone,0.0,0.0,0.5,0.6681630132484446,0.0,0.000999000999000999,0.002206206795116929,False
884,B,Plasma,Pyruvate,0.0,0.0,0.5,0.6681630132484446,0.0,0.000999000999000999,0.002206206795116929,False
885,B,Plasma,Sodium,-1.1444132,-0.09536776940027873,0.5379886421707439,0.6681630132484446,0.0,0.028971028971028972,0.03983516483516483,False
886,B,Plasma,Sodium_hydrogen exchange,0.15538216,0.021144833235828782,0.4915650605640287,0.6681630132484446,0.0,0.006993006993006993,0.011945165999886237,False
887,B,Plasma,Sulfolithocholic acid,0.0,0.0,0.5,0.6681630132484446,0.0,0.000999000999000999,0.002206206795116929,False
888,B,Plasma,Taurocholic acid,0.0,0.0,0.5,0.6681630132484446,0.0,0.000999000999000999,0.002206206795116929,False
889,B,Plasma,Testosterone,0.0,0.0,0.5,0.6681630132484446,0.0,0.000999000999000999,0.002206206795116929,False
890,B,Plasma,Trihydroxycoprostanoic acid,0.0,0.0,0.5,0.6681630132484446,0.0,0.000999000999000999,0.002206206795116929,False
891,B,Plasma,Urea,0.0,0.0,0.5,0.6681630132484446,0.0,0.000999000999000999,0.002206206795116929,False
892,B,Plasma,Ursocholic acid,0.0,0.0,0.5,0.6681630132484446,0.0,0.000999000999000999,0.002206206795116929,False
893,B,Plasma,Ursodeoxycholic acid,0.0,0.0,0.5,0.6681630132484446,0.0,0.000999000999000999,0.002206206795116929,False
894,B,Plasma,Ursodeoxycholic acid 3-sulfate,0.0,0.0,0.5,0.6681630132484446,0.0,0.000999000999000999,0.002206206795116929,False
895,B,Plasma,Varanic acid,0.0,0.0,0.5,0.6681630132484446,0.0,0.000999000999000999,0.002206206795116929,False
896,B,Plasma,Vitamin D3,0.0,0.0,0.5,0.6681630132484446,0.0,0.000999000999000999,0.002206206795116929,False
897,B,Plasma,Water,-0.13207623,-0.015565333405017923,0.50620941886687,0.6681630132484446,0.0,0.01898101898101898,0.02770980862407026,False
898,B,Plasma,Zinc,0.0,0.0,0.5,0.6681630132484446,0.0,0.000999000999000999,0.002206206795116929,False
899,B,Plasma,alpha-Ketoisovaleric acid,0.0,0.0,0.5,0.6681630132484446,0.0,0.000999000999000999,0.002206206795116929,False
900,B,T,"(3a,5b,7a)-23-Carboxy-7-hydroxy-24-norcholan-3-yl-b-D-Glucopyranosiduronic acid",0.0,0.0,0.5,0.6681630132484446,0.0,0.000999000999000999,0.002206206795116929,False
901,B,T,17a-Ethynylestradiol,0.0,0.0,0.5,0.6681630132484446,0.0,0.000999000999000999,0.002206206795116929,False
902,B,T,"1b,3a,12a-Trihydroxy-5b-cholanoic acid",0.0,0.0,0.5,0.6681630132484446,0.0,0.000999000999000999,0.002206206795116929,False
903,B,T,2-Hydroxychlorpropamide,0.0,0.0,0.5,0.6681630132484446,0.0,0.000999000999000999,0.002206206795116929,False
904,B,T,25-Hydroxycholesterol,0.32373646,0.07630541516270002,0.4695880588651656,0.6681630132484446,0.0,0.030969030969030968,0.04197445425687162,False
905,B,T,"3',4'-Dihydrodiol",0.0,0.0,0.5,0.6681630132484446,0.0,0.000999000999000999,0.002206206795116929,False
906,B,T,3-Sulfodeoxycholic acid,0.0,0.0,0.5,0.6681630132484446,0.0,0.000999000999000999,0.002206206795116929,False
907,B,T,"3alpha,7alpha-Dihydroxycoprostanic acid",0.0,0.0,0.5,0.6681630132484446,0.0,0.000999000999000999,0.002206206795116929,False
908,B,T,3b-Hydroxy-5-cholenoic acid,0.0,0.0,0.5,0.6681630132484446,0.0,0.000999000999000999,0.002206206795116929,False
909,B,T,4'-Hydroxydiclofenac,0.0,0.0,0.5,0.6681630132484446,0.0,0.000999000999000999,0.002206206795116929,False
910,B,T,4-Hydroxycyclophosphamide,0.0,0.0,0.5,0.6681630132484446,0.0,0.000999000999000999,0.002206206795116929,False
911,B,T,4-ene-Valproic acid,0.0,0.0,0.5,0.6681630132484446,0.0,0.000999000999000999,0.002206206795116929,False
912,B,T,5-Hydroxyomeprazole,0.0,0.0,0.5,0.6681630132484446,0.0,0.000999000999000999,0.002206206795116929,False
913,B,T,8-Hydroxycarvedilol,0.0,0.0,0.5,0.6681630132484446,0.0,0.000999000999000999,0.002206206795116929,False
914,B,T,Acetate,0.0,0.0,0.5,0.6681630132484446,0.0,0.000999000999000999,0.002206206795116929,False
915,B,T,Acetyl-L-Carnitine,0.0,0.0,0.5,0.6681630132484446,0.0,0.000999000999000999,0.002206206795116929,False
916,B,T,Adenosine diphosphate ribose,-1.0846905,-0.25566399127674055,0.6008948489799628,0.6784719525784709,0.0,0.023976023976023976,0.033736821554080434,False
917,B,T,Adenosine triphosphate,-2.255499,-0.5316261857753177,0.7025075376034751,0.7337418591698692,0.0,0.08391608391608392,0.10068186660984445,False
918,B,T,Amiloride-sensitive sodium transport,0.0,0.0,0.5,0.6681630132484446,0.0,0.000999000999000999,0.002206206795116929,False
919,B,T,Anion exchange,0.8197447,0.11155312496803967,0.4555888704014256,0.6681630132484446,0.0,0.06493506493506493,0.08063071134205338,False
920,B,T,Butyrate,0.0,0.0,0.5,0.6681630132484446,0.0,0.000999000999000999,0.002206206795116929,False
921,B,T,Cadmium,0.0,0.0,0.5,0.6681630132484446,0.0,0.000999000999000999,0.002206206795116929,False
922,B,T,Chenodeoxycholic acid,0.0,0.0,0.5,0.6681630132484446,0.0,0.000999000999000999,0.002206206795116929,False
923,B,T,Chenodeoxycholic acid 3-sulfate,0.0,0.0,0.5,0.6681630132484446,0.0,0.000999000999000999,0.002206206795116929,False
924,B,T,Chloride,-0.67932785,-0.16011910875127228,0.5636063756130153,0.6681630132484446,0.0,0.011988011988011988,0.01879993733354222,False
925,B,T,Chloride ion,0.0,0.0,0.5,0.6681630132484446,0.0,0.000999000999000999,0.002206206795116929,False
926,B,T,Cholesterol,0.0,0.0,0.5,0.6681630132484446,0.0,0.000999000999000999,0.002206206795116929,False
927,B,T,Cholic acid,0.0,0.0,0.5,0.6681630132484446,0.0,0.000999000999000999,0.002206206795116929,False
928,B,T,Choline,0.0,0.0,0.5,0.6681630132484446,0.0,0.000999000999000999,0.002206206795116929,False
929,B,T,Citric acid,0.0,0.0,0.5,0.6681630132484446,0.0,0.000999000999000999,0.002206206795116929,False
930,B,T,Coprocholic acid,0.0,0.0,0.5,0.6681630132484446,0.0,0.000999000999000999,0.002206206795116929,False
931,B,T,Cortisol,0.0,0.0,0.5,0.6681630132484446,0.0,0.000999000999000999,0.002206206795116929,False
932,B,T,Creatine,0.0,0.0,0.5,0.6681630132484446,0.0,0.000999000999000999,0.002206206795116929,False
933,B,T,D-Lactate,0.0,0.0,0.5,0.6681630132484446,0.0,0.000999000999000999,0.002206206795116929,False
934,B,T,Deoxycholic acid,0.0,0.0,0.5,0.6681630132484446,0.0,0.000999000999000999,0.002206206795116929,False
935,B,T,Dopamine,0.0,0.0,0.5,0.6681630132484446,0.0,0.000999000999000999,0.002206206795116929,False
936,B,T,E-3179,0.0,0.0,0.5,0.6681630132484446,0.0,0.000999000999000999,0.002206206795116929,False
937,B,T,Estradiol,0.0,0.0,0.5,0.6681630132484446,0.0,0.000999000999000999,0.002206206795116929,False
938,B,T,Estriol,0.0,0.0,0.5,0.6681630132484446,0.0,0.000999000999000999,0.002206206795116929,False
939,B,T,Fatty acid,-2.683681,-0.2828848169578564,0.6113674331377669,0.6844549776485823,0.0,0.13286713286713286,0.15154200638071605,False
940,B,T,Folic acid,0.0,0.0,0.5,0.6681630132484446,0.0,0.000999000999000999,0.002206206795116929,False
941,B,T,Folinic acid,0.0,0.0,0.5,0.6681630132484446,0.0,0.000999000999000999,0.002206206795116929,False
942,B,T,Glutathione,0.0,0.0,0.5,0.6681630132484446,0.0,0.000999000999000999,0.002206206795116929,False
943,B,T,Glycerol,0.0,0.0,0.5,0.6681630132484446,0.0,0.000999000999000999,0.002206206795116929,False
944,B,T,Glycochenodeoxycholate-3-sulfate,0.0,0.0,0.5,0.6681630132484446,0.0,0.000999000999000999,0.002206206795116929,False
945,B,T,Glycyl-glycine,0.0,0.0,0.5,0.6681630132484446,0.0,0.000999000999000999,0.002206206795116929,False
946,B,T,Histamine,0.0,0.0,0.5,0.6681630132484446,0.0,0.000999000999000999,0.002206206795116929,False
947,B,T,Hydroxylansoprazole,0.0,0.0,0.5,0.6681630132484446,0.0,0.000999000999000999,0.002206206795116929,False
948,B,T,Hyodeoxycholic acid,0.0,0.0,0.5,0.6681630132484446,0.0,0.000999000999000999,0.002206206795116929,False
949,B,T,Iron,0.0,0.0,0.5,0.6681630132484446,0.0,0.000999000999000999,0.002206206795116929,False
950,B,T,Isoursodeoxycholic acid,0.0,0.0,0.5,0.6681630132484446,0.0,0.000999000999000999,0.002206206795116929,False
951,B,T,Ketone bodies,0.0,0.0,0.5,0.6681630132484446,0.0,0.000999000999000999,0.002206206795116929,False
952,B,T,L-Arginine,0.0,0.0,0.5,0.6681630132484446,0.0,0.000999000999000999,0.002206206795116929,False
953,B,T,L-Carnitine,-0.14365058,-0.016929382790817935,0.5067535239769839,0.6681630132484446,0.0,0.04295704295704296,0.056477387154677997,False
954,B,T,L-Cystine,0.0,0.0,0.5,0.6681630132484446,0.0,0.000999000999000999,0.002206206795116929,False
955,B,T,L-Dopa,0.0,0.0,0.5,0.6681630132484446,0.0,0.000999000999000999,0.002206206795116929,False
956,B,T,L-Glutamate,0.0,0.0,0.5,0.6681630132484446,0.0,0.000999000999000999,0.002206206795116929,False
957,B,T,L-Lactate,0.0,0.0,0.5,0.6681630132484446,0.0,0.000999000999000999,0.002206206795116929,False
958,B,T,L-Lysine,0.0,0.0,0.5,0.6681630132484446,0.0,0.000999000999000999,0.002206206795116929,False
959,B,T,L-Ornithine,0.0,0.0,0.5,0.6681630132484446,0.0,0.000999000999000999,0.002206206795116929,False
960,B,T,Lithocholic acid,0.0,0.0,0.5,0.6681630132484446,0.0,0.000999000999000999,0.002206206795116929,False
961,B,T,Manganese,0.0,0.0,0.5,0.6681630132484446,0.0,0.000999000999000999,0.002206206795116929,False
962,B,T,N-Desmethylcitalopram,0.0,0.0,0.5,0.6681630132484446,0.0,0.000999000999000999,0.002206206795116929,False
963,B,T,N-Desmethyleletriptan,0.0,0.0,0.5,0.6681630132484446,0.0,0.000999000999000999,0.002206206795116929,False
964,B,T,N-Desmethyltamoxifen,0.0,0.0,0.5,0.6681630132484446,0.0,0.000999000999000999,0.002206206795116929,False
965,B,T,N-desmethylimatinib,0.0,0.0,0.5,0.6681630132484446,0.0,0.000999000999000999,0.002206206795116929,False
966,B,T,Neurotransmitter,0.0,0.0,0.5,0.6681630132484446,0.0,0.000999000999000999,0.002206206795116929,False
967,B,T,Nicotinate,0.0,0.0,0.5,0.6681630132484446,0.0,0.000999000999000999,0.002206206795116929,False
968,B,T,Norepinephrine,0.0,0.0,0.5,0.6681630132484446,0.0,0.000999000999000999,0.002206206795116929,False
969,B,T,O-Deethylated candesartan,0.0,0.0,0.5,0.6681630132484446,0.0,0.000999000999000999,0.002206206795116929,False
970,B,T,O-Desmethylverapamil (D-702),0.0,0.0,0.5,0.6681630132484446,0.0,0.000999000999000999,0.002206206795116929,False
971,B,T,Oxalic acid,0.0,0.0,0.5,0.6681630132484446,0.0,0.000999000999000999,0.002206206795116929,False
972,B,T,Phosphate,0.0,0.0,0.5,0.6681630132484446,0.0,0.000999000999000999,0.002206206795116929,False
973,B,T,Progesterone,0.0,0.0,0.5,0.6681630132484446,0.0,0.000999000999000999,0.002206206795116929,False
974,B,T,Pyruvate,0.0,0.0,0.5,0.6681630132484446,0.0,0.000999000999000999,0.002206206795116929,False
975,B,T,Sodium,-0.5347685,-0.044564043482144676,0.5177725983423571,0.6681630132484446,0.0,0.05094905094905095,0.06533621818595912,False
976,B,T,Sodium_hydrogen exchange,0.36292216,0.049387450711154836,0.4803052644201954,0.6681630132484446,0.0,0.02097902097902098,0.030000952411187658,False
977,B,T,Sulfolithocholic acid,0.0,0.0,0.5,0.6681630132484446,0.0,0.000999000999000999,0.002206206795116929,False
978,B,T,Taurocholic acid,0.0,0.0,0.5,0.6681630132484446,0.0,0.000999000999000999,0.002206206795116929,False
979,B,T,Testosterone,0.0,0.0,0.5,0.6681630132484446,0.0,0.000999000999000999,0.002206206795116929,False
980,B,T,Trihydroxycoprostanoic acid,0.0,0.0,0.5,0.6681630132484446,0.0,0.000999000999000999,0.002206206795116929,False
981,B,T,Urea,0.0,0.0,0.5,0.6681630132484446,0.0,0.000999000999000999,0.002206206795116929,False
982,B,T,Ursocholic acid,0.0,0.0,0.5,0.6681630132484446,0.0,0.000999000999000999,0.002206206795116929,False
983,B,T,Ursodeoxycholic acid,0.0,0.0,0.5,0.6681630132484446,0.0,0.000999000999000999,0.002206206795116929,False
984,B,T,Ursodeoxycholic acid 3-sulfate,0.0,0.0,0.5,0.6681630132484446,0.0,0.000999000999000999,0.002206206795116929,False
985,B,T,Varanic acid,0.0,0.0,0.5,0.6681630132484446,0.0,0.000999000999000999,0.002206206795116929,False
986,B,T,Vitamin D3,0.0,0.0,0.5,0.6681630132484446,0.0,0.000999000999000999,0.002206206795116929,False
987,B,T,Water,-0.77392304,-0.09120770488365669,0.5363362235688336,0.6681630132484446,0.0,0.014985014985014986,0.022683738280068557,False
988,B,T,Zinc,0.0,0.0,0.5,0.6681630132484446,0.0,0.000999000999000999,0.002206206795116929,False
989,B,T,alpha-Ketoisovaleric acid,0.0,0.0,0.5,0.6681630132484446,0.0,0.000999000999000999,0.002206206795116929,False
990,Endothelial,Endothelial,"(3a,5b,7a)-23-Carboxy-7-hydroxy-24-norcholan-3-yl-b-D-Glucopyranosiduronic acid",0.0,0.0,0.5,0.6681630132484446,0.0,0.000999000999000999,0.002206206795116929,False
991,Endothelial,Endothelial,17a-Ethynylestradiol,-12.079427,-0.6447521023246553,0.7404560769993378,0.755389461740823,0.0,0.2137862137862138,0.23386558193188028,False
992,Endothelial,Endothelial,"1b,3a,12a-Trihydroxy-5b-cholanoic acid",0.0,0.0,0.5,0.6681630132484446,0.0,0.000999000999000999,0.002206206795116929,False
993,Endothelial,Endothelial,2-Hydroxychlorpropamide,-12.079427,-0.3722477998377169,0.6451458200113457,0.6969385086015005,0.0,0.2137862137862138,0.23386558193188028,False
994,Endothelial,Endothelial,25-Hydroxycholesterol,-2.4670913,-0.1316835928838784,0.552382718261527,0.6681630132484446,0.0,0.1928071928071928,0.21357957898878616,False
995,Endothelial,Endothelial,"3',4'-Dihydrodiol",-12.079427,-0.6447521023246553,0.7404560769993378,0.755389461740823,0.0,0.2137862137862138,0.23386558193188028,False
996,Endothelial,Endothelial,3-Sulfodeoxycholic acid,0.0,0.0,0.5,0.6681630132484446,0.0,0.000999000999000999,0.002206206795116929,False
997,Endothelial,Endothelial,"3alpha,7alpha-Dihydroxycoprostanic acid",0.0,0.0,0.5,0.6681630132484446,0.0,0.000999000999000999,0.002206206795116929,False
998,Endothelial,Endothelial,3b-Hydroxy-5-cholenoic acid,0.0,0.0,0.5,0.6681630132484446,0.0,0.000999000999000999,0.002206206795116929,False
999,Endothelial,Endothelial,4'-Hydroxydiclofenac,-12.079427,-0.6447521023246553,0.7404560769993378,0.755389461740823,0.0,0.2137862137862138,0.23386558193188028,False
1000,Endothelial,Endothelial,4-Hydroxycyclophosphamide,-12.079427,-0.6447521023246553,0.7404560769993378,0.755389461740823,0.0,0.2137862137862138,0.23386558193188028,False
1001,Endothelial,Endothelial,4-ene-Valproic acid,-12.894417,-0.39736308523376085,0.6544501334455756,0.7021736220433255,0.0,0.03196803196803197,0.04316805563882727,False
1002,Endothelial,Endothelial,5-Hydroxyomeprazole,89.2594,1.9450231597601584,0.025886095481779635,0.6681630132484446,87.481415,0.017982017982017984,0.02639038217183071,True
1003,Endothelial,Endothelial,8-Hydroxycarvedilol,-12.079427,-0.6447521023246553,0.7404560769993378,0.755389461740823,0.0,0.2137862137862138,0.23386558193188028,False
1004,Endothelial,Endothelial,Acetate,50.96414,1.5705455267923296,0.0581441257531812,0.6681630132484446,19.18603,0.16483516483516483,0.18498909996885704,False
1005,Endothelial,Endothelial,Acetyl-L-Carnitine,-2.1968918,-0.11726140852948164,0.5466735472342671,0.6681630132484446,0.0,0.007992007992007992,0.01321828529465761,False
1006,Endothelial,Endothelial,Adenosine diphosphate ribose,-1.2488664,-0.0666595590682307,0.5265736350723295,0.6681630132484446,0.0,0.004995004995004995,0.008926091958582932,False
1007,Endothelial,Endothelial,Adenosine triphosphate,-7.348893,-0.3922548983721632,0.6525650577089445,0.7018897795938205,0.0,0.4275724275724276,0.4429113487409452,False
1008,Endothelial,Endothelial,Amiloride-sensitive sodium transport,-4.5724583,-0.24405976689315054,0.5964077340984889,0.6770266346377942,0.0,0.005994005994005994,0.010452557005148853,False
1009,Endothelial,Endothelial,Anion exchange,58.071396,1.7895674825774313,0.036761734956658,0.6681630132484446,25.552986,0.01898101898101898,0.02770980862407026,True
1010,Endothelial,Endothelial,Butyrate,-6.0660524,-0.32378192586473864,0.6269484296079353,0.6869455573937792,0.0,0.005994005994005994,0.010452557005148853,False
1011,Endothelial,Endothelial,Cadmium,-4.9294434,-0.2631142214744885,0.6037687285581169,0.6792278325761427,0.0,0.000999000999000999,0.002206206795116929,False
1012,Endothelial,Endothelial,Chenodeoxycholic acid,0.0,0.0,0.5,0.6681630132484446,0.0,0.000999000999000999,0.002206206795116929,False
1013,Endothelial,Endothelial,Chenodeoxycholic acid 3-sulfate,0.0,0.0,0.5,0.6681630132484446,0.0,0.000999000999000999,0.002206206795116929,False
1014,Endothelial,Endothelial,Chloride,-7.6189036,-0.40666699113361493,0.6578737062953924,0.7044571251593916,0.0,0.03896103896103896,0.05170432784373803,False
1015,Endothelial,Endothelial,Chloride ion,2.0269036,0.10818811203370556,0.4569232374135071,0.6681630132484446,0.0,0.03496503496503497,0.04684084521702925,False
1016,Endothelial,Endothelial,Cholesterol,82.60861,2.2046607562760046,0.013738954448804346,0.63899969349137,87.481415,0.41058941058941056,0.42614716420317733,False
1017,Endothelial,Endothelial,Cholic acid,-12.079427,-0.3722477998377169,0.6451458200113457,0.6969385086015005,0.0,0.2137862137862138,0.23386558193188028,False
1018,Endothelial,Endothelial,Choline,-2.1968918,-0.11726140852948164,0.5466735472342671,0.6681630132484446,0.0,0.007992007992007992,0.01321828529465761,False
1019,Endothelial,Endothelial,Citric acid,-0.48231226,-0.025743924026981415,0.5102692054266048,0.6681630132484446,0.0,0.14385614385614387,0.1632694197384666,False
1020,Endothelial,Endothelial,Coprocholic acid,0.0,0.0,0.5,0.6681630132484446,0.0,0.000999000999000999,0.002206206795116929,False
1021,Endothelial,Endothelial,Cortisol,89.2594,2.7506781316625872,0.0029736023492555326,0.17764710586500723,87.481415,0.017982017982017984,0.02639038217183071,True
1022,Endothelial,Endothelial,Creatine,-2.1968918,-0.11726140852948164,0.5466735472342671,0.6681630132484446,0.0,0.007992007992007992,0.01321828529465761,False
1023,Endothelial,Endothelial,D-Lactate,-6.0660524,-0.32378192586473864,0.6269484296079353,0.6869455573937792,0.0,0.005994005994005994,0.010452557005148853,False
1024,Endothelial,Endothelial,Deoxycholic acid,0.0,0.0,0.5,0.6681630132484446,0.0,0.000999000999000999,0.002206206795116929,False
1025,Endothelial,Endothelial,Dopamine,-2.1968918,-0.11726140852948164,0.5466735472342671,0.6681630132484446,0.0,0.007992007992007992,0.01321828529465761,False
1026,Endothelial,Endothelial,E-3179,-12.079427,-0.6447521023246553,0.7404560769993378,0.755389461740823,0.0,0.2137862137862138,0.23386558193188028,False
1027,Endothelial,Endothelial,Estradiol,80.224945,1.915009214414953,0.027745664253442544,0.6681630132484446,87.481415,0.03796203796203796,0.050494610955263544,False
1028,Endothelial,Endothelial,Estriol,-12.079427,-0.6447521023246553,0.7404560769993378,0.755389461740823,0.0,0.2137862137862138,0.23386558193188028,False
1029,Endothelial,Endothelial,Fatty acid,-13.40291,-0.31993411243133446,0.6254908610602481,0.6869455573937792,591.32306,0.7922077922077922,0.7971540583708436,False
1030,Endothelial,Endothelial,Folic acid,58.8769,1.8143904348552562,0.03480881865748015,0.6681630132484446,44.022015,0.006993006993006993,0.011945165999886237,True
1031,Endothelial,Endothelial,Folinic acid,0.0,0.0,0.5,0.6681630132484446,0.0,0.000999000999000999,0.002206206795116929,False
1032,Endothelial,Endothelial,Glutathione,0.0,0.0,0.5,0.6681630132484446,0.0,0.000999000999000999,0.002206206795116929,False
1033,Endothelial,Endothelial,Glycerol,-12.079427,-0.6447521023246553,0.7404560769993378,0.755389461740823,0.0,0.2137862137862138,0.23386558193188028,False
1034,Endothelial,Endothelial,Glycochenodeoxycholate-3-sulfate,0.0,0.0,0.5,0.6681630132484446,0.0,0.000999000999000999,0.002206206795116929,False
1035,Endothelial,Endothelial,Glycyl-glycine,0.0,0.0,0.5,0.6681630132484446,0.0,0.000999000999000999,0.002206206795116929,False
1036,Endothelial,Endothelial,Histamine,-2.1968918,-0.11726140852948164,0.5466735472342671,0.6681630132484446,0.0,0.007992007992007992,0.01321828529465761,False
1037,Endothelial,Endothelial,Hydroxylansoprazole,89.2594,2.7506781316625872,0.0029736023492555326,0.17764710586500723,87.481415,0.017982017982017984,0.02639038217183071,True
1038,Endothelial,Endothelial,Hyodeoxycholic acid,0.0,0.0,0.5,0.6681630132484446,0.0,0.000999000999000999,0.002206206795116929,False
1039,Endothelial,Endothelial,Iron,-15.296891,-0.5773439537893521,0.718146436476791,0.7438707210647232,0.0,0.7212787212787213,0.7290638183286958,False
1040,Endothelial,Endothelial,Isoursodeoxycholic acid,0.0,0.0,0.5,0.6681630132484446,0.0,0.000999000999000999,0.002206206795116929,False
1041,Endothelial,Endothelial,Ketone bodies,-6.0660524,-0.32378192586473864,0.6269484296079353,0.6869455573937792,0.0,0.005994005994005994,0.010452557005148853,False
1042,Endothelial,Endothelial,L-Arginine,0.0,0.0,0.5,0.6681630132484446,0.0,0.000999000999000999,0.002206206795116929,False
1043,Endothelial,Endothelial,L-Carnitine,-3.7186005,-0.0992421057755498,0.5395269778618806,0.6681630132484446,0.0,0.022977022977022976,0.032529268484324664,False
1044,Endothelial,Endothelial,L-Cystine,0.0,0.0,0.5,0.6681630132484446,0.0,0.000999000999000999,0.002206206795116929,False
1045,Endothelial,Endothelial,L-Dopa,0.0,0.0,0.5,0.6681630132484446,0.0,0.000999000999000999,0.002206206795116929,False
1046,Endothelial,Endothelial,L-Glutamate,-9.624905,-0.3632686157096361,0.641797882339571,0.6954455921949484,0.0,0.01898101898101898,0.02770980862407026,False
1047,Endothelial,Endothelial,L-Lactate,-6.0660524,-0.32378192586473864,0.6269484296079353,0.6869455573937792,0.0,0.005994005994005994,0.010452557005148853,False
1048,Endothelial,Endothelial,L-Lysine,0.0,0.0,0.5,0.6681630132484446,0.0,0.000999000999000999,0.002206206795116929,False
1049,Endothelial,Endothelial,L-Ornithine,0.0,0.0,0.5,0.6681630132484446,0.0,0.000999000999000999,0.002206206795116929,False
1050,Endothelial,Endothelial,Lithocholic acid,0.0,0.0,0.5,0.6681630132484446,0.0,0.000999000999000999,0.002206206795116929,False
1051,Endothelial,Endothelial,Manganese,-4.9294434,-0.2631142214744885,0.6037687285581169,0.6792278325761427,0.0,0.000999000999000999,0.002206206795116929,False
1052,Endothelial,Endothelial,N-Desmethylcitalopram,-12.079427,-0.6447521023246553,0.7404560769993378,0.755389461740823,0.0,0.2137862137862138,0.23386558193188028,False
1053,Endothelial,Endothelial,N-Desmethyleletriptan,-12.079427,-0.6447521023246553,0.7404560769993378,0.755389461740823,0.0,0.2137862137862138,0.23386558193188028,False
1054,Endothelial,Endothelial,N-Desmethyltamoxifen,89.2594,2.7506781316625872,0.0029736023492555326,0.17764710586500723,87.481415,0.017982017982017984,0.02639038217183071,True
1055,Endothelial,Endothelial,N-desmethylimatinib,80.70726,2.153917427262967,0.015623324010867171,0.6681630132484446,87.481415,0.01898101898101898,0.02770980862407026,True
1056,Endothelial,Endothelial,Neurotransmitter,0.53026736,0.028303577677272068,0.4887100135852896,0.6681630132484446,0.0,0.000999000999000999,0.002206206795116929,False
1057,Endothelial,Endothelial,Nicotinate,44.13578,1.0535429591617655,0.14604610810664537,0.6681630132484446,19.18603,0.16983016983016982,0.19031744452184296,False
1058,Endothelial,Endothelial,Norepinephrine,-2.1968918,-0.11726140852948164,0.5466735472342671,0.6681630132484446,0.0,0.007992007992007992,0.01321828529465761,False
1059,Endothelial,Endothelial,O-Deethylated candesartan,-12.079427,-0.6447521023246553,0.7404560769993378,0.755389461740823,0.0,0.2137862137862138,0.23386558193188028,False
1060,Endothelial,Endothelial,O-Desmethylverapamil (D-702),60.569893,0.8347522875418888,0.20192859746673025,0.6681630132484446,87.481415,0.025974025974025976,0.036297640653357534,True
1061,Endothelial,Endothelial,Oxalic acid,-0.48231226,-0.025743924026981415,0.5102692054266048,0.6681630132484446,0.0,0.14385614385614387,0.1632694197384666,False
1062,Endothelial,Endothelial,Phosphate,-8.110567,-0.4329100449658835,0.667459938907472,0.7116149810198125,0.0,0.0959040959040959,0.11345431625390655,False
1063,Endothelial,Endothelial,Progesterone,-20.631565,-0.7786882444796285,0.7819183087097412,0.7904934693851532,0.0,0.25674325674325676,0.2759780935676701,False
1064,Endothelial,Endothelial,Pyruvate,-6.0660524,-0.32378192586473864,0.6269484296079353,0.6869455573937792,0.0,0.005994005994005994,0.010452557005148853,False
1065,Endothelial,Endothelial,Sodium,-0.7322986,-0.013819415019613685,0.5055129734666972,0.6681630132484446,0.0,0.30569430569430567,0.3246186850232207,False
1066,Endothelial,Endothelial,Sodium_hydrogen exchange,97.96438,3.0189366609818697,0.001268317790901113,0.08138372491615475,48.07663,0.005994005994005994,0.010452557005148853,True
1067,Endothelial,Endothelial,Sulfolithocholic acid,0.0,0.0,0.5,0.6681630132484446,0.0,0.000999000999000999,0.002206206795116929,False
1068,Endothelial,Endothelial,Taurocholic acid,115.36285,1.707814625866815,0.04383537217594394,0.6681630132484446,106.667435,0.02097902097902098,0.030000952411187658,True
1069,Endothelial,Endothelial,Testosterone,75.4692,1.6445253169227325,0.05003386960879025,0.6681630132484446,87.481415,0.022977022977022976,0.032529268484324664,True
1070,Endothelial,Endothelial,Trihydroxycoprostanoic acid,0.0,0.0,0.5,0.6681630132484446,0.0,0.000999000999000999,0.002206206795116929,False
1071,Endothelial,Endothelial,Urea,0.0,0.0,0.5,0.6681630132484446,0.0,0.000999000999000999,0.002206206795116929,False
1072,Endothelial,Endothelial,Ursocholic acid,0.0,0.0,0.5,0.6681630132484446,0.0,0.000999000999000999,0.002206206795116929,False
1073,Endothelial,Endothelial,Ursodeoxycholic acid,0.0,0.0,0.5,0.6681630132484446,0.0,0.000999000999000999,0.002206206795116929,False
1074,Endothelial,Endothelial,Ursodeoxycholic acid 3-sulfate,0.0,0.0,0.5,0.6681630132484446,0.0,0.000999000999000999,0.002206206795116929,False
1075,Endothelial,Endothelial,Varanic acid,0.0,0.0,0.5,0.6681630132484446,0.0,0.000999000999000999,0.002206206795116929,False
1076,Endothelial,Endothelial,Vitamin D3,-6.6507874,-0.35499276675622615,0.6387024949548784,0.6939806036433533,0.0,0.8541458541458542,0.8582326764144946,False
1077,Endothelial,Endothelial,Water,-6.232597,-0.16633570514715623,0.5660536156156358,0.6681630132484446,0.0,0.23776223776223776,0.2571706426864847,False
1078,Endothelial,Endothelial,Zinc,-4.9294434,-0.2631142214744885,0.6037687285581169,0.6792278325761427,0.0,0.000999000999000999,0.002206206795116929,False
1079,Endothelial,Endothelial,alpha-Ketoisovaleric acid,-6.0660524,-0.32378192586473864,0.6269484296079353,0.6869455573937792,0.0,0.005994005994005994,0.010452557005148853,False
1080,Endothelial,Enteric_glia,"(3a,5b,7a)-23-Carboxy-7-hydroxy-24-norcholan-3-yl-b-D-Glucopyranosiduronic acid",0.0,0.0,0.5,0.6681630132484446,0.0,0.000999000999000999,0.002206206795116929,False
1081,Endothelial,Enteric_glia,17a-Ethynylestradiol,0.0,0.0,0.5,0.6681630132484446,0.0,0.000999000999000999,0.002206206795116929,False
1082,Endothelial,Enteric_glia,"1b,3a,12a-Trihydroxy-5b-cholanoic acid",0.0,0.0,0.5,0.6681630132484446,0.0,0.000999000999000999,0.002206206795116929,False
1083,Endothelial,Enteric_glia,2-Hydroxychlorpropamide,0.0,0.0,0.5,0.6681630132484446,0.0,0.000999000999000999,0.002206206795116929,False
1084,Endothelial,Enteric_glia,25-Hydroxycholesterol,-2.3004863,-0.5751215815544128,0.71739546347104,0.7437987076382865,0.0,0.056943056943056944,0.07222097083004843,False
1085,Endothelial,Enteric_glia,"3',4'-Dihydrodiol",0.0,0.0,0.5,0.6681630132484446,0.0,0.000999000999000999,0.002206206795116929,False
1086,Endothelial,Enteric_glia,3-Sulfodeoxycholic acid,0.0,0.0,0.5,0.6681630132484446,0.0,0.000999000999000999,0.002206206795116929,False
1087,Endothelial,Enteric_glia,"3alpha,7alpha-Dihydroxycoprostanic acid",0.0,0.0,0.5,0.6681630132484446,0.0,0.000999000999000999,0.002206206795116929,False
1088,Endothelial,Enteric_glia,3b-Hydroxy-5-cholenoic acid,0.0,0.0,0.5,0.6681630132484446,0.0,0.000999000999000999,0.002206206795116929,False
1089,Endothelial,Enteric_glia,4'-Hydroxydiclofenac,0.0,0.0,0.5,0.6681630132484446,0.0,0.000999000999000999,0.002206206795116929,False
1090,Endothelial,Enteric_glia,4-Hydroxycyclophosphamide,0.0,0.0,0.5,0.6681630132484446,0.0,0.000999000999000999,0.002206206795116929,False
1091,Endothelial,Enteric_glia,4-ene-Valproic acid,-1.9769224,-0.2853441689190372,0.6123097615779106,0.6846682433610985,0.0,0.003996003996003996,0.007468259895444362,False
1092,Endothelial,Enteric_glia,5-Hydroxyomeprazole,0.20612319,0.021037359795575757,0.4916079267281137,0.6681630132484446,0.0,0.011988011988011988,0.01879993733354222,False
1093,Endothelial,Enteric_glia,8-Hydroxycarvedilol,0.0,0.0,0.5,0.6681630132484446,0.0,0.000999000999000999,0.002206206795116929,False
1094,Endothelial,Enteric_glia,Acetate,0.28349313,0.040918708931677976,0.48368035118355807,0.6681630132484446,0.0,0.01998001998001998,0.02902757619738752,False
1095,Endothelial,Enteric_glia,Acetyl-L-Carnitine,-0.9884612,-0.24711529910564423,0.5975905030643855,0.6770266346377942,0.0,0.002997002997002997,0.005910424237117464,False
1096,Endothelial,Enteric_glia,Adenosine diphosphate ribose,0.0,0.0,0.5,0.6681630132484446,0.0,0.000999000999000999,0.002206206795116929,False
1097,Endothelial,Enteric_glia,Adenosine triphosphate,0.42830262,0.10707565397024155,0.4573644807127478,0.6681630132484446,0.0,0.04995004995004995,0.06423340993762222,False
1098,Endothelial,Enteric_glia,Amiloride-sensitive sodium transport,0.0,0.0,0.5,0.6681630132484446,0.0,0.000999000999000999,0.002206206795116929,False
1099,Endothelial,Enteric_glia,Anion exchange,0.0,0.0,0.5,0.6681630132484446,0.0,0.000999000999000999,0.002206206795116929,False
1100,Endothelial,Enteric_glia,Butyrate,0.0,0.0,0.5,0.6681630132484446,0.0,0.000999000999000999,0.002206206795116929,False
1101,Endothelial,Enteric_glia,Cadmium,0.05506221,0.013765552081167698,0.49450851269301177,0.6681630132484446,0.0,0.002997002997002997,0.005910424237117464,False
1102,Endothelial,Enteric_glia,Chenodeoxycholic acid,0.0,0.0,0.5,0.6681630132484446,0.0,0.000999000999000999,0.002206206795116929,False
1103,Endothelial,Enteric_glia,Chenodeoxycholic acid 3-sulfate,0.0,0.0,0.5,0.6681630132484446,0.0,0.000999000999000999,0.002206206795116929,False
1104,Endothelial,Enteric_glia,Chloride,0.27189687,0.06797421723604202,0.4729030792332402,0.6681630132484446,0.0,0.012987012987012988,0.019964507542147295,False
1105,Endothelial,Enteric_glia,Chloride ion,0.25470608,0.06367652118206024,0.47461390009017423,0.6681630132484446,0.0,0.014985014985014986,0.022683738280068557,False
1106,Endothelial,Enteric_glia,Cholesterol,0.0,0.0,0.5,0.6681630132484446,0.0,0.000999000999000999,0.002206206795116929,False
1107,Endothelial,Enteric_glia,Cholic acid,0.20612319,0.029751319539425718,0.488132691470729,0.6681630132484446,0.0,0.011988011988011988,0.01879993733354222,False
1108,Endothelial,Enteric_glia,Choline,-0.9884612,-0.24711529910564423,0.5975905030643855,0.6770266346377942,0.0,0.002997002997002997,0.005910424237117464,False
1109,Endothelial,Enteric_glia,Citric acid,0.18807665,0.04701916128396988,0.4812489779606038,0.6681630132484446,0.0,0.016983016983016984,0.025342874180083484,False
1110,Endothelial,Enteric_glia,Coprocholic acid,0.0,0.0,0.5,0.6681630132484446,0.0,0.000999000999000999,0.002206206795116929,False
1111,Endothelial,Enteric_glia,Cortisol,0.0,0.0,0.5,0.6681630132484446,0.0,0.000999000999000999,0.002206206795116929,False
1112,Endothelial,Enteric_glia,Creatine,-0.9884612,-0.24711529910564423,0.5975905030643855,0.6770266346377942,0.0,0.002997002997002997,0.005910424237117464,False
1113,Endothelial,Enteric_glia,D-Lactate,0.0,0.0,0.5,0.6681630132484446,0.0,0.000999000999000999,0.002206206795116929,False
1114,Endothelial,Enteric_glia,Deoxycholic acid,0.0,0.0,0.5,0.6681630132484446,0.0,0.000999000999000999,0.002206206795116929,False
1115,Endothelial,Enteric_glia,Dopamine,-0.9884612,-0.24711529910564423,0.5975905030643855,0.6770266346377942,0.0,0.002997002997002997,0.005910424237117464,False
1116,Endothelial,Enteric_glia,E-3179,0.0,0.0,0.5,0.6681630132484446,0.0,0.000999000999000999,0.002206206795116929,False
1117,Endothelial,Enteric_glia,Estradiol,0.18807665,0.021027608175196586,0.49161181620140604,0.6681630132484446,0.0,0.016983016983016984,0.025342874180083484,False
1118,Endothelial,Enteric_glia,Estriol,0.0,0.0,0.5,0.6681630132484446,0.0,0.000999000999000999,0.002206206795116929,False
1119,Endothelial,Enteric_glia,Fatty acid,5.316781,0.5944341917940247,0.2761108726413587,0.6681630132484446,20.691439,0.0969030969030969,0.11442127475523282,False
1120,Endothelial,Enteric_glia,Folic acid,0.0,0.0,0.5,0.6681630132484446,0.0,0.000999000999000999,0.002206206795116929,False
1121,Endothelial,Enteric_glia,Folinic acid,0.0,0.0,0.5,0.6681630132484446,0.0,0.000999000999000999,0.002206206795116929,False
1122,Endothelial,Enteric_glia,Glutathione,0.0,0.0,0.5,0.6681630132484446,0.0,0.000999000999000999,0.002206206795116929,False
1123,Endothelial,Enteric_glia,Glycerol,0.0,0.0,0.5,0.6681630132484446,0.0,0.000999000999000999,0.002206206795116929,False
1124,Endothelial,Enteric_glia,Glycochenodeoxycholate-3-sulfate,0.0,0.0,0.5,0.6681630132484446,0.0,0.000999000999000999,0.002206206795116929,False
1125,Endothelial,Enteric_glia,Glycyl-glycine,0.0,0.0,0.5,0.6681630132484446,0.0,0.000999000999000999,0.002206206795116929,False
1126,Endothelial,Enteric_glia,Histamine,-0.9884612,-0.24711529910564423,0.5975905030643855,0.6770266346377942,0.0,0.002997002997002997,0.005910424237117464,False
1127,Endothelial,Enteric_glia,Hydroxylansoprazole,0.0,0.0,0.5,0.6681630132484446,0.0,0.000999000999000999,0.002206206795116929,False
1128,Endothelial,Enteric_glia,Hyodeoxycholic acid,0.0,0.0,0.5,0.6681630132484446,0.0,0.000999000999000999,0.002206206795116929,False
1129,Endothelial,Enteric_glia,Iron,-1.466456,-0.25923525531398783,0.602273134598579,0.6787524144345465,0.0,0.0959040959040959,0.11345431625390655,False
1130,Endothelial,Enteric_glia,Isoursodeoxycholic acid,0.0,0.0,0.5,0.6681630132484446,0.0,0.000999000999000999,0.002206206795116929,False
1131,Endothelial,Enteric_glia,Ketone bodies,0.0,0.0,0.5,0.6681630132484446,0.0,0.000999000999000999,0.002206206795116929,False
1132,Endothelial,Enteric_glia,L-Arginine,0.0,0.0,0.5,0.6681630132484446,0.0,0.000999000999000999,0.002206206795116929,False
1133,Endothelial,Enteric_glia,L-Carnitine,-1.7955364,-0.22444204986095428,0.5887933229515422,0.6770266346377942,0.0,0.003996003996003996,0.007468259895444362,False
1134,Endothelial,Enteric_glia,L-Cystine,0.0,0.0,0.5,0.6681630132484446,0.0,0.000999000999000999,0.002206206795116929,False
1135,Endothelial,Enteric_glia,L-Dopa,0.0,0.0,0.5,0.6681630132484446,0.0,0.000999000999000999,0.002206206795116929,False
1136,Endothelial,Enteric_glia,L-Glutamate,0.09541649,0.016867412435527744,0.49327119508828016,0.6681630132484446,0.0,0.000999000999000999,0.002206206795116929,False
1137,Endothelial,Enteric_glia,L-Lactate,0.0,0.0,0.5,0.6681630132484446,0.0,0.000999000999000999,0.002206206795116929,False
1138,Endothelial,Enteric_glia,L-Lysine,0.0,0.0,0.5,0.6681630132484446,0.0,0.000999000999000999,0.002206206795116929,False
1139,Endothelial,Enteric_glia,L-Ornithine,0.0,0.0,0.5,0.6681630132484446,0.0,0.000999000999000999,0.002206206795116929,False
1140,Endothelial,Enteric_glia,Lithocholic acid,0.0,0.0,0.5,0.6681630132484446,0.0,0.000999000999000999,0.002206206795116929,False
1141,Endothelial,Enteric_glia,Manganese,0.05506221,0.013765552081167698,0.49450851269301177,0.6681630132484446,0.0,0.002997002997002997,0.005910424237117464,False
1142,Endothelial,Enteric_glia,N-Desmethylcitalopram,0.0,0.0,0.5,0.6681630132484446,0.0,0.000999000999000999,0.002206206795116929,False
1143,Endothelial,Enteric_glia,N-Desmethyleletriptan,0.0,0.0,0.5,0.6681630132484446,0.0,0.000999000999000999,0.002206206795116929,False
1144,Endothelial,Enteric_glia,N-Desmethyltamoxifen,0.0,0.0,0.5,0.6681630132484446,0.0,0.000999000999000999,0.002206206795116929,False
1145,Endothelial,Enteric_glia,N-desmethylimatinib,0.0,0.0,0.5,0.6681630132484446,0.0,0.000999000999000999,0.002206206795116929,False
1146,Endothelial,Enteric_glia,Neurotransmitter,-1.5965706,-0.39914265275001526,0.6551059521118101,0.7026596886139675,0.0,0.000999000999000999,0.002206206795116929,False
1147,Endothelial,Enteric_glia,Nicotinate,-1.6934292,-0.18933114385202496,0.5750833562692347,0.6704074660650166,0.0,0.022977022977022976,0.032529268484324664,False
1148,Endothelial,Enteric_glia,Norepinephrine,-0.9884612,-0.24711529910564423,0.5975905030643855,0.6770266346377942,0.0,0.002997002997002997,0.005910424237117464,False
1149,Endothelial,Enteric_glia,O-Deethylated candesartan,0.0,0.0,0.5,0.6681630132484446,0.0,0.000999000999000999,0.002206206795116929,False
1150,Endothelial,Enteric_glia,O-Desmethylverapamil (D-702),-5.122628,-0.3306642292298638,0.6295509376734643,0.6893254273876598,0.0,0.023976023976023976,0.033736821554080434,False
1151,Endothelial,Enteric_glia,Oxalic acid,0.18807665,0.04701916128396988,0.4812489779606038,0.6681630132484446,0.0,0.016983016983016984,0.025342874180083484,False
1152,Endothelial,Enteric_glia,Phosphate,0.0,0.0,0.5,0.6681630132484446,0.0,0.000999000999000999,0.002206206795116929,False
1153,Endothelial,Enteric_glia,Progesterone,0.0,0.0,0.5,0.6681630132484446,0.0,0.000999000999000999,0.002206206795116929,False
1154,Endothelial,Enteric_glia,Pyruvate,0.0,0.0,0.5,0.6681630132484446,0.0,0.000999000999000999,0.002206206795116929,False
1155,Endothelial,Enteric_glia,Sodium,-1.4536791,-0.12848829231443237,0.551118718596521,0.6681630132484446,0.0,0.06693306693306693,0.08256428512747487,False
1156,Endothelial,Enteric_glia,Sodium_hydrogen exchange,0.11017748,0.015902749388598914,0.4936559882927715,0.6681630132484446,0.0,0.002997002997002997,0.005910424237117464,False
1157,Endothelial,Enteric_glia,Sulfolithocholic acid,0.0,0.0,0.5,0.6681630132484446,0.0,0.000999000999000999,0.002206206795116929,False
1158,Endothelial,Enteric_glia,Taurocholic acid,0.48961633,0.033948784598501966,0.4864589955517171,0.6681630132484446,0.0,0.030969030969030968,0.04197445425687162,False
1159,Endothelial,Enteric_glia,Testosterone,0.0,0.0,0.5,0.6681630132484446,0.0,0.000999000999000999,0.002206206795116929,False
1160,Endothelial,Enteric_glia,Trihydroxycoprostanoic acid,0.0,0.0,0.5,0.6681630132484446,0.0,0.000999000999000999,0.002206206795116929,False
1161,Endothelial,Enteric_glia,Urea,0.0,0.0,0.5,0.6681630132484446,0.0,0.000999000999000999,0.002206206795116929,False
1162,Endothelial,Enteric_glia,Ursocholic acid,0.0,0.0,0.5,0.6681630132484446,0.0,0.000999000999000999,0.002206206795116929,False
1163,Endothelial,Enteric_glia,Ursodeoxycholic acid,0.0,0.0,0.5,0.6681630132484446,0.0,0.000999000999000999,0.002206206795116929,False
1164,Endothelial,Enteric_glia,Ursodeoxycholic acid 3-sulfate,0.0,0.0,0.5,0.6681630132484446,0.0,0.000999000999000999,0.002206206795116929,False
1165,Endothelial,Enteric_glia,Varanic acid,0.0,0.0,0.5,0.6681630132484446,0.0,0.000999000999000999,0.002206206795116929,False
1166,Endothelial,Enteric_glia,Vitamin D3,0.0,0.0,0.5,0.6681630132484446,0.0,0.000999000999000999,0.002206206795116929,False
1167,Endothelial,Enteric_glia,Water,-1.2045957,-0.1505744606256485,0.5598442954377869,0.6681630132484446,0.0,0.026973026973026972,0.03751968625513386,False
1168,Endothelial,Enteric_glia,Zinc,0.05506221,0.013765552081167698,0.49450851269301177,0.6681630132484446,0.0,0.002997002997002997,0.005910424237117464,False
1169,Endothelial,Enteric_glia,alpha-Ketoisovaleric acid,0.0,0.0,0.5,0.6681630132484446,0.0,0.000999000999000999,0.002206206795116929,False
1170,Endothelial,Fibroblast,"(3a,5b,7a)-23-Carboxy-7-hydroxy-24-norcholan-3-yl-b-D-Glucopyranosiduronic acid",0.0,0.0,0.5,0.6681630132484446,0.0,0.000999000999000999,0.002206206795116929,False
1171,Endothelial,Fibroblast,17a-Ethynylestradiol,-6.4899406,-0.380447058211838,0.6481932057150093,0.6982265181530443,0.0,0.0989010989010989,0.1163246122512925,False
1172,Endothelial,Fibroblast,"1b,3a,12a-Trihydroxy-5b-cholanoic acid",0.0,0.0,0.5,0.6681630132484446,0.0,0.000999000999000999,0.002206206795116929,False
1173,Endothelial,Fibroblast,2-Hydroxychlorpropamide,-8.432711,-0.2854040139234948,0.6123326836488169,0.6846682433610985,0.0,0.12287712287712288,0.14154562193126022,False
1174,Endothelial,Fibroblast,25-Hydroxycholesterol,0.5171866,0.03031801437275159,0.48790671489225595,0.6681630132484446,36.64454,0.15084915084915085,0.1705358263270172,False
1175,Endothelial,Fibroblast,"3',4'-Dihydrodiol",-6.4899406,-0.380447058211838,0.6481932057150093,0.6982265181530443,0.0,0.0989010989010989,0.1163246122512925,False
1176,Endothelial,Fibroblast,3-Sulfodeoxycholic acid,0.0,0.0,0.5,0.6681630132484446,0.0,0.000999000999000999,0.002206206795116929,False
1177,Endothelial,Fibroblast,"3alpha,7alpha-Dihydroxycoprostanic acid",0.0,0.0,0.5,0.6681630132484446,0.0,0.000999000999000999,0.002206206795116929,False
1178,Endothelial,Fibroblast,3b-Hydroxy-5-cholenoic acid,0.0,0.0,0.5,0.6681630132484446,0.0,0.000999000999000999,0.002206206795116929,False
1179,Endothelial,Fibroblast,4'-Hydroxydiclofenac,-6.4899406,-0.380447058211838,0.6481932057150093,0.6982265181530443,0.0,0.0989010989010989,0.1163246122512925,False
1180,Endothelial,Fibroblast,4-Hydroxycyclophosphamide,-6.4899406,-0.380447058211838,0.6481932057150093,0.6982265181530443,0.0,0.0989010989010989,0.1163246122512925,False
1181,Endothelial,Fibroblast,4-ene-Valproic acid,161.90385,5.479615255168347,2.1312585536986824e-08,2.840311880217667e-06,33.840347,0.000999000999000999,0.002206206795116929,True
1182,Endothelial,Fibroblast,5-Hydroxyomeprazole,-5.7749586,-0.13820595500377073,0.5549611755739446,0.6681630132484446,0.0,0.18681318681318682,0.2072379357476204,False
1183,Endothelial,Fibroblast,8-Hydroxycarvedilol,-6.4899406,-0.380447058211838,0.6481932057150093,0.6982265181530443,0.0,0.0989010989010989,0.1163246122512925,False
1184,Endothelial,Fibroblast,Acetate,92.060905,3.115789577134319,0.0009172656424917777,0.06332691688732442,37.87341,0.24075924075924077,0.26029041161646466,False
1185,Endothelial,Fibroblast,Acetyl-L-Carnitine,-5.488832,-0.3217610300332657,0.6261831304803267,0.6869455573937792,0.0,0.03296703296703297,0.044404575016819915,False
1186,Endothelial,Fibroblast,Adenosine diphosphate ribose,-0.5540272,-0.0324776496268349,0.5129544301802685,0.6681630132484446,0.0,0.011988011988011988,0.01879993733354222,False
1187,Endothelial,Fibroblast,Adenosine triphosphate,4.9813447,0.29201159781855957,0.38513887823927495,0.6681630132484446,31.226486,0.13786213786213786,0.1569291418174467,False
1188,Endothelial,Fibroblast,Amiloride-sensitive sodium transport,0.96473294,0.05655364679651241,0.4774503799533936,0.6681630132484446,0.0,0.016983016983016984,0.025342874180083484,False
1189,Endothelial,Fibroblast,Anion exchange,5.63531,0.19072635245097402,0.4243699956994964,0.6681630132484446,0.0,0.12687312687312688,0.14554391147670406,False
1190,Endothelial,Fibroblast,Butyrate,90.5313,5.307038993077168,5.571017481267668e-08,6.434525190864157e-06,15.970646,0.007992007992007992,0.01321828529465761,True
1191,Endothelial,Fibroblast,Cadmium,-0.078744546,-0.004616087012540112,0.5018415457392895,0.6681630132484446,0.0,0.011988011988011988,0.01879993733354222,False
1192,Endothelial,Fibroblast,Chenodeoxycholic acid,0.0,0.0,0.5,0.6681630132484446,0.0,0.000999000999000999,0.002206206795116929,False
1193,Endothelial,Fibroblast,Chenodeoxycholic acid 3-sulfate,0.0,0.0,0.5,0.6681630132484446,0.0,0.000999000999000999,0.002206206795116929,False
1194,Endothelial,Fibroblast,Chloride,3.161991,0.18535918814545635,0.42647365841140694,0.6681630132484446,0.0,0.13086913086913088,0.14948460143779083,False
1195,Endothelial,Fibroblast,Chloride ion,-4.3473854,-0.25484824588011706,0.6005798448057601,0.6784719525784709,0.0,0.17482517482517482,0.1948437538659475,False
1196,Endothelial,Fibroblast,Cholesterol,8.19391,0.24016774505770627,0.40510010883984904,0.6681630132484446,33.36797,0.059940059940059943,0.07529175555276697,False
1197,Endothelial,Fibroblast,Cholic acid,-6.66815,-0.22568268261199004,0.5892758860484902,0.6770266346377942,0.0,0.11288711288711288,0.1311716452561523,False
1198,Endothelial,Fibroblast,Choline,-5.488832,-0.3217610300332657,0.6261831304803267,0.6869455573937792,0.0,0.03296703296703297,0.044404575016819915,False
1199,Endothelial,Fibroblast,Citric acid,6.4025855,0.3753262093984288,0.3537089381220365,0.6681630132484446,21.902763,0.2987012987012987,0.3174846625766871,False
1200,Endothelial,Fibroblast,Coprocholic acid,0.0,0.0,0.5,0.6681630132484446,0.0,0.000999000999000999,0.002206206795116929,False
1201,Endothelial,Fibroblast,Cortisol,-5.5967493,-0.18942126482607408,0.5751186703833367,0.6704074660650166,0.0,0.17482517482517482,0.1948437538659475,False
1202,Endothelial,Fibroblast,Creatine,-5.488832,-0.3217610300332657,0.6261831304803267,0.6869455573937792,0.0,0.03296703296703297,0.044404575016819915,False
1203,Endothelial,Fibroblast,D-Lactate,90.5313,5.307038993077168,5.571017481267668e-08,6.434525190864157e-06,15.970646,0.007992007992007992,0.01321828529465761,True
1204,Endothelial,Fibroblast,Deoxycholic acid,0.0,0.0,0.5,0.6681630132484446,0.0,0.000999000999000999,0.002206206795116929,False
1205,Endothelial,Fibroblast,Dopamine,-5.488832,-0.3217610300332657,0.6261831304803267,0.6869455573937792,0.0,0.03296703296703297,0.044404575016819915,False
1206,Endothelial,Fibroblast,E-3179,-6.4899406,-0.380447058211838,0.6481932057150093,0.6982265181530443,0.0,0.0989010989010989,0.1163246122512925,False
1207,Endothelial,Fibroblast,Estradiol,0.5538106,0.014518767964308885,0.49420805308562543,0.6681630132484446,21.902763,0.38961038961038963,0.40534454286143223,False
1208,Endothelial,Fibroblast,Estriol,-6.4899406,-0.380447058211838,0.6481932057150093,0.6982265181530443,0.0,0.0989010989010989,0.1163246122512925,False
1209,Endothelial,Fibroblast,Fatty acid,5.8564777,0.15353415391547146,0.4389885293293494,0.6681630132484446,172.8745,0.2967032967032967,0.31550619090898363,False
1210,Endothelial,Fibroblast,Folic acid,1.2018585,0.04067674799435908,0.48377679933123185,0.6681630132484446,0.0,0.03596403596403597,0.04815123053144692,False
1211,Endothelial,Fibroblast,Folinic acid,0.0,0.0,0.5,0.6681630132484446,0.0,0.000999000999000999,0.002206206795116929,False
1212,Endothelial,Fibroblast,Glutathione,0.0,0.0,0.5,0.6681630132484446,0.0,0.000999000999000999,0.002206206795116929,False
1213,Endothelial,Fibroblast,Glycerol,-6.4899406,-0.380447058211838,0.6481932057150093,0.6982265181530443,0.0,0.0989010989010989,0.1163246122512925,False
1214,Endothelial,Fibroblast,Glycochenodeoxycholate-3-sulfate,0.0,0.0,0.5,0.6681630132484446,0.0,0.000999000999000999,0.002206206795116929,False
1215,Endothelial,Fibroblast,Glycyl-glycine,0.0,0.0,0.5,0.6681630132484446,0.0,0.000999000999000999,0.002206206795116929,False
1216,Endothelial,Fibroblast,Histamine,-5.488832,-0.3217610300332657,0.6261831304803267,0.6869455573937792,0.0,0.03296703296703297,0.044404575016819915,False
1217,Endothelial,Fibroblast,Hydroxylansoprazole,-5.5967493,-0.18942126482607408,0.5751186703833367,0.6704074660650166,0.0,0.17482517482517482,0.1948437538659475,False
1218,Endothelial,Fibroblast,Hyodeoxycholic acid,0.0,0.0,0.5,0.6681630132484446,0.0,0.000999000999000999,0.002206206795116929,False
1219,Endothelial,Fibroblast,Iron,3.4420452,0.14267736439012682,0.4432724971983556,0.6681630132484446,60.87525,0.3956043956043956,0.4113953273617139,False
1220,Endothelial,Fibroblast,Isoursodeoxycholic acid,0.0,0.0,0.5,0.6681630132484446,0.0,0.000999000999000999,0.002206206795116929,False
1221,Endothelial,Fibroblast,Ketone bodies,90.5313,5.307038993077168,5.571017481267668e-08,6.434525190864157e-06,15.970646,0.007992007992007992,0.01321828529465761,True
1222,Endothelial,Fibroblast,L-Arginine,0.0,0.0,0.5,0.6681630132484446,0.0,0.000999000999000999,0.002206206795116929,False
1223,Endothelial,Fibroblast,L-Carnitine,-8.467716,-0.24819315781158036,0.5980075199796829,0.6770266346377942,0.0,0.054945054945054944,0.06980187548473525,False
1224,Endothelial,Fibroblast,L-Cystine,0.0,0.0,0.5,0.6681630132484446,0.0,0.000999000999000999,0.002206206795116929,False
1225,Endothelial,Fibroblast,L-Dopa,0.0,0.0,0.5,0.6681630132484446,0.0,0.000999000999000999,0.002206206795116929,False
1226,Endothelial,Fibroblast,L-Glutamate,90.60489,3.7556934775610196,8.643107911969647e-05,0.007394658991351809,15.970646,0.013986013986013986,0.02125506072874494,True
1227,Endothelial,Fibroblast,L-Lactate,90.5313,5.307038993077168,5.571017481267668e-08,6.434525190864157e-06,15.970646,0.007992007992007992,0.01321828529465761,True
1228,Endothelial,Fibroblast,L-Lysine,0.0,0.0,0.5,0.6681630132484446,0.0,0.000999000999000999,0.002206206795116929,False
1229,Endothelial,Fibroblast,L-Ornithine,0.0,0.0,0.5,0.6681630132484446,0.0,0.000999000999000999,0.002206206795116929,False
1230,Endothelial,Fibroblast,Lithocholic acid,0.0,0.0,0.5,0.6681630132484446,0.0,0.000999000999000999,0.002206206795116929,False
1231,Endothelial,Fibroblast,Manganese,-0.078744546,-0.004616087012540112,0.5018415457392895,0.6681630132484446,0.0,0.011988011988011988,0.01879993733354222,False
1232,Endothelial,Fibroblast,N-Desmethylcitalopram,-6.4899406,-0.380447058211838,0.6481932057150093,0.6982265181530443,0.0,0.0989010989010989,0.1163246122512925,False
1233,Endothelial,Fibroblast,N-Desmethyleletriptan,-6.4899406,-0.380447058211838,0.6481932057150093,0.6982265181530443,0.0,0.0989010989010989,0.1163246122512925,False
1234,Endothelial,Fibroblast,N-Desmethyltamoxifen,-5.5967493,-0.18942126482607408,0.5751186703833367,0.6704074660650166,0.0,0.17482517482517482,0.1948437538659475,False
1235,Endothelial,Fibroblast,N-desmethylimatinib,-5.848775,-0.17143062864034395,0.5680574134649232,0.6681630132484446,0.0,0.2047952047952048,0.22577645072077146,False
1236,Endothelial,Fibroblast,Neurotransmitter,-0.23625581,-0.013849560837670683,0.5055249987572633,0.6681630132484446,0.0,0.00999000999000999,0.01593343365495264,False
1237,Endothelial,Fibroblast,Nicotinate,163.43346,4.2845919643312795,9.153743528527849e-06,0.0009328741566573234,55.74311,0.1008991008991009,0.11847352918176367,False
1238,Endothelial,Fibroblast,Norepinephrine,-5.488832,-0.3217610300332657,0.6261831304803267,0.6869455573937792,0.0,0.03296703296703297,0.044404575016819915,False
1239,Endothelial,Fibroblast,O-Deethylated candesartan,-6.4899406,-0.380447058211838,0.6481932057150093,0.6982265181530443,0.0,0.0989010989010989,0.1163246122512925,False
1240,Endothelial,Fibroblast,O-Desmethylverapamil (D-702),-22.38533,-0.338821827760828,0.6326280216422784,0.6897490887203356,0.0,0.42657342657342656,0.4420086492454913,False
1241,Endothelial,Fibroblast,Oxalic acid,6.4025855,0.3753262093984288,0.3537089381220365,0.6681630132484446,21.902763,0.2987012987012987,0.3174846625766871,False
1242,Endothelial,Fibroblast,Phosphate,-8.1158495,-0.4757595230736469,0.6828771451494076,0.7224715367185525,0.0,0.04095904095904096,0.05409684654967674,False
1243,Endothelial,Fibroblast,Progesterone,-6.7419662,-0.2794634921451415,0.6100554243175347,0.6834078563378906,0.0,0.13386613386613386,0.15255588023224922,False
1244,Endothelial,Fibroblast,Pyruvate,90.5313,5.307038993077168,5.571017481267668e-08,6.434525190864157e-06,15.970646,0.007992007992007992,0.01321828529465761,True
1245,Endothelial,Fibroblast,Sodium,6.301642,0.13060573120916982,0.44804360435893315,0.6681630132484446,31.492441,0.35664335664335667,0.3727810650887574,False
1246,Endothelial,Fibroblast,Sodium_hydrogen exchange,-5.9778385,-0.20231918044158692,0.5801663969004791,0.6730454574561929,0.0,0.17482517482517482,0.1948437538659475,False
1247,Endothelial,Fibroblast,Sulfolithocholic acid,0.0,0.0,0.5,0.6681630132484446,0.0,0.000999000999000999,0.002206206795116929,False
1248,Endothelial,Fibroblast,Taurocholic acid,79.95283,1.2999170979307868,0.09681469216205357,0.6681630132484446,37.87341,0.3246753246753247,0.34288326729655594,False
1249,Endothelial,Fibroblast,Testosterone,-5.484131,-0.13124588311385296,0.5522095998127005,0.6681630132484446,0.0,0.21478521478521478,0.23458810692853246,False
1250,Endothelial,Fibroblast,Trihydroxycoprostanoic acid,0.0,0.0,0.5,0.6681630132484446,0.0,0.000999000999000999,0.002206206795116929,False
1251,Endothelial,Fibroblast,Urea,0.0,0.0,0.5,0.6681630132484446,0.0,0.000999000999000999,0.002206206795116929,False
1252,Endothelial,Fibroblast,Ursocholic acid,0.0,0.0,0.5,0.6681630132484446,0.0,0.000999000999000999,0.002206206795116929,False
1253,Endothelial,Fibroblast,Ursodeoxycholic acid,0.0,0.0,0.5,0.6681630132484446,0.0,0.000999000999000999,0.002206206795116929,False
1254,Endothelial,Fibroblast,Ursodeoxycholic acid 3-sulfate,0.0,0.0,0.5,0.6681630132484446,0.0,0.000999000999000999,0.002206206795116929,False
1255,Endothelial,Fibroblast,Varanic acid,0.0,0.0,0.5,0.6681630132484446,0.0,0.000999000999000999,0.002206206795116929,False
1256,Endothelial,Fibroblast,Vitamin D3,13.790659,0.8084227448281324,0.2094236314192725,0.6681630132484446,33.36797,0.017982017982017984,0.02639038217183071,True
1257,Endothelial,Fibroblast,Water,-8.015497,-0.23493838390460997,0.5928717214157858,0.6770266346377942,0.0,0.2077922077922078,0.2289712195897599,False
1258,Endothelial,Fibroblast,Zinc,-0.078744546,-0.004616087012540112,0.5018415457392895,0.6681630132484446,0.0,0.011988011988011988,0.01879993733354222,False
1259,Endothelial,Fibroblast,alpha-Ketoisovaleric acid,90.5313,5.307038993077168,5.571017481267668e-08,6.434525190864157e-06,15.970646,0.007992007992007992,0.01321828529465761,True
1260,Endothelial,IEC,"(3a,5b,7a)-23-Carboxy-7-hydroxy-24-norcholan-3-yl-b-D-Glucopyranosiduronic acid",0.0,0.0,0.5,0.6681630132484446,0.0,0.000999000999000999,0.002206206795116929,False
1261,Endothelial,IEC,17a-Ethynylestradiol,-11.766791,-0.5398974142828354,0.7053661094025995,0.7347342759897812,0.0,0.5654345654345654,0.5779441797140912,False
1262,Endothelial,IEC,"1b,3a,12a-Trihydroxy-5b-cholanoic acid",0.0,0.0,0.5,0.6681630132484446,0.0,0.000999000999000999,0.002206206795116929,False
1263,Endothelial,IEC,2-Hydroxychlorpropamide,-13.376123,-0.35434216585876793,0.6384587643982499,0.6939806036433533,0.0,0.5944055944055944,0.6058583275821104,False
1264,Endothelial,IEC,25-Hydroxycholesterol,-6.3191257,-0.2899413697891465,0.6140694540982969,0.6849132570762552,0.0,0.3106893106893107,0.3297208151725763,False
1265,Endothelial,IEC,"3',4'-Dihydrodiol",-11.766791,-0.5398974142828354,0.7053661094025995,0.7347342759897812,0.0,0.5654345654345654,0.5779441797140912,False
1266,Endothelial,IEC,3-Sulfodeoxycholic acid,0.0,0.0,0.5,0.6681630132484446,0.0,0.000999000999000999,0.002206206795116929,False
1267,Endothelial,IEC,"3alpha,7alpha-Dihydroxycoprostanic acid",0.0,0.0,0.5,0.6681630132484446,0.0,0.000999000999000999,0.002206206795116929,False
1268,Endothelial,IEC,3b-Hydroxy-5-cholenoic acid,0.0,0.0,0.5,0.6681630132484446,0.0,0.000999000999000999,0.002206206795116929,False
1269,Endothelial,IEC,4'-Hydroxydiclofenac,-11.766791,-0.5398974142828354,0.7053661094025995,0.7347342759897812,0.0,0.5654345654345654,0.5779441797140912,False
1270,Endothelial,IEC,4-Hydroxycyclophosphamide,-11.766791,-0.5398974142828354,0.7053661094025995,0.7347342759897812,0.0,0.5654345654345654,0.5779441797140912,False
1271,Endothelial,IEC,4-ene-Valproic acid,27.863039,0.7381099348763247,0.23022382352443965,0.6681630132484446,34.215466,0.11188811188811189,0.13011992203131656,False
1272,Endothelial,IEC,5-Hydroxyomeprazole,-8.306509,-0.1555951697996411,0.5618239337436594,0.6681630132484446,45.782604,0.4725274725274725,0.4880929176651341,False
1273,Endothelial,IEC,8-Hydroxycarvedilol,-11.766791,-0.5398974142828354,0.7053661094025995,0.7347342759897812,0.0,0.5654345654345654,0.5779441797140912,False
1274,Endothelial,IEC,Acetate,-27.369345,-0.725031653235776,0.7657836940259701,0.7789345368560066,0.0,0.6273726273726273,0.6382402095848955,False
1275,Endothelial,IEC,Acetyl-L-Carnitine,22.54681,1.0345185994072172,0.15044689313324894,0.6681630132484446,14.956301,0.14285714285714285,0.1622684805769546,False
1276,Endothelial,IEC,Adenosine diphosphate ribose,-6.1841393,-0.28374776895771264,0.6116981578839094,0.6846682433610985,0.0,0.00999000999000999,0.01593343365495264,False
1277,Endothelial,IEC,Adenosine triphosphate,-6.268767,-0.28763075084935863,0.6131852983123992,0.6849132570762552,0.0,0.9470529470529471,0.9474631042409302,False
1278,Endothelial,IEC,Amiloride-sensitive sodium transport,-11.543067,-0.5296322363958416,0.701816530411536,0.7332411511762317,0.0,0.2547452547452547,0.2740429393642681,False
1279,Endothelial,IEC,Anion exchange,-37.18694,-0.9851060856586419,0.83771401779587,0.8433117581820713,0.0,0.8451548451548452,0.8493217918971979,False
1280,Endothelial,IEC,Butyrate,-6.84161,-0.31391459372887587,0.6232070469692544,0.6861812576258235,0.0,0.17382617382617382,0.19438686212931816,False
1281,Endothelial,IEC,Cadmium,-1.6275847,-0.07467870748542636,0.5297648253384507,0.6681630132484446,0.0,0.06793206793206794,0.08346972176759411,False
1282,Endothelial,IEC,Chenodeoxycholic acid,0.0,0.0,0.5,0.6681630132484446,0.0,0.000999000999000999,0.002206206795116929,False
1283,Endothelial,IEC,Chenodeoxycholic acid 3-sulfate,0.0,0.0,0.5,0.6681630132484446,0.0,0.000999000999000999,0.002206206795116929,False
1284,Endothelial,IEC,Chloride,-24.972998,-1.1458397172713553,0.8740692609761171,0.8755854262163185,0.0,0.5544455544455544,0.5681365802613769,False
1285,Endothelial,IEC,Chloride ion,22.177893,1.0175915052034552,0.1544360630056813,0.6681630132484446,54.673855,0.22277722277722278,0.24274310595065313,False
1286,Endothelial,IEC,Cholesterol,58.701405,1.3467025809011037,0.08903802036551062,0.6681630132484446,36.261135,0.2997002997002997,0.3184976348601559,False
1287,Endothelial,IEC,Cholic acid,2.0680847,0.054784902490983174,0.4781549142023214,0.6681630132484446,45.782604,0.32167832167832167,0.3398217636022514,False
1288,Endothelial,IEC,Choline,22.54681,1.0345185994072172,0.15044689313324894,0.6681630132484446,14.956301,0.14285714285714285,0.1622684805769546,False
1289,Endothelial,IEC,Citric acid,-15.013012,-0.6888442300145726,0.7545393507898523,0.768626911261577,0.0,0.4775224775224775,0.4929585534382197,False
1290,Endothelial,IEC,Coprocholic acid,0.0,0.0,0.5,0.6681630132484446,0.0,0.000999000999000999,0.002206206795116929,False
1291,Endothelial,IEC,Cortisol,-22.141384,-0.5865395940689084,0.7212435188910237,0.7438707210647232,0.0,0.7452547452547452,0.7526399569535681,False
1292,Endothelial,IEC,Creatine,22.54681,1.0345185994072172,0.15044689313324894,0.6681630132484446,14.956301,0.14285714285714285,0.1622684805769546,False
1293,Endothelial,IEC,D-Lactate,-6.84161,-0.31391459372887587,0.6232070469692544,0.6861812576258235,0.0,0.17382617382617382,0.19438686212931816,False
1294,Endothelial,IEC,Deoxycholic acid,0.0,0.0,0.5,0.6681630132484446,0.0,0.000999000999000999,0.002206206795116929,False
1295,Endothelial,IEC,Dopamine,22.54681,1.0345185994072172,0.15044689313324894,0.6681630132484446,14.956301,0.14285714285714285,0.1622684805769546,False
1296,Endothelial,IEC,E-3179,-11.766791,-0.5398974142828354,0.7053661094025995,0.7347342759897812,0.0,0.5654345654345654,0.5779441797140912,False
1297,Endothelial,IEC,Estradiol,-45.06522,-0.9247188005593169,0.8224439013199493,0.8289028848381688,0.0,0.8901098901098901,0.8924278846153846,False
1298,Endothelial,IEC,Estriol,-11.766791,-0.5398974142828354,0.7053661094025995,0.7347342759897812,0.0,0.5654345654345654,0.5779441797140912,False
1299,Endothelial,IEC,Fatty acid,141.71788,2.907989544777885,0.0018188024948236536,0.11563579164337542,701.14124,0.16183816183816183,0.18183178689015264,False
1300,Endothelial,IEC,Folic acid,-2.3419104,-0.062038721042752716,0.5247340017795898,0.6681630132484446,0.0,0.22277722277722278,0.24274310595065313,False
1301,Endothelial,IEC,Folinic acid,0.0,0.0,0.5,0.6681630132484446,0.0,0.000999000999000999,0.002206206795116929,False
1302,Endothelial,IEC,Glutathione,0.0,0.0,0.5,0.6681630132484446,0.0,0.000999000999000999,0.002206206795116929,False
1303,Endothelial,IEC,Glycerol,-11.766791,-0.5398974142828354,0.7053661094025995,0.7347342759897812,0.0,0.5654345654345654,0.5779441797140912,False
1304,Endothelial,IEC,Glycochenodeoxycholate-3-sulfate,0.0,0.0,0.5,0.6681630132484446,0.0,0.000999000999000999,0.002206206795116929,False
1305,Endothelial,IEC,Glycyl-glycine,0.0,0.0,0.5,0.6681630132484446,0.0,0.000999000999000999,0.002206206795116929,False
1306,Endothelial,IEC,Histamine,22.54681,1.0345185994072172,0.15044689313324894,0.6681630132484446,14.956301,0.14285714285714285,0.1622684805769546,False
1307,Endothelial,IEC,Hydroxylansoprazole,-22.141384,-0.5865395940689084,0.7212435188910237,0.7438707210647232,0.0,0.7452547452547452,0.7526399569535681,False
1308,Endothelial,IEC,Hyodeoxycholic acid,0.0,0.0,0.5,0.6681630132484446,0.0,0.000999000999000999,0.002206206795116929,False
1309,Endothelial,IEC,Iron,5.9318795,0.19245558515567834,0.4236926777124014,0.6681630132484446,46.11556,0.6393606393606394,0.6499588133738052,False
1310,Endothelial,IEC,Isoursodeoxycholic acid,0.0,0.0,0.5,0.6681630132484446,0.0,0.000999000999000999,0.002206206795116929,False
1311,Endothelial,IEC,Ketone bodies,-6.84161,-0.31391459372887587,0.6232070469692544,0.6861812576258235,0.0,0.17382617382617382,0.19438686212931816,False
1312,Endothelial,IEC,L-Arginine,0.0,0.0,0.5,0.6681630132484446,0.0,0.000999000999000999,0.002206206795116929,False
1313,Endothelial,IEC,L-Carnitine,11.45281,0.2627454876981531,0.39637337702403735,0.6681630132484446,14.956301,0.2787212787212787,0.29839926796515703,False
1314,Endothelial,IEC,L-Cystine,0.0,0.0,0.5,0.6681630132484446,0.0,0.000999000999000999,0.002206206795116929,False
1315,Endothelial,IEC,L-Dopa,0.0,0.0,0.5,0.6681630132484446,0.0,0.000999000999000999,0.002206206795116929,False
1316,Endothelial,IEC,L-Glutamate,-9.810192,-0.31828466107011627,0.6248654907517555,0.6869455573937792,0.0,0.2097902097902098,0.23102592624283394,False
1317,Endothelial,IEC,L-Lactate,-6.84161,-0.31391459372887587,0.6232070469692544,0.6861812576258235,0.0,0.17382617382617382,0.19438686212931816,False
1318,Endothelial,IEC,L-Lysine,0.0,0.0,0.5,0.6681630132484446,0.0,0.000999000999000999,0.002206206795116929,False
1319,Endothelial,IEC,L-Ornithine,0.0,0.0,0.5,0.6681630132484446,0.0,0.000999000999000999,0.002206206795116929,False
1320,Endothelial,IEC,Lithocholic acid,0.0,0.0,0.5,0.6681630132484446,0.0,0.000999000999000999,0.002206206795116929,False
1321,Endothelial,IEC,Manganese,-1.6275847,-0.07467870748542636,0.5297648253384507,0.6681630132484446,0.0,0.06793206793206794,0.08346972176759411,False
1322,Endothelial,IEC,N-Desmethylcitalopram,-11.766791,-0.5398974142828354,0.7053661094025995,0.7347342759897812,0.0,0.5654345654345654,0.5779441797140912,False
1323,Endothelial,IEC,N-Desmethyleletriptan,-11.766791,-0.5398974142828354,0.7053661094025995,0.7347342759897812,0.0,0.5654345654345654,0.5779441797140912,False
1324,Endothelial,IEC,N-Desmethyltamoxifen,-22.141384,-0.5865395940689084,0.7212435188910237,0.7438707210647232,0.0,0.7452547452547452,0.7526399569535681,False
1325,Endothelial,IEC,N-desmethylimatinib,-30.052208,-0.6894449340540653,0.7547283426030871,0.7687047933920331,0.0,0.7652347652347652,0.7718056939422097,False
1326,Endothelial,IEC,Neurotransmitter,1.1221533,0.051487923748652804,0.47946836227058026,0.6681630132484446,0.0,0.026973026973026972,0.03751968625513386,False
1327,Endothelial,IEC,Nicotinate,7.335304,0.1505172577550782,0.4401782680614072,0.6681630132484446,34.215466,0.3196803196803197,0.3377625576131446,False
1328,Endothelial,IEC,Norepinephrine,22.54681,1.0345185994072172,0.15044689313324894,0.6681630132484446,14.956301,0.14285714285714285,0.1622684805769546,False
1329,Endothelial,IEC,O-Deethylated candesartan,-11.766791,-0.5398974142828354,0.7053661094025995,0.7347342759897812,0.0,0.5654345654345654,0.5779441797140912,False
1330,Endothelial,IEC,O-Desmethylverapamil (D-702),-57.694386,-0.6835040904169114,0.7528558168099868,0.7673614958807484,60.738907,0.7862137862137862,0.7919275491949911,False
1331,Endothelial,IEC,Oxalic acid,-15.013012,-0.6888442300145726,0.7545393507898523,0.768626911261577,0.0,0.4775224775224775,0.4929585534382197,False
1332,Endothelial,IEC,Phosphate,110.13559,5.053367422652278,2.170438357668581e-07,2.2449459430810847e-05,21.55933,0.03996003996003996,0.05294896308280629,False
1333,Endothelial,IEC,Progesterone,-19.677614,-0.6384261083878783,0.738401829989747,0.755389461740823,0.0,0.5944055944055944,0.6058583275821104,False
1334,Endothelial,IEC,Pyruvate,-6.84161,-0.31391459372887587,0.6232070469692544,0.6861812576258235,0.0,0.17382617382617382,0.19438686212931816,False
1335,Endothelial,IEC,Sodium,54.024982,0.8764009429991633,0.19040605293781715,0.6681630132484446,157.93956,0.1018981018981019,0.11954525921006369,False
1336,Endothelial,IEC,Sodium_hydrogen exchange,17.776232,0.4709038832083895,0.3188546874295983,0.6681630132484446,88.51526,0.11188811188811189,0.13011992203131656,False
1337,Endothelial,IEC,Sulfolithocholic acid,0.0,0.0,0.5,0.6681630132484446,0.0,0.000999000999000999,0.002206206795116929,False
1338,Endothelial,IEC,Taurocholic acid,-58.251354,-0.7412889822263741,0.7707408796734234,0.782449838000218,58.571835,0.7072927072927073,0.7158665782880768,False
1339,Endothelial,IEC,Testosterone,-38.068363,-0.713085776672186,0.7621036598511948,0.7753051031662919,0.0,0.8101898101898102,0.8147751247446502,False
1340,Endothelial,IEC,Trihydroxycoprostanoic acid,0.0,0.0,0.5,0.6681630132484446,0.0,0.000999000999000999,0.002206206795116929,False
1341,Endothelial,IEC,Urea,0.0,0.0,0.5,0.6681630132484446,0.0,0.000999000999000999,0.002206206795116929,False
1342,Endothelial,IEC,Ursocholic acid,0.0,0.0,0.5,0.6681630132484446,0.0,0.000999000999000999,0.002206206795116929,False
1343,Endothelial,IEC,Ursodeoxycholic acid,0.0,0.0,0.5,0.6681630132484446,0.0,0.000999000999000999,0.002206206795116929,False
1344,Endothelial,IEC,Ursodeoxycholic acid 3-sulfate,0.0,0.0,0.5,0.6681630132484446,0.0,0.000999000999000999,0.002206206795116929,False
1345,Endothelial,IEC,Varanic acid,0.0,0.0,0.5,0.6681630132484446,0.0,0.000999000999000999,0.002206206795116929,False
1346,Endothelial,IEC,Vitamin D3,80.84279,3.709321539380382,0.000103907687844112,0.00867566598505658,36.261135,0.001998001998001998,0.00412210593812261,True
1347,Endothelial,IEC,Water,-22.441486,-0.5148430062114188,0.6966686348722434,0.7299046534015244,19.341679,0.7932067932067932,0.7980434199946396,False
1348,Endothelial,IEC,Zinc,-1.6275847,-0.07467870748542636,0.5297648253384507,0.6681630132484446,0.0,0.06793206793206794,0.08346972176759411,False
1349,Endothelial,IEC,alpha-Ketoisovaleric acid,-6.84161,-0.31391459372887587,0.6232070469692544,0.6861812576258235,0.0,0.17382617382617382,0.19438686212931816,False
1350,Endothelial,MAST,"(3a,5b,7a)-23-Carboxy-7-hydroxy-24-norcholan-3-yl-b-D-Glucopyranosiduronic acid",0.0,0.0,0.5,0.6681630132484446,0.0,0.000999000999000999,0.002206206795116929,False
1351,Endothelial,MAST,17a-Ethynylestradiol,-0.36112252,-0.0444511092625773,0.517727588709715,0.6681630132484446,0.0,0.04895104895104895,0.06311270125223613,False
1352,Endothelial,MAST,"1b,3a,12a-Trihydroxy-5b-cholanoic acid",0.0,0.0,0.5,0.6681630132484446,0.0,0.000999000999000999,0.002206206795116929,False
1353,Endothelial,MAST,2-Hydroxychlorpropamide,-0.36112252,-0.025663859898526476,0.5102372750104259,0.6681630132484446,0.0,0.04895104895104895,0.06311270125223613,False
1354,Endothelial,MAST,25-Hydroxycholesterol,-0.2777907,-0.03419367088052264,0.5136386432514454,0.6681630132484446,0.0,0.26873126873126874,0.28810453160700683,False
1355,Endothelial,MAST,"3',4'-Dihydrodiol",-0.36112252,-0.0444511092625773,0.517727588709715,0.6681630132484446,0.0,0.04895104895104895,0.06311270125223613,False
1356,Endothelial,MAST,3-Sulfodeoxycholic acid,0.0,0.0,0.5,0.6681630132484446,0.0,0.000999000999000999,0.002206206795116929,False
1357,Endothelial,MAST,"3alpha,7alpha-Dihydroxycoprostanic acid",0.0,0.0,0.5,0.6681630132484446,0.0,0.000999000999000999,0.002206206795116929,False
1358,Endothelial,MAST,3b-Hydroxy-5-cholenoic acid,0.0,0.0,0.5,0.6681630132484446,0.0,0.000999000999000999,0.002206206795116929,False
1359,Endothelial,MAST,4'-Hydroxydiclofenac,-0.36112252,-0.0444511092625773,0.517727588709715,0.6681630132484446,0.0,0.04895104895104895,0.06311270125223613,False
1360,Endothelial,MAST,4-Hydroxycyclophosphamide,-0.36112252,-0.0444511092625773,0.517727588709715,0.6681630132484446,0.0,0.04895104895104895,0.06311270125223613,False
1361,Endothelial,MAST,4-ene-Valproic acid,-1.1828169,-0.08405913417396249,0.5334952920960632,0.6681630132484446,0.0,0.011988011988011988,0.01879993733354222,False
1362,Endothelial,MAST,5-Hydroxyomeprazole,-0.5416838,-0.02722063479731588,0.5108581211925254,0.6681630132484446,0.0,0.06793206793206794,0.08346972176759411,False
1363,Endothelial,MAST,8-Hydroxycarvedilol,-0.36112252,-0.0444511092625773,0.517727588709715,0.6681630132484446,0.0,0.04895104895104895,0.06311270125223613,False
1364,Endothelial,MAST,Acetate,12.193634,0.8665638369523525,0.1930905174891961,0.6681630132484446,20.322443,0.0989010989010989,0.1163246122512925,False
1365,Endothelial,MAST,Acetyl-L-Carnitine,-0.59140843,-0.07279734561477616,0.5290163083766248,0.6681630132484446,0.0,0.008991008991008992,0.014633088846334503,False
1366,Endothelial,MAST,Adenosine diphosphate ribose,-0.5566753,-0.06852199450283174,0.5273149439297156,0.6681630132484446,0.0,0.00999000999000999,0.01593343365495264,False
1367,Endothelial,MAST,Adenosine triphosphate,0.7192699,0.08853600092551034,0.4647253360361463,0.6681630132484446,0.0,0.04895104895104895,0.06311270125223613,False
1368,Endothelial,MAST,Amiloride-sensitive sodium transport,0.120946474,0.014887481859308152,0.49406097342321015,0.6681630132484446,0.0,0.001998001998001998,0.00412210593812261,False
1369,Endothelial,MAST,Anion exchange,-0.3947984,-0.02805710042448671,0.5111916952534693,0.6681630132484446,0.0,0.03296703296703297,0.044404575016819915,False
1370,Endothelial,MAST,Butyrate,0.0,0.0,0.5,0.6681630132484446,0.0,0.000999000999000999,0.002206206795116929,False
1371,Endothelial,MAST,Cadmium,0.08548186,0.010522089567525324,0.4958023710497929,0.6681630132484446,0.0,0.002997002997002997,0.005910424237117464,False
1372,Endothelial,MAST,Chenodeoxycholic acid,0.0,0.0,0.5,0.6681630132484446,0.0,0.000999000999000999,0.002206206795116929,False
1373,Endothelial,MAST,Chenodeoxycholic acid 3-sulfate,0.0,0.0,0.5,0.6681630132484446,0.0,0.000999000999000999,0.002206206795116929,False
1374,Endothelial,MAST,Chloride,-0.055341624,-0.006812082977343679,0.5027176068990623,0.6681630132484446,0.0,0.030969030969030968,0.04197445425687162,False
1375,Endothelial,MAST,Chloride ion,-0.0038773601,-0.0004772700408078055,0.5001904031912185,0.6681630132484446,0.0,0.023976023976023976,0.033736821554080434,False
1376,Endothelial,MAST,Cholesterol,-4.5526094,-0.28019374213363,0.6103355662410173,0.6835206002020442,0.0,0.0919080919080919,0.10904349887400734,False
1377,Endothelial,MAST,Cholic acid,-0.5416838,-0.03849579090676913,0.5153538063159915,0.6681630132484446,0.0,0.06793206793206794,0.08346972176759411,False
1378,Endothelial,MAST,Choline,-0.59140843,-0.07279734561477616,0.5290163083766248,0.6681630132484446,0.0,0.008991008991008992,0.014633088846334503,False
1379,Endothelial,MAST,Citric acid,12.077928,1.4866901149216953,0.0685483373391938,0.6681630132484446,20.322443,0.08691308691308691,0.10382825242332223,False
1380,Endothelial,MAST,Coprocholic acid,0.0,0.0,0.5,0.6681630132484446,0.0,0.000999000999000999,0.002206206795116929,False
1381,Endothelial,MAST,Cortisol,-0.36112252,-0.025663859898526476,0.5102372750104259,0.6681630132484446,0.0,0.04895104895104895,0.06311270125223613,False
1382,Endothelial,MAST,Creatine,-0.59140843,-0.07279734561477616,0.5290163083766248,0.6681630132484446,0.0,0.008991008991008992,0.014633088846334503,False
1383,Endothelial,MAST,D-Lactate,0.0,0.0,0.5,0.6681630132484446,0.0,0.000999000999000999,0.002206206795116929,False
1384,Endothelial,MAST,Deoxycholic acid,0.0,0.0,0.5,0.6681630132484446,0.0,0.000999000999000999,0.002206206795116929,False
1385,Endothelial,MAST,Dopamine,-0.59140843,-0.07279734561477616,0.5290163083766248,0.6681630132484446,0.0,0.008991008991008992,0.014633088846334503,False
1386,Endothelial,MAST,E-3179,-0.36112252,-0.0444511092625773,0.517727588709715,0.6681630132484446,0.0,0.04895104895104895,0.06311270125223613,False
1387,Endothelial,MAST,Estradiol,11.716805,0.6449889126184286,0.2594671853974222,0.6681630132484446,20.322443,0.12087912087912088,0.13933671119299862,False
1388,Endothelial,MAST,Estriol,-0.36112252,-0.0444511092625773,0.517727588709715,0.6681630132484446,0.0,0.04895104895104895,0.06311270125223613,False
1389,Endothelial,MAST,Fatty acid,-8.154646,-0.44889848375675534,0.6732475550466323,0.7165728085506314,0.0,0.6973026973026973,0.7060648293845255,False
1390,Endothelial,MAST,Folic acid,0.0,0.0,0.5,0.6681630132484446,0.0,0.000999000999000999,0.002206206795116929,False
1391,Endothelial,MAST,Folinic acid,0.0,0.0,0.5,0.6681630132484446,0.0,0.000999000999000999,0.002206206795116929,False
1392,Endothelial,MAST,Glutathione,0.0,0.0,0.5,0.6681630132484446,0.0,0.000999000999000999,0.002206206795116929,False
1393,Endothelial,MAST,Glycerol,-0.36112252,-0.0444511092625773,0.517727588709715,0.6681630132484446,0.0,0.04895104895104895,0.06311270125223613,False
1394,Endothelial,MAST,Glycochenodeoxycholate-3-sulfate,0.0,0.0,0.5,0.6681630132484446,0.0,0.000999000999000999,0.002206206795116929,False
1395,Endothelial,MAST,Glycyl-glycine,0.0,0.0,0.5,0.6681630132484446,0.0,0.000999000999000999,0.002206206795116929,False
1396,Endothelial,MAST,Histamine,-0.59140843,-0.07279734561477616,0.5290163083766248,0.6681630132484446,0.0,0.008991008991008992,0.014633088846334503,False
1397,Endothelial,MAST,Hydroxylansoprazole,-0.36112252,-0.025663859898526476,0.5102372750104259,0.6681630132484446,0.0,0.04895104895104895,0.06311270125223613,False
1398,Endothelial,MAST,Hyodeoxycholic acid,0.0,0.0,0.5,0.6681630132484446,0.0,0.000999000999000999,0.002206206795116929,False
1399,Endothelial,MAST,Iron,-5.6123447,-0.48849190853576807,0.6873992721715739,0.7252857728606893,0.0,0.23476523476523475,0.25468426376378783,False
1400,Endothelial,MAST,Isoursodeoxycholic acid,0.0,0.0,0.5,0.6681630132484446,0.0,0.000999000999000999,0.002206206795116929,False
1401,Endothelial,MAST,Ketone bodies,0.0,0.0,0.5,0.6681630132484446,0.0,0.000999000999000999,0.002206206795116929,False
1402,Endothelial,MAST,L-Arginine,0.0,0.0,0.5,0.6681630132484446,0.0,0.000999000999000999,0.002206206795116929,False
1403,Endothelial,MAST,L-Carnitine,-1.0742913,-0.0661180619139057,0.5263580845059461,0.6681630132484446,0.0,0.008991008991008992,0.014633088846334503,False
1404,Endothelial,MAST,L-Cystine,0.0,0.0,0.5,0.6681630132484446,0.0,0.000999000999000999,0.002206206795116929,False
1405,Endothelial,MAST,L-Dopa,0.0,0.0,0.5,0.6681630132484446,0.0,0.000999000999000999,0.002206206795116929,False
1406,Endothelial,MAST,L-Glutamate,0.0,0.0,0.5,0.6681630132484446,0.0,0.000999000999000999,0.002206206795116929,False
1407,Endothelial,MAST,L-Lactate,0.0,0.0,0.5,0.6681630132484446,0.0,0.000999000999000999,0.002206206795116929,False
1408,Endothelial,MAST,L-Lysine,0.0,0.0,0.5,0.6681630132484446,0.0,0.000999000999000999,0.002206206795116929,False
1409,Endothelial,MAST,L-Ornithine,0.0,0.0,0.5,0.6681630132484446,0.0,0.000999000999000999,0.002206206795116929,False
1410,Endothelial,MAST,Lithocholic acid,0.0,0.0,0.5,0.6681630132484446,0.0,0.000999000999000999,0.002206206795116929,False
1411,Endothelial,MAST,Manganese,0.08548186,0.010522089567525324,0.4958023710497929,0.6681630132484446,0.0,0.002997002997002997,0.005910424237117464,False
1412,Endothelial,MAST,N-Desmethylcitalopram,-0.36112252,-0.0444511092625773,0.517727588709715,0.6681630132484446,0.0,0.04895104895104895,0.06311270125223613,False
1413,Endothelial,MAST,N-Desmethyleletriptan,-0.36112252,-0.0444511092625773,0.517727588709715,0.6681630132484446,0.0,0.04895104895104895,0.06311270125223613,False
1414,Endothelial,MAST,N-Desmethyltamoxifen,-0.36112252,-0.025663859898526476,0.5102372750104259,0.6681630132484446,0.0,0.04895104895104895,0.06311270125223613,False
1415,Endothelial,MAST,N-desmethylimatinib,-0.36112252,-0.02222555463128865,0.5088659835123382,0.6681630132484446,0.0,0.04895104895104895,0.06311270125223613,False
1416,Endothelial,MAST,Neurotransmitter,0.0,0.0,0.5,0.6681630132484446,0.0,0.000999000999000999,0.002206206795116929,False
1417,Endothelial,MAST,Nicotinate,11.010817,0.6061255036266607,0.27221570833053976,0.6681630132484446,20.322443,0.0989010989010989,0.1163246122512925,False
1418,Endothelial,MAST,Norepinephrine,-0.59140843,-0.07279734561477616,0.5290163083766248,0.6681630132484446,0.0,0.008991008991008992,0.014633088846334503,False
1419,Endothelial,MAST,O-Deethylated candesartan,-0.36112252,-0.0444511092625773,0.517727588709715,0.6681630132484446,0.0,0.04895104895104895,0.06311270125223613,False
1420,Endothelial,MAST,O-Desmethylverapamil (D-702),-4.437834,-0.14104361640837906,0.5560822570929034,0.6681630132484446,0.0,0.11288711288711288,0.1311716452561523,False
1421,Endothelial,MAST,Oxalic acid,12.077928,1.4866901149216953,0.0685483373391938,0.6681630132484446,20.322443,0.08691308691308691,0.10382825242332223,False
1422,Endothelial,MAST,Phosphate,0.0,0.0,0.5,0.6681630132484446,0.0,0.000999000999000999,0.002206206795116929,False
1423,Endothelial,MAST,Progesterone,-0.36112252,-0.03143168079083257,0.5125373619952666,0.6681630132484446,0.0,0.04895104895104895,0.06311270125223613,False
1424,Endothelial,MAST,Pyruvate,0.0,0.0,0.5,0.6681630132484446,0.0,0.000999000999000999,0.002206206795116929,False
1425,Endothelial,MAST,Sodium,1.1146905,0.0485106791764574,0.4806546268555444,0.6681630132484446,0.0,0.17482517482517482,0.1948437538659475,False
1426,Endothelial,MAST,Sodium_hydrogen exchange,-2.5533721,-0.1814602567907696,0.5719968371363469,0.6689061899012628,0.0,0.059940059940059943,0.07529175555276697,False
1427,Endothelial,MAST,Sulfolithocholic acid,0.0,0.0,0.5,0.6681630132484446,0.0,0.000999000999000999,0.002206206795116929,False
1428,Endothelial,MAST,Taurocholic acid,11.651951,0.39779104266348564,0.34539211025606126,0.6681630132484446,20.322443,0.14285714285714285,0.1622684805769546,False
1429,Endothelial,MAST,Testosterone,-0.36112252,-0.018147089365669573,0.5072392438778401,0.6681630132484446,0.0,0.04895104895104895,0.06311270125223613,False
1430,Endothelial,MAST,Trihydroxycoprostanoic acid,0.0,0.0,0.5,0.6681630132484446,0.0,0.000999000999000999,0.002206206795116929,False
1431,Endothelial,MAST,Urea,0.0,0.0,0.5,0.6681630132484446,0.0,0.000999000999000999,0.002206206795116929,False
1432,Endothelial,MAST,Ursocholic acid,0.0,0.0,0.5,0.6681630132484446,0.0,0.000999000999000999,0.002206206795116929,False
1433,Endothelial,MAST,Ursodeoxycholic acid,0.0,0.0,0.5,0.6681630132484446,0.0,0.000999000999000999,0.002206206795116929,False
1434,Endothelial,MAST,Ursodeoxycholic acid 3-sulfate,0.0,0.0,0.5,0.6681630132484446,0.0,0.000999000999000999,0.002206206795116929,False
1435,Endothelial,MAST,Varanic acid,0.0,0.0,0.5,0.6681630132484446,0.0,0.000999000999000999,0.002206206795116929,False
1436,Endothelial,MAST,Vitamin D3,-4.191487,-0.5159363639994459,0.6970505723582503,0.730022739374743,0.0,0.04495504495504495,0.05879193461756209,False
1437,Endothelial,MAST,Water,-1.3806677,-0.08497422203682149,0.533859057797626,0.6681630132484446,0.0,0.05094905094905095,0.06533621818595912,False
1438,Endothelial,MAST,Zinc,0.08548186,0.010522089567525324,0.4958023710497929,0.6681630132484446,0.0,0.002997002997002997,0.005910424237117464,False
1439,Endothelial,MAST,alpha-Ketoisovaleric acid,0.0,0.0,0.5,0.6681630132484446,0.0,0.000999000999000999,0.002206206795116929,False
1440,Endothelial,MNP,"(3a,5b,7a)-23-Carboxy-7-hydroxy-24-norcholan-3-yl-b-D-Glucopyranosiduronic acid",0.0,0.0,0.5,0.6681630132484446,0.0,0.000999000999000999,0.002206206795116929,False
1441,Endothelial,MNP,17a-Ethynylestradiol,-5.767495,-0.5097793668496957,0.6948969787540226,0.728427781389408,0.0,0.027972027972027972,0.038684125692706815,False
1442,Endothelial,MNP,"1b,3a,12a-Trihydroxy-5b-cholanoic acid",0.0,0.0,0.5,0.6681630132484446,0.0,0.000999000999000999,0.002206206795116929,False
1443,Endothelial,MNP,2-Hydroxychlorpropamide,-5.390102,-0.27506248625443663,0.6083658840421473,0.6829858379052035,0.0,0.04395604395604396,0.05771416912000467,False
1444,Endothelial,MNP,25-Hydroxycholesterol,-12.779577,-1.1295657172354938,0.8706703682047143,0.8723067300359506,0.0,0.6613386613386614,0.6715131022823331,False
1445,Endothelial,MNP,"3',4'-Dihydrodiol",-5.767495,-0.5097793668496957,0.6948969787540226,0.728427781389408,0.0,0.027972027972027972,0.038684125692706815,False
1446,Endothelial,MNP,3-Sulfodeoxycholic acid,0.0,0.0,0.5,0.6681630132484446,0.0,0.000999000999000999,0.002206206795116929,False
1447,Endothelial,MNP,"3alpha,7alpha-Dihydroxycoprostanic acid",0.0,0.0,0.5,0.6681630132484446,0.0,0.000999000999000999,0.002206206795116929,False
1448,Endothelial,MNP,3b-Hydroxy-5-cholenoic acid,0.0,0.0,0.5,0.6681630132484446,0.0,0.000999000999000999,0.002206206795116929,False
1449,Endothelial,MNP,4'-Hydroxydiclofenac,-5.767495,-0.5097793668496957,0.6948969787540226,0.728427781389408,0.0,0.027972027972027972,0.038684125692706815,False
1450,Endothelial,MNP,4-Hydroxycyclophosphamide,-5.767495,-0.5097793668496957,0.6948969787540226,0.728427781389408,0.0,0.027972027972027972,0.038684125692706815,False
1451,Endothelial,MNP,4-ene-Valproic acid,-1.8724748,-0.09555432897485254,0.5380627303267973,0.6681630132484446,0.0,0.016983016983016984,0.025342874180083484,False
1452,Endothelial,MNP,5-Hydroxyomeprazole,-4.281934,-0.15451097644528056,0.5613965714020769,0.6681630132484446,0.0,0.06293706293706294,0.07857212144727908,False
1453,Endothelial,MNP,8-Hydroxycarvedilol,-5.767495,-0.5097793668496957,0.6948969787540226,0.728427781389408,0.0,0.027972027972027972,0.038684125692706815,False
1454,Endothelial,MNP,Acetate,30.449175,1.5538529488994846,0.06010974855792838,0.6681630132484446,99.16885,0.04095904095904096,0.05409684654967674,False
1455,Endothelial,MNP,Acetyl-L-Carnitine,0.34402233,0.030407565622965246,0.4878710055762807,0.6681630132484446,0.0,0.003996003996003996,0.007468259895444362,False
1456,Endothelial,MNP,Adenosine diphosphate ribose,-2.0704637,-0.18300486154163723,0.5726028979598198,0.6691632517473104,0.0,0.028971028971028972,0.03983516483516483,False
1457,Endothelial,MNP,Adenosine triphosphate,-5.832039,-0.5154842799704333,0.696892674089041,0.7299676891531218,0.0,0.3356643356643357,0.3540569020021075,False
1458,Endothelial,MNP,Amiloride-sensitive sodium transport,0.50517726,0.04465178323186625,0.48219243337023343,0.6681630132484446,0.0,0.002997002997002997,0.005910424237117464,False
1459,Endothelial,MNP,Anion exchange,-11.073125,-0.5650730380777943,0.7139879567672692,0.7408199641259434,0.0,0.08191808191808192,0.0985576923076923,False
1460,Endothelial,MNP,Butyrate,-1.7199749,-0.15202573723765966,0.5604166818969907,0.6681630132484446,0.0,0.011988011988011988,0.01879993733354222,False
1461,Endothelial,MNP,Cadmium,-4.5977354,-0.40638623536931684,0.6577705841002565,0.7044571251593916,0.0,0.00999000999000999,0.01593343365495264,False
1462,Endothelial,MNP,Chenodeoxycholic acid,0.0,0.0,0.5,0.6681630132484446,0.0,0.000999000999000999,0.002206206795116929,False
1463,Endothelial,MNP,Chenodeoxycholic acid 3-sulfate,0.0,0.0,0.5,0.6681630132484446,0.0,0.000999000999000999,0.002206206795116929,False
1464,Endothelial,MNP,Chloride,0.18321742,0.016194285117960255,0.4935396973411103,0.6681630132484446,0.0,0.03796203796203796,0.050494610955263544,False
1465,Endothelial,MNP,Chloride ion,-1.6210308,-0.1432802345615128,0.5569655673509469,0.6681630132484446,0.0,0.007992007992007992,0.01321828529465761,False
1466,Endothelial,MNP,Cholesterol,-0.6568551,-0.029029168747484648,0.5115793364518462,0.6681630132484446,92.03082,0.011988011988011988,0.01879993733354222,True
1467,Endothelial,MNP,Cholic acid,-5.012709,-0.2558037421643788,0.6009488079003976,0.6784719525784709,0.0,0.059940059940059943,0.07529175555276697,False
1468,Endothelial,MNP,Choline,0.34402233,0.030407565622965246,0.4878710055762807,0.6681630132484446,0.0,0.003996003996003996,0.007468259895444362,False
1469,Endothelial,MNP,Citric acid,11.008461,0.9730196778114801,0.16527176111407993,0.6681630132484446,57.37428,0.17482517482517482,0.1948437538659475,False
1470,Endothelial,MNP,Coprocholic acid,0.0,0.0,0.5,0.6681630132484446,0.0,0.000999000999000999,0.002206206795116929,False
1471,Endothelial,MNP,Cortisol,-5.03672,-0.2570290309380357,0.6014218188585205,0.6784719525784709,0.0,0.030969030969030968,0.04197445425687162,False
1472,Endothelial,MNP,Creatine,0.34402233,0.030407565622965246,0.4878710055762807,0.6681630132484446,0.0,0.003996003996003996,0.007468259895444362,False
1473,Endothelial,MNP,D-Lactate,-1.7199749,-0.15202573723765966,0.5604166818969907,0.6681630132484446,0.0,0.011988011988011988,0.01879993733354222,False
1474,Endothelial,MNP,Deoxycholic acid,0.0,0.0,0.5,0.6681630132484446,0.0,0.000999000999000999,0.002206206795116929,False
1475,Endothelial,MNP,Dopamine,0.34402233,0.030407565622965246,0.4878710055762807,0.6681630132484446,0.0,0.003996003996003996,0.007468259895444362,False
1476,Endothelial,MNP,E-3179,-5.767495,-0.5097793668496957,0.6948969787540226,0.728427781389408,0.0,0.027972027972027972,0.038684125692706815,False
1477,Endothelial,MNP,Estradiol,6.726527,0.2658893342438236,0.3951622197811647,0.6681630132484446,57.37428,0.1848151848151848,0.2051199921155078,False
1478,Endothelial,MNP,Estriol,-5.767495,-0.5097793668496957,0.6948969787540226,0.728427781389408,0.0,0.027972027972027972,0.038684125692706815,False
1479,Endothelial,MNP,Fatty acid,14.355434,0.567448369514785,0.2852047976207158,0.6681630132484446,245.82501,0.029970029970029972,0.041029693341032736,True
1480,Endothelial,MNP,Folic acid,0.3533822,0.018033459878931134,0.4928060803117363,0.6681630132484446,0.0,0.003996003996003996,0.007468259895444362,False
1481,Endothelial,MNP,Folinic acid,0.0,0.0,0.5,0.6681630132484446,0.0,0.000999000999000999,0.002206206795116929,False
1482,Endothelial,MNP,Glutathione,0.0,0.0,0.5,0.6681630132484446,0.0,0.000999000999000999,0.002206206795116929,False
1483,Endothelial,MNP,Glycerol,-5.767495,-0.5097793668496957,0.6948969787540226,0.728427781389408,0.0,0.027972027972027972,0.038684125692706815,False
1484,Endothelial,MNP,Glycochenodeoxycholate-3-sulfate,0.0,0.0,0.5,0.6681630132484446,0.0,0.000999000999000999,0.002206206795116929,False
1485,Endothelial,MNP,Glycyl-glycine,0.0,0.0,0.5,0.6681630132484446,0.0,0.000999000999000999,0.002206206795116929,False
1486,Endothelial,MNP,Histamine,0.34402233,0.030407565622965246,0.4878710055762807,0.6681630132484446,0.0,0.003996003996003996,0.007468259895444362,False
1487,Endothelial,MNP,Hydroxylansoprazole,-5.03672,-0.2570290309380357,0.6014218188585205,0.6784719525784709,0.0,0.030969030969030968,0.04197445425687162,False
1488,Endothelial,MNP,Hyodeoxycholic acid,0.0,0.0,0.5,0.6681630132484446,0.0,0.000999000999000999,0.002206206795116929,False
1489,Endothelial,MNP,Iron,14.647521,0.9154700636863708,0.1799724556602702,0.6681630132484446,172.00552,0.17782217782217782,0.19799288115483488,False
1490,Endothelial,MNP,Isoursodeoxycholic acid,0.0,0.0,0.5,0.6681630132484446,0.0,0.000999000999000999,0.002206206795116929,False
1491,Endothelial,MNP,Ketone bodies,-1.7199749,-0.15202573723765966,0.5604166818969907,0.6681630132484446,0.0,0.011988011988011988,0.01879993733354222,False
1492,Endothelial,MNP,L-Arginine,0.0,0.0,0.5,0.6681630132484446,0.0,0.000999000999000999,0.002206206795116929,False
1493,Endothelial,MNP,L-Carnitine,0.8491996,0.03752967442741575,0.4850313400178692,0.6681630132484446,0.0,0.005994005994005994,0.010452557005148853,False
1494,Endothelial,MNP,L-Cystine,0.0,0.0,0.5,0.6681630132484446,0.0,0.000999000999000999,0.002206206795116929,False
1495,Endothelial,MNP,L-Dopa,0.0,0.0,0.5,0.6681630132484446,0.0,0.000999000999000999,0.002206206795116929,False
1496,Endothelial,MNP,L-Glutamate,-2.2164972,-0.13853107392787933,0.5550896435391586,0.6681630132484446,0.0,0.016983016983016984,0.025342874180083484,False
1497,Endothelial,MNP,L-Lactate,-1.7199749,-0.15202573723765966,0.5604166818969907,0.6681630132484446,0.0,0.011988011988011988,0.01879993733354222,False
1498,Endothelial,MNP,L-Lysine,0.0,0.0,0.5,0.6681630132484446,0.0,0.000999000999000999,0.002206206795116929,False
1499,Endothelial,MNP,L-Ornithine,0.0,0.0,0.5,0.6681630132484446,0.0,0.000999000999000999,0.002206206795116929,False
1500,Endothelial,MNP,Lithocholic acid,0.0,0.0,0.5,0.6681630132484446,0.0,0.000999000999000999,0.002206206795116929,False
1501,Endothelial,MNP,Manganese,-4.5977354,-0.40638623536931684,0.6577705841002565,0.7044571251593916,0.0,0.00999000999000999,0.01593343365495264,False
1502,Endothelial,MNP,N-Desmethylcitalopram,-5.767495,-0.5097793668496957,0.6948969787540226,0.728427781389408,0.0,0.027972027972027972,0.038684125692706815,False
1503,Endothelial,MNP,N-Desmethyleletriptan,-5.767495,-0.5097793668496957,0.6948969787540226,0.728427781389408,0.0,0.027972027972027972,0.038684125692706815,False
1504,Endothelial,MNP,N-Desmethyltamoxifen,-5.03672,-0.2570290309380357,0.6014218188585205,0.6784719525784709,0.0,0.030969030969030968,0.04197445425687162,False
1505,Endothelial,MNP,N-desmethylimatinib,-4.281934,-0.18923652597506396,0.5750462793848219,0.6704074660650166,0.0,0.07692307692307693,0.09348946388581605,False
1506,Endothelial,MNP,Neurotransmitter,-1.7583494,-0.15541759970198302,0.5617539449040627,0.6681630132484446,0.0,0.001998001998001998,0.00412210593812261,False
1507,Endothelial,MNP,Nicotinate,30.296675,1.1975812208873353,0.11554004524689165,0.6681630132484446,99.16885,0.04095904095904096,0.05409684654967674,False
1508,Endothelial,MNP,Norepinephrine,0.34402233,0.030407565622965246,0.4878710055762807,0.6681630132484446,0.0,0.003996003996003996,0.007468259895444362,False
1509,Endothelial,MNP,O-Deethylated candesartan,-5.767495,-0.5097793668496957,0.6948969787540226,0.728427781389408,0.0,0.027972027972027972,0.038684125692706815,False
1510,Endothelial,MNP,O-Desmethylverapamil (D-702),-0.61100364,-0.013944186453104038,0.5055627452710169,0.6681630132484446,0.0,0.15984015984015984,0.1796452007285611,False
1511,Endothelial,MNP,Oxalic acid,11.008461,0.9730196778114801,0.16527176111407993,0.6681630132484446,57.37428,0.17482517482517482,0.1948437538659475,False
1512,Endothelial,MNP,Phosphate,-3.663942,-0.32384978797591774,0.6269741198435286,0.6869455573937792,0.0,0.015984015984015984,0.024033245990286563,False
1513,Endothelial,MNP,Progesterone,-5.012709,-0.31329432129859924,0.6229714679584232,0.6861812576258235,0.0,0.07392607392607392,0.09030630923809137,False
1514,Endothelial,MNP,Pyruvate,-1.7199749,-0.15202573723765966,0.5604166818969907,0.6681630132484446,0.0,0.011988011988011988,0.01879993733354222,False
1515,Endothelial,MNP,Sodium,-6.4516726,-0.20161476731300354,0.5798910501726086,0.6730233975930078,15.010288,0.26573426573426573,0.2850237519793316,False
1516,Endothelial,MNP,Sodium_hydrogen exchange,-0.459741,-0.02346105947755513,0.5093587500181577,0.6681630132484446,0.0,0.04695304695304695,0.061162521688837485,False
1517,Endothelial,MNP,Sulfolithocholic acid,0.0,0.0,0.5,0.6681630132484446,0.0,0.000999000999000999,0.002206206795116929,False
1518,Endothelial,MNP,Taurocholic acid,26.009804,0.6376177739327298,0.26186126137188004,0.6681630132484446,99.16885,0.054945054945054944,0.06980187548473525,False
1519,Endothelial,MNP,Testosterone,-3.2484617,-0.11721876565096292,0.5466566517035429,0.6681630132484446,0.0,0.0989010989010989,0.1163246122512925,False
1520,Endothelial,MNP,Trihydroxycoprostanoic acid,0.0,0.0,0.5,0.6681630132484446,0.0,0.000999000999000999,0.002206206795116929,False
1521,Endothelial,MNP,Urea,0.0,0.0,0.5,0.6681630132484446,0.0,0.000999000999000999,0.002206206795116929,False
1522,Endothelial,MNP,Ursocholic acid,0.0,0.0,0.5,0.6681630132484446,0.0,0.000999000999000999,0.002206206795116929,False
1523,Endothelial,MNP,Ursodeoxycholic acid,0.0,0.0,0.5,0.6681630132484446,0.0,0.000999000999000999,0.002206206795116929,False
1524,Endothelial,MNP,Ursodeoxycholic acid 3-sulfate,0.0,0.0,0.5,0.6681630132484446,0.0,0.000999000999000999,0.002206206795116929,False
1525,Endothelial,MNP,Varanic acid,0.0,0.0,0.5,0.6681630132484446,0.0,0.000999000999000999,0.002206206795116929,False
1526,Endothelial,MNP,Vitamin D3,4.3798647,0.3871290031099013,0.34933035352524566,0.6681630132484446,92.03082,0.011988011988011988,0.01879993733354222,True
1527,Endothelial,MNP,Water,-0.027549416,-0.001217523671803531,0.5004857215500693,0.6681630132484446,0.0,0.07992007992007992,0.09638812284130766,False
1528,Endothelial,MNP,Zinc,-4.5977354,-0.40638623536931684,0.6577705841002565,0.7044571251593916,0.0,0.00999000999000999,0.01593343365495264,False
1529,Endothelial,MNP,alpha-Ketoisovaleric acid,-1.7199749,-0.15202573723765966,0.5604166818969907,0.6681630132484446,0.0,0.011988011988011988,0.01879993733354222,False
1530,Endothelial,Muscularis_mucosa,"(3a,5b,7a)-23-Carboxy-7-hydroxy-24-norcholan-3-yl-b-D-Glucopyranosiduronic acid",0.0,0.0,0.5,0.6681630132484446,0.0,0.000999000999000999,0.002206206795116929,False
1531,Endothelial,Muscularis_mucosa,17a-Ethynylestradiol,0.0,0.0,0.5,0.6681630132484446,0.0,0.000999000999000999,0.002206206795116929,False
1532,Endothelial,Muscularis_mucosa,"1b,3a,12a-Trihydroxy-5b-cholanoic acid",0.0,0.0,0.5,0.6681630132484446,0.0,0.000999000999000999,0.002206206795116929,False
1533,Endothelial,Muscularis_mucosa,2-Hydroxychlorpropamide,0.0,0.0,0.5,0.6681630132484446,0.0,0.000999000999000999,0.002206206795116929,False
1534,Endothelial,Muscularis_mucosa,25-Hydroxycholesterol,-0.2909106,-0.04989075658008388,0.5198952783437614,0.6681630132484446,0.0,0.00999000999000999,0.01593343365495264,False
1535,Endothelial,Muscularis_mucosa,"3',4'-Dihydrodiol",0.0,0.0,0.5,0.6681630132484446,0.0,0.000999000999000999,0.002206206795116929,False
1536,Endothelial,Muscularis_mucosa,3-Sulfodeoxycholic acid,0.0,0.0,0.5,0.6681630132484446,0.0,0.000999000999000999,0.002206206795116929,False
1537,Endothelial,Muscularis_mucosa,"3alpha,7alpha-Dihydroxycoprostanic acid",0.0,0.0,0.5,0.6681630132484446,0.0,0.000999000999000999,0.002206206795116929,False
1538,Endothelial,Muscularis_mucosa,3b-Hydroxy-5-cholenoic acid,0.0,0.0,0.5,0.6681630132484446,0.0,0.000999000999000999,0.002206206795116929,False
1539,Endothelial,Muscularis_mucosa,4'-Hydroxydiclofenac,0.0,0.0,0.5,0.6681630132484446,0.0,0.000999000999000999,0.002206206795116929,False
1540,Endothelial,Muscularis_mucosa,4-Hydroxycyclophosphamide,0.0,0.0,0.5,0.6681630132484446,0.0,0.000999000999000999,0.002206206795116929,False
1541,Endothelial,Muscularis_mucosa,4-ene-Valproic acid,0.18584704,0.018401599397725454,0.4926592382623047,0.6681630132484446,0.0,0.002997002997002997,0.005910424237117464,False
1542,Endothelial,Muscularis_mucosa,5-Hydroxyomeprazole,0.09126725,0.006389985658435704,0.49745078189794656,0.6681630132484446,0.0,0.04995004995004995,0.06423340993762222,False
1543,Endothelial,Muscularis_mucosa,8-Hydroxycarvedilol,0.0,0.0,0.5,0.6681630132484446,0.0,0.000999000999000999,0.002206206795116929,False
1544,Endothelial,Muscularis_mucosa,Acetate,0.7366415,0.07293837972435274,0.47092757633046467,0.6681630132484446,0.0,0.01898101898101898,0.02770980862407026,False
1545,Endothelial,Muscularis_mucosa,Acetyl-L-Carnitine,0.0,0.0,0.5,0.6681630132484446,0.0,0.000999000999000999,0.002206206795116929,False
1546,Endothelial,Muscularis_mucosa,Adenosine diphosphate ribose,-0.5397062,-0.09255884464353795,0.5368729797245009,0.6681630132484446,0.0,0.008991008991008992,0.014633088846334503,False
1547,Endothelial,Muscularis_mucosa,Adenosine triphosphate,-0.55489445,-0.09516361261995661,0.5379075641492976,0.6681630132484446,0.0,0.05094905094905095,0.06533621818595912,False
1548,Endothelial,Muscularis_mucosa,Amiloride-sensitive sodium transport,0.0,0.0,0.5,0.6681630132484446,0.0,0.000999000999000999,0.002206206795116929,False
1549,Endothelial,Muscularis_mucosa,Anion exchange,-0.9774147,-0.09677847906171866,0.5385488425415719,0.6681630132484446,0.0,0.022977022977022976,0.032529268484324664,False
1550,Endothelial,Muscularis_mucosa,Butyrate,0.18584704,0.031872505097389335,0.4872868626248196,0.6681630132484446,0.0,0.002997002997002997,0.005910424237117464,False
1551,Endothelial,Muscularis_mucosa,Cadmium,0.15166284,0.02600996272552354,0.48962469601723974,0.6681630132484446,0.0,0.001998001998001998,0.00412210593812261,False
1552,Endothelial,Muscularis_mucosa,Chenodeoxycholic acid,0.0,0.0,0.5,0.6681630132484446,0.0,0.000999000999000999,0.002206206795116929,False
1553,Endothelial,Muscularis_mucosa,Chenodeoxycholic acid 3-sulfate,0.0,0.0,0.5,0.6681630132484446,0.0,0.000999000999000999,0.002206206795116929,False
1554,Endothelial,Muscularis_mucosa,Chloride,0.5273199,0.09043461816384613,0.46397092403575435,0.6681630132484446,0.0,0.017982017982017984,0.02639038217183071,False
1555,Endothelial,Muscularis_mucosa,Chloride ion,0.4154614,0.07125104077394871,0.47159897997081074,0.6681630132484446,0.0,0.03696303696303696,0.04934576115466117,False
1556,Endothelial,Muscularis_mucosa,Cholesterol,-0.838726,-0.07192015979740637,0.5286672768023891,0.6681630132484446,0.0,0.07092907092907093,0.08678292046936115,False
1557,Endothelial,Muscularis_mucosa,Cholic acid,0.09126725,0.009036804381529344,0.49639488572046647,0.6681630132484446,0.0,0.04995004995004995,0.06423340993762222,False
1558,Endothelial,Muscularis_mucosa,Choline,0.0,0.0,0.5,0.6681630132484446,0.0,0.000999000999000999,0.002206206795116929,False
1559,Endothelial,Muscularis_mucosa,Citric acid,0.36494747,0.06258797442060804,0.47504730283249835,0.6681630132484446,0.0,0.013986013986013986,0.02125506072874494,False
1560,Endothelial,Muscularis_mucosa,Coprocholic acid,0.0,0.0,0.5,0.6681630132484446,0.0,0.000999000999000999,0.002206206795116929,False
1561,Endothelial,Muscularis_mucosa,Cortisol,0.0,0.0,0.5,0.6681630132484446,0.0,0.000999000999000999,0.002206206795116929,False
1562,Endothelial,Muscularis_mucosa,Creatine,0.0,0.0,0.5,0.6681630132484446,0.0,0.000999000999000999,0.002206206795116929,False
1563,Endothelial,Muscularis_mucosa,D-Lactate,0.18584704,0.031872505097389335,0.4872868626248196,0.6681630132484446,0.0,0.002997002997002997,0.005910424237117464,False
1564,Endothelial,Muscularis_mucosa,Deoxycholic acid,0.0,0.0,0.5,0.6681630132484446,0.0,0.000999000999000999,0.002206206795116929,False
1565,Endothelial,Muscularis_mucosa,Dopamine,0.0,0.0,0.5,0.6681630132484446,0.0,0.000999000999000999,0.002206206795116929,False
1566,Endothelial,Muscularis_mucosa,E-3179,0.0,0.0,0.5,0.6681630132484446,0.0,0.000999000999000999,0.002206206795116929,False
1567,Endothelial,Muscularis_mucosa,Estradiol,0.36494747,0.02799019307569952,0.4888349864378726,0.6681630132484446,0.0,0.013986013986013986,0.02125506072874494,False
1568,Endothelial,Muscularis_mucosa,Estriol,0.0,0.0,0.5,0.6681630132484446,0.0,0.000999000999000999,0.002206206795116929,False
1569,Endothelial,Muscularis_mucosa,Fatty acid,-2.6109629,-0.2002517106734666,0.5793581365803814,0.6727966425845593,0.0,0.5044955044955045,0.5199514940740402,False
1570,Endothelial,Muscularis_mucosa,Folic acid,0.0,0.0,0.5,0.6681630132484446,0.0,0.000999000999000999,0.002206206795116929,False
1571,Endothelial,Muscularis_mucosa,Folinic acid,0.0,0.0,0.5,0.6681630132484446,0.0,0.000999000999000999,0.002206206795116929,False
1572,Endothelial,Muscularis_mucosa,Glutathione,0.0,0.0,0.5,0.6681630132484446,0.0,0.000999000999000999,0.002206206795116929,False
1573,Endothelial,Muscularis_mucosa,Glycerol,0.0,0.0,0.5,0.6681630132484446,0.0,0.000999000999000999,0.002206206795116929,False
1574,Endothelial,Muscularis_mucosa,Glycochenodeoxycholate-3-sulfate,0.0,0.0,0.5,0.6681630132484446,0.0,0.000999000999000999,0.002206206795116929,False
1575,Endothelial,Muscularis_mucosa,Glycyl-glycine,0.0,0.0,0.5,0.6681630132484446,0.0,0.000999000999000999,0.002206206795116929,False
1576,Endothelial,Muscularis_mucosa,Histamine,0.0,0.0,0.5,0.6681630132484446,0.0,0.000999000999000999,0.002206206795116929,False
1577,Endothelial,Muscularis_mucosa,Hydroxylansoprazole,0.0,0.0,0.5,0.6681630132484446,0.0,0.000999000999000999,0.002206206795116929,False
1578,Endothelial,Muscularis_mucosa,Hyodeoxycholic acid,0.0,0.0,0.5,0.6681630132484446,0.0,0.000999000999000999,0.002206206795116929,False
1579,Endothelial,Muscularis_mucosa,Iron,1.3617895,0.16514122952483895,0.434416411011926,0.6681630132484446,0.0,0.07992007992007992,0.09638812284130766,False
1580,Endothelial,Muscularis_mucosa,Isoursodeoxycholic acid,0.0,0.0,0.5,0.6681630132484446,0.0,0.000999000999000999,0.002206206795116929,False
1581,Endothelial,Muscularis_mucosa,Ketone bodies,0.18584704,0.031872505097389335,0.4872868626248196,0.6681630132484446,0.0,0.002997002997002997,0.005910424237117464,False
1582,Endothelial,Muscularis_mucosa,L-Arginine,0.0,0.0,0.5,0.6681630132484446,0.0,0.000999000999000999,0.002206206795116929,False
1583,Endothelial,Muscularis_mucosa,L-Carnitine,0.0,0.0,0.5,0.6681630132484446,0.0,0.000999000999000999,0.002206206795116929,False
1584,Endothelial,Muscularis_mucosa,L-Cystine,0.0,0.0,0.5,0.6681630132484446,0.0,0.000999000999000999,0.002206206795116929,False
1585,Endothelial,Muscularis_mucosa,L-Dopa,0.0,0.0,0.5,0.6681630132484446,0.0,0.000999000999000999,0.002206206795116929,False
1586,Endothelial,Muscularis_mucosa,L-Glutamate,0.18584704,0.022537264487766804,0.4910096933895268,0.6681630132484446,0.0,0.002997002997002997,0.005910424237117464,False
1587,Endothelial,Muscularis_mucosa,L-Lactate,0.18584704,0.031872505097389335,0.4872868626248196,0.6681630132484446,0.0,0.002997002997002997,0.005910424237117464,False
1588,Endothelial,Muscularis_mucosa,L-Lysine,0.0,0.0,0.5,0.6681630132484446,0.0,0.000999000999000999,0.002206206795116929,False
1589,Endothelial,Muscularis_mucosa,L-Ornithine,0.0,0.0,0.5,0.6681630132484446,0.0,0.000999000999000999,0.002206206795116929,False
1590,Endothelial,Muscularis_mucosa,Lithocholic acid,0.0,0.0,0.5,0.6681630132484446,0.0,0.000999000999000999,0.002206206795116929,False
1591,Endothelial,Muscularis_mucosa,Manganese,0.15166284,0.02600996272552354,0.48962469601723974,0.6681630132484446,0.0,0.001998001998001998,0.00412210593812261,False
1592,Endothelial,Muscularis_mucosa,N-Desmethylcitalopram,0.0,0.0,0.5,0.6681630132484446,0.0,0.000999000999000999,0.002206206795116929,False
1593,Endothelial,Muscularis_mucosa,N-Desmethyleletriptan,0.0,0.0,0.5,0.6681630132484446,0.0,0.000999000999000999,0.002206206795116929,False
1594,Endothelial,Muscularis_mucosa,N-Desmethyltamoxifen,0.0,0.0,0.5,0.6681630132484446,0.0,0.000999000999000999,0.002206206795116929,False
1595,Endothelial,Muscularis_mucosa,N-desmethylimatinib,0.0,0.0,0.5,0.6681630132484446,0.0,0.000999000999000999,0.002206206795116929,False
1596,Endothelial,Muscularis_mucosa,Neurotransmitter,0.0,0.0,0.5,0.6681630132484446,0.0,0.000999000999000999,0.002206206795116929,False
1597,Endothelial,Muscularis_mucosa,Nicotinate,0.7366415,0.056497825994354184,0.4774726136829602,0.6681630132484446,0.0,0.01898101898101898,0.02770980862407026,False
1598,Endothelial,Muscularis_mucosa,Norepinephrine,0.0,0.0,0.5,0.6681630132484446,0.0,0.000999000999000999,0.002206206795116929,False
1599,Endothelial,Muscularis_mucosa,O-Deethylated candesartan,0.0,0.0,0.5,0.6681630132484446,0.0,0.000999000999000999,0.002206206795116929,False
1600,Endothelial,Muscularis_mucosa,O-Desmethylverapamil (D-702),0.09126725,0.004041381779293512,0.498387726325812,0.6681630132484446,0.0,0.04995004995004995,0.06423340993762222,False
1601,Endothelial,Muscularis_mucosa,Oxalic acid,0.36494747,0.06258797442060804,0.47504730283249835,0.6681630132484446,0.0,0.013986013986013986,0.02125506072874494,False
1602,Endothelial,Muscularis_mucosa,Phosphate,0.0,0.0,0.5,0.6681630132484446,0.0,0.000999000999000999,0.002206206795116929,False
1603,Endothelial,Muscularis_mucosa,Progesterone,0.0,0.0,0.5,0.6681630132484446,0.0,0.000999000999000999,0.002206206795116929,False
1604,Endothelial,Muscularis_mucosa,Pyruvate,0.18584704,0.031872505097389335,0.4872868626248196,0.6681630132484446,0.0,0.002997002997002997,0.005910424237117464,False
1605,Endothelial,Muscularis_mucosa,Sodium,1.9424896,0.11778073377227896,0.4531206977507174,0.6681630132484446,0.0,0.13386613386613386,0.15255588023224922,False
1606,Endothelial,Muscularis_mucosa,Sodium_hydrogen exchange,-0.32865313,-0.03254150861461263,0.5129798927715574,0.6681630132484446,0.0,0.014985014985014986,0.022683738280068557,False
1607,Endothelial,Muscularis_mucosa,Sulfolithocholic acid,0.0,0.0,0.5,0.6681630132484446,0.0,0.000999000999000999,0.002206206795116929,False
1608,Endothelial,Muscularis_mucosa,Taurocholic acid,0.8962243,0.042629043687460434,0.4829986215069186,0.6681630132484446,0.0,0.08291708291708291,0.09962125253387388,False
1609,Endothelial,Muscularis_mucosa,Testosterone,0.0,0.0,0.5,0.6681630132484446,0.0,0.000999000999000999,0.002206206795116929,False
1610,Endothelial,Muscularis_mucosa,Trihydroxycoprostanoic acid,0.0,0.0,0.5,0.6681630132484446,0.0,0.000999000999000999,0.002206206795116929,False
1611,Endothelial,Muscularis_mucosa,Urea,0.0,0.0,0.5,0.6681630132484446,0.0,0.000999000999000999,0.002206206795116929,False
1612,Endothelial,Muscularis_mucosa,Ursocholic acid,0.0,0.0,0.5,0.6681630132484446,0.0,0.000999000999000999,0.002206206795116929,False
1613,Endothelial,Muscularis_mucosa,Ursodeoxycholic acid,0.0,0.0,0.5,0.6681630132484446,0.0,0.000999000999000999,0.002206206795116929,False
1614,Endothelial,Muscularis_mucosa,Ursodeoxycholic acid 3-sulfate,0.0,0.0,0.5,0.6681630132484446,0.0,0.000999000999000999,0.002206206795116929,False
1615,Endothelial,Muscularis_mucosa,Varanic acid,0.0,0.0,0.5,0.6681630132484446,0.0,0.000999000999000999,0.002206206795116929,False
1616,Endothelial,Muscularis_mucosa,Vitamin D3,-0.838726,-0.14384031959481275,0.5571867182555591,0.6681630132484446,0.0,0.07092907092907093,0.08678292046936115,False
1617,Endothelial,Muscularis_mucosa,Water,0.3907643,0.03350776194880676,0.48663483808450253,0.6681630132484446,0.0,0.013986013986013986,0.02125506072874494,False
1618,Endothelial,Muscularis_mucosa,Zinc,0.15166284,0.02600996272552354,0.48962469601723974,0.6681630132484446,0.0,0.001998001998001998,0.00412210593812261,False
1619,Endothelial,Muscularis_mucosa,alpha-Ketoisovaleric acid,0.18584704,0.031872505097389335,0.4872868626248196,0.6681630132484446,0.0,0.002997002997002997,0.005910424237117464,False
1620,Endothelial,Myofibroblast,"(3a,5b,7a)-23-Carboxy-7-hydroxy-24-norcholan-3-yl-b-D-Glucopyranosiduronic acid",0.0,0.0,0.5,0.6681630132484446,0.0,0.000999000999000999,0.002206206795116929,False
1621,Endothelial,Myofibroblast,17a-Ethynylestradiol,0.0,0.0,0.5,0.6681630132484446,0.0,0.000999000999000999,0.002206206795116929,False
1622,Endothelial,Myofibroblast,"1b,3a,12a-Trihydroxy-5b-cholanoic acid",0.0,0.0,0.5,0.6681630132484446,0.0,0.000999000999000999,0.002206206795116929,False
1623,Endothelial,Myofibroblast,2-Hydroxychlorpropamide,0.0,0.0,0.5,0.6681630132484446,0.0,0.000999000999000999,0.002206206795116929,False
1624,Endothelial,Myofibroblast,25-Hydroxycholesterol,0.68788767,0.09111294750994765,0.46370142240559376,0.6681630132484446,0.0,0.14185814185814186,0.1613982799338242,False
1625,Endothelial,Myofibroblast,"3',4'-Dihydrodiol",0.0,0.0,0.5,0.6681630132484446,0.0,0.000999000999000999,0.002206206795116929,False
1626,Endothelial,Myofibroblast,3-Sulfodeoxycholic acid,0.0,0.0,0.5,0.6681630132484446,0.0,0.000999000999000999,0.002206206795116929,False
1627,Endothelial,Myofibroblast,"3alpha,7alpha-Dihydroxycoprostanic acid",0.0,0.0,0.5,0.6681630132484446,0.0,0.000999000999000999,0.002206206795116929,False
1628,Endothelial,Myofibroblast,3b-Hydroxy-5-cholenoic acid,0.0,0.0,0.5,0.6681630132484446,0.0,0.000999000999000999,0.002206206795116929,False
1629,Endothelial,Myofibroblast,4'-Hydroxydiclofenac,0.0,0.0,0.5,0.6681630132484446,0.0,0.000999000999000999,0.002206206795116929,False
1630,Endothelial,Myofibroblast,4-Hydroxycyclophosphamide,0.0,0.0,0.5,0.6681630132484446,0.0,0.000999000999000999,0.002206206795116929,False
1631,Endothelial,Myofibroblast,4-ene-Valproic acid,-1.6078773,-0.12295744677056965,0.5489296026225668,0.6681630132484446,0.0,0.007992007992007992,0.01321828529465761,False
1632,Endothelial,Myofibroblast,5-Hydroxyomeprazole,0.0,0.0,0.5,0.6681630132484446,0.0,0.000999000999000999,0.002206206795116929,False
1633,Endothelial,Myofibroblast,8-Hydroxycarvedilol,0.0,0.0,0.5,0.6681630132484446,0.0,0.000999000999000999,0.002206206795116929,False
1634,Endothelial,Myofibroblast,Acetate,-2.2412379,-0.1713917442477581,0.5680421270652848,0.6681630132484446,0.0,0.1258741258741259,0.1444935716925116,False
1635,Endothelial,Myofibroblast,Acetyl-L-Carnitine,-0.8039386,-0.1064842724877862,0.5424009334023684,0.6681630132484446,0.0,0.003996003996003996,0.007468259895444362,False
1636,Endothelial,Myofibroblast,Adenosine diphosphate ribose,0.17955054,0.023782050449829284,0.4905132288333904,0.6681630132484446,0.0,0.002997002997002997,0.005910424237117464,False
1637,Endothelial,Myofibroblast,Adenosine triphosphate,0.832677,0.11029076383866891,0.45608939098348245,0.6681630132484446,0.0,0.15384615384615385,0.17386722866174922,False
1638,Endothelial,Myofibroblast,Amiloride-sensitive sodium transport,0.0,0.0,0.5,0.6681630132484446,0.0,0.000999000999000999,0.002206206795116929,False
1639,Endothelial,Myofibroblast,Anion exchange,-1.0213978,-0.07810824417554392,0.5311290253358005,0.6681630132484446,0.0,0.02097902097902098,0.030000952411187658,False
1640,Endothelial,Myofibroblast,Butyrate,0.0,0.0,0.5,0.6681630132484446,0.0,0.000999000999000999,0.002206206795116929,False
1641,Endothelial,Myofibroblast,Cadmium,0.12687665,0.016805223124896667,0.4932960015175917,0.6681630132484446,0.0,0.001998001998001998,0.00412210593812261,False
1642,Endothelial,Myofibroblast,Chenodeoxycholic acid,0.0,0.0,0.5,0.6681630132484446,0.0,0.000999000999000999,0.002206206795116929,False
1643,Endothelial,Myofibroblast,Chenodeoxycholic acid 3-sulfate,0.0,0.0,0.5,0.6681630132484446,0.0,0.000999000999000999,0.002206206795116929,False
1644,Endothelial,Myofibroblast,Chloride,0.43279362,0.057324914997690865,0.47714318684243423,0.6681630132484446,0.0,0.01098901098901099,0.017442475069593715,False
1645,Endothelial,Myofibroblast,Chloride ion,-2.3135304,-0.30643459335885553,0.6203631136600147,0.6861812576258235,0.0,0.029970029970029972,0.041029693341032736,False
1646,Endothelial,Myofibroblast,Cholesterol,0.0,0.0,0.5,0.6681630132484446,0.0,0.000999000999000999,0.002206206795116929,False
1647,Endothelial,Myofibroblast,Cholic acid,0.0,0.0,0.5,0.6681630132484446,0.0,0.000999000999000999,0.002206206795116929,False
1648,Endothelial,Myofibroblast,Choline,-0.8039386,-0.1064842724877862,0.5424009334023684,0.6681630132484446,0.0,0.003996003996003996,0.007468259895444362,False
1649,Endothelial,Myofibroblast,Citric acid,-1.4716341,-0.19492270488427157,0.577273270408463,0.6718250615566072,0.0,0.1028971028971029,0.12067641277321425,False
1650,Endothelial,Myofibroblast,Coprocholic acid,0.0,0.0,0.5,0.6681630132484446,0.0,0.000999000999000999,0.002206206795116929,False
1651,Endothelial,Myofibroblast,Cortisol,0.0,0.0,0.5,0.6681630132484446,0.0,0.000999000999000999,0.002206206795116929,False
1652,Endothelial,Myofibroblast,Creatine,-0.8039386,-0.1064842724877862,0.5424009334023684,0.6681630132484446,0.0,0.003996003996003996,0.007468259895444362,False
1653,Endothelial,Myofibroblast,D-Lactate,0.0,0.0,0.5,0.6681630132484446,0.0,0.000999000999000999,0.002206206795116929,False
1654,Endothelial,Myofibroblast,Deoxycholic acid,0.0,0.0,0.5,0.6681630132484446,0.0,0.000999000999000999,0.002206206795116929,False
1655,Endothelial,Myofibroblast,Dopamine,-0.8039386,-0.1064842724877862,0.5424009334023684,0.6681630132484446,0.0,0.003996003996003996,0.007468259895444362,False
1656,Endothelial,Myofibroblast,E-3179,0.0,0.0,0.5,0.6681630132484446,0.0,0.000999000999000999,0.002206206795116929,False
1657,Endothelial,Myofibroblast,Estradiol,-1.4554302,-0.08621224160282283,0.5343511502254987,0.6681630132484446,0.0,0.10789210789210789,0.1258741258741259,False
1658,Endothelial,Myofibroblast,Estriol,0.0,0.0,0.5,0.6681630132484446,0.0,0.000999000999000999,0.002206206795116929,False
1659,Endothelial,Myofibroblast,Fatty acid,5.6027126,0.3318760539513167,0.36999142637798554,0.6681630132484446,48.33432,0.14885114885114886,0.16857958188240915,False
1660,Endothelial,Myofibroblast,Folic acid,0.0,0.0,0.5,0.6681630132484446,0.0,0.000999000999000999,0.002206206795116929,False
1661,Endothelial,Myofibroblast,Folinic acid,0.0,0.0,0.5,0.6681630132484446,0.0,0.000999000999000999,0.002206206795116929,False
1662,Endothelial,Myofibroblast,Glutathione,0.0,0.0,0.5,0.6681630132484446,0.0,0.000999000999000999,0.002206206795116929,False
1663,Endothelial,Myofibroblast,Glycerol,0.0,0.0,0.5,0.6681630132484446,0.0,0.000999000999000999,0.002206206795116929,False
1664,Endothelial,Myofibroblast,Glycochenodeoxycholate-3-sulfate,0.0,0.0,0.5,0.6681630132484446,0.0,0.000999000999000999,0.002206206795116929,False
1665,Endothelial,Myofibroblast,Glycyl-glycine,0.0,0.0,0.5,0.6681630132484446,0.0,0.000999000999000999,0.002206206795116929,False
1666,Endothelial,Myofibroblast,Histamine,-0.8039386,-0.1064842724877862,0.5424009334023684,0.6681630132484446,0.0,0.003996003996003996,0.007468259895444362,False
1667,Endothelial,Myofibroblast,Hydroxylansoprazole,0.0,0.0,0.5,0.6681630132484446,0.0,0.000999000999000999,0.002206206795116929,False
1668,Endothelial,Myofibroblast,Hyodeoxycholic acid,0.0,0.0,0.5,0.6681630132484446,0.0,0.000999000999000999,0.002206206795116929,False
1669,Endothelial,Myofibroblast,Iron,1.9213135,0.17994749864090268,0.4285968926328198,0.6681630132484446,0.0,0.2827172827172827,0.3024904692343321,False
1670,Endothelial,Myofibroblast,Isoursodeoxycholic acid,0.0,0.0,0.5,0.6681630132484446,0.0,0.000999000999000999,0.002206206795116929,False
1671,Endothelial,Myofibroblast,Ketone bodies,0.0,0.0,0.5,0.6681630132484446,0.0,0.000999000999000999,0.002206206795116929,False
1672,Endothelial,Myofibroblast,L-Arginine,0.0,0.0,0.5,0.6681630132484446,0.0,0.000999000999000999,0.002206206795116929,False
1673,Endothelial,Myofibroblast,L-Carnitine,-1.4603517,-0.09671415433488091,0.5385233005033299,0.6681630132484446,0.0,0.003996003996003996,0.007468259895444362,False
1674,Endothelial,Myofibroblast,L-Cystine,0.0,0.0,0.5,0.6681630132484446,0.0,0.000999000999000999,0.002206206795116929,False
1675,Endothelial,Myofibroblast,L-Dopa,0.0,0.0,0.5,0.6681630132484446,0.0,0.000999000999000999,0.002206206795116929,False
1676,Endothelial,Myofibroblast,L-Glutamate,0.15549535,0.014563473444892646,0.4941902200647004,0.6681630132484446,0.0,0.003996003996003996,0.007468259895444362,False
1677,Endothelial,Myofibroblast,L-Lactate,0.0,0.0,0.5,0.6681630132484446,0.0,0.000999000999000999,0.002206206795116929,False
1678,Endothelial,Myofibroblast,L-Lysine,0.0,0.0,0.5,0.6681630132484446,0.0,0.000999000999000999,0.002206206795116929,False
1679,Endothelial,Myofibroblast,L-Ornithine,0.0,0.0,0.5,0.6681630132484446,0.0,0.000999000999000999,0.002206206795116929,False
1680,Endothelial,Myofibroblast,Lithocholic acid,0.0,0.0,0.5,0.6681630132484446,0.0,0.000999000999000999,0.002206206795116929,False
1681,Endothelial,Myofibroblast,Manganese,0.12687665,0.016805223124896667,0.4932960015175917,0.6681630132484446,0.0,0.001998001998001998,0.00412210593812261,False
1682,Endothelial,Myofibroblast,N-Desmethylcitalopram,0.0,0.0,0.5,0.6681630132484446,0.0,0.000999000999000999,0.002206206795116929,False
1683,Endothelial,Myofibroblast,N-Desmethyleletriptan,0.0,0.0,0.5,0.6681630132484446,0.0,0.000999000999000999,0.002206206795116929,False
1684,Endothelial,Myofibroblast,N-Desmethyltamoxifen,0.0,0.0,0.5,0.6681630132484446,0.0,0.000999000999000999,0.002206206795116929,False
1685,Endothelial,Myofibroblast,N-desmethylimatinib,0.016203953,0.0010731329999449394,0.4995718819559991,0.6681630132484446,0.0,0.005994005994005994,0.010452557005148853,False
1686,Endothelial,Myofibroblast,Neurotransmitter,0.17955054,0.023782050449829284,0.4905132288333904,0.6681630132484446,0.0,0.002997002997002997,0.005910424237117464,False
1687,Endothelial,Myofibroblast,Nicotinate,-3.8491151,-0.22800190295672182,0.5901776194306579,0.6770266346377942,0.0,0.13086913086913088,0.14948460143779083,False
1688,Endothelial,Myofibroblast,Norepinephrine,-0.8039386,-0.1064842724877862,0.5424009334023684,0.6681630132484446,0.0,0.003996003996003996,0.007468259895444362,False
1689,Endothelial,Myofibroblast,O-Deethylated candesartan,0.0,0.0,0.5,0.6681630132484446,0.0,0.000999000999000999,0.002206206795116929,False
1690,Endothelial,Myofibroblast,O-Desmethylverapamil (D-702),-4.769925,-0.16312799705382403,0.5647911717089465,0.6681630132484446,0.0,0.03296703296703297,0.044404575016819915,False
1691,Endothelial,Myofibroblast,Oxalic acid,-1.4716341,-0.19492270488427157,0.577273270408463,0.6718250615566072,0.0,0.1028971028971029,0.12067641277321425,False
1692,Endothelial,Myofibroblast,Phosphate,0.26932582,0.035673076661597435,0.4857715192974883,0.6681630132484446,0.0,0.003996003996003996,0.007468259895444362,False
1693,Endothelial,Myofibroblast,Progesterone,0.016203953,0.0015176392427522591,0.4993945497720848,0.6681630132484446,0.0,0.005994005994005994,0.010452557005148853,False
1694,Endothelial,Myofibroblast,Pyruvate,0.0,0.0,0.5,0.6681630132484446,0.0,0.000999000999000999,0.002206206795116929,False
1695,Endothelial,Myofibroblast,Sodium,-9.950903,-0.4659937252473361,0.6793900040191119,0.7204597665065224,0.0,0.07992007992007992,0.09638812284130766,False
1696,Endothelial,Myofibroblast,Sodium_hydrogen exchange,0.50775534,0.03882902125226589,0.4845133533314626,0.6681630132484446,0.0,0.007992007992007992,0.01321828529465761,False
1697,Endothelial,Myofibroblast,Sulfolithocholic acid,0.0,0.0,0.5,0.6681630132484446,0.0,0.000999000999000999,0.002206206795116929,False
1698,Endothelial,Myofibroblast,Taurocholic acid,-2.2250338,-0.08173865757592412,0.5325727315519269,0.6681630132484446,0.0,0.12987012987012986,0.1487111698612029,False
1699,Endothelial,Myofibroblast,Testosterone,0.016203953,0.0008762094253357566,0.4996504430584756,0.6681630132484446,0.0,0.005994005994005994,0.010452557005148853,False
1700,Endothelial,Myofibroblast,Trihydroxycoprostanoic acid,0.0,0.0,0.5,0.6681630132484446,0.0,0.000999000999000999,0.002206206795116929,False
1701,Endothelial,Myofibroblast,Urea,0.0,0.0,0.5,0.6681630132484446,0.0,0.000999000999000999,0.002206206795116929,False
1702,Endothelial,Myofibroblast,Ursocholic acid,0.0,0.0,0.5,0.6681630132484446,0.0,0.000999000999000999,0.002206206795116929,False
1703,Endothelial,Myofibroblast,Ursodeoxycholic acid,0.0,0.0,0.5,0.6681630132484446,0.0,0.000999000999000999,0.002206206795116929,False
1704,Endothelial,Myofibroblast,Ursodeoxycholic acid 3-sulfate,0.0,0.0,0.5,0.6681630132484446,0.0,0.000999000999000999,0.002206206795116929,False
1705,Endothelial,Myofibroblast,Varanic acid,0.0,0.0,0.5,0.6681630132484446,0.0,0.000999000999000999,0.002206206795116929,False
1706,Endothelial,Myofibroblast,Vitamin D3,0.0,0.0,0.5,0.6681630132484446,0.0,0.000999000999000999,0.002206206795116929,False
1707,Endothelial,Myofibroblast,Water,0.058059305,0.0038450714019226937,0.49846604222643026,0.6681630132484446,0.0,0.029970029970029972,0.041029693341032736,False
1708,Endothelial,Myofibroblast,Zinc,0.12687665,0.016805223124896667,0.4932960015175917,0.6681630132484446,0.0,0.001998001998001998,0.00412210593812261,False
1709,Endothelial,Myofibroblast,alpha-Ketoisovaleric acid,0.0,0.0,0.5,0.6681630132484446,0.0,0.000999000999000999,0.002206206795116929,False
1710,Endothelial,Pericyte,"(3a,5b,7a)-23-Carboxy-7-hydroxy-24-norcholan-3-yl-b-D-Glucopyranosiduronic acid",0.0,0.0,0.5,0.6681630132484446,0.0,0.000999000999000999,0.002206206795116929,False
1711,Endothelial,Pericyte,17a-Ethynylestradiol,0.9163763,0.10652658022783354,0.45758228370934506,0.6681630132484446,0.0,0.04495504495504495,0.05879193461756209,False
1712,Endothelial,Pericyte,"1b,3a,12a-Trihydroxy-5b-cholanoic acid",0.0,0.0,0.5,0.6681630132484446,0.0,0.000999000999000999,0.002206206795116929,False
1713,Endothelial,Pericyte,2-Hydroxychlorpropamide,0.9163763,0.06150314977038995,0.4754792530015929,0.6681630132484446,0.0,0.04495504495504495,0.05879193461756209,False
1714,Endothelial,Pericyte,25-Hydroxycholesterol,-5.8190193,-0.6764472554788038,0.7506216384523305,0.7653093945085554,0.0,0.21178821178821178,0.23300401773175228,False
1715,Endothelial,Pericyte,"3',4'-Dihydrodiol",0.9163763,0.10652658022783354,0.45758228370934506,0.6681630132484446,0.0,0.04495504495504495,0.05879193461756209,False
1716,Endothelial,Pericyte,3-Sulfodeoxycholic acid,0.0,0.0,0.5,0.6681630132484446,0.0,0.000999000999000999,0.002206206795116929,False
1717,Endothelial,Pericyte,"3alpha,7alpha-Dihydroxycoprostanic acid",0.0,0.0,0.5,0.6681630132484446,0.0,0.000999000999000999,0.002206206795116929,False
1718,Endothelial,Pericyte,3b-Hydroxy-5-cholenoic acid,0.0,0.0,0.5,0.6681630132484446,0.0,0.000999000999000999,0.002206206795116929,False
1719,Endothelial,Pericyte,4'-Hydroxydiclofenac,0.9163763,0.10652658022783354,0.45758228370934506,0.6681630132484446,0.0,0.04495504495504495,0.05879193461756209,False
1720,Endothelial,Pericyte,4-Hydroxycyclophosphamide,0.9163763,0.10652658022783354,0.45758228370934506,0.6681630132484446,0.0,0.04495504495504495,0.05879193461756209,False
1721,Endothelial,Pericyte,4-ene-Valproic acid,0.0,0.0,0.5,0.6681630132484446,0.0,0.000999000999000999,0.002206206795116929,False
1722,Endothelial,Pericyte,5-Hydroxyomeprazole,0.2873966,0.013639239506392958,0.4945588993891868,0.6681630132484446,0.0,0.07492507492507493,0.09142996464708034,False
1723,Endothelial,Pericyte,8-Hydroxycarvedilol,0.9163763,0.10652658022783354,0.45758228370934506,0.6681630132484446,0.0,0.04495504495504495,0.05879193461756209,False
1724,Endothelial,Pericyte,Acetate,-0.50597966,-0.033959131072688026,0.5135451297156521,0.6681630132484446,0.0,0.0969030969030969,0.11442127475523282,False
1725,Endothelial,Pericyte,Acetyl-L-Carnitine,0.0,0.0,0.5,0.6681630132484446,0.0,0.000999000999000999,0.002206206795116929,False
1726,Endothelial,Pericyte,Adenosine diphosphate ribose,0.5154205,0.05991641567408097,0.4761111027833147,0.6681630132484446,0.0,0.007992007992007992,0.01321828529465761,False
1727,Endothelial,Pericyte,Adenosine triphosphate,-2.0725155,-0.24092503170173704,0.595193389505461,0.6770266346377942,0.0,0.11588411588411589,0.13404722468317862,False
1728,Endothelial,Pericyte,Amiloride-sensitive sodium transport,0.0,0.0,0.5,0.6681630132484446,0.0,0.000999000999000999,0.002206206795116929,False
1729,Endothelial,Pericyte,Anion exchange,-0.7197951,-0.04830948451412488,0.5192652020841396,0.6681630132484446,0.0,0.006993006993006993,0.011945165999886237,False
1730,Endothelial,Pericyte,Butyrate,0.0,0.0,0.5,0.6681630132484446,0.0,0.000999000999000999,0.002206206795116929,False
1731,Endothelial,Pericyte,Cadmium,0.0,0.0,0.5,0.6681630132484446,0.0,0.000999000999000999,0.002206206795116929,False
1732,Endothelial,Pericyte,Chenodeoxycholic acid,0.0,0.0,0.5,0.6681630132484446,0.0,0.000999000999000999,0.002206206795116929,False
1733,Endothelial,Pericyte,Chenodeoxycholic acid 3-sulfate,0.0,0.0,0.5,0.6681630132484446,0.0,0.000999000999000999,0.002206206795116929,False
1734,Endothelial,Pericyte,Chloride,-1.6709542,-0.19424448338977576,0.5770077732910457,0.6718250615566072,0.0,0.00999000999000999,0.01593343365495264,False
1735,Endothelial,Pericyte,Chloride ion,0.84225404,0.09791004367764203,0.46100186230404255,0.6681630132484446,0.0,0.06893106893106893,0.08454731109598367,False
1736,Endothelial,Pericyte,Cholesterol,-2.9176533,-0.16958515469055857,0.567331800863688,0.6681630132484446,21.459446,0.27372627372627373,0.2932781504210076,False
1737,Endothelial,Pericyte,Cholic acid,0.2873966,0.01928879749039584,0.4923053602876085,0.6681630132484446,0.0,0.07492507492507493,0.09142996464708034,False
1738,Endothelial,Pericyte,Choline,0.0,0.0,0.5,0.6681630132484446,0.0,0.000999000999000999,0.002206206795116929,False
1739,Endothelial,Pericyte,Citric acid,0.5435319,0.06318429933895041,0.4748098735544594,0.6681630132484446,0.0,0.07892107892107893,0.09538246894368277,False
1740,Endothelial,Pericyte,Coprocholic acid,0.0,0.0,0.5,0.6681630132484446,0.0,0.000999000999000999,0.002206206795116929,False
1741,Endothelial,Pericyte,Cortisol,0.9163763,0.06150314977038995,0.4754792530015929,0.6681630132484446,0.0,0.04495504495504495,0.05879193461756209,False
1742,Endothelial,Pericyte,Creatine,0.0,0.0,0.5,0.6681630132484446,0.0,0.000999000999000999,0.002206206795116929,False
1743,Endothelial,Pericyte,D-Lactate,0.0,0.0,0.5,0.6681630132484446,0.0,0.000999000999000999,0.002206206795116929,False
1744,Endothelial,Pericyte,Deoxycholic acid,0.0,0.0,0.5,0.6681630132484446,0.0,0.000999000999000999,0.002206206795116929,False
1745,Endothelial,Pericyte,Dopamine,0.0,0.0,0.5,0.6681630132484446,0.0,0.000999000999000999,0.002206206795116929,False
1746,Endothelial,Pericyte,E-3179,0.9163763,0.10652658022783354,0.45758228370934506,0.6681630132484446,0.0,0.04495504495504495,0.05879193461756209,False
1747,Endothelial,Pericyte,Estradiol,1.4599082,0.07589701574521973,0.46975051555178055,0.6681630132484446,0.0,0.11688311688311688,0.1350900600400267,False
1748,Endothelial,Pericyte,Estriol,0.9163763,0.10652658022783354,0.45758228370934506,0.6681630132484446,0.0,0.04495504495504495,0.05879193461756209,False
1749,Endothelial,Pericyte,Fatty acid,-14.476566,-0.7526008458309624,0.7741550953926799,0.7853747344563419,39.780228,0.8011988011988012,0.8058501730490119,False
1750,Endothelial,Pericyte,Folic acid,0.0,0.0,0.5,0.6681630132484446,0.0,0.000999000999000999,0.002206206795116929,False
1751,Endothelial,Pericyte,Folinic acid,0.0,0.0,0.5,0.6681630132484446,0.0,0.000999000999000999,0.002206206795116929,False
1752,Endothelial,Pericyte,Glutathione,0.0,0.0,0.5,0.6681630132484446,0.0,0.000999000999000999,0.002206206795116929,False
1753,Endothelial,Pericyte,Glycerol,0.9163763,0.10652658022783354,0.45758228370934506,0.6681630132484446,0.0,0.04495504495504495,0.05879193461756209,False
1754,Endothelial,Pericyte,Glycochenodeoxycholate-3-sulfate,0.0,0.0,0.5,0.6681630132484446,0.0,0.000999000999000999,0.002206206795116929,False
1755,Endothelial,Pericyte,Glycyl-glycine,0.0,0.0,0.5,0.6681630132484446,0.0,0.000999000999000999,0.002206206795116929,False
1756,Endothelial,Pericyte,Histamine,0.0,0.0,0.5,0.6681630132484446,0.0,0.000999000999000999,0.002206206795116929,False
1757,Endothelial,Pericyte,Hydroxylansoprazole,0.9163763,0.06150314977038995,0.4754792530015929,0.6681630132484446,0.0,0.04495504495504495,0.05879193461756209,False
1758,Endothelial,Pericyte,Hyodeoxycholic acid,0.0,0.0,0.5,0.6681630132484446,0.0,0.000999000999000999,0.002206206795116929,False
1759,Endothelial,Pericyte,Iron,-0.9605231,-0.07895451480516945,0.5314655990040152,0.6681630132484446,16.735401,0.4405594405594406,0.45581918827663825,False
1760,Endothelial,Pericyte,Isoursodeoxycholic acid,0.0,0.0,0.5,0.6681630132484446,0.0,0.000999000999000999,0.002206206795116929,False
1761,Endothelial,Pericyte,Ketone bodies,0.0,0.0,0.5,0.6681630132484446,0.0,0.000999000999000999,0.002206206795116929,False
1762,Endothelial,Pericyte,L-Arginine,0.0,0.0,0.5,0.6681630132484446,0.0,0.000999000999000999,0.002206206795116929,False
1763,Endothelial,Pericyte,L-Carnitine,0.0,0.0,0.5,0.6681630132484446,0.0,0.000999000999000999,0.002206206795116929,False
1764,Endothelial,Pericyte,L-Cystine,0.0,0.0,0.5,0.6681630132484446,0.0,0.000999000999000999,0.002206206795116929,False
1765,Endothelial,Pericyte,L-Dopa,0.0,0.0,0.5,0.6681630132484446,0.0,0.000999000999000999,0.002206206795116929,False
1766,Endothelial,Pericyte,L-Glutamate,0.0,0.0,0.5,0.6681630132484446,0.0,0.000999000999000999,0.002206206795116929,False
1767,Endothelial,Pericyte,L-Lactate,0.0,0.0,0.5,0.6681630132484446,0.0,0.000999000999000999,0.002206206795116929,False
1768,Endothelial,Pericyte,L-Lysine,0.0,0.0,0.5,0.6681630132484446,0.0,0.000999000999000999,0.002206206795116929,False
1769,Endothelial,Pericyte,L-Ornithine,0.0,0.0,0.5,0.6681630132484446,0.0,0.000999000999000999,0.002206206795116929,False
1770,Endothelial,Pericyte,Lithocholic acid,0.0,0.0,0.5,0.6681630132484446,0.0,0.000999000999000999,0.002206206795116929,False
1771,Endothelial,Pericyte,Manganese,0.0,0.0,0.5,0.6681630132484446,0.0,0.000999000999000999,0.002206206795116929,False
1772,Endothelial,Pericyte,N-Desmethylcitalopram,0.9163763,0.10652658022783354,0.45758228370934506,0.6681630132484446,0.0,0.04495504495504495,0.05879193461756209,False
1773,Endothelial,Pericyte,N-Desmethyleletriptan,0.9163763,0.10652658022783354,0.45758228370934506,0.6681630132484446,0.0,0.04495504495504495,0.05879193461756209,False
1774,Endothelial,Pericyte,N-Desmethyltamoxifen,0.9163763,0.06150314977038995,0.4754792530015929,0.6681630132484446,0.0,0.04495504495504495,0.05879193461756209,False
1775,Endothelial,Pericyte,N-desmethylimatinib,0.9163763,0.05326329011391677,0.4787610644538284,0.6681630132484446,0.0,0.04495504495504495,0.05879193461756209,False
1776,Endothelial,Pericyte,Neurotransmitter,0.12442684,0.014464326548142286,0.49422976978790945,0.6681630132484446,0.0,0.002997002997002997,0.005910424237117464,False
1777,Endothelial,Pericyte,Nicotinate,-0.50597966,-0.02630462981923911,0.5104928189356749,0.6681630132484446,0.0,0.0969030969030969,0.11442127475523282,False
1778,Endothelial,Pericyte,Norepinephrine,0.0,0.0,0.5,0.6681630132484446,0.0,0.000999000999000999,0.002206206795116929,False
1779,Endothelial,Pericyte,O-Deethylated candesartan,0.9163763,0.10652658022783354,0.45758228370934506,0.6681630132484446,0.0,0.04495504495504495,0.05879193461756209,False
1780,Endothelial,Pericyte,O-Desmethylverapamil (D-702),1.0805115,0.03243156336067951,0.4870639458995201,0.6681630132484446,0.0,0.10789210789210789,0.1258741258741259,False
1781,Endothelial,Pericyte,Oxalic acid,0.5435319,0.06318429933895041,0.4748098735544594,0.6681630132484446,0.0,0.07892107892107893,0.09538246894368277,False
1782,Endothelial,Pericyte,Phosphate,-0.7023067,-0.08164149413444849,0.5325340980681283,0.6681630132484446,0.0,0.016983016983016984,0.025342874180083484,False
1783,Endothelial,Pericyte,Progesterone,0.9163763,0.0753256672557139,0.4699777999874441,0.6681630132484446,0.0,0.04495504495504495,0.05879193461756209,False
1784,Endothelial,Pericyte,Pyruvate,0.0,0.0,0.5,0.6681630132484446,0.0,0.000999000999000999,0.002206206795116929,False
1785,Endothelial,Pericyte,Sodium,-0.03824699,-0.0015719415750522475,0.5006271136983428,0.6681630132484446,0.0,0.23276723276723277,0.2528333735230287,False
1786,Endothelial,Pericyte,Sodium_hydrogen exchange,-6.101528,-0.4095077575827303,0.6589164625228249,0.7044571251593916,0.0,0.06893106893106893,0.08454731109598367,False
1787,Endothelial,Pericyte,Sulfolithocholic acid,0.0,0.0,0.5,0.6681630132484446,0.0,0.000999000999000999,0.002206206795116929,False
1788,Endothelial,Pericyte,Taurocholic acid,-0.21858299,-0.007047398374980778,0.5028114819061654,0.6681630132484446,0.0,0.16183816183816183,0.18183178689015264,False
1789,Endothelial,Pericyte,Testosterone,1.7094911,0.08112885891048771,0.46766973761823405,0.6681630132484446,0.0,0.08091908091908091,0.09747422749334794,False
1790,Endothelial,Pericyte,Trihydroxycoprostanoic acid,0.0,0.0,0.5,0.6681630132484446,0.0,0.000999000999000999,0.002206206795116929,False
1791,Endothelial,Pericyte,Urea,0.0,0.0,0.5,0.6681630132484446,0.0,0.000999000999000999,0.002206206795116929,False
1792,Endothelial,Pericyte,Ursocholic acid,0.0,0.0,0.5,0.6681630132484446,0.0,0.000999000999000999,0.002206206795116929,False
1793,Endothelial,Pericyte,Ursodeoxycholic acid,0.0,0.0,0.5,0.6681630132484446,0.0,0.000999000999000999,0.002206206795116929,False
1794,Endothelial,Pericyte,Ursodeoxycholic acid 3-sulfate,0.0,0.0,0.5,0.6681630132484446,0.0,0.000999000999000999,0.002206206795116929,False
1795,Endothelial,Pericyte,Varanic acid,0.0,0.0,0.5,0.6681630132484446,0.0,0.000999000999000999,0.002206206795116929,False
1796,Endothelial,Pericyte,Vitamin D3,-3.8340297,-0.4456968965378499,0.6720918966683096,0.7156725328689898,21.459446,0.25874125874125875,0.2779964221824687,False
1797,Endothelial,Pericyte,Water,0.0,0.0,0.5,0.6681630132484446,0.0,0.000999000999000999,0.002206206795116929,False
1798,Endothelial,Pericyte,Zinc,0.0,0.0,0.5,0.6681630132484446,0.0,0.000999000999000999,0.002206206795116929,False
1799,Endothelial,Pericyte,alpha-Ketoisovaleric acid,0.0,0.0,0.5,0.6681630132484446,0.0,0.000999000999000999,0.002206206795116929,False
1800,Endothelial,Plasma,"(3a,5b,7a)-23-Carboxy-7-hydroxy-24-norcholan-3-yl-b-D-Glucopyranosiduronic acid",0.0,0.0,0.5,0.6681630132484446,0.0,0.000999000999000999,0.002206206795116929,False
1801,Endothelial,Plasma,17a-Ethynylestradiol,-1.7332422,-0.09828314573601375,0.5391462694321499,0.6681630132484446,0.0,0.07692307692307693,0.09348946388581605,False
1802,Endothelial,Plasma,"1b,3a,12a-Trihydroxy-5b-cholanoic acid",0.0,0.0,0.5,0.6681630132484446,0.0,0.000999000999000999,0.002206206795116929,False
1803,Endothelial,Plasma,2-Hydroxychlorpropamide,-6.2289,-0.20392502946097746,0.5807939573176819,0.6730505151993592,0.0,0.0939060939060939,0.11122359097064274,False
1804,Endothelial,Plasma,25-Hydroxycholesterol,0.30469245,0.017277523582142986,0.4931076082553736,0.6681630132484446,0.0,0.12787212787212787,0.1466171155118872,False
1805,Endothelial,Plasma,"3',4'-Dihydrodiol",-1.7332422,-0.09828314573601375,0.5391462694321499,0.6681630132484446,0.0,0.07692307692307693,0.09348946388581605,False
1806,Endothelial,Plasma,3-Sulfodeoxycholic acid,0.0,0.0,0.5,0.6681630132484446,0.0,0.000999000999000999,0.002206206795116929,False
1807,Endothelial,Plasma,"3alpha,7alpha-Dihydroxycoprostanic acid",0.0,0.0,0.5,0.6681630132484446,0.0,0.000999000999000999,0.002206206795116929,False
1808,Endothelial,Plasma,3b-Hydroxy-5-cholenoic acid,0.0,0.0,0.5,0.6681630132484446,0.0,0.000999000999000999,0.002206206795116929,False
1809,Endothelial,Plasma,4'-Hydroxydiclofenac,-1.7332422,-0.09828314573601375,0.5391462694321499,0.6681630132484446,0.0,0.07692307692307693,0.09348946388581605,False
1810,Endothelial,Plasma,4-Hydroxycyclophosphamide,-1.7332422,-0.09828314573601375,0.5391462694321499,0.6681630132484446,0.0,0.07692307692307693,0.09348946388581605,False
1811,Endothelial,Plasma,4-ene-Valproic acid,0.95323944,0.03120765824680386,0.48755196624637187,0.6681630132484446,0.0,0.07592407592407592,0.09250243427458617,False
1812,Endothelial,Plasma,5-Hydroxyomeprazole,-7.282507,-0.16858739018777674,0.566939400120342,0.6681630132484446,0.0,0.12787212787212787,0.1466171155118872,False
1813,Endothelial,Plasma,8-Hydroxycarvedilol,-1.7332422,-0.09828314573601375,0.5391462694321499,0.6681630132484446,0.0,0.07692307692307693,0.09348946388581605,False
1814,Endothelial,Plasma,Acetate,0.49372303,0.016163766498800573,0.4935518709152451,0.6681630132484446,0.0,0.13186813186813187,0.15057606753108485,False
1815,Endothelial,Plasma,Acetyl-L-Carnitine,-0.24540344,-0.013915552355445518,0.5055513230270472,0.6681630132484446,0.0,0.03696303696303696,0.04934576115466117,False
1816,Endothelial,Plasma,Adenosine diphosphate ribose,-0.87340826,-0.0495264385880112,0.5197501159489706,0.6681630132484446,0.0,0.2087912087912088,0.230035465329583,False
1817,Endothelial,Plasma,Adenosine triphosphate,-18.014997,-1.0215367880227422,0.8464999055571247,0.8515058412734796,0.0,0.5134865134865135,0.5286675885398215,False
1818,Endothelial,Plasma,Amiloride-sensitive sodium transport,0.5272911,0.029899936244021152,0.48807342834890016,0.6681630132484446,0.0,0.001998001998001998,0.00412210593812261,False
1819,Endothelial,Plasma,Anion exchange,-4.744766,-0.15533667279989116,0.5617220471135902,0.6681630132484446,0.0,0.11788211788211789,0.1361992459024803,False
1820,Endothelial,Plasma,Butyrate,1.4440463,0.08188435099973188,0.46736933936934294,0.6681630132484446,0.0,0.02197802197802198,0.03133903133903134,False
1821,Endothelial,Plasma,Cadmium,-0.36761647,-0.02084561782954234,0.5083155960660487,0.6681630132484446,0.0,0.02097902097902098,0.030000952411187658,False
1822,Endothelial,Plasma,Chenodeoxycholic acid,0.0,0.0,0.5,0.6681630132484446,0.0,0.000999000999000999,0.002206206795116929,False
1823,Endothelial,Plasma,Chenodeoxycholic acid 3-sulfate,0.0,0.0,0.5,0.6681630132484446,0.0,0.000999000999000999,0.002206206795116929,False
1824,Endothelial,Plasma,Chloride,-5.566225,-0.3156316655883987,0.623858950118215,0.6865717840748341,0.0,0.08491508491508491,0.10177473857861266,False
1825,Endothelial,Plasma,Chloride ion,-0.5158948,-0.029253708609006605,0.5116688768680713,0.6681630132484446,0.0,0.07192807192807193,0.08795862686810278,False
1826,Endothelial,Plasma,Cholesterol,9.763996,0.27683271254549974,0.39095428071913113,0.6681630132484446,14.992675,0.22077922077922077,0.24064171122994651,False
1827,Endothelial,Plasma,Cholic acid,-1.9281355,-0.06312432280874225,0.5251662469406366,0.6681630132484446,0.0,0.08391608391608392,0.10068186660984445,False
1828,Endothelial,Plasma,Choline,-0.24540344,-0.013915552355445518,0.5055513230270472,0.6681630132484446,0.0,0.03696303696303696,0.04934576115466117,False
1829,Endothelial,Plasma,Citric acid,-1.5355898,-0.08707530978260498,0.534694174616437,0.6681630132484446,0.0,0.0969030969030969,0.11442127475523282,False
1830,Endothelial,Plasma,Coprocholic acid,0.0,0.0,0.5,0.6681630132484446,0.0,0.000999000999000999,0.002206206795116929,False
1831,Endothelial,Plasma,Cortisol,-7.0876136,-0.23203805148738724,0.5917457702956919,0.6770266346377942,0.0,0.12087912087912088,0.13933671119299862,False
1832,Endothelial,Plasma,Creatine,-0.24540344,-0.013915552355445518,0.5055513230270472,0.6681630132484446,0.0,0.03696303696303696,0.04934576115466117,False
1833,Endothelial,Plasma,D-Lactate,1.4440463,0.08188435099973188,0.46736933936934294,0.6681630132484446,0.0,0.02197802197802198,0.03133903133903134,False
1834,Endothelial,Plasma,Deoxycholic acid,0.0,0.0,0.5,0.6681630132484446,0.0,0.000999000999000999,0.002206206795116929,False
1835,Endothelial,Plasma,Dopamine,-0.24540344,-0.013915552355445518,0.5055513230270472,0.6681630132484446,0.0,0.03696303696303696,0.04934576115466117,False
1836,Endothelial,Plasma,E-3179,-1.7332422,-0.09828314573601375,0.5391462694321499,0.6681630132484446,0.0,0.07692307692307693,0.09348946388581605,False
1837,Endothelial,Plasma,Estradiol,-8.818102,-0.22361962539171443,0.5884733542511822,0.6770266346377942,0.0,0.2137862137862138,0.23386558193188028,False
1838,Endothelial,Plasma,Estriol,-1.7332422,-0.09828314573601375,0.5391462694321499,0.6681630132484446,0.0,0.07692307692307693,0.09348946388581605,False
1839,Endothelial,Plasma,Fatty acid,45.010475,1.1414276822054634,0.12684599522300566,0.6681630132484446,223.60193,0.003996003996003996,0.007468259895444362,True
1840,Endothelial,Plasma,Folic acid,-1.3099214,-0.04288490081594329,0.5171033574596144,0.6681630132484446,0.0,0.013986013986013986,0.02125506072874494,False
1841,Endothelial,Plasma,Folinic acid,0.0,0.0,0.5,0.6681630132484446,0.0,0.000999000999000999,0.002206206795116929,False
1842,Endothelial,Plasma,Glutathione,0.0,0.0,0.5,0.6681630132484446,0.0,0.000999000999000999,0.002206206795116929,False
1843,Endothelial,Plasma,Glycerol,-1.7332422,-0.09828314573601375,0.5391462694321499,0.6681630132484446,0.0,0.07692307692307693,0.09348946388581605,False
1844,Endothelial,Plasma,Glycochenodeoxycholate-3-sulfate,0.0,0.0,0.5,0.6681630132484446,0.0,0.000999000999000999,0.002206206795116929,False
1845,Endothelial,Plasma,Glycyl-glycine,0.0,0.0,0.5,0.6681630132484446,0.0,0.000999000999000999,0.002206206795116929,False
1846,Endothelial,Plasma,Histamine,-0.24540344,-0.013915552355445518,0.5055513230270472,0.6681630132484446,0.0,0.03696303696303696,0.04934576115466117,False
1847,Endothelial,Plasma,Hydroxylansoprazole,-7.0876136,-0.23203805148738724,0.5917457702956919,0.6770266346377942,0.0,0.12087912087912088,0.13933671119299862,False
1848,Endothelial,Plasma,Hyodeoxycholic acid,0.0,0.0,0.5,0.6681630132484446,0.0,0.000999000999000999,0.002206206795116929,False
1849,Endothelial,Plasma,Iron,16.676697,0.6686746206018932,0.25185153023146356,0.6681630132484446,63.61483,0.11588411588411589,0.13404722468317862,False
1850,Endothelial,Plasma,Isoursodeoxycholic acid,0.0,0.0,0.5,0.6681630132484446,0.0,0.000999000999000999,0.002206206795116929,False
1851,Endothelial,Plasma,Ketone bodies,1.4440463,0.08188435099973188,0.46736933936934294,0.6681630132484446,0.0,0.02197802197802198,0.03133903133903134,False
1852,Endothelial,Plasma,L-Arginine,0.0,0.0,0.5,0.6681630132484446,0.0,0.000999000999000999,0.002206206795116929,False
1853,Endothelial,Plasma,L-Carnitine,-1.4695809,-0.04166614350921806,0.5166175779618285,0.6681630132484446,0.0,0.057942057942057944,0.07335375621820635,False
1854,Endothelial,Plasma,L-Cystine,0.0,0.0,0.5,0.6681630132484446,0.0,0.000999000999000999,0.002206206795116929,False
1855,Endothelial,Plasma,L-Dopa,0.0,0.0,0.5,0.6681630132484446,0.0,0.000999000999000999,0.002206206795116929,False
1856,Endothelial,Plasma,L-Glutamate,2.234983,0.0896146525727233,0.4642967200944733,0.6681630132484446,0.0,0.023976023976023976,0.033736821554080434,False
1857,Endothelial,Plasma,L-Lactate,1.4440463,0.08188435099973188,0.46736933936934294,0.6681630132484446,0.0,0.02197802197802198,0.03133903133903134,False
1858,Endothelial,Plasma,L-Lysine,0.0,0.0,0.5,0.6681630132484446,0.0,0.000999000999000999,0.002206206795116929,False
1859,Endothelial,Plasma,L-Ornithine,0.0,0.0,0.5,0.6681630132484446,0.0,0.000999000999000999,0.002206206795116929,False
1860,Endothelial,Plasma,Lithocholic acid,0.0,0.0,0.5,0.6681630132484446,0.0,0.000999000999000999,0.002206206795116929,False
1861,Endothelial,Plasma,Manganese,-0.36761647,-0.02084561782954234,0.5083155960660487,0.6681630132484446,0.0,0.02097902097902098,0.030000952411187658,False
1862,Endothelial,Plasma,N-Desmethylcitalopram,-1.7332422,-0.09828314573601375,0.5391462694321499,0.6681630132484446,0.0,0.07692307692307693,0.09348946388581605,False
1863,Endothelial,Plasma,N-Desmethyleletriptan,-1.7332422,-0.09828314573601375,0.5391462694321499,0.6681630132484446,0.0,0.07692307692307693,0.09348946388581605,False
1864,Endothelial,Plasma,N-Desmethyltamoxifen,-7.0876136,-0.23203805148738724,0.5917457702956919,0.6770266346377942,0.0,0.12087912087912088,0.13933671119299862,False
1865,Endothelial,Plasma,N-desmethylimatinib,-7.2825127,-0.20647670374749988,0.5817907198055251,0.6734273740190896,0.0,0.12887112887112886,0.14768925468445893,False
1866,Endothelial,Plasma,Neurotransmitter,-0.0035461811,-0.0002010854839047849,0.500080221500964,0.6681630132484446,0.0,0.015984015984015984,0.024033245990286563,False
1867,Endothelial,Plasma,Nicotinate,0.0029162169,7.395279939811373e-05,0.4999704971015929,0.6681630132484446,0.0,0.1798201798201798,0.20008892841262782,False
1868,Endothelial,Plasma,Norepinephrine,-0.24540344,-0.013915552355445518,0.5055513230270472,0.6681630132484446,0.0,0.03696303696303696,0.04934576115466117,False
1869,Endothelial,Plasma,O-Deethylated candesartan,-1.7332422,-0.09828314573601375,0.5391462694321499,0.6681630132484446,0.0,0.07692307692307693,0.09348946388581605,False
1870,Endothelial,Plasma,O-Desmethylverapamil (D-702),-14.043252,-0.20560887879075523,0.5814517792795398,0.6731474825270984,0.0,0.3936063936063936,0.4094404544719765,False
1871,Endothelial,Plasma,Oxalic acid,-1.5355898,-0.08707530978260498,0.534694174616437,0.6681630132484446,0.0,0.0969030969030969,0.11442127475523282,False
1872,Endothelial,Plasma,Phosphate,0.83792734,0.04751450039522387,0.4810515868721835,0.6681630132484446,0.0,0.03296703296703297,0.044404575016819915,False
1873,Endothelial,Plasma,Progesterone,-1.9281406,-0.07731139615392682,0.5308120873884695,0.6681630132484446,0.0,0.08491508491508491,0.10177473857861266,False
1874,Endothelial,Plasma,Pyruvate,1.4440463,0.08188435099973188,0.46736933936934294,0.6681630132484446,0.0,0.02197802197802198,0.03133903133903134,False
1875,Endothelial,Plasma,Sodium,-16.97913,-0.3404005398342832,0.6332225438953902,0.689957926697841,0.0,0.6493506493506493,0.6596306068601583,False
1876,Endothelial,Plasma,Sodium_hydrogen exchange,0.14683115,0.0048070361999462425,0.4980822774020842,0.6681630132484446,0.0,0.056943056943056944,0.07222097083004843,False
1877,Endothelial,Plasma,Sulfolithocholic acid,0.0,0.0,0.5,0.6681630132484446,0.0,0.000999000999000999,0.002206206795116929,False
1878,Endothelial,Plasma,Taurocholic acid,-5.888248,-0.09260495395196333,0.5368912960105187,0.6681630132484446,0.0,0.3356643356643357,0.3540569020021075,False
1879,Endothelial,Plasma,Testosterone,-6.3581476,-0.1471888076874913,0.5585085027240781,0.6681630132484446,0.0,0.21478521478521478,0.23458810692853246,False
1880,Endothelial,Plasma,Trihydroxycoprostanoic acid,0.0,0.0,0.5,0.6681630132484446,0.0,0.000999000999000999,0.002206206795116929,False
1881,Endothelial,Plasma,Urea,0.0,0.0,0.5,0.6681630132484446,0.0,0.000999000999000999,0.002206206795116929,False
1882,Endothelial,Plasma,Ursocholic acid,0.0,0.0,0.5,0.6681630132484446,0.0,0.000999000999000999,0.002206206795116929,False
1883,Endothelial,Plasma,Ursodeoxycholic acid,0.0,0.0,0.5,0.6681630132484446,0.0,0.000999000999000999,0.002206206795116929,False
1884,Endothelial,Plasma,Ursodeoxycholic acid 3-sulfate,0.0,0.0,0.5,0.6681630132484446,0.0,0.000999000999000999,0.002206206795116929,False
1885,Endothelial,Plasma,Varanic acid,0.0,0.0,0.5,0.6681630132484446,0.0,0.000999000999000999,0.002206206795116929,False
1886,Endothelial,Plasma,Vitamin D3,16.85161,0.9555671465953919,0.16964548317881312,0.6681630132484446,14.992675,0.11588411588411589,0.13404722468317862,False
1887,Endothelial,Plasma,Water,-3.3994303,-0.09638200303955963,0.5383914074660573,0.6681630132484446,0.0,0.17782217782217782,0.19799288115483488,False
1888,Endothelial,Plasma,Zinc,-0.36761647,-0.02084561782954234,0.5083155960660487,0.6681630132484446,0.0,0.02097902097902098,0.030000952411187658,False
1889,Endothelial,Plasma,alpha-Ketoisovaleric acid,1.4440463,0.08188435099973188,0.46736933936934294,0.6681630132484446,0.0,0.02197802197802198,0.03133903133903134,False
1890,Endothelial,T,"(3a,5b,7a)-23-Carboxy-7-hydroxy-24-norcholan-3-yl-b-D-Glucopyranosiduronic acid",0.0,0.0,0.5,0.6681630132484446,0.0,0.000999000999000999,0.002206206795116929,False
1891,Endothelial,T,17a-Ethynylestradiol,0.103417695,0.008529747685453051,0.4965971642702904,0.6681630132484446,0.0,0.23576423576423577,0.2552884615384616,False
1892,Endothelial,T,"1b,3a,12a-Trihydroxy-5b-cholanoic acid",0.0,0.0,0.5,0.6681630132484446,0.0,0.000999000999000999,0.002206206795116929,False
1893,Endothelial,T,2-Hydroxychlorpropamide,0.7894388,0.03759232305345081,0.4850063644564728,0.6681630132484446,0.0,0.25274725274725274,0.27206251344182375,False
1894,Endothelial,T,25-Hydroxycholesterol,0.36966383,0.030489359199960025,0.4878383897828617,0.6681630132484446,0.0,0.11588411588411589,0.13404722468317862,False
1895,Endothelial,T,"3',4'-Dihydrodiol",0.103417695,0.008529747685453051,0.4965971642702904,0.6681630132484446,0.0,0.23576423576423577,0.2552884615384616,False
1896,Endothelial,T,3-Sulfodeoxycholic acid,0.0,0.0,0.5,0.6681630132484446,0.0,0.000999000999000999,0.002206206795116929,False
1897,Endothelial,T,"3alpha,7alpha-Dihydroxycoprostanic acid",0.0,0.0,0.5,0.6681630132484446,0.0,0.000999000999000999,0.002206206795116929,False
1898,Endothelial,T,3b-Hydroxy-5-cholenoic acid,0.0,0.0,0.5,0.6681630132484446,0.0,0.000999000999000999,0.002206206795116929,False
1899,Endothelial,T,4'-Hydroxydiclofenac,0.103417695,0.008529747685453051,0.4965971642702904,0.6681630132484446,0.0,0.23576423576423577,0.2552884615384616,False
1900,Endothelial,T,4-Hydroxycyclophosphamide,0.103417695,0.008529747685453051,0.4965971642702904,0.6681630132484446,0.0,0.23576423576423577,0.2552884615384616,False
1901,Endothelial,T,4-ene-Valproic acid,-0.7300191,-0.034762813931419737,0.5138655635592256,0.6681630132484446,0.0,0.09490509490509491,0.11234921552653018,False
1902,Endothelial,T,5-Hydroxyomeprazole,2.1057591,0.07090459857844328,0.47173684172673264,0.6681630132484446,0.0,0.2907092907092907,0.3105140851749976,False
1903,Endothelial,T,8-Hydroxycarvedilol,0.103417695,0.008529747685453051,0.4965971642702904,0.6681630132484446,0.0,0.23576423576423577,0.2552884615384616,False
1904,Endothelial,T,Acetate,0.2363348,0.01125403812953404,0.4955103831359332,0.6681630132484446,17.011847,0.04995004995004995,0.06423340993762222,False
1905,Endothelial,T,Acetyl-L-Carnitine,0.3146662,0.02595323171072401,0.48964732078001316,0.6681630132484446,0.0,0.04095904095904096,0.05409684654967674,False
1906,Endothelial,T,Adenosine diphosphate ribose,0.8667317,0.07148682602924294,0.4715051545192551,0.6681630132484446,0.0,0.03196803196803197,0.04316805563882727,False
1907,Endothelial,T,Adenosine triphosphate,-7.7302876,-0.6375833712844376,0.7381275384714305,0.755389461740823,0.0,0.5034965034965035,0.5191535142435306,False
1908,Endothelial,T,Amiloride-sensitive sodium transport,0.79121417,0.06525824470326698,0.47398419367132183,0.6681630132484446,0.0,0.02097902097902098,0.030000952411187658,False
1909,Endothelial,T,Anion exchange,0.445796,0.02122838156563895,0.49153173708265396,0.6681630132484446,0.0,0.13586413586413587,0.15473105366285317,False
1910,Endothelial,T,Butyrate,-0.012848552,-0.0010597307340837502,0.5004227713165361,0.6681630132484446,0.0,0.008991008991008992,0.014633088846334503,False
1911,Endothelial,T,Cadmium,-0.8418961,-0.06943842137511662,0.5276796765621645,0.6681630132484446,0.0,0.012987012987012988,0.019964507542147295,False
1912,Endothelial,T,Chenodeoxycholic acid,0.0,0.0,0.5,0.6681630132484446,0.0,0.000999000999000999,0.002206206795116929,False
1913,Endothelial,T,Chenodeoxycholic acid 3-sulfate,0.0,0.0,0.5,0.6681630132484446,0.0,0.000999000999000999,0.002206206795116929,False
1914,Endothelial,T,Chloride,-2.9238386,-0.24115414452547215,0.5952821752396005,0.6770266346377942,0.0,0.05094905094905095,0.06533621818595912,False
1915,Endothelial,T,Chloride ion,-4.132786,-0.3408664274956854,0.6333979300970181,0.689957926697841,0.0,0.18981018981018982,0.2103269292268333,False
1916,Endothelial,T,Cholesterol,0.79014313,0.032584953577117805,0.48700278438272643,0.6681630132484446,0.0,0.3086913086913087,0.32770079185520357,False
1917,Endothelial,T,Cholic acid,1.3559151,0.06456738426571801,0.4742592270430133,0.6681630132484446,0.0,0.2837162837162837,0.30346563453524406,False
1918,Endothelial,T,Choline,0.3146662,0.02595323171072401,0.48964732078001316,0.6681630132484446,0.0,0.04095904095904096,0.05409684654967674,False
1919,Endothelial,T,Citric acid,5.510786,0.45452197331106053,0.3247265901409577,0.6681630132484446,17.011847,0.03896103896103896,0.05170432784373803,False
1920,Endothelial,T,Coprocholic acid,0.0,0.0,0.5,0.6681630132484446,0.0,0.000999000999000999,0.002206206795116929,False
1921,Endothelial,T,Cortisol,0.8532618,0.04063151563916888,0.4837948295242229,0.6681630132484446,0.0,0.24275724275724275,0.26187853242647763,False
1922,Endothelial,T,Creatine,0.3146662,0.02595323171072401,0.48964732078001316,0.6681630132484446,0.0,0.04095904095904096,0.05409684654967674,False
1923,Endothelial,T,D-Lactate,-0.012848552,-0.0010597307340837502,0.5004227713165361,0.6681630132484446,0.0,0.008991008991008992,0.014633088846334503,False
1924,Endothelial,T,Deoxycholic acid,0.0,0.0,0.5,0.6681630132484446,0.0,0.000999000999000999,0.002206206795116929,False
1925,Endothelial,T,Dopamine,0.3146662,0.02595323171072401,0.48964732078001316,0.6681630132484446,0.0,0.04095904095904096,0.05409684654967674,False
1926,Endothelial,T,E-3179,0.103417695,0.008529747685453051,0.4965971642702904,0.6681630132484446,0.0,0.23576423576423577,0.2552884615384616,False
1927,Endothelial,T,Estradiol,6.7601223,0.24935086745814336,0.4015446935245045,0.6681630132484446,17.011847,0.22377622377622378,0.2436400990996435,False
1928,Endothelial,T,Estriol,0.103417695,0.008529747685453051,0.4965971642702904,0.6681630132484446,0.0,0.23576423576423577,0.2552884615384616,False
1929,Endothelial,T,Fatty acid,21.696684,0.800294241422563,0.21177016936161808,0.6681630132484446,118.24479,0.37162837162837165,0.3876256194136989,False
1930,Endothelial,T,Folic acid,0.35381106,0.016848145496277583,0.4932788803928602,0.6681630132484446,0.0,0.003996003996003996,0.007468259895444362,False
1931,Endothelial,T,Folinic acid,0.0,0.0,0.5,0.6681630132484446,0.0,0.000999000999000999,0.002206206795116929,False
1932,Endothelial,T,Glutathione,0.0,0.0,0.5,0.6681630132484446,0.0,0.000999000999000999,0.002206206795116929,False
1933,Endothelial,T,Glycerol,0.103417695,0.008529747685453051,0.4965971642702904,0.6681630132484446,0.0,0.23576423576423577,0.2552884615384616,False
1934,Endothelial,T,Glycochenodeoxycholate-3-sulfate,0.0,0.0,0.5,0.6681630132484446,0.0,0.000999000999000999,0.002206206795116929,False
1935,Endothelial,T,Glycyl-glycine,0.0,0.0,0.5,0.6681630132484446,0.0,0.000999000999000999,0.002206206795116929,False
1936,Endothelial,T,Histamine,0.3146662,0.02595323171072401,0.48964732078001316,0.6681630132484446,0.0,0.04095904095904096,0.05409684654967674,False
1937,Endothelial,T,Hydroxylansoprazole,0.8532618,0.04063151563916888,0.4837948295242229,0.6681630132484446,0.0,0.24275724275724275,0.26187853242647763,False
1938,Endothelial,T,Hyodeoxycholic acid,0.0,0.0,0.5,0.6681630132484446,0.0,0.000999000999000999,0.002206206795116929,False
1939,Endothelial,T,Iron,-4.515356,-0.26334091341420707,0.6038560860752692,0.6792278325761427,0.0,0.5314685314685315,0.5464505820588906,False
1940,Endothelial,T,Isoursodeoxycholic acid,0.0,0.0,0.5,0.6681630132484446,0.0,0.000999000999000999,0.002206206795116929,False
1941,Endothelial,T,Ketone bodies,-0.012848552,-0.0010597307340837502,0.5004227713165361,0.6681630132484446,0.0,0.008991008991008992,0.014633088846334503,False
1942,Endothelial,T,L-Arginine,0.0,0.0,0.5,0.6681630132484446,0.0,0.000999000999000999,0.002206206795116929,False
1943,Endothelial,T,L-Carnitine,0.57159007,0.023571977031848525,0.490597012513759,0.6681630132484446,0.0,0.06493506493506493,0.08063071134205338,False
1944,Endothelial,T,L-Cystine,0.0,0.0,0.5,0.6681630132484446,0.0,0.000999000999000999,0.002206206795116929,False
1945,Endothelial,T,L-Dopa,0.0,0.0,0.5,0.6681630132484446,0.0,0.000999000999000999,0.002206206795116929,False
1946,Endothelial,T,L-Glutamate,-0.012848552,-0.0007493427883024177,0.5002989444927908,0.6681630132484446,0.0,0.008991008991008992,0.014633088846334503,False
1947,Endothelial,T,L-Lactate,-0.012848552,-0.0010597307340837502,0.5004227713165361,0.6681630132484446,0.0,0.008991008991008992,0.014633088846334503,False
1948,Endothelial,T,L-Lysine,0.0,0.0,0.5,0.6681630132484446,0.0,0.000999000999000999,0.002206206795116929,False
1949,Endothelial,T,L-Ornithine,0.0,0.0,0.5,0.6681630132484446,0.0,0.000999000999000999,0.002206206795116929,False
1950,Endothelial,T,Lithocholic acid,0.0,0.0,0.5,0.6681630132484446,0.0,0.000999000999000999,0.002206206795116929,False
1951,Endothelial,T,Manganese,-0.8418961,-0.06943842137511662,0.5276796765621645,0.6681630132484446,0.0,0.012987012987012988,0.019964507542147295,False
1952,Endothelial,T,N-Desmethylcitalopram,0.103417695,0.008529747685453051,0.4965971642702904,0.6681630132484446,0.0,0.23576423576423577,0.2552884615384616,False
1953,Endothelial,T,N-Desmethyleletriptan,0.103417695,0.008529747685453051,0.4965971642702904,0.6681630132484446,0.0,0.23576423576423577,0.2552884615384616,False
1954,Endothelial,T,N-Desmethyltamoxifen,0.8532618,0.04063151563916888,0.4837948295242229,0.6681630132484446,0.0,0.24275724275724275,0.26187853242647763,False
1955,Endothelial,T,N-desmethylimatinib,1.2493362,0.051521758286944136,0.47945488213428816,0.6681630132484446,0.0,0.24975024975024976,0.2689618074233459,False
1956,Endothelial,T,Neurotransmitter,0.14445528,0.011914471004873825,0.4952469262212681,0.6681630132484446,0.0,0.000999000999000999,0.002206206795116929,False
1957,Endothelial,T,Nicotinate,-0.48083544,-0.017735882312072418,0.5070752224004447,0.6681630132484446,17.011847,0.0899100899100899,0.10676438023936309,False
1958,Endothelial,T,Norepinephrine,0.3146662,0.02595323171072401,0.48964732078001316,0.6681630132484446,0.0,0.04095904095904096,0.05409684654967674,False
1959,Endothelial,T,O-Deethylated candesartan,0.103417695,0.008529747685453051,0.4965971642702904,0.6681630132484446,0.0,0.23576423576423577,0.2552884615384616,False
1960,Endothelial,T,O-Desmethylverapamil (D-702),2.5498755,0.054301856640782374,0.4783473351761886,0.6681630132484446,0.0,0.5084915084915085,0.5238362054178911,False
1961,Endothelial,T,Oxalic acid,5.510786,0.45452197331106053,0.3247265901409577,0.6681630132484446,17.011847,0.03896103896103896,0.05170432784373803,False
1962,Endothelial,T,Phosphate,0.43332827,0.03574031340837381,0.4857447128105631,0.6681630132484446,0.0,0.007992007992007992,0.01321828529465761,False
1963,Endothelial,T,Progesterone,0.49949217,0.02913097483717316,0.48838006596390704,0.6681630132484446,0.0,0.24275724275724275,0.26187853242647763,False
1964,Endothelial,T,Pyruvate,-0.012848552,-0.0010597307340837502,0.5004227713165361,0.6681630132484446,0.0,0.008991008991008992,0.014633088846334503,False
1965,Endothelial,T,Sodium,-10.746171,-0.3133647099150399,0.6229982038074691,0.6861812576258235,0.0,0.4695304695304695,0.4853589131632091,False
1966,Endothelial,T,Sodium_hydrogen exchange,12.172744,0.5796544665382022,0.28107382752480803,0.6681630132484446,18.63219,0.08791208791208792,0.10491316845716708,False
1967,Endothelial,T,Sulfolithocholic acid,0.0,0.0,0.5,0.6681630132484446,0.0,0.000999000999000999,0.002206206795116929,False
1968,Endothelial,T,Taurocholic acid,4.8592515,0.11115756734823697,0.45574569969612344,0.6681630132484446,17.011847,0.2887112887112887,0.30857020832344706,False
1969,Endothelial,T,Testosterone,0.36442143,0.012270707734194778,0.49510481871948225,0.6681630132484446,0.0,0.2887112887112887,0.30857020832344706,False
1970,Endothelial,T,Trihydroxycoprostanoic acid,0.0,0.0,0.5,0.6681630132484446,0.0,0.000999000999000999,0.002206206795116929,False
1971,Endothelial,T,Urea,0.0,0.0,0.5,0.6681630132484446,0.0,0.000999000999000999,0.002206206795116929,False
1972,Endothelial,T,Ursocholic acid,0.0,0.0,0.5,0.6681630132484446,0.0,0.000999000999000999,0.002206206795116929,False
1973,Endothelial,T,Ursodeoxycholic acid,0.0,0.0,0.5,0.6681630132484446,0.0,0.000999000999000999,0.002206206795116929,False
1974,Endothelial,T,Ursodeoxycholic acid 3-sulfate,0.0,0.0,0.5,0.6681630132484446,0.0,0.000999000999000999,0.002206206795116929,False
1975,Endothelial,T,Varanic acid,0.0,0.0,0.5,0.6681630132484446,0.0,0.000999000999000999,0.002206206795116929,False
1976,Endothelial,T,Vitamin D3,-0.063118726,-0.005205944779388428,0.5020768621007909,0.6681630132484446,0.0,0.0939060939060939,0.11122359097064274,False
1977,Endothelial,T,Water,1.0105184,0.041673077753000554,0.48337965807579797,0.6681630132484446,0.0,0.1108891108891109,0.1290881132977555,False
1978,Endothelial,T,Zinc,-0.8418961,-0.06943842137511662,0.5276796765621645,0.6681630132484446,0.0,0.012987012987012988,0.019964507542147295,False
1979,Endothelial,T,alpha-Ketoisovaleric acid,-0.012848552,-0.0010597307340837502,0.5004227713165361,0.6681630132484446,0.0,0.008991008991008992,0.014633088846334503,False
1980,Enteric_glia,Enteric_glia,"(3a,5b,7a)-23-Carboxy-7-hydroxy-24-norcholan-3-yl-b-D-Glucopyranosiduronic acid",0.071428575,0.02916059347957027,0.4883682548528647,0.6681630132484446,0.0,0.001998001998001998,0.00412210593812261,False
1981,Enteric_glia,Enteric_glia,17a-Ethynylestradiol,0.0,0.0,0.5,0.6681630132484446,0.0,0.000999000999000999,0.002206206795116929,False
1982,Enteric_glia,Enteric_glia,"1b,3a,12a-Trihydroxy-5b-cholanoic acid",0.071428575,0.02916059347957027,0.4883682548528647,0.6681630132484446,0.0,0.001998001998001998,0.00412210593812261,False
1983,Enteric_glia,Enteric_glia,2-Hydroxychlorpropamide,0.0,0.0,0.5,0.6681630132484446,0.0,0.000999000999000999,0.002206206795116929,False
1984,Enteric_glia,Enteric_glia,25-Hydroxycholesterol,-1.3278288,-0.5420838233054818,0.706119618930176,0.7353957327744988,0.0,0.027972027972027972,0.038684125692706815,False
1985,Enteric_glia,Enteric_glia,"3',4'-Dihydrodiol",0.0,0.0,0.5,0.6681630132484446,0.0,0.000999000999000999,0.002206206795116929,False
1986,Enteric_glia,Enteric_glia,3-Sulfodeoxycholic acid,0.071428575,0.02916059347957027,0.4883682548528647,0.6681630132484446,0.0,0.001998001998001998,0.00412210593812261,False
1987,Enteric_glia,Enteric_glia,"3alpha,7alpha-Dihydroxycoprostanic acid",0.071428575,0.02916059347957027,0.4883682548528647,0.6681630132484446,0.0,0.001998001998001998,0.00412210593812261,False
1988,Enteric_glia,Enteric_glia,3b-Hydroxy-5-cholenoic acid,0.071428575,0.02916059347957027,0.4883682548528647,0.6681630132484446,0.0,0.001998001998001998,0.00412210593812261,False
1989,Enteric_glia,Enteric_glia,4'-Hydroxydiclofenac,0.0,0.0,0.5,0.6681630132484446,0.0,0.000999000999000999,0.002206206795116929,False
1990,Enteric_glia,Enteric_glia,4-Hydroxycyclophosphamide,0.0,0.0,0.5,0.6681630132484446,0.0,0.000999000999000999,0.002206206795116929,False
1991,Enteric_glia,Enteric_glia,4-ene-Valproic acid,0.03549082,0.008365266101712425,0.49666278058707375,0.6681630132484446,0.0,0.000999000999000999,0.002206206795116929,False
1992,Enteric_glia,Enteric_glia,5-Hydroxyomeprazole,0.071428575,0.011904762436946234,0.4952507991048239,0.6681630132484446,0.0,0.001998001998001998,0.00412210593812261,False
1993,Enteric_glia,Enteric_glia,8-Hydroxycarvedilol,0.0,0.0,0.5,0.6681630132484446,0.0,0.000999000999000999,0.002206206795116929,False
1994,Enteric_glia,Enteric_glia,Acetate,0.071428575,0.016835876495159142,0.4932837743220057,0.6681630132484446,0.0,0.000999000999000999,0.002206206795116929,False
1995,Enteric_glia,Enteric_glia,Acetyl-L-Carnitine,0.03549082,0.01448906590699956,0.4942199012458242,0.6681630132484446,0.0,0.000999000999000999,0.002206206795116929,False
1996,Enteric_glia,Enteric_glia,Adenosine diphosphate ribose,0.0,0.0,0.5,0.6681630132484446,0.0,0.000999000999000999,0.002206206795116929,False
1997,Enteric_glia,Enteric_glia,Adenosine triphosphate,0.16985764,0.06934408955764657,0.4723578658930965,0.6681630132484446,0.0,0.006993006993006993,0.011945165999886237,False
1998,Enteric_glia,Enteric_glia,Amiloride-sensitive sodium transport,0.0,0.0,0.5,0.6681630132484446,0.0,0.000999000999000999,0.002206206795116929,False
1999,Enteric_glia,Enteric_glia,Anion exchange,0.0,0.0,0.5,0.6681630132484446,0.0,0.000999000999000999,0.002206206795116929,False
2000,Enteric_glia,Enteric_glia,Butyrate,0.0,0.0,0.5,0.6681630132484446,0.0,0.000999000999000999,0.002206206795116929,False
2001,Enteric_glia,Enteric_glia,Cadmium,0.071428575,0.02916059347957027,0.4883682548528647,0.6681630132484446,0.0,0.000999000999000999,0.002206206795116929,False
2002,Enteric_glia,Enteric_glia,Chenodeoxycholic acid,0.071428575,0.02916059347957027,0.4883682548528647,0.6681630132484446,0.0,0.001998001998001998,0.00412210593812261,False
2003,Enteric_glia,Enteric_glia,Chenodeoxycholic acid 3-sulfate,0.071428575,0.02916059347957027,0.4883682548528647,0.6681630132484446,0.0,0.001998001998001998,0.00412210593812261,False
2004,Enteric_glia,Enteric_glia,Chloride,-1.7142857,-0.6998542191761922,0.7579908248187532,0.7716874417502512,0.0,0.017982017982017984,0.02639038217183071,False
2005,Enteric_glia,Enteric_glia,Chloride ion,0.24749643,0.10103999285348589,0.45975935645098875,0.6681630132484446,0.0,0.013986013986013986,0.02125506072874494,False
2006,Enteric_glia,Enteric_glia,Cholesterol,0.0,0.0,0.5,0.6681630132484446,0.0,0.000999000999000999,0.002206206795116929,False
2007,Enteric_glia,Enteric_glia,Cholic acid,0.071428575,0.016835876495159142,0.4932837743220057,0.6681630132484446,0.0,0.001998001998001998,0.00412210593812261,False
2008,Enteric_glia,Enteric_glia,Choline,0.03549082,0.01448906590699956,0.4942199012458242,0.6681630132484446,0.0,0.000999000999000999,0.002206206795116929,False
2009,Enteric_glia,Enteric_glia,Citric acid,0.071428575,0.02916059347957027,0.4883682548528647,0.6681630132484446,0.0,0.000999000999000999,0.002206206795116929,False
2010,Enteric_glia,Enteric_glia,Coprocholic acid,0.071428575,0.02916059347957027,0.4883682548528647,0.6681630132484446,0.0,0.001998001998001998,0.00412210593812261,False
2011,Enteric_glia,Enteric_glia,Cortisol,0.0,0.0,0.5,0.6681630132484446,0.0,0.000999000999000999,0.002206206795116929,False
2012,Enteric_glia,Enteric_glia,Creatine,0.03549082,0.01448906590699956,0.4942199012458242,0.6681630132484446,0.0,0.000999000999000999,0.002206206795116929,False
2013,Enteric_glia,Enteric_glia,D-Lactate,0.0,0.0,0.5,0.6681630132484446,0.0,0.000999000999000999,0.002206206795116929,False
2014,Enteric_glia,Enteric_glia,Deoxycholic acid,0.071428575,0.02916059347957027,0.4883682548528647,0.6681630132484446,0.0,0.001998001998001998,0.00412210593812261,False
2015,Enteric_glia,Enteric_glia,Dopamine,0.03549082,0.01448906590699956,0.4942199012458242,0.6681630132484446,0.0,0.000999000999000999,0.002206206795116929,False
2016,Enteric_glia,Enteric_glia,E-3179,0.0,0.0,0.5,0.6681630132484446,0.0,0.000999000999000999,0.002206206795116929,False
2017,Enteric_glia,Enteric_glia,Estradiol,0.071428575,0.01304101385691125,0.4947975356557496,0.6681630132484446,0.0,0.000999000999000999,0.002206206795116929,False
2018,Enteric_glia,Enteric_glia,Estriol,0.0,0.0,0.5,0.6681630132484446,0.0,0.000999000999000999,0.002206206795116929,False
2019,Enteric_glia,Enteric_glia,Fatty acid,0.49992636,0.0912736478735705,0.4636375782597343,0.6681630132484446,0.0,0.04095904095904096,0.05409684654967674,False
2020,Enteric_glia,Enteric_glia,Folic acid,0.071428575,0.016835876495159142,0.4932837743220057,0.6681630132484446,0.0,0.001998001998001998,0.00412210593812261,False
2021,Enteric_glia,Enteric_glia,Folinic acid,0.071428575,0.02916059347957027,0.4883682548528647,0.6681630132484446,0.0,0.001998001998001998,0.00412210593812261,False
2022,Enteric_glia,Enteric_glia,Glutathione,0.071428575,0.02916059347957027,0.4883682548528647,0.6681630132484446,0.0,0.001998001998001998,0.00412210593812261,False
2023,Enteric_glia,Enteric_glia,Glycerol,0.0,0.0,0.5,0.6681630132484446,0.0,0.000999000999000999,0.002206206795116929,False
2024,Enteric_glia,Enteric_glia,Glycochenodeoxycholate-3-sulfate,0.071428575,0.02916059347957027,0.4883682548528647,0.6681630132484446,0.0,0.001998001998001998,0.00412210593812261,False
2025,Enteric_glia,Enteric_glia,Glycyl-glycine,0.0,0.0,0.5,0.6681630132484446,0.0,0.000999000999000999,0.002206206795116929,False
2026,Enteric_glia,Enteric_glia,Histamine,0.03549082,0.01448906590699956,0.4942199012458242,0.6681630132484446,0.0,0.000999000999000999,0.002206206795116929,False
2027,Enteric_glia,Enteric_glia,Hydroxylansoprazole,0.0,0.0,0.5,0.6681630132484446,0.0,0.000999000999000999,0.002206206795116929,False
2028,Enteric_glia,Enteric_glia,Hyodeoxycholic acid,0.071428575,0.02916059347957027,0.4883682548528647,0.6681630132484446,0.0,0.001998001998001998,0.00412210593812261,False
2029,Enteric_glia,Enteric_glia,Iron,0.31690216,0.09148177387744708,0.46355489392129146,0.6681630132484446,0.0,0.013986013986013986,0.02125506072874494,False
2030,Enteric_glia,Enteric_glia,Isoursodeoxycholic acid,0.071428575,0.02916059347957027,0.4883682548528647,0.6681630132484446,0.0,0.001998001998001998,0.00412210593812261,False
2031,Enteric_glia,Enteric_glia,Ketone bodies,0.0,0.0,0.5,0.6681630132484446,0.0,0.000999000999000999,0.002206206795116929,False
2032,Enteric_glia,Enteric_glia,L-Arginine,0.03549082,0.01448906590699956,0.4942199012458242,0.6681630132484446,0.0,0.000999000999000999,0.002206206795116929,False
2033,Enteric_glia,Enteric_glia,L-Carnitine,0.03549082,0.00724453295349978,0.49710987478364066,0.6681630132484446,0.0,0.000999000999000999,0.002206206795116929,False
2034,Enteric_glia,Enteric_glia,L-Cystine,0.03549082,0.01448906590699956,0.4942199012458242,0.6681630132484446,0.0,0.000999000999000999,0.002206206795116929,False
2035,Enteric_glia,Enteric_glia,L-Dopa,0.0,0.0,0.5,0.6681630132484446,0.0,0.000999000999000999,0.002206206795116929,False
2036,Enteric_glia,Enteric_glia,L-Glutamate,0.0,0.0,0.5,0.6681630132484446,0.0,0.000999000999000999,0.002206206795116929,False
2037,Enteric_glia,Enteric_glia,L-Lactate,0.0,0.0,0.5,0.6681630132484446,0.0,0.000999000999000999,0.002206206795116929,False
2038,Enteric_glia,Enteric_glia,L-Lysine,0.03549082,0.01448906590699956,0.4942199012458242,0.6681630132484446,0.0,0.000999000999000999,0.002206206795116929,False
2039,Enteric_glia,Enteric_glia,L-Ornithine,0.03549082,0.01448906590699956,0.4942199012458242,0.6681630132484446,0.0,0.000999000999000999,0.002206206795116929,False
2040,Enteric_glia,Enteric_glia,Lithocholic acid,0.071428575,0.02916059347957027,0.4883682548528647,0.6681630132484446,0.0,0.001998001998001998,0.00412210593812261,False
2041,Enteric_glia,Enteric_glia,Manganese,0.071428575,0.02916059347957027,0.4883682548528647,0.6681630132484446,0.0,0.000999000999000999,0.002206206795116929,False
2042,Enteric_glia,Enteric_glia,N-Desmethylcitalopram,0.0,0.0,0.5,0.6681630132484446,0.0,0.000999000999000999,0.002206206795116929,False
2043,Enteric_glia,Enteric_glia,N-Desmethyleletriptan,0.0,0.0,0.5,0.6681630132484446,0.0,0.000999000999000999,0.002206206795116929,False
2044,Enteric_glia,Enteric_glia,N-Desmethyltamoxifen,0.0,0.0,0.5,0.6681630132484446,0.0,0.000999000999000999,0.002206206795116929,False
2045,Enteric_glia,Enteric_glia,N-desmethylimatinib,0.0,0.0,0.5,0.6681630132484446,0.0,0.000999000999000999,0.002206206795116929,False
2046,Enteric_glia,Enteric_glia,Neurotransmitter,0.03549082,0.01448906590699956,0.4942199012458242,0.6681630132484446,0.0,0.000999000999000999,0.002206206795116929,False
2047,Enteric_glia,Enteric_glia,Nicotinate,0.10691939,0.01952072111661638,0.4922128535655892,0.6681630132484446,0.0,0.000999000999000999,0.002206206795116929,False
2048,Enteric_glia,Enteric_glia,Norepinephrine,0.03549082,0.01448906590699956,0.4942199012458242,0.6681630132484446,0.0,0.000999000999000999,0.002206206795116929,False
2049,Enteric_glia,Enteric_glia,O-Deethylated candesartan,0.0,0.0,0.5,0.6681630132484446,0.0,0.000999000999000999,0.002206206795116929,False
2050,Enteric_glia,Enteric_glia,O-Desmethylverapamil (D-702),0.15726876,0.016577583152531373,0.49338680407727054,0.6681630132484446,0.0,0.001998001998001998,0.00412210593812261,False
2051,Enteric_glia,Enteric_glia,Oxalic acid,0.071428575,0.02916059347957027,0.4883682548528647,0.6681630132484446,0.0,0.000999000999000999,0.002206206795116929,False
2052,Enteric_glia,Enteric_glia,Phosphate,0.0,0.0,0.5,0.6681630132484446,0.0,0.000999000999000999,0.002206206795116929,False
2053,Enteric_glia,Enteric_glia,Progesterone,0.0,0.0,0.5,0.6681630132484446,0.0,0.000999000999000999,0.002206206795116929,False
2054,Enteric_glia,Enteric_glia,Pyruvate,0.0,0.0,0.5,0.6681630132484446,0.0,0.000999000999000999,0.002206206795116929,False
2055,Enteric_glia,Enteric_glia,Sodium,0.99022496,0.14292666143783833,0.4431740509787754,0.6681630132484446,0.0,0.04495504495504495,0.05879193461756209,False
2056,Enteric_glia,Enteric_glia,Sodium_hydrogen exchange,0.035714287,0.008417938247579571,0.4966417681809395,0.6681630132484446,0.0,0.000999000999000999,0.002206206795116929,False
2057,Enteric_glia,Enteric_glia,Sulfolithocholic acid,0.071428575,0.02916059347957027,0.4883682548528647,0.6681630132484446,0.0,0.001998001998001998,0.00412210593812261,False
2058,Enteric_glia,Enteric_glia,Taurocholic acid,0.14285715,0.016175386925161767,0.49354723564185116,0.6681630132484446,0.0,0.001998001998001998,0.00412210593812261,False
2059,Enteric_glia,Enteric_glia,Testosterone,0.0,0.0,0.5,0.6681630132484446,0.0,0.000999000999000999,0.002206206795116929,False
2060,Enteric_glia,Enteric_glia,Trihydroxycoprostanoic acid,0.071428575,0.02916059347957027,0.4883682548528647,0.6681630132484446,0.0,0.001998001998001998,0.00412210593812261,False
2061,Enteric_glia,Enteric_glia,Urea,0.10714286,0.04374088869851201,0.4825554729612938,0.6681630132484446,0.0,0.003996003996003996,0.007468259895444362,False
2062,Enteric_glia,Enteric_glia,Ursocholic acid,0.071428575,0.02916059347957027,0.4883682548528647,0.6681630132484446,0.0,0.001998001998001998,0.00412210593812261,False
2063,Enteric_glia,Enteric_glia,Ursodeoxycholic acid,0.071428575,0.02916059347957027,0.4883682548528647,0.6681630132484446,0.0,0.001998001998001998,0.00412210593812261,False
2064,Enteric_glia,Enteric_glia,Ursodeoxycholic acid 3-sulfate,0.071428575,0.02916059347957027,0.4883682548528647,0.6681630132484446,0.0,0.001998001998001998,0.00412210593812261,False
2065,Enteric_glia,Enteric_glia,Varanic acid,0.071428575,0.02916059347957027,0.4883682548528647,0.6681630132484446,0.0,0.001998001998001998,0.00412210593812261,False
2066,Enteric_glia,Enteric_glia,Vitamin D3,0.0,0.0,0.5,0.6681630132484446,0.0,0.000999000999000999,0.002206206795116929,False
2067,Enteric_glia,Enteric_glia,Water,0.17857143,0.036450741089041144,0.4854614777492943,0.6681630132484446,0.0,0.008991008991008992,0.014633088846334503,False
2068,Enteric_glia,Enteric_glia,Zinc,0.071428575,0.02916059347957027,0.4883682548528647,0.6681630132484446,0.0,0.000999000999000999,0.002206206795116929,False
2069,Enteric_glia,Enteric_glia,alpha-Ketoisovaleric acid,0.0,0.0,0.5,0.6681630132484446,0.0,0.000999000999000999,0.002206206795116929,False
2070,Enteric_glia,Fibroblast,"(3a,5b,7a)-23-Carboxy-7-hydroxy-24-norcholan-3-yl-b-D-Glucopyranosiduronic acid",0.22058873,0.034450171604659297,0.48625908801875534,0.6681630132484446,0.0,0.002997002997002997,0.005910424237117464,False
2071,Enteric_glia,Fibroblast,17a-Ethynylestradiol,0.0,0.0,0.5,0.6681630132484446,0.0,0.000999000999000999,0.002206206795116929,False
2072,Enteric_glia,Fibroblast,"1b,3a,12a-Trihydroxy-5b-cholanoic acid",0.22058873,0.034450171604659297,0.48625908801875534,0.6681630132484446,0.0,0.002997002997002997,0.005910424237117464,False
2073,Enteric_glia,Fibroblast,2-Hydroxychlorpropamide,0.0,0.0,0.5,0.6681630132484446,0.0,0.000999000999000999,0.002206206795116929,False
2074,Enteric_glia,Fibroblast,25-Hydroxycholesterol,7.8269486,1.222364013644175,0.11078500078843384,0.6681630132484446,39.047726,0.023976023976023976,0.033736821554080434,True
2075,Enteric_glia,Fibroblast,"3',4'-Dihydrodiol",0.0,0.0,0.5,0.6681630132484446,0.0,0.000999000999000999,0.002206206795116929,False
2076,Enteric_glia,Fibroblast,3-Sulfodeoxycholic acid,0.22058873,0.034450171604659297,0.48625908801875534,0.6681630132484446,0.0,0.002997002997002997,0.005910424237117464,False
2077,Enteric_glia,Fibroblast,"3alpha,7alpha-Dihydroxycoprostanic acid",0.22058873,0.034450171604659297,0.48625908801875534,0.6681630132484446,0.0,0.002997002997002997,0.005910424237117464,False
2078,Enteric_glia,Fibroblast,3b-Hydroxy-5-cholenoic acid,0.22058873,0.034450171604659297,0.48625908801875534,0.6681630132484446,0.0,0.002997002997002997,0.005910424237117464,False
2079,Enteric_glia,Fibroblast,4'-Hydroxydiclofenac,0.0,0.0,0.5,0.6681630132484446,0.0,0.000999000999000999,0.002206206795116929,False
2080,Enteric_glia,Fibroblast,4-Hydroxycyclophosphamide,0.0,0.0,0.5,0.6681630132484446,0.0,0.000999000999000999,0.002206206795116929,False
2081,Enteric_glia,Fibroblast,4-ene-Valproic acid,-1.0791637,-0.09730491125620372,0.5387578720536129,0.6681630132484446,0.0,0.007992007992007992,0.01321828529465761,False
2082,Enteric_glia,Fibroblast,5-Hydroxyomeprazole,-2.4171164,-0.15410971316858302,0.561238385113326,0.6681630132484446,0.0,0.008991008991008992,0.014633088846334503,False
2083,Enteric_glia,Fibroblast,8-Hydroxycarvedilol,0.0,0.0,0.5,0.6681630132484446,0.0,0.000999000999000999,0.002206206795116929,False
2084,Enteric_glia,Fibroblast,Acetate,2.0147328,0.18166234217007013,0.42792386037663294,0.6681630132484446,18.575953,0.07892107892107893,0.09538246894368277,False
2085,Enteric_glia,Fibroblast,Acetyl-L-Carnitine,-1.0791637,-0.1685370501217256,0.5669196006307841,0.6681630132484446,0.0,0.007992007992007992,0.01321828529465761,False
2086,Enteric_glia,Fibroblast,Adenosine diphosphate ribose,0.0,0.0,0.5,0.6681630132484446,0.0,0.000999000999000999,0.002206206795116929,False
2087,Enteric_glia,Fibroblast,Adenosine triphosphate,-2.9704702,-0.4639095041577928,0.678643708388642,0.7201042564895558,0.0,0.0959040959040959,0.11345431625390655,False
2088,Enteric_glia,Fibroblast,Amiloride-sensitive sodium transport,0.0,0.0,0.5,0.6681630132484446,0.0,0.000999000999000999,0.002206206795116929,False
2089,Enteric_glia,Fibroblast,Anion exchange,0.0,0.0,0.5,0.6681630132484446,0.0,0.000999000999000999,0.002206206795116929,False
2090,Enteric_glia,Fibroblast,Butyrate,0.0,0.0,0.5,0.6681630132484446,0.0,0.000999000999000999,0.002206206795116929,False
2091,Enteric_glia,Fibroblast,Cadmium,-0.55476713,-0.08664006994620459,0.5345211927869669,0.6681630132484446,0.0,0.006993006993006993,0.011945165999886237,False
2092,Enteric_glia,Fibroblast,Chenodeoxycholic acid,0.22058873,0.034450171604659297,0.48625908801875534,0.6681630132484446,0.0,0.002997002997002997,0.005910424237117464,False
2093,Enteric_glia,Fibroblast,Chenodeoxycholic acid 3-sulfate,0.22058873,0.034450171604659297,0.48625908801875534,0.6681630132484446,0.0,0.002997002997002997,0.005910424237117464,False
2094,Enteric_glia,Fibroblast,Chloride,-1.5389501,-0.24034362423318403,0.5949680606652061,0.6770266346377942,0.0,0.1088911088911089,0.12686876002276137,False
2095,Enteric_glia,Fibroblast,Chloride ion,1.6792476,0.26225441760205553,0.3965626509338911,0.6681630132484446,0.0,0.0989010989010989,0.1163246122512925,False
2096,Enteric_glia,Fibroblast,Cholesterol,0.0,0.0,0.5,0.6681630132484446,0.0,0.000999000999000999,0.002206206795116929,False
2097,Enteric_glia,Fibroblast,Cholic acid,0.22058873,0.019889815849578846,0.49206563465712216,0.6681630132484446,0.0,0.002997002997002997,0.005910424237117464,False
2098,Enteric_glia,Fibroblast,Choline,-1.0791637,-0.1685370501217256,0.5669196006307841,0.6681630132484446,0.0,0.007992007992007992,0.01321828529465761,False
2099,Enteric_glia,Fibroblast,Citric acid,2.0147328,0.3146484064605237,0.3765143107314173,0.6681630132484446,18.575953,0.07892107892107893,0.09538246894368277,False
2100,Enteric_glia,Fibroblast,Coprocholic acid,0.22058873,0.034450171604659297,0.48625908801875534,0.6681630132484446,0.0,0.002997002997002997,0.005910424237117464,False
2101,Enteric_glia,Fibroblast,Cortisol,0.0,0.0,0.5,0.6681630132484446,0.0,0.000999000999000999,0.002206206795116929,False
2102,Enteric_glia,Fibroblast,Creatine,-1.0791637,-0.1685370501217256,0.5669196006307841,0.6681630132484446,0.0,0.007992007992007992,0.01321828529465761,False
2103,Enteric_glia,Fibroblast,D-Lactate,0.0,0.0,0.5,0.6681630132484446,0.0,0.000999000999000999,0.002206206795116929,False
2104,Enteric_glia,Fibroblast,Deoxycholic acid,0.22058873,0.034450171604659297,0.48625908801875534,0.6681630132484446,0.0,0.002997002997002997,0.005910424237117464,False
2105,Enteric_glia,Fibroblast,Dopamine,-1.0791637,-0.1685370501217256,0.5669196006307841,0.6681630132484446,0.0,0.007992007992007992,0.01321828529465761,False
2106,Enteric_glia,Fibroblast,E-3179,0.0,0.0,0.5,0.6681630132484446,0.0,0.000999000999000999,0.002206206795116929,False
2107,Enteric_glia,Fibroblast,Estradiol,2.0147328,0.140715045171543,0.44404752951690724,0.6681630132484446,18.575953,0.07892107892107893,0.09538246894368277,False
2108,Enteric_glia,Fibroblast,Estriol,0.0,0.0,0.5,0.6681630132484446,0.0,0.000999000999000999,0.002206206795116929,False
2109,Enteric_glia,Fibroblast,Fatty acid,2.3295832,0.16270514610668738,0.43537529749000226,0.6681630132484446,17.449646,0.2827172827172827,0.3024904692343321,False
2110,Enteric_glia,Fibroblast,Folic acid,-2.4171164,-0.21794404645643767,0.5862636460885573,0.6757829453416005,0.0,0.008991008991008992,0.014633088846334503,False
2111,Enteric_glia,Fibroblast,Folinic acid,0.22058873,0.034450171604659297,0.48625908801875534,0.6681630132484446,0.0,0.002997002997002997,0.005910424237117464,False
2112,Enteric_glia,Fibroblast,Glutathione,0.22058873,0.034450171604659297,0.48625908801875534,0.6681630132484446,0.0,0.002997002997002997,0.005910424237117464,False
2113,Enteric_glia,Fibroblast,Glycerol,0.0,0.0,0.5,0.6681630132484446,0.0,0.000999000999000999,0.002206206795116929,False
2114,Enteric_glia,Fibroblast,Glycochenodeoxycholate-3-sulfate,0.22058873,0.034450171604659297,0.48625908801875534,0.6681630132484446,0.0,0.002997002997002997,0.005910424237117464,False
2115,Enteric_glia,Fibroblast,Glycyl-glycine,0.0,0.0,0.5,0.6681630132484446,0.0,0.000999000999000999,0.002206206795116929,False
2116,Enteric_glia,Fibroblast,Histamine,-1.0791637,-0.1685370501217256,0.5669196006307841,0.6681630132484446,0.0,0.007992007992007992,0.01321828529465761,False
2117,Enteric_glia,Fibroblast,Hydroxylansoprazole,0.0,0.0,0.5,0.6681630132484446,0.0,0.000999000999000999,0.002206206795116929,False
2118,Enteric_glia,Fibroblast,Hyodeoxycholic acid,0.22058873,0.034450171604659297,0.48625908801875534,0.6681630132484446,0.0,0.002997002997002997,0.005910424237117464,False
2119,Enteric_glia,Fibroblast,Iron,11.047894,1.2200357417864989,0.11122566298444841,0.6681630132484446,39.784843,0.01898101898101898,0.02770980862407026,True
2120,Enteric_glia,Fibroblast,Isoursodeoxycholic acid,0.22058873,0.034450171604659297,0.48625908801875534,0.6681630132484446,0.0,0.002997002997002997,0.005910424237117464,False
2121,Enteric_glia,Fibroblast,Ketone bodies,0.0,0.0,0.5,0.6681630132484446,0.0,0.000999000999000999,0.002206206795116929,False
2122,Enteric_glia,Fibroblast,L-Arginine,-0.9618739,-0.15021946370277792,0.5597042648392065,0.6681630132484446,0.0,0.002997002997002997,0.005910424237117464,False
2123,Enteric_glia,Fibroblast,L-Carnitine,-1.0791637,-0.0842685250608628,0.5335785316353961,0.6681630132484446,0.0,0.007992007992007992,0.01321828529465761,False
2124,Enteric_glia,Fibroblast,L-Cystine,-0.9618739,-0.15021946370277792,0.5597042648392065,0.6681630132484446,0.0,0.002997002997002997,0.005910424237117464,False
2125,Enteric_glia,Fibroblast,L-Dopa,0.0,0.0,0.5,0.6681630132484446,0.0,0.000999000999000999,0.002206206795116929,False
2126,Enteric_glia,Fibroblast,L-Glutamate,0.0,0.0,0.5,0.6681630132484446,0.0,0.000999000999000999,0.002206206795116929,False
2127,Enteric_glia,Fibroblast,L-Lactate,0.0,0.0,0.5,0.6681630132484446,0.0,0.000999000999000999,0.002206206795116929,False
2128,Enteric_glia,Fibroblast,L-Lysine,-0.9618739,-0.15021946370277792,0.5597042648392065,0.6681630132484446,0.0,0.002997002997002997,0.005910424237117464,False
2129,Enteric_glia,Fibroblast,L-Ornithine,-0.9618739,-0.15021946370277792,0.5597042648392065,0.6681630132484446,0.0,0.002997002997002997,0.005910424237117464,False
2130,Enteric_glia,Fibroblast,Lithocholic acid,0.22058873,0.034450171604659297,0.48625908801875534,0.6681630132484446,0.0,0.002997002997002997,0.005910424237117464,False
2131,Enteric_glia,Fibroblast,Manganese,-0.55476713,-0.08664006994620459,0.5345211927869669,0.6681630132484446,0.0,0.006993006993006993,0.011945165999886237,False
2132,Enteric_glia,Fibroblast,N-Desmethylcitalopram,0.0,0.0,0.5,0.6681630132484446,0.0,0.000999000999000999,0.002206206795116929,False
2133,Enteric_glia,Fibroblast,N-Desmethyleletriptan,0.0,0.0,0.5,0.6681630132484446,0.0,0.000999000999000999,0.002206206795116929,False
2134,Enteric_glia,Fibroblast,N-Desmethyltamoxifen,0.0,0.0,0.5,0.6681630132484446,0.0,0.000999000999000999,0.002206206795116929,False
2135,Enteric_glia,Fibroblast,N-desmethylimatinib,0.0,0.0,0.5,0.6681630132484446,0.0,0.000999000999000999,0.002206206795116929,False
2136,Enteric_glia,Fibroblast,Neurotransmitter,-1.1900388,-0.18585283622681595,0.5737199155247557,0.6696781227196491,0.0,0.001998001998001998,0.00412210593812261,False
2137,Enteric_glia,Fibroblast,Nicotinate,0.93556917,0.06534298501164948,0.47395045918099915,0.6681630132484446,18.575953,0.08391608391608392,0.10068186660984445,False
2138,Enteric_glia,Fibroblast,Norepinephrine,-1.0791637,-0.1685370501217256,0.5669196006307841,0.6681630132484446,0.0,0.007992007992007992,0.01321828529465761,False
2139,Enteric_glia,Fibroblast,O-Deethylated candesartan,0.0,0.0,0.5,0.6681630132484446,0.0,0.000999000999000999,0.002206206795116929,False
2140,Enteric_glia,Fibroblast,O-Desmethylverapamil (D-702),-3.3495688,-0.13506765206203622,0.5537208071575984,0.6681630132484446,0.0,0.030969030969030968,0.04197445425687162,False
2141,Enteric_glia,Fibroblast,Oxalic acid,2.0147328,0.3146484064605237,0.3765143107314173,0.6681630132484446,18.575953,0.07892107892107893,0.09538246894368277,False
2142,Enteric_glia,Fibroblast,Phosphate,0.0,0.0,0.5,0.6681630132484446,0.0,0.000999000999000999,0.002206206795116929,False
2143,Enteric_glia,Fibroblast,Progesterone,0.0,0.0,0.5,0.6681630132484446,0.0,0.000999000999000999,0.002206206795116929,False
2144,Enteric_glia,Fibroblast,Pyruvate,0.0,0.0,0.5,0.6681630132484446,0.0,0.000999000999000999,0.002206206795116929,False
2145,Enteric_glia,Fibroblast,Sodium,-2.77685,-0.15332589076900627,0.5609293579055686,0.6681630132484446,0.0,0.3196803196803197,0.3377625576131446,False
2146,Enteric_glia,Fibroblast,Sodium_hydrogen exchange,0.287944,0.025963035140099802,0.4896434110949853,0.6681630132484446,0.0,0.004995004995004995,0.008926091958582932,False
2147,Enteric_glia,Fibroblast,Sulfolithocholic acid,0.22058873,0.034450171604659297,0.48625908801875534,0.6681630132484446,0.0,0.002997002997002997,0.005910424237117464,False
2148,Enteric_glia,Fibroblast,Taurocholic acid,-0.09042406,-0.00391670084956028,0.5015625335735532,0.6681630132484446,18.575953,0.08191808191808192,0.0985576923076923,False
2149,Enteric_glia,Fibroblast,Testosterone,0.0,0.0,0.5,0.6681630132484446,0.0,0.000999000999000999,0.002206206795116929,False
2150,Enteric_glia,Fibroblast,Trihydroxycoprostanoic acid,0.22058873,0.034450171604659297,0.48625908801875534,0.6681630132484446,0.0,0.002997002997002997,0.005910424237117464,False
2151,Enteric_glia,Fibroblast,Urea,0.36366844,0.05679546863177271,0.47735406181070056,0.6681630132484446,0.0,0.008991008991008992,0.014633088846334503,False
2152,Enteric_glia,Fibroblast,Ursocholic acid,0.22058873,0.034450171604659297,0.48625908801875534,0.6681630132484446,0.0,0.002997002997002997,0.005910424237117464,False
2153,Enteric_glia,Fibroblast,Ursodeoxycholic acid,0.22058873,0.034450171604659297,0.48625908801875534,0.6681630132484446,0.0,0.002997002997002997,0.005910424237117464,False
2154,Enteric_glia,Fibroblast,Ursodeoxycholic acid 3-sulfate,0.22058873,0.034450171604659297,0.48625908801875534,0.6681630132484446,0.0,0.002997002997002997,0.005910424237117464,False
2155,Enteric_glia,Fibroblast,Varanic acid,0.22058873,0.034450171604659297,0.48625908801875534,0.6681630132484446,0.0,0.002997002997002997,0.005910424237117464,False
2156,Enteric_glia,Fibroblast,Vitamin D3,0.0,0.0,0.5,0.6681630132484446,0.0,0.000999000999000999,0.002206206795116929,False
2157,Enteric_glia,Fibroblast,Water,10.74262,0.8388577255254537,0.20077457645095997,0.6681630132484446,14.062086,0.04195804195804196,0.05534244970864689,False
2158,Enteric_glia,Fibroblast,Zinc,-0.55476713,-0.08664006994620459,0.5345211927869669,0.6681630132484446,0.0,0.006993006993006993,0.011945165999886237,False
2159,Enteric_glia,Fibroblast,alpha-Ketoisovaleric acid,0.0,0.0,0.5,0.6681630132484446,0.0,0.000999000999000999,0.002206206795116929,False
2160,Enteric_glia,IEC,"(3a,5b,7a)-23-Carboxy-7-hydroxy-24-norcholan-3-yl-b-D-Glucopyranosiduronic acid",-7.8090568,-0.5072527456277744,0.6940112549365178,0.728427781389408,0.0,0.34165834165834164,0.35841542653531755,False
2161,Enteric_glia,IEC,17a-Ethynylestradiol,0.0,0.0,0.5,0.6681630132484446,0.0,0.000999000999000999,0.002206206795116929,False
2162,Enteric_glia,IEC,"1b,3a,12a-Trihydroxy-5b-cholanoic acid",-7.8090568,-0.5072527456277744,0.6940112549365178,0.728427781389408,0.0,0.34165834165834164,0.35841542653531755,False
2163,Enteric_glia,IEC,2-Hydroxychlorpropamide,0.0,0.0,0.5,0.6681630132484446,0.0,0.000999000999000999,0.002206206795116929,False
2164,Enteric_glia,IEC,25-Hydroxycholesterol,-4.939366,-0.3208462908434321,0.6258365613182602,0.6869455573937792,0.0,0.4125874125874126,0.42809264399322794,False
2165,Enteric_glia,IEC,"3',4'-Dihydrodiol",0.0,0.0,0.5,0.6681630132484446,0.0,0.000999000999000999,0.002206206795116929,False
2166,Enteric_glia,IEC,3-Sulfodeoxycholic acid,-7.8090568,-0.5072527456277744,0.6940112549365178,0.728427781389408,0.0,0.34165834165834164,0.35841542653531755,False
2167,Enteric_glia,IEC,"3alpha,7alpha-Dihydroxycoprostanic acid",-7.8090568,-0.5072527456277744,0.6940112549365178,0.728427781389408,0.0,0.34165834165834164,0.35841542653531755,False
2168,Enteric_glia,IEC,3b-Hydroxy-5-cholenoic acid,-7.8090568,-0.5072527456277744,0.6940112549365178,0.728427781389408,0.0,0.34165834165834164,0.35841542653531755,False
2169,Enteric_glia,IEC,4'-Hydroxydiclofenac,0.0,0.0,0.5,0.6681630132484446,0.0,0.000999000999000999,0.002206206795116929,False
2170,Enteric_glia,IEC,4-Hydroxycyclophosphamide,0.0,0.0,0.5,0.6681630132484446,0.0,0.000999000999000999,0.002206206795116929,False
2171,Enteric_glia,IEC,4-ene-Valproic acid,-3.542873,-0.13286811469189333,0.5528511579654826,0.6681630132484446,0.0,0.24175824175824176,0.2609633357296909,False
2172,Enteric_glia,IEC,5-Hydroxyomeprazole,-10.09025,-0.2675790632931133,0.6054883257301514,0.6806219135944768,0.0,0.4245754245754246,0.44000414121544673,False
2173,Enteric_glia,IEC,8-Hydroxycarvedilol,0.0,0.0,0.5,0.6681630132484446,0.0,0.000999000999000999,0.002206206795116929,False
2174,Enteric_glia,IEC,Acetate,24.862797,0.9324277281412995,0.17555776023951009,0.6681630132484446,18.332438,0.10789210789210789,0.1258741258741259,False
2175,Enteric_glia,IEC,Acetyl-L-Carnitine,-3.542873,-0.23013432535224806,0.5910063035747494,0.6770266346377942,0.0,0.24175824175824176,0.2609633357296909,False
2176,Enteric_glia,IEC,Adenosine diphosphate ribose,0.0,0.0,0.5,0.6681630132484446,0.0,0.000999000999000999,0.002206206795116929,False
2177,Enteric_glia,IEC,Adenosine triphosphate,-15.266819,-0.991686460220606,0.839324751024789,0.8448105337112255,0.0,0.7572427572427572,0.7644125721328926,False
2178,Enteric_glia,IEC,Amiloride-sensitive sodium transport,0.0,0.0,0.5,0.6681630132484446,0.0,0.000999000999000999,0.002206206795116929,False
2179,Enteric_glia,IEC,Anion exchange,0.0,0.0,0.5,0.6681630132484446,0.0,0.000999000999000999,0.002206206795116929,False
2180,Enteric_glia,IEC,Butyrate,0.0,0.0,0.5,0.6681630132484446,0.0,0.000999000999000999,0.002206206795116929,False
2181,Enteric_glia,IEC,Cadmium,-3.5170314,-0.228455741201471,0.5903540201297203,0.6770266346377942,0.0,0.2757242757242757,0.2952819086337862,False
2182,Enteric_glia,IEC,Chenodeoxycholic acid,-7.8090568,-0.5072527456277744,0.6940112549365178,0.728427781389408,0.0,0.34165834165834164,0.35841542653531755,False
2183,Enteric_glia,IEC,Chenodeoxycholic acid 3-sulfate,-7.8090568,-0.5072527456277744,0.6940112549365178,0.728427781389408,0.0,0.34165834165834164,0.35841542653531755,False
2184,Enteric_glia,IEC,Chloride,-19.251156,-1.2504969504767627,0.8944409656934507,0.8953453549408656,13.303404,0.8231768231768232,0.827595442422078,False
2185,Enteric_glia,IEC,Chloride ion,39.404167,2.5595757088220137,0.005240001297151267,0.27505120622794377,169.0563,0.01098901098901099,0.017442475069593715,True
2186,Enteric_glia,IEC,Cholesterol,0.0,0.0,0.5,0.6681630132484446,0.0,0.000999000999000999,0.002206206795116929,False
2187,Enteric_glia,IEC,Cholic acid,-7.8090568,-0.2928625092353724,0.6151863768466274,0.6849132570762552,0.0,0.34165834165834164,0.35841542653531755,False
2188,Enteric_glia,IEC,Choline,-3.542873,-0.23013432535224806,0.5910063035747494,0.6770266346377942,0.0,0.24175824175824176,0.2609633357296909,False
2189,Enteric_glia,IEC,Citric acid,24.862797,1.6150121995267512,0.05315402650560339,0.6681630132484446,18.332438,0.10789210789210789,0.1258741258741259,False
2190,Enteric_glia,IEC,Coprocholic acid,-7.8090568,-0.5072527456277744,0.6940112549365178,0.728427781389408,0.0,0.34165834165834164,0.35841542653531755,False
2191,Enteric_glia,IEC,Cortisol,0.0,0.0,0.5,0.6681630132484446,0.0,0.000999000999000999,0.002206206795116929,False
2192,Enteric_glia,IEC,Creatine,-3.542873,-0.23013432535224806,0.5910063035747494,0.6770266346377942,0.0,0.24175824175824176,0.2609633357296909,False
2193,Enteric_glia,IEC,D-Lactate,0.0,0.0,0.5,0.6681630132484446,0.0,0.000999000999000999,0.002206206795116929,False
2194,Enteric_glia,IEC,Deoxycholic acid,-7.8090568,-0.5072527456277744,0.6940112549365178,0.728427781389408,0.0,0.34165834165834164,0.35841542653531755,False
2195,Enteric_glia,IEC,Dopamine,-3.542873,-0.23013432535224806,0.5910063035747494,0.6770266346377942,0.0,0.24175824175824176,0.2609633357296909,False
2196,Enteric_glia,IEC,E-3179,0.0,0.0,0.5,0.6681630132484446,0.0,0.000999000999000999,0.002206206795116929,False
2197,Enteric_glia,IEC,Estradiol,24.862797,0.7222554125266538,0.2350687302344479,0.6681630132484446,18.332438,0.10789210789210789,0.1258741258741259,False
2198,Enteric_glia,IEC,Estriol,0.0,0.0,0.5,0.6681630132484446,0.0,0.000999000999000999,0.002206206795116929,False
2199,Enteric_glia,IEC,Fatty acid,32.869404,0.954844502655784,0.16982816921052918,0.6681630132484446,175.33336,0.5654345654345654,0.5779441797140912,False
2200,Enteric_glia,IEC,Folic acid,-10.09025,-0.37841394031620973,0.6474384430337469,0.6982265181530443,0.0,0.4245754245754246,0.44000414121544673,False
2201,Enteric_glia,IEC,Folinic acid,-7.8090568,-0.5072527456277744,0.6940112549365178,0.728427781389408,0.0,0.34165834165834164,0.35841542653531755,False
2202,Enteric_glia,IEC,Glutathione,-7.8090568,-0.5072527456277744,0.6940112549365178,0.728427781389408,0.0,0.34165834165834164,0.35841542653531755,False
2203,Enteric_glia,IEC,Glycerol,0.0,0.0,0.5,0.6681630132484446,0.0,0.000999000999000999,0.002206206795116929,False
2204,Enteric_glia,IEC,Glycochenodeoxycholate-3-sulfate,-7.8090568,-0.5072527456277744,0.6940112549365178,0.728427781389408,0.0,0.34165834165834164,0.35841542653531755,False
2205,Enteric_glia,IEC,Glycyl-glycine,0.0,0.0,0.5,0.6681630132484446,0.0,0.000999000999000999,0.002206206795116929,False
2206,Enteric_glia,IEC,Histamine,-3.542873,-0.23013432535224806,0.5910063035747494,0.6770266346377942,0.0,0.24175824175824176,0.2609633357296909,False
2207,Enteric_glia,IEC,Hydroxylansoprazole,0.0,0.0,0.5,0.6681630132484446,0.0,0.000999000999000999,0.002206206795116929,False
2208,Enteric_glia,IEC,Hyodeoxycholic acid,-7.8090568,-0.5072527456277744,0.6940112549365178,0.728427781389408,0.0,0.34165834165834164,0.35841542653531755,False
2209,Enteric_glia,IEC,Iron,-5.770808,-0.2650620001946881,0.6045191499758387,0.6797529951862019,0.0,0.7632367632367633,0.7701267864342995,False
2210,Enteric_glia,IEC,Isoursodeoxycholic acid,-7.8090568,-0.5072527456277744,0.6940112549365178,0.728427781389408,0.0,0.34165834165834164,0.35841542653531755,False
2211,Enteric_glia,IEC,Ketone bodies,0.0,0.0,0.5,0.6681630132484446,0.0,0.000999000999000999,0.002206206795116929,False
2212,Enteric_glia,IEC,L-Arginine,0.13575104,0.008817977545061854,0.4964821815187126,0.6681630132484446,0.0,0.08291708291708291,0.09962125253387388,False
2213,Enteric_glia,IEC,L-Carnitine,-3.542873,-0.11506716267612403,0.5458040563151351,0.6681630132484446,0.0,0.24175824175824176,0.2609633357296909,False
2214,Enteric_glia,IEC,L-Cystine,0.13575104,0.008817977545061854,0.4964821815187126,0.6681630132484446,0.0,0.08291708291708291,0.09962125253387388,False
2215,Enteric_glia,IEC,L-Dopa,0.0,0.0,0.5,0.6681630132484446,0.0,0.000999000999000999,0.002206206795116929,False
2216,Enteric_glia,IEC,L-Glutamate,0.0,0.0,0.5,0.6681630132484446,0.0,0.000999000999000999,0.002206206795116929,False
2217,Enteric_glia,IEC,L-Lactate,0.0,0.0,0.5,0.6681630132484446,0.0,0.000999000999000999,0.002206206795116929,False
2218,Enteric_glia,IEC,L-Lysine,0.13575104,0.008817977545061854,0.4964821815187126,0.6681630132484446,0.0,0.08291708291708291,0.09962125253387388,False
2219,Enteric_glia,IEC,L-Ornithine,0.13575104,0.008817977545061854,0.4964821815187126,0.6681630132484446,0.0,0.08291708291708291,0.09962125253387388,False
2220,Enteric_glia,IEC,Lithocholic acid,-7.8090568,-0.5072527456277744,0.6940112549365178,0.728427781389408,0.0,0.34165834165834164,0.35841542653531755,False
2221,Enteric_glia,IEC,Manganese,-3.5170314,-0.228455741201471,0.5903540201297203,0.6770266346377942,0.0,0.2757242757242757,0.2952819086337862,False
2222,Enteric_glia,IEC,N-Desmethylcitalopram,0.0,0.0,0.5,0.6681630132484446,0.0,0.000999000999000999,0.002206206795116929,False
2223,Enteric_glia,IEC,N-Desmethyleletriptan,0.0,0.0,0.5,0.6681630132484446,0.0,0.000999000999000999,0.002206206795116929,False
2224,Enteric_glia,IEC,N-Desmethyltamoxifen,0.0,0.0,0.5,0.6681630132484446,0.0,0.000999000999000999,0.002206206795116929,False
2225,Enteric_glia,IEC,N-desmethylimatinib,0.0,0.0,0.5,0.6681630132484446,0.0,0.000999000999000999,0.002206206795116929,False
2226,Enteric_glia,IEC,Neurotransmitter,-2.4682326,-0.16032893829919048,0.5636890178687783,0.6681630132484446,0.0,0.04095904095904096,0.05409684654967674,False
2227,Enteric_glia,IEC,Nicotinate,21.319923,0.6193361995859679,0.26784745087363526,0.6681630132484446,18.332438,0.25774225774225773,0.27696601739088944,False
2228,Enteric_glia,IEC,Norepinephrine,-3.542873,-0.23013432535224806,0.5910063035747494,0.6770266346377942,0.0,0.24175824175824176,0.2609633357296909,False
2229,Enteric_glia,IEC,O-Deethylated candesartan,0.0,0.0,0.5,0.6681630132484446,0.0,0.000999000999000999,0.002206206795116929,False
2230,Enteric_glia,IEC,O-Desmethylverapamil (D-702),-11.164961,-0.18725671589079576,0.5742703208252298,0.6700948515438361,15.798768,0.5714285714285714,0.5836403831982313,False
2231,Enteric_glia,IEC,Oxalic acid,24.862797,1.6150121995267512,0.05315402650560339,0.6681630132484446,18.332438,0.10789210789210789,0.1258741258741259,False
2232,Enteric_glia,IEC,Phosphate,0.0,0.0,0.5,0.6681630132484446,0.0,0.000999000999000999,0.002206206795116929,False
2233,Enteric_glia,IEC,Progesterone,0.0,0.0,0.5,0.6681630132484446,0.0,0.000999000999000999,0.002206206795116929,False
2234,Enteric_glia,IEC,Pyruvate,0.0,0.0,0.5,0.6681630132484446,0.0,0.000999000999000999,0.002206206795116929,False
2235,Enteric_glia,IEC,Sodium,58.379467,1.3407288638284227,0.09000424981484317,0.6681630132484446,282.50842,0.013986013986013986,0.02125506072874494,True
2236,Enteric_glia,IEC,Sodium_hydrogen exchange,-3.1825678,-0.11935561882902365,0.5475031895395231,0.6681630132484446,0.0,0.32667332667332666,0.3449407517668983,False
2237,Enteric_glia,IEC,Sulfolithocholic acid,-7.8090568,-0.5072527456277744,0.6940112549365178,0.728427781389408,0.0,0.34165834165834164,0.35841542653531755,False
2238,Enteric_glia,IEC,Taurocholic acid,5.0788193,0.09149911847286357,0.4635480033281376,0.6681630132484446,18.332438,0.3836163836163836,0.39946830029474656,False
2239,Enteric_glia,IEC,Testosterone,0.0,0.0,0.5,0.6681630132484446,0.0,0.000999000999000999,0.002206206795116929,False
2240,Enteric_glia,IEC,Trihydroxycoprostanoic acid,-7.8090568,-0.5072527456277744,0.6940112549365178,0.728427781389408,0.0,0.34165834165834164,0.35841542653531755,False
2241,Enteric_glia,IEC,Urea,6.77438,0.44004328129010944,0.32995288014493596,0.6681630132484446,15.572986,0.12487512487512488,0.14344183911563327,False
2242,Enteric_glia,IEC,Ursocholic acid,-7.8090568,-0.5072527456277744,0.6940112549365178,0.728427781389408,0.0,0.34165834165834164,0.35841542653531755,False
2243,Enteric_glia,IEC,Ursodeoxycholic acid,-7.8090568,-0.5072527456277744,0.6940112549365178,0.728427781389408,0.0,0.34165834165834164,0.35841542653531755,False
2244,Enteric_glia,IEC,Ursodeoxycholic acid 3-sulfate,-7.8090568,-0.5072527456277744,0.6940112549365178,0.728427781389408,0.0,0.34165834165834164,0.35841542653531755,False
2245,Enteric_glia,IEC,Varanic acid,-7.8090568,-0.5072527456277744,0.6940112549365178,0.728427781389408,0.0,0.34165834165834164,0.35841542653531755,False
2246,Enteric_glia,IEC,Vitamin D3,0.0,0.0,0.5,0.6681630132484446,0.0,0.000999000999000999,0.002206206795116929,False
2247,Enteric_glia,IEC,Water,-3.721651,-0.12087360775468599,0.5481044265846291,0.6681630132484446,0.0,0.7882117882117882,0.7937093420964388,False
2248,Enteric_glia,IEC,Zinc,-3.5170314,-0.228455741201471,0.5903540201297203,0.6770266346377942,0.0,0.2757242757242757,0.2952819086337862,False
2249,Enteric_glia,IEC,alpha-Ketoisovaleric acid,0.0,0.0,0.5,0.6681630132484446,0.0,0.000999000999000999,0.002206206795116929,False
2250,Enteric_glia,MAST,"(3a,5b,7a)-23-Carboxy-7-hydroxy-24-norcholan-3-yl-b-D-Glucopyranosiduronic acid",0.053466633,0.01690763389808723,0.49325515133419634,0.6681630132484446,0.0,0.001998001998001998,0.00412210593812261,False
2251,Enteric_glia,MAST,17a-Ethynylestradiol,0.0,0.0,0.5,0.6681630132484446,0.0,0.000999000999000999,0.002206206795116929,False
2252,Enteric_glia,MAST,"1b,3a,12a-Trihydroxy-5b-cholanoic acid",0.053466633,0.01690763389808723,0.49325515133419634,0.6681630132484446,0.0,0.001998001998001998,0.00412210593812261,False
2253,Enteric_glia,MAST,2-Hydroxychlorpropamide,0.0,0.0,0.5,0.6681630132484446,0.0,0.000999000999000999,0.002206206795116929,False
2254,Enteric_glia,MAST,25-Hydroxycholesterol,-2.334656,-0.7382830513412341,0.7698287682122671,0.7816722877232251,0.0,0.13286713286713286,0.15154200638071605,False
2255,Enteric_glia,MAST,"3',4'-Dihydrodiol",0.0,0.0,0.5,0.6681630132484446,0.0,0.000999000999000999,0.002206206795116929,False
2256,Enteric_glia,MAST,3-Sulfodeoxycholic acid,0.053466633,0.01690763389808723,0.49325515133419634,0.6681630132484446,0.0,0.001998001998001998,0.00412210593812261,False
2257,Enteric_glia,MAST,"3alpha,7alpha-Dihydroxycoprostanic acid",0.053466633,0.01690763389808723,0.49325515133419634,0.6681630132484446,0.0,0.001998001998001998,0.00412210593812261,False
2258,Enteric_glia,MAST,3b-Hydroxy-5-cholenoic acid,0.053466633,0.01690763389808723,0.49325515133419634,0.6681630132484446,0.0,0.001998001998001998,0.00412210593812261,False
2259,Enteric_glia,MAST,4'-Hydroxydiclofenac,0.0,0.0,0.5,0.6681630132484446,0.0,0.000999000999000999,0.002206206795116929,False
2260,Enteric_glia,MAST,4-Hydroxycyclophosphamide,0.0,0.0,0.5,0.6681630132484446,0.0,0.000999000999000999,0.002206206795116929,False
2261,Enteric_glia,MAST,4-ene-Valproic acid,-0.8788662,-0.1604582801339931,0.5637399583131519,0.6681630132484446,0.0,0.000999000999000999,0.002206206795116929,False
2262,Enteric_glia,MAST,5-Hydroxyomeprazole,0.053466633,0.006902512634682972,0.4972463177354226,0.6681630132484446,0.0,0.001998001998001998,0.00412210593812261,False
2263,Enteric_glia,MAST,8-Hydroxycarvedilol,0.0,0.0,0.5,0.6681630132484446,0.0,0.000999000999000999,0.002206206795116929,False
2264,Enteric_glia,MAST,Acetate,0.22044858,0.04024822062626249,0.48394761712559353,0.6681630132484446,0.0,0.02097902097902098,0.030000952411187658,False
2265,Enteric_glia,MAST,Acetyl-L-Carnitine,-0.8788662,-0.2779218936871959,0.6094638415015553,0.6829858379052035,0.0,0.000999000999000999,0.002206206795116929,False
2266,Enteric_glia,MAST,Adenosine diphosphate ribose,0.0,0.0,0.5,0.6681630132484446,0.0,0.000999000999000999,0.002206206795116929,False
2267,Enteric_glia,MAST,Adenosine triphosphate,-1.9423256,-0.6142172828484624,0.7304641229169441,0.7516134182352521,0.0,0.006993006993006993,0.011945165999886237,False
2268,Enteric_glia,MAST,Amiloride-sensitive sodium transport,0.0,0.0,0.5,0.6681630132484446,0.0,0.000999000999000999,0.002206206795116929,False
2269,Enteric_glia,MAST,Anion exchange,0.0,0.0,0.5,0.6681630132484446,0.0,0.000999000999000999,0.002206206795116929,False
2270,Enteric_glia,MAST,Butyrate,0.0,0.0,0.5,0.6681630132484446,0.0,0.000999000999000999,0.002206206795116929,False
2271,Enteric_glia,MAST,Cadmium,0.053466633,0.01690763389808723,0.49325515133419634,0.6681630132484446,0.0,0.001998001998001998,0.00412210593812261,False
2272,Enteric_glia,MAST,Chenodeoxycholic acid,0.053466633,0.01690763389808723,0.49325515133419634,0.6681630132484446,0.0,0.001998001998001998,0.00412210593812261,False
2273,Enteric_glia,MAST,Chenodeoxycholic acid 3-sulfate,0.053466633,0.01690763389808723,0.49325515133419634,0.6681630132484446,0.0,0.001998001998001998,0.00412210593812261,False
2274,Enteric_glia,MAST,Chloride,0.21386653,0.06763053559234893,0.4730398735766881,0.6681630132484446,0.0,0.01898101898101898,0.02770980862407026,False
2275,Enteric_glia,MAST,Chloride ion,0.22880633,0.07235491514098977,0.47115973160578967,0.6681630132484446,0.0,0.01998001998001998,0.02902757619738752,False
2276,Enteric_glia,MAST,Cholesterol,0.0,0.0,0.5,0.6681630132484446,0.0,0.000999000999000999,0.002206206795116929,False
2277,Enteric_glia,MAST,Cholic acid,0.053466633,0.009761626982420306,0.4961057361182897,0.6681630132484446,0.0,0.001998001998001998,0.00412210593812261,False
2278,Enteric_glia,MAST,Choline,-0.8788662,-0.2779218936871959,0.6094638415015553,0.6829858379052035,0.0,0.000999000999000999,0.002206206795116929,False
2279,Enteric_glia,MAST,Citric acid,0.22044858,0.06971196303892828,0.4722114599103928,0.6681630132484446,0.0,0.02097902097902098,0.030000952411187658,False
2280,Enteric_glia,MAST,Coprocholic acid,0.053466633,0.01690763389808723,0.49325515133419634,0.6681630132484446,0.0,0.001998001998001998,0.00412210593812261,False
2281,Enteric_glia,MAST,Cortisol,0.0,0.0,0.5,0.6681630132484446,0.0,0.000999000999000999,0.002206206795116929,False
2282,Enteric_glia,MAST,Creatine,-0.8788662,-0.2779218936871959,0.6094638415015553,0.6829858379052035,0.0,0.000999000999000999,0.002206206795116929,False
2283,Enteric_glia,MAST,D-Lactate,0.0,0.0,0.5,0.6681630132484446,0.0,0.000999000999000999,0.002206206795116929,False
2284,Enteric_glia,MAST,Deoxycholic acid,0.053466633,0.01690763389808723,0.49325515133419634,0.6681630132484446,0.0,0.001998001998001998,0.00412210593812261,False
2285,Enteric_glia,MAST,Dopamine,-0.8788662,-0.2779218936871959,0.6094638415015553,0.6829858379052035,0.0,0.000999000999000999,0.002206206795116929,False
2286,Enteric_glia,MAST,E-3179,0.0,0.0,0.5,0.6681630132484446,0.0,0.000999000999000999,0.002206206795116929,False
2287,Enteric_glia,MAST,Estradiol,0.22044858,0.031176137639999293,0.4875645350333389,0.6681630132484446,0.0,0.02097902097902098,0.030000952411187658,False
2288,Enteric_glia,MAST,Estriol,0.0,0.0,0.5,0.6681630132484446,0.0,0.000999000999000999,0.002206206795116929,False
2289,Enteric_glia,MAST,Fatty acid,0.65946555,0.09326251266742751,0.4628475063994868,0.6681630132484446,0.0,0.11688311688311688,0.1350900600400267,False
2290,Enteric_glia,MAST,Folic acid,0.053466633,0.009761626982420306,0.4961057361182897,0.6681630132484446,0.0,0.001998001998001998,0.00412210593812261,False
2291,Enteric_glia,MAST,Folinic acid,0.053466633,0.01690763389808723,0.49325515133419634,0.6681630132484446,0.0,0.001998001998001998,0.00412210593812261,False
2292,Enteric_glia,MAST,Glutathione,0.053466633,0.01690763389808723,0.49325515133419634,0.6681630132484446,0.0,0.001998001998001998,0.00412210593812261,False
2293,Enteric_glia,MAST,Glycerol,0.0,0.0,0.5,0.6681630132484446,0.0,0.000999000999000999,0.002206206795116929,False
2294,Enteric_glia,MAST,Glycochenodeoxycholate-3-sulfate,0.053466633,0.01690763389808723,0.49325515133419634,0.6681630132484446,0.0,0.001998001998001998,0.00412210593812261,False
2295,Enteric_glia,MAST,Glycyl-glycine,0.0,0.0,0.5,0.6681630132484446,0.0,0.000999000999000999,0.002206206795116929,False
2296,Enteric_glia,MAST,Histamine,-0.8788662,-0.2779218936871959,0.6094638415015553,0.6829858379052035,0.0,0.000999000999000999,0.002206206795116929,False
2297,Enteric_glia,MAST,Hydroxylansoprazole,0.0,0.0,0.5,0.6681630132484446,0.0,0.000999000999000999,0.002206206795116929,False
2298,Enteric_glia,MAST,Hyodeoxycholic acid,0.053466633,0.01690763389808723,0.49325515133419634,0.6681630132484446,0.0,0.001998001998001998,0.00412210593812261,False
2299,Enteric_glia,MAST,Iron,0.34968328,0.07819155953177062,0.46883783799024226,0.6681630132484446,0.0,0.030969030969030968,0.04197445425687162,False
2300,Enteric_glia,MAST,Isoursodeoxycholic acid,0.053466633,0.01690763389808723,0.49325515133419634,0.6681630132484446,0.0,0.001998001998001998,0.00412210593812261,False
2301,Enteric_glia,MAST,Ketone bodies,0.0,0.0,0.5,0.6681630132484446,0.0,0.000999000999000999,0.002206206795116929,False
2302,Enteric_glia,MAST,L-Arginine,0.06523038,0.020627656400981062,0.4917713392696695,0.6681630132484446,0.0,0.008991008991008992,0.014633088846334503,False
2303,Enteric_glia,MAST,L-Carnitine,-0.8788662,-0.13896094684359794,0.5552594952643514,0.6681630132484446,0.0,0.000999000999000999,0.002206206795116929,False
2304,Enteric_glia,MAST,L-Cystine,0.06523038,0.020627656400981062,0.4917713392696695,0.6681630132484446,0.0,0.008991008991008992,0.014633088846334503,False
2305,Enteric_glia,MAST,L-Dopa,0.0,0.0,0.5,0.6681630132484446,0.0,0.000999000999000999,0.002206206795116929,False
2306,Enteric_glia,MAST,L-Glutamate,0.0,0.0,0.5,0.6681630132484446,0.0,0.000999000999000999,0.002206206795116929,False
2307,Enteric_glia,MAST,L-Lactate,0.0,0.0,0.5,0.6681630132484446,0.0,0.000999000999000999,0.002206206795116929,False
2308,Enteric_glia,MAST,L-Lysine,0.06523038,0.020627656400981062,0.4917713392696695,0.6681630132484446,0.0,0.008991008991008992,0.014633088846334503,False
2309,Enteric_glia,MAST,L-Ornithine,0.06523038,0.020627656400981062,0.4917713392696695,0.6681630132484446,0.0,0.008991008991008992,0.014633088846334503,False
2310,Enteric_glia,MAST,Lithocholic acid,0.053466633,0.01690763389808723,0.49325515133419634,0.6681630132484446,0.0,0.001998001998001998,0.00412210593812261,False
2311,Enteric_glia,MAST,Manganese,0.053466633,0.01690763389808723,0.49325515133419634,0.6681630132484446,0.0,0.001998001998001998,0.00412210593812261,False
2312,Enteric_glia,MAST,N-Desmethylcitalopram,0.0,0.0,0.5,0.6681630132484446,0.0,0.000999000999000999,0.002206206795116929,False
2313,Enteric_glia,MAST,N-Desmethyleletriptan,0.0,0.0,0.5,0.6681630132484446,0.0,0.000999000999000999,0.002206206795116929,False
2314,Enteric_glia,MAST,N-Desmethyltamoxifen,0.0,0.0,0.5,0.6681630132484446,0.0,0.000999000999000999,0.002206206795116929,False
2315,Enteric_glia,MAST,N-desmethylimatinib,0.0,0.0,0.5,0.6681630132484446,0.0,0.000999000999000999,0.002206206795116929,False
2316,Enteric_glia,MAST,Neurotransmitter,0.0,0.0,0.5,0.6681630132484446,0.0,0.000999000999000999,0.002206206795116929,False
2317,Enteric_glia,MAST,Nicotinate,-0.6584176,-0.0931143074893238,0.5370936244567603,0.6681630132484446,0.0,0.02097902097902098,0.030000952411187658,False
2318,Enteric_glia,MAST,Norepinephrine,-0.8788662,-0.2779218936871959,0.6094638415015553,0.6829858379052035,0.0,0.000999000999000999,0.002206206795116929,False
2319,Enteric_glia,MAST,O-Deethylated candesartan,0.0,0.0,0.5,0.6681630132484446,0.0,0.000999000999000999,0.002206206795116929,False
2320,Enteric_glia,MAST,O-Desmethylverapamil (D-702),-0.7497863,-0.06121979645414251,0.52440791799431,0.6681630132484446,0.0,0.007992007992007992,0.01321828529465761,False
2321,Enteric_glia,MAST,Oxalic acid,0.22044858,0.06971196303892828,0.4722114599103928,0.6681630132484446,0.0,0.02097902097902098,0.030000952411187658,False
2322,Enteric_glia,MAST,Phosphate,0.0,0.0,0.5,0.6681630132484446,0.0,0.000999000999000999,0.002206206795116929,False
2323,Enteric_glia,MAST,Progesterone,0.0,0.0,0.5,0.6681630132484446,0.0,0.000999000999000999,0.002206206795116929,False
2324,Enteric_glia,MAST,Pyruvate,0.0,0.0,0.5,0.6681630132484446,0.0,0.000999000999000999,0.002206206795116929,False
2325,Enteric_glia,MAST,Sodium,0.15996638,0.017884784923100916,0.49286538347330133,0.6681630132484446,0.0,0.07092907092907093,0.08678292046936115,False
2326,Enteric_glia,MAST,Sodium_hydrogen exchange,0.03780662,0.006902512675562944,0.49724631771911426,0.6681630132484446,0.0,0.000999000999000999,0.002206206795116929,False
2327,Enteric_glia,MAST,Sulfolithocholic acid,0.053466633,0.01690763389808723,0.49325515133419634,0.6681630132484446,0.0,0.001998001998001998,0.00412210593812261,False
2328,Enteric_glia,MAST,Taurocholic acid,0.27391523,0.024023955015874676,0.4904167504399809,0.6681630132484446,0.0,0.02197802197802198,0.03133903133903134,False
2329,Enteric_glia,MAST,Testosterone,0.0,0.0,0.5,0.6681630132484446,0.0,0.000999000999000999,0.002206206795116929,False
2330,Enteric_glia,MAST,Trihydroxycoprostanoic acid,0.053466633,0.01690763389808723,0.49325515133419634,0.6681630132484446,0.0,0.001998001998001998,0.00412210593812261,False
2331,Enteric_glia,MAST,Urea,0.06548299,0.020707539308899164,0.49173947740584595,0.6681630132484446,0.0,0.001998001998001998,0.00412210593812261,False
2332,Enteric_glia,MAST,Ursocholic acid,0.053466633,0.01690763389808723,0.49325515133419634,0.6681630132484446,0.0,0.001998001998001998,0.00412210593812261,False
2333,Enteric_glia,MAST,Ursodeoxycholic acid,0.053466633,0.01690763389808723,0.49325515133419634,0.6681630132484446,0.0,0.001998001998001998,0.00412210593812261,False
2334,Enteric_glia,MAST,Ursodeoxycholic acid 3-sulfate,0.053466633,0.01690763389808723,0.49325515133419634,0.6681630132484446,0.0,0.001998001998001998,0.00412210593812261,False
2335,Enteric_glia,MAST,Varanic acid,0.053466633,0.01690763389808723,0.49325515133419634,0.6681630132484446,0.0,0.001998001998001998,0.00412210593812261,False
2336,Enteric_glia,MAST,Vitamin D3,0.0,0.0,0.5,0.6681630132484446,0.0,0.000999000999000999,0.002206206795116929,False
2337,Enteric_glia,MAST,Water,0.23096257,0.036518389480964523,0.4854345079016339,0.6681630132484446,0.0,0.008991008991008992,0.014633088846334503,False
2338,Enteric_glia,MAST,Zinc,0.053466633,0.01690763389808723,0.49325515133419634,0.6681630132484446,0.0,0.001998001998001998,0.00412210593812261,False
2339,Enteric_glia,MAST,alpha-Ketoisovaleric acid,0.0,0.0,0.5,0.6681630132484446,0.0,0.000999000999000999,0.002206206795116929,False
2340,Enteric_glia,MNP,"(3a,5b,7a)-23-Carboxy-7-hydroxy-24-norcholan-3-yl-b-D-Glucopyranosiduronic acid",0.15151294,0.028135245843712343,0.4887771415372575,0.6681630132484446,0.0,0.007992007992007992,0.01321828529465761,False
2341,Enteric_glia,MNP,17a-Ethynylestradiol,0.0,0.0,0.5,0.6681630132484446,0.0,0.000999000999000999,0.002206206795116929,False
2342,Enteric_glia,MNP,"1b,3a,12a-Trihydroxy-5b-cholanoic acid",0.15151294,0.028135245843712343,0.4887771415372575,0.6681630132484446,0.0,0.007992007992007992,0.01321828529465761,False
2343,Enteric_glia,MNP,2-Hydroxychlorpropamide,0.0,0.0,0.5,0.6681630132484446,0.0,0.000999000999000999,0.002206206795116929,False
2344,Enteric_glia,MNP,25-Hydroxycholesterol,-5.7075586,-1.0598670303154598,0.8553974516392147,0.8599890236268326,0.0,0.4675324675324675,0.48336565716843205,False
2345,Enteric_glia,MNP,"3',4'-Dihydrodiol",0.0,0.0,0.5,0.6681630132484446,0.0,0.000999000999000999,0.002206206795116929,False
2346,Enteric_glia,MNP,3-Sulfodeoxycholic acid,0.15151294,0.028135245843712343,0.4887771415372575,0.6681630132484446,0.0,0.007992007992007992,0.01321828529465761,False
2347,Enteric_glia,MNP,"3alpha,7alpha-Dihydroxycoprostanic acid",0.15151294,0.028135245843712343,0.4887771415372575,0.6681630132484446,0.0,0.007992007992007992,0.01321828529465761,False
2348,Enteric_glia,MNP,3b-Hydroxy-5-cholenoic acid,0.15151294,0.028135245843712343,0.4887771415372575,0.6681630132484446,0.0,0.007992007992007992,0.01321828529465761,False
2349,Enteric_glia,MNP,4'-Hydroxydiclofenac,0.0,0.0,0.5,0.6681630132484446,0.0,0.000999000999000999,0.002206206795116929,False
2350,Enteric_glia,MNP,4-Hydroxycyclophosphamide,0.0,0.0,0.5,0.6681630132484446,0.0,0.000999000999000999,0.002206206795116929,False
2351,Enteric_glia,MNP,4-ene-Valproic acid,0.07543748,0.008087746653349555,0.4967734910820518,0.6681630132484446,0.0,0.001998001998001998,0.00412210593812261,False
2352,Enteric_glia,MNP,5-Hydroxyomeprazole,0.22726941,0.017229249591041162,0.4931268639252451,0.6681630132484446,0.0,0.007992007992007992,0.01321828529465761,False
2353,Enteric_glia,MNP,8-Hydroxycarvedilol,0.0,0.0,0.5,0.6681630132484446,0.0,0.000999000999000999,0.002206206795116929,False
2354,Enteric_glia,MNP,Acetate,0.56685996,0.060773766920977794,0.4757696913285097,0.6681630132484446,0.0,0.22977022977022976,0.24985214064140784,False
2355,Enteric_glia,MNP,Acetyl-L-Carnitine,0.07543748,0.014008388122346584,0.49441164447008706,0.6681630132484446,0.0,0.001998001998001998,0.00412210593812261,False
2356,Enteric_glia,MNP,Adenosine diphosphate ribose,0.0,0.0,0.5,0.6681630132484446,0.0,0.000999000999000999,0.002206206795116929,False
2357,Enteric_glia,MNP,Adenosine triphosphate,-0.34080678,-0.06328623068213625,0.5252307099462531,0.6681630132484446,0.0,0.11488511488511488,0.13326981020318818,False
2358,Enteric_glia,MNP,Amiloride-sensitive sodium transport,0.0,0.0,0.5,0.6681630132484446,0.0,0.000999000999000999,0.002206206795116929,False
2359,Enteric_glia,MNP,Anion exchange,0.0,0.0,0.5,0.6681630132484446,0.0,0.000999000999000999,0.002206206795116929,False
2360,Enteric_glia,MNP,Butyrate,0.0,0.0,0.5,0.6681630132484446,0.0,0.000999000999000999,0.002206206795116929,False
2361,Enteric_glia,MNP,Cadmium,-4.190931,-0.778236320233123,0.7817851456659658,0.7904934693851532,0.0,0.00999000999000999,0.01593343365495264,False
2362,Enteric_glia,MNP,Chenodeoxycholic acid,0.15151294,0.028135245843712343,0.4887771415372575,0.6681630132484446,0.0,0.007992007992007992,0.01321828529465761,False
2363,Enteric_glia,MNP,Chenodeoxycholic acid 3-sulfate,0.15151294,0.028135245843712343,0.4887771415372575,0.6681630132484446,0.0,0.007992007992007992,0.01321828529465761,False
2364,Enteric_glia,MNP,Chloride,0.360208,0.06688894724927248,0.47333505607490667,0.6681630132484446,0.0,0.053946053946053944,0.06874699408719269,False
2365,Enteric_glia,MNP,Chloride ion,0.08630833,0.0160270545820854,0.49360640401482403,0.6681630132484446,0.0,0.01098901098901099,0.017442475069593715,False
2366,Enteric_glia,MNP,Cholesterol,0.0,0.0,0.5,0.6681630132484446,0.0,0.000999000999000999,0.002206206795116929,False
2367,Enteric_glia,MNP,Cholic acid,0.15151294,0.01624389176158362,0.49351990975640275,0.6681630132484446,0.0,0.007992007992007992,0.01321828529465761,False
2368,Enteric_glia,MNP,Choline,0.07543748,0.014008388122346584,0.49441164447008706,0.6681630132484446,0.0,0.001998001998001998,0.00412210593812261,False
2369,Enteric_glia,MNP,Citric acid,0.56685996,0.10526325207448232,0.45808346076520295,0.6681630132484446,0.0,0.22977022977022976,0.24985214064140784,False
2370,Enteric_glia,MNP,Coprocholic acid,0.15151294,0.028135245843712343,0.4887771415372575,0.6681630132484446,0.0,0.007992007992007992,0.01321828529465761,False
2371,Enteric_glia,MNP,Cortisol,0.0,0.0,0.5,0.6681630132484446,0.0,0.000999000999000999,0.002206206795116929,False
2372,Enteric_glia,MNP,Creatine,0.07543748,0.014008388122346584,0.49441164447008706,0.6681630132484446,0.0,0.001998001998001998,0.00412210593812261,False
2373,Enteric_glia,MNP,D-Lactate,0.0,0.0,0.5,0.6681630132484446,0.0,0.000999000999000999,0.002206206795116929,False
2374,Enteric_glia,MNP,Deoxycholic acid,0.15151294,0.028135245843712343,0.4887771415372575,0.6681630132484446,0.0,0.007992007992007992,0.01321828529465761,False
2375,Enteric_glia,MNP,Dopamine,0.07543748,0.014008388122346584,0.49441164447008706,0.6681630132484446,0.0,0.001998001998001998,0.00412210593812261,False
2376,Enteric_glia,MNP,E-3179,0.0,0.0,0.5,0.6681630132484446,0.0,0.000999000999000999,0.002206206795116929,False
2377,Enteric_glia,MNP,Estradiol,0.56685996,0.047075157434247644,0.48122666343826653,0.6681630132484446,0.0,0.22977022977022976,0.24985214064140784,False
2378,Enteric_glia,MNP,Estriol,0.0,0.0,0.5,0.6681630132484446,0.0,0.000999000999000999,0.002206206795116929,False
2379,Enteric_glia,MNP,Fatty acid,-4.3478785,-0.36107165273386826,0.6409770581792528,0.6954455921949484,0.0,0.32367632367632365,0.34188034188034183,False
2380,Enteric_glia,MNP,Folic acid,0.22726941,0.02436583844116151,0.49028039860287803,0.6681630132484446,0.0,0.007992007992007992,0.01321828529465761,False
2381,Enteric_glia,MNP,Folinic acid,0.15151294,0.028135245843712343,0.4887771415372575,0.6681630132484446,0.0,0.007992007992007992,0.01321828529465761,False
2382,Enteric_glia,MNP,Glutathione,0.15151294,0.028135245843712343,0.4887771415372575,0.6681630132484446,0.0,0.007992007992007992,0.01321828529465761,False
2383,Enteric_glia,MNP,Glycerol,0.0,0.0,0.5,0.6681630132484446,0.0,0.000999000999000999,0.002206206795116929,False
2384,Enteric_glia,MNP,Glycochenodeoxycholate-3-sulfate,0.15151294,0.028135245843712343,0.4887771415372575,0.6681630132484446,0.0,0.007992007992007992,0.01321828529465761,False
2385,Enteric_glia,MNP,Glycyl-glycine,0.0,0.0,0.5,0.6681630132484446,0.0,0.000999000999000999,0.002206206795116929,False
2386,Enteric_glia,MNP,Histamine,0.07543748,0.014008388122346584,0.49441164447008706,0.6681630132484446,0.0,0.001998001998001998,0.00412210593812261,False
2387,Enteric_glia,MNP,Hydroxylansoprazole,0.0,0.0,0.5,0.6681630132484446,0.0,0.000999000999000999,0.002206206795116929,False
2388,Enteric_glia,MNP,Hyodeoxycholic acid,0.15151294,0.028135245843712343,0.4887771415372575,0.6681630132484446,0.0,0.007992007992007992,0.01321828529465761,False
2389,Enteric_glia,MNP,Iron,4.8599415,0.638141579979837,0.2616907609628759,0.6681630132484446,43.41503,0.16583416583416583,0.1860499869241977,False
2390,Enteric_glia,MNP,Isoursodeoxycholic acid,0.15151294,0.028135245843712343,0.4887771415372575,0.6681630132484446,0.0,0.007992007992007992,0.01321828529465761,False
2391,Enteric_glia,MNP,Ketone bodies,0.0,0.0,0.5,0.6681630132484446,0.0,0.000999000999000999,0.002206206795116929,False
2392,Enteric_glia,MNP,L-Arginine,0.0,0.0,0.5,0.6681630132484446,0.0,0.000999000999000999,0.002206206795116929,False
2393,Enteric_glia,MNP,L-Carnitine,0.07543748,0.007004194061173292,0.49720575369591125,0.6681630132484446,0.0,0.001998001998001998,0.00412210593812261,False
2394,Enteric_glia,MNP,L-Cystine,0.0,0.0,0.5,0.6681630132484446,0.0,0.000999000999000999,0.002206206795116929,False
2395,Enteric_glia,MNP,L-Dopa,0.0,0.0,0.5,0.6681630132484446,0.0,0.000999000999000999,0.002206206795116929,False
2396,Enteric_glia,MNP,L-Glutamate,0.0,0.0,0.5,0.6681630132484446,0.0,0.000999000999000999,0.002206206795116929,False
2397,Enteric_glia,MNP,L-Lactate,0.0,0.0,0.5,0.6681630132484446,0.0,0.000999000999000999,0.002206206795116929,False
2398,Enteric_glia,MNP,L-Lysine,0.0,0.0,0.5,0.6681630132484446,0.0,0.000999000999000999,0.002206206795116929,False
2399,Enteric_glia,MNP,L-Ornithine,0.0,0.0,0.5,0.6681630132484446,0.0,0.000999000999000999,0.002206206795116929,False
2400,Enteric_glia,MNP,Lithocholic acid,0.15151294,0.028135245843712343,0.4887771415372575,0.6681630132484446,0.0,0.007992007992007992,0.01321828529465761,False
2401,Enteric_glia,MNP,Manganese,-4.190931,-0.778236320233123,0.7817851456659658,0.7904934693851532,0.0,0.00999000999000999,0.01593343365495264,False
2402,Enteric_glia,MNP,N-Desmethylcitalopram,0.0,0.0,0.5,0.6681630132484446,0.0,0.000999000999000999,0.002206206795116929,False
2403,Enteric_glia,MNP,N-Desmethyleletriptan,0.0,0.0,0.5,0.6681630132484446,0.0,0.000999000999000999,0.002206206795116929,False
2404,Enteric_glia,MNP,N-Desmethyltamoxifen,0.0,0.0,0.5,0.6681630132484446,0.0,0.000999000999000999,0.002206206795116929,False
2405,Enteric_glia,MNP,N-desmethylimatinib,0.0,0.0,0.5,0.6681630132484446,0.0,0.000999000999000999,0.002206206795116929,False
2406,Enteric_glia,MNP,Neurotransmitter,0.053342354,0.009905426382106185,0.4960483712315171,0.6681630132484446,0.0,0.002997002997002997,0.005910424237117464,False
2407,Enteric_glia,MNP,Nicotinate,0.64229745,0.0533398996723382,0.47873054504643986,0.6681630132484446,0.0,0.23076923076923078,0.2508990852260385,False
2408,Enteric_glia,MNP,Norepinephrine,0.07543748,0.014008388122346584,0.49441164447008706,0.6681630132484446,0.0,0.001998001998001998,0.00412210593812261,False
2409,Enteric_glia,MNP,O-Deethylated candesartan,0.0,0.0,0.5,0.6681630132484446,0.0,0.000999000999000999,0.002206206795116929,False
2410,Enteric_glia,MNP,O-Desmethylverapamil (D-702),0.51697856,0.02478722480752898,0.49011234052789204,0.6681630132484446,0.0,0.016983016983016984,0.025342874180083484,False
2411,Enteric_glia,MNP,Oxalic acid,0.56685996,0.10526325207448232,0.45808346076520295,0.6681630132484446,0.0,0.22977022977022976,0.24985214064140784,False
2412,Enteric_glia,MNP,Phosphate,0.0,0.0,0.5,0.6681630132484446,0.0,0.000999000999000999,0.002206206795116929,False
2413,Enteric_glia,MNP,Progesterone,0.0,0.0,0.5,0.6681630132484446,0.0,0.000999000999000999,0.002206206795116929,False
2414,Enteric_glia,MNP,Pyruvate,0.0,0.0,0.5,0.6681630132484446,0.0,0.000999000999000999,0.002206206795116929,False
2415,Enteric_glia,MNP,Sodium,-1.6044174,-0.1053351656472079,0.5419450699868246,0.6681630132484446,0.0,0.15384615384615385,0.17386722866174922,False
2416,Enteric_glia,MNP,Sodium_hydrogen exchange,0.0760228,0.008150499288185438,0.49674845722794475,0.6681630132484446,0.0,0.000999000999000999,0.002206206795116929,False
2417,Enteric_glia,MNP,Sulfolithocholic acid,0.15151294,0.028135245843712343,0.4887771415372575,0.6681630132484446,0.0,0.007992007992007992,0.01321828529465761,False
2418,Enteric_glia,MNP,Taurocholic acid,0.99412805,0.05120019937003373,0.47958299649020164,0.6681630132484446,0.0,0.24175824175824176,0.2609633357296909,False
2419,Enteric_glia,MNP,Testosterone,0.0,0.0,0.5,0.6681630132484446,0.0,0.000999000999000999,0.002206206795116929,False
2420,Enteric_glia,MNP,Trihydroxycoprostanoic acid,0.15151294,0.028135245843712343,0.4887771415372575,0.6681630132484446,0.0,0.007992007992007992,0.01321828529465761,False
2421,Enteric_glia,MNP,Urea,0.0,0.0,0.5,0.6681630132484446,0.0,0.000999000999000999,0.002206206795116929,False
2422,Enteric_glia,MNP,Ursocholic acid,0.15151294,0.028135245843712343,0.4887771415372575,0.6681630132484446,0.0,0.007992007992007992,0.01321828529465761,False
2423,Enteric_glia,MNP,Ursodeoxycholic acid,0.15151294,0.028135245843712343,0.4887771415372575,0.6681630132484446,0.0,0.007992007992007992,0.01321828529465761,False
2424,Enteric_glia,MNP,Ursodeoxycholic acid 3-sulfate,0.15151294,0.028135245843712343,0.4887771415372575,0.6681630132484446,0.0,0.007992007992007992,0.01321828529465761,False
2425,Enteric_glia,MNP,Varanic acid,0.15151294,0.028135245843712343,0.4887771415372575,0.6681630132484446,0.0,0.007992007992007992,0.01321828529465761,False
2426,Enteric_glia,MNP,Vitamin D3,0.0,0.0,0.5,0.6681630132484446,0.0,0.000999000999000999,0.002206206795116929,False
2427,Enteric_glia,MNP,Water,36.95843,3.4315041941643387,0.00030012192423991814,0.022363924032071318,19.692507,0.01898101898101898,0.02770980862407026,True
2428,Enteric_glia,MNP,Zinc,-4.190931,-0.778236320233123,0.7817851456659658,0.7904934693851532,0.0,0.00999000999000999,0.01593343365495264,False
2429,Enteric_glia,MNP,alpha-Ketoisovaleric acid,0.0,0.0,0.5,0.6681630132484446,0.0,0.000999000999000999,0.002206206795116929,False
2430,Enteric_glia,Muscularis_mucosa,"(3a,5b,7a)-23-Carboxy-7-hydroxy-24-norcholan-3-yl-b-D-Glucopyranosiduronic acid",0.058476087,0.01949202890197436,0.4922242979256389,0.6681630132484446,0.0,0.006993006993006993,0.011945165999886237,False
2431,Enteric_glia,Muscularis_mucosa,17a-Ethynylestradiol,0.0,0.0,0.5,0.6681630132484446,0.0,0.000999000999000999,0.002206206795116929,False
2432,Enteric_glia,Muscularis_mucosa,"1b,3a,12a-Trihydroxy-5b-cholanoic acid",0.058476087,0.01949202890197436,0.4922242979256389,0.6681630132484446,0.0,0.006993006993006993,0.011945165999886237,False
2433,Enteric_glia,Muscularis_mucosa,2-Hydroxychlorpropamide,0.0,0.0,0.5,0.6681630132484446,0.0,0.000999000999000999,0.002206206795116929,False
2434,Enteric_glia,Muscularis_mucosa,25-Hydroxycholesterol,0.0760181,0.02533936748902003,0.48989213664369624,0.6681630132484446,0.0,0.00999000999000999,0.01593343365495264,False
2435,Enteric_glia,Muscularis_mucosa,"3',4'-Dihydrodiol",0.0,0.0,0.5,0.6681630132484446,0.0,0.000999000999000999,0.002206206795116929,False
2436,Enteric_glia,Muscularis_mucosa,3-Sulfodeoxycholic acid,0.058476087,0.01949202890197436,0.4922242979256389,0.6681630132484446,0.0,0.006993006993006993,0.011945165999886237,False
2437,Enteric_glia,Muscularis_mucosa,"3alpha,7alpha-Dihydroxycoprostanic acid",0.058476087,0.01949202890197436,0.4922242979256389,0.6681630132484446,0.0,0.006993006993006993,0.011945165999886237,False
2438,Enteric_glia,Muscularis_mucosa,3b-Hydroxy-5-cholenoic acid,0.058476087,0.01949202890197436,0.4922242979256389,0.6681630132484446,0.0,0.006993006993006993,0.011945165999886237,False
2439,Enteric_glia,Muscularis_mucosa,4'-Hydroxydiclofenac,0.0,0.0,0.5,0.6681630132484446,0.0,0.000999000999000999,0.002206206795116929,False
2440,Enteric_glia,Muscularis_mucosa,4-Hydroxycyclophosphamide,0.0,0.0,0.5,0.6681630132484446,0.0,0.000999000999000999,0.002206206795116929,False
2441,Enteric_glia,Muscularis_mucosa,4-ene-Valproic acid,0.0,0.0,0.5,0.6681630132484446,0.0,0.000999000999000999,0.002206206795116929,False
2442,Enteric_glia,Muscularis_mucosa,5-Hydroxyomeprazole,0.058476087,0.007957587476903241,0.49682541540964736,0.6681630132484446,0.0,0.006993006993006993,0.011945165999886237,False
2443,Enteric_glia,Muscularis_mucosa,8-Hydroxycarvedilol,0.0,0.0,0.5,0.6681630132484446,0.0,0.000999000999000999,0.002206206795116929,False
2444,Enteric_glia,Muscularis_mucosa,Acetate,0.033761185,0.006497343017700503,0.4974079533973904,0.6681630132484446,0.0,0.002997002997002997,0.005910424237117464,False
2445,Enteric_glia,Muscularis_mucosa,Acetyl-L-Carnitine,0.0,0.0,0.5,0.6681630132484446,0.0,0.000999000999000999,0.002206206795116929,False
2446,Enteric_glia,Muscularis_mucosa,Adenosine diphosphate ribose,0.0,0.0,0.5,0.6681630132484446,0.0,0.000999000999000999,0.002206206795116929,False
2447,Enteric_glia,Muscularis_mucosa,Adenosine triphosphate,-0.5153915,-0.17179717620213827,0.5682015072080185,0.6681630132484446,0.0,0.007992007992007992,0.01321828529465761,False
2448,Enteric_glia,Muscularis_mucosa,Amiloride-sensitive sodium transport,0.0,0.0,0.5,0.6681630132484446,0.0,0.000999000999000999,0.002206206795116929,False
2449,Enteric_glia,Muscularis_mucosa,Anion exchange,0.0,0.0,0.5,0.6681630132484446,0.0,0.000999000999000999,0.002206206795116929,False
2450,Enteric_glia,Muscularis_mucosa,Butyrate,0.0,0.0,0.5,0.6681630132484446,0.0,0.000999000999000999,0.002206206795116929,False
2451,Enteric_glia,Muscularis_mucosa,Cadmium,0.047745526,0.015915175278981526,0.49365103170700975,0.6681630132484446,0.0,0.004995004995004995,0.008926091958582932,False
2452,Enteric_glia,Muscularis_mucosa,Chenodeoxycholic acid,0.058476087,0.01949202890197436,0.4922242979256389,0.6681630132484446,0.0,0.006993006993006993,0.011945165999886237,False
2453,Enteric_glia,Muscularis_mucosa,Chenodeoxycholic acid 3-sulfate,0.058476087,0.01949202890197436,0.4922242979256389,0.6681630132484446,0.0,0.006993006993006993,0.011945165999886237,False
2454,Enteric_glia,Muscularis_mucosa,Chloride,0.13504474,0.04501491288344065,0.48204771112082667,0.6681630132484446,0.0,0.023976023976023976,0.033736821554080434,False
2455,Enteric_glia,Muscularis_mucosa,Chloride ion,0.15393656,0.05131218830744425,0.479538378017435,0.6681630132484446,0.0,0.03896103896103896,0.05170432784373803,False
2456,Enteric_glia,Muscularis_mucosa,Cholesterol,0.0,0.0,0.5,0.6681630132484446,0.0,0.000999000999000999,0.002206206795116929,False
2457,Enteric_glia,Muscularis_mucosa,Cholic acid,0.058476087,0.011253728133606863,0.4955105067985841,0.6681630132484446,0.0,0.006993006993006993,0.011945165999886237,False
2458,Enteric_glia,Muscularis_mucosa,Choline,0.0,0.0,0.5,0.6681630132484446,0.0,0.000999000999000999,0.002206206795116929,False
2459,Enteric_glia,Muscularis_mucosa,Citric acid,0.033761185,0.011253728220860163,0.4955105067637773,0.6681630132484446,0.0,0.002997002997002997,0.005910424237117464,False
2460,Enteric_glia,Muscularis_mucosa,Coprocholic acid,0.058476087,0.01949202890197436,0.4922242979256389,0.6681630132484446,0.0,0.006993006993006993,0.011945165999886237,False
2461,Enteric_glia,Muscularis_mucosa,Cortisol,0.0,0.0,0.5,0.6681630132484446,0.0,0.000999000999000999,0.002206206795116929,False
2462,Enteric_glia,Muscularis_mucosa,Creatine,0.0,0.0,0.5,0.6681630132484446,0.0,0.000999000999000999,0.002206206795116929,False
2463,Enteric_glia,Muscularis_mucosa,D-Lactate,0.0,0.0,0.5,0.6681630132484446,0.0,0.000999000999000999,0.002206206795116929,False
2464,Enteric_glia,Muscularis_mucosa,Deoxycholic acid,0.058476087,0.01949202890197436,0.4922242979256389,0.6681630132484446,0.0,0.006993006993006993,0.011945165999886237,False
2465,Enteric_glia,Muscularis_mucosa,Dopamine,0.0,0.0,0.5,0.6681630132484446,0.0,0.000999000999000999,0.002206206795116929,False
2466,Enteric_glia,Muscularis_mucosa,E-3179,0.0,0.0,0.5,0.6681630132484446,0.0,0.000999000999000999,0.002206206795116929,False
2467,Enteric_glia,Muscularis_mucosa,Estradiol,0.033761185,0.0050328202604302185,0.4979922036844628,0.6681630132484446,0.0,0.002997002997002997,0.005910424237117464,False
2468,Enteric_glia,Muscularis_mucosa,Estriol,0.0,0.0,0.5,0.6681630132484446,0.0,0.000999000999000999,0.002206206795116929,False
2469,Enteric_glia,Muscularis_mucosa,Fatty acid,0.27005467,0.04025737304731537,0.48394396879473783,0.6681630132484446,0.0,0.07792207792207792,0.09460406447091801,False
2470,Enteric_glia,Muscularis_mucosa,Folic acid,0.058476087,0.011253728133606863,0.4955105067985841,0.6681630132484446,0.0,0.006993006993006993,0.011945165999886237,False
2471,Enteric_glia,Muscularis_mucosa,Folinic acid,0.058476087,0.01949202890197436,0.4922242979256389,0.6681630132484446,0.0,0.006993006993006993,0.011945165999886237,False
2472,Enteric_glia,Muscularis_mucosa,Glutathione,0.058476087,0.01949202890197436,0.4922242979256389,0.6681630132484446,0.0,0.006993006993006993,0.011945165999886237,False
2473,Enteric_glia,Muscularis_mucosa,Glycerol,0.0,0.0,0.5,0.6681630132484446,0.0,0.000999000999000999,0.002206206795116929,False
2474,Enteric_glia,Muscularis_mucosa,Glycochenodeoxycholate-3-sulfate,0.058476087,0.01949202890197436,0.4922242979256389,0.6681630132484446,0.0,0.006993006993006993,0.011945165999886237,False
2475,Enteric_glia,Muscularis_mucosa,Glycyl-glycine,0.0,0.0,0.5,0.6681630132484446,0.0,0.000999000999000999,0.002206206795116929,False
2476,Enteric_glia,Muscularis_mucosa,Histamine,0.0,0.0,0.5,0.6681630132484446,0.0,0.000999000999000999,0.002206206795116929,False
2477,Enteric_glia,Muscularis_mucosa,Hydroxylansoprazole,0.0,0.0,0.5,0.6681630132484446,0.0,0.000999000999000999,0.002206206795116929,False
2478,Enteric_glia,Muscularis_mucosa,Hyodeoxycholic acid,0.058476087,0.01949202890197436,0.4922242979256389,0.6681630132484446,0.0,0.006993006993006993,0.011945165999886237,False
2479,Enteric_glia,Muscularis_mucosa,Iron,0.11885536,0.028014476345110128,0.4888253026124356,0.6681630132484446,0.0,0.011988011988011988,0.01879993733354222,False
2480,Enteric_glia,Muscularis_mucosa,Isoursodeoxycholic acid,0.058476087,0.01949202890197436,0.4922242979256389,0.6681630132484446,0.0,0.006993006993006993,0.011945165999886237,False
2481,Enteric_glia,Muscularis_mucosa,Ketone bodies,0.0,0.0,0.5,0.6681630132484446,0.0,0.000999000999000999,0.002206206795116929,False
2482,Enteric_glia,Muscularis_mucosa,L-Arginine,0.0,0.0,0.5,0.6681630132484446,0.0,0.000999000999000999,0.002206206795116929,False
2483,Enteric_glia,Muscularis_mucosa,L-Carnitine,0.0,0.0,0.5,0.6681630132484446,0.0,0.000999000999000999,0.002206206795116929,False
2484,Enteric_glia,Muscularis_mucosa,L-Cystine,0.0,0.0,0.5,0.6681630132484446,0.0,0.000999000999000999,0.002206206795116929,False
2485,Enteric_glia,Muscularis_mucosa,L-Dopa,0.0,0.0,0.5,0.6681630132484446,0.0,0.000999000999000999,0.002206206795116929,False
2486,Enteric_glia,Muscularis_mucosa,L-Glutamate,0.0,0.0,0.5,0.6681630132484446,0.0,0.000999000999000999,0.002206206795116929,False
2487,Enteric_glia,Muscularis_mucosa,L-Lactate,0.0,0.0,0.5,0.6681630132484446,0.0,0.000999000999000999,0.002206206795116929,False
2488,Enteric_glia,Muscularis_mucosa,L-Lysine,0.0,0.0,0.5,0.6681630132484446,0.0,0.000999000999000999,0.002206206795116929,False
2489,Enteric_glia,Muscularis_mucosa,L-Ornithine,0.0,0.0,0.5,0.6681630132484446,0.0,0.000999000999000999,0.002206206795116929,False
2490,Enteric_glia,Muscularis_mucosa,Lithocholic acid,0.058476087,0.01949202890197436,0.4922242979256389,0.6681630132484446,0.0,0.006993006993006993,0.011945165999886237,False
2491,Enteric_glia,Muscularis_mucosa,Manganese,0.047745526,0.015915175278981526,0.49365103170700975,0.6681630132484446,0.0,0.004995004995004995,0.008926091958582932,False
2492,Enteric_glia,Muscularis_mucosa,N-Desmethylcitalopram,0.0,0.0,0.5,0.6681630132484446,0.0,0.000999000999000999,0.002206206795116929,False
2493,Enteric_glia,Muscularis_mucosa,N-Desmethyleletriptan,0.0,0.0,0.5,0.6681630132484446,0.0,0.000999000999000999,0.002206206795116929,False
2494,Enteric_glia,Muscularis_mucosa,N-Desmethyltamoxifen,0.0,0.0,0.5,0.6681630132484446,0.0,0.000999000999000999,0.002206206795116929,False
2495,Enteric_glia,Muscularis_mucosa,N-desmethylimatinib,0.0,0.0,0.5,0.6681630132484446,0.0,0.000999000999000999,0.002206206795116929,False
2496,Enteric_glia,Muscularis_mucosa,Neurotransmitter,0.0,0.0,0.5,0.6681630132484446,0.0,0.000999000999000999,0.002206206795116929,False
2497,Enteric_glia,Muscularis_mucosa,Nicotinate,0.033761185,0.0050328202604302185,0.4979922036844628,0.6681630132484446,0.0,0.002997002997002997,0.005910424237117464,False
2498,Enteric_glia,Muscularis_mucosa,Norepinephrine,0.0,0.0,0.5,0.6681630132484446,0.0,0.000999000999000999,0.002206206795116929,False
2499,Enteric_glia,Muscularis_mucosa,O-Deethylated candesartan,0.0,0.0,0.5,0.6681630132484446,0.0,0.000999000999000999,0.002206206795116929,False
2500,Enteric_glia,Muscularis_mucosa,O-Desmethylverapamil (D-702),0.058476087,0.0050328202214093565,0.49799220370002967,0.6681630132484446,0.0,0.006993006993006993,0.011945165999886237,False
2501,Enteric_glia,Muscularis_mucosa,Oxalic acid,0.033761185,0.011253728220860163,0.4955105067637773,0.6681630132484446,0.0,0.002997002997002997,0.005910424237117464,False
2502,Enteric_glia,Muscularis_mucosa,Phosphate,0.0,0.0,0.5,0.6681630132484446,0.0,0.000999000999000999,0.002206206795116929,False
2503,Enteric_glia,Muscularis_mucosa,Progesterone,0.0,0.0,0.5,0.6681630132484446,0.0,0.000999000999000999,0.002206206795116929,False
2504,Enteric_glia,Muscularis_mucosa,Pyruvate,0.0,0.0,0.5,0.6681630132484446,0.0,0.000999000999000999,0.002206206795116929,False
2505,Enteric_glia,Muscularis_mucosa,Sodium,0.62309074,0.07343194839834855,0.47073119753406145,0.6681630132484446,0.0,0.09290709290709291,0.11011564115720093,False
2506,Enteric_glia,Muscularis_mucosa,Sodium_hydrogen exchange,0.0,0.0,0.5,0.6681630132484446,0.0,0.000999000999000999,0.002206206795116929,False
2507,Enteric_glia,Muscularis_mucosa,Sulfolithocholic acid,0.058476087,0.01949202890197436,0.4922242979256389,0.6681630132484446,0.0,0.006993006993006993,0.011945165999886237,False
2508,Enteric_glia,Muscularis_mucosa,Taurocholic acid,0.12599845,0.011648561036349828,0.4953530015880756,0.6681630132484446,0.0,0.00999000999000999,0.01593343365495264,False
2509,Enteric_glia,Muscularis_mucosa,Testosterone,0.0,0.0,0.5,0.6681630132484446,0.0,0.000999000999000999,0.002206206795116929,False
2510,Enteric_glia,Muscularis_mucosa,Trihydroxycoprostanoic acid,0.058476087,0.01949202890197436,0.4922242979256389,0.6681630132484446,0.0,0.006993006993006993,0.011945165999886237,False
2511,Enteric_glia,Muscularis_mucosa,Urea,0.058476087,0.01949202890197436,0.4922242979256389,0.6681630132484446,0.0,0.006993006993006993,0.011945165999886237,False
2512,Enteric_glia,Muscularis_mucosa,Ursocholic acid,0.058476087,0.01949202890197436,0.4922242979256389,0.6681630132484446,0.0,0.006993006993006993,0.011945165999886237,False
2513,Enteric_glia,Muscularis_mucosa,Ursodeoxycholic acid,0.058476087,0.01949202890197436,0.4922242979256389,0.6681630132484446,0.0,0.006993006993006993,0.011945165999886237,False
2514,Enteric_glia,Muscularis_mucosa,Ursodeoxycholic acid 3-sulfate,0.058476087,0.01949202890197436,0.4922242979256389,0.6681630132484446,0.0,0.006993006993006993,0.011945165999886237,False
2515,Enteric_glia,Muscularis_mucosa,Varanic acid,0.058476087,0.01949202890197436,0.4922242979256389,0.6681630132484446,0.0,0.006993006993006993,0.011945165999886237,False
2516,Enteric_glia,Muscularis_mucosa,Vitamin D3,0.0,0.0,0.5,0.6681630132484446,0.0,0.000999000999000999,0.002206206795116929,False
2517,Enteric_glia,Muscularis_mucosa,Water,16.516119,2.7526865005493164,0.002955423424196096,0.17764710586500723,26.495852,0.000999000999000999,0.002206206795116929,True
2518,Enteric_glia,Muscularis_mucosa,Zinc,0.047745526,0.015915175278981526,0.49365103170700975,0.6681630132484446,0.0,0.004995004995004995,0.008926091958582932,False
2519,Enteric_glia,Muscularis_mucosa,alpha-Ketoisovaleric acid,0.0,0.0,0.5,0.6681630132484446,0.0,0.000999000999000999,0.002206206795116929,False
2520,Enteric_glia,Myofibroblast,"(3a,5b,7a)-23-Carboxy-7-hydroxy-24-norcholan-3-yl-b-D-Glucopyranosiduronic acid",0.0,0.0,0.5,0.6681630132484446,0.0,0.000999000999000999,0.002206206795116929,False
2521,Enteric_glia,Myofibroblast,17a-Ethynylestradiol,0.0,0.0,0.5,0.6681630132484446,0.0,0.000999000999000999,0.002206206795116929,False
2522,Enteric_glia,Myofibroblast,"1b,3a,12a-Trihydroxy-5b-cholanoic acid",0.0,0.0,0.5,0.6681630132484446,0.0,0.000999000999000999,0.002206206795116929,False
2523,Enteric_glia,Myofibroblast,2-Hydroxychlorpropamide,0.0,0.0,0.5,0.6681630132484446,0.0,0.000999000999000999,0.002206206795116929,False
2524,Enteric_glia,Myofibroblast,25-Hydroxycholesterol,-1.3148941,-0.41580601751840957,0.6612240224012857,0.7062704185019899,0.0,0.07092907092907093,0.08678292046936115,False
2525,Enteric_glia,Myofibroblast,"3',4'-Dihydrodiol",0.0,0.0,0.5,0.6681630132484446,0.0,0.000999000999000999,0.002206206795116929,False
2526,Enteric_glia,Myofibroblast,3-Sulfodeoxycholic acid,0.0,0.0,0.5,0.6681630132484446,0.0,0.000999000999000999,0.002206206795116929,False
2527,Enteric_glia,Myofibroblast,"3alpha,7alpha-Dihydroxycoprostanic acid",0.0,0.0,0.5,0.6681630132484446,0.0,0.000999000999000999,0.002206206795116929,False
2528,Enteric_glia,Myofibroblast,3b-Hydroxy-5-cholenoic acid,0.0,0.0,0.5,0.6681630132484446,0.0,0.000999000999000999,0.002206206795116929,False
2529,Enteric_glia,Myofibroblast,4'-Hydroxydiclofenac,0.0,0.0,0.5,0.6681630132484446,0.0,0.000999000999000999,0.002206206795116929,False
2530,Enteric_glia,Myofibroblast,4-Hydroxycyclophosphamide,0.0,0.0,0.5,0.6681630132484446,0.0,0.000999000999000999,0.002206206795116929,False
2531,Enteric_glia,Myofibroblast,4-ene-Valproic acid,0.104725145,0.01912010804896168,0.49237264522911656,0.6681630132484446,0.0,0.000999000999000999,0.002206206795116929,False
2532,Enteric_glia,Myofibroblast,5-Hydroxyomeprazole,0.0,0.0,0.5,0.6681630132484446,0.0,0.000999000999000999,0.002206206795116929,False
2533,Enteric_glia,Myofibroblast,8-Hydroxycarvedilol,0.0,0.0,0.5,0.6681630132484446,0.0,0.000999000999000999,0.002206206795116929,False
2534,Enteric_glia,Myofibroblast,Acetate,0.39782387,0.07263236920423623,0.47104933391894166,0.6681630132484446,0.0,0.012987012987012988,0.019964507542147295,False
2535,Enteric_glia,Myofibroblast,Acetyl-L-Carnitine,0.104725145,0.03311699858700826,0.48679064363632296,0.6681630132484446,0.0,0.000999000999000999,0.002206206795116929,False
2536,Enteric_glia,Myofibroblast,Adenosine diphosphate ribose,0.0,0.0,0.5,0.6681630132484446,0.0,0.000999000999000999,0.002206206795116929,False
2537,Enteric_glia,Myofibroblast,Adenosine triphosphate,-1.3547251,-0.4284016990398143,0.6658206560466612,0.7103043636704682,0.0,0.026973026973026972,0.03751968625513386,False
2538,Enteric_glia,Myofibroblast,Amiloride-sensitive sodium transport,0.0,0.0,0.5,0.6681630132484446,0.0,0.000999000999000999,0.002206206795116929,False
2539,Enteric_glia,Myofibroblast,Anion exchange,0.0,0.0,0.5,0.6681630132484446,0.0,0.000999000999000999,0.002206206795116929,False
2540,Enteric_glia,Myofibroblast,Butyrate,0.0,0.0,0.5,0.6681630132484446,0.0,0.000999000999000999,0.002206206795116929,False
2541,Enteric_glia,Myofibroblast,Cadmium,0.1487317,0.04703309121107687,0.4812434268651159,0.6681630132484446,0.0,0.003996003996003996,0.007468259895444362,False
2542,Enteric_glia,Myofibroblast,Chenodeoxycholic acid,0.0,0.0,0.5,0.6681630132484446,0.0,0.000999000999000999,0.002206206795116929,False
2543,Enteric_glia,Myofibroblast,Chenodeoxycholic acid 3-sulfate,0.0,0.0,0.5,0.6681630132484446,0.0,0.000999000999000999,0.002206206795116929,False
2544,Enteric_glia,Myofibroblast,Chloride,-0.30962,-0.09791043869150129,0.5389982945301439,0.6681630132484446,0.0,0.014985014985014986,0.022683738280068557,False
2545,Enteric_glia,Myofibroblast,Chloride ion,-2.8709326,-0.907868595854945,0.818026174349477,0.8246903387026296,0.0,0.02097902097902098,0.030000952411187658,False
2546,Enteric_glia,Myofibroblast,Cholesterol,0.0,0.0,0.5,0.6681630132484446,0.0,0.000999000999000999,0.002206206795116929,False
2547,Enteric_glia,Myofibroblast,Cholic acid,0.0,0.0,0.5,0.6681630132484446,0.0,0.000999000999000999,0.002206206795116929,False
2548,Enteric_glia,Myofibroblast,Choline,0.104725145,0.03311699858700826,0.48679064363632296,0.6681630132484446,0.0,0.000999000999000999,0.002206206795116929,False
2549,Enteric_glia,Myofibroblast,Citric acid,0.39782387,0.12580295373583822,0.44994395180463004,0.6681630132484446,0.0,0.012987012987012988,0.019964507542147295,False
2550,Enteric_glia,Myofibroblast,Coprocholic acid,0.0,0.0,0.5,0.6681630132484446,0.0,0.000999000999000999,0.002206206795116929,False
2551,Enteric_glia,Myofibroblast,Cortisol,0.0,0.0,0.5,0.6681630132484446,0.0,0.000999000999000999,0.002206206795116929,False
2552,Enteric_glia,Myofibroblast,Creatine,0.104725145,0.03311699858700826,0.48679064363632296,0.6681630132484446,0.0,0.000999000999000999,0.002206206795116929,False
2553,Enteric_glia,Myofibroblast,D-Lactate,0.0,0.0,0.5,0.6681630132484446,0.0,0.000999000999000999,0.002206206795116929,False
2554,Enteric_glia,Myofibroblast,Deoxycholic acid,0.0,0.0,0.5,0.6681630132484446,0.0,0.000999000999000999,0.002206206795116929,False
2555,Enteric_glia,Myofibroblast,Dopamine,0.104725145,0.03311699858700826,0.48679064363632296,0.6681630132484446,0.0,0.000999000999000999,0.002206206795116929,False
2556,Enteric_glia,Myofibroblast,E-3179,0.0,0.0,0.5,0.6681630132484446,0.0,0.000999000999000999,0.002206206795116929,False
2557,Enteric_glia,Myofibroblast,Estradiol,0.39782387,0.05626079126471907,0.47756702668717577,0.6681630132484446,0.0,0.012987012987012988,0.019964507542147295,False
2558,Enteric_glia,Myofibroblast,Estriol,0.0,0.0,0.5,0.6681630132484446,0.0,0.000999000999000999,0.002206206795116929,False
2559,Enteric_glia,Myofibroblast,Fatty acid,-1.1141624,-0.15756636405024424,0.5626007449919896,0.6681630132484446,0.0,0.12487512487512488,0.14344183911563327,False
2560,Enteric_glia,Myofibroblast,Folic acid,0.0,0.0,0.5,0.6681630132484446,0.0,0.000999000999000999,0.002206206795116929,False
2561,Enteric_glia,Myofibroblast,Folinic acid,0.0,0.0,0.5,0.6681630132484446,0.0,0.000999000999000999,0.002206206795116929,False
2562,Enteric_glia,Myofibroblast,Glutathione,0.0,0.0,0.5,0.6681630132484446,0.0,0.000999000999000999,0.002206206795116929,False
2563,Enteric_glia,Myofibroblast,Glycerol,0.0,0.0,0.5,0.6681630132484446,0.0,0.000999000999000999,0.002206206795116929,False
2564,Enteric_glia,Myofibroblast,Glycochenodeoxycholate-3-sulfate,0.0,0.0,0.5,0.6681630132484446,0.0,0.000999000999000999,0.002206206795116929,False
2565,Enteric_glia,Myofibroblast,Glycyl-glycine,0.0,0.0,0.5,0.6681630132484446,0.0,0.000999000999000999,0.002206206795116929,False
2566,Enteric_glia,Myofibroblast,Histamine,0.104725145,0.03311699858700826,0.48679064363632296,0.6681630132484446,0.0,0.000999000999000999,0.002206206795116929,False
2567,Enteric_glia,Myofibroblast,Hydroxylansoprazole,0.0,0.0,0.5,0.6681630132484446,0.0,0.000999000999000999,0.002206206795116929,False
2568,Enteric_glia,Myofibroblast,Hyodeoxycholic acid,0.0,0.0,0.5,0.6681630132484446,0.0,0.000999000999000999,0.002206206795116929,False
2569,Enteric_glia,Myofibroblast,Iron,-0.34146437,-0.07635375443078465,0.530431169616465,0.6681630132484446,0.0,0.04995004995004995,0.06423340993762222,False
2570,Enteric_glia,Myofibroblast,Isoursodeoxycholic acid,0.0,0.0,0.5,0.6681630132484446,0.0,0.000999000999000999,0.002206206795116929,False
2571,Enteric_glia,Myofibroblast,Ketone bodies,0.0,0.0,0.5,0.6681630132484446,0.0,0.000999000999000999,0.002206206795116929,False
2572,Enteric_glia,Myofibroblast,L-Arginine,0.0,0.0,0.5,0.6681630132484446,0.0,0.000999000999000999,0.002206206795116929,False
2573,Enteric_glia,Myofibroblast,L-Carnitine,0.104725145,0.01655849929350413,0.49339441639064796,0.6681630132484446,0.0,0.000999000999000999,0.002206206795116929,False
2574,Enteric_glia,Myofibroblast,L-Cystine,0.0,0.0,0.5,0.6681630132484446,0.0,0.000999000999000999,0.002206206795116929,False
2575,Enteric_glia,Myofibroblast,L-Dopa,0.0,0.0,0.5,0.6681630132484446,0.0,0.000999000999000999,0.002206206795116929,False
2576,Enteric_glia,Myofibroblast,L-Glutamate,0.0,0.0,0.5,0.6681630132484446,0.0,0.000999000999000999,0.002206206795116929,False
2577,Enteric_glia,Myofibroblast,L-Lactate,0.0,0.0,0.5,0.6681630132484446,0.0,0.000999000999000999,0.002206206795116929,False
2578,Enteric_glia,Myofibroblast,L-Lysine,0.0,0.0,0.5,0.6681630132484446,0.0,0.000999000999000999,0.002206206795116929,False
2579,Enteric_glia,Myofibroblast,L-Ornithine,0.0,0.0,0.5,0.6681630132484446,0.0,0.000999000999000999,0.002206206795116929,False
2580,Enteric_glia,Myofibroblast,Lithocholic acid,0.0,0.0,0.5,0.6681630132484446,0.0,0.000999000999000999,0.002206206795116929,False
2581,Enteric_glia,Myofibroblast,Manganese,0.1487317,0.04703309121107687,0.4812434268651159,0.6681630132484446,0.0,0.003996003996003996,0.007468259895444362,False
2582,Enteric_glia,Myofibroblast,N-Desmethylcitalopram,0.0,0.0,0.5,0.6681630132484446,0.0,0.000999000999000999,0.002206206795116929,False
2583,Enteric_glia,Myofibroblast,N-Desmethyleletriptan,0.0,0.0,0.5,0.6681630132484446,0.0,0.000999000999000999,0.002206206795116929,False
2584,Enteric_glia,Myofibroblast,N-Desmethyltamoxifen,0.0,0.0,0.5,0.6681630132484446,0.0,0.000999000999000999,0.002206206795116929,False
2585,Enteric_glia,Myofibroblast,N-desmethylimatinib,0.0,0.0,0.5,0.6681630132484446,0.0,0.000999000999000999,0.002206206795116929,False
2586,Enteric_glia,Myofibroblast,Neurotransmitter,-0.28355217,-0.08966706920501934,0.5357241072690453,0.6681630132484446,0.0,0.001998001998001998,0.00412210593812261,False
2587,Enteric_glia,Myofibroblast,Nicotinate,0.502549,0.07107116011396843,0.47167056050336126,0.6681630132484446,0.0,0.012987012987012988,0.019964507542147295,False
2588,Enteric_glia,Myofibroblast,Norepinephrine,0.104725145,0.03311699858700826,0.48679064363632296,0.6681630132484446,0.0,0.000999000999000999,0.002206206795116929,False
2589,Enteric_glia,Myofibroblast,O-Deethylated candesartan,0.0,0.0,0.5,0.6681630132484446,0.0,0.000999000999000999,0.002206206795116929,False
2590,Enteric_glia,Myofibroblast,O-Desmethylverapamil (D-702),0.25345683,0.02069466359066349,0.49174461297373595,0.6681630132484446,0.0,0.001998001998001998,0.00412210593812261,False
2591,Enteric_glia,Myofibroblast,Oxalic acid,0.39782387,0.12580295373583822,0.44994395180463004,0.6681630132484446,0.0,0.012987012987012988,0.019964507542147295,False
2592,Enteric_glia,Myofibroblast,Phosphate,0.0,0.0,0.5,0.6681630132484446,0.0,0.000999000999000999,0.002206206795116929,False
2593,Enteric_glia,Myofibroblast,Progesterone,0.0,0.0,0.5,0.6681630132484446,0.0,0.000999000999000999,0.002206206795116929,False
2594,Enteric_glia,Myofibroblast,Pyruvate,0.0,0.0,0.5,0.6681630132484446,0.0,0.000999000999000999,0.002206206795116929,False
2595,Enteric_glia,Myofibroblast,Sodium,-1.7145879,-0.19169675789348684,0.576010127141293,0.6709951556714002,0.0,0.04095904095904096,0.05409684654967674,False
2596,Enteric_glia,Myofibroblast,Sodium_hydrogen exchange,0.07431503,0.013568005440742234,0.49458731504037257,0.6681630132484446,0.0,0.000999000999000999,0.002206206795116929,False
2597,Enteric_glia,Myofibroblast,Sulfolithocholic acid,0.0,0.0,0.5,0.6681630132484446,0.0,0.000999000999000999,0.002206206795116929,False
2598,Enteric_glia,Myofibroblast,Taurocholic acid,0.39782387,0.03489146156149144,0.4860831445780425,0.6681630132484446,0.0,0.012987012987012988,0.019964507542147295,False
2599,Enteric_glia,Myofibroblast,Testosterone,0.0,0.0,0.5,0.6681630132484446,0.0,0.000999000999000999,0.002206206795116929,False
2600,Enteric_glia,Myofibroblast,Trihydroxycoprostanoic acid,0.0,0.0,0.5,0.6681630132484446,0.0,0.000999000999000999,0.002206206795116929,False
2601,Enteric_glia,Myofibroblast,Urea,0.12880543,0.0407318529823545,0.48375483382586637,0.6681630132484446,0.0,0.000999000999000999,0.002206206795116929,False
2602,Enteric_glia,Myofibroblast,Ursocholic acid,0.0,0.0,0.5,0.6681630132484446,0.0,0.000999000999000999,0.002206206795116929,False
2603,Enteric_glia,Myofibroblast,Ursodeoxycholic acid,0.0,0.0,0.5,0.6681630132484446,0.0,0.000999000999000999,0.002206206795116929,False
2604,Enteric_glia,Myofibroblast,Ursodeoxycholic acid 3-sulfate,0.0,0.0,0.5,0.6681630132484446,0.0,0.000999000999000999,0.002206206795116929,False
2605,Enteric_glia,Myofibroblast,Varanic acid,0.0,0.0,0.5,0.6681630132484446,0.0,0.000999000999000999,0.002206206795116929,False
2606,Enteric_glia,Myofibroblast,Vitamin D3,0.0,0.0,0.5,0.6681630132484446,0.0,0.000999000999000999,0.002206206795116929,False
2607,Enteric_glia,Myofibroblast,Water,-1.5253927,-0.2411857552503313,0.5952944246334203,0.6770266346377942,0.0,0.011988011988011988,0.01879993733354222,False
2608,Enteric_glia,Myofibroblast,Zinc,0.1487317,0.04703309121107687,0.4812434268651159,0.6681630132484446,0.0,0.003996003996003996,0.007468259895444362,False
2609,Enteric_glia,Myofibroblast,alpha-Ketoisovaleric acid,0.0,0.0,0.5,0.6681630132484446,0.0,0.000999000999000999,0.002206206795116929,False
2610,Enteric_glia,Pericyte,"(3a,5b,7a)-23-Carboxy-7-hydroxy-24-norcholan-3-yl-b-D-Glucopyranosiduronic acid",0.08110724,0.02564836018878603,0.4897689064443606,0.6681630132484446,0.0,0.004995004995004995,0.008926091958582932,False
2611,Enteric_glia,Pericyte,17a-Ethynylestradiol,0.0,0.0,0.5,0.6681630132484446,0.0,0.000999000999000999,0.002206206795116929,False
2612,Enteric_glia,Pericyte,"1b,3a,12a-Trihydroxy-5b-cholanoic acid",0.08110724,0.02564836018878603,0.4897689064443606,0.6681630132484446,0.0,0.004995004995004995,0.008926091958582932,False
2613,Enteric_glia,Pericyte,2-Hydroxychlorpropamide,0.0,0.0,0.5,0.6681630132484446,0.0,0.000999000999000999,0.002206206795116929,False
2614,Enteric_glia,Pericyte,25-Hydroxycholesterol,-0.17270575,-0.05461435496733777,0.5217771488911129,0.6681630132484446,0.0,0.07192807192807193,0.08795862686810278,False
2615,Enteric_glia,Pericyte,"3',4'-Dihydrodiol",0.0,0.0,0.5,0.6681630132484446,0.0,0.000999000999000999,0.002206206795116929,False
2616,Enteric_glia,Pericyte,3-Sulfodeoxycholic acid,0.08110724,0.02564836018878603,0.4897689064443606,0.6681630132484446,0.0,0.004995004995004995,0.008926091958582932,False
2617,Enteric_glia,Pericyte,"3alpha,7alpha-Dihydroxycoprostanic acid",0.08110724,0.02564836018878603,0.4897689064443606,0.6681630132484446,0.0,0.004995004995004995,0.008926091958582932,False
2618,Enteric_glia,Pericyte,3b-Hydroxy-5-cholenoic acid,0.08110724,0.02564836018878603,0.4897689064443606,0.6681630132484446,0.0,0.004995004995004995,0.008926091958582932,False
2619,Enteric_glia,Pericyte,4'-Hydroxydiclofenac,0.0,0.0,0.5,0.6681630132484446,0.0,0.000999000999000999,0.002206206795116929,False
2620,Enteric_glia,Pericyte,4-Hydroxycyclophosphamide,0.0,0.0,0.5,0.6681630132484446,0.0,0.000999000999000999,0.002206206795116929,False
2621,Enteric_glia,Pericyte,4-ene-Valproic acid,0.0,0.0,0.5,0.6681630132484446,0.0,0.000999000999000999,0.002206206795116929,False
2622,Enteric_glia,Pericyte,5-Hydroxyomeprazole,0.08110724,0.0104708992002733,0.4958227919266565,0.6681630132484446,0.0,0.004995004995004995,0.008926091958582932,False
2623,Enteric_glia,Pericyte,8-Hydroxycarvedilol,0.0,0.0,0.5,0.6681630132484446,0.0,0.000999000999000999,0.002206206795116929,False
2624,Enteric_glia,Pericyte,Acetate,0.1647404,0.030077344135062006,0.48800268465808927,0.6681630132484446,0.0,0.008991008991008992,0.014633088846334503,False
2625,Enteric_glia,Pericyte,Acetyl-L-Carnitine,0.0,0.0,0.5,0.6681630132484446,0.0,0.000999000999000999,0.002206206795116929,False
2626,Enteric_glia,Pericyte,Adenosine diphosphate ribose,0.0,0.0,0.5,0.6681630132484446,0.0,0.000999000999000999,0.002206206795116929,False
2627,Enteric_glia,Pericyte,Adenosine triphosphate,0.21035123,0.06651889913512175,0.4734823558490062,0.6681630132484446,0.0,0.01998001998001998,0.02902757619738752,False
2628,Enteric_glia,Pericyte,Amiloride-sensitive sodium transport,0.0,0.0,0.5,0.6681630132484446,0.0,0.000999000999000999,0.002206206795116929,False
2629,Enteric_glia,Pericyte,Anion exchange,0.0,0.0,0.5,0.6681630132484446,0.0,0.000999000999000999,0.002206206795116929,False
2630,Enteric_glia,Pericyte,Butyrate,0.0,0.0,0.5,0.6681630132484446,0.0,0.000999000999000999,0.002206206795116929,False
2631,Enteric_glia,Pericyte,Cadmium,0.0,0.0,0.5,0.6681630132484446,0.0,0.000999000999000999,0.002206206795116929,False
2632,Enteric_glia,Pericyte,Chenodeoxycholic acid,0.08110724,0.02564836018878603,0.4897689064443606,0.6681630132484446,0.0,0.004995004995004995,0.008926091958582932,False
2633,Enteric_glia,Pericyte,Chenodeoxycholic acid 3-sulfate,0.08110724,0.02564836018878603,0.4897689064443606,0.6681630132484446,0.0,0.004995004995004995,0.008926091958582932,False
2634,Enteric_glia,Pericyte,Chloride,0.16198295,0.05122350753342969,0.47957371006387384,0.6681630132484446,0.0,0.008991008991008992,0.014633088846334503,False
2635,Enteric_glia,Pericyte,Chloride ion,0.39399582,0.12459241844531889,0.45042311541518826,0.6681630132484446,0.0,0.030969030969030968,0.04197445425687162,False
2636,Enteric_glia,Pericyte,Cholesterol,0.0,0.0,0.5,0.6681630132484446,0.0,0.000999000999000999,0.002206206795116929,False
2637,Enteric_glia,Pericyte,Cholic acid,0.08110724,0.014808087659268096,0.49409264363526867,0.6681630132484446,0.0,0.004995004995004995,0.008926091958582932,False
2638,Enteric_glia,Pericyte,Choline,0.0,0.0,0.5,0.6681630132484446,0.0,0.000999000999000999,0.002206206795116929,False
2639,Enteric_glia,Pericyte,Citric acid,0.1647404,0.05209548819866118,0.47922630399116617,0.6681630132484446,0.0,0.008991008991008992,0.014633088846334503,False
2640,Enteric_glia,Pericyte,Coprocholic acid,0.08110724,0.02564836018878603,0.4897689064443606,0.6681630132484446,0.0,0.004995004995004995,0.008926091958582932,False
2641,Enteric_glia,Pericyte,Cortisol,0.0,0.0,0.5,0.6681630132484446,0.0,0.000999000999000999,0.002206206795116929,False
2642,Enteric_glia,Pericyte,Creatine,0.0,0.0,0.5,0.6681630132484446,0.0,0.000999000999000999,0.002206206795116929,False
2643,Enteric_glia,Pericyte,D-Lactate,0.0,0.0,0.5,0.6681630132484446,0.0,0.000999000999000999,0.002206206795116929,False
2644,Enteric_glia,Pericyte,Deoxycholic acid,0.08110724,0.02564836018878603,0.4897689064443606,0.6681630132484446,0.0,0.004995004995004995,0.008926091958582932,False
2645,Enteric_glia,Pericyte,Dopamine,0.0,0.0,0.5,0.6681630132484446,0.0,0.000999000999000999,0.002206206795116929,False
2646,Enteric_glia,Pericyte,E-3179,0.0,0.0,0.5,0.6681630132484446,0.0,0.000999000999000999,0.002206206795116929,False
2647,Enteric_glia,Pericyte,Estradiol,0.1647404,0.023297810586648895,0.49070635906990134,0.6681630132484446,0.0,0.008991008991008992,0.014633088846334503,False
2648,Enteric_glia,Pericyte,Estriol,0.0,0.0,0.5,0.6681630132484446,0.0,0.000999000999000999,0.002206206795116929,False
2649,Enteric_glia,Pericyte,Fatty acid,-1.419992,-0.20081719025229322,0.5795792395688831,0.672890623255547,0.0,0.1068931068931069,0.1248557611274618,False
2650,Enteric_glia,Pericyte,Folic acid,0.08110724,0.014808087659268096,0.49409264363526867,0.6681630132484446,0.0,0.004995004995004995,0.008926091958582932,False
2651,Enteric_glia,Pericyte,Folinic acid,0.08110724,0.02564836018878603,0.4897689064443606,0.6681630132484446,0.0,0.004995004995004995,0.008926091958582932,False
2652,Enteric_glia,Pericyte,Glutathione,0.08110724,0.02564836018878603,0.4897689064443606,0.6681630132484446,0.0,0.004995004995004995,0.008926091958582932,False
2653,Enteric_glia,Pericyte,Glycerol,0.0,0.0,0.5,0.6681630132484446,0.0,0.000999000999000999,0.002206206795116929,False
2654,Enteric_glia,Pericyte,Glycochenodeoxycholate-3-sulfate,0.08110724,0.02564836018878603,0.4897689064443606,0.6681630132484446,0.0,0.004995004995004995,0.008926091958582932,False
2655,Enteric_glia,Pericyte,Glycyl-glycine,0.0,0.0,0.5,0.6681630132484446,0.0,0.000999000999000999,0.002206206795116929,False
2656,Enteric_glia,Pericyte,Histamine,0.0,0.0,0.5,0.6681630132484446,0.0,0.000999000999000999,0.002206206795116929,False
2657,Enteric_glia,Pericyte,Hydroxylansoprazole,0.0,0.0,0.5,0.6681630132484446,0.0,0.000999000999000999,0.002206206795116929,False
2658,Enteric_glia,Pericyte,Hyodeoxycholic acid,0.08110724,0.02564836018878603,0.4897689064443606,0.6681630132484446,0.0,0.004995004995004995,0.008926091958582932,False
2659,Enteric_glia,Pericyte,Iron,-0.4091912,-0.0914979319309357,0.536451525287466,0.6681630132484446,0.0,0.053946053946053944,0.06874699408719269,False
2660,Enteric_glia,Pericyte,Isoursodeoxycholic acid,0.08110724,0.02564836018878603,0.4897689064443606,0.6681630132484446,0.0,0.004995004995004995,0.008926091958582932,False
2661,Enteric_glia,Pericyte,Ketone bodies,0.0,0.0,0.5,0.6681630132484446,0.0,0.000999000999000999,0.002206206795116929,False
2662,Enteric_glia,Pericyte,L-Arginine,0.0,0.0,0.5,0.6681630132484446,0.0,0.000999000999000999,0.002206206795116929,False
2663,Enteric_glia,Pericyte,L-Carnitine,0.0,0.0,0.5,0.6681630132484446,0.0,0.000999000999000999,0.002206206795116929,False
2664,Enteric_glia,Pericyte,L-Cystine,0.0,0.0,0.5,0.6681630132484446,0.0,0.000999000999000999,0.002206206795116929,False
2665,Enteric_glia,Pericyte,L-Dopa,0.0,0.0,0.5,0.6681630132484446,0.0,0.000999000999000999,0.002206206795116929,False
2666,Enteric_glia,Pericyte,L-Glutamate,0.0,0.0,0.5,0.6681630132484446,0.0,0.000999000999000999,0.002206206795116929,False
2667,Enteric_glia,Pericyte,L-Lactate,0.0,0.0,0.5,0.6681630132484446,0.0,0.000999000999000999,0.002206206795116929,False
2668,Enteric_glia,Pericyte,L-Lysine,0.0,0.0,0.5,0.6681630132484446,0.0,0.000999000999000999,0.002206206795116929,False
2669,Enteric_glia,Pericyte,L-Ornithine,0.0,0.0,0.5,0.6681630132484446,0.0,0.000999000999000999,0.002206206795116929,False
2670,Enteric_glia,Pericyte,Lithocholic acid,0.08110724,0.02564836018878603,0.4897689064443606,0.6681630132484446,0.0,0.004995004995004995,0.008926091958582932,False
2671,Enteric_glia,Pericyte,Manganese,0.0,0.0,0.5,0.6681630132484446,0.0,0.000999000999000999,0.002206206795116929,False
2672,Enteric_glia,Pericyte,N-Desmethylcitalopram,0.0,0.0,0.5,0.6681630132484446,0.0,0.000999000999000999,0.002206206795116929,False
2673,Enteric_glia,Pericyte,N-Desmethyleletriptan,0.0,0.0,0.5,0.6681630132484446,0.0,0.000999000999000999,0.002206206795116929,False
2674,Enteric_glia,Pericyte,N-Desmethyltamoxifen,0.0,0.0,0.5,0.6681630132484446,0.0,0.000999000999000999,0.002206206795116929,False
2675,Enteric_glia,Pericyte,N-desmethylimatinib,0.0,0.0,0.5,0.6681630132484446,0.0,0.000999000999000999,0.002206206795116929,False
2676,Enteric_glia,Pericyte,Neurotransmitter,0.08079727,0.0255503401735046,0.48980799796180946,0.6681630132484446,0.0,0.001998001998001998,0.00412210593812261,False
2677,Enteric_glia,Pericyte,Nicotinate,0.1647404,0.023297810586648895,0.49070635906990134,0.6681630132484446,0.0,0.008991008991008992,0.014633088846334503,False
2678,Enteric_glia,Pericyte,Norepinephrine,0.0,0.0,0.5,0.6681630132484446,0.0,0.000999000999000999,0.002206206795116929,False
2679,Enteric_glia,Pericyte,O-Deethylated candesartan,0.0,0.0,0.5,0.6681630132484446,0.0,0.000999000999000999,0.002206206795116929,False
2680,Enteric_glia,Pericyte,O-Desmethylverapamil (D-702),0.16221447,0.013244756249159682,0.49471626122110235,0.6681630132484446,0.0,0.004995004995004995,0.008926091958582932,False
2681,Enteric_glia,Pericyte,Oxalic acid,0.1647404,0.05209548819866118,0.47922630399116617,0.6681630132484446,0.0,0.008991008991008992,0.014633088846334503,False
2682,Enteric_glia,Pericyte,Phosphate,0.0,0.0,0.5,0.6681630132484446,0.0,0.000999000999000999,0.002206206795116929,False
2683,Enteric_glia,Pericyte,Progesterone,0.0,0.0,0.5,0.6681630132484446,0.0,0.000999000999000999,0.002206206795116929,False
2684,Enteric_glia,Pericyte,Pyruvate,0.0,0.0,0.5,0.6681630132484446,0.0,0.000999000999000999,0.002206206795116929,False
2685,Enteric_glia,Pericyte,Sodium,0.91901225,0.10274869299184455,0.45908121335257784,0.6681630132484446,0.0,0.06593406593406594,0.08144796380090498,False
2686,Enteric_glia,Pericyte,Sodium_hydrogen exchange,0.057351474,0.010470898620665385,0.49582279215787395,0.6681630132484446,0.0,0.001998001998001998,0.00412210593812261,False
2687,Enteric_glia,Pericyte,Sulfolithocholic acid,0.08110724,0.02564836018878603,0.4897689064443606,0.6681630132484446,0.0,0.004995004995004995,0.008926091958582932,False
2688,Enteric_glia,Pericyte,Taurocholic acid,0.24584764,0.021562264631369864,0.49139856749497596,0.6681630132484446,0.0,0.012987012987012988,0.019964507542147295,False
2689,Enteric_glia,Pericyte,Testosterone,0.0,0.0,0.5,0.6681630132484446,0.0,0.000999000999000999,0.002206206795116929,False
2690,Enteric_glia,Pericyte,Trihydroxycoprostanoic acid,0.08110724,0.02564836018878603,0.4897689064443606,0.6681630132484446,0.0,0.004995004995004995,0.008926091958582932,False
2691,Enteric_glia,Pericyte,Urea,0.0,0.0,0.5,0.6681630132484446,0.0,0.000999000999000999,0.002206206795116929,False
2692,Enteric_glia,Pericyte,Ursocholic acid,0.08110724,0.02564836018878603,0.4897689064443606,0.6681630132484446,0.0,0.004995004995004995,0.008926091958582932,False
2693,Enteric_glia,Pericyte,Ursodeoxycholic acid,0.08110724,0.02564836018878603,0.4897689064443606,0.6681630132484446,0.0,0.004995004995004995,0.008926091958582932,False
2694,Enteric_glia,Pericyte,Ursodeoxycholic acid 3-sulfate,0.08110724,0.02564836018878603,0.4897689064443606,0.6681630132484446,0.0,0.004995004995004995,0.008926091958582932,False
2695,Enteric_glia,Pericyte,Varanic acid,0.08110724,0.02564836018878603,0.4897689064443606,0.6681630132484446,0.0,0.004995004995004995,0.008926091958582932,False
2696,Enteric_glia,Pericyte,Vitamin D3,0.0,0.0,0.5,0.6681630132484446,0.0,0.000999000999000999,0.002206206795116929,False
2697,Enteric_glia,Pericyte,Water,0.0,0.0,0.5,0.6681630132484446,0.0,0.000999000999000999,0.002206206795116929,False
2698,Enteric_glia,Pericyte,Zinc,0.0,0.0,0.5,0.6681630132484446,0.0,0.000999000999000999,0.002206206795116929,False
2699,Enteric_glia,Pericyte,alpha-Ketoisovaleric acid,0.0,0.0,0.5,0.6681630132484446,0.0,0.000999000999000999,0.002206206795116929,False
2700,Enteric_glia,Plasma,"(3a,5b,7a)-23-Carboxy-7-hydroxy-24-norcholan-3-yl-b-D-Glucopyranosiduronic acid",0.14069304,0.01880089812596614,0.4924999686746932,0.6681630132484446,0.0,0.000999000999000999,0.002206206795116929,False
2701,Enteric_glia,Plasma,17a-Ethynylestradiol,0.0,0.0,0.5,0.6681630132484446,0.0,0.000999000999000999,0.002206206795116929,False
2702,Enteric_glia,Plasma,"1b,3a,12a-Trihydroxy-5b-cholanoic acid",0.14069304,0.01880089812596614,0.4924999686746932,0.6681630132484446,0.0,0.000999000999000999,0.002206206795116929,False
2703,Enteric_glia,Plasma,2-Hydroxychlorpropamide,0.0,0.0,0.5,0.6681630132484446,0.0,0.000999000999000999,0.002206206795116929,False
2704,Enteric_glia,Plasma,25-Hydroxycholesterol,-0.4236223,-0.05660891235779847,0.5225716325515641,0.6681630132484446,0.0,0.05194805194805195,0.06654343807763402,False
2705,Enteric_glia,Plasma,"3',4'-Dihydrodiol",0.0,0.0,0.5,0.6681630132484446,0.0,0.000999000999000999,0.002206206795116929,False
2706,Enteric_glia,Plasma,3-Sulfodeoxycholic acid,0.14069304,0.01880089812596614,0.4924999686746932,0.6681630132484446,0.0,0.000999000999000999,0.002206206795116929,False
2707,Enteric_glia,Plasma,"3alpha,7alpha-Dihydroxycoprostanic acid",0.14069304,0.01880089812596614,0.4924999686746932,0.6681630132484446,0.0,0.000999000999000999,0.002206206795116929,False
2708,Enteric_glia,Plasma,3b-Hydroxy-5-cholenoic acid,0.14069304,0.01880089812596614,0.4924999686746932,0.6681630132484446,0.0,0.000999000999000999,0.002206206795116929,False
2709,Enteric_glia,Plasma,4'-Hydroxydiclofenac,0.0,0.0,0.5,0.6681630132484446,0.0,0.000999000999000999,0.002206206795116929,False
2710,Enteric_glia,Plasma,4-Hydroxycyclophosphamide,0.0,0.0,0.5,0.6681630132484446,0.0,0.000999000999000999,0.002206206795116929,False
2711,Enteric_glia,Plasma,4-ene-Valproic acid,0.39611417,0.030560871741760507,0.48780987369485823,0.6681630132484446,0.0,0.00999000999000999,0.01593343365495264,False
2712,Enteric_glia,Plasma,5-Hydroxyomeprazole,0.4221231,0.023028703311901613,0.4908136885424871,0.6681630132484446,0.0,0.001998001998001998,0.00412210593812261,False
2713,Enteric_glia,Plasma,8-Hydroxycarvedilol,0.0,0.0,0.5,0.6681630132484446,0.0,0.000999000999000999,0.002206206795116929,False
2714,Enteric_glia,Plasma,Acetate,-0.92088324,-0.07104768429801689,0.5283200976165261,0.6681630132484446,0.0,0.011988011988011988,0.01879993733354222,False
2715,Enteric_glia,Plasma,Acetyl-L-Carnitine,0.39611417,0.052932982580325166,0.4788926524626927,0.6681630132484446,0.0,0.00999000999000999,0.01593343365495264,False
2716,Enteric_glia,Plasma,Adenosine diphosphate ribose,0.0,0.0,0.5,0.6681630132484446,0.0,0.000999000999000999,0.002206206795116929,False
2717,Enteric_glia,Plasma,Adenosine triphosphate,-1.9118652,-0.2554837384541254,0.6008252490959528,0.6784719525784709,0.0,0.12387612387612387,0.142672683806139,False
2718,Enteric_glia,Plasma,Amiloride-sensitive sodium transport,0.0,0.0,0.5,0.6681630132484446,0.0,0.000999000999000999,0.002206206795116929,False
2719,Enteric_glia,Plasma,Anion exchange,0.0,0.0,0.5,0.6681630132484446,0.0,0.000999000999000999,0.002206206795116929,False
2720,Enteric_glia,Plasma,Butyrate,0.0,0.0,0.5,0.6681630132484446,0.0,0.000999000999000999,0.002206206795116929,False
2721,Enteric_glia,Plasma,Cadmium,0.04450376,0.005947065029268045,0.4976274783005959,0.6681630132484446,0.0,0.03696303696303696,0.04934576115466117,False
2722,Enteric_glia,Plasma,Chenodeoxycholic acid,0.14069304,0.01880089812596614,0.4924999686746932,0.6681630132484446,0.0,0.000999000999000999,0.002206206795116929,False
2723,Enteric_glia,Plasma,Chenodeoxycholic acid 3-sulfate,0.14069304,0.01880089812596614,0.4924999686746932,0.6681630132484446,0.0,0.000999000999000999,0.002206206795116929,False
2724,Enteric_glia,Plasma,Chloride,-0.9502423,-0.12698146606354335,0.5505224661345214,0.6681630132484446,0.0,0.0999000999000999,0.11734028683181226,False
2725,Enteric_glia,Plasma,Chloride ion,-0.35925993,-0.048008127962648015,0.5191451175497729,0.6681630132484446,0.0,0.04595404595404595,0.06003045022837671,False
2726,Enteric_glia,Plasma,Cholesterol,0.0,0.0,0.5,0.6681630132484446,0.0,0.000999000999000999,0.002206206795116929,False
2727,Enteric_glia,Plasma,Cholic acid,0.14069304,0.010854703594033281,0.49566968483155,0.6681630132484446,0.0,0.000999000999000999,0.002206206795116929,False
2728,Enteric_glia,Plasma,Choline,0.39611417,0.052932982580325166,0.4788926524626927,0.6681630132484446,0.0,0.00999000999000999,0.01593343365495264,False
2729,Enteric_glia,Plasma,Citric acid,-0.92088324,-0.1230581989642788,0.5489694939913198,0.6681630132484446,0.0,0.011988011988011988,0.01879993733354222,False
2730,Enteric_glia,Plasma,Coprocholic acid,0.14069304,0.01880089812596614,0.4924999686746932,0.6681630132484446,0.0,0.000999000999000999,0.002206206795116929,False
2731,Enteric_glia,Plasma,Cortisol,0.0,0.0,0.5,0.6681630132484446,0.0,0.000999000999000999,0.002206206795116929,False
2732,Enteric_glia,Plasma,Creatine,0.39611417,0.052932982580325166,0.4788926524626927,0.6681630132484446,0.0,0.00999000999000999,0.01593343365495264,False
2733,Enteric_glia,Plasma,D-Lactate,0.0,0.0,0.5,0.6681630132484446,0.0,0.000999000999000999,0.002206206795116929,False
2734,Enteric_glia,Plasma,Deoxycholic acid,0.14069304,0.01880089812596614,0.4924999686746932,0.6681630132484446,0.0,0.000999000999000999,0.002206206795116929,False
2735,Enteric_glia,Plasma,Dopamine,0.39611417,0.052932982580325166,0.4788926524626927,0.6681630132484446,0.0,0.00999000999000999,0.01593343365495264,False
2736,Enteric_glia,Plasma,E-3179,0.0,0.0,0.5,0.6681630132484446,0.0,0.000999000999000999,0.002206206795116929,False
2737,Enteric_glia,Plasma,Estradiol,-0.92088324,-0.05503329961456432,0.5219440326370386,0.6681630132484446,0.0,0.011988011988011988,0.01879993733354222,False
2738,Enteric_glia,Plasma,Estriol,0.0,0.0,0.5,0.6681630132484446,0.0,0.000999000999000999,0.002206206795116929,False
2739,Enteric_glia,Plasma,Fatty acid,0.91650903,0.054771890802896094,0.4781600973325633,0.6681630132484446,0.0,0.38161838161838163,0.397447457862246,False
2740,Enteric_glia,Plasma,Folic acid,0.4221231,0.032567504547557476,0.48700974184572327,0.6681630132484446,0.0,0.001998001998001998,0.00412210593812261,False
2741,Enteric_glia,Plasma,Folinic acid,0.14069304,0.01880089812596614,0.4924999686746932,0.6681630132484446,0.0,0.000999000999000999,0.002206206795116929,False
2742,Enteric_glia,Plasma,Glutathione,0.14069304,0.01880089812596614,0.4924999686746932,0.6681630132484446,0.0,0.000999000999000999,0.002206206795116929,False
2743,Enteric_glia,Plasma,Glycerol,0.0,0.0,0.5,0.6681630132484446,0.0,0.000999000999000999,0.002206206795116929,False
2744,Enteric_glia,Plasma,Glycochenodeoxycholate-3-sulfate,0.14069304,0.01880089812596614,0.4924999686746932,0.6681630132484446,0.0,0.000999000999000999,0.002206206795116929,False
2745,Enteric_glia,Plasma,Glycyl-glycine,0.0,0.0,0.5,0.6681630132484446,0.0,0.000999000999000999,0.002206206795116929,False
2746,Enteric_glia,Plasma,Histamine,0.39611417,0.052932982580325166,0.4788926524626927,0.6681630132484446,0.0,0.00999000999000999,0.01593343365495264,False
2747,Enteric_glia,Plasma,Hydroxylansoprazole,0.0,0.0,0.5,0.6681630132484446,0.0,0.000999000999000999,0.002206206795116929,False
2748,Enteric_glia,Plasma,Hyodeoxycholic acid,0.14069304,0.01880089812596614,0.4924999686746932,0.6681630132484446,0.0,0.000999000999000999,0.002206206795116929,False
2749,Enteric_glia,Plasma,Iron,-3.0647855,-0.2895950072558092,0.6139369564798335,0.6849132570762552,0.0,0.21078921078921078,0.23201544326067833,False
2750,Enteric_glia,Plasma,Isoursodeoxycholic acid,0.14069304,0.01880089812596614,0.4924999686746932,0.6681630132484446,0.0,0.000999000999000999,0.002206206795116929,False
2751,Enteric_glia,Plasma,Ketone bodies,0.0,0.0,0.5,0.6681630132484446,0.0,0.000999000999000999,0.002206206795116929,False
2752,Enteric_glia,Plasma,L-Arginine,-1.3554205,-0.18112567909462926,0.5718655355293673,0.6688655124419435,0.0,0.003996003996003996,0.007468259895444362,False
2753,Enteric_glia,Plasma,L-Carnitine,0.39611417,0.026466491290162583,0.4894426301540886,0.6681630132484446,0.0,0.00999000999000999,0.01593343365495264,False
2754,Enteric_glia,Plasma,L-Cystine,-1.3554205,-0.18112567909462926,0.5718655355293673,0.6688655124419435,0.0,0.003996003996003996,0.007468259895444362,False
2755,Enteric_glia,Plasma,L-Dopa,0.0,0.0,0.5,0.6681630132484446,0.0,0.000999000999000999,0.002206206795116929,False
2756,Enteric_glia,Plasma,L-Glutamate,0.0,0.0,0.5,0.6681630132484446,0.0,0.000999000999000999,0.002206206795116929,False
2757,Enteric_glia,Plasma,L-Lactate,0.0,0.0,0.5,0.6681630132484446,0.0,0.000999000999000999,0.002206206795116929,False
2758,Enteric_glia,Plasma,L-Lysine,-1.3554205,-0.18112567909462926,0.5718655355293673,0.6688655124419435,0.0,0.003996003996003996,0.007468259895444362,False
2759,Enteric_glia,Plasma,L-Ornithine,-1.3554205,-0.18112567909462926,0.5718655355293673,0.6688655124419435,0.0,0.003996003996003996,0.007468259895444362,False
2760,Enteric_glia,Plasma,Lithocholic acid,0.14069304,0.01880089812596614,0.4924999686746932,0.6681630132484446,0.0,0.000999000999000999,0.002206206795116929,False
2761,Enteric_glia,Plasma,Manganese,0.04450376,0.005947065029268045,0.4976274783005959,0.6681630132484446,0.0,0.03696303696303696,0.04934576115466117,False
2762,Enteric_glia,Plasma,N-Desmethylcitalopram,0.0,0.0,0.5,0.6681630132484446,0.0,0.000999000999000999,0.002206206795116929,False
2763,Enteric_glia,Plasma,N-Desmethyleletriptan,0.0,0.0,0.5,0.6681630132484446,0.0,0.000999000999000999,0.002206206795116929,False
2764,Enteric_glia,Plasma,N-Desmethyltamoxifen,0.0,0.0,0.5,0.6681630132484446,0.0,0.000999000999000999,0.002206206795116929,False
2765,Enteric_glia,Plasma,N-desmethylimatinib,0.0,0.0,0.5,0.6681630132484446,0.0,0.000999000999000999,0.002206206795116929,False
2766,Enteric_glia,Plasma,Neurotransmitter,-0.61056554,-0.08159025266890799,0.532513723652673,0.6681630132484446,0.0,0.02197802197802198,0.03133903133903134,False
2767,Enteric_glia,Plasma,Nicotinate,-0.52476907,-0.03136095015428046,0.5125091584577752,0.6681630132484446,0.0,0.01998001998001998,0.02902757619738752,False
2768,Enteric_glia,Plasma,Norepinephrine,0.39611417,0.052932982580325166,0.4788926524626927,0.6681630132484446,0.0,0.00999000999000999,0.01593343365495264,False
2769,Enteric_glia,Plasma,O-Deethylated candesartan,0.0,0.0,0.5,0.6681630132484446,0.0,0.000999000999000999,0.002206206795116929,False
2770,Enteric_glia,Plasma,O-Desmethylverapamil (D-702),-2.2731946,-0.07843266348263427,0.5312580540754133,0.6681630132484446,0.0,0.03396603396603397,0.045590667322218746,False
2771,Enteric_glia,Plasma,Oxalic acid,-0.92088324,-0.1230581989642788,0.5489694939913198,0.6681630132484446,0.0,0.011988011988011988,0.01879993733354222,False
2772,Enteric_glia,Plasma,Phosphate,0.0,0.0,0.5,0.6681630132484446,0.0,0.000999000999000999,0.002206206795116929,False
2773,Enteric_glia,Plasma,Progesterone,0.0,0.0,0.5,0.6681630132484446,0.0,0.000999000999000999,0.002206206795116929,False
2774,Enteric_glia,Plasma,Pyruvate,0.0,0.0,0.5,0.6681630132484446,0.0,0.000999000999000999,0.002206206795116929,False
2775,Enteric_glia,Plasma,Sodium,-4.764103,-0.22508270693599544,0.5890425331514328,0.6770266346377942,0.0,0.3806193806193806,0.39646660268935935,False
2776,Enteric_glia,Plasma,Sodium_hydrogen exchange,0.26325372,0.02031046533610367,0.4918978536894471,0.6681630132484446,0.0,0.004995004995004995,0.008926091958582932,False
2777,Enteric_glia,Plasma,Sulfolithocholic acid,0.14069304,0.01880089812596614,0.4924999686746932,0.6681630132484446,0.0,0.000999000999000999,0.002206206795116929,False
2778,Enteric_glia,Plasma,Taurocholic acid,-0.05378017,-0.0019932256499259273,0.5007951814596002,0.6681630132484446,0.0,0.02097902097902098,0.030000952411187658,False
2779,Enteric_glia,Plasma,Testosterone,0.0,0.0,0.5,0.6681630132484446,0.0,0.000999000999000999,0.002206206795116929,False
2780,Enteric_glia,Plasma,Trihydroxycoprostanoic acid,0.14069304,0.01880089812596614,0.4924999686746932,0.6681630132484446,0.0,0.000999000999000999,0.002206206795116929,False
2781,Enteric_glia,Plasma,Urea,0.34468,0.04605980393752909,0.48163129189783704,0.6681630132484446,0.0,0.004995004995004995,0.008926091958582932,False
2782,Enteric_glia,Plasma,Ursocholic acid,0.14069304,0.01880089812596614,0.4924999686746932,0.6681630132484446,0.0,0.000999000999000999,0.002206206795116929,False
2783,Enteric_glia,Plasma,Ursodeoxycholic acid,0.14069304,0.01880089812596614,0.4924999686746932,0.6681630132484446,0.0,0.000999000999000999,0.002206206795116929,False
2784,Enteric_glia,Plasma,Ursodeoxycholic acid 3-sulfate,0.14069304,0.01880089812596614,0.4924999686746932,0.6681630132484446,0.0,0.000999000999000999,0.002206206795116929,False
2785,Enteric_glia,Plasma,Varanic acid,0.14069304,0.01880089812596614,0.4924999686746932,0.6681630132484446,0.0,0.000999000999000999,0.002206206795116929,False
2786,Enteric_glia,Plasma,Vitamin D3,0.0,0.0,0.5,0.6681630132484446,0.0,0.000999000999000999,0.002206206795116929,False
2787,Enteric_glia,Plasma,Water,-0.105811924,-0.00706985653712708,0.502820441193388,0.6681630132484446,0.0,0.052947052947052944,0.06779805560293364,False
2788,Enteric_glia,Plasma,Zinc,0.04450376,0.005947065029268045,0.4976274783005959,0.6681630132484446,0.0,0.03696303696303696,0.04934576115466117,False
2789,Enteric_glia,Plasma,alpha-Ketoisovaleric acid,0.0,0.0,0.5,0.6681630132484446,0.0,0.000999000999000999,0.002206206795116929,False
2790,Enteric_glia,T,"(3a,5b,7a)-23-Carboxy-7-hydroxy-24-norcholan-3-yl-b-D-Glucopyranosiduronic acid",-0.9392389,-0.1544099249688495,0.5613567357414967,0.6681630132484446,0.0,0.012987012987012988,0.019964507542147295,False
2791,Enteric_glia,T,17a-Ethynylestradiol,0.0,0.0,0.5,0.6681630132484446,0.0,0.000999000999000999,0.002206206795116929,False
2792,Enteric_glia,T,"1b,3a,12a-Trihydroxy-5b-cholanoic acid",-0.9392389,-0.1544099249688495,0.5613567357414967,0.6681630132484446,0.0,0.012987012987012988,0.019964507542147295,False
2793,Enteric_glia,T,2-Hydroxychlorpropamide,0.0,0.0,0.5,0.6681630132484446,0.0,0.000999000999000999,0.002206206795116929,False
2794,Enteric_glia,T,25-Hydroxycholesterol,-1.7949944,-0.29509525405721265,0.6160394424512391,0.6849132570762552,0.0,0.08391608391608392,0.10068186660984445,False
2795,Enteric_glia,T,"3',4'-Dihydrodiol",0.0,0.0,0.5,0.6681630132484446,0.0,0.000999000999000999,0.002206206795116929,False
2796,Enteric_glia,T,3-Sulfodeoxycholic acid,-0.9392389,-0.1544099249688495,0.5613567357414967,0.6681630132484446,0.0,0.012987012987012988,0.019964507542147295,False
2797,Enteric_glia,T,"3alpha,7alpha-Dihydroxycoprostanic acid",-0.9392389,-0.1544099249688495,0.5613567357414967,0.6681630132484446,0.0,0.012987012987012988,0.019964507542147295,False
2798,Enteric_glia,T,3b-Hydroxy-5-cholenoic acid,-0.9392389,-0.1544099249688495,0.5613567357414967,0.6681630132484446,0.0,0.012987012987012988,0.019964507542147295,False
2799,Enteric_glia,T,4'-Hydroxydiclofenac,0.0,0.0,0.5,0.6681630132484446,0.0,0.000999000999000999,0.002206206795116929,False
2800,Enteric_glia,T,4-Hydroxycyclophosphamide,0.0,0.0,0.5,0.6681630132484446,0.0,0.000999000999000999,0.002206206795116929,False
2801,Enteric_glia,T,4-ene-Valproic acid,-0.10531753,-0.009996297855525863,0.5039878794464906,0.6681630132484446,0.0,0.011988011988011988,0.01879993733354222,False
2802,Enteric_glia,T,5-Hydroxyomeprazole,-1.2361492,-0.0829649015262335,0.5330602760547668,0.6681630132484446,0.0,0.017982017982017984,0.02639038217183071,False
2803,Enteric_glia,T,8-Hydroxycarvedilol,0.0,0.0,0.5,0.6681630132484446,0.0,0.000999000999000999,0.002206206795116929,False
2804,Enteric_glia,T,Acetate,0.39405677,0.037402213139224205,0.48508215403854793,0.6681630132484446,0.0,0.011988011988011988,0.01879993733354222,False
2805,Enteric_glia,T,Acetyl-L-Carnitine,-0.10531753,-0.017314095773362608,0.5069069797558613,0.6681630132484446,0.0,0.011988011988011988,0.01879993733354222,False
2806,Enteric_glia,T,Adenosine diphosphate ribose,0.0,0.0,0.5,0.6681630132484446,0.0,0.000999000999000999,0.002206206795116929,False
2807,Enteric_glia,T,Adenosine triphosphate,-1.3849676,-0.22768726522496652,0.590055313344611,0.6770266346377942,0.0,0.15484515484515485,0.1749677030942317,False
2808,Enteric_glia,T,Amiloride-sensitive sodium transport,0.0,0.0,0.5,0.6681630132484446,0.0,0.000999000999000999,0.002206206795116929,False
2809,Enteric_glia,T,Anion exchange,0.0,0.0,0.5,0.6681630132484446,0.0,0.000999000999000999,0.002206206795116929,False
2810,Enteric_glia,T,Butyrate,0.0,0.0,0.5,0.6681630132484446,0.0,0.000999000999000999,0.002206206795116929,False
2811,Enteric_glia,T,Cadmium,0.6128572,0.10075310675115594,0.45987322636452677,0.6681630132484446,0.0,0.027972027972027972,0.038684125692706815,False
2812,Enteric_glia,T,Chenodeoxycholic acid,-0.9392389,-0.1544099249688495,0.5613567357414967,0.6681630132484446,0.0,0.012987012987012988,0.019964507542147295,False
2813,Enteric_glia,T,Chenodeoxycholic acid 3-sulfate,-0.9392389,-0.1544099249688495,0.5613567357414967,0.6681630132484446,0.0,0.012987012987012988,0.019964507542147295,False
2814,Enteric_glia,T,Chloride,0.23197094,0.038135786972531865,0.4847897090875784,0.6681630132484446,0.0,0.07592407592407592,0.09250243427458617,False
2815,Enteric_glia,T,Chloride ion,3.8063338,0.6257574188256341,0.26573703259915055,0.6681630132484446,17.22966,0.1018981018981019,0.11954525921006369,False
2816,Enteric_glia,T,Cholesterol,0.0,0.0,0.5,0.6681630132484446,0.0,0.000999000999000999,0.002206206795116929,False
2817,Enteric_glia,T,Cholic acid,-0.9392389,-0.08914861174631518,0.5355180977138491,0.6681630132484446,0.0,0.012987012987012988,0.019964507542147295,False
2818,Enteric_glia,T,Choline,-0.10531753,-0.017314095773362608,0.5069069797558613,0.6681630132484446,0.0,0.011988011988011988,0.01879993733354222,False
2819,Enteric_glia,T,Citric acid,0.39405677,0.06478253347265656,0.4741735742517933,0.6681630132484446,0.0,0.011988011988011988,0.01879993733354222,False
2820,Enteric_glia,T,Coprocholic acid,-0.9392389,-0.1544099249688495,0.5613567357414967,0.6681630132484446,0.0,0.012987012987012988,0.019964507542147295,False
2821,Enteric_glia,T,Cortisol,0.0,0.0,0.5,0.6681630132484446,0.0,0.000999000999000999,0.002206206795116929,False
2822,Enteric_glia,T,Creatine,-0.10531753,-0.017314095773362608,0.5069069797558613,0.6681630132484446,0.0,0.011988011988011988,0.01879993733354222,False
2823,Enteric_glia,T,D-Lactate,0.0,0.0,0.5,0.6681630132484446,0.0,0.000999000999000999,0.002206206795116929,False
2824,Enteric_glia,T,Deoxycholic acid,-0.9392389,-0.1544099249688495,0.5613567357414967,0.6681630132484446,0.0,0.012987012987012988,0.019964507542147295,False
2825,Enteric_glia,T,Dopamine,-0.10531753,-0.017314095773362608,0.5069069797558613,0.6681630132484446,0.0,0.011988011988011988,0.01879993733354222,False
2826,Enteric_glia,T,E-3179,0.0,0.0,0.5,0.6681630132484446,0.0,0.000999000999000999,0.002206206795116929,False
2827,Enteric_glia,T,Estradiol,0.39405677,0.02897162971990311,0.4884436086483169,0.6681630132484446,0.0,0.011988011988011988,0.01879993733354222,False
2828,Enteric_glia,T,Estriol,0.0,0.0,0.5,0.6681630132484446,0.0,0.000999000999000999,0.002206206795116929,False
2829,Enteric_glia,T,Fatty acid,10.759062,0.791021956518934,0.2144655894791878,0.6681630132484446,54.93398,0.02097902097902098,0.030000952411187658,True
2830,Enteric_glia,T,Folic acid,-1.2361492,-0.11733008893934771,0.5467007589151146,0.6681630132484446,0.0,0.017982017982017984,0.02639038217183071,False
2831,Enteric_glia,T,Folinic acid,-0.9392389,-0.1544099249688495,0.5613567357414967,0.6681630132484446,0.0,0.012987012987012988,0.019964507542147295,False
2832,Enteric_glia,T,Glutathione,-0.9392389,-0.1544099249688495,0.5613567357414967,0.6681630132484446,0.0,0.012987012987012988,0.019964507542147295,False
2833,Enteric_glia,T,Glycerol,0.0,0.0,0.5,0.6681630132484446,0.0,0.000999000999000999,0.002206206795116929,False
2834,Enteric_glia,T,Glycochenodeoxycholate-3-sulfate,-0.9392389,-0.1544099249688495,0.5613567357414967,0.6681630132484446,0.0,0.012987012987012988,0.019964507542147295,False
2835,Enteric_glia,T,Glycyl-glycine,0.0,0.0,0.5,0.6681630132484446,0.0,0.000999000999000999,0.002206206795116929,False
2836,Enteric_glia,T,Histamine,-0.10531753,-0.017314095773362608,0.5069069797558613,0.6681630132484446,0.0,0.011988011988011988,0.01879993733354222,False
2837,Enteric_glia,T,Hydroxylansoprazole,0.0,0.0,0.5,0.6681630132484446,0.0,0.000999000999000999,0.002206206795116929,False
2838,Enteric_glia,T,Hyodeoxycholic acid,-0.9392389,-0.1544099249688495,0.5613567357414967,0.6681630132484446,0.0,0.012987012987012988,0.019964507542147295,False
2839,Enteric_glia,T,Iron,-1.8033926,-0.20964013713897656,0.58302572462042,0.6744063214187132,0.0,0.13286713286713286,0.15154200638071605,False
2840,Enteric_glia,T,Isoursodeoxycholic acid,-0.9392389,-0.1544099249688495,0.5613567357414967,0.6681630132484446,0.0,0.012987012987012988,0.019964507542147295,False
2841,Enteric_glia,T,Ketone bodies,0.0,0.0,0.5,0.6681630132484446,0.0,0.000999000999000999,0.002206206795116929,False
2842,Enteric_glia,T,L-Arginine,149.71208,24.612514653245842,4.639590429464946e-134,4.593194525170296e-131,19.151318,0.000999000999000999,0.002206206795116929,True
2843,Enteric_glia,T,L-Carnitine,-0.10531753,-0.008657047886681304,0.5034536192871206,0.6681630132484446,0.0,0.011988011988011988,0.01879993733354222,False
2844,Enteric_glia,T,L-Cystine,149.71208,24.612514653245842,4.639590429464946e-134,4.593194525170296e-131,19.151318,0.000999000999000999,0.002206206795116929,True
2845,Enteric_glia,T,L-Dopa,0.0,0.0,0.5,0.6681630132484446,0.0,0.000999000999000999,0.002206206795116929,False
2846,Enteric_glia,T,L-Glutamate,0.0,0.0,0.5,0.6681630132484446,0.0,0.000999000999000999,0.002206206795116929,False
2847,Enteric_glia,T,L-Lactate,0.0,0.0,0.5,0.6681630132484446,0.0,0.000999000999000999,0.002206206795116929,False
2848,Enteric_glia,T,L-Lysine,149.71208,24.612514653245842,4.639590429464946e-134,4.593194525170296e-131,19.151318,0.000999000999000999,0.002206206795116929,True
2849,Enteric_glia,T,L-Ornithine,149.71208,24.612514653245842,4.639590429464946e-134,4.593194525170296e-131,19.151318,0.000999000999000999,0.002206206795116929,True
2850,Enteric_glia,T,Lithocholic acid,-0.9392389,-0.1544099249688495,0.5613567357414967,0.6681630132484446,0.0,0.012987012987012988,0.019964507542147295,False
2851,Enteric_glia,T,Manganese,0.6128572,0.10075310675115594,0.45987322636452677,0.6681630132484446,0.0,0.027972027972027972,0.038684125692706815,False
2852,Enteric_glia,T,N-Desmethylcitalopram,0.0,0.0,0.5,0.6681630132484446,0.0,0.000999000999000999,0.002206206795116929,False
2853,Enteric_glia,T,N-Desmethyleletriptan,0.0,0.0,0.5,0.6681630132484446,0.0,0.000999000999000999,0.002206206795116929,False
2854,Enteric_glia,T,N-Desmethyltamoxifen,0.0,0.0,0.5,0.6681630132484446,0.0,0.000999000999000999,0.002206206795116929,False
2855,Enteric_glia,T,N-desmethylimatinib,0.0,0.0,0.5,0.6681630132484446,0.0,0.000999000999000999,0.002206206795116929,False
2856,Enteric_glia,T,Neurotransmitter,0.09817255,0.01613946827524959,0.4935615632396342,0.6681630132484446,0.0,0.000999000999000999,0.002206206795116929,False
2857,Enteric_glia,T,Nicotinate,0.28873923,0.021228530696266998,0.49153167760154515,0.6681630132484446,0.0,0.022977022977022976,0.032529268484324664,False
2858,Enteric_glia,T,Norepinephrine,-0.10531753,-0.017314095773362608,0.5069069797558613,0.6681630132484446,0.0,0.011988011988011988,0.01879993733354222,False
2859,Enteric_glia,T,O-Deethylated candesartan,0.0,0.0,0.5,0.6681630132484446,0.0,0.000999000999000999,0.002206206795116929,False
2860,Enteric_glia,T,O-Desmethylverapamil (D-702),-4.245756,-0.18022231156057122,0.5715109784408037,0.6688655124419435,0.0,0.06393606393606394,0.07957559681697612,False
2861,Enteric_glia,T,Oxalic acid,0.39405677,0.06478253347265656,0.4741735742517933,0.6681630132484446,0.0,0.011988011988011988,0.01879993733354222,False
2862,Enteric_glia,T,Phosphate,0.0,0.0,0.5,0.6681630132484446,0.0,0.000999000999000999,0.002206206795116929,False
2863,Enteric_glia,T,Progesterone,0.0,0.0,0.5,0.6681630132484446,0.0,0.000999000999000999,0.002206206795116929,False
2864,Enteric_glia,T,Pyruvate,0.0,0.0,0.5,0.6681630132484446,0.0,0.000999000999000999,0.002206206795116929,False
2865,Enteric_glia,T,Sodium,22.892742,1.3306136100601473,0.09165809094693333,0.6681630132484446,55.991558,0.012987012987012988,0.019964507542147295,True
2866,Enteric_glia,T,Sodium_hydrogen exchange,0.45437425,0.043127295601074256,0.48280003039687014,0.6681630132484446,0.0,0.011988011988011988,0.01879993733354222,False
2867,Enteric_glia,T,Sulfolithocholic acid,-0.9392389,-0.1544099249688495,0.5613567357414967,0.6681630132484446,0.0,0.012987012987012988,0.019964507542147295,False
2868,Enteric_glia,T,Taurocholic acid,-3.8254766,-0.17442672107092952,0.5692349420906069,0.6682447870214979,0.0,0.03696303696303696,0.04934576115466117,False
2869,Enteric_glia,T,Testosterone,0.0,0.0,0.5,0.6681630132484446,0.0,0.000999000999000999,0.002206206795116929,False
2870,Enteric_glia,T,Trihydroxycoprostanoic acid,-0.9392389,-0.1544099249688495,0.5613567357414967,0.6681630132484446,0.0,0.012987012987012988,0.019964507542147295,False
2871,Enteric_glia,T,Urea,0.020090375,0.0033028373203023726,0.4986823609432731,0.6681630132484446,0.0,0.023976023976023976,0.033736821554080434,False
2872,Enteric_glia,T,Ursocholic acid,-0.9392389,-0.1544099249688495,0.5613567357414967,0.6681630132484446,0.0,0.012987012987012988,0.019964507542147295,False
2873,Enteric_glia,T,Ursodeoxycholic acid,-0.9392389,-0.1544099249688495,0.5613567357414967,0.6681630132484446,0.0,0.012987012987012988,0.019964507542147295,False
2874,Enteric_glia,T,Ursodeoxycholic acid 3-sulfate,-0.9392389,-0.1544099249688495,0.5613567357414967,0.6681630132484446,0.0,0.012987012987012988,0.019964507542147295,False
2875,Enteric_glia,T,Varanic acid,-0.9392389,-0.1544099249688495,0.5613567357414967,0.6681630132484446,0.0,0.012987012987012988,0.019964507542147295,False
2876,Enteric_glia,T,Vitamin D3,0.0,0.0,0.5,0.6681630132484446,0.0,0.000999000999000999,0.002206206795116929,False
2877,Enteric_glia,T,Water,0.5778332,0.04749759445490389,0.4810583237602891,0.6681630132484446,0.0,0.04095904095904096,0.05409684654967674,False
2878,Enteric_glia,T,Zinc,0.6128572,0.10075310675115594,0.45987322636452677,0.6681630132484446,0.0,0.027972027972027972,0.038684125692706815,False
2879,Enteric_glia,T,alpha-Ketoisovaleric acid,0.0,0.0,0.5,0.6681630132484446,0.0,0.000999000999000999,0.002206206795116929,False
2880,Fibroblast,Fibroblast,"(3a,5b,7a)-23-Carboxy-7-hydroxy-24-norcholan-3-yl-b-D-Glucopyranosiduronic acid",0.85692465,0.03368918439651143,0.48656250183977556,0.6681630132484446,0.0,0.001998001998001998,0.00412210593812261,False
2881,Fibroblast,Fibroblast,17a-Ethynylestradiol,-8.632157,-0.3393651225350208,0.6328326552904552,0.6897490887203356,0.0,0.026973026973026972,0.03751968625513386,False
2882,Fibroblast,Fibroblast,"1b,3a,12a-Trihydroxy-5b-cholanoic acid",0.85692465,0.03368918439651143,0.48656250183977556,0.6681630132484446,0.0,0.001998001998001998,0.00412210593812261,False
2883,Fibroblast,Fibroblast,2-Hydroxychlorpropamide,-11.252982,-0.25541997724900867,0.6008006286169618,0.6784719525784709,0.0,0.04195804195804196,0.05534244970864689,False
2884,Fibroblast,Fibroblast,25-Hydroxycholesterol,-7.4421577,-0.2925814115605958,0.6150789381311158,0.6849132570762552,144.70245,0.18681318681318682,0.2072379357476204,False
2885,Fibroblast,Fibroblast,"3',4'-Dihydrodiol",-8.632157,-0.3393651225350208,0.6328326552904552,0.6897490887203356,0.0,0.026973026973026972,0.03751968625513386,False
2886,Fibroblast,Fibroblast,3-Sulfodeoxycholic acid,0.85692465,0.03368918439651143,0.48656250183977556,0.6681630132484446,0.0,0.001998001998001998,0.00412210593812261,False
2887,Fibroblast,Fibroblast,"3alpha,7alpha-Dihydroxycoprostanic acid",0.85692465,0.03368918439651143,0.48656250183977556,0.6681630132484446,0.0,0.001998001998001998,0.00412210593812261,False
2888,Fibroblast,Fibroblast,3b-Hydroxy-5-cholenoic acid,0.85692465,0.03368918439651143,0.48656250183977556,0.6681630132484446,0.0,0.001998001998001998,0.00412210593812261,False
2889,Fibroblast,Fibroblast,4'-Hydroxydiclofenac,-8.632157,-0.3393651225350208,0.6328326552904552,0.6897490887203356,0.0,0.026973026973026972,0.03751968625513386,False
2890,Fibroblast,Fibroblast,4-Hydroxycyclophosphamide,-8.632157,-0.3393651225350208,0.6328326552904552,0.6897490887203356,0.0,0.026973026973026972,0.03751968625513386,False
2891,Fibroblast,Fibroblast,4-ene-Valproic acid,97.28291,2.2081257368118163,0.013617754685960293,0.6376421619844921,17.384312,0.07792207792207792,0.09460406447091801,False
2892,Fibroblast,Fibroblast,5-Hydroxyomeprazole,-14.940378,-0.23979152268503665,0.5947540604055631,0.6770266346377942,0.0,0.08491508491508491,0.10177473857861266,False
2893,Fibroblast,Fibroblast,8-Hydroxycarvedilol,-8.632157,-0.3393651225350208,0.6328326552904552,0.6897490887203356,0.0,0.026973026973026972,0.03751968625513386,False
2894,Fibroblast,Fibroblast,Acetate,47.053757,1.0680252861200232,0.142754552902282,0.6681630132484446,205.84247,0.20679320679320679,0.2279428858083224,False
2895,Fibroblast,Fibroblast,Acetyl-L-Carnitine,-6.064087,-0.23840385676431286,0.5942160618047135,0.6770266346377942,0.0,0.07592407592407592,0.09250243427458617,False
2896,Fibroblast,Fibroblast,Adenosine diphosphate ribose,-8.723519,-0.3429569333639163,0.6341845702187887,0.6906882450172986,0.0,0.023976023976023976,0.033736821554080434,False
2897,Fibroblast,Fibroblast,Adenosine triphosphate,-3.6691089,-0.14424755405571288,0.5573475045665948,0.6681630132484446,45.117535,0.15784215784215785,0.17809282869523835,False
2898,Fibroblast,Fibroblast,Amiloride-sensitive sodium transport,-5.7036495,-0.22423360065222803,0.5887122302354252,0.6770266346377942,0.0,0.03796203796203796,0.050494610955263544,False
2899,Fibroblast,Fibroblast,Anion exchange,0.16680658,0.0037861725888954038,0.49848953928216183,0.6681630132484446,0.0,0.3546453546453546,0.37086046592610644,False
2900,Fibroblast,Fibroblast,Butyrate,-2.3831518,-0.0936913637927709,0.5373228346024602,0.6681630132484446,0.0,0.006993006993006993,0.011945165999886237,False
2901,Fibroblast,Fibroblast,Cadmium,-3.4830668,-0.13693348555213453,0.5544583147558598,0.6681630132484446,0.0,0.04095904095904096,0.05409684654967674,False
2902,Fibroblast,Fibroblast,Chenodeoxycholic acid,0.85692465,0.03368918439651143,0.48656250183977556,0.6681630132484446,0.0,0.001998001998001998,0.00412210593812261,False
2903,Fibroblast,Fibroblast,Chenodeoxycholic acid 3-sulfate,0.85692465,0.03368918439651143,0.48656250183977556,0.6681630132484446,0.0,0.001998001998001998,0.00412210593812261,False
2904,Fibroblast,Fibroblast,Chloride,1.2674227,0.04982752694867396,0.48012991529524623,0.6681630132484446,18.835606,0.3026973026973027,0.32158398094317153,False
2905,Fibroblast,Fibroblast,Chloride ion,-0.07638461,-0.00300298894456766,0.501198017456957,0.6681630132484446,0.0,0.5334665334665335,0.5482608745251486,False
2906,Fibroblast,Fibroblast,Cholesterol,-23.730312,-0.46646742255008294,0.6795595195417073,0.7204597665065224,0.0,0.07792207792207792,0.09460406447091801,False
2907,Fibroblast,Fibroblast,Cholic acid,-8.867131,-0.20126597818761635,0.5797546981607377,0.6729815842971376,0.0,0.03796203796203796,0.050494610955263544,False
2908,Fibroblast,Fibroblast,Choline,-6.064087,-0.23840385676431286,0.5942160618047135,0.6770266346377942,0.0,0.07592407592407592,0.09250243427458617,False
2909,Fibroblast,Fibroblast,Citric acid,58.086887,2.2836311830976324,0.011196607770550199,0.5582193658267113,205.84247,0.1878121878121878,0.20824615384615386,False
2910,Fibroblast,Fibroblast,Coprocholic acid,0.85692465,0.03368918439651143,0.48656250183977556,0.6681630132484446,0.0,0.001998001998001998,0.00412210593812261,False
2911,Fibroblast,Fibroblast,Cortisol,-14.915369,-0.33854876618660407,0.6325251579315507,0.6897490887203356,0.0,0.06493506493506493,0.08063071134205338,False
2912,Fibroblast,Fibroblast,Creatine,-6.064087,-0.23840385676431286,0.5942160618047135,0.6770266346377942,0.0,0.07592407592407592,0.09250243427458617,False
2913,Fibroblast,Fibroblast,D-Lactate,-2.3831518,-0.0936913637927709,0.5373228346024602,0.6681630132484446,0.0,0.006993006993006993,0.011945165999886237,False
2914,Fibroblast,Fibroblast,Deoxycholic acid,0.85692465,0.03368918439651143,0.48656250183977556,0.6681630132484446,0.0,0.001998001998001998,0.00412210593812261,False
2915,Fibroblast,Fibroblast,Dopamine,-6.064087,-0.23840385676431286,0.5942160618047135,0.6770266346377942,0.0,0.07592407592407592,0.09250243427458617,False
2916,Fibroblast,Fibroblast,E-3179,-8.632157,-0.3393651225350208,0.6328326552904552,0.6897490887203356,0.0,0.026973026973026972,0.03751968625513386,False
2917,Fibroblast,Fibroblast,Estradiol,40.627342,0.714301019370569,0.23752053101524445,0.6681630132484446,205.84247,0.1918081918081918,0.21250691754288875,False
2918,Fibroblast,Fibroblast,Estriol,-8.632157,-0.3393651225350208,0.6328326552904552,0.6897490887203356,0.0,0.026973026973026972,0.03751968625513386,False
2919,Fibroblast,Fibroblast,Fatty acid,100.01044,1.7583615662348984,0.03934300414038193,0.6681630132484446,282.22433,0.024975024975024976,0.03509264458169568,True
2920,Fibroblast,Fibroblast,Folic acid,-0.7765516,-0.01762615372842278,0.5070314538710388,0.6681630132484446,0.0,0.02097902097902098,0.030000952411187658,False
2921,Fibroblast,Fibroblast,Folinic acid,0.85692465,0.03368918439651143,0.48656250183977556,0.6681630132484446,0.0,0.001998001998001998,0.00412210593812261,False
2922,Fibroblast,Fibroblast,Glutathione,0.85692465,0.03368918439651143,0.48656250183977556,0.6681630132484446,0.0,0.001998001998001998,0.00412210593812261,False
2923,Fibroblast,Fibroblast,Glycerol,-8.632157,-0.3393651225350208,0.6328326552904552,0.6897490887203356,0.0,0.026973026973026972,0.03751968625513386,False
2924,Fibroblast,Fibroblast,Glycochenodeoxycholate-3-sulfate,0.85692465,0.03368918439651143,0.48656250183977556,0.6681630132484446,0.0,0.001998001998001998,0.00412210593812261,False
2925,Fibroblast,Fibroblast,Glycyl-glycine,-0.12882659,-0.005064695800332381,0.5020205126540438,0.6681630132484446,0.0,0.004995004995004995,0.008926091958582932,False
2926,Fibroblast,Fibroblast,Histamine,-6.064087,-0.23840385676431286,0.5942160618047135,0.6770266346377942,0.0,0.07592407592407592,0.09250243427458617,False
2927,Fibroblast,Fibroblast,Hydroxylansoprazole,-14.915369,-0.33854876618660407,0.6325251579315507,0.6897490887203356,0.0,0.06493506493506493,0.08063071134205338,False
2928,Fibroblast,Fibroblast,Hyodeoxycholic acid,0.85692465,0.03368918439651143,0.48656250183977556,0.6681630132484446,0.0,0.001998001998001998,0.00412210593812261,False
2929,Fibroblast,Fibroblast,Iron,0.0625878,0.001739892962839069,0.4993058834839587,0.6681630132484446,52.58069,0.9210789210789211,0.9220102445582729,False
2930,Fibroblast,Fibroblast,Isoursodeoxycholic acid,0.85692465,0.03368918439651143,0.48656250183977556,0.6681630132484446,0.0,0.001998001998001998,0.00412210593812261,False
2931,Fibroblast,Fibroblast,Ketone bodies,-2.3831518,-0.0936913637927709,0.5373228346024602,0.6681630132484446,0.0,0.006993006993006993,0.011945165999886237,False
2932,Fibroblast,Fibroblast,L-Arginine,-2.3875105,-0.09386272466326638,0.5373908977616138,0.6681630132484446,0.0,0.013986013986013986,0.02125506072874494,False
2933,Fibroblast,Fibroblast,L-Carnitine,-6.959213,-0.13679744290502965,0.5544045475456009,0.6681630132484446,0.0,0.0999000999000999,0.11734028683181226,False
2934,Fibroblast,Fibroblast,L-Cystine,-2.3875105,-0.09386272466326638,0.5373908977616138,0.6681630132484446,0.0,0.013986013986013986,0.02125506072874494,False
2935,Fibroblast,Fibroblast,L-Dopa,-0.12882659,-0.005064695800332381,0.5020205126540438,0.6681630132484446,0.0,0.004995004995004995,0.008926091958582932,False
2936,Fibroblast,Fibroblast,L-Glutamate,-6.6197863,-0.18402500116028883,0.5730030791171151,0.6694495009568795,0.0,0.008991008991008992,0.014633088846334503,False
2937,Fibroblast,Fibroblast,L-Lactate,-2.3831518,-0.0936913637927709,0.5373228346024602,0.6681630132484446,0.0,0.006993006993006993,0.011945165999886237,False
2938,Fibroblast,Fibroblast,L-Lysine,-2.3875105,-0.09386272466326638,0.5373908977616138,0.6681630132484446,0.0,0.013986013986013986,0.02125506072874494,False
2939,Fibroblast,Fibroblast,L-Ornithine,-2.3875105,-0.09386272466326638,0.5373908977616138,0.6681630132484446,0.0,0.013986013986013986,0.02125506072874494,False
2940,Fibroblast,Fibroblast,Lithocholic acid,0.85692465,0.03368918439651143,0.48656250183977556,0.6681630132484446,0.0,0.001998001998001998,0.00412210593812261,False
2941,Fibroblast,Fibroblast,Manganese,-3.4830668,-0.13693348555213453,0.5544583147558598,0.6681630132484446,0.0,0.04095904095904096,0.05409684654967674,False
2942,Fibroblast,Fibroblast,N-Desmethylcitalopram,-8.632157,-0.3393651225350208,0.6328326552904552,0.6897490887203356,0.0,0.026973026973026972,0.03751968625513386,False
2943,Fibroblast,Fibroblast,N-Desmethyleletriptan,-8.632157,-0.3393651225350208,0.6328326552904552,0.6897490887203356,0.0,0.026973026973026972,0.03751968625513386,False
2944,Fibroblast,Fibroblast,N-Desmethyltamoxifen,-14.915369,-0.33854876618660407,0.6325251579315507,0.6897490887203356,0.0,0.06493506493506493,0.08063071134205338,False
2945,Fibroblast,Fibroblast,N-desmethylimatinib,-17.459547,-0.3432028111866292,0.6342770550202148,0.6906882450172986,0.0,0.08791208791208792,0.10491316845716708,False
2946,Fibroblast,Fibroblast,Neurotransmitter,-6.2291555,-0.24489337410190193,0.5967305038939279,0.6770266346377942,0.0,0.027972027972027972,0.038684125692706815,False
2947,Fibroblast,Fibroblast,Nicotinate,146.71983,2.579595927363476,0.004945799074771939,0.26364913529361184,223.22678,0.15884115884115885,0.1786093186385252,False
2948,Fibroblast,Fibroblast,Norepinephrine,-6.064087,-0.23840385676431286,0.5942160618047135,0.6770266346377942,0.0,0.07592407592407592,0.09250243427458617,False
2949,Fibroblast,Fibroblast,O-Deethylated candesartan,-8.632157,-0.3393651225350208,0.6328326552904552,0.6897490887203356,0.0,0.026973026973026972,0.03751968625513386,False
2950,Fibroblast,Fibroblast,O-Desmethylverapamil (D-702),-42.647594,-0.43290915463921265,0.6674596154898138,0.7116149810198125,0.0,0.3146853146853147,0.3326371614962219,False
2951,Fibroblast,Fibroblast,Oxalic acid,58.086887,2.2836311830976324,0.011196607770550199,0.5582193658267113,205.84247,0.1878121878121878,0.20824615384615386,False
2952,Fibroblast,Fibroblast,Phosphate,-1.5839266,-0.06227057852697493,0.5248263210366314,0.6681630132484446,0.0,0.00999000999000999,0.01593343365495264,False
2953,Fibroblast,Fibroblast,Progesterone,-11.176335,-0.31069358456442686,0.6219832125822689,0.6861812576258235,0.0,0.05094905094905095,0.06533621818595912,False
2954,Fibroblast,Fibroblast,Pyruvate,-2.3831518,-0.0936913637927709,0.5373228346024602,0.6681630132484446,0.0,0.006993006993006993,0.011945165999886237,False
2955,Fibroblast,Fibroblast,Sodium,-32.907024,-0.4573950698874502,0.6763064463370992,0.7180553355711129,127.235176,0.4905094905094905,0.5059885039045503,False
2956,Fibroblast,Fibroblast,Sodium_hydrogen exchange,-20.893888,-0.4742490881393252,0.6823388538984585,0.7221454272321804,0.0,0.3046953046953047,0.3236074270557029,False
2957,Fibroblast,Fibroblast,Sulfolithocholic acid,0.85692465,0.03368918439651143,0.48656250183977556,0.6681630132484446,0.0,0.001998001998001998,0.00412210593812261,False
2958,Fibroblast,Fibroblast,Taurocholic acid,22.679419,0.24729087986525444,0.40234155823156365,0.6681630132484446,205.84247,0.2177822177822178,0.23771157177992902,False
2959,Fibroblast,Fibroblast,Testosterone,-22.80388,-0.36599992349214233,0.6428174336693,0.6954455921949484,0.0,0.0969030969030969,0.11442127475523282,False
2960,Fibroblast,Fibroblast,Trihydroxycoprostanoic acid,0.85692465,0.03368918439651143,0.48656250183977556,0.6681630132484446,0.0,0.001998001998001998,0.00412210593812261,False
2961,Fibroblast,Fibroblast,Urea,1.5468535,0.060813087867412,0.47575403350164125,0.6681630132484446,0.0,0.029970029970029972,0.041029693341032736,False
2962,Fibroblast,Fibroblast,Ursocholic acid,0.85692465,0.03368918439651143,0.48656250183977556,0.6681630132484446,0.0,0.001998001998001998,0.00412210593812261,False
2963,Fibroblast,Fibroblast,Ursodeoxycholic acid,0.85692465,0.03368918439651143,0.48656250183977556,0.6681630132484446,0.0,0.001998001998001998,0.00412210593812261,False
2964,Fibroblast,Fibroblast,Ursodeoxycholic acid 3-sulfate,0.85692465,0.03368918439651143,0.48656250183977556,0.6681630132484446,0.0,0.001998001998001998,0.00412210593812261,False
2965,Fibroblast,Fibroblast,Varanic acid,0.85692465,0.03368918439651143,0.48656250183977556,0.6681630132484446,0.0,0.001998001998001998,0.00412210593812261,False
2966,Fibroblast,Fibroblast,Vitamin D3,-8.814942,-0.3465511437324052,0.6355357223227629,0.6917359823041658,0.0,0.016983016983016984,0.025342874180083484,False
2967,Fibroblast,Fibroblast,Water,-15.126667,-0.29734532249526296,0.616898558453642,0.6849804404826654,0.0,0.15584415584415584,0.17595307917888564,False
2968,Fibroblast,Fibroblast,Zinc,-3.4830668,-0.13693348555213453,0.5544583147558598,0.6681630132484446,0.0,0.04095904095904096,0.05409684654967674,False
2969,Fibroblast,Fibroblast,alpha-Ketoisovaleric acid,-2.3831518,-0.0936913637927709,0.5373228346024602,0.6681630132484446,0.0,0.006993006993006993,0.011945165999886237,False
2970,Fibroblast,IEC,"(3a,5b,7a)-23-Carboxy-7-hydroxy-24-norcholan-3-yl-b-D-Glucopyranosiduronic acid",-48.548523,-1.1179057170587652,0.8681963684607982,0.8699538509880468,0.0,0.2937062937062937,0.31260706732984417,False
2971,Fibroblast,IEC,17a-Ethynylestradiol,-13.618874,-0.3135958774483794,0.623086004485032,0.6861812576258235,0.0,0.5454545454545454,0.5595026642984013,False
2972,Fibroblast,IEC,"1b,3a,12a-Trihydroxy-5b-cholanoic acid",-48.548523,-1.1179057170587652,0.8681963684607982,0.8699538509880468,0.0,0.2937062937062937,0.31260706732984417,False
2973,Fibroblast,IEC,2-Hydroxychlorpropamide,-20.885477,-0.27765975000988885,0.6093632195606916,0.6829858379052035,0.0,0.5864135864135864,0.5980641874681609,False
2974,Fibroblast,IEC,25-Hydroxycholesterol,-14.048019,-0.32347763138542995,0.626833227360045,0.6869455573937792,50.27393,0.5974025974025974,0.6088235294117647,False
2975,Fibroblast,IEC,"3',4'-Dihydrodiol",-13.618874,-0.3135958774483794,0.623086004485032,0.6861812576258235,0.0,0.5454545454545454,0.5595026642984013,False
2976,Fibroblast,IEC,3-Sulfodeoxycholic acid,-48.548523,-1.1179057170587652,0.8681963684607982,0.8699538509880468,0.0,0.2937062937062937,0.31260706732984417,False
2977,Fibroblast,IEC,"3alpha,7alpha-Dihydroxycoprostanic acid",-48.548523,-1.1179057170587652,0.8681963684607982,0.8699538509880468,0.0,0.2937062937062937,0.31260706732984417,False
2978,Fibroblast,IEC,3b-Hydroxy-5-cholenoic acid,-48.548523,-1.1179057170587652,0.8681963684607982,0.8699538509880468,0.0,0.2937062937062937,0.31260706732984417,False
2979,Fibroblast,IEC,4'-Hydroxydiclofenac,-13.618874,-0.3135958774483794,0.623086004485032,0.6861812576258235,0.0,0.5454545454545454,0.5595026642984013,False
2980,Fibroblast,IEC,4-Hydroxycyclophosphamide,-13.618874,-0.3135958774483794,0.623086004485032,0.6861812576258235,0.0,0.5454545454545454,0.5595026642984013,False
2981,Fibroblast,IEC,4-ene-Valproic acid,36.58651,0.4863954558562016,0.31334340588645376,0.6681630132484446,105.40006,0.0969030969030969,0.11442127475523282,False
2982,Fibroblast,IEC,5-Hydroxyomeprazole,-101.39842,-0.9532015240073834,0.8297560128062555,0.8356647534874801,15.529351,0.8941058941058941,0.8961749849803075,False
2983,Fibroblast,IEC,8-Hydroxycarvedilol,-13.618874,-0.3135958774483794,0.623086004485032,0.6861812576258235,0.0,0.5454545454545454,0.5595026642984013,False
2984,Fibroblast,IEC,Acetate,-19.515759,-0.2594501726356912,0.6023560387839049,0.6787524144345465,147.82318,0.6203796203796204,0.6314968814968814,False
2985,Fibroblast,IEC,Acetyl-L-Carnitine,36.577267,0.8422488073094855,0.19982434965457246,0.6681630132484446,80.613,0.0999000999000999,0.11734028683181226,False
2986,Fibroblast,IEC,Adenosine diphosphate ribose,-15.436984,-0.3554607161854002,0.6388777651355062,0.6940622217258282,0.0,0.03896103896103896,0.05170432784373803,False
2987,Fibroblast,IEC,Adenosine triphosphate,-26.693457,-0.6146586133642585,0.7306099014436134,0.751651813688278,88.00265,0.8781218781218781,0.8820676352202661,False
2988,Fibroblast,IEC,Amiloride-sensitive sodium transport,15.689768,0.3612814582070727,0.358944526604255,0.6681630132484446,53.23457,0.34065934065934067,0.35841542653531755,False
2989,Fibroblast,IEC,Anion exchange,185.69019,2.4686383909357787,0.006781409844003864,0.3507102255145282,1291.352,0.000999000999000999,0.002206206795116929,True
2990,Fibroblast,IEC,Butyrate,-4.3065886,-0.09916594326899318,0.5394967425639057,0.6681630132484446,8.122349,0.3386613386613387,0.35689219539584505,False
2991,Fibroblast,IEC,Cadmium,-0.004926254,-0.00011343470866104743,0.5000452539012529,0.6681630132484446,43.76032,0.11288711288711288,0.1311716452561523,False
2992,Fibroblast,IEC,Chenodeoxycholic acid,-48.548523,-1.1179057170587652,0.8681963684607982,0.8699538509880468,0.0,0.2937062937062937,0.31260706732984417,False
2993,Fibroblast,IEC,Chenodeoxycholic acid 3-sulfate,-48.548523,-1.1179057170587652,0.8681963684607982,0.8699538509880468,0.0,0.2937062937062937,0.31260706732984417,False
2994,Fibroblast,IEC,Chloride,-9.809107,-0.22587003547708293,0.589348748089293,0.6770266346377942,124.01862,0.2897102897102897,0.3095901785184746,False
2995,Fibroblast,IEC,Chloride ion,135.23373,3.113968362790851,0.0009229464077373401,0.06332691688732442,650.9134,0.001998001998001998,0.00412210593812261,True
2996,Fibroblast,IEC,Cholesterol,-22.978634,-0.26455950279073714,0.6043255895845205,0.6796456241189106,0.0,0.7902097902097902,0.7952590540449965,False
2997,Fibroblast,IEC,Cholic acid,-81.27003,-1.080435718723083,0.8600259013835976,0.8643915150962047,15.529351,0.7942057942057942,0.7989325234208381,False
2998,Fibroblast,IEC,Choline,36.577267,0.8422488073094855,0.19982434965457246,0.6681630132484446,80.613,0.0999000999000999,0.11734028683181226,False
2999,Fibroblast,IEC,Citric acid,-13.680012,-0.3150036791012898,0.6236205697738534,0.6864184479880565,131.57849,0.6643356643356644,0.6742598350682709,False
3000,Fibroblast,IEC,Coprocholic acid,-48.548523,-1.1179057170587652,0.8681963684607982,0.8699538509880468,0.0,0.2937062937062937,0.31260706732984417,False
3001,Fibroblast,IEC,Cortisol,-16.14573,-0.21464767511528163,0.5849789896040022,0.6748650241826493,0.0,0.7772227772227772,0.7834405594405595,False
3002,Fibroblast,IEC,Creatine,36.577267,0.8422488073094855,0.19982434965457246,0.6681630132484446,80.613,0.0999000999000999,0.11734028683181226,False
3003,Fibroblast,IEC,D-Lactate,-4.3065886,-0.09916594326899318,0.5394967425639057,0.6681630132484446,8.122349,0.3386613386613387,0.35689219539584505,False
3004,Fibroblast,IEC,Deoxycholic acid,-48.548523,-1.1179057170587652,0.8681963684607982,0.8699538509880468,0.0,0.2937062937062937,0.31260706732984417,False
3005,Fibroblast,IEC,Dopamine,36.577267,0.8422488073094855,0.19982434965457246,0.6681630132484446,80.613,0.0999000999000999,0.11734028683181226,False
3006,Fibroblast,IEC,E-3179,-13.618874,-0.3135958774483794,0.623086004485032,0.6861812576258235,0.0,0.5454545454545454,0.5595026642984013,False
3007,Fibroblast,IEC,Estradiol,-40.4765,-0.41681862958814464,0.6615944625668043,0.7064483244357402,131.57849,0.8191808191808192,0.8236974864949329,False
3008,Fibroblast,IEC,Estriol,-13.618874,-0.3135958774483794,0.623086004485032,0.6861812576258235,0.0,0.5454545454545454,0.5595026642984013,False
3009,Fibroblast,IEC,Fatty acid,136.83145,1.4090619495194703,0.07940842543168297,0.6681630132484446,1679.0977,0.00999000999000999,0.01593343365495264,True
3010,Fibroblast,IEC,Folic acid,-65.679504,-0.8731691746037124,0.8087145630534092,0.8156588447038459,0.0,0.5654345654345654,0.5779441797140912,False
3011,Fibroblast,IEC,Folinic acid,-48.548523,-1.1179057170587652,0.8681963684607982,0.8699538509880468,0.0,0.2937062937062937,0.31260706732984417,False
3012,Fibroblast,IEC,Glutathione,-48.548523,-1.1179057170587652,0.8681963684607982,0.8699538509880468,0.0,0.2937062937062937,0.31260706732984417,False
3013,Fibroblast,IEC,Glycerol,-13.618874,-0.3135958774483794,0.623086004485032,0.6861812576258235,0.0,0.5454545454545454,0.5595026642984013,False
3014,Fibroblast,IEC,Glycochenodeoxycholate-3-sulfate,-48.548523,-1.1179057170587652,0.8681963684607982,0.8699538509880468,0.0,0.2937062937062937,0.31260706732984417,False
3015,Fibroblast,IEC,Glycyl-glycine,-5.260693,-0.12113569074911763,0.5482082199060315,0.6681630132484446,0.0,0.03496503496503497,0.04684084521702925,False
3016,Fibroblast,IEC,Histamine,36.577267,0.8422488073094855,0.19982434965457246,0.6681630132484446,80.613,0.0999000999000999,0.11734028683181226,False
3017,Fibroblast,IEC,Hydroxylansoprazole,-16.14573,-0.21464767511528163,0.5849789896040022,0.6748650241826493,0.0,0.7772227772227772,0.7834405594405595,False
3018,Fibroblast,IEC,Hyodeoxycholic acid,-48.548523,-1.1179057170587652,0.8681963684607982,0.8699538509880468,0.0,0.2937062937062937,0.31260706732984417,False
3019,Fibroblast,IEC,Iron,32.837948,0.5346753553369945,0.29643718296471544,0.6681630132484446,340.71945,0.1938061938061938,0.21441202475685234,False
3020,Fibroblast,IEC,Isoursodeoxycholic acid,-48.548523,-1.1179057170587652,0.8681963684607982,0.8699538509880468,0.0,0.2937062937062937,0.31260706732984417,False
3021,Fibroblast,IEC,Ketone bodies,-4.3065886,-0.09916594326899318,0.5394967425639057,0.6681630132484446,8.122349,0.3386613386613387,0.35689219539584505,False
3022,Fibroblast,IEC,L-Arginine,134.48123,3.096640816446575,0.0009786343740124065,0.06458986868481882,18.135057,0.08191808191808192,0.0985576923076923,False
3023,Fibroblast,IEC,L-Carnitine,49.89556,0.5744616906274795,0.28282770864650864,0.6681630132484446,91.770195,0.11688311688311688,0.1350900600400267,False
3024,Fibroblast,IEC,L-Cystine,134.48123,3.096640816446575,0.0009786343740124065,0.06458986868481882,18.135057,0.08191808191808192,0.0985576923076923,False
3025,Fibroblast,IEC,L-Dopa,-5.260693,-0.12113569074911763,0.5482082199060315,0.6681630132484446,0.0,0.03496503496503497,0.04684084521702925,False
3026,Fibroblast,IEC,L-Glutamate,-12.500082,-0.20352933822464503,0.5806393415256348,0.6730505151993592,8.122349,0.4035964035964036,0.41920309905921416,False
3027,Fibroblast,IEC,L-Lactate,-4.3065886,-0.09916594326899318,0.5394967425639057,0.6681630132484446,8.122349,0.3386613386613387,0.35689219539584505,False
3028,Fibroblast,IEC,L-Lysine,134.48123,3.096640816446575,0.0009786343740124065,0.06458986868481882,18.135057,0.08191808191808192,0.0985576923076923,False
3029,Fibroblast,IEC,L-Ornithine,134.48123,3.096640816446575,0.0009786343740124065,0.06458986868481882,18.135057,0.08191808191808192,0.0985576923076923,False
3030,Fibroblast,IEC,Lithocholic acid,-48.548523,-1.1179057170587652,0.8681963684607982,0.8699538509880468,0.0,0.2937062937062937,0.31260706732984417,False
3031,Fibroblast,IEC,Manganese,-0.004926254,-0.00011343470866104743,0.5000452539012529,0.6681630132484446,43.76032,0.11288711288711288,0.1311716452561523,False
3032,Fibroblast,IEC,N-Desmethylcitalopram,-13.618874,-0.3135958774483794,0.623086004485032,0.6861812576258235,0.0,0.5454545454545454,0.5595026642984013,False
3033,Fibroblast,IEC,N-Desmethyleletriptan,-13.618874,-0.3135958774483794,0.623086004485032,0.6861812576258235,0.0,0.5454545454545454,0.5595026642984013,False
3034,Fibroblast,IEC,N-Desmethyltamoxifen,-16.14573,-0.21464767511528163,0.5849789896040022,0.6748650241826493,0.0,0.7772227772227772,0.7834405594405595,False
3035,Fibroblast,IEC,N-desmethylimatinib,-26.79649,-0.3085155554730534,0.6211549672102359,0.6861812576258235,0.0,0.7882117882117882,0.7937093420964388,False
3036,Fibroblast,IEC,Neurotransmitter,-27.319006,-0.6290628653297451,0.7353460497588753,0.755262843618189,0.0,0.2907092907092907,0.3105140851749976,False
3037,Fibroblast,IEC,Nicotinate,21.37734,0.2201394234335141,0.4128812861755265,0.6681630132484446,245.10089,0.3306693306693307,0.34905384029527214,False
3038,Fibroblast,IEC,Norepinephrine,36.577267,0.8422488073094855,0.19982434965457246,0.6681630132484446,80.613,0.0999000999000999,0.11734028683181226,False
3039,Fibroblast,IEC,O-Deethylated candesartan,-13.618874,-0.3135958774483794,0.623086004485032,0.6861812576258235,0.0,0.5454545454545454,0.5595026642984013,False
3040,Fibroblast,IEC,O-Desmethylverapamil (D-702),-21.431671,-0.1274205756907168,0.5506962340363333,0.6681630132484446,171.92932,0.3866133866133866,0.40252866124260356,False
3041,Fibroblast,IEC,Oxalic acid,-13.680012,-0.3150036791012898,0.6236205697738534,0.6864184479880565,131.57849,0.6643356643356644,0.6742598350682709,False
3042,Fibroblast,IEC,Phosphate,17.842903,0.41086076803765054,0.34058731558299804,0.6681630132484446,13.113626,0.2007992007992008,0.22168845970024878,False
3043,Fibroblast,IEC,Progesterone,-24.269632,-0.3951639839394779,0.653639064587386,0.701989029410724,0.0,0.5694305694305695,0.5817711700064642,False
3044,Fibroblast,IEC,Pyruvate,-4.3065886,-0.09916594326899318,0.5394967425639057,0.6681630132484446,8.122349,0.3386613386613387,0.35689219539584505,False
3045,Fibroblast,IEC,Sodium,385.50198,3.1384179525657374,0.000849312409334375,0.0596758338409116,1495.3306,0.000999000999000999,0.002206206795116929,True
3046,Fibroblast,IEC,Sodium_hydrogen exchange,158.34795,2.1051399021570285,0.01763956587640306,0.6681630132484446,383.11865,0.00999000999000999,0.01593343365495264,True
3047,Fibroblast,IEC,Sulfolithocholic acid,-48.548523,-1.1179057170587652,0.8681963684607982,0.8699538509880468,0.0,0.2937062937062937,0.31260706732984417,False
3048,Fibroblast,IEC,Taurocholic acid,55.07675,0.35174327134201067,0.36251540293369333,0.6681630132484446,225.11118,0.6343656343656343,0.6450702635588915,False
3049,Fibroblast,IEC,Testosterone,-49.89891,-0.46907749159223805,0.6804928764463547,0.7204597665065224,0.0,0.8311688311688312,0.8355091383812011,False
3050,Fibroblast,IEC,Trihydroxycoprostanoic acid,-48.548523,-1.1179057170587652,0.8681963684607982,0.8699538509880468,0.0,0.2937062937062937,0.31260706732984417,False
3051,Fibroblast,IEC,Urea,-24.098452,-0.5549045613634435,0.7105200291113729,0.7384764799243769,14.736913,0.4205794205794206,0.4361238043715973,False
3052,Fibroblast,IEC,Ursocholic acid,-48.548523,-1.1179057170587652,0.8681963684607982,0.8699538509880468,0.0,0.2937062937062937,0.31260706732984417,False
3053,Fibroblast,IEC,Ursodeoxycholic acid,-48.548523,-1.1179057170587652,0.8681963684607982,0.8699538509880468,0.0,0.2937062937062937,0.31260706732984417,False
3054,Fibroblast,IEC,Ursodeoxycholic acid 3-sulfate,-48.548523,-1.1179057170587652,0.8681963684607982,0.8699538509880468,0.0,0.2937062937062937,0.31260706732984417,False
3055,Fibroblast,IEC,Varanic acid,-48.548523,-1.1179057170587652,0.8681963684607982,0.8699538509880468,0.0,0.2937062937062937,0.31260706732984417,False
3056,Fibroblast,IEC,Vitamin D3,-6.8329053,-0.15733833753519058,0.562510896236731,0.6681630132484446,0.0,0.04895104895104895,0.06311270125223613,False
3057,Fibroblast,IEC,Water,13.371907,0.153954545236305,0.438822787921309,0.6681630132484446,106.70037,0.4725274725274725,0.4880929176651341,False
3058,Fibroblast,IEC,Zinc,-0.004926254,-0.00011343470866104743,0.5000452539012529,0.6681630132484446,43.76032,0.11288711288711288,0.1311716452561523,False
3059,Fibroblast,IEC,alpha-Ketoisovaleric acid,-4.3065886,-0.09916594326899318,0.5394967425639057,0.6681630132484446,8.122349,0.3386613386613387,0.35689219539584505,False
3060,Fibroblast,MAST,"(3a,5b,7a)-23-Carboxy-7-hydroxy-24-norcholan-3-yl-b-D-Glucopyranosiduronic acid",0.26166156,0.024400066221932092,0.4902667477524771,0.6681630132484446,0.0,0.003996003996003996,0.007468259895444362,False
3061,Fibroblast,MAST,17a-Ethynylestradiol,1.0466462,0.09760026488772837,0.4611248570808605,0.6681630132484446,0.0,0.02097902097902098,0.030000952411187658,False
3062,Fibroblast,MAST,"1b,3a,12a-Trihydroxy-5b-cholanoic acid",0.26166156,0.024400066221932092,0.4902667477524771,0.6681630132484446,0.0,0.003996003996003996,0.007468259895444362,False
3063,Fibroblast,MAST,2-Hydroxychlorpropamide,1.0466462,0.056349539205908745,0.4775316774589097,0.6681630132484446,0.0,0.02097902097902098,0.030000952411187658,False
3064,Fibroblast,MAST,25-Hydroxycholesterol,0.729051,0.06798435572821947,0.4728990438948508,0.6681630132484446,15.89877,0.7592407592407593,0.7663178650653163,False
3065,Fibroblast,MAST,"3',4'-Dihydrodiol",1.0466462,0.09760026488772837,0.4611248570808605,0.6681630132484446,0.0,0.02097902097902098,0.030000952411187658,False
3066,Fibroblast,MAST,3-Sulfodeoxycholic acid,0.26166156,0.024400066221932092,0.4902667477524771,0.6681630132484446,0.0,0.003996003996003996,0.007468259895444362,False
3067,Fibroblast,MAST,"3alpha,7alpha-Dihydroxycoprostanic acid",0.26166156,0.024400066221932092,0.4902667477524771,0.6681630132484446,0.0,0.003996003996003996,0.007468259895444362,False
3068,Fibroblast,MAST,3b-Hydroxy-5-cholenoic acid,0.26166156,0.024400066221932092,0.4902667477524771,0.6681630132484446,0.0,0.003996003996003996,0.007468259895444362,False
3069,Fibroblast,MAST,4'-Hydroxydiclofenac,1.0466462,0.09760026488772837,0.4611248570808605,0.6681630132484446,0.0,0.02097902097902098,0.030000952411187658,False
3070,Fibroblast,MAST,4-Hydroxycyclophosphamide,1.0466462,0.09760026488772837,0.4611248570808605,0.6681630132484446,0.0,0.02097902097902098,0.030000952411187658,False
3071,Fibroblast,MAST,4-ene-Valproic acid,-2.979508,-0.1604113142850069,0.5637214612397531,0.6681630132484446,0.0,0.03196803196803197,0.04316805563882727,False
3072,Fibroblast,MAST,5-Hydroxyomeprazole,1.831631,0.06972899839071679,0.4722046802860355,0.6681630132484446,0.0,0.026973026973026972,0.03751968625513386,False
3073,Fibroblast,MAST,8-Hydroxycarvedilol,1.0466462,0.09760026488772837,0.4611248570808605,0.6681630132484446,0.0,0.02097902097902098,0.030000952411187658,False
3074,Fibroblast,MAST,Acetate,8.487212,0.456936143722717,0.32385847202887585,0.6681630132484446,63.757954,0.06293706293706294,0.07857212144727908,False
3075,Fibroblast,MAST,Acetyl-L-Carnitine,-2.1044424,-0.19624026175154063,0.5777889418293476,0.6718250615566072,0.0,0.030969030969030968,0.04197445425687162,False
3076,Fibroblast,MAST,Adenosine diphosphate ribose,-0.76070815,-0.0709364010571214,0.5282758137598198,0.6681630132484446,0.0,0.024975024975024976,0.03509264458169568,False
3077,Fibroblast,MAST,Adenosine triphosphate,-0.4718837,-0.04400338324209272,0.5175491464778699,0.6681630132484446,0.0,0.0969030969030969,0.11442127475523282,False
3078,Fibroblast,MAST,Amiloride-sensitive sodium transport,0.60180503,0.05611860853100812,0.4776236599169941,0.6681630132484446,0.0,0.007992007992007992,0.01321828529465761,False
3079,Fibroblast,MAST,Anion exchange,24.399578,1.3136291263924196,0.09448552103510727,0.6681630132484446,31.250706,0.029970029970029972,0.041029693341032736,True
3080,Fibroblast,MAST,Butyrate,0.0,0.0,0.5,0.6681630132484446,0.0,0.000999000999000999,0.002206206795116929,False
3081,Fibroblast,MAST,Cadmium,0.6136508,0.05722323204592783,0.4771836859914933,0.6681630132484446,0.0,0.007992007992007992,0.01321828529465761,False
3082,Fibroblast,MAST,Chenodeoxycholic acid,0.26166156,0.024400066221932092,0.4902667477524771,0.6681630132484446,0.0,0.003996003996003996,0.007468259895444362,False
3083,Fibroblast,MAST,Chenodeoxycholic acid 3-sulfate,0.26166156,0.024400066221932092,0.4902667477524771,0.6681630132484446,0.0,0.003996003996003996,0.007468259895444362,False
3084,Fibroblast,MAST,Chloride,30.98909,2.8897475396119106,0.0019277566165823157,0.12144866684468589,21.963905,0.022977022977022976,0.032529268484324664,True
3085,Fibroblast,MAST,Chloride ion,-0.5960197,-0.05557912223186635,0.5221614515815508,0.6681630132484446,0.0,0.15884115884115885,0.1786093186385252,False
3086,Fibroblast,MAST,Cholesterol,-0.7464261,-0.034802296618707936,0.5138813053472336,0.6681630132484446,0.0,0.023976023976023976,0.033736821554080434,False
3087,Fibroblast,MAST,Cholic acid,1.831631,0.0986116952148434,0.4607232919229595,0.6681630132484446,0.0,0.026973026973026972,0.03751968625513386,False
3088,Fibroblast,MAST,Choline,-2.1044424,-0.19624026175154063,0.5777889418293476,0.6718250615566072,0.0,0.030969030969030968,0.04197445425687162,False
3089,Fibroblast,MAST,Citric acid,8.657652,0.8073302025981967,0.20973813385842338,0.6681630132484446,63.757954,0.057942057942057944,0.07335375621820635,False
3090,Fibroblast,MAST,Coprocholic acid,0.26166156,0.024400066221932092,0.4902667477524771,0.6681630132484446,0.0,0.003996003996003996,0.007468259895444362,False
3091,Fibroblast,MAST,Cortisol,1.0466462,0.056349539205908745,0.4775316774589097,0.6681630132484446,0.0,0.02097902097902098,0.030000952411187658,False
3092,Fibroblast,MAST,Creatine,-2.1044424,-0.19624026175154063,0.5777889418293476,0.6718250615566072,0.0,0.030969030969030968,0.04197445425687162,False
3093,Fibroblast,MAST,D-Lactate,0.0,0.0,0.5,0.6681630132484446,0.0,0.000999000999000999,0.002206206795116929,False
3094,Fibroblast,MAST,Deoxycholic acid,0.26166156,0.024400066221932092,0.4902667477524771,0.6681630132484446,0.0,0.003996003996003996,0.007468259895444362,False
3095,Fibroblast,MAST,Dopamine,-2.1044424,-0.19624026175154063,0.5777889418293476,0.6718250615566072,0.0,0.030969030969030968,0.04197445425687162,False
3096,Fibroblast,MAST,E-3179,1.0466462,0.09760026488772837,0.4611248570808605,0.6681630132484446,0.0,0.02097902097902098,0.030000952411187658,False
3097,Fibroblast,MAST,Estradiol,9.704298,0.40469720307046725,0.3428500491723261,0.6681630132484446,63.757954,0.058941058941058944,0.07441456339251931,False
3098,Fibroblast,MAST,Estriol,1.0466462,0.09760026488772837,0.4611248570808605,0.6681630132484446,0.0,0.02097902097902098,0.030000952411187658,False
3099,Fibroblast,MAST,Fatty acid,-1.2296329,-0.05127923483068068,0.5204484927319364,0.6681630132484446,18.386795,0.5524475524475524,0.5664242548397008,False
3100,Fibroblast,MAST,Folic acid,0.26166156,0.014087384801477186,0.49438013246427087,0.6681630132484446,0.0,0.003996003996003996,0.007468259895444362,False
3101,Fibroblast,MAST,Folinic acid,0.26166156,0.024400066221932092,0.4902667477524771,0.6681630132484446,0.0,0.003996003996003996,0.007468259895444362,False
3102,Fibroblast,MAST,Glutathione,0.26166156,0.024400066221932092,0.4902667477524771,0.6681630132484446,0.0,0.003996003996003996,0.007468259895444362,False
3103,Fibroblast,MAST,Glycerol,1.0466462,0.09760026488772837,0.4611248570808605,0.6681630132484446,0.0,0.02097902097902098,0.030000952411187658,False
3104,Fibroblast,MAST,Glycochenodeoxycholate-3-sulfate,0.26166156,0.024400066221932092,0.4902667477524771,0.6681630132484446,0.0,0.003996003996003996,0.007468259895444362,False
3105,Fibroblast,MAST,Glycyl-glycine,0.0,0.0,0.5,0.6681630132484446,0.0,0.000999000999000999,0.002206206795116929,False
3106,Fibroblast,MAST,Histamine,-2.1044424,-0.19624026175154063,0.5777889418293476,0.6718250615566072,0.0,0.030969030969030968,0.04197445425687162,False
3107,Fibroblast,MAST,Hydroxylansoprazole,1.0466462,0.056349539205908745,0.4775316774589097,0.6681630132484446,0.0,0.02097902097902098,0.030000952411187658,False
3108,Fibroblast,MAST,Hyodeoxycholic acid,0.26166156,0.024400066221932092,0.4902667477524771,0.6681630132484446,0.0,0.003996003996003996,0.007468259895444362,False
3109,Fibroblast,MAST,Iron,-3.4341764,-0.22644288900335904,0.5895715132530154,0.6770266346377942,0.0,0.38961038961038963,0.40534454286143223,False
3110,Fibroblast,MAST,Isoursodeoxycholic acid,0.26166156,0.024400066221932092,0.4902667477524771,0.6681630132484446,0.0,0.003996003996003996,0.007468259895444362,False
3111,Fibroblast,MAST,Ketone bodies,0.0,0.0,0.5,0.6681630132484446,0.0,0.000999000999000999,0.002206206795116929,False
3112,Fibroblast,MAST,L-Arginine,-2.6692522,-0.24890904710053707,0.5982844315327347,0.6770266346377942,0.0,0.008991008991008992,0.014633088846334503,False
3113,Fibroblast,MAST,L-Carnitine,-3.2334976,-0.15076260388687823,0.559918506606642,0.6681630132484446,0.0,0.03396603396603397,0.045590667322218746,False
3114,Fibroblast,MAST,L-Cystine,-2.6692522,-0.24890904710053707,0.5982844315327347,0.6770266346377942,0.0,0.008991008991008992,0.014633088846334503,False
3115,Fibroblast,MAST,L-Dopa,0.0,0.0,0.5,0.6681630132484446,0.0,0.000999000999000999,0.002206206795116929,False
3116,Fibroblast,MAST,L-Glutamate,0.0,0.0,0.5,0.6681630132484446,0.0,0.000999000999000999,0.002206206795116929,False
3117,Fibroblast,MAST,L-Lactate,0.0,0.0,0.5,0.6681630132484446,0.0,0.000999000999000999,0.002206206795116929,False
3118,Fibroblast,MAST,L-Lysine,-2.6692522,-0.24890904710053707,0.5982844315327347,0.6770266346377942,0.0,0.008991008991008992,0.014633088846334503,False
3119,Fibroblast,MAST,L-Ornithine,-2.6692522,-0.24890904710053707,0.5982844315327347,0.6770266346377942,0.0,0.008991008991008992,0.014633088846334503,False
3120,Fibroblast,MAST,Lithocholic acid,0.26166156,0.024400066221932092,0.4902667477524771,0.6681630132484446,0.0,0.003996003996003996,0.007468259895444362,False
3121,Fibroblast,MAST,Manganese,0.6136508,0.05722323204592783,0.4771836859914933,0.6681630132484446,0.0,0.007992007992007992,0.01321828529465761,False
3122,Fibroblast,MAST,N-Desmethylcitalopram,1.0466462,0.09760026488772837,0.4611248570808605,0.6681630132484446,0.0,0.02097902097902098,0.030000952411187658,False
3123,Fibroblast,MAST,N-Desmethyleletriptan,1.0466462,0.09760026488772837,0.4611248570808605,0.6681630132484446,0.0,0.02097902097902098,0.030000952411187658,False
3124,Fibroblast,MAST,N-Desmethyltamoxifen,1.0466462,0.056349539205908745,0.4775316774589097,0.6681630132484446,0.0,0.02097902097902098,0.030000952411187658,False
3125,Fibroblast,MAST,N-desmethylimatinib,1.0466462,0.048800132443864185,0.4805392883134722,0.6681630132484446,0.0,0.02097902097902098,0.030000952411187658,False
3126,Fibroblast,MAST,Neurotransmitter,0.0,0.0,0.5,0.6681630132484446,0.0,0.000999000999000999,0.002206206795116929,False
3127,Fibroblast,MAST,Nicotinate,5.5077047,0.22968716511533335,0.40916743452400833,0.6681630132484446,63.757954,0.06493506493506493,0.08063071134205338,False
3128,Fibroblast,MAST,Norepinephrine,-2.1044424,-0.19624026175154063,0.5777889418293476,0.6718250615566072,0.0,0.030969030969030968,0.04197445425687162,False
3129,Fibroblast,MAST,O-Deethylated candesartan,1.0466462,0.09760026488772837,0.4611248570808605,0.6681630132484446,0.0,0.02097902097902098,0.030000952411187658,False
3130,Fibroblast,MAST,O-Desmethylverapamil (D-702),-3.6383705,-0.08760166763197762,0.5349033616507836,0.6681630132484446,0.0,0.06993006993006994,0.08563622276292361,False
3131,Fibroblast,MAST,Oxalic acid,8.657652,0.8073302025981967,0.20973813385842338,0.6681630132484446,63.757954,0.057942057942057944,0.07335375621820635,False
3132,Fibroblast,MAST,Phosphate,0.0,0.0,0.5,0.6681630132484446,0.0,0.000999000999000999,0.002206206795116929,False
3133,Fibroblast,MAST,Progesterone,1.0466462,0.06901380914771602,0.47248931379888964,0.6681630132484446,0.0,0.02097902097902098,0.030000952411187658,False
3134,Fibroblast,MAST,Pyruvate,0.0,0.0,0.5,0.6681630132484446,0.0,0.000999000999000999,0.002206206795116929,False
3135,Fibroblast,MAST,Sodium,-8.411906,-0.2773323360127653,0.609237533797105,0.6829858379052035,0.0,0.6053946053946054,0.6164244218901874,False
3136,Fibroblast,MAST,Sodium_hydrogen exchange,-0.9874075,-0.0531602330924187,0.5211978799085321,0.6681630132484446,0.0,0.1038961038961039,0.12172442941673713,False
3137,Fibroblast,MAST,Sulfolithocholic acid,0.26166156,0.024400066221932092,0.4902667477524771,0.6681630132484446,0.0,0.003996003996003996,0.007468259895444362,False
3138,Fibroblast,MAST,Taurocholic acid,10.318843,0.2668765432322055,0.39478210880520703,0.6681630132484446,63.757954,0.06593406593406594,0.08144796380090498,False
3139,Fibroblast,MAST,Testosterone,1.0466462,0.039845141289235296,0.4841082936213393,0.6681630132484446,0.0,0.02097902097902098,0.030000952411187658,False
3140,Fibroblast,MAST,Trihydroxycoprostanoic acid,0.26166156,0.024400066221932092,0.4902667477524771,0.6681630132484446,0.0,0.003996003996003996,0.007468259895444362,False
3141,Fibroblast,MAST,Urea,-0.67366755,-0.06281982296115766,0.5250450096980415,0.6681630132484446,0.0,0.007992007992007992,0.01321828529465761,False
3142,Fibroblast,MAST,Ursocholic acid,0.26166156,0.024400066221932092,0.4902667477524771,0.6681630132484446,0.0,0.003996003996003996,0.007468259895444362,False
3143,Fibroblast,MAST,Ursodeoxycholic acid,0.26166156,0.024400066221932092,0.4902667477524771,0.6681630132484446,0.0,0.003996003996003996,0.007468259895444362,False
3144,Fibroblast,MAST,Ursodeoxycholic acid 3-sulfate,0.26166156,0.024400066221932092,0.4902667477524771,0.6681630132484446,0.0,0.003996003996003996,0.007468259895444362,False
3145,Fibroblast,MAST,Varanic acid,0.26166156,0.024400066221932092,0.4902667477524771,0.6681630132484446,0.0,0.003996003996003996,0.007468259895444362,False
3146,Fibroblast,MAST,Vitamin D3,-1.7930723,-0.16720485812514424,0.5663955689989455,0.6681630132484446,0.0,0.003996003996003996,0.007468259895444362,False
3147,Fibroblast,MAST,Water,34.320034,1.6001798374620784,0.05477934684786795,0.6681630132484446,18.59189,0.003996003996003996,0.007468259895444362,True
3148,Fibroblast,MAST,Zinc,0.6136508,0.05722323204592783,0.4771836859914933,0.6681630132484446,0.0,0.007992007992007992,0.01321828529465761,False
3149,Fibroblast,MAST,alpha-Ketoisovaleric acid,0.0,0.0,0.5,0.6681630132484446,0.0,0.000999000999000999,0.002206206795116929,False
3150,Fibroblast,MNP,"(3a,5b,7a)-23-Carboxy-7-hydroxy-24-norcholan-3-yl-b-D-Glucopyranosiduronic acid",-0.6064818,-0.03157218091532529,0.5125933856302511,0.6681630132484446,0.0,0.007992007992007992,0.01321828529465761,False
3151,Fibroblast,MNP,17a-Ethynylestradiol,-7.6083026,-0.3960724125239179,0.6539741953644495,0.701989029410724,0.0,0.025974025974025976,0.036297640653357534,False
3152,Fibroblast,MNP,"1b,3a,12a-Trihydroxy-5b-cholanoic acid",-0.6064818,-0.03157218091532529,0.5125933856302511,0.6681630132484446,0.0,0.007992007992007992,0.01321828529465761,False
3153,Fibroblast,MNP,2-Hydroxychlorpropamide,-9.598802,-0.2884982647835743,0.6135173207108642,0.6849132570762552,0.0,0.03296703296703297,0.044404575016819915,False
3154,Fibroblast,MNP,25-Hydroxycholesterol,-20.55236,-1.06991315346334,0.857670799059988,0.8621494977495963,174.1413,0.2677322677322677,0.28707792285078376,False
3155,Fibroblast,MNP,"3',4'-Dihydrodiol",-7.6083026,-0.3960724125239179,0.6539741953644495,0.701989029410724,0.0,0.025974025974025976,0.036297640653357534,False
3156,Fibroblast,MNP,3-Sulfodeoxycholic acid,-0.6064818,-0.03157218091532529,0.5125933856302511,0.6681630132484446,0.0,0.007992007992007992,0.01321828529465761,False
3157,Fibroblast,MNP,"3alpha,7alpha-Dihydroxycoprostanic acid",-0.6064818,-0.03157218091532529,0.5125933856302511,0.6681630132484446,0.0,0.007992007992007992,0.01321828529465761,False
3158,Fibroblast,MNP,3b-Hydroxy-5-cholenoic acid,-0.6064818,-0.03157218091532529,0.5125933856302511,0.6681630132484446,0.0,0.007992007992007992,0.01321828529465761,False
3159,Fibroblast,MNP,4'-Hydroxydiclofenac,-7.6083026,-0.3960724125239179,0.6539741953644495,0.701989029410724,0.0,0.025974025974025976,0.036297640653357534,False
3160,Fibroblast,MNP,4-Hydroxycyclophosphamide,-7.6083026,-0.3960724125239179,0.6539741953644495,0.701989029410724,0.0,0.025974025974025976,0.036297640653357534,False
3161,Fibroblast,MNP,4-ene-Valproic acid,-2.8618112,-0.08601360746877511,0.5342721999399541,0.6681630132484446,0.0,0.054945054945054944,0.06980187548473525,False
3162,Fibroblast,MNP,5-Hydroxyomeprazole,47.999706,1.0201164983518385,0.15383660653249864,0.6681630132484446,15.015396,0.04695304695304695,0.061162521688837485,False
3163,Fibroblast,MNP,8-Hydroxycarvedilol,-7.6083026,-0.3960724125239179,0.6539741953644495,0.701989029410724,0.0,0.025974025974025976,0.036297640653357534,False
3164,Fibroblast,MNP,Acetate,15.451641,0.4644091856702603,0.32117730510307135,0.6681630132484446,411.0954,0.21878121878121878,0.23865163641647194,False
3165,Fibroblast,MNP,Acetyl-L-Carnitine,-0.62437874,-0.03250385893068522,0.512964880662237,0.6681630132484446,0.0,0.025974025974025976,0.036297640653357534,False
3166,Fibroblast,MNP,Adenosine diphosphate ribose,-9.34155,-0.48630166186380713,0.6866233494315896,0.724577403922783,0.0,0.11188811188811189,0.13011992203131656,False
3167,Fibroblast,MNP,Adenosine triphosphate,-22.077864,-1.149327675812248,0.8747895548997109,0.8759271225913879,0.0,0.6273726273726273,0.6382402095848955,False
3168,Fibroblast,MNP,Amiloride-sensitive sodium transport,-3.3293035,-0.1733166175127081,0.5687987187662857,0.6682447870214979,0.0,0.017982017982017984,0.02639038217183071,False
3169,Fibroblast,MNP,Anion exchange,-9.942455,-0.29882700102025805,0.617463976049669,0.6853972449061602,0.0,0.35364635364635366,0.36987160138382597,False
3170,Fibroblast,MNP,Butyrate,-1.5404847,-0.08019442851655775,0.5319586893542564,0.6681630132484446,0.0,0.022977022977022976,0.032529268484324664,False
3171,Fibroblast,MNP,Cadmium,2.1427555,0.11154739618597649,0.45559114167947445,0.6681630132484446,0.0,0.054945054945054944,0.06980187548473525,False
3172,Fibroblast,MNP,Chenodeoxycholic acid,-0.6064818,-0.03157218091532529,0.5125933856302511,0.6681630132484446,0.0,0.007992007992007992,0.01321828529465761,False
3173,Fibroblast,MNP,Chenodeoxycholic acid 3-sulfate,-0.6064818,-0.03157218091532529,0.5125933856302511,0.6681630132484446,0.0,0.007992007992007992,0.01321828529465761,False
3174,Fibroblast,MNP,Chloride,9.360224,0.4872737861007217,0.3130321609672496,0.6681630132484446,13.040258,0.21178821178821178,0.23300401773175228,False
3175,Fibroblast,MNP,Chloride ion,-2.6971185,-0.14040638188096063,0.5558305421042,0.6681630132484446,0.0,0.060939060939060936,0.07638048332568137,False
3176,Fibroblast,MNP,Cholesterol,17.207943,0.4479048644735111,0.32711092877163744,0.6681630132484446,36.537113,0.03996003996003996,0.05294896308280629,False
3177,Fibroblast,MNP,Cholic acid,48.200165,1.448687499384908,0.07371243651036777,0.6681630132484446,15.015396,0.04295704295704296,0.056477387154677997,False
3178,Fibroblast,MNP,Choline,-0.62437874,-0.03250385893068522,0.512964880662237,0.6681630132484446,0.0,0.025974025974025976,0.036297640653357534,False
3179,Fibroblast,MNP,Citric acid,3.836209,0.19970506669931573,0.42085562547324473,0.6681630132484446,389.44412,0.23676323676323677,0.25621006101955507,False
3180,Fibroblast,MNP,Coprocholic acid,-0.6064818,-0.03157218091532529,0.5125933856302511,0.6681630132484446,0.0,0.007992007992007992,0.01321828529465761,False
3181,Fibroblast,MNP,Cortisol,-7.815812,-0.2349093483555096,0.592860453180106,0.6770266346377942,0.0,0.03296703296703297,0.044404575016819915,False
3182,Fibroblast,MNP,Creatine,-0.62437874,-0.03250385893068522,0.512964880662237,0.6681630132484446,0.0,0.025974025974025976,0.036297640653357534,False
3183,Fibroblast,MNP,D-Lactate,-1.5404847,-0.08019442851655775,0.5319586893542564,0.6681630132484446,0.0,0.022977022977022976,0.032529268484324664,False
3184,Fibroblast,MNP,Deoxycholic acid,-0.6064818,-0.03157218091532529,0.5125933856302511,0.6681630132484446,0.0,0.007992007992007992,0.01321828529465761,False
3185,Fibroblast,MNP,Dopamine,-0.62437874,-0.03250385893068522,0.512964880662237,0.6681630132484446,0.0,0.025974025974025976,0.036297640653357534,False
3186,Fibroblast,MNP,E-3179,-7.6083026,-0.3960724125239179,0.6539741953644495,0.701989029410724,0.0,0.025974025974025976,0.036297640653357534,False
3187,Fibroblast,MNP,Estradiol,-8.937531,-0.20807475829722522,0.582414702111786,0.673828513296644,389.44412,0.24175824175824176,0.2609633357296909,False
3188,Fibroblast,MNP,Estriol,-7.6083026,-0.3960724125239179,0.6539741953644495,0.701989029410724,0.0,0.025974025974025976,0.036297640653357534,False
3189,Fibroblast,MNP,Fatty acid,-11.822365,-0.2752365916312965,0.6084327619416469,0.6829858379052035,85.34321,0.6993006993006993,0.7079844917682756,False
3190,Fibroblast,MNP,Folic acid,0.07519126,0.002259922512636514,0.4990984221267089,0.6681630132484446,0.0,0.016983016983016984,0.025342874180083484,False
3191,Fibroblast,MNP,Folinic acid,-0.6064818,-0.03157218091532529,0.5125933856302511,0.6681630132484446,0.0,0.007992007992007992,0.01321828529465761,False
3192,Fibroblast,MNP,Glutathione,-0.6064818,-0.03157218091532529,0.5125933856302511,0.6681630132484446,0.0,0.007992007992007992,0.01321828529465761,False
3193,Fibroblast,MNP,Glycerol,-7.6083026,-0.3960724125239179,0.6539741953644495,0.701989029410724,0.0,0.025974025974025976,0.036297640653357534,False
3194,Fibroblast,MNP,Glycochenodeoxycholate-3-sulfate,-0.6064818,-0.03157218091532529,0.5125933856302511,0.6681630132484446,0.0,0.007992007992007992,0.01321828529465761,False
3195,Fibroblast,MNP,Glycyl-glycine,0.08409982,0.004378061845429525,0.4982534116032481,0.6681630132484446,0.0,0.002997002997002997,0.005910424237117464,False
3196,Fibroblast,MNP,Histamine,-0.62437874,-0.03250385893068522,0.512964880662237,0.6681630132484446,0.0,0.025974025974025976,0.036297640653357534,False
3197,Fibroblast,MNP,Hydroxylansoprazole,-7.815812,-0.2349093483555096,0.592860453180106,0.6770266346377942,0.0,0.03296703296703297,0.044404575016819915,False
3198,Fibroblast,MNP,Hyodeoxycholic acid,-0.6064818,-0.03157218091532529,0.5125933856302511,0.6681630132484446,0.0,0.007992007992007992,0.01321828529465761,False
3199,Fibroblast,MNP,Iron,38.29069,1.4094998276943655,0.07934371218663538,0.6681630132484446,525.0201,0.09090909090909091,0.10791366906474821,False
3200,Fibroblast,MNP,Isoursodeoxycholic acid,-0.6064818,-0.03157218091532529,0.5125933856302511,0.6681630132484446,0.0,0.007992007992007992,0.01321828529465761,False
3201,Fibroblast,MNP,Ketone bodies,-1.5404847,-0.08019442851655775,0.5319586893542564,0.6681630132484446,0.0,0.022977022977022976,0.032529268484324664,False
3202,Fibroblast,MNP,L-Arginine,0.0,0.0,0.5,0.6681630132484446,0.0,0.000999000999000999,0.002206206795116929,False
3203,Fibroblast,MNP,L-Carnitine,-2.252688,-0.05863512475913744,0.5233786333558287,0.6681630132484446,0.0,0.030969030969030968,0.04197445425687162,False
3204,Fibroblast,MNP,L-Cystine,0.0,0.0,0.5,0.6681630132484446,0.0,0.000999000999000999,0.002206206795116929,False
3205,Fibroblast,MNP,L-Dopa,0.08409982,0.004378061845429525,0.4982534116032481,0.6681630132484446,0.0,0.002997002997002997,0.005910424237117464,False
3206,Fibroblast,MNP,L-Glutamate,-3.9206555,-0.1443213229534828,0.5573766293556849,0.6681630132484446,0.0,0.030969030969030968,0.04197445425687162,False
3207,Fibroblast,MNP,L-Lactate,-1.5404847,-0.08019442851655775,0.5319586893542564,0.6681630132484446,0.0,0.022977022977022976,0.032529268484324664,False
3208,Fibroblast,MNP,L-Lysine,0.0,0.0,0.5,0.6681630132484446,0.0,0.000999000999000999,0.002206206795116929,False
3209,Fibroblast,MNP,L-Ornithine,0.0,0.0,0.5,0.6681630132484446,0.0,0.000999000999000999,0.002206206795116929,False
3210,Fibroblast,MNP,Lithocholic acid,-0.6064818,-0.03157218091532529,0.5125933856302511,0.6681630132484446,0.0,0.007992007992007992,0.01321828529465761,False
3211,Fibroblast,MNP,Manganese,2.1427555,0.11154739618597649,0.45559114167947445,0.6681630132484446,0.0,0.054945054945054944,0.06980187548473525,False
3212,Fibroblast,MNP,N-Desmethylcitalopram,-7.6083026,-0.3960724125239179,0.6539741953644495,0.701989029410724,0.0,0.025974025974025976,0.036297640653357534,False
3213,Fibroblast,MNP,N-Desmethyleletriptan,-7.6083026,-0.3960724125239179,0.6539741953644495,0.701989029410724,0.0,0.025974025974025976,0.036297640653357534,False
3214,Fibroblast,MNP,N-Desmethyltamoxifen,-7.815812,-0.2349093483555096,0.592860453180106,0.6770266346377942,0.0,0.03296703296703297,0.044404575016819915,False
3215,Fibroblast,MNP,N-desmethylimatinib,-12.773741,-0.3324871915326626,0.6302392950966629,0.6895418874360394,0.0,0.06493506493506493,0.08063071134205338,False
3216,Fibroblast,MNP,Neurotransmitter,-0.82869756,-0.04314027191981911,0.5172051415917799,0.6681630132484446,0.0,0.00999000999000999,0.01593343365495264,False
3217,Fibroblast,MNP,Nicotinate,14.130314,0.32896797659465393,0.3710899465319217,0.6681630132484446,411.0954,0.21878121878121878,0.23865163641647194,False
3218,Fibroblast,MNP,Norepinephrine,-0.62437874,-0.03250385893068522,0.512964880662237,0.6681630132484446,0.0,0.025974025974025976,0.036297640653357534,False
3219,Fibroblast,MNP,O-Deethylated candesartan,-7.6083026,-0.3960724125239179,0.6539741953644495,0.701989029410724,0.0,0.025974025974025976,0.036297640653357534,False
3220,Fibroblast,MNP,O-Desmethylverapamil (D-702),29.465376,0.39605287779966,0.34603300997448894,0.6681630132484446,15.015396,0.12287712287712288,0.14154562193126022,False
3221,Fibroblast,MNP,Oxalic acid,3.836209,0.19970506669931573,0.42085562547324473,0.6681630132484446,389.44412,0.23676323676323677,0.25621006101955507,False
3222,Fibroblast,MNP,Phosphate,-1.4492954,-0.07544730498384723,0.5300705887500723,0.6681630132484446,0.0,0.015984015984015984,0.024033245990286563,False
3223,Fibroblast,MNP,Progesterone,-12.566231,-0.46256934712444137,0.6781634577649005,0.7197048640598408,0.0,0.057942057942057944,0.07335375621820635,False
3224,Fibroblast,MNP,Pyruvate,-1.5404847,-0.08019442851655775,0.5319586893542564,0.6681630132484446,0.0,0.022977022977022976,0.032529268484324664,False
3225,Fibroblast,MNP,Sodium,-3.4882839,-0.0642027519056627,0.5255956068929905,0.6681630132484446,49.28121,0.36363636363636365,0.3795180722891566,False
3226,Fibroblast,MNP,Sodium_hydrogen exchange,3.4023046,0.10225849300698168,0.45927575016338773,0.6681630132484446,0.0,0.17282717282717283,0.19348825649310303,False
3227,Fibroblast,MNP,Sulfolithocholic acid,-0.6064818,-0.03157218091532529,0.5125933856302511,0.6681630132484446,0.0,0.007992007992007992,0.01321828529465761,False
3228,Fibroblast,MNP,Taurocholic acid,49.82095,0.719328291138929,0.2359693341954044,0.6681630132484446,426.1108,0.1848151848151848,0.2051199921155078,False
3229,Fibroblast,MNP,Testosterone,-18.180225,-0.3863762778543651,0.650390991897897,0.70001611503619,0.0,0.07792207792207792,0.09460406447091801,False
3230,Fibroblast,MNP,Trihydroxycoprostanoic acid,-0.6064818,-0.03157218091532529,0.5125933856302511,0.6681630132484446,0.0,0.007992007992007992,0.01321828529465761,False
3231,Fibroblast,MNP,Urea,0.0,0.0,0.5,0.6681630132484446,0.0,0.000999000999000999,0.002206206795116929,False
3232,Fibroblast,MNP,Ursocholic acid,-0.6064818,-0.03157218091532529,0.5125933856302511,0.6681630132484446,0.0,0.007992007992007992,0.01321828529465761,False
3233,Fibroblast,MNP,Ursodeoxycholic acid,-0.6064818,-0.03157218091532529,0.5125933856302511,0.6681630132484446,0.0,0.007992007992007992,0.01321828529465761,False
3234,Fibroblast,MNP,Ursodeoxycholic acid 3-sulfate,-0.6064818,-0.03157218091532529,0.5125933856302511,0.6681630132484446,0.0,0.007992007992007992,0.01321828529465761,False
3235,Fibroblast,MNP,Varanic acid,-0.6064818,-0.03157218091532529,0.5125933856302511,0.6681630132484446,0.0,0.007992007992007992,0.01321828529465761,False
3236,Fibroblast,MNP,Vitamin D3,25.023754,1.3026846058253594,0.09634122987999771,0.6681630132484446,36.537113,0.03396603396603397,0.045590667322218746,True
3237,Fibroblast,MNP,Water,1.7197063,0.04476216695560697,0.4821484406222152,0.6681630132484446,0.0,0.11588411588411589,0.13404722468317862,False
3238,Fibroblast,MNP,Zinc,2.1427555,0.11154739618597649,0.45559114167947445,0.6681630132484446,0.0,0.054945054945054944,0.06980187548473525,False
3239,Fibroblast,MNP,alpha-Ketoisovaleric acid,-1.5404847,-0.08019442851655775,0.5319586893542564,0.6681630132484446,0.0,0.022977022977022976,0.032529268484324664,False
3240,Fibroblast,Muscularis_mucosa,"(3a,5b,7a)-23-Carboxy-7-hydroxy-24-norcholan-3-yl-b-D-Glucopyranosiduronic acid",0.3094433,0.04291206411454545,0.48288581591868956,0.6681630132484446,0.0,0.004995004995004995,0.008926091958582932,False
3241,Fibroblast,Muscularis_mucosa,17a-Ethynylestradiol,0.0,0.0,0.5,0.6681630132484446,0.0,0.000999000999000999,0.002206206795116929,False
3242,Fibroblast,Muscularis_mucosa,"1b,3a,12a-Trihydroxy-5b-cholanoic acid",0.3094433,0.04291206411454545,0.48288581591868956,0.6681630132484446,0.0,0.004995004995004995,0.008926091958582932,False
3243,Fibroblast,Muscularis_mucosa,2-Hydroxychlorpropamide,0.0,0.0,0.5,0.6681630132484446,0.0,0.000999000999000999,0.002206206795116929,False
3244,Fibroblast,Muscularis_mucosa,25-Hydroxycholesterol,-0.27943125,-0.03875014281078097,0.5154552023881558,0.6681630132484446,0.0,0.05194805194805195,0.06654343807763402,False
3245,Fibroblast,Muscularis_mucosa,"3',4'-Dihydrodiol",0.0,0.0,0.5,0.6681630132484446,0.0,0.000999000999000999,0.002206206795116929,False
3246,Fibroblast,Muscularis_mucosa,3-Sulfodeoxycholic acid,0.3094433,0.04291206411454545,0.48288581591868956,0.6681630132484446,0.0,0.004995004995004995,0.008926091958582932,False
3247,Fibroblast,Muscularis_mucosa,"3alpha,7alpha-Dihydroxycoprostanic acid",0.3094433,0.04291206411454545,0.48288581591868956,0.6681630132484446,0.0,0.004995004995004995,0.008926091958582932,False
3248,Fibroblast,Muscularis_mucosa,3b-Hydroxy-5-cholenoic acid,0.3094433,0.04291206411454545,0.48288581591868956,0.6681630132484446,0.0,0.004995004995004995,0.008926091958582932,False
3249,Fibroblast,Muscularis_mucosa,4'-Hydroxydiclofenac,0.0,0.0,0.5,0.6681630132484446,0.0,0.000999000999000999,0.002206206795116929,False
3250,Fibroblast,Muscularis_mucosa,4-Hydroxycyclophosphamide,0.0,0.0,0.5,0.6681630132484446,0.0,0.000999000999000999,0.002206206795116929,False
3251,Fibroblast,Muscularis_mucosa,4-ene-Valproic acid,-0.24275035,-0.01943558242315451,0.5077531874525036,0.6681630132484446,0.0,0.001998001998001998,0.00412210593812261,False
3252,Fibroblast,Muscularis_mucosa,5-Hydroxyomeprazole,0.9283299,0.052556330445116595,0.4790427060538554,0.6681630132484446,0.0,0.017982017982017984,0.02639038217183071,False
3253,Fibroblast,Muscularis_mucosa,8-Hydroxycarvedilol,0.0,0.0,0.5,0.6681630132484446,0.0,0.000999000999000999,0.002206206795116929,False
3254,Fibroblast,Muscularis_mucosa,Acetate,0.99787545,0.07989397693142117,0.46816079011515277,0.6681630132484446,0.0,0.06493506493506493,0.08063071134205338,False
3255,Fibroblast,Muscularis_mucosa,Acetyl-L-Carnitine,0.0,0.0,0.5,0.6681630132484446,0.0,0.000999000999000999,0.002206206795116929,False
3256,Fibroblast,Muscularis_mucosa,Adenosine diphosphate ribose,0.2836063,0.03932911629176099,0.48431399656239754,0.6681630132484446,0.0,0.029970029970029972,0.041029693341032736,False
3257,Fibroblast,Muscularis_mucosa,Adenosine triphosphate,-0.24472347,-0.03393703907143067,0.5135363213594488,0.6681630132484446,0.0,0.056943056943056944,0.07222097083004843,False
3258,Fibroblast,Muscularis_mucosa,Amiloride-sensitive sodium transport,0.0,0.0,0.5,0.6681630132484446,0.0,0.000999000999000999,0.002206206795116929,False
3259,Fibroblast,Muscularis_mucosa,Anion exchange,-0.28650653,-0.022938881141052376,0.509150487059309,0.6681630132484446,0.0,0.04795204795204795,0.06231158678186618,False
3260,Fibroblast,Muscularis_mucosa,Butyrate,-0.24275035,-0.03366341623159625,0.5134272239773443,0.6681630132484446,0.0,0.001998001998001998,0.00412210593812261,False
3261,Fibroblast,Muscularis_mucosa,Cadmium,-1.8419014,-0.25542576998990346,0.600802865417712,0.6784719525784709,0.0,0.023976023976023976,0.033736821554080434,False
3262,Fibroblast,Muscularis_mucosa,Chenodeoxycholic acid,0.3094433,0.04291206411454545,0.48288581591868956,0.6681630132484446,0.0,0.004995004995004995,0.008926091958582932,False
3263,Fibroblast,Muscularis_mucosa,Chenodeoxycholic acid 3-sulfate,0.3094433,0.04291206411454545,0.48288581591868956,0.6681630132484446,0.0,0.004995004995004995,0.008926091958582932,False
3264,Fibroblast,Muscularis_mucosa,Chloride,-1.0846835,-0.15041854277105382,0.5597827936550033,0.6681630132484446,0.0,0.07692307692307693,0.09348946388581605,False
3265,Fibroblast,Muscularis_mucosa,Chloride ion,24.048433,3.3349176681363764,0.0004266232887492577,0.030479375165282017,23.50302,0.028971028971028972,0.03983516483516483,True
3266,Fibroblast,Muscularis_mucosa,Cholesterol,0.50531876,0.03503755197649069,0.4860248985490459,0.6681630132484446,0.0,0.013986013986013986,0.02125506072874494,False
3267,Fibroblast,Muscularis_mucosa,Cholic acid,0.9283299,0.07432587530404589,0.47037554422772476,0.6681630132484446,0.0,0.017982017982017984,0.02639038217183071,False
3268,Fibroblast,Muscularis_mucosa,Choline,0.0,0.0,0.5,0.6681630132484446,0.0,0.000999000999000999,0.002206206795116929,False
3269,Fibroblast,Muscularis_mucosa,Citric acid,0.9879664,0.13700629151906285,0.4455129110483345,0.6681630132484446,0.0,0.061938061938061936,0.07750645887157263,False
3270,Fibroblast,Muscularis_mucosa,Coprocholic acid,0.3094433,0.04291206411454545,0.48288581591868956,0.6681630132484446,0.0,0.004995004995004995,0.008926091958582932,False
3271,Fibroblast,Muscularis_mucosa,Cortisol,0.0,0.0,0.5,0.6681630132484446,0.0,0.000999000999000999,0.002206206795116929,False
3272,Fibroblast,Muscularis_mucosa,Creatine,0.0,0.0,0.5,0.6681630132484446,0.0,0.000999000999000999,0.002206206795116929,False
3273,Fibroblast,Muscularis_mucosa,D-Lactate,-0.24275035,-0.03366341623159625,0.5134272239773443,0.6681630132484446,0.0,0.001998001998001998,0.00412210593812261,False
3274,Fibroblast,Muscularis_mucosa,Deoxycholic acid,0.3094433,0.04291206411454545,0.48288581591868956,0.6681630132484446,0.0,0.004995004995004995,0.008926091958582932,False
3275,Fibroblast,Muscularis_mucosa,Dopamine,0.0,0.0,0.5,0.6681630132484446,0.0,0.000999000999000999,0.002206206795116929,False
3276,Fibroblast,Muscularis_mucosa,E-3179,0.0,0.0,0.5,0.6681630132484446,0.0,0.000999000999000999,0.002206206795116929,False
3277,Fibroblast,Muscularis_mucosa,Estradiol,0.9879664,0.06127107623635549,0.4755716626648819,0.6681630132484446,0.0,0.061938061938061936,0.07750645887157263,False
3278,Fibroblast,Muscularis_mucosa,Estriol,0.0,0.0,0.5,0.6681630132484446,0.0,0.000999000999000999,0.002206206795116929,False
3279,Fibroblast,Muscularis_mucosa,Fatty acid,-0.80216575,-0.049748207743552424,0.5198384801157051,0.6681630132484446,0.0,0.4025974025974026,0.4182281517013941,False
3280,Fibroblast,Muscularis_mucosa,Folic acid,0.3094433,0.02477529176801529,0.4901170996603461,0.6681630132484446,0.0,0.004995004995004995,0.008926091958582932,False
3281,Fibroblast,Muscularis_mucosa,Folinic acid,0.3094433,0.04291206411454545,0.48288581591868956,0.6681630132484446,0.0,0.004995004995004995,0.008926091958582932,False
3282,Fibroblast,Muscularis_mucosa,Glutathione,0.3094433,0.04291206411454545,0.48288581591868956,0.6681630132484446,0.0,0.004995004995004995,0.008926091958582932,False
3283,Fibroblast,Muscularis_mucosa,Glycerol,0.0,0.0,0.5,0.6681630132484446,0.0,0.000999000999000999,0.002206206795116929,False
3284,Fibroblast,Muscularis_mucosa,Glycochenodeoxycholate-3-sulfate,0.3094433,0.04291206411454545,0.48288581591868956,0.6681630132484446,0.0,0.004995004995004995,0.008926091958582932,False
3285,Fibroblast,Muscularis_mucosa,Glycyl-glycine,0.0,0.0,0.5,0.6681630132484446,0.0,0.000999000999000999,0.002206206795116929,False
3286,Fibroblast,Muscularis_mucosa,Histamine,0.0,0.0,0.5,0.6681630132484446,0.0,0.000999000999000999,0.002206206795116929,False
3287,Fibroblast,Muscularis_mucosa,Hydroxylansoprazole,0.0,0.0,0.5,0.6681630132484446,0.0,0.000999000999000999,0.002206206795116929,False
3288,Fibroblast,Muscularis_mucosa,Hyodeoxycholic acid,0.3094433,0.04291206411454545,0.48288581591868956,0.6681630132484446,0.0,0.004995004995004995,0.008926091958582932,False
3289,Fibroblast,Muscularis_mucosa,Iron,-8.553902,-0.8387790681679679,0.7992033505634883,0.8064180575720696,0.0,0.12987012987012986,0.1487111698612029,False
3290,Fibroblast,Muscularis_mucosa,Isoursodeoxycholic acid,0.3094433,0.04291206411454545,0.48288581591868956,0.6681630132484446,0.0,0.004995004995004995,0.008926091958582932,False
3291,Fibroblast,Muscularis_mucosa,Ketone bodies,-0.24275035,-0.03366341623159625,0.5134272239773443,0.6681630132484446,0.0,0.001998001998001998,0.00412210593812261,False
3292,Fibroblast,Muscularis_mucosa,L-Arginine,0.0,0.0,0.5,0.6681630132484446,0.0,0.000999000999000999,0.002206206795116929,False
3293,Fibroblast,Muscularis_mucosa,L-Carnitine,0.0,0.0,0.5,0.6681630132484446,0.0,0.000999000999000999,0.002206206795116929,False
3294,Fibroblast,Muscularis_mucosa,L-Cystine,0.0,0.0,0.5,0.6681630132484446,0.0,0.000999000999000999,0.002206206795116929,False
3295,Fibroblast,Muscularis_mucosa,L-Dopa,0.0,0.0,0.5,0.6681630132484446,0.0,0.000999000999000999,0.002206206795116929,False
3296,Fibroblast,Muscularis_mucosa,L-Glutamate,-0.24275035,-0.023803629895267003,0.5094953776833661,0.6681630132484446,0.0,0.001998001998001998,0.00412210593812261,False
3297,Fibroblast,Muscularis_mucosa,L-Lactate,-0.24275035,-0.03366341623159625,0.5134272239773443,0.6681630132484446,0.0,0.001998001998001998,0.00412210593812261,False
3298,Fibroblast,Muscularis_mucosa,L-Lysine,0.0,0.0,0.5,0.6681630132484446,0.0,0.000999000999000999,0.002206206795116929,False
3299,Fibroblast,Muscularis_mucosa,L-Ornithine,0.0,0.0,0.5,0.6681630132484446,0.0,0.000999000999000999,0.002206206795116929,False
3300,Fibroblast,Muscularis_mucosa,Lithocholic acid,0.3094433,0.04291206411454545,0.48288581591868956,0.6681630132484446,0.0,0.004995004995004995,0.008926091958582932,False
3301,Fibroblast,Muscularis_mucosa,Manganese,-1.8419014,-0.25542576998990346,0.600802865417712,0.6784719525784709,0.0,0.023976023976023976,0.033736821554080434,False
3302,Fibroblast,Muscularis_mucosa,N-Desmethylcitalopram,0.0,0.0,0.5,0.6681630132484446,0.0,0.000999000999000999,0.002206206795116929,False
3303,Fibroblast,Muscularis_mucosa,N-Desmethyleletriptan,0.0,0.0,0.5,0.6681630132484446,0.0,0.000999000999000999,0.002206206795116929,False
3304,Fibroblast,Muscularis_mucosa,N-Desmethyltamoxifen,0.0,0.0,0.5,0.6681630132484446,0.0,0.000999000999000999,0.002206206795116929,False
3305,Fibroblast,Muscularis_mucosa,N-desmethylimatinib,0.0,0.0,0.5,0.6681630132484446,0.0,0.000999000999000999,0.002206206795116929,False
3306,Fibroblast,Muscularis_mucosa,Neurotransmitter,0.0,0.0,0.5,0.6681630132484446,0.0,0.000999000999000999,0.002206206795116929,False
3307,Fibroblast,Muscularis_mucosa,Nicotinate,0.99787545,0.06188560842353475,0.4753269641718267,0.6681630132484446,0.0,0.06493506493506493,0.08063071134205338,False
3308,Fibroblast,Muscularis_mucosa,Norepinephrine,0.0,0.0,0.5,0.6681630132484446,0.0,0.000999000999000999,0.002206206795116929,False
3309,Fibroblast,Muscularis_mucosa,O-Deethylated candesartan,0.0,0.0,0.5,0.6681630132484446,0.0,0.000999000999000999,0.002206206795116929,False
3310,Fibroblast,Muscularis_mucosa,O-Desmethylverapamil (D-702),0.9283299,0.033239541933403886,0.48674178281463476,0.6681630132484446,0.0,0.017982017982017984,0.02639038217183071,False
3311,Fibroblast,Muscularis_mucosa,Oxalic acid,0.9879664,0.13700629151906285,0.4455129110483345,0.6681630132484446,0.0,0.061938061938061936,0.07750645887157263,False
3312,Fibroblast,Muscularis_mucosa,Phosphate,0.0,0.0,0.5,0.6681630132484446,0.0,0.000999000999000999,0.002206206795116929,False
3313,Fibroblast,Muscularis_mucosa,Progesterone,0.0,0.0,0.5,0.6681630132484446,0.0,0.000999000999000999,0.002206206795116929,False
3314,Fibroblast,Muscularis_mucosa,Pyruvate,-0.24275035,-0.03366341623159625,0.5134272239773443,0.6681630132484446,0.0,0.001998001998001998,0.00412210593812261,False
3315,Fibroblast,Muscularis_mucosa,Sodium,26.85852,1.316847309380461,0.09394490559921653,0.6681630132484446,49.92823,0.03796203796203796,0.050494610955263544,False
3316,Fibroblast,Muscularis_mucosa,Sodium_hydrogen exchange,-0.5707794,-0.045698924429512115,0.518224889451837,0.6681630132484446,0.0,0.011988011988011988,0.01879993733354222,False
3317,Fibroblast,Muscularis_mucosa,Sulfolithocholic acid,0.3094433,0.04291206411454545,0.48288581591868956,0.6681630132484446,0.0,0.004995004995004995,0.008926091958582932,False
3318,Fibroblast,Muscularis_mucosa,Taurocholic acid,1.1139469,0.042844112102801986,0.4829128999403609,0.6681630132484446,0.0,0.09290709290709291,0.11011564115720093,False
3319,Fibroblast,Muscularis_mucosa,Testosterone,0.0,0.0,0.5,0.6681630132484446,0.0,0.000999000999000999,0.002206206795116929,False
3320,Fibroblast,Muscularis_mucosa,Trihydroxycoprostanoic acid,0.3094433,0.04291206411454545,0.48288581591868956,0.6681630132484446,0.0,0.004995004995004995,0.008926091958582932,False
3321,Fibroblast,Muscularis_mucosa,Urea,-0.63304603,-0.08778768940358017,0.5349772887901889,0.6681630132484446,0.0,0.014985014985014986,0.022683738280068557,False
3322,Fibroblast,Muscularis_mucosa,Ursocholic acid,0.3094433,0.04291206411454545,0.48288581591868956,0.6681630132484446,0.0,0.004995004995004995,0.008926091958582932,False
3323,Fibroblast,Muscularis_mucosa,Ursodeoxycholic acid,0.3094433,0.04291206411454545,0.48288581591868956,0.6681630132484446,0.0,0.004995004995004995,0.008926091958582932,False
3324,Fibroblast,Muscularis_mucosa,Ursodeoxycholic acid 3-sulfate,0.3094433,0.04291206411454545,0.48288581591868956,0.6681630132484446,0.0,0.004995004995004995,0.008926091958582932,False
3325,Fibroblast,Muscularis_mucosa,Varanic acid,0.3094433,0.04291206411454545,0.48288581591868956,0.6681630132484446,0.0,0.004995004995004995,0.008926091958582932,False
3326,Fibroblast,Muscularis_mucosa,Vitamin D3,0.50531876,0.07007510395298137,0.4720669410732023,0.6681630132484446,0.0,0.013986013986013986,0.02125506072874494,False
3327,Fibroblast,Muscularis_mucosa,Water,-2.194828,-0.15218394260422902,0.5604790708049218,0.6681630132484446,0.0,0.008991008991008992,0.014633088846334503,False
3328,Fibroblast,Muscularis_mucosa,Zinc,-1.8419014,-0.25542576998990346,0.600802865417712,0.6784719525784709,0.0,0.023976023976023976,0.033736821554080434,False
3329,Fibroblast,Muscularis_mucosa,alpha-Ketoisovaleric acid,-0.24275035,-0.03366341623159625,0.5134272239773443,0.6681630132484446,0.0,0.001998001998001998,0.00412210593812261,False
3330,Fibroblast,Myofibroblast,"(3a,5b,7a)-23-Carboxy-7-hydroxy-24-norcholan-3-yl-b-D-Glucopyranosiduronic acid",0.0,0.0,0.5,0.6681630132484446,0.0,0.000999000999000999,0.002206206795116929,False
3331,Fibroblast,Myofibroblast,17a-Ethynylestradiol,0.0,0.0,0.5,0.6681630132484446,0.0,0.000999000999000999,0.002206206795116929,False
3332,Fibroblast,Myofibroblast,"1b,3a,12a-Trihydroxy-5b-cholanoic acid",0.0,0.0,0.5,0.6681630132484446,0.0,0.000999000999000999,0.002206206795116929,False
3333,Fibroblast,Myofibroblast,2-Hydroxychlorpropamide,0.0,0.0,0.5,0.6681630132484446,0.0,0.000999000999000999,0.002206206795116929,False
3334,Fibroblast,Myofibroblast,25-Hydroxycholesterol,-0.4792738,-0.04430887812200705,0.5176709025457724,0.6681630132484446,0.0,0.5714285714285714,0.5836403831982313,False
3335,Fibroblast,Myofibroblast,"3',4'-Dihydrodiol",0.0,0.0,0.5,0.6681630132484446,0.0,0.000999000999000999,0.002206206795116929,False
3336,Fibroblast,Myofibroblast,3-Sulfodeoxycholic acid,0.0,0.0,0.5,0.6681630132484446,0.0,0.000999000999000999,0.002206206795116929,False
3337,Fibroblast,Myofibroblast,"3alpha,7alpha-Dihydroxycoprostanic acid",0.0,0.0,0.5,0.6681630132484446,0.0,0.000999000999000999,0.002206206795116929,False
3338,Fibroblast,Myofibroblast,3b-Hydroxy-5-cholenoic acid,0.0,0.0,0.5,0.6681630132484446,0.0,0.000999000999000999,0.002206206795116929,False
3339,Fibroblast,Myofibroblast,4'-Hydroxydiclofenac,0.0,0.0,0.5,0.6681630132484446,0.0,0.000999000999000999,0.002206206795116929,False
3340,Fibroblast,Myofibroblast,4-Hydroxycyclophosphamide,0.0,0.0,0.5,0.6681630132484446,0.0,0.000999000999000999,0.002206206795116929,False
3341,Fibroblast,Myofibroblast,4-ene-Valproic acid,-3.7277884,-0.19897462733587076,0.5788587039038523,0.6727303065661071,0.0,0.026973026973026972,0.03751968625513386,False
3342,Fibroblast,Myofibroblast,5-Hydroxyomeprazole,0.0,0.0,0.5,0.6681630132484446,0.0,0.000999000999000999,0.002206206795116929,False
3343,Fibroblast,Myofibroblast,8-Hydroxycarvedilol,0.0,0.0,0.5,0.6681630132484446,0.0,0.000999000999000999,0.002206206795116929,False
3344,Fibroblast,Myofibroblast,Acetate,10.213225,0.5451416406807688,0.29282805272912266,0.6681630132484446,91.55481,0.001998001998001998,0.00412210593812261,True
3345,Fibroblast,Myofibroblast,Acetyl-L-Carnitine,-1.6476532,-0.1523255942668585,0.5605349304201596,0.6681630132484446,0.0,0.022977022977022976,0.032529268484324664,False
3346,Fibroblast,Myofibroblast,Adenosine diphosphate ribose,-0.25909138,-0.023953006300907385,0.509554953260569,0.6681630132484446,0.0,0.007992007992007992,0.01321828529465761,False
3347,Fibroblast,Myofibroblast,Adenosine triphosphate,14.317836,1.3236843886845724,0.09280394265220804,0.6681630132484446,36.43663,0.022977022977022976,0.032529268484324664,True
3348,Fibroblast,Myofibroblast,Amiloride-sensitive sodium transport,0.0,0.0,0.5,0.6681630132484446,0.0,0.000999000999000999,0.002206206795116929,False
3349,Fibroblast,Myofibroblast,Anion exchange,1.087272,0.05803428857651967,0.4768606581038479,0.6681630132484446,0.0,0.06793206793206794,0.08346972176759411,False
3350,Fibroblast,Myofibroblast,Butyrate,0.0,0.0,0.5,0.6681630132484446,0.0,0.000999000999000999,0.002206206795116929,False
3351,Fibroblast,Myofibroblast,Cadmium,0.7201062,0.06657384030591418,0.47346048597119045,0.6681630132484446,0.0,0.007992007992007992,0.01321828529465761,False
3352,Fibroblast,Myofibroblast,Chenodeoxycholic acid,0.0,0.0,0.5,0.6681630132484446,0.0,0.000999000999000999,0.002206206795116929,False
3353,Fibroblast,Myofibroblast,Chenodeoxycholic acid 3-sulfate,0.0,0.0,0.5,0.6681630132484446,0.0,0.000999000999000999,0.002206206795116929,False
3354,Fibroblast,Myofibroblast,Chloride,19.286242,1.7830136603165416,0.03729203984097951,0.6681630132484446,22.365175,0.01898101898101898,0.02770980862407026,True
3355,Fibroblast,Myofibroblast,Chloride ion,13.994157,1.2937602572912612,0.09787412216301478,0.6681630132484446,20.04857,0.04595404595404595,0.06003045022837671,False
3356,Fibroblast,Myofibroblast,Cholesterol,0.0,0.0,0.5,0.6681630132484446,0.0,0.000999000999000999,0.002206206795116929,False
3357,Fibroblast,Myofibroblast,Cholic acid,0.0,0.0,0.5,0.6681630132484446,0.0,0.000999000999000999,0.002206206795116929,False
3358,Fibroblast,Myofibroblast,Choline,-1.6476532,-0.1523255942668585,0.5605349304201596,0.6681630132484446,0.0,0.022977022977022976,0.032529268484324664,False
3359,Fibroblast,Myofibroblast,Citric acid,0.33146602,0.030644044311082447,0.48777670817396046,0.6681630132484446,77.48335,0.00999000999000999,0.01593343365495264,True
3360,Fibroblast,Myofibroblast,Coprocholic acid,0.0,0.0,0.5,0.6681630132484446,0.0,0.000999000999000999,0.002206206795116929,False
3361,Fibroblast,Myofibroblast,Cortisol,0.0,0.0,0.5,0.6681630132484446,0.0,0.000999000999000999,0.002206206795116929,False
3362,Fibroblast,Myofibroblast,Creatine,-1.6476532,-0.1523255942668585,0.5605349304201596,0.6681630132484446,0.0,0.022977022977022976,0.032529268484324664,False
3363,Fibroblast,Myofibroblast,D-Lactate,0.0,0.0,0.5,0.6681630132484446,0.0,0.000999000999000999,0.002206206795116929,False
3364,Fibroblast,Myofibroblast,Deoxycholic acid,0.0,0.0,0.5,0.6681630132484446,0.0,0.000999000999000999,0.002206206795116929,False
3365,Fibroblast,Myofibroblast,Dopamine,-1.6476532,-0.1523255942668585,0.5605349304201596,0.6681630132484446,0.0,0.022977022977022976,0.032529268484324664,False
3366,Fibroblast,Myofibroblast,E-3179,0.0,0.0,0.5,0.6681630132484446,0.0,0.000999000999000999,0.002206206795116929,False
3367,Fibroblast,Myofibroblast,Estradiol,0.09046392,0.0037402228280623653,0.4985078704547305,0.6681630132484446,77.48335,0.00999000999000999,0.01593343365495264,True
3368,Fibroblast,Myofibroblast,Estriol,0.0,0.0,0.5,0.6681630132484446,0.0,0.000999000999000999,0.002206206795116929,False
3369,Fibroblast,Myofibroblast,Fatty acid,-4.0499754,-0.16744587441226125,0.5664903839480637,0.6681630132484446,0.0,0.7522477522477522,0.7594809037116729,False
3370,Fibroblast,Myofibroblast,Folic acid,0.0,0.0,0.5,0.6681630132484446,0.0,0.000999000999000999,0.002206206795116929,False
3371,Fibroblast,Myofibroblast,Folinic acid,0.0,0.0,0.5,0.6681630132484446,0.0,0.000999000999000999,0.002206206795116929,False
3372,Fibroblast,Myofibroblast,Glutathione,0.0,0.0,0.5,0.6681630132484446,0.0,0.000999000999000999,0.002206206795116929,False
3373,Fibroblast,Myofibroblast,Glycerol,0.0,0.0,0.5,0.6681630132484446,0.0,0.000999000999000999,0.002206206795116929,False
3374,Fibroblast,Myofibroblast,Glycochenodeoxycholate-3-sulfate,0.0,0.0,0.5,0.6681630132484446,0.0,0.000999000999000999,0.002206206795116929,False
3375,Fibroblast,Myofibroblast,Glycyl-glycine,0.0,0.0,0.5,0.6681630132484446,0.0,0.000999000999000999,0.002206206795116929,False
3376,Fibroblast,Myofibroblast,Histamine,-1.6476532,-0.1523255942668585,0.5605349304201596,0.6681630132484446,0.0,0.022977022977022976,0.032529268484324664,False
3377,Fibroblast,Myofibroblast,Hydroxylansoprazole,0.0,0.0,0.5,0.6681630132484446,0.0,0.000999000999000999,0.002206206795116929,False
3378,Fibroblast,Myofibroblast,Hyodeoxycholic acid,0.0,0.0,0.5,0.6681630132484446,0.0,0.000999000999000999,0.002206206795116929,False
3379,Fibroblast,Myofibroblast,Iron,0.7596402,0.04965923447324011,0.48019697126597116,0.6681630132484446,20.543777,0.3356643356643357,0.3540569020021075,False
3380,Fibroblast,Myofibroblast,Isoursodeoxycholic acid,0.0,0.0,0.5,0.6681630132484446,0.0,0.000999000999000999,0.002206206795116929,False
3381,Fibroblast,Myofibroblast,Ketone bodies,0.0,0.0,0.5,0.6681630132484446,0.0,0.000999000999000999,0.002206206795116929,False
3382,Fibroblast,Myofibroblast,L-Arginine,0.0,0.0,0.5,0.6681630132484446,0.0,0.000999000999000999,0.002206206795116929,False
3383,Fibroblast,Myofibroblast,L-Carnitine,-2.6493454,-0.12246603434256993,0.5487350279282096,0.6681630132484446,0.0,0.030969030969030968,0.04197445425687162,False
3384,Fibroblast,Myofibroblast,L-Cystine,0.0,0.0,0.5,0.6681630132484446,0.0,0.000999000999000999,0.002206206795116929,False
3385,Fibroblast,Myofibroblast,L-Dopa,0.0,0.0,0.5,0.6681630132484446,0.0,0.000999000999000999,0.002206206795116929,False
3386,Fibroblast,Myofibroblast,L-Glutamate,-1.624235,-0.10617956580731679,0.5422800582958561,0.6681630132484446,0.0,0.006993006993006993,0.011945165999886237,False
3387,Fibroblast,Myofibroblast,L-Lactate,0.0,0.0,0.5,0.6681630132484446,0.0,0.000999000999000999,0.002206206795116929,False
3388,Fibroblast,Myofibroblast,L-Lysine,0.0,0.0,0.5,0.6681630132484446,0.0,0.000999000999000999,0.002206206795116929,False
3389,Fibroblast,Myofibroblast,L-Ornithine,0.0,0.0,0.5,0.6681630132484446,0.0,0.000999000999000999,0.002206206795116929,False
3390,Fibroblast,Myofibroblast,Lithocholic acid,0.0,0.0,0.5,0.6681630132484446,0.0,0.000999000999000999,0.002206206795116929,False
3391,Fibroblast,Myofibroblast,Manganese,0.7201062,0.06657384030591418,0.47346048597119045,0.6681630132484446,0.0,0.007992007992007992,0.01321828529465761,False
3392,Fibroblast,Myofibroblast,N-Desmethylcitalopram,0.0,0.0,0.5,0.6681630132484446,0.0,0.000999000999000999,0.002206206795116929,False
3393,Fibroblast,Myofibroblast,N-Desmethyleletriptan,0.0,0.0,0.5,0.6681630132484446,0.0,0.000999000999000999,0.002206206795116929,False
3394,Fibroblast,Myofibroblast,N-Desmethyltamoxifen,0.0,0.0,0.5,0.6681630132484446,0.0,0.000999000999000999,0.002206206795116929,False
3395,Fibroblast,Myofibroblast,N-desmethylimatinib,-0.2410021,-0.011140325908269246,0.5044442550949781,0.6681630132484446,0.0,0.002997002997002997,0.005910424237117464,False
3396,Fibroblast,Myofibroblast,Neurotransmitter,-0.17870873,-0.016521628129773834,0.5065908761551372,0.6681630132484446,0.0,0.01898101898101898,0.02770980862407026,False
3397,Fibroblast,Myofibroblast,Nicotinate,6.4854374,0.2681398352530202,0.39429584202825163,0.6681630132484446,91.55481,0.001998001998001998,0.00412210593812261,True
3398,Fibroblast,Myofibroblast,Norepinephrine,-1.6476532,-0.1523255942668585,0.5605349304201596,0.6681630132484446,0.0,0.022977022977022976,0.032529268484324664,False
3399,Fibroblast,Myofibroblast,O-Deethylated candesartan,0.0,0.0,0.5,0.6681630132484446,0.0,0.000999000999000999,0.002206206795116929,False
3400,Fibroblast,Myofibroblast,O-Desmethylverapamil (D-702),-6.035169,-0.14406247924906487,0.5572744335911923,0.6681630132484446,0.0,0.04695304695304695,0.061162521688837485,False
3401,Fibroblast,Myofibroblast,Oxalic acid,0.33146602,0.030644044311082447,0.48777670817396046,0.6681630132484446,77.48335,0.00999000999000999,0.01593343365495264,True
3402,Fibroblast,Myofibroblast,Phosphate,0.37606317,0.03476705218496386,0.48613274664369405,0.6681630132484446,0.0,0.000999000999000999,0.002206206795116929,False
3403,Fibroblast,Myofibroblast,Progesterone,-0.2410021,-0.015754799988730736,0.5062849958299952,0.6681630132484446,0.0,0.002997002997002997,0.005910424237117464,False
3404,Fibroblast,Myofibroblast,Pyruvate,0.0,0.0,0.5,0.6681630132484446,0.0,0.000999000999000999,0.002206206795116929,False
3405,Fibroblast,Myofibroblast,Sodium,9.833094,0.32140472029232825,0.3739518532291531,0.6681630132484446,36.00157,0.03696303696303696,0.04934576115466117,True
3406,Fibroblast,Myofibroblast,Sodium_hydrogen exchange,-2.050553,-0.1094504265091138,0.543577380310894,0.6681630132484446,0.0,0.030969030969030968,0.04197445425687162,False
3407,Fibroblast,Myofibroblast,Sulfolithocholic acid,0.0,0.0,0.5,0.6681630132484446,0.0,0.000999000999000999,0.002206206795116929,False
3408,Fibroblast,Myofibroblast,Taurocholic acid,9.972223,0.25569803286821413,0.3990920071153084,0.6681630132484446,91.55481,0.001998001998001998,0.00412210593812261,True
3409,Fibroblast,Myofibroblast,Testosterone,-0.2410021,-0.009096038014522403,0.5036287441089469,0.6681630132484446,0.0,0.002997002997002997,0.005910424237117464,False
3410,Fibroblast,Myofibroblast,Trihydroxycoprostanoic acid,0.0,0.0,0.5,0.6681630132484446,0.0,0.000999000999000999,0.002206206795116929,False
3411,Fibroblast,Myofibroblast,Urea,-0.12881848,-0.011909272888650561,0.5047510001775116,0.6681630132484446,0.0,0.004995004995004995,0.008926091958582932,False
3412,Fibroblast,Myofibroblast,Ursocholic acid,0.0,0.0,0.5,0.6681630132484446,0.0,0.000999000999000999,0.002206206795116929,False
3413,Fibroblast,Myofibroblast,Ursodeoxycholic acid,0.0,0.0,0.5,0.6681630132484446,0.0,0.000999000999000999,0.002206206795116929,False
3414,Fibroblast,Myofibroblast,Ursodeoxycholic acid 3-sulfate,0.0,0.0,0.5,0.6681630132484446,0.0,0.000999000999000999,0.002206206795116929,False
3415,Fibroblast,Myofibroblast,Varanic acid,0.0,0.0,0.5,0.6681630132484446,0.0,0.000999000999000999,0.002206206795116929,False
3416,Fibroblast,Myofibroblast,Vitamin D3,0.0,0.0,0.5,0.6681630132484446,0.0,0.000999000999000999,0.002206206795116929,False
3417,Fibroblast,Myofibroblast,Water,1.7100356,0.07904642183994451,0.4684978496319925,0.6681630132484446,0.0,0.023976023976023976,0.033736821554080434,False
3418,Fibroblast,Myofibroblast,Zinc,0.7201062,0.06657384030591418,0.47346048597119045,0.6681630132484446,0.0,0.007992007992007992,0.01321828529465761,False
3419,Fibroblast,Myofibroblast,alpha-Ketoisovaleric acid,0.0,0.0,0.5,0.6681630132484446,0.0,0.000999000999000999,0.002206206795116929,False
3420,Fibroblast,Pericyte,"(3a,5b,7a)-23-Carboxy-7-hydroxy-24-norcholan-3-yl-b-D-Glucopyranosiduronic acid",0.22159548,0.02541874495237719,0.48986047981412867,0.6681630132484446,0.0,0.001998001998001998,0.00412210593812261,False
3421,Fibroblast,Pericyte,17a-Ethynylestradiol,-5.0997896,-0.5849859890653156,0.7207214311317758,0.7438707210647232,0.0,0.00999000999000999,0.01593343365495264,False
3422,Fibroblast,Pericyte,"1b,3a,12a-Trihydroxy-5b-cholanoic acid",0.22159548,0.02541874495237719,0.48986047981412867,0.6681630132484446,0.0,0.001998001998001998,0.00412210593812261,False
3423,Fibroblast,Pericyte,2-Hydroxychlorpropamide,-5.0997896,-0.33774181825901944,0.6322211209135566,0.6897490887203356,0.0,0.00999000999000999,0.01593343365495264,False
3424,Fibroblast,Pericyte,25-Hydroxycholesterol,-3.4898195,-0.40030975389367834,0.6555358076517585,0.7030119385680418,0.0,0.4275724275724276,0.4429113487409452,False
3425,Fibroblast,Pericyte,"3',4'-Dihydrodiol",-5.0997896,-0.5849859890653156,0.7207214311317758,0.7438707210647232,0.0,0.00999000999000999,0.01593343365495264,False
3426,Fibroblast,Pericyte,3-Sulfodeoxycholic acid,0.22159548,0.02541874495237719,0.48986047981412867,0.6681630132484446,0.0,0.001998001998001998,0.00412210593812261,False
3427,Fibroblast,Pericyte,"3alpha,7alpha-Dihydroxycoprostanic acid",0.22159548,0.02541874495237719,0.48986047981412867,0.6681630132484446,0.0,0.001998001998001998,0.00412210593812261,False
3428,Fibroblast,Pericyte,3b-Hydroxy-5-cholenoic acid,0.22159548,0.02541874495237719,0.48986047981412867,0.6681630132484446,0.0,0.001998001998001998,0.00412210593812261,False
3429,Fibroblast,Pericyte,4'-Hydroxydiclofenac,-5.0997896,-0.5849859890653156,0.7207214311317758,0.7438707210647232,0.0,0.00999000999000999,0.01593343365495264,False
3430,Fibroblast,Pericyte,4-Hydroxycyclophosphamide,-5.0997896,-0.5849859890653156,0.7207214311317758,0.7438707210647232,0.0,0.00999000999000999,0.01593343365495264,False
3431,Fibroblast,Pericyte,4-ene-Valproic acid,0.0,0.0,0.5,0.6681630132484446,0.0,0.000999000999000999,0.002206206795116929,False
3432,Fibroblast,Pericyte,5-Hydroxyomeprazole,-8.484289,-0.39731324286667047,0.6544317585010598,0.7021736220433255,0.0,0.014985014985014986,0.022683738280068557,False
3433,Fibroblast,Pericyte,8-Hydroxycarvedilol,-5.0997896,-0.5849859890653156,0.7207214311317758,0.7438707210647232,0.0,0.00999000999000999,0.01593343365495264,False
3434,Fibroblast,Pericyte,Acetate,-0.73289436,-0.04853711477401767,0.5193559070133685,0.6681630132484446,0.0,0.25574425574425574,0.2749895566032106,False
3435,Fibroblast,Pericyte,Acetyl-L-Carnitine,0.0,0.0,0.5,0.6681630132484446,0.0,0.000999000999000999,0.002206206795116929,False
3436,Fibroblast,Pericyte,Adenosine diphosphate ribose,-1.5643986,-0.1794488317597856,0.571207354292604,0.6688655124419435,0.0,0.013986013986013986,0.02125506072874494,False
3437,Fibroblast,Pericyte,Adenosine triphosphate,-0.5329576,-0.06113443100785172,0.5243739257783651,0.6681630132484446,0.0,0.1048951048951049,0.12272886660865726,False
3438,Fibroblast,Pericyte,Amiloride-sensitive sodium transport,0.0,0.0,0.5,0.6681630132484446,0.0,0.000999000999000999,0.002206206795116929,False
3439,Fibroblast,Pericyte,Anion exchange,-1.9907058,-0.1318377154365229,0.5524436728486278,0.6681630132484446,0.0,0.016983016983016984,0.025342874180083484,False
3440,Fibroblast,Pericyte,Butyrate,0.0,0.0,0.5,0.6681630132484446,0.0,0.000999000999000999,0.002206206795116929,False
3441,Fibroblast,Pericyte,Cadmium,0.0,0.0,0.5,0.6681630132484446,0.0,0.000999000999000999,0.002206206795116929,False
3442,Fibroblast,Pericyte,Chenodeoxycholic acid,0.22159548,0.02541874495237719,0.48986047981412867,0.6681630132484446,0.0,0.001998001998001998,0.00412210593812261,False
3443,Fibroblast,Pericyte,Chenodeoxycholic acid 3-sulfate,0.22159548,0.02541874495237719,0.48986047981412867,0.6681630132484446,0.0,0.001998001998001998,0.00412210593812261,False
3444,Fibroblast,Pericyte,Chloride,-0.20301127,-0.023286990243098556,0.5092893254083896,0.6681630132484446,0.0,0.025974025974025976,0.036297640653357534,False
3445,Fibroblast,Pericyte,Chloride ion,-0.8625009,-0.09893563915592901,0.5394053141228589,0.6681630132484446,0.0,0.2007992007992008,0.22168845970024878,False
3446,Fibroblast,Pericyte,Cholesterol,-5.28964,-0.3033816577485209,0.6192004888049196,0.6861812576258235,0.0,0.06893106893106893,0.08454731109598367,False
3447,Fibroblast,Pericyte,Cholic acid,-8.484289,-0.5618857765724807,0.7129030774608345,0.7398050803838848,0.0,0.014985014985014986,0.022683738280068557,False
3448,Fibroblast,Pericyte,Choline,0.0,0.0,0.5,0.6681630132484446,0.0,0.000999000999000999,0.002206206795116929,False
3449,Fibroblast,Pericyte,Citric acid,-0.9886488,-0.11340579181179859,0.5451455759327629,0.6681630132484446,0.0,0.24975024975024976,0.2689618074233459,False
3450,Fibroblast,Pericyte,Coprocholic acid,0.22159548,0.02541874495237719,0.48986047981412867,0.6681630132484446,0.0,0.001998001998001998,0.00412210593812261,False
3451,Fibroblast,Pericyte,Cortisol,-5.0997896,-0.33774181825901944,0.6322211209135566,0.6897490887203356,0.0,0.00999000999000999,0.01593343365495264,False
3452,Fibroblast,Pericyte,Creatine,0.0,0.0,0.5,0.6681630132484446,0.0,0.000999000999000999,0.002206206795116929,False
3453,Fibroblast,Pericyte,D-Lactate,0.0,0.0,0.5,0.6681630132484446,0.0,0.000999000999000999,0.002206206795116929,False
3454,Fibroblast,Pericyte,Deoxycholic acid,0.22159548,0.02541874495237719,0.48986047981412867,0.6681630132484446,0.0,0.001998001998001998,0.00412210593812261,False
3455,Fibroblast,Pericyte,Dopamine,0.0,0.0,0.5,0.6681630132484446,0.0,0.000999000999000999,0.002206206795116929,False
3456,Fibroblast,Pericyte,E-3179,-5.0997896,-0.5849859890653156,0.7207214311317758,0.7438707210647232,0.0,0.00999000999000999,0.01593343365495264,False
3457,Fibroblast,Pericyte,Estradiol,-6.0884385,-0.3123303055089806,0.6226052446301313,0.6861812576258235,0.0,0.25574425574425574,0.2749895566032106,False
3458,Fibroblast,Pericyte,Estriol,-5.0997896,-0.5849859890653156,0.7207214311317758,0.7438707210647232,0.0,0.00999000999000999,0.01593343365495264,False
3459,Fibroblast,Pericyte,Fatty acid,-3.247531,-0.1665948219644351,0.5661555658824443,0.6681630132484446,17.664743,0.5094905094905094,0.5247873410774718,False
3460,Fibroblast,Pericyte,Folic acid,0.22159548,0.014675519240717414,0.4941455250360102,0.6681630132484446,0.0,0.001998001998001998,0.00412210593812261,False
3461,Fibroblast,Pericyte,Folinic acid,0.22159548,0.02541874495237719,0.48986047981412867,0.6681630132484446,0.0,0.001998001998001998,0.00412210593812261,False
3462,Fibroblast,Pericyte,Glutathione,0.22159548,0.02541874495237719,0.48986047981412867,0.6681630132484446,0.0,0.001998001998001998,0.00412210593812261,False
3463,Fibroblast,Pericyte,Glycerol,-5.0997896,-0.5849859890653156,0.7207214311317758,0.7438707210647232,0.0,0.00999000999000999,0.01593343365495264,False
3464,Fibroblast,Pericyte,Glycochenodeoxycholate-3-sulfate,0.22159548,0.02541874495237719,0.48986047981412867,0.6681630132484446,0.0,0.001998001998001998,0.00412210593812261,False
3465,Fibroblast,Pericyte,Glycyl-glycine,0.0,0.0,0.5,0.6681630132484446,0.0,0.000999000999000999,0.002206206795116929,False
3466,Fibroblast,Pericyte,Histamine,0.0,0.0,0.5,0.6681630132484446,0.0,0.000999000999000999,0.002206206795116929,False
3467,Fibroblast,Pericyte,Hydroxylansoprazole,-5.0997896,-0.33774181825901944,0.6322211209135566,0.6897490887203356,0.0,0.00999000999000999,0.01593343365495264,False
3468,Fibroblast,Pericyte,Hyodeoxycholic acid,0.22159548,0.02541874495237719,0.48986047981412867,0.6681630132484446,0.0,0.001998001998001998,0.00412210593812261,False
3469,Fibroblast,Pericyte,Iron,0.78116226,0.06336062613467057,0.47473967000790834,0.6681630132484446,17.049942,0.4855144855144855,0.5009850185550007,False
3470,Fibroblast,Pericyte,Isoursodeoxycholic acid,0.22159548,0.02541874495237719,0.48986047981412867,0.6681630132484446,0.0,0.001998001998001998,0.00412210593812261,False
3471,Fibroblast,Pericyte,Ketone bodies,0.0,0.0,0.5,0.6681630132484446,0.0,0.000999000999000999,0.002206206795116929,False
3472,Fibroblast,Pericyte,L-Arginine,0.0,0.0,0.5,0.6681630132484446,0.0,0.000999000999000999,0.002206206795116929,False
3473,Fibroblast,Pericyte,L-Carnitine,0.0,0.0,0.5,0.6681630132484446,0.0,0.000999000999000999,0.002206206795116929,False
3474,Fibroblast,Pericyte,L-Cystine,0.0,0.0,0.5,0.6681630132484446,0.0,0.000999000999000999,0.002206206795116929,False
3475,Fibroblast,Pericyte,L-Dopa,0.0,0.0,0.5,0.6681630132484446,0.0,0.000999000999000999,0.002206206795116929,False
3476,Fibroblast,Pericyte,L-Glutamate,0.0,0.0,0.5,0.6681630132484446,0.0,0.000999000999000999,0.002206206795116929,False
3477,Fibroblast,Pericyte,L-Lactate,0.0,0.0,0.5,0.6681630132484446,0.0,0.000999000999000999,0.002206206795116929,False
3478,Fibroblast,Pericyte,L-Lysine,0.0,0.0,0.5,0.6681630132484446,0.0,0.000999000999000999,0.002206206795116929,False
3479,Fibroblast,Pericyte,L-Ornithine,0.0,0.0,0.5,0.6681630132484446,0.0,0.000999000999000999,0.002206206795116929,False
3480,Fibroblast,Pericyte,Lithocholic acid,0.22159548,0.02541874495237719,0.48986047981412867,0.6681630132484446,0.0,0.001998001998001998,0.00412210593812261,False
3481,Fibroblast,Pericyte,Manganese,0.0,0.0,0.5,0.6681630132484446,0.0,0.000999000999000999,0.002206206795116929,False
3482,Fibroblast,Pericyte,N-Desmethylcitalopram,-5.0997896,-0.5849859890653156,0.7207214311317758,0.7438707210647232,0.0,0.00999000999000999,0.01593343365495264,False
3483,Fibroblast,Pericyte,N-Desmethyleletriptan,-5.0997896,-0.5849859890653156,0.7207214311317758,0.7438707210647232,0.0,0.00999000999000999,0.01593343365495264,False
3484,Fibroblast,Pericyte,N-Desmethyltamoxifen,-5.0997896,-0.33774181825901944,0.6322211209135566,0.6897490887203356,0.0,0.00999000999000999,0.01593343365495264,False
3485,Fibroblast,Pericyte,N-desmethylimatinib,-5.0997896,-0.2924929945326578,0.6150451423142406,0.6849132570762552,0.0,0.00999000999000999,0.01593343365495264,False
3486,Fibroblast,Pericyte,Neurotransmitter,0.19925338,0.022855930233698387,0.4908825968908741,0.6681630132484446,0.0,0.011988011988011988,0.01879993733354222,False
3487,Fibroblast,Pericyte,Nicotinate,-0.73289436,-0.03759668743854568,0.5149953754512884,0.6681630132484446,0.0,0.25574425574425574,0.2749895566032106,False
3488,Fibroblast,Pericyte,Norepinephrine,0.0,0.0,0.5,0.6681630132484446,0.0,0.000999000999000999,0.002206206795116929,False
3489,Fibroblast,Pericyte,O-Deethylated candesartan,-5.0997896,-0.5849859890653156,0.7207214311317758,0.7438707210647232,0.0,0.00999000999000999,0.01593343365495264,False
3490,Fibroblast,Pericyte,O-Desmethylverapamil (D-702),-12.566322,-0.37218234638780845,0.6451214554752123,0.6969385086015005,0.0,0.022977022977022976,0.032529268484324664,False
3491,Fibroblast,Pericyte,Oxalic acid,-0.9886488,-0.11340579181179859,0.5451455759327629,0.6681630132484446,0.0,0.24975024975024976,0.2689618074233459,False
3492,Fibroblast,Pericyte,Phosphate,-0.22078048,-0.02532525756933703,0.5101022361186314,0.6681630132484446,0.0,0.003996003996003996,0.007468259895444362,False
3493,Fibroblast,Pericyte,Progesterone,-5.0997896,-0.41364755976720424,0.6604338814151218,0.7056439713547323,0.0,0.00999000999000999,0.01593343365495264,False
3494,Fibroblast,Pericyte,Pyruvate,0.0,0.0,0.5,0.6681630132484446,0.0,0.000999000999000999,0.002206206795116929,False
3495,Fibroblast,Pericyte,Sodium,-5.853945,-0.23740881029498256,0.59383017226768,0.6770266346377942,0.0,0.46553446553446554,0.48137180634942495,False
3496,Fibroblast,Pericyte,Sodium_hydrogen exchange,-5.0514975,-0.33454359183112775,0.6310152988502526,0.6897490887203356,0.0,0.09490509490509491,0.11234921552653018,False
3497,Fibroblast,Pericyte,Sulfolithocholic acid,0.22159548,0.02541874495237719,0.48986047981412867,0.6681630132484446,0.0,0.001998001998001998,0.00412210593812261,False
3498,Fibroblast,Pericyte,Taurocholic acid,-9.217184,-0.2932376889615215,0.6153297610066586,0.6849132570762552,0.0,0.26373626373626374,0.28292450583472256,False
3499,Fibroblast,Pericyte,Testosterone,-9.174902,-0.4296541500262373,0.6662763797139544,0.7105717622988156,0.0,0.016983016983016984,0.025342874180083484,False
3500,Fibroblast,Pericyte,Trihydroxycoprostanoic acid,0.22159548,0.02541874495237719,0.48986047981412867,0.6681630132484446,0.0,0.001998001998001998,0.00412210593812261,False
3501,Fibroblast,Pericyte,Urea,0.0,0.0,0.5,0.6681630132484446,0.0,0.000999000999000999,0.002206206795116929,False
3502,Fibroblast,Pericyte,Ursocholic acid,0.22159548,0.02541874495237719,0.48986047981412867,0.6681630132484446,0.0,0.001998001998001998,0.00412210593812261,False
3503,Fibroblast,Pericyte,Ursodeoxycholic acid,0.22159548,0.02541874495237719,0.48986047981412867,0.6681630132484446,0.0,0.001998001998001998,0.00412210593812261,False
3504,Fibroblast,Pericyte,Ursodeoxycholic acid 3-sulfate,0.22159548,0.02541874495237719,0.48986047981412867,0.6681630132484446,0.0,0.001998001998001998,0.00412210593812261,False
3505,Fibroblast,Pericyte,Varanic acid,0.22159548,0.02541874495237719,0.48986047981412867,0.6681630132484446,0.0,0.001998001998001998,0.00412210593812261,False
3506,Fibroblast,Pericyte,Vitamin D3,-0.18985029,-0.021777321303884923,0.5086872075627205,0.6681630132484446,0.0,0.059940059940059943,0.07529175555276697,False
3507,Fibroblast,Pericyte,Water,0.0,0.0,0.5,0.6681630132484446,0.0,0.000999000999000999,0.002206206795116929,False
3508,Fibroblast,Pericyte,Zinc,0.0,0.0,0.5,0.6681630132484446,0.0,0.000999000999000999,0.002206206795116929,False
3509,Fibroblast,Pericyte,alpha-Ketoisovaleric acid,0.0,0.0,0.5,0.6681630132484446,0.0,0.000999000999000999,0.002206206795116929,False
3510,Fibroblast,Plasma,"(3a,5b,7a)-23-Carboxy-7-hydroxy-24-norcholan-3-yl-b-D-Glucopyranosiduronic acid",-4.5576506,-0.15984378398940316,0.5634979335785927,0.6681630132484446,0.0,0.000999000999000999,0.002206206795116929,False
3511,Fibroblast,Plasma,17a-Ethynylestradiol,-0.8094603,-0.02838901153994442,0.5113240559043192,0.6681630132484446,0.0,0.058941058941058944,0.07441456339251931,False
3512,Fibroblast,Plasma,"1b,3a,12a-Trihydroxy-5b-cholanoic acid",-4.5576506,-0.15984378398940316,0.5634979335785927,0.6681630132484446,0.0,0.000999000999000999,0.002206206795116929,False
3513,Fibroblast,Plasma,2-Hydroxychlorpropamide,-2.3696961,-0.047982929678264126,0.5191350764605815,0.6681630132484446,0.0,0.06993006993006994,0.08563622276292361,False
3514,Fibroblast,Plasma,25-Hydroxycholesterol,-14.634128,-0.5132412631772661,0.6961087173777383,0.7294773040114512,0.0,0.5924075924075924,0.6039995020427564,False
3515,Fibroblast,Plasma,"3',4'-Dihydrodiol",-0.8094603,-0.02838901153994442,0.5113240559043192,0.6681630132484446,0.0,0.058941058941058944,0.07441456339251931,False
3516,Fibroblast,Plasma,3-Sulfodeoxycholic acid,-4.5576506,-0.15984378398940316,0.5634979335785927,0.6681630132484446,0.0,0.000999000999000999,0.002206206795116929,False
3517,Fibroblast,Plasma,"3alpha,7alpha-Dihydroxycoprostanic acid",-4.5576506,-0.15984378398940316,0.5634979335785927,0.6681630132484446,0.0,0.000999000999000999,0.002206206795116929,False
3518,Fibroblast,Plasma,3b-Hydroxy-5-cholenoic acid,-4.5576506,-0.15984378398940316,0.5634979335785927,0.6681630132484446,0.0,0.000999000999000999,0.002206206795116929,False
3519,Fibroblast,Plasma,4'-Hydroxydiclofenac,-0.8094603,-0.02838901153994442,0.5113240559043192,0.6681630132484446,0.0,0.058941058941058944,0.07441456339251931,False
3520,Fibroblast,Plasma,4-Hydroxycyclophosphamide,-0.8094603,-0.02838901153994442,0.5113240559043192,0.6681630132484446,0.0,0.058941058941058944,0.07441456339251931,False
3521,Fibroblast,Plasma,4-ene-Valproic acid,16.143824,0.3268891485714589,0.37187586440400544,0.6681630132484446,21.18332,0.04995004995004995,0.06423340993762222,False
3522,Fibroblast,Plasma,5-Hydroxyomeprazole,-17.377617,-0.24881085308466402,0.598246452239194,0.6770266346377942,0.0,0.1038961038961039,0.12172442941673713,False
3523,Fibroblast,Plasma,8-Hydroxycarvedilol,-0.8094603,-0.02838901153994442,0.5113240559043192,0.6681630132484446,0.0,0.058941058941058944,0.07441456339251931,False
3524,Fibroblast,Plasma,Acetate,-38.2351,-0.7742056348034643,0.7805954016896126,0.7904934693851532,0.0,0.6443556443556444,0.6547484773291226,False
3525,Fibroblast,Plasma,Acetyl-L-Carnitine,25.873896,0.9074371381666504,0.18208783882991258,0.6681630132484446,21.18332,0.03396603396603397,0.045590667322218746,True
3526,Fibroblast,Plasma,Adenosine diphosphate ribose,10.262075,0.3599066983301293,0.3594584538517225,0.6681630132484446,20.664463,0.29270729270729273,0.31260002133788545,False
3527,Fibroblast,Plasma,Adenosine triphosphate,-8.582112,-0.30098781965119104,0.618288108689018,0.6859423584438953,15.435439,0.6873126873126874,0.6967637394787776,False
3528,Fibroblast,Plasma,Amiloride-sensitive sodium transport,1.0980494,0.038510273860464725,0.4846404201026404,0.6681630132484446,0.0,0.016983016983016984,0.025342874180083484,False
3529,Fibroblast,Plasma,Anion exchange,-2.566841,-0.051974826512787405,0.5207256240859713,0.6681630132484446,0.0,0.4195804195804196,0.43515299426703197,False
3530,Fibroblast,Plasma,Butyrate,-4.3972406,-0.15421796221826914,0.5612810600937457,0.6681630132484446,0.0,0.02097902097902098,0.030000952411187658,False
3531,Fibroblast,Plasma,Cadmium,64.3221,2.2558744585411663,0.012039247262932873,0.5782001451601295,23.094074,0.04995004995004995,0.06423340993762222,False
3532,Fibroblast,Plasma,Chenodeoxycholic acid,-4.5576506,-0.15984378398940316,0.5634979335785927,0.6681630132484446,0.0,0.000999000999000999,0.002206206795116929,False
3533,Fibroblast,Plasma,Chenodeoxycholic acid 3-sulfate,-4.5576506,-0.15984378398940316,0.5634979335785927,0.6681630132484446,0.0,0.000999000999000999,0.002206206795116929,False
3534,Fibroblast,Plasma,Chloride,25.637203,0.8991359722745816,0.18429011976449494,0.6681630132484446,31.593185,0.08491508491508491,0.10177473857861266,False
3535,Fibroblast,Plasma,Chloride ion,-16.618357,-0.5828312155223512,0.7199965355466812,0.7438707210647232,0.0,0.38961038961038963,0.40534454286143223,False
3536,Fibroblast,Plasma,Cholesterol,-4.8513985,-0.08507298634696667,0.5338983168976814,0.6681630132484446,0.0,0.13386613386613386,0.15255588023224922,False
3537,Fibroblast,Plasma,Cholic acid,-15.483246,-0.3135134012170776,0.6230546795835104,0.6861812576258235,0.0,0.058941058941058944,0.07441456339251931,False
3538,Fibroblast,Plasma,Choline,25.873896,0.9074371381666504,0.18208783882991258,0.6681630132484446,21.18332,0.03396603396603397,0.045590667322218746,True
3539,Fibroblast,Plasma,Citric acid,-29.138203,-1.0219213837109873,0.8465909446427524,0.8515058412734796,0.0,0.6233766233766234,0.6343612334801761,False
3540,Fibroblast,Plasma,Coprocholic acid,-4.5576506,-0.15984378398940316,0.5634979335785927,0.6681630132484446,0.0,0.000999000999000999,0.002206206795116929,False
3541,Fibroblast,Plasma,Cortisol,-3.057181,-0.06190350431716138,0.524680161594528,0.6681630132484446,0.0,0.0969030969030969,0.11442127475523282,False
3542,Fibroblast,Plasma,Creatine,25.873896,0.9074371381666504,0.18208783882991258,0.6681630132484446,21.18332,0.03396603396603397,0.045590667322218746,True
3543,Fibroblast,Plasma,D-Lactate,-4.3972406,-0.15421796221826914,0.5612810600937457,0.6681630132484446,0.0,0.02097902097902098,0.030000952411187658,False
3544,Fibroblast,Plasma,Deoxycholic acid,-4.5576506,-0.15984378398940316,0.5634979335785927,0.6681630132484446,0.0,0.000999000999000999,0.002206206795116929,False
3545,Fibroblast,Plasma,Dopamine,25.873896,0.9074371381666504,0.18208783882991258,0.6681630132484446,21.18332,0.03396603396603397,0.045590667322218746,True
3546,Fibroblast,Plasma,E-3179,-0.8094603,-0.02838901153994442,0.5113240559043192,0.6681630132484446,0.0,0.058941058941058944,0.07441456339251931,False
3547,Fibroblast,Plasma,Estradiol,-31.766718,-0.4982439931489723,0.6908439609830457,0.728385209597205,0.0,0.6673326673326674,0.6772024285569461,False
3548,Fibroblast,Plasma,Estriol,-0.8094603,-0.02838901153994442,0.5113240559043192,0.6681630132484446,0.0,0.058941058941058944,0.07441456339251931,False
3549,Fibroblast,Plasma,Fatty acid,-14.176455,-0.22235011311436334,0.587979328151511,0.6770266346377942,111.9701,0.6013986013986014,0.6126256515790545,False
3550,Fibroblast,Plasma,Folic acid,-5.15676,-0.10441695818867268,0.5415807672222744,0.6681630132484446,0.0,0.027972027972027972,0.038684125692706815,False
3551,Fibroblast,Plasma,Folinic acid,-4.5576506,-0.15984378398940316,0.5634979335785927,0.6681630132484446,0.0,0.000999000999000999,0.002206206795116929,False
3552,Fibroblast,Plasma,Glutathione,-4.5576506,-0.15984378398940316,0.5634979335785927,0.6681630132484446,0.0,0.000999000999000999,0.002206206795116929,False
3553,Fibroblast,Plasma,Glycerol,-0.8094603,-0.02838901153994442,0.5113240559043192,0.6681630132484446,0.0,0.058941058941058944,0.07441456339251931,False
3554,Fibroblast,Plasma,Glycochenodeoxycholate-3-sulfate,-4.5576506,-0.15984378398940316,0.5634979335785927,0.6681630132484446,0.0,0.000999000999000999,0.002206206795116929,False
3555,Fibroblast,Plasma,Glycyl-glycine,-0.5350662,-0.018765590480326513,0.5074859480972134,0.6681630132484446,0.0,0.003996003996003996,0.007468259895444362,False
3556,Fibroblast,Plasma,Histamine,25.873896,0.9074371381666504,0.18208783882991258,0.6681630132484446,21.18332,0.03396603396603397,0.045590667322218746,True
3557,Fibroblast,Plasma,Hydroxylansoprazole,-3.057181,-0.06190350431716138,0.524680161594528,0.6681630132484446,0.0,0.0969030969030969,0.11442127475523282,False
3558,Fibroblast,Plasma,Hyodeoxycholic acid,-4.5576506,-0.15984378398940316,0.5634979335785927,0.6681630132484446,0.0,0.000999000999000999,0.002206206795116929,False
3559,Fibroblast,Plasma,Iron,-17.126953,-0.42473674890550295,0.6644857043794252,0.7089893658736592,39.166042,0.913086913086913,0.9141421998977618,False
3560,Fibroblast,Plasma,Isoursodeoxycholic acid,-4.5576506,-0.15984378398940316,0.5634979335785927,0.6681630132484446,0.0,0.000999000999000999,0.002206206795116929,False
3561,Fibroblast,Plasma,Ketone bodies,-4.3972406,-0.15421796221826914,0.5612810600937457,0.6681630132484446,0.0,0.02097902097902098,0.030000952411187658,False
3562,Fibroblast,Plasma,L-Arginine,-0.027883602,-0.0009779206280175557,0.5003901338232102,0.6681630132484446,0.0,0.01898101898101898,0.02770980862407026,False
3563,Fibroblast,Plasma,L-Carnitine,26.459633,0.4639899198211666,0.3213274838231565,0.6681630132484446,21.18332,0.04595404595404595,0.06003045022837671,False
3564,Fibroblast,Plasma,L-Cystine,-0.027883602,-0.0009779206280175557,0.5003901338232102,0.6681630132484446,0.0,0.01898101898101898,0.02770980862407026,False
3565,Fibroblast,Plasma,L-Dopa,-0.5350662,-0.018765590480326513,0.5074859480972134,0.6681630132484446,0.0,0.003996003996003996,0.007468259895444362,False
3566,Fibroblast,Plasma,L-Glutamate,-6.352848,-0.15754629609945575,0.5625928377936836,0.6681630132484446,0.0,0.028971028971028972,0.03983516483516483,False
3567,Fibroblast,Plasma,L-Lactate,-4.3972406,-0.15421796221826914,0.5612810600937457,0.6681630132484446,0.0,0.02097902097902098,0.030000952411187658,False
3568,Fibroblast,Plasma,L-Lysine,-0.027883602,-0.0009779206280175557,0.5003901338232102,0.6681630132484446,0.0,0.01898101898101898,0.02770980862407026,False
3569,Fibroblast,Plasma,L-Ornithine,-0.027883602,-0.0009779206280175557,0.5003901338232102,0.6681630132484446,0.0,0.01898101898101898,0.02770980862407026,False
3570,Fibroblast,Plasma,Lithocholic acid,-4.5576506,-0.15984378398940316,0.5634979335785927,0.6681630132484446,0.0,0.000999000999000999,0.002206206795116929,False
3571,Fibroblast,Plasma,Manganese,64.3221,2.2558744585411663,0.012039247262932873,0.5782001451601295,23.094074,0.04995004995004995,0.06423340993762222,False
3572,Fibroblast,Plasma,N-Desmethylcitalopram,-0.8094603,-0.02838901153994442,0.5113240559043192,0.6681630132484446,0.0,0.058941058941058944,0.07441456339251931,False
3573,Fibroblast,Plasma,N-Desmethyleletriptan,-0.8094603,-0.02838901153994442,0.5113240559043192,0.6681630132484446,0.0,0.058941058941058944,0.07441456339251931,False
3574,Fibroblast,Plasma,N-Desmethyltamoxifen,-3.057181,-0.06190350431716138,0.524680161594528,0.6681630132484446,0.0,0.0969030969030969,0.11442127475523282,False
3575,Fibroblast,Plasma,N-desmethylimatinib,-2.6285157,-0.04609303553723172,0.5183819515267284,0.6681630132484446,0.0,0.1008991008991009,0.11847352918176367,False
3576,Fibroblast,Plasma,Neurotransmitter,-7.6668334,-0.2688875867543333,0.6059919051795394,0.6809328206241818,0.0,0.14885114885114886,0.16857958188240915,False
3577,Fibroblast,Plasma,Nicotinate,-17.694038,-0.2775215358314223,0.6093101641058962,0.6829858379052035,21.18332,0.3886113886113886,0.4044873720451972,False
3578,Fibroblast,Plasma,Norepinephrine,25.873896,0.9074371381666504,0.18208783882991258,0.6681630132484446,21.18332,0.03396603396603397,0.045590667322218746,True
3579,Fibroblast,Plasma,O-Deethylated candesartan,-0.8094603,-0.02838901153994442,0.5113240559043192,0.6681630132484446,0.0,0.058941058941058944,0.07441456339251931,False
3580,Fibroblast,Plasma,O-Desmethylverapamil (D-702),1.6346313,0.014802289775842236,0.49409495640261825,0.6681630132484446,21.18332,0.14685314685314685,0.16656175248646607,False
3581,Fibroblast,Plasma,Oxalic acid,-29.138203,-1.0219213837109873,0.8465909446427524,0.8515058412734796,0.0,0.6233766233766234,0.6343612334801761,False
3582,Fibroblast,Plasma,Phosphate,-5.249893,-0.18412179271219642,0.5730410446863217,0.6694495009568795,0.0,0.025974025974025976,0.036297640653357534,False
3583,Fibroblast,Plasma,Progesterone,-0.38079542,-0.009443466515938057,0.503767342072009,0.6681630132484446,0.0,0.06293706293706294,0.07857212144727908,False
3584,Fibroblast,Plasma,Pyruvate,-4.3972406,-0.15421796221826914,0.5612810600937457,0.6681630132484446,0.0,0.02097902097902098,0.030000952411187658,False
3585,Fibroblast,Plasma,Sodium,40.576454,0.5031341855539436,0.3074349666126583,0.6681630132484446,165.89792,0.15084915084915085,0.1705358263270172,False
3586,Fibroblast,Plasma,Sodium_hydrogen exchange,-29.909649,-0.6056272596484861,0.7276188517278467,0.7494647209384627,0.0,0.2077922077922078,0.2289712195897599,False
3587,Fibroblast,Plasma,Sulfolithocholic acid,-4.5576506,-0.15984378398940316,0.5634979335785927,0.6681630132484446,0.0,0.000999000999000999,0.002206206795116929,False
3588,Fibroblast,Plasma,Taurocholic acid,-62.859253,-0.6114377750792565,0.7295450994978856,0.750890767788556,0.0,0.7272727272727273,0.7350153128190171,False
3589,Fibroblast,Plasma,Testosterone,-2.1671147,-0.031028516137271964,0.512376600985842,0.6681630132484446,0.0,0.17082917082917082,0.19137506528389164,False
3590,Fibroblast,Plasma,Trihydroxycoprostanoic acid,-4.5576506,-0.15984378398940316,0.5634979335785927,0.6681630132484446,0.0,0.000999000999000999,0.002206206795116929,False
3591,Fibroblast,Plasma,Urea,-0.75433004,-0.02645550949239946,0.5105529902759909,0.6681630132484446,0.0,0.025974025974025976,0.036297640653357534,False
3592,Fibroblast,Plasma,Ursocholic acid,-4.5576506,-0.15984378398940316,0.5634979335785927,0.6681630132484446,0.0,0.000999000999000999,0.002206206795116929,False
3593,Fibroblast,Plasma,Ursodeoxycholic acid,-4.5576506,-0.15984378398940316,0.5634979335785927,0.6681630132484446,0.0,0.000999000999000999,0.002206206795116929,False
3594,Fibroblast,Plasma,Ursodeoxycholic acid 3-sulfate,-4.5576506,-0.15984378398940316,0.5634979335785927,0.6681630132484446,0.0,0.000999000999000999,0.002206206795116929,False
3595,Fibroblast,Plasma,Varanic acid,-4.5576506,-0.15984378398940316,0.5634979335785927,0.6681630132484446,0.0,0.000999000999000999,0.002206206795116929,False
3596,Fibroblast,Plasma,Vitamin D3,-1.7942178,-0.0629259664117551,0.5250872711957808,0.6681630132484446,0.0,0.04195804195804196,0.05534244970864689,False
3597,Fibroblast,Plasma,Water,-18.906635,-0.3315423245528878,0.629882561709052,0.6894781476297157,0.0,0.21878121878121878,0.23865163641647194,False
3598,Fibroblast,Plasma,Zinc,64.3221,2.2558744585411663,0.012039247262932873,0.5782001451601295,23.094074,0.04995004995004995,0.06423340993762222,False
3599,Fibroblast,Plasma,alpha-Ketoisovaleric acid,-4.3972406,-0.15421796221826914,0.5612810600937457,0.6681630132484446,0.0,0.02097902097902098,0.030000952411187658,False
3600,Fibroblast,T,"(3a,5b,7a)-23-Carboxy-7-hydroxy-24-norcholan-3-yl-b-D-Glucopyranosiduronic acid",0.30454364,0.01676457585762715,0.49331221514697027,0.6681630132484446,0.0,0.012987012987012988,0.019964507542147295,False
3601,Fibroblast,T,17a-Ethynylestradiol,-5.374164,-0.2958379973427528,0.6163230982868005,0.6849132570762552,0.0,0.12487512487512488,0.14344183911563327,False
3602,Fibroblast,T,"1b,3a,12a-Trihydroxy-5b-cholanoic acid",0.30454364,0.01676457585762715,0.49331221514697027,0.6681630132484446,0.0,0.012987012987012988,0.019964507542147295,False
3603,Fibroblast,T,2-Hydroxychlorpropamide,-4.5629773,-0.14502093881569716,0.557652830116326,0.6681630132484446,0.0,0.13886113886113885,0.15804035019012846,False
3604,Fibroblast,T,25-Hydroxycholesterol,-6.962163,-0.3832544579261104,0.649234448381935,0.6991755597959299,14.575159,0.5434565434565435,0.5583623196669898,False
3605,Fibroblast,T,"3',4'-Dihydrodiol",-5.374164,-0.2958379973427528,0.6163230982868005,0.6849132570762552,0.0,0.12487512487512488,0.14344183911563327,False
3606,Fibroblast,T,3-Sulfodeoxycholic acid,0.30454364,0.01676457585762715,0.49331221514697027,0.6681630132484446,0.0,0.012987012987012988,0.019964507542147295,False
3607,Fibroblast,T,"3alpha,7alpha-Dihydroxycoprostanic acid",0.30454364,0.01676457585762715,0.49331221514697027,0.6681630132484446,0.0,0.012987012987012988,0.019964507542147295,False
3608,Fibroblast,T,3b-Hydroxy-5-cholenoic acid,0.30454364,0.01676457585762715,0.49331221514697027,0.6681630132484446,0.0,0.012987012987012988,0.019964507542147295,False
3609,Fibroblast,T,4'-Hydroxydiclofenac,-5.374164,-0.2958379973427528,0.6163230982868005,0.6849132570762552,0.0,0.12487512487512488,0.14344183911563327,False
3610,Fibroblast,T,4-Hydroxycyclophosphamide,-5.374164,-0.2958379973427528,0.6163230982868005,0.6849132570762552,0.0,0.12487512487512488,0.14344183911563327,False
3611,Fibroblast,T,4-ene-Valproic acid,1.1550903,0.03671118062636888,0.48535764690139704,0.6681630132484446,0.0,0.23176823176823177,0.25182719444243434,False
3612,Fibroblast,T,5-Hydroxyomeprazole,-6.4914985,-0.14588557919536396,0.5579941420379895,0.6681630132484446,0.0,0.17582417582417584,0.19589413801632452,False
3613,Fibroblast,T,8-Hydroxycarvedilol,-5.374164,-0.2958379973427528,0.6163230982868005,0.6849132570762552,0.0,0.12487512487512488,0.14344183911563327,False
3614,Fibroblast,T,Acetate,13.569087,0.4312538950631883,0.3331418849525926,0.6681630132484446,17.16981,0.2827172827172827,0.3024904692343321,False
3615,Fibroblast,T,Acetyl-L-Carnitine,-0.7613612,-0.04191155366325568,0.5167153969996917,0.6681630132484446,0.0,0.18281718281718282,0.2030650868605669,False
3616,Fibroblast,T,Adenosine diphosphate ribose,-1.683985,-0.09270032301942621,0.5369291798073395,0.6681630132484446,0.0,0.07492507492507493,0.09142996464708034,False
3617,Fibroblast,T,Adenosine triphosphate,2.4224098,0.13334926921105336,0.4469585821483352,0.6681630132484446,58.67132,0.06593406593406594,0.08144796380090498,False
3618,Fibroblast,T,Amiloride-sensitive sodium transport,-3.3748872,-0.18578142747145257,0.5736919151484574,0.6696781227196491,0.0,0.08391608391608392,0.10068186660984445,False
3619,Fibroblast,T,Anion exchange,54.058727,1.718099135628007,0.04288926723987701,0.6681630132484446,120.369736,0.000999000999000999,0.002206206795116929,True
3620,Fibroblast,T,Butyrate,-0.28007403,-0.015417567938003134,0.50615047604767,0.6681630132484446,0.0,0.013986013986013986,0.02125506072874494,False
3621,Fibroblast,T,Cadmium,-2.4699774,-0.13596777973951835,0.5540766237915995,0.6681630132484446,0.0,0.1088911088911089,0.12686876002276137,False
3622,Fibroblast,T,Chenodeoxycholic acid,0.30454364,0.01676457585762715,0.49331221514697027,0.6681630132484446,0.0,0.012987012987012988,0.019964507542147295,False
3623,Fibroblast,T,Chenodeoxycholic acid 3-sulfate,0.30454364,0.01676457585762715,0.49331221514697027,0.6681630132484446,0.0,0.012987012987012988,0.019964507542147295,False
3624,Fibroblast,T,Chloride,-2.5332375,-0.13945013244605212,0.5554527703210312,0.6681630132484446,0.0,0.16983016983016982,0.19031744452184296,False
3625,Fibroblast,T,Chloride ion,4.235874,0.23317719907192172,0.4078119051975816,0.6681630132484446,22.703043,0.4095904095904096,0.4251739871871687,False
3626,Fibroblast,T,Cholesterol,-5.640361,-0.15524582246264923,0.5616862374679799,0.6681630132484446,0.0,0.14785214785214784,0.1675851136106288,False
3627,Fibroblast,T,Cholic acid,-6.82339,-0.21686157011749588,0.5858418862573762,0.6754091285582461,0.0,0.16683316683316685,0.18711018711018712,False
3628,Fibroblast,T,Choline,-0.7613612,-0.04191155366325568,0.5167153969996917,0.6681630132484446,0.0,0.18281718281718282,0.2030650868605669,False
3629,Fibroblast,T,Citric acid,14.921062,0.82137745580435,0.2057156503776172,0.6681630132484446,17.16981,0.27372627372627373,0.2932781504210076,False
3630,Fibroblast,T,Coprocholic acid,0.30454364,0.01676457585762715,0.49331221514697027,0.6681630132484446,0.0,0.012987012987012988,0.019964507542147295,False
3631,Fibroblast,T,Cortisol,-5.4191537,-0.17223201030365348,0.5683724333477029,0.6681630132484446,0.0,0.13286713286713286,0.15154200638071605,False
3632,Fibroblast,T,Creatine,-0.7613612,-0.04191155366325568,0.5167153969996917,0.6681630132484446,0.0,0.18281718281718282,0.2030650868605669,False
3633,Fibroblast,T,D-Lactate,-0.28007403,-0.015417567938003134,0.50615047604767,0.6681630132484446,0.0,0.013986013986013986,0.02125506072874494,False
3634,Fibroblast,T,Deoxycholic acid,0.30454364,0.01676457585762715,0.49331221514697027,0.6681630132484446,0.0,0.012987012987012988,0.019964507542147295,False
3635,Fibroblast,T,Dopamine,-0.7613612,-0.04191155366325568,0.5167153969996917,0.6681630132484446,0.0,0.18281718281718282,0.2030650868605669,False
3636,Fibroblast,T,E-3179,-5.374164,-0.2958379973427528,0.6163230982868005,0.6849132570762552,0.0,0.12487512487512488,0.14344183911563327,False
3637,Fibroblast,T,Estradiol,6.669567,0.16419339190588578,0.4347894515027826,0.6681630132484446,17.16981,0.35664335664335667,0.3727810650887574,False
3638,Fibroblast,T,Estriol,-5.374164,-0.2958379973427528,0.6163230982868005,0.6849132570762552,0.0,0.12487512487512488,0.14344183911563327,False
3639,Fibroblast,T,Fatty acid,-5.9685636,-0.146935877439112,0.5584086834241676,0.6681630132484446,167.78885,0.1108891108891109,0.1290881132977555,False
3640,Fibroblast,T,Folic acid,0.62978834,0.020015987350374274,0.49201530952958034,0.6681630132484446,0.0,0.013986013986013986,0.02125506072874494,False
3641,Fibroblast,T,Folinic acid,0.30454364,0.01676457585762715,0.49331221514697027,0.6681630132484446,0.0,0.012987012987012988,0.019964507542147295,False
3642,Fibroblast,T,Glutathione,0.30454364,0.01676457585762715,0.49331221514697027,0.6681630132484446,0.0,0.012987012987012988,0.019964507542147295,False
3643,Fibroblast,T,Glycerol,-5.374164,-0.2958379973427528,0.6163230982868005,0.6849132570762552,0.0,0.12487512487512488,0.14344183911563327,False
3644,Fibroblast,T,Glycochenodeoxycholate-3-sulfate,0.30454364,0.01676457585762715,0.49331221514697027,0.6681630132484446,0.0,0.012987012987012988,0.019964507542147295,False
3645,Fibroblast,T,Glycyl-glycine,0.79961336,0.0440172665858476,0.4824453202306489,0.6681630132484446,0.0,0.000999000999000999,0.002206206795116929,False
3646,Fibroblast,T,Histamine,-0.7613612,-0.04191155366325568,0.5167153969996917,0.6681630132484446,0.0,0.18281718281718282,0.2030650868605669,False
3647,Fibroblast,T,Hydroxylansoprazole,-5.4191537,-0.17223201030365348,0.5683724333477029,0.6681630132484446,0.0,0.13286713286713286,0.15154200638071605,False
3648,Fibroblast,T,Hyodeoxycholic acid,0.30454364,0.01676457585762715,0.49331221514697027,0.6681630132484446,0.0,0.012987012987012988,0.019964507542147295,False
3649,Fibroblast,T,Iron,-13.734342,-0.5346085225506362,0.7035397054449194,0.7343771891449452,64.887726,0.14385614385614387,0.1632694197384666,False
3650,Fibroblast,T,Isoursodeoxycholic acid,0.30454364,0.01676457585762715,0.49331221514697027,0.6681630132484446,0.0,0.012987012987012988,0.019964507542147295,False
3651,Fibroblast,T,Ketone bodies,-0.28007403,-0.015417567938003134,0.50615047604767,0.6681630132484446,0.0,0.013986013986013986,0.02125506072874494,False
3652,Fibroblast,T,L-Arginine,-1.7060572,-0.09391535742043751,0.537411802849659,0.6681630132484446,0.0,0.015984015984015984,0.024033245990286563,False
3653,Fibroblast,T,L-Carnitine,1.182322,0.03254234271412727,0.4870197746470248,0.6681630132484446,0.0,0.2097902097902098,0.23102592624283394,False
3654,Fibroblast,T,L-Cystine,-1.7060572,-0.09391535742043751,0.537411802849659,0.6681630132484446,0.0,0.015984015984015984,0.024033245990286563,False
3655,Fibroblast,T,L-Dopa,0.79961336,0.0440172665858476,0.4824453202306489,0.6681630132484446,0.0,0.000999000999000999,0.002206206795116929,False
3656,Fibroblast,T,L-Glutamate,-0.28007403,-0.010901866838366312,0.5043491294674459,0.6681630132484446,0.0,0.013986013986013986,0.02125506072874494,False
3657,Fibroblast,T,L-Lactate,-0.28007403,-0.015417567938003134,0.50615047604767,0.6681630132484446,0.0,0.013986013986013986,0.02125506072874494,False
3658,Fibroblast,T,L-Lysine,-1.7060572,-0.09391535742043751,0.537411802849659,0.6681630132484446,0.0,0.015984015984015984,0.024033245990286563,False
3659,Fibroblast,T,L-Ornithine,-1.7060572,-0.09391535742043751,0.537411802849659,0.6681630132484446,0.0,0.015984015984015984,0.024033245990286563,False
3660,Fibroblast,T,Lithocholic acid,0.30454364,0.01676457585762715,0.49331221514697027,0.6681630132484446,0.0,0.012987012987012988,0.019964507542147295,False
3661,Fibroblast,T,Manganese,-2.4699774,-0.13596777973951835,0.5540766237915995,0.6681630132484446,0.0,0.1088911088911089,0.12686876002276137,False
3662,Fibroblast,T,N-Desmethylcitalopram,-5.374164,-0.2958379973427528,0.6163230982868005,0.6849132570762552,0.0,0.12487512487512488,0.14344183911563327,False
3663,Fibroblast,T,N-Desmethyleletriptan,-5.374164,-0.2958379973427528,0.6163230982868005,0.6849132570762552,0.0,0.12487512487512488,0.14344183911563327,False
3664,Fibroblast,T,N-Desmethyltamoxifen,-5.4191537,-0.17223201030365348,0.5683724333477029,0.6681630132484446,0.0,0.13286713286713286,0.15154200638071605,False
3665,Fibroblast,T,N-desmethylimatinib,-8.251495,-0.2271149350232628,0.5898328144965788,0.6770266346377942,0.0,0.13386613386613386,0.15255588023224922,False
3666,Fibroblast,T,Neurotransmitter,-0.09648501,-0.005311325064831452,0.5021189021708793,0.6681630132484446,0.0,0.003996003996003996,0.007468259895444362,False
3667,Fibroblast,T,Nicotinate,15.0042515,0.3693791371429363,0.3559225731677643,0.6681630132484446,17.16981,0.36863136863136864,0.38455748677034246,False
3668,Fibroblast,T,Norepinephrine,-0.7613612,-0.04191155366325568,0.5167153969996917,0.6681630132484446,0.0,0.18281718281718282,0.2030650868605669,False
3669,Fibroblast,T,O-Deethylated candesartan,-5.374164,-0.2958379973427528,0.6163230982868005,0.6849132570762552,0.0,0.12487512487512488,0.14344183911563327,False
3670,Fibroblast,T,O-Desmethylverapamil (D-702),-13.506614,-0.1919746482046435,0.5761189680721993,0.6710091510487969,0.0,0.4885114885114885,0.5040024736317724,False
3671,Fibroblast,T,Oxalic acid,14.921062,0.82137745580435,0.2057156503776172,0.6681630132484446,17.16981,0.27372627372627373,0.2932781504210076,False
3672,Fibroblast,T,Phosphate,-0.94294894,-0.05190763062297524,0.5206988529416468,0.6681630132484446,0.0,0.002997002997002997,0.005910424237117464,False
3673,Fibroblast,T,Progesterone,-8.206505,-0.31943776695050546,0.6253027120746169,0.6869455573937792,0.0,0.1258741258741259,0.1444935716925116,False
3674,Fibroblast,T,Pyruvate,-0.28007403,-0.015417567938003134,0.50615047604767,0.6681630132484446,0.0,0.013986013986013986,0.02125506072874494,False
3675,Fibroblast,T,Sodium,16.6695,0.3244297105729096,0.37280636466484796,0.6681630132484446,70.37482,0.3966033966033966,0.4123723238501933,False
3676,Fibroblast,T,Sodium_hydrogen exchange,2.0946114,0.06657112049797398,0.47346156861582855,0.6681630132484446,16.689363,0.23976023976023977,0.25925081315937926,False
3677,Fibroblast,T,Sulfolithocholic acid,0.30454364,0.01676457585762715,0.49331221514697027,0.6681630132484446,0.0,0.012987012987012988,0.019964507542147295,False
3678,Fibroblast,T,Taurocholic acid,-0.7978362,-0.012181060017374823,0.5048594196887313,0.6681630132484446,17.16981,0.4065934065934066,0.4221261884183233,False
3679,Fibroblast,T,Testosterone,-12.407511,-0.2788380682060495,0.609815450794859,0.6832693733239084,0.0,0.16583416583416583,0.1860499869241977,False
3680,Fibroblast,T,Trihydroxycoprostanoic acid,0.30454364,0.01676457585762715,0.49331221514697027,0.6681630132484446,0.0,0.012987012987012988,0.019964507542147295,False
3681,Fibroblast,T,Urea,1.388974,0.07646049955647093,0.4695263693655202,0.6681630132484446,0.0,0.060939060939060936,0.07638048332568137,False
3682,Fibroblast,T,Ursocholic acid,0.30454364,0.01676457585762715,0.49331221514697027,0.6681630132484446,0.0,0.012987012987012988,0.019964507542147295,False
3683,Fibroblast,T,Ursodeoxycholic acid,0.30454364,0.01676457585762715,0.49331221514697027,0.6681630132484446,0.0,0.012987012987012988,0.019964507542147295,False
3684,Fibroblast,T,Ursodeoxycholic acid 3-sulfate,0.30454364,0.01676457585762715,0.49331221514697027,0.6681630132484446,0.0,0.012987012987012988,0.019964507542147295,False
3685,Fibroblast,T,Varanic acid,0.30454364,0.01676457585762715,0.49331221514697027,0.6681630132484446,0.0,0.012987012987012988,0.019964507542147295,False
3686,Fibroblast,T,Vitamin D3,-0.22120696,-0.012177042546261129,0.5048578170685059,0.6681630132484446,0.0,0.01898101898101898,0.02770980862407026,False
3687,Fibroblast,T,Water,-0.5614306,-0.015452867950434017,0.5061645570376574,0.6681630132484446,0.0,0.12987012987012986,0.1487111698612029,False
3688,Fibroblast,T,Zinc,-2.4699774,-0.13596777973951835,0.5540766237915995,0.6681630132484446,0.0,0.1088911088911089,0.12686876002276137,False
3689,Fibroblast,T,alpha-Ketoisovaleric acid,-0.28007403,-0.015417567938003134,0.50615047604767,0.6681630132484446,0.0,0.013986013986013986,0.02125506072874494,False
3690,IEC,IEC,"(3a,5b,7a)-23-Carboxy-7-hydroxy-24-norcholan-3-yl-b-D-Glucopyranosiduronic acid",1334.427,7.328366936432022,1.1648705887543467e-13,1.793900706681694e-11,3386.7676,0.012987012987012988,0.019964507542147295,True
3691,IEC,IEC,17a-Ethynylestradiol,473.24936,2.598976902495308,0.0046751032226037175,0.25115089405150204,5669.075,0.000999000999000999,0.002206206795116929,True
3692,IEC,IEC,"1b,3a,12a-Trihydroxy-5b-cholanoic acid",1334.427,7.328366936432022,1.1648705887543467e-13,1.793900706681694e-11,3386.7676,0.012987012987012988,0.019964507542147295,True
3693,IEC,IEC,2-Hydroxychlorpropamide,1072.4575,3.4004144780459136,0.0003364188975946961,0.02453550709826824,6944.039,0.000999000999000999,0.002206206795116929,True
3694,IEC,IEC,25-Hydroxycholesterol,692.934,3.805434663090732,7.077768958373442e-05,0.006131117360190994,382.10275,0.013986013986013986,0.02125506072874494,True
3695,IEC,IEC,"3',4'-Dihydrodiol",473.24936,2.598976902495308,0.0046751032226037175,0.25115089405150204,5669.075,0.000999000999000999,0.002206206795116929,True
3696,IEC,IEC,3-Sulfodeoxycholic acid,1334.427,7.328366936432022,1.1648705887543467e-13,1.793900706681694e-11,3386.7676,0.012987012987012988,0.019964507542147295,True
3697,IEC,IEC,"3alpha,7alpha-Dihydroxycoprostanic acid",1334.427,7.328366936432022,1.1648705887543467e-13,1.793900706681694e-11,3386.7676,0.012987012987012988,0.019964507542147295,True
3698,IEC,IEC,3b-Hydroxy-5-cholenoic acid,1334.427,7.328366936432022,1.1648705887543467e-13,1.793900706681694e-11,3386.7676,0.012987012987012988,0.019964507542147295,True
3699,IEC,IEC,4'-Hydroxydiclofenac,473.24936,2.598976902495308,0.0046751032226037175,0.25115089405150204,5669.075,0.000999000999000999,0.002206206795116929,True
3700,IEC,IEC,4-Hydroxycyclophosphamide,473.24936,2.598976902495308,0.0046751032226037175,0.25115089405150204,5669.075,0.000999000999000999,0.002206206795116929,True
3701,IEC,IEC,4-ene-Valproic acid,1755.2983,5.565480943901128,1.3071517657296536e-08,1.8117123473013e-06,14743.133,0.000999000999000999,0.002206206795116929,True
3702,IEC,IEC,5-Hydroxyomeprazole,2375.3174,5.325475697341776,5.0344589315769545e-08,6.434525190864157e-06,25767.734,0.000999000999000999,0.002206206795116929,True
3703,IEC,IEC,8-Hydroxycarvedilol,473.24936,2.598976902495308,0.0046751032226037175,0.25115089405150204,5669.075,0.000999000999000999,0.002206206795116929,True
3704,IEC,IEC,Acetate,2390.515,7.5795463248371275,1.7338268636320353e-14,5.224095723900002e-12,5569.8867,0.000999000999000999,0.002206206795116929,True
3705,IEC,IEC,Acetyl-L-Carnitine,317.45712,1.743401684076624,0.04063173717316297,0.6681630132484446,8108.2495,0.000999000999000999,0.002206206795116929,True
3706,IEC,IEC,Adenosine diphosphate ribose,-71.37155,-0.39195618610018257,0.6524547064110185,0.7018800241273453,0.0,0.2547452547452547,0.2740429393642681,False
3707,IEC,IEC,Adenosine triphosphate,1180.8057,6.484713794161708,4.445019025752054e-11,6.554038691162071e-09,6779.8286,0.000999000999000999,0.002206206795116929,True
3708,IEC,IEC,Amiloride-sensitive sodium transport,60.431522,0.33187605601644454,0.36999142559826315,0.6681630132484446,14769.373,0.000999000999000999,0.002206206795116929,True
3709,IEC,IEC,Anion exchange,18232.158,57.8082521599806,0.0,0.0,265981.3,0.000999000999000999,0.002206206795116929,True
3710,IEC,IEC,Butyrate,768.54016,4.220646238364775,1.2180148327835937e-05,0.0011406544312419328,2347.1702,0.000999000999000999,0.002206206795116929,True
3711,IEC,IEC,Cadmium,2163.7468,11.88280113975444,7.270573056246527e-33,3.5989336628420305e-30,2345.6138,0.028971028971028972,0.03983516483516483,True
3712,IEC,IEC,Chenodeoxycholic acid,1334.427,7.328366936432022,1.1648705887543467e-13,1.793900706681694e-11,3386.7676,0.012987012987012988,0.019964507542147295,True
3713,IEC,IEC,Chenodeoxycholic acid 3-sulfate,1334.427,7.328366936432022,1.1648705887543467e-13,1.793900706681694e-11,3386.7676,0.012987012987012988,0.019964507542147295,True
3714,IEC,IEC,Chloride,1445.2343,7.936894936228964,1.036527541655667e-15,3.303170322911189e-13,5650.2915,0.04095904095904096,0.05409684654967674,False
3715,IEC,IEC,Chloride ion,12880.381,70.73609652707805,0.0,0.0,56122.78,0.000999000999000999,0.002206206795116929,True
3716,IEC,IEC,Cholesterol,2889.944,7.935454955371637,1.0486254993368854e-15,3.303170322911189e-13,18500.057,0.000999000999000999,0.002206206795116929,True
3717,IEC,IEC,Cholic acid,989.47876,3.1373157809519228,0.0008525119120130229,0.0596758338409116,11328.702,0.000999000999000999,0.002206206795116929,True
3718,IEC,IEC,Choline,317.45712,1.743401684076624,0.04063173717316297,0.6681630132484446,8108.2495,0.000999000999000999,0.002206206795116929,True
3719,IEC,IEC,Citric acid,618.67303,3.397610363914134,0.0003398858126167029,0.02453550709826824,1284.661,0.027972027972027972,0.038684125692706815,True
3720,IEC,IEC,Coprocholic acid,1334.427,7.328366936432022,1.1648705887543467e-13,1.793900706681694e-11,3386.7676,0.012987012987012988,0.019964507542147295,True
3721,IEC,IEC,Cortisol,2867.45,9.091752495053278,4.87276690312493e-20,1.9863690963915157e-17,18478.299,0.000999000999000999,0.002206206795116929,True
3722,IEC,IEC,Creatine,317.45712,1.743401684076624,0.04063173717316297,0.6681630132484446,8108.2495,0.000999000999000999,0.002206206795116929,True
3723,IEC,IEC,D-Lactate,768.54016,4.220646238364775,1.2180148327835937e-05,0.0011406544312419328,2347.1702,0.000999000999000999,0.002206206795116929,True
3724,IEC,IEC,Deoxycholic acid,1334.427,7.328366936432022,1.1648705887543467e-13,1.793900706681694e-11,3386.7676,0.012987012987012988,0.019964507542147295,True
3725,IEC,IEC,Dopamine,317.45712,1.743401684076624,0.04063173717316297,0.6681630132484446,8108.2495,0.000999000999000999,0.002206206795116929,True
3726,IEC,IEC,E-3179,473.24936,2.598976902495308,0.0046751032226037175,0.25115089405150204,5669.075,0.000999000999000999,0.002206206795116929,True
3727,IEC,IEC,Estradiol,3327.1472,8.171455138823136,1.5234590280705417e-16,5.278785532264427e-14,19946.473,0.000999000999000999,0.002206206795116929,True
3728,IEC,IEC,Estriol,473.24936,2.598976902495308,0.0046751032226037175,0.25115089405150204,5669.075,0.000999000999000999,0.002206206795116929,True
3729,IEC,IEC,Fatty acid,8143.371,20.00007430853329,2.7495246298827842e-89,2.1171339650097437e-86,83309.52,0.000999000999000999,0.002206206795116929,True
3730,IEC,IEC,Folic acid,1835.009,5.818217663834583,2.973920936721251e-09,4.293598352391306e-07,11774.792,0.000999000999000999,0.002206206795116929,True
3731,IEC,IEC,Folinic acid,1334.427,7.328366936432022,1.1648705887543467e-13,1.793900706681694e-11,3386.7676,0.012987012987012988,0.019964507542147295,True
3732,IEC,IEC,Glutathione,1334.427,7.328366936432022,1.1648705887543467e-13,1.793900706681694e-11,3386.7676,0.012987012987012988,0.019964507542147295,True
3733,IEC,IEC,Glycerol,473.24936,2.598976902495308,0.0046751032226037175,0.25115089405150204,5669.075,0.000999000999000999,0.002206206795116929,True
3734,IEC,IEC,Glycochenodeoxycholate-3-sulfate,1334.427,7.328366936432022,1.1648705887543467e-13,1.793900706681694e-11,3386.7676,0.012987012987012988,0.019964507542147295,True
3735,IEC,IEC,Glycyl-glycine,442.50842,2.4301547333587186,0.0075461890149772165,0.3845227196602361,326.8252,0.000999000999000999,0.002206206795116929,True
3736,IEC,IEC,Histamine,317.45712,1.743401684076624,0.04063173717316297,0.6681630132484446,8108.2495,0.000999000999000999,0.002206206795116929,True
3737,IEC,IEC,Hydroxylansoprazole,2867.45,9.091752495053278,4.87276690312493e-20,1.9863690963915157e-17,18478.299,0.000999000999000999,0.002206206795116929,True
3738,IEC,IEC,Hyodeoxycholic acid,1334.427,7.328366936432022,1.1648705887543467e-13,1.793900706681694e-11,3386.7676,0.012987012987012988,0.019964507542147295,True
3739,IEC,IEC,Iron,161.74132,0.6280849175218267,0.26497415644541567,0.6681630132484446,8504.115,0.000999000999000999,0.002206206795116929,True
3740,IEC,IEC,Isoursodeoxycholic acid,1334.427,7.328366936432022,1.1648705887543467e-13,1.793900706681694e-11,3386.7676,0.012987012987012988,0.019964507542147295,True
3741,IEC,IEC,Ketone bodies,768.54016,4.220646238364775,1.2180148327835937e-05,0.0011406544312419328,2347.1702,0.000999000999000999,0.002206206795116929,True
3742,IEC,IEC,L-Arginine,30.768648,0.16897435635926855,0.43290840599785957,0.6681630132484446,1347.448,0.000999000999000999,0.002206206795116929,True
3743,IEC,IEC,L-Carnitine,-9.132645,-0.02507719456426521,0.5100033047187018,0.6681630132484446,11675.683,0.000999000999000999,0.002206206795116929,True
3744,IEC,IEC,L-Cystine,30.768648,0.16897435635926855,0.43290840599785957,0.6681630132484446,1347.448,0.000999000999000999,0.002206206795116929,True
3745,IEC,IEC,L-Dopa,442.50842,2.4301547333587186,0.0075461890149772165,0.3845227196602361,326.8252,0.000999000999000999,0.002206206795116929,True
3746,IEC,IEC,L-Glutamate,709.19666,2.7540008263402553,0.0029435809759860644,0.17764710586500723,2966.194,0.000999000999000999,0.002206206795116929,True
3747,IEC,IEC,L-Lactate,768.54016,4.220646238364775,1.2180148327835937e-05,0.0011406544312419328,2347.1702,0.000999000999000999,0.002206206795116929,True
3748,IEC,IEC,L-Lysine,30.768648,0.16897435635926855,0.43290840599785957,0.6681630132484446,1347.448,0.000999000999000999,0.002206206795116929,True
3749,IEC,IEC,L-Ornithine,30.768648,0.16897435635926855,0.43290840599785957,0.6681630132484446,1347.448,0.000999000999000999,0.002206206795116929,True
3750,IEC,IEC,Lithocholic acid,1334.427,7.328366936432022,1.1648705887543467e-13,1.793900706681694e-11,3386.7676,0.012987012987012988,0.019964507542147295,True
3751,IEC,IEC,Manganese,2163.7468,11.88280113975444,7.270573056246527e-33,3.5989336628420305e-30,2345.6138,0.028971028971028972,0.03983516483516483,True
3752,IEC,IEC,N-Desmethylcitalopram,473.24936,2.598976902495308,0.0046751032226037175,0.25115089405150204,5669.075,0.000999000999000999,0.002206206795116929,True
3753,IEC,IEC,N-Desmethyleletriptan,473.24936,2.598976902495308,0.0046751032226037175,0.25115089405150204,5669.075,0.000999000999000999,0.002206206795116929,True
3754,IEC,IEC,N-Desmethyltamoxifen,2867.45,9.091752495053278,4.87276690312493e-20,1.9863690963915157e-17,18478.299,0.000999000999000999,0.002206206795116929,True
3755,IEC,IEC,N-desmethylimatinib,2708.4744,7.4371599035788005,5.143649946834778e-14,1.485228922148542e-11,18661.81,0.000999000999000999,0.002206206795116929,True
3756,IEC,IEC,Neurotransmitter,224.09145,1.2306588075890545,0.10922525028484709,0.6681630132484446,534.5748,0.000999000999000999,0.002206206795116929,True
3757,IEC,IEC,Nicotinate,3377.2732,8.294564259664654,5.449197612664214e-17,1.9875231292506844e-14,17965.852,0.000999000999000999,0.002206206795116929,True
3758,IEC,IEC,Norepinephrine,317.45712,1.743401684076624,0.04063173717316297,0.6681630132484446,8108.2495,0.000999000999000999,0.002206206795116929,True
3759,IEC,IEC,O-Deethylated candesartan,473.24936,2.598976902495308,0.0046751032226037175,0.25115089405150204,5669.075,0.000999000999000999,0.002206206795116929,True
3760,IEC,IEC,O-Desmethylverapamil (D-702),2828.6482,4.010935630509955,3.02392994856818e-05,0.002686645454304806,52646.53,0.000999000999000999,0.002206206795116929,True
3761,IEC,IEC,Oxalic acid,618.67303,3.397610363914134,0.0003398858126167029,0.02453550709826824,1284.661,0.027972027972027972,0.038684125692706815,True
3762,IEC,IEC,Phosphate,66.943825,0.3676401266690121,0.3565707951616175,0.6681630132484446,1038.188,0.000999000999000999,0.002206206795116929,True
3763,IEC,IEC,Progesterone,314.27362,1.2204087602622706,0.11115497905435107,0.6681630132484446,5852.588,0.000999000999000999,0.002206206795116929,True
3764,IEC,IEC,Pyruvate,768.54016,4.220646238364775,1.2180148327835937e-05,0.0011406544312419328,2347.1702,0.000999000999000999,0.002206206795116929,True
3765,IEC,IEC,Sodium,31467.375,61.09812850100488,0.0,0.0,105184.39,0.000999000999000999,0.002206206795116929,True
3766,IEC,IEC,Sodium_hydrogen exchange,5456.306,17.300174691478816,2.3448236725253684e-67,1.6249628050600802e-64,101435.26,0.000999000999000999,0.002206206795116929,True
3767,IEC,IEC,Sulfolithocholic acid,1334.427,7.328366936432022,1.1648705887543467e-13,1.793900706681694e-11,3386.7676,0.012987012987012988,0.019964507542147295,True
3768,IEC,IEC,Taurocholic acid,3798.8652,5.786215393327881,3.599494737186712e-09,5.090713985449779e-07,37582.324,0.000999000999000999,0.002206206795116929,True
3769,IEC,IEC,Testosterone,2474.248,5.547278834471563,1.4507491327751724e-08,1.9713120568886165e-06,20016.521,0.000999000999000999,0.002206206795116929,True
3770,IEC,IEC,Trihydroxycoprostanoic acid,1334.427,7.328366936432022,1.1648705887543467e-13,1.793900706681694e-11,3386.7676,0.012987012987012988,0.019964507542147295,True
3771,IEC,IEC,Urea,2632.1787,14.45532157831158,1.1602175256997164e-47,7.309370411908213e-45,1719.1302,0.003996003996003996,0.007468259895444362,True
3772,IEC,IEC,Ursocholic acid,1334.427,7.328366936432022,1.1648705887543467e-13,1.793900706681694e-11,3386.7676,0.012987012987012988,0.019964507542147295,True
3773,IEC,IEC,Ursodeoxycholic acid,1334.427,7.328366936432022,1.1648705887543467e-13,1.793900706681694e-11,3386.7676,0.012987012987012988,0.019964507542147295,True
3774,IEC,IEC,Ursodeoxycholic acid 3-sulfate,1334.427,7.328366936432022,1.1648705887543467e-13,1.793900706681694e-11,3386.7676,0.012987012987012988,0.019964507542147295,True
3775,IEC,IEC,Varanic acid,1334.427,7.328366936432022,1.1648705887543467e-13,1.793900706681694e-11,3386.7676,0.012987012987012988,0.019964507542147295,True
3776,IEC,IEC,Vitamin D3,22.494183,0.12353288991375445,0.4508425656781774,0.6681630132484446,21.757013,0.08291708291708291,0.09962125253387388,False
3777,IEC,IEC,Water,7658.4595,21.029251169705486,1.7709837670350456e-98,1.5341146881941083e-95,110088.66,0.000999000999000999,0.002206206795116929,True
3778,IEC,IEC,Zinc,2163.7468,11.88280113975444,7.270573056246527e-33,3.5989336628420305e-30,2345.6138,0.028971028971028972,0.03983516483516483,True
3779,IEC,IEC,alpha-Ketoisovaleric acid,768.54016,4.220646238364775,1.2180148327835937e-05,0.0011406544312419328,2347.1702,0.000999000999000999,0.002206206795116929,True
3780,IEC,MAST,"(3a,5b,7a)-23-Carboxy-7-hydroxy-24-norcholan-3-yl-b-D-Glucopyranosiduronic acid",-8.182009,-0.5874339931123945,0.7215438653675424,0.7438707210647232,0.0,0.08891108891108891,0.105650522317189,False
3781,IEC,MAST,17a-Ethynylestradiol,4.40622,0.3163481568414341,0.37586913130407346,0.6681630132484446,14.085604,0.15884115884115885,0.1786093186385252,False
3782,IEC,MAST,"1b,3a,12a-Trihydroxy-5b-cholanoic acid",-8.182009,-0.5874339931123945,0.7215438653675424,0.7438707210647232,0.0,0.08891108891108891,0.105650522317189,False
3783,IEC,MAST,2-Hydroxychlorpropamide,4.40622,0.1826436935100439,0.4275387992442027,0.6681630132484446,14.085604,0.15884115884115885,0.1786093186385252,False
3784,IEC,MAST,25-Hydroxycholesterol,-12.9210205,-0.9276752091251094,0.8232119640867501,0.829491806140029,12.408767,0.4305694305694306,0.44588256931353165,False
3785,IEC,MAST,"3',4'-Dihydrodiol",4.40622,0.3163481568414341,0.37586913130407346,0.6681630132484446,14.085604,0.15884115884115885,0.1786093186385252,False
3786,IEC,MAST,3-Sulfodeoxycholic acid,-8.182009,-0.5874339931123945,0.7215438653675424,0.7438707210647232,0.0,0.08891108891108891,0.105650522317189,False
3787,IEC,MAST,"3alpha,7alpha-Dihydroxycoprostanic acid",-8.182009,-0.5874339931123945,0.7215438653675424,0.7438707210647232,0.0,0.08891108891108891,0.105650522317189,False
3788,IEC,MAST,3b-Hydroxy-5-cholenoic acid,-8.182009,-0.5874339931123945,0.7215438653675424,0.7438707210647232,0.0,0.08891108891108891,0.105650522317189,False
3789,IEC,MAST,4'-Hydroxydiclofenac,4.40622,0.3163481568414341,0.37586913130407346,0.6681630132484446,14.085604,0.15884115884115885,0.1786093186385252,False
3790,IEC,MAST,4-Hydroxycyclophosphamide,4.40622,0.3163481568414341,0.37586913130407346,0.6681630132484446,14.085604,0.15884115884115885,0.1786093186385252,False
3791,IEC,MAST,4-ene-Valproic acid,-2.5137515,-0.10419835233250309,0.5414940292478242,0.6681630132484446,0.0,0.26073926073926074,0.2800996863932843,False
3792,IEC,MAST,5-Hydroxyomeprazole,-8.4753895,-0.24841806514932438,0.5980945211970777,0.6770266346377942,14.085604,0.25374625374625376,0.27305303392259916,False
3793,IEC,MAST,8-Hydroxycarvedilol,4.40622,0.3163481568414341,0.37586913130407346,0.6681630132484446,14.085604,0.15884115884115885,0.1786093186385252,False
3794,IEC,MAST,Acetate,-0.829176,-0.03437045136180482,0.5137091270291428,0.6681630132484446,14.875782,0.7202797202797203,0.7281602423834371,False
3795,IEC,MAST,Acetyl-L-Carnitine,-1.2801201,-0.09190726944700292,0.5366141421365711,0.6681630132484446,0.0,0.2047952047952048,0.22577645072077146,False
3796,IEC,MAST,Adenosine diphosphate ribose,-6.120631,-0.43943571188223235,0.669827072568475,0.7139190422792266,0.0,0.015984015984015984,0.024033245990286563,False
3797,IEC,MAST,Adenosine triphosphate,19.95606,1.4327616384901918,0.07596298385748637,0.6681630132484446,21.6064,0.07492507492507493,0.09142996464708034,False
3798,IEC,MAST,Amiloride-sensitive sodium transport,-7.246851,-0.5202935776336867,0.6985705142499037,0.7314004840531462,0.0,0.11688311688311688,0.1350900600400267,False
3799,IEC,MAST,Anion exchange,99.74633,4.134618412478757,1.7777244849579772e-05,0.001621004036941945,414.24585,0.000999000999000999,0.002206206795116929,True
3800,IEC,MAST,Butyrate,0.0,0.0,0.5,0.6681630132484446,0.0,0.000999000999000999,0.002206206795116929,False
3801,IEC,MAST,Cadmium,-2.4541335,-0.17619651762649943,0.5699302217393766,0.6682447870214979,0.0,0.07392607392607392,0.09030630923809137,False
3802,IEC,MAST,Chenodeoxycholic acid,-8.182009,-0.5874339931123945,0.7215438653675424,0.7438707210647232,0.0,0.08891108891108891,0.105650522317189,False
3803,IEC,MAST,Chenodeoxycholic acid 3-sulfate,-8.182009,-0.5874339931123945,0.7215438653675424,0.7438707210647232,0.0,0.08891108891108891,0.105650522317189,False
3804,IEC,MAST,Chloride,-6.7434688,-0.4841528414662639,0.6858612988793006,0.7238834604376414,0.0,0.3776223776223776,0.39346309982304567,False
3805,IEC,MAST,Chloride ion,55.921074,4.014899125491618,2.9735612418585302e-05,0.0026762051176726772,167.72745,0.000999000999000999,0.002206206795116929,True
3806,IEC,MAST,Cholesterol,4.9182434,0.1765546490493672,0.4299291095845095,0.6681630132484446,14.085604,0.16283716283716285,0.18286526307916684,False
3807,IEC,MAST,Cholic acid,-8.4753895,-0.35131619687265764,0.6373244274617192,0.6932441190252259,14.085604,0.25374625374625376,0.27305303392259916,False
3808,IEC,MAST,Choline,-1.2801201,-0.09190726944700292,0.5366141421365711,0.6681630132484446,0.0,0.2047952047952048,0.22577645072077146,False
3809,IEC,MAST,Citric acid,-1.7952516,-0.12889155386597542,0.5512782700200257,0.6681630132484446,0.0,0.5544455544455544,0.5681365802613769,False
3810,IEC,MAST,Coprocholic acid,-8.182009,-0.5874339931123945,0.7215438653675424,0.7438707210647232,0.0,0.08891108891108891,0.105650522317189,False
3811,IEC,MAST,Cortisol,4.40622,0.1826436935100439,0.4275387992442027,0.6681630132484446,14.085604,0.15884115884115885,0.1786093186385252,False
3812,IEC,MAST,Creatine,-1.2801201,-0.09190726944700292,0.5366141421365711,0.6681630132484446,0.0,0.2047952047952048,0.22577645072077146,False
3813,IEC,MAST,D-Lactate,0.0,0.0,0.5,0.6681630132484446,0.0,0.000999000999000999,0.002206206795116929,False
3814,IEC,MAST,Deoxycholic acid,-8.182009,-0.5874339931123945,0.7215438653675424,0.7438707210647232,0.0,0.08891108891108891,0.105650522317189,False
3815,IEC,MAST,Dopamine,-1.2801201,-0.09190726944700292,0.5366141421365711,0.6681630132484446,0.0,0.2047952047952048,0.22577645072077146,False
3816,IEC,MAST,E-3179,4.40622,0.3163481568414341,0.37586913130407346,0.6681630132484446,14.085604,0.15884115884115885,0.1786093186385252,False
3817,IEC,MAST,Estradiol,2.6109684,0.08383314141686297,0.46659454885873924,0.6681630132484446,14.085604,0.5544455544455544,0.5681365802613769,False
3818,IEC,MAST,Estriol,4.40622,0.3163481568414341,0.37586913130407346,0.6681630132484446,14.085604,0.15884115884115885,0.1786093186385252,False
3819,IEC,MAST,Fatty acid,-1.8543103,-0.05953831472532905,0.5237383255740173,0.6681630132484446,242.26285,0.022977022977022976,0.032529268484324664,True
3820,IEC,MAST,Folic acid,-8.182009,-0.33915517405457773,0.6327535820189158,0.6897490887203356,0.0,0.08891108891108891,0.105650522317189,False
3821,IEC,MAST,Folinic acid,-8.182009,-0.5874339931123945,0.7215438653675424,0.7438707210647232,0.0,0.08891108891108891,0.105650522317189,False
3822,IEC,MAST,Glutathione,-8.182009,-0.5874339931123945,0.7215438653675424,0.7438707210647232,0.0,0.08891108891108891,0.105650522317189,False
3823,IEC,MAST,Glycerol,4.40622,0.3163481568414341,0.37586913130407346,0.6681630132484446,14.085604,0.15884115884115885,0.1786093186385252,False
3824,IEC,MAST,Glycochenodeoxycholate-3-sulfate,-8.182009,-0.5874339931123945,0.7215438653675424,0.7438707210647232,0.0,0.08891108891108891,0.105650522317189,False
3825,IEC,MAST,Glycyl-glycine,0.0,0.0,0.5,0.6681630132484446,0.0,0.000999000999000999,0.002206206795116929,False
3826,IEC,MAST,Histamine,-1.2801201,-0.09190726944700292,0.5366141421365711,0.6681630132484446,0.0,0.2047952047952048,0.22577645072077146,False
3827,IEC,MAST,Hydroxylansoprazole,4.40622,0.1826436935100439,0.4275387992442027,0.6681630132484446,14.085604,0.15884115884115885,0.1786093186385252,False
3828,IEC,MAST,Hyodeoxycholic acid,-8.182009,-0.5874339931123945,0.7215438653675424,0.7438707210647232,0.0,0.08891108891108891,0.105650522317189,False
3829,IEC,MAST,Iron,-12.488733,-0.6340193727514498,0.7369659103695942,0.7553543779760652,0.0,0.5334665334665335,0.5482608745251486,False
3830,IEC,MAST,Isoursodeoxycholic acid,-8.182009,-0.5874339931123945,0.7215438653675424,0.7438707210647232,0.0,0.08891108891108891,0.105650522317189,False
3831,IEC,MAST,Ketone bodies,0.0,0.0,0.5,0.6681630132484446,0.0,0.000999000999000999,0.002206206795116929,False
3832,IEC,MAST,L-Arginine,-3.200888,-0.229810359588813,0.5908804328148701,0.6770266346377942,0.0,0.08691308691308691,0.10382825242332223,False
3833,IEC,MAST,L-Carnitine,-3.235372,-0.11614308856530144,0.5462304299371158,0.6681630132484446,0.0,0.25674325674325676,0.2759780935676701,False
3834,IEC,MAST,L-Cystine,-3.200888,-0.229810359588813,0.5908804328148701,0.6770266346377942,0.0,0.08691308691308691,0.10382825242332223,False
3835,IEC,MAST,L-Dopa,0.0,0.0,0.5,0.6681630132484446,0.0,0.000999000999000999,0.002206206795116929,False
3836,IEC,MAST,L-Glutamate,0.0,0.0,0.5,0.6681630132484446,0.0,0.000999000999000999,0.002206206795116929,False
3837,IEC,MAST,L-Lactate,0.0,0.0,0.5,0.6681630132484446,0.0,0.000999000999000999,0.002206206795116929,False
3838,IEC,MAST,L-Lysine,-3.200888,-0.229810359588813,0.5908804328148701,0.6770266346377942,0.0,0.08691308691308691,0.10382825242332223,False
3839,IEC,MAST,L-Ornithine,-3.200888,-0.229810359588813,0.5908804328148701,0.6770266346377942,0.0,0.08691308691308691,0.10382825242332223,False
3840,IEC,MAST,Lithocholic acid,-8.182009,-0.5874339931123945,0.7215438653675424,0.7438707210647232,0.0,0.08891108891108891,0.105650522317189,False
3841,IEC,MAST,Manganese,-2.4541335,-0.17619651762649943,0.5699302217393766,0.6682447870214979,0.0,0.07392607392607392,0.09030630923809137,False
3842,IEC,MAST,N-Desmethylcitalopram,4.40622,0.3163481568414341,0.37586913130407346,0.6681630132484446,14.085604,0.15884115884115885,0.1786093186385252,False
3843,IEC,MAST,N-Desmethyleletriptan,4.40622,0.3163481568414341,0.37586913130407346,0.6681630132484446,14.085604,0.15884115884115885,0.1786093186385252,False
3844,IEC,MAST,N-Desmethyltamoxifen,4.40622,0.1826436935100439,0.4275387992442027,0.6681630132484446,14.085604,0.15884115884115885,0.1786093186385252,False
3845,IEC,MAST,N-desmethylimatinib,4.40622,0.15817407842071704,0.43715981451211866,0.6681630132484446,14.085604,0.15884115884115885,0.1786093186385252,False
3846,IEC,MAST,Neurotransmitter,0.0,0.0,0.5,0.6681630132484446,0.0,0.000999000999000999,0.002206206795116929,False
3847,IEC,MAST,Nicotinate,-3.3429272,-0.10733492423343884,0.5427383604801533,0.6681630132484446,14.875782,0.7792207792207793,0.7853403141361257,False
3848,IEC,MAST,Norepinephrine,-1.2801201,-0.09190726944700292,0.5366141421365711,0.6681630132484446,0.0,0.2047952047952048,0.22577645072077146,False
3849,IEC,MAST,O-Deethylated candesartan,4.40622,0.3163481568414341,0.37586913130407346,0.6681630132484446,14.085604,0.15884115884115885,0.1786093186385252,False
3850,IEC,MAST,O-Desmethylverapamil (D-702),-7.383846,-0.13687877960208056,0.5544366938155958,0.6681630132484446,14.085604,0.4825174825174825,0.4979666647574317,False
3851,IEC,MAST,Oxalic acid,-1.7952516,-0.12889155386597542,0.5512782700200257,0.6681630132484446,0.0,0.5544455544455544,0.5681365802613769,False
3852,IEC,MAST,Phosphate,0.0,0.0,0.5,0.6681630132484446,0.0,0.000999000999000999,0.002206206795116929,False
3853,IEC,MAST,Progesterone,4.40622,0.22369192691844356,0.41149851408525856,0.6681630132484446,14.085604,0.15884115884115885,0.1786093186385252,False
3854,IEC,MAST,Pyruvate,0.0,0.0,0.5,0.6681630132484446,0.0,0.000999000999000999,0.002206206795116929,False
3855,IEC,MAST,Sodium,82.82582,2.1024219912015303,0.017758163235451138,0.6681630132484446,316.1215,0.004995004995004995,0.008926091958582932,True
3856,IEC,MAST,Sodium_hydrogen exchange,-7.2643867,-0.30111851469541945,0.6183379384125561,0.6859423584438953,0.0,0.5284715284715285,0.5434497243370964,False
3857,IEC,MAST,Sulfolithocholic acid,-8.182009,-0.5874339931123945,0.7215438653675424,0.7438707210647232,0.0,0.08891108891108891,0.105650522317189,False
3858,IEC,MAST,Taurocholic acid,-9.304565,-0.18527787160028758,0.5734944532783927,0.6696405326401451,28.961386,0.5774225774225774,0.5893281975756203,False
3859,IEC,MAST,Testosterone,4.40622,0.12914859422190947,0.4486200356576425,0.6681630132484446,14.085604,0.15884115884115885,0.1786093186385252,False
3860,IEC,MAST,Trihydroxycoprostanoic acid,-8.182009,-0.5874339931123945,0.7215438653675424,0.7438707210647232,0.0,0.08891108891108891,0.105650522317189,False
3861,IEC,MAST,Urea,0.75054353,0.05388588541756556,0.4785130410660404,0.6681630132484446,0.0,0.054945054945054944,0.06980187548473525,False
3862,IEC,MAST,Ursocholic acid,-8.182009,-0.5874339931123945,0.7215438653675424,0.7438707210647232,0.0,0.08891108891108891,0.105650522317189,False
3863,IEC,MAST,Ursodeoxycholic acid,-8.182009,-0.5874339931123945,0.7215438653675424,0.7438707210647232,0.0,0.08891108891108891,0.105650522317189,False
3864,IEC,MAST,Ursodeoxycholic acid 3-sulfate,-8.182009,-0.5874339931123945,0.7215438653675424,0.7438707210647232,0.0,0.08891108891108891,0.105650522317189,False
3865,IEC,MAST,Varanic acid,-8.182009,-0.5874339931123945,0.7215438653675424,0.7438707210647232,0.0,0.08891108891108891,0.105650522317189,False
3866,IEC,MAST,Vitamin D3,0.5120237,0.03676115837475676,0.4853377221137352,0.6681630132484446,0.0,0.004995004995004995,0.008926091958582932,False
3867,IEC,MAST,Water,-3.6688738,-0.1317048934131236,0.5523911425725865,0.6681630132484446,12.087638,0.1888111888111888,0.20928687435405285,False
3868,IEC,MAST,Zinc,-2.4541335,-0.17619651762649943,0.5699302217393766,0.6682447870214979,0.0,0.07392607392607392,0.09030630923809137,False
3869,IEC,MAST,alpha-Ketoisovaleric acid,0.0,0.0,0.5,0.6681630132484446,0.0,0.000999000999000999,0.002206206795116929,False
3870,IEC,MNP,"(3a,5b,7a)-23-Carboxy-7-hydroxy-24-norcholan-3-yl-b-D-Glucopyranosiduronic acid",-15.05906,-0.6329795085933083,0.7366264877367013,0.755262843618189,0.0,0.3126873126873127,0.3306764957917102,False
3871,IEC,MNP,17a-Ethynylestradiol,-10.894957,-0.45794918297602744,0.6765055246672145,0.7180553355711129,0.0,0.13086913086913088,0.14948460143779083,False
3872,IEC,MNP,"1b,3a,12a-Trihydroxy-5b-cholanoic acid",-15.05906,-0.6329795085933083,0.7366264877367013,0.755262843618189,0.0,0.3126873126873127,0.3306764957917102,False
3873,IEC,MNP,2-Hydroxychlorpropamide,-13.123683,-0.31848346367799235,0.6249408818850062,0.6869455573937792,0.0,0.1838161838161838,0.2041093020102794,False
3874,IEC,MNP,25-Hydroxycholesterol,18.55285,0.7798344822569633,0.21774415343443948,0.6681630132484446,97.7112,0.03596403596403597,0.04815123053144692,True
3875,IEC,MNP,"3',4'-Dihydrodiol",-10.894957,-0.45794918297602744,0.6765055246672145,0.7180553355711129,0.0,0.13086913086913088,0.14948460143779083,False
3876,IEC,MNP,3-Sulfodeoxycholic acid,-15.05906,-0.6329795085933083,0.7366264877367013,0.755262843618189,0.0,0.3126873126873127,0.3306764957917102,False
3877,IEC,MNP,"3alpha,7alpha-Dihydroxycoprostanic acid",-15.05906,-0.6329795085933083,0.7366264877367013,0.755262843618189,0.0,0.3126873126873127,0.3306764957917102,False
3878,IEC,MNP,3b-Hydroxy-5-cholenoic acid,-15.05906,-0.6329795085933083,0.7366264877367013,0.755262843618189,0.0,0.3126873126873127,0.3306764957917102,False
3879,IEC,MNP,4'-Hydroxydiclofenac,-10.894957,-0.45794918297602744,0.6765055246672145,0.7180553355711129,0.0,0.13086913086913088,0.14948460143779083,False
3880,IEC,MNP,4-Hydroxycyclophosphamide,-10.894957,-0.45794918297602744,0.6765055246672145,0.7180553355711129,0.0,0.13086913086913088,0.14948460143779083,False
3881,IEC,MNP,4-ene-Valproic acid,8.072688,0.1959067186318112,0.422341589230782,0.6681630132484446,42.134106,0.06693306693306693,0.08256428512747487,False
3882,IEC,MNP,5-Hydroxyomeprazole,11.9959955,0.2058507502439868,0.4184537485322807,0.6681630132484446,33.31527,0.07992007992007992,0.09638812284130766,False
3883,IEC,MNP,8-Hydroxycarvedilol,-10.894957,-0.45794918297602744,0.6765055246672145,0.7180553355711129,0.0,0.13086913086913088,0.14948460143779083,False
3884,IEC,MNP,Acetate,86.51128,2.0994419749867497,0.017888978894833506,0.6681630132484446,527.0409,0.0919080919080919,0.10904349887400734,False
3885,IEC,MNP,Acetyl-L-Carnitine,-11.365989,-0.47774814069742727,0.6835852620870921,0.7224715367185525,10.524273,0.23476523476523475,0.25468426376378783,False
3886,IEC,MNP,Adenosine diphosphate ribose,-12.252489,-0.5150105300987542,0.6967271691560006,0.7299046534015244,0.0,0.1048951048951049,0.12272886660865726,False
3887,IEC,MNP,Adenosine triphosphate,2.899158,0.12186070013561891,0.45150467017334045,0.6681630132484446,66.19622,0.35264735264735264,0.3688824383164006,False
3888,IEC,MNP,Amiloride-sensitive sodium transport,86.01369,3.615424937843766,0.0001499276760894398,0.012369033277378785,24.999905,0.024975024975024976,0.03509264458169568,True
3889,IEC,MNP,Anion exchange,-25.272053,-0.6132981811338154,0.7301604020848546,0.7514124720000062,339.08054,0.004995004995004995,0.008926091958582932,True
3890,IEC,MNP,Butyrate,33.39047,1.403506079975378,0.08023299010843438,0.6681630132484446,31.609833,0.06793206793206794,0.08346972176759411,False
3891,IEC,MNP,Cadmium,53.56152,2.251358594265144,0.012181417199621776,0.5782001451601295,20.475319,0.11388611388611389,0.13222160650540615,False
3892,IEC,MNP,Chenodeoxycholic acid,-15.05906,-0.6329795085933083,0.7366264877367013,0.755262843618189,0.0,0.3126873126873127,0.3306764957917102,False
3893,IEC,MNP,Chenodeoxycholic acid 3-sulfate,-15.05906,-0.6329795085933083,0.7366264877367013,0.755262843618189,0.0,0.3126873126873127,0.3306764957917102,False
3894,IEC,MNP,Chloride,6.913723,0.2906054530546517,0.3856765445306754,0.6681630132484446,26.360682,0.27972027972027974,0.2994225422399658,False
3895,IEC,MNP,Chloride ion,-17.38577,-0.7307784539915949,0.7675427569644857,0.7803801798362509,30.76265,0.12087912087912088,0.13933671119299862,False
3896,IEC,MNP,Cholesterol,17.751865,0.3730832786730924,0.3545432316901203,0.6681630132484446,19.840536,0.07892107892107893,0.09538246894368277,False
3897,IEC,MNP,Cholic acid,-15.280546,-0.37082587913348325,0.6446163876438464,0.6969385086015005,13.474734,0.36363636363636365,0.3795180722891566,False
3898,IEC,MNP,Choline,-11.365989,-0.47774814069742727,0.6835852620870921,0.7224715367185525,10.524273,0.23476523476523475,0.25468426376378783,False
3899,IEC,MNP,Citric acid,19.568064,0.8225070680468621,0.205394182825136,0.6681630132484446,329.79373,0.008991008991008992,0.014633088846334503,True
3900,IEC,MNP,Coprocholic acid,-15.05906,-0.6329795085933083,0.7366264877367013,0.755262843618189,0.0,0.3126873126873127,0.3306764957917102,False
3901,IEC,MNP,Cortisol,27.518858,0.6678232943031385,0.2521231976522287,0.6681630132484446,19.840536,0.04795204795204795,0.06231158678186618,False
3902,IEC,MNP,Creatine,-11.365989,-0.47774814069742727,0.6835852620870921,0.7224715367185525,10.524273,0.23476523476523475,0.25468426376378783,False
3903,IEC,MNP,D-Lactate,33.39047,1.403506079975378,0.08023299010843438,0.6681630132484446,31.609833,0.06793206793206794,0.08346972176759411,False
3904,IEC,MNP,Deoxycholic acid,-15.05906,-0.6329795085933083,0.7366264877367013,0.755262843618189,0.0,0.3126873126873127,0.3306764957917102,False
3905,IEC,MNP,Dopamine,-11.365989,-0.47774814069742727,0.6835852620870921,0.7224715367185525,10.524273,0.23476523476523475,0.25468426376378783,False
3906,IEC,MNP,E-3179,-10.894957,-0.45794918297602744,0.6765055246672145,0.7180553355711129,0.0,0.13086913086913088,0.14948460143779083,False
3907,IEC,MNP,Estradiol,41.956253,0.7886848134919998,0.2151481230610474,0.6681630132484446,349.63428,0.005994005994005994,0.010452557005148853,True
3908,IEC,MNP,Estriol,-10.894957,-0.45794918297602744,0.6765055246672145,0.7180553355711129,0.0,0.13086913086913088,0.14948460143779083,False
3909,IEC,MNP,Fatty acid,-8.69395,-0.16342703645921275,0.5649088914877943,0.6681630132484446,478.82138,0.25774225774225773,0.27696601739088944,False
3910,IEC,MNP,Folic acid,18.914143,0.45900542261056804,0.3231151360246603,0.6681630132484446,19.840536,0.08391608391608392,0.10068186660984445,False
3911,IEC,MNP,Folinic acid,-15.05906,-0.6329795085933083,0.7366264877367013,0.755262843618189,0.0,0.3126873126873127,0.3306764957917102,False
3912,IEC,MNP,Glutathione,-15.05906,-0.6329795085933083,0.7366264877367013,0.755262843618189,0.0,0.3126873126873127,0.3306764957917102,False
3913,IEC,MNP,Glycerol,-10.894957,-0.45794918297602744,0.6765055246672145,0.7180553355711129,0.0,0.13086913086913088,0.14948460143779083,False
3914,IEC,MNP,Glycochenodeoxycholate-3-sulfate,-15.05906,-0.6329795085933083,0.7366264877367013,0.755262843618189,0.0,0.3126873126873127,0.3306764957917102,False
3915,IEC,MNP,Glycyl-glycine,0.4058131,0.017057596800421664,0.4931953334186608,0.6681630132484446,0.0,0.008991008991008992,0.014633088846334503,False
3916,IEC,MNP,Histamine,-11.365989,-0.47774814069742727,0.6835852620870921,0.7224715367185525,10.524273,0.23476523476523475,0.25468426376378783,False
3917,IEC,MNP,Hydroxylansoprazole,27.518858,0.6678232943031385,0.2521231976522287,0.6681630132484446,19.840536,0.04795204795204795,0.06231158678186618,False
3918,IEC,MNP,Hyodeoxycholic acid,-15.05906,-0.6329795085933083,0.7366264877367013,0.755262843618189,0.0,0.3126873126873127,0.3306764957917102,False
3919,IEC,MNP,Iron,-40.20524,-1.1949766731019948,0.8839519279168975,0.8849735423958537,553.2456,0.3106893106893107,0.3297208151725763,False
3920,IEC,MNP,Isoursodeoxycholic acid,-15.05906,-0.6329795085933083,0.7366264877367013,0.755262843618189,0.0,0.3126873126873127,0.3306764957917102,False
3921,IEC,MNP,Ketone bodies,33.39047,1.403506079975378,0.08023299010843438,0.6681630132484446,31.609833,0.06793206793206794,0.08346972176759411,False
3922,IEC,MNP,L-Arginine,0.0,0.0,0.5,0.6681630132484446,0.0,0.000999000999000999,0.002206206795116929,False
3923,IEC,MNP,L-Carnitine,-28.40675,-0.5970123754858911,0.7247504409083648,0.7468432052780622,10.524273,0.2937062937062937,0.31260706732984417,False
3924,IEC,MNP,L-Cystine,0.0,0.0,0.5,0.6681630132484446,0.0,0.000999000999000999,0.002206206795116929,False
3925,IEC,MNP,L-Dopa,0.4058131,0.017057596800421664,0.4931953334186608,0.6681630132484446,0.0,0.008991008991008992,0.014633088846334503,False
3926,IEC,MNP,L-Glutamate,34.90718,1.0375082572091525,0.14974952475239345,0.6681630132484446,31.609833,0.09290709290709291,0.11011564115720093,False
3927,IEC,MNP,L-Lactate,33.39047,1.403506079975378,0.08023299010843438,0.6681630132484446,31.609833,0.06793206793206794,0.08346972176759411,False
3928,IEC,MNP,L-Lysine,0.0,0.0,0.5,0.6681630132484446,0.0,0.000999000999000999,0.002206206795116929,False
3929,IEC,MNP,L-Ornithine,0.0,0.0,0.5,0.6681630132484446,0.0,0.000999000999000999,0.002206206795116929,False
3930,IEC,MNP,Lithocholic acid,-15.05906,-0.6329795085933083,0.7366264877367013,0.755262843618189,0.0,0.3126873126873127,0.3306764957917102,False
3931,IEC,MNP,Manganese,53.56152,2.251358594265144,0.012181417199621776,0.5782001451601295,20.475319,0.11388611388611389,0.13222160650540615,False
3932,IEC,MNP,N-Desmethylcitalopram,-10.894957,-0.45794918297602744,0.6765055246672145,0.7180553355711129,0.0,0.13086913086913088,0.14948460143779083,False
3933,IEC,MNP,N-Desmethyleletriptan,-10.894957,-0.45794918297602744,0.6765055246672145,0.7180553355711129,0.0,0.13086913086913088,0.14948460143779083,False
3934,IEC,MNP,N-Desmethyltamoxifen,27.518858,0.6678232943031385,0.2521231976522287,0.6681630132484446,19.840536,0.04795204795204795,0.06231158678186618,False
3935,IEC,MNP,N-desmethylimatinib,22.388191,0.47052293395741784,0.31899072649257776,0.6681630132484446,19.840536,0.0939060939060939,0.11122359097064274,False
3936,IEC,MNP,Neurotransmitter,-6.8216367,-0.2867347765223484,0.6128422963302878,0.6846682433610985,0.0,0.026973026973026972,0.03751968625513386,False
3937,IEC,MNP,Nicotinate,61.193493,1.15030239871198,0.12500967160274007,0.6681630132484446,537.5651,0.08691308691308691,0.10382825242332223,False
3938,IEC,MNP,Norepinephrine,-11.365989,-0.47774814069742727,0.6835852620870921,0.7224715367185525,10.524273,0.23476523476523475,0.25468426376378783,False
3939,IEC,MNP,O-Deethylated candesartan,-10.894957,-0.45794918297602744,0.6765055246672145,0.7180553355711129,0.0,0.13086913086913088,0.14948460143779083,False
3940,IEC,MNP,O-Desmethylverapamil (D-702),-32.06501,-0.3479986310508382,0.6360793942090672,0.6922157980321665,64.88809,0.1038961038961039,0.12172442941673713,False
3941,IEC,MNP,Oxalic acid,19.568064,0.8225070680468621,0.205394182825136,0.6681630132484446,329.79373,0.008991008991008992,0.014633088846334503,True
3942,IEC,MNP,Phosphate,-10.199429,-0.4287139592592494,0.665934299669207,0.7103162531487771,0.0,0.057942057942057944,0.07335375621820635,False
3943,IEC,MNP,Progesterone,-16.025625,-0.476312269494686,0.6830740372201912,0.7224715367185525,0.0,0.2907092907092907,0.3105140851749976,False
3944,IEC,MNP,Pyruvate,33.39047,1.403506079975378,0.08023299010843438,0.6681630132484446,31.609833,0.06793206793206794,0.08346972176759411,False
3945,IEC,MNP,Sodium,-36.68556,-0.5451825214642649,0.7071860042742306,0.7355243898574844,220.22144,0.7102897102897103,0.7187949317038103,False
3946,IEC,MNP,Sodium_hydrogen exchange,-24.290554,-0.5894793254082804,0.722230111447187,0.744467450889336,43.011795,0.11188811188811189,0.13011992203131656,False
3947,IEC,MNP,Sulfolithocholic acid,-15.05906,-0.6329795085933083,0.7366264877367013,0.755262843618189,0.0,0.3126873126873127,0.3306764957917102,False
3948,IEC,MNP,Taurocholic acid,68.4834,0.7983722109504496,0.2123272622835573,0.6681630132484446,596.3317,0.061938061938061936,0.07750645887157263,False
3949,IEC,MNP,Testosterone,22.6529,0.38872276961573804,0.3487406184000871,0.6681630132484446,19.840536,0.17282717282717283,0.19348825649310303,False
3950,IEC,MNP,Trihydroxycoprostanoic acid,-15.05906,-0.6329795085933083,0.7366264877367013,0.755262843618189,0.0,0.3126873126873127,0.3306764957917102,False
3951,IEC,MNP,Urea,0.0,0.0,0.5,0.6681630132484446,0.0,0.000999000999000999,0.002206206795116929,False
3952,IEC,MNP,Ursocholic acid,-15.05906,-0.6329795085933083,0.7366264877367013,0.755262843618189,0.0,0.3126873126873127,0.3306764957917102,False
3953,IEC,MNP,Ursodeoxycholic acid,-15.05906,-0.6329795085933083,0.7366264877367013,0.755262843618189,0.0,0.3126873126873127,0.3306764957917102,False
3954,IEC,MNP,Ursodeoxycholic acid 3-sulfate,-15.05906,-0.6329795085933083,0.7366264877367013,0.755262843618189,0.0,0.3126873126873127,0.3306764957917102,False
3955,IEC,MNP,Varanic acid,-15.05906,-0.6329795085933083,0.7366264877367013,0.755262843618189,0.0,0.3126873126873127,0.3306764957917102,False
3956,IEC,MNP,Vitamin D3,-9.766995,-0.4105374391226387,0.6592941273166347,0.7047521675619742,0.0,0.16683316683316685,0.18711018711018712,False
3957,IEC,MNP,Water,38.771336,0.814840395053918,0.20758183755897086,0.6681630132484446,259.26062,0.000999000999000999,0.002206206795116929,True
3958,IEC,MNP,Zinc,53.56152,2.251358594265144,0.012181417199621776,0.5782001451601295,20.475319,0.11388611388611389,0.13222160650540615,False
3959,IEC,MNP,alpha-Ketoisovaleric acid,33.39047,1.403506079975378,0.08023299010843438,0.6681630132484446,31.609833,0.06793206793206794,0.08346972176759411,False
3960,IEC,Muscularis_mucosa,"(3a,5b,7a)-23-Carboxy-7-hydroxy-24-norcholan-3-yl-b-D-Glucopyranosiduronic acid",-3.8918645,-0.36611581880000105,0.6428606729582741,0.6954455921949484,0.0,0.2127872127872128,0.23328830637800738,False
3961,IEC,Muscularis_mucosa,17a-Ethynylestradiol,0.0,0.0,0.5,0.6681630132484446,0.0,0.000999000999000999,0.002206206795116929,False
3962,IEC,Muscularis_mucosa,"1b,3a,12a-Trihydroxy-5b-cholanoic acid",-3.8918645,-0.36611581880000105,0.6428606729582741,0.6954455921949484,0.0,0.2127872127872128,0.23328830637800738,False
3963,IEC,Muscularis_mucosa,2-Hydroxychlorpropamide,0.0,0.0,0.5,0.6681630132484446,0.0,0.000999000999000999,0.002206206795116929,False
3964,IEC,Muscularis_mucosa,25-Hydroxycholesterol,-4.0785427,-0.38367702392798725,0.649391078035655,0.6992355765672916,0.0,0.026973026973026972,0.03751968625513386,False
3965,IEC,Muscularis_mucosa,"3',4'-Dihydrodiol",0.0,0.0,0.5,0.6681630132484446,0.0,0.000999000999000999,0.002206206795116929,False
3966,IEC,Muscularis_mucosa,3-Sulfodeoxycholic acid,-3.8918645,-0.36611581880000105,0.6428606729582741,0.6954455921949484,0.0,0.2127872127872128,0.23328830637800738,False
3967,IEC,Muscularis_mucosa,"3alpha,7alpha-Dihydroxycoprostanic acid",-3.8918645,-0.36611581880000105,0.6428606729582741,0.6954455921949484,0.0,0.2127872127872128,0.23328830637800738,False
3968,IEC,Muscularis_mucosa,3b-Hydroxy-5-cholenoic acid,-3.8918645,-0.36611581880000105,0.6428606729582741,0.6954455921949484,0.0,0.2127872127872128,0.23328830637800738,False
3969,IEC,Muscularis_mucosa,4'-Hydroxydiclofenac,0.0,0.0,0.5,0.6681630132484446,0.0,0.000999000999000999,0.002206206795116929,False
3970,IEC,Muscularis_mucosa,4-Hydroxycyclophosphamide,0.0,0.0,0.5,0.6681630132484446,0.0,0.000999000999000999,0.002206206795116929,False
3971,IEC,Muscularis_mucosa,4-ene-Valproic acid,0.84615254,0.04595669783580191,0.4816723817694625,0.6681630132484446,0.0,0.060939060939060936,0.07638048332568137,False
3972,IEC,Muscularis_mucosa,5-Hydroxyomeprazole,-6.0694427,-0.23309554450219466,0.592156392701056,0.6770266346377942,0.0,0.2957042957042957,0.3144921376965576,False
3973,IEC,Muscularis_mucosa,8-Hydroxycarvedilol,0.0,0.0,0.5,0.6681630132484446,0.0,0.000999000999000999,0.002206206795116929,False
3974,IEC,Muscularis_mucosa,Acetate,0.8131309,0.04416320914379991,0.48238715413726974,0.6681630132484446,0.0,0.17182817182817184,0.19243200238675354,False
3975,IEC,Muscularis_mucosa,Acetyl-L-Carnitine,0.0,0.0,0.5,0.6681630132484446,0.0,0.000999000999000999,0.002206206795116929,False
3976,IEC,Muscularis_mucosa,Adenosine diphosphate ribose,-0.14798352,-0.013921118659142724,0.5055535434458572,0.6681630132484446,0.0,0.027972027972027972,0.038684125692706815,False
3977,IEC,Muscularis_mucosa,Adenosine triphosphate,-1.6938815,-0.15934696866142745,0.5633022410886601,0.6681630132484446,0.0,0.23776223776223776,0.2571706426864847,False
3978,IEC,Muscularis_mucosa,Amiloride-sensitive sodium transport,0.0,0.0,0.5,0.6681630132484446,0.0,0.000999000999000999,0.002206206795116929,False
3979,IEC,Muscularis_mucosa,Anion exchange,3.7187772,0.20197625165163194,0.41996764499832173,0.6681630132484446,19.066166,0.4405594405594406,0.45581918827663825,False
3980,IEC,Muscularis_mucosa,Butyrate,0.84615254,0.07959933559969956,0.4682779618280596,0.6681630132484446,0.0,0.060939060939060936,0.07638048332568137,False
3981,IEC,Muscularis_mucosa,Cadmium,-5.317513,-0.5002295436694708,0.6915432710028733,0.728427781389408,0.0,0.15084915084915085,0.1705358263270172,False
3982,IEC,Muscularis_mucosa,Chenodeoxycholic acid,-3.8918645,-0.36611581880000105,0.6428606729582741,0.6954455921949484,0.0,0.2127872127872128,0.23328830637800738,False
3983,IEC,Muscularis_mucosa,Chenodeoxycholic acid 3-sulfate,-3.8918645,-0.36611581880000105,0.6428606729582741,0.6954455921949484,0.0,0.2127872127872128,0.23328830637800738,False
3984,IEC,Muscularis_mucosa,Chloride,-7.9354534,-0.7465046627498295,0.7723186920135166,0.7836264327457789,0.0,0.3646353646353646,0.3804461121534292,False
3985,IEC,Muscularis_mucosa,Chloride ion,27.181423,2.5570132024617376,0.005278760523566598,0.27505120622794377,131.89511,0.008991008991008992,0.014633088846334503,True
3986,IEC,Muscularis_mucosa,Cholesterol,-1.1621886,-0.054664755763993295,0.521797225907707,0.6681630132484446,0.0,0.004995004995004995,0.008926091958582932,False
3987,IEC,Muscularis_mucosa,Cholic acid,-6.0694427,-0.329646880363745,0.6291666023326197,0.6890209472447937,0.0,0.2957042957042957,0.3144921376965576,False
3988,IEC,Muscularis_mucosa,Choline,0.0,0.0,0.5,0.6681630132484446,0.0,0.000999000999000999,0.002206206795116929,False
3989,IEC,Muscularis_mucosa,Citric acid,-0.8791742,-0.08270574913704727,0.5329572433064658,0.6681630132484446,0.0,0.06293706293706294,0.07857212144727908,False
3990,IEC,Muscularis_mucosa,Coprocholic acid,-3.8918645,-0.36611581880000105,0.6428606729582741,0.6954455921949484,0.0,0.2127872127872128,0.23328830637800738,False
3991,IEC,Muscularis_mucosa,Cortisol,0.0,0.0,0.5,0.6681630132484446,0.0,0.000999000999000999,0.002206206795116929,False
3992,IEC,Muscularis_mucosa,Creatine,0.0,0.0,0.5,0.6681630132484446,0.0,0.000999000999000999,0.002206206795116929,False
3993,IEC,Muscularis_mucosa,D-Lactate,0.84615254,0.07959933559969956,0.4682779618280596,0.6681630132484446,0.0,0.060939060939060936,0.07638048332568137,False
3994,IEC,Muscularis_mucosa,Deoxycholic acid,-3.8918645,-0.36611581880000105,0.6428606729582741,0.6954455921949484,0.0,0.2127872127872128,0.23328830637800738,False
3995,IEC,Muscularis_mucosa,Dopamine,0.0,0.0,0.5,0.6681630132484446,0.0,0.000999000999000999,0.002206206795116929,False
3996,IEC,Muscularis_mucosa,E-3179,0.0,0.0,0.5,0.6681630132484446,0.0,0.000999000999000999,0.002206206795116929,False
3997,IEC,Muscularis_mucosa,Estradiol,-0.8791742,-0.03698713544009645,0.5147523684228403,0.6681630132484446,0.0,0.06293706293706294,0.07857212144727908,False
3998,IEC,Muscularis_mucosa,Estriol,0.0,0.0,0.5,0.6681630132484446,0.0,0.000999000999000999,0.002206206795116929,False
3999,IEC,Muscularis_mucosa,Fatty acid,-9.795101,-0.41208300316847607,0.6598607068902881,0.705140277370809,38.941475,0.6773226773226774,0.6871389480085133,False
4000,IEC,Muscularis_mucosa,Folic acid,-3.8918645,-0.2113770665387609,0.5837034746496031,0.6747555253183246,0.0,0.2127872127872128,0.23328830637800738,False
4001,IEC,Muscularis_mucosa,Folinic acid,-3.8918645,-0.36611581880000105,0.6428606729582741,0.6954455921949484,0.0,0.2127872127872128,0.23328830637800738,False
4002,IEC,Muscularis_mucosa,Glutathione,-3.8918645,-0.36611581880000105,0.6428606729582741,0.6954455921949484,0.0,0.2127872127872128,0.23328830637800738,False
4003,IEC,Muscularis_mucosa,Glycerol,0.0,0.0,0.5,0.6681630132484446,0.0,0.000999000999000999,0.002206206795116929,False
4004,IEC,Muscularis_mucosa,Glycochenodeoxycholate-3-sulfate,-3.8918645,-0.36611581880000105,0.6428606729582741,0.6954455921949484,0.0,0.2127872127872128,0.23328830637800738,False
4005,IEC,Muscularis_mucosa,Glycyl-glycine,0.0,0.0,0.5,0.6681630132484446,0.0,0.000999000999000999,0.002206206795116929,False
4006,IEC,Muscularis_mucosa,Histamine,0.0,0.0,0.5,0.6681630132484446,0.0,0.000999000999000999,0.002206206795116929,False
4007,IEC,Muscularis_mucosa,Hydroxylansoprazole,0.0,0.0,0.5,0.6681630132484446,0.0,0.000999000999000999,0.002206206795116929,False
4008,IEC,Muscularis_mucosa,Hyodeoxycholic acid,-3.8918645,-0.36611581880000105,0.6428606729582741,0.6954455921949484,0.0,0.2127872127872128,0.23328830637800738,False
4009,IEC,Muscularis_mucosa,Iron,-12.231084,-0.8135995966613068,0.7920628154822826,0.7996788040926892,0.0,0.23876123876123875,0.25821089023336213,False
4010,IEC,Muscularis_mucosa,Isoursodeoxycholic acid,-3.8918645,-0.36611581880000105,0.6428606729582741,0.6954455921949484,0.0,0.2127872127872128,0.23328830637800738,False
4011,IEC,Muscularis_mucosa,Ketone bodies,0.84615254,0.07959933559969956,0.4682779618280596,0.6681630132484446,0.0,0.060939060939060936,0.07638048332568137,False
4012,IEC,Muscularis_mucosa,L-Arginine,0.0,0.0,0.5,0.6681630132484446,0.0,0.000999000999000999,0.002206206795116929,False
4013,IEC,Muscularis_mucosa,L-Carnitine,0.0,0.0,0.5,0.6681630132484446,0.0,0.000999000999000999,0.002206206795116929,False
4014,IEC,Muscularis_mucosa,L-Cystine,0.0,0.0,0.5,0.6681630132484446,0.0,0.000999000999000999,0.002206206795116929,False
4015,IEC,Muscularis_mucosa,L-Dopa,0.0,0.0,0.5,0.6681630132484446,0.0,0.000999000999000999,0.002206206795116929,False
4016,IEC,Muscularis_mucosa,L-Glutamate,0.84615254,0.056285229980491326,0.4775572924748138,0.6681630132484446,0.0,0.060939060939060936,0.07638048332568137,False
4017,IEC,Muscularis_mucosa,L-Lactate,0.84615254,0.07959933559969956,0.4682779618280596,0.6681630132484446,0.0,0.060939060939060936,0.07638048332568137,False
4018,IEC,Muscularis_mucosa,L-Lysine,0.0,0.0,0.5,0.6681630132484446,0.0,0.000999000999000999,0.002206206795116929,False
4019,IEC,Muscularis_mucosa,L-Ornithine,0.0,0.0,0.5,0.6681630132484446,0.0,0.000999000999000999,0.002206206795116929,False
4020,IEC,Muscularis_mucosa,Lithocholic acid,-3.8918645,-0.36611581880000105,0.6428606729582741,0.6954455921949484,0.0,0.2127872127872128,0.23328830637800738,False
4021,IEC,Muscularis_mucosa,Manganese,-5.317513,-0.5002295436694708,0.6915432710028733,0.728427781389408,0.0,0.15084915084915085,0.1705358263270172,False
4022,IEC,Muscularis_mucosa,N-Desmethylcitalopram,0.0,0.0,0.5,0.6681630132484446,0.0,0.000999000999000999,0.002206206795116929,False
4023,IEC,Muscularis_mucosa,N-Desmethyleletriptan,0.0,0.0,0.5,0.6681630132484446,0.0,0.000999000999000999,0.002206206795116929,False
4024,IEC,Muscularis_mucosa,N-Desmethyltamoxifen,0.0,0.0,0.5,0.6681630132484446,0.0,0.000999000999000999,0.002206206795116929,False
4025,IEC,Muscularis_mucosa,N-desmethylimatinib,0.0,0.0,0.5,0.6681630132484446,0.0,0.000999000999000999,0.002206206795116929,False
4026,IEC,Muscularis_mucosa,Neurotransmitter,0.0,0.0,0.5,0.6681630132484446,0.0,0.000999000999000999,0.002206206795116929,False
4027,IEC,Muscularis_mucosa,Nicotinate,0.8131309,0.03420867470580243,0.48635537458803324,0.6681630132484446,0.0,0.17182817182817184,0.19243200238675354,False
4028,IEC,Muscularis_mucosa,Norepinephrine,0.0,0.0,0.5,0.6681630132484446,0.0,0.000999000999000999,0.002206206795116929,False
4029,IEC,Muscularis_mucosa,O-Deethylated candesartan,0.0,0.0,0.5,0.6681630132484446,0.0,0.000999000999000999,0.002206206795116929,False
4030,IEC,Muscularis_mucosa,O-Desmethylverapamil (D-702),-6.0694427,-0.1474225666128149,0.5586007527286497,0.6681630132484446,0.0,0.2957042957042957,0.3144921376965576,False
4031,IEC,Muscularis_mucosa,Oxalic acid,-0.8791742,-0.08270574913704727,0.5329572433064658,0.6681630132484446,0.0,0.06293706293706294,0.07857212144727908,False
4032,IEC,Muscularis_mucosa,Phosphate,0.0,0.0,0.5,0.6681630132484446,0.0,0.000999000999000999,0.002206206795116929,False
4033,IEC,Muscularis_mucosa,Progesterone,0.0,0.0,0.5,0.6681630132484446,0.0,0.000999000999000999,0.002206206795116929,False
4034,IEC,Muscularis_mucosa,Pyruvate,0.84615254,0.07959933559969956,0.4682779618280596,0.6681630132484446,0.0,0.060939060939060936,0.07638048332568137,False
4035,IEC,Muscularis_mucosa,Sodium,45.215317,1.5038390661115506,0.06631140479281444,0.6681630132484446,224.78067,0.08791208791208792,0.10491316845716708,False
4036,IEC,Muscularis_mucosa,Sodium_hydrogen exchange,-1.8466586,-0.10029672700177522,0.5399456220670554,0.6681630132484446,0.0,0.0989010989010989,0.1163246122512925,False
4037,IEC,Muscularis_mucosa,Sulfolithocholic acid,-3.8918645,-0.36611581880000105,0.6428606729582741,0.6954455921949484,0.0,0.2127872127872128,0.23328830637800738,False
4038,IEC,Muscularis_mucosa,Taurocholic acid,-4.339141,-0.11321210200963862,0.5450687993310948,0.6681630132484446,0.0,0.47652347652347654,0.49214719706522986,False
4039,IEC,Muscularis_mucosa,Testosterone,0.0,0.0,0.5,0.6681630132484446,0.0,0.000999000999000999,0.002206206795116929,False
4040,IEC,Muscularis_mucosa,Trihydroxycoprostanoic acid,-3.8918645,-0.36611581880000105,0.6428606729582741,0.6954455921949484,0.0,0.2127872127872128,0.23328830637800738,False
4041,IEC,Muscularis_mucosa,Urea,-1.3005123,-0.12234190732217352,0.5486858779944207,0.6681630132484446,0.0,0.1068931068931069,0.1248557611274618,False
4042,IEC,Muscularis_mucosa,Ursocholic acid,-3.8918645,-0.36611581880000105,0.6428606729582741,0.6954455921949484,0.0,0.2127872127872128,0.23328830637800738,False
4043,IEC,Muscularis_mucosa,Ursodeoxycholic acid,-3.8918645,-0.36611581880000105,0.6428606729582741,0.6954455921949484,0.0,0.2127872127872128,0.23328830637800738,False
4044,IEC,Muscularis_mucosa,Ursodeoxycholic acid 3-sulfate,-3.8918645,-0.36611581880000105,0.6428606729582741,0.6954455921949484,0.0,0.2127872127872128,0.23328830637800738,False
4045,IEC,Muscularis_mucosa,Varanic acid,-3.8918645,-0.36611581880000105,0.6428606729582741,0.6954455921949484,0.0,0.2127872127872128,0.23328830637800738,False
4046,IEC,Muscularis_mucosa,Vitamin D3,-1.1621886,-0.10932951152798659,0.5435294299634699,0.6681630132484446,0.0,0.004995004995004995,0.008926091958582932,False
4047,IEC,Muscularis_mucosa,Water,-1.103803,-0.05191852764967619,0.5207031943723773,0.6681630132484446,0.0,0.03496503496503497,0.04684084521702925,False
4048,IEC,Muscularis_mucosa,Zinc,-5.317513,-0.5002295436694708,0.6915432710028733,0.728427781389408,0.0,0.15084915084915085,0.1705358263270172,False
4049,IEC,Muscularis_mucosa,alpha-Ketoisovaleric acid,0.84615254,0.07959933559969956,0.4682779618280596,0.6681630132484446,0.0,0.060939060939060936,0.07638048332568137,False
4050,IEC,Myofibroblast,"(3a,5b,7a)-23-Carboxy-7-hydroxy-24-norcholan-3-yl-b-D-Glucopyranosiduronic acid",0.0,0.0,0.5,0.6681630132484446,0.0,0.000999000999000999,0.002206206795116929,False
4051,IEC,Myofibroblast,17a-Ethynylestradiol,0.0,0.0,0.5,0.6681630132484446,0.0,0.000999000999000999,0.002206206795116929,False
4052,IEC,Myofibroblast,"1b,3a,12a-Trihydroxy-5b-cholanoic acid",0.0,0.0,0.5,0.6681630132484446,0.0,0.000999000999000999,0.002206206795116929,False
4053,IEC,Myofibroblast,2-Hydroxychlorpropamide,0.0,0.0,0.5,0.6681630132484446,0.0,0.000999000999000999,0.002206206795116929,False
4054,IEC,Myofibroblast,25-Hydroxycholesterol,-19.620735,-0.8366309586677516,0.7985999809318111,0.8060439656069692,15.357024,0.5054945054945055,0.5209036316843009,False
4055,IEC,Myofibroblast,"3',4'-Dihydrodiol",0.0,0.0,0.5,0.6681630132484446,0.0,0.000999000999000999,0.002206206795116929,False
4056,IEC,Myofibroblast,3-Sulfodeoxycholic acid,0.0,0.0,0.5,0.6681630132484446,0.0,0.000999000999000999,0.002206206795116929,False
4057,IEC,Myofibroblast,"3alpha,7alpha-Dihydroxycoprostanic acid",0.0,0.0,0.5,0.6681630132484446,0.0,0.000999000999000999,0.002206206795116929,False
4058,IEC,Myofibroblast,3b-Hydroxy-5-cholenoic acid,0.0,0.0,0.5,0.6681630132484446,0.0,0.000999000999000999,0.002206206795116929,False
4059,IEC,Myofibroblast,4'-Hydroxydiclofenac,0.0,0.0,0.5,0.6681630132484446,0.0,0.000999000999000999,0.002206206795116929,False
4060,IEC,Myofibroblast,4-Hydroxycyclophosphamide,0.0,0.0,0.5,0.6681630132484446,0.0,0.000999000999000999,0.002206206795116929,False
4061,IEC,Myofibroblast,4-ene-Valproic acid,-15.19978,-0.37419272797870207,0.6458695330499526,0.6972855373167428,14.572232,0.4595404595404595,0.4752447969878204,False
4062,IEC,Myofibroblast,5-Hydroxyomeprazole,0.0,0.0,0.5,0.6681630132484446,0.0,0.000999000999000999,0.002206206795116929,False
4063,IEC,Myofibroblast,8-Hydroxycarvedilol,0.0,0.0,0.5,0.6681630132484446,0.0,0.000999000999000999,0.002206206795116929,False
4064,IEC,Myofibroblast,Acetate,36.499466,0.8985547365594552,0.18444493871283868,0.6681630132484446,97.42144,0.17482517482517482,0.1948437538659475,False
4065,IEC,Myofibroblast,Acetyl-L-Carnitine,-5.0048847,-0.21340900150979544,0.5844960199835357,0.6747555253183246,14.572232,0.34165834165834164,0.35841542653531755,False
4066,IEC,Myofibroblast,Adenosine diphosphate ribose,0.2743828,0.011699721897324704,0.4953325927482959,0.6681630132484446,0.0,0.022977022977022976,0.032529268484324664,False
4067,IEC,Myofibroblast,Adenosine triphosphate,-12.255881,-0.5225925349513431,0.6993710817369153,0.7314004840531462,52.285194,0.37462537462537465,0.39045779006675385,False
4068,IEC,Myofibroblast,Amiloride-sensitive sodium transport,0.0,0.0,0.5,0.6681630132484446,0.0,0.000999000999000999,0.002206206795116929,False
4069,IEC,Myofibroblast,Anion exchange,-15.139124,-0.37269946700367335,0.645313933403624,0.6970114648514829,25.976313,0.8881118881118881,0.8905535211424374,False
4070,IEC,Myofibroblast,Butyrate,0.0,0.0,0.5,0.6681630132484446,0.0,0.000999000999000999,0.002206206795116929,False
4071,IEC,Myofibroblast,Cadmium,-14.8981085,-0.6352574801565855,0.737369749929016,0.7553543779760652,0.0,0.26173826173826176,0.28099862956563193,False
4072,IEC,Myofibroblast,Chenodeoxycholic acid,0.0,0.0,0.5,0.6681630132484446,0.0,0.000999000999000999,0.002206206795116929,False
4073,IEC,Myofibroblast,Chenodeoxycholic acid 3-sulfate,0.0,0.0,0.5,0.6681630132484446,0.0,0.000999000999000999,0.002206206795116929,False
4074,IEC,Myofibroblast,Chloride,10.331502,0.4405367238124462,0.3297742102040472,0.6681630132484446,30.080536,0.2977022977022977,0.3165199329666958,False
4075,IEC,Myofibroblast,Chloride ion,-1.2927307,-0.055122221792015806,0.5219794536865772,0.6681630132484446,58.909184,0.5394605394605395,0.5543388995346291,False
4076,IEC,Myofibroblast,Cholesterol,0.0,0.0,0.5,0.6681630132484446,0.0,0.000999000999000999,0.002206206795116929,False
4077,IEC,Myofibroblast,Cholic acid,0.0,0.0,0.5,0.6681630132484446,0.0,0.000999000999000999,0.002206206795116929,False
4078,IEC,Myofibroblast,Choline,-5.0048847,-0.21340900150979544,0.5844960199835357,0.6747555253183246,14.572232,0.34165834165834164,0.35841542653531755,False
4079,IEC,Myofibroblast,Citric acid,28.30723,1.207024342626427,0.1137113847117397,0.6681630132484446,73.009,0.061938061938061936,0.07750645887157263,False
4080,IEC,Myofibroblast,Coprocholic acid,0.0,0.0,0.5,0.6681630132484446,0.0,0.000999000999000999,0.002206206795116929,False
4081,IEC,Myofibroblast,Cortisol,0.0,0.0,0.5,0.6681630132484446,0.0,0.000999000999000999,0.002206206795116929,False
4082,IEC,Myofibroblast,Creatine,-5.0048847,-0.21340900150979544,0.5844960199835357,0.6747555253183246,14.572232,0.34165834165834164,0.35841542653531755,False
4083,IEC,Myofibroblast,D-Lactate,0.0,0.0,0.5,0.6681630132484446,0.0,0.000999000999000999,0.002206206795116929,False
4084,IEC,Myofibroblast,Deoxycholic acid,0.0,0.0,0.5,0.6681630132484446,0.0,0.000999000999000999,0.002206206795116929,False
4085,IEC,Myofibroblast,Dopamine,-5.0048847,-0.21340900150979544,0.5844960199835357,0.6747555253183246,14.572232,0.34165834165834164,0.35841542653531755,False
4086,IEC,Myofibroblast,E-3179,0.0,0.0,0.5,0.6681630132484446,0.0,0.000999000999000999,0.002206206795116929,False
4087,IEC,Myofibroblast,Estradiol,24.242954,0.4622949986824936,0.32193489283962423,0.6681630132484446,73.009,0.07092907092907093,0.08678292046936115,False
4088,IEC,Myofibroblast,Estriol,0.0,0.0,0.5,0.6681630132484446,0.0,0.000999000999000999,0.002206206795116929,False
4089,IEC,Myofibroblast,Fatty acid,3.802414,0.07250918882051251,0.4710983465490683,0.6681630132484446,476.01266,0.2887112887112887,0.30857020832344706,False
4090,IEC,Myofibroblast,Folic acid,0.0,0.0,0.5,0.6681630132484446,0.0,0.000999000999000999,0.002206206795116929,False
4091,IEC,Myofibroblast,Folinic acid,0.0,0.0,0.5,0.6681630132484446,0.0,0.000999000999000999,0.002206206795116929,False
4092,IEC,Myofibroblast,Glutathione,0.0,0.0,0.5,0.6681630132484446,0.0,0.000999000999000999,0.002206206795116929,False
4093,IEC,Myofibroblast,Glycerol,0.0,0.0,0.5,0.6681630132484446,0.0,0.000999000999000999,0.002206206795116929,False
4094,IEC,Myofibroblast,Glycochenodeoxycholate-3-sulfate,0.0,0.0,0.5,0.6681630132484446,0.0,0.000999000999000999,0.002206206795116929,False
4095,IEC,Myofibroblast,Glycyl-glycine,0.0,0.0,0.5,0.6681630132484446,0.0,0.000999000999000999,0.002206206795116929,False
4096,IEC,Myofibroblast,Histamine,-5.0048847,-0.21340900150979544,0.5844960199835357,0.6747555253183246,14.572232,0.34165834165834164,0.35841542653531755,False
4097,IEC,Myofibroblast,Hydroxylansoprazole,0.0,0.0,0.5,0.6681630132484446,0.0,0.000999000999000999,0.002206206795116929,False
4098,IEC,Myofibroblast,Hyodeoxycholic acid,0.0,0.0,0.5,0.6681630132484446,0.0,0.000999000999000999,0.002206206795116929,False
4099,IEC,Myofibroblast,Iron,-16.526613,-0.4982961377944319,0.6908623351634096,0.728385209597205,49.643097,0.5794205794205795,0.591193259037782,False
4100,IEC,Myofibroblast,Isoursodeoxycholic acid,0.0,0.0,0.5,0.6681630132484446,0.0,0.000999000999000999,0.002206206795116929,False
4101,IEC,Myofibroblast,Ketone bodies,0.0,0.0,0.5,0.6681630132484446,0.0,0.000999000999000999,0.002206206795116929,False
4102,IEC,Myofibroblast,L-Arginine,0.0,0.0,0.5,0.6681630132484446,0.0,0.000999000999000999,0.002206206795116929,False
4103,IEC,Myofibroblast,L-Carnitine,-12.140874,-0.25884430145812115,0.6021223126195028,0.6787524144345465,14.572232,0.4355644355644356,0.45092045689595733,False
4104,IEC,Myofibroblast,L-Cystine,0.0,0.0,0.5,0.6681630132484446,0.0,0.000999000999000999,0.002206206795116929,False
4105,IEC,Myofibroblast,L-Dopa,0.0,0.0,0.5,0.6681630132484446,0.0,0.000999000999000999,0.002206206795116929,False
4106,IEC,Myofibroblast,L-Glutamate,-0.2760863,-0.008324315171687278,0.5033208829243285,0.6681630132484446,0.0,0.14385614385614387,0.1632694197384666,False
4107,IEC,Myofibroblast,L-Lactate,0.0,0.0,0.5,0.6681630132484446,0.0,0.000999000999000999,0.002206206795116929,False
4108,IEC,Myofibroblast,L-Lysine,0.0,0.0,0.5,0.6681630132484446,0.0,0.000999000999000999,0.002206206795116929,False
4109,IEC,Myofibroblast,L-Ornithine,0.0,0.0,0.5,0.6681630132484446,0.0,0.000999000999000999,0.002206206795116929,False
4110,IEC,Myofibroblast,Lithocholic acid,0.0,0.0,0.5,0.6681630132484446,0.0,0.000999000999000999,0.002206206795116929,False
4111,IEC,Myofibroblast,Manganese,-14.8981085,-0.6352574801565855,0.737369749929016,0.7553543779760652,0.0,0.26173826173826176,0.28099862956563193,False
4112,IEC,Myofibroblast,N-Desmethylcitalopram,0.0,0.0,0.5,0.6681630132484446,0.0,0.000999000999000999,0.002206206795116929,False
4113,IEC,Myofibroblast,N-Desmethyleletriptan,0.0,0.0,0.5,0.6681630132484446,0.0,0.000999000999000999,0.002206206795116929,False
4114,IEC,Myofibroblast,N-Desmethyltamoxifen,0.0,0.0,0.5,0.6681630132484446,0.0,0.000999000999000999,0.002206206795116929,False
4115,IEC,Myofibroblast,N-desmethylimatinib,-4.0642767,-0.08665067028950253,0.5345254058676926,0.6681630132484446,0.0,0.1038961038961039,0.12172442941673713,False
4116,IEC,Myofibroblast,Neurotransmitter,-2.8526423,-0.1216370762770991,0.5484067755635827,0.6681630132484446,0.0,0.1938061938061938,0.21441202475685234,False
4117,IEC,Myofibroblast,Nicotinate,21.299685,0.40616904713756985,0.3423091976758843,0.6681630132484446,111.993675,0.2037962037962038,0.2249255760961447,False
4118,IEC,Myofibroblast,Norepinephrine,-5.0048847,-0.21340900150979544,0.5844960199835357,0.6747555253183246,14.572232,0.34165834165834164,0.35841542653531755,False
4119,IEC,Myofibroblast,O-Deethylated candesartan,0.0,0.0,0.5,0.6681630132484446,0.0,0.000999000999000999,0.002206206795116929,False
4120,IEC,Myofibroblast,O-Desmethylverapamil (D-702),-21.073544,-0.2320120784980335,0.5917356837666196,0.6770266346377942,35.01719,0.31368631368631367,0.3316823548742987,False
4121,IEC,Myofibroblast,Oxalic acid,28.30723,1.207024342626427,0.1137113847117397,0.6681630132484446,73.009,0.061938061938061936,0.07750645887157263,False
4122,IEC,Myofibroblast,Phosphate,-3.1704102,-0.13518674329072058,0.553767885902041,0.6681630132484446,0.0,0.06493506493506493,0.08063071134205338,False
4123,IEC,Myofibroblast,Progesterone,-4.0642767,-0.12254255311213387,0.5487653262971307,0.6681630132484446,0.0,0.1038961038961039,0.12172442941673713,False
4124,IEC,Myofibroblast,Pyruvate,0.0,0.0,0.5,0.6681630132484446,0.0,0.000999000999000999,0.002206206795116929,False
4125,IEC,Myofibroblast,Sodium,-68.673065,-1.0352854110185323,0.8497321795082513,0.8544172959942226,109.6166,0.8441558441558441,0.8484408992023205,False
4126,IEC,Myofibroblast,Sodium_hydrogen exchange,103.87279,2.5571712565098466,0.005276362516055862,0.27505120622794377,22.817104,0.26973026973026976,0.2891308227735142,False
4127,IEC,Myofibroblast,Sulfolithocholic acid,0.0,0.0,0.5,0.6681630132484446,0.0,0.000999000999000999,0.002206206795116929,False
4128,IEC,Myofibroblast,Taurocholic acid,32.43519,0.38358657808322244,0.35064244477285944,0.6681630132484446,97.42144,0.1888111888111888,0.20928687435405285,False
4129,IEC,Myofibroblast,Testosterone,-4.0642767,-0.07074997602647451,0.5282016273286962,0.6681630132484446,0.0,0.1038961038961039,0.12172442941673713,False
4130,IEC,Myofibroblast,Trihydroxycoprostanoic acid,0.0,0.0,0.5,0.6681630132484446,0.0,0.000999000999000999,0.002206206795116929,False
4131,IEC,Myofibroblast,Urea,27.94218,1.1914585855219284,0.11673680279096904,0.6681630132484446,16.424555,0.07592407592407592,0.09250243427458617,False
4132,IEC,Myofibroblast,Ursocholic acid,0.0,0.0,0.5,0.6681630132484446,0.0,0.000999000999000999,0.002206206795116929,False
4133,IEC,Myofibroblast,Ursodeoxycholic acid,0.0,0.0,0.5,0.6681630132484446,0.0,0.000999000999000999,0.002206206795116929,False
4134,IEC,Myofibroblast,Ursodeoxycholic acid 3-sulfate,0.0,0.0,0.5,0.6681630132484446,0.0,0.000999000999000999,0.002206206795116929,False
4135,IEC,Myofibroblast,Varanic acid,0.0,0.0,0.5,0.6681630132484446,0.0,0.000999000999000999,0.002206206795116929,False
4136,IEC,Myofibroblast,Vitamin D3,0.0,0.0,0.5,0.6681630132484446,0.0,0.000999000999000999,0.002206206795116929,False
4137,IEC,Myofibroblast,Water,-13.541956,-0.2887154708943278,0.6136004387058684,0.6849132570762552,0.0,0.3726273726273726,0.3886091335301267,False
4138,IEC,Myofibroblast,Zinc,-14.8981085,-0.6352574801565855,0.737369749929016,0.7553543779760652,0.0,0.26173826173826176,0.28099862956563193,False
4139,IEC,Myofibroblast,alpha-Ketoisovaleric acid,0.0,0.0,0.5,0.6681630132484446,0.0,0.000999000999000999,0.002206206795116929,False
4140,IEC,Pericyte,"(3a,5b,7a)-23-Carboxy-7-hydroxy-24-norcholan-3-yl-b-D-Glucopyranosiduronic acid",-0.4253606,-0.04253605902194977,0.5169643165955121,0.6681630132484446,0.0,0.06593406593406594,0.08144796380090498,False
4141,IEC,Pericyte,17a-Ethynylestradiol,-6.4339914,-0.6433991432189942,0.7400174303802446,0.755389461740823,0.0,0.07892107892107893,0.09538246894368277,False
4142,IEC,Pericyte,"1b,3a,12a-Trihydroxy-5b-cholanoic acid",-0.4253606,-0.04253605902194977,0.5169643165955121,0.6681630132484446,0.0,0.06593406593406594,0.08144796380090498,False
4143,IEC,Pericyte,2-Hydroxychlorpropamide,-6.4339914,-0.3714666685338608,0.6448550112708238,0.6969385086015005,0.0,0.07892107892107893,0.09538246894368277,False
4144,IEC,Pericyte,25-Hydroxycholesterol,-0.77261126,-0.07726112604141236,0.5307920923213418,0.6681630132484446,0.0,0.16783216783216784,0.18813926287235896,False
4145,IEC,Pericyte,"3',4'-Dihydrodiol",-6.4339914,-0.6433991432189942,0.7400174303802446,0.755389461740823,0.0,0.07892107892107893,0.09538246894368277,False
4146,IEC,Pericyte,3-Sulfodeoxycholic acid,-0.4253606,-0.04253605902194977,0.5169643165955121,0.6681630132484446,0.0,0.06593406593406594,0.08144796380090498,False
4147,IEC,Pericyte,"3alpha,7alpha-Dihydroxycoprostanic acid",-0.4253606,-0.04253605902194977,0.5169643165955121,0.6681630132484446,0.0,0.06593406593406594,0.08144796380090498,False
4148,IEC,Pericyte,3b-Hydroxy-5-cholenoic acid,-0.4253606,-0.04253605902194977,0.5169643165955121,0.6681630132484446,0.0,0.06593406593406594,0.08144796380090498,False
4149,IEC,Pericyte,4'-Hydroxydiclofenac,-6.4339914,-0.6433991432189942,0.7400174303802446,0.755389461740823,0.0,0.07892107892107893,0.09538246894368277,False
4150,IEC,Pericyte,4-Hydroxycyclophosphamide,-6.4339914,-0.6433991432189942,0.7400174303802446,0.755389461740823,0.0,0.07892107892107893,0.09538246894368277,False
4151,IEC,Pericyte,4-ene-Valproic acid,0.0,0.0,0.5,0.6681630132484446,0.0,0.000999000999000999,0.002206206795116929,False
4152,IEC,Pericyte,5-Hydroxyomeprazole,-6.9899273,-0.2853625867372675,0.6123168160853794,0.6846682433610985,0.0,0.15984015984015984,0.1796452007285611,False
4153,IEC,Pericyte,8-Hydroxycarvedilol,-6.4339914,-0.6433991432189942,0.7400174303802446,0.755389461740823,0.0,0.07892107892107893,0.09538246894368277,False
4154,IEC,Pericyte,Acetate,13.602827,0.785359587184201,0.21612138410391224,0.6681630132484446,18.874231,0.14485514485514486,0.16432250022035585,False
4155,IEC,Pericyte,Acetyl-L-Carnitine,0.0,0.0,0.5,0.6681630132484446,0.0,0.000999000999000999,0.002206206795116929,False
4156,IEC,Pericyte,Adenosine diphosphate ribose,-1.6848862,-0.16848862171173096,0.5669005528651786,0.6681630132484446,0.0,0.003996003996003996,0.007468259895444362,False
4157,IEC,Pericyte,Adenosine triphosphate,-7.415512,-0.7415512084960938,0.7708203526735191,0.782449838000218,0.0,0.24875124875124874,0.2680525818451491,False
4158,IEC,Pericyte,Amiloride-sensitive sodium transport,0.0,0.0,0.5,0.6681630132484446,0.0,0.000999000999000999,0.002206206795116929,False
4159,IEC,Pericyte,Anion exchange,-0.43052784,-0.02485653620569357,0.5099153022023333,0.6681630132484446,0.0,0.19880119880119881,0.219587553027145,False
4160,IEC,Pericyte,Butyrate,0.0,0.0,0.5,0.6681630132484446,0.0,0.000999000999000999,0.002206206795116929,False
4161,IEC,Pericyte,Cadmium,0.0,0.0,0.5,0.6681630132484446,0.0,0.000999000999000999,0.002206206795116929,False
4162,IEC,Pericyte,Chenodeoxycholic acid,-0.4253606,-0.04253605902194977,0.5169643165955121,0.6681630132484446,0.0,0.06593406593406594,0.08144796380090498,False
4163,IEC,Pericyte,Chenodeoxycholic acid 3-sulfate,-0.4253606,-0.04253605902194977,0.5169643165955121,0.6681630132484446,0.0,0.06593406593406594,0.08144796380090498,False
4164,IEC,Pericyte,Chloride,-10.094366,-1.0094366073608398,0.8436173552551516,0.8488846046055177,0.0,0.09290709290709291,0.11011564115720093,False
4165,IEC,Pericyte,Chloride ion,12.539381,1.2539381027221679,0.10493225215820634,0.6681630132484446,61.629704,0.14385614385614387,0.1632694197384666,False
4166,IEC,Pericyte,Cholesterol,-5.8474774,-0.29237387180328367,0.6149996084139093,0.6849132570762552,0.0,0.10989010989010989,0.1279896574014221,False
4167,IEC,Pericyte,Cholic acid,-6.9899273,-0.40356364035771236,0.6567331862426041,0.7041870618383486,0.0,0.15984015984015984,0.1796452007285611,False
4168,IEC,Pericyte,Choline,0.0,0.0,0.5,0.6681630132484446,0.0,0.000999000999000999,0.002206206795116929,False
4169,IEC,Pericyte,Citric acid,-5.4503646,-0.5450364589691162,0.7071357787239427,0.7355243898574844,0.0,0.16283716283716285,0.18286526307916684,False
4170,IEC,Pericyte,Coprocholic acid,-0.4253606,-0.04253605902194977,0.5169643165955121,0.6681630132484446,0.0,0.06593406593406594,0.08144796380090498,False
4171,IEC,Pericyte,Cortisol,-6.4339914,-0.3714666685338608,0.6448550112708238,0.6969385086015005,0.0,0.07892107892107893,0.09538246894368277,False
4172,IEC,Pericyte,Creatine,0.0,0.0,0.5,0.6681630132484446,0.0,0.000999000999000999,0.002206206795116929,False
4173,IEC,Pericyte,D-Lactate,0.0,0.0,0.5,0.6681630132484446,0.0,0.000999000999000999,0.002206206795116929,False
4174,IEC,Pericyte,Deoxycholic acid,-0.4253606,-0.04253605902194977,0.5169643165955121,0.6681630132484446,0.0,0.06593406593406594,0.08144796380090498,False
4175,IEC,Pericyte,Dopamine,0.0,0.0,0.5,0.6681630132484446,0.0,0.000999000999000999,0.002206206795116929,False
4176,IEC,Pericyte,E-3179,-6.4339914,-0.6433991432189942,0.7400174303802446,0.755389461740823,0.0,0.07892107892107893,0.09538246894368277,False
4177,IEC,Pericyte,Estradiol,-11.884356,-0.5314845373498965,0.7024584731885439,0.7337418591698692,0.0,0.23176823176823177,0.25182719444243434,False
4178,IEC,Pericyte,Estriol,-6.4339914,-0.6433991432189942,0.7400174303802446,0.755389461740823,0.0,0.07892107892107893,0.09538246894368277,False
4179,IEC,Pericyte,Fatty acid,9.010032,0.40294086721856487,0.3434958631281251,0.6681630132484446,61.144444,0.6343656343656343,0.6450702635588915,False
4180,IEC,Pericyte,Folic acid,-0.4253606,-0.024558205126588507,0.5097963216433933,0.6681630132484446,0.0,0.06593406593406594,0.08144796380090498,False
4181,IEC,Pericyte,Folinic acid,-0.4253606,-0.04253605902194977,0.5169643165955121,0.6681630132484446,0.0,0.06593406593406594,0.08144796380090498,False
4182,IEC,Pericyte,Glutathione,-0.4253606,-0.04253605902194977,0.5169643165955121,0.6681630132484446,0.0,0.06593406593406594,0.08144796380090498,False
4183,IEC,Pericyte,Glycerol,-6.4339914,-0.6433991432189942,0.7400174303802446,0.755389461740823,0.0,0.07892107892107893,0.09538246894368277,False
4184,IEC,Pericyte,Glycochenodeoxycholate-3-sulfate,-0.4253606,-0.04253605902194977,0.5169643165955121,0.6681630132484446,0.0,0.06593406593406594,0.08144796380090498,False
4185,IEC,Pericyte,Glycyl-glycine,0.0,0.0,0.5,0.6681630132484446,0.0,0.000999000999000999,0.002206206795116929,False
4186,IEC,Pericyte,Histamine,0.0,0.0,0.5,0.6681630132484446,0.0,0.000999000999000999,0.002206206795116929,False
4187,IEC,Pericyte,Hydroxylansoprazole,-6.4339914,-0.3714666685338608,0.6448550112708238,0.6969385086015005,0.0,0.07892107892107893,0.09538246894368277,False
4188,IEC,Pericyte,Hyodeoxycholic acid,-0.4253606,-0.04253605902194977,0.5169643165955121,0.6681630132484446,0.0,0.06593406593406594,0.08144796380090498,False
4189,IEC,Pericyte,Iron,-11.357783,-0.8031165603098303,0.7890463165844133,0.7969816315303868,17.057251,0.4115884115884116,0.4271200497615592,False
4190,IEC,Pericyte,Isoursodeoxycholic acid,-0.4253606,-0.04253605902194977,0.5169643165955121,0.6681630132484446,0.0,0.06593406593406594,0.08144796380090498,False
4191,IEC,Pericyte,Ketone bodies,0.0,0.0,0.5,0.6681630132484446,0.0,0.000999000999000999,0.002206206795116929,False
4192,IEC,Pericyte,L-Arginine,0.0,0.0,0.5,0.6681630132484446,0.0,0.000999000999000999,0.002206206795116929,False
4193,IEC,Pericyte,L-Carnitine,0.0,0.0,0.5,0.6681630132484446,0.0,0.000999000999000999,0.002206206795116929,False
4194,IEC,Pericyte,L-Cystine,0.0,0.0,0.5,0.6681630132484446,0.0,0.000999000999000999,0.002206206795116929,False
4195,IEC,Pericyte,L-Dopa,0.0,0.0,0.5,0.6681630132484446,0.0,0.000999000999000999,0.002206206795116929,False
4196,IEC,Pericyte,L-Glutamate,0.0,0.0,0.5,0.6681630132484446,0.0,0.000999000999000999,0.002206206795116929,False
4197,IEC,Pericyte,L-Lactate,0.0,0.0,0.5,0.6681630132484446,0.0,0.000999000999000999,0.002206206795116929,False
4198,IEC,Pericyte,L-Lysine,0.0,0.0,0.5,0.6681630132484446,0.0,0.000999000999000999,0.002206206795116929,False
4199,IEC,Pericyte,L-Ornithine,0.0,0.0,0.5,0.6681630132484446,0.0,0.000999000999000999,0.002206206795116929,False
4200,IEC,Pericyte,Lithocholic acid,-0.4253606,-0.04253605902194977,0.5169643165955121,0.6681630132484446,0.0,0.06593406593406594,0.08144796380090498,False
4201,IEC,Pericyte,Manganese,0.0,0.0,0.5,0.6681630132484446,0.0,0.000999000999000999,0.002206206795116929,False
4202,IEC,Pericyte,N-Desmethylcitalopram,-6.4339914,-0.6433991432189942,0.7400174303802446,0.755389461740823,0.0,0.07892107892107893,0.09538246894368277,False
4203,IEC,Pericyte,N-Desmethyleletriptan,-6.4339914,-0.6433991432189942,0.7400174303802446,0.755389461740823,0.0,0.07892107892107893,0.09538246894368277,False
4204,IEC,Pericyte,N-Desmethyltamoxifen,-6.4339914,-0.3714666685338608,0.6448550112708238,0.6969385086015005,0.0,0.07892107892107893,0.09538246894368277,False
4205,IEC,Pericyte,N-desmethylimatinib,-6.4339914,-0.3216995716094971,0.6261598487910576,0.6869455573937792,0.0,0.07892107892107893,0.09538246894368277,False
4206,IEC,Pericyte,Neurotransmitter,-3.1276903,-0.3127690315246582,0.6227719274826378,0.6861812576258235,0.0,0.03396603396603397,0.045590667322218746,False
4207,IEC,Pericyte,Nicotinate,13.602827,0.6083369203897484,0.2714820194104919,0.6681630132484446,18.874231,0.14485514485514486,0.16432250022035585,False
4208,IEC,Pericyte,Norepinephrine,0.0,0.0,0.5,0.6681630132484446,0.0,0.000999000999000999,0.002206206795116929,False
4209,IEC,Pericyte,O-Deethylated candesartan,-6.4339914,-0.6433991432189942,0.7400174303802446,0.755389461740823,0.0,0.07892107892107893,0.09538246894368277,False
4210,IEC,Pericyte,O-Desmethylverapamil (D-702),-7.81781,-0.20185498773830948,0.5799849538853452,0.6730233975930078,0.0,0.24575424575424576,0.2649054165619728,False
4211,IEC,Pericyte,Oxalic acid,-5.4503646,-0.5450364589691162,0.7071357787239427,0.7355243898574844,0.0,0.16283716283716285,0.18286526307916684,False
4212,IEC,Pericyte,Phosphate,-2.5805163,-0.25805163383483887,0.6018164708846512,0.6785857701318959,0.0,0.01998001998001998,0.02902757619738752,False
4213,IEC,Pericyte,Progesterone,-6.4339914,-0.4549518971797654,0.6754280772217847,0.7180553355711129,0.0,0.07892107892107893,0.09538246894368277,False
4214,IEC,Pericyte,Pyruvate,0.0,0.0,0.5,0.6681630132484446,0.0,0.000999000999000999,0.002206206795116929,False
4215,IEC,Pericyte,Sodium,15.771223,0.5575969389578153,0.2885598235977736,0.6681630132484446,132.70953,0.08891108891108891,0.105650522317189,False
4216,IEC,Pericyte,Sodium_hydrogen exchange,4.439382,0.25630784367662895,0.39885657056327606,0.6681630132484446,0.0,0.34465534465534464,0.3615046978146721,False
4217,IEC,Pericyte,Sulfolithocholic acid,-0.4253606,-0.04253605902194977,0.5169643165955121,0.6681630132484446,0.0,0.06593406593406594,0.08144796380090498,False
4218,IEC,Pericyte,Taurocholic acid,6.6129,0.1834088402867725,0.4272386199881286,0.6681630132484446,18.874231,0.22377622377622378,0.2436400990996435,False
4219,IEC,Pericyte,Testosterone,-6.2776084,-0.2562822895306355,0.6011335641968042,0.6784719525784709,0.0,0.12287712287712288,0.14154562193126022,False
4220,IEC,Pericyte,Trihydroxycoprostanoic acid,-0.4253606,-0.04253605902194977,0.5169643165955121,0.6681630132484446,0.0,0.06593406593406594,0.08144796380090498,False
4221,IEC,Pericyte,Urea,0.0,0.0,0.5,0.6681630132484446,0.0,0.000999000999000999,0.002206206795116929,False
4222,IEC,Pericyte,Ursocholic acid,-0.4253606,-0.04253605902194977,0.5169643165955121,0.6681630132484446,0.0,0.06593406593406594,0.08144796380090498,False
4223,IEC,Pericyte,Ursodeoxycholic acid,-0.4253606,-0.04253605902194977,0.5169643165955121,0.6681630132484446,0.0,0.06593406593406594,0.08144796380090498,False
4224,IEC,Pericyte,Ursodeoxycholic acid 3-sulfate,-0.4253606,-0.04253605902194977,0.5169643165955121,0.6681630132484446,0.0,0.06593406593406594,0.08144796380090498,False
4225,IEC,Pericyte,Varanic acid,-0.4253606,-0.04253605902194977,0.5169643165955121,0.6681630132484446,0.0,0.06593406593406594,0.08144796380090498,False
4226,IEC,Pericyte,Vitamin D3,0.58651406,0.05865140557289124,0.4766148826980477,0.6681630132484446,0.0,0.03196803196803197,0.04316805563882727,False
4227,IEC,Pericyte,Water,0.0,0.0,0.5,0.6681630132484446,0.0,0.000999000999000999,0.002206206795116929,False
4228,IEC,Pericyte,Zinc,0.0,0.0,0.5,0.6681630132484446,0.0,0.000999000999000999,0.002206206795116929,False
4229,IEC,Pericyte,alpha-Ketoisovaleric acid,0.0,0.0,0.5,0.6681630132484446,0.0,0.000999000999000999,0.002206206795116929,False
4230,IEC,Plasma,"(3a,5b,7a)-23-Carboxy-7-hydroxy-24-norcholan-3-yl-b-D-Glucopyranosiduronic acid",-4.98242,-0.17059481050632633,0.5677288106375757,0.6681630132484446,0.0,0.053946053946053944,0.06874699408719269,False
4231,IEC,Plasma,17a-Ethynylestradiol,35.50954,1.2158235118607608,0.11202608010798482,0.6681630132484446,16.37962,0.11588411588411589,0.13404722468317862,False
4232,IEC,Plasma,"1b,3a,12a-Trihydroxy-5b-cholanoic acid",-4.98242,-0.17059481050632633,0.5677288106375757,0.6681630132484446,0.0,0.053946053946053944,0.06874699408719269,False
4233,IEC,Plasma,2-Hydroxychlorpropamide,39.556694,0.7819605531106175,0.2171188782722825,0.6681630132484446,16.37962,0.16383616383616384,0.18395732588862854,False
4234,IEC,Plasma,25-Hydroxycholesterol,-21.356995,-0.731249568554601,0.7676866358709042,0.7804119681069922,0.0,0.21578421578421578,0.23564207617154354,False
4235,IEC,Plasma,"3',4'-Dihydrodiol",35.50954,1.2158235118607608,0.11202608010798482,0.6681630132484446,16.37962,0.11588411588411589,0.13404722468317862,False
4236,IEC,Plasma,3-Sulfodeoxycholic acid,-4.98242,-0.17059481050632633,0.5677288106375757,0.6681630132484446,0.0,0.053946053946053944,0.06874699408719269,False
4237,IEC,Plasma,"3alpha,7alpha-Dihydroxycoprostanic acid",-4.98242,-0.17059481050632633,0.5677288106375757,0.6681630132484446,0.0,0.053946053946053944,0.06874699408719269,False
4238,IEC,Plasma,3b-Hydroxy-5-cholenoic acid,-4.98242,-0.17059481050632633,0.5677288106375757,0.6681630132484446,0.0,0.053946053946053944,0.06874699408719269,False
4239,IEC,Plasma,4'-Hydroxydiclofenac,35.50954,1.2158235118607608,0.11202608010798482,0.6681630132484446,16.37962,0.11588411588411589,0.13404722468317862,False
4240,IEC,Plasma,4-Hydroxycyclophosphamide,35.50954,1.2158235118607608,0.11202608010798482,0.6681630132484446,16.37962,0.11588411588411589,0.13404722468317862,False
4241,IEC,Plasma,4-ene-Valproic acid,64.660355,1.2782121432891662,0.10058731780351937,0.6681630132484446,35.973457,0.40559440559440557,0.4211521172863696,False
4242,IEC,Plasma,5-Hydroxyomeprazole,31.747974,0.4437781144841857,0.3286015064539154,0.6681630132484446,16.37962,0.3126873126873127,0.3306764957917102,False
4243,IEC,Plasma,8-Hydroxycarvedilol,35.50954,1.2158235118607608,0.11202608010798482,0.6681630132484446,16.37962,0.11588411588411589,0.13404722468317862,False
4244,IEC,Plasma,Acetate,116.96251,2.3121261923743757,0.010385365069389875,0.5253327002253418,65.800186,0.023976023976023976,0.033736821554080434,True
4245,IEC,Plasma,Acetyl-L-Carnitine,-15.885156,-0.5438973712194753,0.7067439509780897,0.7353957327744988,0.0,0.6893106893106893,0.698074393821873,False
4246,IEC,Plasma,Adenosine diphosphate ribose,0.18702957,0.006403770520866276,0.4974452826460095,0.6681630132484446,14.190724,0.19480519480519481,0.215414073719483,False
4247,IEC,Plasma,Adenosine triphosphate,-7.292097,-0.2496766490229035,0.5985812911180343,0.6771138722813616,87.13602,0.21078921078921078,0.23201544326067833,False
4248,IEC,Plasma,Amiloride-sensitive sodium transport,-22.463037,-0.7691197548635267,0.7790888891032834,0.7901486903974468,0.0,0.15684315684315683,0.17702330243046854,False
4249,IEC,Plasma,Anion exchange,-18.906633,-0.373748157050239,0.6457041533362582,0.6972855373167428,66.08928,0.7322677322677322,0.7399555824752675,False
4250,IEC,Plasma,Butyrate,101.939514,3.490342487017681,0.0002412009453526273,0.0185724727921523,35.973457,0.005994005994005994,0.010452557005148853,True
4251,IEC,Plasma,Cadmium,17.199986,0.5889162870337572,0.2779587157351043,0.6681630132484446,29.59987,0.4725274725274725,0.4880929176651341,False
4252,IEC,Plasma,Chenodeoxycholic acid,-4.98242,-0.17059481050632633,0.5677288106375757,0.6681630132484446,0.0,0.053946053946053944,0.06874699408719269,False
4253,IEC,Plasma,Chenodeoxycholic acid 3-sulfate,-4.98242,-0.17059481050632633,0.5677288106375757,0.6681630132484446,0.0,0.053946053946053944,0.06874699408719269,False
4254,IEC,Plasma,Chloride,-42.10854,-1.4417689350173348,0.9253162153862156,0.925716958658362,0.0,0.8731268731268731,0.8771773312219818,False
4255,IEC,Plasma,Chloride ion,-26.289013,-0.9001186581452054,0.8159714461495591,0.822738559845256,0.0,0.9500499500499501,0.9501870621801348,False
4256,IEC,Plasma,Cholesterol,43.57602,0.7460072415782967,0.2278315202800591,0.6681630132484446,16.37962,0.22377622377622378,0.2436400990996435,False
4257,IEC,Plasma,Cholic acid,32.496124,0.6423865272074011,0.2603111226363081,0.6681630132484446,16.37962,0.13686313686313686,0.15581756833605034,False
4258,IEC,Plasma,Choline,-15.885156,-0.5438973712194753,0.7067439509780897,0.7353957327744988,0.0,0.6893106893106893,0.698074393821873,False
4259,IEC,Plasma,Citric acid,-1.4184581,-0.048567080466302336,0.5193678475129779,0.6681630132484446,13.322606,0.2957042957042957,0.3144921376965576,False
4260,IEC,Plasma,Coprocholic acid,-4.98242,-0.17059481050632633,0.5677288106375757,0.6681630132484446,0.0,0.053946053946053944,0.06874699408719269,False
4261,IEC,Plasma,Cortisol,44.72808,0.8841890258894075,0.1882970906940158,0.6681630132484446,16.37962,0.22077922077922077,0.24064171122994651,False
4262,IEC,Plasma,Creatine,-15.885156,-0.5438973712194753,0.7067439509780897,0.7353957327744988,0.0,0.6893106893106893,0.698074393821873,False
4263,IEC,Plasma,D-Lactate,101.939514,3.490342487017681,0.0002412009453526273,0.0185724727921523,35.973457,0.005994005994005994,0.010452557005148853,True
4264,IEC,Plasma,Deoxycholic acid,-4.98242,-0.17059481050632633,0.5677288106375757,0.6681630132484446,0.0,0.053946053946053944,0.06874699408719269,False
4265,IEC,Plasma,Dopamine,-15.885156,-0.5438973712194753,0.7067439509780897,0.7353957327744988,0.0,0.6893106893106893,0.698074393821873,False
4266,IEC,Plasma,E-3179,35.50954,1.2158235118607608,0.11202608010798482,0.6681630132484446,16.37962,0.11588411588411589,0.13404722468317862,False
4267,IEC,Plasma,Estradiol,45.278976,0.6933253555511819,0.24405269718370937,0.6681630132484446,29.702225,0.17882117882117882,0.19907321594068583,False
4268,IEC,Plasma,Estriol,35.50954,1.2158235118607608,0.11202608010798482,0.6681630132484446,16.37962,0.11588411588411589,0.13404722468317862,False
4269,IEC,Plasma,Fatty acid,-74.91964,-1.1471921372392488,0.8743488897568787,0.8757389515847911,268.6441,0.9440559440559441,0.9447375728964176,False
4270,IEC,Plasma,Folic acid,-9.66927,-0.19114305580783733,0.5757932420988825,0.6708552736626187,0.0,0.2857142857142857,0.3055555555555555,False
4271,IEC,Plasma,Folinic acid,-4.98242,-0.17059481050632633,0.5677288106375757,0.6681630132484446,0.0,0.053946053946053944,0.06874699408719269,False
4272,IEC,Plasma,Glutathione,-4.98242,-0.17059481050632633,0.5677288106375757,0.6681630132484446,0.0,0.053946053946053944,0.06874699408719269,False
4273,IEC,Plasma,Glycerol,35.50954,1.2158235118607608,0.11202608010798482,0.6681630132484446,16.37962,0.11588411588411589,0.13404722468317862,False
4274,IEC,Plasma,Glycochenodeoxycholate-3-sulfate,-4.98242,-0.17059481050632633,0.5677288106375757,0.6681630132484446,0.0,0.053946053946053944,0.06874699408719269,False
4275,IEC,Plasma,Glycyl-glycine,1.2620704,0.043212468057805174,0.4827660831502086,0.6681630132484446,0.0,0.00999000999000999,0.01593343365495264,False
4276,IEC,Plasma,Histamine,-15.885156,-0.5438973712194753,0.7067439509780897,0.7353957327744988,0.0,0.6893106893106893,0.698074393821873,False
4277,IEC,Plasma,Hydroxylansoprazole,44.72808,0.8841890258894075,0.1882970906940158,0.6681630132484446,16.37962,0.22077922077922077,0.24064171122994651,False
4278,IEC,Plasma,Hyodeoxycholic acid,-4.98242,-0.17059481050632633,0.5677288106375757,0.6681630132484446,0.0,0.053946053946053944,0.06874699408719269,False
4279,IEC,Plasma,Iron,49.945496,1.2092241540240602,0.11328837024995192,0.6681630132484446,71.875336,0.5834165834165834,0.5950952197640452,False
4280,IEC,Plasma,Isoursodeoxycholic acid,-4.98242,-0.17059481050632633,0.5677288106375757,0.6681630132484446,0.0,0.053946053946053944,0.06874699408719269,False
4281,IEC,Plasma,Ketone bodies,101.939514,3.490342487017681,0.0002412009453526273,0.0185724727921523,35.973457,0.005994005994005994,0.010452557005148853,True
4282,IEC,Plasma,L-Arginine,1.1105826,0.03802562364079078,0.4848336260439206,0.6681630132484446,0.0,0.11988011988011989,0.13832321524629218,False
4283,IEC,Plasma,L-Carnitine,-35.03751,-0.5998307452922944,0.7256904795535548,0.7475895679063675,0.0,0.7652347652347652,0.7718056939422097,False
4284,IEC,Plasma,L-Cystine,1.1105826,0.03802562364079078,0.4848336260439206,0.6681630132484446,0.0,0.11988011988011989,0.13832321524629218,False
4285,IEC,Plasma,L-Dopa,1.2620704,0.043212468057805174,0.4827660831502086,0.6681630132484446,0.0,0.00999000999000999,0.01593343365495264,False
4286,IEC,Plasma,L-Glutamate,93.311676,2.2591573300959578,0.011936800006769343,0.5782001451601295,35.973457,0.017982017982017984,0.02639038217183071,True
4287,IEC,Plasma,L-Lactate,101.939514,3.490342487017681,0.0002412009453526273,0.0185724727921523,35.973457,0.005994005994005994,0.010452557005148853,True
4288,IEC,Plasma,L-Lysine,1.1105826,0.03802562364079078,0.4848336260439206,0.6681630132484446,0.0,0.11988011988011989,0.13832321524629218,False
4289,IEC,Plasma,L-Ornithine,1.1105826,0.03802562364079078,0.4848336260439206,0.6681630132484446,0.0,0.11988011988011989,0.13832321524629218,False
4290,IEC,Plasma,Lithocholic acid,-4.98242,-0.17059481050632633,0.5677288106375757,0.6681630132484446,0.0,0.053946053946053944,0.06874699408719269,False
4291,IEC,Plasma,Manganese,17.199986,0.5889162870337572,0.2779587157351043,0.6681630132484446,29.59987,0.4725274725274725,0.4880929176651341,False
4292,IEC,Plasma,N-Desmethylcitalopram,35.50954,1.2158235118607608,0.11202608010798482,0.6681630132484446,16.37962,0.11588411588411589,0.13404722468317862,False
4293,IEC,Plasma,N-Desmethyleletriptan,35.50954,1.2158235118607608,0.11202608010798482,0.6681630132484446,16.37962,0.11588411588411589,0.13404722468317862,False
4294,IEC,Plasma,N-Desmethyltamoxifen,44.72808,0.8841890258894075,0.1882970906940158,0.6681630132484446,16.37962,0.22077922077922077,0.24064171122994651,False
4295,IEC,Plasma,N-desmethylimatinib,46.69743,0.7994447693276872,0.21201627993859468,0.6681630132484446,16.37962,0.22977022977022976,0.24985214064140784,False
4296,IEC,Plasma,Neurotransmitter,-16.110533,-0.5516141355602127,0.7093936251983809,0.7374884222359405,0.0,0.33466533466533466,0.3531644235161823,False
4297,IEC,Plasma,Nicotinate,79.68335,1.220135503109548,0.11120675588341516,0.6681630132484446,65.800186,0.24975024975024976,0.2689618074233459,False
4298,IEC,Plasma,Norepinephrine,-15.885156,-0.5438973712194753,0.7067439509780897,0.7353957327744988,0.0,0.6893106893106893,0.698074393821873,False
4299,IEC,Plasma,O-Deethylated candesartan,35.50954,1.2158235118607608,0.11202608010798482,0.6681630132484446,16.37962,0.11588411588411589,0.13404722468317862,False
4300,IEC,Plasma,O-Desmethylverapamil (D-702),-34.345284,-0.3036315947194628,0.6192957109087741,0.6861812576258235,16.37962,0.945054945054945,0.9456007463515405,False
4301,IEC,Plasma,Oxalic acid,-1.4184581,-0.048567080466302336,0.5193678475129779,0.6681630132484446,13.322606,0.2957042957042957,0.3144921376965576,False
4302,IEC,Plasma,Phosphate,-10.275541,-0.3518278333119277,0.6375163082547547,0.6933440075651993,0.0,0.0939060939060939,0.11122359097064274,False
4303,IEC,Plasma,Progesterone,37.478893,0.9073968026726146,0.18209849981169657,0.6681630132484446,16.37962,0.12487512487512488,0.14344183911563327,False
4304,IEC,Plasma,Pyruvate,101.939514,3.490342487017681,0.0002412009453526273,0.0185724727921523,35.973457,0.005994005994005994,0.010452557005148853,True
4305,IEC,Plasma,Sodium,-52.375626,-0.6340298639786004,0.7369693336773268,0.7553543779760652,357.3631,0.9820179820179821,0.9820179820179821,False
4306,IEC,Plasma,Sodium_hydrogen exchange,-65.589134,-1.2965723482843738,0.9026108140803617,0.903392972498109,0.0,0.6763236763236763,0.6862259263430567,False
4307,IEC,Plasma,Sulfolithocholic acid,-4.98242,-0.17059481050632633,0.5677288106375757,0.6681630132484446,0.0,0.053946053946053944,0.06874699408719269,False
4308,IEC,Plasma,Taurocholic acid,119.64103,1.1361454908641262,0.12794783951557082,0.6681630132484446,82.17981,0.14785214785214784,0.1675851136106288,False
4309,IEC,Plasma,Testosterone,49.667328,0.6942576192005762,0.24376033195780933,0.6681630132484446,16.37962,0.4025974025974026,0.4182281517013941,False
4310,IEC,Plasma,Trihydroxycoprostanoic acid,-4.98242,-0.17059481050632633,0.5677288106375757,0.6681630132484446,0.0,0.053946053946053944,0.06874699408719269,False
4311,IEC,Plasma,Urea,-3.6451597,-0.12480789174147157,0.5496621802288357,0.6681630132484446,0.0,0.13286713286713286,0.15154200638071605,False
4312,IEC,Plasma,Ursocholic acid,-4.98242,-0.17059481050632633,0.5677288106375757,0.6681630132484446,0.0,0.053946053946053944,0.06874699408719269,False
4313,IEC,Plasma,Ursodeoxycholic acid,-4.98242,-0.17059481050632633,0.5677288106375757,0.6681630132484446,0.0,0.053946053946053944,0.06874699408719269,False
4314,IEC,Plasma,Ursodeoxycholic acid 3-sulfate,-4.98242,-0.17059481050632633,0.5677288106375757,0.6681630132484446,0.0,0.053946053946053944,0.06874699408719269,False
4315,IEC,Plasma,Varanic acid,-4.98242,-0.17059481050632633,0.5677288106375757,0.6681630132484446,0.0,0.053946053946053944,0.06874699408719269,False
4316,IEC,Plasma,Vitamin D3,-1.152059,-0.03944574746407883,0.5157324964654963,0.6681630132484446,0.0,0.015984015984015984,0.024033245990286563,False
4317,IEC,Plasma,Water,2.5276842,0.04327312951534883,0.4827419053460956,0.6681630132484446,0.0,0.5794205794205795,0.591193259037782,False
4318,IEC,Plasma,Zinc,17.199986,0.5889162870337572,0.2779587157351043,0.6681630132484446,29.59987,0.4725274725274725,0.4880929176651341,False
4319,IEC,Plasma,alpha-Ketoisovaleric acid,101.939514,3.490342487017681,0.0002412009453526273,0.0185724727921523,35.973457,0.005994005994005994,0.010452557005148853,True
4320,IEC,T,"(3a,5b,7a)-23-Carboxy-7-hydroxy-24-norcholan-3-yl-b-D-Glucopyranosiduronic acid",41.189404,1.1328431302933275,0.12864006776613773,0.6681630132484446,63.296017,0.02097902097902098,0.030000952411187658,True
4321,IEC,T,17a-Ethynylestradiol,9.269588,0.25494395933056013,0.39938319157033086,0.6681630132484446,14.606076,0.8831168831168831,0.8856729377713459,False
4322,IEC,T,"1b,3a,12a-Trihydroxy-5b-cholanoic acid",41.189404,1.1328431302933275,0.12864006776613773,0.6681630132484446,63.296017,0.02097902097902098,0.030000952411187658,True
4323,IEC,T,2-Hydroxychlorpropamide,3.2977939,0.05236572863424041,0.4791186406108817,0.6681630132484446,14.606076,0.9080919080919081,0.9094041796353936,False
4324,IEC,T,25-Hydroxycholesterol,26.018661,0.7155981735523793,0.23711975086518072,0.6681630132484446,11.841812,0.5274725274725275,0.5425029111582985,False
4325,IEC,T,"3',4'-Dihydrodiol",9.269588,0.25494395933056013,0.39938319157033086,0.6681630132484446,14.606076,0.8831168831168831,0.8856729377713459,False
4326,IEC,T,3-Sulfodeoxycholic acid,41.189404,1.1328431302933275,0.12864006776613773,0.6681630132484446,63.296017,0.02097902097902098,0.030000952411187658,True
4327,IEC,T,"3alpha,7alpha-Dihydroxycoprostanic acid",41.189404,1.1328431302933275,0.12864006776613773,0.6681630132484446,63.296017,0.02097902097902098,0.030000952411187658,True
4328,IEC,T,3b-Hydroxy-5-cholenoic acid,41.189404,1.1328431302933275,0.12864006776613773,0.6681630132484446,63.296017,0.02097902097902098,0.030000952411187658,True
4329,IEC,T,4'-Hydroxydiclofenac,9.269588,0.25494395933056013,0.39938319157033086,0.6681630132484446,14.606076,0.8831168831168831,0.8856729377713459,False
4330,IEC,T,4-Hydroxycyclophosphamide,9.269588,0.25494395933056013,0.39938319157033086,0.6681630132484446,14.606076,0.8831168831168831,0.8856729377713459,False
4331,IEC,T,4-ene-Valproic acid,7.8626194,0.12485067614453242,0.45032088373086454,0.6681630132484446,219.93466,0.08491508491508491,0.10177473857861266,False
4332,IEC,T,5-Hydroxyomeprazole,39.71513,0.44592788844438386,0.3278246681724942,0.6681630132484446,91.47212,0.40559440559440557,0.4211521172863696,False
4333,IEC,T,8-Hydroxycarvedilol,9.269588,0.25494395933056013,0.39938319157033086,0.6681630132484446,14.606076,0.8831168831168831,0.8856729377713459,False
4334,IEC,T,Acetate,94.393875,1.4988820561321388,0.0669521161115757,0.6681630132484446,96.65916,0.03396603396603397,0.045590667322218746,True
4335,IEC,T,Acetyl-L-Carnitine,-8.783801,-0.24158321937775448,0.595448437001252,0.6770266346377942,124.04801,0.15084915084915085,0.1705358263270172,False
4336,IEC,T,Adenosine diphosphate ribose,-7.2647657,-0.19980478606191726,0.5791833709651147,0.6727966425845593,0.0,0.13586413586413587,0.15473105366285317,False
4337,IEC,T,Adenosine triphosphate,-27.380304,-0.7530477989914021,0.7742894043819601,0.7853960146907177,186.36128,0.6333666333666333,0.644243471191952,False
4338,IEC,T,Amiloride-sensitive sodium transport,22.800865,0.6270982646078257,0.2652974123098737,0.6681630132484446,87.40156,0.17782217782217782,0.19799288115483488,False
4339,IEC,T,Anion exchange,340.8043,5.411637518108219,3.122550358852682e-08,4.082881884311148e-06,2636.9697,0.000999000999000999,0.002206206795116929,True
4340,IEC,T,Butyrate,39.70996,1.0921536267258745,0.13738279076819032,0.6681630132484446,48.246822,0.028971028971028972,0.03983516483516483,True
4341,IEC,T,Cadmium,47.47625,1.3057519338574763,0.09581846531108829,0.6681630132484446,70.95538,0.1018981018981019,0.11954525921006369,False
4342,IEC,T,Chenodeoxycholic acid,41.189404,1.1328431302933275,0.12864006776613773,0.6681630132484446,63.296017,0.02097902097902098,0.030000952411187658,True
4343,IEC,T,Chenodeoxycholic acid 3-sulfate,41.189404,1.1328431302933275,0.12864006776613773,0.6681630132484446,63.296017,0.02097902097902098,0.030000952411187658,True
4344,IEC,T,Chloride,11.748389,0.3231190768810808,0.3733025316368431,0.6681630132484446,64.68528,0.17582417582417584,0.19589413801632452,False
4345,IEC,T,Chloride ion,304.96475,8.387526763373595,2.4823808874454906e-17,9.557166416665139e-15,1396.2693,0.000999000999000999,0.002206206795116929,True
4346,IEC,T,Cholesterol,9.70718,0.13348957814763132,0.4469031029705137,0.6681630132484446,14.606076,0.9050949050949051,0.9066648875842284,False
4347,IEC,T,Cholic acid,35.8725,0.5696201003239638,0.28446769620990753,0.6681630132484446,91.47212,0.34865134865134867,0.364812599449471,False
4348,IEC,T,Choline,-8.783801,-0.24158321937775448,0.595448437001252,0.6770266346377942,124.04801,0.15084915084915085,0.1705358263270172,False
4349,IEC,T,Citric acid,-27.139387,-0.746421788946195,0.7722936694788503,0.7836264327457789,0.0,0.5204795204795205,0.5356286125516895,False
4350,IEC,T,Coprocholic acid,41.189404,1.1328431302933275,0.12864006776613773,0.6681630132484446,63.296017,0.02097902097902098,0.030000952411187658,True
4351,IEC,T,Cortisol,18.717842,0.29722095443159563,0.383148912511236,0.6681630132484446,14.606076,0.8991008991008991,0.9007906940536693,False
4352,IEC,T,Creatine,-8.783801,-0.24158321937775448,0.595448437001252,0.6770266346377942,124.04801,0.15084915084915085,0.1705358263270172,False
4353,IEC,T,D-Lactate,39.70996,1.0921536267258745,0.13738279076819032,0.6681630132484446,48.246822,0.028971028971028972,0.03983516483516483,True
4354,IEC,T,Deoxycholic acid,41.189404,1.1328431302933275,0.12864006776613773,0.6681630132484446,63.296017,0.02097902097902098,0.030000952411187658,True
4355,IEC,T,Dopamine,-8.783801,-0.24158321937775448,0.595448437001252,0.6770266346377942,124.04801,0.15084915084915085,0.1705358263270172,False
4356,IEC,T,E-3179,9.269588,0.25494395933056013,0.39938319157033086,0.6681630132484446,14.606076,0.8831168831168831,0.8856729377713459,False
4357,IEC,T,Estradiol,-4.6241207,-0.05687591978507068,0.5226779817589203,0.6681630132484446,14.606076,0.949050949050949,0.9493249244981347,False
4358,IEC,T,Estriol,9.269588,0.25494395933056013,0.39938319157033086,0.6681630132484446,14.606076,0.8831168831168831,0.8856729377713459,False
4359,IEC,T,Fatty acid,50.13903,0.6167017800323178,0.26871572346060985,0.6681630132484446,2033.8586,0.001998001998001998,0.00412210593812261,True
4360,IEC,T,Folic acid,41.23486,0.6547690818034377,0.2563082199244733,0.6681630132484446,63.296017,0.03896103896103896,0.05170432784373803,False
4361,IEC,T,Folinic acid,41.189404,1.1328431302933275,0.12864006776613773,0.6681630132484446,63.296017,0.02097902097902098,0.030000952411187658,True
4362,IEC,T,Glutathione,41.189404,1.1328431302933275,0.12864006776613773,0.6681630132484446,63.296017,0.02097902097902098,0.030000952411187658,True
4363,IEC,T,Glycerol,9.269588,0.25494395933056013,0.39938319157033086,0.6681630132484446,14.606076,0.8831168831168831,0.8856729377713459,False
4364,IEC,T,Glycochenodeoxycholate-3-sulfate,41.189404,1.1328431302933275,0.12864006776613773,0.6681630132484446,63.296017,0.02097902097902098,0.030000952411187658,True
4365,IEC,T,Glycyl-glycine,-0.4058171,-0.011161295497832966,0.5044526202307785,0.6681630132484446,0.0,0.04495504495504495,0.05879193461756209,False
4366,IEC,T,Histamine,-8.783801,-0.24158321937775448,0.595448437001252,0.6770266346377942,124.04801,0.15084915084915085,0.1705358263270172,False
4367,IEC,T,Hydroxylansoprazole,18.717842,0.29722095443159563,0.383148912511236,0.6681630132484446,14.606076,0.8991008991008991,0.9007906940536693,False
4368,IEC,T,Hyodeoxycholic acid,41.189404,1.1328431302933275,0.12864006776613773,0.6681630132484446,63.296017,0.02097902097902098,0.030000952411187658,True
4369,IEC,T,Iron,0.99440384,0.019338913323850657,0.4922853706913853,0.6681630132484446,161.15326,0.18081918081918083,0.20107139330502619,False
4370,IEC,T,Isoursodeoxycholic acid,41.189404,1.1328431302933275,0.12864006776613773,0.6681630132484446,63.296017,0.02097902097902098,0.030000952411187658,True
4371,IEC,T,Ketone bodies,39.70996,1.0921536267258745,0.13738279076819032,0.6681630132484446,48.246822,0.028971028971028972,0.03983516483516483,True
4372,IEC,T,L-Arginine,-8.553583,-0.23525147426286644,0.5929932219286044,0.6770266346377942,0.0,0.24575424575424576,0.2649054165619728,False
4373,IEC,T,L-Carnitine,6.9784603,0.09596522583576084,0.46177409541007847,0.6681630132484446,190.00755,0.05194805194805195,0.06654343807763402,False
4374,IEC,T,L-Cystine,-8.553583,-0.23525147426286644,0.5929932219286044,0.6770266346377942,0.0,0.24575424575424576,0.2649054165619728,False
4375,IEC,T,L-Dopa,-0.4058171,-0.011161295497832966,0.5044526202307785,0.6681630132484446,0.0,0.04495504495504495,0.05879193461756209,False
4376,IEC,T,L-Glutamate,39.70996,0.7722692355553473,0.219977491221798,0.6681630132484446,48.246822,0.028971028971028972,0.03983516483516483,True
4377,IEC,T,L-Lactate,39.70996,1.0921536267258745,0.13738279076819032,0.6681630132484446,48.246822,0.028971028971028972,0.03983516483516483,True
4378,IEC,T,L-Lysine,-8.553583,-0.23525147426286644,0.5929932219286044,0.6770266346377942,0.0,0.24575424575424576,0.2649054165619728,False
4379,IEC,T,L-Ornithine,-8.553583,-0.23525147426286644,0.5929932219286044,0.6770266346377942,0.0,0.24575424575424576,0.2649054165619728,False
4380,IEC,T,Lithocholic acid,41.189404,1.1328431302933275,0.12864006776613773,0.6681630132484446,63.296017,0.02097902097902098,0.030000952411187658,True
4381,IEC,T,Manganese,47.47625,1.3057519338574763,0.09581846531108829,0.6681630132484446,70.95538,0.1018981018981019,0.11954525921006369,False
4382,IEC,T,N-Desmethylcitalopram,9.269588,0.25494395933056013,0.39938319157033086,0.6681630132484446,14.606076,0.8831168831168831,0.8856729377713459,False
4383,IEC,T,N-Desmethyleletriptan,9.269588,0.25494395933056013,0.39938319157033086,0.6681630132484446,14.606076,0.8831168831168831,0.8856729377713459,False
4384,IEC,T,N-Desmethyltamoxifen,18.717842,0.29722095443159563,0.383148912511236,0.6681630132484446,14.606076,0.8991008991008991,0.9007906940536693,False
4385,IEC,T,N-desmethylimatinib,22.515268,0.30962170924113447,0.3784243227249995,0.6681630132484446,14.606076,0.9070929070929071,0.908535026182085,False
4386,IEC,T,Neurotransmitter,-9.116337,-0.2507290384603813,0.5989881958989474,0.6773805805449911,0.0,0.03996003996003996,0.05294896308280629,False
4387,IEC,T,Nicotinate,62.546535,0.769312039373558,0.22085404589401952,0.6681630132484446,268.347,0.06793206793206794,0.08346972176759411,False
4388,IEC,T,Norepinephrine,-8.783801,-0.24158321937775448,0.595448437001252,0.6770266346377942,124.04801,0.15084915084915085,0.1705358263270172,False
4389,IEC,T,O-Deethylated candesartan,9.269588,0.25494395933056013,0.39938319157033086,0.6681630132484446,14.606076,0.8831168831168831,0.8856729377713459,False
4390,IEC,T,O-Desmethylverapamil (D-702),-83.20675,-0.5908771513713492,0.7226986318557885,0.744839607192239,358.20102,0.34165834165834164,0.35841542653531755,False
4391,IEC,T,Oxalic acid,-27.139387,-0.746421788946195,0.7722936694788503,0.7836264327457789,0.0,0.5204795204795205,0.5356286125516895,False
4392,IEC,T,Phosphate,-5.463152,-0.15025452190748823,0.5597180940843309,0.6681630132484446,0.0,0.06793206793206794,0.08346972176759411,False
4393,IEC,T,Progesterone,13.067012,0.25412392762848024,0.3996999092184359,0.6681630132484446,14.606076,0.8931068931068931,0.8953031634935295,False
4394,IEC,T,Pyruvate,39.70996,1.0921536267258745,0.13738279076819032,0.6681630132484446,48.246822,0.028971028971028972,0.03983516483516483,True
4395,IEC,T,Sodium,395.25797,3.8434382625812353,6.066126494614483e-05,0.005321298304769414,2403.3066,0.000999000999000999,0.002206206795116929,True
4396,IEC,T,Sodium_hydrogen exchange,74.959145,1.1902776173463914,0.11696864753534575,0.6681630132484446,892.0778,0.000999000999000999,0.002206206795116929,True
4397,IEC,T,Sulfolithocholic acid,41.189404,1.1328431302933275,0.12864006776613773,0.6681630132484446,63.296017,0.02097902097902098,0.030000952411187658,True
4398,IEC,T,Taurocholic acid,131.66292,1.0043291605527211,0.15760999127190578,0.6681630132484446,233.82045,0.11488511488511488,0.13326981020318818,False
4399,IEC,T,Testosterone,23.135864,0.2597732182720299,0.3975193553170931,0.6681630132484446,14.606076,0.936063936063936,0.9368750833222237,False
4400,IEC,T,Trihydroxycoprostanoic acid,41.189404,1.1328431302933275,0.12864006776613773,0.6681630132484446,63.296017,0.02097902097902098,0.030000952411187658,True
4401,IEC,T,Urea,75.5582,2.078097206788075,0.018850203442236795,0.6681630132484446,75.54203,0.008991008991008992,0.014633088846334503,True
4402,IEC,T,Ursocholic acid,41.189404,1.1328431302933275,0.12864006776613773,0.6681630132484446,63.296017,0.02097902097902098,0.030000952411187658,True
4403,IEC,T,Ursodeoxycholic acid,41.189404,1.1328431302933275,0.12864006776613773,0.6681630132484446,63.296017,0.02097902097902098,0.030000952411187658,True
4404,IEC,T,Ursodeoxycholic acid 3-sulfate,41.189404,1.1328431302933275,0.12864006776613773,0.6681630132484446,63.296017,0.02097902097902098,0.030000952411187658,True
4405,IEC,T,Varanic acid,41.189404,1.1328431302933275,0.12864006776613773,0.6681630132484446,63.296017,0.02097902097902098,0.030000952411187658,True
4406,IEC,T,Vitamin D3,-9.010664,-0.24782269031269225,0.5978642009367159,0.6770266346377942,0.0,0.027972027972027972,0.038684125692706815,False
4407,IEC,T,Water,73.30873,1.0081147730757902,0.1566996831544089,0.6681630132484446,580.95935,0.000999000999000999,0.002206206795116929,True
4408,IEC,T,Zinc,47.47625,1.3057519338574763,0.09581846531108829,0.6681630132484446,70.95538,0.1018981018981019,0.11954525921006369,False
4409,IEC,T,alpha-Ketoisovaleric acid,39.70996,1.0921536267258745,0.13738279076819032,0.6681630132484446,48.246822,0.028971028971028972,0.03983516483516483,True
4410,MAST,MAST,"(3a,5b,7a)-23-Carboxy-7-hydroxy-24-norcholan-3-yl-b-D-Glucopyranosiduronic acid",0.09915966,0.02024088042158971,0.49192560834832233,0.6681630132484446,0.0,0.000999000999000999,0.002206206795116929,False
4411,MAST,MAST,17a-Ethynylestradiol,-0.31046814,-0.06337404314081536,0.5252656718674116,0.6681630132484446,0.0,0.004995004995004995,0.008926091958582932,False
4412,MAST,MAST,"1b,3a,12a-Trihydroxy-5b-cholanoic acid",0.09915966,0.02024088042158971,0.49192560834832233,0.6681630132484446,0.0,0.000999000999000999,0.002206206795116929,False
4413,MAST,MAST,2-Hydroxychlorpropamide,-0.31046814,-0.036589020866984706,0.5145936511256104,0.6681630132484446,0.0,0.004995004995004995,0.008926091958582932,False
4414,MAST,MAST,25-Hydroxycholesterol,2.4743164,0.5050677117257282,0.3067556392647671,0.6681630132484446,0.0,0.26173826173826176,0.28099862956563193,False
4415,MAST,MAST,"3',4'-Dihydrodiol",-0.31046814,-0.06337404314081536,0.5252656718674116,0.6681630132484446,0.0,0.004995004995004995,0.008926091958582932,False
4416,MAST,MAST,3-Sulfodeoxycholic acid,0.09915966,0.02024088042158971,0.49192560834832233,0.6681630132484446,0.0,0.000999000999000999,0.002206206795116929,False
4417,MAST,MAST,"3alpha,7alpha-Dihydroxycoprostanic acid",0.09915966,0.02024088042158971,0.49192560834832233,0.6681630132484446,0.0,0.000999000999000999,0.002206206795116929,False
4418,MAST,MAST,3b-Hydroxy-5-cholenoic acid,0.09915966,0.02024088042158971,0.49192560834832233,0.6681630132484446,0.0,0.000999000999000999,0.002206206795116929,False
4419,MAST,MAST,4'-Hydroxydiclofenac,-0.31046814,-0.06337404314081536,0.5252656718674116,0.6681630132484446,0.0,0.004995004995004995,0.008926091958582932,False
4420,MAST,MAST,4-Hydroxycyclophosphamide,-0.31046814,-0.06337404314081536,0.5252656718674116,0.6681630132484446,0.0,0.004995004995004995,0.008926091958582932,False
4421,MAST,MAST,4-ene-Valproic acid,0.19831932,0.02337215552007969,0.4906767078066023,0.6681630132484446,0.0,0.000999000999000999,0.002206206795116929,False
4422,MAST,MAST,5-Hydroxyomeprazole,-0.012989163,-0.0010824302832285564,0.5004318271212413,0.6681630132484446,0.0,0.007992007992007992,0.01321828529465761,False
4423,MAST,MAST,8-Hydroxycarvedilol,-0.31046814,-0.06337404314081536,0.5252656718674116,0.6681630132484446,0.0,0.004995004995004995,0.008926091958582932,False
4424,MAST,MAST,Acetate,-1.5509613,-0.18278253691574228,0.5725156743538636,0.6691632517473104,0.0,0.10589410589410589,0.12373059414030582,False
4425,MAST,MAST,Acetyl-L-Carnitine,0.19831932,0.04048176084317942,0.4838545239298867,0.6681630132484446,0.0,0.000999000999000999,0.002206206795116929,False
4426,MAST,MAST,Adenosine diphosphate ribose,0.49539217,0.10112150397612872,0.4597270039187968,0.6681630132484446,0.0,0.013986013986013986,0.02125506072874494,False
4427,MAST,MAST,Adenosine triphosphate,0.29747897,0.06072264126476913,0.47579004991460794,0.6681630132484446,0.0,0.005994005994005994,0.010452557005148853,False
4428,MAST,MAST,Amiloride-sensitive sodium transport,-1.3150539,-0.2684342613995059,0.6058174649422877,0.6808814518407483,0.0,0.000999000999000999,0.002206206795116929,False
4429,MAST,MAST,Anion exchange,1.0288525,0.12125142554402084,0.4517459464296555,0.6681630132484446,0.0,0.013986013986013986,0.02125506072874494,False
4430,MAST,MAST,Butyrate,0.0,0.0,0.5,0.6681630132484446,0.0,0.000999000999000999,0.002206206795116929,False
4431,MAST,MAST,Cadmium,0.09915966,0.02024088042158971,0.49192560834832233,0.6681630132484446,0.0,0.000999000999000999,0.002206206795116929,False
4432,MAST,MAST,Chenodeoxycholic acid,0.09915966,0.02024088042158971,0.49192560834832233,0.6681630132484446,0.0,0.000999000999000999,0.002206206795116929,False
4433,MAST,MAST,Chenodeoxycholic acid 3-sulfate,0.09915966,0.02024088042158971,0.49192560834832233,0.6681630132484446,0.0,0.000999000999000999,0.002206206795116929,False
4434,MAST,MAST,Chloride,-0.050574962,-0.010323570898537016,0.5041184357615369,0.6681630132484446,0.0,0.006993006993006993,0.011945165999886237,False
4435,MAST,MAST,Chloride ion,0.49087605,0.10019965387680753,0.46009291039963945,0.6681630132484446,0.0,0.00999000999000999,0.01593343365495264,False
4436,MAST,MAST,Cholesterol,-0.21161689,-0.021598058255376296,0.5086157087703688,0.6681630132484446,0.0,0.004995004995004995,0.008926091958582932,False
4437,MAST,MAST,Cholic acid,-0.012989163,-0.001530787586865175,0.500610695652206,0.6681630132484446,0.0,0.007992007992007992,0.01321828529465761,False
4438,MAST,MAST,Choline,0.19831932,0.04048176084317942,0.4838545239298867,0.6681630132484446,0.0,0.000999000999000999,0.002206206795116929,False
4439,MAST,MAST,Citric acid,-1.5509613,-0.3165886406743995,0.6242221219091828,0.6867533425671752,0.0,0.10589410589410589,0.12373059414030582,False
4440,MAST,MAST,Coprocholic acid,0.09915966,0.02024088042158971,0.49192560834832233,0.6681630132484446,0.0,0.000999000999000999,0.002206206795116929,False
4441,MAST,MAST,Cortisol,-0.31046814,-0.036589020866984706,0.5145936511256104,0.6681630132484446,0.0,0.004995004995004995,0.008926091958582932,False
4442,MAST,MAST,Creatine,0.19831932,0.04048176084317942,0.4838545239298867,0.6681630132484446,0.0,0.000999000999000999,0.002206206795116929,False
4443,MAST,MAST,D-Lactate,0.0,0.0,0.5,0.6681630132484446,0.0,0.000999000999000999,0.002206206795116929,False
4444,MAST,MAST,Deoxycholic acid,0.09915966,0.02024088042158971,0.49192560834832233,0.6681630132484446,0.0,0.000999000999000999,0.002206206795116929,False
4445,MAST,MAST,Dopamine,0.19831932,0.04048176084317942,0.4838545239298867,0.6681630132484446,0.0,0.000999000999000999,0.002206206795116929,False
4446,MAST,MAST,E-3179,-0.31046814,-0.06337404314081536,0.5252656718674116,0.6681630132484446,0.0,0.004995004995004995,0.008926091958582932,False
4447,MAST,MAST,Estradiol,-1.8614295,-0.16992448342595065,0.5674652369316232,0.6681630132484446,0.0,0.1088911088911089,0.12686876002276137,False
4448,MAST,MAST,Estriol,-0.31046814,-0.06337404314081536,0.5252656718674116,0.6681630132484446,0.0,0.004995004995004995,0.008926091958582932,False
4449,MAST,MAST,Fatty acid,-1.1544664,-0.10538788066975426,0.5419659838325416,0.6681630132484446,0.0,0.10789210789210789,0.1258741258741259,False
4450,MAST,MAST,Folic acid,0.09915966,0.011686077760039845,0.4953380355994417,0.6681630132484446,0.0,0.000999000999000999,0.002206206795116929,False
4451,MAST,MAST,Folinic acid,0.09915966,0.02024088042158971,0.49192560834832233,0.6681630132484446,0.0,0.000999000999000999,0.002206206795116929,False
4452,MAST,MAST,Glutathione,0.09915966,0.02024088042158971,0.49192560834832233,0.6681630132484446,0.0,0.000999000999000999,0.002206206795116929,False
4453,MAST,MAST,Glycerol,-0.31046814,-0.06337404314081536,0.5252656718674116,0.6681630132484446,0.0,0.004995004995004995,0.008926091958582932,False
4454,MAST,MAST,Glycochenodeoxycholate-3-sulfate,0.09915966,0.02024088042158971,0.49192560834832233,0.6681630132484446,0.0,0.000999000999000999,0.002206206795116929,False
4455,MAST,MAST,Glycyl-glycine,0.0,0.0,0.5,0.6681630132484446,0.0,0.000999000999000999,0.002206206795116929,False
4456,MAST,MAST,Histamine,0.19831932,0.04048176084317942,0.4838545239298867,0.6681630132484446,0.0,0.000999000999000999,0.002206206795116929,False
4457,MAST,MAST,Hydroxylansoprazole,-0.31046814,-0.036589020866984706,0.5145936511256104,0.6681630132484446,0.0,0.004995004995004995,0.008926091958582932,False
4458,MAST,MAST,Hyodeoxycholic acid,0.09915966,0.02024088042158971,0.49192560834832233,0.6681630132484446,0.0,0.000999000999000999,0.002206206795116929,False
4459,MAST,MAST,Iron,-2.1077275,-0.3042242638622181,0.6195214797536778,0.6861812576258235,0.0,0.08691308691308691,0.10382825242332223,False
4460,MAST,MAST,Isoursodeoxycholic acid,0.09915966,0.02024088042158971,0.49192560834832233,0.6681630132484446,0.0,0.000999000999000999,0.002206206795116929,False
4461,MAST,MAST,Ketone bodies,0.0,0.0,0.5,0.6681630132484446,0.0,0.000999000999000999,0.002206206795116929,False
4462,MAST,MAST,L-Arginine,-1.5639482,-0.31923958021405346,0.6252275773695014,0.6869455573937792,0.0,0.002997002997002997,0.005910424237117464,False
4463,MAST,MAST,L-Carnitine,0.4377119,0.044673783162573706,0.4821836654170706,0.6681630132484446,0.0,0.001998001998001998,0.00412210593812261,False
4464,MAST,MAST,L-Cystine,-1.5639482,-0.31923958021405346,0.6252275773695014,0.6869455573937792,0.0,0.002997002997002997,0.005910424237117464,False
4465,MAST,MAST,L-Dopa,0.0,0.0,0.5,0.6681630132484446,0.0,0.000999000999000999,0.002206206795116929,False
4466,MAST,MAST,L-Glutamate,0.0,0.0,0.5,0.6681630132484446,0.0,0.000999000999000999,0.002206206795116929,False
4467,MAST,MAST,L-Lactate,0.0,0.0,0.5,0.6681630132484446,0.0,0.000999000999000999,0.002206206795116929,False
4468,MAST,MAST,L-Lysine,-1.5639482,-0.31923958021405346,0.6252275773695014,0.6869455573937792,0.0,0.002997002997002997,0.005910424237117464,False
4469,MAST,MAST,L-Ornithine,-1.5639482,-0.31923958021405346,0.6252275773695014,0.6869455573937792,0.0,0.002997002997002997,0.005910424237117464,False
4470,MAST,MAST,Lithocholic acid,0.09915966,0.02024088042158971,0.49192560834832233,0.6681630132484446,0.0,0.000999000999000999,0.002206206795116929,False
4471,MAST,MAST,Manganese,0.09915966,0.02024088042158971,0.49192560834832233,0.6681630132484446,0.0,0.000999000999000999,0.002206206795116929,False
4472,MAST,MAST,N-Desmethylcitalopram,-0.31046814,-0.06337404314081536,0.5252656718674116,0.6681630132484446,0.0,0.004995004995004995,0.008926091958582932,False
4473,MAST,MAST,N-Desmethyleletriptan,-0.31046814,-0.06337404314081536,0.5252656718674116,0.6681630132484446,0.0,0.004995004995004995,0.008926091958582932,False
4474,MAST,MAST,N-Desmethyltamoxifen,-0.31046814,-0.036589020866984706,0.5145936511256104,0.6681630132484446,0.0,0.004995004995004995,0.008926091958582932,False
4475,MAST,MAST,N-desmethylimatinib,-0.31046814,-0.03168702157040768,0.5126391775114932,0.6681630132484446,0.0,0.004995004995004995,0.008926091958582932,False
4476,MAST,MAST,Neurotransmitter,0.0,0.0,0.5,0.6681630132484446,0.0,0.000999000999000999,0.002206206795116929,False
4477,MAST,MAST,Nicotinate,-1.3526419,-0.12347875047159476,0.5491359999112067,0.6681630132484446,0.0,0.10589410589410589,0.12373059414030582,False
4478,MAST,MAST,Norepinephrine,0.19831932,0.04048176084317942,0.4838545239298867,0.6681630132484446,0.0,0.000999000999000999,0.002206206795116929,False
4479,MAST,MAST,O-Deethylated candesartan,-0.31046814,-0.06337404314081536,0.5252656718674116,0.6681630132484446,0.0,0.004995004995004995,0.008926091958582932,False
4480,MAST,MAST,O-Desmethylverapamil (D-702),0.606029,0.03194053143454704,0.4872597378531265,0.6681630132484446,0.0,0.012987012987012988,0.019964507542147295,False
4481,MAST,MAST,Oxalic acid,-1.5509613,-0.3165886406743995,0.6242221219091828,0.6867533425671752,0.0,0.10589410589410589,0.12373059414030582,False
4482,MAST,MAST,Phosphate,0.0,0.0,0.5,0.6681630132484446,0.0,0.000999000999000999,0.002206206795116929,False
4483,MAST,MAST,Progesterone,-0.31046814,-0.04481221565607935,0.51787150590515,0.6681630132484446,0.0,0.004995004995004995,0.008926091958582932,False
4484,MAST,MAST,Pyruvate,0.0,0.0,0.5,0.6681630132484446,0.0,0.000999000999000999,0.002206206795116929,False
4485,MAST,MAST,Sodium,2.210545,0.15953234839871272,0.43662473716306727,0.6681630132484446,0.0,0.08791208791208792,0.10491316845716708,False
4486,MAST,MAST,Sodium_hydrogen exchange,0.93700814,0.11042746859474607,0.45603518477584387,0.6681630132484446,0.0,0.014985014985014986,0.022683738280068557,False
4487,MAST,MAST,Sulfolithocholic acid,0.09915966,0.02024088042158971,0.49192560834832233,0.6681630132484446,0.0,0.000999000999000999,0.002206206795116929,False
4488,MAST,MAST,Taurocholic acid,-1.5639504,-0.08854125712284139,0.5352767526803209,0.6681630132484446,0.0,0.11188811188811189,0.13011992203131656,False
4489,MAST,MAST,Testosterone,-0.31046814,-0.025872344772020977,0.5103204208323446,0.6681630132484446,0.0,0.004995004995004995,0.008926091958582932,False
4490,MAST,MAST,Trihydroxycoprostanoic acid,0.09915966,0.02024088042158971,0.49192560834832233,0.6681630132484446,0.0,0.000999000999000999,0.002206206795116929,False
4491,MAST,MAST,Urea,0.09915966,0.02024088042158971,0.49192560834832233,0.6681630132484446,0.0,0.000999000999000999,0.002206206795116929,False
4492,MAST,MAST,Ursocholic acid,0.09915966,0.02024088042158971,0.49192560834832233,0.6681630132484446,0.0,0.000999000999000999,0.002206206795116929,False
4493,MAST,MAST,Ursodeoxycholic acid,0.09915966,0.02024088042158971,0.49192560834832233,0.6681630132484446,0.0,0.000999000999000999,0.002206206795116929,False
4494,MAST,MAST,Ursodeoxycholic acid 3-sulfate,0.09915966,0.02024088042158971,0.49192560834832233,0.6681630132484446,0.0,0.000999000999000999,0.002206206795116929,False
4495,MAST,MAST,Varanic acid,0.09915966,0.02024088042158971,0.49192560834832233,0.6681630132484446,0.0,0.000999000999000999,0.002206206795116929,False
4496,MAST,MAST,Vitamin D3,0.09885125,0.020177926630062775,0.49195071814927394,0.6681630132484446,0.0,0.000999000999000999,0.002206206795116929,False
4497,MAST,MAST,Water,-1.2540737,-0.12799336502088243,0.5509228880999302,0.6681630132484446,0.0,0.00999000999000999,0.01593343365495264,False
4498,MAST,MAST,Zinc,0.09915966,0.02024088042158971,0.49192560834832233,0.6681630132484446,0.0,0.000999000999000999,0.002206206795116929,False
4499,MAST,MAST,alpha-Ketoisovaleric acid,0.0,0.0,0.5,0.6681630132484446,0.0,0.000999000999000999,0.002206206795116929,False
4500,MAST,MNP,"(3a,5b,7a)-23-Carboxy-7-hydroxy-24-norcholan-3-yl-b-D-Glucopyranosiduronic acid",0.26579237,0.03431364739830395,0.48631352111430803,0.6681630132484446,0.0,0.002997002997002997,0.005910424237117464,False
4501,MAST,MNP,17a-Ethynylestradiol,-4.0585065,-0.5239509347199109,0.6998436666315169,0.7314004840531462,0.0,0.008991008991008992,0.014633088846334503,False
4502,MAST,MNP,"1b,3a,12a-Trihydroxy-5b-cholanoic acid",0.26579237,0.03431364739830395,0.48631352111430803,0.6681630132484446,0.0,0.002997002997002997,0.005910424237117464,False
4503,MAST,MNP,2-Hydroxychlorpropamide,-3.927435,-0.2927337153718096,0.6151371514703626,0.6849132570762552,0.0,0.01098901098901099,0.017442475069593715,False
4504,MAST,MNP,25-Hydroxycholesterol,4.1668696,0.5379405574298054,0.2953090435998737,0.6681630132484446,61.517673,0.21178821178821178,0.23300401773175228,False
4505,MAST,MNP,"3',4'-Dihydrodiol",-4.0585065,-0.5239509347199109,0.6998436666315169,0.7314004840531462,0.0,0.008991008991008992,0.014633088846334503,False
4506,MAST,MNP,3-Sulfodeoxycholic acid,0.26579237,0.03431364739830395,0.48631352111430803,0.6681630132484446,0.0,0.002997002997002997,0.005910424237117464,False
4507,MAST,MNP,"3alpha,7alpha-Dihydroxycoprostanic acid",0.26579237,0.03431364739830395,0.48631352111430803,0.6681630132484446,0.0,0.002997002997002997,0.005910424237117464,False
4508,MAST,MNP,3b-Hydroxy-5-cholenoic acid,0.26579237,0.03431364739830395,0.48631352111430803,0.6681630132484446,0.0,0.002997002997002997,0.005910424237117464,False
4509,MAST,MNP,4'-Hydroxydiclofenac,-4.0585065,-0.5239509347199109,0.6998436666315169,0.7314004840531462,0.0,0.008991008991008992,0.014633088846334503,False
4510,MAST,MNP,4-Hydroxycyclophosphamide,-4.0585065,-0.5239509347199109,0.6998436666315169,0.7314004840531462,0.0,0.008991008991008992,0.014633088846334503,False
4511,MAST,MNP,4-ene-Valproic acid,0.26579237,0.019810993562288687,0.49209707400538394,0.6681630132484446,0.0,0.001998001998001998,0.00412210593812261,False
4512,MAST,MNP,5-Hydroxyomeprazole,-3.2666035,-0.17216511962218073,0.5683461405523483,0.6681630132484446,0.0,0.024975024975024976,0.03509264458169568,False
4513,MAST,MNP,8-Hydroxycarvedilol,-4.0585065,-0.5239509347199109,0.6998436666315169,0.7314004840531462,0.0,0.008991008991008992,0.014633088846334503,False
4514,MAST,MNP,Acetate,-7.343576,-0.5473578344018201,0.7079335411134784,0.7361807385939663,27.509886,0.7172827172827173,0.7253420736566804,False
4515,MAST,MNP,Acetyl-L-Carnitine,0.26579237,0.03431364739830395,0.48631352111430803,0.6681630132484446,0.0,0.001998001998001998,0.00412210593812261,False
4516,MAST,MNP,Adenosine diphosphate ribose,-0.164017,-0.0211745045218807,0.5084467739168588,0.6681630132484446,0.0,0.057942057942057944,0.07335375621820635,False
4517,MAST,MNP,Adenosine triphosphate,-2.022419,-0.2610931670814584,0.6029896695699214,0.678960904270804,0.0,0.06393606393606394,0.07957559681697612,False
4518,MAST,MNP,Amiloride-sensitive sodium transport,0.18794358,0.02426341155719924,0.4903212489403576,0.6681630132484446,0.0,0.002997002997002997,0.005910424237117464,False
4519,MAST,MNP,Anion exchange,0.06276554,0.004678267038692198,0.49813364828714546,0.6681630132484446,0.0,0.07892107892107893,0.09538246894368277,False
4520,MAST,MNP,Butyrate,0.0,0.0,0.5,0.6681630132484446,0.0,0.000999000999000999,0.002206206795116929,False
4521,MAST,MNP,Cadmium,0.3544428,0.04575836937162258,0.4817514202298767,0.6681630132484446,0.0,0.004995004995004995,0.008926091958582932,False
4522,MAST,MNP,Chenodeoxycholic acid,0.26579237,0.03431364739830395,0.48631352111430803,0.6681630132484446,0.0,0.002997002997002997,0.005910424237117464,False
4523,MAST,MNP,Chenodeoxycholic acid 3-sulfate,0.26579237,0.03431364739830395,0.48631352111430803,0.6681630132484446,0.0,0.002997002997002997,0.005910424237117464,False
4524,MAST,MNP,Chloride,0.79737705,0.10294093449998529,0.45900492461090975,0.6681630132484446,0.0,0.01898101898101898,0.02770980862407026,False
4525,MAST,MNP,Chloride ion,0.41863638,0.05404572447181769,0.47844936729566545,0.6681630132484446,0.0,0.005994005994005994,0.010452557005148853,False
4526,MAST,MNP,Cholesterol,-4.5561748,-0.29409981581498584,0.6156591841887743,0.6849132570762552,0.0,0.05094905094905095,0.06533621818595912,False
4527,MAST,MNP,Cholic acid,-3.5305712,-0.2631532417493056,0.6037837656984728,0.6792278325761427,0.0,0.022977022977022976,0.032529268484324664,False
4528,MAST,MNP,Choline,0.26579237,0.03431364739830395,0.48631352111430803,0.6681630132484446,0.0,0.001998001998001998,0.00412210593812261,False
4529,MAST,MNP,Citric acid,-7.343576,-0.9480515791048243,0.8284484016127306,0.8344691022058464,27.509886,0.7172827172827173,0.7253420736566804,False
4530,MAST,MNP,Coprocholic acid,0.26579237,0.03431364739830395,0.48631352111430803,0.6681630132484446,0.0,0.002997002997002997,0.005910424237117464,False
4531,MAST,MNP,Cortisol,-3.927435,-0.2927337153718096,0.6151371514703626,0.6849132570762552,0.0,0.008991008991008992,0.014633088846334503,False
4532,MAST,MNP,Creatine,0.26579237,0.03431364739830395,0.48631352111430803,0.6681630132484446,0.0,0.001998001998001998,0.00412210593812261,False
4533,MAST,MNP,D-Lactate,0.0,0.0,0.5,0.6681630132484446,0.0,0.000999000999000999,0.002206206795116929,False
4534,MAST,MNP,Deoxycholic acid,0.26579237,0.03431364739830395,0.48631352111430803,0.6681630132484446,0.0,0.002997002997002997,0.005910424237117464,False
4535,MAST,MNP,Dopamine,0.26579237,0.03431364739830395,0.48631352111430803,0.6681630132484446,0.0,0.001998001998001998,0.00412210593812261,False
4536,MAST,MNP,E-3179,-4.0585065,-0.5239509347199109,0.6998436666315169,0.7314004840531462,0.0,0.008991008991008992,0.014633088846334503,False
4537,MAST,MNP,Estradiol,-11.008868,-0.6355973028828416,0.7374805360569423,0.7553562097065637,27.509886,0.7192807192807192,0.7272564027743484,False
4538,MAST,MNP,Estriol,-4.0585065,-0.5239509347199109,0.6998436666315169,0.7314004840531462,0.0,0.008991008991008992,0.014633088846334503,False
4539,MAST,MNP,Fatty acid,-13.9228525,-0.8038362648100699,0.7892542286019927,0.7970754596636271,0.0,0.5834165834165834,0.5950952197640452,False
4540,MAST,MNP,Folic acid,0.39868855,0.029716490343433027,0.4881465801687106,0.6681630132484446,0.0,0.004995004995004995,0.008926091958582932,False
4541,MAST,MNP,Folinic acid,0.26579237,0.03431364739830395,0.48631352111430803,0.6681630132484446,0.0,0.002997002997002997,0.005910424237117464,False
4542,MAST,MNP,Glutathione,0.26579237,0.03431364739830395,0.48631352111430803,0.6681630132484446,0.0,0.002997002997002997,0.005910424237117464,False
4543,MAST,MNP,Glycerol,-4.0585065,-0.5239509347199109,0.6998436666315169,0.7314004840531462,0.0,0.008991008991008992,0.014633088846334503,False
4544,MAST,MNP,Glycochenodeoxycholate-3-sulfate,0.26579237,0.03431364739830395,0.48631352111430803,0.6681630132484446,0.0,0.002997002997002997,0.005910424237117464,False
4545,MAST,MNP,Glycyl-glycine,0.0,0.0,0.5,0.6681630132484446,0.0,0.000999000999000999,0.002206206795116929,False
4546,MAST,MNP,Histamine,0.26579237,0.03431364739830395,0.48631352111430803,0.6681630132484446,0.0,0.001998001998001998,0.00412210593812261,False
4547,MAST,MNP,Hydroxylansoprazole,-3.927435,-0.2927337153718096,0.6151371514703626,0.6849132570762552,0.0,0.008991008991008992,0.014633088846334503,False
4548,MAST,MNP,Hyodeoxycholic acid,0.26579237,0.03431364739830395,0.48631352111430803,0.6681630132484446,0.0,0.002997002997002997,0.005910424237117464,False
4549,MAST,MNP,Iron,-7.5857925,-0.6924849485893556,0.7556835825538236,0.7695646182362965,121.60985,0.09290709290709291,0.11011564115720093,False
4550,MAST,MNP,Isoursodeoxycholic acid,0.26579237,0.03431364739830395,0.48631352111430803,0.6681630132484446,0.0,0.002997002997002997,0.005910424237117464,False
4551,MAST,MNP,Ketone bodies,0.0,0.0,0.5,0.6681630132484446,0.0,0.000999000999000999,0.002206206795116929,False
4552,MAST,MNP,L-Arginine,0.0,0.0,0.5,0.6681630132484446,0.0,0.000999000999000999,0.002206206795116929,False
4553,MAST,MNP,L-Carnitine,0.055509277,0.0035831084028837778,0.49857054962153463,0.6681630132484446,0.0,0.001998001998001998,0.00412210593812261,False
4554,MAST,MNP,L-Cystine,0.0,0.0,0.5,0.6681630132484446,0.0,0.000999000999000999,0.002206206795116929,False
4555,MAST,MNP,L-Dopa,0.0,0.0,0.5,0.6681630132484446,0.0,0.000999000999000999,0.002206206795116929,False
4556,MAST,MNP,L-Glutamate,0.0,0.0,0.5,0.6681630132484446,0.0,0.000999000999000999,0.002206206795116929,False
4557,MAST,MNP,L-Lactate,0.0,0.0,0.5,0.6681630132484446,0.0,0.000999000999000999,0.002206206795116929,False
4558,MAST,MNP,L-Lysine,0.0,0.0,0.5,0.6681630132484446,0.0,0.000999000999000999,0.002206206795116929,False
4559,MAST,MNP,L-Ornithine,0.0,0.0,0.5,0.6681630132484446,0.0,0.000999000999000999,0.002206206795116929,False
4560,MAST,MNP,Lithocholic acid,0.26579237,0.03431364739830395,0.48631352111430803,0.6681630132484446,0.0,0.002997002997002997,0.005910424237117464,False
4561,MAST,MNP,Manganese,0.3544428,0.04575836937162258,0.4817514202298767,0.6681630132484446,0.0,0.004995004995004995,0.008926091958582932,False
4562,MAST,MNP,N-Desmethylcitalopram,-4.0585065,-0.5239509347199109,0.6998436666315169,0.7314004840531462,0.0,0.008991008991008992,0.014633088846334503,False
4563,MAST,MNP,N-Desmethyleletriptan,-4.0585065,-0.5239509347199109,0.6998436666315169,0.7314004840531462,0.0,0.008991008991008992,0.014633088846334503,False
4564,MAST,MNP,N-Desmethyltamoxifen,-3.927435,-0.2927337153718096,0.6151371514703626,0.6849132570762552,0.0,0.008991008991008992,0.014633088846334503,False
4565,MAST,MNP,N-desmethylimatinib,-3.665292,-0.23659358283851323,0.5935139504825543,0.6770266346377942,0.0,0.015984015984015984,0.024033245990286563,False
4566,MAST,MNP,Neurotransmitter,0.0,0.0,0.5,0.6681630132484446,0.0,0.000999000999000999,0.002206206795116929,False
4567,MAST,MNP,Nicotinate,-7.0777836,-0.40863602578316793,0.6585966057401602,0.7044571251593916,27.509886,0.7172827172827173,0.7253420736566804,False
4568,MAST,MNP,Norepinephrine,0.26579237,0.03431364739830395,0.48631352111430803,0.6681630132484446,0.0,0.001998001998001998,0.00412210593812261,False
4569,MAST,MNP,O-Deethylated candesartan,-4.0585065,-0.5239509347199109,0.6998436666315169,0.7314004840531462,0.0,0.008991008991008992,0.014633088846334503,False
4570,MAST,MNP,O-Desmethylverapamil (D-702),-4.775587,-0.15918623606363932,0.5632389261916473,0.6681630132484446,0.0,0.04995004995004995,0.06423340993762222,False
4571,MAST,MNP,Oxalic acid,-7.343576,-0.9480515791048243,0.8284484016127306,0.8344691022058464,27.509886,0.7172827172827173,0.7253420736566804,False
4572,MAST,MNP,Phosphate,0.0,0.0,0.5,0.6681630132484446,0.0,0.000999000999000999,0.002206206795116929,False
4573,MAST,MNP,Progesterone,-3.7963636,-0.34655899598511786,0.6355386723420813,0.6917359823041658,0.0,0.015984015984015984,0.024033245990286563,False
4574,MAST,MNP,Pyruvate,0.0,0.0,0.5,0.6681630132484446,0.0,0.000999000999000999,0.002206206795116929,False
4575,MAST,MNP,Sodium,2.4217782,0.11053854587840499,0.4559911409831667,0.6681630132484446,0.0,0.1958041958041958,0.21648421776054197,False
4576,MAST,MNP,Sodium_hydrogen exchange,-0.51271045,-0.03821518078750069,0.5152419413904117,0.6681630132484446,0.0,0.04595404595404595,0.06003045022837671,False
4577,MAST,MNP,Sulfolithocholic acid,0.26579237,0.03431364739830395,0.48631352111430803,0.6681630132484446,0.0,0.002997002997002997,0.005910424237117464,False
4578,MAST,MNP,Taurocholic acid,-9.651941,-0.34559493639416927,0.63517642403477,0.6915589345735988,27.509886,0.7342657342657343,0.7418663855462223,False
4579,MAST,MNP,Testosterone,-5.335617,-0.2812117108203578,0.6107259884941365,0.6838473259435073,0.0,0.02097902097902098,0.030000952411187658,False
4580,MAST,MNP,Trihydroxycoprostanoic acid,0.26579237,0.03431364739830395,0.48631352111430803,0.6681630132484446,0.0,0.002997002997002997,0.005910424237117464,False
4581,MAST,MNP,Urea,0.0,0.0,0.5,0.6681630132484446,0.0,0.000999000999000999,0.002206206795116929,False
4582,MAST,MNP,Ursocholic acid,0.26579237,0.03431364739830395,0.48631352111430803,0.6681630132484446,0.0,0.002997002997002997,0.005910424237117464,False
4583,MAST,MNP,Ursodeoxycholic acid,0.26579237,0.03431364739830395,0.48631352111430803,0.6681630132484446,0.0,0.002997002997002997,0.005910424237117464,False
4584,MAST,MNP,Ursodeoxycholic acid 3-sulfate,0.26579237,0.03431364739830395,0.48631352111430803,0.6681630132484446,0.0,0.002997002997002997,0.005910424237117464,False
4585,MAST,MNP,Varanic acid,0.26579237,0.03431364739830395,0.48631352111430803,0.6681630132484446,0.0,0.002997002997002997,0.005910424237117464,False
4586,MAST,MNP,Vitamin D3,-0.6287398,-0.08116995582266445,0.5323466037830349,0.6681630132484446,0.0,0.04295704295704296,0.056477387154677997,False
4587,MAST,MNP,Water,0.56890106,0.03672240564685166,0.48535317178364934,0.6681630132484446,0.0,0.03396603396603397,0.045590667322218746,False
4588,MAST,MNP,Zinc,0.3544428,0.04575836937162258,0.4817514202298767,0.6681630132484446,0.0,0.004995004995004995,0.008926091958582932,False
4589,MAST,MNP,alpha-Ketoisovaleric acid,0.0,0.0,0.5,0.6681630132484446,0.0,0.000999000999000999,0.002206206795116929,False
4590,MAST,Muscularis_mucosa,"(3a,5b,7a)-23-Carboxy-7-hydroxy-24-norcholan-3-yl-b-D-Glucopyranosiduronic acid",0.1274863,0.03843856676805941,0.4846690059282402,0.6681630132484446,0.0,0.001998001998001998,0.00412210593812261,False
4591,MAST,Muscularis_mucosa,17a-Ethynylestradiol,0.0,0.0,0.5,0.6681630132484446,0.0,0.000999000999000999,0.002206206795116929,False
4592,MAST,Muscularis_mucosa,"1b,3a,12a-Trihydroxy-5b-cholanoic acid",0.1274863,0.03843856676805941,0.4846690059282402,0.6681630132484446,0.0,0.001998001998001998,0.00412210593812261,False
4593,MAST,Muscularis_mucosa,2-Hydroxychlorpropamide,0.0,0.0,0.5,0.6681630132484446,0.0,0.000999000999000999,0.002206206795116929,False
4594,MAST,Muscularis_mucosa,25-Hydroxycholesterol,-0.006276471,-0.0018924272329273596,0.5007549687851719,0.6681630132484446,0.0,0.017982017982017984,0.02639038217183071,False
4595,MAST,Muscularis_mucosa,"3',4'-Dihydrodiol",0.0,0.0,0.5,0.6681630132484446,0.0,0.000999000999000999,0.002206206795116929,False
4596,MAST,Muscularis_mucosa,3-Sulfodeoxycholic acid,0.1274863,0.03843856676805941,0.4846690059282402,0.6681630132484446,0.0,0.001998001998001998,0.00412210593812261,False
4597,MAST,Muscularis_mucosa,"3alpha,7alpha-Dihydroxycoprostanic acid",0.1274863,0.03843856676805941,0.4846690059282402,0.6681630132484446,0.0,0.001998001998001998,0.00412210593812261,False
4598,MAST,Muscularis_mucosa,3b-Hydroxy-5-cholenoic acid,0.1274863,0.03843856676805941,0.4846690059282402,0.6681630132484446,0.0,0.001998001998001998,0.00412210593812261,False
4599,MAST,Muscularis_mucosa,4'-Hydroxydiclofenac,0.0,0.0,0.5,0.6681630132484446,0.0,0.000999000999000999,0.002206206795116929,False
4600,MAST,Muscularis_mucosa,4-Hydroxycyclophosphamide,0.0,0.0,0.5,0.6681630132484446,0.0,0.000999000999000999,0.002206206795116929,False
4601,MAST,Muscularis_mucosa,4-ene-Valproic acid,0.0,0.0,0.5,0.6681630132484446,0.0,0.000999000999000999,0.002206206795116929,False
4602,MAST,Muscularis_mucosa,5-Hydroxyomeprazole,-2.218706,-0.27310381636019443,0.607613293411698,0.6824570702338845,0.0,0.011988011988011988,0.01879993733354222,False
4603,MAST,Muscularis_mucosa,8-Hydroxycarvedilol,0.0,0.0,0.5,0.6681630132484446,0.0,0.000999000999000999,0.002206206795116929,False
4604,MAST,Muscularis_mucosa,Acetate,0.30347812,0.052828760069384736,0.47893417313432957,0.6681630132484446,0.0,0.01098901098901099,0.017442475069593715,False
4605,MAST,Muscularis_mucosa,Acetyl-L-Carnitine,0.0,0.0,0.5,0.6681630132484446,0.0,0.000999000999000999,0.002206206795116929,False
4606,MAST,Muscularis_mucosa,Adenosine diphosphate ribose,0.40295267,0.12149480164979595,0.45164956594351496,0.6681630132484446,0.0,0.017982017982017984,0.02639038217183071,False
4607,MAST,Muscularis_mucosa,Adenosine triphosphate,-0.56040823,-0.16896944032556688,0.5670896605873466,0.6681630132484446,0.0,0.004995004995004995,0.008926091958582932,False
4608,MAST,Muscularis_mucosa,Amiloride-sensitive sodium transport,0.0,0.0,0.5,0.6681630132484446,0.0,0.000999000999000999,0.002206206795116929,False
4609,MAST,Muscularis_mucosa,Anion exchange,0.4737925,0.08247668665061651,0.46713382826006555,0.6681630132484446,0.0,0.006993006993006993,0.011945165999886237,False
4610,MAST,Muscularis_mucosa,Butyrate,0.0,0.0,0.5,0.6681630132484446,0.0,0.000999000999000999,0.002206206795116929,False
4611,MAST,Muscularis_mucosa,Cadmium,0.104092136,0.0313849598929985,0.4874812677550274,0.6681630132484446,0.0,0.002997002997002997,0.005910424237117464,False
4612,MAST,Muscularis_mucosa,Chenodeoxycholic acid,0.1274863,0.03843856676805941,0.4846690059282402,0.6681630132484446,0.0,0.001998001998001998,0.00412210593812261,False
4613,MAST,Muscularis_mucosa,Chenodeoxycholic acid 3-sulfate,0.1274863,0.03843856676805941,0.4846690059282402,0.6681630132484446,0.0,0.001998001998001998,0.00412210593812261,False
4614,MAST,Muscularis_mucosa,Chloride,-0.75134444,-0.22653887305927115,0.5896088356835327,0.6770266346377942,0.0,0.01098901098901099,0.017442475069593715,False
4615,MAST,Muscularis_mucosa,Chloride ion,0.39513952,0.11913904658403969,0.452582598164678,0.6681630132484446,0.0,0.01998001998001998,0.02902757619738752,False
4616,MAST,Muscularis_mucosa,Cholesterol,0.10390146,0.01566373456969465,0.4937513295334455,0.6681630132484446,0.0,0.001998001998001998,0.00412210593812261,False
4617,MAST,Muscularis_mucosa,Cholic acid,-2.218706,-0.3862271210324381,0.6503357652707336,0.70001611503619,0.0,0.011988011988011988,0.01879993733354222,False
4618,MAST,Muscularis_mucosa,Choline,0.0,0.0,0.5,0.6681630132484446,0.0,0.000999000999000999,0.002206206795116929,False
4619,MAST,Muscularis_mucosa,Citric acid,0.30347812,0.0915020965410403,0.4635468202139387,0.6681630132484446,0.0,0.01098901098901099,0.017442475069593715,False
4620,MAST,Muscularis_mucosa,Coprocholic acid,0.1274863,0.03843856676805941,0.4846690059282402,0.6681630132484446,0.0,0.001998001998001998,0.00412210593812261,False
4621,MAST,Muscularis_mucosa,Cortisol,0.0,0.0,0.5,0.6681630132484446,0.0,0.000999000999000999,0.002206206795116929,False
4622,MAST,Muscularis_mucosa,Creatine,0.0,0.0,0.5,0.6681630132484446,0.0,0.000999000999000999,0.002206206795116929,False
4623,MAST,Muscularis_mucosa,D-Lactate,0.0,0.0,0.5,0.6681630132484446,0.0,0.000999000999000999,0.002206206795116929,False
4624,MAST,Muscularis_mucosa,Deoxycholic acid,0.1274863,0.03843856676805941,0.4846690059282402,0.6681630132484446,0.0,0.001998001998001998,0.00412210593812261,False
4625,MAST,Muscularis_mucosa,Dopamine,0.0,0.0,0.5,0.6681630132484446,0.0,0.000999000999000999,0.002206206795116929,False
4626,MAST,Muscularis_mucosa,E-3179,0.0,0.0,0.5,0.6681630132484446,0.0,0.000999000999000999,0.002206206795116929,False
4627,MAST,Muscularis_mucosa,Estradiol,0.30347812,0.04092098158990289,0.48367944528285617,0.6681630132484446,0.0,0.01098901098901099,0.017442475069593715,False
4628,MAST,Muscularis_mucosa,Estriol,0.0,0.0,0.5,0.6681630132484446,0.0,0.000999000999000999,0.002206206795116929,False
4629,MAST,Muscularis_mucosa,Fatty acid,1.3235099,0.1784620427658814,0.42918006406422166,0.6681630132484446,0.0,0.08591408591408592,0.10281205584262051,False
4630,MAST,Muscularis_mucosa,Folic acid,0.1274863,0.022192516870802502,0.49114719339707036,0.6681630132484446,0.0,0.001998001998001998,0.00412210593812261,False
4631,MAST,Muscularis_mucosa,Folinic acid,0.1274863,0.03843856676805941,0.4846690059282402,0.6681630132484446,0.0,0.001998001998001998,0.00412210593812261,False
4632,MAST,Muscularis_mucosa,Glutathione,0.1274863,0.03843856676805941,0.4846690059282402,0.6681630132484446,0.0,0.001998001998001998,0.00412210593812261,False
4633,MAST,Muscularis_mucosa,Glycerol,0.0,0.0,0.5,0.6681630132484446,0.0,0.000999000999000999,0.002206206795116929,False
4634,MAST,Muscularis_mucosa,Glycochenodeoxycholate-3-sulfate,0.1274863,0.03843856676805941,0.4846690059282402,0.6681630132484446,0.0,0.001998001998001998,0.00412210593812261,False
4635,MAST,Muscularis_mucosa,Glycyl-glycine,0.0,0.0,0.5,0.6681630132484446,0.0,0.000999000999000999,0.002206206795116929,False
4636,MAST,Muscularis_mucosa,Histamine,0.0,0.0,0.5,0.6681630132484446,0.0,0.000999000999000999,0.002206206795116929,False
4637,MAST,Muscularis_mucosa,Hydroxylansoprazole,0.0,0.0,0.5,0.6681630132484446,0.0,0.000999000999000999,0.002206206795116929,False
4638,MAST,Muscularis_mucosa,Hyodeoxycholic acid,0.1274863,0.03843856676805941,0.4846690059282402,0.6681630132484446,0.0,0.001998001998001998,0.00412210593812261,False
4639,MAST,Muscularis_mucosa,Iron,-0.47036237,-0.1002815932171279,0.5399396148466452,0.6681630132484446,0.0,0.029970029970029972,0.041029693341032736,False
4640,MAST,Muscularis_mucosa,Isoursodeoxycholic acid,0.1274863,0.03843856676805941,0.4846690059282402,0.6681630132484446,0.0,0.001998001998001998,0.00412210593812261,False
4641,MAST,Muscularis_mucosa,Ketone bodies,0.0,0.0,0.5,0.6681630132484446,0.0,0.000999000999000999,0.002206206795116929,False
4642,MAST,Muscularis_mucosa,L-Arginine,0.0,0.0,0.5,0.6681630132484446,0.0,0.000999000999000999,0.002206206795116929,False
4643,MAST,Muscularis_mucosa,L-Carnitine,0.0,0.0,0.5,0.6681630132484446,0.0,0.000999000999000999,0.002206206795116929,False
4644,MAST,Muscularis_mucosa,L-Cystine,0.0,0.0,0.5,0.6681630132484446,0.0,0.000999000999000999,0.002206206795116929,False
4645,MAST,Muscularis_mucosa,L-Dopa,0.0,0.0,0.5,0.6681630132484446,0.0,0.000999000999000999,0.002206206795116929,False
4646,MAST,Muscularis_mucosa,L-Glutamate,0.0,0.0,0.5,0.6681630132484446,0.0,0.000999000999000999,0.002206206795116929,False
4647,MAST,Muscularis_mucosa,L-Lactate,0.0,0.0,0.5,0.6681630132484446,0.0,0.000999000999000999,0.002206206795116929,False
4648,MAST,Muscularis_mucosa,L-Lysine,0.0,0.0,0.5,0.6681630132484446,0.0,0.000999000999000999,0.002206206795116929,False
4649,MAST,Muscularis_mucosa,L-Ornithine,0.0,0.0,0.5,0.6681630132484446,0.0,0.000999000999000999,0.002206206795116929,False
4650,MAST,Muscularis_mucosa,Lithocholic acid,0.1274863,0.03843856676805941,0.4846690059282402,0.6681630132484446,0.0,0.001998001998001998,0.00412210593812261,False
4651,MAST,Muscularis_mucosa,Manganese,0.104092136,0.0313849598929985,0.4874812677550274,0.6681630132484446,0.0,0.002997002997002997,0.005910424237117464,False
4652,MAST,Muscularis_mucosa,N-Desmethylcitalopram,0.0,0.0,0.5,0.6681630132484446,0.0,0.000999000999000999,0.002206206795116929,False
4653,MAST,Muscularis_mucosa,N-Desmethyleletriptan,0.0,0.0,0.5,0.6681630132484446,0.0,0.000999000999000999,0.002206206795116929,False
4654,MAST,Muscularis_mucosa,N-Desmethyltamoxifen,0.0,0.0,0.5,0.6681630132484446,0.0,0.000999000999000999,0.002206206795116929,False
4655,MAST,Muscularis_mucosa,N-desmethylimatinib,0.0,0.0,0.5,0.6681630132484446,0.0,0.000999000999000999,0.002206206795116929,False
4656,MAST,Muscularis_mucosa,Neurotransmitter,0.0,0.0,0.5,0.6681630132484446,0.0,0.000999000999000999,0.002206206795116929,False
4657,MAST,Muscularis_mucosa,Nicotinate,0.30347812,0.04092098158990289,0.48367944528285617,0.6681630132484446,0.0,0.01098901098901099,0.017442475069593715,False
4658,MAST,Muscularis_mucosa,Norepinephrine,0.0,0.0,0.5,0.6681630132484446,0.0,0.000999000999000999,0.002206206795116929,False
4659,MAST,Muscularis_mucosa,O-Deethylated candesartan,0.0,0.0,0.5,0.6681630132484446,0.0,0.000999000999000999,0.002206206795116929,False
4660,MAST,Muscularis_mucosa,O-Desmethylverapamil (D-702),-2.218706,-0.17272601947651406,0.5685666047016926,0.6682447870214979,0.0,0.011988011988011988,0.01879993733354222,False
4661,MAST,Muscularis_mucosa,Oxalic acid,0.30347812,0.0915020965410403,0.4635468202139387,0.6681630132484446,0.0,0.01098901098901099,0.017442475069593715,False
4662,MAST,Muscularis_mucosa,Phosphate,0.0,0.0,0.5,0.6681630132484446,0.0,0.000999000999000999,0.002206206795116929,False
4663,MAST,Muscularis_mucosa,Progesterone,0.0,0.0,0.5,0.6681630132484446,0.0,0.000999000999000999,0.002206206795116929,False
4664,MAST,Muscularis_mucosa,Pyruvate,0.0,0.0,0.5,0.6681630132484446,0.0,0.000999000999000999,0.002206206795116929,False
4665,MAST,Muscularis_mucosa,Sodium,-3.518189,-0.37504020256960124,0.6461847160903239,0.6975171468077795,0.0,0.060939060939060936,0.07638048332568137,False
4666,MAST,Muscularis_mucosa,Sodium_hydrogen exchange,0.18029287,0.031384960991471665,0.4874812673170158,0.6681630132484446,0.0,0.004995004995004995,0.008926091958582932,False
4667,MAST,Muscularis_mucosa,Sulfolithocholic acid,0.1274863,0.03843856676805941,0.4846690059282402,0.6681630132484446,0.0,0.001998001998001998,0.00412210593812261,False
4668,MAST,Muscularis_mucosa,Taurocholic acid,-3.196198,-0.2672795028697328,0.6053730163939273,0.6806026936421018,0.0,0.02197802197802198,0.03133903133903134,False
4669,MAST,Muscularis_mucosa,Testosterone,0.0,0.0,0.5,0.6681630132484446,0.0,0.000999000999000999,0.002206206795116929,False
4670,MAST,Muscularis_mucosa,Trihydroxycoprostanoic acid,0.1274863,0.03843856676805941,0.4846690059282402,0.6681630132484446,0.0,0.001998001998001998,0.00412210593812261,False
4671,MAST,Muscularis_mucosa,Urea,0.104092136,0.0313849598929985,0.4874812677550274,0.6681630132484446,0.0,0.000999000999000999,0.002206206795116929,False
4672,MAST,Muscularis_mucosa,Ursocholic acid,0.1274863,0.03843856676805941,0.4846690059282402,0.6681630132484446,0.0,0.001998001998001998,0.00412210593812261,False
4673,MAST,Muscularis_mucosa,Ursodeoxycholic acid,0.1274863,0.03843856676805941,0.4846690059282402,0.6681630132484446,0.0,0.001998001998001998,0.00412210593812261,False
4674,MAST,Muscularis_mucosa,Ursodeoxycholic acid 3-sulfate,0.1274863,0.03843856676805941,0.4846690059282402,0.6681630132484446,0.0,0.001998001998001998,0.00412210593812261,False
4675,MAST,Muscularis_mucosa,Varanic acid,0.1274863,0.03843856676805941,0.4846690059282402,0.6681630132484446,0.0,0.001998001998001998,0.00412210593812261,False
4676,MAST,Muscularis_mucosa,Vitamin D3,0.10390146,0.0313274691393893,0.48750419197491435,0.6681630132484446,0.0,0.001998001998001998,0.00412210593812261,False
4677,MAST,Muscularis_mucosa,Water,0.1274863,0.019219283384029704,0.49233308726379477,0.6681630132484446,0.0,0.002997002997002997,0.005910424237117464,False
4678,MAST,Muscularis_mucosa,Zinc,0.104092136,0.0313849598929985,0.4874812677550274,0.6681630132484446,0.0,0.002997002997002997,0.005910424237117464,False
4679,MAST,Muscularis_mucosa,alpha-Ketoisovaleric acid,0.0,0.0,0.5,0.6681630132484446,0.0,0.000999000999000999,0.002206206795116929,False
4680,MAST,Myofibroblast,"(3a,5b,7a)-23-Carboxy-7-hydroxy-24-norcholan-3-yl-b-D-Glucopyranosiduronic acid",0.0,0.0,0.5,0.6681630132484446,0.0,0.000999000999000999,0.002206206795116929,False
4681,MAST,Myofibroblast,17a-Ethynylestradiol,0.0,0.0,0.5,0.6681630132484446,0.0,0.000999000999000999,0.002206206795116929,False
4682,MAST,Myofibroblast,"1b,3a,12a-Trihydroxy-5b-cholanoic acid",0.0,0.0,0.5,0.6681630132484446,0.0,0.000999000999000999,0.002206206795116929,False
4683,MAST,Myofibroblast,2-Hydroxychlorpropamide,0.0,0.0,0.5,0.6681630132484446,0.0,0.000999000999000999,0.002206206795116929,False
4684,MAST,Myofibroblast,25-Hydroxycholesterol,-0.062967174,-0.011309238260069528,0.5045116371286551,0.6681630132484446,0.0,0.33166833166833165,0.3500550622085803,False
4685,MAST,Myofibroblast,"3',4'-Dihydrodiol",0.0,0.0,0.5,0.6681630132484446,0.0,0.000999000999000999,0.002206206795116929,False
4686,MAST,Myofibroblast,3-Sulfodeoxycholic acid,0.0,0.0,0.5,0.6681630132484446,0.0,0.000999000999000999,0.002206206795116929,False
4687,MAST,Myofibroblast,"3alpha,7alpha-Dihydroxycoprostanic acid",0.0,0.0,0.5,0.6681630132484446,0.0,0.000999000999000999,0.002206206795116929,False
4688,MAST,Myofibroblast,3b-Hydroxy-5-cholenoic acid,0.0,0.0,0.5,0.6681630132484446,0.0,0.000999000999000999,0.002206206795116929,False
4689,MAST,Myofibroblast,4'-Hydroxydiclofenac,0.0,0.0,0.5,0.6681630132484446,0.0,0.000999000999000999,0.002206206795116929,False
4690,MAST,Myofibroblast,4-Hydroxycyclophosphamide,0.0,0.0,0.5,0.6681630132484446,0.0,0.000999000999000999,0.002206206795116929,False
4691,MAST,Myofibroblast,4-ene-Valproic acid,0.26251924,0.027221977121069375,0.48914134349614485,0.6681630132484446,0.0,0.003996003996003996,0.007468259895444362,False
4692,MAST,Myofibroblast,5-Hydroxyomeprazole,0.0,0.0,0.5,0.6681630132484446,0.0,0.000999000999000999,0.002206206795116929,False
4693,MAST,Myofibroblast,8-Hydroxycarvedilol,0.0,0.0,0.5,0.6681630132484446,0.0,0.000999000999000999,0.002206206795116929,False
4694,MAST,Myofibroblast,Acetate,11.470122,1.1893962796471376,0.11714188206935622,0.6681630132484446,23.532845,0.08591408591408592,0.10281205584262051,False
4695,MAST,Myofibroblast,Acetyl-L-Carnitine,0.26251924,0.047149847456169715,0.4811968994808004,0.6681630132484446,0.0,0.003996003996003996,0.007468259895444362,False
4696,MAST,Myofibroblast,Adenosine diphosphate ribose,-0.52033013,-0.09345405034157149,0.537228573804695,0.6681630132484446,0.0,0.005994005994005994,0.010452557005148853,False
4697,MAST,Myofibroblast,Adenosine triphosphate,-1.9750296,-0.3547257856188772,0.6386024842808553,0.6939806036433533,0.0,0.028971028971028972,0.03983516483516483,False
4698,MAST,Myofibroblast,Amiloride-sensitive sodium transport,0.0,0.0,0.5,0.6681630132484446,0.0,0.000999000999000999,0.002206206795116929,False
4699,MAST,Myofibroblast,Anion exchange,0.6427377,0.06664879334223053,0.4734306503008866,0.6681630132484446,0.0,0.015984015984015984,0.024033245990286563,False
4700,MAST,Myofibroblast,Butyrate,0.0,0.0,0.5,0.6681630132484446,0.0,0.000999000999000999,0.002206206795116929,False
4701,MAST,Myofibroblast,Cadmium,0.18562913,0.03333997585261263,0.48670173767321545,0.6681630132484446,0.0,0.002997002997002997,0.005910424237117464,False
4702,MAST,Myofibroblast,Chenodeoxycholic acid,0.0,0.0,0.5,0.6681630132484446,0.0,0.000999000999000999,0.002206206795116929,False
4703,MAST,Myofibroblast,Chenodeoxycholic acid 3-sulfate,0.0,0.0,0.5,0.6681630132484446,0.0,0.000999000999000999,0.002206206795116929,False
4704,MAST,Myofibroblast,Chloride,-2.0289166,-0.3644041782571167,0.6422218920690991,0.6954455921949484,0.0,0.015984015984015984,0.024033245990286563,False
4705,MAST,Myofibroblast,Chloride ion,0.6568057,0.11796578506231813,0.4530473840545086,0.6681630132484446,0.0,0.017982017982017984,0.02639038217183071,False
4706,MAST,Myofibroblast,Cholesterol,0.0,0.0,0.5,0.6681630132484446,0.0,0.000999000999000999,0.002206206795116929,False
4707,MAST,Myofibroblast,Cholic acid,0.0,0.0,0.5,0.6681630132484446,0.0,0.000999000999000999,0.002206206795116929,False
4708,MAST,Myofibroblast,Choline,0.26251924,0.047149847456169715,0.4811968994808004,0.6681630132484446,0.0,0.003996003996003996,0.007468259895444362,False
4709,MAST,Myofibroblast,Citric acid,11.470122,2.060094786682243,0.01969474008857887,0.6681630132484446,23.532845,0.08591408591408592,0.10281205584262051,False
4710,MAST,Myofibroblast,Coprocholic acid,0.0,0.0,0.5,0.6681630132484446,0.0,0.000999000999000999,0.002206206795116929,False
4711,MAST,Myofibroblast,Cortisol,0.0,0.0,0.5,0.6681630132484446,0.0,0.000999000999000999,0.002206206795116929,False
4712,MAST,Myofibroblast,Creatine,0.26251924,0.047149847456169715,0.4811968994808004,0.6681630132484446,0.0,0.003996003996003996,0.007468259895444362,False
4713,MAST,Myofibroblast,D-Lactate,0.0,0.0,0.5,0.6681630132484446,0.0,0.000999000999000999,0.002206206795116929,False
4714,MAST,Myofibroblast,Deoxycholic acid,0.0,0.0,0.5,0.6681630132484446,0.0,0.000999000999000999,0.002206206795116929,False
4715,MAST,Myofibroblast,Dopamine,0.26251924,0.047149847456169715,0.4811968994808004,0.6681630132484446,0.0,0.003996003996003996,0.007468259895444362,False
4716,MAST,Myofibroblast,E-3179,0.0,0.0,0.5,0.6681630132484446,0.0,0.000999000999000999,0.002206206795116929,False
4717,MAST,Myofibroblast,Estradiol,11.732641,0.9423884207056713,0.17299690669118722,0.6681630132484446,23.532845,0.08591408591408592,0.10281205584262051,False
4718,MAST,Myofibroblast,Estriol,0.0,0.0,0.5,0.6681630132484446,0.0,0.000999000999000999,0.002206206795116929,False
4719,MAST,Myofibroblast,Fatty acid,4.621133,0.3711783227065953,0.35525235883669304,0.6681630132484446,39.17109,0.025974025974025976,0.036297640653357534,True
4720,MAST,Myofibroblast,Folic acid,0.0,0.0,0.5,0.6681630132484446,0.0,0.000999000999000999,0.002206206795116929,False
4721,MAST,Myofibroblast,Folinic acid,0.0,0.0,0.5,0.6681630132484446,0.0,0.000999000999000999,0.002206206795116929,False
4722,MAST,Myofibroblast,Glutathione,0.0,0.0,0.5,0.6681630132484446,0.0,0.000999000999000999,0.002206206795116929,False
4723,MAST,Myofibroblast,Glycerol,0.0,0.0,0.5,0.6681630132484446,0.0,0.000999000999000999,0.002206206795116929,False
4724,MAST,Myofibroblast,Glycochenodeoxycholate-3-sulfate,0.0,0.0,0.5,0.6681630132484446,0.0,0.000999000999000999,0.002206206795116929,False
4725,MAST,Myofibroblast,Glycyl-glycine,0.0,0.0,0.5,0.6681630132484446,0.0,0.000999000999000999,0.002206206795116929,False
4726,MAST,Myofibroblast,Histamine,0.26251924,0.047149847456169715,0.4811968994808004,0.6681630132484446,0.0,0.003996003996003996,0.007468259895444362,False
4727,MAST,Myofibroblast,Hydroxylansoprazole,0.0,0.0,0.5,0.6681630132484446,0.0,0.000999000999000999,0.002206206795116929,False
4728,MAST,Myofibroblast,Hyodeoxycholic acid,0.0,0.0,0.5,0.6681630132484446,0.0,0.000999000999000999,0.002206206795116929,False
4729,MAST,Myofibroblast,Iron,0.6528766,0.08291541308703963,0.4669593991858246,0.6681630132484446,20.901117,0.11988011988011989,0.13832321524629218,False
4730,MAST,Myofibroblast,Isoursodeoxycholic acid,0.0,0.0,0.5,0.6681630132484446,0.0,0.000999000999000999,0.002206206795116929,False
4731,MAST,Myofibroblast,Ketone bodies,0.0,0.0,0.5,0.6681630132484446,0.0,0.000999000999000999,0.002206206795116929,False
4732,MAST,Myofibroblast,L-Arginine,0.0,0.0,0.5,0.6681630132484446,0.0,0.000999000999000999,0.002206206795116929,False
4733,MAST,Myofibroblast,L-Carnitine,0.44814837,0.040244911654391174,0.48394893614567974,0.6681630132484446,0.0,0.005994005994005994,0.010452557005148853,False
4734,MAST,Myofibroblast,L-Cystine,0.0,0.0,0.5,0.6681630132484446,0.0,0.000999000999000999,0.002206206795116929,False
4735,MAST,Myofibroblast,L-Dopa,0.0,0.0,0.5,0.6681630132484446,0.0,0.000999000999000999,0.002206206795116929,False
4736,MAST,Myofibroblast,L-Glutamate,0.0,0.0,0.5,0.6681630132484446,0.0,0.000999000999000999,0.002206206795116929,False
4737,MAST,Myofibroblast,L-Lactate,0.0,0.0,0.5,0.6681630132484446,0.0,0.000999000999000999,0.002206206795116929,False
4738,MAST,Myofibroblast,L-Lysine,0.0,0.0,0.5,0.6681630132484446,0.0,0.000999000999000999,0.002206206795116929,False
4739,MAST,Myofibroblast,L-Ornithine,0.0,0.0,0.5,0.6681630132484446,0.0,0.000999000999000999,0.002206206795116929,False
4740,MAST,Myofibroblast,Lithocholic acid,0.0,0.0,0.5,0.6681630132484446,0.0,0.000999000999000999,0.002206206795116929,False
4741,MAST,Myofibroblast,Manganese,0.18562913,0.03333997585261263,0.48670173767321545,0.6681630132484446,0.0,0.002997002997002997,0.005910424237117464,False
4742,MAST,Myofibroblast,N-Desmethylcitalopram,0.0,0.0,0.5,0.6681630132484446,0.0,0.000999000999000999,0.002206206795116929,False
4743,MAST,Myofibroblast,N-Desmethyleletriptan,0.0,0.0,0.5,0.6681630132484446,0.0,0.000999000999000999,0.002206206795116929,False
4744,MAST,Myofibroblast,N-Desmethyltamoxifen,0.0,0.0,0.5,0.6681630132484446,0.0,0.000999000999000999,0.002206206795116929,False
4745,MAST,Myofibroblast,N-desmethylimatinib,0.26251924,0.023574923728084857,0.4905958372786317,0.6681630132484446,0.0,0.003996003996003996,0.007468259895444362,False
4746,MAST,Myofibroblast,Neurotransmitter,0.0,0.0,0.5,0.6681630132484446,0.0,0.000999000999000999,0.002206206795116929,False
4747,MAST,Myofibroblast,Nicotinate,11.732641,0.9423884207056713,0.17299690669118722,0.6681630132484446,23.532845,0.08591408591408592,0.10281205584262051,False
4748,MAST,Myofibroblast,Norepinephrine,0.26251924,0.047149847456169715,0.4811968994808004,0.6681630132484446,0.0,0.003996003996003996,0.007468259895444362,False
4749,MAST,Myofibroblast,O-Deethylated candesartan,0.0,0.0,0.5,0.6681630132484446,0.0,0.000999000999000999,0.002206206795116929,False
4750,MAST,Myofibroblast,O-Desmethylverapamil (D-702),1.0819259,0.05017311077788728,0.4799922195245654,0.6681630132484446,0.0,0.017982017982017984,0.02639038217183071,False
4751,MAST,Myofibroblast,Oxalic acid,11.470122,2.060094786682243,0.01969474008857887,0.6681630132484446,23.532845,0.08591408591408592,0.10281205584262051,False
4752,MAST,Myofibroblast,Phosphate,0.0,0.0,0.5,0.6681630132484446,0.0,0.000999000999000999,0.002206206795116929,False
4753,MAST,Myofibroblast,Progesterone,0.26251924,0.03333997686816889,0.48670173726829224,0.6681630132484446,0.0,0.003996003996003996,0.007468259895444362,False
4754,MAST,Myofibroblast,Pyruvate,0.0,0.0,0.5,0.6681630132484446,0.0,0.000999000999000999,0.002206206795116929,False
4755,MAST,Myofibroblast,Sodium,1.276403,0.08105166839492486,0.46770043109795817,0.6681630132484446,0.0,0.04995004995004995,0.06423340993762222,False
4756,MAST,Myofibroblast,Sodium_hydrogen exchange,-0.12914926,-0.013392154209807931,0.5053425368423238,0.6681630132484446,0.0,0.00999000999000999,0.01593343365495264,False
4757,MAST,Myofibroblast,Sulfolithocholic acid,0.0,0.0,0.5,0.6681630132484446,0.0,0.000999000999000999,0.002206206795116929,False
4758,MAST,Myofibroblast,Taurocholic acid,11.732641,0.5844444882108563,0.2794606514168263,0.6681630132484446,23.532845,0.08591408591408592,0.10281205584262051,False
4759,MAST,Myofibroblast,Testosterone,0.26251924,0.019248844619613206,0.4923212962183058,0.6681630132484446,0.0,0.003996003996003996,0.007468259895444362,False
4760,MAST,Myofibroblast,Trihydroxycoprostanoic acid,0.0,0.0,0.5,0.6681630132484446,0.0,0.000999000999000999,0.002206206795116929,False
4761,MAST,Myofibroblast,Urea,0.13125962,0.023574923728084857,0.4905958372786317,0.6681630132484446,0.0,0.000999000999000999,0.002206206795116929,False
4762,MAST,Myofibroblast,Ursocholic acid,0.0,0.0,0.5,0.6681630132484446,0.0,0.000999000999000999,0.002206206795116929,False
4763,MAST,Myofibroblast,Ursodeoxycholic acid,0.0,0.0,0.5,0.6681630132484446,0.0,0.000999000999000999,0.002206206795116929,False
4764,MAST,Myofibroblast,Ursodeoxycholic acid 3-sulfate,0.0,0.0,0.5,0.6681630132484446,0.0,0.000999000999000999,0.002206206795116929,False
4765,MAST,Myofibroblast,Varanic acid,0.0,0.0,0.5,0.6681630132484446,0.0,0.000999000999000999,0.002206206795116929,False
4766,MAST,Myofibroblast,Vitamin D3,0.0,0.0,0.5,0.6681630132484446,0.0,0.000999000999000999,0.002206206795116929,False
4767,MAST,Myofibroblast,Water,0.680127,0.06107720983946904,0.4756488595859209,0.6681630132484446,0.0,0.004995004995004995,0.008926091958582932,False
4768,MAST,Myofibroblast,Zinc,0.18562913,0.03333997585261263,0.48670173767321545,0.6681630132484446,0.0,0.002997002997002997,0.005910424237117464,False
4769,MAST,Myofibroblast,alpha-Ketoisovaleric acid,0.0,0.0,0.5,0.6681630132484446,0.0,0.000999000999000999,0.002206206795116929,False
4770,MAST,Pericyte,"(3a,5b,7a)-23-Carboxy-7-hydroxy-24-norcholan-3-yl-b-D-Glucopyranosiduronic acid",0.08059662,0.019547551208379914,0.49220215194956735,0.6681630132484446,0.0,0.003996003996003996,0.007468259895444362,False
4771,MAST,Pericyte,17a-Ethynylestradiol,-0.730087,-0.1770721025709457,0.5702741227193562,0.6682447870214979,0.0,0.003996003996003996,0.007468259895444362,False
4772,MAST,Pericyte,"1b,3a,12a-Trihydroxy-5b-cholanoic acid",0.08059662,0.019547551208379914,0.49220215194956735,0.6681630132484446,0.0,0.003996003996003996,0.007468259895444362,False
4773,MAST,Pericyte,2-Hydroxychlorpropamide,-0.730087,-0.10223262608530853,0.5407139842275097,0.6681630132484446,0.0,0.003996003996003996,0.007468259895444362,False
4774,MAST,Pericyte,25-Hydroxycholesterol,-0.6430782,-0.15596937511716774,0.5619714195623993,0.6681630132484446,0.0,0.1878121878121878,0.20824615384615386,False
4775,MAST,Pericyte,"3',4'-Dihydrodiol",-0.730087,-0.1770721025709457,0.5702741227193562,0.6682447870214979,0.0,0.003996003996003996,0.007468259895444362,False
4776,MAST,Pericyte,3-Sulfodeoxycholic acid,0.08059662,0.019547551208379914,0.49220215194956735,0.6681630132484446,0.0,0.003996003996003996,0.007468259895444362,False
4777,MAST,Pericyte,"3alpha,7alpha-Dihydroxycoprostanic acid",0.08059662,0.019547551208379914,0.49220215194956735,0.6681630132484446,0.0,0.003996003996003996,0.007468259895444362,False
4778,MAST,Pericyte,3b-Hydroxy-5-cholenoic acid,0.08059662,0.019547551208379914,0.49220215194956735,0.6681630132484446,0.0,0.003996003996003996,0.007468259895444362,False
4779,MAST,Pericyte,4'-Hydroxydiclofenac,-0.730087,-0.1770721025709457,0.5702741227193562,0.6682447870214979,0.0,0.003996003996003996,0.007468259895444362,False
4780,MAST,Pericyte,4-Hydroxycyclophosphamide,-0.730087,-0.1770721025709457,0.5702741227193562,0.6682447870214979,0.0,0.003996003996003996,0.007468259895444362,False
4781,MAST,Pericyte,4-ene-Valproic acid,0.0,0.0,0.5,0.6681630132484446,0.0,0.000999000999000999,0.002206206795116929,False
4782,MAST,Pericyte,5-Hydroxyomeprazole,-1.1657399,-0.11542544917081124,0.5459460458755725,0.6681630132484446,0.0,0.007992007992007992,0.01321828529465761,False
4783,MAST,Pericyte,8-Hydroxycarvedilol,-0.730087,-0.1770721025709457,0.5702741227193562,0.6682447870214979,0.0,0.003996003996003996,0.007468259895444362,False
4784,MAST,Pericyte,Acetate,-0.33314794,-0.046650042964561794,0.5186039265501499,0.6681630132484446,0.0,0.04795204795204795,0.06231158678186618,False
4785,MAST,Pericyte,Acetyl-L-Carnitine,0.0,0.0,0.5,0.6681630132484446,0.0,0.000999000999000999,0.002206206795116929,False
4786,MAST,Pericyte,Adenosine diphosphate ribose,0.25388965,0.0615772849788189,0.47544973328396206,0.6681630132484446,0.0,0.01098901098901099,0.017442475069593715,False
4787,MAST,Pericyte,Adenosine triphosphate,0.24178985,0.05864265181810852,0.4766183689403647,0.6681630132484446,0.0,0.008991008991008992,0.014633088846334503,False
4788,MAST,Pericyte,Amiloride-sensitive sodium transport,0.0,0.0,0.5,0.6681630132484446,0.0,0.000999000999000999,0.002206206795116929,False
4789,MAST,Pericyte,Anion exchange,0.16193421,0.022675325177656046,0.4909546292150337,0.6681630132484446,0.0,0.004995004995004995,0.008926091958582932,False
4790,MAST,Pericyte,Butyrate,0.0,0.0,0.5,0.6681630132484446,0.0,0.000999000999000999,0.002206206795116929,False
4791,MAST,Pericyte,Cadmium,0.0,0.0,0.5,0.6681630132484446,0.0,0.000999000999000999,0.002206206795116929,False
4792,MAST,Pericyte,Chenodeoxycholic acid,0.08059662,0.019547551208379914,0.49220215194956735,0.6681630132484446,0.0,0.003996003996003996,0.007468259895444362,False
4793,MAST,Pericyte,Chenodeoxycholic acid 3-sulfate,0.08059662,0.019547551208379914,0.49220215194956735,0.6681630132484446,0.0,0.003996003996003996,0.007468259895444362,False
4794,MAST,Pericyte,Chloride,-1.3139256,-0.3186737724423215,0.6250130474596041,0.6869455573937792,0.0,0.002997002997002997,0.005910424237117464,False
4795,MAST,Pericyte,Chloride ion,-0.2719761,-0.06596389663887246,0.5262967154335241,0.6681630132484446,0.0,0.026973026973026972,0.03751968625513386,False
4796,MAST,Pericyte,Cholesterol,-1.0810943,-0.13110193664056058,0.5521526654150927,0.6681630132484446,0.0,0.014985014985014986,0.022683738280068557,False
4797,MAST,Pericyte,Cholic acid,-1.1657399,-0.16323623566036757,0.5648337815558606,0.6681630132484446,0.0,0.007992007992007992,0.01321828529465761,False
4798,MAST,Pericyte,Choline,0.0,0.0,0.5,0.6681630132484446,0.0,0.000999000999000999,0.002206206795116929,False
4799,MAST,Pericyte,Citric acid,-0.33314794,-0.08080024458989207,0.5321995932236322,0.6681630132484446,0.0,0.04795204795204795,0.06231158678186618,False
4800,MAST,Pericyte,Coprocholic acid,0.08059662,0.019547551208379914,0.49220215194956735,0.6681630132484446,0.0,0.003996003996003996,0.007468259895444362,False
4801,MAST,Pericyte,Cortisol,-0.730087,-0.10223262608530853,0.5407139842275097,0.6681630132484446,0.0,0.003996003996003996,0.007468259895444362,False
4802,MAST,Pericyte,Creatine,0.0,0.0,0.5,0.6681630132484446,0.0,0.000999000999000999,0.002206206795116929,False
4803,MAST,Pericyte,D-Lactate,0.0,0.0,0.5,0.6681630132484446,0.0,0.000999000999000999,0.002206206795116929,False
4804,MAST,Pericyte,Deoxycholic acid,0.08059662,0.019547551208379914,0.49220215194956735,0.6681630132484446,0.0,0.003996003996003996,0.007468259895444362,False
4805,MAST,Pericyte,Dopamine,0.0,0.0,0.5,0.6681630132484446,0.0,0.000999000999000999,0.002206206795116929,False
4806,MAST,Pericyte,E-3179,-0.730087,-0.1770721025709457,0.5702741227193562,0.6682447870214979,0.0,0.003996003996003996,0.007468259895444362,False
4807,MAST,Pericyte,Estradiol,-1.0632349,-0.11532401955381164,0.5459058497371817,0.6681630132484446,0.0,0.05094905094905095,0.06533621818595912,False
4808,MAST,Pericyte,Estriol,-0.730087,-0.1770721025709457,0.5702741227193562,0.6682447870214979,0.0,0.003996003996003996,0.007468259895444362,False
4809,MAST,Pericyte,Fatty acid,-2.2690961,-0.24611803181861427,0.5972045675233554,0.6770266346377942,0.0,0.16783216783216784,0.18813926287235896,False
4810,MAST,Pericyte,Folic acid,0.08059662,0.01128578395215614,0.4954977191893188,0.6681630132484446,0.0,0.003996003996003996,0.007468259895444362,False
4811,MAST,Pericyte,Folinic acid,0.08059662,0.019547551208379914,0.49220215194956735,0.6681630132484446,0.0,0.003996003996003996,0.007468259895444362,False
4812,MAST,Pericyte,Glutathione,0.08059662,0.019547551208379914,0.49220215194956735,0.6681630132484446,0.0,0.003996003996003996,0.007468259895444362,False
4813,MAST,Pericyte,Glycerol,-0.730087,-0.1770721025709457,0.5702741227193562,0.6682447870214979,0.0,0.003996003996003996,0.007468259895444362,False
4814,MAST,Pericyte,Glycochenodeoxycholate-3-sulfate,0.08059662,0.019547551208379914,0.49220215194956735,0.6681630132484446,0.0,0.003996003996003996,0.007468259895444362,False
4815,MAST,Pericyte,Glycyl-glycine,0.0,0.0,0.5,0.6681630132484446,0.0,0.000999000999000999,0.002206206795116929,False
4816,MAST,Pericyte,Histamine,0.0,0.0,0.5,0.6681630132484446,0.0,0.000999000999000999,0.002206206795116929,False
4817,MAST,Pericyte,Hydroxylansoprazole,-0.730087,-0.10223262608530853,0.5407139842275097,0.6681630132484446,0.0,0.003996003996003996,0.007468259895444362,False
4818,MAST,Pericyte,Hyodeoxycholic acid,0.08059662,0.019547551208379914,0.49220215194956735,0.6681630132484446,0.0,0.003996003996003996,0.007468259895444362,False
4819,MAST,Pericyte,Iron,-0.5075352,-0.08704157200150768,0.534680766098246,0.6681630132484446,0.0,0.17082917082917082,0.19137506528389164,False
4820,MAST,Pericyte,Isoursodeoxycholic acid,0.08059662,0.019547551208379914,0.49220215194956735,0.6681630132484446,0.0,0.003996003996003996,0.007468259895444362,False
4821,MAST,Pericyte,Ketone bodies,0.0,0.0,0.5,0.6681630132484446,0.0,0.000999000999000999,0.002206206795116929,False
4822,MAST,Pericyte,L-Arginine,0.0,0.0,0.5,0.6681630132484446,0.0,0.000999000999000999,0.002206206795116929,False
4823,MAST,Pericyte,L-Carnitine,0.0,0.0,0.5,0.6681630132484446,0.0,0.000999000999000999,0.002206206795116929,False
4824,MAST,Pericyte,L-Cystine,0.0,0.0,0.5,0.6681630132484446,0.0,0.000999000999000999,0.002206206795116929,False
4825,MAST,Pericyte,L-Dopa,0.0,0.0,0.5,0.6681630132484446,0.0,0.000999000999000999,0.002206206795116929,False
4826,MAST,Pericyte,L-Glutamate,0.0,0.0,0.5,0.6681630132484446,0.0,0.000999000999000999,0.002206206795116929,False
4827,MAST,Pericyte,L-Lactate,0.0,0.0,0.5,0.6681630132484446,0.0,0.000999000999000999,0.002206206795116929,False
4828,MAST,Pericyte,L-Lysine,0.0,0.0,0.5,0.6681630132484446,0.0,0.000999000999000999,0.002206206795116929,False
4829,MAST,Pericyte,L-Ornithine,0.0,0.0,0.5,0.6681630132484446,0.0,0.000999000999000999,0.002206206795116929,False
4830,MAST,Pericyte,Lithocholic acid,0.08059662,0.019547551208379914,0.49220215194956735,0.6681630132484446,0.0,0.003996003996003996,0.007468259895444362,False
4831,MAST,Pericyte,Manganese,0.0,0.0,0.5,0.6681630132484446,0.0,0.000999000999000999,0.002206206795116929,False
4832,MAST,Pericyte,N-Desmethylcitalopram,-0.730087,-0.1770721025709457,0.5702741227193562,0.6682447870214979,0.0,0.003996003996003996,0.007468259895444362,False
4833,MAST,Pericyte,N-Desmethyleletriptan,-0.730087,-0.1770721025709457,0.5702741227193562,0.6682447870214979,0.0,0.003996003996003996,0.007468259895444362,False
4834,MAST,Pericyte,N-Desmethyltamoxifen,-0.730087,-0.10223262608530853,0.5407139842275097,0.6681630132484446,0.0,0.003996003996003996,0.007468259895444362,False
4835,MAST,Pericyte,N-desmethylimatinib,-0.730087,-0.08853605128547284,0.5352746839759842,0.6681630132484446,0.0,0.003996003996003996,0.007468259895444362,False
4836,MAST,Pericyte,Neurotransmitter,0.0,0.0,0.5,0.6681630132484446,0.0,0.000999000999000999,0.002206206795116929,False
4837,MAST,Pericyte,Nicotinate,-0.33314794,-0.03613496790032166,0.514412629913425,0.6681630132484446,0.0,0.04795204795204795,0.06231158678186618,False
4838,MAST,Pericyte,Norepinephrine,0.0,0.0,0.5,0.6681630132484446,0.0,0.000999000999000999,0.002206206795116929,False
4839,MAST,Pericyte,O-Deethylated candesartan,-0.730087,-0.1770721025709457,0.5702741227193562,0.6682447870214979,0.0,0.003996003996003996,0.007468259895444362,False
4840,MAST,Pericyte,O-Desmethylverapamil (D-702),-1.6013925,-0.10028308877915104,0.5399402084970152,0.6681630132484446,0.0,0.011988011988011988,0.01879993733354222,False
4841,MAST,Pericyte,Oxalic acid,-0.33314794,-0.08080024458989207,0.5321995932236322,0.6681630132484446,0.0,0.04795204795204795,0.06231158678186618,False
4842,MAST,Pericyte,Phosphate,0.0,0.0,0.5,0.6681630132484446,0.0,0.000999000999000999,0.002206206795116929,False
4843,MAST,Pericyte,Progesterone,-0.730087,-0.1252088844868756,0.5498209081021771,0.6681630132484446,0.0,0.003996003996003996,0.007468259895444362,False
4844,MAST,Pericyte,Pyruvate,0.0,0.0,0.5,0.6681630132484446,0.0,0.000999000999000999,0.002206206795116929,False
4845,MAST,Pericyte,Sodium,-0.095166,-0.008160416983351857,0.5032554992284042,0.6681630132484446,0.0,0.06893106893106893,0.08454731109598367,False
4846,MAST,Pericyte,Sodium_hydrogen exchange,-2.5328348,-0.3546678082177591,0.6385807647942784,0.6939806036433533,0.0,0.022977022977022976,0.032529268484324664,False
4847,MAST,Pericyte,Sulfolithocholic acid,0.08059662,0.019547551208379914,0.49220215194956735,0.6681630132484446,0.0,0.003996003996003996,0.007468259895444362,False
4848,MAST,Pericyte,Taurocholic acid,-1.4988878,-0.10082610290624788,0.540155747348285,0.6681630132484446,0.0,0.054945054945054944,0.06980187548473525,False
4849,MAST,Pericyte,Testosterone,-1.2463365,-0.1234056983703653,0.5491070775402493,0.6681630132484446,0.0,0.006993006993006993,0.011945165999886237,False
4850,MAST,Pericyte,Trihydroxycoprostanoic acid,0.08059662,0.019547551208379914,0.49220215194956735,0.6681630132484446,0.0,0.003996003996003996,0.007468259895444362,False
4851,MAST,Pericyte,Urea,0.0,0.0,0.5,0.6681630132484446,0.0,0.000999000999000999,0.002206206795116929,False
4852,MAST,Pericyte,Ursocholic acid,0.08059662,0.019547551208379914,0.49220215194956735,0.6681630132484446,0.0,0.003996003996003996,0.007468259895444362,False
4853,MAST,Pericyte,Ursodeoxycholic acid,0.08059662,0.019547551208379914,0.49220215194956735,0.6681630132484446,0.0,0.003996003996003996,0.007468259895444362,False
4854,MAST,Pericyte,Ursodeoxycholic acid 3-sulfate,0.08059662,0.019547551208379914,0.49220215194956735,0.6681630132484446,0.0,0.003996003996003996,0.007468259895444362,False
4855,MAST,Pericyte,Varanic acid,0.08059662,0.019547551208379914,0.49220215194956735,0.6681630132484446,0.0,0.003996003996003996,0.007468259895444362,False
4856,MAST,Pericyte,Vitamin D3,-0.3510073,-0.08513177793830035,0.5339216865693476,0.6681630132484446,0.0,0.011988011988011988,0.01879993733354222,False
4857,MAST,Pericyte,Water,0.0,0.0,0.5,0.6681630132484446,0.0,0.000999000999000999,0.002206206795116929,False
4858,MAST,Pericyte,Zinc,0.0,0.0,0.5,0.6681630132484446,0.0,0.000999000999000999,0.002206206795116929,False
4859,MAST,Pericyte,alpha-Ketoisovaleric acid,0.0,0.0,0.5,0.6681630132484446,0.0,0.000999000999000999,0.002206206795116929,False
4860,MAST,Plasma,"(3a,5b,7a)-23-Carboxy-7-hydroxy-24-norcholan-3-yl-b-D-Glucopyranosiduronic acid",0.28622636,0.020987135114443684,0.49162795905416506,0.6681630132484446,0.0,0.003996003996003996,0.007468259895444362,False
4861,MAST,Plasma,17a-Ethynylestradiol,-1.7645274,-0.12938142923122078,0.5514720792534378,0.6681630132484446,0.0,0.03196803196803197,0.04316805563882727,False
4862,MAST,Plasma,"1b,3a,12a-Trihydroxy-5b-cholanoic acid",0.28622636,0.020987135114443684,0.49162795905416506,0.6681630132484446,0.0,0.003996003996003996,0.007468259895444362,False
4863,MAST,Plasma,2-Hydroxychlorpropamide,-8.728723,-0.3695162917449718,0.6441285339833449,0.6967084033876354,0.0,0.03696303696303696,0.04934576115466117,False
4864,MAST,Plasma,25-Hydroxycholesterol,6.6620646,0.48848627334093203,0.31260272310444026,0.6681630132484446,16.77768,0.23676323676323677,0.25621006101955507,False
4865,MAST,Plasma,"3',4'-Dihydrodiol",-1.7645274,-0.12938142923122078,0.5514720792534378,0.6681630132484446,0.0,0.03196803196803197,0.04316805563882727,False
4866,MAST,Plasma,3-Sulfodeoxycholic acid,0.28622636,0.020987135114443684,0.49162795905416506,0.6681630132484446,0.0,0.003996003996003996,0.007468259895444362,False
4867,MAST,Plasma,"3alpha,7alpha-Dihydroxycoprostanic acid",0.28622636,0.020987135114443684,0.49162795905416506,0.6681630132484446,0.0,0.003996003996003996,0.007468259895444362,False
4868,MAST,Plasma,3b-Hydroxy-5-cholenoic acid,0.28622636,0.020987135114443684,0.49162795905416506,0.6681630132484446,0.0,0.003996003996003996,0.007468259895444362,False
4869,MAST,Plasma,4'-Hydroxydiclofenac,-1.7645274,-0.12938142923122078,0.5514720792534378,0.6681630132484446,0.0,0.03196803196803197,0.04316805563882727,False
4870,MAST,Plasma,4-Hydroxycyclophosphamide,-1.7645274,-0.12938142923122078,0.5514720792534378,0.6681630132484446,0.0,0.03196803196803197,0.04316805563882727,False
4871,MAST,Plasma,4-ene-Valproic acid,71.4489,3.0246730533610893,0.0012445101612123955,0.08060238707665328,17.551504,0.013986013986013986,0.02125506072874494,True
4872,MAST,Plasma,5-Hydroxyomeprazole,-1.0440478,-0.03125275438076483,0.5124660157368618,0.6681630132484446,0.0,0.056943056943056944,0.07222097083004843,False
4873,MAST,Plasma,8-Hydroxycarvedilol,-1.7645274,-0.12938142923122078,0.5514720792534378,0.6681630132484446,0.0,0.03196803196803197,0.04316805563882727,False
4874,MAST,Plasma,Acetate,-2.9091594,-0.1231545386825798,0.5490076378419153,0.6681630132484446,0.0,0.15584415584415584,0.17595307917888564,False
4875,MAST,Plasma,Acetyl-L-Carnitine,71.4489,5.238887404705896,8.07737790080892e-08,8.481246795849365e-06,17.551504,0.013986013986013986,0.02125506072874494,True
4876,MAST,Plasma,Adenosine diphosphate ribose,7.6039596,0.55754936613543,0.28857607012531844,0.6681630132484446,32.798424,0.16483516483516483,0.18498909996885704,False
4877,MAST,Plasma,Adenosine triphosphate,-6.102205,-0.4474353645692178,0.6727196267539555,0.7161208929961461,0.0,0.13486513486513488,0.1536438245299005,False
4878,MAST,Plasma,Amiloride-sensitive sodium transport,0.40486753,0.02968632761056105,0.4881586080516341,0.6681630132484446,0.0,0.001998001998001998,0.00412210593812261,False
4879,MAST,Plasma,Anion exchange,2.1730516,0.09199260954344188,0.46335195571192306,0.6681630132484446,0.0,0.11888111888111888,0.13728481150577468,False
4880,MAST,Plasma,Butyrate,0.0,0.0,0.5,0.6681630132484446,0.0,0.000999000999000999,0.002206206795116929,False
4881,MAST,Plasma,Cadmium,-8.281141,-0.6072027389808222,0.7281418126113117,0.749669107323784,0.0,0.04695304695304695,0.061162521688837485,False
4882,MAST,Plasma,Chenodeoxycholic acid,0.28622636,0.020987135114443684,0.49162795905416506,0.6681630132484446,0.0,0.003996003996003996,0.007468259895444362,False
4883,MAST,Plasma,Chenodeoxycholic acid 3-sulfate,0.28622636,0.020987135114443684,0.49162795905416506,0.6681630132484446,0.0,0.003996003996003996,0.007468259895444362,False
4884,MAST,Plasma,Chloride,0.7853977,0.057588154041793134,0.47703834285937313,0.6681630132484446,0.0,0.0919080919080919,0.10904349887400734,False
4885,MAST,Plasma,Chloride ion,1.2031037,0.08821584051802636,0.46485256374377587,0.6681630132484446,0.0,0.07192807192807193,0.08795862686810278,False
4886,MAST,Plasma,Cholesterol,-3.5538392,-0.13029006672791957,0.5518315306581514,0.6681630132484446,0.0,0.053946053946053944,0.06874699408719269,False
4887,MAST,Plasma,Cholic acid,-1.5243288,-0.06452998490933796,0.5257258838228316,0.6681630132484446,0.0,0.03996003996003996,0.05294896308280629,False
4888,MAST,Plasma,Choline,71.4489,5.238887404705896,8.07737790080892e-08,8.481246795849365e-06,17.551504,0.013986013986013986,0.02125506072874494,True
4889,MAST,Plasma,Citric acid,-2.9091594,-0.2133099181809349,0.5844573810063513,0.6747555253183246,0.0,0.15584415584415584,0.17595307917888564,False
4890,MAST,Plasma,Coprocholic acid,0.28622636,0.020987135114443684,0.49162795905416506,0.6681630132484446,0.0,0.003996003996003996,0.007468259895444362,False
4891,MAST,Plasma,Cortisol,-1.8568157,-0.07860527639260055,0.5313267047133053,0.6681630132484446,0.0,0.04795204795204795,0.06231158678186618,False
4892,MAST,Plasma,Creatine,71.4489,5.238887404705896,8.07737790080892e-08,8.481246795849365e-06,17.551504,0.013986013986013986,0.02125506072874494,True
4893,MAST,Plasma,D-Lactate,0.0,0.0,0.5,0.6681630132484446,0.0,0.000999000999000999,0.002206206795116929,False
4894,MAST,Plasma,Deoxycholic acid,0.28622636,0.020987135114443684,0.49162795905416506,0.6681630132484446,0.0,0.003996003996003996,0.007468259895444362,False
4895,MAST,Plasma,Dopamine,71.4489,5.238887404705896,8.07737790080892e-08,8.481246795849365e-06,17.551504,0.013986013986013986,0.02125506072874494,True
4896,MAST,Plasma,E-3179,-1.7645274,-0.12938142923122078,0.5514720792534378,0.6681630132484446,0.0,0.03196803196803197,0.04316805563882727,False
4897,MAST,Plasma,Estradiol,-14.236242,-0.4668247750544857,0.6796873755727945,0.7204597665065224,0.0,0.1998001998001998,0.22065583818571868,False
4898,MAST,Plasma,Estriol,-1.7645274,-0.12938142923122078,0.5514720792534378,0.6681630132484446,0.0,0.03196803196803197,0.04316805563882727,False
4899,MAST,Plasma,Fatty acid,-21.007082,-0.6888493550252633,0.7545409635371585,0.768626911261577,0.0,0.7462537462537463,0.7535390443739562,False
4900,MAST,Plasma,Folic acid,0.8587955,0.03635571352330627,0.4854993631519647,0.6681630132484446,0.0,0.004995004995004995,0.008926091958582932,False
4901,MAST,Plasma,Folinic acid,0.28622636,0.020987135114443684,0.49162795905416506,0.6681630132484446,0.0,0.003996003996003996,0.007468259895444362,False
4902,MAST,Plasma,Glutathione,0.28622636,0.020987135114443684,0.49162795905416506,0.6681630132484446,0.0,0.003996003996003996,0.007468259895444362,False
4903,MAST,Plasma,Glycerol,-1.7645274,-0.12938142923122078,0.5514720792534378,0.6681630132484446,0.0,0.03196803196803197,0.04316805563882727,False
4904,MAST,Plasma,Glycochenodeoxycholate-3-sulfate,0.28622636,0.020987135114443684,0.49162795905416506,0.6681630132484446,0.0,0.003996003996003996,0.007468259895444362,False
4905,MAST,Plasma,Glycyl-glycine,0.0,0.0,0.5,0.6681630132484446,0.0,0.000999000999000999,0.002206206795116929,False
4906,MAST,Plasma,Histamine,71.4489,5.238887404705896,8.07737790080892e-08,8.481246795849365e-06,17.551504,0.013986013986013986,0.02125506072874494,True
4907,MAST,Plasma,Hydroxylansoprazole,-1.8568157,-0.07860527639260055,0.5313267047133053,0.6681630132484446,0.0,0.04795204795204795,0.06231158678186618,False
4908,MAST,Plasma,Hyodeoxycholic acid,0.28622636,0.020987135114443684,0.49162795905416506,0.6681630132484446,0.0,0.003996003996003996,0.007468259895444362,False
4909,MAST,Plasma,Iron,-9.2687435,-0.48056196479580393,0.6845860732935701,0.7230614099216933,15.917671,0.6533466533466533,0.6635925996910901,False
4910,MAST,Plasma,Isoursodeoxycholic acid,0.28622636,0.020987135114443684,0.49162795905416506,0.6681630132484446,0.0,0.003996003996003996,0.007468259895444362,False
4911,MAST,Plasma,Ketone bodies,0.0,0.0,0.5,0.6681630132484446,0.0,0.000999000999000999,0.002206206795116929,False
4912,MAST,Plasma,L-Arginine,0.8046225,0.058997782051135005,0.4764769373516212,0.6681630132484446,0.0,0.017982017982017984,0.02639038217183071,False
4913,MAST,Plasma,L-Carnitine,72.65871,2.663797428402688,0.003863203731637101,0.2288205287200437,17.551504,0.028971028971028972,0.03983516483516483,True
4914,MAST,Plasma,L-Cystine,0.8046225,0.058997782051135005,0.4764769373516212,0.6681630132484446,0.0,0.017982017982017984,0.02639038217183071,False
4915,MAST,Plasma,L-Dopa,0.0,0.0,0.5,0.6681630132484446,0.0,0.000999000999000999,0.002206206795116929,False
4916,MAST,Plasma,L-Glutamate,0.0,0.0,0.5,0.6681630132484446,0.0,0.000999000999000999,0.002206206795116929,False
4917,MAST,Plasma,L-Lactate,0.0,0.0,0.5,0.6681630132484446,0.0,0.000999000999000999,0.002206206795116929,False
4918,MAST,Plasma,L-Lysine,0.8046225,0.058997782051135005,0.4764769373516212,0.6681630132484446,0.0,0.017982017982017984,0.02639038217183071,False
4919,MAST,Plasma,L-Ornithine,0.8046225,0.058997782051135005,0.4764769373516212,0.6681630132484446,0.0,0.017982017982017984,0.02639038217183071,False
4920,MAST,Plasma,Lithocholic acid,0.28622636,0.020987135114443684,0.49162795905416506,0.6681630132484446,0.0,0.003996003996003996,0.007468259895444362,False
4921,MAST,Plasma,Manganese,-8.281141,-0.6072027389808222,0.7281418126113117,0.749669107323784,0.0,0.04695304695304695,0.061162521688837485,False
4922,MAST,Plasma,N-Desmethylcitalopram,-1.7645274,-0.12938142923122078,0.5514720792534378,0.6681630132484446,0.0,0.03196803196803197,0.04316805563882727,False
4923,MAST,Plasma,N-Desmethyleletriptan,-1.7645274,-0.12938142923122078,0.5514720792534378,0.6681630132484446,0.0,0.03196803196803197,0.04316805563882727,False
4924,MAST,Plasma,N-Desmethyltamoxifen,-1.8568157,-0.07860527639260055,0.5313267047133053,0.6681630132484446,0.0,0.04795204795204795,0.06231158678186618,False
4925,MAST,Plasma,N-desmethylimatinib,-11.327083,-0.41527099747012247,0.6610282349671592,0.7061701353973198,0.0,0.05094905094905095,0.06533621818595912,False
4926,MAST,Plasma,Neurotransmitter,0.0,0.0,0.5,0.6681630132484446,0.0,0.000999000999000999,0.002206206795116929,False
4927,MAST,Plasma,Nicotinate,68.53974,2.2475066632110545,0.012303832611373917,0.5800378231076275,17.551504,0.13686313686313686,0.15581756833605034,False
4928,MAST,Plasma,Norepinephrine,71.4489,5.238887404705896,8.07737790080892e-08,8.481246795849365e-06,17.551504,0.013986013986013986,0.02125506072874494,True
4929,MAST,Plasma,O-Deethylated candesartan,-1.7645274,-0.12938142923122078,0.5514720792534378,0.6681630132484446,0.0,0.03196803196803197,0.04316805563882727,False
4930,MAST,Plasma,O-Desmethylverapamil (D-702),115.34104,2.183643651039702,0.014494221683544244,0.6681630132484446,39.990345,0.013986013986013986,0.02125506072874494,True
4931,MAST,Plasma,Oxalic acid,-2.9091594,-0.2133099181809349,0.5844573810063513,0.6747555253183246,0.0,0.15584415584415584,0.17595307917888564,False
4932,MAST,Plasma,Phosphate,0.0,0.0,0.5,0.6681630132484446,0.0,0.000999000999000999,0.002206206795116929,False
4933,MAST,Plasma,Progesterone,-11.234795,-0.5824969658867257,0.7198840076829849,0.7438707210647232,0.0,0.03496503496503497,0.04684084521702925,False
4934,MAST,Plasma,Pyruvate,0.0,0.0,0.5,0.6681630132484446,0.0,0.000999000999000999,0.002206206795116929,False
4935,MAST,Plasma,Sodium,74.372345,1.9280132289611607,0.02692674036409269,0.6681630132484446,17.551504,0.3956043956043956,0.4113953273617139,False
4936,MAST,Plasma,Sodium_hydrogen exchange,-7.0970144,-0.3004405778582289,0.6180794421062841,0.6858751855558924,0.0,0.055944055944055944,0.07101892428875393,False
4937,MAST,Plasma,Sulfolithocholic acid,0.28622636,0.020987135114443684,0.49162795905416506,0.6681630132484446,0.0,0.003996003996003996,0.007468259895444362,False
4938,MAST,Plasma,Taurocholic acid,-12.664084,-0.25754056797717007,0.6016192487848805,0.6784737826003616,0.0,0.23676323676323677,0.25621006101955507,False
4939,MAST,Plasma,Testosterone,43.986145,1.316690810204405,0.09397114263085854,0.6681630132484446,22.43884,0.01898101898101898,0.02770980862407026,True
4940,MAST,Plasma,Trihydroxycoprostanoic acid,0.28622636,0.020987135114443684,0.49162795905416506,0.6681630132484446,0.0,0.003996003996003996,0.007468259895444362,False
4941,MAST,Plasma,Urea,0.5725692,0.04198281003855399,0.4832562008182127,0.6681630132484446,0.0,0.001998001998001998,0.00412210593812261,False
4942,MAST,Plasma,Ursocholic acid,0.28622636,0.020987135114443684,0.49162795905416506,0.6681630132484446,0.0,0.003996003996003996,0.007468259895444362,False
4943,MAST,Plasma,Ursodeoxycholic acid,0.28622636,0.020987135114443684,0.49162795905416506,0.6681630132484446,0.0,0.003996003996003996,0.007468259895444362,False
4944,MAST,Plasma,Ursodeoxycholic acid 3-sulfate,0.28622636,0.020987135114443684,0.49162795905416506,0.6681630132484446,0.0,0.003996003996003996,0.007468259895444362,False
4945,MAST,Plasma,Varanic acid,0.28622636,0.020987135114443684,0.49162795905416506,0.6681630132484446,0.0,0.003996003996003996,0.007468259895444362,False
4946,MAST,Plasma,Vitamin D3,-1.6970236,-0.12443180974170974,0.5495133057374209,0.6681630132484446,0.0,0.006993006993006993,0.011945165999886237,False
4947,MAST,Plasma,Water,2.036411,0.07465845125937405,0.4702432332303619,0.6681630132484446,0.0,0.061938061938061936,0.07750645887157263,False
4948,MAST,Plasma,Zinc,-8.281141,-0.6072027389808222,0.7281418126113117,0.749669107323784,0.0,0.04695304695304695,0.061162521688837485,False
4949,MAST,Plasma,alpha-Ketoisovaleric acid,0.0,0.0,0.5,0.6681630132484446,0.0,0.000999000999000999,0.002206206795116929,False
4950,MAST,T,"(3a,5b,7a)-23-Carboxy-7-hydroxy-24-norcholan-3-yl-b-D-Glucopyranosiduronic acid",0.46375647,0.05391059480732277,0.47850319775364336,0.6681630132484446,0.0,0.004995004995004995,0.008926091958582932,False
4951,MAST,T,17a-Ethynylestradiol,1.1282275,0.13115377962139863,0.4478268292773018,0.6681630132484446,0.0,0.06393606393606394,0.07957559681697612,False
4952,MAST,T,"1b,3a,12a-Trihydroxy-5b-cholanoic acid",0.46375647,0.05391059480732277,0.47850319775364336,0.6681630132484446,0.0,0.004995004995004995,0.008926091958582932,False
4953,MAST,T,2-Hydroxychlorpropamide,1.6362472,0.10981771879523566,0.4562769692355622,0.6681630132484446,0.0,0.06893106893106893,0.08454731109598367,False
4954,MAST,T,25-Hydroxycholesterol,1.3695798,0.15921041689389057,0.4367515485257127,0.6681630132484446,0.0,0.23576423576423577,0.2552884615384616,False
4955,MAST,T,"3',4'-Dihydrodiol",1.1282275,0.13115377962139863,0.4478268292773018,0.6681630132484446,0.0,0.06393606393606394,0.07957559681697612,False
4956,MAST,T,3-Sulfodeoxycholic acid,0.46375647,0.05391059480732277,0.47850319775364336,0.6681630132484446,0.0,0.004995004995004995,0.008926091958582932,False
4957,MAST,T,"3alpha,7alpha-Dihydroxycoprostanic acid",0.46375647,0.05391059480732277,0.47850319775364336,0.6681630132484446,0.0,0.004995004995004995,0.008926091958582932,False
4958,MAST,T,3b-Hydroxy-5-cholenoic acid,0.46375647,0.05391059480732277,0.47850319775364336,0.6681630132484446,0.0,0.004995004995004995,0.008926091958582932,False
4959,MAST,T,4'-Hydroxydiclofenac,1.1282275,0.13115377962139863,0.4478268292773018,0.6681630132484446,0.0,0.06393606393606394,0.07957559681697612,False
4960,MAST,T,4-Hydroxycyclophosphamide,1.1282275,0.13115377962139863,0.4478268292773018,0.6681630132484446,0.0,0.06393606393606394,0.07957559681697612,False
4961,MAST,T,4-ene-Valproic acid,0.0059010186,0.00039605043809334486,0.49984199873920365,0.6681630132484446,0.0,0.029970029970029972,0.041029693341032736,False
4962,MAST,T,5-Hydroxyomeprazole,2.9593656,0.14044527637910822,0.44415409347398577,0.6681630132484446,0.0,0.09090909090909091,0.10791366906474821,False
4963,MAST,T,8-Hydroxycarvedilol,1.1282275,0.13115377962139863,0.4478268292773018,0.6681630132484446,0.0,0.06393606393606394,0.07957559681697612,False
4964,MAST,T,Acetate,15.715793,1.0547749403525462,0.14576413412446565,0.6681630132484446,22.95039,0.01998001998001998,0.02902757619738752,True
4965,MAST,T,Acetyl-L-Carnitine,0.0059010186,0.0006859794811375856,0.49972633380294945,0.6681630132484446,0.0,0.029970029970029972,0.041029693341032736,False
4966,MAST,T,Adenosine diphosphate ribose,-3.8149455,-0.44347840158773444,0.6712901308982206,0.7151484407570591,0.0,0.08091908091908091,0.09747422749334794,False
4967,MAST,T,Adenosine triphosphate,-3.544479,-0.4120373019211092,0.6598439586989224,0.705140277370809,0.0,0.11488511488511488,0.13326981020318818,False
4968,MAST,T,Amiloride-sensitive sodium transport,0.5679834,0.0660267278054254,0.4736782730842349,0.6681630132484446,0.0,0.012987012987012988,0.019964507542147295,False
4969,MAST,T,Anion exchange,10.589958,0.710751456429795,0.2386191334620551,0.6681630132484446,31.752815,0.027972027972027972,0.038684125692706815,True
4970,MAST,T,Butyrate,0.0,0.0,0.5,0.6681630132484446,0.0,0.000999000999000999,0.002206206795116929,False
4971,MAST,T,Cadmium,-0.90465194,-0.10516365189477835,0.5418770238335859,0.6681630132484446,0.0,0.00999000999000999,0.01593343365495264,False
4972,MAST,T,Chenodeoxycholic acid,0.46375647,0.05391059480732277,0.47850319775364336,0.6681630132484446,0.0,0.004995004995004995,0.008926091958582932,False
4973,MAST,T,Chenodeoxycholic acid 3-sulfate,0.46375647,0.05391059480732277,0.47850319775364336,0.6681630132484446,0.0,0.004995004995004995,0.008926091958582932,False
4974,MAST,T,Chloride,-3.4280336,-0.39850081040882196,0.6548694694805116,0.70251477143962,0.0,0.029970029970029972,0.041029693341032736,False
4975,MAST,T,Chloride ion,2.0342698,0.2364790619481257,0.40653047636696293,0.6681630132484446,0.0,0.15884115884115885,0.1786093186385252,False
4976,MAST,T,Cholesterol,1.7143025,0.09964181117361978,0.46031434923350584,0.6681630132484446,0.0,0.06793206793206794,0.08346972176759411,False
4977,MAST,T,Cholic acid,2.519497,0.1690975612423942,0.4328599515772624,0.6681630132484446,0.0,0.08791208791208792,0.10491316845716708,False
4978,MAST,T,Choline,0.0059010186,0.0006859794811375856,0.49972633380294945,0.6681630132484446,0.0,0.029970029970029972,0.041029693341032736,False
4979,MAST,T,Citric acid,15.715793,1.826923787241042,0.03385561458252555,0.6681630132484446,22.95039,0.01998001998001998,0.02902757619738752,True
4980,MAST,T,Coprocholic acid,0.46375647,0.05391059480732277,0.47850319775364336,0.6681630132484446,0.0,0.004995004995004995,0.008926091958582932,False
4981,MAST,T,Cortisol,1.4214731,0.09540303089163327,0.461997354378925,0.6681630132484446,0.0,0.06693306693306693,0.08256428512747487,False
4982,MAST,T,Creatine,0.0059010186,0.0006859794811375856,0.49972633380294945,0.6681630132484446,0.0,0.029970029970029972,0.041029693341032736,False
4983,MAST,T,D-Lactate,0.0,0.0,0.5,0.6681630132484446,0.0,0.000999000999000999,0.002206206795116929,False
4984,MAST,T,Deoxycholic acid,0.46375647,0.05391059480732277,0.47850319775364336,0.6681630132484446,0.0,0.004995004995004995,0.008926091958582932,False
4985,MAST,T,Dopamine,0.0059010186,0.0006859794811375856,0.49972633380294945,0.6681630132484446,0.0,0.029970029970029972,0.041029693341032736,False
4986,MAST,T,E-3179,1.1282275,0.13115377962139863,0.4478268292773018,0.6681630132484446,0.0,0.06393606393606394,0.07957559681697612,False
4987,MAST,T,Estradiol,17.43057,0.9061722160853214,0.1824223532196188,0.6681630132484446,22.95039,0.04795204795204795,0.06231158678186618,False
4988,MAST,T,Estriol,1.1282275,0.13115377962139863,0.4478268292773018,0.6681630132484446,0.0,0.06393606393606394,0.07957559681697612,False
4989,MAST,T,Fatty acid,-0.25197852,-0.013099739301840597,0.5052258904060867,0.6681630132484446,0.0,0.7172827172827173,0.7253420736566804,False
4990,MAST,T,Folic acid,0.6103793,0.04096597488497069,0.48366151059399526,0.6681630132484446,0.0,0.004995004995004995,0.008926091958582932,False
4991,MAST,T,Folinic acid,0.46375647,0.05391059480732277,0.47850319775364336,0.6681630132484446,0.0,0.004995004995004995,0.008926091958582932,False
4992,MAST,T,Glutathione,0.46375647,0.05391059480732277,0.47850319775364336,0.6681630132484446,0.0,0.004995004995004995,0.008926091958582932,False
4993,MAST,T,Glycerol,1.1282275,0.13115377962139863,0.4478268292773018,0.6681630132484446,0.0,0.06393606393606394,0.07957559681697612,False
4994,MAST,T,Glycochenodeoxycholate-3-sulfate,0.46375647,0.05391059480732277,0.47850319775364336,0.6681630132484446,0.0,0.004995004995004995,0.008926091958582932,False
4995,MAST,T,Glycyl-glycine,0.0,0.0,0.5,0.6681630132484446,0.0,0.000999000999000999,0.002206206795116929,False
4996,MAST,T,Histamine,0.0059010186,0.0006859794811375856,0.49972633380294945,0.6681630132484446,0.0,0.029970029970029972,0.041029693341032736,False
4997,MAST,T,Hydroxylansoprazole,1.4214731,0.09540303089163327,0.461997354378925,0.6681630132484446,0.0,0.06693306693306693,0.08256428512747487,False
4998,MAST,T,Hyodeoxycholic acid,0.46375647,0.05391059480732277,0.47850319775364336,0.6681630132484446,0.0,0.004995004995004995,0.008926091958582932,False
4999,MAST,T,Iron,-3.6381254,-0.2990520673374317,0.6175498408649444,0.6853972449061602,0.0,0.34565434565434566,0.36244282272425715,False
5000,MAST,T,Isoursodeoxycholic acid,0.46375647,0.05391059480732277,0.47850319775364336,0.6681630132484446,0.0,0.004995004995004995,0.008926091958582932,False
5001,MAST,T,Ketone bodies,0.0,0.0,0.5,0.6681630132484446,0.0,0.000999000999000999,0.002206206795116929,False
5002,MAST,T,L-Arginine,-0.36573496,-0.04251582604186755,0.5169562520997388,0.6681630132484446,0.0,0.004995004995004995,0.008926091958582932,False
5003,MAST,T,L-Carnitine,-1.2119477,-0.07044302801260537,0.5280794775571833,0.6681630132484446,0.0,0.04795204795204795,0.06231158678186618,False
5004,MAST,T,L-Cystine,-0.36573496,-0.04251582604186755,0.5169562520997388,0.6681630132484446,0.0,0.004995004995004995,0.008926091958582932,False
5005,MAST,T,L-Dopa,0.0,0.0,0.5,0.6681630132484446,0.0,0.000999000999000999,0.002206206795116929,False
5006,MAST,T,L-Glutamate,0.0,0.0,0.5,0.6681630132484446,0.0,0.000999000999000999,0.002206206795116929,False
5007,MAST,T,L-Lactate,0.0,0.0,0.5,0.6681630132484446,0.0,0.000999000999000999,0.002206206795116929,False
5008,MAST,T,L-Lysine,-0.36573496,-0.04251582604186755,0.5169562520997388,0.6681630132484446,0.0,0.004995004995004995,0.008926091958582932,False
5009,MAST,T,L-Ornithine,-0.36573496,-0.04251582604186755,0.5169562520997388,0.6681630132484446,0.0,0.004995004995004995,0.008926091958582932,False
5010,MAST,T,Lithocholic acid,0.46375647,0.05391059480732277,0.47850319775364336,0.6681630132484446,0.0,0.004995004995004995,0.008926091958582932,False
5011,MAST,T,Manganese,-0.90465194,-0.10516365189477835,0.5418770238335859,0.6681630132484446,0.0,0.00999000999000999,0.01593343365495264,False
5012,MAST,T,N-Desmethylcitalopram,1.1282275,0.13115377962139863,0.4478268292773018,0.6681630132484446,0.0,0.06393606393606394,0.07957559681697612,False
5013,MAST,T,N-Desmethyleletriptan,1.1282275,0.13115377962139863,0.4478268292773018,0.6681630132484446,0.0,0.06393606393606394,0.07957559681697612,False
5014,MAST,T,N-Desmethyltamoxifen,1.4214731,0.09540303089163327,0.461997354378925,0.6681630132484446,0.0,0.06693306693306693,0.08256428512747487,False
5015,MAST,T,N-desmethylimatinib,1.7147785,0.0996694782681785,0.46030336633229546,0.6681630132484446,0.0,0.06793206793206794,0.08346972176759411,False
5016,MAST,T,Neurotransmitter,0.0,0.0,0.5,0.6681630132484446,0.0,0.000999000999000999,0.002206206795116929,False
5017,MAST,T,Nicotinate,15.721694,0.8173319514811239,0.20686937602401922,0.6681630132484446,22.95039,0.022977022977022976,0.032529268484324664,True
5018,MAST,T,Norepinephrine,0.0059010186,0.0006859794811375856,0.49972633380294945,0.6681630132484446,0.0,0.029970029970029972,0.041029693341032736,False
5019,MAST,T,O-Deethylated candesartan,1.1282275,0.13115377962139863,0.4478268292773018,0.6681630132484446,0.0,0.06393606393606394,0.07957559681697612,False
5020,MAST,T,O-Desmethylverapamil (D-702),3.0542824,0.09167432143076197,0.4634783999945037,0.6681630132484446,0.0,0.2177822177822178,0.23771157177992902,False
5021,MAST,T,Oxalic acid,15.715793,1.826923787241042,0.03385561458252555,0.6681630132484446,22.95039,0.01998001998001998,0.02902757619738752,True
5022,MAST,T,Phosphate,0.0,0.0,0.5,0.6681630132484446,0.0,0.000999000999000999,0.002206206795116929,False
5023,MAST,T,Progesterone,1.4215329,0.11684928207030432,0.4534897448826012,0.6681630132484446,0.0,0.06493506493506493,0.08063071134205338,False
5024,MAST,T,Pyruvate,0.0,0.0,0.5,0.6681630132484446,0.0,0.000999000999000999,0.002206206795116929,False
5025,MAST,T,Sodium,2.5274868,0.1038790676340749,0.45863265941620174,0.6681630132484446,0.0,0.34665334665334663,0.3634353543581985,False
5026,MAST,T,Sodium_hydrogen exchange,-0.18922764,-0.01270012768218923,0.5050664817003451,0.6681630132484446,0.0,0.13186813186813187,0.15057606753108485,False
5027,MAST,T,Sulfolithocholic acid,0.46375647,0.05391059480732277,0.47850319775364336,0.6681630132484446,0.0,0.004995004995004995,0.008926091958582932,False
5028,MAST,T,Taurocholic acid,20.212852,0.6516885195442016,0.25730106508222506,0.6681630132484446,22.95039,0.059940059940059943,0.07529175555276697,False
5029,MAST,T,Testosterone,1.5702403,0.07452030486220936,0.4702981925709725,0.6681630132484446,0.0,0.08391608391608392,0.10068186660984445,False
5030,MAST,T,Trihydroxycoprostanoic acid,0.46375647,0.05391059480732277,0.47850319775364336,0.6681630132484446,0.0,0.004995004995004995,0.008926091958582932,False
5031,MAST,T,Urea,-0.4914942,-0.05713504120302402,0.5227811884202404,0.6681630132484446,0.0,0.00999000999000999,0.01593343365495264,False
5032,MAST,T,Ursocholic acid,0.46375647,0.05391059480732277,0.47850319775364336,0.6681630132484446,0.0,0.004995004995004995,0.008926091958582932,False
5033,MAST,T,Ursodeoxycholic acid,0.46375647,0.05391059480732277,0.47850319775364336,0.6681630132484446,0.0,0.004995004995004995,0.008926091958582932,False
5034,MAST,T,Ursodeoxycholic acid 3-sulfate,0.46375647,0.05391059480732277,0.47850319775364336,0.6681630132484446,0.0,0.004995004995004995,0.008926091958582932,False
5035,MAST,T,Varanic acid,0.46375647,0.05391059480732277,0.47850319775364336,0.6681630132484446,0.0,0.004995004995004995,0.008926091958582932,False
5036,MAST,T,Vitamin D3,0.2928294,0.0340407256468676,0.4864223375681313,0.6681630132484446,0.0,0.001998001998001998,0.00412210593812261,False
5037,MAST,T,Water,11.986627,0.6967085208335705,0.24299261260791571,0.6681630132484446,29.922256,0.001998001998001998,0.00412210593812261,True
5038,MAST,T,Zinc,-0.90465194,-0.10516365189477835,0.5418770238335859,0.6681630132484446,0.0,0.00999000999000999,0.01593343365495264,False
5039,MAST,T,alpha-Ketoisovaleric acid,0.0,0.0,0.5,0.6681630132484446,0.0,0.000999000999000999,0.002206206795116929,False
5040,MNP,MNP,"(3a,5b,7a)-23-Carboxy-7-hydroxy-24-norcholan-3-yl-b-D-Glucopyranosiduronic acid",0.8243937,0.05054682023367933,0.47984331995673624,0.6681630132484446,0.0,0.007992007992007992,0.01321828529465761,False
5041,MNP,MNP,17a-Ethynylestradiol,-0.23606083,-0.014473818014010945,0.5057740163627849,0.6681630132484446,0.0,0.002997002997002997,0.005910424237117464,False
5042,MNP,MNP,"1b,3a,12a-Trihydroxy-5b-cholanoic acid",0.8243937,0.05054682023367933,0.47984331995673624,0.6681630132484446,0.0,0.007992007992007992,0.01321828529465761,False
5043,MNP,MNP,2-Hydroxychlorpropamide,0.79297936,0.028071165041007855,0.48880269598549536,0.6681630132484446,0.0,0.00999000999000999,0.01593343365495264,False
5044,MNP,MNP,25-Hydroxycholesterol,5.7932625,0.35520771314861055,0.36121699338387037,0.6681630132484446,459.7021,0.03396603396603397,0.045590667322218746,True
5045,MNP,MNP,"3',4'-Dihydrodiol",-0.23606083,-0.014473818014010945,0.5057740163627849,0.6681630132484446,0.0,0.002997002997002997,0.005910424237117464,False
5046,MNP,MNP,3-Sulfodeoxycholic acid,0.8243937,0.05054682023367933,0.47984331995673624,0.6681630132484446,0.0,0.007992007992007992,0.01321828529465761,False
5047,MNP,MNP,"3alpha,7alpha-Dihydroxycoprostanic acid",0.8243937,0.05054682023367933,0.47984331995673624,0.6681630132484446,0.0,0.007992007992007992,0.01321828529465761,False
5048,MNP,MNP,3b-Hydroxy-5-cholenoic acid,0.8243937,0.05054682023367933,0.47984331995673624,0.6681630132484446,0.0,0.007992007992007992,0.01321828529465761,False
5049,MNP,MNP,4'-Hydroxydiclofenac,-0.23606083,-0.014473818014010945,0.5057740163627849,0.6681630132484446,0.0,0.002997002997002997,0.005910424237117464,False
5050,MNP,MNP,4-Hydroxycyclophosphamide,-0.23606083,-0.014473818014010945,0.5057740163627849,0.6681630132484446,0.0,0.002997002997002997,0.005910424237117464,False
5051,MNP,MNP,4-ene-Valproic acid,-6.4177675,-0.2271865076866654,0.5898606406388001,0.6770266346377942,0.0,0.04395604395604396,0.05771416912000467,False
5052,MNP,MNP,5-Hydroxyomeprazole,2.352578,0.05888810431252993,0.47652061649622274,0.6681630132484446,0.0,0.030969030969030968,0.04197445425687162,False
5053,MNP,MNP,8-Hydroxycarvedilol,-0.23606083,-0.014473818014010945,0.5057740163627849,0.6681630132484446,0.0,0.002997002997002997,0.005910424237117464,False
5054,MNP,MNP,Acetate,12.360733,0.4375652061596934,0.33085074903792167,0.6681630132484446,987.1675,0.5244755244755245,0.5396607846496488,False
5055,MNP,MNP,Acetyl-L-Carnitine,-1.8850918,-0.11558239298487011,0.5460082411334515,0.6681630132484446,0.0,0.003996003996003996,0.007468259895444362,False
5056,MNP,MNP,Adenosine diphosphate ribose,-28.371462,-1.7395659390143854,0.9590323677786626,0.9593092246977674,0.0,0.22777222777222778,0.24795185963894728,False
5057,MNP,MNP,Adenosine triphosphate,56.395683,3.4578412001359724,0.00027226112157273846,0.020508364918468233,53.251774,0.06293706293706294,0.07857212144727908,False
5058,MNP,MNP,Amiloride-sensitive sodium transport,-3.4428427,-0.21109423124803536,0.5835931291961651,0.6747555253183246,0.0,0.001998001998001998,0.00412210593812261,False
5059,MNP,MNP,Anion exchange,-8.7257595,-0.30888853818677964,0.6212968420217025,0.6861812576258235,0.0,0.21078921078921078,0.23201544326067833,False
5060,MNP,MNP,Butyrate,-2.1865299,-0.134064748320002,0.5533243126424424,0.6681630132484446,0.0,0.022977022977022976,0.032529268484324664,False
5061,MNP,MNP,Cadmium,-11.471958,-0.703390884906706,0.7590939072803574,0.7724700113734033,0.0,0.03196803196803197,0.04316805563882727,False
5062,MNP,MNP,Chenodeoxycholic acid,0.8243937,0.05054682023367933,0.47984331995673624,0.6681630132484446,0.0,0.007992007992007992,0.01321828529465761,False
5063,MNP,MNP,Chenodeoxycholic acid 3-sulfate,0.8243937,0.05054682023367933,0.47984331995673624,0.6681630132484446,0.0,0.007992007992007992,0.01321828529465761,False
5064,MNP,MNP,Chloride,-3.7329218,-0.22888012305665412,0.5905189549883677,0.6770266346377942,0.0,0.055944055944055944,0.07101892428875393,False
5065,MNP,MNP,Chloride ion,-5.710792,-0.35015112744657545,0.6368873587911081,0.6928774562672495,0.0,0.000999000999000999,0.002206206795116929,False
5066,MNP,MNP,Cholesterol,-28.598343,-0.8767384536658113,0.8096856423840535,0.8165194269094137,91.07381,0.23276723276723277,0.2528333735230287,False
5067,MNP,MNP,Cholic acid,0.14757818,0.005224210936064458,0.49791585085610435,0.6681630132484446,0.0,0.030969030969030968,0.04197445425687162,False
5068,MNP,MNP,Choline,-1.8850918,-0.11558239298487011,0.5460082411334515,0.6681630132484446,0.0,0.003996003996003996,0.007468259895444362,False
5069,MNP,MNP,Citric acid,6.701442,0.4108917577285776,0.3405759532198699,0.6681630132484446,962.10535,0.5044955044955045,0.5199514940740402,False
5070,MNP,MNP,Coprocholic acid,0.8243937,0.05054682023367933,0.47984331995673624,0.6681630132484446,0.0,0.007992007992007992,0.01321828529465761,False
5071,MNP,MNP,Cortisol,0.79297936,0.028071165041007855,0.48880269598549536,0.6681630132484446,0.0,0.002997002997002997,0.005910424237117464,False
5072,MNP,MNP,Creatine,-1.8850918,-0.11558239298487011,0.5460082411334515,0.6681630132484446,0.0,0.003996003996003996,0.007468259895444362,False
5073,MNP,MNP,D-Lactate,-2.1865299,-0.134064748320002,0.5533243126424424,0.6681630132484446,0.0,0.022977022977022976,0.032529268484324664,False
5074,MNP,MNP,Deoxycholic acid,0.8243937,0.05054682023367933,0.47984331995673624,0.6681630132484446,0.0,0.007992007992007992,0.01321828529465761,False
5075,MNP,MNP,Dopamine,-1.8850918,-0.11558239298487011,0.5460082411334515,0.6681630132484446,0.0,0.003996003996003996,0.007468259895444362,False
5076,MNP,MNP,E-3179,-0.23606083,-0.014473818014010945,0.5057740163627849,0.6681630132484446,0.0,0.002997002997002997,0.005910424237117464,False
5077,MNP,MNP,Estradiol,6.1481442,0.16858472727395032,0.43306164723868557,0.6681630132484446,962.10535,0.5074925074925075,0.5228847869347424,False
5078,MNP,MNP,Estriol,-0.23606083,-0.014473818014010945,0.5057740163627849,0.6681630132484446,0.0,0.002997002997002997,0.005910424237117464,False
5079,MNP,MNP,Fatty acid,100.548965,2.757095351517786,0.002915867155601849,0.17764710586500723,744.76385,0.002997002997002997,0.005910424237117464,True
5080,MNP,MNP,Folic acid,2.588333,0.09162599113747315,0.4634976001839394,0.6681630132484446,0.0,0.01098901098901099,0.017442475069593715,False
5081,MNP,MNP,Folinic acid,0.8243937,0.05054682023367933,0.47984331995673624,0.6681630132484446,0.0,0.007992007992007992,0.01321828529465761,False
5082,MNP,MNP,Glutathione,0.8243937,0.05054682023367933,0.47984331995673624,0.6681630132484446,0.0,0.007992007992007992,0.01321828529465761,False
5083,MNP,MNP,Glycerol,-0.23606083,-0.014473818014010945,0.5057740163627849,0.6681630132484446,0.0,0.002997002997002997,0.005910424237117464,False
5084,MNP,MNP,Glycochenodeoxycholate-3-sulfate,0.8243937,0.05054682023367933,0.47984331995673624,0.6681630132484446,0.0,0.007992007992007992,0.01321828529465761,False
5085,MNP,MNP,Glycyl-glycine,0.58797973,0.03605135057009328,0.485620706853722,0.6681630132484446,0.0,0.000999000999000999,0.002206206795116929,False
5086,MNP,MNP,Histamine,-1.8850918,-0.11558239298487011,0.5460082411334515,0.6681630132484446,0.0,0.003996003996003996,0.007468259895444362,False
5087,MNP,MNP,Hydroxylansoprazole,0.79297936,0.028071165041007855,0.48880269598549536,0.6681630132484446,0.0,0.002997002997002997,0.005910424237117464,False
5088,MNP,MNP,Hyodeoxycholic acid,0.8243937,0.05054682023367933,0.47984331995673624,0.6681630132484446,0.0,0.007992007992007992,0.01321828529465761,False
5089,MNP,MNP,Iron,13.527758,0.5865026759492511,0.2787688819019989,0.6681630132484446,1661.1952,0.06493506493506493,0.08063071134205338,False
5090,MNP,MNP,Isoursodeoxycholic acid,0.8243937,0.05054682023367933,0.47984331995673624,0.6681630132484446,0.0,0.007992007992007992,0.01321828529465761,False
5091,MNP,MNP,Ketone bodies,-2.1865299,-0.134064748320002,0.5533243126424424,0.6681630132484446,0.0,0.022977022977022976,0.032529268484324664,False
5092,MNP,MNP,L-Arginine,0.0,0.0,0.5,0.6681630132484446,0.0,0.000999000999000999,0.002206206795116929,False
5093,MNP,MNP,L-Carnitine,-2.53485,-0.0777108091210095,0.5309709521623364,0.6681630132484446,0.0,0.012987012987012988,0.019964507542147295,False
5094,MNP,MNP,L-Cystine,0.0,0.0,0.5,0.6681630132484446,0.0,0.000999000999000999,0.002206206795116929,False
5095,MNP,MNP,L-Dopa,0.58797973,0.03605135057009328,0.485620706853722,0.6681630132484446,0.0,0.000999000999000999,0.002206206795116929,False
5096,MNP,MNP,L-Glutamate,-1.6749816,-0.07261966195005537,0.5289456099720163,0.6681630132484446,0.0,0.04195804195804196,0.05534244970864689,False
5097,MNP,MNP,L-Lactate,-2.1865299,-0.134064748320002,0.5533243126424424,0.6681630132484446,0.0,0.022977022977022976,0.032529268484324664,False
5098,MNP,MNP,L-Lysine,0.0,0.0,0.5,0.6681630132484446,0.0,0.000999000999000999,0.002206206795116929,False
5099,MNP,MNP,L-Ornithine,0.0,0.0,0.5,0.6681630132484446,0.0,0.000999000999000999,0.002206206795116929,False
5100,MNP,MNP,Lithocholic acid,0.8243937,0.05054682023367933,0.47984331995673624,0.6681630132484446,0.0,0.007992007992007992,0.01321828529465761,False
5101,MNP,MNP,Manganese,-11.471958,-0.703390884906706,0.7590939072803574,0.7724700113734033,0.0,0.03196803196803197,0.04316805563882727,False
5102,MNP,MNP,N-Desmethylcitalopram,-0.23606083,-0.014473818014010945,0.5057740163627849,0.6681630132484446,0.0,0.002997002997002997,0.005910424237117464,False
5103,MNP,MNP,N-Desmethyleletriptan,-0.23606083,-0.014473818014010945,0.5057740163627849,0.6681630132484446,0.0,0.002997002997002997,0.005910424237117464,False
5104,MNP,MNP,N-Desmethyltamoxifen,0.79297936,0.028071165041007855,0.48880269598549536,0.6681630132484446,0.0,0.002997002997002997,0.005910424237117464,False
5105,MNP,MNP,N-desmethylimatinib,-0.55329746,-0.016962421960583285,0.5067667028063362,0.6681630132484446,0.0,0.025974025974025976,0.036297640653357534,False
5106,MNP,MNP,Neurotransmitter,0.053457238,0.003277673546317769,0.4986923997823105,0.6681630132484446,0.0,0.000999000999000999,0.002206206795116929,False
5107,MNP,MNP,Nicotinate,8.129495,0.22291419762993467,0.4118011431417296,0.6681630132484446,987.1675,0.5254745254745254,0.540528196755004,False
5108,MNP,MNP,Norepinephrine,-1.8850918,-0.11558239298487011,0.5460082411334515,0.6681630132484446,0.0,0.003996003996003996,0.007468259895444362,False
5109,MNP,MNP,O-Deethylated candesartan,-0.23606083,-0.014473818014010945,0.5057740163627849,0.6681630132484446,0.0,0.002997002997002997,0.005910424237117464,False
5110,MNP,MNP,O-Desmethylverapamil (D-702),-4.3630133,-0.0690716905774762,0.5275337225791333,0.6681630132484446,0.0,0.08691308691308691,0.10382825242332223,False
5111,MNP,MNP,Oxalic acid,6.701442,0.4108917577285776,0.3405759532198699,0.6681630132484446,962.10535,0.5044955044955045,0.5199514940740402,False
5112,MNP,MNP,Phosphate,-2.8836384,-0.17680721328272286,0.5701700885287345,0.6682447870214979,0.0,0.001998001998001998,0.00412210593812261,False
5113,MNP,MNP,Progesterone,-1.5823377,-0.06860304134896411,0.5273472010367427,0.6681630132484446,0.0,0.025974025974025976,0.036297640653357534,False
5114,MNP,MNP,Pyruvate,-2.1865299,-0.134064748320002,0.5533243126424424,0.6681630132484446,0.0,0.022977022977022976,0.032529268484324664,False
5115,MNP,MNP,Sodium,-3.0657673,-0.06645893449615224,0.5264937745406386,0.6681630132484446,33.88764,0.06693306693306693,0.08256428512747487,False
5116,MNP,MNP,Sodium_hydrogen exchange,5.964426,0.21113839311121277,0.41638964104573994,0.6681630132484446,0.0,0.06793206793206794,0.08346972176759411,False
5117,MNP,MNP,Sulfolithocholic acid,0.8243937,0.05054682023367933,0.47984331995673624,0.6681630132484446,0.0,0.007992007992007992,0.01321828529465761,False
5118,MNP,MNP,Taurocholic acid,13.552611,0.23046792396503438,0.40886409281109193,0.6681630132484446,987.1675,0.5334665334665335,0.5482608745251486,False
5119,MNP,MNP,Testosterone,-1.1837754,-0.02963144811262376,0.5118195078236124,0.6681630132484446,0.0,0.03396603396603397,0.045590667322218746,False
5120,MNP,MNP,Trihydroxycoprostanoic acid,0.8243937,0.05054682023367933,0.47984331995673624,0.6681630132484446,0.0,0.007992007992007992,0.01321828529465761,False
5121,MNP,MNP,Urea,0.0,0.0,0.5,0.6681630132484446,0.0,0.000999000999000999,0.002206206795116929,False
5122,MNP,MNP,Ursocholic acid,0.8243937,0.05054682023367933,0.47984331995673624,0.6681630132484446,0.0,0.007992007992007992,0.01321828529465761,False
5123,MNP,MNP,Ursodeoxycholic acid,0.8243937,0.05054682023367933,0.47984331995673624,0.6681630132484446,0.0,0.007992007992007992,0.01321828529465761,False
5124,MNP,MNP,Ursodeoxycholic acid 3-sulfate,0.8243937,0.05054682023367933,0.47984331995673624,0.6681630132484446,0.0,0.007992007992007992,0.01321828529465761,False
5125,MNP,MNP,Varanic acid,0.8243937,0.05054682023367933,0.47984331995673624,0.6681630132484446,0.0,0.007992007992007992,0.01321828529465761,False
5126,MNP,MNP,Vitamin D3,-29.391323,-1.802097642574633,0.9642349777223768,0.9643741370495124,91.07381,0.23176823176823177,0.25182719444243434,False
5127,MNP,MNP,Water,0.6086648,0.018659816998714104,0.492556242029322,0.6681630132484446,0.0,0.03496503496503497,0.04684084521702925,False
5128,MNP,MNP,Zinc,-11.471958,-0.703390884906706,0.7590939072803574,0.7724700113734033,0.0,0.03196803196803197,0.04316805563882727,False
5129,MNP,MNP,alpha-Ketoisovaleric acid,-2.1865299,-0.134064748320002,0.5533243126424424,0.6681630132484446,0.0,0.022977022977022976,0.032529268484324664,False
5130,MNP,Muscularis_mucosa,"(3a,5b,7a)-23-Carboxy-7-hydroxy-24-norcholan-3-yl-b-D-Glucopyranosiduronic acid",0.21987665,0.04488213262442865,0.48210062929596176,0.6681630132484446,0.0,0.005994005994005994,0.010452557005148853,False
5131,MNP,Muscularis_mucosa,17a-Ethynylestradiol,0.0,0.0,0.5,0.6681630132484446,0.0,0.000999000999000999,0.002206206795116929,False
5132,MNP,Muscularis_mucosa,"1b,3a,12a-Trihydroxy-5b-cholanoic acid",0.21987665,0.04488213262442865,0.48210062929596176,0.6681630132484446,0.0,0.005994005994005994,0.010452557005148853,False
5133,MNP,Muscularis_mucosa,2-Hydroxychlorpropamide,0.0,0.0,0.5,0.6681630132484446,0.0,0.000999000999000999,0.002206206795116929,False
5134,MNP,Muscularis_mucosa,25-Hydroxycholesterol,-3.110391,-0.6349058841192451,0.737255100390102,0.7553543779760652,0.0,0.053946053946053944,0.06874699408719269,False
5135,MNP,Muscularis_mucosa,"3',4'-Dihydrodiol",0.0,0.0,0.5,0.6681630132484446,0.0,0.000999000999000999,0.002206206795116929,False
5136,MNP,Muscularis_mucosa,3-Sulfodeoxycholic acid,0.21987665,0.04488213262442865,0.48210062929596176,0.6681630132484446,0.0,0.005994005994005994,0.010452557005148853,False
5137,MNP,Muscularis_mucosa,"3alpha,7alpha-Dihydroxycoprostanic acid",0.21987665,0.04488213262442865,0.48210062929596176,0.6681630132484446,0.0,0.005994005994005994,0.010452557005148853,False
5138,MNP,Muscularis_mucosa,3b-Hydroxy-5-cholenoic acid,0.21987665,0.04488213262442865,0.48210062929596176,0.6681630132484446,0.0,0.005994005994005994,0.010452557005148853,False
5139,MNP,Muscularis_mucosa,4'-Hydroxydiclofenac,0.0,0.0,0.5,0.6681630132484446,0.0,0.000999000999000999,0.002206206795116929,False
5140,MNP,Muscularis_mucosa,4-Hydroxycyclophosphamide,0.0,0.0,0.5,0.6681630132484446,0.0,0.000999000999000999,0.002206206795116929,False
5141,MNP,Muscularis_mucosa,4-ene-Valproic acid,0.1675725,0.01974860831725458,0.49212195724915436,0.6681630132484446,0.0,0.005994005994005994,0.010452557005148853,False
5142,MNP,Muscularis_mucosa,5-Hydroxyomeprazole,0.41029543,0.03419128557046255,0.4863623077934815,0.6681630132484446,0.0,0.015984015984015984,0.024033245990286563,False
5143,MNP,Muscularis_mucosa,8-Hydroxycarvedilol,0.0,0.0,0.5,0.6681630132484446,0.0,0.000999000999000999,0.002206206795116929,False
5144,MNP,Muscularis_mucosa,Acetate,-7.722727,-0.9101320841693852,0.8186235720310402,0.8251725606072885,0.0,0.11388611388611389,0.13222160650540615,False
5145,MNP,Muscularis_mucosa,Acetyl-L-Carnitine,0.0,0.0,0.5,0.6681630132484446,0.0,0.000999000999000999,0.002206206795116929,False
5146,MNP,Muscularis_mucosa,Adenosine diphosphate ribose,34.195576,6.980142663356771,1.4744023376260824e-12,2.2212191738584242e-10,27.612926,0.000999000999000999,0.002206206795116929,True
5147,MNP,Muscularis_mucosa,Adenosine triphosphate,-0.8661933,-0.17681096585057623,0.5701715623685378,0.6682447870214979,0.0,0.025974025974025976,0.036297640653357534,False
5148,MNP,Muscularis_mucosa,Amiloride-sensitive sodium transport,0.0,0.0,0.5,0.6681630132484446,0.0,0.000999000999000999,0.002206206795116929,False
5149,MNP,Muscularis_mucosa,Anion exchange,0.7056031,0.08315612548258003,0.46686369932575755,0.6681630132484446,0.0,0.029970029970029972,0.041029693341032736,False
5150,MNP,Muscularis_mucosa,Butyrate,0.1675725,0.03420559298426225,0.48635660329796776,0.6681630132484446,0.0,0.005994005994005994,0.010452557005148853,False
5151,MNP,Muscularis_mucosa,Cadmium,0.24057056,0.04910625994790888,0.480417307355514,0.6681630132484446,0.0,0.006993006993006993,0.011945165999886237,False
5152,MNP,Muscularis_mucosa,Chenodeoxycholic acid,0.21987665,0.04488213262442865,0.48210062929596176,0.6681630132484446,0.0,0.005994005994005994,0.010452557005148853,False
5153,MNP,Muscularis_mucosa,Chenodeoxycholic acid 3-sulfate,0.21987665,0.04488213262442865,0.48210062929596176,0.6681630132484446,0.0,0.005994005994005994,0.010452557005148853,False
5154,MNP,Muscularis_mucosa,Chloride,-0.16572337,-0.033828140945225106,0.5134929022230584,0.6681630132484446,0.0,0.014985014985014986,0.022683738280068557,False
5155,MNP,Muscularis_mucosa,Chloride ion,0.21987665,0.04488213262442865,0.48210062929596176,0.6681630132484446,0.0,0.006993006993006993,0.011945165999886237,False
5156,MNP,Muscularis_mucosa,Cholesterol,-1.3536499,-0.1381563097629039,0.5549415581727919,0.6681630132484446,0.0,0.04295704295704296,0.056477387154677997,False
5157,MNP,Muscularis_mucosa,Cholic acid,0.41029543,0.04835377976871964,0.48071714729348286,0.6681630132484446,0.0,0.015984015984015984,0.024033245990286563,False
5158,MNP,Muscularis_mucosa,Choline,0.0,0.0,0.5,0.6681630132484446,0.0,0.000999000999000999,0.002206206795116929,False
5159,MNP,Muscularis_mucosa,Citric acid,-7.0053916,-1.4299695719052252,0.9236371237981963,0.9241705555763067,0.0,0.1048951048951049,0.12272886660865726,False
5160,MNP,Muscularis_mucosa,Coprocholic acid,0.21987665,0.04488213262442865,0.48210062929596176,0.6681630132484446,0.0,0.005994005994005994,0.010452557005148853,False
5161,MNP,Muscularis_mucosa,Cortisol,0.0,0.0,0.5,0.6681630132484446,0.0,0.000999000999000999,0.002206206795116929,False
5162,MNP,Muscularis_mucosa,Creatine,0.0,0.0,0.5,0.6681630132484446,0.0,0.000999000999000999,0.002206206795116929,False
5163,MNP,Muscularis_mucosa,D-Lactate,0.1675725,0.03420559298426225,0.48635660329796776,0.6681630132484446,0.0,0.005994005994005994,0.010452557005148853,False
5164,MNP,Muscularis_mucosa,Deoxycholic acid,0.21987665,0.04488213262442865,0.48210062929596176,0.6681630132484446,0.0,0.005994005994005994,0.010452557005148853,False
5165,MNP,Muscularis_mucosa,Dopamine,0.0,0.0,0.5,0.6681630132484446,0.0,0.000999000999000999,0.002206206795116929,False
5166,MNP,Muscularis_mucosa,E-3179,0.0,0.0,0.5,0.6681630132484446,0.0,0.000999000999000999,0.002206206795116929,False
5167,MNP,Muscularis_mucosa,Estradiol,-7.0053916,-0.6395018337072714,0.7387517394335007,0.755389461740823,0.0,0.1048951048951049,0.12272886660865726,False
5168,MNP,Muscularis_mucosa,Estriol,0.0,0.0,0.5,0.6681630132484446,0.0,0.000999000999000999,0.002206206795116929,False
5169,MNP,Muscularis_mucosa,Fatty acid,-3.6249318,-0.33090948716788854,0.629643572202581,0.6893254273876598,0.0,0.3086913086913087,0.32770079185520357,False
5170,MNP,Muscularis_mucosa,Folic acid,0.21987665,0.025912711352518367,0.48966348062930065,0.6681630132484446,0.0,0.005994005994005994,0.010452557005148853,False
5171,MNP,Muscularis_mucosa,Folinic acid,0.21987665,0.04488213262442865,0.48210062929596176,0.6681630132484446,0.0,0.005994005994005994,0.010452557005148853,False
5172,MNP,Muscularis_mucosa,Glutathione,0.21987665,0.04488213262442865,0.48210062929596176,0.6681630132484446,0.0,0.005994005994005994,0.010452557005148853,False
5173,MNP,Muscularis_mucosa,Glycerol,0.0,0.0,0.5,0.6681630132484446,0.0,0.000999000999000999,0.002206206795116929,False
5174,MNP,Muscularis_mucosa,Glycochenodeoxycholate-3-sulfate,0.21987665,0.04488213262442865,0.48210062929596176,0.6681630132484446,0.0,0.005994005994005994,0.010452557005148853,False
5175,MNP,Muscularis_mucosa,Glycyl-glycine,0.0,0.0,0.5,0.6681630132484446,0.0,0.000999000999000999,0.002206206795116929,False
5176,MNP,Muscularis_mucosa,Histamine,0.0,0.0,0.5,0.6681630132484446,0.0,0.000999000999000999,0.002206206795116929,False
5177,MNP,Muscularis_mucosa,Hydroxylansoprazole,0.0,0.0,0.5,0.6681630132484446,0.0,0.000999000999000999,0.002206206795116929,False
5178,MNP,Muscularis_mucosa,Hyodeoxycholic acid,0.21987665,0.04488213262442865,0.48210062929596176,0.6681630132484446,0.0,0.005994005994005994,0.010452557005148853,False
5179,MNP,Muscularis_mucosa,Iron,-2.4197397,-0.3492593451403911,0.6365526915885011,0.6926220996558821,0.0,0.23176823176823177,0.25182719444243434,False
5180,MNP,Muscularis_mucosa,Isoursodeoxycholic acid,0.21987665,0.04488213262442865,0.48210062929596176,0.6681630132484446,0.0,0.005994005994005994,0.010452557005148853,False
5181,MNP,Muscularis_mucosa,Ketone bodies,0.1675725,0.03420559298426225,0.48635660329796776,0.6681630132484446,0.0,0.005994005994005994,0.010452557005148853,False
5182,MNP,Muscularis_mucosa,L-Arginine,0.0,0.0,0.5,0.6681630132484446,0.0,0.000999000999000999,0.002206206795116929,False
5183,MNP,Muscularis_mucosa,L-Carnitine,0.0,0.0,0.5,0.6681630132484446,0.0,0.000999000999000999,0.002206206795116929,False
5184,MNP,Muscularis_mucosa,L-Cystine,0.0,0.0,0.5,0.6681630132484446,0.0,0.000999000999000999,0.002206206795116929,False
5185,MNP,Muscularis_mucosa,L-Dopa,0.0,0.0,0.5,0.6681630132484446,0.0,0.000999000999000999,0.002206206795116929,False
5186,MNP,Muscularis_mucosa,L-Glutamate,0.1675725,0.024187006753678828,0.4903517211041297,0.6681630132484446,0.0,0.005994005994005994,0.010452557005148853,False
5187,MNP,Muscularis_mucosa,L-Lactate,0.1675725,0.03420559298426225,0.48635660329796776,0.6681630132484446,0.0,0.005994005994005994,0.010452557005148853,False
5188,MNP,Muscularis_mucosa,L-Lysine,0.0,0.0,0.5,0.6681630132484446,0.0,0.000999000999000999,0.002206206795116929,False
5189,MNP,Muscularis_mucosa,L-Ornithine,0.0,0.0,0.5,0.6681630132484446,0.0,0.000999000999000999,0.002206206795116929,False
5190,MNP,Muscularis_mucosa,Lithocholic acid,0.21987665,0.04488213262442865,0.48210062929596176,0.6681630132484446,0.0,0.005994005994005994,0.010452557005148853,False
5191,MNP,Muscularis_mucosa,Manganese,0.24057056,0.04910625994790888,0.480417307355514,0.6681630132484446,0.0,0.006993006993006993,0.011945165999886237,False
5192,MNP,Muscularis_mucosa,N-Desmethylcitalopram,0.0,0.0,0.5,0.6681630132484446,0.0,0.000999000999000999,0.002206206795116929,False
5193,MNP,Muscularis_mucosa,N-Desmethyleletriptan,0.0,0.0,0.5,0.6681630132484446,0.0,0.000999000999000999,0.002206206795116929,False
5194,MNP,Muscularis_mucosa,N-Desmethyltamoxifen,0.0,0.0,0.5,0.6681630132484446,0.0,0.000999000999000999,0.002206206795116929,False
5195,MNP,Muscularis_mucosa,N-desmethylimatinib,0.0,0.0,0.5,0.6681630132484446,0.0,0.000999000999000999,0.002206206795116929,False
5196,MNP,Muscularis_mucosa,Neurotransmitter,0.0,0.0,0.5,0.6681630132484446,0.0,0.000999000999000999,0.002206206795116929,False
5197,MNP,Muscularis_mucosa,Nicotinate,-7.722727,-0.7049852809674151,0.7595903019342497,0.772861663838548,0.0,0.11388611388611389,0.13222160650540615,False
5198,MNP,Muscularis_mucosa,Norepinephrine,0.0,0.0,0.5,0.6681630132484446,0.0,0.000999000999000999,0.002206206795116929,False
5199,MNP,Muscularis_mucosa,O-Deethylated candesartan,0.0,0.0,0.5,0.6681630132484446,0.0,0.000999000999000999,0.002206206795116929,False
5200,MNP,Muscularis_mucosa,O-Desmethylverapamil (D-702),0.41029543,0.021624467706382232,0.49137375784310194,0.6681630132484446,0.0,0.015984015984015984,0.024033245990286563,False
5201,MNP,Muscularis_mucosa,Oxalic acid,-7.0053916,-1.4299695719052252,0.9236371237981963,0.9241705555763067,0.0,0.1048951048951049,0.12272886660865726,False
5202,MNP,Muscularis_mucosa,Phosphate,0.0,0.0,0.5,0.6681630132484446,0.0,0.000999000999000999,0.002206206795116929,False
5203,MNP,Muscularis_mucosa,Progesterone,0.0,0.0,0.5,0.6681630132484446,0.0,0.000999000999000999,0.002206206795116929,False
5204,MNP,Muscularis_mucosa,Pyruvate,0.1675725,0.03420559298426225,0.48635660329796776,0.6681630132484446,0.0,0.005994005994005994,0.010452557005148853,False
5205,MNP,Muscularis_mucosa,Sodium,-0.26792726,-0.019335984403283546,0.5077134610568113,0.6681630132484446,0.0,0.057942057942057944,0.07335375621820635,False
5206,MNP,Muscularis_mucosa,Sodium_hydrogen exchange,0.20290935,0.02391309627176751,0.49046096397818795,0.6681630132484446,0.0,0.00999000999000999,0.01593343365495264,False
5207,MNP,Muscularis_mucosa,Sulfolithocholic acid,0.21987665,0.04488213262442865,0.48210062929596176,0.6681630132484446,0.0,0.005994005994005994,0.010452557005148853,False
5208,MNP,Muscularis_mucosa,Taurocholic acid,-7.0120745,-0.39698054423407225,0.6543090961204286,0.7021736220433255,0.0,0.12887112887112886,0.14768925468445893,False
5209,MNP,Muscularis_mucosa,Testosterone,0.0,0.0,0.5,0.6681630132484446,0.0,0.000999000999000999,0.002206206795116929,False
5210,MNP,Muscularis_mucosa,Trihydroxycoprostanoic acid,0.21987665,0.04488213262442865,0.48210062929596176,0.6681630132484446,0.0,0.005994005994005994,0.010452557005148853,False
5211,MNP,Muscularis_mucosa,Urea,0.0,0.0,0.5,0.6681630132484446,0.0,0.000999000999000999,0.002206206795116929,False
5212,MNP,Muscularis_mucosa,Ursocholic acid,0.21987665,0.04488213262442865,0.48210062929596176,0.6681630132484446,0.0,0.005994005994005994,0.010452557005148853,False
5213,MNP,Muscularis_mucosa,Ursodeoxycholic acid,0.21987665,0.04488213262442865,0.48210062929596176,0.6681630132484446,0.0,0.005994005994005994,0.010452557005148853,False
5214,MNP,Muscularis_mucosa,Ursodeoxycholic acid 3-sulfate,0.21987665,0.04488213262442865,0.48210062929596176,0.6681630132484446,0.0,0.005994005994005994,0.010452557005148853,False
5215,MNP,Muscularis_mucosa,Varanic acid,0.21987665,0.04488213262442865,0.48210062929596176,0.6681630132484446,0.0,0.005994005994005994,0.010452557005148853,False
5216,MNP,Muscularis_mucosa,Vitamin D3,-1.3536499,-0.2763126195258078,0.6088460179477139,0.6829858379052035,0.0,0.04295704295704296,0.056477387154677997,False
5217,MNP,Muscularis_mucosa,Water,0.12694584,0.012956355370153218,0.4948313066523098,0.6681630132484446,0.0,0.003996003996003996,0.007468259895444362,False
5218,MNP,Muscularis_mucosa,Zinc,0.24057056,0.04910625994790888,0.480417307355514,0.6681630132484446,0.0,0.006993006993006993,0.011945165999886237,False
5219,MNP,Muscularis_mucosa,alpha-Ketoisovaleric acid,0.1675725,0.03420559298426225,0.48635660329796776,0.6681630132484446,0.0,0.005994005994005994,0.010452557005148853,False
5220,MNP,Myofibroblast,"(3a,5b,7a)-23-Carboxy-7-hydroxy-24-norcholan-3-yl-b-D-Glucopyranosiduronic acid",0.0,0.0,0.5,0.6681630132484446,0.0,0.000999000999000999,0.002206206795116929,False
5221,MNP,Myofibroblast,17a-Ethynylestradiol,0.0,0.0,0.5,0.6681630132484446,0.0,0.000999000999000999,0.002206206795116929,False
5222,MNP,Myofibroblast,"1b,3a,12a-Trihydroxy-5b-cholanoic acid",0.0,0.0,0.5,0.6681630132484446,0.0,0.000999000999000999,0.002206206795116929,False
5223,MNP,Myofibroblast,2-Hydroxychlorpropamide,0.0,0.0,0.5,0.6681630132484446,0.0,0.000999000999000999,0.002206206795116929,False
5224,MNP,Myofibroblast,25-Hydroxycholesterol,-5.9849443,-0.8070097306565918,0.7901695614920208,0.7978835875185348,0.0,0.6413586413586414,0.6518943069251077,False
5225,MNP,Myofibroblast,"3',4'-Dihydrodiol",0.0,0.0,0.5,0.6681630132484446,0.0,0.000999000999000999,0.002206206795116929,False
5226,MNP,Myofibroblast,3-Sulfodeoxycholic acid,0.0,0.0,0.5,0.6681630132484446,0.0,0.000999000999000999,0.002206206795116929,False
5227,MNP,Myofibroblast,"3alpha,7alpha-Dihydroxycoprostanic acid",0.0,0.0,0.5,0.6681630132484446,0.0,0.000999000999000999,0.002206206795116929,False
5228,MNP,Myofibroblast,3b-Hydroxy-5-cholenoic acid,0.0,0.0,0.5,0.6681630132484446,0.0,0.000999000999000999,0.002206206795116929,False
5229,MNP,Myofibroblast,4'-Hydroxydiclofenac,0.0,0.0,0.5,0.6681630132484446,0.0,0.000999000999000999,0.002206206795116929,False
5230,MNP,Myofibroblast,4-Hydroxycyclophosphamide,0.0,0.0,0.5,0.6681630132484446,0.0,0.000999000999000999,0.002206206795116929,False
5231,MNP,Myofibroblast,4-ene-Valproic acid,0.45351088,0.03530577416118724,0.48591795954403716,0.6681630132484446,0.0,0.003996003996003996,0.007468259895444362,False
5232,MNP,Myofibroblast,5-Hydroxyomeprazole,0.0,0.0,0.5,0.6681630132484446,0.0,0.000999000999000999,0.002206206795116929,False
5233,MNP,Myofibroblast,8-Hydroxycarvedilol,0.0,0.0,0.5,0.6681630132484446,0.0,0.000999000999000999,0.002206206795116929,False
5234,MNP,Myofibroblast,Acetate,0.6331948,0.04929414865117146,0.4803424412754071,0.6681630132484446,0.0,0.7892107892107892,0.794484423188665,False
5235,MNP,Myofibroblast,Acetyl-L-Carnitine,0.15824649,0.021337952005252587,0.49148803470075636,0.6681630132484446,0.0,0.001998001998001998,0.00412210593812261,False
5236,MNP,Myofibroblast,Adenosine diphosphate ribose,0.50596565,0.06822439433923257,0.47280350416779693,0.6681630132484446,0.0,0.029970029970029972,0.041029693341032736,False
5237,MNP,Myofibroblast,Adenosine triphosphate,-0.34943703,-0.047118079266305984,0.5187904409152594,0.6681630132484446,0.0,0.14085914085914086,0.16028798787419477,False
5238,MNP,Myofibroblast,Amiloride-sensitive sodium transport,0.0,0.0,0.5,0.6681630132484446,0.0,0.000999000999000999,0.002206206795116929,False
5239,MNP,Myofibroblast,Anion exchange,-0.5372618,-0.04182577316420398,0.5166812055135147,0.6681630132484446,0.0,0.03996003996003996,0.05294896308280629,False
5240,MNP,Myofibroblast,Butyrate,0.0,0.0,0.5,0.6681630132484446,0.0,0.000999000999000999,0.002206206795116929,False
5241,MNP,Myofibroblast,Cadmium,-0.6231343,-0.08402341389569763,0.5334810920026211,0.6681630132484446,0.0,0.012987012987012988,0.019964507542147295,False
5242,MNP,Myofibroblast,Chenodeoxycholic acid,0.0,0.0,0.5,0.6681630132484446,0.0,0.000999000999000999,0.002206206795116929,False
5243,MNP,Myofibroblast,Chenodeoxycholic acid 3-sulfate,0.0,0.0,0.5,0.6681630132484446,0.0,0.000999000999000999,0.002206206795116929,False
5244,MNP,Myofibroblast,Chloride,-3.0877097,-0.41634668633412925,0.6614218327253383,0.7063728310658952,0.0,0.030969030969030968,0.04197445425687162,False
5245,MNP,Myofibroblast,Chloride ion,0.072337754,0.009754020769081086,0.4961087704139256,0.6681630132484446,0.0,0.003996003996003996,0.007468259895444362,False
5246,MNP,Myofibroblast,Cholesterol,0.0,0.0,0.5,0.6681630132484446,0.0,0.000999000999000999,0.002206206795116929,False
5247,MNP,Myofibroblast,Cholic acid,0.0,0.0,0.5,0.6681630132484446,0.0,0.000999000999000999,0.002206206795116929,False
5248,MNP,Myofibroblast,Choline,0.15824649,0.021337952005252587,0.49148803470075636,0.6681630132484446,0.0,0.001998001998001998,0.00412210593812261,False
5249,MNP,Myofibroblast,Citric acid,-0.17973094,-0.024234914585635158,0.5096673857548378,0.6681630132484446,0.0,0.7832167832167832,0.7890234492938374,False
5250,MNP,Myofibroblast,Coprocholic acid,0.0,0.0,0.5,0.6681630132484446,0.0,0.000999000999000999,0.002206206795116929,False
5251,MNP,Myofibroblast,Cortisol,0.0,0.0,0.5,0.6681630132484446,0.0,0.000999000999000999,0.002206206795116929,False
5252,MNP,Myofibroblast,Creatine,0.15824649,0.021337952005252587,0.49148803470075636,0.6681630132484446,0.0,0.001998001998001998,0.00412210593812261,False
5253,MNP,Myofibroblast,D-Lactate,0.0,0.0,0.5,0.6681630132484446,0.0,0.000999000999000999,0.002206206795116929,False
5254,MNP,Myofibroblast,Deoxycholic acid,0.0,0.0,0.5,0.6681630132484446,0.0,0.000999000999000999,0.002206206795116929,False
5255,MNP,Myofibroblast,Dopamine,0.15824649,0.021337952005252587,0.49148803470075636,0.6681630132484446,0.0,0.001998001998001998,0.00412210593812261,False
5256,MNP,Myofibroblast,E-3179,0.0,0.0,0.5,0.6681630132484446,0.0,0.000999000999000999,0.002206206795116929,False
5257,MNP,Myofibroblast,Estradiol,-0.46454573,-0.02801316133962465,0.5111741729820876,0.6681630132484446,0.0,0.7832167832167832,0.7890234492938374,False
5258,MNP,Myofibroblast,Estriol,0.0,0.0,0.5,0.6681630132484446,0.0,0.000999000999000999,0.002206206795116929,False
5259,MNP,Myofibroblast,Fatty acid,1.608108,0.09697256369469119,0.46137409136974716,0.6681630132484446,17.539343,0.4165834165834166,0.4321094262719768,False
5260,MNP,Myofibroblast,Folic acid,0.0,0.0,0.5,0.6681630132484446,0.0,0.000999000999000999,0.002206206795116929,False
5261,MNP,Myofibroblast,Folinic acid,0.0,0.0,0.5,0.6681630132484446,0.0,0.000999000999000999,0.002206206795116929,False
5262,MNP,Myofibroblast,Glutathione,0.0,0.0,0.5,0.6681630132484446,0.0,0.000999000999000999,0.002206206795116929,False
5263,MNP,Myofibroblast,Glycerol,0.0,0.0,0.5,0.6681630132484446,0.0,0.000999000999000999,0.002206206795116929,False
5264,MNP,Myofibroblast,Glycochenodeoxycholate-3-sulfate,0.0,0.0,0.5,0.6681630132484446,0.0,0.000999000999000999,0.002206206795116929,False
5265,MNP,Myofibroblast,Glycyl-glycine,0.0,0.0,0.5,0.6681630132484446,0.0,0.000999000999000999,0.002206206795116929,False
5266,MNP,Myofibroblast,Histamine,0.15824649,0.021337952005252587,0.49148803470075636,0.6681630132484446,0.0,0.001998001998001998,0.00412210593812261,False
5267,MNP,Myofibroblast,Hydroxylansoprazole,0.0,0.0,0.5,0.6681630132484446,0.0,0.000999000999000999,0.002206206795116929,False
5268,MNP,Myofibroblast,Hyodeoxycholic acid,0.0,0.0,0.5,0.6681630132484446,0.0,0.000999000999000999,0.002206206795116929,False
5269,MNP,Myofibroblast,Iron,-0.2910316,-0.027748774197753987,0.5110687387606324,0.6681630132484446,20.50649,0.6873126873126874,0.6967637394787776,False
5270,MNP,Myofibroblast,Isoursodeoxycholic acid,0.0,0.0,0.5,0.6681630132484446,0.0,0.000999000999000999,0.002206206795116929,False
5271,MNP,Myofibroblast,Ketone bodies,0.0,0.0,0.5,0.6681630132484446,0.0,0.000999000999000999,0.002206206795116929,False
5272,MNP,Myofibroblast,L-Arginine,0.0,0.0,0.5,0.6681630132484446,0.0,0.000999000999000999,0.002206206795116929,False
5273,MNP,Myofibroblast,L-Carnitine,0.42839015,0.028882057704309457,0.4884793277651344,0.6681630132484446,0.0,0.007992007992007992,0.01321828529465761,False
5274,MNP,Myofibroblast,L-Cystine,0.0,0.0,0.5,0.6681630132484446,0.0,0.000999000999000999,0.002206206795116929,False
5275,MNP,Myofibroblast,L-Dopa,0.0,0.0,0.5,0.6681630132484446,0.0,0.000999000999000999,0.002206206795116929,False
5276,MNP,Myofibroblast,L-Glutamate,0.20878345,0.01990672066761498,0.49205889194545555,0.6681630132484446,0.0,0.003996003996003996,0.007468259895444362,False
5277,MNP,Myofibroblast,L-Lactate,0.0,0.0,0.5,0.6681630132484446,0.0,0.000999000999000999,0.002206206795116929,False
5278,MNP,Myofibroblast,L-Lysine,0.0,0.0,0.5,0.6681630132484446,0.0,0.000999000999000999,0.002206206795116929,False
5279,MNP,Myofibroblast,L-Ornithine,0.0,0.0,0.5,0.6681630132484446,0.0,0.000999000999000999,0.002206206795116929,False
5280,MNP,Myofibroblast,Lithocholic acid,0.0,0.0,0.5,0.6681630132484446,0.0,0.000999000999000999,0.002206206795116929,False
5281,MNP,Myofibroblast,Manganese,-0.6231343,-0.08402341389569763,0.5334810920026211,0.6681630132484446,0.0,0.012987012987012988,0.019964507542147295,False
5282,MNP,Myofibroblast,N-Desmethylcitalopram,0.0,0.0,0.5,0.6681630132484446,0.0,0.000999000999000999,0.002206206795116929,False
5283,MNP,Myofibroblast,N-Desmethyleletriptan,0.0,0.0,0.5,0.6681630132484446,0.0,0.000999000999000999,0.002206206795116929,False
5284,MNP,Myofibroblast,N-Desmethyltamoxifen,0.0,0.0,0.5,0.6681630132484446,0.0,0.000999000999000999,0.002206206795116929,False
5285,MNP,Myofibroblast,N-desmethylimatinib,-0.2848148,-0.019202210221853405,0.5076601027866844,0.6681630132484446,0.0,0.000999000999000999,0.002206206795116929,False
5286,MNP,Myofibroblast,Neurotransmitter,0.15824649,0.021337952005252587,0.49148803470075636,0.6681630132484446,0.0,0.002997002997002997,0.005910424237117464,False
5287,MNP,Myofibroblast,Nicotinate,1.0867057,0.06553081842853963,0.4738756847525457,0.6681630132484446,0.0,0.7902097902097902,0.7952590540449965,False
5288,MNP,Myofibroblast,Norepinephrine,0.15824649,0.021337952005252587,0.49148803470075636,0.6681630132484446,0.0,0.001998001998001998,0.00412210593812261,False
5289,MNP,Myofibroblast,O-Deethylated candesartan,0.0,0.0,0.5,0.6681630132484446,0.0,0.000999000999000999,0.002206206795116929,False
5290,MNP,Myofibroblast,O-Desmethylverapamil (D-702),0.5611812,0.019537821141802556,0.4922060329433375,0.6681630132484446,0.0,0.011988011988011988,0.01879993733354222,False
5291,MNP,Myofibroblast,Oxalic acid,-0.17973094,-0.024234914585635158,0.5096673857548378,0.6681630132484446,0.0,0.7832167832167832,0.7890234492938374,False
5292,MNP,Myofibroblast,Phosphate,0.11188842,0.015087031955352598,0.49398137339326853,0.6681630132484446,0.0,0.002997002997002997,0.005910424237117464,False
5293,MNP,Myofibroblast,Progesterone,-0.2848148,-0.02715602612328436,0.5108323555855748,0.6681630132484446,0.0,0.000999000999000999,0.002206206795116929,False
5294,MNP,Myofibroblast,Pyruvate,0.0,0.0,0.5,0.6681630132484446,0.0,0.000999000999000999,0.002206206795116929,False
5295,MNP,Myofibroblast,Sodium,-2.5152044,-0.11990766639768162,0.5477218543052663,0.6681630132484446,0.0,0.04395604395604396,0.05771416912000467,False
5296,MNP,Myofibroblast,Sodium_hydrogen exchange,0.6058357,0.04716424342518175,0.48119116270232826,0.6681630132484446,0.0,0.013986013986013986,0.02125506072874494,False
5297,MNP,Myofibroblast,Sulfolithocholic acid,0.0,0.0,0.5,0.6681630132484446,0.0,0.000999000999000999,0.002206206795116929,False
5298,MNP,Myofibroblast,Taurocholic acid,0.34838003,0.013028674387240317,0.4948024579737327,0.6681630132484446,0.0,0.7892107892107892,0.794484423188665,False
5299,MNP,Myofibroblast,Testosterone,-0.2848148,-0.015678538992398735,0.5062545758515279,0.6681630132484446,0.0,0.000999000999000999,0.002206206795116929,False
5300,MNP,Myofibroblast,Trihydroxycoprostanoic acid,0.0,0.0,0.5,0.6681630132484446,0.0,0.000999000999000999,0.002206206795116929,False
5301,MNP,Myofibroblast,Urea,0.0,0.0,0.5,0.6681630132484446,0.0,0.000999000999000999,0.002206206795116929,False
5302,MNP,Myofibroblast,Ursocholic acid,0.0,0.0,0.5,0.6681630132484446,0.0,0.000999000999000999,0.002206206795116929,False
5303,MNP,Myofibroblast,Ursodeoxycholic acid,0.0,0.0,0.5,0.6681630132484446,0.0,0.000999000999000999,0.002206206795116929,False
5304,MNP,Myofibroblast,Ursodeoxycholic acid 3-sulfate,0.0,0.0,0.5,0.6681630132484446,0.0,0.000999000999000999,0.002206206795116929,False
5305,MNP,Myofibroblast,Varanic acid,0.0,0.0,0.5,0.6681630132484446,0.0,0.000999000999000999,0.002206206795116929,False
5306,MNP,Myofibroblast,Vitamin D3,0.0,0.0,0.5,0.6681630132484446,0.0,0.000999000999000999,0.002206206795116929,False
5307,MNP,Myofibroblast,Water,0.5332613,0.03595246945326412,0.4856601291552999,0.6681630132484446,0.0,0.016983016983016984,0.025342874180083484,False
5308,MNP,Myofibroblast,Zinc,-0.6231343,-0.08402341389569763,0.5334810920026211,0.6681630132484446,0.0,0.012987012987012988,0.019964507542147295,False
5309,MNP,Myofibroblast,alpha-Ketoisovaleric acid,0.0,0.0,0.5,0.6681630132484446,0.0,0.000999000999000999,0.002206206795116929,False
5310,MNP,Pericyte,"(3a,5b,7a)-23-Carboxy-7-hydroxy-24-norcholan-3-yl-b-D-Glucopyranosiduronic acid",-0.07745825,-0.010444467967943445,0.5041666641138204,0.6681630132484446,0.0,0.006993006993006993,0.011945165999886237,False
5311,MNP,Pericyte,17a-Ethynylestradiol,-0.09486659,-0.012791808212362222,0.5051030539692273,0.6681630132484446,0.0,0.00999000999000999,0.01593343365495264,False
5312,MNP,Pericyte,"1b,3a,12a-Trihydroxy-5b-cholanoic acid",-0.07745825,-0.010444467967943445,0.5041666641138204,0.6681630132484446,0.0,0.006993006993006993,0.011945165999886237,False
5313,MNP,Pericyte,2-Hydroxychlorpropamide,-0.09486659,-0.007385353914829394,0.5029463031487383,0.6681630132484446,0.0,0.00999000999000999,0.01593343365495264,False
5314,MNP,Pericyte,25-Hydroxycholesterol,0.27585736,0.03719659872250064,0.4851641252817884,0.6681630132484446,0.0,0.6573426573426573,0.6675534313283433,False
5315,MNP,Pericyte,"3',4'-Dihydrodiol",-0.09486659,-0.012791808212362222,0.5051030539692273,0.6681630132484446,0.0,0.00999000999000999,0.01593343365495264,False
5316,MNP,Pericyte,3-Sulfodeoxycholic acid,-0.07745825,-0.010444467967943445,0.5041666641138204,0.6681630132484446,0.0,0.006993006993006993,0.011945165999886237,False
5317,MNP,Pericyte,"3alpha,7alpha-Dihydroxycoprostanic acid",-0.07745825,-0.010444467967943445,0.5041666641138204,0.6681630132484446,0.0,0.006993006993006993,0.011945165999886237,False
5318,MNP,Pericyte,3b-Hydroxy-5-cholenoic acid,-0.07745825,-0.010444467967943445,0.5041666641138204,0.6681630132484446,0.0,0.006993006993006993,0.011945165999886237,False
5319,MNP,Pericyte,4'-Hydroxydiclofenac,-0.09486659,-0.012791808212362222,0.5051030539692273,0.6681630132484446,0.0,0.00999000999000999,0.01593343365495264,False
5320,MNP,Pericyte,4-Hydroxycyclophosphamide,-0.09486659,-0.012791808212362222,0.5051030539692273,0.6681630132484446,0.0,0.00999000999000999,0.01593343365495264,False
5321,MNP,Pericyte,4-ene-Valproic acid,0.0,0.0,0.5,0.6681630132484446,0.0,0.000999000999000999,0.002206206795116929,False
5322,MNP,Pericyte,5-Hydroxyomeprazole,-0.23940565,-0.013178847121289004,0.5052574471358561,0.6681630132484446,0.0,0.017982017982017984,0.02639038217183071,False
5323,MNP,Pericyte,8-Hydroxycarvedilol,-0.09486659,-0.012791808212362222,0.5051030539692273,0.6681630132484446,0.0,0.00999000999000999,0.01593343365495264,False
5324,MNP,Pericyte,Acetate,-9.382638,-0.7304373759011483,0.7674385604209681,0.7803801798362509,0.0,0.5694305694305695,0.5817711700064642,False
5325,MNP,Pericyte,Acetyl-L-Carnitine,0.0,0.0,0.5,0.6681630132484446,0.0,0.000999000999000999,0.002206206795116929,False
5326,MNP,Pericyte,Adenosine diphosphate ribose,-1.17209,-0.15804459058071468,0.5627891689851974,0.6681630132484446,0.0,0.054945054945054944,0.06980187548473525,False
5327,MNP,Pericyte,Adenosine triphosphate,-1.1049734,-0.14899458763470164,0.5592210481313407,0.6681630132484446,0.0,0.08091908091908091,0.09747422749334794,False
5328,MNP,Pericyte,Amiloride-sensitive sodium transport,0.0,0.0,0.5,0.6681630132484446,0.0,0.000999000999000999,0.002206206795116929,False
5329,MNP,Pericyte,Anion exchange,-2.669786,-0.20784255637723573,0.5823240485343235,0.673828513296644,0.0,0.016983016983016984,0.025342874180083484,False
5330,MNP,Pericyte,Butyrate,0.0,0.0,0.5,0.6681630132484446,0.0,0.000999000999000999,0.002206206795116929,False
5331,MNP,Pericyte,Cadmium,0.0,0.0,0.5,0.6681630132484446,0.0,0.000999000999000999,0.002206206795116929,False
5332,MNP,Pericyte,Chenodeoxycholic acid,-0.07745825,-0.010444467967943445,0.5041666641138204,0.6681630132484446,0.0,0.006993006993006993,0.011945165999886237,False
5333,MNP,Pericyte,Chenodeoxycholic acid 3-sulfate,-0.07745825,-0.010444467967943445,0.5041666641138204,0.6681630132484446,0.0,0.006993006993006993,0.011945165999886237,False
5334,MNP,Pericyte,Chloride,-1.206463,-0.16267943494446402,0.5646145800946972,0.6681630132484446,0.0,0.015984015984015984,0.024033245990286563,False
5335,MNP,Pericyte,Chloride ion,0.18847348,0.025413758583670676,0.4898624684450139,0.6681630132484446,0.0,0.017982017982017984,0.02639038217183071,False
5336,MNP,Pericyte,Cholesterol,-3.4780772,-0.2344919151830252,0.5926984455016102,0.6770266346377942,0.0,0.4435564435564436,0.45885149333425196,False
5337,MNP,Pericyte,Cholic acid,-0.23940565,-0.01863770433536853,0.5074349378281888,0.6681630132484446,0.0,0.017982017982017984,0.02639038217183071,False
5338,MNP,Pericyte,Choline,0.0,0.0,0.5,0.6681630132484446,0.0,0.000999000999000999,0.002206206795116929,False
5339,MNP,Pericyte,Citric acid,-7.290059,-0.9829913671196229,0.8371941562505663,0.8429108677635369,0.0,0.5574425574425574,0.5710387173801809,False
5340,MNP,Pericyte,Coprocholic acid,-0.07745825,-0.010444467967943445,0.5041666641138204,0.6681630132484446,0.0,0.006993006993006993,0.011945165999886237,False
5341,MNP,Pericyte,Cortisol,-0.09486659,-0.007385353914829394,0.5029463031487383,0.6681630132484446,0.0,0.00999000999000999,0.01593343365495264,False
5342,MNP,Pericyte,Creatine,0.0,0.0,0.5,0.6681630132484446,0.0,0.000999000999000999,0.002206206795116929,False
5343,MNP,Pericyte,D-Lactate,0.0,0.0,0.5,0.6681630132484446,0.0,0.000999000999000999,0.002206206795116929,False
5344,MNP,Pericyte,Deoxycholic acid,-0.07745825,-0.010444467967943445,0.5041666641138204,0.6681630132484446,0.0,0.006993006993006993,0.011945165999886237,False
5345,MNP,Pericyte,Dopamine,0.0,0.0,0.5,0.6681630132484446,0.0,0.000999000999000999,0.002206206795116929,False
5346,MNP,Pericyte,E-3179,-0.09486659,-0.012791808212362222,0.5051030539692273,0.6681630132484446,0.0,0.00999000999000999,0.01593343365495264,False
5347,MNP,Pericyte,Estradiol,-7.384926,-0.44532778406289414,0.6719585540027965,0.7156405070292576,0.0,0.5594405594405595,0.5730007503581255,False
5348,MNP,Pericyte,Estriol,-0.09486659,-0.012791808212362222,0.5051030539692273,0.6681630132484446,0.0,0.00999000999000999,0.01593343365495264,False
5349,MNP,Pericyte,Fatty acid,-11.494385,-0.6931374811555512,0.7558883610350837,0.7696600561229988,31.335882,0.5134865134865135,0.5286675885398215,False
5350,MNP,Pericyte,Folic acid,-0.07745825,-0.006030116392834572,0.5024056538056489,0.6681630132484446,0.0,0.006993006993006993,0.011945165999886237,False
5351,MNP,Pericyte,Folinic acid,-0.07745825,-0.010444467967943445,0.5041666641138204,0.6681630132484446,0.0,0.006993006993006993,0.011945165999886237,False
5352,MNP,Pericyte,Glutathione,-0.07745825,-0.010444467967943445,0.5041666641138204,0.6681630132484446,0.0,0.006993006993006993,0.011945165999886237,False
5353,MNP,Pericyte,Glycerol,-0.09486659,-0.012791808212362222,0.5051030539692273,0.6681630132484446,0.0,0.00999000999000999,0.01593343365495264,False
5354,MNP,Pericyte,Glycochenodeoxycholate-3-sulfate,-0.07745825,-0.010444467967943445,0.5041666641138204,0.6681630132484446,0.0,0.006993006993006993,0.011945165999886237,False
5355,MNP,Pericyte,Glycyl-glycine,0.0,0.0,0.5,0.6681630132484446,0.0,0.000999000999000999,0.002206206795116929,False
5356,MNP,Pericyte,Histamine,0.0,0.0,0.5,0.6681630132484446,0.0,0.000999000999000999,0.002206206795116929,False
5357,MNP,Pericyte,Hydroxylansoprazole,-0.09486659,-0.007385353914829394,0.5029463031487383,0.6681630132484446,0.0,0.00999000999000999,0.01593343365495264,False
5358,MNP,Pericyte,Hyodeoxycholic acid,-0.07745825,-0.010444467967943445,0.5041666641138204,0.6681630132484446,0.0,0.006993006993006993,0.011945165999886237,False
5359,MNP,Pericyte,Iron,2.2924004,0.21857179829355508,0.4134918116566153,0.6681630132484446,24.549402,0.7002997002997003,0.7088923346592059,False
5360,MNP,Pericyte,Isoursodeoxycholic acid,-0.07745825,-0.010444467967943445,0.5041666641138204,0.6681630132484446,0.0,0.006993006993006993,0.011945165999886237,False
5361,MNP,Pericyte,Ketone bodies,0.0,0.0,0.5,0.6681630132484446,0.0,0.000999000999000999,0.002206206795116929,False
5362,MNP,Pericyte,L-Arginine,0.0,0.0,0.5,0.6681630132484446,0.0,0.000999000999000999,0.002206206795116929,False
5363,MNP,Pericyte,L-Carnitine,0.0,0.0,0.5,0.6681630132484446,0.0,0.000999000999000999,0.002206206795116929,False
5364,MNP,Pericyte,L-Cystine,0.0,0.0,0.5,0.6681630132484446,0.0,0.000999000999000999,0.002206206795116929,False
5365,MNP,Pericyte,L-Dopa,0.0,0.0,0.5,0.6681630132484446,0.0,0.000999000999000999,0.002206206795116929,False
5366,MNP,Pericyte,L-Glutamate,0.0,0.0,0.5,0.6681630132484446,0.0,0.000999000999000999,0.002206206795116929,False
5367,MNP,Pericyte,L-Lactate,0.0,0.0,0.5,0.6681630132484446,0.0,0.000999000999000999,0.002206206795116929,False
5368,MNP,Pericyte,L-Lysine,0.0,0.0,0.5,0.6681630132484446,0.0,0.000999000999000999,0.002206206795116929,False
5369,MNP,Pericyte,L-Ornithine,0.0,0.0,0.5,0.6681630132484446,0.0,0.000999000999000999,0.002206206795116929,False
5370,MNP,Pericyte,Lithocholic acid,-0.07745825,-0.010444467967943445,0.5041666641138204,0.6681630132484446,0.0,0.006993006993006993,0.011945165999886237,False
5371,MNP,Pericyte,Manganese,0.0,0.0,0.5,0.6681630132484446,0.0,0.000999000999000999,0.002206206795116929,False
5372,MNP,Pericyte,N-Desmethylcitalopram,-0.09486659,-0.012791808212362222,0.5051030539692273,0.6681630132484446,0.0,0.00999000999000999,0.01593343365495264,False
5373,MNP,Pericyte,N-Desmethyleletriptan,-0.09486659,-0.012791808212362222,0.5051030539692273,0.6681630132484446,0.0,0.00999000999000999,0.01593343365495264,False
5374,MNP,Pericyte,N-Desmethyltamoxifen,-0.09486659,-0.007385353914829394,0.5029463031487383,0.6681630132484446,0.0,0.00999000999000999,0.01593343365495264,False
5375,MNP,Pericyte,N-desmethylimatinib,-0.09486659,-0.006395904106181111,0.5025515791728448,0.6681630132484446,0.0,0.00999000999000999,0.01593343365495264,False
5376,MNP,Pericyte,Neurotransmitter,-0.01709221,-0.0023047130331099305,0.5009194466591286,0.6681630132484446,0.0,0.001998001998001998,0.00412210593812261,False
5377,MNP,Pericyte,Nicotinate,-9.382638,-0.5657943584625188,0.7142332090040165,0.7409634937721309,0.0,0.5694305694305695,0.5817711700064642,False
5378,MNP,Pericyte,Norepinephrine,0.0,0.0,0.5,0.6681630132484446,0.0,0.000999000999000999,0.002206206795116929,False
5379,MNP,Pericyte,O-Deethylated candesartan,-0.09486659,-0.012791808212362222,0.5051030539692273,0.6681630132484446,0.0,0.00999000999000999,0.01593343365495264,False
5380,MNP,Pericyte,O-Desmethylverapamil (D-702),0.5183742,0.0180474732901736,0.4928004906791696,0.6681630132484446,0.0,0.024975024975024976,0.03509264458169568,False
5381,MNP,Pericyte,Oxalic acid,-7.290059,-0.9829913671196229,0.8371941562505663,0.8429108677635369,0.0,0.5574425574425574,0.5710387173801809,False
5382,MNP,Pericyte,Phosphate,-1.2250789,-0.1651896106237182,0.5656026287757367,0.6681630132484446,0.0,0.001998001998001998,0.00412210593812261,False
5383,MNP,Pericyte,Progesterone,-0.09486659,-0.009045174330599095,0.5036084532696358,0.6681630132484446,0.0,0.00999000999000999,0.01593343365495264,False
5384,MNP,Pericyte,Pyruvate,0.0,0.0,0.5,0.6681630132484446,0.0,0.000999000999000999,0.002206206795116929,False
5385,MNP,Pericyte,Sodium,13.984234,0.6666721910574722,0.2524907727945481,0.6681630132484446,23.308662,0.016983016983016984,0.025342874180083484,True
5386,MNP,Pericyte,Sodium_hydrogen exchange,18.860977,1.4683250814919528,0.07100797055546551,0.6681630132484446,12.894031,0.059940059940059943,0.07529175555276697,False
5387,MNP,Pericyte,Sulfolithocholic acid,-0.07745825,-0.010444467967943445,0.5041666641138204,0.6681630132484446,0.0,0.006993006993006993,0.011945165999886237,False
5388,MNP,Pericyte,Taurocholic acid,-9.622045,-0.35984406408713826,0.6405181254900569,0.6954455921949484,0.0,0.5754245754245755,0.5873755056256161,False
5389,MNP,Pericyte,Testosterone,0.3426378,0.018861590510669015,0.49247576020907285,0.6681630132484446,0.0,0.013986013986013986,0.02125506072874494,False
5390,MNP,Pericyte,Trihydroxycoprostanoic acid,-0.07745825,-0.010444467967943445,0.5041666641138204,0.6681630132484446,0.0,0.006993006993006993,0.011945165999886237,False
5391,MNP,Pericyte,Urea,0.0,0.0,0.5,0.6681630132484446,0.0,0.000999000999000999,0.002206206795116929,False
5392,MNP,Pericyte,Ursocholic acid,-0.07745825,-0.010444467967943445,0.5041666641138204,0.6681630132484446,0.0,0.006993006993006993,0.011945165999886237,False
5393,MNP,Pericyte,Ursodeoxycholic acid,-0.07745825,-0.010444467967943445,0.5041666641138204,0.6681630132484446,0.0,0.006993006993006993,0.011945165999886237,False
5394,MNP,Pericyte,Ursodeoxycholic acid 3-sulfate,-0.07745825,-0.010444467967943445,0.5041666641138204,0.6681630132484446,0.0,0.006993006993006993,0.011945165999886237,False
5395,MNP,Pericyte,Varanic acid,-0.07745825,-0.010444467967943445,0.5041666641138204,0.6681630132484446,0.0,0.006993006993006993,0.011945165999886237,False
5396,MNP,Pericyte,Vitamin D3,-3.3832107,-0.45619203220004906,0.6758740527354893,0.7180553355711129,0.0,0.4405594405594406,0.45581918827663825,False
5397,MNP,Pericyte,Water,0.0,0.0,0.5,0.6681630132484446,0.0,0.000999000999000999,0.002206206795116929,False
5398,MNP,Pericyte,Zinc,0.0,0.0,0.5,0.6681630132484446,0.0,0.000999000999000999,0.002206206795116929,False
5399,MNP,Pericyte,alpha-Ketoisovaleric acid,0.0,0.0,0.5,0.6681630132484446,0.0,0.000999000999000999,0.002206206795116929,False
5400,MNP,Plasma,"(3a,5b,7a)-23-Carboxy-7-hydroxy-24-norcholan-3-yl-b-D-Glucopyranosiduronic acid",-2.6065507,-0.1308190293224412,0.5520407654296016,0.6681630132484446,0.0,0.003996003996003996,0.007468259895444362,False
5401,MNP,Plasma,17a-Ethynylestradiol,0.97565687,0.048966814500858054,0.4804728711960273,0.6681630132484446,0.0,0.016983016983016984,0.025342874180083484,False
5402,MNP,Plasma,"1b,3a,12a-Trihydroxy-5b-cholanoic acid",-2.6065507,-0.1308190293224412,0.5520407654296016,0.6681630132484446,0.0,0.003996003996003996,0.007468259895444362,False
5403,MNP,Plasma,2-Hydroxychlorpropamide,2.4991362,0.07241591895337644,0.4711354582809854,0.6681630132484446,0.0,0.024975024975024976,0.03509264458169568,False
5404,MNP,Plasma,25-Hydroxycholesterol,-7.062299,-0.3544466151352818,0.6384978973683109,0.6939806036433533,14.210853,0.6043956043956044,0.6154976544396089,False
5405,MNP,Plasma,"3',4'-Dihydrodiol",0.97565687,0.048966814500858054,0.4804728711960273,0.6681630132484446,0.0,0.016983016983016984,0.025342874180083484,False
5406,MNP,Plasma,3-Sulfodeoxycholic acid,-2.6065507,-0.1308190293224412,0.5520407654296016,0.6681630132484446,0.0,0.003996003996003996,0.007468259895444362,False
5407,MNP,Plasma,"3alpha,7alpha-Dihydroxycoprostanic acid",-2.6065507,-0.1308190293224412,0.5520407654296016,0.6681630132484446,0.0,0.003996003996003996,0.007468259895444362,False
5408,MNP,Plasma,3b-Hydroxy-5-cholenoic acid,-2.6065507,-0.1308190293224412,0.5520407654296016,0.6681630132484446,0.0,0.003996003996003996,0.007468259895444362,False
5409,MNP,Plasma,4'-Hydroxydiclofenac,0.97565687,0.048966814500858054,0.4804728711960273,0.6681630132484446,0.0,0.016983016983016984,0.025342874180083484,False
5410,MNP,Plasma,4-Hydroxycyclophosphamide,0.97565687,0.048966814500858054,0.4804728711960273,0.6681630132484446,0.0,0.016983016983016984,0.025342874180083484,False
5411,MNP,Plasma,4-ene-Valproic acid,120.25101,3.484438803180385,0.0002465851130263561,0.018778404761237887,22.020565,0.026973026973026972,0.03751968625513386,True
5412,MNP,Plasma,5-Hydroxyomeprazole,-4.007614,-0.08211358647351541,0.5327218054163976,0.6681630132484446,0.0,0.03696303696303696,0.04934576115466117,False
5413,MNP,Plasma,8-Hydroxycarvedilol,0.97565687,0.048966814500858054,0.4804728711960273,0.6681630132484446,0.0,0.016983016983016984,0.025342874180083484,False
5414,MNP,Plasma,Acetate,49.52695,1.4351117174584447,0.07562763252977894,0.6681630132484446,38.05615,0.4225774225774226,0.43806455324779936,False
5415,MNP,Plasma,Acetyl-L-Carnitine,-0.72090137,-0.03618100261840656,0.5144309831074295,0.6681630132484446,0.0,0.01998001998001998,0.02902757619738752,False
5416,MNP,Plasma,Adenosine diphosphate ribose,-22.884216,-1.1485258935292113,0.8746242350301592,0.875888142884249,32.149357,0.6813186813186813,0.690889444181806,False
5417,MNP,Plasma,Adenosine triphosphate,24.836443,1.2465053399064219,0.10628946500870934,0.6681630132484446,53.41686,0.04695304695304695,0.061162521688837485,False
5418,MNP,Plasma,Amiloride-sensitive sodium transport,-1.0702509,-0.05371435135946642,0.5214186257109762,0.6681630132484446,0.0,0.003996003996003996,0.007468259895444362,False
5419,MNP,Plasma,Anion exchange,104.39524,3.0249961034573105,0.001243181652828869,0.08060238707665328,15.440176,0.1798201798201798,0.20008892841262782,False
5420,MNP,Plasma,Butyrate,-14.705279,-0.7380368144411993,0.7697539609100685,0.7816722877232251,0.0,0.05094905094905095,0.06533621818595912,False
5421,MNP,Plasma,Cadmium,-4.069592,-0.20424696760349734,0.5809197449891446,0.6730505151993592,0.0,0.1978021978021978,0.21851892727072064,False
5422,MNP,Plasma,Chenodeoxycholic acid,-2.6065507,-0.1308190293224412,0.5520407654296016,0.6681630132484446,0.0,0.003996003996003996,0.007468259895444362,False
5423,MNP,Plasma,Chenodeoxycholic acid 3-sulfate,-2.6065507,-0.1308190293224412,0.5520407654296016,0.6681630132484446,0.0,0.003996003996003996,0.007468259895444362,False
5424,MNP,Plasma,Chloride,-0.12943852,-0.006496333072352643,0.5025916437012126,0.6681630132484446,0.0,0.15684315684315683,0.17702330243046854,False
5425,MNP,Plasma,Chloride ion,0.180144,0.009041168044050201,0.4963931449421046,0.6681630132484446,0.0,0.028971028971028972,0.03983516483516483,False
5426,MNP,Plasma,Cholesterol,-7.5712996,-0.1899963159526312,0.5753439913025331,0.6705573258874125,0.0,0.2517482517482518,0.27102926590265414,False
5427,MNP,Plasma,Cholic acid,-0.9480523,-0.027471122752605284,0.5109580140715752,0.6681630132484446,0.0,0.01998001998001998,0.02902757619738752,False
5428,MNP,Plasma,Choline,-0.72090137,-0.03618100261840656,0.5144309831074295,0.6681630132484446,0.0,0.01998001998001998,0.02902757619738752,False
5429,MNP,Plasma,Citric acid,-10.107193,-0.5072654753392899,0.6940157202718538,0.728427781389408,21.66788,0.5984015984015985,0.6096623165132428,False
5430,MNP,Plasma,Coprocholic acid,-2.6065507,-0.1308190293224412,0.5520407654296016,0.6681630132484446,0.0,0.003996003996003996,0.007468259895444362,False
5431,MNP,Plasma,Cortisol,3.1301823,0.09070134890624558,0.46386494938961176,0.6681630132484446,0.0,0.02097902097902098,0.030000952411187658,False
5432,MNP,Plasma,Creatine,-0.72090137,-0.03618100261840656,0.5144309831074295,0.6681630132484446,0.0,0.01998001998001998,0.02902757619738752,False
5433,MNP,Plasma,D-Lactate,-14.705279,-0.7380368144411993,0.7697539609100685,0.7816722877232251,0.0,0.05094905094905095,0.06533621818595912,False
5434,MNP,Plasma,Deoxycholic acid,-2.6065507,-0.1308190293224412,0.5520407654296016,0.6681630132484446,0.0,0.003996003996003996,0.007468259895444362,False
5435,MNP,Plasma,Dopamine,-0.72090137,-0.03618100261840656,0.5144309831074295,0.6681630132484446,0.0,0.01998001998001998,0.02902757619738752,False
5436,MNP,Plasma,E-3179,0.97565687,0.048966814500858054,0.4804728711960273,0.6681630132484446,0.0,0.016983016983016984,0.025342874180083484,False
5437,MNP,Plasma,Estradiol,-6.2940536,-0.14127007585175455,0.5561717057420474,0.6681630132484446,21.66788,0.6023976023976024,0.6135531135531136,False
5438,MNP,Plasma,Estriol,0.97565687,0.048966814500858054,0.4804728711960273,0.6681630132484446,0.0,0.016983016983016984,0.025342874180083484,False
5439,MNP,Plasma,Fatty acid,-30.595268,-0.6867110088694945,0.753867570907375,0.7682797450570749,57.88795,0.6813186813186813,0.690889444181806,False
5440,MNP,Plasma,Folic acid,-7.032027,-0.20376267550231078,0.5807305192454607,0.6730505151993592,0.0,0.017982017982017984,0.02639038217183071,False
5441,MNP,Plasma,Folinic acid,-2.6065507,-0.1308190293224412,0.5520407654296016,0.6681630132484446,0.0,0.003996003996003996,0.007468259895444362,False
5442,MNP,Plasma,Glutathione,-2.6065507,-0.1308190293224412,0.5520407654296016,0.6681630132484446,0.0,0.003996003996003996,0.007468259895444362,False
5443,MNP,Plasma,Glycerol,0.97565687,0.048966814500858054,0.4804728711960273,0.6681630132484446,0.0,0.016983016983016984,0.025342874180083484,False
5444,MNP,Plasma,Glycochenodeoxycholate-3-sulfate,-2.6065507,-0.1308190293224412,0.5520407654296016,0.6681630132484446,0.0,0.003996003996003996,0.007468259895444362,False
5445,MNP,Plasma,Glycyl-glycine,0.55763215,0.02798675526883238,0.4888363573873088,0.6681630132484446,0.0,0.002997002997002997,0.005910424237117464,False
5446,MNP,Plasma,Histamine,-0.72090137,-0.03618100261840656,0.5144309831074295,0.6681630132484446,0.0,0.01998001998001998,0.02902757619738752,False
5447,MNP,Plasma,Hydroxylansoprazole,3.1301823,0.09070134890624558,0.46386494938961176,0.6681630132484446,0.0,0.02097902097902098,0.030000952411187658,False
5448,MNP,Plasma,Hyodeoxycholic acid,-2.6065507,-0.1308190293224412,0.5520407654296016,0.6681630132484446,0.0,0.003996003996003996,0.007468259895444362,False
5449,MNP,Plasma,Iron,-10.897134,-0.3867248086720836,0.6505200260942372,0.70001611503619,208.51974,0.5494505494505495,0.5634347895371867,False
5450,MNP,Plasma,Isoursodeoxycholic acid,-2.6065507,-0.1308190293224412,0.5520407654296016,0.6681630132484446,0.0,0.003996003996003996,0.007468259895444362,False
5451,MNP,Plasma,Ketone bodies,-14.705279,-0.7380368144411993,0.7697539609100685,0.7816722877232251,0.0,0.05094905094905095,0.06533621818595912,False
5452,MNP,Plasma,L-Arginine,0.0,0.0,0.5,0.6681630132484446,0.0,0.000999000999000999,0.002206206795116929,False
5453,MNP,Plasma,L-Carnitine,-5.0706587,-0.12724453214898718,0.5506265698725209,0.6681630132484446,0.0,0.057942057942057944,0.07335375621820635,False
5454,MNP,Plasma,L-Cystine,0.0,0.0,0.5,0.6681630132484446,0.0,0.000999000999000999,0.002206206795116929,False
5455,MNP,Plasma,L-Dopa,0.55763215,0.02798675526883238,0.4888363573873088,0.6681630132484446,0.0,0.002997002997002997,0.005910424237117464,False
5456,MNP,Plasma,L-Glutamate,-23.994942,-0.8515486172408697,0.8027676656833111,0.809896625882275,0.0,0.06393606393606394,0.07957559681697612,False
5457,MNP,Plasma,L-Lactate,-14.705279,-0.7380368144411993,0.7697539609100685,0.7816722877232251,0.0,0.05094905094905095,0.06533621818595912,False
5458,MNP,Plasma,L-Lysine,0.0,0.0,0.5,0.6681630132484446,0.0,0.000999000999000999,0.002206206795116929,False
5459,MNP,Plasma,L-Ornithine,0.0,0.0,0.5,0.6681630132484446,0.0,0.000999000999000999,0.002206206795116929,False
5460,MNP,Plasma,Lithocholic acid,-2.6065507,-0.1308190293224412,0.5520407654296016,0.6681630132484446,0.0,0.003996003996003996,0.007468259895444362,False
5461,MNP,Plasma,Manganese,-4.069592,-0.20424696760349734,0.5809197449891446,0.6730505151993592,0.0,0.1978021978021978,0.21851892727072064,False
5462,MNP,Plasma,N-Desmethylcitalopram,0.97565687,0.048966814500858054,0.4804728711960273,0.6681630132484446,0.0,0.016983016983016984,0.025342874180083484,False
5463,MNP,Plasma,N-Desmethyleletriptan,0.97565687,0.048966814500858054,0.4804728711960273,0.6681630132484446,0.0,0.016983016983016984,0.025342874180083484,False
5464,MNP,Plasma,N-Desmethyltamoxifen,3.1301823,0.09070134890624558,0.46386494938961176,0.6681630132484446,0.0,0.02097902097902098,0.030000952411187658,False
5465,MNP,Plasma,N-desmethylimatinib,3.813139,0.09568797930822215,0.46188419410567727,0.6681630132484446,0.0,0.022977022977022976,0.032529268484324664,False
5466,MNP,Plasma,Neurotransmitter,-1.49946,-0.07525573925366724,0.5299943817344035,0.6681630132484446,0.0,0.03396603396603397,0.045590667322218746,False
5467,MNP,Plasma,Nicotinate,184.48325,4.1407277374966664,1.7310284592263572e-05,0.001599470296325154,60.076714,0.18981018981018982,0.2103269292268333,False
5468,MNP,Plasma,Norepinephrine,-0.72090137,-0.03618100261840656,0.5144309831074295,0.6681630132484446,0.0,0.01998001998001998,0.02902757619738752,False
5469,MNP,Plasma,O-Deethylated candesartan,0.97565687,0.048966814500858054,0.4804728711960273,0.6681630132484446,0.0,0.016983016983016984,0.025342874180083484,False
5470,MNP,Plasma,O-Desmethylverapamil (D-702),12.455703,0.1614088538463644,0.4358856968734213,0.6681630132484446,14.964704,0.15584415584415584,0.17595307917888564,False
5471,MNP,Plasma,Oxalic acid,-10.107193,-0.5072654753392899,0.6940157202718538,0.728427781389408,21.66788,0.5984015984015985,0.6096623165132428,False
5472,MNP,Plasma,Phosphate,-0.7174581,-0.03600819130033696,0.5143620862609186,0.6681630132484446,0.0,0.003996003996003996,0.007468259895444362,False
5473,MNP,Plasma,Progesterone,1.6586139,0.05886200547093912,0.47653101039793744,0.6681630132484446,0.0,0.01898101898101898,0.02770980862407026,False
5474,MNP,Plasma,Pyruvate,-14.705279,-0.7380368144411993,0.7697539609100685,0.7816722877232251,0.0,0.05094905094905095,0.06533621818595912,False
5475,MNP,Plasma,Sodium,-19.954094,-0.3540721478172895,0.6383575927171953,0.6939806036433533,0.0,0.5614385614385614,0.5749622034534108,False
5476,MNP,Plasma,Sodium_hydrogen exchange,-18.39425,-0.532998791796507,0.7029827916685332,0.7340169875339664,0.0,0.06593406593406594,0.08144796380090498,False
5477,MNP,Plasma,Sulfolithocholic acid,-2.6065507,-0.1308190293224412,0.5520407654296016,0.6681630132484446,0.0,0.003996003996003996,0.007468259895444362,False
5478,MNP,Plasma,Taurocholic acid,35.08801,0.4884181504740428,0.31262684407538405,0.6681630132484446,38.05615,0.43956043956043955,0.4549893720916872,False
5479,MNP,Plasma,Testosterone,3.5756767,0.07326344959560634,0.4707982382521542,0.6681630132484446,0.0,0.03596403596403597,0.04815123053144692,False
5480,MNP,Plasma,Trihydroxycoprostanoic acid,-2.6065507,-0.1308190293224412,0.5520407654296016,0.6681630132484446,0.0,0.003996003996003996,0.007468259895444362,False
5481,MNP,Plasma,Urea,0.0,0.0,0.5,0.6681630132484446,0.0,0.000999000999000999,0.002206206795116929,False
5482,MNP,Plasma,Ursocholic acid,-2.6065507,-0.1308190293224412,0.5520407654296016,0.6681630132484446,0.0,0.003996003996003996,0.007468259895444362,False
5483,MNP,Plasma,Ursodeoxycholic acid,-2.6065507,-0.1308190293224412,0.5520407654296016,0.6681630132484446,0.0,0.003996003996003996,0.007468259895444362,False
5484,MNP,Plasma,Ursodeoxycholic acid 3-sulfate,-2.6065507,-0.1308190293224412,0.5520407654296016,0.6681630132484446,0.0,0.003996003996003996,0.007468259895444362,False
5485,MNP,Plasma,Varanic acid,-2.6065507,-0.1308190293224412,0.5520407654296016,0.6681630132484446,0.0,0.003996003996003996,0.007468259895444362,False
5486,MNP,Plasma,Vitamin D3,-10.701482,-0.5370919765259116,0.7043979586277223,0.7347342759897812,0.0,0.23776223776223776,0.2571706426864847,False
5487,MNP,Plasma,Water,-8.841227,-0.22186422113352716,0.5877902081015975,0.6770266346377942,0.0,0.0979020979020979,0.11548281505728315,False
5488,MNP,Plasma,Zinc,-4.069592,-0.20424696760349734,0.5809197449891446,0.6730505151993592,0.0,0.1978021978021978,0.21851892727072064,False
5489,MNP,Plasma,alpha-Ketoisovaleric acid,-14.705279,-0.7380368144411993,0.7697539609100685,0.7816722877232251,0.0,0.05094905094905095,0.06533621818595912,False
5490,MNP,T,"(3a,5b,7a)-23-Carboxy-7-hydroxy-24-norcholan-3-yl-b-D-Glucopyranosiduronic acid",0.53068185,0.035300431466876864,0.4859200896428944,0.6681630132484446,0.0,0.04895104895104895,0.06311270125223613,False
5491,MNP,T,17a-Ethynylestradiol,-0.58303005,-0.038782581701193336,0.5154681339124716,0.6681630132484446,0.0,0.059940059940059943,0.07529175555276697,False
5492,MNP,T,"1b,3a,12a-Trihydroxy-5b-cholanoic acid",0.53068185,0.035300431466876864,0.4859200896428944,0.6681630132484446,0.0,0.04895104895104895,0.06311270125223613,False
5493,MNP,T,2-Hydroxychlorpropamide,-1.1917794,-0.04577001116034768,0.5182532193108836,0.6681630132484446,0.0,0.06593406593406594,0.08144796380090498,False
5494,MNP,T,25-Hydroxycholesterol,-31.036976,-2.064548923897083,0.980517149873481,0.980517149873481,0.0,0.7742257742257742,0.7807602758126623,False
5495,MNP,T,"3',4'-Dihydrodiol",-0.58303005,-0.038782581701193336,0.5154681339124716,0.6681630132484446,0.0,0.059940059940059943,0.07529175555276697,False
5496,MNP,T,3-Sulfodeoxycholic acid,0.53068185,0.035300431466876864,0.4859200896428944,0.6681630132484446,0.0,0.04895104895104895,0.06311270125223613,False
5497,MNP,T,"3alpha,7alpha-Dihydroxycoprostanic acid",0.53068185,0.035300431466876864,0.4859200896428944,0.6681630132484446,0.0,0.04895104895104895,0.06311270125223613,False
5498,MNP,T,3b-Hydroxy-5-cholenoic acid,0.53068185,0.035300431466876864,0.4859200896428944,0.6681630132484446,0.0,0.04895104895104895,0.06311270125223613,False
5499,MNP,T,4'-Hydroxydiclofenac,-0.58303005,-0.038782581701193336,0.5154681339124716,0.6681630132484446,0.0,0.059940059940059943,0.07529175555276697,False
5500,MNP,T,4-Hydroxycyclophosphamide,-0.58303005,-0.038782581701193336,0.5154681339124716,0.6681630132484446,0.0,0.059940059940059943,0.07529175555276697,False
5501,MNP,T,4-ene-Valproic acid,-16.812033,-0.6456622260633379,0.7407509355851059,0.7555790379165122,0.0,0.17482517482517482,0.1948437538659475,False
5502,MNP,T,5-Hydroxyomeprazole,2.3582196,0.06404045431074118,0.47446900750928617,0.6681630132484446,0.0,0.12987012987012986,0.1487111698612029,False
5503,MNP,T,8-Hydroxycarvedilol,-0.58303005,-0.038782581701193336,0.5154681339124716,0.6681630132484446,0.0,0.059940059940059943,0.07529175555276697,False
5504,MNP,T,Acetate,-13.863167,-0.5324117138113975,0.7027795630229738,0.7339153664480423,60.38089,0.08891108891108891,0.105650522317189,False
5505,MNP,T,Acetyl-L-Carnitine,-8.381177,-0.5575075976420335,0.711409665220078,0.7384764799243769,0.0,0.027972027972027972,0.038684125692706815,False
5506,MNP,T,Adenosine diphosphate ribose,-3.4439976,-0.22909131403082253,0.5906010278205471,0.6770266346377942,0.0,0.25074925074925075,0.2699956972797246,False
5507,MNP,T,Adenosine triphosphate,15.378902,1.022989372937995,0.153156435226473,0.6681630132484446,44.598465,0.14785214785214784,0.1675851136106288,False
5508,MNP,T,Amiloride-sensitive sodium transport,1.2180276,0.08102199019089334,0.4677122321760181,0.6681630132484446,0.0,0.022977022977022976,0.032529268484324664,False
5509,MNP,T,Anion exchange,10.058659,0.38630045627694315,0.34963708131136073,0.6681630132484446,20.87319,0.14785214785214784,0.1675851136106288,False
5510,MNP,T,Butyrate,-2.479555,-0.16493753792770446,0.5655034269920741,0.6681630132484446,0.0,0.04295704295704296,0.056477387154677997,False
5511,MNP,T,Cadmium,-3.5878923,-0.23866304525810064,0.5943165628303486,0.6770266346377942,0.0,0.1048951048951049,0.12272886660865726,False
5512,MNP,T,Chenodeoxycholic acid,0.53068185,0.035300431466876864,0.4859200896428944,0.6681630132484446,0.0,0.04895104895104895,0.06311270125223613,False
5513,MNP,T,Chenodeoxycholic acid 3-sulfate,0.53068185,0.035300431466876864,0.4859200896428944,0.6681630132484446,0.0,0.04895104895104895,0.06311270125223613,False
5514,MNP,T,Chloride,-1.8715726,-0.12449515838779003,0.5495383831970939,0.6681630132484446,0.0,0.08191808191808192,0.0985576923076923,False
5515,MNP,T,Chloride ion,-1.2880383,-0.08567903015849325,0.5341392138359328,0.6681630132484446,0.0,0.06893106893106893,0.08454731109598367,False
5516,MNP,T,Cholesterol,-2.2822566,-0.07590672550446921,0.5302533469395887,0.6681630132484446,0.0,0.21978021978021978,0.2397036391370669,False
5517,MNP,T,Cholic acid,1.444093,0.05546005712459082,0.477885975372467,0.6681630132484446,0.0,0.12287712287712288,0.14154562193126022,False
5518,MNP,T,Choline,-8.381177,-0.5575075976420335,0.711409665220078,0.7384764799243769,0.0,0.027972027972027972,0.038684125692706815,False
5519,MNP,T,Citric acid,-1.3333381,-0.08869233386228602,0.5353367873914399,0.6681630132484446,60.38089,0.08091908091908091,0.09747422749334794,False
5520,MNP,T,Coprocholic acid,0.53068185,0.035300431466876864,0.4859200896428944,0.6681630132484446,0.0,0.04895104895104895,0.06311270125223613,False
5521,MNP,T,Cortisol,0.16332161,0.006272328808490022,0.49749771924922437,0.6681630132484446,0.0,0.06393606393606394,0.07957559681697612,False
5522,MNP,T,Creatine,-8.381177,-0.5575075976420335,0.711409665220078,0.7384764799243769,0.0,0.027972027972027972,0.038684125692706815,False
5523,MNP,T,D-Lactate,-2.479555,-0.16493753792770446,0.5655034269920741,0.6681630132484446,0.0,0.04295704295704296,0.056477387154677997,False
5524,MNP,T,Deoxycholic acid,0.53068185,0.035300431466876864,0.4859200896428944,0.6681630132484446,0.0,0.04895104895104895,0.06311270125223613,False
5525,MNP,T,Dopamine,-8.381177,-0.5575075976420335,0.711409665220078,0.7384764799243769,0.0,0.027972027972027972,0.038684125692706815,False
5526,MNP,T,E-3179,-0.58303005,-0.038782581701193336,0.5154681339124716,0.6681630132484446,0.0,0.059940059940059943,0.07529175555276697,False
5527,MNP,T,Estradiol,-0.69680023,-0.020728556746644436,0.5082689055393659,0.6681630132484446,60.38089,0.08791208791208792,0.10491316845716708,False
5528,MNP,T,Estriol,-0.58303005,-0.038782581701193336,0.5154681339124716,0.6681630132484446,0.0,0.059940059940059943,0.07529175555276697,False
5529,MNP,T,Fatty acid,23.225517,0.6909174691669443,0.24480870365715907,0.6681630132484446,91.87427,0.45754245754245754,0.47324913892078074,False
5530,MNP,T,Folic acid,0.9716405,0.037315629642573414,0.48511667175972734,0.6681630132484446,0.0,0.055944055944055944,0.07101892428875393,False
5531,MNP,T,Folinic acid,0.53068185,0.035300431466876864,0.4859200896428944,0.6681630132484446,0.0,0.04895104895104895,0.06311270125223613,False
5532,MNP,T,Glutathione,0.53068185,0.035300431466876864,0.4859200896428944,0.6681630132484446,0.0,0.04895104895104895,0.06311270125223613,False
5533,MNP,T,Glycerol,-0.58303005,-0.038782581701193336,0.5154681339124716,0.6681630132484446,0.0,0.059940059940059943,0.07529175555276697,False
5534,MNP,T,Glycochenodeoxycholate-3-sulfate,0.53068185,0.035300431466876864,0.4859200896428944,0.6681630132484446,0.0,0.04895104895104895,0.06311270125223613,False
5535,MNP,T,Glycyl-glycine,-0.2228177,-0.014821613202682795,0.5059127516837506,0.6681630132484446,0.0,0.002997002997002997,0.005910424237117464,False
5536,MNP,T,Histamine,-8.381177,-0.5575075976420335,0.711409665220078,0.7384764799243769,0.0,0.027972027972027972,0.038684125692706815,False
5537,MNP,T,Hydroxylansoprazole,0.16332161,0.006272328808490022,0.49749771924922437,0.6681630132484446,0.0,0.06393606393606394,0.07957559681697612,False
5538,MNP,T,Hyodeoxycholic acid,0.53068185,0.035300431466876864,0.4859200896428944,0.6681630132484446,0.0,0.04895104895104895,0.06311270125223613,False
5539,MNP,T,Iron,-19.727207,-0.927889773638156,0.8232676251992959,0.829491806140029,181.0293,0.10989010989010989,0.1279896574014221,False
5540,MNP,T,Isoursodeoxycholic acid,0.53068185,0.035300431466876864,0.4859200896428944,0.6681630132484446,0.0,0.04895104895104895,0.06311270125223613,False
5541,MNP,T,Ketone bodies,-2.479555,-0.16493753792770446,0.5655034269920741,0.6681630132484446,0.0,0.04295704295704296,0.056477387154677997,False
5542,MNP,T,L-Arginine,0.0,0.0,0.5,0.6681630132484446,0.0,0.000999000999000999,0.002206206795116929,False
5543,MNP,T,L-Carnitine,-15.354858,-0.5106949936983612,0.6952176765910415,0.7286537354470535,0.0,0.0989010989010989,0.1163246122512925,False
5544,MNP,T,L-Cystine,0.0,0.0,0.5,0.6681630132484446,0.0,0.000999000999000999,0.002206206795116929,False
5545,MNP,T,L-Dopa,-0.2228177,-0.014821613202682795,0.5059127516837506,0.6681630132484446,0.0,0.002997002997002997,0.005910424237117464,False
5546,MNP,T,L-Glutamate,-2.479555,-0.1166284515408932,0.5464227547444711,0.6681630132484446,0.0,0.04295704295704296,0.056477387154677997,False
5547,MNP,T,L-Lactate,-2.479555,-0.16493753792770446,0.5655034269920741,0.6681630132484446,0.0,0.04295704295704296,0.056477387154677997,False
5548,MNP,T,L-Lysine,0.0,0.0,0.5,0.6681630132484446,0.0,0.000999000999000999,0.002206206795116929,False
5549,MNP,T,L-Ornithine,0.0,0.0,0.5,0.6681630132484446,0.0,0.000999000999000999,0.002206206795116929,False
5550,MNP,T,Lithocholic acid,0.53068185,0.035300431466876864,0.4859200896428944,0.6681630132484446,0.0,0.04895104895104895,0.06311270125223613,False
5551,MNP,T,Manganese,-3.5878923,-0.23866304525810064,0.5943165628303486,0.6770266346377942,0.0,0.1048951048951049,0.12272886660865726,False
5552,MNP,T,N-Desmethylcitalopram,-0.58303005,-0.038782581701193336,0.5154681339124716,0.6681630132484446,0.0,0.059940059940059943,0.07529175555276697,False
5553,MNP,T,N-Desmethyleletriptan,-0.58303005,-0.038782581701193336,0.5154681339124716,0.6681630132484446,0.0,0.059940059940059943,0.07529175555276697,False
5554,MNP,T,N-Desmethyltamoxifen,0.16332161,0.006272328808490022,0.49749771924922437,0.6681630132484446,0.0,0.06393606393606394,0.07957559681697612,False
5555,MNP,T,N-desmethylimatinib,0.6365379,0.021170935950663588,0.49155464941801535,0.6681630132484446,0.0,0.06893106893106893,0.08454731109598367,False
5556,MNP,T,Neurotransmitter,0.27321154,0.018173761224098667,0.4927501173446205,0.6681630132484446,0.0,0.000999000999000999,0.002206206795116929,False
5557,MNP,T,Nicotinate,-28.195644,-0.8387698334850774,0.7992007590127107,0.8064180575720696,60.38089,0.11488511488511488,0.13326981020318818,False
5558,MNP,T,Norepinephrine,-8.381177,-0.5575075976420335,0.711409665220078,0.7384764799243769,0.0,0.027972027972027972,0.038684125692706815,False
5559,MNP,T,O-Deethylated candesartan,-0.58303005,-0.038782581701193336,0.5154681339124716,0.6681630132484446,0.0,0.059940059940059943,0.07529175555276697,False
5560,MNP,T,O-Desmethylverapamil (D-702),-1.6791725,-0.028840014084674407,0.5115039062415233,0.6681630132484446,0.0,0.3016983016983017,0.32057179251291484,False
5561,MNP,T,Oxalic acid,-1.3333381,-0.08869233386228602,0.5353367873914399,0.6681630132484446,60.38089,0.08091908091908091,0.09747422749334794,False
5562,MNP,T,Phosphate,0.38630098,0.025696359023461204,0.4897497639889495,0.6681630132484446,0.0,0.004995004995004995,0.008926091958582932,False
5563,MNP,T,Progesterone,-0.10981378,-0.0051652057049377375,0.5020606097800447,0.6681630132484446,0.0,0.06493506493506493,0.08063071134205338,False
5564,MNP,T,Pyruvate,-2.479555,-0.16493753792770446,0.5655034269920741,0.6681630132484446,0.0,0.04295704295704296,0.056477387154677997,False
5565,MNP,T,Sodium,14.910071,0.35065538224141635,0.36292345118589653,0.6681630132484446,21.17838,0.14485514485514486,0.16432250022035585,False
5566,MNP,T,Sodium_hydrogen exchange,-17.082186,-0.656037391276956,0.7440999668690248,0.7588834099194027,0.0,0.22377622377622378,0.2436400990996435,False
5567,MNP,T,Sulfolithocholic acid,0.53068185,0.035300431466876864,0.4859200896428944,0.6681630132484446,0.0,0.04895104895104895,0.06311270125223613,False
5568,MNP,T,Taurocholic acid,-8.445858,-0.15581809115325432,0.5619117949371327,0.6681630132484446,60.38089,0.10589410589410589,0.12373059414030582,False
5569,MNP,T,Testosterone,1.3740112,0.03731302121627796,0.48511771164706163,0.6681630132484446,0.0,0.07692307692307693,0.09348946388581605,False
5570,MNP,T,Trihydroxycoprostanoic acid,0.53068185,0.035300431466876864,0.4859200896428944,0.6681630132484446,0.0,0.04895104895104895,0.06311270125223613,False
5571,MNP,T,Urea,0.0,0.0,0.5,0.6681630132484446,0.0,0.000999000999000999,0.002206206795116929,False
5572,MNP,T,Ursocholic acid,0.53068185,0.035300431466876864,0.4859200896428944,0.6681630132484446,0.0,0.04895104895104895,0.06311270125223613,False
5573,MNP,T,Ursodeoxycholic acid,0.53068185,0.035300431466876864,0.4859200896428944,0.6681630132484446,0.0,0.04895104895104895,0.06311270125223613,False
5574,MNP,T,Ursodeoxycholic acid 3-sulfate,0.53068185,0.035300431466876864,0.4859200896428944,0.6681630132484446,0.0,0.04895104895104895,0.06311270125223613,False
5575,MNP,T,Varanic acid,0.53068185,0.035300431466876864,0.4859200896428944,0.6681630132484446,0.0,0.04895104895104895,0.06311270125223613,False
5576,MNP,T,Vitamin D3,-2.4455783,-0.1626774511167051,0.5646137990652935,0.6681630132484446,0.0,0.16483516483516483,0.18498909996885704,False
5577,MNP,T,Water,-3.5854304,-0.11924964071220923,0.5474612102019262,0.6681630132484446,0.0,0.06293706293706294,0.07857212144727908,False
5578,MNP,T,Zinc,-3.5878923,-0.23866304525810064,0.5943165628303486,0.6770266346377942,0.0,0.1048951048951049,0.12272886660865726,False
5579,MNP,T,alpha-Ketoisovaleric acid,-2.479555,-0.16493753792770446,0.5655034269920741,0.6681630132484446,0.0,0.04295704295704296,0.056477387154677997,False
5580,Muscularis_mucosa,Muscularis_mucosa,"(3a,5b,7a)-23-Carboxy-7-hydroxy-24-norcholan-3-yl-b-D-Glucopyranosiduronic acid",-0.11797516,-0.0199414417663135,0.5079549570197588,0.6681630132484446,0.0,0.017982017982017984,0.02639038217183071,False
5581,Muscularis_mucosa,Muscularis_mucosa,17a-Ethynylestradiol,0.0,0.0,0.5,0.6681630132484446,0.0,0.000999000999000999,0.002206206795116929,False
5582,Muscularis_mucosa,Muscularis_mucosa,"1b,3a,12a-Trihydroxy-5b-cholanoic acid",-0.11797516,-0.0199414417663135,0.5079549570197588,0.6681630132484446,0.0,0.017982017982017984,0.02639038217183071,False
5583,Muscularis_mucosa,Muscularis_mucosa,2-Hydroxychlorpropamide,0.0,0.0,0.5,0.6681630132484446,0.0,0.000999000999000999,0.002206206795116929,False
5584,Muscularis_mucosa,Muscularis_mucosa,25-Hydroxycholesterol,0.1963772,0.033193805707193075,0.4867600188658891,0.6681630132484446,0.0,0.000999000999000999,0.002206206795116929,False
5585,Muscularis_mucosa,Muscularis_mucosa,"3',4'-Dihydrodiol",0.0,0.0,0.5,0.6681630132484446,0.0,0.000999000999000999,0.002206206795116929,False
5586,Muscularis_mucosa,Muscularis_mucosa,3-Sulfodeoxycholic acid,-0.11797516,-0.0199414417663135,0.5079549570197588,0.6681630132484446,0.0,0.017982017982017984,0.02639038217183071,False
5587,Muscularis_mucosa,Muscularis_mucosa,"3alpha,7alpha-Dihydroxycoprostanic acid",-0.11797516,-0.0199414417663135,0.5079549570197588,0.6681630132484446,0.0,0.017982017982017984,0.02639038217183071,False
5588,Muscularis_mucosa,Muscularis_mucosa,3b-Hydroxy-5-cholenoic acid,-0.11797516,-0.0199414417663135,0.5079549570197588,0.6681630132484446,0.0,0.017982017982017984,0.02639038217183071,False
5589,Muscularis_mucosa,Muscularis_mucosa,4'-Hydroxydiclofenac,0.0,0.0,0.5,0.6681630132484446,0.0,0.000999000999000999,0.002206206795116929,False
5590,Muscularis_mucosa,Muscularis_mucosa,4-Hydroxycyclophosphamide,0.0,0.0,0.5,0.6681630132484446,0.0,0.000999000999000999,0.002206206795116929,False
5591,Muscularis_mucosa,Muscularis_mucosa,4-ene-Valproic acid,0.1963772,0.019164452660476058,0.49235495752959824,0.6681630132484446,0.0,0.000999000999000999,0.002206206795116929,False
5592,Muscularis_mucosa,Muscularis_mucosa,5-Hydroxyomeprazole,-0.11797516,-0.008141059510482164,0.5032477769705515,0.6681630132484446,0.0,0.017982017982017984,0.02639038217183071,False
5593,Muscularis_mucosa,Muscularis_mucosa,8-Hydroxycarvedilol,0.0,0.0,0.5,0.6681630132484446,0.0,0.000999000999000999,0.002206206795116929,False
5594,Muscularis_mucosa,Muscularis_mucosa,Acetate,0.5891316,0.057493356527223746,0.47707609904003584,0.6681630132484446,0.0,0.004995004995004995,0.008926091958582932,False
5595,Muscularis_mucosa,Muscularis_mucosa,Acetyl-L-Carnitine,0.0,0.0,0.5,0.6681630132484446,0.0,0.000999000999000999,0.002206206795116929,False
5596,Muscularis_mucosa,Muscularis_mucosa,Adenosine diphosphate ribose,-1.3990871,-0.23648887822904535,0.5934733317752355,0.6770266346377942,0.0,0.056943056943056944,0.07222097083004843,False
5597,Muscularis_mucosa,Muscularis_mucosa,Adenosine triphosphate,0.3927544,0.06638761141438615,0.47353461655163004,0.6681630132484446,0.0,0.004995004995004995,0.008926091958582932,False
5598,Muscularis_mucosa,Muscularis_mucosa,Amiloride-sensitive sodium transport,0.0,0.0,0.5,0.6681630132484446,0.0,0.000999000999000999,0.002206206795116929,False
5599,Muscularis_mucosa,Muscularis_mucosa,Anion exchange,-1.8402559,-0.17959058246159557,0.5712630007099323,0.6688655124419435,0.0,0.014985014985014986,0.022683738280068557,False
5600,Muscularis_mucosa,Muscularis_mucosa,Butyrate,0.1963772,0.033193805707193075,0.4867600188658891,0.6681630132484446,0.0,0.000999000999000999,0.002206206795116929,False
5601,Muscularis_mucosa,Muscularis_mucosa,Cadmium,0.3927544,0.06638761141438615,0.47353461655163004,0.6681630132484446,0.0,0.004995004995004995,0.008926091958582932,False
5602,Muscularis_mucosa,Muscularis_mucosa,Chenodeoxycholic acid,-0.11797516,-0.0199414417663135,0.5079549570197588,0.6681630132484446,0.0,0.017982017982017984,0.02639038217183071,False
5603,Muscularis_mucosa,Muscularis_mucosa,Chenodeoxycholic acid 3-sulfate,-0.11797516,-0.0199414417663135,0.5079549570197588,0.6681630132484446,0.0,0.017982017982017984,0.02639038217183071,False
5604,Muscularis_mucosa,Muscularis_mucosa,Chloride,0.7855088,0.1327752228287723,0.4471855750782106,0.6681630132484446,0.0,0.025974025974025976,0.036297640653357534,False
5605,Muscularis_mucosa,Muscularis_mucosa,Chloride ion,6.9140162,1.1686820496482873,0.121265878370035,0.6681630132484446,23.527481,0.058941058941058944,0.07441456339251931,False
5606,Muscularis_mucosa,Muscularis_mucosa,Cholesterol,-1.7285659,-0.14609048514340198,0.5580750212066611,0.6681630132484446,0.0,0.003996003996003996,0.007468259895444362,False
5607,Muscularis_mucosa,Muscularis_mucosa,Cholic acid,-0.11797516,-0.011513196771810346,0.504592999504786,0.6681630132484446,0.0,0.017982017982017984,0.02639038217183071,False
5608,Muscularis_mucosa,Muscularis_mucosa,Choline,0.0,0.0,0.5,0.6681630132484446,0.0,0.000999000999000999,0.002206206795116929,False
5609,Muscularis_mucosa,Muscularis_mucosa,Citric acid,0.1963772,0.033193805707193075,0.4867600188658891,0.6681630132484446,0.0,0.000999000999000999,0.002206206795116929,False
5610,Muscularis_mucosa,Muscularis_mucosa,Coprocholic acid,-0.11797516,-0.0199414417663135,0.5079549570197588,0.6681630132484446,0.0,0.017982017982017984,0.02639038217183071,False
5611,Muscularis_mucosa,Muscularis_mucosa,Cortisol,0.0,0.0,0.5,0.6681630132484446,0.0,0.000999000999000999,0.002206206795116929,False
5612,Muscularis_mucosa,Muscularis_mucosa,Creatine,0.0,0.0,0.5,0.6681630132484446,0.0,0.000999000999000999,0.002206206795116929,False
5613,Muscularis_mucosa,Muscularis_mucosa,D-Lactate,0.1963772,0.033193805707193075,0.4867600188658891,0.6681630132484446,0.0,0.000999000999000999,0.002206206795116929,False
5614,Muscularis_mucosa,Muscularis_mucosa,Deoxycholic acid,-0.11797516,-0.0199414417663135,0.5079549570197588,0.6681630132484446,0.0,0.017982017982017984,0.02639038217183071,False
5615,Muscularis_mucosa,Muscularis_mucosa,Dopamine,0.0,0.0,0.5,0.6681630132484446,0.0,0.000999000999000999,0.002206206795116929,False
5616,Muscularis_mucosa,Muscularis_mucosa,E-3179,0.0,0.0,0.5,0.6681630132484446,0.0,0.000999000999000999,0.002206206795116929,False
5617,Muscularis_mucosa,Muscularis_mucosa,Estradiol,0.1963772,0.01484472119864084,0.4940780305737594,0.6681630132484446,0.0,0.000999000999000999,0.002206206795116929,False
5618,Muscularis_mucosa,Muscularis_mucosa,Estriol,0.0,0.0,0.5,0.6681630132484446,0.0,0.000999000999000999,0.002206206795116929,False
5619,Muscularis_mucosa,Muscularis_mucosa,Fatty acid,-2.947294,-0.22279448446157915,0.5881522695543755,0.6770266346377942,0.0,0.11488511488511488,0.13326981020318818,False
5620,Muscularis_mucosa,Muscularis_mucosa,Folic acid,-0.11797516,-0.011513196771810346,0.504592999504786,0.6681630132484446,0.0,0.017982017982017984,0.02639038217183071,False
5621,Muscularis_mucosa,Muscularis_mucosa,Folinic acid,-0.11797516,-0.0199414417663135,0.5079549570197588,0.6681630132484446,0.0,0.017982017982017984,0.02639038217183071,False
5622,Muscularis_mucosa,Muscularis_mucosa,Glutathione,-0.11797516,-0.0199414417663135,0.5079549570197588,0.6681630132484446,0.0,0.017982017982017984,0.02639038217183071,False
5623,Muscularis_mucosa,Muscularis_mucosa,Glycerol,0.0,0.0,0.5,0.6681630132484446,0.0,0.000999000999000999,0.002206206795116929,False
5624,Muscularis_mucosa,Muscularis_mucosa,Glycochenodeoxycholate-3-sulfate,-0.11797516,-0.0199414417663135,0.5079549570197588,0.6681630132484446,0.0,0.017982017982017984,0.02639038217183071,False
5625,Muscularis_mucosa,Muscularis_mucosa,Glycyl-glycine,0.0,0.0,0.5,0.6681630132484446,0.0,0.000999000999000999,0.002206206795116929,False
5626,Muscularis_mucosa,Muscularis_mucosa,Histamine,0.0,0.0,0.5,0.6681630132484446,0.0,0.000999000999000999,0.002206206795116929,False
5627,Muscularis_mucosa,Muscularis_mucosa,Hydroxylansoprazole,0.0,0.0,0.5,0.6681630132484446,0.0,0.000999000999000999,0.002206206795116929,False
5628,Muscularis_mucosa,Muscularis_mucosa,Hyodeoxycholic acid,-0.11797516,-0.0199414417663135,0.5079549570197588,0.6681630132484446,0.0,0.017982017982017984,0.02639038217183071,False
5629,Muscularis_mucosa,Muscularis_mucosa,Iron,0.07840204,0.009370836409348026,0.496261631866288,0.6681630132484446,0.0,0.029970029970029972,0.041029693341032736,False
5630,Muscularis_mucosa,Muscularis_mucosa,Isoursodeoxycholic acid,-0.11797516,-0.0199414417663135,0.5079549570197588,0.6681630132484446,0.0,0.017982017982017984,0.02639038217183071,False
5631,Muscularis_mucosa,Muscularis_mucosa,Ketone bodies,0.1963772,0.033193805707193075,0.4867600188658891,0.6681630132484446,0.0,0.000999000999000999,0.002206206795116929,False
5632,Muscularis_mucosa,Muscularis_mucosa,L-Arginine,0.0,0.0,0.5,0.6681630132484446,0.0,0.000999000999000999,0.002206206795116929,False
5633,Muscularis_mucosa,Muscularis_mucosa,L-Carnitine,0.0,0.0,0.5,0.6681630132484446,0.0,0.000999000999000999,0.002206206795116929,False
5634,Muscularis_mucosa,Muscularis_mucosa,L-Cystine,0.0,0.0,0.5,0.6681630132484446,0.0,0.000999000999000999,0.002206206795116929,False
5635,Muscularis_mucosa,Muscularis_mucosa,L-Dopa,0.0,0.0,0.5,0.6681630132484446,0.0,0.000999000999000999,0.002206206795116929,False
5636,Muscularis_mucosa,Muscularis_mucosa,L-Glutamate,0.1963772,0.023471565108944947,0.49063705999510293,0.6681630132484446,0.0,0.000999000999000999,0.002206206795116929,False
5637,Muscularis_mucosa,Muscularis_mucosa,L-Lactate,0.1963772,0.033193805707193075,0.4867600188658891,0.6681630132484446,0.0,0.000999000999000999,0.002206206795116929,False
5638,Muscularis_mucosa,Muscularis_mucosa,L-Lysine,0.0,0.0,0.5,0.6681630132484446,0.0,0.000999000999000999,0.002206206795116929,False
5639,Muscularis_mucosa,Muscularis_mucosa,L-Ornithine,0.0,0.0,0.5,0.6681630132484446,0.0,0.000999000999000999,0.002206206795116929,False
5640,Muscularis_mucosa,Muscularis_mucosa,Lithocholic acid,-0.11797516,-0.0199414417663135,0.5079549570197588,0.6681630132484446,0.0,0.017982017982017984,0.02639038217183071,False
5641,Muscularis_mucosa,Muscularis_mucosa,Manganese,0.3927544,0.06638761141438615,0.47353461655163004,0.6681630132484446,0.0,0.004995004995004995,0.008926091958582932,False
5642,Muscularis_mucosa,Muscularis_mucosa,N-Desmethylcitalopram,0.0,0.0,0.5,0.6681630132484446,0.0,0.000999000999000999,0.002206206795116929,False
5643,Muscularis_mucosa,Muscularis_mucosa,N-Desmethyleletriptan,0.0,0.0,0.5,0.6681630132484446,0.0,0.000999000999000999,0.002206206795116929,False
5644,Muscularis_mucosa,Muscularis_mucosa,N-Desmethyltamoxifen,0.0,0.0,0.5,0.6681630132484446,0.0,0.000999000999000999,0.002206206795116929,False
5645,Muscularis_mucosa,Muscularis_mucosa,N-desmethylimatinib,0.0,0.0,0.5,0.6681630132484446,0.0,0.000999000999000999,0.002206206795116929,False
5646,Muscularis_mucosa,Muscularis_mucosa,Neurotransmitter,0.0,0.0,0.5,0.6681630132484446,0.0,0.000999000999000999,0.002206206795116929,False
5647,Muscularis_mucosa,Muscularis_mucosa,Nicotinate,0.5891316,0.044534162469500614,0.48223931063369085,0.6681630132484446,0.0,0.004995004995004995,0.008926091958582932,False
5648,Muscularis_mucosa,Muscularis_mucosa,Norepinephrine,0.0,0.0,0.5,0.6681630132484446,0.0,0.000999000999000999,0.002206206795116929,False
5649,Muscularis_mucosa,Muscularis_mucosa,O-Deethylated candesartan,0.0,0.0,0.5,0.6681630132484446,0.0,0.000999000999000999,0.002206206795116929,False
5650,Muscularis_mucosa,Muscularis_mucosa,O-Desmethylverapamil (D-702),-0.11797516,-0.005148858124019813,0.5020540881255565,0.6681630132484446,0.0,0.017982017982017984,0.02639038217183071,False
5651,Muscularis_mucosa,Muscularis_mucosa,Oxalic acid,0.1963772,0.033193805707193075,0.4867600188658891,0.6681630132484446,0.0,0.000999000999000999,0.002206206795116929,False
5652,Muscularis_mucosa,Muscularis_mucosa,Phosphate,0.0,0.0,0.5,0.6681630132484446,0.0,0.000999000999000999,0.002206206795116929,False
5653,Muscularis_mucosa,Muscularis_mucosa,Progesterone,0.0,0.0,0.5,0.6681630132484446,0.0,0.000999000999000999,0.002206206795116929,False
5654,Muscularis_mucosa,Muscularis_mucosa,Pyruvate,0.1963772,0.033193805707193075,0.4867600188658891,0.6681630132484446,0.0,0.000999000999000999,0.002206206795116929,False
5655,Muscularis_mucosa,Muscularis_mucosa,Sodium,24.89281,1.4876299830322637,0.06842425088135658,0.6681630132484446,72.404205,0.026973026973026972,0.03751968625513386,True
5656,Muscularis_mucosa,Muscularis_mucosa,Sodium_hydrogen exchange,0.1963772,0.019164452660476058,0.49235495752959824,0.6681630132484446,0.0,0.000999000999000999,0.002206206795116929,False
5657,Muscularis_mucosa,Muscularis_mucosa,Sulfolithocholic acid,-0.11797516,-0.0199414417663135,0.5079549570197588,0.6681630132484446,0.0,0.017982017982017984,0.02639038217183071,False
5658,Muscularis_mucosa,Muscularis_mucosa,Taurocholic acid,0.40304345,0.018894968323843873,0.4924624467607682,0.6681630132484446,0.0,0.03496503496503497,0.04684084521702925,False
5659,Muscularis_mucosa,Muscularis_mucosa,Testosterone,0.0,0.0,0.5,0.6681630132484446,0.0,0.000999000999000999,0.002206206795116929,False
5660,Muscularis_mucosa,Muscularis_mucosa,Trihydroxycoprostanoic acid,-0.11797516,-0.0199414417663135,0.5079549570197588,0.6681630132484446,0.0,0.017982017982017984,0.02639038217183071,False
5661,Muscularis_mucosa,Muscularis_mucosa,Urea,-2.6072457,-0.44070495653525954,0.6702866960814249,0.7142990625625518,0.0,0.005994005994005994,0.010452557005148853,False
5662,Muscularis_mucosa,Muscularis_mucosa,Ursocholic acid,-0.11797516,-0.0199414417663135,0.5079549570197588,0.6681630132484446,0.0,0.017982017982017984,0.02639038217183071,False
5663,Muscularis_mucosa,Muscularis_mucosa,Ursodeoxycholic acid,-0.11797516,-0.0199414417663135,0.5079549570197588,0.6681630132484446,0.0,0.017982017982017984,0.02639038217183071,False
5664,Muscularis_mucosa,Muscularis_mucosa,Ursodeoxycholic acid 3-sulfate,-0.11797516,-0.0199414417663135,0.5079549570197588,0.6681630132484446,0.0,0.017982017982017984,0.02639038217183071,False
5665,Muscularis_mucosa,Muscularis_mucosa,Varanic acid,-0.11797516,-0.0199414417663135,0.5079549570197588,0.6681630132484446,0.0,0.017982017982017984,0.02639038217183071,False
5666,Muscularis_mucosa,Muscularis_mucosa,Vitamin D3,-1.7285659,-0.29218097028680395,0.6149258696815991,0.6849132570762552,0.0,0.003996003996003996,0.007468259895444362,False
5667,Muscularis_mucosa,Muscularis_mucosa,Water,-1.436616,-0.12141620774052544,0.5483193100338513,0.6681630132484446,0.0,0.000999000999000999,0.002206206795116929,False
5668,Muscularis_mucosa,Muscularis_mucosa,Zinc,0.3927544,0.06638761141438615,0.47353461655163004,0.6681630132484446,0.0,0.004995004995004995,0.008926091958582932,False
5669,Muscularis_mucosa,Muscularis_mucosa,alpha-Ketoisovaleric acid,0.1963772,0.033193805707193075,0.4867600188658891,0.6681630132484446,0.0,0.000999000999000999,0.002206206795116929,False
5670,Muscularis_mucosa,Myofibroblast,"(3a,5b,7a)-23-Carboxy-7-hydroxy-24-norcholan-3-yl-b-D-Glucopyranosiduronic acid",0.0,0.0,0.5,0.6681630132484446,0.0,0.000999000999000999,0.002206206795116929,False
5671,Muscularis_mucosa,Myofibroblast,17a-Ethynylestradiol,0.0,0.0,0.5,0.6681630132484446,0.0,0.000999000999000999,0.002206206795116929,False
5672,Muscularis_mucosa,Myofibroblast,"1b,3a,12a-Trihydroxy-5b-cholanoic acid",0.0,0.0,0.5,0.6681630132484446,0.0,0.000999000999000999,0.002206206795116929,False
5673,Muscularis_mucosa,Myofibroblast,2-Hydroxychlorpropamide,0.0,0.0,0.5,0.6681630132484446,0.0,0.000999000999000999,0.002206206795116929,False
5674,Muscularis_mucosa,Myofibroblast,25-Hydroxycholesterol,0.07899987,0.02039767860163728,0.4918630678368562,0.6681630132484446,0.0,0.011988011988011988,0.01879993733354222,False
5675,Muscularis_mucosa,Myofibroblast,"3',4'-Dihydrodiol",0.0,0.0,0.5,0.6681630132484446,0.0,0.000999000999000999,0.002206206795116929,False
5676,Muscularis_mucosa,Myofibroblast,3-Sulfodeoxycholic acid,0.0,0.0,0.5,0.6681630132484446,0.0,0.000999000999000999,0.002206206795116929,False
5677,Muscularis_mucosa,Myofibroblast,"3alpha,7alpha-Dihydroxycoprostanic acid",0.0,0.0,0.5,0.6681630132484446,0.0,0.000999000999000999,0.002206206795116929,False
5678,Muscularis_mucosa,Myofibroblast,3b-Hydroxy-5-cholenoic acid,0.0,0.0,0.5,0.6681630132484446,0.0,0.000999000999000999,0.002206206795116929,False
5679,Muscularis_mucosa,Myofibroblast,4'-Hydroxydiclofenac,0.0,0.0,0.5,0.6681630132484446,0.0,0.000999000999000999,0.002206206795116929,False
5680,Muscularis_mucosa,Myofibroblast,4-Hydroxycyclophosphamide,0.0,0.0,0.5,0.6681630132484446,0.0,0.000999000999000999,0.002206206795116929,False
5681,Muscularis_mucosa,Myofibroblast,4-ene-Valproic acid,0.085049525,0.01267843460918895,0.4949421718869474,0.6681630132484446,0.0,0.000999000999000999,0.002206206795116929,False
5682,Muscularis_mucosa,Myofibroblast,5-Hydroxyomeprazole,0.0,0.0,0.5,0.6681630132484446,0.0,0.000999000999000999,0.002206206795116929,False
5683,Muscularis_mucosa,Myofibroblast,8-Hydroxycarvedilol,0.0,0.0,0.5,0.6681630132484446,0.0,0.000999000999000999,0.002206206795116929,False
5684,Muscularis_mucosa,Myofibroblast,Acetate,-0.8516641,-0.1269585919702393,0.5505134139533142,0.6681630132484446,0.0,0.028971028971028972,0.03983516483516483,False
5685,Muscularis_mucosa,Myofibroblast,Acetyl-L-Carnitine,0.0,0.0,0.5,0.6681630132484446,0.0,0.000999000999000999,0.002206206795116929,False
5686,Muscularis_mucosa,Myofibroblast,Adenosine diphosphate ribose,-0.5642168,-0.1456801494217551,0.5579130536812111,0.6681630132484446,0.0,0.008991008991008992,0.014633088846334503,False
5687,Muscularis_mucosa,Myofibroblast,Adenosine triphosphate,0.26895022,0.06944264921409912,0.4723186408357484,0.6681630132484446,0.0,0.013986013986013986,0.02125506072874494,False
5688,Muscularis_mucosa,Myofibroblast,Amiloride-sensitive sodium transport,0.0,0.0,0.5,0.6681630132484446,0.0,0.000999000999000999,0.002206206795116929,False
5689,Muscularis_mucosa,Myofibroblast,Anion exchange,0.20832795,0.031055697045493512,0.4876125606239107,0.6681630132484446,0.0,0.008991008991008992,0.014633088846334503,False
5690,Muscularis_mucosa,Myofibroblast,Butyrate,0.0,0.0,0.5,0.6681630132484446,0.0,0.000999000999000999,0.002206206795116929,False
5691,Muscularis_mucosa,Myofibroblast,Cadmium,0.120278195,0.031055696292750866,0.4876125609240668,0.6681630132484446,0.0,0.001998001998001998,0.00412210593812261,False
5692,Muscularis_mucosa,Myofibroblast,Chenodeoxycholic acid,0.0,0.0,0.5,0.6681630132484446,0.0,0.000999000999000999,0.002206206795116929,False
5693,Muscularis_mucosa,Myofibroblast,Chenodeoxycholic acid 3-sulfate,0.0,0.0,0.5,0.6681630132484446,0.0,0.000999000999000999,0.002206206795116929,False
5694,Muscularis_mucosa,Myofibroblast,Chloride,-0.428487,-0.11063486840684993,0.5440470518921506,0.6681630132484446,0.0,0.01998001998001998,0.02902757619738752,False
5695,Muscularis_mucosa,Myofibroblast,Chloride ion,0.3293954,0.08504953002736251,0.46611100702761576,0.6681630132484446,0.0,0.02197802197802198,0.03133903133903134,False
5696,Muscularis_mucosa,Myofibroblast,Cholesterol,0.0,0.0,0.5,0.6681630132484446,0.0,0.000999000999000999,0.002206206795116929,False
5697,Muscularis_mucosa,Myofibroblast,Cholic acid,0.0,0.0,0.5,0.6681630132484446,0.0,0.000999000999000999,0.002206206795116929,False
5698,Muscularis_mucosa,Myofibroblast,Choline,0.0,0.0,0.5,0.6681630132484446,0.0,0.000999000999000999,0.002206206795116929,False
5699,Muscularis_mucosa,Myofibroblast,Citric acid,-0.42583206,-0.10994936587493027,0.5437752342347104,0.6681630132484446,0.0,0.015984015984015984,0.024033245990286563,False
5700,Muscularis_mucosa,Myofibroblast,Coprocholic acid,0.0,0.0,0.5,0.6681630132484446,0.0,0.000999000999000999,0.002206206795116929,False
5701,Muscularis_mucosa,Myofibroblast,Cortisol,0.0,0.0,0.5,0.6681630132484446,0.0,0.000999000999000999,0.002206206795116929,False
5702,Muscularis_mucosa,Myofibroblast,Creatine,0.0,0.0,0.5,0.6681630132484446,0.0,0.000999000999000999,0.002206206795116929,False
5703,Muscularis_mucosa,Myofibroblast,D-Lactate,0.0,0.0,0.5,0.6681630132484446,0.0,0.000999000999000999,0.002206206795116929,False
5704,Muscularis_mucosa,Myofibroblast,Deoxycholic acid,0.0,0.0,0.5,0.6681630132484446,0.0,0.000999000999000999,0.002206206795116929,False
5705,Muscularis_mucosa,Myofibroblast,Dopamine,0.0,0.0,0.5,0.6681630132484446,0.0,0.000999000999000999,0.002206206795116929,False
5706,Muscularis_mucosa,Myofibroblast,E-3179,0.0,0.0,0.5,0.6681630132484446,0.0,0.000999000999000999,0.002206206795116929,False
5707,Muscularis_mucosa,Myofibroblast,Estradiol,-0.42583206,-0.049170851235867945,0.5196084297490535,0.6681630132484446,0.0,0.015984015984015984,0.024033245990286563,False
5708,Muscularis_mucosa,Myofibroblast,Estriol,0.0,0.0,0.5,0.6681630132484446,0.0,0.000999000999000999,0.002206206795116929,False
5709,Muscularis_mucosa,Myofibroblast,Fatty acid,0.28326327,0.03270842458532372,0.4869535528198275,0.6681630132484446,0.0,0.11588411588411589,0.13404722468317862,False
5710,Muscularis_mucosa,Myofibroblast,Folic acid,0.0,0.0,0.5,0.6681630132484446,0.0,0.000999000999000999,0.002206206795116929,False
5711,Muscularis_mucosa,Myofibroblast,Folinic acid,0.0,0.0,0.5,0.6681630132484446,0.0,0.000999000999000999,0.002206206795116929,False
5712,Muscularis_mucosa,Myofibroblast,Glutathione,0.0,0.0,0.5,0.6681630132484446,0.0,0.000999000999000999,0.002206206795116929,False
5713,Muscularis_mucosa,Myofibroblast,Glycerol,0.0,0.0,0.5,0.6681630132484446,0.0,0.000999000999000999,0.002206206795116929,False
5714,Muscularis_mucosa,Myofibroblast,Glycochenodeoxycholate-3-sulfate,0.0,0.0,0.5,0.6681630132484446,0.0,0.000999000999000999,0.002206206795116929,False
5715,Muscularis_mucosa,Myofibroblast,Glycyl-glycine,0.0,0.0,0.5,0.6681630132484446,0.0,0.000999000999000999,0.002206206795116929,False
5716,Muscularis_mucosa,Myofibroblast,Histamine,0.0,0.0,0.5,0.6681630132484446,0.0,0.000999000999000999,0.002206206795116929,False
5717,Muscularis_mucosa,Myofibroblast,Hydroxylansoprazole,0.0,0.0,0.5,0.6681630132484446,0.0,0.000999000999000999,0.002206206795116929,False
5718,Muscularis_mucosa,Myofibroblast,Hyodeoxycholic acid,0.0,0.0,0.5,0.6681630132484446,0.0,0.000999000999000999,0.002206206795116929,False
5719,Muscularis_mucosa,Myofibroblast,Iron,0.598978,0.10935791757896418,0.45645930520489575,0.6681630132484446,0.0,0.03496503496503497,0.04684084521702925,False
5720,Muscularis_mucosa,Myofibroblast,Isoursodeoxycholic acid,0.0,0.0,0.5,0.6681630132484446,0.0,0.000999000999000999,0.002206206795116929,False
5721,Muscularis_mucosa,Myofibroblast,Ketone bodies,0.0,0.0,0.5,0.6681630132484446,0.0,0.000999000999000999,0.002206206795116929,False
5722,Muscularis_mucosa,Myofibroblast,L-Arginine,0.0,0.0,0.5,0.6681630132484446,0.0,0.000999000999000999,0.002206206795116929,False
5723,Muscularis_mucosa,Myofibroblast,L-Carnitine,0.0,0.0,0.5,0.6681630132484446,0.0,0.000999000999000999,0.002206206795116929,False
5724,Muscularis_mucosa,Myofibroblast,L-Cystine,0.0,0.0,0.5,0.6681630132484446,0.0,0.000999000999000999,0.002206206795116929,False
5725,Muscularis_mucosa,Myofibroblast,L-Dopa,0.0,0.0,0.5,0.6681630132484446,0.0,0.000999000999000999,0.002206206795116929,False
5726,Muscularis_mucosa,Myofibroblast,L-Glutamate,0.060139097,0.010979846721537031,0.4956197629220271,0.6681630132484446,0.0,0.000999000999000999,0.002206206795116929,False
5727,Muscularis_mucosa,Myofibroblast,L-Lactate,0.0,0.0,0.5,0.6681630132484446,0.0,0.000999000999000999,0.002206206795116929,False
5728,Muscularis_mucosa,Myofibroblast,L-Lysine,0.0,0.0,0.5,0.6681630132484446,0.0,0.000999000999000999,0.002206206795116929,False
5729,Muscularis_mucosa,Myofibroblast,L-Ornithine,0.0,0.0,0.5,0.6681630132484446,0.0,0.000999000999000999,0.002206206795116929,False
5730,Muscularis_mucosa,Myofibroblast,Lithocholic acid,0.0,0.0,0.5,0.6681630132484446,0.0,0.000999000999000999,0.002206206795116929,False
5731,Muscularis_mucosa,Myofibroblast,Manganese,0.120278195,0.031055696292750866,0.4876125609240668,0.6681630132484446,0.0,0.001998001998001998,0.00412210593812261,False
5732,Muscularis_mucosa,Myofibroblast,N-Desmethylcitalopram,0.0,0.0,0.5,0.6681630132484446,0.0,0.000999000999000999,0.002206206795116929,False
5733,Muscularis_mucosa,Myofibroblast,N-Desmethyleletriptan,0.0,0.0,0.5,0.6681630132484446,0.0,0.000999000999000999,0.002206206795116929,False
5734,Muscularis_mucosa,Myofibroblast,N-Desmethyltamoxifen,0.0,0.0,0.5,0.6681630132484446,0.0,0.000999000999000999,0.002206206795116929,False
5735,Muscularis_mucosa,Myofibroblast,N-desmethylimatinib,0.0,0.0,0.5,0.6681630132484446,0.0,0.000999000999000999,0.002206206795116929,False
5736,Muscularis_mucosa,Myofibroblast,Neurotransmitter,0.0,0.0,0.5,0.6681630132484446,0.0,0.000999000999000999,0.002206206795116929,False
5737,Muscularis_mucosa,Myofibroblast,Nicotinate,-0.76661456,-0.08852102409034852,0.5352687124387725,0.6681630132484446,0.0,0.028971028971028972,0.03983516483516483,False
5738,Muscularis_mucosa,Myofibroblast,Norepinephrine,0.0,0.0,0.5,0.6681630132484446,0.0,0.000999000999000999,0.002206206795116929,False
5739,Muscularis_mucosa,Myofibroblast,O-Deethylated candesartan,0.0,0.0,0.5,0.6681630132484446,0.0,0.000999000999000999,0.002206206795116929,False
5740,Muscularis_mucosa,Myofibroblast,O-Desmethylverapamil (D-702),0.14731011,0.009820673863093059,0.4960821809501712,0.6681630132484446,0.0,0.003996003996003996,0.007468259895444362,False
5741,Muscularis_mucosa,Myofibroblast,Oxalic acid,-0.42583206,-0.10994936587493027,0.5437752342347104,0.6681630132484446,0.0,0.015984015984015984,0.024033245990286563,False
5742,Muscularis_mucosa,Myofibroblast,Phosphate,0.0,0.0,0.5,0.6681630132484446,0.0,0.000999000999000999,0.002206206795116929,False
5743,Muscularis_mucosa,Myofibroblast,Progesterone,0.0,0.0,0.5,0.6681630132484446,0.0,0.000999000999000999,0.002206206795116929,False
5744,Muscularis_mucosa,Myofibroblast,Pyruvate,0.0,0.0,0.5,0.6681630132484446,0.0,0.000999000999000999,0.002206206795116929,False
5745,Muscularis_mucosa,Myofibroblast,Sodium,1.2579218,0.11483202560145182,0.4542891320988497,0.6681630132484446,0.0,0.04595404595404595,0.06003045022837671,False
5746,Muscularis_mucosa,Myofibroblast,Sodium_hydrogen exchange,0.12024534,0.017925116573113124,0.4928492960517921,0.6681630132484446,0.0,0.003996003996003996,0.007468259895444362,False
5747,Muscularis_mucosa,Myofibroblast,Sulfolithocholic acid,0.0,0.0,0.5,0.6681630132484446,0.0,0.000999000999000999,0.002206206795116929,False
5748,Muscularis_mucosa,Myofibroblast,Taurocholic acid,-0.8516641,-0.06098893482566334,0.5243159893093512,0.6681630132484446,0.0,0.028971028971028972,0.03983516483516483,False
5749,Muscularis_mucosa,Myofibroblast,Testosterone,0.0,0.0,0.5,0.6681630132484446,0.0,0.000999000999000999,0.002206206795116929,False
5750,Muscularis_mucosa,Myofibroblast,Trihydroxycoprostanoic acid,0.0,0.0,0.5,0.6681630132484446,0.0,0.000999000999000999,0.002206206795116929,False
5751,Muscularis_mucosa,Myofibroblast,Urea,0.085049525,0.021959692903554925,0.49124005409049526,0.6681630132484446,0.0,0.001998001998001998,0.00412210593812261,False
5752,Muscularis_mucosa,Myofibroblast,Ursocholic acid,0.0,0.0,0.5,0.6681630132484446,0.0,0.000999000999000999,0.002206206795116929,False
5753,Muscularis_mucosa,Myofibroblast,Ursodeoxycholic acid,0.0,0.0,0.5,0.6681630132484446,0.0,0.000999000999000999,0.002206206795116929,False
5754,Muscularis_mucosa,Myofibroblast,Ursodeoxycholic acid 3-sulfate,0.0,0.0,0.5,0.6681630132484446,0.0,0.000999000999000999,0.002206206795116929,False
5755,Muscularis_mucosa,Myofibroblast,Varanic acid,0.0,0.0,0.5,0.6681630132484446,0.0,0.000999000999000999,0.002206206795116929,False
5756,Muscularis_mucosa,Myofibroblast,Vitamin D3,0.0,0.0,0.5,0.6681630132484446,0.0,0.000999000999000999,0.002206206795116929,False
5757,Muscularis_mucosa,Myofibroblast,Water,0.14518863,0.018743771486831,0.49252275489108693,0.6681630132484446,0.0,0.001998001998001998,0.00412210593812261,False
5758,Muscularis_mucosa,Myofibroblast,Zinc,0.120278195,0.031055696292750866,0.4876125609240668,0.6681630132484446,0.0,0.001998001998001998,0.00412210593812261,False
5759,Muscularis_mucosa,Myofibroblast,alpha-Ketoisovaleric acid,0.0,0.0,0.5,0.6681630132484446,0.0,0.000999000999000999,0.002206206795116929,False
5760,Muscularis_mucosa,Pericyte,"(3a,5b,7a)-23-Carboxy-7-hydroxy-24-norcholan-3-yl-b-D-Glucopyranosiduronic acid",0.12169307,0.043024996538864727,0.4828408039716671,0.6681630132484446,0.0,0.005994005994005994,0.010452557005148853,False
5761,Muscularis_mucosa,Pericyte,17a-Ethynylestradiol,0.0,0.0,0.5,0.6681630132484446,0.0,0.000999000999000999,0.002206206795116929,False
5762,Muscularis_mucosa,Pericyte,"1b,3a,12a-Trihydroxy-5b-cholanoic acid",0.12169307,0.043024996538864727,0.4828408039716671,0.6681630132484446,0.0,0.005994005994005994,0.010452557005148853,False
5763,Muscularis_mucosa,Pericyte,2-Hydroxychlorpropamide,0.0,0.0,0.5,0.6681630132484446,0.0,0.000999000999000999,0.002206206795116929,False
5764,Muscularis_mucosa,Pericyte,25-Hydroxycholesterol,0.057023373,0.020160806690839483,0.49195754662780267,0.6681630132484446,0.0,0.005994005994005994,0.010452557005148853,False
5765,Muscularis_mucosa,Pericyte,"3',4'-Dihydrodiol",0.0,0.0,0.5,0.6681630132484446,0.0,0.000999000999000999,0.002206206795116929,False
5766,Muscularis_mucosa,Pericyte,3-Sulfodeoxycholic acid,0.12169307,0.043024996538864727,0.4828408039716671,0.6681630132484446,0.0,0.005994005994005994,0.010452557005148853,False
5767,Muscularis_mucosa,Pericyte,"3alpha,7alpha-Dihydroxycoprostanic acid",0.12169307,0.043024996538864727,0.4828408039716671,0.6681630132484446,0.0,0.005994005994005994,0.010452557005148853,False
5768,Muscularis_mucosa,Pericyte,3b-Hydroxy-5-cholenoic acid,0.12169307,0.043024996538864727,0.4828408039716671,0.6681630132484446,0.0,0.005994005994005994,0.010452557005148853,False
5769,Muscularis_mucosa,Pericyte,4'-Hydroxydiclofenac,0.0,0.0,0.5,0.6681630132484446,0.0,0.000999000999000999,0.002206206795116929,False
5770,Muscularis_mucosa,Pericyte,4-Hydroxycyclophosphamide,0.0,0.0,0.5,0.6681630132484446,0.0,0.000999000999000999,0.002206206795116929,False
5771,Muscularis_mucosa,Pericyte,4-ene-Valproic acid,0.0,0.0,0.5,0.6681630132484446,0.0,0.000999000999000999,0.002206206795116929,False
5772,Muscularis_mucosa,Pericyte,5-Hydroxyomeprazole,0.12169307,0.01756488128420515,0.4929929865138876,0.6681630132484446,0.0,0.005994005994005994,0.010452557005148853,False
5773,Muscularis_mucosa,Pericyte,8-Hydroxycarvedilol,0.0,0.0,0.5,0.6681630132484446,0.0,0.000999000999000999,0.002206206795116929,False
5774,Muscularis_mucosa,Pericyte,Acetate,0.27263084,0.05565053728907669,0.47781010195929285,0.6681630132484446,0.0,0.008991008991008992,0.014633088846334503,False
5775,Muscularis_mucosa,Pericyte,Acetyl-L-Carnitine,0.0,0.0,0.5,0.6681630132484446,0.0,0.000999000999000999,0.002206206795116929,False
5776,Muscularis_mucosa,Pericyte,Adenosine diphosphate ribose,-0.2301235,-0.08136094544664994,0.5324225464391311,0.6681630132484446,0.0,0.007992007992007992,0.01321828529465761,False
5777,Muscularis_mucosa,Pericyte,Adenosine triphosphate,0.17209998,0.06084653064807111,0.4757407164236324,0.6681630132484446,0.0,0.003996003996003996,0.007468259895444362,False
5778,Muscularis_mucosa,Pericyte,Amiloride-sensitive sodium transport,0.0,0.0,0.5,0.6681630132484446,0.0,0.000999000999000999,0.002206206795116929,False
5779,Muscularis_mucosa,Pericyte,Anion exchange,-1.433609,-0.292634213515864,0.6150991203108229,0.6849132570762552,0.0,0.000999000999000999,0.002206206795116929,False
5780,Muscularis_mucosa,Pericyte,Butyrate,0.0,0.0,0.5,0.6681630132484446,0.0,0.000999000999000999,0.002206206795116929,False
5781,Muscularis_mucosa,Pericyte,Cadmium,0.0,0.0,0.5,0.6681630132484446,0.0,0.000999000999000999,0.002206206795116929,False
5782,Muscularis_mucosa,Pericyte,Chenodeoxycholic acid,0.12169307,0.043024996538864727,0.4828408039716671,0.6681630132484446,0.0,0.005994005994005994,0.010452557005148853,False
5783,Muscularis_mucosa,Pericyte,Chenodeoxycholic acid 3-sulfate,0.12169307,0.043024996538864727,0.4828408039716671,0.6681630132484446,0.0,0.005994005994005994,0.010452557005148853,False
5784,Muscularis_mucosa,Pericyte,Chloride,0.14015321,0.04955164413084119,0.48023984082548177,0.6681630132484446,0.0,0.004995004995004995,0.008926091958582932,False
5785,Muscularis_mucosa,Pericyte,Chloride ion,0.02828479,0.010000183404724335,0.4960105705211278,0.6681630132484446,0.0,0.04995004995004995,0.06423340993762222,False
5786,Muscularis_mucosa,Pericyte,Cholesterol,-1.0227654,-0.1808010871266996,0.5717381451150089,0.6688655124419435,0.0,0.012987012987012988,0.019964507542147295,False
5787,Muscularis_mucosa,Pericyte,Cholic acid,0.12169307,0.024840493333596274,0.49009109600205897,0.6681630132484446,0.0,0.005994005994005994,0.010452557005148853,False
5788,Muscularis_mucosa,Pericyte,Choline,0.0,0.0,0.5,0.6681630132484446,0.0,0.000999000999000999,0.002206206795116929,False
5789,Muscularis_mucosa,Pericyte,Citric acid,0.13631542,0.048194779026593595,0.48078050554381313,0.6681630132484446,0.0,0.003996003996003996,0.007468259895444362,False
5790,Muscularis_mucosa,Pericyte,Coprocholic acid,0.12169307,0.043024996538864727,0.4828408039716671,0.6681630132484446,0.0,0.005994005994005994,0.010452557005148853,False
5791,Muscularis_mucosa,Pericyte,Cortisol,0.0,0.0,0.5,0.6681630132484446,0.0,0.000999000999000999,0.002206206795116929,False
5792,Muscularis_mucosa,Pericyte,Creatine,0.0,0.0,0.5,0.6681630132484446,0.0,0.000999000999000999,0.002206206795116929,False
5793,Muscularis_mucosa,Pericyte,D-Lactate,0.0,0.0,0.5,0.6681630132484446,0.0,0.000999000999000999,0.002206206795116929,False
5794,Muscularis_mucosa,Pericyte,Deoxycholic acid,0.12169307,0.043024996538864727,0.4828408039716671,0.6681630132484446,0.0,0.005994005994005994,0.010452557005148853,False
5795,Muscularis_mucosa,Pericyte,Dopamine,0.0,0.0,0.5,0.6681630132484446,0.0,0.000999000999000999,0.002206206795116929,False
5796,Muscularis_mucosa,Pericyte,E-3179,0.0,0.0,0.5,0.6681630132484446,0.0,0.000999000999000999,0.002206206795116929,False
5797,Muscularis_mucosa,Pericyte,Estradiol,0.13631542,0.021553360412808885,0.4914021189388902,0.6681630132484446,0.0,0.003996003996003996,0.007468259895444362,False
5798,Muscularis_mucosa,Pericyte,Estriol,0.0,0.0,0.5,0.6681630132484446,0.0,0.000999000999000999,0.002206206795116929,False
5799,Muscularis_mucosa,Pericyte,Fatty acid,-3.2073443,-0.5071256604050989,0.6939666743301987,0.728427781389408,0.0,0.0899100899100899,0.10676438023936309,False
5800,Muscularis_mucosa,Pericyte,Folic acid,0.12169307,0.024840493333596274,0.49009109600205897,0.6681630132484446,0.0,0.005994005994005994,0.010452557005148853,False
5801,Muscularis_mucosa,Pericyte,Folinic acid,0.12169307,0.043024996538864727,0.4828408039716671,0.6681630132484446,0.0,0.005994005994005994,0.010452557005148853,False
5802,Muscularis_mucosa,Pericyte,Glutathione,0.12169307,0.043024996538864727,0.4828408039716671,0.6681630132484446,0.0,0.005994005994005994,0.010452557005148853,False
5803,Muscularis_mucosa,Pericyte,Glycerol,0.0,0.0,0.5,0.6681630132484446,0.0,0.000999000999000999,0.002206206795116929,False
5804,Muscularis_mucosa,Pericyte,Glycochenodeoxycholate-3-sulfate,0.12169307,0.043024996538864727,0.4828408039716671,0.6681630132484446,0.0,0.005994005994005994,0.010452557005148853,False
5805,Muscularis_mucosa,Pericyte,Glycyl-glycine,0.0,0.0,0.5,0.6681630132484446,0.0,0.000999000999000999,0.002206206795116929,False
5806,Muscularis_mucosa,Pericyte,Histamine,0.0,0.0,0.5,0.6681630132484446,0.0,0.000999000999000999,0.002206206795116929,False
5807,Muscularis_mucosa,Pericyte,Hydroxylansoprazole,0.0,0.0,0.5,0.6681630132484446,0.0,0.000999000999000999,0.002206206795116929,False
5808,Muscularis_mucosa,Pericyte,Hyodeoxycholic acid,0.12169307,0.043024996538864727,0.4828408039716671,0.6681630132484446,0.0,0.005994005994005994,0.010452557005148853,False
5809,Muscularis_mucosa,Pericyte,Iron,0.008774399,0.00219359970651567,0.49912488103262265,0.6681630132484446,0.0,0.025974025974025976,0.036297640653357534,False
5810,Muscularis_mucosa,Pericyte,Isoursodeoxycholic acid,0.12169307,0.043024996538864727,0.4828408039716671,0.6681630132484446,0.0,0.005994005994005994,0.010452557005148853,False
5811,Muscularis_mucosa,Pericyte,Ketone bodies,0.0,0.0,0.5,0.6681630132484446,0.0,0.000999000999000999,0.002206206795116929,False
5812,Muscularis_mucosa,Pericyte,L-Arginine,0.0,0.0,0.5,0.6681630132484446,0.0,0.000999000999000999,0.002206206795116929,False
5813,Muscularis_mucosa,Pericyte,L-Carnitine,0.0,0.0,0.5,0.6681630132484446,0.0,0.000999000999000999,0.002206206795116929,False
5814,Muscularis_mucosa,Pericyte,L-Cystine,0.0,0.0,0.5,0.6681630132484446,0.0,0.000999000999000999,0.002206206795116929,False
5815,Muscularis_mucosa,Pericyte,L-Dopa,0.0,0.0,0.5,0.6681630132484446,0.0,0.000999000999000999,0.002206206795116929,False
5816,Muscularis_mucosa,Pericyte,L-Glutamate,0.0,0.0,0.5,0.6681630132484446,0.0,0.000999000999000999,0.002206206795116929,False
5817,Muscularis_mucosa,Pericyte,L-Lactate,0.0,0.0,0.5,0.6681630132484446,0.0,0.000999000999000999,0.002206206795116929,False
5818,Muscularis_mucosa,Pericyte,L-Lysine,0.0,0.0,0.5,0.6681630132484446,0.0,0.000999000999000999,0.002206206795116929,False
5819,Muscularis_mucosa,Pericyte,L-Ornithine,0.0,0.0,0.5,0.6681630132484446,0.0,0.000999000999000999,0.002206206795116929,False
5820,Muscularis_mucosa,Pericyte,Lithocholic acid,0.12169307,0.043024996538864727,0.4828408039716671,0.6681630132484446,0.0,0.005994005994005994,0.010452557005148853,False
5821,Muscularis_mucosa,Pericyte,Manganese,0.0,0.0,0.5,0.6681630132484446,0.0,0.000999000999000999,0.002206206795116929,False
5822,Muscularis_mucosa,Pericyte,N-Desmethylcitalopram,0.0,0.0,0.5,0.6681630132484446,0.0,0.000999000999000999,0.002206206795116929,False
5823,Muscularis_mucosa,Pericyte,N-Desmethyleletriptan,0.0,0.0,0.5,0.6681630132484446,0.0,0.000999000999000999,0.002206206795116929,False
5824,Muscularis_mucosa,Pericyte,N-Desmethyltamoxifen,0.0,0.0,0.5,0.6681630132484446,0.0,0.000999000999000999,0.002206206795116929,False
5825,Muscularis_mucosa,Pericyte,N-desmethylimatinib,0.0,0.0,0.5,0.6681630132484446,0.0,0.000999000999000999,0.002206206795116929,False
5826,Muscularis_mucosa,Pericyte,Neurotransmitter,0.0,0.0,0.5,0.6681630132484446,0.0,0.000999000999000999,0.002206206795116929,False
5827,Muscularis_mucosa,Pericyte,Nicotinate,0.27263084,0.04310672082561777,0.48280823091846736,0.6681630132484446,0.0,0.008991008991008992,0.014633088846334503,False
5828,Muscularis_mucosa,Pericyte,Norepinephrine,0.0,0.0,0.5,0.6681630132484446,0.0,0.000999000999000999,0.002206206795116929,False
5829,Muscularis_mucosa,Pericyte,O-Deethylated candesartan,0.0,0.0,0.5,0.6681630132484446,0.0,0.000999000999000999,0.002206206795116929,False
5830,Muscularis_mucosa,Pericyte,O-Desmethylverapamil (D-702),-0.5555493,-0.0507144827199825,0.520223482020719,0.6681630132484446,0.0,0.008991008991008992,0.014633088846334503,False
5831,Muscularis_mucosa,Pericyte,Oxalic acid,0.13631542,0.048194779026593595,0.48078050554381313,0.6681630132484446,0.0,0.003996003996003996,0.007468259895444362,False
5832,Muscularis_mucosa,Pericyte,Phosphate,0.0,0.0,0.5,0.6681630132484446,0.0,0.000999000999000999,0.002206206795116929,False
5833,Muscularis_mucosa,Pericyte,Progesterone,0.0,0.0,0.5,0.6681630132484446,0.0,0.000999000999000999,0.002206206795116929,False
5834,Muscularis_mucosa,Pericyte,Pyruvate,0.0,0.0,0.5,0.6681630132484446,0.0,0.000999000999000999,0.002206206795116929,False
5835,Muscularis_mucosa,Pericyte,Sodium,-0.100829214,-0.012603651732206345,0.5050279964451666,0.6681630132484446,0.0,0.08491508491508491,0.10177473857861266,False
5836,Muscularis_mucosa,Pericyte,Sodium_hydrogen exchange,0.21077858,0.04302499729522753,0.4828408036702012,0.6681630132484446,0.0,0.003996003996003996,0.007468259895444362,False
5837,Muscularis_mucosa,Pericyte,Sulfolithocholic acid,0.12169307,0.043024996538864727,0.4828408039716671,0.6681630132484446,0.0,0.005994005994005994,0.010452557005148853,False
5838,Muscularis_mucosa,Pericyte,Taurocholic acid,0.3943239,0.03866663820266346,0.4845780861824869,0.6681630132484446,0.0,0.013986013986013986,0.02125506072874494,False
5839,Muscularis_mucosa,Pericyte,Testosterone,0.0,0.0,0.5,0.6681630132484446,0.0,0.000999000999000999,0.002206206795116929,False
5840,Muscularis_mucosa,Pericyte,Trihydroxycoprostanoic acid,0.12169307,0.043024996538864727,0.4828408039716671,0.6681630132484446,0.0,0.005994005994005994,0.010452557005148853,False
5841,Muscularis_mucosa,Pericyte,Urea,0.0,0.0,0.5,0.6681630132484446,0.0,0.000999000999000999,0.002206206795116929,False
5842,Muscularis_mucosa,Pericyte,Ursocholic acid,0.12169307,0.043024996538864727,0.4828408039716671,0.6681630132484446,0.0,0.005994005994005994,0.010452557005148853,False
5843,Muscularis_mucosa,Pericyte,Ursodeoxycholic acid,0.12169307,0.043024996538864727,0.4828408039716671,0.6681630132484446,0.0,0.005994005994005994,0.010452557005148853,False
5844,Muscularis_mucosa,Pericyte,Ursodeoxycholic acid 3-sulfate,0.12169307,0.043024996538864727,0.4828408039716671,0.6681630132484446,0.0,0.005994005994005994,0.010452557005148853,False
5845,Muscularis_mucosa,Pericyte,Varanic acid,0.12169307,0.043024996538864727,0.4828408039716671,0.6681630132484446,0.0,0.005994005994005994,0.010452557005148853,False
5846,Muscularis_mucosa,Pericyte,Vitamin D3,-1.0227654,-0.3616021742533992,0.6411753301734175,0.6954455921949484,0.0,0.012987012987012988,0.019964507542147295,False
5847,Muscularis_mucosa,Pericyte,Water,0.0,0.0,0.5,0.6681630132484446,0.0,0.000999000999000999,0.002206206795116929,False
5848,Muscularis_mucosa,Pericyte,Zinc,0.0,0.0,0.5,0.6681630132484446,0.0,0.000999000999000999,0.002206206795116929,False
5849,Muscularis_mucosa,Pericyte,alpha-Ketoisovaleric acid,0.0,0.0,0.5,0.6681630132484446,0.0,0.000999000999000999,0.002206206795116929,False
5850,Muscularis_mucosa,Plasma,"(3a,5b,7a)-23-Carboxy-7-hydroxy-24-norcholan-3-yl-b-D-Glucopyranosiduronic acid",-6.7576485,-0.7803060324197622,0.7823946185444106,0.7904934693851532,0.0,0.002997002997002997,0.005910424237117464,False
5851,Muscularis_mucosa,Plasma,17a-Ethynylestradiol,0.0,0.0,0.5,0.6681630132484446,0.0,0.000999000999000999,0.002206206795116929,False
5852,Muscularis_mucosa,Plasma,"1b,3a,12a-Trihydroxy-5b-cholanoic acid",-6.7576485,-0.7803060324197622,0.7823946185444106,0.7904934693851532,0.0,0.002997002997002997,0.005910424237117464,False
5853,Muscularis_mucosa,Plasma,2-Hydroxychlorpropamide,0.0,0.0,0.5,0.6681630132484446,0.0,0.000999000999000999,0.002206206795116929,False
5854,Muscularis_mucosa,Plasma,25-Hydroxycholesterol,0.49127626,0.05672769667539184,0.4773810553894777,0.6681630132484446,0.0,0.01098901098901099,0.017442475069593715,False
5855,Muscularis_mucosa,Plasma,"3',4'-Dihydrodiol",0.0,0.0,0.5,0.6681630132484446,0.0,0.000999000999000999,0.002206206795116929,False
5856,Muscularis_mucosa,Plasma,3-Sulfodeoxycholic acid,-6.7576485,-0.7803060324197622,0.7823946185444106,0.7904934693851532,0.0,0.002997002997002997,0.005910424237117464,False
5857,Muscularis_mucosa,Plasma,"3alpha,7alpha-Dihydroxycoprostanic acid",-6.7576485,-0.7803060324197622,0.7823946185444106,0.7904934693851532,0.0,0.002997002997002997,0.005910424237117464,False
5858,Muscularis_mucosa,Plasma,3b-Hydroxy-5-cholenoic acid,-6.7576485,-0.7803060324197622,0.7823946185444106,0.7904934693851532,0.0,0.002997002997002997,0.005910424237117464,False
5859,Muscularis_mucosa,Plasma,4'-Hydroxydiclofenac,0.0,0.0,0.5,0.6681630132484446,0.0,0.000999000999000999,0.002206206795116929,False
5860,Muscularis_mucosa,Plasma,4-Hydroxycyclophosphamide,0.0,0.0,0.5,0.6681630132484446,0.0,0.000999000999000999,0.002206206795116929,False
5861,Muscularis_mucosa,Plasma,4-ene-Valproic acid,-6.789403,-0.45262686411539715,0.6745912744329043,0.7177825167848959,0.0,0.01998001998001998,0.02902757619738752,False
5862,Muscularis_mucosa,Plasma,5-Hydroxyomeprazole,-6.302815,-0.29711754660794953,0.6168116156565996,0.6849804404826654,0.0,0.012987012987012988,0.019964507542147295,False
5863,Muscularis_mucosa,Plasma,8-Hydroxycarvedilol,0.0,0.0,0.5,0.6681630132484446,0.0,0.000999000999000999,0.002206206795116929,False
5864,Muscularis_mucosa,Plasma,Acetate,-3.3460917,-0.22307278315226237,0.5882605697245156,0.6770266346377942,0.0,0.023976023976023976,0.033736821554080434,False
5865,Muscularis_mucosa,Plasma,Acetyl-L-Carnitine,0.0,0.0,0.5,0.6681630132484446,0.0,0.000999000999000999,0.002206206795116929,False
5866,Muscularis_mucosa,Plasma,Adenosine diphosphate ribose,-1.8022969,-0.2081113174084159,0.582428974696522,0.673828513296644,0.0,0.4975024975024975,0.5131258085566762,False
5867,Muscularis_mucosa,Plasma,Adenosine triphosphate,-2.0394464,-0.23549498028581958,0.5930877127652929,0.6770266346377942,0.0,0.06893106893106893,0.08454731109598367,False
5868,Muscularis_mucosa,Plasma,Amiloride-sensitive sodium transport,0.0,0.0,0.5,0.6681630132484446,0.0,0.000999000999000999,0.002206206795116929,False
5869,Muscularis_mucosa,Plasma,Anion exchange,0.9680688,0.06453791856765748,0.4742709576892471,0.6681630132484446,0.0,0.03896103896103896,0.05170432784373803,False
5870,Muscularis_mucosa,Plasma,Butyrate,-1.4777315,-0.17063373197088744,0.5677441136965078,0.6681630132484446,0.0,0.005994005994005994,0.010452557005148853,False
5871,Muscularis_mucosa,Plasma,Cadmium,1.2456126,0.14383095644356142,0.44281697866069536,0.6681630132484446,0.0,0.06793206793206794,0.08346972176759411,False
5872,Muscularis_mucosa,Plasma,Chenodeoxycholic acid,-6.7576485,-0.7803060324197622,0.7823946185444106,0.7904934693851532,0.0,0.002997002997002997,0.005910424237117464,False
5873,Muscularis_mucosa,Plasma,Chenodeoxycholic acid 3-sulfate,-6.7576485,-0.7803060324197622,0.7823946185444106,0.7904934693851532,0.0,0.002997002997002997,0.005910424237117464,False
5874,Muscularis_mucosa,Plasma,Chloride,0.44500503,0.05138475470757573,0.4795094663526226,0.6681630132484446,0.0,0.060939060939060936,0.07638048332568137,False
5875,Muscularis_mucosa,Plasma,Chloride ion,-0.05514996,-0.006368168996191325,0.5025405146901513,0.6681630132484446,0.0,0.08391608391608392,0.10068186660984445,False
5876,Muscularis_mucosa,Plasma,Cholesterol,-0.62859964,-0.036292217350689826,0.5144753222460777,0.6681630132484446,0.0,0.006993006993006993,0.011945165999886237,False
5877,Muscularis_mucosa,Plasma,Cholic acid,-6.7576485,-0.4505098978678385,0.6738285905446963,0.7170811014242545,0.0,0.002997002997002997,0.005910424237117464,False
5878,Muscularis_mucosa,Plasma,Choline,0.0,0.0,0.5,0.6681630132484446,0.0,0.000999000999000999,0.002206206795116929,False
5879,Muscularis_mucosa,Plasma,Citric acid,-0.17028083,-0.019662336500510205,0.5078436319571512,0.6681630132484446,0.0,0.011988011988011988,0.01879993733354222,False
5880,Muscularis_mucosa,Plasma,Coprocholic acid,-6.7576485,-0.7803060324197622,0.7823946185444106,0.7904934693851532,0.0,0.002997002997002997,0.005910424237117464,False
5881,Muscularis_mucosa,Plasma,Cortisol,0.0,0.0,0.5,0.6681630132484446,0.0,0.000999000999000999,0.002206206795116929,False
5882,Muscularis_mucosa,Plasma,Creatine,0.0,0.0,0.5,0.6681630132484446,0.0,0.000999000999000999,0.002206206795116929,False
5883,Muscularis_mucosa,Plasma,D-Lactate,-1.4777315,-0.17063373197088744,0.5677441136965078,0.6681630132484446,0.0,0.005994005994005994,0.010452557005148853,False
5884,Muscularis_mucosa,Plasma,Deoxycholic acid,-6.7576485,-0.7803060324197622,0.7823946185444106,0.7904934693851532,0.0,0.002997002997002997,0.005910424237117464,False
5885,Muscularis_mucosa,Plasma,Dopamine,0.0,0.0,0.5,0.6681630132484446,0.0,0.000999000999000999,0.002206206795116929,False
5886,Muscularis_mucosa,Plasma,E-3179,0.0,0.0,0.5,0.6681630132484446,0.0,0.000999000999000999,0.002206206795116929,False
5887,Muscularis_mucosa,Plasma,Estradiol,-0.17028083,-0.008793264202323231,0.5035079596662076,0.6681630132484446,0.0,0.011988011988011988,0.01879993733354222,False
5888,Muscularis_mucosa,Plasma,Estriol,0.0,0.0,0.5,0.6681630132484446,0.0,0.000999000999000999,0.002206206795116929,False
5889,Muscularis_mucosa,Plasma,Fatty acid,-1.4327513,-0.07398695888293726,0.5294896189388,0.6681630132484446,0.0,0.4025974025974026,0.4182281517013941,False
5890,Muscularis_mucosa,Plasma,Folic acid,-6.302815,-0.42018766403198243,0.6628258171159099,0.7074361485620292,0.0,0.012987012987012988,0.019964507542147295,False
5891,Muscularis_mucosa,Plasma,Folinic acid,-6.7576485,-0.7803060324197622,0.7823946185444106,0.7904934693851532,0.0,0.002997002997002997,0.005910424237117464,False
5892,Muscularis_mucosa,Plasma,Glutathione,-6.7576485,-0.7803060324197622,0.7823946185444106,0.7904934693851532,0.0,0.002997002997002997,0.005910424237117464,False
5893,Muscularis_mucosa,Plasma,Glycerol,0.0,0.0,0.5,0.6681630132484446,0.0,0.000999000999000999,0.002206206795116929,False
5894,Muscularis_mucosa,Plasma,Glycochenodeoxycholate-3-sulfate,-6.7576485,-0.7803060324197622,0.7823946185444106,0.7904934693851532,0.0,0.002997002997002997,0.005910424237117464,False
5895,Muscularis_mucosa,Plasma,Glycyl-glycine,0.0,0.0,0.5,0.6681630132484446,0.0,0.000999000999000999,0.002206206795116929,False
5896,Muscularis_mucosa,Plasma,Histamine,0.0,0.0,0.5,0.6681630132484446,0.0,0.000999000999000999,0.002206206795116929,False
5897,Muscularis_mucosa,Plasma,Hydroxylansoprazole,0.0,0.0,0.5,0.6681630132484446,0.0,0.000999000999000999,0.002206206795116929,False
5898,Muscularis_mucosa,Plasma,Hyodeoxycholic acid,-6.7576485,-0.7803060324197622,0.7823946185444106,0.7904934693851532,0.0,0.002997002997002997,0.005910424237117464,False
5899,Muscularis_mucosa,Plasma,Iron,-5.550551,-0.4532005862858522,0.6747978448361689,0.7178920885346408,0.0,0.17782217782217782,0.19799288115483488,False
5900,Muscularis_mucosa,Plasma,Isoursodeoxycholic acid,-6.7576485,-0.7803060324197622,0.7823946185444106,0.7904934693851532,0.0,0.002997002997002997,0.005910424237117464,False
5901,Muscularis_mucosa,Plasma,Ketone bodies,-1.4777315,-0.17063373197088744,0.5677441136965078,0.6681630132484446,0.0,0.005994005994005994,0.010452557005148853,False
5902,Muscularis_mucosa,Plasma,L-Arginine,0.0,0.0,0.5,0.6681630132484446,0.0,0.000999000999000999,0.002206206795116929,False
5903,Muscularis_mucosa,Plasma,L-Carnitine,0.0,0.0,0.5,0.6681630132484446,0.0,0.000999000999000999,0.002206206795116929,False
5904,Muscularis_mucosa,Plasma,L-Cystine,0.0,0.0,0.5,0.6681630132484446,0.0,0.000999000999000999,0.002206206795116929,False
5905,Muscularis_mucosa,Plasma,L-Dopa,0.0,0.0,0.5,0.6681630132484446,0.0,0.000999000999000999,0.002206206795116929,False
5906,Muscularis_mucosa,Plasma,L-Glutamate,-2.2871184,-0.18674243822775258,0.5740687097733911,0.6699724080043112,0.0,0.006993006993006993,0.011945165999886237,False
5907,Muscularis_mucosa,Plasma,L-Lactate,-1.4777315,-0.17063373197088744,0.5677441136965078,0.6681630132484446,0.0,0.005994005994005994,0.010452557005148853,False
5908,Muscularis_mucosa,Plasma,L-Lysine,0.0,0.0,0.5,0.6681630132484446,0.0,0.000999000999000999,0.002206206795116929,False
5909,Muscularis_mucosa,Plasma,L-Ornithine,0.0,0.0,0.5,0.6681630132484446,0.0,0.000999000999000999,0.002206206795116929,False
5910,Muscularis_mucosa,Plasma,Lithocholic acid,-6.7576485,-0.7803060324197622,0.7823946185444106,0.7904934693851532,0.0,0.002997002997002997,0.005910424237117464,False
5911,Muscularis_mucosa,Plasma,Manganese,1.2456126,0.14383095644356142,0.44281697866069536,0.6681630132484446,0.0,0.06793206793206794,0.08346972176759411,False
5912,Muscularis_mucosa,Plasma,N-Desmethylcitalopram,0.0,0.0,0.5,0.6681630132484446,0.0,0.000999000999000999,0.002206206795116929,False
5913,Muscularis_mucosa,Plasma,N-Desmethyleletriptan,0.0,0.0,0.5,0.6681630132484446,0.0,0.000999000999000999,0.002206206795116929,False
5914,Muscularis_mucosa,Plasma,N-Desmethyltamoxifen,0.0,0.0,0.5,0.6681630132484446,0.0,0.000999000999000999,0.002206206795116929,False
5915,Muscularis_mucosa,Plasma,N-desmethylimatinib,0.0,0.0,0.5,0.6681630132484446,0.0,0.000999000999000999,0.002206206795116929,False
5916,Muscularis_mucosa,Plasma,Neurotransmitter,0.0,0.0,0.5,0.6681630132484446,0.0,0.000999000999000999,0.002206206795116929,False
5917,Muscularis_mucosa,Plasma,Nicotinate,-8.6577635,-0.44708498370478,0.6725931496395554,0.7160962554927207,0.0,0.03796203796203796,0.050494610955263544,False
5918,Muscularis_mucosa,Plasma,Norepinephrine,0.0,0.0,0.5,0.6681630132484446,0.0,0.000999000999000999,0.002206206795116929,False
5919,Muscularis_mucosa,Plasma,O-Deethylated candesartan,0.0,0.0,0.5,0.6681630132484446,0.0,0.000999000999000999,0.002206206795116929,False
5920,Muscularis_mucosa,Plasma,O-Desmethylverapamil (D-702),-18.368315,-0.5476373386340464,0.7080295270892908,0.7361807385939663,0.0,0.061938061938061936,0.07750645887157263,False
5921,Muscularis_mucosa,Plasma,Oxalic acid,-0.17028083,-0.019662336500510205,0.5078436319571512,0.6681630132484446,0.0,0.011988011988011988,0.01879993733354222,False
5922,Muscularis_mucosa,Plasma,Phosphate,0.0,0.0,0.5,0.6681630132484446,0.0,0.000999000999000999,0.002206206795116929,False
5923,Muscularis_mucosa,Plasma,Progesterone,0.0,0.0,0.5,0.6681630132484446,0.0,0.000999000999000999,0.002206206795116929,False
5924,Muscularis_mucosa,Plasma,Pyruvate,-1.4777315,-0.17063373197088744,0.5677441136965078,0.6681630132484446,0.0,0.005994005994005994,0.010452557005148853,False
5925,Muscularis_mucosa,Plasma,Sodium,-5.907919,-0.24118978033935223,0.5952959843790105,0.6770266346377942,0.0,0.5474525474525475,0.5614690178845869,False
5926,Muscularis_mucosa,Plasma,Sodium_hydrogen exchange,0.035760418,0.00238402783870697,0.49904891139841856,0.6681630132484446,0.0,0.004995004995004995,0.008926091958582932,False
5927,Muscularis_mucosa,Plasma,Sulfolithocholic acid,-6.7576485,-0.7803060324197622,0.7823946185444106,0.7904934693851532,0.0,0.002997002997002997,0.005910424237117464,False
5928,Muscularis_mucosa,Plasma,Taurocholic acid,-8.929751,-0.2859809210017149,0.6125536327959722,0.6846682433610985,0.0,0.05194805194805195,0.06654343807763402,False
5929,Muscularis_mucosa,Plasma,Testosterone,0.0,0.0,0.5,0.6681630132484446,0.0,0.000999000999000999,0.002206206795116929,False
5930,Muscularis_mucosa,Plasma,Trihydroxycoprostanoic acid,-6.7576485,-0.7803060324197622,0.7823946185444106,0.7904934693851532,0.0,0.002997002997002997,0.005910424237117464,False
5931,Muscularis_mucosa,Plasma,Urea,0.020718861,0.0023924080380020663,0.49904556819213575,0.6681630132484446,0.0,0.003996003996003996,0.007468259895444362,False
5932,Muscularis_mucosa,Plasma,Ursocholic acid,-6.7576485,-0.7803060324197622,0.7823946185444106,0.7904934693851532,0.0,0.002997002997002997,0.005910424237117464,False
5933,Muscularis_mucosa,Plasma,Ursodeoxycholic acid,-6.7576485,-0.7803060324197622,0.7823946185444106,0.7904934693851532,0.0,0.002997002997002997,0.005910424237117464,False
5934,Muscularis_mucosa,Plasma,Ursodeoxycholic acid 3-sulfate,-6.7576485,-0.7803060324197622,0.7823946185444106,0.7904934693851532,0.0,0.002997002997002997,0.005910424237117464,False
5935,Muscularis_mucosa,Plasma,Varanic acid,-6.7576485,-0.7803060324197622,0.7823946185444106,0.7904934693851532,0.0,0.002997002997002997,0.005910424237117464,False
5936,Muscularis_mucosa,Plasma,Vitamin D3,-0.62859964,-0.07258443470137965,0.5289315933231015,0.6681630132484446,0.0,0.006993006993006993,0.011945165999886237,False
5937,Muscularis_mucosa,Plasma,Water,0.8629759,0.04982393655161286,0.48013134587954787,0.6681630132484446,0.0,0.012987012987012988,0.019964507542147295,False
5938,Muscularis_mucosa,Plasma,Zinc,1.2456126,0.14383095644356142,0.44281697866069536,0.6681630132484446,0.0,0.06793206793206794,0.08346972176759411,False
5939,Muscularis_mucosa,Plasma,alpha-Ketoisovaleric acid,-1.4777315,-0.17063373197088744,0.5677441136965078,0.6681630132484446,0.0,0.005994005994005994,0.010452557005148853,False
5940,Muscularis_mucosa,T,"(3a,5b,7a)-23-Carboxy-7-hydroxy-24-norcholan-3-yl-b-D-Glucopyranosiduronic acid",-0.4733628,-0.08642382844615683,0.534435247283511,0.6681630132484446,0.0,0.017982017982017984,0.02639038217183071,False
5941,Muscularis_mucosa,T,17a-Ethynylestradiol,0.0,0.0,0.5,0.6681630132484446,0.0,0.000999000999000999,0.002206206795116929,False
5942,Muscularis_mucosa,T,"1b,3a,12a-Trihydroxy-5b-cholanoic acid",-0.4733628,-0.08642382844615683,0.534435247283511,0.6681630132484446,0.0,0.017982017982017984,0.02639038217183071,False
5943,Muscularis_mucosa,T,2-Hydroxychlorpropamide,0.0,0.0,0.5,0.6681630132484446,0.0,0.000999000999000999,0.002206206795116929,False
5944,Muscularis_mucosa,T,25-Hydroxycholesterol,0.30234542,0.05520046979034024,0.47798937733471286,0.6681630132484446,0.0,0.011988011988011988,0.01879993733354222,False
5945,Muscularis_mucosa,T,"3',4'-Dihydrodiol",0.0,0.0,0.5,0.6681630132484446,0.0,0.000999000999000999,0.002206206795116929,False
5946,Muscularis_mucosa,T,3-Sulfodeoxycholic acid,-0.4733628,-0.08642382844615683,0.534435247283511,0.6681630132484446,0.0,0.017982017982017984,0.02639038217183071,False
5947,Muscularis_mucosa,T,"3alpha,7alpha-Dihydroxycoprostanic acid",-0.4733628,-0.08642382844615683,0.534435247283511,0.6681630132484446,0.0,0.017982017982017984,0.02639038217183071,False
5948,Muscularis_mucosa,T,3b-Hydroxy-5-cholenoic acid,-0.4733628,-0.08642382844615683,0.534435247283511,0.6681630132484446,0.0,0.017982017982017984,0.02639038217183071,False
5949,Muscularis_mucosa,T,4'-Hydroxydiclofenac,0.0,0.0,0.5,0.6681630132484446,0.0,0.000999000999000999,0.002206206795116929,False
5950,Muscularis_mucosa,T,4-Hydroxycyclophosphamide,0.0,0.0,0.5,0.6681630132484446,0.0,0.000999000999000999,0.002206206795116929,False
5951,Muscularis_mucosa,T,4-ene-Valproic acid,-2.3196273,-0.24451018477613704,0.59658214249664,0.6770266346377942,0.0,0.02097902097902098,0.030000952411187658,False
5952,Muscularis_mucosa,T,5-Hydroxyomeprazole,-0.6230438,-0.04643894117022882,0.5185198002935785,0.6681630132484446,0.0,0.02197802197802198,0.03133903133903134,False
5953,Muscularis_mucosa,T,8-Hydroxycarvedilol,0.0,0.0,0.5,0.6681630132484446,0.0,0.000999000999000999,0.002206206795116929,False
5954,Muscularis_mucosa,T,Acetate,-2.367951,-0.24960394276533354,0.5985531753999433,0.6771138722813616,0.0,0.013986013986013986,0.02125506072874494,False
5955,Muscularis_mucosa,T,Acetyl-L-Carnitine,0.0,0.0,0.5,0.6681630132484446,0.0,0.000999000999000999,0.002206206795116929,False
5956,Muscularis_mucosa,T,Adenosine diphosphate ribose,-4.381833,-0.8000096064029134,0.7881473842996862,0.7961897045476422,0.0,0.04595404595404595,0.06003045022837671,False
5957,Muscularis_mucosa,T,Adenosine triphosphate,-0.7594638,-0.13865848259713023,0.5551399864090464,0.6681630132484446,0.0,0.053946053946053944,0.06874699408719269,False
5958,Muscularis_mucosa,T,Amiloride-sensitive sodium transport,0.0,0.0,0.5,0.6681630132484446,0.0,0.000999000999000999,0.002206206795116929,False
5959,Muscularis_mucosa,T,Anion exchange,-0.8129869,-0.085696344819584,0.5341460960738753,0.6681630132484446,0.0,0.04195804195804196,0.05534244970864689,False
5960,Muscularis_mucosa,T,Butyrate,-1.5692172,-0.28649855360992804,0.6127518494417276,0.6846682433610985,0.0,0.004995004995004995,0.008926091958582932,False
5961,Muscularis_mucosa,T,Cadmium,0.4532381,0.08274957706287026,0.4670253316104685,0.6681630132484446,0.0,0.016983016983016984,0.025342874180083484,False
5962,Muscularis_mucosa,T,Chenodeoxycholic acid,-0.4733628,-0.08642382844615683,0.534435247283511,0.6681630132484446,0.0,0.017982017982017984,0.02639038217183071,False
5963,Muscularis_mucosa,T,Chenodeoxycholic acid 3-sulfate,-0.4733628,-0.08642382844615683,0.534435247283511,0.6681630132484446,0.0,0.017982017982017984,0.02639038217183071,False
5964,Muscularis_mucosa,T,Chloride,0.13205856,0.02411048422941582,0.49038224027434757,0.6681630132484446,0.0,0.026973026973026972,0.03751968625513386,False
5965,Muscularis_mucosa,T,Chloride ion,-0.16011032,-0.029232012161502112,0.5116602249379453,0.6681630132484446,0.0,0.14885114885114886,0.16857958188240915,False
5966,Muscularis_mucosa,T,Cholesterol,0.20503418,0.018716974375635922,0.49253344351664197,0.6681630132484446,0.0,0.005994005994005994,0.010452557005148853,False
5967,Muscularis_mucosa,T,Cholic acid,-0.4733628,-0.049896820617786684,0.5198976945354966,0.6681630132484446,0.0,0.017982017982017984,0.02639038217183071,False
5968,Muscularis_mucosa,T,Choline,0.0,0.0,0.5,0.6681630132484446,0.0,0.000999000999000999,0.002206206795116929,False
5969,Muscularis_mucosa,T,Citric acid,-0.3993669,-0.07291408395570662,0.5290627567997389,0.6681630132484446,0.0,0.006993006993006993,0.011945165999886237,False
5970,Muscularis_mucosa,T,Coprocholic acid,-0.4733628,-0.08642382844615683,0.534435247283511,0.6681630132484446,0.0,0.017982017982017984,0.02639038217183071,False
5971,Muscularis_mucosa,T,Cortisol,0.0,0.0,0.5,0.6681630132484446,0.0,0.000999000999000999,0.002206206795116929,False
5972,Muscularis_mucosa,T,Creatine,0.0,0.0,0.5,0.6681630132484446,0.0,0.000999000999000999,0.002206206795116929,False
5973,Muscularis_mucosa,T,D-Lactate,-1.5692172,-0.28649855360992804,0.6127518494417276,0.6846682433610985,0.0,0.004995004995004995,0.008926091958582932,False
5974,Muscularis_mucosa,T,Deoxycholic acid,-0.4733628,-0.08642382844615683,0.534435247283511,0.6681630132484446,0.0,0.017982017982017984,0.02639038217183071,False
5975,Muscularis_mucosa,T,Dopamine,0.0,0.0,0.5,0.6681630132484446,0.0,0.000999000999000999,0.002206206795116929,False
5976,Muscularis_mucosa,T,E-3179,0.0,0.0,0.5,0.6681630132484446,0.0,0.000999000999000999,0.002206206795116929,False
5977,Muscularis_mucosa,T,Estradiol,-0.3993669,-0.032608169648417354,0.5130064725704707,0.6681630132484446,0.0,0.006993006993006993,0.011945165999886237,False
5978,Muscularis_mucosa,T,Estriol,0.0,0.0,0.5,0.6681630132484446,0.0,0.000999000999000999,0.002206206795116929,False
5979,Muscularis_mucosa,T,Fatty acid,-1.3030865,-0.10639656876135599,0.542366142320909,0.6681630132484446,0.0,0.34865134865134867,0.364812599449471,False
5980,Muscularis_mucosa,T,Folic acid,-0.6230438,-0.06567458042518388,0.5261815447039746,0.6681630132484446,0.0,0.02197802197802198,0.03133903133903134,False
5981,Muscularis_mucosa,T,Folinic acid,-0.4733628,-0.08642382844615683,0.534435247283511,0.6681630132484446,0.0,0.017982017982017984,0.02639038217183071,False
5982,Muscularis_mucosa,T,Glutathione,-0.4733628,-0.08642382844615683,0.534435247283511,0.6681630132484446,0.0,0.017982017982017984,0.02639038217183071,False
5983,Muscularis_mucosa,T,Glycerol,0.0,0.0,0.5,0.6681630132484446,0.0,0.000999000999000999,0.002206206795116929,False
5984,Muscularis_mucosa,T,Glycochenodeoxycholate-3-sulfate,-0.4733628,-0.08642382844615683,0.534435247283511,0.6681630132484446,0.0,0.017982017982017984,0.02639038217183071,False
5985,Muscularis_mucosa,T,Glycyl-glycine,0.0,0.0,0.5,0.6681630132484446,0.0,0.000999000999000999,0.002206206795116929,False
5986,Muscularis_mucosa,T,Histamine,0.0,0.0,0.5,0.6681630132484446,0.0,0.000999000999000999,0.002206206795116929,False
5987,Muscularis_mucosa,T,Hydroxylansoprazole,0.0,0.0,0.5,0.6681630132484446,0.0,0.000999000999000999,0.002206206795116929,False
5988,Muscularis_mucosa,T,Hyodeoxycholic acid,-0.4733628,-0.08642382844615683,0.534435247283511,0.6681630132484446,0.0,0.017982017982017984,0.02639038217183071,False
5989,Muscularis_mucosa,T,Iron,-3.1645632,-0.40854334967835354,0.6585625942174518,0.7044571251593916,0.0,0.06593406593406594,0.08144796380090498,False
5990,Muscularis_mucosa,T,Isoursodeoxycholic acid,-0.4733628,-0.08642382844615683,0.534435247283511,0.6681630132484446,0.0,0.017982017982017984,0.02639038217183071,False
5991,Muscularis_mucosa,T,Ketone bodies,-1.5692172,-0.28649855360992804,0.6127518494417276,0.6846682433610985,0.0,0.004995004995004995,0.008926091958582932,False
5992,Muscularis_mucosa,T,L-Arginine,0.0,0.0,0.5,0.6681630132484446,0.0,0.000999000999000999,0.002206206795116929,False
5993,Muscularis_mucosa,T,L-Carnitine,0.0,0.0,0.5,0.6681630132484446,0.0,0.000999000999000999,0.002206206795116929,False
5994,Muscularis_mucosa,T,L-Cystine,0.0,0.0,0.5,0.6681630132484446,0.0,0.000999000999000999,0.002206206795116929,False
5995,Muscularis_mucosa,T,L-Dopa,0.0,0.0,0.5,0.6681630132484446,0.0,0.000999000999000999,0.002206206795116929,False
5996,Muscularis_mucosa,T,L-Glutamate,-1.5692172,-0.20258507005771775,0.5802703198004905,0.6730454574561929,0.0,0.004995004995004995,0.008926091958582932,False
5997,Muscularis_mucosa,T,L-Lactate,-1.5692172,-0.28649855360992804,0.6127518494417276,0.6846682433610985,0.0,0.004995004995004995,0.008926091958582932,False
5998,Muscularis_mucosa,T,L-Lysine,0.0,0.0,0.5,0.6681630132484446,0.0,0.000999000999000999,0.002206206795116929,False
5999,Muscularis_mucosa,T,L-Ornithine,0.0,0.0,0.5,0.6681630132484446,0.0,0.000999000999000999,0.002206206795116929,False
6000,Muscularis_mucosa,T,Lithocholic acid,-0.4733628,-0.08642382844615683,0.534435247283511,0.6681630132484446,0.0,0.017982017982017984,0.02639038217183071,False
6001,Muscularis_mucosa,T,Manganese,0.4532381,0.08274957706287026,0.4670253316104685,0.6681630132484446,0.0,0.016983016983016984,0.025342874180083484,False
6002,Muscularis_mucosa,T,N-Desmethylcitalopram,0.0,0.0,0.5,0.6681630132484446,0.0,0.000999000999000999,0.002206206795116929,False
6003,Muscularis_mucosa,T,N-Desmethyleletriptan,0.0,0.0,0.5,0.6681630132484446,0.0,0.000999000999000999,0.002206206795116929,False
6004,Muscularis_mucosa,T,N-Desmethyltamoxifen,0.0,0.0,0.5,0.6681630132484446,0.0,0.000999000999000999,0.002206206795116929,False
6005,Muscularis_mucosa,T,N-desmethylimatinib,0.0,0.0,0.5,0.6681630132484446,0.0,0.000999000999000999,0.002206206795116929,False
6006,Muscularis_mucosa,T,Neurotransmitter,0.0,0.0,0.5,0.6681630132484446,0.0,0.000999000999000999,0.002206206795116929,False
6007,Muscularis_mucosa,T,Nicotinate,-3.118361,-0.2546131091533512,0.6004890334113723,0.6784719525784709,0.0,0.029970029970029972,0.041029693341032736,False
6008,Muscularis_mucosa,T,Norepinephrine,0.0,0.0,0.5,0.6681630132484446,0.0,0.000999000999000999,0.002206206795116929,False
6009,Muscularis_mucosa,T,O-Deethylated candesartan,0.0,0.0,0.5,0.6681630132484446,0.0,0.000999000999000999,0.002206206795116929,False
6010,Muscularis_mucosa,T,O-Desmethylverapamil (D-702),-1.7393448,-0.08199350185661711,0.5326740595875444,0.6681630132484446,0.0,0.06793206793206794,0.08346972176759411,False
6011,Muscularis_mucosa,T,Oxalic acid,-0.3993669,-0.07291408395570662,0.5290627567997389,0.6681630132484446,0.0,0.006993006993006993,0.011945165999886237,False
6012,Muscularis_mucosa,T,Phosphate,0.0,0.0,0.5,0.6681630132484446,0.0,0.000999000999000999,0.002206206795116929,False
6013,Muscularis_mucosa,T,Progesterone,0.0,0.0,0.5,0.6681630132484446,0.0,0.000999000999000999,0.002206206795116929,False
6014,Muscularis_mucosa,T,Pyruvate,-1.5692172,-0.28649855360992804,0.6127518494417276,0.6846682433610985,0.0,0.004995004995004995,0.008926091958582932,False
6015,Muscularis_mucosa,T,Sodium,-10.502047,-0.6779041920853494,0.751083779080222,0.7656679301303234,0.0,0.3036963036963037,0.32259585907654575,False
6016,Muscularis_mucosa,T,Sodium_hydrogen exchange,0.6279463,0.06619135368845258,0.4736127402182894,0.6681630132484446,0.0,0.02197802197802198,0.03133903133903134,False
6017,Muscularis_mucosa,T,Sulfolithocholic acid,-0.4733628,-0.08642382844615683,0.534435247283511,0.6681630132484446,0.0,0.017982017982017984,0.02639038217183071,False
6018,Muscularis_mucosa,T,Taurocholic acid,26.30165,1.3318357728168722,0.09145708002491626,0.6681630132484446,23.030258,0.005994005994005994,0.010452557005148853,True
6019,Muscularis_mucosa,T,Testosterone,0.0,0.0,0.5,0.6681630132484446,0.0,0.000999000999000999,0.002206206795116929,False
6020,Muscularis_mucosa,T,Trihydroxycoprostanoic acid,-0.4733628,-0.08642382844615683,0.534435247283511,0.6681630132484446,0.0,0.017982017982017984,0.02639038217183071,False
6021,Muscularis_mucosa,T,Urea,-1.5550892,-0.28391915103681276,0.6117638301163102,0.6846682433610985,0.0,0.013986013986013986,0.02125506072874494,False
6022,Muscularis_mucosa,T,Ursocholic acid,-0.4733628,-0.08642382844615683,0.534435247283511,0.6681630132484446,0.0,0.017982017982017984,0.02639038217183071,False
6023,Muscularis_mucosa,T,Ursodeoxycholic acid,-0.4733628,-0.08642382844615683,0.534435247283511,0.6681630132484446,0.0,0.017982017982017984,0.02639038217183071,False
6024,Muscularis_mucosa,T,Ursodeoxycholic acid 3-sulfate,-0.4733628,-0.08642382844615683,0.534435247283511,0.6681630132484446,0.0,0.017982017982017984,0.02639038217183071,False
6025,Muscularis_mucosa,T,Varanic acid,-0.4733628,-0.08642382844615683,0.534435247283511,0.6681630132484446,0.0,0.017982017982017984,0.02639038217183071,False
6026,Muscularis_mucosa,T,Vitamin D3,0.20503418,0.037433948751271845,0.4850695022211947,0.6681630132484446,0.0,0.005994005994005994,0.010452557005148853,False
6027,Muscularis_mucosa,T,Water,0.44171596,0.040322965494267296,0.4839178224246647,0.6681630132484446,0.0,0.01098901098901099,0.017442475069593715,False
6028,Muscularis_mucosa,T,Zinc,0.4532381,0.08274957706287026,0.4670253316104685,0.6681630132484446,0.0,0.016983016983016984,0.025342874180083484,False
6029,Muscularis_mucosa,T,alpha-Ketoisovaleric acid,-1.5692172,-0.28649855360992804,0.6127518494417276,0.6846682433610985,0.0,0.004995004995004995,0.008926091958582932,False
6030,Myofibroblast,Myofibroblast,"(3a,5b,7a)-23-Carboxy-7-hydroxy-24-norcholan-3-yl-b-D-Glucopyranosiduronic acid",0.0,0.0,0.5,0.6681630132484446,0.0,0.000999000999000999,0.002206206795116929,False
6031,Myofibroblast,Myofibroblast,17a-Ethynylestradiol,0.0,0.0,0.5,0.6681630132484446,0.0,0.000999000999000999,0.002206206795116929,False
6032,Myofibroblast,Myofibroblast,"1b,3a,12a-Trihydroxy-5b-cholanoic acid",0.0,0.0,0.5,0.6681630132484446,0.0,0.000999000999000999,0.002206206795116929,False
6033,Myofibroblast,Myofibroblast,2-Hydroxychlorpropamide,0.0,0.0,0.5,0.6681630132484446,0.0,0.000999000999000999,0.002206206795116929,False
6034,Myofibroblast,Myofibroblast,25-Hydroxycholesterol,-3.098321,-0.5237118285404917,0.6997605063768377,0.7314004840531462,0.0,0.0959040959040959,0.11345431625390655,False
6035,Myofibroblast,Myofibroblast,"3',4'-Dihydrodiol",0.0,0.0,0.5,0.6681630132484446,0.0,0.000999000999000999,0.002206206795116929,False
6036,Myofibroblast,Myofibroblast,3-Sulfodeoxycholic acid,0.0,0.0,0.5,0.6681630132484446,0.0,0.000999000999000999,0.002206206795116929,False
6037,Myofibroblast,Myofibroblast,"3alpha,7alpha-Dihydroxycoprostanic acid",0.0,0.0,0.5,0.6681630132484446,0.0,0.000999000999000999,0.002206206795116929,False
6038,Myofibroblast,Myofibroblast,3b-Hydroxy-5-cholenoic acid,0.0,0.0,0.5,0.6681630132484446,0.0,0.000999000999000999,0.002206206795116929,False
6039,Myofibroblast,Myofibroblast,4'-Hydroxydiclofenac,0.0,0.0,0.5,0.6681630132484446,0.0,0.000999000999000999,0.002206206795116929,False
6040,Myofibroblast,Myofibroblast,4-Hydroxycyclophosphamide,0.0,0.0,0.5,0.6681630132484446,0.0,0.000999000999000999,0.002206206795116929,False
6041,Myofibroblast,Myofibroblast,4-ene-Valproic acid,-0.61871946,-0.06038083647629157,0.5240738394588444,0.6681630132484446,0.0,0.003996003996003996,0.007468259895444362,False
6042,Myofibroblast,Myofibroblast,5-Hydroxyomeprazole,0.0,0.0,0.5,0.6681630132484446,0.0,0.000999000999000999,0.002206206795116929,False
6043,Myofibroblast,Myofibroblast,8-Hydroxycarvedilol,0.0,0.0,0.5,0.6681630132484446,0.0,0.000999000999000999,0.002206206795116929,False
6044,Myofibroblast,Myofibroblast,Acetate,-1.9992205,-0.19510394224758493,0.5773442117910689,0.6718250615566072,0.0,0.06993006993006994,0.08563622276292361,False
6045,Myofibroblast,Myofibroblast,Acetyl-L-Carnitine,-0.61871946,-0.10458267658044512,0.541646519300097,0.6681630132484446,0.0,0.003996003996003996,0.007468259895444362,False
6046,Myofibroblast,Myofibroblast,Adenosine diphosphate ribose,0.19777712,0.03343043527305484,0.4866656696915349,0.6681630132484446,0.0,0.000999000999000999,0.002206206795116929,False
6047,Myofibroblast,Myofibroblast,Adenosine triphosphate,6.1066446,1.0322113383049527,0.1509865623187845,0.6681630132484446,22.563992,0.04195804195804196,0.05534244970864689,False
6048,Myofibroblast,Myofibroblast,Amiloride-sensitive sodium transport,0.0,0.0,0.5,0.6681630132484446,0.0,0.000999000999000999,0.002206206795116929,False
6049,Myofibroblast,Myofibroblast,Anion exchange,0.5933314,0.05790321532048257,0.47691286098309066,0.6681630132484446,0.0,0.013986013986013986,0.02125506072874494,False
6050,Myofibroblast,Myofibroblast,Butyrate,0.0,0.0,0.5,0.6681630132484446,0.0,0.000999000999000999,0.002206206795116929,False
6051,Myofibroblast,Myofibroblast,Cadmium,0.19777712,0.03343043527305484,0.4866656696915349,0.6681630132484446,0.0,0.002997002997002997,0.005910424237117464,False
6052,Myofibroblast,Myofibroblast,Chenodeoxycholic acid,0.0,0.0,0.5,0.6681630132484446,0.0,0.000999000999000999,0.002206206795116929,False
6053,Myofibroblast,Myofibroblast,Chenodeoxycholic acid 3-sulfate,0.0,0.0,0.5,0.6681630132484446,0.0,0.000999000999000999,0.002206206795116929,False
6054,Myofibroblast,Myofibroblast,Chloride,0.39555424,0.06686087054610967,0.4733462320400557,0.6681630132484446,0.0,0.006993006993006993,0.011945165999886237,False
6055,Myofibroblast,Myofibroblast,Chloride ion,0.49444282,0.08357609070139305,0.46669673863483596,0.6681630132484446,0.0,0.007992007992007992,0.01321828529465761,False
6056,Myofibroblast,Myofibroblast,Cholesterol,0.0,0.0,0.5,0.6681630132484446,0.0,0.000999000999000999,0.002206206795116929,False
6057,Myofibroblast,Myofibroblast,Cholic acid,0.0,0.0,0.5,0.6681630132484446,0.0,0.000999000999000999,0.002206206795116929,False
6058,Myofibroblast,Myofibroblast,Choline,-0.61871946,-0.10458267658044512,0.541646519300097,0.6681630132484446,0.0,0.003996003996003996,0.007468259895444362,False
6059,Myofibroblast,Myofibroblast,Citric acid,-1.9992205,-0.33792994072980104,0.6322920079884083,0.6897490887203356,0.0,0.06993006993006994,0.08563622276292361,False
6060,Myofibroblast,Myofibroblast,Coprocholic acid,0.0,0.0,0.5,0.6681630132484446,0.0,0.000999000999000999,0.002206206795116929,False
6061,Myofibroblast,Myofibroblast,Cortisol,0.0,0.0,0.5,0.6681630132484446,0.0,0.000999000999000999,0.002206206795116929,False
6062,Myofibroblast,Myofibroblast,Creatine,-0.61871946,-0.10458267658044512,0.541646519300097,0.6681630132484446,0.0,0.003996003996003996,0.007468259895444362,False
6063,Myofibroblast,Myofibroblast,D-Lactate,0.0,0.0,0.5,0.6681630132484446,0.0,0.000999000999000999,0.002206206795116929,False
6064,Myofibroblast,Myofibroblast,Deoxycholic acid,0.0,0.0,0.5,0.6681630132484446,0.0,0.000999000999000999,0.002206206795116929,False
6065,Myofibroblast,Myofibroblast,Dopamine,-0.61871946,-0.10458267658044512,0.541646519300097,0.6681630132484446,0.0,0.003996003996003996,0.007468259895444362,False
6066,Myofibroblast,Myofibroblast,E-3179,0.0,0.0,0.5,0.6681630132484446,0.0,0.000999000999000999,0.002206206795116929,False
6067,Myofibroblast,Myofibroblast,Estradiol,-1.9992205,-0.15112686382086202,0.5600621791954792,0.6681630132484446,0.0,0.06993006993006994,0.08563622276292361,False
6068,Myofibroblast,Myofibroblast,Estriol,0.0,0.0,0.5,0.6681630132484446,0.0,0.000999000999000999,0.002206206795116929,False
6069,Myofibroblast,Myofibroblast,Fatty acid,-2.0603523,-0.15574799617961174,0.5618841683564622,0.6681630132484446,0.0,0.1838161838161838,0.2041093020102794,False
6070,Myofibroblast,Myofibroblast,Folic acid,0.0,0.0,0.5,0.6681630132484446,0.0,0.000999000999000999,0.002206206795116929,False
6071,Myofibroblast,Myofibroblast,Folinic acid,0.0,0.0,0.5,0.6681630132484446,0.0,0.000999000999000999,0.002206206795116929,False
6072,Myofibroblast,Myofibroblast,Glutathione,0.0,0.0,0.5,0.6681630132484446,0.0,0.000999000999000999,0.002206206795116929,False
6073,Myofibroblast,Myofibroblast,Glycerol,0.0,0.0,0.5,0.6681630132484446,0.0,0.000999000999000999,0.002206206795116929,False
6074,Myofibroblast,Myofibroblast,Glycochenodeoxycholate-3-sulfate,0.0,0.0,0.5,0.6681630132484446,0.0,0.000999000999000999,0.002206206795116929,False
6075,Myofibroblast,Myofibroblast,Glycyl-glycine,0.0,0.0,0.5,0.6681630132484446,0.0,0.000999000999000999,0.002206206795116929,False
6076,Myofibroblast,Myofibroblast,Histamine,-0.61871946,-0.10458267658044512,0.541646519300097,0.6681630132484446,0.0,0.003996003996003996,0.007468259895444362,False
6077,Myofibroblast,Myofibroblast,Hydroxylansoprazole,0.0,0.0,0.5,0.6681630132484446,0.0,0.000999000999000999,0.002206206795116929,False
6078,Myofibroblast,Myofibroblast,Hyodeoxycholic acid,0.0,0.0,0.5,0.6681630132484446,0.0,0.000999000999000999,0.002206206795116929,False
6079,Myofibroblast,Myofibroblast,Iron,0.47028518,0.05620982983721897,0.47758732523371944,0.6681630132484446,0.0,0.08291708291708291,0.09962125253387388,False
6080,Myofibroblast,Myofibroblast,Isoursodeoxycholic acid,0.0,0.0,0.5,0.6681630132484446,0.0,0.000999000999000999,0.002206206795116929,False
6081,Myofibroblast,Myofibroblast,Ketone bodies,0.0,0.0,0.5,0.6681630132484446,0.0,0.000999000999000999,0.002206206795116929,False
6082,Myofibroblast,Myofibroblast,L-Arginine,0.0,0.0,0.5,0.6681630132484446,0.0,0.000999000999000999,0.002206206795116929,False
6083,Myofibroblast,Myofibroblast,L-Carnitine,-0.61871946,-0.05229133829022256,0.5208517225403603,0.6681630132484446,0.0,0.003996003996003996,0.007468259895444362,False
6084,Myofibroblast,Myofibroblast,L-Cystine,0.0,0.0,0.5,0.6681630132484446,0.0,0.000999000999000999,0.002206206795116929,False
6085,Myofibroblast,Myofibroblast,L-Dopa,0.0,0.0,0.5,0.6681630132484446,0.0,0.000999000999000999,0.002206206795116929,False
6086,Myofibroblast,Myofibroblast,L-Glutamate,0.0,0.0,0.5,0.6681630132484446,0.0,0.000999000999000999,0.002206206795116929,False
6087,Myofibroblast,Myofibroblast,L-Lactate,0.0,0.0,0.5,0.6681630132484446,0.0,0.000999000999000999,0.002206206795116929,False
6088,Myofibroblast,Myofibroblast,L-Lysine,0.0,0.0,0.5,0.6681630132484446,0.0,0.000999000999000999,0.002206206795116929,False
6089,Myofibroblast,Myofibroblast,L-Ornithine,0.0,0.0,0.5,0.6681630132484446,0.0,0.000999000999000999,0.002206206795116929,False
6090,Myofibroblast,Myofibroblast,Lithocholic acid,0.0,0.0,0.5,0.6681630132484446,0.0,0.000999000999000999,0.002206206795116929,False
6091,Myofibroblast,Myofibroblast,Manganese,0.19777712,0.03343043527305484,0.4866656696915349,0.6681630132484446,0.0,0.002997002997002997,0.005910424237117464,False
6092,Myofibroblast,Myofibroblast,N-Desmethylcitalopram,0.0,0.0,0.5,0.6681630132484446,0.0,0.000999000999000999,0.002206206795116929,False
6093,Myofibroblast,Myofibroblast,N-Desmethyleletriptan,0.0,0.0,0.5,0.6681630132484446,0.0,0.000999000999000999,0.002206206795116929,False
6094,Myofibroblast,Myofibroblast,N-Desmethyltamoxifen,0.0,0.0,0.5,0.6681630132484446,0.0,0.000999000999000999,0.002206206795116929,False
6095,Myofibroblast,Myofibroblast,N-desmethylimatinib,0.0,0.0,0.5,0.6681630132484446,0.0,0.000999000999000999,0.002206206795116929,False
6096,Myofibroblast,Myofibroblast,Neurotransmitter,0.39555424,0.06686087054610967,0.4733462320400557,0.6681630132484446,0.0,0.007992007992007992,0.01321828529465761,False
6097,Myofibroblast,Myofibroblast,Nicotinate,-2.61794,-0.19789765864141212,0.5784374319575623,0.6724662646310865,0.0,0.07292707292707293,0.08914881202762663,False
6098,Myofibroblast,Myofibroblast,Norepinephrine,-0.61871946,-0.10458267658044512,0.541646519300097,0.6681630132484446,0.0,0.003996003996003996,0.007468259895444362,False
6099,Myofibroblast,Myofibroblast,O-Deethylated candesartan,0.0,0.0,0.5,0.6681630132484446,0.0,0.000999000999000999,0.002206206795116929,False
6100,Myofibroblast,Myofibroblast,O-Desmethylverapamil (D-702),-0.61871946,-0.02700313097985736,0.5107713816087697,0.6681630132484446,0.0,0.003996003996003996,0.007468259895444362,False
6101,Myofibroblast,Myofibroblast,Oxalic acid,-1.9992205,-0.33792994072980104,0.6322920079884083,0.6897490887203356,0.0,0.06993006993006994,0.08563622276292361,False
6102,Myofibroblast,Myofibroblast,Phosphate,0.09888856,0.01671521763652742,0.49333190346948547,0.6681630132484446,0.0,0.000999000999000999,0.002206206795116929,False
6103,Myofibroblast,Myofibroblast,Progesterone,0.0,0.0,0.5,0.6681630132484446,0.0,0.000999000999000999,0.002206206795116929,False
6104,Myofibroblast,Myofibroblast,Pyruvate,0.0,0.0,0.5,0.6681630132484446,0.0,0.000999000999000999,0.002206206795116929,False
6105,Myofibroblast,Myofibroblast,Sodium,1.1332525,0.06772479056889523,0.47300235729714685,0.6681630132484446,0.0,0.04195804195804196,0.05534244970864689,False
6106,Myofibroblast,Myofibroblast,Sodium_hydrogen exchange,0.29655522,0.028940826188600163,0.48845589232855263,0.6681630132484446,0.0,0.000999000999000999,0.002206206795116929,False
6107,Myofibroblast,Myofibroblast,Sulfolithocholic acid,0.0,0.0,0.5,0.6681630132484446,0.0,0.000999000999000999,0.002206206795116929,False
6108,Myofibroblast,Myofibroblast,Taurocholic acid,-1.9992205,-0.09372490221660033,0.5373361558806564,0.6681630132484446,0.0,0.06993006993006994,0.08563622276292361,False
6109,Myofibroblast,Myofibroblast,Testosterone,0.0,0.0,0.5,0.6681630132484446,0.0,0.000999000999000999,0.002206206795116929,False
6110,Myofibroblast,Myofibroblast,Trihydroxycoprostanoic acid,0.0,0.0,0.5,0.6681630132484446,0.0,0.000999000999000999,0.002206206795116929,False
6111,Myofibroblast,Myofibroblast,Urea,0.09888856,0.01671521763652742,0.49333190346948547,0.6681630132484446,0.0,0.000999000999000999,0.002206206795116929,False
6112,Myofibroblast,Myofibroblast,Ursocholic acid,0.0,0.0,0.5,0.6681630132484446,0.0,0.000999000999000999,0.002206206795116929,False
6113,Myofibroblast,Myofibroblast,Ursodeoxycholic acid,0.0,0.0,0.5,0.6681630132484446,0.0,0.000999000999000999,0.002206206795116929,False
6114,Myofibroblast,Myofibroblast,Ursodeoxycholic acid 3-sulfate,0.0,0.0,0.5,0.6681630132484446,0.0,0.000999000999000999,0.002206206795116929,False
6115,Myofibroblast,Myofibroblast,Varanic acid,0.0,0.0,0.5,0.6681630132484446,0.0,0.000999000999000999,0.002206206795116929,False
6116,Myofibroblast,Myofibroblast,Vitamin D3,0.0,0.0,0.5,0.6681630132484446,0.0,0.000999000999000999,0.002206206795116929,False
6117,Myofibroblast,Myofibroblast,Water,0.4365152,0.036892268872540226,0.48528545204933193,0.6681630132484446,0.0,0.002997002997002997,0.005910424237117464,False
6118,Myofibroblast,Myofibroblast,Zinc,0.19777712,0.03343043527305484,0.4866656696915349,0.6681630132484446,0.0,0.002997002997002997,0.005910424237117464,False
6119,Myofibroblast,Myofibroblast,alpha-Ketoisovaleric acid,0.0,0.0,0.5,0.6681630132484446,0.0,0.000999000999000999,0.002206206795116929,False
6120,Myofibroblast,Pericyte,"(3a,5b,7a)-23-Carboxy-7-hydroxy-24-norcholan-3-yl-b-D-Glucopyranosiduronic acid",0.0,0.0,0.5,0.6681630132484446,0.0,0.000999000999000999,0.002206206795116929,False
6121,Myofibroblast,Pericyte,17a-Ethynylestradiol,0.0,0.0,0.5,0.6681630132484446,0.0,0.000999000999000999,0.002206206795116929,False
6122,Myofibroblast,Pericyte,"1b,3a,12a-Trihydroxy-5b-cholanoic acid",0.0,0.0,0.5,0.6681630132484446,0.0,0.000999000999000999,0.002206206795116929,False
6123,Myofibroblast,Pericyte,2-Hydroxychlorpropamide,0.0,0.0,0.5,0.6681630132484446,0.0,0.000999000999000999,0.002206206795116929,False
6124,Myofibroblast,Pericyte,25-Hydroxycholesterol,-0.7527994,-0.22697755680281617,0.589779403090382,0.6770266346377942,0.0,0.07892107892107893,0.09538246894368277,False
6125,Myofibroblast,Pericyte,"3',4'-Dihydrodiol",0.0,0.0,0.5,0.6681630132484446,0.0,0.000999000999000999,0.002206206795116929,False
6126,Myofibroblast,Pericyte,3-Sulfodeoxycholic acid,0.0,0.0,0.5,0.6681630132484446,0.0,0.000999000999000999,0.002206206795116929,False
6127,Myofibroblast,Pericyte,"3alpha,7alpha-Dihydroxycoprostanic acid",0.0,0.0,0.5,0.6681630132484446,0.0,0.000999000999000999,0.002206206795116929,False
6128,Myofibroblast,Pericyte,3b-Hydroxy-5-cholenoic acid,0.0,0.0,0.5,0.6681630132484446,0.0,0.000999000999000999,0.002206206795116929,False
6129,Myofibroblast,Pericyte,4'-Hydroxydiclofenac,0.0,0.0,0.5,0.6681630132484446,0.0,0.000999000999000999,0.002206206795116929,False
6130,Myofibroblast,Pericyte,4-Hydroxycyclophosphamide,0.0,0.0,0.5,0.6681630132484446,0.0,0.000999000999000999,0.002206206795116929,False
6131,Myofibroblast,Pericyte,4-ene-Valproic acid,0.0,0.0,0.5,0.6681630132484446,0.0,0.000999000999000999,0.002206206795116929,False
6132,Myofibroblast,Pericyte,5-Hydroxyomeprazole,0.0,0.0,0.5,0.6681630132484446,0.0,0.000999000999000999,0.002206206795116929,False
6133,Myofibroblast,Pericyte,8-Hydroxycarvedilol,0.0,0.0,0.5,0.6681630132484446,0.0,0.000999000999000999,0.002206206795116929,False
6134,Myofibroblast,Pericyte,Acetate,0.24997778,0.0435155463957399,0.4826452860165115,0.6681630132484446,0.0,0.030969030969030968,0.04197445425687162,False
6135,Myofibroblast,Pericyte,Acetyl-L-Carnitine,0.0,0.0,0.5,0.6681630132484446,0.0,0.000999000999000999,0.002206206795116929,False
6136,Myofibroblast,Pericyte,Adenosine diphosphate ribose,0.06297161,0.01898665385175398,0.4924258760877287,0.6681630132484446,0.0,0.004995004995004995,0.008926091958582932,False
6137,Myofibroblast,Pericyte,Adenosine triphosphate,0.17295071,0.05214660257304866,0.47920593998534655,0.6681630132484446,0.0,0.006993006993006993,0.011945165999886237,False
6138,Myofibroblast,Pericyte,Amiloride-sensitive sodium transport,0.0,0.0,0.5,0.6681630132484446,0.0,0.000999000999000999,0.002206206795116929,False
6139,Myofibroblast,Pericyte,Anion exchange,0.07734591,0.01346419430811735,0.49462872590759044,0.6681630132484446,0.0,0.005994005994005994,0.010452557005148853,False
6140,Myofibroblast,Pericyte,Butyrate,0.0,0.0,0.5,0.6681630132484446,0.0,0.000999000999000999,0.002206206795116929,False
6141,Myofibroblast,Pericyte,Cadmium,0.0,0.0,0.5,0.6681630132484446,0.0,0.000999000999000999,0.002206206795116929,False
6142,Myofibroblast,Pericyte,Chenodeoxycholic acid,0.0,0.0,0.5,0.6681630132484446,0.0,0.000999000999000999,0.002206206795116929,False
6143,Myofibroblast,Pericyte,Chenodeoxycholic acid 3-sulfate,0.0,0.0,0.5,0.6681630132484446,0.0,0.000999000999000999,0.002206206795116929,False
6144,Myofibroblast,Pericyte,Chloride,0.06306193,0.0190138873780905,0.492415013443569,0.6681630132484446,0.0,0.001998001998001998,0.00412210593812261,False
6145,Myofibroblast,Pericyte,Chloride ion,-1.2623296,-0.38060668848356244,0.6482524412405031,0.6982265181530443,0.0,0.013986013986013986,0.02125506072874494,False
6146,Myofibroblast,Pericyte,Cholesterol,0.0,0.0,0.5,0.6681630132484446,0.0,0.000999000999000999,0.002206206795116929,False
6147,Myofibroblast,Pericyte,Cholic acid,0.0,0.0,0.5,0.6681630132484446,0.0,0.000999000999000999,0.002206206795116929,False
6148,Myofibroblast,Pericyte,Choline,0.0,0.0,0.5,0.6681630132484446,0.0,0.000999000999000999,0.002206206795116929,False
6149,Myofibroblast,Pericyte,Citric acid,0.24997778,0.07537113727654224,0.46995971149423593,0.6681630132484446,0.0,0.030969030969030968,0.04197445425687162,False
6150,Myofibroblast,Pericyte,Coprocholic acid,0.0,0.0,0.5,0.6681630132484446,0.0,0.000999000999000999,0.002206206795116929,False
6151,Myofibroblast,Pericyte,Cortisol,0.0,0.0,0.5,0.6681630132484446,0.0,0.000999000999000999,0.002206206795116929,False
6152,Myofibroblast,Pericyte,Creatine,0.0,0.0,0.5,0.6681630132484446,0.0,0.000999000999000999,0.002206206795116929,False
6153,Myofibroblast,Pericyte,D-Lactate,0.0,0.0,0.5,0.6681630132484446,0.0,0.000999000999000999,0.002206206795116929,False
6154,Myofibroblast,Pericyte,Deoxycholic acid,0.0,0.0,0.5,0.6681630132484446,0.0,0.000999000999000999,0.002206206795116929,False
6155,Myofibroblast,Pericyte,Dopamine,0.0,0.0,0.5,0.6681630132484446,0.0,0.000999000999000999,0.002206206795116929,False
6156,Myofibroblast,Pericyte,E-3179,0.0,0.0,0.5,0.6681630132484446,0.0,0.000999000999000999,0.002206206795116929,False
6157,Myofibroblast,Pericyte,Estradiol,0.24997778,0.033706997298363364,0.4865553995537759,0.6681630132484446,0.0,0.030969030969030968,0.04197445425687162,False
6158,Myofibroblast,Pericyte,Estriol,0.0,0.0,0.5,0.6681630132484446,0.0,0.000999000999000999,0.002206206795116929,False
6159,Myofibroblast,Pericyte,Fatty acid,9.526416,1.2845416477817166,0.09947625046670755,0.6681630132484446,22.775335,0.03996003996003996,0.05294896308280629,False
6160,Myofibroblast,Pericyte,Folic acid,0.0,0.0,0.5,0.6681630132484446,0.0,0.000999000999000999,0.002206206795116929,False
6161,Myofibroblast,Pericyte,Folinic acid,0.0,0.0,0.5,0.6681630132484446,0.0,0.000999000999000999,0.002206206795116929,False
6162,Myofibroblast,Pericyte,Glutathione,0.0,0.0,0.5,0.6681630132484446,0.0,0.000999000999000999,0.002206206795116929,False
6163,Myofibroblast,Pericyte,Glycerol,0.0,0.0,0.5,0.6681630132484446,0.0,0.000999000999000999,0.002206206795116929,False
6164,Myofibroblast,Pericyte,Glycochenodeoxycholate-3-sulfate,0.0,0.0,0.5,0.6681630132484446,0.0,0.000999000999000999,0.002206206795116929,False
6165,Myofibroblast,Pericyte,Glycyl-glycine,0.0,0.0,0.5,0.6681630132484446,0.0,0.000999000999000999,0.002206206795116929,False
6166,Myofibroblast,Pericyte,Histamine,0.0,0.0,0.5,0.6681630132484446,0.0,0.000999000999000999,0.002206206795116929,False
6167,Myofibroblast,Pericyte,Hydroxylansoprazole,0.0,0.0,0.5,0.6681630132484446,0.0,0.000999000999000999,0.002206206795116929,False
6168,Myofibroblast,Pericyte,Hyodeoxycholic acid,0.0,0.0,0.5,0.6681630132484446,0.0,0.000999000999000999,0.002206206795116929,False
6169,Myofibroblast,Pericyte,Iron,0.55154395,0.11758956546216891,0.4531964365684538,0.6681630132484446,0.0,0.07492507492507493,0.09142996464708034,False
6170,Myofibroblast,Pericyte,Isoursodeoxycholic acid,0.0,0.0,0.5,0.6681630132484446,0.0,0.000999000999000999,0.002206206795116929,False
6171,Myofibroblast,Pericyte,Ketone bodies,0.0,0.0,0.5,0.6681630132484446,0.0,0.000999000999000999,0.002206206795116929,False
6172,Myofibroblast,Pericyte,L-Arginine,0.0,0.0,0.5,0.6681630132484446,0.0,0.000999000999000999,0.002206206795116929,False
6173,Myofibroblast,Pericyte,L-Carnitine,0.0,0.0,0.5,0.6681630132484446,0.0,0.000999000999000999,0.002206206795116929,False
6174,Myofibroblast,Pericyte,L-Cystine,0.0,0.0,0.5,0.6681630132484446,0.0,0.000999000999000999,0.002206206795116929,False
6175,Myofibroblast,Pericyte,L-Dopa,0.0,0.0,0.5,0.6681630132484446,0.0,0.000999000999000999,0.002206206795116929,False
6176,Myofibroblast,Pericyte,L-Glutamate,0.0,0.0,0.5,0.6681630132484446,0.0,0.000999000999000999,0.002206206795116929,False
6177,Myofibroblast,Pericyte,L-Lactate,0.0,0.0,0.5,0.6681630132484446,0.0,0.000999000999000999,0.002206206795116929,False
6178,Myofibroblast,Pericyte,L-Lysine,0.0,0.0,0.5,0.6681630132484446,0.0,0.000999000999000999,0.002206206795116929,False
6179,Myofibroblast,Pericyte,L-Ornithine,0.0,0.0,0.5,0.6681630132484446,0.0,0.000999000999000999,0.002206206795116929,False
6180,Myofibroblast,Pericyte,Lithocholic acid,0.0,0.0,0.5,0.6681630132484446,0.0,0.000999000999000999,0.002206206795116929,False
6181,Myofibroblast,Pericyte,Manganese,0.0,0.0,0.5,0.6681630132484446,0.0,0.000999000999000999,0.002206206795116929,False
6182,Myofibroblast,Pericyte,N-Desmethylcitalopram,0.0,0.0,0.5,0.6681630132484446,0.0,0.000999000999000999,0.002206206795116929,False
6183,Myofibroblast,Pericyte,N-Desmethyleletriptan,0.0,0.0,0.5,0.6681630132484446,0.0,0.000999000999000999,0.002206206795116929,False
6184,Myofibroblast,Pericyte,N-Desmethyltamoxifen,0.0,0.0,0.5,0.6681630132484446,0.0,0.000999000999000999,0.002206206795116929,False
6185,Myofibroblast,Pericyte,N-desmethylimatinib,0.0,0.0,0.5,0.6681630132484446,0.0,0.000999000999000999,0.002206206795116929,False
6186,Myofibroblast,Pericyte,Neurotransmitter,0.08931136,0.02692838863551275,0.4892584254334203,0.6681630132484446,0.0,0.004995004995004995,0.008926091958582932,False
6187,Myofibroblast,Pericyte,Nicotinate,0.24997778,0.033706997298363364,0.4865553995537759,0.6681630132484446,0.0,0.030969030969030968,0.04197445425687162,False
6188,Myofibroblast,Pericyte,Norepinephrine,0.0,0.0,0.5,0.6681630132484446,0.0,0.000999000999000999,0.002206206795116929,False
6189,Myofibroblast,Pericyte,O-Deethylated candesartan,0.0,0.0,0.5,0.6681630132484446,0.0,0.000999000999000999,0.002206206795116929,False
6190,Myofibroblast,Pericyte,O-Desmethylverapamil (D-702),0.0,0.0,0.5,0.6681630132484446,0.0,0.000999000999000999,0.002206206795116929,False
6191,Myofibroblast,Pericyte,Oxalic acid,0.24997778,0.07537113727654224,0.46995971149423593,0.6681630132484446,0.0,0.030969030969030968,0.04197445425687162,False
6192,Myofibroblast,Pericyte,Phosphate,0.031576335,0.009520623352381574,0.49620187818744094,0.6681630132484446,0.0,0.000999000999000999,0.002206206795116929,False
6193,Myofibroblast,Pericyte,Progesterone,0.0,0.0,0.5,0.6681630132484446,0.0,0.000999000999000999,0.002206206795116929,False
6194,Myofibroblast,Pericyte,Pyruvate,0.0,0.0,0.5,0.6681630132484446,0.0,0.000999000999000999,0.002206206795116929,False
6195,Myofibroblast,Pericyte,Sodium,-2.3833187,-0.2540626230896376,0.6002764107142263,0.6784719525784709,0.0,0.03396603396603397,0.045590667322218746,False
6196,Myofibroblast,Pericyte,Sodium_hydrogen exchange,0.12629598,0.021985308815017247,0.49122983728694924,0.6681630132484446,0.0,0.002997002997002997,0.005910424237117464,False
6197,Myofibroblast,Pericyte,Sulfolithocholic acid,0.0,0.0,0.5,0.6681630132484446,0.0,0.000999000999000999,0.002206206795116929,False
6198,Myofibroblast,Pericyte,Taurocholic acid,0.24997778,0.02090419231850833,0.4916610411846031,0.6681630132484446,0.0,0.030969030969030968,0.04197445425687162,False
6199,Myofibroblast,Pericyte,Testosterone,0.0,0.0,0.5,0.6681630132484446,0.0,0.000999000999000999,0.002206206795116929,False
6200,Myofibroblast,Pericyte,Trihydroxycoprostanoic acid,0.0,0.0,0.5,0.6681630132484446,0.0,0.000999000999000999,0.002206206795116929,False
6201,Myofibroblast,Pericyte,Urea,0.0,0.0,0.5,0.6681630132484446,0.0,0.000999000999000999,0.002206206795116929,False
6202,Myofibroblast,Pericyte,Ursocholic acid,0.0,0.0,0.5,0.6681630132484446,0.0,0.000999000999000999,0.002206206795116929,False
6203,Myofibroblast,Pericyte,Ursodeoxycholic acid,0.0,0.0,0.5,0.6681630132484446,0.0,0.000999000999000999,0.002206206795116929,False
6204,Myofibroblast,Pericyte,Ursodeoxycholic acid 3-sulfate,0.0,0.0,0.5,0.6681630132484446,0.0,0.000999000999000999,0.002206206795116929,False
6205,Myofibroblast,Pericyte,Varanic acid,0.0,0.0,0.5,0.6681630132484446,0.0,0.000999000999000999,0.002206206795116929,False
6206,Myofibroblast,Pericyte,Vitamin D3,0.0,0.0,0.5,0.6681630132484446,0.0,0.000999000999000999,0.002206206795116929,False
6207,Myofibroblast,Pericyte,Water,0.0,0.0,0.5,0.6681630132484446,0.0,0.000999000999000999,0.002206206795116929,False
6208,Myofibroblast,Pericyte,Zinc,0.0,0.0,0.5,0.6681630132484446,0.0,0.000999000999000999,0.002206206795116929,False
6209,Myofibroblast,Pericyte,alpha-Ketoisovaleric acid,0.0,0.0,0.5,0.6681630132484446,0.0,0.000999000999000999,0.002206206795116929,False
6210,Myofibroblast,Plasma,"(3a,5b,7a)-23-Carboxy-7-hydroxy-24-norcholan-3-yl-b-D-Glucopyranosiduronic acid",0.0,0.0,0.5,0.6681630132484446,0.0,0.000999000999000999,0.002206206795116929,False
6211,Myofibroblast,Plasma,17a-Ethynylestradiol,0.0,0.0,0.5,0.6681630132484446,0.0,0.000999000999000999,0.002206206795116929,False
6212,Myofibroblast,Plasma,"1b,3a,12a-Trihydroxy-5b-cholanoic acid",0.0,0.0,0.5,0.6681630132484446,0.0,0.000999000999000999,0.002206206795116929,False
6213,Myofibroblast,Plasma,2-Hydroxychlorpropamide,0.0,0.0,0.5,0.6681630132484446,0.0,0.000999000999000999,0.002206206795116929,False
6214,Myofibroblast,Plasma,25-Hydroxycholesterol,30.71597,2.61471692827803,0.004465071614790166,0.25115089405150204,25.281738,0.023976023976023976,0.033736821554080434,True
6215,Myofibroblast,Plasma,"3',4'-Dihydrodiol",0.0,0.0,0.5,0.6681630132484446,0.0,0.000999000999000999,0.002206206795116929,False
6216,Myofibroblast,Plasma,3-Sulfodeoxycholic acid,0.0,0.0,0.5,0.6681630132484446,0.0,0.000999000999000999,0.002206206795116929,False
6217,Myofibroblast,Plasma,"3alpha,7alpha-Dihydroxycoprostanic acid",0.0,0.0,0.5,0.6681630132484446,0.0,0.000999000999000999,0.002206206795116929,False
6218,Myofibroblast,Plasma,3b-Hydroxy-5-cholenoic acid,0.0,0.0,0.5,0.6681630132484446,0.0,0.000999000999000999,0.002206206795116929,False
6219,Myofibroblast,Plasma,4'-Hydroxydiclofenac,0.0,0.0,0.5,0.6681630132484446,0.0,0.000999000999000999,0.002206206795116929,False
6220,Myofibroblast,Plasma,4-Hydroxycyclophosphamide,0.0,0.0,0.5,0.6681630132484446,0.0,0.000999000999000999,0.002206206795116929,False
6221,Myofibroblast,Plasma,4-ene-Valproic acid,0.9888311,0.0485983973702404,0.4806196735855103,0.6681630132484446,0.0,0.015984015984015984,0.024033245990286563,False
6222,Myofibroblast,Plasma,5-Hydroxyomeprazole,0.0,0.0,0.5,0.6681630132484446,0.0,0.000999000999000999,0.002206206795116929,False
6223,Myofibroblast,Plasma,8-Hydroxycarvedilol,0.0,0.0,0.5,0.6681630132484446,0.0,0.000999000999000999,0.002206206795116929,False
6224,Myofibroblast,Plasma,Acetate,-1.072971,-0.05273364704243087,0.5210279350751182,0.6681630132484446,0.0,0.0979020979020979,0.11548281505728315,False
6225,Myofibroblast,Plasma,Acetyl-L-Carnitine,0.9888311,0.0841748934116781,0.4664586897427263,0.6681630132484446,0.0,0.015984015984015984,0.024033245990286563,False
6226,Myofibroblast,Plasma,Adenosine diphosphate ribose,-2.5389712,-0.2161315803221962,0.5855574080596171,0.675193483835798,11.370972,0.13486513486513488,0.1536438245299005,False
6227,Myofibroblast,Plasma,Adenosine triphosphate,-3.9892669,-0.33958894780751403,0.632916948798357,0.6897490887203356,0.0,0.22977022977022976,0.24985214064140784,False
6228,Myofibroblast,Plasma,Amiloride-sensitive sodium transport,0.0,0.0,0.5,0.6681630132484446,0.0,0.000999000999000999,0.002206206795116929,False
6229,Myofibroblast,Plasma,Anion exchange,-13.64619,-0.6706736339669181,0.7487857686052096,0.7635499376742352,0.0,0.07792207792207792,0.09460406447091801,False
6230,Myofibroblast,Plasma,Butyrate,0.0,0.0,0.5,0.6681630132484446,0.0,0.000999000999000999,0.002206206795116929,False
6231,Myofibroblast,Plasma,Cadmium,1.1566358,0.09845937454825314,0.4607837647900927,0.6681630132484446,0.0,0.04295704295704296,0.056477387154677997,False
6232,Myofibroblast,Plasma,Chenodeoxycholic acid,0.0,0.0,0.5,0.6681630132484446,0.0,0.000999000999000999,0.002206206795116929,False
6233,Myofibroblast,Plasma,Chenodeoxycholic acid 3-sulfate,0.0,0.0,0.5,0.6681630132484446,0.0,0.000999000999000999,0.002206206795116929,False
6234,Myofibroblast,Plasma,Chloride,-3.9007683,-0.332055447335151,0.6300763044816566,0.6895418874360394,0.0,0.04395604395604396,0.05771416912000467,False
6235,Myofibroblast,Plasma,Chloride ion,-4.642318,-0.39518033211971704,0.6536450967014499,0.701989029410724,0.0,0.04395604395604396,0.05771416912000467,False
6236,Myofibroblast,Plasma,Cholesterol,0.0,0.0,0.5,0.6681630132484446,0.0,0.000999000999000999,0.002206206795116929,False
6237,Myofibroblast,Plasma,Cholic acid,0.0,0.0,0.5,0.6681630132484446,0.0,0.000999000999000999,0.002206206795116929,False
6238,Myofibroblast,Plasma,Choline,0.9888311,0.0841748934116781,0.4664586897427263,0.6681630132484446,0.0,0.015984015984015984,0.024033245990286563,False
6239,Myofibroblast,Plasma,Citric acid,-1.072971,-0.09133735594589452,0.5363877318623453,0.6681630132484446,0.0,0.0979020979020979,0.11548281505728315,False
6240,Myofibroblast,Plasma,Coprocholic acid,0.0,0.0,0.5,0.6681630132484446,0.0,0.000999000999000999,0.002206206795116929,False
6241,Myofibroblast,Plasma,Cortisol,0.0,0.0,0.5,0.6681630132484446,0.0,0.000999000999000999,0.002206206795116929,False
6242,Myofibroblast,Plasma,Creatine,0.9888311,0.0841748934116781,0.4664586897427263,0.6681630132484446,0.0,0.015984015984015984,0.024033245990286563,False
6243,Myofibroblast,Plasma,D-Lactate,0.0,0.0,0.5,0.6681630132484446,0.0,0.000999000999000999,0.002206206795116929,False
6244,Myofibroblast,Plasma,Deoxycholic acid,0.0,0.0,0.5,0.6681630132484446,0.0,0.000999000999000999,0.002206206795116929,False
6245,Myofibroblast,Plasma,Dopamine,0.9888311,0.0841748934116781,0.4664586897427263,0.6681630132484446,0.0,0.015984015984015984,0.024033245990286563,False
6246,Myofibroblast,Plasma,E-3179,0.0,0.0,0.5,0.6681630132484446,0.0,0.000999000999000999,0.002206206795116929,False
6247,Myofibroblast,Plasma,Estradiol,-1.072971,-0.04084730735602295,0.5162911875043816,0.6681630132484446,0.0,0.0979020979020979,0.11548281505728315,False
6248,Myofibroblast,Plasma,Estriol,0.0,0.0,0.5,0.6681630132484446,0.0,0.000999000999000999,0.002206206795116929,False
6249,Myofibroblast,Plasma,Fatty acid,-6.8678427,-0.26145430226233196,0.6031289071704284,0.678960904270804,0.0,0.6463536463536463,0.656682417421312,False
6250,Myofibroblast,Plasma,Folic acid,0.0,0.0,0.5,0.6681630132484446,0.0,0.000999000999000999,0.002206206795116929,False
6251,Myofibroblast,Plasma,Folinic acid,0.0,0.0,0.5,0.6681630132484446,0.0,0.000999000999000999,0.002206206795116929,False
6252,Myofibroblast,Plasma,Glutathione,0.0,0.0,0.5,0.6681630132484446,0.0,0.000999000999000999,0.002206206795116929,False
6253,Myofibroblast,Plasma,Glycerol,0.0,0.0,0.5,0.6681630132484446,0.0,0.000999000999000999,0.002206206795116929,False
6254,Myofibroblast,Plasma,Glycochenodeoxycholate-3-sulfate,0.0,0.0,0.5,0.6681630132484446,0.0,0.000999000999000999,0.002206206795116929,False
6255,Myofibroblast,Plasma,Glycyl-glycine,0.0,0.0,0.5,0.6681630132484446,0.0,0.000999000999000999,0.002206206795116929,False
6256,Myofibroblast,Plasma,Histamine,0.9888311,0.0841748934116781,0.4664586897427263,0.6681630132484446,0.0,0.015984015984015984,0.024033245990286563,False
6257,Myofibroblast,Plasma,Hydroxylansoprazole,0.0,0.0,0.5,0.6681630132484446,0.0,0.000999000999000999,0.002206206795116929,False
6258,Myofibroblast,Plasma,Hyodeoxycholic acid,0.0,0.0,0.5,0.6681630132484446,0.0,0.000999000999000999,0.002206206795116929,False
6259,Myofibroblast,Plasma,Iron,-7.0510902,-0.42442575689237383,0.6643723301542849,0.708977555893008,0.0,0.3996003996003996,0.4153638471922558,False
6260,Myofibroblast,Plasma,Isoursodeoxycholic acid,0.0,0.0,0.5,0.6681630132484446,0.0,0.000999000999000999,0.002206206795116929,False
6261,Myofibroblast,Plasma,Ketone bodies,0.0,0.0,0.5,0.6681630132484446,0.0,0.000999000999000999,0.002206206795116929,False
6262,Myofibroblast,Plasma,L-Arginine,0.0,0.0,0.5,0.6681630132484446,0.0,0.000999000999000999,0.002206206795116929,False
6263,Myofibroblast,Plasma,L-Carnitine,0.9888311,0.04208744670583905,0.48321449369109926,0.6681630132484446,0.0,0.015984015984015984,0.024033245990286563,False
6264,Myofibroblast,Plasma,L-Cystine,0.0,0.0,0.5,0.6681630132484446,0.0,0.000999000999000999,0.002206206795116929,False
6265,Myofibroblast,Plasma,L-Dopa,0.0,0.0,0.5,0.6681630132484446,0.0,0.000999000999000999,0.002206206795116929,False
6266,Myofibroblast,Plasma,L-Glutamate,0.0,0.0,0.5,0.6681630132484446,0.0,0.000999000999000999,0.002206206795116929,False
6267,Myofibroblast,Plasma,L-Lactate,0.0,0.0,0.5,0.6681630132484446,0.0,0.000999000999000999,0.002206206795116929,False
6268,Myofibroblast,Plasma,L-Lysine,0.0,0.0,0.5,0.6681630132484446,0.0,0.000999000999000999,0.002206206795116929,False
6269,Myofibroblast,Plasma,L-Ornithine,0.0,0.0,0.5,0.6681630132484446,0.0,0.000999000999000999,0.002206206795116929,False
6270,Myofibroblast,Plasma,Lithocholic acid,0.0,0.0,0.5,0.6681630132484446,0.0,0.000999000999000999,0.002206206795116929,False
6271,Myofibroblast,Plasma,Manganese,1.1566358,0.09845937454825314,0.4607837647900927,0.6681630132484446,0.0,0.04295704295704296,0.056477387154677997,False
6272,Myofibroblast,Plasma,N-Desmethylcitalopram,0.0,0.0,0.5,0.6681630132484446,0.0,0.000999000999000999,0.002206206795116929,False
6273,Myofibroblast,Plasma,N-Desmethyleletriptan,0.0,0.0,0.5,0.6681630132484446,0.0,0.000999000999000999,0.002206206795116929,False
6274,Myofibroblast,Plasma,N-Desmethyltamoxifen,0.0,0.0,0.5,0.6681630132484446,0.0,0.000999000999000999,0.002206206795116929,False
6275,Myofibroblast,Plasma,N-desmethylimatinib,0.0,0.0,0.5,0.6681630132484446,0.0,0.000999000999000999,0.002206206795116929,False
6276,Myofibroblast,Plasma,Neurotransmitter,-0.95090353,-0.08094628441960292,0.5322576644683652,0.6681630132484446,0.0,0.06593406593406594,0.08144796380090498,False
6277,Myofibroblast,Plasma,Nicotinate,-0.08413988,-0.0032031506225606706,0.5012778700286384,0.6681630132484446,0.0,0.1108891108891109,0.1290881132977555,False
6278,Myofibroblast,Plasma,Norepinephrine,0.9888311,0.0841748934116781,0.4664586897427263,0.6681630132484446,0.0,0.015984015984015984,0.024033245990286563,False
6279,Myofibroblast,Plasma,O-Deethylated candesartan,0.0,0.0,0.5,0.6681630132484446,0.0,0.000999000999000999,0.002206206795116929,False
6280,Myofibroblast,Plasma,O-Desmethylverapamil (D-702),0.9888311,0.021733864023480914,0.4913301252814693,0.6681630132484446,0.0,0.015984015984015984,0.024033245990286563,False
6281,Myofibroblast,Plasma,Oxalic acid,-1.072971,-0.09133735594589452,0.5363877318623453,0.6681630132484446,0.0,0.0979020979020979,0.11548281505728315,False
6282,Myofibroblast,Plasma,Phosphate,-3.9268973,-0.3342796961491484,0.6309157448939646,0.6897490887203356,0.0,0.005994005994005994,0.010452557005148853,False
6283,Myofibroblast,Plasma,Progesterone,0.0,0.0,0.5,0.6681630132484446,0.0,0.000999000999000999,0.002206206795116929,False
6284,Myofibroblast,Plasma,Pyruvate,0.0,0.0,0.5,0.6681630132484446,0.0,0.000999000999000999,0.002206206795116929,False
6285,Myofibroblast,Plasma,Sodium,-5.7074466,-0.1717739562231664,0.5681923794564382,0.6681630132484446,0.0,0.35864135864135865,0.37481294154495787,False
6286,Myofibroblast,Plasma,Sodium_hydrogen exchange,0.61892056,0.030418286252236353,0.4878667306414913,0.6681630132484446,0.0,0.008991008991008992,0.014633088846334503,False
6287,Myofibroblast,Plasma,Sulfolithocholic acid,0.0,0.0,0.5,0.6681630132484446,0.0,0.000999000999000999,0.002206206795116929,False
6288,Myofibroblast,Plasma,Taurocholic acid,-1.072971,-0.025332424632940644,0.5101050944463018,0.6681630132484446,0.0,0.0979020979020979,0.11548281505728315,False
6289,Myofibroblast,Plasma,Testosterone,0.0,0.0,0.5,0.6681630132484446,0.0,0.000999000999000999,0.002206206795116929,False
6290,Myofibroblast,Plasma,Trihydroxycoprostanoic acid,0.0,0.0,0.5,0.6681630132484446,0.0,0.000999000999000999,0.002206206795116929,False
6291,Myofibroblast,Plasma,Urea,-0.17450355,-0.014854728652142069,0.5059259613823954,0.6681630132484446,0.0,0.003996003996003996,0.007468259895444362,False
6292,Myofibroblast,Plasma,Ursocholic acid,0.0,0.0,0.5,0.6681630132484446,0.0,0.000999000999000999,0.002206206795116929,False
6293,Myofibroblast,Plasma,Ursodeoxycholic acid,0.0,0.0,0.5,0.6681630132484446,0.0,0.000999000999000999,0.002206206795116929,False
6294,Myofibroblast,Plasma,Ursodeoxycholic acid 3-sulfate,0.0,0.0,0.5,0.6681630132484446,0.0,0.000999000999000999,0.002206206795116929,False
6295,Myofibroblast,Plasma,Varanic acid,0.0,0.0,0.5,0.6681630132484446,0.0,0.000999000999000999,0.002206206795116929,False
6296,Myofibroblast,Plasma,Vitamin D3,0.0,0.0,0.5,0.6681630132484446,0.0,0.000999000999000999,0.002206206795116929,False
6297,Myofibroblast,Plasma,Water,-3.7783508,-0.16081729098008715,0.5638813468685604,0.6681630132484446,0.0,0.03496503496503497,0.04684084521702925,False
6298,Myofibroblast,Plasma,Zinc,1.1566358,0.09845937454825314,0.4607837647900927,0.6681630132484446,0.0,0.04295704295704296,0.056477387154677997,False
6299,Myofibroblast,Plasma,alpha-Ketoisovaleric acid,0.0,0.0,0.5,0.6681630132484446,0.0,0.000999000999000999,0.002206206795116929,False
6300,Myofibroblast,T,"(3a,5b,7a)-23-Carboxy-7-hydroxy-24-norcholan-3-yl-b-D-Glucopyranosiduronic acid",0.0,0.0,0.5,0.6681630132484446,0.0,0.000999000999000999,0.002206206795116929,False
6301,Myofibroblast,T,17a-Ethynylestradiol,0.0,0.0,0.5,0.6681630132484446,0.0,0.000999000999000999,0.002206206795116929,False
6302,Myofibroblast,T,"1b,3a,12a-Trihydroxy-5b-cholanoic acid",0.0,0.0,0.5,0.6681630132484446,0.0,0.000999000999000999,0.002206206795116929,False
6303,Myofibroblast,T,2-Hydroxychlorpropamide,0.0,0.0,0.5,0.6681630132484446,0.0,0.000999000999000999,0.002206206795116929,False
6304,Myofibroblast,T,25-Hydroxycholesterol,-1.5270638,-0.19880677918549716,0.5787930535878885,0.6727303065661071,0.0,0.13086913086913088,0.14948460143779083,False
6305,Myofibroblast,T,"3',4'-Dihydrodiol",0.0,0.0,0.5,0.6681630132484446,0.0,0.000999000999000999,0.002206206795116929,False
6306,Myofibroblast,T,3-Sulfodeoxycholic acid,0.0,0.0,0.5,0.6681630132484446,0.0,0.000999000999000999,0.002206206795116929,False
6307,Myofibroblast,T,"3alpha,7alpha-Dihydroxycoprostanic acid",0.0,0.0,0.5,0.6681630132484446,0.0,0.000999000999000999,0.002206206795116929,False
6308,Myofibroblast,T,3b-Hydroxy-5-cholenoic acid,0.0,0.0,0.5,0.6681630132484446,0.0,0.000999000999000999,0.002206206795116929,False
6309,Myofibroblast,T,4'-Hydroxydiclofenac,0.0,0.0,0.5,0.6681630132484446,0.0,0.000999000999000999,0.002206206795116929,False
6310,Myofibroblast,T,4-Hydroxycyclophosphamide,0.0,0.0,0.5,0.6681630132484446,0.0,0.000999000999000999,0.002206206795116929,False
6311,Myofibroblast,T,4-ene-Valproic acid,-0.670121,-0.05036937985431686,0.5200859816308689,0.6681630132484446,0.0,0.02097902097902098,0.030000952411187658,False
6312,Myofibroblast,T,5-Hydroxyomeprazole,0.0,0.0,0.5,0.6681630132484446,0.0,0.000999000999000999,0.002206206795116929,False
6313,Myofibroblast,T,8-Hydroxycarvedilol,0.0,0.0,0.5,0.6681630132484446,0.0,0.000999000999000999,0.002206206795116929,False
6314,Myofibroblast,T,Acetate,0.7386457,0.055520008606021166,0.47786209498564336,0.6681630132484446,0.0,0.06293706293706294,0.07857212144727908,False
6315,Myofibroblast,T,Acetyl-L-Carnitine,-0.670121,-0.08724232505341305,0.5347605514687603,0.6681630132484446,0.0,0.02097902097902098,0.030000952411187658,False
6316,Myofibroblast,T,Adenosine diphosphate ribose,-2.6184351,-0.34089121992653393,0.6334072625759977,0.689957926697841,0.0,0.015984015984015984,0.024033245990286563,False
6317,Myofibroblast,T,Adenosine triphosphate,-1.9774444,-0.2574413343052116,0.6015809511530101,0.6784737826003616,0.0,0.2097902097902098,0.23102592624283394,False
6318,Myofibroblast,T,Amiloride-sensitive sodium transport,0.0,0.0,0.5,0.6681630132484446,0.0,0.000999000999000999,0.002206206795116929,False
6319,Myofibroblast,T,Anion exchange,0.17437318,0.013106690789229738,0.49477133658974676,0.6681630132484446,0.0,0.0899100899100899,0.10676438023936309,False
6320,Myofibroblast,T,Butyrate,0.0,0.0,0.5,0.6681630132484446,0.0,0.000999000999000999,0.002206206795116929,False
6321,Myofibroblast,T,Cadmium,-2.0042334,-0.26092895852766096,0.6029263537405004,0.678960904270804,0.0,0.014985014985014986,0.022683738280068557,False
6322,Myofibroblast,T,Chenodeoxycholic acid,0.0,0.0,0.5,0.6681630132484446,0.0,0.000999000999000999,0.002206206795116929,False
6323,Myofibroblast,T,Chenodeoxycholic acid 3-sulfate,0.0,0.0,0.5,0.6681630132484446,0.0,0.000999000999000999,0.002206206795116929,False
6324,Myofibroblast,T,Chloride,-0.72464865,-0.09434121916798482,0.537580946126769,0.6681630132484446,0.0,0.01898101898101898,0.02770980862407026,False
6325,Myofibroblast,T,Chloride ion,-0.9739009,-0.12679109942191127,0.550447129742907,0.6681630132484446,0.0,0.10589410589410589,0.12373059414030582,False
6326,Myofibroblast,T,Cholesterol,0.0,0.0,0.5,0.6681630132484446,0.0,0.000999000999000999,0.002206206795116929,False
6327,Myofibroblast,T,Cholic acid,0.0,0.0,0.5,0.6681630132484446,0.0,0.000999000999000999,0.002206206795116929,False
6328,Myofibroblast,T,Choline,-0.670121,-0.08724232505341305,0.5347605514687603,0.6681630132484446,0.0,0.02097902097902098,0.030000952411187658,False
6329,Myofibroblast,T,Citric acid,0.7386457,0.09616347574228999,0.46169536923647875,0.6681630132484446,0.0,0.06293706293706294,0.07857212144727908,False
6330,Myofibroblast,T,Coprocholic acid,0.0,0.0,0.5,0.6681630132484446,0.0,0.000999000999000999,0.002206206795116929,False
6331,Myofibroblast,T,Cortisol,0.0,0.0,0.5,0.6681630132484446,0.0,0.000999000999000999,0.002206206795116929,False
6332,Myofibroblast,T,Creatine,-0.670121,-0.08724232505341305,0.5347605514687603,0.6681630132484446,0.0,0.02097902097902098,0.030000952411187658,False
6333,Myofibroblast,T,D-Lactate,0.0,0.0,0.5,0.6681630132484446,0.0,0.000999000999000999,0.002206206795116929,False
6334,Myofibroblast,T,Deoxycholic acid,0.0,0.0,0.5,0.6681630132484446,0.0,0.000999000999000999,0.002206206795116929,False
6335,Myofibroblast,T,Dopamine,-0.670121,-0.08724232505341305,0.5347605514687603,0.6681630132484446,0.0,0.02097902097902098,0.030000952411187658,False
6336,Myofibroblast,T,E-3179,0.0,0.0,0.5,0.6681630132484446,0.0,0.000999000999000999,0.002206206795116929,False
6337,Myofibroblast,T,Estradiol,0.7386457,0.04300561374248249,0.4828485294380702,0.6681630132484446,0.0,0.06293706293706294,0.07857212144727908,False
6338,Myofibroblast,T,Estriol,0.0,0.0,0.5,0.6681630132484446,0.0,0.000999000999000999,0.002206206795116929,False
6339,Myofibroblast,T,Fatty acid,-4.2915955,-0.24986634789168763,0.5986546458106641,0.6771138722813616,0.0,0.6883116883116883,0.6976744186046512,False
6340,Myofibroblast,T,Folic acid,0.0,0.0,0.5,0.6681630132484446,0.0,0.000999000999000999,0.002206206795116929,False
6341,Myofibroblast,T,Folinic acid,0.0,0.0,0.5,0.6681630132484446,0.0,0.000999000999000999,0.002206206795116929,False
6342,Myofibroblast,T,Glutathione,0.0,0.0,0.5,0.6681630132484446,0.0,0.000999000999000999,0.002206206795116929,False
6343,Myofibroblast,T,Glycerol,0.0,0.0,0.5,0.6681630132484446,0.0,0.000999000999000999,0.002206206795116929,False
6344,Myofibroblast,T,Glycochenodeoxycholate-3-sulfate,0.0,0.0,0.5,0.6681630132484446,0.0,0.000999000999000999,0.002206206795116929,False
6345,Myofibroblast,T,Glycyl-glycine,0.0,0.0,0.5,0.6681630132484446,0.0,0.000999000999000999,0.002206206795116929,False
6346,Myofibroblast,T,Histamine,-0.670121,-0.08724232505341305,0.5347605514687603,0.6681630132484446,0.0,0.02097902097902098,0.030000952411187658,False
6347,Myofibroblast,T,Hydroxylansoprazole,0.0,0.0,0.5,0.6681630132484446,0.0,0.000999000999000999,0.002206206795116929,False
6348,Myofibroblast,T,Hyodeoxycholic acid,0.0,0.0,0.5,0.6681630132484446,0.0,0.000999000999000999,0.002206206795116929,False
6349,Myofibroblast,T,Iron,0.6686635,0.06155546476163969,0.4754584218089755,0.6681630132484446,0.0,0.2177822177822178,0.23771157177992902,False
6350,Myofibroblast,T,Isoursodeoxycholic acid,0.0,0.0,0.5,0.6681630132484446,0.0,0.000999000999000999,0.002206206795116929,False
6351,Myofibroblast,T,Ketone bodies,0.0,0.0,0.5,0.6681630132484446,0.0,0.000999000999000999,0.002206206795116929,False
6352,Myofibroblast,T,L-Arginine,0.0,0.0,0.5,0.6681630132484446,0.0,0.000999000999000999,0.002206206795116929,False
6353,Myofibroblast,T,L-Carnitine,-0.670121,-0.043621162526706524,0.5173968087524616,0.6681630132484446,0.0,0.02097902097902098,0.030000952411187658,False
6354,Myofibroblast,T,L-Cystine,0.0,0.0,0.5,0.6681630132484446,0.0,0.000999000999000999,0.002206206795116929,False
6355,Myofibroblast,T,L-Dopa,0.0,0.0,0.5,0.6681630132484446,0.0,0.000999000999000999,0.002206206795116929,False
6356,Myofibroblast,T,L-Glutamate,0.0,0.0,0.5,0.6681630132484446,0.0,0.000999000999000999,0.002206206795116929,False
6357,Myofibroblast,T,L-Lactate,0.0,0.0,0.5,0.6681630132484446,0.0,0.000999000999000999,0.002206206795116929,False
6358,Myofibroblast,T,L-Lysine,0.0,0.0,0.5,0.6681630132484446,0.0,0.000999000999000999,0.002206206795116929,False
6359,Myofibroblast,T,L-Ornithine,0.0,0.0,0.5,0.6681630132484446,0.0,0.000999000999000999,0.002206206795116929,False
6360,Myofibroblast,T,Lithocholic acid,0.0,0.0,0.5,0.6681630132484446,0.0,0.000999000999000999,0.002206206795116929,False
6361,Myofibroblast,T,Manganese,-2.0042334,-0.26092895852766096,0.6029263537405004,0.678960904270804,0.0,0.014985014985014986,0.022683738280068557,False
6362,Myofibroblast,T,N-Desmethylcitalopram,0.0,0.0,0.5,0.6681630132484446,0.0,0.000999000999000999,0.002206206795116929,False
6363,Myofibroblast,T,N-Desmethyleletriptan,0.0,0.0,0.5,0.6681630132484446,0.0,0.000999000999000999,0.002206206795116929,False
6364,Myofibroblast,T,N-Desmethyltamoxifen,0.0,0.0,0.5,0.6681630132484446,0.0,0.000999000999000999,0.002206206795116929,False
6365,Myofibroblast,T,N-desmethylimatinib,0.0,0.0,0.5,0.6681630132484446,0.0,0.000999000999000999,0.002206206795116929,False
6366,Myofibroblast,T,Neurotransmitter,-0.184441,-0.024012172959267067,0.5095785505550352,0.6681630132484446,0.0,0.002997002997002997,0.005910424237117464,False
6367,Myofibroblast,T,Nicotinate,0.06852466,0.00398965987556958,0.49840836021367274,0.6681630132484446,0.0,0.08291708291708291,0.09962125253387388,False
6368,Myofibroblast,T,Norepinephrine,-0.670121,-0.08724232505341305,0.5347605514687603,0.6681630132484446,0.0,0.02097902097902098,0.030000952411187658,False
6369,Myofibroblast,T,O-Deethylated candesartan,0.0,0.0,0.5,0.6681630132484446,0.0,0.000999000999000999,0.002206206795116929,False
6370,Myofibroblast,T,O-Desmethylverapamil (D-702),-0.670121,-0.022525871467752187,0.5089857626066651,0.6681630132484446,0.0,0.02097902097902098,0.030000952411187658,False
6371,Myofibroblast,T,Oxalic acid,0.7386457,0.09616347574228999,0.46169536923647875,0.6681630132484446,0.0,0.06293706293706294,0.07857212144727908,False
6372,Myofibroblast,T,Phosphate,0.067492254,0.00878674305810643,0.4964946417934352,0.6681630132484446,0.0,0.000999000999000999,0.002206206795116929,False
6373,Myofibroblast,T,Progesterone,0.0,0.0,0.5,0.6681630132484446,0.0,0.000999000999000999,0.002206206795116929,False
6374,Myofibroblast,T,Pyruvate,0.0,0.0,0.5,0.6681630132484446,0.0,0.000999000999000999,0.002206206795116929,False
6375,Myofibroblast,T,Sodium,39.534145,1.8197065377161334,0.03440185359292683,0.6681630132484446,18.719372,0.14885114885114886,0.16857958188240915,False
6376,Myofibroblast,T,Sodium_hydrogen exchange,0.6583333,0.049483361120767864,0.4802670484284812,0.6681630132484446,0.0,0.016983016983016984,0.025342874180083484,False
6377,Myofibroblast,T,Sulfolithocholic acid,0.0,0.0,0.5,0.6681630132484446,0.0,0.000999000999000999,0.002206206795116929,False
6378,Myofibroblast,T,Taurocholic acid,0.7386457,0.026670949431974157,0.48936109194075506,0.6681630132484446,0.0,0.06293706293706294,0.07857212144727908,False
6379,Myofibroblast,T,Testosterone,0.0,0.0,0.5,0.6681630132484446,0.0,0.000999000999000999,0.002206206795116929,False
6380,Myofibroblast,T,Trihydroxycoprostanoic acid,0.0,0.0,0.5,0.6681630132484446,0.0,0.000999000999000999,0.002206206795116929,False
6381,Myofibroblast,T,Urea,-0.8727445,-0.11362165610244107,0.5452311402813809,0.6681630132484446,0.0,0.004995004995004995,0.008926091958582932,False
6382,Myofibroblast,T,Ursocholic acid,0.0,0.0,0.5,0.6681630132484446,0.0,0.000999000999000999,0.002206206795116929,False
6383,Myofibroblast,T,Ursodeoxycholic acid,0.0,0.0,0.5,0.6681630132484446,0.0,0.000999000999000999,0.002206206795116929,False
6384,Myofibroblast,T,Ursodeoxycholic acid 3-sulfate,0.0,0.0,0.5,0.6681630132484446,0.0,0.000999000999000999,0.002206206795116929,False
6385,Myofibroblast,T,Varanic acid,0.0,0.0,0.5,0.6681630132484446,0.0,0.000999000999000999,0.002206206795116929,False
6386,Myofibroblast,T,Vitamin D3,0.0,0.0,0.5,0.6681630132484446,0.0,0.000999000999000999,0.002206206795116929,False
6387,Myofibroblast,T,Water,-0.007024169,-0.00045723445425767216,0.5001824101495038,0.6681630132484446,0.0,0.011988011988011988,0.01879993733354222,False
6388,Myofibroblast,T,Zinc,-2.0042334,-0.26092895852766096,0.6029263537405004,0.678960904270804,0.0,0.014985014985014986,0.022683738280068557,False
6389,Myofibroblast,T,alpha-Ketoisovaleric acid,0.0,0.0,0.5,0.6681630132484446,0.0,0.000999000999000999,0.002206206795116929,False
6390,Pericyte,Pericyte,"(3a,5b,7a)-23-Carboxy-7-hydroxy-24-norcholan-3-yl-b-D-Glucopyranosiduronic acid",0.0,0.0,0.5,0.6681630132484446,0.0,0.000999000999000999,0.002206206795116929,False
6391,Pericyte,Pericyte,17a-Ethynylestradiol,0.0,0.0,0.5,0.6681630132484446,0.0,0.001998001998001998,0.00412210593812261,False
6392,Pericyte,Pericyte,"1b,3a,12a-Trihydroxy-5b-cholanoic acid",0.0,0.0,0.5,0.6681630132484446,0.0,0.000999000999000999,0.002206206795116929,False
6393,Pericyte,Pericyte,2-Hydroxychlorpropamide,0.0,0.0,0.5,0.6681630132484446,0.0,0.001998001998001998,0.00412210593812261,False
6394,Pericyte,Pericyte,25-Hydroxycholesterol,0.0,0.0,0.5,0.6681630132484446,0.0,0.012987012987012988,0.019964507542147295,False
6395,Pericyte,Pericyte,"3',4'-Dihydrodiol",0.0,0.0,0.5,0.6681630132484446,0.0,0.001998001998001998,0.00412210593812261,False
6396,Pericyte,Pericyte,3-Sulfodeoxycholic acid,0.0,0.0,0.5,0.6681630132484446,0.0,0.000999000999000999,0.002206206795116929,False
6397,Pericyte,Pericyte,"3alpha,7alpha-Dihydroxycoprostanic acid",0.0,0.0,0.5,0.6681630132484446,0.0,0.000999000999000999,0.002206206795116929,False
6398,Pericyte,Pericyte,3b-Hydroxy-5-cholenoic acid,0.0,0.0,0.5,0.6681630132484446,0.0,0.000999000999000999,0.002206206795116929,False
6399,Pericyte,Pericyte,4'-Hydroxydiclofenac,0.0,0.0,0.5,0.6681630132484446,0.0,0.001998001998001998,0.00412210593812261,False
6400,Pericyte,Pericyte,4-Hydroxycyclophosphamide,0.0,0.0,0.5,0.6681630132484446,0.0,0.001998001998001998,0.00412210593812261,False
6401,Pericyte,Pericyte,4-ene-Valproic acid,0.0,0.0,0.5,0.6681630132484446,0.0,0.000999000999000999,0.002206206795116929,False
6402,Pericyte,Pericyte,5-Hydroxyomeprazole,0.0,0.0,0.5,0.6681630132484446,0.0,0.003996003996003996,0.007468259895444362,False
6403,Pericyte,Pericyte,8-Hydroxycarvedilol,0.0,0.0,0.5,0.6681630132484446,0.0,0.001998001998001998,0.00412210593812261,False
6404,Pericyte,Pericyte,Acetate,0.0,0.0,0.5,0.6681630132484446,0.0,0.003996003996003996,0.007468259895444362,False
6405,Pericyte,Pericyte,Acetyl-L-Carnitine,0.0,0.0,0.5,0.6681630132484446,0.0,0.000999000999000999,0.002206206795116929,False
6406,Pericyte,Pericyte,Adenosine diphosphate ribose,0.0,0.0,0.5,0.6681630132484446,0.0,0.001998001998001998,0.00412210593812261,False
6407,Pericyte,Pericyte,Adenosine triphosphate,0.0,0.0,0.5,0.6681630132484446,0.0,0.001998001998001998,0.00412210593812261,False
6408,Pericyte,Pericyte,Amiloride-sensitive sodium transport,0.0,0.0,0.5,0.6681630132484446,0.0,0.000999000999000999,0.002206206795116929,False
6409,Pericyte,Pericyte,Anion exchange,0.0,0.0,0.5,0.6681630132484446,0.0,0.000999000999000999,0.002206206795116929,False
6410,Pericyte,Pericyte,Butyrate,0.0,0.0,0.5,0.6681630132484446,0.0,0.000999000999000999,0.002206206795116929,False
6411,Pericyte,Pericyte,Cadmium,0.0,0.0,0.5,0.6681630132484446,0.0,0.000999000999000999,0.002206206795116929,False
6412,Pericyte,Pericyte,Chenodeoxycholic acid,0.0,0.0,0.5,0.6681630132484446,0.0,0.000999000999000999,0.002206206795116929,False
6413,Pericyte,Pericyte,Chenodeoxycholic acid 3-sulfate,0.0,0.0,0.5,0.6681630132484446,0.0,0.000999000999000999,0.002206206795116929,False
6414,Pericyte,Pericyte,Chloride,0.0,0.0,0.5,0.6681630132484446,0.0,0.000999000999000999,0.002206206795116929,False
6415,Pericyte,Pericyte,Chloride ion,0.0,0.0,0.5,0.6681630132484446,0.0,0.016983016983016984,0.025342874180083484,False
6416,Pericyte,Pericyte,Cholesterol,0.0,0.0,0.5,0.6681630132484446,0.0,0.023976023976023976,0.033736821554080434,False
6417,Pericyte,Pericyte,Cholic acid,0.0,0.0,0.5,0.6681630132484446,0.0,0.003996003996003996,0.007468259895444362,False
6418,Pericyte,Pericyte,Choline,0.0,0.0,0.5,0.6681630132484446,0.0,0.000999000999000999,0.002206206795116929,False
6419,Pericyte,Pericyte,Citric acid,0.0,0.0,0.5,0.6681630132484446,0.0,0.003996003996003996,0.007468259895444362,False
6420,Pericyte,Pericyte,Coprocholic acid,0.0,0.0,0.5,0.6681630132484446,0.0,0.000999000999000999,0.002206206795116929,False
6421,Pericyte,Pericyte,Cortisol,0.0,0.0,0.5,0.6681630132484446,0.0,0.001998001998001998,0.00412210593812261,False
6422,Pericyte,Pericyte,Creatine,0.0,0.0,0.5,0.6681630132484446,0.0,0.000999000999000999,0.002206206795116929,False
6423,Pericyte,Pericyte,D-Lactate,0.0,0.0,0.5,0.6681630132484446,0.0,0.000999000999000999,0.002206206795116929,False
6424,Pericyte,Pericyte,Deoxycholic acid,0.0,0.0,0.5,0.6681630132484446,0.0,0.000999000999000999,0.002206206795116929,False
6425,Pericyte,Pericyte,Dopamine,0.0,0.0,0.5,0.6681630132484446,0.0,0.000999000999000999,0.002206206795116929,False
6426,Pericyte,Pericyte,E-3179,0.0,0.0,0.5,0.6681630132484446,0.0,0.001998001998001998,0.00412210593812261,False
6427,Pericyte,Pericyte,Estradiol,0.0,0.0,0.5,0.6681630132484446,0.0,0.004995004995004995,0.008926091958582932,False
6428,Pericyte,Pericyte,Estriol,0.0,0.0,0.5,0.6681630132484446,0.0,0.001998001998001998,0.00412210593812261,False
6429,Pericyte,Pericyte,Fatty acid,0.0,0.0,0.5,0.6681630132484446,0.0,0.08591408591408592,0.10281205584262051,False
6430,Pericyte,Pericyte,Folic acid,0.0,0.0,0.5,0.6681630132484446,0.0,0.000999000999000999,0.002206206795116929,False
6431,Pericyte,Pericyte,Folinic acid,0.0,0.0,0.5,0.6681630132484446,0.0,0.000999000999000999,0.002206206795116929,False
6432,Pericyte,Pericyte,Glutathione,0.0,0.0,0.5,0.6681630132484446,0.0,0.000999000999000999,0.002206206795116929,False
6433,Pericyte,Pericyte,Glycerol,0.0,0.0,0.5,0.6681630132484446,0.0,0.001998001998001998,0.00412210593812261,False
6434,Pericyte,Pericyte,Glycochenodeoxycholate-3-sulfate,0.0,0.0,0.5,0.6681630132484446,0.0,0.000999000999000999,0.002206206795116929,False
6435,Pericyte,Pericyte,Glycyl-glycine,0.0,0.0,0.5,0.6681630132484446,0.0,0.000999000999000999,0.002206206795116929,False
6436,Pericyte,Pericyte,Histamine,0.0,0.0,0.5,0.6681630132484446,0.0,0.000999000999000999,0.002206206795116929,False
6437,Pericyte,Pericyte,Hydroxylansoprazole,0.0,0.0,0.5,0.6681630132484446,0.0,0.001998001998001998,0.00412210593812261,False
6438,Pericyte,Pericyte,Hyodeoxycholic acid,0.0,0.0,0.5,0.6681630132484446,0.0,0.000999000999000999,0.002206206795116929,False
6439,Pericyte,Pericyte,Iron,0.0,0.0,0.5,0.6681630132484446,0.0,0.03196803196803197,0.04316805563882727,False
6440,Pericyte,Pericyte,Isoursodeoxycholic acid,0.0,0.0,0.5,0.6681630132484446,0.0,0.000999000999000999,0.002206206795116929,False
6441,Pericyte,Pericyte,Ketone bodies,0.0,0.0,0.5,0.6681630132484446,0.0,0.000999000999000999,0.002206206795116929,False
6442,Pericyte,Pericyte,L-Arginine,0.0,0.0,0.5,0.6681630132484446,0.0,0.000999000999000999,0.002206206795116929,False
6443,Pericyte,Pericyte,L-Carnitine,0.0,0.0,0.5,0.6681630132484446,0.0,0.000999000999000999,0.002206206795116929,False
6444,Pericyte,Pericyte,L-Cystine,0.0,0.0,0.5,0.6681630132484446,0.0,0.000999000999000999,0.002206206795116929,False
6445,Pericyte,Pericyte,L-Dopa,0.0,0.0,0.5,0.6681630132484446,0.0,0.000999000999000999,0.002206206795116929,False
6446,Pericyte,Pericyte,L-Glutamate,0.0,0.0,0.5,0.6681630132484446,0.0,0.000999000999000999,0.002206206795116929,False
6447,Pericyte,Pericyte,L-Lactate,0.0,0.0,0.5,0.6681630132484446,0.0,0.000999000999000999,0.002206206795116929,False
6448,Pericyte,Pericyte,L-Lysine,0.0,0.0,0.5,0.6681630132484446,0.0,0.000999000999000999,0.002206206795116929,False
6449,Pericyte,Pericyte,L-Ornithine,0.0,0.0,0.5,0.6681630132484446,0.0,0.000999000999000999,0.002206206795116929,False
6450,Pericyte,Pericyte,Lithocholic acid,0.0,0.0,0.5,0.6681630132484446,0.0,0.000999000999000999,0.002206206795116929,False
6451,Pericyte,Pericyte,Manganese,0.0,0.0,0.5,0.6681630132484446,0.0,0.000999000999000999,0.002206206795116929,False
6452,Pericyte,Pericyte,N-Desmethylcitalopram,0.0,0.0,0.5,0.6681630132484446,0.0,0.001998001998001998,0.00412210593812261,False
6453,Pericyte,Pericyte,N-Desmethyleletriptan,0.0,0.0,0.5,0.6681630132484446,0.0,0.001998001998001998,0.00412210593812261,False
6454,Pericyte,Pericyte,N-Desmethyltamoxifen,0.0,0.0,0.5,0.6681630132484446,0.0,0.001998001998001998,0.00412210593812261,False
6455,Pericyte,Pericyte,N-desmethylimatinib,0.0,0.0,0.5,0.6681630132484446,0.0,0.001998001998001998,0.00412210593812261,False
6456,Pericyte,Pericyte,Neurotransmitter,0.0,0.0,0.5,0.6681630132484446,0.0,0.001998001998001998,0.00412210593812261,False
6457,Pericyte,Pericyte,Nicotinate,0.0,0.0,0.5,0.6681630132484446,0.0,0.003996003996003996,0.007468259895444362,False
6458,Pericyte,Pericyte,Norepinephrine,0.0,0.0,0.5,0.6681630132484446,0.0,0.000999000999000999,0.002206206795116929,False
6459,Pericyte,Pericyte,O-Deethylated candesartan,0.0,0.0,0.5,0.6681630132484446,0.0,0.001998001998001998,0.00412210593812261,False
6460,Pericyte,Pericyte,O-Desmethylverapamil (D-702),0.0,0.0,0.5,0.6681630132484446,0.0,0.005994005994005994,0.010452557005148853,False
6461,Pericyte,Pericyte,Oxalic acid,0.0,0.0,0.5,0.6681630132484446,0.0,0.003996003996003996,0.007468259895444362,False
6462,Pericyte,Pericyte,Phosphate,0.0,0.0,0.5,0.6681630132484446,0.0,0.000999000999000999,0.002206206795116929,False
6463,Pericyte,Pericyte,Progesterone,0.0,0.0,0.5,0.6681630132484446,0.0,0.001998001998001998,0.00412210593812261,False
6464,Pericyte,Pericyte,Pyruvate,0.0,0.0,0.5,0.6681630132484446,0.0,0.000999000999000999,0.002206206795116929,False
6465,Pericyte,Pericyte,Sodium,0.0,0.0,0.5,0.6681630132484446,0.0,0.03896103896103896,0.05170432784373803,False
6466,Pericyte,Pericyte,Sodium_hydrogen exchange,0.0,0.0,0.5,0.6681630132484446,0.0,0.004995004995004995,0.008926091958582932,False
6467,Pericyte,Pericyte,Sulfolithocholic acid,0.0,0.0,0.5,0.6681630132484446,0.0,0.000999000999000999,0.002206206795116929,False
6468,Pericyte,Pericyte,Taurocholic acid,0.0,0.0,0.5,0.6681630132484446,0.0,0.006993006993006993,0.011945165999886237,False
6469,Pericyte,Pericyte,Testosterone,0.0,0.0,0.5,0.6681630132484446,0.0,0.002997002997002997,0.005910424237117464,False
6470,Pericyte,Pericyte,Trihydroxycoprostanoic acid,0.0,0.0,0.5,0.6681630132484446,0.0,0.000999000999000999,0.002206206795116929,False
6471,Pericyte,Pericyte,Urea,0.0,0.0,0.5,0.6681630132484446,0.0,0.000999000999000999,0.002206206795116929,False
6472,Pericyte,Pericyte,Ursocholic acid,0.0,0.0,0.5,0.6681630132484446,0.0,0.000999000999000999,0.002206206795116929,False
6473,Pericyte,Pericyte,Ursodeoxycholic acid,0.0,0.0,0.5,0.6681630132484446,0.0,0.000999000999000999,0.002206206795116929,False
6474,Pericyte,Pericyte,Ursodeoxycholic acid 3-sulfate,0.0,0.0,0.5,0.6681630132484446,0.0,0.000999000999000999,0.002206206795116929,False
6475,Pericyte,Pericyte,Varanic acid,0.0,0.0,0.5,0.6681630132484446,0.0,0.000999000999000999,0.002206206795116929,False
6476,Pericyte,Pericyte,Vitamin D3,0.0,0.0,0.5,0.6681630132484446,0.0,0.022977022977022976,0.032529268484324664,False
6477,Pericyte,Pericyte,Water,0.0,0.0,0.5,0.6681630132484446,0.0,0.000999000999000999,0.002206206795116929,False
6478,Pericyte,Pericyte,Zinc,0.0,0.0,0.5,0.6681630132484446,0.0,0.000999000999000999,0.002206206795116929,False
6479,Pericyte,Pericyte,alpha-Ketoisovaleric acid,0.0,0.0,0.5,0.6681630132484446,0.0,0.000999000999000999,0.002206206795116929,False
6480,Pericyte,Plasma,"(3a,5b,7a)-23-Carboxy-7-hydroxy-24-norcholan-3-yl-b-D-Glucopyranosiduronic acid",-0.081085056,-0.009623025729335793,0.503838972578909,0.6681630132484446,0.0,0.000999000999000999,0.002206206795116929,False
6481,Pericyte,Plasma,17a-Ethynylestradiol,0.5637861,0.06690909900688738,0.47332703465671383,0.6681630132484446,0.0,0.00999000999000999,0.01593343365495264,False
6482,Pericyte,Plasma,"1b,3a,12a-Trihydroxy-5b-cholanoic acid",-0.081085056,-0.009623025729335793,0.503838972578909,0.6681630132484446,0.0,0.000999000999000999,0.002206206795116929,False
6483,Pericyte,Plasma,2-Hydroxychlorpropamide,-1.0784459,-0.07389389626560613,0.5294525936765108,0.6681630132484446,0.0,0.011988011988011988,0.01879993733354222,False
6484,Pericyte,Plasma,25-Hydroxycholesterol,1.0230457,0.12141318236734767,0.4516818880519903,0.6681630132484446,0.0,0.054945054945054944,0.06980187548473525,False
6485,Pericyte,Plasma,"3',4'-Dihydrodiol",0.5637861,0.06690909900688738,0.47332703465671383,0.6681630132484446,0.0,0.00999000999000999,0.01593343365495264,False
6486,Pericyte,Plasma,3-Sulfodeoxycholic acid,-0.081085056,-0.009623025729335793,0.503838972578909,0.6681630132484446,0.0,0.000999000999000999,0.002206206795116929,False
6487,Pericyte,Plasma,"3alpha,7alpha-Dihydroxycoprostanic acid",-0.081085056,-0.009623025729335793,0.503838972578909,0.6681630132484446,0.0,0.000999000999000999,0.002206206795116929,False
6488,Pericyte,Plasma,3b-Hydroxy-5-cholenoic acid,-0.081085056,-0.009623025729335793,0.503838972578909,0.6681630132484446,0.0,0.000999000999000999,0.002206206795116929,False
6489,Pericyte,Plasma,4'-Hydroxydiclofenac,0.5637861,0.06690909900688738,0.47332703465671383,0.6681630132484446,0.0,0.00999000999000999,0.01593343365495264,False
6490,Pericyte,Plasma,4-Hydroxycyclophosphamide,0.5637861,0.06690909900688738,0.47332703465671383,0.6681630132484446,0.0,0.00999000999000999,0.01593343365495264,False
6491,Pericyte,Plasma,4-ene-Valproic acid,0.0,0.0,0.5,0.6681630132484446,0.0,0.000999000999000999,0.002206206795116929,False
6492,Pericyte,Plasma,5-Hydroxyomeprazole,-1.4188663,-0.06874429573045607,0.5274034206574316,0.6681630132484446,0.0,0.017982017982017984,0.02639038217183071,False
6493,Pericyte,Plasma,8-Hydroxycarvedilol,0.5637861,0.06690909900688738,0.47332703465671383,0.6681630132484446,0.0,0.00999000999000999,0.01593343365495264,False
6494,Pericyte,Plasma,Acetate,-2.481366,-0.1700203912727153,0.5675029498973043,0.6681630132484446,0.0,0.028971028971028972,0.03983516483516483,False
6495,Pericyte,Plasma,Acetyl-L-Carnitine,0.0,0.0,0.5,0.6681630132484446,0.0,0.000999000999000999,0.002206206795116929,False
6496,Pericyte,Plasma,Adenosine diphosphate ribose,0.88640624,0.10519706707198713,0.45810971897415775,0.6681630132484446,0.0,0.18281718281718282,0.2030650868605669,False
6497,Pericyte,Plasma,Adenosine triphosphate,-0.5961163,-0.07074598962093553,0.5282000409580643,0.6681630132484446,0.0,0.06993006993006994,0.08563622276292361,False
6498,Pericyte,Plasma,Amiloride-sensitive sodium transport,0.0,0.0,0.5,0.6681630132484446,0.0,0.000999000999000999,0.002206206795116929,False
6499,Pericyte,Plasma,Anion exchange,-1.1982257,-0.082101074655546,0.5327168307202388,0.6681630132484446,0.0,0.017982017982017984,0.02639038217183071,False
6500,Pericyte,Plasma,Butyrate,0.0,0.0,0.5,0.6681630132484446,0.0,0.000999000999000999,0.002206206795116929,False
6501,Pericyte,Plasma,Cadmium,0.0,0.0,0.5,0.6681630132484446,0.0,0.000999000999000999,0.002206206795116929,False
6502,Pericyte,Plasma,Chenodeoxycholic acid,-0.081085056,-0.009623025729335793,0.503838972578909,0.6681630132484446,0.0,0.000999000999000999,0.002206206795116929,False
6503,Pericyte,Plasma,Chenodeoxycholic acid 3-sulfate,-0.081085056,-0.009623025729335793,0.503838972578909,0.6681630132484446,0.0,0.000999000999000999,0.002206206795116929,False
6504,Pericyte,Plasma,Chloride,-2.158202,-0.2561314468652673,0.6010753297046053,0.6784719525784709,0.0,0.017982017982017984,0.02639038217183071,False
6505,Pericyte,Plasma,Chloride ion,-2.3056145,-0.2736260965566023,0.6078140115195414,0.6825718845941374,0.0,0.06693306693306693,0.08256428512747487,False
6506,Pericyte,Plasma,Cholesterol,-0.39182046,-0.023250266794761425,0.5092746788377429,0.6681630132484446,0.0,0.04395604395604396,0.05771416912000467,False
6507,Pericyte,Plasma,Cholic acid,0.6706011,0.045948832275282084,0.4816755163627727,0.6681630132484446,0.0,0.012987012987012988,0.019964507542147295,False
6508,Pericyte,Plasma,Choline,0.0,0.0,0.5,0.6681630132484446,0.0,0.000999000999000999,0.002206206795116929,False
6509,Pericyte,Plasma,Citric acid,-2.481366,-0.294483956007083,0.6158059392832833,0.6849132570762552,0.0,0.028971028971028972,0.03983516483516483,False
6510,Pericyte,Plasma,Coprocholic acid,-0.081085056,-0.009623025729335793,0.503838972578909,0.6681630132484446,0.0,0.000999000999000999,0.002206206795116929,False
6511,Pericyte,Plasma,Cortisol,-0.40951854,-0.028059748000833704,0.5111927510679246,0.6681630132484446,0.0,0.013986013986013986,0.02125506072874494,False
6512,Pericyte,Plasma,Creatine,0.0,0.0,0.5,0.6681630132484446,0.0,0.000999000999000999,0.002206206795116929,False
6513,Pericyte,Plasma,D-Lactate,0.0,0.0,0.5,0.6681630132484446,0.0,0.000999000999000999,0.002206206795116929,False
6514,Pericyte,Plasma,Deoxycholic acid,-0.081085056,-0.009623025729335793,0.503838972578909,0.6681630132484446,0.0,0.000999000999000999,0.002206206795116929,False
6515,Pericyte,Plasma,Dopamine,0.0,0.0,0.5,0.6681630132484446,0.0,0.000999000999000999,0.002206206795116929,False
6516,Pericyte,Plasma,E-3179,0.5637861,0.06690909900688738,0.47332703465671383,0.6681630132484446,0.0,0.00999000999000999,0.01593343365495264,False
6517,Pericyte,Plasma,Estradiol,-2.7029557,-0.14345799443567853,0.5570357581848983,0.6681630132484446,0.0,0.04395604395604396,0.05771416912000467,False
6518,Pericyte,Plasma,Estriol,0.5637861,0.06690909900688738,0.47332703465671383,0.6681630132484446,0.0,0.00999000999000999,0.01593343365495264,False
6519,Pericyte,Plasma,Fatty acid,-1.12293,-0.059598938854339534,0.52376246823011,0.6681630132484446,17.96802,0.37362637362637363,0.3895337399173716,False
6520,Pericyte,Plasma,Folic acid,-1.1972479,-0.08203407184665666,0.5326901903307623,0.6681630132484446,0.0,0.001998001998001998,0.00412210593812261,False
6521,Pericyte,Plasma,Folinic acid,-0.081085056,-0.009623025729335793,0.503838972578909,0.6681630132484446,0.0,0.000999000999000999,0.002206206795116929,False
6522,Pericyte,Plasma,Glutathione,-0.081085056,-0.009623025729335793,0.503838972578909,0.6681630132484446,0.0,0.000999000999000999,0.002206206795116929,False
6523,Pericyte,Plasma,Glycerol,0.5637861,0.06690909900688738,0.47332703465671383,0.6681630132484446,0.0,0.00999000999000999,0.01593343365495264,False
6524,Pericyte,Plasma,Glycochenodeoxycholate-3-sulfate,-0.081085056,-0.009623025729335793,0.503838972578909,0.6681630132484446,0.0,0.000999000999000999,0.002206206795116929,False
6525,Pericyte,Plasma,Glycyl-glycine,0.0,0.0,0.5,0.6681630132484446,0.0,0.000999000999000999,0.002206206795116929,False
6526,Pericyte,Plasma,Histamine,0.0,0.0,0.5,0.6681630132484446,0.0,0.000999000999000999,0.002206206795116929,False
6527,Pericyte,Plasma,Hydroxylansoprazole,-0.40951854,-0.028059748000833704,0.5111927510679246,0.6681630132484446,0.0,0.013986013986013986,0.02125506072874494,False
6528,Pericyte,Plasma,Hyodeoxycholic acid,-0.081085056,-0.009623025729335793,0.503838972578909,0.6681630132484446,0.0,0.000999000999000999,0.002206206795116929,False
6529,Pericyte,Plasma,Iron,7.0701733,0.593315760269866,0.2764849266695547,0.6681630132484446,22.592218,0.11788211788211789,0.1361992459024803,False
6530,Pericyte,Plasma,Isoursodeoxycholic acid,-0.081085056,-0.009623025729335793,0.503838972578909,0.6681630132484446,0.0,0.000999000999000999,0.002206206795116929,False
6531,Pericyte,Plasma,Ketone bodies,0.0,0.0,0.5,0.6681630132484446,0.0,0.000999000999000999,0.002206206795116929,False
6532,Pericyte,Plasma,L-Arginine,0.0,0.0,0.5,0.6681630132484446,0.0,0.000999000999000999,0.002206206795116929,False
6533,Pericyte,Plasma,L-Carnitine,-1.9470263,-0.11553475223907765,0.5459893617033686,0.6681630132484446,0.0,0.008991008991008992,0.014633088846334503,False
6534,Pericyte,Plasma,L-Cystine,0.0,0.0,0.5,0.6681630132484446,0.0,0.000999000999000999,0.002206206795116929,False
6535,Pericyte,Plasma,L-Dopa,0.0,0.0,0.5,0.6681630132484446,0.0,0.000999000999000999,0.002206206795116929,False
6536,Pericyte,Plasma,L-Glutamate,0.0,0.0,0.5,0.6681630132484446,0.0,0.000999000999000999,0.002206206795116929,False
6537,Pericyte,Plasma,L-Lactate,0.0,0.0,0.5,0.6681630132484446,0.0,0.000999000999000999,0.002206206795116929,False
6538,Pericyte,Plasma,L-Lysine,0.0,0.0,0.5,0.6681630132484446,0.0,0.000999000999000999,0.002206206795116929,False
6539,Pericyte,Plasma,L-Ornithine,0.0,0.0,0.5,0.6681630132484446,0.0,0.000999000999000999,0.002206206795116929,False
6540,Pericyte,Plasma,Lithocholic acid,-0.081085056,-0.009623025729335793,0.503838972578909,0.6681630132484446,0.0,0.000999000999000999,0.002206206795116929,False
6541,Pericyte,Plasma,Manganese,0.0,0.0,0.5,0.6681630132484446,0.0,0.000999000999000999,0.002206206795116929,False
6542,Pericyte,Plasma,N-Desmethylcitalopram,0.5637861,0.06690909900688738,0.47332703465671383,0.6681630132484446,0.0,0.00999000999000999,0.01593343365495264,False
6543,Pericyte,Plasma,N-Desmethyleletriptan,0.5637861,0.06690909900688738,0.47332703465671383,0.6681630132484446,0.0,0.00999000999000999,0.01593343365495264,False
6544,Pericyte,Plasma,N-Desmethyltamoxifen,-0.40951854,-0.028059748000833704,0.5111927510679246,0.6681630132484446,0.0,0.013986013986013986,0.02125506072874494,False
6545,Pericyte,Plasma,N-desmethylimatinib,-0.22158986,-0.01314893927032536,0.5052455166633404,0.6681630132484446,0.0,0.015984015984015984,0.024033245990286563,False
6546,Pericyte,Plasma,Neurotransmitter,1.0204546,0.12110568558908788,0.4518036629385014,0.6681630132484446,0.0,0.029970029970029972,0.041029693341032736,False
6547,Pericyte,Plasma,Nicotinate,-2.481366,-0.13169722878297901,0.5523881112314505,0.6681630132484446,0.0,0.028971028971028972,0.03983516483516483,False
6548,Pericyte,Plasma,Norepinephrine,0.0,0.0,0.5,0.6681630132484446,0.0,0.000999000999000999,0.002206206795116929,False
6549,Pericyte,Plasma,O-Deethylated candesartan,0.5637861,0.06690909900688738,0.47332703465671383,0.6681630132484446,0.0,0.00999000999000999,0.01593343365495264,False
6550,Pericyte,Plasma,O-Desmethylverapamil (D-702),-8.459069,-0.25920762720326873,0.602262476741781,0.6787524144345465,0.0,0.061938061938061936,0.07750645887157263,False
6551,Pericyte,Plasma,Oxalic acid,-2.481366,-0.294483956007083,0.6158059392832833,0.6849132570762552,0.0,0.028971028971028972,0.03983516483516483,False
6552,Pericyte,Plasma,Phosphate,-0.77012646,-0.09139719595708264,0.5364115051360884,0.6681630132484446,0.0,0.005994005994005994,0.010452557005148853,False
6553,Pericyte,Plasma,Progesterone,0.75171477,0.06308250184049932,0.47485040402636236,0.6681630132484446,0.0,0.011988011988011988,0.01879993733354222,False
6554,Pericyte,Plasma,Pyruvate,0.0,0.0,0.5,0.6681630132484446,0.0,0.000999000999000999,0.002206206795116929,False
6555,Pericyte,Plasma,Sodium,2.6545062,0.11138060619940551,0.45565726918693344,0.6681630132484446,18.809769,0.2777222777222777,0.29737567747456495,False
6556,Pericyte,Plasma,Sodium_hydrogen exchange,0.56065613,0.03841552505866593,0.48467819145597657,0.6681630132484446,0.0,0.023976023976023976,0.033736821554080434,False
6557,Pericyte,Plasma,Sulfolithocholic acid,-0.081085056,-0.009623025729335793,0.503838972578909,0.6681630132484446,0.0,0.000999000999000999,0.002206206795116929,False
6558,Pericyte,Plasma,Taurocholic acid,-3.3744204,-0.11107040053125421,0.5442197397825994,0.6681630132484446,0.0,0.057942057942057944,0.07335375621820635,False
6559,Pericyte,Plasma,Testosterone,0.30144233,0.014604928373513052,0.49417368369967085,0.6681630132484446,0.0,0.024975024975024976,0.03509264458169568,False
6560,Pericyte,Plasma,Trihydroxycoprostanoic acid,-0.081085056,-0.009623025729335793,0.503838972578909,0.6681630132484446,0.0,0.000999000999000999,0.002206206795116929,False
6561,Pericyte,Plasma,Urea,0.0,0.0,0.5,0.6681630132484446,0.0,0.000999000999000999,0.002206206795116929,False
6562,Pericyte,Plasma,Ursocholic acid,-0.081085056,-0.009623025729335793,0.503838972578909,0.6681630132484446,0.0,0.000999000999000999,0.002206206795116929,False
6563,Pericyte,Plasma,Ursodeoxycholic acid,-0.081085056,-0.009623025729335793,0.503838972578909,0.6681630132484446,0.0,0.000999000999000999,0.002206206795116929,False
6564,Pericyte,Plasma,Ursodeoxycholic acid 3-sulfate,-0.081085056,-0.009623025729335793,0.503838972578909,0.6681630132484446,0.0,0.000999000999000999,0.002206206795116929,False
6565,Pericyte,Plasma,Varanic acid,-0.081085056,-0.009623025729335793,0.503838972578909,0.6681630132484446,0.0,0.000999000999000999,0.002206206795116929,False
6566,Pericyte,Plasma,Vitamin D3,0.017698085,0.0021003762586662843,0.4991620717217647,0.6681630132484446,0.0,0.030969030969030968,0.04197445425687162,False
6567,Pericyte,Plasma,Water,0.0,0.0,0.5,0.6681630132484446,0.0,0.000999000999000999,0.002206206795116929,False
6568,Pericyte,Plasma,Zinc,0.0,0.0,0.5,0.6681630132484446,0.0,0.000999000999000999,0.002206206795116929,False
6569,Pericyte,Plasma,alpha-Ketoisovaleric acid,0.0,0.0,0.5,0.6681630132484446,0.0,0.000999000999000999,0.002206206795116929,False
6570,Pericyte,T,"(3a,5b,7a)-23-Carboxy-7-hydroxy-24-norcholan-3-yl-b-D-Glucopyranosiduronic acid",0.32637423,0.04865299803839008,0.4805979168071598,0.6681630132484446,0.0,0.007992007992007992,0.01321828529465761,False
6571,Pericyte,T,17a-Ethynylestradiol,-2.7458525,-0.40932751866636957,0.658850338418271,0.7044571251593916,0.0,0.03796203796203796,0.050494610955263544,False
6572,Pericyte,T,"1b,3a,12a-Trihydroxy-5b-cholanoic acid",0.32637423,0.04865299803839008,0.4805979168071598,0.6681630132484446,0.0,0.007992007992007992,0.01321828529465761,False
6573,Pericyte,T,2-Hydroxychlorpropamide,-2.8618996,-0.2463131009962983,0.5972800654101011,0.6770266346377942,0.0,0.04295704295704296,0.056477387154677997,False
6574,Pericyte,T,25-Hydroxycholesterol,-2.2298737,-0.33240993858631057,0.6302101325424044,0.6895418874360394,0.0,0.08091908091908091,0.09747422749334794,False
6575,Pericyte,T,"3',4'-Dihydrodiol",-2.7458525,-0.40932751866636957,0.658850338418271,0.7044571251593916,0.0,0.03796203796203796,0.050494610955263544,False
6576,Pericyte,T,3-Sulfodeoxycholic acid,0.32637423,0.04865299803839008,0.4805979168071598,0.6681630132484446,0.0,0.007992007992007992,0.01321828529465761,False
6577,Pericyte,T,"3alpha,7alpha-Dihydroxycoprostanic acid",0.32637423,0.04865299803839008,0.4805979168071598,0.6681630132484446,0.0,0.007992007992007992,0.01321828529465761,False
6578,Pericyte,T,3b-Hydroxy-5-cholenoic acid,0.32637423,0.04865299803839008,0.4805979168071598,0.6681630132484446,0.0,0.007992007992007992,0.01321828529465761,False
6579,Pericyte,T,4'-Hydroxydiclofenac,-2.7458525,-0.40932751866636957,0.658850338418271,0.7044571251593916,0.0,0.03796203796203796,0.050494610955263544,False
6580,Pericyte,T,4-Hydroxycyclophosphamide,-2.7458525,-0.40932751866636957,0.658850338418271,0.7044571251593916,0.0,0.03796203796203796,0.050494610955263544,False
6581,Pericyte,T,4-ene-Valproic acid,0.0,0.0,0.5,0.6681630132484446,0.0,0.000999000999000999,0.002206206795116929,False
6582,Pericyte,T,5-Hydroxyomeprazole,-2.5951486,-0.1579357120270106,0.5627462714616878,0.6681630132484446,0.0,0.052947052947052944,0.06779805560293364,False
6583,Pericyte,T,8-Hydroxycarvedilol,-2.7458525,-0.40932751866636957,0.658850338418271,0.7044571251593916,0.0,0.03796203796203796,0.050494610955263544,False
6584,Pericyte,T,Acetate,0.14937449,0.012856108729217124,0.4948712959451672,0.6681630132484446,0.0,0.01998001998001998,0.02902757619738752,False
6585,Pericyte,T,Acetyl-L-Carnitine,0.0,0.0,0.5,0.6681630132484446,0.0,0.000999000999000999,0.002206206795116929,False
6586,Pericyte,T,Adenosine diphosphate ribose,-0.9459083,-0.141007685149003,0.5560680644318896,0.6681630132484446,0.0,0.028971028971028972,0.03983516483516483,False
6587,Pericyte,T,Adenosine triphosphate,-6.7373767,-1.0043488179108846,0.8423947445949957,0.8477774586179669,0.0,0.12887112887112886,0.14768925468445893,False
6588,Pericyte,T,Amiloride-sensitive sodium transport,0.0,0.0,0.5,0.6681630132484446,0.0,0.000999000999000999,0.002206206795116929,False
6589,Pericyte,T,Anion exchange,0.93603224,0.0805608280017528,0.4678956098160908,0.6681630132484446,0.0,0.03496503496503497,0.04684084521702925,False
6590,Pericyte,T,Butyrate,0.0,0.0,0.5,0.6681630132484446,0.0,0.000999000999000999,0.002206206795116929,False
6591,Pericyte,T,Cadmium,0.0,0.0,0.5,0.6681630132484446,0.0,0.000999000999000999,0.002206206795116929,False
6592,Pericyte,T,Chenodeoxycholic acid,0.32637423,0.04865299803839008,0.4805979168071598,0.6681630132484446,0.0,0.007992007992007992,0.01321828529465761,False
6593,Pericyte,T,Chenodeoxycholic acid 3-sulfate,0.32637423,0.04865299803839008,0.4805979168071598,0.6681630132484446,0.0,0.007992007992007992,0.01321828529465761,False
6594,Pericyte,T,Chloride,0.3566558,0.053167108497570684,0.47879938107513914,0.6681630132484446,0.0,0.008991008991008992,0.014633088846334503,False
6595,Pericyte,T,Chloride ion,0.85514534,0.1274775400095559,0.4492812243088675,0.6681630132484446,0.0,0.21878121878121878,0.23865163641647194,False
6596,Pericyte,T,Cholesterol,-2.8928432,-0.21561980491118835,0.5853579415845387,0.6750758088169168,0.0,0.06793206793206794,0.08346972176759411,False
6597,Pericyte,T,Cholic acid,-2.6313503,-0.22647057351202707,0.5895822781778035,0.6770266346377942,0.0,0.05194805194805195,0.06654343807763402,False
6598,Pericyte,T,Choline,0.0,0.0,0.5,0.6681630132484446,0.0,0.000999000999000999,0.002206206795116929,False
6599,Pericyte,T,Citric acid,0.14937449,0.022267433506633807,0.49111731336738496,0.6681630132484446,0.0,0.01998001998001998,0.02902757619738752,False
6600,Pericyte,T,Coprocholic acid,0.32637423,0.04865299803839008,0.4805979168071598,0.6681630132484446,0.0,0.007992007992007992,0.01321828529465761,False
6601,Pericyte,T,Cortisol,-2.8128495,-0.24209154117083237,0.5956453837724737,0.6770266346377942,0.0,0.03896103896103896,0.05170432784373803,False
6602,Pericyte,T,Creatine,0.0,0.0,0.5,0.6681630132484446,0.0,0.000999000999000999,0.002206206795116929,False
6603,Pericyte,T,D-Lactate,0.0,0.0,0.5,0.6681630132484446,0.0,0.000999000999000999,0.002206206795116929,False
6604,Pericyte,T,Deoxycholic acid,0.32637423,0.04865299803839008,0.4805979168071598,0.6681630132484446,0.0,0.007992007992007992,0.01321828529465761,False
6605,Pericyte,T,Dopamine,0.0,0.0,0.5,0.6681630132484446,0.0,0.000999000999000999,0.002206206795116929,False
6606,Pericyte,T,E-3179,-2.7458525,-0.40932751866636957,0.658850338418271,0.7044571251593916,0.0,0.03796203796203796,0.050494610955263544,False
6607,Pericyte,T,Estradiol,-2.730475,-0.18203166325887044,0.5722210613412729,0.6690555011127082,0.0,0.058941058941058944,0.07441456339251931,False
6608,Pericyte,T,Estriol,-2.7458525,-0.40932751866636957,0.658850338418271,0.7044571251593916,0.0,0.03796203796203796,0.050494610955263544,False
6609,Pericyte,T,Fatty acid,-5.8515496,-0.3901033083597819,0.6517699217270737,0.7012522213272195,16.58181,0.5204795204795205,0.5356286125516895,False
6610,Pericyte,T,Folic acid,0.42957333,0.03697178539153703,0.4852537511748901,0.6681630132484446,0.0,0.007992007992007992,0.01321828529465761,False
6611,Pericyte,T,Folinic acid,0.32637423,0.04865299803839008,0.4805979168071598,0.6681630132484446,0.0,0.007992007992007992,0.01321828529465761,False
6612,Pericyte,T,Glutathione,0.32637423,0.04865299803839008,0.4805979168071598,0.6681630132484446,0.0,0.007992007992007992,0.01321828529465761,False
6613,Pericyte,T,Glycerol,-2.7458525,-0.40932751866636957,0.658850338418271,0.7044571251593916,0.0,0.03796203796203796,0.050494610955263544,False
6614,Pericyte,T,Glycochenodeoxycholate-3-sulfate,0.32637423,0.04865299803839008,0.4805979168071598,0.6681630132484446,0.0,0.007992007992007992,0.01321828529465761,False
6615,Pericyte,T,Glycyl-glycine,0.0,0.0,0.5,0.6681630132484446,0.0,0.000999000999000999,0.002206206795116929,False
6616,Pericyte,T,Histamine,0.0,0.0,0.5,0.6681630132484446,0.0,0.000999000999000999,0.002206206795116929,False
6617,Pericyte,T,Hydroxylansoprazole,-2.8128495,-0.24209154117083237,0.5956453837724737,0.6770266346377942,0.0,0.03896103896103896,0.05170432784373803,False
6618,Pericyte,T,Hyodeoxycholic acid,0.32637423,0.04865299803839008,0.4805979168071598,0.6681630132484446,0.0,0.007992007992007992,0.01321828529465761,False
6619,Pericyte,T,Iron,-2.6532228,-0.2796742395226477,0.6101362780898311,0.6834078563378906,0.0,0.26673326673326675,0.28605099635740305,False
6620,Pericyte,T,Isoursodeoxycholic acid,0.32637423,0.04865299803839008,0.4805979168071598,0.6681630132484446,0.0,0.007992007992007992,0.01321828529465761,False
6621,Pericyte,T,Ketone bodies,0.0,0.0,0.5,0.6681630132484446,0.0,0.000999000999000999,0.002206206795116929,False
6622,Pericyte,T,L-Arginine,0.0,0.0,0.5,0.6681630132484446,0.0,0.000999000999000999,0.002206206795116929,False
6623,Pericyte,T,L-Carnitine,0.53225905,0.03967224702671579,0.48417721395803787,0.6681630132484446,0.0,0.01898101898101898,0.02770980862407026,False
6624,Pericyte,T,L-Cystine,0.0,0.0,0.5,0.6681630132484446,0.0,0.000999000999000999,0.002206206795116929,False
6625,Pericyte,T,L-Dopa,0.0,0.0,0.5,0.6681630132484446,0.0,0.000999000999000999,0.002206206795116929,False
6626,Pericyte,T,L-Glutamate,0.0,0.0,0.5,0.6681630132484446,0.0,0.000999000999000999,0.002206206795116929,False
6627,Pericyte,T,L-Lactate,0.0,0.0,0.5,0.6681630132484446,0.0,0.000999000999000999,0.002206206795116929,False
6628,Pericyte,T,L-Lysine,0.0,0.0,0.5,0.6681630132484446,0.0,0.000999000999000999,0.002206206795116929,False
6629,Pericyte,T,L-Ornithine,0.0,0.0,0.5,0.6681630132484446,0.0,0.000999000999000999,0.002206206795116929,False
6630,Pericyte,T,Lithocholic acid,0.32637423,0.04865299803839008,0.4805979168071598,0.6681630132484446,0.0,0.007992007992007992,0.01321828529465761,False
6631,Pericyte,T,Manganese,0.0,0.0,0.5,0.6681630132484446,0.0,0.000999000999000999,0.002206206795116929,False
6632,Pericyte,T,N-Desmethylcitalopram,-2.7458525,-0.40932751866636957,0.658850338418271,0.7044571251593916,0.0,0.03796203796203796,0.050494610955263544,False
6633,Pericyte,T,N-Desmethyleletriptan,-2.7458525,-0.40932751866636957,0.658850338418271,0.7044571251593916,0.0,0.03796203796203796,0.050494610955263544,False
6634,Pericyte,T,N-Desmethyltamoxifen,-2.8128495,-0.24209154117083237,0.5956453837724737,0.6770266346377942,0.0,0.03896103896103896,0.05170432784373803,False
6635,Pericyte,T,N-desmethylimatinib,-2.8798494,-0.2146513033054095,0.5849804040786687,0.6748650241826493,0.0,0.03996003996003996,0.05294896308280629,False
6636,Pericyte,T,Neurotransmitter,-0.29928905,-0.04461537704124892,0.5177930571208682,0.6681630132484446,0.0,0.001998001998001998,0.00412210593812261,False
6637,Pericyte,T,Nicotinate,0.14937449,0.009958299001057942,0.4960272791486513,0.6681630132484446,0.0,0.01998001998001998,0.02902757619738752,False
6638,Pericyte,T,Norepinephrine,0.0,0.0,0.5,0.6681630132484446,0.0,0.000999000999000999,0.002206206795116929,False
6639,Pericyte,T,O-Deethylated candesartan,-2.7458525,-0.40932751866636957,0.658850338418271,0.7044571251593916,0.0,0.03796203796203796,0.050494610955263544,False
6640,Pericyte,T,O-Desmethylverapamil (D-702),-1.8695067,-0.07195734707698971,0.5286820740417061,0.6681630132484446,0.0,0.12987012987012986,0.1487111698612029,False
6641,Pericyte,T,Oxalic acid,0.14937449,0.022267433506633807,0.49111731336738496,0.6681630132484446,0.0,0.01998001998001998,0.02902757619738752,False
6642,Pericyte,T,Phosphate,0.103199095,0.015384012706284849,0.4938629089655385,0.6681630132484446,0.0,0.000999000999000999,0.002206206795116929,False
6643,Pericyte,T,Progesterone,-2.8128524,-0.29650067503456123,0.6165761242356781,0.6849804404826654,0.0,0.03896103896103896,0.05170432784373803,False
6644,Pericyte,T,Pyruvate,0.0,0.0,0.5,0.6681630132484446,0.0,0.000999000999000999,0.002206206795116929,False
6645,Pericyte,T,Sodium,1.3104305,0.06906575299819513,0.47246864052896764,0.6681630132484446,0.0,0.37462537462537465,0.39045779006675385,False
6646,Pericyte,T,Sodium_hydrogen exchange,0.2349916,0.02022485632246552,0.4919319997306176,0.6681630132484446,0.0,0.09290709290709291,0.11011564115720093,False
6647,Pericyte,T,Sulfolithocholic acid,0.32637423,0.04865299803839008,0.4805979168071598,0.6681630132484446,0.0,0.007992007992007992,0.01321828529465761,False
6648,Pericyte,T,Taurocholic acid,-3.284992,-0.13581770277241345,0.5540173020234473,0.6681630132484446,0.0,0.08691308691308691,0.10382825242332223,False
6649,Pericyte,T,Testosterone,-3.0296657,-0.18437958336313937,0.5731421573251325,0.6694547699752518,0.0,0.04295704295704296,0.056477387154677997,False
6650,Pericyte,T,Trihydroxycoprostanoic acid,0.32637423,0.04865299803839008,0.4805979168071598,0.6681630132484446,0.0,0.007992007992007992,0.01321828529465761,False
6651,Pericyte,T,Urea,0.0,0.0,0.5,0.6681630132484446,0.0,0.000999000999000999,0.002206206795116929,False
6652,Pericyte,T,Ursocholic acid,0.32637423,0.04865299803839008,0.4805979168071598,0.6681630132484446,0.0,0.007992007992007992,0.01321828529465761,False
6653,Pericyte,T,Ursodeoxycholic acid,0.32637423,0.04865299803839008,0.4805979168071598,0.6681630132484446,0.0,0.007992007992007992,0.01321828529465761,False
6654,Pericyte,T,Ursodeoxycholic acid 3-sulfate,0.32637423,0.04865299803839008,0.4805979168071598,0.6681630132484446,0.0,0.007992007992007992,0.01321828529465761,False
6655,Pericyte,T,Varanic acid,0.32637423,0.04865299803839008,0.4805979168071598,0.6681630132484446,0.0,0.007992007992007992,0.01321828529465761,False
6656,Pericyte,T,Vitamin D3,-0.07999378,-0.011924768206511251,0.5047571814760192,0.6681630132484446,0.0,0.030969030969030968,0.04197445425687162,False
6657,Pericyte,T,Water,0.0,0.0,0.5,0.6681630132484446,0.0,0.000999000999000999,0.002206206795116929,False
6658,Pericyte,T,Zinc,0.0,0.0,0.5,0.6681630132484446,0.0,0.000999000999000999,0.002206206795116929,False
6659,Pericyte,T,alpha-Ketoisovaleric acid,0.0,0.0,0.5,0.6681630132484446,0.0,0.000999000999000999,0.002206206795116929,False
6660,Plasma,Plasma,"(3a,5b,7a)-23-Carboxy-7-hydroxy-24-norcholan-3-yl-b-D-Glucopyranosiduronic acid",-2.4107456,-0.0524944145592008,0.5209326271317274,0.6681630132484446,0.0,0.000999000999000999,0.002206206795116929,False
6661,Plasma,Plasma,17a-Ethynylestradiol,-4.132095,-0.08997710032855229,0.5358472938531973,0.6681630132484446,0.0,0.059940059940059943,0.07529175555276697,False
6662,Plasma,Plasma,"1b,3a,12a-Trihydroxy-5b-cholanoic acid",-2.4107456,-0.0524944145592008,0.5209326271317274,0.6681630132484446,0.0,0.000999000999000999,0.002206206795116929,False
6663,Plasma,Plasma,2-Hydroxychlorpropamide,-4.7710176,-0.05998077832875571,0.5239145281029259,0.6681630132484446,0.0,0.07792207792207792,0.09460406447091801,False
6664,Plasma,Plasma,25-Hydroxycholesterol,-22.166115,-0.4826710914032904,0.6853353537053815,0.7234385378794049,0.0,0.1258741258741259,0.1444935716925116,False
6665,Plasma,Plasma,"3',4'-Dihydrodiol",-4.132095,-0.08997710032855229,0.5358472938531973,0.6681630132484446,0.0,0.059940059940059943,0.07529175555276697,False
6666,Plasma,Plasma,3-Sulfodeoxycholic acid,-2.4107456,-0.0524944145592008,0.5209326271317274,0.6681630132484446,0.0,0.000999000999000999,0.002206206795116929,False
6667,Plasma,Plasma,"3alpha,7alpha-Dihydroxycoprostanic acid",-2.4107456,-0.0524944145592008,0.5209326271317274,0.6681630132484446,0.0,0.000999000999000999,0.002206206795116929,False
6668,Plasma,Plasma,3b-Hydroxy-5-cholenoic acid,-2.4107456,-0.0524944145592008,0.5209326271317274,0.6681630132484446,0.0,0.000999000999000999,0.002206206795116929,False
6669,Plasma,Plasma,4'-Hydroxydiclofenac,-4.132095,-0.08997710032855229,0.5358472938531973,0.6681630132484446,0.0,0.059940059940059943,0.07529175555276697,False
6670,Plasma,Plasma,4-Hydroxycyclophosphamide,-4.132095,-0.08997710032855229,0.5358472938531973,0.6681630132484446,0.0,0.059940059940059943,0.07529175555276697,False
6671,Plasma,Plasma,4-ene-Valproic acid,-4.583147,-0.05761888826194564,0.5229738979950529,0.6681630132484446,16.06665,0.34565434565434566,0.36244282272425715,False
6672,Plasma,Plasma,5-Hydroxyomeprazole,-35.08593,-0.31190265809619694,0.6224427488285564,0.6861812576258235,0.0,0.12487512487512488,0.14344183911563327,False
6673,Plasma,Plasma,8-Hydroxycarvedilol,-4.132095,-0.08997710032855229,0.5358472938531973,0.6681630132484446,0.0,0.059940059940059943,0.07529175555276697,False
6674,Plasma,Plasma,Acetate,-67.77935,-0.8521155373334657,0.8029250154094112,0.8099374609588385,0.0,0.3166833166833167,0.33469809129409556,False
6675,Plasma,Plasma,Acetyl-L-Carnitine,-11.293569,-0.24591946467886075,0.5971277120928276,0.6770266346377942,0.0,0.1938061938061938,0.21441202475685234,False
6676,Plasma,Plasma,Adenosine diphosphate ribose,43.249466,0.9417648113193746,0.17315653235590894,0.6681630132484446,969.3133,0.14885114885114886,0.16857958188240915,False
6677,Plasma,Plasma,Adenosine triphosphate,-2.4690342,-0.05376365862742413,0.5214382680819952,0.6681630132484446,50.945187,0.5734265734265734,0.5855084947467444,False
6678,Plasma,Plasma,Amiloride-sensitive sodium transport,-0.7230384,-0.015744289191254895,0.506280803148507,0.6681630132484446,0.0,0.000999000999000999,0.002206206795116929,False
6679,Plasma,Plasma,Anion exchange,-11.821203,-0.14861504133748352,0.5590712982253502,0.6681630132484446,28.902262,0.2017982017982018,0.22275589972308674,False
6680,Plasma,Plasma,Butyrate,-22.106432,-0.4813714868175975,0.6848737510427121,0.7230614099216933,0.0,0.07992007992007992,0.09638812284130766,False
6681,Plasma,Plasma,Cadmium,18.589468,0.4047889712454397,0.3428163181302626,0.6681630132484446,56.06302,0.36163836163836166,0.3775465269891302,False
6682,Plasma,Plasma,Chenodeoxycholic acid,-2.4107456,-0.0524944145592008,0.5209326271317274,0.6681630132484446,0.0,0.000999000999000999,0.002206206795116929,False
6683,Plasma,Plasma,Chenodeoxycholic acid 3-sulfate,-2.4107456,-0.0524944145592008,0.5209326271317274,0.6681630132484446,0.0,0.000999000999000999,0.002206206795116929,False
6684,Plasma,Plasma,Chloride,43.399807,0.9450385140662824,0.17231960687874787,0.6681630132484446,35.948658,0.17382617382617382,0.19438686212931816,False
6685,Plasma,Plasma,Chloride ion,-17.749052,-0.38648876439529034,0.6504326389254138,0.70001611503619,0.0,0.19480519480519481,0.215414073719483,False
6686,Plasma,Plasma,Cholesterol,-29.605759,-0.3223353296677807,0.6264006644913609,0.6869455573937792,0.0,0.13386613386613386,0.15255588023224922,False
6687,Plasma,Plasma,Cholic acid,-10.765173,-0.13533872930198712,0.5538279674004518,0.6681630132484446,0.0,0.07292707292707293,0.08914881202762663,False
6688,Plasma,Plasma,Choline,-11.293569,-0.24591946467886075,0.5971277120928276,0.6770266346377942,0.0,0.1938061938061938,0.21441202475685234,False
6689,Plasma,Plasma,Citric acid,-22.606188,-0.4922537595198097,0.6887300177627419,0.7263580920858015,0.0,0.10589410589410589,0.12373059414030582,False
6690,Plasma,Plasma,Coprocholic acid,-2.4107456,-0.0524944145592008,0.5209326271317274,0.6681630132484446,0.0,0.000999000999000999,0.002206206795116929,False
6691,Plasma,Plasma,Cortisol,-23.66784,-0.29754981873272285,0.6169766103164209,0.6849804404826654,0.0,0.1088911088911089,0.12686876002276137,False
6692,Plasma,Plasma,Creatine,-11.293569,-0.24591946467886075,0.5971277120928276,0.6770266346377942,0.0,0.1938061938061938,0.21441202475685234,False
6693,Plasma,Plasma,D-Lactate,-22.106432,-0.4813714868175975,0.6848737510427121,0.7230614099216933,0.0,0.07992007992007992,0.09638812284130766,False
6694,Plasma,Plasma,Deoxycholic acid,-2.4107456,-0.0524944145592008,0.5209326271317274,0.6681630132484446,0.0,0.000999000999000999,0.002206206795116929,False
6695,Plasma,Plasma,Dopamine,-11.293569,-0.24591946467886075,0.5971277120928276,0.6770266346377942,0.0,0.1938061938061938,0.21441202475685234,False
6696,Plasma,Plasma,E-3179,-4.132095,-0.08997710032855229,0.5358472938531973,0.6681630132484446,0.0,0.059940059940059943,0.07529175555276697,False
6697,Plasma,Plasma,Estradiol,-45.300335,-0.4411417086313524,0.6704447949386614,0.7143576920241272,0.0,0.21478521478521478,0.23458810692853246,False
6698,Plasma,Plasma,Estriol,-4.132095,-0.08997710032855229,0.5358472938531973,0.6681630132484446,0.0,0.059940059940059943,0.07529175555276697,False
6699,Plasma,Plasma,Fatty acid,-65.60276,-0.638849885342295,0.7385397038874664,0.755389461740823,225.02907,0.42157842157842157,0.43709432398839937,False
6700,Plasma,Plasma,Folic acid,-18.39883,-0.23130834390467914,0.5914623675281251,0.6770266346377942,0.0,0.011988011988011988,0.01879993733354222,False
6701,Plasma,Plasma,Folinic acid,-2.4107456,-0.0524944145592008,0.5209326271317274,0.6681630132484446,0.0,0.000999000999000999,0.002206206795116929,False
6702,Plasma,Plasma,Glutathione,-2.4107456,-0.0524944145592008,0.5209326271317274,0.6681630132484446,0.0,0.000999000999000999,0.002206206795116929,False
6703,Plasma,Plasma,Glycerol,-4.132095,-0.08997710032855229,0.5358472938531973,0.6681630132484446,0.0,0.059940059940059943,0.07529175555276697,False
6704,Plasma,Plasma,Glycochenodeoxycholate-3-sulfate,-2.4107456,-0.0524944145592008,0.5209326271317274,0.6681630132484446,0.0,0.000999000999000999,0.002206206795116929,False
6705,Plasma,Plasma,Glycyl-glycine,0.105388746,0.002294858676616395,0.49908448464992644,0.6681630132484446,0.0,0.002997002997002997,0.005910424237117464,False
6706,Plasma,Plasma,Histamine,-11.293569,-0.24591946467886075,0.5971277120928276,0.6770266346377942,0.0,0.1938061938061938,0.21441202475685234,False
6707,Plasma,Plasma,Hydroxylansoprazole,-23.66784,-0.29754981873272285,0.6169766103164209,0.6849804404826654,0.0,0.1088911088911089,0.12686876002276137,False
6708,Plasma,Plasma,Hyodeoxycholic acid,-2.4107456,-0.0524944145592008,0.5209326271317274,0.6681630132484446,0.0,0.000999000999000999,0.002206206795116929,False
6709,Plasma,Plasma,Iron,40.24314,0.619638771850854,0.26774781729595404,0.6681630132484446,251.64246,0.5724275724275725,0.584574576617017,False
6710,Plasma,Plasma,Isoursodeoxycholic acid,-2.4107456,-0.0524944145592008,0.5209326271317274,0.6681630132484446,0.0,0.000999000999000999,0.002206206795116929,False
6711,Plasma,Plasma,Ketone bodies,-22.106432,-0.4813714868175975,0.6848737510427121,0.7230614099216933,0.0,0.07992007992007992,0.09638812284130766,False
6712,Plasma,Plasma,L-Arginine,-14.334502,-0.31213633474005725,0.6225315430591885,0.6861812576258235,0.0,0.013986013986013986,0.02125506072874494,False
6713,Plasma,Plasma,L-Carnitine,-26.749144,-0.2912336791557824,0.6145636969267246,0.6849132570762552,0.0,0.3786213786213786,0.3944447014200472,False
6714,Plasma,Plasma,L-Cystine,-14.334502,-0.31213633474005725,0.6225315430591885,0.6861812576258235,0.0,0.013986013986013986,0.02125506072874494,False
6715,Plasma,Plasma,L-Dopa,0.105388746,0.002294858676616395,0.49908448464992644,0.6681630132484446,0.0,0.002997002997002997,0.005910424237117464,False
6716,Plasma,Plasma,L-Glutamate,-27.22976,-0.4192668381800228,0.6624894352946475,0.7071860422969666,0.0,0.11888111888111888,0.13728481150577468,False
6717,Plasma,Plasma,L-Lactate,-22.106432,-0.4813714868175975,0.6848737510427121,0.7230614099216933,0.0,0.07992007992007992,0.09638812284130766,False
6718,Plasma,Plasma,L-Lysine,-14.334502,-0.31213633474005725,0.6225315430591885,0.6861812576258235,0.0,0.013986013986013986,0.02125506072874494,False
6719,Plasma,Plasma,L-Ornithine,-14.334502,-0.31213633474005725,0.6225315430591885,0.6861812576258235,0.0,0.013986013986013986,0.02125506072874494,False
6720,Plasma,Plasma,Lithocholic acid,-2.4107456,-0.0524944145592008,0.5209326271317274,0.6681630132484446,0.0,0.000999000999000999,0.002206206795116929,False
6721,Plasma,Plasma,Manganese,18.589468,0.4047889712454397,0.3428163181302626,0.6681630132484446,56.06302,0.36163836163836166,0.3775465269891302,False
6722,Plasma,Plasma,N-Desmethylcitalopram,-4.132095,-0.08997710032855229,0.5358472938531973,0.6681630132484446,0.0,0.059940059940059943,0.07529175555276697,False
6723,Plasma,Plasma,N-Desmethyleletriptan,-4.132095,-0.08997710032855229,0.5358472938531973,0.6681630132484446,0.0,0.059940059940059943,0.07529175555276697,False
6724,Plasma,Plasma,N-Desmethyltamoxifen,-23.66784,-0.29754981873272285,0.6169766103164209,0.6849804404826654,0.0,0.1088911088911089,0.12686876002276137,False
6725,Plasma,Plasma,N-desmethylimatinib,-22.694145,-0.24708452357872224,0.5975785945685953,0.6770266346377942,0.0,0.11888111888111888,0.13728481150577468,False
6726,Plasma,Plasma,Neurotransmitter,4.580557,0.09974244032737074,0.4602744030066612,0.6681630132484446,31.637688,0.3116883116883117,0.3306764957917102,False
6727,Plasma,Plasma,Nicotinate,-50.256065,-0.4894013825696613,0.6877212212775742,0.7255150043314947,16.06665,0.4775224775224775,0.4929585534382197,False
6728,Plasma,Plasma,Norepinephrine,-11.293569,-0.24591946467886075,0.5971277120928276,0.6770266346377942,0.0,0.1938061938061938,0.21441202475685234,False
6729,Plasma,Plasma,O-Deethylated candesartan,-4.132095,-0.08997710032855229,0.5358472938531973,0.6681630132484446,0.0,0.059940059940059943,0.07529175555276697,False
6730,Plasma,Plasma,O-Desmethylverapamil (D-702),-106.48326,-0.5986836858662837,0.7253080808647998,0.7473067202487456,0.0,0.6373626373626373,0.6480227518959913,False
6731,Plasma,Plasma,Oxalic acid,-22.606188,-0.4922537595198097,0.6887300177627419,0.7263580920858015,0.0,0.10589410589410589,0.12373059414030582,False
6732,Plasma,Plasma,Phosphate,-2.9856422,-0.06501288968399756,0.5259181312581358,0.6681630132484446,0.0,0.01998001998001998,0.02902757619738752,False
6733,Plasma,Plasma,Progesterone,-3.1584024,-0.04863110964106905,0.5193933613100074,0.6681630132484446,0.0,0.06993006993006994,0.08563622276292361,False
6734,Plasma,Plasma,Pyruvate,-22.106432,-0.4813714868175975,0.6848737510427121,0.7230614099216933,0.0,0.07992007992007992,0.09638812284130766,False
6735,Plasma,Plasma,Sodium,-94.58873,-0.7282091145235485,0.7667572063622734,0.7798103082023121,110.017456,0.9110889110889111,0.9122736821046313,False
6736,Plasma,Plasma,Sodium_hydrogen exchange,-19.686213,-0.2474931893979144,0.5977367191678405,0.6770266346377942,0.0,0.09490509490509491,0.11234921552653018,False
6737,Plasma,Plasma,Sulfolithocholic acid,-2.4107456,-0.0524944145592008,0.5209326271317274,0.6681630132484446,0.0,0.000999000999000999,0.002206206795116929,False
6738,Plasma,Plasma,Taurocholic acid,-136.50629,-0.8244089286237979,0.7951463783524988,0.8026750767637023,0.0,0.5254745254745254,0.540528196755004,False
6739,Plasma,Plasma,Testosterone,-42.0872,-0.37414170442790384,0.6458505537630715,0.6972855373167428,0.0,0.23376623376623376,0.2538787023977433,False
6740,Plasma,Plasma,Trihydroxycoprostanoic acid,-2.4107456,-0.0524944145592008,0.5209326271317274,0.6681630132484446,0.0,0.000999000999000999,0.002206206795116929,False
6741,Plasma,Plasma,Urea,-8.73897,-0.19029262138119668,0.5754600823504855,0.6705798504605456,0.0,0.011988011988011988,0.01879993733354222,False
6742,Plasma,Plasma,Ursocholic acid,-2.4107456,-0.0524944145592008,0.5209326271317274,0.6681630132484446,0.0,0.000999000999000999,0.002206206795116929,False
6743,Plasma,Plasma,Ursodeoxycholic acid,-2.4107456,-0.0524944145592008,0.5209326271317274,0.6681630132484446,0.0,0.000999000999000999,0.002206206795116929,False
6744,Plasma,Plasma,Ursodeoxycholic acid 3-sulfate,-2.4107456,-0.0524944145592008,0.5209326271317274,0.6681630132484446,0.0,0.000999000999000999,0.002206206795116929,False
6745,Plasma,Plasma,Varanic acid,-2.4107456,-0.0524944145592008,0.5209326271317274,0.6681630132484446,0.0,0.000999000999000999,0.002206206795116929,False
6746,Plasma,Plasma,Vitamin D3,-5.937919,-0.1292992451243619,0.5514395656378989,0.6681630132484446,0.0,0.028971028971028972,0.03983516483516483,False
6747,Plasma,Plasma,Water,-42.01362,-0.45742700641942835,0.6763179216680375,0.7180553355711129,0.0,0.3146853146853147,0.3326371614962219,False
6748,Plasma,Plasma,Zinc,18.589468,0.4047889712454397,0.3428163181302626,0.6681630132484446,56.06302,0.36163836163836166,0.3775465269891302,False
6749,Plasma,Plasma,alpha-Ketoisovaleric acid,-22.106432,-0.4813714868175975,0.6848737510427121,0.7230614099216933,0.0,0.07992007992007992,0.09638812284130766,False
6750,Plasma,T,"(3a,5b,7a)-23-Carboxy-7-hydroxy-24-norcholan-3-yl-b-D-Glucopyranosiduronic acid",0.72117406,0.03174791779443406,0.48733654062685255,0.6681630132484446,0.0,0.004995004995004995,0.008926091958582932,False
6751,Plasma,T,17a-Ethynylestradiol,-7.0458975,-0.3101783412755878,0.6217873300003465,0.6861812576258235,0.0,0.17482517482517482,0.1948437538659475,False
6752,Plasma,T,"1b,3a,12a-Trihydroxy-5b-cholanoic acid",0.72117406,0.03174791779443406,0.48733654062685255,0.6681630132484446,0.0,0.004995004995004995,0.008926091958582932,False
6753,Plasma,T,2-Hydroxychlorpropamide,-15.945031,-0.40526574278925254,0.6573589076492967,0.7044571251593916,0.0,0.1968031968031968,0.2175540203933887,False
6754,Plasma,T,25-Hydroxycholesterol,-4.77619,-0.21026003208914645,0.5832676361214256,0.6745735511217422,0.0,0.14285714285714285,0.1622684805769546,False
6755,Plasma,T,"3',4'-Dihydrodiol",-7.0458975,-0.3101783412755878,0.6217873300003465,0.6861812576258235,0.0,0.17482517482517482,0.1948437538659475,False
6756,Plasma,T,3-Sulfodeoxycholic acid,0.72117406,0.03174791779443406,0.48733654062685255,0.6681630132484446,0.0,0.004995004995004995,0.008926091958582932,False
6757,Plasma,T,"3alpha,7alpha-Dihydroxycoprostanic acid",0.72117406,0.03174791779443406,0.48733654062685255,0.6681630132484446,0.0,0.004995004995004995,0.008926091958582932,False
6758,Plasma,T,3b-Hydroxy-5-cholenoic acid,0.72117406,0.03174791779443406,0.48733654062685255,0.6681630132484446,0.0,0.004995004995004995,0.008926091958582932,False
6759,Plasma,T,4'-Hydroxydiclofenac,-7.0458975,-0.3101783412755878,0.6217873300003465,0.6861812576258235,0.0,0.17482517482517482,0.1948437538659475,False
6760,Plasma,T,4-Hydroxycyclophosphamide,-7.0458975,-0.3101783412755878,0.6217873300003465,0.6861812576258235,0.0,0.17482517482517482,0.1948437538659475,False
6761,Plasma,T,4-ene-Valproic acid,-10.586214,-0.2690637517052589,0.6060596879668043,0.6809328206241818,0.0,0.35664335664335667,0.3727810650887574,False
6762,Plasma,T,5-Hydroxyomeprazole,-8.515413,-0.15304010490327635,0.5608166756728807,0.6681630132484446,0.0,0.22977022977022976,0.24985214064140784,False
6763,Plasma,T,8-Hydroxycarvedilol,-7.0458975,-0.3101783412755878,0.6217873300003465,0.6861812576258235,0.0,0.17482517482517482,0.1948437538659475,False
6764,Plasma,T,Acetate,-2.25393,-0.057286852772994605,0.5228416534392836,0.6681630132484446,0.0,0.15784215784215785,0.17809282869523835,False
6765,Plasma,T,Acetyl-L-Carnitine,-2.4842505,-0.10936303221634525,0.5435427230750443,0.6681630132484446,0.0,0.21478521478521478,0.23458810692853246,False
6766,Plasma,T,Adenosine diphosphate ribose,15.54589,0.6843696405986114,0.24687089087176856,0.6681630132484446,40.312237,0.3776223776223776,0.39346309982304567,False
6767,Plasma,T,Adenosine triphosphate,-23.516708,-1.0352653600852162,0.8497274988459984,0.8544172959942226,21.579039,0.6083916083916084,0.6193850222056481,False
6768,Plasma,T,Amiloride-sensitive sodium transport,-1.8718878,-0.08240526563798199,0.532837775540032,0.6681630132484446,0.0,0.02097902097902098,0.030000952411187658,False
6769,Plasma,T,Anion exchange,-2.3198097,-0.05896127648571448,0.5235085243432305,0.6681630132484446,0.0,0.41358641358641357,0.4290649470290189,False
6770,Plasma,T,Butyrate,-3.5615566,-0.156788785837527,0.5622943444271546,0.6681630132484446,0.0,0.04695304695304695,0.061162521688837485,False
6771,Plasma,T,Cadmium,18.556833,0.8169190334325108,0.20698734994282736,0.6681630132484446,16.662642,0.2627372627372627,0.2818964593233056,False
6772,Plasma,T,Chenodeoxycholic acid,0.72117406,0.03174791779443406,0.48733654062685255,0.6681630132484446,0.0,0.004995004995004995,0.008926091958582932,False
6773,Plasma,T,Chenodeoxycholic acid 3-sulfate,0.72117406,0.03174791779443406,0.48733654062685255,0.6681630132484446,0.0,0.004995004995004995,0.008926091958582932,False
6774,Plasma,T,Chloride,-2.792545,-0.12293494234019946,0.5489206922524638,0.6681630132484446,0.0,0.1978021978021978,0.21851892727072064,False
6775,Plasma,T,Chloride ion,5.140013,0.22627646481243277,0.4104932010348727,0.6681630132484446,0.0,0.47952047952047955,0.4949474118374923,False
6776,Plasma,T,Cholesterol,-8.392285,-0.1847248809974019,0.5732775850973609,0.6695001120196682,0.0,0.19480519480519481,0.215414073719483,False
6777,Plasma,T,Cholic acid,-7.973152,-0.20264905092376817,0.5802953258731245,0.6730454574561929,0.0,0.22377622377622378,0.2436400990996435,False
6778,Plasma,T,Choline,-2.4842505,-0.10936303221634525,0.5435427230750443,0.6681630132484446,0.0,0.21478521478521478,0.23458810692853246,False
6779,Plasma,T,Citric acid,1.6447165,0.07240460670809558,0.4711399593982,0.6681630132484446,0.0,0.06893106893106893,0.08454731109598367,False
6780,Plasma,T,Coprocholic acid,0.72117406,0.03174791779443406,0.48733654062685255,0.6681630132484446,0.0,0.004995004995004995,0.008926091958582932,False
6781,Plasma,T,Cortisol,-7.8831635,-0.20036185935847953,0.5794012067741198,0.6727966425845593,0.0,0.18081918081918083,0.20107139330502619,False
6782,Plasma,T,Creatine,-2.4842505,-0.10936303221634525,0.5435427230750443,0.6681630132484446,0.0,0.21478521478521478,0.23458810692853246,False
6783,Plasma,T,D-Lactate,-3.5615566,-0.156788785837527,0.5622943444271546,0.6681630132484446,0.0,0.04695304695304695,0.061162521688837485,False
6784,Plasma,T,Deoxycholic acid,0.72117406,0.03174791779443406,0.48733654062685255,0.6681630132484446,0.0,0.004995004995004995,0.008926091958582932,False
6785,Plasma,T,Dopamine,-2.4842505,-0.10936303221634525,0.5435427230750443,0.6681630132484446,0.0,0.21478521478521478,0.23458810692853246,False
6786,Plasma,T,E-3179,-7.0458975,-0.3101783412755878,0.6217873300003465,0.6861812576258235,0.0,0.17482517482517482,0.1948437538659475,False
6787,Plasma,T,Estradiol,-6.5587797,-0.12912584956902942,0.5513709658834042,0.6681630132484446,0.0,0.24675324675324675,0.26594090202177295,False
6788,Plasma,T,Estriol,-7.0458975,-0.3101783412755878,0.6217873300003465,0.6861812576258235,0.0,0.17482517482517482,0.1948437538659475,False
6789,Plasma,T,Fatty acid,-11.149581,-0.21950716069915505,0.5868724987752828,0.6763722628492782,86.64276,0.7632367632367633,0.7701267864342995,False
6790,Plasma,T,Folic acid,0.49923113,0.01268867226215844,0.494938087982833,0.6681630132484446,0.0,0.007992007992007992,0.01321828529465761,False
6791,Plasma,T,Folinic acid,0.72117406,0.03174791779443406,0.48733654062685255,0.6681630132484446,0.0,0.004995004995004995,0.008926091958582932,False
6792,Plasma,T,Glutathione,0.72117406,0.03174791779443406,0.48733654062685255,0.6681630132484446,0.0,0.004995004995004995,0.008926091958582932,False
6793,Plasma,T,Glycerol,-7.0458975,-0.3101783412755878,0.6217873300003465,0.6861812576258235,0.0,0.17482517482517482,0.1948437538659475,False
6794,Plasma,T,Glycochenodeoxycholate-3-sulfate,0.72117406,0.03174791779443406,0.48733654062685255,0.6681630132484446,0.0,0.004995004995004995,0.008926091958582932,False
6795,Plasma,T,Glycyl-glycine,-3.0105479,-0.1325319803138056,0.5527182352562561,0.6681630132484446,0.0,0.004995004995004995,0.008926091958582932,False
6796,Plasma,T,Histamine,-2.4842505,-0.10936303221634525,0.5435427230750443,0.6681630132484446,0.0,0.21478521478521478,0.23458810692853246,False
6797,Plasma,T,Hydroxylansoprazole,-7.8831635,-0.20036185935847953,0.5794012067741198,0.6727966425845593,0.0,0.18081918081918083,0.20107139330502619,False
6798,Plasma,T,Hyodeoxycholic acid,0.72117406,0.03174791779443406,0.48733654062685255,0.6681630132484446,0.0,0.004995004995004995,0.008926091958582932,False
6799,Plasma,T,Iron,-19.549973,-0.6085640632478433,0.7285932846920007,0.7500224989476477,34.61062,0.7642357642357642,0.7710225427505963,False
6800,Plasma,T,Isoursodeoxycholic acid,0.72117406,0.03174791779443406,0.48733654062685255,0.6681630132484446,0.0,0.004995004995004995,0.008926091958582932,False
6801,Plasma,T,Ketone bodies,-3.5615566,-0.156788785837527,0.5622943444271546,0.6681630132484446,0.0,0.04695304695304695,0.061162521688837485,False
6802,Plasma,T,L-Arginine,-1.0419035,-0.0458672438585443,0.518291968849505,0.6681630132484446,0.0,0.023976023976023976,0.033736821554080434,False
6803,Plasma,T,L-Carnitine,-8.1287155,-0.1789233735641321,0.5710010652589155,0.6688655124419435,0.0,0.35264735264735264,0.3688824383164006,False
6804,Plasma,T,L-Cystine,-1.0419035,-0.0458672438585443,0.518291968849505,0.6681630132484446,0.0,0.023976023976023976,0.033736821554080434,False
6805,Plasma,T,L-Dopa,-3.0105479,-0.1325319803138056,0.5527182352562561,0.6681630132484446,0.0,0.004995004995004995,0.008926091958582932,False
6806,Plasma,T,L-Glutamate,-3.5615566,-0.11086641367972067,0.5441388603135601,0.6681630132484446,0.0,0.04695304695304695,0.061162521688837485,False
6807,Plasma,T,L-Lactate,-3.5615566,-0.156788785837527,0.5622943444271546,0.6681630132484446,0.0,0.04695304695304695,0.061162521688837485,False
6808,Plasma,T,L-Lysine,-1.0419035,-0.0458672438585443,0.518291968849505,0.6681630132484446,0.0,0.023976023976023976,0.033736821554080434,False
6809,Plasma,T,L-Ornithine,-1.0419035,-0.0458672438585443,0.518291968849505,0.6681630132484446,0.0,0.023976023976023976,0.033736821554080434,False
6810,Plasma,T,Lithocholic acid,0.72117406,0.03174791779443406,0.48733654062685255,0.6681630132484446,0.0,0.004995004995004995,0.008926091958582932,False
6811,Plasma,T,Manganese,18.556833,0.8169190334325108,0.20698734994282736,0.6681630132484446,16.662642,0.2627372627372627,0.2818964593233056,False
6812,Plasma,T,N-Desmethylcitalopram,-7.0458975,-0.3101783412755878,0.6217873300003465,0.6861812576258235,0.0,0.17482517482517482,0.1948437538659475,False
6813,Plasma,T,N-Desmethyleletriptan,-7.0458975,-0.3101783412755878,0.6217873300003465,0.6861812576258235,0.0,0.17482517482517482,0.1948437538659475,False
6814,Plasma,T,N-Desmethyltamoxifen,-7.8831635,-0.20036185935847953,0.5794012067741198,0.6727966425845593,0.0,0.18081918081918083,0.20107139330502619,False
6815,Plasma,T,N-desmethylimatinib,-8.203496,-0.1805693867505323,0.5716472066615433,0.6688655124419435,0.0,0.18581418581418582,0.20619572581141837,False
6816,Plasma,T,Neurotransmitter,0.67868596,0.029877483568463828,0.488082381670437,0.6681630132484446,0.0,0.023976023976023976,0.033736821554080434,False
6817,Plasma,T,Nicotinate,-9.278587,-0.18267200989146537,0.5724723104714262,0.6691632517473104,0.0,0.42857142857142855,0.4438798385891496,False
6818,Plasma,T,Norepinephrine,-2.4842505,-0.10936303221634525,0.5435427230750443,0.6681630132484446,0.0,0.21478521478521478,0.23458810692853246,False
6819,Plasma,T,O-Deethylated candesartan,-7.0458975,-0.3101783412755878,0.6217873300003465,0.6861812576258235,0.0,0.17482517482517482,0.1948437538659475,False
6820,Plasma,T,O-Desmethylverapamil (D-702),-25.552677,-0.290446352961891,0.6142626066549988,0.6849132570762552,0.0,0.5894105894105894,0.6010322814325169,False
6821,Plasma,T,Oxalic acid,1.6447165,0.07240460670809558,0.4711399593982,0.6681630132484446,0.0,0.06893106893106893,0.08454731109598367,False
6822,Plasma,T,Phosphate,0.315004,0.01386727747419842,0.4944679340060438,0.6681630132484446,0.0,0.002997002997002997,0.005910424237117464,False
6823,Plasma,T,Progesterone,-7.36623,-0.2293007245133781,0.5906824047991273,0.6770266346377942,0.0,0.1798201798201798,0.20008892841262782,False
6824,Plasma,T,Pyruvate,-3.5615566,-0.156788785837527,0.5622943444271546,0.6681630132484446,0.0,0.04695304695304695,0.061162521688837485,False
6825,Plasma,T,Sodium,-0.3404343,-0.005298628637886321,0.502113837100634,0.6681630132484446,35.892277,0.6803196803196803,0.6900783642586921,False
6826,Plasma,T,Sodium_hydrogen exchange,-3.500667,-0.08897445453766697,0.5354488940451928,0.6681630132484446,0.0,0.1848151848151848,0.2051199921155078,False
6827,Plasma,T,Sulfolithocholic acid,0.72117406,0.03174791779443406,0.48733654062685255,0.6681630132484446,0.0,0.004995004995004995,0.008926091958582932,False
6828,Plasma,T,Taurocholic acid,-18.736698,-0.2287686626527464,0.5904756377543171,0.6770266346377942,0.0,0.4005994005994006,0.41633980896128464,False
6829,Plasma,T,Testosterone,-10.07579,-0.1810834036028719,0.5718489443769504,0.6688655124419435,0.0,0.21478521478521478,0.23458810692853246,False
6830,Plasma,T,Trihydroxycoprostanoic acid,0.72117406,0.03174791779443406,0.48733654062685255,0.6681630132484446,0.0,0.004995004995004995,0.008926091958582932,False
6831,Plasma,T,Urea,-3.5779202,-0.157509154073887,0.562578202981776,0.6681630132484446,0.0,0.03396603396603397,0.045590667322218746,False
6832,Plasma,T,Ursocholic acid,0.72117406,0.03174791779443406,0.48733654062685255,0.6681630132484446,0.0,0.004995004995004995,0.008926091958582932,False
6833,Plasma,T,Ursodeoxycholic acid,0.72117406,0.03174791779443406,0.48733654062685255,0.6681630132484446,0.0,0.004995004995004995,0.008926091958582932,False
6834,Plasma,T,Ursodeoxycholic acid 3-sulfate,0.72117406,0.03174791779443406,0.48733654062685255,0.6681630132484446,0.0,0.004995004995004995,0.008926091958582932,False
6835,Plasma,T,Varanic acid,0.72117406,0.03174791779443406,0.48733654062685255,0.6681630132484446,0.0,0.004995004995004995,0.008926091958582932,False
6836,Plasma,T,Vitamin D3,-0.50912213,-0.022412852182740202,0.5089406858158432,0.6681630132484446,0.0,0.016983016983016984,0.025342874180083484,False
6837,Plasma,T,Water,16.03469,0.3529439524409594,0.3620652296151263,0.6681630132484446,15.803445,0.16783216783216784,0.18813926287235896,False
6838,Plasma,T,Zinc,18.556833,0.8169190334325108,0.20698734994282736,0.6681630132484446,16.662642,0.2627372627372627,0.2818964593233056,False
6839,Plasma,T,alpha-Ketoisovaleric acid,-3.5615566,-0.156788785837527,0.5622943444271546,0.6681630132484446,0.0,0.04695304695304695,0.061162521688837485,False
6840,T,T,"(3a,5b,7a)-23-Carboxy-7-hydroxy-24-norcholan-3-yl-b-D-Glucopyranosiduronic acid",-0.53346586,-0.03095482894569088,0.5123472181638536,0.6681630132484446,0.0,0.030969030969030968,0.04197445425687162,False
6841,T,T,17a-Ethynylestradiol,-8.091134,-0.46949521772130237,0.6806421488193655,0.7204597665065224,0.0,0.34765234765234765,0.3638771740266983,False
6842,T,T,"1b,3a,12a-Trihydroxy-5b-cholanoic acid",-0.53346586,-0.03095482894569088,0.5123472181638536,0.6681630132484446,0.0,0.030969030969030968,0.04197445425687162,False
6843,T,T,2-Hydroxychlorpropamide,-9.136634,-0.3060887515509667,0.6202314639314498,0.6861812576258235,0.0,0.39760239760239763,0.4133490272104134,False
6844,T,T,25-Hydroxycholesterol,37.261032,2.162104375746668,0.015305065916446802,0.6681630132484446,40.023342,0.02197802197802198,0.03133903133903134,True
6845,T,T,"3',4'-Dihydrodiol",-8.091134,-0.46949521772130237,0.6806421488193655,0.7204597665065224,0.0,0.34765234765234765,0.3638771740266983,False
6846,T,T,3-Sulfodeoxycholic acid,-0.53346586,-0.03095482894569088,0.5123472181638536,0.6681630132484446,0.0,0.030969030969030968,0.04197445425687162,False
6847,T,T,"3alpha,7alpha-Dihydroxycoprostanic acid",-0.53346586,-0.03095482894569088,0.5123472181638536,0.6681630132484446,0.0,0.030969030969030968,0.04197445425687162,False
6848,T,T,3b-Hydroxy-5-cholenoic acid,-0.53346586,-0.03095482894569088,0.5123472181638536,0.6681630132484446,0.0,0.030969030969030968,0.04197445425687162,False
6849,T,T,4'-Hydroxydiclofenac,-8.091134,-0.46949521772130237,0.6806421488193655,0.7204597665065224,0.0,0.34765234765234765,0.3638771740266983,False
6850,T,T,4-Hydroxycyclophosphamide,-8.091134,-0.46949521772130237,0.6806421488193655,0.7204597665065224,0.0,0.34765234765234765,0.3638771740266983,False
6851,T,T,4-ene-Valproic acid,32.763153,1.0976069262892971,0.13618808354589762,0.6681630132484446,56.35282,0.03396603396603397,0.045590667322218746,True
6852,T,T,5-Hydroxyomeprazole,-22.553616,-0.5342718884386248,0.7034232807211461,0.734366275293393,0.0,0.5134865134865135,0.5286675885398215,False
6853,T,T,8-Hydroxycarvedilol,-8.091134,-0.46949521772130237,0.6806421488193655,0.7204597665065224,0.0,0.34765234765234765,0.3638771740266983,False
6854,T,T,Acetate,-8.087268,-0.27093366790602597,0.6067789750624074,0.6816304582886178,0.0,0.07992007992007992,0.09638812284130766,False
6855,T,T,Acetyl-L-Carnitine,9.664177,0.5607724228720355,0.2874763442740096,0.6681630132484446,39.220154,0.054945054945054944,0.06980187548473525,False
6856,T,T,Adenosine diphosphate ribose,-4.099925,-0.2379017802553143,0.5940213626461136,0.6770266346377942,0.0,0.12487512487512488,0.14344183911563327,False
6857,T,T,Adenosine triphosphate,-5.644403,-0.3275214800559304,0.6283632503431779,0.6882499328083171,34.55772,0.5744255744255744,0.5864421377090793,False
6858,T,T,Amiloride-sensitive sodium transport,-1.5368111,-0.08917482541998249,0.5355285139705608,0.6681630132484446,0.0,0.0899100899100899,0.10676438023936309,False
6859,T,T,Anion exchange,3.1539116,0.10566001381711274,0.45792605352426896,0.6681630132484446,39.220154,0.2887112887112887,0.30857020832344706,False
6860,T,T,Butyrate,-1.8017697,-0.10454928392241168,0.5416332701884974,0.6681630132484446,0.0,0.023976023976023976,0.033736821554080434,False
6861,T,T,Cadmium,-9.831943,-0.5705071713459807,0.7158331202223904,0.7422899181716544,0.0,0.12687312687312688,0.14554391147670406,False
6862,T,T,Chenodeoxycholic acid,-0.53346586,-0.03095482894569088,0.5123472181638536,0.6681630132484446,0.0,0.030969030969030968,0.04197445425687162,False
6863,T,T,Chenodeoxycholic acid 3-sulfate,-0.53346586,-0.03095482894569088,0.5123472181638536,0.6681630132484446,0.0,0.030969030969030968,0.04197445425687162,False
6864,T,T,Chloride,-8.050856,-0.46715802588548916,0.6798065891238844,0.7204597665065224,0.0,0.057942057942057944,0.07335375621820635,False
6865,T,T,Chloride ion,-10.865847,-0.6305003706684532,0.735816369826655,0.755262843618189,14.725424,0.6633366633366633,0.6734431697807027,False
6866,T,T,Cholesterol,-18.447905,-0.5352279979605195,0.703753895919996,0.7344901353502368,0.0,0.3646353646353646,0.3804461121534292,False
6867,T,T,Cholic acid,-11.313366,-0.37901201946087115,0.647660530831172,0.6982265181530443,0.0,0.4995004995004995,0.5151098901098902,False
6868,T,T,Choline,9.664177,0.5607724228720355,0.2874763442740096,0.6681630132484446,39.220154,0.054945054945054944,0.06980187548473525,False
6869,T,T,Citric acid,-4.237127,-0.24586303535764686,0.5971058704336788,0.6770266346377942,0.0,0.01898101898101898,0.02770980862407026,False
6870,T,T,Coprocholic acid,-0.53346586,-0.03095482894569088,0.5123472181638536,0.6681630132484446,0.0,0.030969030969030968,0.04197445425687162,False
6871,T,T,Cortisol,-16.597065,-0.5560225973032507,0.710902296500973,0.7384764799243769,0.0,0.36163836163836166,0.3775465269891302,False
6872,T,T,Creatine,9.664177,0.5607724228720355,0.2874763442740096,0.6681630132484446,39.220154,0.054945054945054944,0.06980187548473525,False
6873,T,T,D-Lactate,-1.8017697,-0.10454928392241168,0.5416332701884974,0.6681630132484446,0.0,0.023976023976023976,0.033736821554080434,False
6874,T,T,Deoxycholic acid,-0.53346586,-0.03095482894569088,0.5123472181638536,0.6681630132484446,0.0,0.030969030969030968,0.04197445425687162,False
6875,T,T,Dopamine,9.664177,0.5607724228720355,0.2874763442740096,0.6681630132484446,39.220154,0.054945054945054944,0.06980187548473525,False
6876,T,T,E-3179,-8.091134,-0.46949521772130237,0.6806421488193655,0.7204597665065224,0.0,0.34765234765234765,0.3638771740266983,False
6877,T,T,Estradiol,-20.64275,-0.5356786304428321,0.7039096624754575,0.7345420811556874,0.0,0.3876123876123876,0.40350816376052967,False
6878,T,T,Estriol,-8.091134,-0.46949521772130237,0.6806421488193655,0.7204597665065224,0.0,0.34765234765234765,0.3638771740266983,False
6879,T,T,Fatty acid,-8.2909565,-0.21515002930511298,0.5851748253205263,0.6749769539732436,303.49365,0.03696303696303696,0.04934576115466117,True
6880,T,T,Folic acid,-6.3575854,-0.21298712570123313,0.5843314977481201,0.6747555253183246,0.0,0.03796203796203796,0.050494610955263544,False
6881,T,T,Folinic acid,-0.53346586,-0.03095482894569088,0.5123472181638536,0.6681630132484446,0.0,0.030969030969030968,0.04197445425687162,False
6882,T,T,Glutathione,-0.53346586,-0.03095482894569088,0.5123472181638536,0.6681630132484446,0.0,0.030969030969030968,0.04197445425687162,False
6883,T,T,Glycerol,-8.091134,-0.46949521772130237,0.6806421488193655,0.7204597665065224,0.0,0.34765234765234765,0.3638771740266983,False
6884,T,T,Glycochenodeoxycholate-3-sulfate,-0.53346586,-0.03095482894569088,0.5123472181638536,0.6681630132484446,0.0,0.030969030969030968,0.04197445425687162,False
6885,T,T,Glycyl-glycine,0.07714177,0.004476219454632483,0.4982142527665598,0.6681630132484446,0.0,0.002997002997002997,0.005910424237117464,False
6886,T,T,Histamine,9.664177,0.5607724228720355,0.2874763442740096,0.6681630132484446,39.220154,0.054945054945054944,0.06980187548473525,False
6887,T,T,Hydroxylansoprazole,-16.597065,-0.5560225973032507,0.710902296500973,0.7384764799243769,0.0,0.36163836163836166,0.3775465269891302,False
6888,T,T,Hyodeoxycholic acid,-0.53346586,-0.03095482894569088,0.5123472181638536,0.6681630132484446,0.0,0.030969030969030968,0.04197445425687162,False
6889,T,T,Iron,46.942593,1.9260779053786001,0.027047323495095022,0.6681630132484446,61.04826,0.08891108891108891,0.105650522317189,False
6890,T,T,Isoursodeoxycholic acid,-0.53346586,-0.03095482894569088,0.5123472181638536,0.6681630132484446,0.0,0.030969030969030968,0.04197445425687162,False
6891,T,T,Ketone bodies,-1.8017697,-0.10454928392241168,0.5416332701884974,0.6681630132484446,0.0,0.023976023976023976,0.033736821554080434,False
6892,T,T,L-Arginine,-3.535419,-0.20514581670865153,0.5812708994903557,0.6730505151993592,0.0,0.01098901098901099,0.017442475069593715,False
6893,T,T,L-Carnitine,9.312626,0.27018668080914265,0.39350831947521625,0.6681630132484446,39.220154,0.07992007992007992,0.09638812284130766,False
6894,T,T,L-Cystine,-3.535419,-0.20514581670865153,0.5812708994903557,0.6730505151993592,0.0,0.01098901098901099,0.017442475069593715,False
6895,T,T,L-Dopa,0.07714177,0.004476219454632483,0.4982142527665598,0.6681630132484446,0.0,0.002997002997002997,0.005910424237117464,False
6896,T,T,L-Glutamate,-1.8017697,-0.07392750762973499,0.5294659660954643,0.6681630132484446,0.0,0.023976023976023976,0.033736821554080434,False
6897,T,T,L-Lactate,-1.8017697,-0.10454928392241168,0.5416332701884974,0.6681630132484446,0.0,0.023976023976023976,0.033736821554080434,False
6898,T,T,L-Lysine,-3.535419,-0.20514581670865153,0.5812708994903557,0.6730505151993592,0.0,0.01098901098901099,0.017442475069593715,False
6899,T,T,L-Ornithine,-3.535419,-0.20514581670865153,0.5812708994903557,0.6730505151993592,0.0,0.01098901098901099,0.017442475069593715,False
6900,T,T,Lithocholic acid,-0.53346586,-0.03095482894569088,0.5123472181638536,0.6681630132484446,0.0,0.030969030969030968,0.04197445425687162,False
6901,T,T,Manganese,-9.831943,-0.5705071713459807,0.7158331202223904,0.7422899181716544,0.0,0.12687312687312688,0.14554391147670406,False
6902,T,T,N-Desmethylcitalopram,-8.091134,-0.46949521772130237,0.6806421488193655,0.7204597665065224,0.0,0.34765234765234765,0.3638771740266983,False
6903,T,T,N-Desmethyleletriptan,-8.091134,-0.46949521772130237,0.6806421488193655,0.7204597665065224,0.0,0.34765234765234765,0.3638771740266983,False
6904,T,T,N-Desmethyltamoxifen,-16.597065,-0.5560225973032507,0.710902296500973,0.7384764799243769,0.0,0.36163836163836166,0.3775465269891302,False
6905,T,T,N-desmethylimatinib,-16.405622,-0.4759753843688078,0.6829540425903264,0.7224715367185525,0.0,0.37362637362637363,0.3895337399173716,False
6906,T,T,Neurotransmitter,0.32385632,0.01879204991364694,0.4925034979771738,0.6681630132484446,0.0,0.000999000999000999,0.002206206795116929,False
6907,T,T,Nicotinate,26.477657,0.6870942755341111,0.24601166067077473,0.6681630132484446,56.35282,0.04695304695304695,0.061162521688837485,False
6908,T,T,Norepinephrine,9.664177,0.5607724228720355,0.2874763442740096,0.6681630132484446,39.220154,0.054945054945054944,0.06980187548473525,False
6909,T,T,O-Deethylated candesartan,-8.091134,-0.46949521772130237,0.6806421488193655,0.7204597665065224,0.0,0.34765234765234765,0.3638771740266983,False
6910,T,T,O-Desmethylverapamil (D-702),-27.853958,-0.4173141053383088,0.6617756637083211,0.7065329455397727,55.516853,0.3276723276723277,0.34594290535789624,False
6911,T,T,Oxalic acid,-4.237127,-0.24586303535764686,0.5971058704336788,0.6770266346377942,0.0,0.01898101898101898,0.02770980862407026,False
6912,T,T,Phosphate,-4.503694,-0.2613308348883478,0.6030813051421295,0.678960904270804,0.0,0.000999000999000999,0.002206206795116929,False
6913,T,T,Progesterone,-7.899692,-0.32412829125538084,0.6270795455867905,0.6869524582542615,0.0,0.36063936063936064,0.3768442052519254,False
6914,T,T,Pyruvate,-1.8017697,-0.10454928392241168,0.5416332701884974,0.6681630132484446,0.0,0.023976023976023976,0.033736821554080434,False
6915,T,T,Sodium,35.61545,0.7306598442555424,0.2324934743868775,0.6681630132484446,157.01245,0.14285714285714285,0.1622684805769546,False
6916,T,T,Sodium_hydrogen exchange,17.205412,0.5764029865892354,0.28217141309444865,0.6681630132484446,48.890106,0.04995004995004995,0.06423340993762222,False
6917,T,T,Sulfolithocholic acid,-0.53346586,-0.03095482894569088,0.5123472181638536,0.6681630132484446,0.0,0.030969030969030968,0.04197445425687162,False
6918,T,T,Taurocholic acid,-45.519154,-0.7325618149640815,0.7680871360551869,0.7807045838753952,0.0,0.6443556443556444,0.6547484773291226,False
6919,T,T,Testosterone,-22.230957,-0.5266284404814772,0.7007741810549752,0.7322625263436336,0.0,0.43156843156843155,0.4468503258283626,False
6920,T,T,Trihydroxycoprostanoic acid,-0.53346586,-0.03095482894569088,0.5123472181638536,0.6681630132484446,0.0,0.030969030969030968,0.04197445425687162,False
6921,T,T,Urea,-7.657066,-0.44430802595518915,0.6715900503306954,0.7153579847512633,0.0,0.055944055944055944,0.07101892428875393,False
6922,T,T,Ursocholic acid,-0.53346586,-0.03095482894569088,0.5123472181638536,0.6681630132484446,0.0,0.030969030969030968,0.04197445425687162,False
6923,T,T,Ursodeoxycholic acid,-0.53346586,-0.03095482894569088,0.5123472181638536,0.6681630132484446,0.0,0.030969030969030968,0.04197445425687162,False
6924,T,T,Ursodeoxycholic acid 3-sulfate,-0.53346586,-0.03095482894569088,0.5123472181638536,0.6681630132484446,0.0,0.030969030969030968,0.04197445425687162,False
6925,T,T,Varanic acid,-0.53346586,-0.03095482894569088,0.5123472181638536,0.6681630132484446,0.0,0.030969030969030968,0.04197445425687162,False
6926,T,T,Vitamin D3,-1.8508391,-0.10739657956650059,0.5427628160377738,0.6681630132484446,0.0,0.006993006993006993,0.011945165999886237,False
6927,T,T,Water,7.4201746,0.21528110015377264,0.4147740820319423,0.6681630132484446,0.0,0.07492507492507493,0.09142996464708034,False
6928,T,T,Zinc,-9.831943,-0.5705071713459807,0.7158331202223904,0.7422899181716544,0.0,0.12687312687312688,0.14554391147670406,False
6929,T,T,alpha-Ketoisovaleric acid,-1.8017697,-0.10454928392241168,0.5416332701884974,0.6681630132484446,0.0,0.023976023976023976,0.033736821554080434,False
      