,Cell Type 1,Cell Type 2,metabolite,C_p,Z,Z_pval,Z_FDR,C_np,pval_np,FDR_np,selected
0,CD4,CD4,"(3a,5b,7a)-23-Carboxy-7-hydroxy-24-norcholan-3-yl-b-D-Glucopyranosiduronic acid",-23.88424,-0.15362260284310075,0.5610463429980614,0.768790652539845,69.17382,0.2987012987012987,0.41215999999999997,False
1,CD4,CD4,17a-Ethynylestradiol,-45.636223,-0.33893995512342184,0.63267251788371,0.7699394468702871,0.0,0.0919080919080919,0.17466183001661184,False
2,CD4,CD4,"1b,3a,12a-Trihydroxy-5b-cholanoic acid",-23.88424,-0.15362260284310075,0.5610463429980614,0.768790652539845,69.17382,0.2987012987012987,0.41215999999999997,False
3,CD4,CD4,2-Hydroxychlorpropamide,-39.020424,-0.354936520871314,0.6386814261311631,0.7716431239780261,0.0,0.07192807192807193,0.14861228852604033,False
4,CD4,CD4,25-Hydroxycholesterol,301.23273,3.875037024190437,5.330424456588315e-05,0.0005923915014641447,4951.931,0.000999000999000999,0.005797701625427063,True
5,CD4,CD4,"3',4'-Dihydrodiol",-55.974625,-0.360026855306677,0.6405864746534271,0.7719104793751966,0.0,0.0999000999000999,0.18448361060780763,False
6,CD4,CD4,3-Sulfodeoxycholic acid,-23.88424,-0.15362260284310075,0.5610463429980614,0.768790652539845,69.17382,0.2987012987012987,0.41215999999999997,False
7,CD4,CD4,"3alpha,7alpha-Dihydroxycoprostanic acid",-23.88424,-0.15362260284310075,0.5610463429980614,0.768790652539845,69.17382,0.2987012987012987,0.41215999999999997,False
8,CD4,CD4,3b-Hydroxy-5-cholenoic acid,-23.88424,-0.15362260284310075,0.5610463429980614,0.768790652539845,69.17382,0.2987012987012987,0.41215999999999997,False
9,CD4,CD4,4'-Hydroxydiclofenac,317.35477,1.8257181236097393,0.033946365893390604,0.21368865654350405,813.7822,0.08291708291708291,0.16222253245846713,False
10,CD4,CD4,4-Hydroxycyclophosphamide,-35.907585,-0.4619126986789205,0.6779280364223439,0.7782149353655358,0.0,0.07192807192807193,0.14861228852604033,False
11,CD4,CD4,4-Hydroxyvalsartan,-7.7333593,-0.07034397333732767,0.5280400582464196,0.768790652539845,0.0,0.002997002997002997,0.01360323886639676,False
12,CD4,CD4,4-ene-Valproic acid,-84.418,-0.7678807140604902,0.7787209718900792,0.823404813827862,0.0,0.2897102897102897,0.4044126802300969,False
13,CD4,CD4,5-Hydroxyomeprazole,-74.99362,-0.4823563893599827,0.685223602166324,0.7782149353655358,69.17382,0.3306693306693307,0.44474302989586834,False
14,CD4,CD4,5-Methyltetrahydrofolic acid,29.172426,0.3752720788649814,0.3537290645778368,0.768790652539845,25.548752,0.6783216783216783,0.7448238036473331,False
15,CD4,CD4,8-Hydroxycarvedilol,-35.907585,-0.4619126986789205,0.6779280364223439,0.7782149353655358,0.0,0.07192807192807193,0.14861228852604033,False
16,CD4,CD4,ADP,-10.47241,-0.09525885348665021,0.537945387929044,0.768790652539845,27.065346,0.5884115884115884,0.6758739395926396,False
17,CD4,CD4,Acetate,301.5342,1.9394576413467244,0.026222818798142106,0.17530665838385853,48276.906,0.22277722277722278,0.3359969865741114,False
18,CD4,CD4,Acetyl-L-Carnitine,-43.337997,-0.5574970099198026,0.7114060492791463,0.7847487553061343,0.0,0.14485514485514486,0.2423808244530014,False
19,CD4,CD4,Acetylcholine,-16.128061,-0.20747026811027858,0.5821786949431383,0.768790652539845,0.0,0.003996003996003996,0.01628617129562309,False
20,CD4,CD4,Adenine,-41.616688,-0.5353542011515505,0.7037975233648297,0.7823047154025067,175.78569,0.4355644355644356,0.5504554062584543,False
21,CD4,CD4,Adenosine,76.38693,0.9826362294957023,0.162893253371851,0.6773343380322291,312.41013,0.7682317682317682,0.825676815706726,False
22,CD4,CD4,Adenosine diphosphate ribose,199.60744,2.5677363039866674,0.005118249654803447,0.04227948756994725,337.82184,0.000999000999000999,0.005797701625427063,True
23,CD4,CD4,Adenosine triphosphate,212.02802,1.3637568813728016,0.08632204757191864,0.43331859037265796,3269.3672,0.001998001998001998,0.010183669758137844,True
24,CD4,CD4,Adenosylcobalamin,-7.398889,-0.09517879861407333,0.5379135951095927,0.768790652539845,0.0,0.012987012987012988,0.03929824561403509,False
25,CD4,CD4,Amiloride-sensitive sodium transport,151.92377,1.12833691300163,0.129588829926862,0.5759706298424389,36.987343,0.22277722277722278,0.3359969865741114,False
26,CD4,CD4,Anion exchange,47.964314,0.6170096207656754,0.2686141899866789,0.768790652539845,36.491665,0.25074925074925075,0.36258577103647527,False
27,CD4,CD4,Betaine,-13.435127,-0.17282855040464853,0.5686069026260254,0.768790652539845,0.0,0.01998001998001998,0.05547575412353262,False
28,CD4,CD4,Bilirubin,-8.588133,-0.07811914104664626,0.5311333593157879,0.768790652539845,0.0,0.006993006993006993,0.024817980373535928,False
29,CD4,CD4,Butyrate,-41.079998,-0.5284502611172768,0.7014065696767648,0.7823047154025067,0.0,0.16883116883116883,0.2709341272794939,False
30,CD4,CD4,Cadmium,75.66493,0.9733484697231035,0.16519007018986015,0.6827077902474281,135.79779,0.23876123876123875,0.35248760785753624,False
31,CD4,CD4,Calcidiol,-10.039965,-0.09132525422733723,0.5363829240689023,0.768790652539845,0.0,0.01998001998001998,0.05547575412353262,False
32,CD4,CD4,Calcium,-7.398889,-0.09517879861407333,0.5379135951095927,0.768790652539845,0.0,0.012987012987012988,0.03929824561403509,False
33,CD4,CD4,Calcium release-activated calcium transport,242.55078,1.8014232072057037,0.035818100517301985,0.22286818099654568,341.13684,0.17382617382617382,0.27485825505627487,False
34,CD4,CD4,Chenodeoxycholic acid,-23.88424,-0.15362260284310075,0.5610463429980614,0.768790652539845,69.17382,0.2987012987012987,0.41215999999999997,False
35,CD4,CD4,Chenodeoxycholic acid 3-sulfate,-23.88424,-0.15362260284310075,0.5610463429980614,0.768790652539845,69.17382,0.2987012987012987,0.41215999999999997,False
36,CD4,CD4,Chloride,-199.21298,-1.0462024061086765,0.8522662038695555,0.8762450813270204,93.603424,0.9110889110889111,0.9425660711649195,False
37,CD4,CD4,Chloride ion,119.69379,0.7698663077934734,0.22068960079080974,0.768790652539845,99.88223,0.15084915084915085,0.24883761991642633,False
38,CD4,CD4,Chloride_bicarbonate anion exchange,-11.879958,-0.15282296229406742,0.5607310554279936,0.768790652539845,0.0,0.002997002997002997,0.01360323886639676,False
39,CD4,CD4,Cholesterol,58.608223,0.33716870213346944,0.3679948646968383,0.768790652539845,93.633095,0.36063936063936064,0.47614112770267086,False
40,CD4,CD4,Cholic acid,160.51297,0.5331362389776401,0.29696963745741234,0.768790652539845,1092.7211,0.0969030969030969,0.18080750923676064,False
41,CD4,CD4,Choline,-102.55729,-0.5900043768750383,0.722406142430926,0.7912154651161171,0.0,0.1798201798201798,0.282780676653762,False
42,CD4,CD4,Citric acid,417.46088,5.370187921777686,3.9327318150440715e-08,5.383472884593663e-07,47934.348,0.1968031968031968,0.3039453383292925,False
43,CD4,CD4,Cobalamin,-7.398889,-0.09517879861407333,0.5379135951095927,0.768790652539845,0.0,0.012987012987012988,0.03929824561403509,False
44,CD4,CD4,Coprocholic acid,-23.88424,-0.15362260284310075,0.5610463429980614,0.768790652539845,69.17382,0.2987012987012987,0.41215999999999997,False
45,CD4,CD4,Cortisol,-83.621,-0.6210526850980961,0.7327175204586841,0.795852550284024,0.0,0.22777222777222778,0.3417375943471977,False
46,CD4,CD4,Creatine,-43.337997,-0.5574970099198026,0.7114060492791463,0.7847487553061343,0.0,0.14485514485514486,0.2423808244530014,False
47,CD4,CD4,Cyclic AMP,17.922731,0.23055678055895648,0.40882957355692523,0.768790652539845,39.344727,0.1038961038961039,0.18902953586497892,False
48,CD4,CD4,Cytidine,76.38693,0.9826362294957023,0.162893253371851,0.6773343380322291,312.41013,0.7682317682317682,0.825676815706726,False
49,CD4,CD4,D-Aspartate,185.10158,1.6837159484509547,0.046118288821442324,0.2631666145813046,602.6856,0.02197802197802198,0.05982905982905983,False
50,CD4,CD4,D-Galactose,1442.2101,13.118592219356321,1.2883858188705364e-39,3.2872897343016286e-38,4772.869,0.000999000999000999,0.005797701625427063,True
51,CD4,CD4,D-Glucose,1389.8745,7.299173188682875,1.4477071603710975e-13,2.4771878077461003e-12,5228.292,0.000999000999000999,0.005797701625427063,True
52,CD4,CD4,D-Lactate,-41.079998,-0.5284502611172768,0.7014065696767648,0.7823047154025067,0.0,0.16883116883116883,0.2709341272794939,False
53,CD4,CD4,D-Maltose,1303.9948,16.774498537578683,1.8750571011794663e-63,5.816723899486229e-62,4753.519,0.000999000999000999,0.005797701625427063,True
54,CD4,CD4,D-Mannose,1442.2101,13.118592219356321,1.2883858188705364e-39,3.2872897343016286e-38,4772.869,0.000999000999000999,0.005797701625427063,True
55,CD4,CD4,D-Xylose,1303.9948,16.774498537578683,1.8750571011794663e-63,5.816723899486229e-62,4753.519,0.000999000999000999,0.005797701625427063,True
56,CD4,CD4,Dehydroascorbic acid,1440.0125,10.694963895137674,5.373074924033254e-27,1.1881384139708407e-25,4772.869,0.000999000999000999,0.005797701625427063,True
57,CD4,CD4,Dehydroepiandrosterone,-7.7333593,-0.07034397333732767,0.5280400582464196,0.768790652539845,0.0,0.002997002997002997,0.01360323886639676,False
58,CD4,CD4,Deoxycholic acid,-23.88424,-0.15362260284310075,0.5610463429980614,0.768790652539845,69.17382,0.2987012987012987,0.41215999999999997,False
59,CD4,CD4,Digoxin,-3.842729,-0.049432601994620094,0.519712726361479,0.768790652539845,0.0,0.002997002997002997,0.01360323886639676,False
60,CD4,CD4,Docosahexaenoic acid,1440.0125,10.694963895137674,5.373074924033254e-27,1.1881384139708407e-25,4772.869,0.000999000999000999,0.005797701625427063,True
61,CD4,CD4,Dopamine,-136.06674,-0.7145786949040588,0.7625652933202556,0.8122978124498375,0.0,0.2867132867132867,0.401528967946636,False
62,CD4,CD4,E-3179,-35.907585,-0.4619126986789205,0.6779280364223439,0.7782149353655358,0.0,0.07192807192807193,0.14861228852604033,False
63,CD4,CD4,Estradiol,394.11118,1.6032175300022165,0.05444331827142523,0.2982968086231075,48206.67,0.18681318681318682,0.2914393855059557,False
64,CD4,CD4,Estriol,-35.907585,-0.4619126986789205,0.6779280364223439,0.7782149353655358,0.0,0.07192807192807193,0.14861228852604033,False
65,CD4,CD4,Estrone,-3.842729,-0.049432601994620094,0.519712726361479,0.768790652539845,0.0,0.002997002997002997,0.01360323886639676,False
66,CD4,CD4,Estrone sulfate,-3.842729,-0.049432601994620094,0.519712726361479,0.768790652539845,0.0,0.002997002997002997,0.01360323886639676,False
67,CD4,CD4,Ethanol,293.45734,2.1795058891906747,0.014647053826493596,0.10596995989906105,340.81635,0.6703296703296703,0.7390594575457781,False
68,CD4,CD4,Fatty acid,1168.582,7.516279325343763,2.817853988001534e-14,4.87975357279623e-13,18402.424,0.1018981018981019,0.18594355285002767,False
69,CD4,CD4,Folic acid,114.6797,0.40915568075599235,0.3412127081588915,0.768790652539845,6154.3706,0.47052947052947053,0.578426672477664,False
70,CD4,CD4,Folinic acid,-34.170734,-0.19658166701349802,0.577922540866186,0.768790652539845,132.77364,0.2057942057942058,0.3152343216286378,False
71,CD4,CD4,Fusidic Acid,-4.7454033,-0.061044540620483465,0.5243381315552904,0.768790652539845,0.0,0.004995004995004995,0.01947419668938656,False
72,CD4,CD4,GABA,-13.160364,-0.11970894725347862,0.547643143775545,0.768790652539845,0.0,0.01998001998001998,0.05547575412353262,False
73,CD4,CD4,Glucosamine,136.01773,1.2372407909555325,0.10799885098211132,0.5029060965819265,19.349997,0.10789210789210789,0.19465722561956872,False
74,CD4,CD4,Glutathione,246.30336,1.056143144947689,0.14545141068336997,0.6341622678126303,1092.721,0.0939060939060939,0.17744218971212836,False
75,CD4,CD4,Glycerol,-35.907585,-0.4619126986789205,0.6779280364223439,0.7782149353655358,0.0,0.07192807192807193,0.14861228852604033,False
76,CD4,CD4,Glycochenodeoxycholate-3-sulfate,-23.88424,-0.15362260284310075,0.5610463429980614,0.768790652539845,69.17382,0.2987012987012987,0.41215999999999997,False
77,CD4,CD4,Glycyl-glycine,-3.1128402,-0.04004336132081385,0.5159707216686449,0.768790652539845,0.0,0.000999000999000999,0.005797701625427063,False
78,CD4,CD4,Guanosine,76.38693,0.9826362294957023,0.162893253371851,0.6773343380322291,312.41013,0.7682317682317682,0.825676815706726,False
79,CD4,CD4,Heme,197.19931,1.7937590149172948,0.03642582063048686,0.2242530480825997,3153.718,0.5324675324675324,0.6273224043715847,False
80,CD4,CD4,Histamine,-43.337997,-0.5574970099198026,0.7114060492791463,0.7847487553061343,0.0,0.14485514485514486,0.2423808244530014,False
81,CD4,CD4,Hydroxycelecoxib,17.922731,0.23055678055895648,0.40882957355692523,0.768790652539845,39.344727,0.1038961038961039,0.18902953586497892,False
82,CD4,CD4,Hydroxylansoprazole,-83.621,-0.6210526850980961,0.7327175204586841,0.795852550284024,0.0,0.22777222777222778,0.3417375943471977,False
83,CD4,CD4,Hyodeoxycholic acid,-23.88424,-0.15362260284310075,0.5610463429980614,0.768790652539845,69.17382,0.2987012987012987,0.41215999999999997,False
84,CD4,CD4,Inosine,76.38693,0.9826362294957023,0.162893253371851,0.6773343380322291,312.41013,0.7682317682317682,0.825676815706726,False
85,CD4,CD4,Iron,1471.1233,5.463011958648097,2.3406152566249357e-08,3.266256629956868e-07,67312.7,0.000999000999000999,0.005797701625427063,True
86,CD4,CD4,Isoursodeoxycholic acid,-23.88424,-0.15362260284310075,0.5610463429980614,0.768790652539845,69.17382,0.2987012987012987,0.41215999999999997,False
87,CD4,CD4,Ketone bodies,-41.079998,-0.5284502611172768,0.7014065696767648,0.7823047154025067,0.0,0.16883116883116883,0.2709341272794939,False
88,CD4,CD4,L-Alanine,-42.010906,-0.5404254000357777,0.7055481525233027,0.7823047154025067,437.07913,0.5944055944055944,0.6814881475875891,False
89,CD4,CD4,L-Arginine,-92.74336,-0.6888044001707416,0.7545268168710384,0.8069245124870827,0.0,0.5694305694305695,0.6566955376797582,False
90,CD4,CD4,L-Asparagine,-42.010906,-0.5404254000357777,0.7055481525233027,0.7823047154025067,437.07913,0.5944055944055944,0.6814881475875891,False
91,CD4,CD4,L-Aspartate,185.10158,1.6837159484509547,0.046118288821442324,0.2631666145813046,602.6856,0.02197802197802198,0.05982905982905983,False
92,CD4,CD4,L-Carnitine,-118.91896,-0.578196937983538,0.7184344170777751,0.7896735168084034,0.0,0.33966033966033965,0.454990799818386,False
93,CD4,CD4,L-Cysteine,100.45227,0.5275429640955356,0.2989082944191585,0.768790652539845,1290.4395,0.6303696303696303,0.7050982739698692,False
94,CD4,CD4,L-Cystine,245.00896,1.2867081122648352,0.09909802224453984,0.47268879636997324,319.39398,0.3146853146853147,0.42724278240651037,False
95,CD4,CD4,L-Dopa,-3.1128402,-0.04004336132081385,0.5159707216686449,0.768790652539845,0.0,0.000999000999000999,0.005797701625427063,False
96,CD4,CD4,L-Glutamate,239.95801,0.7081612356984526,0.2394225678708537,0.768790652539845,2087.4736,0.21178821178821178,0.32372590188967354,False
97,CD4,CD4,L-Glutamine,-46.83094,-0.16100618604017644,0.5639557357728473,0.768790652539845,4266.164,0.3256743256743257,0.43925795818194946,False
98,CD4,CD4,L-Histidine,-53.516937,-0.6884381896950125,0.754411559220896,0.8069245124870827,0.0,0.5334665334665335,0.6274707289437241,False
99,CD4,CD4,L-Isoleucine,65.8786,0.8474577804470581,0.19837000507125063,0.768790652539845,428.9143,0.4775224775224775,0.5813317117664943,False
100,CD4,CD4,L-Lactate,-37.212116,-0.3384878419188608,0.6325022061462119,0.7699394468702871,25.034746,0.43756243756243757,0.5523329129886506,False
101,CD4,CD4,L-Leucine,-4.4674034,-0.018173094060915974,0.5072496165397271,0.768790652539845,2342.2769,0.8181818181818182,0.864070536370316,False
102,CD4,CD4,L-Lysine,-11.969989,-0.15398111062549746,0.5611876852579308,0.768790652539845,0.0,0.001998001998001998,0.010183669758137844,False
103,CD4,CD4,L-Methionine,27.743423,0.20605024075397488,0.4183758333889771,0.768790652539845,512.2883,0.5604395604395604,0.6515544310098098,False
104,CD4,CD4,L-Ornithine,-11.969989,-0.15398111062549746,0.5611876852579308,0.768790652539845,0.0,0.001998001998001998,0.010183669758137844,False
105,CD4,CD4,L-Phenylalanine,27.743423,0.20605024075397488,0.4183758333889771,0.768790652539845,512.2883,0.5604395604395604,0.6515544310098098,False
106,CD4,CD4,L-Serine,9.600924,0.0713060019151573,0.4715771092768597,0.768790652539845,1036.6268,0.6323676323676324,0.7071496967762527,False
107,CD4,CD4,L-Threonine,-42.010906,-0.5404254000357777,0.7055481525233027,0.7823047154025067,437.07913,0.5944055944055944,0.6814881475875891,False
108,CD4,CD4,L-Tyrosine,-53.516937,-0.6884381896950125,0.754411559220896,0.8069245124870827,0.0,0.5334665334665335,0.6274707289437241,False
109,CD4,CD4,L-Valine,65.8786,0.8474577804470581,0.19837000507125063,0.768790652539845,428.9143,0.4775224775224775,0.5813317117664943,False
110,CD4,CD4,Leukotriene C4,266.30536,3.425733769134567,0.00030657052613609426,0.003147457401663901,647.57074,0.17482517482517482,0.27603301129482016,False
111,CD4,CD4,Lithocholic acid,-23.88424,-0.15362260284310075,0.5610463429980614,0.768790652539845,69.17382,0.2987012987012987,0.41215999999999997,False
112,CD4,CD4,Malic acid,184.49448,2.373324218426466,0.008814390969978847,0.06848225921179961,602.6856,0.02197802197802198,0.05982905982905983,False
113,CD4,CD4,Manganese,75.41176,0.6859583904938209,0.24636967379037072,0.768790652539845,135.79779,0.24675324675324675,0.3590955113061087,False
114,CD4,CD4,N-Desmethylcitalopram,353.5305,3.2157744225344023,0.0006504652350051218,0.006403666879776451,155.7801,0.000999000999000999,0.005797701625427063,True
115,CD4,CD4,N-Desmethyleletriptan,-35.907585,-0.4619126986789205,0.6779280364223439,0.7782149353655358,0.0,0.07192807192807193,0.14861228852604033,False
116,CD4,CD4,N-Desmethyltamoxifen,-83.621,-0.6210526850980961,0.7327175204586841,0.795852550284024,0.0,0.22777222777222778,0.3417375943471977,False
117,CD4,CD4,N-desmethylimatinib,-126.75579,-0.6656805785436487,0.7471923550567627,0.8038656274961978,0.0,0.24275724275724275,0.3550777580628327,False
118,CD4,CD4,Neurotransmitter,-33.857918,-0.1947820565083682,0.5772182149656485,0.768790652539845,0.0,0.14085914085914086,0.23688947557902318,False
119,CD4,CD4,Nicotinate,254.32837,1.6358312995582238,0.050937449705136875,0.2819541503575741,48251.87,0.21978021978021978,0.33404734144952686,False
120,CD4,CD4,Norepinephrine,-102.92702,-0.6620230251715257,0.7460217672823638,0.8030069546983407,0.0,0.1798201798201798,0.282780676653762,False
121,CD4,CD4,O-Deethylated candesartan,-35.907585,-0.4619126986789205,0.6779280364223439,0.7782149353655358,0.0,0.07192807192807193,0.14861228852604033,False
122,CD4,CD4,O-Desmethylverapamil (D-702),1137.3357,2.7168356845454875,0.003295466015183509,0.02847705302098455,1414.81,0.005994005994005994,0.02205303229194014,True
123,CD4,CD4,Oxalic acid,417.46088,5.370187921777686,3.9327318150440715e-08,5.383472884593663e-07,47934.348,0.1968031968031968,0.3039453383292925,False
124,CD4,CD4,Phosphate,-3.7727013,-0.021704066839979896,0.5086579901655781,0.768790652539845,83.015564,0.5324675324675324,0.6273224043715847,False
125,CD4,CD4,Potassium,-5.597596,-0.07200709103502366,0.5287018676635445,0.768790652539845,0.0,0.000999000999000999,0.005797701625427063,False
126,CD4,CD4,Progesterone,179.74048,0.8739177824139279,0.19108151494300912,0.7607973152670872,647.57074,0.18081918081918083,0.2839374754888229,False
127,CD4,CD4,Prostaglandins,-31.244837,-0.23205521680807562,0.5917524363608597,0.768790652539845,0.0,0.011988011988011988,0.03687040491605399,False
128,CD4,CD4,Putrescine,-3.2666779,-0.042022318636363486,0.5167595469345492,0.768790652539845,0.0,0.015984015984015984,0.04604079954781357,False
129,CD4,CD4,Pyruvate,-41.079998,-0.5284502611172768,0.7014065696767648,0.7823047154025067,0.0,0.16883116883116883,0.2709341272794939,False
130,CD4,CD4,Serotonin,362.03598,2.6888390680872174,0.0035850488462062153,0.030733062872447717,155.7801,0.000999000999000999,0.005797701625427063,True
131,CD4,CD4,Sodium,614.0205,1.3546188692325043,0.08776950923704951,0.43854243781014773,2306.789,0.7252747252747253,0.7889466739113561,False
132,CD4,CD4,Sodium_calcium_potassium exchange,-41.59313,-0.37833828404683517,0.6474103456199704,0.7723792249803293,0.0,0.3046953046953047,0.4163010626888954,False
133,CD4,CD4,Sodium_hydrogen exchange,-0.47279358,-0.003511435095043217,0.5014008570454952,0.768790652539845,90.43398,0.13586413586413587,0.2303759944341934,False
134,CD4,CD4,Spermine,277.3565,2.059925120130546,0.019702849911367178,0.13658953186143935,11.480959,0.03296703296703297,0.08264758497316636,False
135,CD4,CD4,Sulfolithocholic acid,-23.88424,-0.15362260284310075,0.5610463429980614,0.768790652539845,69.17382,0.2987012987012987,0.41215999999999997,False
136,CD4,CD4,Taurocholic acid,616.3489,1.5857338884754892,0.05639984415241533,0.3070658181631501,49629.73,0.16383616383616384,0.2650887573964497,False
137,CD4,CD4,Testosterone,188.75226,0.9177340372191124,0.17937906170453782,0.7262746610985606,11.480959,0.22477522477522477,0.3379465722561957,False
138,CD4,CD4,Thiamine,-14.672046,-0.18874018402514955,0.5748517723634371,0.768790652539845,0.0,0.06893106893106893,0.14477874779871858,False
139,CD4,CD4,Thymidine,-36.137962,-0.26839643099586624,0.605802906789349,0.768790652539845,312.41013,0.7832167832167832,0.8376068376068376,False
140,CD4,CD4,Thyroxine,-3.842729,-0.049432601994620094,0.519712726361479,0.768790652539845,0.0,0.002997002997002997,0.01360323886639676,False
141,CD4,CD4,Trihydroxycoprostanoic acid,-23.88424,-0.15362260284310075,0.5610463429980614,0.768790652539845,69.17382,0.2987012987012987,0.41215999999999997,False
142,CD4,CD4,Urea,-10.305235,-0.07653691827011071,0.5305040282159829,0.768790652539845,0.0,0.008991008991008992,0.029914529914529916,False
143,CD4,CD4,Uridine,76.38693,0.9826362294957023,0.162893253371851,0.6773343380322291,312.41013,0.7682317682317682,0.825676815706726,False
144,CD4,CD4,Ursocholic acid,-23.88424,-0.15362260284310075,0.5610463429980614,0.768790652539845,69.17382,0.2987012987012987,0.41215999999999997,False
145,CD4,CD4,Ursodeoxycholic acid,-23.88424,-0.15362260284310075,0.5610463429980614,0.768790652539845,69.17382,0.2987012987012987,0.41215999999999997,False
146,CD4,CD4,Ursodeoxycholic acid 3-sulfate,-23.88424,-0.15362260284310075,0.5610463429980614,0.768790652539845,69.17382,0.2987012987012987,0.41215999999999997,False
147,CD4,CD4,Varanic acid,-23.88424,-0.15362260284310075,0.5610463429980614,0.768790652539845,69.17382,0.2987012987012987,0.41215999999999997,False
148,CD4,CD4,Vitamin C,-13.80143,-0.1775406403744481,0.5704581270828897,0.768790652539845,24.174562,0.5484515484515484,0.6419443748433976,False
149,CD4,CD4,Vitamin D3,177.66948,2.285527928417224,0.01114094536729391,0.08282716624788161,93.633095,0.25774225774225773,0.3703380924307282,False
150,CD4,CD4,Water,632.26324,2.3479076753905295,0.009439600132245275,0.07307640174190598,92.34313,0.1918081918081918,0.2975096845600443,False
151,CD4,CD4,Zinc,-33.828445,-0.3077093873489927,0.6208482619855423,0.768790652539845,135.79779,0.24775224775224775,0.3598207114542581,False
152,CD4,CD4,alpha-Ketoisovaleric acid,-41.079998,-0.5284502611172768,0.7014065696767648,0.7823047154025067,0.0,0.16883116883116883,0.2709341272794939,False
153,CD4,CD4,alpha-Tocopherol,301.68484,3.880853037928884,5.204536410591197e-05,0.0005798956331387402,322.3949,0.003996003996003996,0.01628617129562309,True
154,CD4,Cytotoxic CD4,"(3a,5b,7a)-23-Carboxy-7-hydroxy-24-norcholan-3-yl-b-D-Glucopyranosiduronic acid",0.7764772,0.04575435883786075,0.48175301852735164,0.768790652539845,0.0,0.015984015984015984,0.04604079954781357,False
155,CD4,Cytotoxic CD4,17a-Ethynylestradiol,0.35684466,0.02428020398066921,0.49031455170567534,0.768790652539845,0.0,0.008991008991008992,0.029914529914529916,False
156,CD4,Cytotoxic CD4,"1b,3a,12a-Trihydroxy-5b-cholanoic acid",0.7764772,0.04575435883786075,0.48175301852735164,0.768790652539845,0.0,0.015984015984015984,0.04604079954781357,False
157,CD4,Cytotoxic CD4,2-Hydroxychlorpropamide,0.42117828,0.035098190108935036,0.4860007223042201,0.768790652539845,0.0,0.007992007992007992,0.027437530622243994,False
158,CD4,Cytotoxic CD4,25-Hydroxycholesterol,5.728519,0.6751124341323518,0.2498021671928498,0.768790652539845,15.000677,0.28771228771228774,0.40227476803352297,False
159,CD4,Cytotoxic CD4,"3',4'-Dihydrodiol",0.35684466,0.02102727345632759,0.49161194970539707,0.768790652539845,0.0,0.008991008991008992,0.029914529914529916,False
160,CD4,Cytotoxic CD4,3-Sulfodeoxycholic acid,0.7764772,0.04575435883786075,0.48175301852735164,0.768790652539845,0.0,0.015984015984015984,0.04604079954781357,False
161,CD4,Cytotoxic CD4,"3alpha,7alpha-Dihydroxycoprostanic acid",0.7764772,0.04575435883786075,0.48175301852735164,0.768790652539845,0.0,0.015984015984015984,0.04604079954781357,False
162,CD4,Cytotoxic CD4,3b-Hydroxy-5-cholenoic acid,0.7764772,0.04575435883786075,0.48175301852735164,0.768790652539845,0.0,0.015984015984015984,0.04604079954781357,False
163,CD4,Cytotoxic CD4,4'-Hydroxydiclofenac,-18.079668,-0.9528821727017097,0.8296751132084474,0.859164046146692,0.0,0.47152847152847155,0.578426672477664,False
164,CD4,Cytotoxic CD4,4-Hydroxycyclophosphamide,0.42117828,0.04963633646680515,0.4802060949973881,0.768790652539845,0.0,0.007992007992007992,0.027437530622243994,False
165,CD4,Cytotoxic CD4,4-Hydroxyvalsartan,0.072459735,0.006038311248024304,0.49759107697965355,0.768790652539845,0.0,0.000999000999000999,0.005797701625427063,False
166,CD4,Cytotoxic CD4,4-ene-Valproic acid,-0.6181246,-0.05151038368542989,0.5205405860737107,0.768790652539845,0.0,0.006993006993006993,0.024817980373535928,False
167,CD4,Cytotoxic CD4,5-Hydroxyomeprazole,0.83358216,0.04911930000269776,0.48041211139659606,0.768790652539845,0.0,0.01898101898101898,0.05325058805865572,False
168,CD4,Cytotoxic CD4,5-Methyltetrahydrofolic acid,-2.2784476,-0.26851762805870394,0.605849546144563,0.768790652539845,0.0,0.03496503496503497,0.08615384615384616,False
169,CD4,Cytotoxic CD4,8-Hydroxycarvedilol,0.42117828,0.04963633646680515,0.4802060949973881,0.768790652539845,0.0,0.007992007992007992,0.027437530622243994,False
170,CD4,Cytotoxic CD4,ADP,-0.32746348,-0.02728862315416336,0.5108852345506695,0.768790652539845,0.0,0.05094905094905095,0.11490183456710654,False
171,CD4,Cytotoxic CD4,Acetate,-0.7924611,-0.046696217973771076,0.5186223276603853,0.768790652539845,44.278614,0.41358641358641357,0.531260715510344,False
172,CD4,Cytotoxic CD4,Acetyl-L-Carnitine,-1.0641061,-0.12540610733178023,0.5498989733324514,0.768790652539845,0.0,0.004995004995004995,0.01947419668938656,False
173,CD4,Cytotoxic CD4,Acetylcholine,0.0,0.0,0.5,0.768790652539845,0.0,0.000999000999000999,0.005797701625427063,False
174,CD4,Cytotoxic CD4,Adenine,-2.1989715,-0.2591512777183299,0.6022407390528215,0.768790652539845,0.0,0.11188811188811189,0.20027461123351534,False
175,CD4,Cytotoxic CD4,Adenosine,12.48717,1.4716271233305953,0.07056079850611273,0.36821115451246766,13.373322,0.053946053946053944,0.12021466905187836,False
176,CD4,Cytotoxic CD4,Adenosine diphosphate ribose,-13.2151575,-1.5574212481593712,0.9403147477008467,0.9477880299406384,0.0,0.32867132867132864,0.44274625717924687,False
177,CD4,Cytotoxic CD4,Adenosine triphosphate,-12.952015,-0.7632047985125276,0.7773293662509639,0.8221349588604749,34.52425,0.8571428571428571,0.8957828405235094,False
178,CD4,Cytotoxic CD4,Adenosylcobalamin,-0.25636265,-0.030212627668008925,0.5120512611466145,0.768790652539845,0.0,0.000999000999000999,0.005797701625427063,False
179,CD4,Cytotoxic CD4,Amiloride-sensitive sodium transport,0.7553204,0.05139304570317877,0.47950616308847227,0.768790652539845,0.0,0.03296703296703297,0.08264758497316636,False
180,CD4,Cytotoxic CD4,Anion exchange,-0.04757234,-0.0056064541313490986,0.5022366398789873,0.768790652539845,0.0,0.057942057942057944,0.1274725274725275,False
181,CD4,Cytotoxic CD4,Betaine,0.0,0.0,0.5,0.768790652539845,0.0,0.000999000999000999,0.005797701625427063,False
182,CD4,Cytotoxic CD4,Bilirubin,0.008126125,0.0006771770616372427,0.4997298454594423,0.768790652539845,0.0,0.001998001998001998,0.010183669758137844,False
183,CD4,Cytotoxic CD4,Butyrate,0.44598153,0.052559427633040834,0.4790414721600309,0.768790652539845,0.0,0.002997002997002997,0.01360323886639676,False
184,CD4,Cytotoxic CD4,Cadmium,-0.5830933,-0.06871820271404165,0.527393035608359,0.768790652539845,0.0,0.09490509490509491,0.17846958972122515,False
185,CD4,Cytotoxic CD4,Calcidiol,-0.25636265,-0.021363553901513416,0.508522176650409,0.768790652539845,0.0,0.000999000999000999,0.005797701625427063,False
186,CD4,Cytotoxic CD4,Calcium,-0.25636265,-0.030212627668008925,0.5120512611466145,0.768790652539845,0.0,0.000999000999000999,0.005797701625427063,False
187,CD4,Cytotoxic CD4,Calcium release-activated calcium transport,-5.8825703,-0.4002582091539123,0.6555168274201166,0.7758786175390525,0.0,0.4145854145854146,0.531260715510344,False
188,CD4,Cytotoxic CD4,Chenodeoxycholic acid,0.7764772,0.04575435883786075,0.48175301852735164,0.768790652539845,0.0,0.015984015984015984,0.04604079954781357,False
189,CD4,Cytotoxic CD4,Chenodeoxycholic acid 3-sulfate,0.7764772,0.04575435883786075,0.48175301852735164,0.768790652539845,0.0,0.015984015984015984,0.04604079954781357,False
190,CD4,Cytotoxic CD4,Chloride,12.401751,0.5966795022400069,0.27536069020447257,0.768790652539845,31.374962,0.013986013986013986,0.04176432985297251,True
191,CD4,Cytotoxic CD4,Chloride ion,-2.2114396,-0.13031032867345735,0.5518395456752448,0.768790652539845,0.0,0.17282717282717283,0.2739819004524887,False
192,CD4,Cytotoxic CD4,Chloride_bicarbonate anion exchange,0.0,0.0,0.5,0.768790652539845,0.0,0.000999000999000999,0.005797701625427063,False
193,CD4,Cytotoxic CD4,Cholesterol,18.33945,0.9665739279835585,0.16687853667973035,0.6844193170753355,15.049284,0.11288711288711288,0.20131068270026084,False
194,CD4,Cytotoxic CD4,Cholic acid,-23.775473,-0.7234645933787673,0.7653027503400371,0.814208107442941,0.0,0.5374625374625375,0.6313098505961486,False
195,CD4,Cytotoxic CD4,Choline,-1.1494906,-0.06058347381186242,0.5241545323334533,0.768790652539845,0.0,0.004995004995004995,0.01947419668938656,False
196,CD4,Cytotoxic CD4,Citric acid,0.4657707,0.0548916024219669,0.47811241104509555,0.768790652539845,44.278614,0.4065934065934066,0.5250766005482986,False
197,CD4,Cytotoxic CD4,Cobalamin,-0.25636265,-0.030212627668008925,0.5120512611466145,0.768790652539845,0.0,0.000999000999000999,0.005797701625427063,False
198,CD4,Cytotoxic CD4,Coprocholic acid,0.7764772,0.04575435883786075,0.48175301852735164,0.768790652539845,0.0,0.015984015984015984,0.04604079954781357,False
199,CD4,Cytotoxic CD4,Cortisol,0.42117828,0.02865755222069679,0.4885688554357721,0.768790652539845,0.0,0.007992007992007992,0.027437530622243994,False
200,CD4,Cytotoxic CD4,Creatine,-1.0641061,-0.12540610733178023,0.5498989733324514,0.768790652539845,0.0,0.004995004995004995,0.01947419668938656,False
201,CD4,Cytotoxic CD4,Cyclic AMP,-2.841759,-0.33490450594526444,0.6311514385260428,0.7699394468702871,0.0,0.00999000999000999,0.03256003256003256,False
202,CD4,Cytotoxic CD4,Cytidine,12.48717,1.4716271233305953,0.07056079850611273,0.36821115451246766,13.373322,0.053946053946053944,0.12021466905187836,False
203,CD4,Cytotoxic CD4,D-Aspartate,-2.6188118,-0.21823432048161825,0.5863767272053295,0.768790652539845,0.0,0.04895104895104895,0.11150392132959486,False
204,CD4,Cytotoxic CD4,D-Galactose,1.5078505,0.12565421064694723,0.45000282454725693,0.768790652539845,30.500168,0.15584415584415584,0.25512528473804097,False
205,CD4,Cytotoxic CD4,D-Glucose,5.2294526,0.2516021560089211,0.40067429598615967,0.768790652539845,30.500168,0.27672327672327673,0.39007217039253655,False
206,CD4,Cytotoxic CD4,D-Lactate,0.44598153,0.052559427633040834,0.4790414721600309,0.768790652539845,0.0,0.002997002997002997,0.01360323886639676,False
207,CD4,Cytotoxic CD4,D-Maltose,1.3958011,0.1644967333187048,0.43467005907746237,0.768790652539845,30.500168,0.14585414585414586,0.2431090363057893,False
208,CD4,Cytotoxic CD4,D-Mannose,1.5078505,0.12565421064694723,0.45000282454725693,0.768790652539845,30.500168,0.15584415584415584,0.25512528473804097,False
209,CD4,Cytotoxic CD4,D-Xylose,1.3958011,0.1644967333187048,0.43467005907746237,0.768790652539845,30.500168,0.14585414585414586,0.2431090363057893,False
210,CD4,Cytotoxic CD4,Dehydroascorbic acid,1.5078505,0.10259623337240467,0.45914171619940447,0.768790652539845,30.500168,0.15584415584415584,0.25512528473804097,False
211,CD4,Cytotoxic CD4,Dehydroepiandrosterone,0.072459735,0.006038311248024304,0.49759107697965355,0.768790652539845,0.0,0.000999000999000999,0.005797701625427063,False
212,CD4,Cytotoxic CD4,Deoxycholic acid,0.7764772,0.04575435883786075,0.48175301852735164,0.768790652539845,0.0,0.015984015984015984,0.04604079954781357,False
213,CD4,Cytotoxic CD4,Digoxin,0.072459735,0.008539461660785981,0.49659328909595474,0.768790652539845,0.0,0.000999000999000999,0.005797701625427063,False
214,CD4,Cytotoxic CD4,Docosahexaenoic acid,1.5078505,0.10259623337240467,0.45914171619940447,0.768790652539845,30.500168,0.15584415584415584,0.25512528473804097,False
215,CD4,Cytotoxic CD4,Dopamine,-1.3059148,-0.06283085316787557,0.5250494014381549,0.768790652539845,0.0,0.005994005994005994,0.02205303229194014,False
216,CD4,Cytotoxic CD4,E-3179,0.42117828,0.04963633646680515,0.4802060949973881,0.768790652539845,0.0,0.007992007992007992,0.027437530622243994,False
217,CD4,Cytotoxic CD4,Estradiol,-1.9399035,-0.0722959348439615,0.5288168001212408,0.768790652539845,44.278614,0.4085914085914086,0.5262383972061391,False
218,CD4,Cytotoxic CD4,Estriol,0.42117828,0.04963633646680515,0.4802060949973881,0.768790652539845,0.0,0.007992007992007992,0.027437530622243994,False
219,CD4,Cytotoxic CD4,Estrone,0.072459735,0.008539461660785981,0.49659328909595474,0.768790652539845,0.0,0.000999000999000999,0.005797701625427063,False
220,CD4,Cytotoxic CD4,Estrone sulfate,0.072459735,0.008539461660785981,0.49659328909595474,0.768790652539845,0.0,0.000999000999000999,0.005797701625427063,False
221,CD4,Cytotoxic CD4,Ethanol,12.633305,0.8595875007007892,0.19500823375091209,0.768790652539845,13.373322,0.053946053946053944,0.12021466905187836,False
222,CD4,Cytotoxic CD4,Fatty acid,14.513054,0.8551899020169679,0.19622301278950738,0.768790652539845,44.556885,0.2517482517482518,0.3639083008844993,False
223,CD4,Cytotoxic CD4,Folic acid,-14.086799,-0.46044141853663,0.6774002944888011,0.7782149353655358,0.0,0.3176823176823177,0.4302280633938926,False
224,CD4,Cytotoxic CD4,Folinic acid,-6.6206627,-0.34893956195993125,0.636432658258539,0.7708390086288449,0.0,0.04195804195804196,0.10034557788301549,False
225,CD4,Cytotoxic CD4,Fusidic Acid,-0.06433361,-0.007581788676090632,0.5030246670858487,0.768790652539845,0.0,0.001998001998001998,0.010183669758137844,False
226,CD4,Cytotoxic CD4,GABA,0.0836693,0.006972441449761391,0.49721842084580214,0.768790652539845,0.0,0.000999000999000999,0.005797701625427063,False
227,CD4,Cytotoxic CD4,Glucosamine,0.112049505,0.00933745875954628,0.4962749470394617,0.768790652539845,0.0,0.07492507492507493,0.15054842641049537,False
228,CD4,Cytotoxic CD4,Glutathione,-24.771313,-0.9731090665941886,0.8347504508159174,0.8625744193052025,0.0,0.5324675324675324,0.6273224043715847,False
229,CD4,Cytotoxic CD4,Glycerol,0.42117828,0.04963633646680515,0.4802060949973881,0.768790652539845,0.0,0.007992007992007992,0.027437530622243994,False
230,CD4,Cytotoxic CD4,Glycochenodeoxycholate-3-sulfate,0.7764772,0.04575435883786075,0.48175301852735164,0.768790652539845,0.0,0.015984015984015984,0.04604079954781357,False
231,CD4,Cytotoxic CD4,Glycyl-glycine,0.0,0.0,0.5,0.768790652539845,0.0,0.000999000999000999,0.005797701625427063,False
232,CD4,Cytotoxic CD4,Guanosine,12.48717,1.4716271233305953,0.07056079850611273,0.36821115451246766,13.373322,0.053946053946053944,0.12021466905187836,False
233,CD4,Cytotoxic CD4,Heme,-2.2621229,-0.1885102391242981,0.5747616551271414,0.768790652539845,0.0,0.36163836163836166,0.4770219074287597,False
234,CD4,Cytotoxic CD4,Histamine,-1.0641061,-0.12540610733178023,0.5498989733324514,0.768790652539845,0.0,0.004995004995004995,0.01947419668938656,False
235,CD4,Cytotoxic CD4,Hydroxycelecoxib,-2.841759,-0.33490450594526444,0.6311514385260428,0.7699394468702871,0.0,0.00999000999000999,0.03256003256003256,False
236,CD4,Cytotoxic CD4,Hydroxylansoprazole,0.42117828,0.02865755222069679,0.4885688554357721,0.768790652539845,0.0,0.007992007992007992,0.027437530622243994,False
237,CD4,Cytotoxic CD4,Hyodeoxycholic acid,0.7764772,0.04575435883786075,0.48175301852735164,0.768790652539845,0.0,0.015984015984015984,0.04604079954781357,False
238,CD4,Cytotoxic CD4,Inosine,12.48717,1.4716271233305953,0.07056079850611273,0.36821115451246766,13.373322,0.053946053946053944,0.12021466905187836,False
239,CD4,Cytotoxic CD4,Iron,5.2566013,0.1788332090083065,0.4290343342923459,0.768790652539845,479.18768,0.002997002997002997,0.01360323886639676,True
240,CD4,Cytotoxic CD4,Isoursodeoxycholic acid,0.7764772,0.04575435883786075,0.48175301852735164,0.768790652539845,0.0,0.015984015984015984,0.04604079954781357,False
241,CD4,Cytotoxic CD4,Ketone bodies,0.44598153,0.052559427633040834,0.4790414721600309,0.768790652539845,0.0,0.002997002997002997,0.01360323886639676,False
242,CD4,Cytotoxic CD4,L-Alanine,-3.6985648,-0.43588003799926045,0.6685381154737968,0.7782149353655358,9.235979,0.33466533466533466,0.4489971758173376,False
243,CD4,Cytotoxic CD4,L-Arginine,1.7546172,0.11938657968613198,0.4524845465545631,0.768790652539845,0.0,0.1918081918081918,0.2975096845600443,False
244,CD4,Cytotoxic CD4,L-Asparagine,-3.6985648,-0.43588003799926045,0.6685381154737968,0.7782149353655358,9.235979,0.33466533466533466,0.4489971758173376,False
245,CD4,Cytotoxic CD4,L-Aspartate,-2.6188118,-0.21823432048161825,0.5863767272053295,0.768790652539845,0.0,0.04895104895104895,0.11150392132959486,False
246,CD4,Cytotoxic CD4,L-Carnitine,-0.8854339,-0.03944036117109782,0.5157303493163599,0.768790652539845,0.0,0.007992007992007992,0.027437530622243994,False
247,CD4,Cytotoxic CD4,L-Cysteine,-10.631117,-0.511489848748883,0.6954959526078865,0.7822061939606695,9.235979,0.6923076923076923,0.7567124890318807,False
248,CD4,Cytotoxic CD4,L-Cystine,-13.816879,-0.6647649139429902,0.7468995664302673,0.8037511680677097,0.0,0.3106893106893107,0.4227492293128141,False
249,CD4,Cytotoxic CD4,L-Dopa,0.0,0.0,0.5,0.768790652539845,0.0,0.000999000999000999,0.005797701625427063,False
250,CD4,Cytotoxic CD4,L-Glutamate,-18.780186,-0.507758068877749,0.6941884903579056,0.780939413102867,19.935179,0.5364635364635365,0.6306517909571345,False
251,CD4,Cytotoxic CD4,L-Glutamine,-33.896477,-1.0676386641685247,0.8571582321050705,0.8804350397420353,44.86361,0.6093906093906094,0.6925915413000283,False
252,CD4,Cytotoxic CD4,L-Histidine,1.3988436,0.16485530465688597,0.43452893633904505,0.768790652539845,0.0,0.1848151848151848,0.28874024526198433,False
253,CD4,Cytotoxic CD4,L-Isoleucine,-2.9804823,-0.35125321228684225,0.6373008037481058,0.7708390086288449,0.0,0.3116883116883117,0.42370744010088274,False
254,CD4,Cytotoxic CD4,L-Lactate,-1.2229589,-0.10191324353218079,0.5405872310601776,0.768790652539845,0.0,0.028971028971028972,0.07422642716760364,False
255,CD4,Cytotoxic CD4,L-Leucine,-7.276894,-0.27119383093383986,0.6068790212695434,0.768790652539845,73.18108,0.3806193806193806,0.4977951984321411,False
256,CD4,Cytotoxic CD4,L-Lysine,0.0,0.0,0.5,0.768790652539845,0.0,0.000999000999000999,0.005797701625427063,False
257,CD4,Cytotoxic CD4,L-Methionine,2.0462596,0.1392303334246205,0.4446340696667615,0.768790652539845,18.114716,0.46153846153846156,0.5734546015107137,False
258,CD4,Cytotoxic CD4,L-Ornithine,0.0,0.0,0.5,0.768790652539845,0.0,0.000999000999000999,0.005797701625427063,False
259,CD4,Cytotoxic CD4,L-Phenylalanine,2.0462596,0.1392303334246205,0.4446340696667615,0.768790652539845,18.114716,0.46153846153846156,0.5734546015107137,False
260,CD4,Cytotoxic CD4,L-Serine,-16.18491,-1.1012436275923394,0.8646046807339883,0.886477830010896,9.235979,0.6373626373626373,0.7114438758238913,False
261,CD4,Cytotoxic CD4,L-Threonine,-3.6985648,-0.43588003799926045,0.6685381154737968,0.7782149353655358,9.235979,0.33466533466533466,0.4489971758173376,False
262,CD4,Cytotoxic CD4,L-Tyrosine,1.3988436,0.16485530465688597,0.43452893633904505,0.768790652539845,0.0,0.1848151848151848,0.28874024526198433,False
263,CD4,Cytotoxic CD4,L-Valine,-2.9804823,-0.35125321228684225,0.6373008037481058,0.7708390086288449,0.0,0.3116883116883117,0.42370744010088274,False
264,CD4,Cytotoxic CD4,Leukotriene C4,-6.8244677,-0.8042712266107944,0.7893798243580135,0.8314132395290069,0.0,0.43756243756243757,0.5523329129886506,False
265,CD4,Cytotoxic CD4,Lithocholic acid,0.7764772,0.04575435883786075,0.48175301852735164,0.768790652539845,0.0,0.015984015984015984,0.04604079954781357,False
266,CD4,Cytotoxic CD4,Malic acid,-2.6188118,-0.30862993580038106,0.6211984768273554,0.768790652539845,0.0,0.04895104895104895,0.11150392132959486,False
267,CD4,Cytotoxic CD4,Manganese,-1.2372383,-0.10310319066047668,0.5410594636296874,0.768790652539845,0.0,0.0969030969030969,0.18080750923676064,False
268,CD4,Cytotoxic CD4,N-Desmethylcitalopram,1.2802603,0.10668836037317912,0.4575181084880306,0.768790652539845,0.0,0.03296703296703297,0.08264758497316636,False
269,CD4,Cytotoxic CD4,N-Desmethyleletriptan,0.42117828,0.04963633646680515,0.4802060949973881,0.768790652539845,0.0,0.007992007992007992,0.027437530622243994,False
270,CD4,Cytotoxic CD4,N-Desmethyltamoxifen,0.42117828,0.02865755222069679,0.4885688554357721,0.768790652539845,0.0,0.007992007992007992,0.027437530622243994,False
271,CD4,Cytotoxic CD4,N-desmethylimatinib,0.42117828,0.020263949507462305,0.49191640700180483,0.768790652539845,0.0,0.007992007992007992,0.027437530622243994,False
272,CD4,Cytotoxic CD4,Neurotransmitter,0.44706932,0.023562621900329244,0.49060074363495165,0.768790652539845,0.0,0.002997002997002997,0.01360323886639676,False
273,CD4,Cytotoxic CD4,Nicotinate,-0.18762672,-0.011056010472700986,0.5044106201743087,0.768790652539845,44.278614,0.4125874125874126,0.5302762810959533,False
274,CD4,Cytotoxic CD4,Norepinephrine,-1.2155485,-0.07162688317032398,0.5285505773289271,0.768790652539845,0.0,0.004995004995004995,0.01947419668938656,False
275,CD4,Cytotoxic CD4,O-Deethylated candesartan,0.42117828,0.04963633646680515,0.4802060949973881,0.768790652539845,0.0,0.007992007992007992,0.027437530622243994,False
276,CD4,Cytotoxic CD4,O-Desmethylverapamil (D-702),-27.902712,-0.6106342604228828,0.7292791319321243,0.795510148467321,0.0,0.5734265734265734,0.6605972173698597,False
277,CD4,Cytotoxic CD4,Oxalic acid,0.4657707,0.0548916024219669,0.47811241104509555,0.768790652539845,44.278614,0.4065934065934066,0.5250766005482986,False
278,CD4,Cytotoxic CD4,Phosphate,-9.478225,-0.499546306644729,0.6913027134616737,0.7801219586857576,0.0,0.0989010989010989,0.18358223782244446,False
279,CD4,Cytotoxic CD4,Potassium,0.0,0.0,0.5,0.768790652539845,0.0,0.000999000999000999,0.005797701625427063,False
280,CD4,Cytotoxic CD4,Progesterone,-6.4032893,-0.28522517591264707,0.6122641832419226,0.768790652539845,0.0,0.4405594405594406,0.555140943218091,False
281,CD4,Cytotoxic CD4,Prostaglandins,0.072459735,0.004930260488589275,0.4980331186060303,0.768790652539845,0.0,0.000999000999000999,0.005797701625427063,False
282,CD4,Cytotoxic CD4,Putrescine,0.20372981,0.024009788166726255,0.4904224005653265,0.768790652539845,0.0,0.000999000999000999,0.005797701625427063,False
283,CD4,Cytotoxic CD4,Pyruvate,0.44598153,0.052559427633040834,0.4790414721600309,0.768790652539845,0.0,0.002997002997002997,0.01360323886639676,False
284,CD4,Cytotoxic CD4,Serotonin,0.85908204,0.05845312924878905,0.47669384802961356,0.768790652539845,0.0,0.025974025974025976,0.06767371601208459,False
285,CD4,Cytotoxic CD4,Sodium,-4.7574987,-0.09615524423286324,0.5383013620138154,0.768790652539845,35.98262,0.46353646353646355,0.5734546015107137,False
286,CD4,Cytotoxic CD4,Sodium_calcium_potassium exchange,-0.5149228,-0.04291023313999176,0.5171134543003532,0.768790652539845,0.0,0.008991008991008992,0.029914529914529916,False
287,CD4,Cytotoxic CD4,Sodium_hydrogen exchange,-0.19447163,-0.013232118243319465,0.5052786973858152,0.768790652539845,0.0,0.07092907092907093,0.14732473692011264,False
288,CD4,Cytotoxic CD4,Spermine,0.34243453,0.023299718271169646,0.49070559822042326,0.768790652539845,0.0,0.000999000999000999,0.005797701625427063,False
289,CD4,Cytotoxic CD4,Sulfolithocholic acid,0.7764772,0.04575435883786075,0.48175301852735164,0.768790652539845,0.0,0.015984015984015984,0.04604079954781357,False
290,CD4,Cytotoxic CD4,Taurocholic acid,-26.008894,-0.6130355098332545,0.7300735698330203,0.795852550284024,44.278614,0.5604395604395604,0.6515544310098098,False
291,CD4,Cytotoxic CD4,Testosterone,0.7636128,0.03401401784746763,0.4864329862718784,0.768790652539845,0.0,0.007992007992007992,0.027437530622243994,False
292,CD4,Cytotoxic CD4,Thiamine,0.20656082,0.024343426131775866,0.49028933716935313,0.768790652539845,0.0,0.001998001998001998,0.010183669758137844,False
293,CD4,Cytotoxic CD4,Thymidine,12.652844,0.8609170179418402,0.19464187404584987,0.768790652539845,13.373322,0.054945054945054944,0.12199952467717658,False
294,CD4,Cytotoxic CD4,Thyroxine,0.072459735,0.008539461660785981,0.49659328909595474,0.768790652539845,0.0,0.000999000999000999,0.005797701625427063,False
295,CD4,Cytotoxic CD4,Trihydroxycoprostanoic acid,0.7764772,0.04575435883786075,0.48175301852735164,0.768790652539845,0.0,0.015984015984015984,0.04604079954781357,False
296,CD4,Cytotoxic CD4,Urea,-0.5788233,-0.039383939024004874,0.5157078576115018,0.768790652539845,0.0,0.000999000999000999,0.005797701625427063,False
297,CD4,Cytotoxic CD4,Uridine,12.48717,1.4716271233305953,0.07056079850611273,0.36821115451246766,13.373322,0.053946053946053944,0.12021466905187836,False
298,CD4,Cytotoxic CD4,Ursocholic acid,0.7764772,0.04575435883786075,0.48175301852735164,0.768790652539845,0.0,0.015984015984015984,0.04604079954781357,False
299,CD4,Cytotoxic CD4,Ursodeoxycholic acid,0.7764772,0.04575435883786075,0.48175301852735164,0.768790652539845,0.0,0.015984015984015984,0.04604079954781357,False
300,CD4,Cytotoxic CD4,Ursodeoxycholic acid 3-sulfate,0.7764772,0.04575435883786075,0.48175301852735164,0.768790652539845,0.0,0.015984015984015984,0.04604079954781357,False
301,CD4,Cytotoxic CD4,Varanic acid,0.7764772,0.04575435883786075,0.48175301852735164,0.768790652539845,0.0,0.015984015984015984,0.04604079954781357,False
302,CD4,Cytotoxic CD4,Vitamin C,-1.6213579,-0.1910788630661217,0.5757680963232853,0.768790652539845,0.0,0.07692307692307693,0.15356125356125358,False
303,CD4,Cytotoxic CD4,Vitamin D3,-8.750263,-1.0312284093108859,0.8487831393860772,0.8736935587571585,0.0,0.25874125874125875,0.37140223292020896,False
304,CD4,Cytotoxic CD4,Water,-0.01227501,-0.0004176043324782112,0.500166600019862,0.768790652539845,0.0,0.07592407592407592,0.15184815184815184,False
305,CD4,Cytotoxic CD4,Zinc,-0.6391128,-0.053259397546450295,0.521237384837493,0.768790652539845,0.0,0.09490509490509491,0.17846958972122515,False
306,CD4,Cytotoxic CD4,alpha-Ketoisovaleric acid,0.44598153,0.052559427633040834,0.4790414721600309,0.768790652539845,0.0,0.002997002997002997,0.01360323886639676,False
307,CD4,Cytotoxic CD4,alpha-Tocopherol,-7.197912,-0.8482820897418303,0.8018595551880126,0.8380073683884416,0.0,0.14485514485514486,0.2423808244530014,False
308,CD4,Cytotoxic CD8,"(3a,5b,7a)-23-Carboxy-7-hydroxy-24-norcholan-3-yl-b-D-Glucopyranosiduronic acid",-18.409393,-0.18206608599528043,0.5722345683384229,0.768790652539845,11.4548,0.45354645354645357,0.5653923988702827,False
309,CD4,Cytotoxic CD8,17a-Ethynylestradiol,-40.791573,-0.465832083027052,0.6793321507810828,0.7782149353655358,0.0,0.5044955044955045,0.602599616450032,False
310,CD4,Cytotoxic CD8,"1b,3a,12a-Trihydroxy-5b-cholanoic acid",-18.409393,-0.18206608599528043,0.5722345683384229,0.768790652539845,11.4548,0.45354645354645357,0.5653923988702827,False
311,CD4,Cytotoxic CD8,2-Hydroxychlorpropamide,-31.106222,-0.4350626959598284,0.6682415400849492,0.7782149353655358,0.0,0.4905094905094905,0.5901442307692307,False
312,CD4,Cytotoxic CD8,25-Hydroxycholesterol,6.5728173,0.13000831741119018,0.44827992310061177,0.768790652539845,275.99747,0.0999000999000999,0.18448361060780763,False
313,CD4,Cytotoxic CD8,"3',4'-Dihydrodiol",-46.630543,-0.46116894044507445,0.6776612982599315,0.7782149353655358,0.0,0.5034965034965035,0.6015729906004221,False
314,CD4,Cytotoxic CD8,3-Sulfodeoxycholic acid,-18.409393,-0.18206608599528043,0.5722345683384229,0.768790652539845,11.4548,0.45354645354645357,0.5653923988702827,False
315,CD4,Cytotoxic CD8,"3alpha,7alpha-Dihydroxycoprostanic acid",-18.409393,-0.18206608599528043,0.5722345683384229,0.768790652539845,11.4548,0.45354645354645357,0.5653923988702827,False
316,CD4,Cytotoxic CD8,3b-Hydroxy-5-cholenoic acid,-18.409393,-0.18206608599528043,0.5722345683384229,0.768790652539845,11.4548,0.45354645354645357,0.5653923988702827,False
317,CD4,Cytotoxic CD8,4'-Hydroxydiclofenac,-95.27235,-0.8427551882214905,0.8003173126136853,0.8368012250218747,310.50876,0.5624375624375625,0.6529969760987532,False
318,CD4,Cytotoxic CD8,4-Hydroxycyclophosphamide,-31.485659,-0.6227767029464377,0.7332843650923997,0.795852550284024,0.0,0.4905094905094905,0.5901442307692307,False
319,CD4,Cytotoxic CD8,4-Hydroxyvalsartan,-0.6469103,-0.009047917874450289,0.5036095477404895,0.768790652539845,0.0,0.006993006993006993,0.024817980373535928,False
320,CD4,Cytotoxic CD8,4-ene-Valproic acid,402.26605,5.626236202008731,9.20920515126284e-09,1.3105641126153586e-07,22.900301,0.017982017982017984,0.051045728465083304,False
321,CD4,Cytotoxic CD8,5-Hydroxyomeprazole,-59.83785,-0.5917871771618309,0.723003444565175,0.7914675940505292,11.4548,0.6883116883116883,0.7532994923857869,False
322,CD4,Cytotoxic CD8,5-Methyltetrahydrofolic acid,-17.064095,-0.3375225736310103,0.6321385009083957,0.7699394468702871,26.573036,0.7772227772227772,0.8334704340673005,False
323,CD4,Cytotoxic CD8,8-Hydroxycarvedilol,-31.485659,-0.6227767029464377,0.7332843650923997,0.795852550284024,0.0,0.4905094905094905,0.5901442307692307,False
324,CD4,Cytotoxic CD8,ADP,39.68741,0.5550822221341977,0.2894192110766538,0.768790652539845,29.554943,0.22777222777222778,0.3417375943471977,False
325,CD4,Cytotoxic CD8,Acetate,559.40234,5.532403675942941,1.579359569291976e-08,2.2328519550121316e-07,3681.806,0.000999000999000999,0.005797701625427063,True
326,CD4,Cytotoxic CD8,Acetyl-L-Carnitine,-16.214125,-0.32071042955627566,0.625785078583413,0.768790652539845,0.0,0.13286713286713286,0.2269002284843869,False
327,CD4,Cytotoxic CD8,Acetylcholine,-2.3613656,-0.046707088850039276,0.5186266597856979,0.768790652539845,0.0,0.000999000999000999,0.005797701625427063,False
328,CD4,Cytotoxic CD8,Adenine,-21.5317,-0.4258904464848413,0.6649061616855036,0.7782149353655358,23.14282,0.5084915084915085,0.6051933162062889,False
329,CD4,Cytotoxic CD8,Adenosine,-9.76846,-0.19321715802788525,0.5766055491182948,0.768790652539845,59.134388,0.6633366633366633,0.7336003314459328,False
330,CD4,Cytotoxic CD8,Adenosine diphosphate ribose,-33.336765,-0.6593910264810438,0.7451776485084551,0.8024990060860285,43.223705,0.6123876123876124,0.6954478231802436,False
331,CD4,Cytotoxic CD8,Adenosine triphosphate,212.95459,2.1060883437896463,0.017598339575297578,0.12366170151150284,1996.0547,0.001998001998001998,0.010183669758137844,True
332,CD4,Cytotoxic CD8,Adenosylcobalamin,-7.2724743,-0.14384731826334812,0.5571894815838795,0.768790652539845,0.0,0.022977022977022976,0.061196370028982754,False
333,CD4,Cytotoxic CD8,Amiloride-sensitive sodium transport,13.4112,0.1531533755067294,0.4391386623803165,0.768790652539845,24.613329,0.26973026973026976,0.38325167937774635,False
334,CD4,Cytotoxic CD8,Anion exchange,0.6254399,0.012371009676516304,0.49506480707097117,0.768790652539845,11.566182,0.4085914085914086,0.5262383972061391,False
335,CD4,Cytotoxic CD8,Betaine,-3.2052765,-0.06339938911485266,0.5252757631549458,0.768790652539845,0.0,0.003996003996003996,0.01628617129562309,False
336,CD4,Cytotoxic CD8,Bilirubin,-3.7508144,-0.05246022591145665,0.5209190066021291,0.768790652539845,0.0,0.008991008991008992,0.029914529914529916,False
337,CD4,Cytotoxic CD8,Butyrate,418.48016,8.277409707464106,6.294175886551863e-17,1.1749128321563478e-15,22.900301,0.003996003996003996,0.01628617129562309,True
338,CD4,Cytotoxic CD8,Cadmium,37.872635,0.7491091405364904,0.22689571311453482,0.768790652539845,88.38898,0.22277722277722278,0.3359969865741114,False
339,CD4,Cytotoxic CD8,Calcidiol,-14.55032,-0.20350595042817032,0.5806302023871883,0.768790652539845,0.0,0.026973026973026972,0.0698125404007757,False
340,CD4,Cytotoxic CD8,Calcium,-7.2724743,-0.14384731826334812,0.5571894815838795,0.768790652539845,0.0,0.022977022977022976,0.061196370028982754,False
341,CD4,Cytotoxic CD8,Calcium release-activated calcium transport,-46.319115,-0.5289555738568129,0.7015818656104709,0.7823047154025067,105.259674,0.3706293706293706,0.4869451085173206,False
342,CD4,Cytotoxic CD8,Chenodeoxycholic acid,-18.409393,-0.18206608599528043,0.5722345683384229,0.768790652539845,11.4548,0.45354645354645357,0.5653923988702827,False
343,CD4,Cytotoxic CD8,Chenodeoxycholic acid 3-sulfate,-18.409393,-0.18206608599528043,0.5722345683384229,0.768790652539845,11.4548,0.45354645354645357,0.5653923988702827,False
344,CD4,Cytotoxic CD8,Chloride,-122.13848,-0.9862714578538575,0.838000039038689,0.8646700570315452,9.647513,0.954045954045954,0.9794871794871794,False
345,CD4,Cytotoxic CD8,Chloride ion,247.01114,2.442902408625844,0.007284838269998503,0.05801902448134261,92.639244,0.01998001998001998,0.05547575412353262,False
346,CD4,Cytotoxic CD8,Chloride_bicarbonate anion exchange,1.6049925,0.03174626118478506,0.4873372011855186,0.768790652539845,0.0,0.000999000999000999,0.005797701625427063,False
347,CD4,Cytotoxic CD8,Cholesterol,17.432465,0.15420319247973316,0.4387247625325279,0.768790652539845,22.014446,0.5694305694305695,0.6566955376797582,False
348,CD4,Cytotoxic CD8,Cholic acid,-168.52438,-0.8606700548875716,0.8052901048877261,0.8408092153241585,357.55106,0.6643356643356644,0.7345167652859961,False
349,CD4,Cytotoxic CD8,Choline,-28.981289,-0.2563611844182993,0.6011640215509588,0.768790652539845,0.0,0.15584415584415584,0.25512528473804097,False
350,CD4,Cytotoxic CD8,Citric acid,26.620796,0.52655121101608,0.2992526401848564,0.768790652539845,3564.3376,0.000999000999000999,0.005797701625427063,True
351,CD4,Cytotoxic CD8,Cobalamin,-7.2724743,-0.14384731826334812,0.5571894815838795,0.768790652539845,0.0,0.022977022977022976,0.061196370028982754,False
352,CD4,Cytotoxic CD8,Coprocholic acid,-18.409393,-0.18206608599528043,0.5722345683384229,0.768790652539845,11.4548,0.45354645354645357,0.5653923988702827,False
353,CD4,Cytotoxic CD8,Cortisol,-45.399643,-0.5184553795943357,0.6979297077854674,0.7823047154025067,0.0,0.5144855144855145,0.6113148356190516,False
354,CD4,Cytotoxic CD8,Creatine,-16.214125,-0.32071042955627566,0.625785078583413,0.768790652539845,0.0,0.13286713286713286,0.2269002284843869,False
355,CD4,Cytotoxic CD8,Cyclic AMP,-23.77371,-0.4702367212154884,0.6809070493258338,0.7782149353655358,0.0,0.2807192807192807,0.3949303551261137,False
356,CD4,Cytotoxic CD8,Cytidine,-9.76846,-0.19321715802788525,0.5766055491182948,0.768790652539845,59.134388,0.6633366633366633,0.7336003314459328,False
357,CD4,Cytotoxic CD8,D-Aspartate,1.5195436,0.021252878372057877,0.49152196647516244,0.768790652539845,16.849785,0.13086913086913088,0.2259942700471335,False
358,CD4,Cytotoxic CD8,D-Galactose,69.241684,0.9684388399378348,0.16641262491156922,0.684052658359091,1440.4547,0.029970029970029972,0.07633240946885365,False
359,CD4,Cytotoxic CD8,D-Glucose,94.045135,0.7594169505456684,0.22380158843478654,0.768790652539845,1480.653,0.02097902097902098,0.057435897435897436,False
360,CD4,Cytotoxic CD8,D-Lactate,418.48016,8.277409707464106,6.294175886551863e-17,1.1749128321563478e-15,22.900301,0.003996003996003996,0.01628617129562309,True
361,CD4,Cytotoxic CD8,D-Maltose,112.651955,2.228221225655814,0.012932883161692648,0.09451964778511644,1440.4547,0.027972027972027972,0.07192330627035456,False
362,CD4,Cytotoxic CD8,D-Mannose,69.241684,0.9684388399378348,0.16641262491156922,0.684052658359091,1440.4547,0.029970029970029972,0.07633240946885365,False
363,CD4,Cytotoxic CD8,D-Xylose,112.651955,2.228221225655814,0.012932883161692648,0.09451964778511644,1440.4547,0.027972027972027972,0.07192330627035456,False
364,CD4,Cytotoxic CD8,Dehydroascorbic acid,69.13483,0.7895067113903751,0.21490795436631577,0.768790652539845,1440.4547,0.029970029970029972,0.07633240946885365,False
365,CD4,Cytotoxic CD8,Dehydroepiandrosterone,-0.6469103,-0.009047917874450289,0.5036095477404895,0.768790652539845,0.0,0.006993006993006993,0.024817980373535928,False
366,CD4,Cytotoxic CD8,Deoxycholic acid,-18.409393,-0.18206608599528043,0.5722345683384229,0.768790652539845,11.4548,0.45354645354645357,0.5653923988702827,False
367,CD4,Cytotoxic CD8,Digoxin,1.2277576,0.02428466947494347,0.49031277075634044,0.768790652539845,0.0,0.002997002997002997,0.01360323886639676,False
368,CD4,Cytotoxic CD8,Docosahexaenoic acid,69.13483,0.7895067113903751,0.21490795436631577,0.768790652539845,1440.4547,0.029970029970029972,0.07633240946885365,False
369,CD4,Cytotoxic CD8,Dopamine,102.780655,0.8299565002631496,0.20328168918563838,0.768790652539845,12.685607,0.1088911088911089,0.1962953434525341,False
370,CD4,Cytotoxic CD8,E-3179,-31.485659,-0.6227767029464377,0.7332843650923997,0.795852550284024,0.0,0.4905094905094905,0.5901442307692307,False
371,CD4,Cytotoxic CD8,Estradiol,-86.494415,-0.5410129271024747,0.7057506637176252,0.7823047154025067,3564.3376,0.000999000999000999,0.005797701625427063,True
372,CD4,Cytotoxic CD8,Estriol,-31.485659,-0.6227767029464377,0.7332843650923997,0.795852550284024,0.0,0.4905094905094905,0.5901442307692307,False
373,CD4,Cytotoxic CD8,Estrone,1.2277576,0.02428466947494347,0.49031277075634044,0.768790652539845,0.0,0.002997002997002997,0.01360323886639676,False
374,CD4,Cytotoxic CD8,Estrone sulfate,1.2277576,0.02428466947494347,0.49031277075634044,0.768790652539845,0.0,0.002997002997002997,0.01360323886639676,False
375,CD4,Cytotoxic CD8,Ethanol,-27.870743,-0.3182786383265814,0.6248632066958815,0.768790652539845,59.134388,0.6703296703296703,0.7390594575457781,False
376,CD4,Cytotoxic CD8,Fatty acid,25.056633,0.24780627046066228,0.40214215155130734,0.768790652539845,1513.7942,0.000999000999000999,0.005797701625427063,True
377,CD4,Cytotoxic CD8,Folic acid,18.44867,0.10120755851707723,0.4596928483504724,0.768790652539845,606.98596,0.000999000999000999,0.005797701625427063,True
378,CD4,Cytotoxic CD8,Folinic acid,-83.41383,-0.737857769186717,0.7696995580375747,0.8172727146658513,11.4548,0.7312687312687313,0.7942646773881031,False
379,CD4,Cytotoxic CD8,Fusidic Acid,-4.978572,-0.09847463008615862,0.5392222918558375,0.768790652539845,0.0,0.006993006993006993,0.024817980373535928,False
380,CD4,Cytotoxic CD8,GABA,-3.8340888,-0.05362493081626386,0.5213830034162998,0.768790652539845,0.0,0.003996003996003996,0.01628617129562309,False
381,CD4,Cytotoxic CD8,Glucosamine,-43.517124,-0.6086459895867112,0.7286204429717922,0.7951239217412516,0.0,0.4435564435564436,0.5572888649811727,False
382,CD4,Cytotoxic CD8,Glutathione,-126.91524,-0.8367815329077458,0.7986423102118969,0.8352523991350229,357.5511,0.6163836163836164,0.6996173081985138,False
383,CD4,Cytotoxic CD8,Glycerol,-31.485659,-0.6227767029464377,0.7332843650923997,0.795852550284024,0.0,0.4905094905094905,0.5901442307692307,False
384,CD4,Cytotoxic CD8,Glycochenodeoxycholate-3-sulfate,-18.409393,-0.18206608599528043,0.5722345683384229,0.768790652539845,11.4548,0.45354645354645357,0.5653923988702827,False
385,CD4,Cytotoxic CD8,Glycyl-glycine,0.37943736,0.00750515493239005,0.49700590448477727,0.768790652539845,0.0,0.000999000999000999,0.005797701625427063,False
386,CD4,Cytotoxic CD8,Guanosine,-9.76846,-0.19321715802788525,0.5766055491182948,0.768790652539845,59.134388,0.6633366633366633,0.7336003314459328,False
387,CD4,Cytotoxic CD8,Heme,15.610841,0.2183387764089318,0.4135825819877806,0.768790652539845,601.0272,0.005994005994005994,0.02205303229194014,True
388,CD4,Cytotoxic CD8,Histamine,-16.214125,-0.32071042955627566,0.625785078583413,0.768790652539845,0.0,0.13286713286713286,0.2269002284843869,False
389,CD4,Cytotoxic CD8,Hydroxycelecoxib,-23.77371,-0.4702367212154884,0.6809070493258338,0.7782149353655358,0.0,0.2807192807192807,0.3949303551261137,False
390,CD4,Cytotoxic CD8,Hydroxylansoprazole,-45.399643,-0.5184553795943357,0.6979297077854674,0.7823047154025067,0.0,0.5144855144855145,0.6113148356190516,False
391,CD4,Cytotoxic CD8,Hyodeoxycholic acid,-18.409393,-0.18206608599528043,0.5722345683384229,0.768790652539845,11.4548,0.45354645354645357,0.5653923988702827,False
392,CD4,Cytotoxic CD8,Inosine,-9.76846,-0.19321715802788525,0.5766055491182948,0.768790652539845,59.134388,0.6633366633366633,0.7336003314459328,False
393,CD4,Cytotoxic CD8,Iron,256.14706,1.4625756370955327,0.07179176686081237,0.3712426065864256,12858.443,0.000999000999000999,0.005797701625427063,True
394,CD4,Cytotoxic CD8,Isoursodeoxycholic acid,-18.409393,-0.18206608599528043,0.5722345683384229,0.768790652539845,11.4548,0.45354645354645357,0.5653923988702827,False
395,CD4,Cytotoxic CD8,Ketone bodies,418.48016,8.277409707464106,6.294175886551863e-17,1.1749128321563478e-15,22.900301,0.003996003996003996,0.01628617129562309,True
396,CD4,Cytotoxic CD8,L-Alanine,4.431598,0.08765565740358235,0.46507518208395887,0.768790652539845,183.8592,0.24775224775224775,0.3598207114542581,False
397,CD4,Cytotoxic CD8,L-Arginine,-25.365683,-0.28967132226517,0.6139661511865362,0.768790652539845,22.825134,0.5174825174825175,0.613523402635308,False
398,CD4,Cytotoxic CD8,L-Asparagine,4.431598,0.08765565740358235,0.46507518208395887,0.768790652539845,183.8592,0.24775224775224775,0.3598207114542581,False
399,CD4,Cytotoxic CD8,L-Aspartate,1.5195436,0.021252878372057877,0.49152196647516244,0.768790652539845,16.849785,0.13086913086913088,0.2259942700471335,False
400,CD4,Cytotoxic CD8,L-Carnitine,-39.712135,-0.29688878670233587,0.6167242913342337,0.768790652539845,0.0,0.25074925074925075,0.36258577103647527,False
401,CD4,Cytotoxic CD8,L-Cysteine,-153.69301,-1.241075098234035,0.8927109961607256,0.9097088561342878,248.35043,0.17082917082917082,0.27261857313670784,False
402,CD4,Cytotoxic CD8,L-Cystine,124.07957,1.0019457770293738,0.15818489091003668,0.6628700190515823,112.47151,0.2917082917082917,0.4065436825617821,False
403,CD4,Cytotoxic CD8,L-Dopa,0.37943736,0.00750515493239005,0.49700590448477727,0.768790652539845,0.0,0.000999000999000999,0.005797701625427063,False
404,CD4,Cytotoxic CD8,L-Glutamate,442.28534,2.00699050851264,0.022375336813967354,0.15242093576907936,585.6835,0.1798201798201798,0.282780676653762,False
405,CD4,Cytotoxic CD8,L-Glutamine,113.27132,0.5987913329997367,0.2746560213083966,0.768790652539845,1210.0149,0.025974025974025976,0.06767371601208459,False
406,CD4,Cytotoxic CD8,L-Histidine,-29.554342,-0.5845758554316266,0.7205835268076755,0.7904238533692945,22.825134,0.4855144855144855,0.5871385821007987,False
407,CD4,Cytotoxic CD8,L-Isoleucine,-27.531214,-0.5445589919771405,0.7069715673916113,0.7823047154025067,34.232746,0.2007992007992008,0.309451806235223,False
408,CD4,Cytotoxic CD8,L-Lactate,431.09167,6.029401620216537,8.228392918138547e-10,1.2319732730212992e-08,47.621147,0.023976023976023976,0.06338725652030373,False
409,CD4,Cytotoxic CD8,L-Leucine,140.53902,0.879055885409536,0.1896854876274356,0.756636283672065,889.6393,0.16783216783216784,0.27013523990007754,False
410,CD4,Cytotoxic CD8,L-Lysine,1.5341927,0.030345862238616586,0.48789561031057355,0.768790652539845,0.0,0.003996003996003996,0.01628617129562309,False
411,CD4,Cytotoxic CD8,L-Methionine,19.83605,0.226523958842929,0.41039696350558547,0.768790652539845,219.30975,0.12787212787212787,0.2217959032118324,False
412,CD4,Cytotoxic CD8,L-Ornithine,1.5341927,0.030345862238616586,0.48789561031057355,0.768790652539845,0.0,0.003996003996003996,0.01628617129562309,False
413,CD4,Cytotoxic CD8,L-Phenylalanine,19.83605,0.226523958842929,0.41039696350558547,0.768790652539845,219.30975,0.12787212787212787,0.2217959032118324,False
414,CD4,Cytotoxic CD8,L-Serine,-65.93126,-0.7529225732984407,0.7742517787404062,0.8194829823094334,348.19635,0.5524475524475524,0.6450457205940552,False
415,CD4,Cytotoxic CD8,L-Threonine,4.431598,0.08765565740358235,0.46507518208395887,0.768790652539845,183.8592,0.24775224775224775,0.3598207114542581,False
416,CD4,Cytotoxic CD8,L-Tyrosine,-29.554342,-0.5845758554316266,0.7205835268076755,0.7904238533692945,22.825134,0.4855144855144855,0.5871385821007987,False
417,CD4,Cytotoxic CD8,L-Valine,-27.531214,-0.5445589919771405,0.7069715673916113,0.7823047154025067,34.232746,0.2007992007992008,0.309451806235223,False
418,CD4,Cytotoxic CD8,Leukotriene C4,26.37674,0.5217238440645874,0.3009313102685589,0.768790652539845,310.50876,0.34165834165834164,0.4572410829394069,False
419,CD4,Cytotoxic CD8,Lithocholic acid,-18.409393,-0.18206608599528043,0.5722345683384229,0.768790652539845,11.4548,0.45354645354645357,0.5653923988702827,False
420,CD4,Cytotoxic CD8,Malic acid,0.71848524,0.014211418332785863,0.494330655197536,0.768790652539845,16.849785,0.13086913086913088,0.2259942700471335,False
421,CD4,Cytotoxic CD8,Manganese,28.599583,0.4000039438917899,0.34457680597323864,0.768790652539845,88.38898,0.22477522477522477,0.3379465722561957,False
422,CD4,Cytotoxic CD8,N-Desmethylcitalopram,112.350876,1.5713793434232572,0.05804728058157592,0.3128748423346942,65.73631,0.01898101898101898,0.05325058805865572,False
423,CD4,Cytotoxic CD8,N-Desmethyleletriptan,-31.485659,-0.6227767029464377,0.7332843650923997,0.795852550284024,0.0,0.4905094905094905,0.5901442307692307,False
424,CD4,Cytotoxic CD8,N-Desmethyltamoxifen,-45.399643,-0.5184553795943357,0.6979297077854674,0.7823047154025067,0.0,0.5144855144855145,0.6113148356190516,False
425,CD4,Cytotoxic CD8,N-desmethylimatinib,-58.124573,-0.46935745861579453,0.6805929245161054,0.7782149353655358,0.0,0.5194805194805194,0.6148778479275322,False
426,CD4,Cytotoxic CD8,Neurotransmitter,-27.577854,-0.2439467539642769,0.5963639708277614,0.768790652539845,0.0,0.13186813186813187,0.2269002284843869,False
427,CD4,Cytotoxic CD8,Nicotinate,530.5767,5.247322674788291,7.716273450872046e-08,1.0397678475050082e-06,3657.0852,0.000999000999000999,0.005797701625427063,True
428,CD4,Cytotoxic CD8,Norepinephrine,-28.981289,-0.2866205175758385,0.6127985487299105,0.768790652539845,0.0,0.15584415584415584,0.25512528473804097,False
429,CD4,Cytotoxic CD8,O-Deethylated candesartan,-31.485659,-0.6227767029464377,0.7332843650923997,0.795852550284024,0.0,0.4905094905094905,0.5901442307692307,False
430,CD4,Cytotoxic CD8,O-Desmethylverapamil (D-702),-129.71884,-0.4764569188083244,0.6831255537442531,0.7782149353655358,461.02667,0.4015984015984016,0.5201839314185364,False
431,CD4,Cytotoxic CD8,Oxalic acid,26.620796,0.52655121101608,0.2992526401848564,0.768790652539845,3564.3376,0.000999000999000999,0.005797701625427063,True
432,CD4,Cytotoxic CD8,Phosphate,59.548973,0.5267552218961947,0.29918179103359743,0.768790652539845,77.376755,0.11188811188811189,0.20027461123351534,False
433,CD4,Cytotoxic CD8,Potassium,-1.6795648,-0.03322127897187686,0.5132509353394832,0.768790652539845,0.0,0.000999000999000999,0.005797701625427063,False
434,CD4,Cytotoxic CD8,Progesterone,-25.784777,-0.1927675509127955,0.5764294912816991,0.768790652539845,310.50876,0.3866133866133866,0.50441056674037,False
435,CD4,Cytotoxic CD8,Prostaglandins,-4.3360205,-0.04951653785659818,0.5197461709688608,0.768790652539845,0.0,0.003996003996003996,0.01628617129562309,False
436,CD4,Cytotoxic CD8,Putrescine,-4.47104,-0.08843579990841353,0.535234845730639,0.768790652539845,0.0,0.015984015984015984,0.04604079954781357,False
437,CD4,Cytotoxic CD8,Pyruvate,418.48016,8.277409707464106,6.294175886551863e-17,1.1749128321563478e-15,22.900301,0.003996003996003996,0.01628617129562309,True
438,CD4,Cytotoxic CD8,Serotonin,138.27275,1.5790487960382205,0.05716243252809627,0.3100432818379259,65.73631,0.002997002997002997,0.01360323886639676,True
439,CD4,Cytotoxic CD8,Sodium,163.26443,0.5538239157957118,0.2898496796144183,0.768790652539845,1072.2524,0.20279720279720279,0.31208477461154116,False
440,CD4,Cytotoxic CD8,Sodium_calcium_potassium exchange,-14.999368,-0.2097864961960965,0.5830828434899265,0.768790652539845,0.0,0.22877122877122877,0.3418803418803419,False
441,CD4,Cytotoxic CD8,Sodium_hydrogen exchange,33.88531,0.38696387688357053,0.34939147536114146,0.768790652539845,63.01797,0.054945054945054944,0.12199952467717658,False
442,CD4,Cytotoxic CD8,Spermine,-10.314336,-0.11778777425549575,0.5468820915800762,0.768790652539845,0.0,0.01998001998001998,0.05547575412353262,False
443,CD4,Cytotoxic CD8,Sulfolithocholic acid,-18.409393,-0.18206608599528043,0.5722345683384229,0.768790652539845,11.4548,0.45354645354645357,0.5653923988702827,False
444,CD4,Cytotoxic CD8,Taurocholic acid,285.6776,1.130123168132726,0.1292121642998426,0.5759706298424389,4014.6362,0.000999000999000999,0.005797701625427063,True
445,CD4,Cytotoxic CD8,Testosterone,-60.04132,-0.44887021922094716,0.6732373598085826,0.7782149353655358,0.0,0.5374625374625375,0.6313098505961486,False
446,CD4,Cytotoxic CD8,Thiamine,-15.684384,-0.3102323276984241,0.621807855754091,0.768790652539845,0.0,0.026973026973026972,0.0698125404007757,False
447,CD4,Cytotoxic CD8,Thymidine,-21.808493,-0.24904888248910967,0.5983385151944398,0.768790652539845,59.134388,0.6723276723276723,0.7408834457134994,False
448,CD4,Cytotoxic CD8,Thyroxine,1.2277576,0.02428466947494347,0.49031277075634044,0.768790652539845,0.0,0.002997002997002997,0.01360323886639676,False
449,CD4,Cytotoxic CD8,Trihydroxycoprostanoic acid,-18.409393,-0.18206608599528043,0.5722345683384229,0.768790652539845,11.4548,0.45354645354645357,0.5653923988702827,False
450,CD4,Cytotoxic CD8,Urea,-0.6853534,-0.007826606846214855,0.5031223325061858,0.768790652539845,0.0,0.008991008991008992,0.029914529914529916,False
451,CD4,Cytotoxic CD8,Uridine,-9.76846,-0.19321715802788525,0.5766055491182948,0.768790652539845,59.134388,0.6633366633366633,0.7336003314459328,False
452,CD4,Cytotoxic CD8,Ursocholic acid,-18.409393,-0.18206608599528043,0.5722345683384229,0.768790652539845,11.4548,0.45354645354645357,0.5653923988702827,False
453,CD4,Cytotoxic CD8,Ursodeoxycholic acid,-18.409393,-0.18206608599528043,0.5722345683384229,0.768790652539845,11.4548,0.45354645354645357,0.5653923988702827,False
454,CD4,Cytotoxic CD8,Ursodeoxycholic acid 3-sulfate,-18.409393,-0.18206608599528043,0.5722345683384229,0.768790652539845,11.4548,0.45354645354645357,0.5653923988702827,False
455,CD4,Cytotoxic CD8,Varanic acid,-18.409393,-0.18206608599528043,0.5722345683384229,0.768790652539845,11.4548,0.45354645354645357,0.5653923988702827,False
456,CD4,Cytotoxic CD8,Vitamin C,21.823133,0.43165490874806717,0.33299612216403535,0.768790652539845,21.074032,0.17182817182817184,0.2727993655828707,False
457,CD4,Cytotoxic CD8,Vitamin D3,11.742839,0.23226976289415976,0.40816424799611484,0.768790652539845,9.098699,0.6923076923076923,0.7567124890318807,False
458,CD4,Cytotoxic CD8,Water,74.16254,0.4234611065412025,0.3359794347699533,0.768790652539845,41.550453,0.3026973026973027,0.41435897435897434,False
459,CD4,Cytotoxic CD8,Zinc,41.301594,0.5776587928092137,0.28174725249712135,0.768790652539845,88.38898,0.22877122877122877,0.3418803418803419,False
460,CD4,Cytotoxic CD8,alpha-Ketoisovaleric acid,418.48016,8.277409707464106,6.294175886551863e-17,1.1749128321563478e-15,22.900301,0.003996003996003996,0.01628617129562309,True
461,CD4,Cytotoxic CD8,alpha-Tocopherol,-25.321108,-0.5008437729765696,0.6917594617928203,0.7801219586857576,0.0,0.44255744255744256,0.5563579277864993,False
462,CD4,Exhausted CD4,"(3a,5b,7a)-23-Carboxy-7-hydroxy-24-norcholan-3-yl-b-D-Glucopyranosiduronic acid",6.9017344,0.07036727015935651,0.4719506706402969,0.768790652539845,62.100605,0.3026973026973027,0.41435897435897434,False
463,CD4,Exhausted CD4,17a-Ethynylestradiol,-36.77107,-0.43290049559368304,0.6674564700218554,0.7782149353655358,0.0,0.04995004995004995,0.11336032388663968,False
464,CD4,Exhausted CD4,"1b,3a,12a-Trihydroxy-5b-cholanoic acid",6.9017344,0.07036727015935651,0.4719506706402969,0.768790652539845,62.100605,0.3026973026973027,0.41435897435897434,False
465,CD4,Exhausted CD4,2-Hydroxychlorpropamide,-8.006379,-0.11544193915859084,0.5459525807451765,0.768790652539845,0.0,0.03696303696303696,0.0901496693351897,False
466,CD4,Exhausted CD4,25-Hydroxycholesterol,133.4319,2.720834525896014,0.003255867425769054,0.028191366144409962,2763.7869,0.04095904095904096,0.09811965811965812,False
467,CD4,Exhausted CD4,"3',4'-Dihydrodiol",-15.15764,-0.15454112352216764,0.5614084556079717,0.768790652539845,0.0,0.057942057942057944,0.1274725274725275,False
468,CD4,Exhausted CD4,3-Sulfodeoxycholic acid,6.9017344,0.07036727015935651,0.4719506706402969,0.768790652539845,62.100605,0.3026973026973027,0.41435897435897434,False
469,CD4,Exhausted CD4,"3alpha,7alpha-Dihydroxycoprostanic acid",6.9017344,0.07036727015935651,0.4719506706402969,0.768790652539845,62.100605,0.3026973026973027,0.41435897435897434,False
470,CD4,Exhausted CD4,3b-Hydroxy-5-cholenoic acid,6.9017344,0.07036727015935651,0.4719506706402969,0.768790652539845,62.100605,0.3026973026973027,0.41435897435897434,False
471,CD4,Exhausted CD4,4'-Hydroxydiclofenac,83.6163,0.7625150442407154,0.2228763338392114,0.768790652539845,423.4204,0.46353646353646355,0.5734546015107137,False
472,CD4,Exhausted CD4,4-Hydroxycyclophosphamide,-8.028823,-0.16371721111322493,0.5650231160712169,0.768790652539845,0.0,0.03496503496503497,0.08615384615384616,False
473,CD4,Exhausted CD4,4-Hydroxyvalsartan,-0.2408526,-0.003472792145276722,0.5013854408329944,0.768790652539845,0.0,0.001998001998001998,0.010183669758137844,False
474,CD4,Exhausted CD4,4-ene-Valproic acid,271.92862,3.920869426063305,4.411503177170234e-05,0.0004940883558430662,12.29569,0.24375624375624375,0.35605586825099017,False
475,CD4,Exhausted CD4,5-Hydroxyomeprazole,-10.357114,-0.10559691091276681,0.5420489121083331,0.768790652539845,62.100605,0.3726273726273726,0.4888254428868971,False
476,CD4,Exhausted CD4,5-Methyltetrahydrofolic acid,-11.68223,-0.2382145102184541,0.5941426382536008,0.768790652539845,77.24229,0.14585414585414586,0.2431090363057893,False
477,CD4,Exhausted CD4,8-Hydroxycarvedilol,-8.028823,-0.16371721111322493,0.5650231160712169,0.768790652539845,0.0,0.03496503496503497,0.08615384615384616,False
478,CD4,Exhausted CD4,ADP,27.200588,0.39219834598065867,0.34745583307489014,0.768790652539845,33.232704,0.43156843156843155,0.5474913436078485,False
479,CD4,Exhausted CD4,Acetate,468.38055,4.775417208667376,8.966753071488425e-07,1.1305450071420494e-05,14245.522,0.8571428571428571,0.8957828405235094,False
480,CD4,Exhausted CD4,Acetyl-L-Carnitine,-31.235792,-0.6369348089713394,0.7379163459862647,0.7974225306650513,0.0,0.36663336663336665,0.4822828178532877,False
481,CD4,Exhausted CD4,Acetylcholine,1.5215851,0.031026923037506513,0.48762403426315437,0.768790652539845,0.0,0.00999000999000999,0.03256003256003256,False
482,CD4,Exhausted CD4,Adenine,133.01546,2.7123427623707412,0.003340473467592583,0.02880824318451844,357.09677,0.012987012987012988,0.03929824561403509,True
483,CD4,Exhausted CD4,Adenosine,103.7946,2.116494894767031,0.01715136947350749,0.12143958155954727,665.1935,0.002997002997002997,0.01360323886639676,True
484,CD4,Exhausted CD4,Adenosine diphosphate ribose,323.84235,6.603529113379399,2.0074170305653752e-11,3.170689463662234e-10,221.1527,0.000999000999000999,0.005797701625427063,True
485,CD4,Exhausted CD4,Adenosine triphosphate,814.9053,8.308441995121843,4.848337782413162e-17,9.250456866267946e-16,3512.8293,0.000999000999000999,0.005797701625427063,True
486,CD4,Exhausted CD4,Adenosylcobalamin,-3.2687948,-0.06665459819043341,0.5265716603602917,0.768790652539845,0.0,0.01098901098901099,0.03466321535085251,False
487,CD4,Exhausted CD4,Amiloride-sensitive sodium transport,86.79637,1.0218411832704313,0.1534280369516901,0.6486095052310664,29.932692,0.1798201798201798,0.282780676653762,False
488,CD4,Exhausted CD4,Anion exchange,-58.06303,-1.1839739772436375,0.8817883179545207,0.9003720641771,0.0,0.7642357642357642,0.8228176318063958,False
489,CD4,Exhausted CD4,Betaine,-22.868374,-0.466313236696182,0.6795043472859128,0.7782149353655358,0.0,0.07892107892107893,0.15667941634792465,False
490,CD4,Exhausted CD4,Bilirubin,-3.9778347,-0.05735538428607234,0.5228689486784014,0.768790652539845,0.0,0.01098901098901099,0.03466321535085251,False
491,CD4,Exhausted CD4,Butyrate,303.1644,6.18188125535239,3.167108286036313e-10,4.791779273469678e-09,12.29569,0.0919080919080919,0.17466183001661184,False
492,CD4,Exhausted CD4,Cadmium,22.079659,0.45023039601764264,0.3262721606180642,0.768790652539845,60.79782,0.7312687312687313,0.7942646773881031,False
493,CD4,Exhausted CD4,Calcidiol,-8.237833,-0.11877921386226989,0.5472748614898357,0.768790652539845,0.0,0.012987012987012988,0.03929824561403509,False
494,CD4,Exhausted CD4,Calcium,-3.2687948,-0.06665459819043341,0.5265716603602917,0.768790652539845,0.0,0.01098901098901099,0.03466321535085251,False
495,CD4,Exhausted CD4,Calcium release-activated calcium transport,56.713432,0.6676790723649872,0.25216923573752426,0.768790652539845,274.2963,0.1258741258741259,0.21894684581251747,False
496,CD4,Exhausted CD4,Chenodeoxycholic acid,6.9017344,0.07036727015935651,0.4719506706402969,0.768790652539845,62.100605,0.3026973026973027,0.41435897435897434,False
497,CD4,Exhausted CD4,Chenodeoxycholic acid 3-sulfate,6.9017344,0.07036727015935651,0.4719506706402969,0.768790652539845,62.100605,0.3026973026973027,0.41435897435897434,False
498,CD4,Exhausted CD4,Chloride,75.6029,0.629368895533437,0.2645537882332021,0.768790652539845,132.49078,0.3386613386613387,0.45379356504278817,False
499,CD4,Exhausted CD4,Chloride ion,127.23706,1.2972572047842998,0.09727135192150921,0.46707580120885045,118.714294,0.04095904095904096,0.09811965811965812,False
500,CD4,Exhausted CD4,Chloride_bicarbonate anion exchange,1.0083889,0.020562243896232988,0.4917974295497672,0.768790652539845,0.0,0.000999000999000999,0.005797701625427063,False
501,CD4,Exhausted CD4,Cholesterol,-1.6797829,-0.01531830120835618,0.5061108790283506,0.768790652539845,61.919796,0.916083916083916,0.9472790997970854,False
502,CD4,Exhausted CD4,Cholic acid,97.725525,0.5145230577159542,0.30344317190554737,0.768790652539845,639.1804,0.5624375624375625,0.6529969760987532,False
503,CD4,Exhausted CD4,Choline,-37.022305,-0.3376143567652822,0.6321730891501409,0.7699394468702871,0.0,0.4155844155844156,0.5320665083135393,False
504,CD4,Exhausted CD4,Citric acid,42.456123,0.8657306553442151,0.19331894240697606,0.7654649032680265,14007.745,0.8971028971028971,0.9321223354958296,False
505,CD4,Exhausted CD4,Cobalamin,-3.2687948,-0.06665459819043341,0.5265716603602917,0.768790652539845,0.0,0.01098901098901099,0.03466321535085251,False
506,CD4,Exhausted CD4,Coprocholic acid,6.9017344,0.07036727015935651,0.4719506706402969,0.768790652539845,62.100605,0.3026973026973027,0.41435897435897434,False
507,CD4,Exhausted CD4,Cortisol,-21.673557,-0.25515966907001175,0.6007001101712395,0.768790652539845,0.0,0.43156843156843155,0.5474913436078485,False
508,CD4,Exhausted CD4,Creatine,-31.235792,-0.6369348089713394,0.7379163459862647,0.7974225306650513,0.0,0.36663336663336665,0.4822828178532877,False
509,CD4,Exhausted CD4,Cyclic AMP,-46.048027,-0.9389738270460194,0.8261279088270268,0.8559018603705285,0.0,0.6233766233766234,0.7016953902199804,False
510,CD4,Exhausted CD4,Cytidine,103.7946,2.116494894767031,0.01715136947350749,0.12143958155954727,665.1935,0.002997002997002997,0.01360323886639676,True
511,CD4,Exhausted CD4,D-Aspartate,121.85707,1.7570260343027493,0.03945668588345805,0.23467204073030495,259.50082,0.02097902097902098,0.057435897435897436,False
512,CD4,Exhausted CD4,D-Galactose,361.5135,5.21257081521205,9.312071838193872e-08,1.2470078809407447e-06,3196.0068,0.001998001998001998,0.010183669758137844,True
513,CD4,Exhausted CD4,D-Glucose,505.59952,4.208947276230628,1.2828162070926409e-05,0.00014750675959955914,3870.6443,0.000999000999000999,0.005797701625427063,True
514,CD4,Exhausted CD4,D-Lactate,303.1644,6.18188125535239,3.167108286036313e-10,4.791779273469678e-09,12.29569,0.0919080919080919,0.17466183001661184,False
515,CD4,Exhausted CD4,D-Maltose,379.77737,7.744110605277252,4.812659786474506e-15,8.575284710445484e-14,3185.415,0.001998001998001998,0.010183669758137844,True
516,CD4,Exhausted CD4,D-Mannose,361.5135,5.21257081521205,9.312071838193872e-08,1.2470078809407447e-06,3196.0068,0.001998001998001998,0.010183669758137844,True
517,CD4,Exhausted CD4,D-Xylose,379.77737,7.744110605277252,4.812659786474506e-15,8.575284710445484e-14,3185.415,0.001998001998001998,0.010183669758137844,True
518,CD4,Exhausted CD4,Dehydroascorbic acid,360.66254,4.246028111350492,1.0879667129891491e-05,0.00012679222882187058,3196.0068,0.001998001998001998,0.010183669758137844,True
519,CD4,Exhausted CD4,Dehydroepiandrosterone,-0.2408526,-0.003472792145276722,0.5013854408329944,0.768790652539845,0.0,0.001998001998001998,0.010183669758137844,False
520,CD4,Exhausted CD4,Deoxycholic acid,6.9017344,0.07036727015935651,0.4719506706402969,0.768790652539845,62.100605,0.3026973026973027,0.41435897435897434,False
521,CD4,Exhausted CD4,Digoxin,-0.0048419484,-9.873306428120366e-05,0.5000393887937513,0.768790652539845,0.0,0.001998001998001998,0.010183669758137844,False
522,CD4,Exhausted CD4,Docosahexaenoic acid,360.66254,4.246028111350492,1.0879667129891491e-05,0.00012679222882187058,3196.0068,0.001998001998001998,0.010183669758137844,True
523,CD4,Exhausted CD4,Dopamine,-65.293205,-0.5435441466089962,0.7066223980881519,0.7823047154025067,0.0,0.4965034965034965,0.594535705893662,False
524,CD4,Exhausted CD4,E-3179,-8.028823,-0.16371721111322493,0.5650231160712169,0.768790652539845,0.0,0.03496503496503497,0.08615384615384616,False
525,CD4,Exhausted CD4,Estradiol,-3.5581164,-0.022943655627689553,0.5091523913027264,0.768790652539845,14076.246,0.8991008991008991,0.9337483325922632,False
526,CD4,Exhausted CD4,Estriol,-8.028823,-0.16371721111322493,0.5650231160712169,0.768790652539845,0.0,0.03496503496503497,0.08615384615384616,False
527,CD4,Exhausted CD4,Estrone,-0.0048419484,-9.873306428120366e-05,0.5000393887937513,0.768790652539845,0.0,0.001998001998001998,0.010183669758137844,False
528,CD4,Exhausted CD4,Estrone sulfate,-0.0048419484,-9.873306428120366e-05,0.5000393887937513,0.768790652539845,0.0,0.001998001998001998,0.010183669758137844,False
529,CD4,Exhausted CD4,Ethanol,144.31276,1.6989733366186124,0.04466210379597942,0.25954581073889926,678.28046,0.001998001998001998,0.010183669758137844,True
530,CD4,Exhausted CD4,Fatty acid,388.28223,3.9587673098776572,3.7668795225914e-05,0.00042631980318672225,13431.275,0.000999000999000999,0.005797701625427063,True
531,CD4,Exhausted CD4,Folic acid,-227.08336,-1.2842692753687965,0.9004761233314373,0.914904110227417,1260.6544,0.18981018981018982,0.29515381841382565,False
532,CD4,Exhausted CD4,Folinic acid,21.373661,0.1949110114784814,0.4227313068043247,0.768790652539845,83.43367,0.4485514485514486,0.5625811070837249,False
533,CD4,Exhausted CD4,Fusidic Acid,-3.9729927,-0.08101402734063977,0.53228460151511,0.768790652539845,0.0,0.00999000999000999,0.03256003256003256,False
534,CD4,Exhausted CD4,GABA,-22.882568,-0.3299379185356295,0.6292765642811737,0.7697703674270698,0.0,0.08091908091908091,0.15947124173815214,False
535,CD4,Exhausted CD4,Glucosamine,-19.114822,-0.2756117500765854,0.6085768580767824,0.768790652539845,10.591693,0.5054945054945055,0.6027910142954391,False
536,CD4,Exhausted CD4,Glutathione,133.55885,0.9078077501744625,0.18198990148568994,0.7334022945853225,639.1804,0.5564435564435565,0.6479569579758616,False
537,CD4,Exhausted CD4,Glycerol,-8.028823,-0.16371721111322493,0.5650231160712169,0.768790652539845,0.0,0.03496503496503497,0.08615384615384616,False
538,CD4,Exhausted CD4,Glycochenodeoxycholate-3-sulfate,6.9017344,0.07036727015935651,0.4719506706402969,0.768790652539845,62.100605,0.3026973026973027,0.41435897435897434,False
539,CD4,Exhausted CD4,Glycyl-glycine,0.022443747,0.0004576545947360533,0.4998174222387132,0.768790652539845,0.0,0.002997002997002997,0.01360323886639676,False
540,CD4,Exhausted CD4,Guanosine,103.7946,2.116494894767031,0.01715136947350749,0.12143958155954727,665.1935,0.002997002997002997,0.01360323886639676,True
541,CD4,Exhausted CD4,Heme,143.09093,2.063191592620822,0.019547214305386144,0.13572880528957335,1829.9854,0.5164835164835165,0.6128445027729563,False
542,CD4,Exhausted CD4,Histamine,-31.235792,-0.6369348089713394,0.7379163459862647,0.7974225306650513,0.0,0.36663336663336665,0.4822828178532877,False
543,CD4,Exhausted CD4,Hydroxycelecoxib,-46.048027,-0.9389738270460194,0.8261279088270268,0.8559018603705285,0.0,0.6233766233766234,0.7016953902199804,False
544,CD4,Exhausted CD4,Hydroxylansoprazole,-21.673557,-0.25515966907001175,0.6007001101712395,0.768790652539845,0.0,0.43156843156843155,0.5474913436078485,False
545,CD4,Exhausted CD4,Hyodeoxycholic acid,6.9017344,0.07036727015935651,0.4719506706402969,0.768790652539845,62.100605,0.3026973026973027,0.41435897435897434,False
546,CD4,Exhausted CD4,Inosine,103.7946,2.116494894767031,0.01715136947350749,0.12143958155954727,665.1935,0.002997002997002997,0.01360323886639676,True
547,CD4,Exhausted CD4,Iron,311.6001,1.834211540992383,0.03331129946837683,0.21092264802884128,14680.876,0.004995004995004995,0.01947419668938656,True
548,CD4,Exhausted CD4,Isoursodeoxycholic acid,6.9017344,0.07036727015935651,0.4719506706402969,0.768790652539845,62.100605,0.3026973026973027,0.41435897435897434,False
549,CD4,Exhausted CD4,Ketone bodies,303.1644,6.18188125535239,3.167108286036313e-10,4.791779273469678e-09,12.29569,0.0919080919080919,0.17466183001661184,False
550,CD4,Exhausted CD4,L-Alanine,49.483665,1.0090305649847313,0.15647998793527712,0.6582845931482098,262.86606,0.28471528471528473,0.3991197359207762,False
551,CD4,Exhausted CD4,L-Arginine,84.25734,0.9919495253400503,0.1606110741113536,0.6717312818313839,6.460316,0.6343656343656343,0.7092000558425241,False
552,CD4,Exhausted CD4,L-Asparagine,49.483665,1.0090305649847313,0.15647998793527712,0.6582845931482098,262.86606,0.28471528471528473,0.3991197359207762,False
553,CD4,Exhausted CD4,L-Aspartate,121.85707,1.7570260343027493,0.03945668588345805,0.23467204073030495,259.50082,0.02097902097902098,0.057435897435897436,False
554,CD4,Exhausted CD4,L-Carnitine,-71.08315,-0.547848051785032,0.7081018794563969,0.7823047154025067,0.0,0.6303696303696303,0.7050982739698692,False
555,CD4,Exhausted CD4,L-Cysteine,307.04034,2.556008411837368,0.005294027962876011,0.043398951665249735,958.36255,0.44455544455544455,0.5578937942150981,False
556,CD4,Exhausted CD4,L-Cystine,17.138351,0.14267105697604196,0.4432749880116513,0.768790652539845,396.36096,0.14385614385614387,0.24117717430314634,False
557,CD4,Exhausted CD4,L-Dopa,0.022443747,0.0004576545947360533,0.4998174222387132,0.768790652539845,0.0,0.002997002997002997,0.01360323886639676,False
558,CD4,Exhausted CD4,L-Glutamate,450.48785,2.1074085866248855,0.017541088974684437,0.12362528801122911,1696.4985,0.23776223776223776,0.3521919509552625,False
559,CD4,Exhausted CD4,L-Glutamine,-115.87546,-0.6314949830604726,0.7361415357265767,0.7973479784107006,5311.461,0.003996003996003996,0.01628617129562309,True
560,CD4,Exhausted CD4,L-Histidine,-50.612217,-1.0320430667856915,0.8489740285696878,0.8736935587571585,0.0,0.6443556443556444,0.7179487179487181,False
561,CD4,Exhausted CD4,L-Isoleucine,2.621773,0.05346105772672959,0.4786822788432665,0.768790652539845,348.38748,0.4125874125874126,0.5302762810959533,False
562,CD4,Exhausted CD4,L-Lactate,435.71588,6.282476193537287,1.666111554980277e-10,2.5842708723291203e-09,61.99781,0.006993006993006993,0.024817980373535928,True
563,CD4,Exhausted CD4,L-Leucine,131.08437,0.8452659158879633,0.19898119336111697,0.768790652539845,2112.3428,0.43456543456543456,0.5498374864572048,False
564,CD4,Exhausted CD4,L-Lysine,-1.3940825,-0.02842699476698474,0.5113392029063712,0.768790652539845,0.0,0.003996003996003996,0.01628617129562309,False
565,CD4,Exhausted CD4,L-Methionine,-77.57227,-0.9132472032867561,0.8194437284408271,0.8520475903151306,382.53583,0.6043956043956044,0.6898236755303986,False
566,CD4,Exhausted CD4,L-Ornithine,-1.3940825,-0.02842699476698474,0.5113392029063712,0.768790652539845,0.0,0.003996003996003996,0.01628617129562309,False
567,CD4,Exhausted CD4,L-Phenylalanine,-77.57227,-0.9132472032867561,0.8194437284408271,0.8520475903151306,382.53583,0.6043956043956044,0.6898236755303986,False
568,CD4,Exhausted CD4,L-Serine,157.12508,1.8498108985549768,0.032170404751401864,0.20766285222761202,1039.4573,0.26073926073926074,0.37327612626417406,False
569,CD4,Exhausted CD4,L-Threonine,49.483665,1.0090305649847313,0.15647998793527712,0.6582845931482098,262.86606,0.28471528471528473,0.3991197359207762,False
570,CD4,Exhausted CD4,L-Tyrosine,-50.612217,-1.0320430667856915,0.8489740285696878,0.8736935587571585,0.0,0.6443556443556444,0.7179487179487181,False
571,CD4,Exhausted CD4,L-Valine,2.621773,0.05346105772672959,0.4786822788432665,0.768790652539845,348.38748,0.4125874125874126,0.5302762810959533,False
572,CD4,Exhausted CD4,Leukotriene C4,87.94342,1.7932705337596204,0.03646483830612263,0.2242530480825997,367.51312,0.4045954045954046,0.5231230538576865,False
573,CD4,Exhausted CD4,Lithocholic acid,6.9017344,0.07036727015935651,0.4719506706402969,0.768790652539845,62.100605,0.3026973026973027,0.41435897435897434,False
574,CD4,Exhausted CD4,Malic acid,124.75289,2.5438592603921673,0.005481762443450554,0.04451480161235177,259.50082,0.02097902097902098,0.057435897435897436,False
575,CD4,Exhausted CD4,Manganese,96.930695,1.3976189695883119,0.08111375940155946,0.4095579982898412,102.67857,0.3036963036963037,0.4155945609452433,False
576,CD4,Exhausted CD4,N-Desmethylcitalopram,-16.251635,-0.23432817539451486,0.5926348930265586,0.768790652539845,0.0,0.2677322677322677,0.38201903986152824,False
577,CD4,Exhausted CD4,N-Desmethyleletriptan,-8.028823,-0.16371721111322493,0.5650231160712169,0.768790652539845,0.0,0.03496503496503497,0.08615384615384616,False
578,CD4,Exhausted CD4,N-Desmethyltamoxifen,-21.673557,-0.25515966907001175,0.6007001101712395,0.768790652539845,0.0,0.43156843156843155,0.5474913436078485,False
579,CD4,Exhausted CD4,N-desmethylimatinib,-21.497383,-0.17895854115714338,0.5710148722703636,0.768790652539845,0.0,0.4435564435564436,0.5572888649811727,False
580,CD4,Exhausted CD4,Neurotransmitter,-26.685558,-0.24335134508784276,0.5961333840241091,0.768790652539845,0.0,0.11288711288711288,0.20131068270026084,False
581,CD4,Exhausted CD4,Nicotinate,304.59326,3.1055087377456947,0.000949760042719456,0.009161891060864192,14195.82,0.8761238761238761,0.9134057431929773,False
582,CD4,Exhausted CD4,Norepinephrine,-36.081654,-0.3678738323993503,0.6435163435842243,0.7719104793751966,0.0,0.4155844155844156,0.5320665083135393,False
583,CD4,Exhausted CD4,O-Deethylated candesartan,-8.028823,-0.16371721111322493,0.5650231160712169,0.768790652539845,0.0,0.03496503496503497,0.08615384615384616,False
584,CD4,Exhausted CD4,O-Desmethylverapamil (D-702),-28.231071,-0.10689830578977794,0.542565171362786,0.768790652539845,698.1667,0.6983016983016983,0.7628773557326889,False
585,CD4,Exhausted CD4,Oxalic acid,42.456123,0.8657306553442151,0.19331894240697606,0.7654649032680265,14007.745,0.8971028971028971,0.9321223354958296,False
586,CD4,Exhausted CD4,Phosphate,56.61517,0.516285906091154,0.302827369183043,0.768790652539845,64.39233,0.47152847152847155,0.578426672477664,False
587,CD4,Exhausted CD4,Potassium,0.08415077,0.0017159338743932696,0.49931544176307036,0.768790652539845,0.0,0.000999000999000999,0.005797701625427063,False
588,CD4,Exhausted CD4,Progesterone,53.08063,0.40910003689427643,0.34123312459839417,0.768790652539845,367.51312,0.4115884115884116,0.5296237632853569,False
589,CD4,Exhausted CD4,Prostaglandins,1.2166272,0.014323177314837954,0.49428607435197947,0.768790652539845,0.0,0.01098901098901099,0.03466321535085251,False
590,CD4,Exhausted CD4,Putrescine,-2.7662826,-0.056407778739668166,0.5224915198572315,0.768790652539845,0.0,0.11488511488511488,0.2038619816397594,False
591,CD4,Exhausted CD4,Pyruvate,303.1644,6.18188125535239,3.167108286036313e-10,4.791779273469678e-09,12.29569,0.0919080919080919,0.17466183001661184,False
592,CD4,Exhausted CD4,Serotonin,-7.001343,-0.0824258003388023,0.5328459399257072,0.768790652539845,0.0,0.24475524475524477,0.3573940451691891,False
593,CD4,Exhausted CD4,Sodium,181.84944,0.6359382871032498,0.26240832320361507,0.768790652539845,2104.8154,0.18181818181818182,0.2854022570076447,False
594,CD4,Exhausted CD4,Sodium_calcium_potassium exchange,-80.18891,-1.1562234673123215,0.8762051183603556,0.896121006767359,0.0,0.5244755244755245,0.6197693783333684,False
595,CD4,Exhausted CD4,Sodium_hydrogen exchange,-44.53309,-0.524281640697632,0.6999586677918029,0.7823047154025067,41.138382,0.8011988011988012,0.849046259712271,False
596,CD4,Exhausted CD4,Spermine,-0.69057536,-0.00813004429113141,0.5032433826792498,0.768790652539845,0.0,0.16883116883116883,0.2709341272794939,False
597,CD4,Exhausted CD4,Sulfolithocholic acid,6.9017344,0.07036727015935651,0.4719506706402969,0.768790652539845,62.100605,0.3026973026973027,0.41435897435897434,False
598,CD4,Exhausted CD4,Taurocholic acid,388.0735,1.5826556318139846,0.05674998806211074,0.308582532816925,14903.502,0.8841158841158842,0.921069749289126,False
599,CD4,Exhausted CD4,Testosterone,-47.133385,-0.36326375488201534,0.6417960669700826,0.7719104793751966,0.0,0.5234765234765235,0.6189280968551603,False
600,CD4,Exhausted CD4,Thiamine,-15.992614,-0.3261083425910442,0.6278288073538264,0.768790652539845,0.0,0.08091908091908091,0.15947124173815214,False
601,CD4,Exhausted CD4,Thymidine,96.64271,1.1377606835052094,0.12761021315284132,0.5713969253531171,665.1935,0.002997002997002997,0.01360323886639676,True
602,CD4,Exhausted CD4,Thyroxine,-0.0048419484,-9.873306428120366e-05,0.5000393887937513,0.768790652539845,0.0,0.001998001998001998,0.010183669758137844,False
603,CD4,Exhausted CD4,Trihydroxycoprostanoic acid,6.9017344,0.07036727015935651,0.4719506706402969,0.768790652539845,62.100605,0.3026973026973027,0.41435897435897434,False
604,CD4,Exhausted CD4,Urea,-11.256259,-0.13251831598546035,0.5527128316385435,0.768790652539845,0.0,0.01098901098901099,0.03466321535085251,False
605,CD4,Exhausted CD4,Uridine,103.7946,2.116494894767031,0.01715136947350749,0.12143958155954727,665.1935,0.002997002997002997,0.01360323886639676,True
606,CD4,Exhausted CD4,Ursocholic acid,6.9017344,0.07036727015935651,0.4719506706402969,0.768790652539845,62.100605,0.3026973026973027,0.41435897435897434,False
607,CD4,Exhausted CD4,Ursodeoxycholic acid,6.9017344,0.07036727015935651,0.4719506706402969,0.768790652539845,62.100605,0.3026973026973027,0.41435897435897434,False
608,CD4,Exhausted CD4,Ursodeoxycholic acid 3-sulfate,6.9017344,0.07036727015935651,0.4719506706402969,0.768790652539845,62.100605,0.3026973026973027,0.41435897435897434,False
609,CD4,Exhausted CD4,Varanic acid,6.9017344,0.07036727015935651,0.4719506706402969,0.768790652539845,62.100605,0.3026973026973027,0.41435897435897434,False
610,CD4,Exhausted CD4,Vitamin C,-77.06653,-1.5714778175719826,0.9419641485059125,0.9490068711115642,0.0,0.8911088911088911,0.9272349272349273,False
611,CD4,Exhausted CD4,Vitamin D3,44.251564,0.9023418178447545,0.18343765892632624,0.7364834127470379,61.919796,0.8241758241758241,0.86848635235732,False
612,CD4,Exhausted CD4,Water,264.78885,1.5586604952607714,0.05953837828436049,0.3197129354447851,110.99489,0.013986013986013986,0.04176432985297251,True
613,CD4,Exhausted CD4,Zinc,13.510165,0.19479962738234657,0.42277490700365944,0.768790652539845,60.79782,0.7352647352647352,0.7980018974229898,False
614,CD4,Exhausted CD4,alpha-Ketoisovaleric acid,303.1644,6.18188125535239,3.167108286036313e-10,4.791779273469678e-09,12.29569,0.0919080919080919,0.17466183001661184,False
615,CD4,Exhausted CD4,alpha-Tocopherol,64.50919,1.315418881570608,0.0941845816088121,0.46444225306482645,112.725105,0.15484515484515485,0.2542621126017927,False
616,CD4,Exhausted CD8,"(3a,5b,7a)-23-Carboxy-7-hydroxy-24-norcholan-3-yl-b-D-Glucopyranosiduronic acid",-0.24159305,-0.008650418756024477,0.5034509747456423,0.768790652539845,0.0,0.13286713286713286,0.2269002284843869,False
617,CD4,Exhausted CD8,17a-Ethynylestradiol,-7.9953337,-0.3305663633017749,0.6295139713733218,0.769842383596643,0.0,0.06393606393606394,0.1368200038175224,False
618,CD4,Exhausted CD8,"1b,3a,12a-Trihydroxy-5b-cholanoic acid",-0.24159305,-0.008650418756024477,0.5034509747456423,0.768790652539845,0.0,0.13286713286713286,0.2269002284843869,False
619,CD4,Exhausted CD8,2-Hydroxychlorpropamide,-7.501723,-0.3798645006661443,0.6479770000261452,0.7723792249803293,0.0,0.059940059940059943,0.13040440891096794,False
620,CD4,Exhausted CD8,25-Hydroxycholesterol,-9.698824,-0.6945472076126887,0.7563304467493449,0.8081413580296098,0.0,0.7072927072927073,0.7721129503407985,False
621,CD4,Exhausted CD8,"3',4'-Dihydrodiol",-7.3067837,-0.26162482359388617,0.6031946480136542,0.768790652539845,0.0,0.061938061938061936,0.1338060736858332,False
622,CD4,Exhausted CD8,3-Sulfodeoxycholic acid,-0.24159305,-0.008650418756024477,0.5034509747456423,0.768790652539845,0.0,0.13286713286713286,0.2269002284843869,False
623,CD4,Exhausted CD8,"3alpha,7alpha-Dihydroxycoprostanic acid",-0.24159305,-0.008650418756024477,0.5034509747456423,0.768790652539845,0.0,0.13286713286713286,0.2269002284843869,False
624,CD4,Exhausted CD8,3b-Hydroxy-5-cholenoic acid,-0.24159305,-0.008650418756024477,0.5034509747456423,0.768790652539845,0.0,0.13286713286713286,0.2269002284843869,False
625,CD4,Exhausted CD8,4'-Hydroxydiclofenac,1.9225426,0.06157063853389681,0.4754523798101404,0.768790652539845,66.01413,0.11288711288711288,0.20131068270026084,False
626,CD4,Exhausted CD8,4-Hydroxycyclophosphamide,-7.613846,-0.5452388244065404,0.7072053637290676,0.7823047154025067,0.0,0.059940059940059943,0.13040440891096794,False
627,CD4,Exhausted CD8,4-Hydroxyvalsartan,0.13732232,0.006953586049848087,0.49722594287969163,0.768790652539845,0.0,0.000999000999000999,0.005797701625427063,False
628,CD4,Exhausted CD8,4-ene-Valproic acid,-5.684808,-0.2878614315240614,0.613273594501828,0.768790652539845,0.0,0.07492507492507493,0.15054842641049537,False
629,CD4,Exhausted CD8,5-Hydroxyomeprazole,-8.873278,-0.31771430584022237,0.624649170707827,0.768790652539845,0.0,0.1878121878121878,0.2926802146173306,False
630,CD4,Exhausted CD8,5-Methyltetrahydrofolic acid,-3.0938728,-0.22155683201312276,0.5876705548341423,0.768790652539845,0.0,0.24375624375624375,0.35605586825099017,False
631,CD4,Exhausted CD8,8-Hydroxycarvedilol,-7.613846,-0.5452388244065404,0.7072053637290676,0.7823047154025067,0.0,0.059940059940059943,0.13040440891096794,False
632,CD4,Exhausted CD8,ADP,-11.032914,-0.5586733252595191,0.7118076563353644,0.7847902362869065,0.0,0.15884115884115885,0.2593423237118807,False
633,CD4,Exhausted CD8,Acetate,0.91909695,0.03290894971138884,0.4868735979126022,0.768790652539845,152.32236,0.10589410589410589,0.19169411612736548,False
634,CD4,Exhausted CD8,Acetyl-L-Carnitine,-5.3753905,-0.38493971120405873,0.6498589583090525,0.7723792249803293,0.0,0.017982017982017984,0.051045728465083304,False
635,CD4,Exhausted CD8,Acetylcholine,0.0,0.0,0.5,0.768790652539845,0.0,0.000999000999000999,0.005797701625427063,False
636,CD4,Exhausted CD8,Adenine,-2.1816175,-0.15622887400673827,0.5620736909987282,0.768790652539845,0.0,0.11588411588411589,0.20521244669088612,False
637,CD4,Exhausted CD8,Adenosine,-0.35634074,-0.02551809013837071,0.5101791403292076,0.768790652539845,14.737418,0.3906093906093906,0.5082401002738963,False
638,CD4,Exhausted CD8,Adenosine diphosphate ribose,-12.927922,-0.9257877412819877,0.8227218504497339,0.8546318041771266,18.687052,0.17082917082917082,0.27261857313670784,False
639,CD4,Exhausted CD8,Adenosine triphosphate,-40.549324,-1.4518987037084867,0.9267351134725328,0.9354124085425004,173.29156,0.6283716283716284,0.7037762237762237,False
640,CD4,Exhausted CD8,Adenosylcobalamin,0.4921398,0.035242862120624864,0.4859430422072075,0.768790652539845,0.0,0.002997002997002997,0.01360323886639676,False
641,CD4,Exhausted CD8,Amiloride-sensitive sodium transport,3.6397781,0.15048630507069258,0.4401904773351032,0.768790652539845,0.0,0.10989010989010989,0.19768300118738166,False
642,CD4,Exhausted CD8,Anion exchange,3.086796,0.22105005611678244,0.4125267288544056,0.768790652539845,0.0,0.07692307692307693,0.15356125356125358,False
643,CD4,Exhausted CD8,Betaine,0.0,0.0,0.5,0.768790652539845,0.0,0.000999000999000999,0.005797701625427063,False
644,CD4,Exhausted CD8,Bilirubin,0.44438434,0.02250227558300502,0.4910236484039585,0.768790652539845,0.0,0.002997002997002997,0.01360323886639676,False
645,CD4,Exhausted CD8,Butyrate,-0.3094172,-0.022157825073025633,0.5088389699804302,0.768790652539845,0.0,0.059940059940059943,0.13040440891096794,False
646,CD4,Exhausted CD8,Cadmium,3.908479,0.27989199290798816,0.3897801852707175,0.768790652539845,5.91147,0.4075924075924076,0.5262091202210963,False
647,CD4,Exhausted CD8,Calcidiol,0.4921398,0.02492046679391635,0.4900592010810524,0.768790652539845,0.0,0.002997002997002997,0.01360323886639676,False
648,CD4,Exhausted CD8,Calcium,0.4921398,0.035242862120624864,0.4859430422072075,0.768790652539845,0.0,0.002997002997002997,0.01360323886639676,False
649,CD4,Exhausted CD8,Calcium release-activated calcium transport,-9.449276,-0.39067947901868844,0.6519829154370348,0.7742633796101608,10.626064,0.42157842157842157,0.5383020887906881,False
650,CD4,Exhausted CD8,Chenodeoxycholic acid,-0.24159305,-0.008650418756024477,0.5034509747456423,0.768790652539845,0.0,0.13286713286713286,0.2269002284843869,False
651,CD4,Exhausted CD8,Chenodeoxycholic acid 3-sulfate,-0.24159305,-0.008650418756024477,0.5034509747456423,0.768790652539845,0.0,0.13286713286713286,0.2269002284843869,False
652,CD4,Exhausted CD8,Chloride,12.7192545,0.37185080511060953,0.3550019672946044,0.768790652539845,16.275295,0.0899100899100899,0.1726145626412768,False
653,CD4,Exhausted CD8,Chloride ion,12.779888,0.45759339974890917,0.3236222931334833,0.768790652539845,9.779445,0.24275724275724275,0.3550777580628327,False
654,CD4,Exhausted CD8,Chloride_bicarbonate anion exchange,0.1483237,0.010621680762222854,0.49576264213169724,0.768790652539845,0.0,0.001998001998001998,0.010183669758137844,False
655,CD4,Exhausted CD8,Cholesterol,-5.015645,-0.16062919566818004,0.5638072706682382,0.768790652539845,0.0,0.11388611388611389,0.20292434837889387,False
656,CD4,Exhausted CD8,Cholic acid,-3.0171967,-0.05578798589100936,0.5222446470454902,0.768790652539845,66.01413,0.2037962037962038,0.3127292636189434,False
657,CD4,Exhausted CD8,Choline,-9.3517885,-0.2994969261226781,0.6177195414707966,0.768790652539845,0.0,0.022977022977022976,0.061196370028982754,False
658,CD4,Exhausted CD8,Citric acid,11.644009,0.8338447778023084,0.2021842294216552,0.768790652539845,152.32236,0.09490509490509491,0.17846958972122515,False
659,CD4,Exhausted CD8,Cobalamin,0.4921398,0.035242862120624864,0.4859430422072075,0.768790652539845,0.0,0.002997002997002997,0.01360323886639676,False
660,CD4,Exhausted CD8,Coprocholic acid,-0.24159305,-0.008650418756024477,0.5034509747456423,0.768790652539845,0.0,0.13286713286713286,0.2269002284843869,False
661,CD4,Exhausted CD8,Cortisol,-8.462945,-0.3498997116625322,0.6367930182846684,0.7708390086288449,0.0,0.07092907092907093,0.14732473692011264,False
662,CD4,Exhausted CD8,Creatine,-5.3753905,-0.38493971120405873,0.6498589583090525,0.7723792249803293,0.0,0.017982017982017984,0.051045728465083304,False
663,CD4,Exhausted CD8,Cyclic AMP,-1.781058,-0.12754420922671472,0.550745157515169,0.768790652539845,0.0,0.03596403596403597,0.0880618529681562,False
664,CD4,Exhausted CD8,Cytidine,-0.35634074,-0.02551809013837071,0.5101791403292076,0.768790652539845,14.737418,0.3906093906093906,0.5082401002738963,False
665,CD4,Exhausted CD8,D-Aspartate,-0.80254567,-0.04063847952720351,0.5162079463724193,0.768790652539845,0.0,0.04795204795204795,0.1101594196959141,False
666,CD4,Exhausted CD8,D-Galactose,31.505575,1.5953468133727238,0.05531735128751822,0.30193470728073235,101.62568,0.2727272727272727,0.3853211009174312,False
667,CD4,Exhausted CD8,D-Glucose,28.07966,0.8209163782321155,0.20584695062068875,0.768790652539845,101.62568,0.3156843156843157,0.42832937987123015,False
668,CD4,Exhausted CD8,D-Lactate,-0.3094172,-0.022157825073025633,0.5088389699804302,0.768790652539845,0.0,0.059940059940059943,0.13040440891096794,False
669,CD4,Exhausted CD8,D-Maltose,33.535645,2.401537385932729,0.008163170341086295,0.06423282939920458,101.62568,0.26973026973026976,0.38325167937774635,False
670,CD4,Exhausted CD8,D-Mannose,31.505575,1.5953468133727238,0.05531735128751822,0.30193470728073235,101.62568,0.2727272727272727,0.3853211009174312,False
671,CD4,Exhausted CD8,D-Xylose,33.535645,2.401537385932729,0.008163170341086295,0.06423282939920458,101.62568,0.26973026973026976,0.38325167937774635,False
672,CD4,Exhausted CD8,Dehydroascorbic acid,31.617697,1.307230875402428,0.09556715623144113,0.46444225306482645,101.62568,0.2727272727272727,0.3853211009174312,False
673,CD4,Exhausted CD8,Dehydroepiandrosterone,0.13732232,0.006953586049848087,0.49722594287969163,0.768790652539845,0.0,0.000999000999000999,0.005797701625427063,False
674,CD4,Exhausted CD8,Deoxycholic acid,-0.24159305,-0.008650418756024477,0.5034509747456423,0.768790652539845,0.0,0.13286713286713286,0.2269002284843869,False
675,CD4,Exhausted CD8,Digoxin,0.13732232,0.00983385569882352,0.4960769224124932,0.768790652539845,0.0,0.000999000999000999,0.005797701625427063,False
676,CD4,Exhausted CD8,Docosahexaenoic acid,31.617697,1.307230875402428,0.09556715623144113,0.46444225306482645,101.62568,0.2727272727272727,0.3853211009174312,False
677,CD4,Exhausted CD8,Dopamine,-9.567137,-0.2796978007044985,0.610145317101618,0.768790652539845,0.0,0.024975024975024976,0.06574621959237344,False
678,CD4,Exhausted CD8,E-3179,-7.613846,-0.5452388244065404,0.7072053637290676,0.7823047154025067,0.0,0.059940059940059943,0.13040440891096794,False
679,CD4,Exhausted CD8,Estradiol,0.997056,0.02257887237836455,0.49099309846560746,0.768790652539845,152.32236,0.0979020979020979,0.1820413308123528,False
680,CD4,Exhausted CD8,Estriol,-7.613846,-0.5452388244065404,0.7072053637290676,0.7823047154025067,0.0,0.059940059940059943,0.13040440891096794,False
681,CD4,Exhausted CD8,Estrone,0.13732232,0.00983385569882352,0.4960769224124932,0.768790652539845,0.0,0.000999000999000999,0.005797701625427063,False
682,CD4,Exhausted CD8,Estrone sulfate,0.13732232,0.00983385569882352,0.4960769224124932,0.768790652539845,0.0,0.000999000999000999,0.005797701625427063,False
683,CD4,Exhausted CD8,Ethanol,-0.15753031,-0.006513076637993472,0.5025983232761594,0.768790652539845,14.737418,0.3996003996003996,0.5182186234817814,False
684,CD4,Exhausted CD8,Fatty acid,42.36977,1.5170811271235227,0.06462310128726298,0.34274884717180565,99.784256,0.17282717282717283,0.2739819004524887,False
685,CD4,Exhausted CD8,Folic acid,-12.265717,-0.24361495352841478,0.5962354770345208,0.768790652539845,58.31663,0.03896103896103896,0.09395973154362415,False
686,CD4,Exhausted CD8,Folinic acid,-3.7619643,-0.12047928028483833,0.5479482539911429,0.768790652539845,0.0,0.2137862137862138,0.32643277402484205,False
687,CD4,Exhausted CD8,Fusidic Acid,0.30706203,0.021989168682013442,0.4912282977949777,0.768790652539845,0.0,0.002997002997002997,0.01360323886639676,False
688,CD4,Exhausted CD8,GABA,0.0,0.0,0.5,0.768790652539845,0.0,0.000999000999000999,0.005797701625427063,False
689,CD4,Exhausted CD8,Glucosamine,-1.9179456,-0.0971189518370402,0.5386840346919631,0.768790652539845,0.0,0.08091908091908091,0.15947124173815214,False
690,CD4,Exhausted CD8,Glutathione,5.80501,0.13856846305811513,0.44489558283616676,0.768790652539845,66.01413,0.1958041958041958,0.30261924455472844,False
691,CD4,Exhausted CD8,Glycerol,-7.613846,-0.5452388244065404,0.7072053637290676,0.7823047154025067,0.0,0.059940059940059943,0.13040440891096794,False
692,CD4,Exhausted CD8,Glycochenodeoxycholate-3-sulfate,-0.24159305,-0.008650418756024477,0.5034509747456423,0.768790652539845,0.0,0.13286713286713286,0.2269002284843869,False
693,CD4,Exhausted CD8,Glycyl-glycine,0.1121232,0.008029309039074463,0.4967968035601817,0.768790652539845,0.0,0.000999000999000999,0.005797701625427063,False
694,CD4,Exhausted CD8,Guanosine,-0.35634074,-0.02551809013837071,0.5101791403292076,0.768790652539845,14.737418,0.3906093906093906,0.5082401002738963,False
695,CD4,Exhausted CD8,Heme,4.8084755,0.24348662144102745,0.4038142239285208,0.768790652539845,31.979473,0.25674325674325676,0.36914869058917077,False
696,CD4,Exhausted CD8,Histamine,-5.3753905,-0.38493971120405873,0.6498589583090525,0.7723792249803293,0.0,0.017982017982017984,0.051045728465083304,False
697,CD4,Exhausted CD8,Hydroxycelecoxib,-1.781058,-0.12754420922671472,0.550745157515169,0.768790652539845,0.0,0.03596403596403597,0.0880618529681562,False
698,CD4,Exhausted CD8,Hydroxylansoprazole,-8.462945,-0.3498997116625322,0.6367930182846684,0.7708390086288449,0.0,0.07092907092907093,0.14732473692011264,False
699,CD4,Exhausted CD8,Hyodeoxycholic acid,-0.24159305,-0.008650418756024477,0.5034509747456423,0.768790652539845,0.0,0.13286713286713286,0.2269002284843869,False
700,CD4,Exhausted CD8,Inosine,-0.35634074,-0.02551809013837071,0.5101791403292076,0.768790652539845,14.737418,0.3906093906093906,0.5082401002738963,False
701,CD4,Exhausted CD8,Iron,35.243675,0.7285733172235239,0.23313135265328855,0.768790652539845,1403.0624,0.000999000999000999,0.005797701625427063,True
702,CD4,Exhausted CD8,Isoursodeoxycholic acid,-0.24159305,-0.008650418756024477,0.5034509747456423,0.768790652539845,0.0,0.13286713286713286,0.2269002284843869,False
703,CD4,Exhausted CD8,Ketone bodies,-0.3094172,-0.022157825073025633,0.5088389699804302,0.768790652539845,0.0,0.059940059940059943,0.13040440891096794,False
704,CD4,Exhausted CD8,L-Alanine,-1.8378372,-0.13161025687598035,0.552353713855845,0.768790652539845,25.012049,0.33466533466533466,0.4489971758173376,False
705,CD4,Exhausted CD8,L-Arginine,-9.724184,-0.4020455286778308,0.656174740120263,0.7758786175390525,12.625976,0.12787212787212787,0.2217959032118324,False
706,CD4,Exhausted CD8,L-Asparagine,-1.8378372,-0.13161025687598035,0.552353713855845,0.768790652539845,25.012049,0.33466533466533466,0.4489971758173376,False
707,CD4,Exhausted CD8,L-Aspartate,-0.80254567,-0.04063847952720351,0.5162079463724193,0.768790652539845,0.0,0.04795204795204795,0.1101594196959141,False
708,CD4,Exhausted CD8,L-Carnitine,-6.81206,-0.18437928697286526,0.57314204107541,0.768790652539845,0.0,0.03896103896103896,0.09395973154362415,False
709,CD4,Exhausted CD8,L-Cysteine,-3.2968655,-0.09638474310419305,0.5383924955280207,0.768790652539845,25.012049,0.43156843156843155,0.5474913436078485,False
710,CD4,Exhausted CD8,L-Cystine,-39.577877,-1.1570698149727396,0.8763780810616774,0.896121006767359,20.781942,0.22077922077922077,0.3350932770151355,False
711,CD4,Exhausted CD8,L-Dopa,0.1121232,0.008029309039074463,0.4967968035601817,0.768790652539845,0.0,0.000999000999000999,0.005797701625427063,False
712,CD4,Exhausted CD8,L-Glutamate,-20.445766,-0.3358994474268314,0.6315266531189833,0.7699394468702871,72.23147,0.3876123876123876,0.5055609846898413,False
713,CD4,Exhausted CD8,L-Glutamine,47.382877,0.9068597078117853,0.18224049531034425,0.7337264386351114,146.51959,0.24075924075924077,0.3528735031114365,False
714,CD4,Exhausted CD8,L-Histidine,35.615494,2.5504784838116734,0.005378758199784525,0.04392652529824029,12.625976,0.12087912087912088,0.21266045256253335,False
715,CD4,Exhausted CD8,L-Isoleucine,-1.2120804,-0.08679887739395975,0.5345843100162865,0.768790652539845,0.0,0.21878121878121878,0.3326461972442227,False
716,CD4,Exhausted CD8,L-Lactate,-8.628381,-0.4369150442743896,0.6689135194786459,0.7782149353655358,0.0,0.13786213786213786,0.23312217194570137,False
717,CD4,Exhausted CD8,L-Leucine,70.11322,1.587751780783804,0.05617123949001309,0.3062078188128147,142.1229,0.2177822177822178,0.33147791142849387,False
718,CD4,Exhausted CD8,L-Lysine,-3.8021557,-0.2722780273893316,0.6072958750906418,0.768790652539845,0.0,0.000999000999000999,0.005797701625427063,False
719,CD4,Exhausted CD8,L-Methionine,52.17769,2.1572819189365964,0.015491852473900385,0.11152064752497239,43.00722,0.14585414585414586,0.2431090363057893,False
720,CD4,Exhausted CD8,L-Ornithine,-3.8021557,-0.2722780273893316,0.6072958750906418,0.768790652539845,0.0,0.000999000999000999,0.005797701625427063,False
721,CD4,Exhausted CD8,L-Phenylalanine,52.17769,2.1572819189365964,0.015491852473900385,0.11152064752497239,43.00722,0.14585414585414586,0.2431090363057893,False
722,CD4,Exhausted CD8,L-Serine,-1.3116965,-0.0542319769614265,0.5216248278838507,0.768790652539845,61.872463,0.27172827172827174,0.38453964807755425,False
723,CD4,Exhausted CD8,L-Threonine,-1.8378372,-0.13161025687598035,0.552353713855845,0.768790652539845,25.012049,0.33466533466533466,0.4489971758173376,False
724,CD4,Exhausted CD8,L-Tyrosine,35.615494,2.5504784838116734,0.005378758199784525,0.04392652529824029,12.625976,0.12087912087912088,0.21266045256253335,False
725,CD4,Exhausted CD8,L-Valine,-1.2120804,-0.08679887739395975,0.5345843100162865,0.768790652539845,0.0,0.21878121878121878,0.3326461972442227,False
726,CD4,Exhausted CD8,Leukotriene C4,17.01788,1.218675662459528,0.11148365938819355,0.5135871146174045,66.01413,0.0939060939060939,0.17744218971212836,False
727,CD4,Exhausted CD8,Lithocholic acid,-0.24159305,-0.008650418756024477,0.5034509747456423,0.768790652539845,0.0,0.13286713286713286,0.2269002284843869,False
728,CD4,Exhausted CD8,Malic acid,-0.26782015,-0.019178999273907208,0.5076508446631254,0.768790652539845,0.0,0.04595404595404595,0.1078094919226584,False
729,CD4,Exhausted CD8,Manganese,4.470415,0.22636826872636717,0.41045750264836933,0.768790652539845,5.91147,0.4085914085914086,0.5262383972061391,False
730,CD4,Exhausted CD8,N-Desmethylcitalopram,-10.741858,-0.5439350997452455,0.7067569328704512,0.7823047154025067,0.0,0.06893106893106893,0.14477874779871858,False
731,CD4,Exhausted CD8,N-Desmethyleletriptan,-7.613846,-0.5452388244065404,0.7072053637290676,0.7823047154025067,0.0,0.059940059940059943,0.13040440891096794,False
732,CD4,Exhausted CD8,N-Desmethyltamoxifen,-8.462945,-0.3498997116625322,0.6367930182846684,0.7708390086288449,0.0,0.07092907092907093,0.14732473692011264,False
733,CD4,Exhausted CD8,N-desmethylimatinib,-8.462945,-0.24741645885179417,0.5977070311238606,0.768790652539845,0.0,0.07092907092907093,0.14732473692011264,False
734,CD4,Exhausted CD8,Neurotransmitter,-2.481821,-0.07948188488826276,0.5316753301054227,0.768790652539845,0.0,0.005994005994005994,0.02205303229194014,False
735,CD4,Exhausted CD8,Nicotinate,3.86267,0.13830577004749953,0.4449993827495982,0.768790652539845,152.32236,0.1038961038961039,0.18902953586497892,False
736,CD4,Exhausted CD8,Norepinephrine,-8.612287,-0.30836932553056917,0.6210993399469615,0.768790652539845,0.0,0.022977022977022976,0.061196370028982754,False
737,CD4,Exhausted CD8,O-Deethylated candesartan,-7.613846,-0.5452388244065404,0.7072053637290676,0.7823047154025067,0.0,0.059940059940059943,0.13040440891096794,False
738,CD4,Exhausted CD8,O-Desmethylverapamil (D-702),-32.019005,-0.42578614445443425,0.6648681579989996,0.7782149353655358,66.01413,0.26073926073926074,0.37327612626417406,False
739,CD4,Exhausted CD8,Oxalic acid,11.644009,0.8338447778023084,0.2021842294216552,0.768790652539845,152.32236,0.09490509490509491,0.17846958972122515,False
740,CD4,Exhausted CD8,Phosphate,0.9694176,0.031046209214802077,0.4876163438964399,0.768790652539845,7.058079,0.26673326673326675,0.3807195783362616,False
741,CD4,Exhausted CD8,Potassium,0.0,0.0,0.5,0.768790652539845,0.0,0.000999000999000999,0.005797701625427063,False
742,CD4,Exhausted CD8,Progesterone,8.715485,0.23589851941591403,0.406755708584474,0.768790652539845,66.01413,0.0979020979020979,0.1820413308123528,False
743,CD4,Exhausted CD8,Prostaglandins,0.13732232,0.005677579234887695,0.4977349857616341,0.768790652539845,0.0,0.000999000999000999,0.005797701625427063,False
744,CD4,Exhausted CD8,Putrescine,-0.32209936,-0.023066014107020794,0.5092011923584516,0.768790652539845,0.0,0.01098901098901099,0.03466321535085251,False
745,CD4,Exhausted CD8,Pyruvate,-0.3094172,-0.022157825073025633,0.5088389699804302,0.768790652539845,0.0,0.059940059940059943,0.13040440891096794,False
746,CD4,Exhausted CD8,Serotonin,-3.1280117,-0.1293273671448234,0.5514506912897196,0.768790652539845,0.0,0.011988011988011988,0.03687040491605399,False
747,CD4,Exhausted CD8,Sodium,-39.82895,-0.48915002717291506,0.6876322570841187,0.7788469378898659,149.07806,0.29270729270729273,0.40767243092824496,False
748,CD4,Exhausted CD8,Sodium_calcium_potassium exchange,-2.3994844,-0.12150261542563826,0.5483535283784513,0.768790652539845,0.0,0.03296703296703297,0.08264758497316636,False
749,CD4,Exhausted CD8,Sodium_hydrogen exchange,9.049677,0.3741580906023269,0.35414335101392513,0.768790652539845,5.91147,0.23076923076923078,0.34312997347480106,False
750,CD4,Exhausted CD8,Spermine,-2.643474,-0.10929420287917653,0.5435154277577532,0.768790652539845,0.0,0.011988011988011988,0.03687040491605399,False
751,CD4,Exhausted CD8,Sulfolithocholic acid,-0.24159305,-0.008650418756024477,0.5034509747456423,0.768790652539845,0.0,0.13286713286713286,0.2269002284843869,False
752,CD4,Exhausted CD8,Taurocholic acid,3.7389832,0.05355082901149736,0.47864651651061546,0.768790652539845,218.33649,0.06693306693306693,0.14147812971342383,False
753,CD4,Exhausted CD8,Testosterone,-11.79497,-0.3192497006243577,0.6252314142401669,0.768790652539845,0.0,0.08291708291708291,0.16222253245846713,False
754,CD4,Exhausted CD8,Thiamine,1.15639,0.08281080446063599,0.4670009889605662,0.768790652539845,0.0,0.011988011988011988,0.03687040491605399,False
755,CD4,Exhausted CD8,Thymidine,-9.060681,-0.37461306852871623,0.6460258737986134,0.7723792249803293,14.737418,0.4025974025974026,0.5213213213213214,False
756,CD4,Exhausted CD8,Thyroxine,0.13732232,0.00983385569882352,0.4960769224124932,0.768790652539845,0.0,0.000999000999000999,0.005797701625427063,False
757,CD4,Exhausted CD8,Trihydroxycoprostanoic acid,-0.24159305,-0.008650418756024477,0.5034509747456423,0.768790652539845,0.0,0.13286713286713286,0.2269002284843869,False
758,CD4,Exhausted CD8,Urea,0.27869907,0.011522788401468212,0.4954031742424173,0.768790652539845,0.0,0.003996003996003996,0.01628617129562309,False
759,CD4,Exhausted CD8,Uridine,-0.35634074,-0.02551809013837071,0.5101791403292076,0.768790652539845,14.737418,0.3906093906093906,0.5082401002738963,False
760,CD4,Exhausted CD8,Ursocholic acid,-0.24159305,-0.008650418756024477,0.5034509747456423,0.768790652539845,0.0,0.13286713286713286,0.2269002284843869,False
761,CD4,Exhausted CD8,Ursodeoxycholic acid,-0.24159305,-0.008650418756024477,0.5034509747456423,0.768790652539845,0.0,0.13286713286713286,0.2269002284843869,False
762,CD4,Exhausted CD8,Ursodeoxycholic acid 3-sulfate,-0.24159305,-0.008650418756024477,0.5034509747456423,0.768790652539845,0.0,0.13286713286713286,0.2269002284843869,False
763,CD4,Exhausted CD8,Varanic acid,-0.24159305,-0.008650418756024477,0.5034509747456423,0.768790652539845,0.0,0.13286713286713286,0.2269002284843869,False
764,CD4,Exhausted CD8,Vitamin C,-0.10617991,-0.007603701138420024,0.5030334086415614,0.768790652539845,0.0,0.06393606393606394,0.1368200038175224,False
765,CD4,Exhausted CD8,Vitamin D3,2.4746675,0.17721462402370658,0.42966990457825965,0.768790652539845,0.0,0.04095904095904096,0.09811965811965812,False
766,CD4,Exhausted CD8,Water,-22.52317,-0.46560924525028724,0.6792523879480132,0.7782149353655358,0.0,0.21478521478521478,0.32761013305760384,False
767,CD4,Exhausted CD8,Zinc,-6.3581495,-0.32195741646599324,0.626257522531666,0.768790652539845,5.91147,0.4115884115884116,0.5296237632853569,False
768,CD4,Exhausted CD8,alpha-Ketoisovaleric acid,-0.3094172,-0.022157825073025633,0.5088389699804302,0.768790652539845,0.0,0.059940059940059943,0.13040440891096794,False
769,CD4,Exhausted CD8,alpha-Tocopherol,0.015607981,0.0011177107355896535,0.49955409802315726,0.768790652539845,0.0,0.024975024975024976,0.06574621959237344,False
770,CD4,Treg,"(3a,5b,7a)-23-Carboxy-7-hydroxy-24-norcholan-3-yl-b-D-Glucopyranosiduronic acid",-33.70882,-0.32734724855299535,0.6282973700256062,0.768790652539845,0.0,0.6253746253746254,0.7016953902199804,False
771,CD4,Treg,17a-Ethynylestradiol,-22.244099,-0.24943036457149861,0.5984860501522121,0.768790652539845,0.0,0.1108891108891109,0.19923076923076924,False
772,CD4,Treg,"1b,3a,12a-Trihydroxy-5b-cholanoic acid",-33.70882,-0.32734724855299535,0.6282973700256062,0.768790652539845,0.0,0.6253746253746254,0.7016953902199804,False
773,CD4,Treg,2-Hydroxychlorpropamide,-15.659193,-0.21505498609579476,0.5851377756838588,0.768790652539845,0.0,0.07592407592407592,0.15184815184815184,False
774,CD4,Treg,25-Hydroxycholesterol,-19.66731,-0.3819795521402491,0.648761734131547,0.7723792249803293,548.08636,0.001998001998001998,0.010183669758137844,True
775,CD4,Treg,"3',4'-Dihydrodiol",-28.62999,-0.2780265887134842,0.6095040258765895,0.768790652539845,0.0,0.11588411588411589,0.20521244669088612,False
776,CD4,Treg,3-Sulfodeoxycholic acid,-33.70882,-0.32734724855299535,0.6282973700256062,0.768790652539845,0.0,0.6253746253746254,0.7016953902199804,False
777,CD4,Treg,"3alpha,7alpha-Dihydroxycoprostanic acid",-33.70882,-0.32734724855299535,0.6282973700256062,0.768790652539845,0.0,0.6253746253746254,0.7016953902199804,False
778,CD4,Treg,3b-Hydroxy-5-cholenoic acid,-33.70882,-0.32734724855299535,0.6282973700256062,0.768790652539845,0.0,0.6253746253746254,0.7016953902199804,False
779,CD4,Treg,4'-Hydroxydiclofenac,153.01994,1.3291015684019323,0.0919072314593698,0.4570980185153432,662.8582,0.00999000999000999,0.03256003256003256,True
780,CD4,Treg,4-Hydroxycyclophosphamide,-15.429031,-0.2996634658875716,0.617783065702067,0.768790652539845,0.0,0.07492507492507493,0.15054842641049537,False
781,CD4,Treg,4-Hydroxyvalsartan,-0.38065213,-0.005227672859365902,0.5020855302326129,0.768790652539845,0.0,0.001998001998001998,0.010183669758137844,False
782,CD4,Treg,4-ene-Valproic acid,71.39605,0.9805151768823901,0.16341594088147915,0.6788531185750849,14.545321,0.15584415584415584,0.25512528473804097,False
783,CD4,Treg,5-Hydroxyomeprazole,-61.67673,-0.5989443719189312,0.7253950096449345,0.7926033349801191,0.0,0.6483516483516484,0.7218415460088582,False
784,CD4,Treg,5-Methyltetrahydrofolic acid,-7.4804373,-0.1452854496985381,0.5577572488535268,0.768790652539845,0.0,0.7642357642357642,0.8228176318063958,False
785,CD4,Treg,8-Hydroxycarvedilol,-15.429031,-0.2996634658875716,0.617783065702067,0.768790652539845,0.0,0.07492507492507493,0.15054842641049537,False
786,CD4,Treg,ADP,33.113342,0.45476094119352023,0.3246406164614246,0.768790652539845,25.31618,0.3596403596403596,0.4751131221719457,False
787,CD4,Treg,Acetate,315.44128,3.0632586784554494,0.0010947035618490116,0.010536521782796735,5201.6235,0.000999000999000999,0.005797701625427063,True
788,CD4,Treg,Acetyl-L-Carnitine,-16.470543,-0.3198917581897116,0.6254748070625535,0.768790652539845,0.0,0.14785214785214784,0.2449244954047105,False
789,CD4,Treg,Acetylcholine,-2.0486014,-0.039788044863302716,0.5158689462489638,0.768790652539845,0.0,0.002997002997002997,0.01360323886639676,False
790,CD4,Treg,Adenine,-4.193691,-0.08145008476157374,0.5324579902453745,0.768790652539845,46.139587,0.1848151848151848,0.28874024526198433,False
791,CD4,Treg,Adenosine,52.989326,1.0291615101583926,0.1517018928812791,0.6474072093522777,131.47984,0.060939060939060936,0.13197851871885022,False
792,CD4,Treg,Adenosine diphosphate ribose,-88.05139,-1.7101387992062593,0.9563798952074094,0.9610603840909694,32.6804,0.6413586413586414,0.7155338839685541,False
793,CD4,Treg,Adenosine triphosphate,93.22924,0.9053516268085449,0.18263956695945366,0.7346472133667576,2261.6025,0.000999000999000999,0.005797701625427063,True
794,CD4,Treg,Adenosylcobalamin,-5.707157,-0.11084470866640841,0.5441302543082527,0.768790652539845,0.0,0.03296703296703297,0.08264758497316636,False
795,CD4,Treg,Amiloride-sensitive sodium transport,109.44744,1.227270007584639,0.1098605622170864,0.5093749938495447,29.30657,0.06393606393606394,0.1368200038175224,False
796,CD4,Treg,Anion exchange,14.713481,0.28576600761534987,0.3875286724410579,0.768790652539845,13.006507,0.3016983016983017,0.41435897435897434,False
797,CD4,Treg,Betaine,-4.836488,-0.09393452206784392,0.5374194147877818,0.768790652539845,0.0,0.004995004995004995,0.01947419668938656,False
798,CD4,Treg,Bilirubin,-2.1456654,-0.029467421671092352,0.5117540993036389,0.768790652539845,0.0,0.022977022977022976,0.061196370028982754,False
799,CD4,Treg,Butyrate,87.86659,1.7065496194494418,0.043952898068167184,0.2564612942759633,14.545321,0.0979020979020979,0.1820413308123528,False
800,CD4,Treg,Cadmium,-10.668589,-0.20720589454958518,0.5820754679861956,0.768790652539845,6.490682,0.9230769230769231,0.9533671119299862,False
801,CD4,Treg,Calcidiol,-7.5280023,-0.10338555874383039,0.5411715134103783,0.768790652539845,0.0,0.03596403596403597,0.0880618529681562,False
802,CD4,Treg,Calcium,-5.707157,-0.11084470866640841,0.5441302543082527,0.768790652539845,0.0,0.03296703296703297,0.08264758497316636,False
803,CD4,Treg,Calcium release-activated calcium transport,132.40222,1.484669481262621,0.06881569996198535,0.3627546433203922,144.6282,0.24575424575424576,0.3584886020609972,False
804,CD4,Treg,Chenodeoxycholic acid,-33.70882,-0.32734724855299535,0.6282973700256062,0.768790652539845,0.0,0.6253746253746254,0.7016953902199804,False
805,CD4,Treg,Chenodeoxycholic acid 3-sulfate,-33.70882,-0.32734724855299535,0.6282973700256062,0.768790652539845,0.0,0.6253746253746254,0.7016953902199804,False
806,CD4,Treg,Chloride,78.74997,0.6244100796226894,0.2661791535723673,0.768790652539845,139.13744,0.004995004995004995,0.01947419668938656,True
807,CD4,Treg,Chloride ion,-83.07965,-0.8067886935588579,0.7901058828734939,0.831705540785768,26.60109,0.8161838161838162,0.8630173161806315,False
808,CD4,Treg,Chloride_bicarbonate anion exchange,-4.3106375,-0.08372142971982009,0.5333610407460474,0.768790652539845,0.0,0.000999000999000999,0.005797701625427063,False
809,CD4,Treg,Cholesterol,-56.940918,-0.4945777771015492,0.6895509039062415,0.7795866538132442,0.0,0.3906093906093906,0.5082401002738963,False
810,CD4,Treg,Cholic acid,52.93021,0.26543190535954336,0.39533838020953316,0.768790652539845,689.41797,0.03596403596403597,0.0880618529681562,False
811,CD4,Treg,Choline,-33.747032,-0.29312018048885335,0.6152848539493311,0.768790652539845,0.0,0.16883116883116883,0.2709341272794939,False
812,CD4,Treg,Citric acid,191.42877,3.717939765406705,0.00010042707185943667,0.0010826038346447274,5099.108,0.000999000999000999,0.005797701625427063,True
813,CD4,Treg,Cobalamin,-5.707157,-0.11084470866640841,0.5441302543082527,0.768790652539845,0.0,0.03296703296703297,0.08264758497316636,False
814,CD4,Treg,Coprocholic acid,-33.70882,-0.32734724855299535,0.6282973700256062,0.768790652539845,0.0,0.6253746253746254,0.7016953902199804,False
815,CD4,Treg,Cortisol,-32.85941,-0.3684633202452512,0.6437361047850666,0.7719104793751966,0.0,0.13386613386613386,0.22752493860101267,False
816,CD4,Treg,Creatine,-16.470543,-0.3198917581897116,0.6254748070625535,0.768790652539845,0.0,0.14785214785214784,0.2449244954047105,False
817,CD4,Treg,Cyclic AMP,73.69518,1.4313117502068233,0.07617044390900676,0.3896167901964854,16.344505,0.08491508491508491,0.16538114099089707,False
818,CD4,Treg,Cytidine,52.989326,1.0291615101583926,0.1517018928812791,0.6474072093522777,131.47984,0.060939060939060936,0.13197851871885022,False
819,CD4,Treg,D-Aspartate,-2.1676416,-0.02976923150057348,0.5118744512041564,0.768790652539845,51.877235,0.06693306693306693,0.14147812971342383,False
820,CD4,Treg,D-Galactose,18.528221,0.2544566841767078,0.3995713819845359,0.768790652539845,627.11053,0.987012987012987,1.0,False
821,CD4,Treg,D-Glucose,323.86273,2.5679140647618417,0.00511562581958285,0.04227948756994725,718.1942,0.965034965034965,0.9898265388274903,False
822,CD4,Treg,D-Lactate,87.86659,1.7065496194494418,0.043952898068167184,0.2564612942759633,14.545321,0.0979020979020979,0.1820413308123528,False
823,CD4,Treg,D-Maltose,53.194355,1.0331435852221709,0.15076835452060938,0.6474072093522777,627.11053,0.985014985014985,1.0,False
824,CD4,Treg,D-Mannose,18.528221,0.2544566841767078,0.3995713819845359,0.768790652539845,627.11053,0.987012987012987,1.0,False
825,CD4,Treg,D-Xylose,53.194355,1.0331435852221709,0.15076835452060938,0.6474072093522777,627.11053,0.985014985014985,1.0,False
826,CD4,Treg,Dehydroascorbic acid,19.075317,0.21389778210953458,0.41531338491526715,0.768790652539845,627.11053,0.987012987012987,1.0,False
827,CD4,Treg,Dehydroepiandrosterone,-0.38065213,-0.005227672859365902,0.5020855302326129,0.768790652539845,0.0,0.001998001998001998,0.010183669758137844,False
828,CD4,Treg,Deoxycholic acid,-33.70882,-0.32734724855299535,0.6282973700256062,0.768790652539845,0.0,0.6253746253746254,0.7016953902199804,False
829,CD4,Treg,Digoxin,0.69980925,0.013591732443972444,0.49457785020835554,0.768790652539845,0.0,0.001998001998001998,0.010183669758137844,False
830,CD4,Treg,Docosahexaenoic acid,19.075317,0.21389778210953458,0.41531338491526715,0.768790652539845,627.11053,0.987012987012987,1.0,False
831,CD4,Treg,Dopamine,-38.611504,-0.3061513826145682,0.6202553063931858,0.768790652539845,0.0,0.24275724275724275,0.3550777580628327,False
832,CD4,Treg,E-3179,-15.429031,-0.2996634658875716,0.617783065702067,0.768790652539845,0.0,0.07492507492507493,0.15054842641049537,False
833,CD4,Treg,Estradiol,120.644844,0.740975592214193,0.229354119804073,0.768790652539845,5111.819,0.000999000999000999,0.005797701625427063,True
834,CD4,Treg,Estriol,-15.429031,-0.2996634658875716,0.617783065702067,0.768790652539845,0.0,0.07492507492507493,0.15054842641049537,False
835,CD4,Treg,Estrone,0.69980925,0.013591732443972444,0.49457785020835554,0.768790652539845,0.0,0.001998001998001998,0.010183669758137844,False
836,CD4,Treg,Estrone sulfate,0.69980925,0.013591732443972444,0.49457785020835554,0.768790652539845,0.0,0.001998001998001998,0.010183669758137844,False
837,CD4,Treg,Ethanol,23.33757,0.2616918189815456,0.3967795241534673,0.768790652539845,131.47984,0.06693306693306693,0.14147812971342383,False
838,CD4,Treg,Fatty acid,149.26984,1.4495633412474678,0.07359016246336657,0.37821669642181094,2085.4087,0.000999000999000999,0.005797701625427063,True
839,CD4,Treg,Folic acid,-21.801071,-0.11743601144468735,0.5467427257567304,0.768790652539845,605.7528,0.000999000999000999,0.005797701625427063,True
840,CD4,Treg,Folinic acid,8.697647,0.07554607687365394,0.4698901191044075,0.768790652539845,16.344505,0.6223776223776224,0.7016953902199804,False
841,CD4,Treg,Fusidic Acid,-2.8454747,-0.05526496097704268,0.5220363117122898,0.768790652539845,0.0,0.02197802197802198,0.05982905982905983,False
842,CD4,Treg,GABA,-9.387547,-0.12892354577045428,0.5512909273409163,0.768790652539845,0.0,0.006993006993006993,0.024817980373535928,False
843,CD4,Treg,Glucosamine,-34.119038,-0.46857262340929073,0.680312425249699,0.7782149353655358,0.0,0.3066933066933067,0.4185004868549172,False
844,CD4,Treg,Glutathione,80.90575,0.5237852333858645,0.30021396257844735,0.768790652539845,689.418,0.03496503496503497,0.08615384615384616,False
845,CD4,Treg,Glycerol,-15.429031,-0.2996634658875716,0.617783065702067,0.768790652539845,0.0,0.07492507492507493,0.15054842641049537,False
846,CD4,Treg,Glycochenodeoxycholate-3-sulfate,-33.70882,-0.32734724855299535,0.6282973700256062,0.768790652539845,0.0,0.6253746253746254,0.7016953902199804,False
847,CD4,Treg,Glycyl-glycine,-0.23016192,-0.004470217025048189,0.5017833526344516,0.768790652539845,0.0,0.001998001998001998,0.010183669758137844,False
848,CD4,Treg,Guanosine,52.989326,1.0291615101583926,0.1517018928812791,0.6474072093522777,131.47984,0.060939060939060936,0.13197851871885022,False
849,CD4,Treg,Heme,119.92882,1.647038271344185,0.04977508982104147,0.2769327191276399,765.6596,0.000999000999000999,0.005797701625427063,True
850,CD4,Treg,Histamine,-16.470543,-0.3198917581897116,0.6254748070625535,0.768790652539845,0.0,0.14785214785214784,0.2449244954047105,False
851,CD4,Treg,Hydroxycelecoxib,73.69518,1.4313117502068233,0.07617044390900676,0.3896167901964854,16.344505,0.08491508491508491,0.16538114099089707,False
852,CD4,Treg,Hydroxylansoprazole,-32.85941,-0.3684633202452512,0.6437361047850666,0.7719104793751966,0.0,0.13386613386613386,0.22752493860101267,False
853,CD4,Treg,Hyodeoxycholic acid,-33.70882,-0.32734724855299535,0.6282973700256062,0.768790652539845,0.0,0.6253746253746254,0.7016953902199804,False
854,CD4,Treg,Inosine,52.989326,1.0291615101583926,0.1517018928812791,0.6474072093522777,131.47984,0.060939060939060936,0.13197851871885022,False
855,CD4,Treg,Iron,251.21683,1.4084882869703395,0.07949326645092719,0.4027907931097509,16563.512,0.000999000999000999,0.005797701625427063,True
856,CD4,Treg,Isoursodeoxycholic acid,-33.70882,-0.32734724855299535,0.6282973700256062,0.768790652539845,0.0,0.6253746253746254,0.7016953902199804,False
857,CD4,Treg,Ketone bodies,87.86659,1.7065496194494418,0.043952898068167184,0.2564612942759633,14.545321,0.0979020979020979,0.1820413308123528,False
858,CD4,Treg,L-Alanine,-71.3552,-1.3858645135420355,0.9171058607673973,0.9280052060109674,119.45658,0.4355644355644356,0.5504554062584543,False
859,CD4,Treg,L-Arginine,16.654364,0.1867508346982217,0.42592799842258844,0.768790652539845,12.966384,0.5174825174825175,0.613523402635308,False
860,CD4,Treg,L-Asparagine,-71.3552,-1.3858645135420355,0.9171058607673973,0.9280052060109674,119.45658,0.4355644355644356,0.5504554062584543,False
861,CD4,Treg,L-Aspartate,-2.1676416,-0.02976923150057348,0.5118744512041564,0.768790652539845,51.877235,0.06693306693306693,0.14147812971342383,False
862,CD4,Treg,L-Carnitine,-48.182243,-0.35369843063442474,0.6382175505770233,0.7714584213590522,0.0,0.25874125874125875,0.37140223292020896,False
863,CD4,Treg,L-Cysteine,-80.99309,-0.6421958092788759,0.7396269731644831,0.7983157717860454,266.1365,0.14685314685314685,0.24392556595946427,False
864,CD4,Treg,L-Cystine,88.7635,0.7038075343814979,0.2407763204918923,0.768790652539845,157.90569,0.06793206793206794,0.14302884615384615,False
865,CD4,Treg,L-Dopa,-0.23016192,-0.004470217025048189,0.5017833526344516,0.768790652539845,0.0,0.001998001998001998,0.010183669758137844,False
866,CD4,Treg,L-Glutamate,-9.639969,-0.04295304601046649,0.5171305184316121,0.768790652539845,596.4753,0.12987012987012986,0.22508038585209003,False
867,CD4,Treg,L-Glutamine,175.65279,0.9117718115689996,0.18094442605904937,0.7313228257828075,1085.7942,0.04495504495504495,0.10615890133962422,False
868,CD4,Treg,L-Histidine,19.8256,0.38505384863556874,0.3500987600290177,0.768790652539845,12.966384,0.4945054945054945,0.5929665440232738,False
869,CD4,Treg,L-Isoleucine,56.722614,1.1016696240966992,0.13530266367841115,0.5947248580849224,82.28341,0.06493506493506493,0.13833992094861658,False
870,CD4,Treg,L-Lactate,87.02254,1.195121005775376,0.11601987801880886,0.5293944063673056,28.377213,0.17382617382617382,0.27485825505627487,False
871,CD4,Treg,L-Leucine,-71.27838,-0.4377770243293115,0.6692260361440828,0.7782149353655358,711.18665,0.45354645354645357,0.5653923988702827,False
872,CD4,Treg,L-Lysine,0.9265724,0.017995937970760986,0.49282104695859047,0.768790652539845,0.0,0.001998001998001998,0.010183669758137844,False
873,CD4,Treg,L-Methionine,51.897713,0.5819460521636424,0.2803015097266489,0.768790652539845,144.49709,0.4045954045954046,0.5231230538576865,False
874,CD4,Treg,L-Ornithine,0.9265724,0.017995937970760986,0.49282104695859047,0.768790652539845,0.0,0.001998001998001998,0.010183669758137844,False
875,CD4,Treg,L-Phenylalanine,51.897713,0.5819460521636424,0.2803015097266489,0.768790652539845,144.49709,0.4045954045954046,0.5231230538576865,False
876,CD4,Treg,L-Serine,-41.43297,-0.46460144350054944,0.6788915508171852,0.7782149353655358,363.1017,0.35564435564435565,0.47041057102406797,False
877,CD4,Treg,L-Threonine,-71.3552,-1.3858645135420355,0.9171058607673973,0.9280052060109674,119.45658,0.4355644355644356,0.5504554062584543,False
878,CD4,Treg,L-Tyrosine,19.8256,0.38505384863556874,0.3500987600290177,0.768790652539845,12.966384,0.4945054945054945,0.5929665440232738,False
879,CD4,Treg,L-Valine,56.722614,1.1016696240966992,0.13530266367841115,0.5947248580849224,82.28341,0.06493506493506493,0.13833992094861658,False
880,CD4,Treg,Leukotriene C4,93.733025,1.8204877766829877,0.034342378014998176,0.2155521601174267,597.3755,0.017982017982017984,0.051045728465083304,False
881,CD4,Treg,Lithocholic acid,-33.70882,-0.32734724855299535,0.6282973700256062,0.768790652539845,0.0,0.6253746253746254,0.7016953902199804,False
882,CD4,Treg,Malic acid,-1.7200048,-0.03340602442093924,0.5133245972238213,0.768790652539845,51.877235,0.06693306693306693,0.14147812971342383,False
883,CD4,Treg,Manganese,-9.347861,-0.12837852977114003,0.5510752893441914,0.768790652539845,6.490682,0.9230769230769231,0.9533671119299862,False
884,CD4,Treg,N-Desmethylcitalopram,-17.64219,-0.2422884191037041,0.5957216566480941,0.768790652539845,0.0,0.14185814185814186,0.238290731473435,False
885,CD4,Treg,N-Desmethyleletriptan,-15.429031,-0.2996634658875716,0.617783065702067,0.768790652539845,0.0,0.07492507492507493,0.15054842641049537,False
886,CD4,Treg,N-Desmethyltamoxifen,-32.85941,-0.3684633202452512,0.6437361047850666,0.7719104793751966,0.0,0.13386613386613386,0.22752493860101267,False
887,CD4,Treg,N-desmethylimatinib,-39.74637,-0.31514974831855136,0.6236760210871818,0.768790652539845,0.0,0.14985014985014986,0.2473789610083638,False
888,CD4,Treg,Neurotransmitter,-5.6756372,-0.04929748505100589,0.5196588881392791,0.768790652539845,0.0,0.04795204795204795,0.1101594196959141,False
889,CD4,Treg,Nicotinate,299.8148,2.9115093674738066,0.0017984356103994007,0.01631045367708673,5187.7915,0.000999000999000999,0.005797701625427063,True
890,CD4,Treg,Norepinephrine,-32.083015,-0.31155901403007336,0.6223121565835312,0.768790652539845,0.0,0.16883116883116883,0.2709341272794939,False
891,CD4,Treg,O-Deethylated candesartan,-15.429031,-0.2996634658875716,0.617783065702067,0.768790652539845,0.0,0.07492507492507493,0.15054842641049537,False
892,CD4,Treg,O-Desmethylverapamil (D-702),-99.18268,-0.3577107307790593,0.6397200991057358,0.7719104793751966,726.3135,0.04995004995004995,0.11336032388663968,False
893,CD4,Treg,Oxalic acid,191.42877,3.717939765406705,0.00010042707185943667,0.0010826038346447274,5099.108,0.000999000999000999,0.005797701625427063,True
894,CD4,Treg,Phosphate,0.9652252,0.008383759177130058,0.4966554031760977,0.768790652539845,50.304283,0.38161838161838163,0.4989504128376172,False
895,CD4,Treg,Potassium,-1.6805425,-0.032639584993702155,0.5130189988122354,0.768790652539845,0.0,0.002997002997002997,0.01360323886639676,False
896,CD4,Treg,Progesterone,67.903076,0.4984660283289541,0.3090778039131492,0.768790652539845,597.3755,0.017982017982017984,0.051045728465083304,False
897,CD4,Treg,Prostaglandins,-3.6610405,-0.04105244683316969,0.5163729577263685,0.768790652539845,0.0,0.006993006993006993,0.024817980373535928,False
898,CD4,Treg,Putrescine,-4.5313764,-0.08800863210960329,0.5350650923321076,0.768790652539845,0.0,0.017982017982017984,0.051045728465083304,False
899,CD4,Treg,Pyruvate,87.86659,1.7065496194494418,0.043952898068167184,0.2564612942759633,14.545321,0.0979020979020979,0.1820413308123528,False
900,CD4,Treg,Serotonin,-6.5740094,-0.07371652098688962,0.5293820236452561,0.768790652539845,0.0,0.07792207792207792,0.15498154981549817,False
901,CD4,Treg,Sodium,-122.67955,-0.4086277463933751,0.6585935673107918,0.7769862334351528,1320.7117,0.016983016983016984,0.04865831842576029,True
902,CD4,Treg,Sodium_calcium_potassium exchange,-11.36421,-0.15606998682230555,0.5620110722607543,0.768790652539845,0.0,0.22277722277722278,0.3359969865741114,False
903,CD4,Treg,Sodium_hydrogen exchange,76.77786,0.8609353220566783,0.194636833116697,0.768790652539845,38.834026,0.39760239760239763,0.516404077849861,False
904,CD4,Treg,Spermine,-13.037743,-0.14619647857193221,0.5581168573067327,0.768790652539845,0.0,0.028971028971028972,0.07422642716760364,False
905,CD4,Treg,Sulfolithocholic acid,-33.70882,-0.32734724855299535,0.6282973700256062,0.768790652539845,0.0,0.6253746253746254,0.7016953902199804,False
906,CD4,Treg,Taurocholic acid,308.47388,1.1982392008208882,0.11541195417978156,0.5280120847257036,5889.9204,0.000999000999000999,0.005797701625427063,True
907,CD4,Treg,Testosterone,-49.866745,-0.3660640978987689,0.6428413766746919,0.7719104793751966,0.0,0.17282717282717283,0.2739819004524887,False
908,CD4,Treg,Thiamine,-4.094272,-0.07951917065823422,0.5316901580426447,0.768790652539845,0.0,0.01898101898101898,0.05325058805865572,False
909,CD4,Treg,Thymidine,30.46224,0.34158307776455554,0.36633233699666207,0.768790652539845,131.47984,0.06793206793206794,0.14302884615384615,False
910,CD4,Treg,Thyroxine,0.69980925,0.013591732443972444,0.49457785020835554,0.768790652539845,0.0,0.001998001998001998,0.010183669758137844,False
911,CD4,Treg,Trihydroxycoprostanoic acid,-33.70882,-0.32734724855299535,0.6282973700256062,0.768790652539845,0.0,0.6253746253746254,0.7016953902199804,False
912,CD4,Treg,Urea,-4.6587176,-0.05223972681681697,0.5208311606449751,0.768790652539845,0.0,0.005994005994005994,0.02205303229194014,False
913,CD4,Treg,Uridine,52.989326,1.0291615101583926,0.1517018928812791,0.6474072093522777,131.47984,0.060939060939060936,0.13197851871885022,False
914,CD4,Treg,Ursocholic acid,-33.70882,-0.32734724855299535,0.6282973700256062,0.768790652539845,0.0,0.6253746253746254,0.7016953902199804,False
915,CD4,Treg,Ursodeoxycholic acid,-33.70882,-0.32734724855299535,0.6282973700256062,0.768790652539845,0.0,0.6253746253746254,0.7016953902199804,False
916,CD4,Treg,Ursodeoxycholic acid 3-sulfate,-33.70882,-0.32734724855299535,0.6282973700256062,0.768790652539845,0.0,0.6253746253746254,0.7016953902199804,False
917,CD4,Treg,Varanic acid,-33.70882,-0.32734724855299535,0.6282973700256062,0.768790652539845,0.0,0.6253746253746254,0.7016953902199804,False
918,CD4,Treg,Vitamin C,-37.11006,-0.7207535861340415,0.7644694317139553,0.8139239974198952,0.0,0.6253746253746254,0.7016953902199804,False
919,CD4,Treg,Vitamin D3,-15.5357685,-0.3017365202221772,0.6185735370288344,0.768790652539845,0.0,0.2707292707292707,0.38325167937774635,False
920,CD4,Treg,Water,18.938627,0.10618251539908626,0.4577187716020115,0.768790652539845,25.31618,0.5154845154845155,0.6121644810711183,False
921,CD4,Treg,Zinc,-33.047104,-0.4538512583720853,0.6750320562953936,0.7782149353655358,6.490682,0.9270729270729271,0.9568067165003498,False
922,CD4,Treg,alpha-Ketoisovaleric acid,87.86659,1.7065496194494418,0.043952898068167184,0.2564612942759633,14.545321,0.0979020979020979,0.1820413308123528,False
923,CD4,Treg,alpha-Tocopherol,107.76278,2.0929744156165966,0.0181757192375557,0.1272300346628899,43.318794,0.003996003996003996,0.01628617129562309,True
924,CD4,other,"(3a,5b,7a)-23-Carboxy-7-hydroxy-24-norcholan-3-yl-b-D-Glucopyranosiduronic acid",514.76904,1.3016827654567262,0.09651242676638055,0.46444225306482645,920.8907,0.99000999000999,1.0,False
925,CD4,other,17a-Ethynylestradiol,470.35266,1.3733641516375794,0.08481958419639646,0.4272687465594177,22.657299,0.5374625374625375,0.6313098505961486,False
926,CD4,other,"1b,3a,12a-Trihydroxy-5b-cholanoic acid",514.76904,1.3016827654567262,0.09651242676638055,0.46444225306482645,920.8907,0.99000999000999,1.0,False
927,CD4,other,2-Hydroxychlorpropamide,563.2616,2.0142708740384387,0.021990551078712887,0.15051310516096822,22.657299,0.47352647352647353,0.578426672477664,False
928,CD4,other,25-Hydroxycholesterol,472.3149,2.3886602652962425,0.008454965609548178,0.06628693037885772,11746.357,0.000999000999000999,0.005797701625427063,True
929,CD4,other,"3',4'-Dihydrodiol",1256.6924,3.1777645500082707,0.0007420761095150053,0.0072230974813289,49.9541,0.16983016983016982,0.27162748230997485,False
930,CD4,other,3-Sulfodeoxycholic acid,514.76904,1.3016827654567262,0.09651242676638055,0.46444225306482645,920.8907,0.99000999000999,1.0,False
931,CD4,other,"3alpha,7alpha-Dihydroxycoprostanic acid",514.76904,1.3016827654567262,0.09651242676638055,0.46444225306482645,920.8907,0.99000999000999,1.0,False
932,CD4,other,3b-Hydroxy-5-cholenoic acid,514.76904,1.3016827654567262,0.09651242676638055,0.46444225306482645,920.8907,0.99000999000999,1.0,False
933,CD4,other,4'-Hydroxydiclofenac,1053.6863,2.383137231033746,0.008582896946020893,0.06716778880443211,4800.326,1.0,1.0,False
934,CD4,other,4-Hydroxycyclophosphamide,575.4983,2.910494394319338,0.0018042871994365423,0.01631045367708673,22.657299,0.4695304695304695,0.5778011942395505,False
935,CD4,other,4-Hydroxyvalsartan,-55.332382,-0.197873255549378,0.5784278852915327,0.768790652539845,0.0,0.03896103896103896,0.09395973154362415,False
936,CD4,other,4-ene-Valproic acid,-369.87073,-1.3226888501418899,0.9070305635162343,0.9206958074110175,67.2579,0.929070929070929,0.9586393505991496,False
937,CD4,other,5-Hydroxyomeprazole,891.62646,2.254632088632949,0.012078215781986994,0.08918025077384917,948.7186,0.9920079920079921,1.0,False
938,CD4,other,5-Methyltetrahydrofolic acid,851.8032,4.307864234017077,8.241925435786593e-06,9.683700947986864e-05,2217.9592,0.026973026973026972,0.0698125404007757,False
939,CD4,other,8-Hydroxycarvedilol,575.4983,2.910494394319338,0.0018042871994365423,0.01631045367708673,22.657299,0.4695304695304695,0.5778011942395505,False
940,CD4,other,ADP,820.03424,2.9325114592202395,0.0016811625703584338,0.015489685904670014,464.67798,0.5504495504495505,0.6432353554304774,False
941,CD4,other,Acetate,817.1798,2.0663808147092864,0.019396268008621338,0.13511584435084847,49691.707,0.000999000999000999,0.005797701625427063,True
942,CD4,other,Acetyl-L-Carnitine,-118.19262,-0.5977410556416357,0.7249936367069323,0.7924391790824568,55.432827,0.9110889110889111,0.9425660711649195,False
943,CD4,other,Acetylcholine,989.19965,5.002725584907318,2.8262688297549317e-07,3.6487638305099596e-06,13.809783,0.012987012987012988,0.03929824561403509,True
944,CD4,other,Adenine,395.41406,1.9997460119478274,0.022763848491994643,0.1548228938446071,633.6149,0.04595404595404595,0.1078094919226584,False
945,CD4,other,Adenosine,462.79834,2.3405316659384474,0.009628152686757473,0.07374173070212828,3517.946,0.9920079920079921,1.0,False
946,CD4,other,Adenosine diphosphate ribose,1115.935,5.643670508090786,8.323125393839198e-09,1.1963105566078206e-07,1593.5408,0.000999000999000999,0.005797701625427063,True
947,CD4,other,Adenosine triphosphate,2230.2864,5.639665746351119,8.51902892773289e-09,1.2204004231356886e-07,18775.557,1.0,1.0,False
948,CD4,other,Adenosylcobalamin,-107.28085,-0.5425564713900658,0.7062823919955011,0.7823047154025067,0.0,0.42957042957042957,0.5464034490583163,False
949,CD4,other,Amiloride-sensitive sodium transport,-100.404434,-0.29316694045966263,0.6153027239328255,0.768790652539845,1143.6674,0.916083916083916,0.9472790997970854,False
950,CD4,other,Anion exchange,-185.06659,-0.9359459086217625,0.8253494807562799,0.8555064810146824,208.48589,0.8251748251748252,0.8693171152907609,False
951,CD4,other,Betaine,-24.45073,-0.12365581597672051,0.5492061015925256,0.768790652539845,0.0,0.14285714285714285,0.23968871595330737,False
952,CD4,other,Bilirubin,-89.16532,-0.3188626933355714,0.6250846824212201,0.768790652539845,0.0,0.25674325674325676,0.36914869058917077,False
953,CD4,other,Butyrate,-251.6781,-1.2728234164442058,0.8984596450788354,0.9130704665519533,11.825071,0.6253746253746254,0.7016953902199804,False
954,CD4,other,Cadmium,2284.7876,11.554963062450373,3.4838717884381365e-31,8.120246027970402e-30,3176.3804,0.000999000999000999,0.005797701625427063,True
955,CD4,other,Calcidiol,763.93823,2.7319074124750853,0.00314844169320363,0.027316057507231494,26.299463,0.06893106893106893,0.14477874779871858,False
956,CD4,other,Calcium,-107.28085,-0.5425564713900658,0.7062823919955011,0.7823047154025067,0.0,0.42957042957042957,0.5464034490583163,False
957,CD4,other,Calcium release-activated calcium transport,-40.032883,-0.1168904324711032,0.546526560020266,0.768790652539845,1951.0735,0.975024975024975,0.9979367890595044,False
958,CD4,other,Chenodeoxycholic acid,514.76904,1.3016827654567262,0.09651242676638055,0.46444225306482645,920.8907,0.99000999000999,1.0,False
959,CD4,other,Chenodeoxycholic acid 3-sulfate,514.76904,1.3016827654567262,0.09651242676638055,0.46444225306482645,920.8907,0.99000999000999,1.0,False
960,CD4,other,Chloride,-41.445587,-0.08557076218928523,0.5340961792117473,0.768790652539845,1280.336,1.0,1.0,False
961,CD4,other,Chloride ion,553.3507,1.399243194021621,0.0808700339153115,0.4092858993460366,1265.8271,0.5054945054945055,0.6027910142954391,False
962,CD4,other,Chloride_bicarbonate anion exchange,634.0519,3.206620194909424,0.0006715209283103306,0.006595895769644979,11.482044,0.01998001998001998,0.05547575412353262,False
963,CD4,other,Cholesterol,2597.3625,5.874491785862023,2.1207125411946957e-09,3.1424441503888415e-08,1112.759,0.000999000999000999,0.005797701625427063,True
964,CD4,other,Cholic acid,827.44336,1.080476621066452,0.13996499605309703,0.6127198608943699,7495.0684,1.0,1.0,False
965,CD4,other,Choline,741.8886,1.6779400135609044,0.04667940504772871,0.2631666145813046,69.24261,0.906093906093906,0.9389754681751797,False
966,CD4,other,Citric acid,837.44824,4.2352661206306275,1.1414059608880633e-05,0.00013230490600401422,48569.883,0.000999000999000999,0.005797701625427063,True
967,CD4,other,Cobalamin,-107.28085,-0.5425564713900658,0.7062823919955011,0.7823047154025067,0.0,0.42957042957042957,0.5464034490583163,False
968,CD4,other,Coprocholic acid,514.76904,1.3016827654567262,0.09651242676638055,0.46444225306482645,920.8907,0.99000999000999,1.0,False
969,CD4,other,Cortisol,386.2545,1.127809213026124,0.12970025082954734,0.5759706298424389,44.231888,0.6033966033966034,0.6890482398956975,False
970,CD4,other,Creatine,-118.19262,-0.5977410556416357,0.7249936367069323,0.7924391790824568,55.432827,0.9110889110889111,0.9425660711649195,False
971,CD4,other,Cyclic AMP,-363.48767,-1.8382831801065618,0.9669896558617067,0.9712693678256882,50.76943,0.996003996003996,1.0,False
972,CD4,other,Cytidine,462.79834,2.3405316659384474,0.009628152686757473,0.07374173070212828,3517.946,0.9920079920079921,1.0,False
973,CD4,other,D-Aspartate,334.80804,1.1973017444678837,0.11559448237037667,0.5280120847257036,371.17606,0.000999000999000999,0.005797701625427063,True
974,CD4,other,D-Galactose,4739.2905,16.948101786288614,9.938419013738365e-65,3.128062977170791e-63,28948.295,0.000999000999000999,0.005797701625427063,True
975,CD4,other,D-Glucose,4340.016,8.96062795080346,1.6141729875281496e-19,3.2373553126611073e-18,29898.2,0.000999000999000999,0.005797701625427063,True
976,CD4,other,D-Lactate,-251.6781,-1.2728234164442058,0.8984596450788354,0.9130704665519533,11.825071,0.6253746253746254,0.7016953902199804,False
977,CD4,other,D-Maltose,4382.935,22.166022241682843,3.6545756271901004e-109,1.3584939745210098e-107,28808.266,0.000999000999000999,0.005797701625427063,True
978,CD4,other,D-Mannose,4739.2905,16.948101786288614,9.938419013738365e-65,3.128062977170791e-63,28948.295,0.000999000999000999,0.005797701625427063,True
979,CD4,other,D-Xylose,4382.935,22.166022241682843,3.6545756271901004e-109,1.3584939745210098e-107,28808.266,0.000999000999000999,0.005797701625427063,True
980,CD4,other,Dehydroascorbic acid,4698.354,13.718538224334056,3.931740262508655e-43,1.0274947886022618e-41,28948.295,0.000999000999000999,0.005797701625427063,True
981,CD4,other,Dehydroepiandrosterone,-55.332382,-0.197873255549378,0.5784278852915327,0.768790652539845,0.0,0.03896103896103896,0.09395973154362415,False
982,CD4,other,Deoxycholic acid,514.76904,1.3016827654567262,0.09651242676638055,0.46444225306482645,920.8907,0.99000999000999,1.0,False
983,CD4,other,Digoxin,-20.363337,-0.10298445337166355,0.5410123451229977,0.768790652539845,0.0,0.023976023976023976,0.06338725652030373,False
984,CD4,other,Docosahexaenoic acid,4698.354,13.718538224334056,3.931740262508655e-43,1.0274947886022618e-41,28948.295,0.000999000999000999,0.005797701625427063,True
985,CD4,other,Dopamine,1166.1301,2.407654243004652,0.008027689247508142,0.06339816123673098,262.89633,0.23376623376623376,0.3469879518072289,False
986,CD4,other,E-3179,575.4983,2.910494394319338,0.0018042871994365423,0.01631045367708673,22.657299,0.4695304695304695,0.5778011942395505,False
987,CD4,other,Estradiol,2506.0393,4.007842140736679,3.063802699430928e-05,0.0003476609799985832,48945.266,0.000999000999000999,0.005797701625427063,True
988,CD4,other,Estriol,575.4983,2.910494394319338,0.0018042871994365423,0.01631045367708673,22.657299,0.4695304695304695,0.5778011942395505,False
989,CD4,other,Estrone,-20.363337,-0.10298445337166355,0.5410123451229977,0.768790652539845,0.0,0.023976023976023976,0.06338725652030373,False
990,CD4,other,Estrone sulfate,-20.363337,-0.10298445337166355,0.5410123451229977,0.768790652539845,0.0,0.023976023976023976,0.06338725652030373,False
991,CD4,other,Ethanol,810.5211,2.3666085892887394,0.008975953550093943,0.06961207141727532,3573.971,0.993006993006993,1.0,False
992,CD4,other,Fatty acid,4274.3037,10.808317925972935,1.5719084675469312e-27,3.511953011431278e-26,20667.164,0.000999000999000999,0.005797701625427063,True
993,CD4,other,Folic acid,1750.4065,2.4552174869077232,0.007039968773227508,0.05652950716975235,10570.963,0.000999000999000999,0.005797701625427063,True
994,CD4,other,Folinic acid,-1.5169678,-0.003430947569678572,0.5013687473620391,0.768790652539845,1205.7823,0.999000999000999,1.0,False
995,CD4,other,Fusidic Acid,-68.80199,-0.347955501724438,0.6360631989161394,0.7708390086288449,0.0,0.23676323676323677,0.3509532749821509,False
996,CD4,other,GABA,-67.818344,-0.2425241061774061,0.5958129598660381,0.768790652539845,0.0,0.17282717282717283,0.2739819004524887,False
997,CD4,other,Glucosamine,315.41922,1.1279656764176882,0.12966720754066996,0.5759706298424389,140.03023,0.3276723276723277,0.4416764854401616,False
998,CD4,other,Glutathione,355.8813,0.5999383525106621,0.27427366059013647,0.768790652539845,7456.008,1.0,1.0,False
999,CD4,other,Glycerol,575.4983,2.910494394319338,0.0018042871994365423,0.01631045367708673,22.657299,0.4695304695304695,0.5778011942395505,False
1000,CD4,other,Glycochenodeoxycholate-3-sulfate,514.76904,1.3016827654567262,0.09651242676638055,0.46444225306482645,920.8907,0.99000999000999,1.0,False
1001,CD4,other,Glycyl-glycine,-12.236671,-0.06188509020758897,0.524672829485426,0.768790652539845,0.0,0.027972027972027972,0.07192330627035456,False
1002,CD4,other,Guanosine,462.79834,2.3405316659384474,0.009628152686757473,0.07374173070212828,3517.946,0.9920079920079921,1.0,False
1003,CD4,other,Heme,1513.4425,5.412197769362256,3.112793735608484e-08,4.3020405730589046e-07,19371.463,0.000999000999000999,0.005797701625427063,True
1004,CD4,other,Histamine,-118.19262,-0.5977410556416357,0.7249936367069323,0.7924391790824568,55.432827,0.9110889110889111,0.9425660711649195,False
1005,CD4,other,Hydroxycelecoxib,-363.48767,-1.8382831801065618,0.9669896558617067,0.9712693678256882,50.76943,0.996003996003996,1.0,False
1006,CD4,other,Hydroxylansoprazole,386.2545,1.127809213026124,0.12970025082954734,0.5759706298424389,44.231888,0.6033966033966034,0.6890482398956975,False
1007,CD4,other,Hyodeoxycholic acid,514.76904,1.3016827654567262,0.09651242676638055,0.46444225306482645,920.8907,0.99000999000999,1.0,False
1008,CD4,other,Inosine,462.79834,2.3405316659384474,0.009628152686757473,0.07374173070212828,3517.946,0.9920079920079921,1.0,False
1009,CD4,other,Iron,1601.4192,2.3379603096562587,0.009694653593185085,0.0741194083223654,213836.34,0.001998001998001998,0.010183669758137844,True
1010,CD4,other,Isoursodeoxycholic acid,514.76904,1.3016827654567262,0.09651242676638055,0.46444225306482645,920.8907,0.99000999000999,1.0,False
1011,CD4,other,Ketone bodies,-251.6781,-1.2728234164442058,0.8984596450788354,0.9130704665519533,11.825071,0.6253746253746254,0.7016953902199804,False
1012,CD4,other,L-Alanine,321.21902,1.6245159806930554,0.05213286627659237,0.2870969596228178,3976.5017,0.906093906093906,0.9389754681751797,False
1013,CD4,other,L-Arginine,897.90295,2.6217513595917925,0.004373961333760718,0.036648545335744735,217.32727,0.022977022977022976,0.061196370028982754,False
1014,CD4,other,L-Asparagine,321.21902,1.6245159806930554,0.05213286627659237,0.2870969596228178,3976.5017,0.906093906093906,0.9389754681751797,False
1015,CD4,other,L-Aspartate,334.80804,1.1973017444678837,0.11559448237037667,0.5280120847257036,371.17606,0.000999000999000999,0.005797701625427063,True
1016,CD4,other,L-Carnitine,747.137,1.4281504695439557,0.07662427672151953,0.3914737929184742,149.1802,0.9370629370629371,0.9650383053774504,False
1017,CD4,other,L-Cysteine,172.17923,0.3554903894945909,0.361111121726697,0.768790652539845,5529.3247,0.997002997002997,1.0,False
1018,CD4,other,L-Cystine,191.26013,0.39488583416980383,0.34646357244767856,0.768790652539845,2102.1038,0.987012987012987,1.0,False
1019,CD4,other,L-Dopa,-12.236671,-0.06188509020758897,0.524672829485426,0.768790652539845,0.0,0.027972027972027972,0.07192330627035456,False
1020,CD4,other,L-Glutamate,675.72864,0.7840039545740277,0.21651889493905174,0.768790652539845,11730.908,1.0,1.0,False
1021,CD4,other,L-Glutamine,1757.6389,2.3756823481295477,0.008758267521286238,0.06816904251224958,17453.797,0.34565434565434566,0.46187218421491744,False
1022,CD4,other,L-Histidine,669.91833,3.3880092938496937,0.0003520093937123082,0.0035547178119144564,197.83257,0.03396603396603397,0.08427016021952731,False
1023,CD4,other,L-Isoleucine,-129.0833,-0.6528189923534297,0.7430635109761259,0.8008222592674469,793.55255,0.903096903096903,0.9367702300105475,False
1024,CD4,other,L-Lactate,243.40475,0.8704358876253387,0.19203112082191942,0.7631344393152386,732.56714,0.058941058941058944,0.12914321450906815,False
1025,CD4,other,L-Leucine,282.1726,0.45127116082745217,0.32589706370980054,0.768790652539845,12524.861,0.999000999000999,1.0,False
1026,CD4,other,L-Lysine,-34.573757,-0.17485147742316678,0.5694018308981715,0.768790652539845,0.0,0.06393606393606394,0.1368200038175224,False
1027,CD4,other,L-Methionine,499.92505,1.4597113980659406,0.07218470400079248,0.37187627676393925,1589.1938,0.7182817182817183,0.7823265393358851,False
1028,CD4,other,L-Ornithine,-34.573757,-0.17485147742316678,0.5694018308981715,0.768790652539845,0.0,0.06393606393606394,0.1368200038175224,False
1029,CD4,other,L-Phenylalanine,499.92505,1.4597113980659406,0.07218470400079248,0.37187627676393925,1589.1938,0.7182817182817183,0.7823265393358851,False
1030,CD4,other,L-Serine,333.37714,0.9734147283696176,0.16517361087503246,0.6827077902474281,8593.393,1.0,1.0,False
1031,CD4,other,L-Threonine,321.21902,1.6245159806930554,0.05213286627659237,0.2870969596228178,3976.5017,0.906093906093906,0.9389754681751797,False
1032,CD4,other,L-Tyrosine,669.91833,3.3880092938496937,0.0003520093937123082,0.0035547178119144564,197.83257,0.03396603396603397,0.08427016021952731,False
1033,CD4,other,L-Valine,-129.0833,-0.6528189923534297,0.7430635109761259,0.8008222592674469,793.55255,0.903096903096903,0.9367702300105475,False
1034,CD4,other,Leukotriene C4,87.77721,0.4439197669660848,0.32855029632860283,0.768790652539845,3987.3345,0.995004995004995,1.0,False
1035,CD4,other,Lithocholic acid,514.76904,1.3016827654567262,0.09651242676638055,0.46444225306482645,920.8907,0.99000999000999,1.0,False
1036,CD4,other,Malic acid,368.69974,1.8646424082843025,0.031115772164081148,0.20328971147199681,371.17606,0.000999000999000999,0.005797701625427063,True
1037,CD4,other,Manganese,2158.5813,7.719268391638876,5.849965447125404e-15,1.0380679427162446e-13,3176.3804,0.000999000999000999,0.005797701625427063,True
1038,CD4,other,N-Desmethylcitalopram,5006.8994,17.905093687261346,5.380695730112612e-72,1.7847353837111986e-70,1917.651,0.000999000999000999,0.005797701625427063,True
1039,CD4,other,N-Desmethyleletriptan,575.4983,2.910494394319338,0.0018042871994365423,0.01631045367708673,22.657299,0.4695304695304695,0.5778011942395505,False
1040,CD4,other,N-Desmethyltamoxifen,386.2545,1.127809213026124,0.12970025082954734,0.5759706298424389,44.231888,0.6033966033966034,0.6890482398956975,False
1041,CD4,other,N-desmethylimatinib,1678.7104,3.465954821352656,0.00026417602660833416,0.0027448844017714143,67.81041,0.2957042957042957,0.4114478615930697,False
1042,CD4,other,Neurotransmitter,1310.1434,2.9631700190191808,0.0015224416780241544,0.014087486085064709,156.25964,0.03896103896103896,0.09395973154362415,False
1043,CD4,other,Nicotinate,203.90433,0.5156074406461104,0.30306430623856945,0.768790652539845,49026.4,0.000999000999000999,0.005797701625427063,True
1044,CD4,other,Norepinephrine,749.02765,1.8940462616677782,0.029109434824940158,0.19222034144738434,69.24261,0.903096903096903,0.9367702300105475,False
1045,CD4,other,O-Deethylated candesartan,575.4983,2.910494394319338,0.0018042871994365423,0.01631045367708673,22.657299,0.4695304695304695,0.5778011942395505,False
1046,CD4,other,O-Desmethylverapamil (D-702),5482.938,5.149168027907593,1.3082220719711186e-07,1.7410659180060071e-06,10501.18,1.0,1.0,False
1047,CD4,other,Oxalic acid,837.44824,4.2352661206306275,1.1414059608880633e-05,0.00013230490600401422,48569.883,0.000999000999000999,0.005797701625427063,True
1048,CD4,other,Phosphate,1349.5817,3.0523680297149736,0.0011352177105785064,0.010853788842604255,1280.4242,0.6473526473526473,0.7209154481881754,False
1049,CD4,other,Potassium,-18.296871,-0.09253362147162447,0.5368629601347025,0.768790652539845,0.0,0.014985014985014986,0.044166359955833644,False
1050,CD4,other,Progesterone,1892.9219,3.6183152193242423,0.0001482635497512961,0.0015707922027704884,4033.5703,0.989010989010989,1.0,False
1051,CD4,other,Prostaglandins,937.608,2.737684470249694,0.003093670419572827,0.026949306766056627,13.809783,0.025974025974025976,0.06767371601208459,False
1052,CD4,other,Putrescine,-122.05808,-0.6172900435641089,0.7314782835918116,0.795852550284024,0.0,0.8201798201798202,0.8651211801896733,False
1053,CD4,other,Pyruvate,-251.6781,-1.2728234164442058,0.8984596450788354,0.9130704665519533,11.825071,0.6253746253746254,0.7016953902199804,False
1054,CD4,other,Serotonin,5389.3726,15.736216000066364,4.270011580699139e-56,1.2875727227954326e-54,1908.8035,0.000999000999000999,0.005797701625427063,True
1055,CD4,other,Sodium,5557.8154,4.820447868458861,7.161814241899043e-07,9.056229622014273e-06,25175.387,1.0,1.0,False
1056,CD4,other,Sodium_calcium_potassium exchange,46.253407,0.1654060744365999,0.43431218641150354,0.768790652539845,98.08146,0.3016983016983017,0.41435897435897434,False
1057,CD4,other,Sodium_hydrogen exchange,56.37117,0.1645959521899256,0.4346310087232408,0.768790652539845,691.06445,0.939060939060939,0.9668650356329439,False
1058,CD4,other,Spermine,839.1013,2.4500587866371166,0.007141644647894301,0.05723935264260265,13.809783,0.8071928071928072,0.8543484007401534,False
1059,CD4,other,Sulfolithocholic acid,514.76904,1.3016827654567262,0.09651242676638055,0.46444225306482645,920.8907,0.99000999000999,1.0,False
1060,CD4,other,Taurocholic acid,2738.0054,2.7694084964600663,0.002807908811283483,0.024709597539294654,56844.754,0.000999000999000999,0.005797701625427063,True
1061,CD4,other,Testosterone,1189.0122,2.2727937277725627,0.011519306601222057,0.08549268513678056,58.04167,0.8181818181818182,0.864070536370316,False
1062,CD4,other,Thiamine,-121.51781,-0.6145576826635141,0.7305765659058234,0.795852550284024,0.0,0.8371628371628371,0.8783080666292344,False
1063,CD4,other,Thymidine,1507.7473,4.402411812469919,5.3527054661531534e-06,6.429210576616267e-05,3559.5476,0.9920079920079921,1.0,False
1064,CD4,other,Thyroxine,-20.363337,-0.10298445337166355,0.5410123451229977,0.768790652539845,0.0,0.023976023976023976,0.06338725652030373,False
1065,CD4,other,Trihydroxycoprostanoic acid,514.76904,1.3016827654567262,0.09651242676638055,0.46444225306482645,920.8907,0.99000999000999,1.0,False
1066,CD4,other,Urea,-104.20556,-0.30426569391745345,0.6195372604201922,0.768790652539845,0.0,0.3756243756243756,0.4915606396638263,False
1067,CD4,other,Uridine,462.79834,2.3405316659384474,0.009628152686757473,0.07374173070212828,3517.946,0.9920079920079921,1.0,False
1068,CD4,other,Ursocholic acid,514.76904,1.3016827654567262,0.09651242676638055,0.46444225306482645,920.8907,0.99000999000999,1.0,False
1069,CD4,other,Ursodeoxycholic acid,514.76904,1.3016827654567262,0.09651242676638055,0.46444225306482645,920.8907,0.99000999000999,1.0,False
1070,CD4,other,Ursodeoxycholic acid 3-sulfate,514.76904,1.3016827654567262,0.09651242676638055,0.46444225306482645,920.8907,0.99000999000999,1.0,False
1071,CD4,other,Varanic acid,514.76904,1.3016827654567262,0.09651242676638055,0.46444225306482645,920.8907,0.99000999000999,1.0,False
1072,CD4,other,Vitamin C,-40.7173,-0.20592150569317696,0.5815738868376543,0.768790652539845,180.06747,0.6583416583416584,0.7297607277041724,False
1073,CD4,other,Vitamin D3,1854.849,9.380614500938593,3.2794668763396395e-21,6.766057976448099e-20,942.71405,0.000999000999000999,0.005797701625427063,True
1074,CD4,other,Water,3469.8977,5.065808606808538,2.0333517918975984e-07,2.664988731508342e-06,1336.6444,0.000999000999000999,0.005797701625427063,True
1075,CD4,other,Zinc,2157.9468,7.716999289409179,5.9550157905542626e-15,1.0523782003635238e-13,3176.3804,0.000999000999000999,0.005797701625427063,True
1076,CD4,other,alpha-Ketoisovaleric acid,-251.6781,-1.2728234164442058,0.8984596450788354,0.9130704665519533,11.825071,0.6253746253746254,0.7016953902199804,False
1077,CD4,other,alpha-Tocopherol,289.73663,1.4652986120300853,0.07141973252329811,0.3709366136966725,388.18842,0.013986013986013986,0.04176432985297251,True
1078,Cytotoxic CD4,Cytotoxic CD4,"(3a,5b,7a)-23-Carboxy-7-hydroxy-24-norcholan-3-yl-b-D-Glucopyranosiduronic acid",-4.1225615,-0.2915091160528231,0.6146690135604466,0.768790652539845,0.0,0.003996003996003996,0.01628617129562309,False
1079,Cytotoxic CD4,Cytotoxic CD4,17a-Ethynylestradiol,0.66452056,0.05425787665802203,0.4783648548226803,0.768790652539845,0.0,0.002997002997002997,0.01360323886639676,False
1080,Cytotoxic CD4,Cytotoxic CD4,"1b,3a,12a-Trihydroxy-5b-cholanoic acid",-4.1225615,-0.2915091160528231,0.6146690135604466,0.768790652539845,0.0,0.003996003996003996,0.01628617129562309,False
1081,Cytotoxic CD4,Cytotoxic CD4,2-Hydroxychlorpropamide,0.33226028,0.033226028084754944,0.4867471710839592,0.768790652539845,0.0,0.000999000999000999,0.005797701625427063,False
1082,Cytotoxic CD4,Cytotoxic CD4,25-Hydroxycholesterol,13.800319,1.9516597896005425,0.025489304794114993,0.17119919357044217,28.258669,0.01098901098901099,0.03466321535085251,True
1083,Cytotoxic CD4,Cytotoxic CD4,"3',4'-Dihydrodiol",0.66452056,0.04698869954124979,0.48126111702046537,0.768790652539845,0.0,0.002997002997002997,0.01360323886639676,False
1084,Cytotoxic CD4,Cytotoxic CD4,3-Sulfodeoxycholic acid,-4.1225615,-0.2915091160528231,0.6146690135604466,0.768790652539845,0.0,0.003996003996003996,0.01628617129562309,False
1085,Cytotoxic CD4,Cytotoxic CD4,"3alpha,7alpha-Dihydroxycoprostanic acid",-4.1225615,-0.2915091160528231,0.6146690135604466,0.768790652539845,0.0,0.003996003996003996,0.01628617129562309,False
1086,Cytotoxic CD4,Cytotoxic CD4,3b-Hydroxy-5-cholenoic acid,-4.1225615,-0.2915091160528231,0.6146690135604466,0.768790652539845,0.0,0.003996003996003996,0.01628617129562309,False
1087,Cytotoxic CD4,Cytotoxic CD4,4'-Hydroxydiclofenac,-2.2394438,-0.1416348606701701,0.5563157851659093,0.768790652539845,0.0,0.25274725274725274,0.36498531609047347,False
1088,Cytotoxic CD4,Cytotoxic CD4,4-Hydroxycyclophosphamide,0.33226028,0.04698869954124979,0.48126111702046537,0.768790652539845,0.0,0.000999000999000999,0.005797701625427063,False
1089,Cytotoxic CD4,Cytotoxic CD4,4-Hydroxyvalsartan,0.08306507,0.008306507021188736,0.4966862212542238,0.768790652539845,0.0,0.000999000999000999,0.005797701625427063,False
1090,Cytotoxic CD4,Cytotoxic CD4,4-ene-Valproic acid,0.41532534,0.04153253436088562,0.4834356782764157,0.768790652539845,0.0,0.007992007992007992,0.027437530622243994,False
1091,Cytotoxic CD4,Cytotoxic CD4,5-Hydroxyomeprazole,-2.8182342,-0.1992792517501307,0.5789778458114152,0.768790652539845,0.0,0.000999000999000999,0.005797701625427063,False
1092,Cytotoxic CD4,Cytotoxic CD4,5-Methyltetrahydrofolic acid,-1.9083239,-0.26987775181678886,0.6063728481105892,0.768790652539845,0.0,0.001998001998001998,0.010183669758137844,False
1093,Cytotoxic CD4,Cytotoxic CD4,8-Hydroxycarvedilol,0.33226028,0.04698869954124979,0.48126111702046537,0.768790652539845,0.0,0.000999000999000999,0.005797701625427063,False
1094,Cytotoxic CD4,Cytotoxic CD4,ADP,0.749429,0.07494289875030517,0.4701300721194756,0.768790652539845,0.0,0.013986013986013986,0.04176432985297251,False
1095,Cytotoxic CD4,Cytotoxic CD4,Acetate,-0.65604514,-0.04638939664353398,0.5185000561657186,0.768790652539845,0.0,0.0919080919080919,0.17466183001661184,False
1096,Cytotoxic CD4,Cytotoxic CD4,Acetyl-L-Carnitine,0.16613014,0.023494349770624895,0.49062797273614106,0.768790652539845,0.0,0.004995004995004995,0.01947419668938656,False
1097,Cytotoxic CD4,Cytotoxic CD4,Acetylcholine,0.0,0.0,0.5,0.768790652539845,0.0,0.000999000999000999,0.005797701625427063,False
1098,Cytotoxic CD4,Cytotoxic CD4,Adenine,1.0798459,0.1527132724553906,0.43931219681755224,0.768790652539845,0.0,0.03396603396603397,0.08427016021952731,False
1099,Cytotoxic CD4,Cytotoxic CD4,Adenosine,-0.36374837,-0.051441788040941065,0.5205132566035181,0.768790652539845,0.0,0.03396603396603397,0.08427016021952731,False
1100,Cytotoxic CD4,Cytotoxic CD4,Adenosine diphosphate ribose,-2.7824323,-0.39349535201242947,0.6530231718691756,0.7747512874888669,19.72236,0.3986013986013986,0.5172341952360008,False
1101,Cytotoxic CD4,Cytotoxic CD4,Adenosine triphosphate,-12.202075,-0.862816998028372,0.8058809540611362,0.8409870943638963,43.95184,0.8911088911088911,0.9272349272349273,False
1102,Cytotoxic CD4,Cytotoxic CD4,Adenosylcobalamin,0.24919522,0.035241525709608555,0.48594357502707874,0.768790652539845,0.0,0.001998001998001998,0.010183669758137844,False
1103,Cytotoxic CD4,Cytotoxic CD4,Amiloride-sensitive sodium transport,0.78492254,0.06408865703564735,0.47444981682657417,0.768790652539845,0.0,0.01098901098901099,0.03466321535085251,False
1104,Cytotoxic CD4,Cytotoxic CD4,Anion exchange,1.0798459,0.1527132724553906,0.43931219681755224,0.768790652539845,0.0,0.03996003996003996,0.09593969504882645,False
1105,Cytotoxic CD4,Cytotoxic CD4,Betaine,0.0,0.0,0.5,0.768790652539845,0.0,0.000999000999000999,0.005797701625427063,False
1106,Cytotoxic CD4,Cytotoxic CD4,Bilirubin,0.41532534,0.04153253436088562,0.4834356782764157,0.768790652539845,0.0,0.002997002997002997,0.01360323886639676,False
1107,Cytotoxic CD4,Cytotoxic CD4,Butyrate,0.24919522,0.035241525709608555,0.48594357502707874,0.768790652539845,0.0,0.003996003996003996,0.01628617129562309,False
1108,Cytotoxic CD4,Cytotoxic CD4,Cadmium,1.162911,0.1644604589310864,0.43468433603361245,0.768790652539845,0.0,0.03696303696303696,0.0901496693351897,False
1109,Cytotoxic CD4,Cytotoxic CD4,Calcidiol,0.24919522,0.02491952180862427,0.49005957795859995,0.768790652539845,0.0,0.001998001998001998,0.010183669758137844,False
1110,Cytotoxic CD4,Cytotoxic CD4,Calcium,0.24919522,0.035241525709608555,0.48594357502707874,0.768790652539845,0.0,0.001998001998001998,0.010183669758137844,False
1111,Cytotoxic CD4,Cytotoxic CD4,Calcium release-activated calcium transport,-3.8624406,-0.3153669532579039,0.623758472474908,0.768790652539845,11.15346,0.37362637362637363,0.48983792127604836,False
1112,Cytotoxic CD4,Cytotoxic CD4,Chenodeoxycholic acid,-4.1225615,-0.2915091160528231,0.6146690135604466,0.768790652539845,0.0,0.003996003996003996,0.01628617129562309,False
1113,Cytotoxic CD4,Cytotoxic CD4,Chenodeoxycholic acid 3-sulfate,-4.1225615,-0.2915091160528231,0.6146690135604466,0.768790652539845,0.0,0.003996003996003996,0.01628617129562309,False
1114,Cytotoxic CD4,Cytotoxic CD4,Chloride,-23.08846,-1.3330129128630117,0.9087362168623037,0.9217761860998008,0.0,0.3246753246753247,0.4380475594493116,False
1115,Cytotoxic CD4,Cytotoxic CD4,Chloride ion,-13.50558,-0.9549887165388588,0.8302082984588569,0.8595097678162283,0.0,0.24675324675324675,0.3590955113061087,False
1116,Cytotoxic CD4,Cytotoxic CD4,Chloride_bicarbonate anion exchange,0.0,0.0,0.5,0.768790652539845,0.0,0.000999000999000999,0.005797701625427063,False
1117,Cytotoxic CD4,Cytotoxic CD4,Cholesterol,3.3018975,0.20883033563925188,0.41729034449335795,0.768790652539845,0.0,0.3986013986013986,0.5172341952360008,False
1118,Cytotoxic CD4,Cytotoxic CD4,Cholic acid,-17.079697,-0.6236623422292532,0.7335753204653466,0.795967987379611,0.0,0.3126873126873127,0.4247976346275023,False
1119,Cytotoxic CD4,Cytotoxic CD4,Choline,-5.3959684,-0.34127100887829753,0.6335502145898562,0.7699787983383738,0.0,0.004995004995004995,0.01947419668938656,False
1120,Cytotoxic CD4,Cytotoxic CD4,Citric acid,-0.4405575,-0.06230424051675072,0.5248397242020862,0.768790652539845,0.0,0.06993006993006994,0.14602346805736638,False
1121,Cytotoxic CD4,Cytotoxic CD4,Cobalamin,0.24919522,0.035241525709608555,0.48594357502707874,0.768790652539845,0.0,0.001998001998001998,0.010183669758137844,False
1122,Cytotoxic CD4,Cytotoxic CD4,Coprocholic acid,-4.1225615,-0.2915091160528231,0.6146690135604466,0.768790652539845,0.0,0.003996003996003996,0.01628617129562309,False
1123,Cytotoxic CD4,Cytotoxic CD4,Cortisol,0.33226028,0.027128938329011015,0.489178446900937,0.768790652539845,0.0,0.000999000999000999,0.005797701625427063,False
1124,Cytotoxic CD4,Cytotoxic CD4,Creatine,0.16613014,0.023494349770624895,0.49062797273614106,0.768790652539845,0.0,0.004995004995004995,0.01947419668938656,False
1125,Cytotoxic CD4,Cytotoxic CD4,Cyclic AMP,0.33226028,0.04698869954124979,0.48126111702046537,0.768790652539845,0.0,0.006993006993006993,0.024817980373535928,False
1126,Cytotoxic CD4,Cytotoxic CD4,Cytidine,-0.36374837,-0.051441788040941065,0.5205132566035181,0.768790652539845,0.0,0.03396603396603397,0.08427016021952731,False
1127,Cytotoxic CD4,Cytotoxic CD4,D-Aspartate,0.24919522,0.02491952180862427,0.49005957795859995,0.768790652539845,0.0,0.000999000999000999,0.005797701625427063,False
1128,Cytotoxic CD4,Cytotoxic CD4,D-Galactose,21.25779,2.1257789611816404,0.01676083430662063,0.11985525295215282,47.494244,0.07292707292707293,0.14924610273447483,False
1129,Cytotoxic CD4,Cytotoxic CD4,D-Glucose,21.29377,1.2293963747122356,0.10946161441875962,0.5080715622967615,47.494244,0.0919080919080919,0.17466183001661184,False
1130,Cytotoxic CD4,Cytotoxic CD4,D-Lactate,0.24919522,0.035241525709608555,0.48594357502707874,0.768790652539845,0.0,0.003996003996003996,0.01628617129562309,False
1131,Cytotoxic CD4,Cytotoxic CD4,D-Maltose,-3.9269114,-0.5553491295155535,0.710672059727145,0.7845411985518302,0.0,0.16183816183816183,0.26234817813765177,False
1132,Cytotoxic CD4,Cytotoxic CD4,D-Mannose,21.25779,2.1257789611816404,0.01676083430662063,0.11985525295215282,47.494244,0.07292707292707293,0.14924610273447483,False
1133,Cytotoxic CD4,Cytotoxic CD4,D-Xylose,-3.9269114,-0.5553491295155535,0.710672059727145,0.7845411985518302,0.0,0.16183816183816183,0.26234817813765177,False
1134,Cytotoxic CD4,Cytotoxic CD4,Dehydroascorbic acid,21.25779,1.7356912536129028,0.041309220419431567,0.24434205548503282,47.494244,0.07292707292707293,0.14924610273447483,False
1135,Cytotoxic CD4,Cytotoxic CD4,Dehydroepiandrosterone,0.08306507,0.008306507021188736,0.4966862212542238,0.768790652539845,0.0,0.000999000999000999,0.005797701625427063,False
1136,Cytotoxic CD4,Cytotoxic CD4,Deoxycholic acid,-4.1225615,-0.2915091160528231,0.6146690135604466,0.768790652539845,0.0,0.003996003996003996,0.01628617129562309,False
1137,Cytotoxic CD4,Cytotoxic CD4,Digoxin,0.08306507,0.011747174885312447,0.4953136630459446,0.768790652539845,0.0,0.000999000999000999,0.005797701625427063,False
1138,Cytotoxic CD4,Cytotoxic CD4,Docosahexaenoic acid,21.25779,1.7356912536129028,0.041309220419431567,0.24434205548503282,47.494244,0.07292707292707293,0.14924610273447483,False
1139,Cytotoxic CD4,Cytotoxic CD4,Dopamine,0.49839044,0.02877458524857194,0.4885221852591513,0.768790652539845,0.0,0.006993006993006993,0.024817980373535928,False
1140,Cytotoxic CD4,Cytotoxic CD4,E-3179,0.33226028,0.04698869954124979,0.48126111702046537,0.768790652539845,0.0,0.000999000999000999,0.005797701625427063,False
1141,Cytotoxic CD4,Cytotoxic CD4,Estradiol,0.14089802,0.006301150970952846,0.4974862210972293,0.768790652539845,0.0,0.07192807192807193,0.14861228852604033,False
1142,Cytotoxic CD4,Cytotoxic CD4,Estriol,0.33226028,0.04698869954124979,0.48126111702046537,0.768790652539845,0.0,0.000999000999000999,0.005797701625427063,False
1143,Cytotoxic CD4,Cytotoxic CD4,Estrone,0.08306507,0.011747174885312447,0.4953136630459446,0.768790652539845,0.0,0.000999000999000999,0.005797701625427063,False
1144,Cytotoxic CD4,Cytotoxic CD4,Estrone sulfate,0.08306507,0.011747174885312447,0.4953136630459446,0.768790652539845,0.0,0.000999000999000999,0.005797701625427063,False
1145,Cytotoxic CD4,Cytotoxic CD4,Ethanol,-0.36374837,-0.029699930173032997,0.511846816193901,0.768790652539845,0.0,0.03396603396603397,0.08427016021952731,False
1146,Cytotoxic CD4,Cytotoxic CD4,Fatty acid,0.8997582,0.06362251385915932,0.47463540229506174,0.768790652539845,0.0,0.7202797202797203,0.783908670834466,False
1147,Cytotoxic CD4,Cytotoxic CD4,Folic acid,-11.036722,-0.4328958598336891,0.6674547860398927,0.7782149353655358,0.0,0.028971028971028972,0.07422642716760364,False
1148,Cytotoxic CD4,Cytotoxic CD4,Folinic acid,-6.7065024,-0.42415645672521096,0.6642741428803917,0.7782149353655358,0.0,0.013986013986013986,0.04176432985297251,False
1149,Cytotoxic CD4,Cytotoxic CD4,Fusidic Acid,0.33226028,0.04698869954124979,0.48126111702046537,0.768790652539845,0.0,0.002997002997002997,0.01360323886639676,False
1150,Cytotoxic CD4,Cytotoxic CD4,GABA,0.16613014,0.016613014042377472,0.4933726711435462,0.768790652539845,0.0,0.000999000999000999,0.005797701625427063,False
1151,Cytotoxic CD4,Cytotoxic CD4,Glucosamine,25.184702,2.5184701919555663,0.0058932929796407275,0.04767707191033924,47.494244,0.030969030969030968,0.07873730043541365,False
1152,Cytotoxic CD4,Cytotoxic CD4,Glutathione,-16.606022,-0.782815378710699,0.7831322323233163,0.8270551520397109,0.0,0.3106893106893107,0.4227492293128141,False
1153,Cytotoxic CD4,Cytotoxic CD4,Glycerol,0.33226028,0.04698869954124979,0.48126111702046537,0.768790652539845,0.0,0.000999000999000999,0.005797701625427063,False
1154,Cytotoxic CD4,Cytotoxic CD4,Glycochenodeoxycholate-3-sulfate,-4.1225615,-0.2915091160528231,0.6146690135604466,0.768790652539845,0.0,0.003996003996003996,0.01628617129562309,False
1155,Cytotoxic CD4,Cytotoxic CD4,Glycyl-glycine,0.0,0.0,0.5,0.768790652539845,0.0,0.000999000999000999,0.005797701625427063,False
1156,Cytotoxic CD4,Cytotoxic CD4,Guanosine,-0.36374837,-0.051441788040941065,0.5205132566035181,0.768790652539845,0.0,0.03396603396603397,0.08427016021952731,False
1157,Cytotoxic CD4,Cytotoxic CD4,Heme,59.43277,5.943276977539062,1.3968988693212106e-09,2.0842311157484636e-08,26.839472,0.007992007992007992,0.027437530622243994,True
1158,Cytotoxic CD4,Cytotoxic CD4,Histamine,0.16613014,0.023494349770624895,0.49062797273614106,0.768790652539845,0.0,0.004995004995004995,0.01947419668938656,False
1159,Cytotoxic CD4,Cytotoxic CD4,Hydroxycelecoxib,0.33226028,0.04698869954124979,0.48126111702046537,0.768790652539845,0.0,0.006993006993006993,0.024817980373535928,False
1160,Cytotoxic CD4,Cytotoxic CD4,Hydroxylansoprazole,0.33226028,0.027128938329011015,0.489178446900937,0.768790652539845,0.0,0.000999000999000999,0.005797701625427063,False
1161,Cytotoxic CD4,Cytotoxic CD4,Hyodeoxycholic acid,-4.1225615,-0.2915091160528231,0.6146690135604466,0.768790652539845,0.0,0.003996003996003996,0.01628617129562309,False
1162,Cytotoxic CD4,Cytotoxic CD4,Inosine,-0.36374837,-0.051441788040941065,0.5205132566035181,0.768790652539845,0.0,0.03396603396603397,0.08427016021952731,False
1163,Cytotoxic CD4,Cytotoxic CD4,Iron,13.868515,0.566179754600264,0.28563579555472784,0.768790652539845,98.403534,0.3146853146853147,0.42724278240651037,False
1164,Cytotoxic CD4,Cytotoxic CD4,Isoursodeoxycholic acid,-4.1225615,-0.2915091160528231,0.6146690135604466,0.768790652539845,0.0,0.003996003996003996,0.01628617129562309,False
1165,Cytotoxic CD4,Cytotoxic CD4,Ketone bodies,0.24919522,0.035241525709608555,0.48594357502707874,0.768790652539845,0.0,0.003996003996003996,0.01628617129562309,False
1166,Cytotoxic CD4,Cytotoxic CD4,L-Alanine,1.4571168,0.2060674400300347,0.41836911600602306,0.768790652539845,20.538418,0.12787212787212787,0.2217959032118324,False
1167,Cytotoxic CD4,Cytotoxic CD4,L-Arginine,-5.0229197,-0.4101196724456589,0.6591409188093204,0.7769862334351528,0.0,0.5294705294705294,0.6244739942770576,False
1168,Cytotoxic CD4,Cytotoxic CD4,L-Asparagine,1.4571168,0.2060674400300347,0.41836911600602306,0.768790652539845,20.538418,0.12787212787212787,0.2217959032118324,False
1169,Cytotoxic CD4,Cytotoxic CD4,L-Aspartate,0.24919522,0.02491952180862427,0.49005957795859995,0.768790652539845,0.0,0.000999000999000999,0.005797701625427063,False
1170,Cytotoxic CD4,Cytotoxic CD4,L-Carnitine,0.89884,0.048045019479517254,0.48084018182801386,0.768790652539845,0.0,0.007992007992007992,0.027437530622243994,False
1171,Cytotoxic CD4,Cytotoxic CD4,L-Cysteine,-6.898388,-0.39827861161983974,0.6547875876831918,0.7758786175390525,20.538418,0.23976023976023977,0.35248760785753624,False
1172,Cytotoxic CD4,Cytotoxic CD4,L-Cystine,25.365751,1.4644923321899024,0.07152973831367923,0.3709366136966725,20.295387,0.11188811188811189,0.20027461123351534,False
1173,Cytotoxic CD4,Cytotoxic CD4,L-Dopa,0.0,0.0,0.5,0.768790652539845,0.0,0.000999000999000999,0.005797701625427063,False
1174,Cytotoxic CD4,Cytotoxic CD4,L-Glutamate,20.331984,0.6596566537059858,0.2547370945504597,0.768790652539845,40.833805,0.08291708291708291,0.16222253245846713,False
1175,Cytotoxic CD4,Cytotoxic CD4,L-Glutamine,10.321939,0.39013264116008217,0.34821923362365403,0.768790652539845,69.50008,0.3306693306693307,0.44474302989586834,False
1176,Cytotoxic CD4,Cytotoxic CD4,L-Histidine,-5.0229197,-0.7103481098593869,0.7612558536125829,0.8111033458802711,0.0,0.5294705294705294,0.6244739942770576,False
1177,Cytotoxic CD4,Cytotoxic CD4,L-Isoleucine,-2.824342,-0.39942227787238305,0.655208959228295,0.7758786175390525,0.0,0.09090909090909091,0.1739130434782609,False
1178,Cytotoxic CD4,Cytotoxic CD4,L-Lactate,-0.4771592,-0.047715920209884646,0.519028676968847,0.768790652539845,0.0,0.008991008991008992,0.029914529914529916,False
1179,Cytotoxic CD4,Cytotoxic CD4,L-Leucine,10.629467,0.475364216001302,0.31726369770725327,0.768790652539845,69.50008,0.4065934065934066,0.5250766005482986,False
1180,Cytotoxic CD4,Cytotoxic CD4,L-Lysine,0.0,0.0,0.5,0.768790652539845,0.0,0.000999000999000999,0.005797701625427063,False
1181,Cytotoxic CD4,Cytotoxic CD4,L-Methionine,-13.69658,-1.1183210685833753,0.8682850540933262,0.8891106989433443,0.0,0.7112887112887113,0.7756896618808606,False
1182,Cytotoxic CD4,Cytotoxic CD4,L-Ornithine,0.0,0.0,0.5,0.768790652539845,0.0,0.000999000999000999,0.005797701625427063,False
1183,Cytotoxic CD4,Cytotoxic CD4,L-Phenylalanine,-13.69658,-1.1183210685833753,0.8682850540933262,0.8891106989433443,0.0,0.7112887112887113,0.7756896618808606,False
1184,Cytotoxic CD4,Cytotoxic CD4,L-Serine,20.773563,1.6961543477545873,0.044928326750203605,0.260741514060401,40.833805,0.06293706293706294,0.13542146476278213,False
1185,Cytotoxic CD4,Cytotoxic CD4,L-Threonine,1.4571168,0.2060674400300347,0.41836911600602306,0.768790652539845,20.538418,0.12787212787212787,0.2217959032118324,False
1186,Cytotoxic CD4,Cytotoxic CD4,L-Tyrosine,-5.0229197,-0.7103481098593869,0.7612558536125829,0.8111033458802711,0.0,0.5294705294705294,0.6244739942770576,False
1187,Cytotoxic CD4,Cytotoxic CD4,L-Valine,-2.824342,-0.39942227787238305,0.655208959228295,0.7758786175390525,0.0,0.09090909090909091,0.1739130434782609,False
1188,Cytotoxic CD4,Cytotoxic CD4,Leukotriene C4,-2.9546583,-0.4178517797445235,0.6619722549944621,0.7782149353655358,0.0,0.22277722277722278,0.3359969865741114,False
1189,Cytotoxic CD4,Cytotoxic CD4,Lithocholic acid,-4.1225615,-0.2915091160528231,0.6146690135604466,0.768790652539845,0.0,0.003996003996003996,0.01628617129562309,False
1190,Cytotoxic CD4,Cytotoxic CD4,Malic acid,0.24919522,0.035241525709608555,0.48594357502707874,0.768790652539845,0.0,0.000999000999000999,0.005797701625427063,False
1191,Cytotoxic CD4,Cytotoxic CD4,Manganese,-0.7540239,-0.07540239095687866,0.5300527215405354,0.768790652539845,0.0,0.03696303696303696,0.0901496693351897,False
1192,Cytotoxic CD4,Cytotoxic CD4,N-Desmethylcitalopram,0.8306507,0.08306506872177125,0.46689990047400953,0.768790652539845,0.0,0.00999000999000999,0.03256003256003256,False
1193,Cytotoxic CD4,Cytotoxic CD4,N-Desmethyleletriptan,0.33226028,0.04698869954124979,0.48126111702046537,0.768790652539845,0.0,0.000999000999000999,0.005797701625427063,False
1194,Cytotoxic CD4,Cytotoxic CD4,N-Desmethyltamoxifen,0.33226028,0.027128938329011015,0.489178446900937,0.768790652539845,0.0,0.000999000999000999,0.005797701625427063,False
1195,Cytotoxic CD4,Cytotoxic CD4,N-desmethylimatinib,0.33226028,0.019183056258835332,0.49234753713176166,0.768790652539845,0.0,0.000999000999000999,0.005797701625427063,False
1196,Cytotoxic CD4,Cytotoxic CD4,Neurotransmitter,0.16613014,0.010506992634854773,0.49580839352162137,0.768790652539845,0.0,0.000999000999000999,0.005797701625427063,False
1197,Cytotoxic CD4,Cytotoxic CD4,Nicotinate,0.23643944,0.016718792901219613,0.49333047734452123,0.768790652539845,0.0,0.0899100899100899,0.1726145626412768,False
1198,Cytotoxic CD4,Cytotoxic CD4,Norepinephrine,0.16613014,0.011747174885312447,0.4953136630459446,0.768790652539845,0.0,0.004995004995004995,0.01947419668938656,False
1199,Cytotoxic CD4,Cytotoxic CD4,O-Deethylated candesartan,0.33226028,0.04698869954124979,0.48126111702046537,0.768790652539845,0.0,0.000999000999000999,0.005797701625427063,False
1200,Cytotoxic CD4,Cytotoxic CD4,O-Desmethylverapamil (D-702),-16.599743,-0.4359306050392444,0.6685564604309535,0.7782149353655358,0.0,0.34465534465534464,0.4608228980322004,False
1201,Cytotoxic CD4,Cytotoxic CD4,Oxalic acid,-0.4405575,-0.06230424051675072,0.5248397242020862,0.768790652539845,0.0,0.06993006993006994,0.14602346805736638,False
1202,Cytotoxic CD4,Cytotoxic CD4,Phosphate,0.47619003,0.03011690191363166,0.4879869105337096,0.768790652539845,0.0,0.04695304695304695,0.10821033589606545,False
1203,Cytotoxic CD4,Cytotoxic CD4,Potassium,0.0,0.0,0.5,0.768790652539845,0.0,0.000999000999000999,0.005797701625427063,False
1204,Cytotoxic CD4,Cytotoxic CD4,Progesterone,-2.622398,-0.14017306388860568,0.5557383731677845,0.768790652539845,0.0,0.22277722277722278,0.3359969865741114,False
1205,Cytotoxic CD4,Cytotoxic CD4,Prostaglandins,0.08306507,0.006782234582252754,0.4972943006126663,0.768790652539845,0.0,0.000999000999000999,0.005797701625427063,False
1206,Cytotoxic CD4,Cytotoxic CD4,Putrescine,0.1660392,0.0234814886598018,0.4906331021619193,0.768790652539845,0.0,0.000999000999000999,0.005797701625427063,False
1207,Cytotoxic CD4,Cytotoxic CD4,Pyruvate,0.24919522,0.035241525709608555,0.48594357502707874,0.768790652539845,0.0,0.003996003996003996,0.01628617129562309,False
1208,Cytotoxic CD4,Cytotoxic CD4,Serotonin,0.49839044,0.04069340871019124,0.48377015816601926,0.768790652539845,0.0,0.00999000999000999,0.03256003256003256,False
1209,Cytotoxic CD4,Cytotoxic CD4,Sodium,-11.66165,-0.2828365499909433,0.6113489325260851,0.768790652539845,29.511261,0.5264735264735265,0.6219599578503688,False
1210,Cytotoxic CD4,Cytotoxic CD4,Sodium_calcium_potassium exchange,0.33226028,0.033226028084754944,0.4867471710839592,0.768790652539845,0.0,0.000999000999000999,0.005797701625427063,False
1211,Cytotoxic CD4,Cytotoxic CD4,Sodium_hydrogen exchange,1.5348121,0.1253168826122269,0.450136343575939,0.768790652539845,0.0,0.030969030969030968,0.07873730043541365,False
1212,Cytotoxic CD4,Cytotoxic CD4,Spermine,0.1660392,0.013557043798709712,0.49459168770066536,0.768790652539845,0.0,0.000999000999000999,0.005797701625427063,False
1213,Cytotoxic CD4,Cytotoxic CD4,Sulfolithocholic acid,-4.1225615,-0.2915091160528231,0.6146690135604466,0.768790652539845,0.0,0.003996003996003996,0.01628617129562309,False
1214,Cytotoxic CD4,Cytotoxic CD4,Taurocholic acid,-17.009388,-0.4810981430959667,0.6847766261166255,0.7782149353655358,0.0,0.36863136863136864,0.4846153846153846,False
1215,Cytotoxic CD4,Cytotoxic CD4,Testosterone,0.49829948,0.026635227546271525,0.4893753378503426,0.768790652539845,0.0,0.000999000999000999,0.005797701625427063,False
1216,Cytotoxic CD4,Cytotoxic CD4,Thiamine,0.08306507,0.011747174885312447,0.4953136630459446,0.768790652539845,0.0,0.000999000999000999,0.005797701625427063,False
1217,Cytotoxic CD4,Cytotoxic CD4,Thymidine,-0.36374837,-0.029699930173032997,0.511846816193901,0.768790652539845,0.0,0.03396603396603397,0.08427016021952731,False
1218,Cytotoxic CD4,Cytotoxic CD4,Thyroxine,0.08306507,0.011747174885312447,0.4953136630459446,0.768790652539845,0.0,0.000999000999000999,0.005797701625427063,False
1219,Cytotoxic CD4,Cytotoxic CD4,Trihydroxycoprostanoic acid,-4.1225615,-0.2915091160528231,0.6146690135604466,0.768790652539845,0.0,0.003996003996003996,0.01628617129562309,False
1220,Cytotoxic CD4,Cytotoxic CD4,Urea,0.08306507,0.006782234582252754,0.4972943006126663,0.768790652539845,0.0,0.000999000999000999,0.005797701625427063,False
1221,Cytotoxic CD4,Cytotoxic CD4,Uridine,-0.36374837,-0.051441788040941065,0.5205132566035181,0.768790652539845,0.0,0.03396603396603397,0.08427016021952731,False
1222,Cytotoxic CD4,Cytotoxic CD4,Ursocholic acid,-4.1225615,-0.2915091160528231,0.6146690135604466,0.768790652539845,0.0,0.003996003996003996,0.01628617129562309,False
1223,Cytotoxic CD4,Cytotoxic CD4,Ursodeoxycholic acid,-4.1225615,-0.2915091160528231,0.6146690135604466,0.768790652539845,0.0,0.003996003996003996,0.01628617129562309,False
1224,Cytotoxic CD4,Cytotoxic CD4,Ursodeoxycholic acid 3-sulfate,-4.1225615,-0.2915091160528231,0.6146690135604466,0.768790652539845,0.0,0.003996003996003996,0.01628617129562309,False
1225,Cytotoxic CD4,Cytotoxic CD4,Varanic acid,-4.1225615,-0.2915091160528231,0.6146690135604466,0.768790652539845,0.0,0.003996003996003996,0.01628617129562309,False
1226,Cytotoxic CD4,Cytotoxic CD4,Vitamin C,1.7443665,0.2466906799672599,0.40257381000024217,0.768790652539845,0.0,0.07392607392607392,0.14951652475104632,False
1227,Cytotoxic CD4,Cytotoxic CD4,Vitamin D3,2.9696372,0.4199701140681598,0.33725364313209655,0.768790652539845,0.0,0.3986013986013986,0.5172341952360008,False
1228,Cytotoxic CD4,Cytotoxic CD4,Water,1.3308845,0.05433313042259706,0.47833487713395967,0.768790652539845,0.0,0.01998001998001998,0.05547575412353262,False
1229,Cytotoxic CD4,Cytotoxic CD4,Zinc,1.162911,0.1162911057472229,0.45371091718632156,0.768790652539845,0.0,0.03696303696303696,0.0901496693351897,False
1230,Cytotoxic CD4,Cytotoxic CD4,alpha-Ketoisovaleric acid,0.24919522,0.035241525709608555,0.48594357502707874,0.768790652539845,0.0,0.003996003996003996,0.01628617129562309,False
1231,Cytotoxic CD4,Cytotoxic CD4,alpha-Tocopherol,0.12771428,0.018061526167161505,0.49279488530602994,0.768790652539845,0.0,0.06993006993006994,0.14602346805736638,False
1232,Cytotoxic CD4,Cytotoxic CD8,"(3a,5b,7a)-23-Carboxy-7-hydroxy-24-norcholan-3-yl-b-D-Glucopyranosiduronic acid",-2.0308552,-0.08521279037384745,0.5339538888402727,0.768790652539845,0.0,0.011988011988011988,0.03687040491605399,False
1233,Cytotoxic CD4,Cytotoxic CD8,17a-Ethynylestradiol,0.73397183,0.03556105156207953,0.4858161825078207,0.768790652539845,0.0,0.07792207792207792,0.15498154981549817,False
1234,Cytotoxic CD4,Cytotoxic CD8,"1b,3a,12a-Trihydroxy-5b-cholanoic acid",-2.0308552,-0.08521279037384745,0.5339538888402727,0.768790652539845,0.0,0.011988011988011988,0.03687040491605399,False
1235,Cytotoxic CD4,Cytotoxic CD8,2-Hydroxychlorpropamide,-0.1452594,-0.00861955929766127,0.5034386640619208,0.768790652539845,0.0,0.07292707292707293,0.14924610273447483,False
1236,Cytotoxic CD4,Cytotoxic CD8,25-Hydroxycholesterol,1.3414892,0.11257527254916401,0.4551836450255148,0.768790652539845,9.126921,0.16983016983016982,0.27162748230997485,False
1237,Cytotoxic CD4,Cytotoxic CD8,"3',4'-Dihydrodiol",1.3667495,0.05734753614498786,0.47713417713197814,0.768790652539845,0.0,0.08191808191808192,0.16114542391914655,False
1238,Cytotoxic CD4,Cytotoxic CD8,3-Sulfodeoxycholic acid,-2.0308552,-0.08521279037384745,0.5339538888402727,0.768790652539845,0.0,0.011988011988011988,0.03687040491605399,False
1239,Cytotoxic CD4,Cytotoxic CD8,"3alpha,7alpha-Dihydroxycoprostanic acid",-2.0308552,-0.08521279037384745,0.5339538888402727,0.768790652539845,0.0,0.011988011988011988,0.03687040491605399,False
1240,Cytotoxic CD4,Cytotoxic CD8,3b-Hydroxy-5-cholenoic acid,-2.0308552,-0.08521279037384745,0.5339538888402727,0.768790652539845,0.0,0.011988011988011988,0.03687040491605399,False
1241,Cytotoxic CD4,Cytotoxic CD8,4'-Hydroxydiclofenac,12.768597,0.47919689327038695,0.31589928209359674,0.768790652539845,40.485867,0.0989010989010989,0.18358223782244446,False
1242,Cytotoxic CD4,Cytotoxic CD8,4-Hydroxycyclophosphamide,-0.1452594,-0.012189897660431678,0.5048629451364564,0.768790652539845,0.0,0.07292707292707293,0.14924610273447483,False
1243,Cytotoxic CD4,Cytotoxic CD8,4-Hydroxyvalsartan,-1.3106248,-0.07777127591818886,0.5309950021393128,0.768790652539845,0.0,0.000999000999000999,0.005797701625427063,False
1244,Cytotoxic CD4,Cytotoxic CD8,4-ene-Valproic acid,-1.1514394,-0.06832535970313142,0.5272366814137495,0.768790652539845,0.0,0.01098901098901099,0.03466321535085251,False
1245,Cytotoxic CD4,Cytotoxic CD8,5-Hydroxyomeprazole,-3.2308881,-0.13556505439975974,0.5539174335475092,0.768790652539845,0.0,0.08491508491508491,0.16538114099089707,False
1246,Cytotoxic CD4,Cytotoxic CD8,5-Methyltetrahydrofolic acid,-2.1948538,-0.18418803785900492,0.573067028327555,0.768790652539845,0.0,0.12887112887112886,0.22343880486220652,False
1247,Cytotoxic CD4,Cytotoxic CD8,8-Hydroxycarvedilol,-0.1452594,-0.012189897660431678,0.5048629451364564,0.768790652539845,0.0,0.07292707292707293,0.14924610273447483,False
1248,Cytotoxic CD4,Cytotoxic CD8,ADP,-4.508937,-0.26755617947669913,0.6054795174235813,0.768790652539845,0.0,0.07292707292707293,0.14924610273447483,False
1249,Cytotoxic CD4,Cytotoxic CD8,Acetate,5.8564115,0.24572956606406932,0.40294579169519296,0.768790652539845,31.146585,0.026973026973026972,0.0698125404007757,False
1250,Cytotoxic CD4,Cytotoxic CD8,Acetyl-L-Carnitine,-0.9759624,-0.08190094528447166,0.5326372586308837,0.768790652539845,0.0,0.005994005994005994,0.02205303229194014,False
1251,Cytotoxic CD4,Cytotoxic CD8,Acetylcholine,0.0,0.0,0.5,0.768790652539845,0.0,0.000999000999000999,0.005797701625427063,False
1252,Cytotoxic CD4,Cytotoxic CD8,Adenine,-0.4829013,-0.0405241773019787,0.5161623839146434,0.768790652539845,0.0,0.0969030969030969,0.18080750923676064,False
1253,Cytotoxic CD4,Cytotoxic CD8,Adenosine,-3.2329245,-0.27130099407586594,0.6069202290156956,0.768790652539845,0.0,0.17182817182817184,0.2727993655828707,False
1254,Cytotoxic CD4,Cytotoxic CD8,Adenosine diphosphate ribose,-6.802469,-0.570850498780434,0.7159495058330966,0.7873436034563408,0.0,0.6353646353646354,0.7101327910037086,False
1255,Cytotoxic CD4,Cytotoxic CD8,Adenosine triphosphate,-1.0091748,-0.042344034968128316,0.5168877790408518,0.768790652539845,243.85657,0.13086913086913088,0.2259942700471335,False
1256,Cytotoxic CD4,Cytotoxic CD8,Adenosylcobalamin,-0.11339746,-0.009516103174557042,0.5037963186041964,0.768790652539845,0.0,0.005994005994005994,0.02205303229194014,False
1257,Cytotoxic CD4,Cytotoxic CD8,Amiloride-sensitive sodium transport,1.6203076,0.07850415802418616,0.4687135114038564,0.768790652539845,0.0,0.07292707292707293,0.14924610273447483,False
1258,Cytotoxic CD4,Cytotoxic CD8,Anion exchange,-4.2190037,-0.35405092366325425,0.6383496399371749,0.7714584213590522,0.0,0.06293706293706294,0.13542146476278213,False
1259,Cytotoxic CD4,Cytotoxic CD8,Betaine,0.0,0.0,0.5,0.768790652539845,0.0,0.000999000999000999,0.005797701625427063,False
1260,Cytotoxic CD4,Cytotoxic CD8,Bilirubin,-0.7101042,-0.04213693360439497,0.5168052312268565,0.768790652539845,0.0,0.004995004995004995,0.01947419668938656,False
1261,Cytotoxic CD4,Cytotoxic CD8,Butyrate,-0.17547701,-0.014725703811239279,0.5058744935477879,0.768790652539845,0.0,0.005994005994005994,0.02205303229194014,False
1262,Cytotoxic CD4,Cytotoxic CD8,Cadmium,13.84464,1.1618163614145554,0.12265503330359623,0.5530810382716989,13.013759,0.16083916083916083,0.2619102951429235,False
1263,Cytotoxic CD4,Cytotoxic CD8,Calcidiol,-0.11339746,-0.006728901085200116,0.5026844228859111,0.768790652539845,0.0,0.005994005994005994,0.02205303229194014,False
1264,Cytotoxic CD4,Cytotoxic CD8,Calcium,-0.11339746,-0.009516103174557042,0.5037963186041964,0.768790652539845,0.0,0.005994005994005994,0.02205303229194014,False
1265,Cytotoxic CD4,Cytotoxic CD8,Calcium release-activated calcium transport,62.172905,3.012287088376422,0.0012964362635798238,0.012126319237649024,47.757587,0.023976023976023976,0.06338725652030373,False
1266,Cytotoxic CD4,Cytotoxic CD8,Chenodeoxycholic acid,-2.0308552,-0.08521279037384745,0.5339538888402727,0.768790652539845,0.0,0.011988011988011988,0.03687040491605399,False
1267,Cytotoxic CD4,Cytotoxic CD8,Chenodeoxycholic acid 3-sulfate,-2.0308552,-0.08521279037384745,0.5339538888402727,0.768790652539845,0.0,0.011988011988011988,0.03687040491605399,False
1268,Cytotoxic CD4,Cytotoxic CD8,Chloride,23.241823,0.7962517424994271,0.2129428642000375,0.768790652539845,16.306107,0.03196803196803197,0.08089563019140483,False
1269,Cytotoxic CD4,Cytotoxic CD8,Chloride ion,21.28593,0.8931378090833666,0.18589168879967183,0.7449488495392054,26.613157,0.07092907092907093,0.14732473692011264,False
1270,Cytotoxic CD4,Cytotoxic CD8,Chloride_bicarbonate anion exchange,0.0,0.0,0.5,0.768790652539845,0.0,0.000999000999000999,0.005797701625427063,False
1271,Cytotoxic CD4,Cytotoxic CD8,Cholesterol,-15.457515,-0.5801101918693639,0.719079844402412,0.7897799420909529,0.0,0.33166833166833165,0.4459475666210933,False
1272,Cytotoxic CD4,Cytotoxic CD8,Cholic acid,22.338491,0.48402081581691914,0.31418554815264216,0.768790652539845,56.08415,0.03896103896103896,0.09395973154362415,False
1273,Cytotoxic CD4,Cytotoxic CD8,Choline,-0.9759624,-0.03662721621551389,0.5146088786580112,0.768790652539845,0.0,0.005994005994005994,0.02205303229194014,False
1274,Cytotoxic CD4,Cytotoxic CD8,Citric acid,14.03533,1.177818714142016,0.11943444315328267,0.5409677719295745,31.146585,0.013986013986013986,0.04176432985297251,True
1275,Cytotoxic CD4,Cytotoxic CD8,Cobalamin,-0.11339746,-0.009516103174557042,0.5037963186041964,0.768790652539845,0.0,0.005994005994005994,0.02205303229194014,False
1276,Cytotoxic CD4,Cytotoxic CD8,Coprocholic acid,-2.0308552,-0.08521279037384745,0.5339538888402727,0.768790652539845,0.0,0.011988011988011988,0.03687040491605399,False
1277,Cytotoxic CD4,Cytotoxic CD8,Cortisol,-3.4818318,-0.16869530139065808,0.5669818426198863,0.768790652539845,0.0,0.07592407592407592,0.15184815184815184,False
1278,Cytotoxic CD4,Cytotoxic CD8,Creatine,-0.9759624,-0.08190094528447166,0.5326372586308837,0.768790652539845,0.0,0.005994005994005994,0.02205303229194014,False
1279,Cytotoxic CD4,Cytotoxic CD8,Cyclic AMP,-6.185632,-0.5190867255731226,0.6981498676119917,0.7823047154025067,0.0,0.01898101898101898,0.05325058805865572,False
1280,Cytotoxic CD4,Cytotoxic CD8,Cytidine,-3.2329245,-0.27130099407586594,0.6069202290156956,0.768790652539845,0.0,0.17182817182817184,0.2727993655828707,False
1281,Cytotoxic CD4,Cytotoxic CD8,D-Aspartate,0.037084807,0.0022005784200831973,0.49912209693543746,0.768790652539845,0.0,0.005994005994005994,0.02205303229194014,False
1282,Cytotoxic CD4,Cytotoxic CD8,D-Galactose,-1.665452,-0.09882639451655437,0.5393619443593993,0.768790652539845,26.348503,0.5964035964035964,0.6825085742283195,False
1283,Cytotoxic CD4,Cytotoxic CD8,D-Glucose,-1.0733713,-0.036773094507811604,0.5146670364969212,0.768790652539845,26.348503,0.6083916083916084,0.6918208373904577,False
1284,Cytotoxic CD4,Cytotoxic CD8,D-Lactate,-0.17547701,-0.014725703811239279,0.5058744935477879,0.768790652539845,0.0,0.005994005994005994,0.02205303229194014,False
1285,Cytotoxic CD4,Cytotoxic CD8,D-Maltose,4.07133,0.3416584298632657,0.3663039797992655,0.768790652539845,26.348503,0.4725274725274725,0.578426672477664,False
1286,Cytotoxic CD4,Cytotoxic CD8,D-Mannose,-1.665452,-0.09882639451655437,0.5393619443593993,0.768790652539845,26.348503,0.5964035964035964,0.6825085742283195,False
1287,Cytotoxic CD4,Cytotoxic CD8,D-Xylose,4.07133,0.3416584298632657,0.3663039797992655,0.768790652539845,26.348503,0.4725274725274725,0.578426672477664,False
1288,Cytotoxic CD4,Cytotoxic CD8,Dehydroascorbic acid,-1.665452,-0.08069141322818121,0.532156317099995,0.768790652539845,26.348503,0.5964035964035964,0.6825085742283195,False
1289,Cytotoxic CD4,Cytotoxic CD8,Dehydroepiandrosterone,-1.3106248,-0.07777127591818886,0.5309950021393128,0.768790652539845,0.0,0.000999000999000999,0.005797701625427063,False
1290,Cytotoxic CD4,Cytotoxic CD8,Deoxycholic acid,-2.0308552,-0.08521279037384745,0.5339538888402727,0.768790652539845,0.0,0.011988011988011988,0.03687040491605399,False
1291,Cytotoxic CD4,Cytotoxic CD8,Digoxin,-1.3106248,-0.10998519316656277,0.5437894410955343,0.768790652539845,0.0,0.000999000999000999,0.005797701625427063,False
1292,Cytotoxic CD4,Cytotoxic CD8,Docosahexaenoic acid,-1.665452,-0.08069141322818121,0.532156317099995,0.768790652539845,26.348503,0.5964035964035964,0.6825085742283195,False
1293,Cytotoxic CD4,Cytotoxic CD8,Dopamine,-1.3886077,-0.04757291730513612,0.5189716917786138,0.768790652539845,0.0,0.01098901098901099,0.03466321535085251,False
1294,Cytotoxic CD4,Cytotoxic CD8,E-3179,-0.1452594,-0.012189897660431678,0.5048629451364564,0.768790652539845,0.0,0.07292707292707293,0.14924610273447483,False
1295,Cytotoxic CD4,Cytotoxic CD8,Estradiol,8.127474,0.21568076121451477,0.4146182993012548,0.768790652539845,31.146585,0.01898101898101898,0.05325058805865572,False
1296,Cytotoxic CD4,Cytotoxic CD8,Estriol,-0.1452594,-0.012189897660431678,0.5048629451364564,0.768790652539845,0.0,0.07292707292707293,0.14924610273447483,False
1297,Cytotoxic CD4,Cytotoxic CD8,Estrone,-1.3106248,-0.10998519316656277,0.5437894410955343,0.768790652539845,0.0,0.000999000999000999,0.005797701625427063,False
1298,Cytotoxic CD4,Cytotoxic CD8,Estrone sulfate,-1.3106248,-0.10998519316656277,0.5437894410955343,0.768790652539845,0.0,0.000999000999000999,0.005797701625427063,False
1299,Cytotoxic CD4,Cytotoxic CD8,Ethanol,-3.2329245,-0.15663570196111426,0.5622340181317419,0.768790652539845,0.0,0.17182817182817184,0.2727993655828707,False
1300,Cytotoxic CD4,Cytotoxic CD8,Fatty acid,-19.893372,-0.834707329265487,0.7980587430144401,0.8352523991350229,15.692591,0.8711288711288712,0.9088574140594465,False
1301,Cytotoxic CD4,Cytotoxic CD8,Folic acid,-17.571293,-0.4089666266587147,0.6587179235990949,0.7769862334351528,0.0,0.26173826173826176,0.37458193979933113,False
1302,Cytotoxic CD4,Cytotoxic CD8,Folinic acid,-6.091405,-0.2286063528399342,0.5904125567671576,0.768790652539845,0.0,0.06393606393606394,0.1368200038175224,False
1303,Cytotoxic CD4,Cytotoxic CD8,Fusidic Acid,0.6005206,0.050394570186412774,0.479903981627037,0.768790652539845,0.0,0.004995004995004995,0.01947419668938656,False
1304,Cytotoxic CD4,Cytotoxic CD8,GABA,-0.23562509,-0.013981776645186073,0.5055777401261597,0.768790652539845,0.0,0.000999000999000999,0.005797701625427063,False
1305,Cytotoxic CD4,Cytotoxic CD8,Glucosamine,-5.736782,-0.340415387122418,0.6332281336752615,0.7699787983383738,0.0,0.4225774225774226,0.5389393215480173,False
1306,Cytotoxic CD4,Cytotoxic CD8,Glutathione,25.860287,0.7233823509820165,0.23472250560692542,0.768790652539845,56.084145,0.03696303696303696,0.0901496693351897,False
1307,Cytotoxic CD4,Cytotoxic CD8,Glycerol,-0.1452594,-0.012189897660431678,0.5048629451364564,0.768790652539845,0.0,0.07292707292707293,0.14924610273447483,False
1308,Cytotoxic CD4,Cytotoxic CD8,Glycochenodeoxycholate-3-sulfate,-2.0308552,-0.08521279037384745,0.5339538888402727,0.768790652539845,0.0,0.011988011988011988,0.03687040491605399,False
1309,Cytotoxic CD4,Cytotoxic CD8,Glycyl-glycine,0.0,0.0,0.5,0.768790652539845,0.0,0.000999000999000999,0.005797701625427063,False
1310,Cytotoxic CD4,Cytotoxic CD8,Guanosine,-3.2329245,-0.27130099407586594,0.6069202290156956,0.768790652539845,0.0,0.17182817182817184,0.2727993655828707,False
1311,Cytotoxic CD4,Cytotoxic CD8,Heme,-5.0448318,-0.29935568964349046,0.6176656663359167,0.768790652539845,0.0,0.22477522477522477,0.3379465722561957,False
1312,Cytotoxic CD4,Cytotoxic CD8,Histamine,-0.9759624,-0.08190094528447166,0.5326372586308837,0.768790652539845,0.0,0.005994005994005994,0.02205303229194014,False
1313,Cytotoxic CD4,Cytotoxic CD8,Hydroxycelecoxib,-6.185632,-0.5190867255731226,0.6981498676119917,0.7823047154025067,0.0,0.01898101898101898,0.05325058805865572,False
1314,Cytotoxic CD4,Cytotoxic CD8,Hydroxylansoprazole,-3.4818318,-0.16869530139065808,0.5669818426198863,0.768790652539845,0.0,0.07592407592407592,0.15184815184815184,False
1315,Cytotoxic CD4,Cytotoxic CD8,Hyodeoxycholic acid,-2.0308552,-0.08521279037384745,0.5339538888402727,0.768790652539845,0.0,0.011988011988011988,0.03687040491605399,False
1316,Cytotoxic CD4,Cytotoxic CD8,Inosine,-3.2329245,-0.27130099407586594,0.6069202290156956,0.768790652539845,0.0,0.17182817182817184,0.2727993655828707,False
1317,Cytotoxic CD4,Cytotoxic CD8,Iron,14.8433485,0.35958129242169995,0.3595801377815576,0.768790652539845,210.20322,0.5024975024975025,0.6005457956677468,False
1318,Cytotoxic CD4,Cytotoxic CD8,Isoursodeoxycholic acid,-2.0308552,-0.08521279037384745,0.5339538888402727,0.768790652539845,0.0,0.011988011988011988,0.03687040491605399,False
1319,Cytotoxic CD4,Cytotoxic CD8,Ketone bodies,-0.17547701,-0.014725703811239279,0.5058744935477879,0.768790652539845,0.0,0.005994005994005994,0.02205303229194014,False
1320,Cytotoxic CD4,Cytotoxic CD8,L-Alanine,-5.2085176,-0.4370890833514559,0.6689766280071354,0.7782149353655358,0.0,0.5054945054945055,0.6027910142954391,False
1321,Cytotoxic CD4,Cytotoxic CD8,L-Arginine,-2.7400904,-0.132757812221995,0.5528075400425105,0.768790652539845,0.0,0.6783216783216783,0.7448238036473331,False
1322,Cytotoxic CD4,Cytotoxic CD8,L-Asparagine,-5.2085176,-0.4370890833514559,0.6689766280071354,0.7782149353655358,0.0,0.5054945054945055,0.6027910142954391,False
1323,Cytotoxic CD4,Cytotoxic CD8,L-Aspartate,0.037084807,0.0022005784200831973,0.49912209693543746,0.768790652539845,0.0,0.005994005994005994,0.02205303229194014,False
1324,Cytotoxic CD4,Cytotoxic CD8,L-Carnitine,-3.1908956,-0.10120906136742429,0.5403077481372872,0.768790652539845,0.0,0.026973026973026972,0.0698125404007757,False
1325,Cytotoxic CD4,Cytotoxic CD8,L-Cysteine,-10.471136,-0.3587352115043428,0.6401034078303124,0.7719104793751966,0.0,0.5774225774225774,0.6636050516647531,False
1326,Cytotoxic CD4,Cytotoxic CD8,L-Cystine,4.9858747,0.1708132510378341,0.43218530469306415,0.768790652539845,15.195459,0.16483516483516483,0.2666051128166657,False
1327,Cytotoxic CD4,Cytotoxic CD8,L-Dopa,0.0,0.0,0.5,0.768790652539845,0.0,0.000999000999000999,0.005797701625427063,False
1328,Cytotoxic CD4,Cytotoxic CD8,L-Glutamate,-5.1069393,-0.09831951433788444,0.5391607084729898,0.768790652539845,15.195459,0.6103896103896104,0.6935441370223979,False
1329,Cytotoxic CD4,Cytotoxic CD8,L-Glutamine,-20.529661,-0.46044057946398703,0.6773999934148872,0.7782149353655358,29.172108,0.8771228771228772,0.9142262137185996,False
1330,Cytotoxic CD4,Cytotoxic CD8,L-Histidine,-2.7400904,-0.22994327587018384,0.5909320760523402,0.768790652539845,0.0,0.6783216783216783,0.7448238036473331,False
1331,Cytotoxic CD4,Cytotoxic CD8,L-Isoleucine,-2.8852518,-0.24212494913898597,0.595658326676736,0.768790652539845,0.0,0.07592407592407592,0.15184815184815184,False
1332,Cytotoxic CD4,Cytotoxic CD8,L-Lactate,-4.504749,-0.2673076637920011,0.6053838567280501,0.768790652539845,0.0,0.052947052947052944,0.1186013986013986,False
1333,Cytotoxic CD4,Cytotoxic CD8,L-Leucine,10.888512,0.28895109742716085,0.38630940027301897,0.768790652539845,44.36757,0.6523476523476524,0.7253540683143571,False
1334,Cytotoxic CD4,Cytotoxic CD8,L-Lysine,0.0,0.0,0.5,0.768790652539845,0.0,0.000999000999000999,0.005797701625427063,False
1335,Cytotoxic CD4,Cytotoxic CD8,L-Methionine,-10.0899515,-0.4888597482631683,0.6875295027747779,0.7788469378898659,0.0,0.7832167832167832,0.8376068376068376,False
1336,Cytotoxic CD4,Cytotoxic CD8,L-Ornithine,0.0,0.0,0.5,0.768790652539845,0.0,0.000999000999000999,0.005797701625427063,False
1337,Cytotoxic CD4,Cytotoxic CD8,L-Phenylalanine,-10.0899515,-0.4888597482631683,0.6875295027747779,0.7788469378898659,0.0,0.7832167832167832,0.8376068376068376,False
1338,Cytotoxic CD4,Cytotoxic CD8,L-Serine,-5.457022,-0.2643935890175175,0.6042616744769255,0.768790652539845,15.195459,0.5764235764235764,0.6629870529577118,False
1339,Cytotoxic CD4,Cytotoxic CD8,L-Threonine,-5.2085176,-0.4370890833514559,0.6689766280071354,0.7782149353655358,0.0,0.5054945054945055,0.6027910142954391,False
1340,Cytotoxic CD4,Cytotoxic CD8,L-Tyrosine,-2.7400904,-0.22994327587018384,0.5909320760523402,0.768790652539845,0.0,0.6783216783216783,0.7448238036473331,False
1341,Cytotoxic CD4,Cytotoxic CD8,L-Valine,-2.8852518,-0.24212494913898597,0.595658326676736,0.768790652539845,0.0,0.07592407592407592,0.15184815184815184,False
1342,Cytotoxic CD4,Cytotoxic CD8,Leukotriene C4,3.4495606,0.2894806985283803,0.38610677412977074,0.768790652539845,25.725105,0.24975024975024976,0.36199095022624433,False
1343,Cytotoxic CD4,Cytotoxic CD8,Lithocholic acid,-2.0308552,-0.08521279037384745,0.5339538888402727,0.768790652539845,0.0,0.011988011988011988,0.03687040491605399,False
1344,Cytotoxic CD4,Cytotoxic CD8,Malic acid,0.037084807,0.0031120878467472157,0.49875845858168294,0.768790652539845,0.0,0.005994005994005994,0.02205303229194014,False
1345,Cytotoxic CD4,Cytotoxic CD8,Manganese,13.993624,0.8303687989304164,0.2031651503629477,0.768790652539845,13.013759,0.16083916083916083,0.2619102951429235,False
1346,Cytotoxic CD4,Cytotoxic CD8,N-Desmethylcitalopram,-3.2618392,-0.19355454384196455,0.5767376531251391,0.768790652539845,0.0,0.13086913086913088,0.2259942700471335,False
1347,Cytotoxic CD4,Cytotoxic CD8,N-Desmethyleletriptan,-0.1452594,-0.012189897660431678,0.5048629451364564,0.768790652539845,0.0,0.07292707292707293,0.14924610273447483,False
1348,Cytotoxic CD4,Cytotoxic CD8,N-Desmethyltamoxifen,-3.4818318,-0.16869530139065808,0.5669818426198863,0.768790652539845,0.0,0.07592407592407592,0.15184815184815184,False
1349,Cytotoxic CD4,Cytotoxic CD8,N-desmethylimatinib,-3.223784,-0.11044501895420866,0.5439717742382888,0.768790652539845,0.0,0.07792207792207792,0.15498154981549817,False
1350,Cytotoxic CD4,Cytotoxic CD8,Neurotransmitter,0.5865556,0.022013039416381025,0.49121877705430383,0.768790652539845,0.0,0.004995004995004995,0.01947419668938656,False
1351,Cytotoxic CD4,Cytotoxic CD8,Nicotinate,9.209721,0.3864312926176114,0.34958863920478894,0.768790652539845,31.146585,0.023976023976023976,0.06338725652030373,False
1352,Cytotoxic CD4,Cytotoxic CD8,Norepinephrine,-0.9759624,-0.04095047264223583,0.5163323100912466,0.768790652539845,0.0,0.005994005994005994,0.02205303229194014,False
1353,Cytotoxic CD4,Cytotoxic CD8,O-Deethylated candesartan,-0.1452594,-0.012189897660431678,0.5048629451364564,0.768790652539845,0.0,0.07292707292707293,0.14924610273447483,False
1354,Cytotoxic CD4,Cytotoxic CD8,O-Desmethylverapamil (D-702),-6.1842422,-0.09637032469806604,0.5383867700688776,0.768790652539845,56.084145,0.07092907092907093,0.14732473692011264,False
1355,Cytotoxic CD4,Cytotoxic CD8,Oxalic acid,14.03533,1.177818714142016,0.11943444315328267,0.5409677719295745,31.146585,0.013986013986013986,0.04176432985297251,True
1356,Cytotoxic CD4,Cytotoxic CD8,Phosphate,-6.421338,-0.2409885239366938,0.5952179944887839,0.768790652539845,0.0,0.17582417582417584,0.27750872846041225,False
1357,Cytotoxic CD4,Cytotoxic CD8,Potassium,0.0,0.0,0.5,0.768790652539845,0.0,0.000999000999000999,0.005797701625427063,False
1358,Cytotoxic CD4,Cytotoxic CD8,Progesterone,3.8410597,0.12183101526095529,0.45151642514070567,0.768790652539845,25.725105,0.26973026973026976,0.38325167937774635,False
1359,Cytotoxic CD4,Cytotoxic CD8,Prostaglandins,-1.3106248,-0.06349998088158801,0.5253158127654342,0.768790652539845,0.0,0.000999000999000999,0.005797701625427063,False
1360,Cytotoxic CD4,Cytotoxic CD8,Putrescine,0.32460353,0.02724012293539658,0.4891341070471173,0.768790652539845,0.0,0.002997002997002997,0.01360323886639676,False
1361,Cytotoxic CD4,Cytotoxic CD8,Pyruvate,-0.17547701,-0.014725703811239279,0.5058744935477879,0.768790652539845,0.0,0.005994005994005994,0.02205303229194014,False
1362,Cytotoxic CD4,Cytotoxic CD8,Serotonin,-3.1165798,-0.15099878329630909,0.5600116621586679,0.768790652539845,0.0,0.058941058941058944,0.12914321450906815,False
1363,Cytotoxic CD4,Cytotoxic CD8,Sodium,-47.14914,-0.6785629441188784,0.7512925856369319,0.8060646004644066,80.691864,0.43756243756243757,0.5523329129886506,False
1364,Cytotoxic CD4,Cytotoxic CD8,Sodium_calcium_potassium exchange,0.31562027,0.018728617568394567,0.49252879936883004,0.768790652539845,0.0,0.003996003996003996,0.01628617129562309,False
1365,Cytotoxic CD4,Cytotoxic CD8,Sodium_hydrogen exchange,-2.417033,-0.11710562941365117,0.546611825596847,0.768790652539845,0.0,0.15184815184815184,0.2503897632004706,False
1366,Cytotoxic CD4,Cytotoxic CD8,Spermine,0.32460353,0.015727092309509715,0.49372605656538593,0.768790652539845,0.0,0.002997002997002997,0.01360323886639676,False
1367,Cytotoxic CD4,Cytotoxic CD8,Sulfolithocholic acid,-2.0308552,-0.08521279037384745,0.5339538888402727,0.768790652539845,0.0,0.011988011988011988,0.03687040491605399,False
1368,Cytotoxic CD4,Cytotoxic CD8,Taurocholic acid,27.240852,0.45720030962463165,0.3237635379157734,0.768790652539845,87.23073,0.012987012987012988,0.03929824561403509,True
1369,Cytotoxic CD4,Cytotoxic CD8,Testosterone,-2.8785176,-0.09130103508238452,0.53637330222562,0.768790652539845,0.0,0.07792207792207792,0.15498154981549817,False
1370,Cytotoxic CD4,Cytotoxic CD8,Thiamine,0.2470621,0.02073299103065808,0.4917293258173491,0.768790652539845,0.0,0.000999000999000999,0.005797701625427063,False
1371,Cytotoxic CD4,Cytotoxic CD8,Thymidine,-3.2329245,-0.15663570196111426,0.5622340181317419,0.768790652539845,0.0,0.17182817182817184,0.2727993655828707,False
1372,Cytotoxic CD4,Cytotoxic CD8,Thyroxine,-1.3106248,-0.10998519316656277,0.5437894410955343,0.768790652539845,0.0,0.000999000999000999,0.005797701625427063,False
1373,Cytotoxic CD4,Cytotoxic CD8,Trihydroxycoprostanoic acid,-2.0308552,-0.08521279037384745,0.5339538888402727,0.768790652539845,0.0,0.011988011988011988,0.03687040491605399,False
1374,Cytotoxic CD4,Cytotoxic CD8,Urea,-3.2418754,-0.1570693768434012,0.5624049141401948,0.768790652539845,0.0,0.000999000999000999,0.005797701625427063,False
1375,Cytotoxic CD4,Cytotoxic CD8,Uridine,-3.2329245,-0.27130099407586594,0.6069202290156956,0.768790652539845,0.0,0.17182817182817184,0.2727993655828707,False
1376,Cytotoxic CD4,Cytotoxic CD8,Ursocholic acid,-2.0308552,-0.08521279037384745,0.5339538888402727,0.768790652539845,0.0,0.011988011988011988,0.03687040491605399,False
1377,Cytotoxic CD4,Cytotoxic CD8,Ursodeoxycholic acid,-2.0308552,-0.08521279037384745,0.5339538888402727,0.768790652539845,0.0,0.011988011988011988,0.03687040491605399,False
1378,Cytotoxic CD4,Cytotoxic CD8,Ursodeoxycholic acid 3-sulfate,-2.0308552,-0.08521279037384745,0.5339538888402727,0.768790652539845,0.0,0.011988011988011988,0.03687040491605399,False
1379,Cytotoxic CD4,Cytotoxic CD8,Varanic acid,-2.0308552,-0.08521279037384745,0.5339538888402727,0.768790652539845,0.0,0.011988011988011988,0.03687040491605399,False
1380,Cytotoxic CD4,Cytotoxic CD8,Vitamin C,-8.760184,-0.7351383349754051,0.7688723751945238,0.8165954881376322,0.0,0.0939060939060939,0.17744218971212836,False
1381,Cytotoxic CD4,Cytotoxic CD8,Vitamin D3,-11.975682,-1.0049769304306508,0.8425460207554447,0.8687370735288086,0.0,0.2817182817182817,0.39581923452891193,False
1382,Cytotoxic CD4,Cytotoxic CD8,Water,-4.843655,-0.11733792842765618,0.5467038649637945,0.768790652539845,0.0,0.10989010989010989,0.19768300118738166,False
1383,Cytotoxic CD4,Cytotoxic CD8,Zinc,13.84464,0.8215282276497128,0.2056727261326433,0.768790652539845,13.013759,0.16083916083916083,0.2619102951429235,False
1384,Cytotoxic CD4,Cytotoxic CD8,alpha-Ketoisovaleric acid,-0.17547701,-0.014725703811239279,0.5058744935477879,0.768790652539845,0.0,0.005994005994005994,0.02205303229194014,False
1385,Cytotoxic CD4,Cytotoxic CD8,alpha-Tocopherol,0.38570544,0.03236768160792665,0.4870894176588204,0.768790652539845,0.0,0.04895104895104895,0.11150392132959486,False
1386,Cytotoxic CD4,Exhausted CD4,"(3a,5b,7a)-23-Carboxy-7-hydroxy-24-norcholan-3-yl-b-D-Glucopyranosiduronic acid",-3.440052,-0.16474861296144425,0.5654290739358545,0.768790652539845,0.0,0.04695304695304695,0.10821033589606545,False
1387,Cytotoxic CD4,Exhausted CD4,17a-Ethynylestradiol,0.43176264,0.023876528312573923,0.4904755483190705,0.768790652539845,0.0,0.01098901098901099,0.03466321535085251,False
1388,Cytotoxic CD4,Exhausted CD4,"1b,3a,12a-Trihydroxy-5b-cholanoic acid",-3.440052,-0.16474861296144425,0.5654290739358545,0.768790652539845,0.0,0.04695304695304695,0.10821033589606545,False
1389,Cytotoxic CD4,Exhausted CD4,2-Hydroxychlorpropamide,0.5434657,0.036808139976104895,0.4853189918429081,0.768790652539845,0.0,0.003996003996003996,0.01628617129562309,False
1390,Cytotoxic CD4,Exhausted CD4,25-Hydroxycholesterol,11.2346,1.0760795248252732,0.14094584596554616,0.6163879186647414,95.29418,0.005994005994005994,0.02205303229194014,True
1391,Cytotoxic CD4,Exhausted CD4,"3',4'-Dihydrodiol",0.39142677,0.018745942542257876,0.49252188891743587,0.768790652539845,0.0,0.012987012987012988,0.03929824561403509,False
1392,Cytotoxic CD4,Exhausted CD4,3-Sulfodeoxycholic acid,-3.440052,-0.16474861296144425,0.5654290739358545,0.768790652539845,0.0,0.04695304695304695,0.10821033589606545,False
1393,Cytotoxic CD4,Exhausted CD4,"3alpha,7alpha-Dihydroxycoprostanic acid",-3.440052,-0.16474861296144425,0.5654290739358545,0.768790652539845,0.0,0.04695304695304695,0.10821033589606545,False
1394,Cytotoxic CD4,Exhausted CD4,3b-Hydroxy-5-cholenoic acid,-3.440052,-0.16474861296144425,0.5654290739358545,0.768790652539845,0.0,0.04695304695304695,0.10821033589606545,False
1395,Cytotoxic CD4,Exhausted CD4,4'-Hydroxydiclofenac,-4.742542,-0.20314817040173733,0.5804903889613571,0.768790652539845,22.994614,0.3756243756243756,0.4915606396638263,False
1396,Cytotoxic CD4,Exhausted CD4,4-Hydroxycyclophosphamide,0.5434657,0.05205457075993483,0.47924260556910653,0.768790652539845,0.0,0.003996003996003996,0.01628617129562309,False
1397,Cytotoxic CD4,Exhausted CD4,4-Hydroxyvalsartan,0.15729119,0.010653103541737348,0.49575010696560456,0.768790652539845,0.0,0.000999000999000999,0.005797701625427063,False
1398,Cytotoxic CD4,Exhausted CD4,4-ene-Valproic acid,-3.147184,-0.2131541896758317,0.584396650773106,0.768790652539845,0.0,0.03296703296703297,0.08264758497316636,False
1399,Cytotoxic CD4,Exhausted CD4,5-Hydroxyomeprazole,-1.6896529,-0.08091969897278442,0.5322470930884009,0.768790652539845,0.0,0.09090909090909091,0.1739130434782609,False
1400,Cytotoxic CD4,Exhausted CD4,5-Methyltetrahydrofolic acid,-0.92574674,-0.0886704559986407,0.5353280936394545,0.768790652539845,0.0,0.15384615384615385,0.2530070996890219,False
1401,Cytotoxic CD4,Exhausted CD4,8-Hydroxycarvedilol,0.5434657,0.05205457075993483,0.47924260556910653,0.768790652539845,0.0,0.003996003996003996,0.01628617129562309,False
1402,Cytotoxic CD4,Exhausted CD4,ADP,-9.245465,-0.6261819217818203,0.7344021882364602,0.7966647133775135,0.0,0.13486513486513488,0.22886204704386523,False
1403,Cytotoxic CD4,Exhausted CD4,Acetate,-11.260445,-0.5392774930267977,0.7051523017889677,0.7823047154025067,45.088852,0.5474525474525475,0.6409490590864471,False
1404,Cytotoxic CD4,Exhausted CD4,Acetyl-L-Carnitine,-1.0569576,-0.10123817740397062,0.5403193043993808,0.768790652539845,0.0,0.013986013986013986,0.04176432985297251,False
1405,Cytotoxic CD4,Exhausted CD4,Acetylcholine,0.0,0.0,0.5,0.768790652539845,0.0,0.000999000999000999,0.005797701625427063,False
1406,Cytotoxic CD4,Exhausted CD4,Adenine,-5.242227,-0.5021142887912358,0.6922064351805308,0.7801219586857576,0.0,0.5274725274725275,0.6229694709563238,False
1407,Cytotoxic CD4,Exhausted CD4,Adenosine,-4.0134625,-0.38441999189029125,0.6496664073102012,0.7723792249803293,0.0,0.6083916083916084,0.6918208373904577,False
1408,Cytotoxic CD4,Exhausted CD4,Adenosine diphosphate ribose,23.868193,2.2861582322663194,0.01112250164152308,0.08282716624788161,60.448753,0.001998001998001998,0.010183669758137844,True
1409,Cytotoxic CD4,Exhausted CD4,Adenosine triphosphate,14.159232,0.6781042360922468,0.24885280252324027,0.768790652539845,490.60315,0.000999000999000999,0.005797701625427063,True
1410,Cytotoxic CD4,Exhausted CD4,Adenosylcobalamin,0.35582754,0.0340820970970091,0.4864058423189724,0.768790652539845,0.0,0.004995004995004995,0.01947419668938656,False
1411,Cytotoxic CD4,Exhausted CD4,Amiloride-sensitive sodium transport,-0.853685,-0.04720888955588086,0.5188266287089034,0.768790652539845,0.0,0.07292707292707293,0.14924610273447483,False
1412,Cytotoxic CD4,Exhausted CD4,Anion exchange,-0.60163987,-0.057626647868569116,0.5229769884951303,0.768790652539845,0.0,0.11988011988011989,0.2110751641172221,False
1413,Cytotoxic CD4,Exhausted CD4,Betaine,0.0,0.0,0.5,0.768790652539845,0.0,0.000999000999000999,0.005797701625427063,False
1414,Cytotoxic CD4,Exhausted CD4,Bilirubin,-0.1250181,-0.008467294487772498,0.5033779214083456,0.768790652539845,0.0,0.005994005994005994,0.02205303229194014,False
1415,Cytotoxic CD4,Exhausted CD4,Butyrate,-2.0902262,-0.2002073570940586,0.5793407932338559,0.768790652539845,0.0,0.01998001998001998,0.05547575412353262,False
1416,Cytotoxic CD4,Exhausted CD4,Cadmium,-3.6891594,-0.35335738372833575,0.6380897347349286,0.7714584213590522,0.0,0.3246753246753247,0.4380475594493116,False
1417,Cytotoxic CD4,Exhausted CD4,Calcidiol,0.35582754,0.02409968197435348,0.490386548498776,0.768790652539845,0.0,0.004995004995004995,0.01947419668938656,False
1418,Cytotoxic CD4,Exhausted CD4,Calcium,0.35582754,0.0340820970970091,0.4864058423189724,0.768790652539845,0.0,0.004995004995004995,0.01947419668938656,False
1419,Cytotoxic CD4,Exhausted CD4,Calcium release-activated calcium transport,-20.022837,-1.1072653987948176,0.8659104002198705,0.8871004147655219,0.0,0.8891108891108891,0.926049795615013,False
1420,Cytotoxic CD4,Exhausted CD4,Chenodeoxycholic acid,-3.440052,-0.16474861296144425,0.5654290739358545,0.768790652539845,0.0,0.04695304695304695,0.10821033589606545,False
1421,Cytotoxic CD4,Exhausted CD4,Chenodeoxycholic acid 3-sulfate,-3.440052,-0.16474861296144425,0.5654290739358545,0.768790652539845,0.0,0.04695304695304695,0.10821033589606545,False
1422,Cytotoxic CD4,Exhausted CD4,Chloride,-24.174955,-0.9453155606705655,0.8277511017341759,0.8573775524087837,0.0,0.5694305694305695,0.6566955376797582,False
1423,Cytotoxic CD4,Exhausted CD4,Chloride ion,17.528004,0.8394391332125749,0.20061146582961964,0.768790652539845,23.724579,0.13786213786213786,0.23312217194570137,False
1424,Cytotoxic CD4,Exhausted CD4,Chloride_bicarbonate anion exchange,0.0,0.0,0.5,0.768790652539845,0.0,0.000999000999000999,0.005797701625427063,False
1425,Cytotoxic CD4,Exhausted CD4,Cholesterol,0.7187057,0.030785970323543993,0.4877201145887699,0.768790652539845,29.176317,0.24675324675324675,0.3590955113061087,False
1426,Cytotoxic CD4,Exhausted CD4,Cholic acid,-17.362268,-0.42938571132060926,0.6661787247605275,0.7782149353655358,30.49711,0.4385614385614386,0.5529464687359424,False
1427,Cytotoxic CD4,Exhausted CD4,Choline,-0.96365774,-0.041278562169428906,0.5164630882941211,0.768790652539845,0.0,0.014985014985014986,0.044166359955833644,False
1428,Cytotoxic CD4,Exhausted CD4,Citric acid,3.3270185,0.3186705770117821,0.374988164219785,0.768790652539845,25.597948,0.7532467532467533,0.8134234911094416,False
1429,Cytotoxic CD4,Exhausted CD4,Cobalamin,0.35582754,0.0340820970970091,0.4864058423189724,0.768790652539845,0.0,0.004995004995004995,0.01947419668938656,False
1430,Cytotoxic CD4,Exhausted CD4,Coprocholic acid,-3.440052,-0.16474861296144425,0.5654290739358545,0.768790652539845,0.0,0.04695304695304695,0.10821033589606545,False
1431,Cytotoxic CD4,Exhausted CD4,Cortisol,1.7450986,0.0965041725863372,0.4615600800755406,0.768790652539845,0.0,0.04595404595404595,0.1078094919226584,False
1432,Cytotoxic CD4,Exhausted CD4,Creatine,-1.0569576,-0.10123817740397062,0.5403193043993808,0.768790652539845,0.0,0.013986013986013986,0.04176432985297251,False
1433,Cytotoxic CD4,Exhausted CD4,Cyclic AMP,-3.7562468,-0.35978319237899514,0.6404953633860677,0.7719104793751966,0.0,0.03196803196803197,0.08089563019140483,False
1434,Cytotoxic CD4,Exhausted CD4,Cytidine,-4.0134625,-0.38441999189029125,0.6496664073102012,0.7723792249803293,0.0,0.6083916083916084,0.6918208373904577,False
1435,Cytotoxic CD4,Exhausted CD4,D-Aspartate,-7.0394874,-0.4767742446482579,0.6832385561817637,0.7782149353655358,0.0,0.07792207792207792,0.15498154981549817,False
1436,Cytotoxic CD4,Exhausted CD4,D-Galactose,28.498299,1.930148334914691,0.026794230484785114,0.17802268389891127,141.1628,0.006993006993006993,0.024817980373535928,True
1437,Cytotoxic CD4,Exhausted CD4,D-Glucose,29.782131,1.164573486073436,0.12209584068622353,0.551285094281671,169.62173,0.011988011988011988,0.03687040491605399,True
1438,Cytotoxic CD4,Exhausted CD4,D-Lactate,-2.0902262,-0.2002073570940586,0.5793407932338559,0.768790652539845,0.0,0.01998001998001998,0.05547575412353262,False
1439,Cytotoxic CD4,Exhausted CD4,D-Maltose,13.01524,1.246633870803312,0.10626588821537758,0.4953713621456304,126.25775,0.00999000999000999,0.03256003256003256,True
1440,Cytotoxic CD4,Exhausted CD4,D-Mannose,28.498299,1.930148334914691,0.026794230484785114,0.17802268389891127,141.1628,0.006993006993006993,0.024817980373535928,True
1441,Cytotoxic CD4,Exhausted CD4,D-Xylose,13.01524,1.246633870803312,0.10626588821537758,0.4953713621456304,126.25775,0.00999000999000999,0.03256003256003256,True
1442,Cytotoxic CD4,Exhausted CD4,Dehydroascorbic acid,28.498299,1.5759595161411888,0.05751756670357745,0.3107966762228396,141.1628,0.006993006993006993,0.024817980373535928,True
1443,Cytotoxic CD4,Exhausted CD4,Dehydroepiandrosterone,0.15729119,0.010653103541737348,0.49575010696560456,0.768790652539845,0.0,0.000999000999000999,0.005797701625427063,False
1444,Cytotoxic CD4,Exhausted CD4,Deoxycholic acid,-3.440052,-0.16474861296144425,0.5654290739358545,0.768790652539845,0.0,0.04695304695304695,0.10821033589606545,False
1445,Cytotoxic CD4,Exhausted CD4,Digoxin,0.15729119,0.01506576351008981,0.4939898573110795,0.768790652539845,0.0,0.000999000999000999,0.005797701625427063,False
1446,Cytotoxic CD4,Exhausted CD4,Docosahexaenoic acid,28.498299,1.5759595161411888,0.05751756670357745,0.3107966762228396,141.1628,0.006993006993006993,0.024817980373535928,True
1447,Cytotoxic CD4,Exhausted CD4,Dopamine,-0.86602664,-0.03386432141137302,0.5135073278755835,0.768790652539845,0.0,0.022977022977022976,0.061196370028982754,False
1448,Cytotoxic CD4,Exhausted CD4,E-3179,0.5434657,0.05205457075993483,0.47924260556910653,0.768790652539845,0.0,0.003996003996003996,0.01628617129562309,False
1449,Cytotoxic CD4,Exhausted CD4,Estradiol,5.7716217,0.17481738071814398,0.43061156540358675,0.768790652539845,25.597948,0.7572427572427572,0.8161036663910946,False
1450,Cytotoxic CD4,Exhausted CD4,Estriol,0.5434657,0.05205457075993483,0.47924260556910653,0.768790652539845,0.0,0.003996003996003996,0.01628617129562309,False
1451,Cytotoxic CD4,Exhausted CD4,Estrone,0.15729119,0.01506576351008981,0.4939898573110795,0.768790652539845,0.0,0.000999000999000999,0.005797701625427063,False
1452,Cytotoxic CD4,Exhausted CD4,Estrone sulfate,0.15729119,0.01506576351008981,0.4939898573110795,0.768790652539845,0.0,0.000999000999000999,0.005797701625427063,False
1453,Cytotoxic CD4,Exhausted CD4,Ethanol,-4.0134625,-0.22194498579973343,0.5878216449339543,0.768790652539845,0.0,0.6083916083916084,0.6918208373904577,False
1454,Cytotoxic CD4,Exhausted CD4,Fatty acid,-10.978709,-0.5257848134782329,0.7004811363436247,0.7823047154025067,324.71793,0.07492507492507493,0.15054842641049537,False
1455,Cytotoxic CD4,Exhausted CD4,Folic acid,119.59015,3.1769507446509584,0.0007441615542338034,0.007227082481658018,27.601645,0.026973026973026972,0.0698125404007757,False
1456,Cytotoxic CD4,Exhausted CD4,Folinic acid,-14.110381,-0.6044223195964658,0.7272185498225167,0.7940659374106588,0.0,0.17082917082917082,0.27261857313670784,False
1457,Cytotoxic CD4,Exhausted CD4,Fusidic Acid,-0.2823093,-0.027040326211304623,0.5107862149427778,0.768790652539845,0.0,0.005994005994005994,0.02205303229194014,False
1458,Cytotoxic CD4,Exhausted CD4,GABA,-0.15140156,-0.010254207846665577,0.5040907653721031,0.768790652539845,0.0,0.000999000999000999,0.005797701625427063,False
1459,Cytotoxic CD4,Exhausted CD4,Glucosamine,15.483059,1.0486450712128348,0.1471707518787903,0.640363554088137,14.905043,0.26973026973026976,0.38325167937774635,False
1460,Cytotoxic CD4,Exhausted CD4,Glutathione,-18.385624,-0.5870077957383428,0.7214007644883061,0.7909994841872946,30.49711,0.4385614385614386,0.5529464687359424,False
1461,Cytotoxic CD4,Exhausted CD4,Glycerol,0.5434657,0.05205457075993483,0.47924260556910653,0.768790652539845,0.0,0.003996003996003996,0.01628617129562309,False
1462,Cytotoxic CD4,Exhausted CD4,Glycochenodeoxycholate-3-sulfate,-3.440052,-0.16474861296144425,0.5654290739358545,0.768790652539845,0.0,0.04695304695304695,0.10821033589606545,False
1463,Cytotoxic CD4,Exhausted CD4,Glycyl-glycine,0.0,0.0,0.5,0.768790652539845,0.0,0.000999000999000999,0.005797701625427063,False
1464,Cytotoxic CD4,Exhausted CD4,Guanosine,-4.0134625,-0.38441999189029125,0.6496664073102012,0.7723792249803293,0.0,0.6083916083916084,0.6918208373904577,False
1465,Cytotoxic CD4,Exhausted CD4,Heme,-1.9483021,-0.13195567206085065,0.5524903231815452,0.768790652539845,0.0,0.6973026973026973,0.7619790245233733,False
1466,Cytotoxic CD4,Exhausted CD4,Histamine,-1.0569576,-0.10123817740397062,0.5403193043993808,0.768790652539845,0.0,0.013986013986013986,0.04176432985297251,False
1467,Cytotoxic CD4,Exhausted CD4,Hydroxycelecoxib,-3.7562468,-0.35978319237899514,0.6404953633860677,0.7719104793751966,0.0,0.03196803196803197,0.08089563019140483,False
1468,Cytotoxic CD4,Exhausted CD4,Hydroxylansoprazole,1.7450986,0.0965041725863372,0.4615600800755406,0.768790652539845,0.0,0.04595404595404595,0.1078094919226584,False
1469,Cytotoxic CD4,Exhausted CD4,Hyodeoxycholic acid,-3.440052,-0.16474861296144425,0.5654290739358545,0.768790652539845,0.0,0.04695304695304695,0.10821033589606545,False
1470,Cytotoxic CD4,Exhausted CD4,Inosine,-4.0134625,-0.38441999189029125,0.6496664073102012,0.7723792249803293,0.0,0.6083916083916084,0.6918208373904577,False
1471,Cytotoxic CD4,Exhausted CD4,Iron,-8.749989,-0.2419377363992211,0.5955857954272776,0.768790652539845,315.52386,0.25874125874125875,0.37140223292020896,False
1472,Cytotoxic CD4,Exhausted CD4,Isoursodeoxycholic acid,-3.440052,-0.16474861296144425,0.5654290739358545,0.768790652539845,0.0,0.04695304695304695,0.10821033589606545,False
1473,Cytotoxic CD4,Exhausted CD4,Ketone bodies,-2.0902262,-0.2002073570940586,0.5793407932338559,0.768790652539845,0.0,0.01998001998001998,0.05547575412353262,False
1474,Cytotoxic CD4,Exhausted CD4,L-Alanine,6.7153788,0.6432166292780858,0.2600417722225099,0.768790652539845,18.891039,0.23176823176823177,0.3442592543522616,False
1475,Cytotoxic CD4,Exhausted CD4,L-Arginine,35.492706,1.9627511432166815,0.024837548645178113,0.16734298399688755,12.427851,0.14585414585414586,0.2431090363057893,False
1476,Cytotoxic CD4,Exhausted CD4,L-Asparagine,6.7153788,0.6432166292780858,0.2600417722225099,0.768790652539845,18.891039,0.23176823176823177,0.3442592543522616,False
1477,Cytotoxic CD4,Exhausted CD4,L-Aspartate,-7.0394874,-0.4767742446482579,0.6832385561817637,0.7782149353655358,0.0,0.07792207792207792,0.15498154981549817,False
1478,Cytotoxic CD4,Exhausted CD4,L-Carnitine,-9.92597,-0.3593442439885484,0.6403312101643166,0.7719104793751966,0.0,0.053946053946053944,0.12021466905187836,False
1479,Cytotoxic CD4,Exhausted CD4,L-Cysteine,-14.578047,-0.5700467394127278,0.715677001213773,0.7872447013351503,40.83226,0.44255744255744256,0.5563579277864993,False
1480,Cytotoxic CD4,Exhausted CD4,L-Cystine,53.16848,2.079052086751045,0.018806281634715812,0.13143061006303822,36.325222,0.12287712287712288,0.21503496503496505,False
1481,Cytotoxic CD4,Exhausted CD4,L-Dopa,0.0,0.0,0.5,0.768790652539845,0.0,0.000999000999000999,0.005797701625427063,False
1482,Cytotoxic CD4,Exhausted CD4,L-Glutamate,35.044563,0.7700707061885628,0.22062897582885582,0.768790652539845,86.51507,0.11588411588411589,0.20521244669088612,False
1483,Cytotoxic CD4,Exhausted CD4,L-Glutamine,48.75655,1.2481181514355446,0.10599389596560749,0.4951740838609962,339.56982,0.08191808191808192,0.16114542391914655,False
1484,Cytotoxic CD4,Exhausted CD4,L-Histidine,35.492706,3.3995847026651904,0.0003374413644581895,0.003423640384808737,12.427851,0.14585414585414586,0.2431090363057893,False
1485,Cytotoxic CD4,Exhausted CD4,L-Isoleucine,-3.8841312,-0.3720322952057009,0.6450655978533274,0.7723792249803293,8.470318,0.5614385614385614,0.6523640735443483,False
1486,Cytotoxic CD4,Exhausted CD4,L-Lactate,-1.2094281,-0.08191280498532365,0.5326419741229319,0.768790652539845,0.0,0.06593406593406594,0.14032956184979878,False
1487,Cytotoxic CD4,Exhausted CD4,L-Leucine,60.4094,1.8297479953628832,0.03364381520946134,0.21271573487272327,146.77562,0.15884115884115885,0.2593423237118807,False
1488,Cytotoxic CD4,Exhausted CD4,L-Lysine,0.0,0.0,0.5,0.768790652539845,0.0,0.000999000999000999,0.005797701625427063,False
1489,Cytotoxic CD4,Exhausted CD4,L-Methionine,38.068493,2.105192467154341,0.0176372788565803,0.12366170151150284,27.737782,0.25374625374625376,0.3660601693388579,False
1490,Cytotoxic CD4,Exhausted CD4,L-Ornithine,0.0,0.0,0.5,0.768790652539845,0.0,0.000999000999000999,0.005797701625427063,False
1491,Cytotoxic CD4,Exhausted CD4,L-Phenylalanine,38.068493,2.105192467154341,0.0176372788565803,0.12366170151150284,27.737782,0.25374625374625376,0.3660601693388579,False
1492,Cytotoxic CD4,Exhausted CD4,L-Serine,11.308069,0.6253376572688459,0.2658747348056101,0.768790652539845,65.20984,0.25374625374625376,0.3660601693388579,False
1493,Cytotoxic CD4,Exhausted CD4,L-Threonine,6.7153788,0.6432166292780858,0.2600417722225099,0.768790652539845,18.891039,0.23176823176823177,0.3442592543522616,False
1494,Cytotoxic CD4,Exhausted CD4,L-Tyrosine,35.492706,3.3995847026651904,0.0003374413644581895,0.003423640384808737,12.427851,0.14585414585414586,0.2431090363057893,False
1495,Cytotoxic CD4,Exhausted CD4,L-Valine,-3.8841312,-0.3720322952057009,0.6450655978533274,0.7723792249803293,8.470318,0.5614385614385614,0.6523640735443483,False
1496,Cytotoxic CD4,Exhausted CD4,Leukotriene C4,3.7901535,0.3630308650596765,0.3582909139649161,0.768790652539845,22.994614,0.2977022977022977,0.41215999999999997,False
1497,Cytotoxic CD4,Exhausted CD4,Lithocholic acid,-3.440052,-0.16474861296144425,0.5654290739358545,0.768790652539845,0.0,0.04695304695304695,0.10821033589606545,False
1498,Cytotoxic CD4,Exhausted CD4,Malic acid,-7.0394874,-0.6742606029717543,0.7499271767535076,0.8047998970037643,0.0,0.07792207792207792,0.15498154981549817,False
1499,Cytotoxic CD4,Exhausted CD4,Manganese,-2.689105,-0.18212917438321152,0.5722593231139091,0.768790652539845,0.0,0.34465534465534464,0.4608228980322004,False
1500,Cytotoxic CD4,Exhausted CD4,N-Desmethylcitalopram,1.495984,0.1013208185524084,0.45964789521015387,0.768790652539845,0.0,0.008991008991008992,0.029914529914529916,False
1501,Cytotoxic CD4,Exhausted CD4,N-Desmethyleletriptan,0.5434657,0.05205457075993483,0.47924260556910653,0.768790652539845,0.0,0.003996003996003996,0.01628617129562309,False
1502,Cytotoxic CD4,Exhausted CD4,N-Desmethyltamoxifen,1.7450986,0.0965041725863372,0.4615600800755406,0.768790652539845,0.0,0.04595404595404595,0.1078094919226584,False
1503,Cytotoxic CD4,Exhausted CD4,N-desmethylimatinib,1.9727299,0.07713984424183258,0.4692561481473758,0.768790652539845,0.0,0.04695304695304695,0.10821033589606545,False
1504,Cytotoxic CD4,Exhausted CD4,Neurotransmitter,0.09882791,0.0042333226951930415,0.4983111536346146,0.768790652539845,0.0,0.004995004995004995,0.01947419668938656,False
1505,Cytotoxic CD4,Exhausted CD4,Nicotinate,-13.1982,-0.6320791546955892,0.7363324221946739,0.7973544461334591,45.088852,0.5474525474525475,0.6409490590864471,False
1506,Cytotoxic CD4,Exhausted CD4,Norepinephrine,-1.0569576,-0.05061908870198531,0.5201854741304479,0.768790652539845,0.0,0.013986013986013986,0.04176432985297251,False
1507,Cytotoxic CD4,Exhausted CD4,O-Deethylated candesartan,0.5434657,0.05205457075993483,0.47924260556910653,0.768790652539845,0.0,0.003996003996003996,0.01628617129562309,False
1508,Cytotoxic CD4,Exhausted CD4,O-Desmethylverapamil (D-702),-32.129066,-0.5714600292494738,0.7161560762231924,0.7873699644758811,30.49711,0.5164835164835165,0.6128445027729563,False
1509,Cytotoxic CD4,Exhausted CD4,Oxalic acid,3.3270185,0.3186705770117821,0.374988164219785,0.768790652539845,25.597948,0.7532467532467533,0.8134234911094416,False
1510,Cytotoxic CD4,Exhausted CD4,Phosphate,-13.9478445,-0.5974600156968903,0.7248998526309537,0.7924391790824568,0.0,0.25274725274725274,0.36498531609047347,False
1511,Cytotoxic CD4,Exhausted CD4,Potassium,0.0,0.0,0.5,0.768790652539845,0.0,0.000999000999000999,0.005797701625427063,False
1512,Cytotoxic CD4,Exhausted CD4,Progesterone,4.731857,0.1713047187763711,0.4319920851313977,0.768790652539845,22.994614,0.2987012987012987,0.41215999999999997,False
1513,Cytotoxic CD4,Exhausted CD4,Prostaglandins,0.15729119,0.008698222618097594,0.4965299549900856,0.768790652539845,0.0,0.000999000999000999,0.005797701625427063,False
1514,Cytotoxic CD4,Exhausted CD4,Putrescine,-1.1216567,-0.10743522283641307,0.5427781437892847,0.768790652539845,0.0,0.014985014985014986,0.044166359955833644,False
1515,Cytotoxic CD4,Exhausted CD4,Pyruvate,-2.0902262,-0.2002073570940586,0.5793407932338559,0.768790652539845,0.0,0.01998001998001998,0.05547575412353262,False
1516,Cytotoxic CD4,Exhausted CD4,Serotonin,0.9525183,0.052674381484041174,0.4789956756472028,0.768790652539845,0.0,0.005994005994005994,0.02205303229194014,False
1517,Cytotoxic CD4,Exhausted CD4,Sodium,28.62444,0.4702017920529958,0.31910542696954086,0.768790652539845,92.59396,0.6763236763236763,0.744525834135229,False
1518,Cytotoxic CD4,Exhausted CD4,Sodium_calcium_potassium exchange,1.1441387,0.0774908503232292,0.4691165348862629,0.768790652539845,0.0,0.027972027972027972,0.07192330627035456,False
1519,Cytotoxic CD4,Exhausted CD4,Sodium_hydrogen exchange,-10.986354,-0.6075467574895488,0.7282559388145078,0.7949973691564957,0.0,0.2977022977022977,0.41215999999999997,False
1520,Cytotoxic CD4,Exhausted CD4,Spermine,-1.1216567,-0.06202775482505052,0.5247296353011521,0.768790652539845,0.0,0.014985014985014986,0.044166359955833644,False
1521,Cytotoxic CD4,Exhausted CD4,Sulfolithocholic acid,-3.440052,-0.16474861296144425,0.5654290739358545,0.768790652539845,0.0,0.04695304695304695,0.10821033589606545,False
1522,Cytotoxic CD4,Exhausted CD4,Taurocholic acid,-28.42815,-0.5445845895949359,0.7069803720552619,0.7823047154025067,75.58597,0.5574425574425574,0.648945007476325,False
1523,Cytotoxic CD4,Exhausted CD4,Testosterone,0.79404813,0.028746472427497515,0.48853339601455076,0.768790652539845,0.0,0.060939060939060936,0.13197851871885022,False
1524,Cytotoxic CD4,Exhausted CD4,Thiamine,-1.8020866,-0.172608590579457,0.5685204505237672,0.768790652539845,0.0,0.001998001998001998,0.010183669758137844,False
1525,Cytotoxic CD4,Exhausted CD4,Thymidine,-4.0134625,-0.22194498579973343,0.5878216449339543,0.768790652539845,0.0,0.6083916083916084,0.6918208373904577,False
1526,Cytotoxic CD4,Exhausted CD4,Thyroxine,0.15729119,0.01506576351008981,0.4939898573110795,0.768790652539845,0.0,0.000999000999000999,0.005797701625427063,False
1527,Cytotoxic CD4,Exhausted CD4,Trihydroxycoprostanoic acid,-3.440052,-0.16474861296144425,0.5654290739358545,0.768790652539845,0.0,0.04695304695304695,0.10821033589606545,False
1528,Cytotoxic CD4,Exhausted CD4,Urea,-0.67334193,-0.037235893808279526,0.5148515403367578,0.768790652539845,0.0,0.000999000999000999,0.005797701625427063,False
1529,Cytotoxic CD4,Exhausted CD4,Uridine,-4.0134625,-0.38441999189029125,0.6496664073102012,0.7723792249803293,0.0,0.6083916083916084,0.6918208373904577,False
1530,Cytotoxic CD4,Exhausted CD4,Ursocholic acid,-3.440052,-0.16474861296144425,0.5654290739358545,0.768790652539845,0.0,0.04695304695304695,0.10821033589606545,False
1531,Cytotoxic CD4,Exhausted CD4,Ursodeoxycholic acid,-3.440052,-0.16474861296144425,0.5654290739358545,0.768790652539845,0.0,0.04695304695304695,0.10821033589606545,False
1532,Cytotoxic CD4,Exhausted CD4,Ursodeoxycholic acid 3-sulfate,-3.440052,-0.16474861296144425,0.5654290739358545,0.768790652539845,0.0,0.04695304695304695,0.10821033589606545,False
1533,Cytotoxic CD4,Exhausted CD4,Varanic acid,-3.440052,-0.16474861296144425,0.5654290739358545,0.768790652539845,0.0,0.04695304695304695,0.10821033589606545,False
1534,Cytotoxic CD4,Exhausted CD4,Vitamin C,0.0106412545,0.0010192473253128552,0.49959337921815067,0.768790652539845,0.0,0.2217782217782218,0.3359969865741114,False
1535,Cytotoxic CD4,Exhausted CD4,Vitamin D3,-1.0263928,-0.09831060195610654,0.539157170089214,0.768790652539845,29.176317,0.24175824175824176,0.3542173083457487,False
1536,Cytotoxic CD4,Exhausted CD4,Water,12.477129,0.3449934046781704,0.36504966450322984,0.768790652539845,9.001245,0.09290709290709291,0.17586276760991426,False
1537,Cytotoxic CD4,Exhausted CD4,Zinc,-3.6891594,-0.24986140221664324,0.5986527334107458,0.768790652539845,0.0,0.3246753246753247,0.4380475594493116,False
1538,Cytotoxic CD4,Exhausted CD4,alpha-Ketoisovaleric acid,-2.0902262,-0.2002073570940586,0.5793407932338559,0.768790652539845,0.0,0.01998001998001998,0.05547575412353262,False
1539,Cytotoxic CD4,Exhausted CD4,alpha-Tocopherol,0.21762024,0.020844238478633977,0.49168495409580953,0.768790652539845,0.0,0.3886113886113886,0.5065575295321365,False
1540,Cytotoxic CD4,Exhausted CD8,"(3a,5b,7a)-23-Carboxy-7-hydroxy-24-norcholan-3-yl-b-D-Glucopyranosiduronic acid",0.13282098,0.022136829793453217,0.49116940387032393,0.768790652539845,0.0,0.002997002997002997,0.01360323886639676,False
1541,Cytotoxic CD4,Exhausted CD8,17a-Ethynylestradiol,-0.22537869,-0.043374149527491745,0.5172983580042608,0.768790652539845,0.0,0.003996003996003996,0.01628617129562309,False
1542,Cytotoxic CD4,Exhausted CD8,"1b,3a,12a-Trihydroxy-5b-cholanoic acid",0.13282098,0.022136829793453217,0.49116940387032393,0.768790652539845,0.0,0.002997002997002997,0.01360323886639676,False
1543,Cytotoxic CD4,Exhausted CD8,2-Hydroxychlorpropamide,-0.29447278,-0.06940790076754867,0.5276675299075375,0.768790652539845,0.0,0.003996003996003996,0.01628617129562309,False
1544,Cytotoxic CD4,Exhausted CD8,25-Hydroxycholesterol,0.34488797,0.11496265729268391,0.45423736045348007,0.768790652539845,0.0,0.015984015984015984,0.04604079954781357,False
1545,Cytotoxic CD4,Exhausted CD8,"3',4'-Dihydrodiol",-0.2539984,-0.04233306646347046,0.5168834071607606,0.768790652539845,0.0,0.003996003996003996,0.01628617129562309,False
1546,Cytotoxic CD4,Exhausted CD8,3-Sulfodeoxycholic acid,0.13282098,0.022136829793453217,0.49116940387032393,0.768790652539845,0.0,0.002997002997002997,0.01360323886639676,False
1547,Cytotoxic CD4,Exhausted CD8,"3alpha,7alpha-Dihydroxycoprostanic acid",0.13282098,0.022136829793453217,0.49116940387032393,0.768790652539845,0.0,0.002997002997002997,0.01360323886639676,False
1548,Cytotoxic CD4,Exhausted CD8,3b-Hydroxy-5-cholenoic acid,0.13282098,0.022136829793453217,0.49116940387032393,0.768790652539845,0.0,0.002997002997002997,0.01360323886639676,False
1549,Cytotoxic CD4,Exhausted CD8,4'-Hydroxydiclofenac,-1.6107819,-0.24012118955291312,0.5948818460988294,0.768790652539845,0.0,0.15984015984015984,0.26057874072996945,False
1550,Cytotoxic CD4,Exhausted CD8,4-Hydroxycyclophosphamide,-0.29447278,-0.09815759460131328,0.5390964227982782,0.768790652539845,0.0,0.003996003996003996,0.01628617129562309,False
1551,Cytotoxic CD4,Exhausted CD8,4-Hydroxyvalsartan,0.014309854,0.0033728649918718977,0.4986544240999178,0.768790652539845,0.0,0.000999000999000999,0.005797701625427063,False
1552,Cytotoxic CD4,Exhausted CD8,4-ene-Valproic acid,-0.4990477,-0.11762667013153841,0.5468182640336555,0.768790652539845,0.0,0.003996003996003996,0.01628617129562309,False
1553,Cytotoxic CD4,Exhausted CD8,5-Hydroxyomeprazole,-0.12047821,-0.020079702138900757,0.5080101038859021,0.768790652539845,0.0,0.006993006993006993,0.024817980373535928,False
1554,Cytotoxic CD4,Exhausted CD8,5-Methyltetrahydrofolic acid,0.23934482,0.07978160679340363,0.468205476669373,0.768790652539845,0.0,0.005994005994005994,0.02205303229194014,False
1555,Cytotoxic CD4,Exhausted CD8,8-Hydroxycarvedilol,-0.29447278,-0.09815759460131328,0.5390964227982782,0.768790652539845,0.0,0.003996003996003996,0.01628617129562309,False
1556,Cytotoxic CD4,Exhausted CD8,ADP,0.24965444,0.05884411631413166,0.47653813478994145,0.768790652539845,0.0,0.012987012987012988,0.03929824561403509,False
1557,Cytotoxic CD4,Exhausted CD8,Acetate,-1.633517,-0.2722528378168742,0.6072861915524383,0.768790652539845,0.0,0.028971028971028972,0.07422642716760364,False
1558,Cytotoxic CD4,Exhausted CD8,Acetyl-L-Carnitine,-0.64351726,-0.2145057519276937,0.5849236590172323,0.768790652539845,0.0,0.002997002997002997,0.01360323886639676,False
1559,Cytotoxic CD4,Exhausted CD8,Acetylcholine,0.0,0.0,0.5,0.768790652539845,0.0,0.000999000999000999,0.005797701625427063,False
1560,Cytotoxic CD4,Exhausted CD8,Adenine,0.17736544,0.05912181238333384,0.47642754262911985,0.768790652539845,0.0,0.005994005994005994,0.02205303229194014,False
1561,Cytotoxic CD4,Exhausted CD8,Adenosine,9.129852,3.0432840983072915,0.0011700564671269858,0.011040007628559218,11.390364,0.006993006993006993,0.024817980373535928,True
1562,Cytotoxic CD4,Exhausted CD8,Adenosine diphosphate ribose,-1.7616882,-0.5872294108072916,0.7214751788749141,0.7909994841872946,0.0,0.15884115884115885,0.2593423237118807,False
1563,Cytotoxic CD4,Exhausted CD8,Adenosine triphosphate,0.20502317,0.03417052825291952,0.4863705839290177,0.768790652539845,23.177626,0.35064935064935066,0.46537396121883656,False
1564,Cytotoxic CD4,Exhausted CD8,Adenosylcobalamin,0.04956647,0.016522156695524853,0.49340891300641526,0.768790652539845,0.0,0.000999000999000999,0.005797701625427063,False
1565,Cytotoxic CD4,Exhausted CD8,Amiloride-sensitive sodium transport,0.2854845,0.054941516251763765,0.4780925283120873,0.768790652539845,0.0,0.005994005994005994,0.02205303229194014,False
1566,Cytotoxic CD4,Exhausted CD8,Anion exchange,0.24381426,0.08127141992251079,0.46761305119135327,0.768790652539845,0.0,0.00999000999000999,0.03256003256003256,False
1567,Cytotoxic CD4,Exhausted CD8,Betaine,0.0,0.0,0.5,0.768790652539845,0.0,0.000999000999000999,0.005797701625427063,False
1568,Cytotoxic CD4,Exhausted CD8,Bilirubin,0.054784235,0.012912767932364823,0.4948486940695932,0.768790652539845,0.0,0.000999000999000999,0.005797701625427063,False
1569,Cytotoxic CD4,Exhausted CD8,Butyrate,0.14446954,0.04815651476383209,0.4807957530718455,0.768790652539845,0.0,0.001998001998001998,0.010183669758137844,False
1570,Cytotoxic CD4,Exhausted CD8,Cadmium,-5.9651537,-1.9883845647176106,0.9766154127160561,0.9797965704121997,0.0,0.022977022977022976,0.061196370028982754,False
1571,Cytotoxic CD4,Exhausted CD8,Calcidiol,0.04956647,0.011682929039232343,0.49533929167155377,0.768790652539845,0.0,0.000999000999000999,0.005797701625427063,False
1572,Cytotoxic CD4,Exhausted CD8,Calcium,0.04956647,0.016522156695524853,0.49340891300641526,0.768790652539845,0.0,0.000999000999000999,0.005797701625427063,False
1573,Cytotoxic CD4,Exhausted CD8,Calcium release-activated calcium transport,6.689623,1.2874185233280266,0.09897422572412706,0.47262110888420367,9.373454,0.06293706293706294,0.13542146476278213,False
1574,Cytotoxic CD4,Exhausted CD8,Chenodeoxycholic acid,0.13282098,0.022136829793453217,0.49116940387032393,0.768790652539845,0.0,0.002997002997002997,0.01360323886639676,False
1575,Cytotoxic CD4,Exhausted CD8,Chenodeoxycholic acid 3-sulfate,0.13282098,0.022136829793453217,0.49116940387032393,0.768790652539845,0.0,0.002997002997002997,0.01360323886639676,False
1576,Cytotoxic CD4,Exhausted CD8,Chloride,-3.3178484,-0.45150198509168604,0.6741861026723937,0.7782149353655358,0.0,0.030969030969030968,0.07873730043541365,False
1577,Cytotoxic CD4,Exhausted CD8,Chloride ion,-5.991504,-0.9985840320587158,0.8410018807085333,0.8673523342777316,0.0,0.08291708291708291,0.16222253245846713,False
1578,Cytotoxic CD4,Exhausted CD8,Chloride_bicarbonate anion exchange,0.0,0.0,0.5,0.768790652539845,0.0,0.000999000999000999,0.005797701625427063,False
1579,Cytotoxic CD4,Exhausted CD8,Cholesterol,0.074534945,0.011111013609597035,0.49556743809658044,0.768790652539845,0.0,0.016983016983016984,0.04865831842576029,False
1580,Cytotoxic CD4,Exhausted CD8,Cholic acid,-1.6860309,-0.14511043244966926,0.5576881592144499,0.768790652539845,0.0,0.1798201798201798,0.282780676653762,False
1581,Cytotoxic CD4,Exhausted CD8,Choline,-0.62329775,-0.09291574275644135,0.5370147505291327,0.768790652539845,0.0,0.002997002997002997,0.01360323886639676,False
1582,Cytotoxic CD4,Exhausted CD8,Citric acid,-0.7026355,-0.23421184221903482,0.592589739042143,0.768790652539845,0.0,0.02097902097902098,0.057435897435897436,False
1583,Cytotoxic CD4,Exhausted CD8,Cobalamin,0.04956647,0.016522156695524853,0.49340891300641526,0.768790652539845,0.0,0.000999000999000999,0.005797701625427063,False
1584,Cytotoxic CD4,Exhausted CD8,Coprocholic acid,0.13282098,0.022136829793453217,0.49116940387032393,0.768790652539845,0.0,0.002997002997002997,0.01360323886639676,False
1585,Cytotoxic CD4,Exhausted CD8,Cortisol,-0.21875215,-0.04209887008150268,0.516790059540865,0.768790652539845,0.0,0.004995004995004995,0.01947419668938656,False
1586,Cytotoxic CD4,Exhausted CD8,Creatine,-0.64351726,-0.2145057519276937,0.5849236590172323,0.768790652539845,0.0,0.002997002997002997,0.01360323886639676,False
1587,Cytotoxic CD4,Exhausted CD8,Cyclic AMP,0.09050347,0.030167823036511738,0.48796660517126544,0.768790652539845,0.0,0.000999000999000999,0.005797701625427063,False
1588,Cytotoxic CD4,Exhausted CD8,Cytidine,9.129852,3.0432840983072915,0.0011700564671269858,0.011040007628559218,11.390364,0.006993006993006993,0.024817980373535928,True
1589,Cytotoxic CD4,Exhausted CD8,D-Aspartate,0.042929564,0.010118595195130529,0.49596333344151583,0.768790652539845,0.0,0.000999000999000999,0.005797701625427063,False
1590,Cytotoxic CD4,Exhausted CD8,D-Galactose,-1.5609475,-0.36791886292922193,0.6435331326580402,0.7719104793751966,0.0,0.17182817182817184,0.2727993655828707,False
1591,Cytotoxic CD4,Exhausted CD8,D-Glucose,-1.2191399,-0.1659039312409204,0.5658837231556965,0.768790652539845,0.0,0.1798201798201798,0.282780676653762,False
1592,Cytotoxic CD4,Exhausted CD8,D-Lactate,0.14446954,0.04815651476383209,0.4807957530718455,0.768790652539845,0.0,0.001998001998001998,0.010183669758137844,False
1593,Cytotoxic CD4,Exhausted CD8,D-Maltose,-0.8195138,-0.27317126592000324,0.6076392166413599,0.768790652539845,0.0,0.12487512487512488,0.21782424695046054,False
1594,Cytotoxic CD4,Exhausted CD8,D-Mannose,-1.5609475,-0.36791886292922193,0.6435331326580402,0.7719104793751966,0.0,0.17182817182817184,0.2727993655828707,False
1595,Cytotoxic CD4,Exhausted CD8,D-Xylose,-0.8195138,-0.27317126592000324,0.6076392166413599,0.768790652539845,0.0,0.12487512487512488,0.21782424695046054,False
1596,Cytotoxic CD4,Exhausted CD8,Dehydroascorbic acid,-1.5609475,-0.3004044936405264,0.6180656817709318,0.768790652539845,0.0,0.17182817182817184,0.2727993655828707,False
1597,Cytotoxic CD4,Exhausted CD8,Dehydroepiandrosterone,0.014309854,0.0033728649918718977,0.4986544240999178,0.768790652539845,0.0,0.000999000999000999,0.005797701625427063,False
1598,Cytotoxic CD4,Exhausted CD8,Deoxycholic acid,0.13282098,0.022136829793453217,0.49116940387032393,0.768790652539845,0.0,0.002997002997002997,0.01360323886639676,False
1599,Cytotoxic CD4,Exhausted CD8,Digoxin,0.014309854,0.004769951415558656,0.49809707192091746,0.768790652539845,0.0,0.000999000999000999,0.005797701625427063,False
1600,Cytotoxic CD4,Exhausted CD8,Docosahexaenoic acid,-1.5609475,-0.3004044936405264,0.6180656817709318,0.768790652539845,0.0,0.17182817182817184,0.2727993655828707,False
1601,Cytotoxic CD4,Exhausted CD8,Dopamine,-0.58627784,-0.07978230898210421,0.5317948025732606,0.768790652539845,0.0,0.002997002997002997,0.01360323886639676,False
1602,Cytotoxic CD4,Exhausted CD8,E-3179,-0.29447278,-0.09815759460131328,0.5390964227982782,0.768790652539845,0.0,0.003996003996003996,0.01628617129562309,False
1603,Cytotoxic CD4,Exhausted CD8,Estradiol,-0.87845814,-0.09259761862422965,0.5368883821581052,0.768790652539845,0.0,0.023976023976023976,0.06338725652030373,False
1604,Cytotoxic CD4,Exhausted CD8,Estriol,-0.29447278,-0.09815759460131328,0.5390964227982782,0.768790652539845,0.0,0.003996003996003996,0.01628617129562309,False
1605,Cytotoxic CD4,Exhausted CD8,Estrone,0.014309854,0.004769951415558656,0.49809707192091746,0.768790652539845,0.0,0.000999000999000999,0.005797701625427063,False
1606,Cytotoxic CD4,Exhausted CD8,Estrone sulfate,0.014309854,0.004769951415558656,0.49809707192091746,0.768790652539845,0.0,0.000999000999000999,0.005797701625427063,False
1607,Cytotoxic CD4,Exhausted CD8,Ethanol,9.129852,1.7570408933782222,0.03945541959646371,0.23467204073030495,11.390364,0.006993006993006993,0.024817980373535928,True
1608,Cytotoxic CD4,Exhausted CD8,Fatty acid,-0.97124505,-0.1618741750717163,0.5642975300572118,0.768790652539845,0.0,0.22477522477522477,0.3379465722561957,False
1609,Cytotoxic CD4,Exhausted CD8,Folic acid,-0.46448606,-0.04294175167124102,0.5171260167956674,0.768790652539845,0.0,0.013986013986013986,0.04176432985297251,False
1610,Cytotoxic CD4,Exhausted CD8,Folinic acid,0.43222773,0.06443270584798641,0.4743128443112081,0.768790652539845,0.0,0.005994005994005994,0.02205303229194014,False
1611,Cytotoxic CD4,Exhausted CD8,Fusidic Acid,0.04047438,0.013491460432608923,0.4946178492856324,0.768790652539845,0.0,0.000999000999000999,0.005797701625427063,False
1612,Cytotoxic CD4,Exhausted CD8,GABA,0.0,0.0,0.5,0.768790652539845,0.0,0.000999000999000999,0.005797701625427063,False
1613,Cytotoxic CD4,Exhausted CD8,Glucosamine,-0.74143374,-0.174757608371874,0.5693649503636535,0.768790652539845,0.0,0.04995004995004995,0.11336032388663968,False
1614,Cytotoxic CD4,Exhausted CD8,Glutathione,-1.4833446,-0.16481606165568033,0.5654556192192162,0.768790652539845,0.0,0.17682317682317683,0.27898336570125815,False
1615,Cytotoxic CD4,Exhausted CD8,Glycerol,-0.29447278,-0.09815759460131328,0.5390964227982782,0.768790652539845,0.0,0.003996003996003996,0.01628617129562309,False
1616,Cytotoxic CD4,Exhausted CD8,Glycochenodeoxycholate-3-sulfate,0.13282098,0.022136829793453217,0.49116940387032393,0.768790652539845,0.0,0.002997002997002997,0.01360323886639676,False
1617,Cytotoxic CD4,Exhausted CD8,Glycyl-glycine,0.0,0.0,0.5,0.768790652539845,0.0,0.000999000999000999,0.005797701625427063,False
1618,Cytotoxic CD4,Exhausted CD8,Guanosine,9.129852,3.0432840983072915,0.0011700564671269858,0.011040007628559218,11.390364,0.006993006993006993,0.024817980373535928,True
1619,Cytotoxic CD4,Exhausted CD8,Heme,0.3510114,0.08273417933318797,0.4670314534243159,0.768790652539845,0.0,0.015984015984015984,0.04604079954781357,False
1620,Cytotoxic CD4,Exhausted CD8,Histamine,-0.64351726,-0.2145057519276937,0.5849236590172323,0.768790652539845,0.0,0.002997002997002997,0.01360323886639676,False
1621,Cytotoxic CD4,Exhausted CD8,Hydroxycelecoxib,0.09050347,0.030167823036511738,0.48796660517126544,0.768790652539845,0.0,0.000999000999000999,0.005797701625427063,False
1622,Cytotoxic CD4,Exhausted CD8,Hydroxylansoprazole,-0.21875215,-0.04209887008150268,0.516790059540865,0.768790652539845,0.0,0.004995004995004995,0.01947419668938656,False
1623,Cytotoxic CD4,Exhausted CD8,Hyodeoxycholic acid,0.13282098,0.022136829793453217,0.49116940387032393,0.768790652539845,0.0,0.002997002997002997,0.01360323886639676,False
1624,Cytotoxic CD4,Exhausted CD8,Inosine,9.129852,3.0432840983072915,0.0011700564671269858,0.011040007628559218,11.390364,0.006993006993006993,0.024817980373535928,True
1625,Cytotoxic CD4,Exhausted CD8,Iron,1.0890727,0.10479606983390767,0.45826881434836586,0.768790652539845,0.0,0.6093906093906094,0.6925915413000283,False
1626,Cytotoxic CD4,Exhausted CD8,Isoursodeoxycholic acid,0.13282098,0.022136829793453217,0.49116940387032393,0.768790652539845,0.0,0.002997002997002997,0.01360323886639676,False
1627,Cytotoxic CD4,Exhausted CD8,Ketone bodies,0.14446954,0.04815651476383209,0.4807957530718455,0.768790652539845,0.0,0.001998001998001998,0.010183669758137844,False
1628,Cytotoxic CD4,Exhausted CD8,L-Alanine,-1.0411614,-0.3470538059870402,0.63572455172275,0.7708390086288449,0.0,0.09490509490509491,0.17846958972122515,False
1629,Cytotoxic CD4,Exhausted CD8,L-Arginine,0.8844731,0.1702169246495521,0.4324197710014571,0.768790652539845,10.655297,0.0999000999000999,0.18448361060780763,False
1630,Cytotoxic CD4,Exhausted CD8,L-Asparagine,-1.0411614,-0.3470538059870402,0.63572455172275,0.7708390086288449,0.0,0.09490509490509491,0.17846958972122515,False
1631,Cytotoxic CD4,Exhausted CD8,L-Aspartate,0.042929564,0.010118595195130529,0.49596333344151583,0.768790652539845,0.0,0.000999000999000999,0.005797701625427063,False
1632,Cytotoxic CD4,Exhausted CD8,L-Carnitine,-1.6045587,-0.20215539527761223,0.5801023787209149,0.768790652539845,0.0,0.006993006993006993,0.024817980373535928,False
1633,Cytotoxic CD4,Exhausted CD8,L-Cysteine,-1.2133822,-0.16512040894571903,0.5655753952578793,0.768790652539845,0.0,0.11388611388611389,0.20292434837889387,False
1634,Cytotoxic CD4,Exhausted CD8,L-Cystine,-0.384001,-0.05225591546781853,0.5208376101732384,0.768790652539845,0.0,0.04995004995004995,0.11336032388663968,False
1635,Cytotoxic CD4,Exhausted CD8,L-Dopa,0.0,0.0,0.5,0.768790652539845,0.0,0.000999000999000999,0.005797701625427063,False
1636,Cytotoxic CD4,Exhausted CD8,L-Glutamate,-2.7191653,-0.20793976952935536,0.5823620018971061,0.768790652539845,0.0,0.1888111888111888,0.2938122865946756,False
1637,Cytotoxic CD4,Exhausted CD8,L-Glutamine,2.4231606,0.21587229958074503,0.414543644872869,0.768790652539845,21.310595,0.11588411588411589,0.20521244669088612,False
1638,Cytotoxic CD4,Exhausted CD8,L-Histidine,0.8844731,0.29482436180114746,0.3840640275763842,0.768790652539845,10.655297,0.0999000999000999,0.18448361060780763,False
1639,Cytotoxic CD4,Exhausted CD8,L-Isoleucine,-0.08574873,-0.028582910696665447,0.5114013790976314,0.768790652539845,0.0,0.008991008991008992,0.029914529914529916,False
1640,Cytotoxic CD4,Exhausted CD8,L-Lactate,-0.69542027,-0.16391212843195968,0.5650998404347006,0.768790652539845,0.0,0.007992007992007992,0.027437530622243994,False
1641,Cytotoxic CD4,Exhausted CD8,L-Leucine,0.30165362,0.03179708383196082,0.48731693611352084,0.768790652539845,21.310595,0.11488511488511488,0.2038619816397594,False
1642,Cytotoxic CD4,Exhausted CD8,L-Lysine,0.0,0.0,0.5,0.768790652539845,0.0,0.000999000999000999,0.005797701625427063,False
1643,Cytotoxic CD4,Exhausted CD8,L-Methionine,-1.4712689,-0.2831458303376398,0.6114674745574458,0.768790652539845,10.655297,0.12487512487512488,0.21782424695046054,False
1644,Cytotoxic CD4,Exhausted CD8,L-Ornithine,0.0,0.0,0.5,0.768790652539845,0.0,0.000999000999000999,0.005797701625427063,False
1645,Cytotoxic CD4,Exhausted CD8,L-Phenylalanine,-1.4712689,-0.2831458303376398,0.6114674745574458,0.768790652539845,10.655297,0.12487512487512488,0.21782424695046054,False
1646,Cytotoxic CD4,Exhausted CD8,L-Serine,-2.8356385,-0.5457188882124336,0.7073704068688116,0.7823047154025067,0.0,0.17882117882117882,0.2818263607737292,False
1647,Cytotoxic CD4,Exhausted CD8,L-Threonine,-1.0411614,-0.3470538059870402,0.63572455172275,0.7708390086288449,0.0,0.09490509490509491,0.17846958972122515,False
1648,Cytotoxic CD4,Exhausted CD8,L-Tyrosine,0.8844731,0.29482436180114746,0.3840640275763842,0.768790652539845,10.655297,0.0999000999000999,0.18448361060780763,False
1649,Cytotoxic CD4,Exhausted CD8,L-Valine,-0.08574873,-0.028582910696665447,0.5114013790976314,0.768790652539845,0.0,0.008991008991008992,0.029914529914529916,False
1650,Cytotoxic CD4,Exhausted CD8,Leukotriene C4,-1.1534235,-0.384474515914917,0.6496866097432383,0.7723792249803293,0.0,0.15084915084915085,0.24883761991642633,False
1651,Cytotoxic CD4,Exhausted CD8,Lithocholic acid,0.13282098,0.022136829793453217,0.49116940387032393,0.768790652539845,0.0,0.002997002997002997,0.01360323886639676,False
1652,Cytotoxic CD4,Exhausted CD8,Malic acid,0.042929564,0.014309854557116827,0.49429138881866447,0.768790652539845,0.0,0.000999000999000999,0.005797701625427063,False
1653,Cytotoxic CD4,Exhausted CD8,Manganese,-5.9449167,-1.4012303099830112,0.9194273933607546,0.9291237216244608,0.0,0.022977022977022976,0.061196370028982754,False
1654,Cytotoxic CD4,Exhausted CD8,N-Desmethylcitalopram,-0.22436911,-0.052884306078074934,0.5210879555836901,0.768790652539845,0.0,0.004995004995004995,0.01947419668938656,False
1655,Cytotoxic CD4,Exhausted CD8,N-Desmethyleletriptan,-0.29447278,-0.09815759460131328,0.5390964227982782,0.768790652539845,0.0,0.003996003996003996,0.01628617129562309,False
1656,Cytotoxic CD4,Exhausted CD8,N-Desmethyltamoxifen,-0.21875215,-0.04209887008150268,0.516790059540865,0.768790652539845,0.0,0.004995004995004995,0.01947419668938656,False
1657,Cytotoxic CD4,Exhausted CD8,N-desmethylimatinib,-0.21875215,-0.02976839651492201,0.5118741182406424,0.768790652539845,0.0,0.004995004995004995,0.01947419668938656,False
1658,Cytotoxic CD4,Exhausted CD8,Neurotransmitter,0.02023719,0.003016782264306227,0.4987964798295379,0.768790652539845,0.0,0.001998001998001998,0.010183669758137844,False
1659,Cytotoxic CD4,Exhausted CD8,Nicotinate,-1.4371445,-0.2395240863164266,0.5946503891181077,0.768790652539845,0.0,0.024975024975024976,0.06574621959237344,False
1660,Cytotoxic CD4,Exhausted CD8,Norepinephrine,-0.64351726,-0.10725287596384685,0.5427058158232855,0.768790652539845,0.0,0.002997002997002997,0.01360323886639676,False
1661,Cytotoxic CD4,Exhausted CD8,O-Deethylated candesartan,-0.29447278,-0.09815759460131328,0.5390964227982782,0.768790652539845,0.0,0.003996003996003996,0.01628617129562309,False
1662,Cytotoxic CD4,Exhausted CD8,O-Desmethylverapamil (D-702),-8.637891,-0.5346720187214453,0.703561663212632,0.7823047154025067,0.0,0.1958041958041958,0.30261924455472844,False
1663,Cytotoxic CD4,Exhausted CD8,Oxalic acid,-0.7026355,-0.23421184221903482,0.592589739042143,0.768790652539845,0.0,0.02097902097902098,0.057435897435897436,False
1664,Cytotoxic CD4,Exhausted CD8,Phosphate,-0.65454316,-0.09757353353870678,0.5388645293120812,0.768790652539845,0.0,0.01998001998001998,0.05547575412353262,False
1665,Cytotoxic CD4,Exhausted CD8,Potassium,0.0,0.0,0.5,0.768790652539845,0.0,0.000999000999000999,0.005797701625427063,False
1666,Cytotoxic CD4,Exhausted CD8,Progesterone,-1.4192766,-0.17881204344240711,0.57095735580153,0.768790652539845,0.0,0.15384615384615385,0.2530070996890219,False
1667,Cytotoxic CD4,Exhausted CD8,Prostaglandins,0.014309854,0.0027539327337942265,0.49890134118383955,0.768790652539845,0.0,0.000999000999000999,0.005797701625427063,False
1668,Cytotoxic CD4,Exhausted CD8,Putrescine,0.060228582,0.020076194157203037,0.491991295314262,0.768790652539845,0.0,0.000999000999000999,0.005797701625427063,False
1669,Cytotoxic CD4,Exhausted CD8,Pyruvate,0.14446954,0.04815651476383209,0.4807957530718455,0.768790652539845,0.0,0.001998001998001998,0.010183669758137844,False
1670,Cytotoxic CD4,Exhausted CD8,Serotonin,0.07010368,0.013491460002455739,0.49461784945722304,0.768790652539845,0.0,0.001998001998001998,0.010183669758137844,False
1671,Cytotoxic CD4,Exhausted CD8,Sodium,-9.57788,-0.5475309508308445,0.7079929936419143,0.7823047154025067,11.390364,0.28771228771228774,0.40227476803352297,False
1672,Cytotoxic CD4,Exhausted CD8,Sodium_calcium_potassium exchange,0.11496863,0.027098365421402582,0.4891906392439913,0.768790652539845,0.0,0.000999000999000999,0.005797701625427063,False
1673,Cytotoxic CD4,Exhausted CD8,Sodium_hydrogen exchange,-0.42569855,-0.08192572386735941,0.5326471107469031,0.768790652539845,0.0,0.00999000999000999,0.03256003256003256,False
1674,Cytotoxic CD4,Exhausted CD8,Spermine,0.060228582,0.011590996100964366,0.49537596512435417,0.768790652539845,0.0,0.000999000999000999,0.005797701625427063,False
1675,Cytotoxic CD4,Exhausted CD8,Sulfolithocholic acid,0.13282098,0.022136829793453217,0.49116940387032393,0.768790652539845,0.0,0.002997002997002997,0.01360323886639676,False
1676,Cytotoxic CD4,Exhausted CD8,Taurocholic acid,-2.4039376,-0.1602625052134196,0.563662853217303,0.768790652539845,0.0,0.1958041958041958,0.30261924455472844,False
1677,Cytotoxic CD4,Exhausted CD8,Testosterone,-0.12990387,-0.016366348983431922,0.506528937113331,0.768790652539845,0.0,0.004995004995004995,0.01947419668938656,False
1678,Cytotoxic CD4,Exhausted CD8,Thiamine,-0.20169507,-0.06723168989022572,0.5268013713471092,0.768790652539845,0.0,0.000999000999000999,0.005797701625427063,False
1679,Cytotoxic CD4,Exhausted CD8,Thymidine,9.129852,1.7570408933782222,0.03945541959646371,0.23467204073030495,11.390364,0.006993006993006993,0.024817980373535928,True
1680,Cytotoxic CD4,Exhausted CD8,Thyroxine,0.014309854,0.004769951415558656,0.49809707192091746,0.768790652539845,0.0,0.000999000999000999,0.005797701625427063,False
1681,Cytotoxic CD4,Exhausted CD8,Trihydroxycoprostanoic acid,0.13282098,0.022136829793453217,0.49116940387032393,0.768790652539845,0.0,0.002997002997002997,0.01360323886639676,False
1682,Cytotoxic CD4,Exhausted CD8,Urea,0.0,0.0,0.5,0.768790652539845,0.0,0.000999000999000999,0.005797701625427063,False
1683,Cytotoxic CD4,Exhausted CD8,Uridine,9.129852,3.0432840983072915,0.0011700564671269858,0.011040007628559218,11.390364,0.006993006993006993,0.024817980373535928,True
1684,Cytotoxic CD4,Exhausted CD8,Ursocholic acid,0.13282098,0.022136829793453217,0.49116940387032393,0.768790652539845,0.0,0.002997002997002997,0.01360323886639676,False
1685,Cytotoxic CD4,Exhausted CD8,Ursodeoxycholic acid,0.13282098,0.022136829793453217,0.49116940387032393,0.768790652539845,0.0,0.002997002997002997,0.01360323886639676,False
1686,Cytotoxic CD4,Exhausted CD8,Ursodeoxycholic acid 3-sulfate,0.13282098,0.022136829793453217,0.49116940387032393,0.768790652539845,0.0,0.002997002997002997,0.01360323886639676,False
1687,Cytotoxic CD4,Exhausted CD8,Varanic acid,0.13282098,0.022136829793453217,0.49116940387032393,0.768790652539845,0.0,0.002997002997002997,0.01360323886639676,False
1688,Cytotoxic CD4,Exhausted CD8,Vitamin C,0.24498674,0.08166224757830302,0.46745765005928686,0.768790652539845,0.0,0.006993006993006993,0.024817980373535928,False
1689,Cytotoxic CD4,Exhausted CD8,Vitamin D3,0.2932871,0.09776236613591512,0.46106049582887243,0.768790652539845,0.0,0.012987012987012988,0.03929824561403509,False
1690,Cytotoxic CD4,Exhausted CD8,Water,0.43750653,0.042099085161238343,0.48320985473073774,0.768790652539845,0.0,0.012987012987012988,0.03929824561403509,False
1691,Cytotoxic CD4,Exhausted CD8,Zinc,-5.9651537,-1.4060002093184842,0.9201379686922178,0.9296239271323438,0.0,0.022977022977022976,0.061196370028982754,False
1692,Cytotoxic CD4,Exhausted CD8,alpha-Ketoisovaleric acid,0.14446954,0.04815651476383209,0.4807957530718455,0.768790652539845,0.0,0.001998001998001998,0.010183669758137844,False
1693,Cytotoxic CD4,Exhausted CD8,alpha-Tocopherol,0.090131395,0.03004379818836848,0.4880160615092801,0.768790652539845,0.0,0.000999000999000999,0.005797701625427063,False
1694,Cytotoxic CD4,Treg,"(3a,5b,7a)-23-Carboxy-7-hydroxy-24-norcholan-3-yl-b-D-Glucopyranosiduronic acid",1.1126223,0.04917142160535622,0.48039134298135455,0.768790652539845,0.0,0.008991008991008992,0.029914529914529916,False
1695,Cytotoxic CD4,Treg,17a-Ethynylestradiol,-0.79008067,-0.040318635180542836,0.5160804514338255,0.768790652539845,0.0,0.015984015984015984,0.04604079954781357,False
1696,Cytotoxic CD4,Treg,"1b,3a,12a-Trihydroxy-5b-cholanoic acid",1.1126223,0.04917142160535622,0.48039134298135455,0.768790652539845,0.0,0.008991008991008992,0.029914529914529916,False
1697,Cytotoxic CD4,Treg,2-Hydroxychlorpropamide,-1.087126,-0.06794537603855133,0.527085441333372,0.768790652539845,0.0,0.01098901098901099,0.03466321535085251,False
1698,Cytotoxic CD4,Treg,25-Hydroxycholesterol,-2.109772,-0.186479258072057,0.5739655283882744,0.768790652539845,0.0,0.24675324675324675,0.3590955113061087,False
1699,Cytotoxic CD4,Treg,"3',4'-Dihydrodiol",-11.122752,-0.4915608436718311,0.6884850850293465,0.7795643003235637,0.0,0.022977022977022976,0.061196370028982754,False
1700,Cytotoxic CD4,Treg,3-Sulfodeoxycholic acid,1.1126223,0.04917142160535622,0.48039134298135455,0.768790652539845,0.0,0.008991008991008992,0.029914529914529916,False
1701,Cytotoxic CD4,Treg,"3alpha,7alpha-Dihydroxycoprostanic acid",1.1126223,0.04917142160535622,0.48039134298135455,0.768790652539845,0.0,0.008991008991008992,0.029914529914529916,False
1702,Cytotoxic CD4,Treg,3b-Hydroxy-5-cholenoic acid,1.1126223,0.04917142160535622,0.48039134298135455,0.768790652539845,0.0,0.008991008991008992,0.029914529914529916,False
1703,Cytotoxic CD4,Treg,4'-Hydroxydiclofenac,-3.9848595,-0.15751540087487745,0.5625806643709592,0.768790652539845,44.566414,0.13386613386613386,0.22752493860101267,False
1704,Cytotoxic CD4,Treg,4-Hydroxycyclophosphamide,-1.087126,-0.0960892722942592,0.5382751643248016,0.768790652539845,0.0,0.01098901098901099,0.03466321535085251,False
1705,Cytotoxic CD4,Treg,4-Hydroxyvalsartan,0.20104861,0.01256553828716278,0.4949872074155313,0.768790652539845,0.0,0.001998001998001998,0.010183669758137844,False
1706,Cytotoxic CD4,Treg,4-ene-Valproic acid,-1.8679187,-0.11674492061138153,0.5464689039304995,0.768790652539845,0.0,0.01998001998001998,0.05547575412353262,False
1707,Cytotoxic CD4,Treg,5-Hydroxyomeprazole,0.10877323,0.00480714310060704,0.49808223475538355,0.768790652539845,0.0,0.02197802197802198,0.05982905982905983,False
1708,Cytotoxic CD4,Treg,5-Methyltetrahydrofolic acid,0.4696181,0.04150876893204138,0.4834451511418312,0.768790652539845,0.0,0.04695304695304695,0.10821033589606545,False
1709,Cytotoxic CD4,Treg,8-Hydroxycarvedilol,-1.087126,-0.0960892722942592,0.5382751643248016,0.768790652539845,0.0,0.01098901098901099,0.03466321535085251,False
1710,Cytotoxic CD4,Treg,ADP,26.493443,1.6558401584625244,0.0488770964153939,0.2726494692667251,12.781374,0.02097902097902098,0.057435897435897436,False
1711,Cytotoxic CD4,Treg,Acetate,6.3980365,0.28275593632821994,0.3886819670590207,0.768790652539845,44.545788,0.02097902097902098,0.057435897435897436,False
1712,Cytotoxic CD4,Treg,Acetyl-L-Carnitine,-1.048065,-0.0926367289047923,0.5369039181262124,0.768790652539845,0.0,0.005994005994005994,0.02205303229194014,False
1713,Cytotoxic CD4,Treg,Acetylcholine,0.0,0.0,0.5,0.768790652539845,0.0,0.000999000999000999,0.005797701625427063,False
1714,Cytotoxic CD4,Treg,Adenine,-3.4269307,-0.3029007390704264,0.6190172459494061,0.768790652539845,0.0,0.08191808191808192,0.16114542391914655,False
1715,Cytotoxic CD4,Treg,Adenosine,-0.07847509,-0.00693628334936597,0.5027671545079868,0.768790652539845,0.0,0.11488511488511488,0.2038619816397594,False
1716,Cytotoxic CD4,Treg,Adenosine diphosphate ribose,3.4688778,0.30660837626050547,0.3795707386093345,0.768790652539845,16.29285,0.1998001998001998,0.3081324969736987,False
1717,Cytotoxic CD4,Treg,Adenosine triphosphate,26.000856,1.1490863672981024,0.12526018459774324,0.561457293124188,223.81767,0.15984015984015984,0.26057874072996945,False
1718,Cytotoxic CD4,Treg,Adenosylcobalamin,-0.07363062,-0.006508089149197002,0.5025963335981749,0.768790652539845,0.0,0.005994005994005994,0.02205303229194014,False
1719,Cytotoxic CD4,Treg,Amiloride-sensitive sodium transport,-2.8332665,-0.14458452546116246,0.5574805421329778,0.768790652539845,0.0,0.028971028971028972,0.07422642716760364,False
1720,Cytotoxic CD4,Treg,Anion exchange,-0.8885614,-0.07853847636899665,0.5313001374931564,0.768790652539845,0.0,0.058941058941058944,0.12914321450906815,False
1721,Cytotoxic CD4,Treg,Betaine,0.0,0.0,0.5,0.768790652539845,0.0,0.000999000999000999,0.005797701625427063,False
1722,Cytotoxic CD4,Treg,Bilirubin,0.09599675,0.005999797023832798,0.49760644165375345,0.768790652539845,0.0,0.006993006993006993,0.024817980373535928,False
1723,Cytotoxic CD4,Treg,Butyrate,-0.8198537,-0.07246551589363767,0.5288842761876047,0.768790652539845,0.0,0.014985014985014986,0.044166359955833644,False
1724,Cytotoxic CD4,Treg,Cadmium,-3.3655033,-0.2974712766781317,0.61694663304689,0.768790652539845,0.0,0.11288711288711288,0.20131068270026084,False
1725,Cytotoxic CD4,Treg,Calcidiol,-0.07363062,-0.004601913969963789,0.5018358915734197,0.768790652539845,0.0,0.005994005994005994,0.02205303229194014,False
1726,Cytotoxic CD4,Treg,Calcium,-0.07363062,-0.006508089149197002,0.5025963335981749,0.768790652539845,0.0,0.005994005994005994,0.02205303229194014,False
1727,Cytotoxic CD4,Treg,Calcium release-activated calcium transport,5.516387,0.2815069445601626,0.38916080118800916,0.768790652539845,30.486462,0.0959040959040959,0.17933150977383414,False
1728,Cytotoxic CD4,Treg,Chenodeoxycholic acid,1.1126223,0.04917142160535622,0.48039134298135455,0.768790652539845,0.0,0.008991008991008992,0.029914529914529916,False
1729,Cytotoxic CD4,Treg,Chenodeoxycholic acid 3-sulfate,1.1126223,0.04917142160535622,0.48039134298135455,0.768790652539845,0.0,0.008991008991008992,0.029914529914529916,False
1730,Cytotoxic CD4,Treg,Chloride,-2.9216795,-0.10542702774644763,0.5419815147366334,0.768790652539845,7.730455,0.24375624375624375,0.35605586825099017,False
1731,Cytotoxic CD4,Treg,Chloride ion,-19.78372,-0.8743251612967927,0.8090293997040294,0.8428448348692377,0.0,0.5334665334665335,0.6274707289437241,False
1732,Cytotoxic CD4,Treg,Chloride_bicarbonate anion exchange,0.0,0.0,0.5,0.768790652539845,0.0,0.000999000999000999,0.005797701625427063,False
1733,Cytotoxic CD4,Treg,Cholesterol,0.06640172,0.0026247584487671706,0.4989528740812834,0.768790652539845,0.0,0.0939060939060939,0.17744218971212836,False
1734,Cytotoxic CD4,Treg,Cholic acid,11.052374,0.2522347704751085,0.4004298018871841,0.768790652539845,53.56896,0.1028971028971029,0.18768710139268516,False
1735,Cytotoxic CD4,Treg,Choline,-0.96246326,-0.03804470081090669,0.5151739791427277,0.768790652539845,0.0,0.005994005994005994,0.02205303229194014,False
1736,Cytotoxic CD4,Treg,Citric acid,14.593319,1.2898793477415933,0.09854627618294232,0.47109927150869985,44.545788,0.011988011988011988,0.03687040491605399,True
1737,Cytotoxic CD4,Treg,Cobalamin,-0.07363062,-0.006508089149197002,0.5025963335981749,0.768790652539845,0.0,0.005994005994005994,0.02205303229194014,False
1738,Cytotoxic CD4,Treg,Coprocholic acid,1.1126223,0.04917142160535622,0.48039134298135455,0.768790652539845,0.0,0.008991008991008992,0.029914529914529916,False
1739,Cytotoxic CD4,Treg,Cortisol,-0.51847464,-0.02645829810012602,0.5105541023802298,0.768790652539845,0.0,0.016983016983016984,0.04865831842576029,False
1740,Cytotoxic CD4,Treg,Creatine,-1.048065,-0.0926367289047923,0.5369039181262124,0.768790652539845,0.0,0.005994005994005994,0.02205303229194014,False
1741,Cytotoxic CD4,Treg,Cyclic AMP,-2.198848,-0.19435254225498308,0.5770500764446742,0.768790652539845,0.0,0.014985014985014986,0.044166359955833644,False
1742,Cytotoxic CD4,Treg,Cytidine,-0.07847509,-0.00693628334936597,0.5027671545079868,0.768790652539845,0.0,0.11488511488511488,0.2038619816397594,False
1743,Cytotoxic CD4,Treg,D-Aspartate,-0.9611059,-0.060069117695093155,0.5239497069794044,0.768790652539845,0.0,0.005994005994005994,0.02205303229194014,False
1744,Cytotoxic CD4,Treg,D-Galactose,-5.0623198,-0.31639498472213745,0.6241486383957265,0.768790652539845,20.770435,0.4955044955044955,0.5935042735042735,False
1745,Cytotoxic CD4,Treg,D-Glucose,-6.284978,-0.2267896056165814,0.5897063266759199,0.768790652539845,20.770435,0.5404595404595405,0.6343117959884427,False
1746,Cytotoxic CD4,Treg,D-Lactate,-0.8198537,-0.07246551589363767,0.5288842761876047,0.768790652539845,0.0,0.014985014985014986,0.044166359955833644,False
1747,Cytotoxic CD4,Treg,D-Maltose,-2.5281625,-0.223460104140698,0.5884112848223257,0.768790652539845,20.770435,0.3756243756243756,0.4915606396638263,False
1748,Cytotoxic CD4,Treg,D-Mannose,-5.0623198,-0.31639498472213745,0.6241486383957265,0.768790652539845,20.770435,0.4955044955044955,0.5935042735042735,False
1749,Cytotoxic CD4,Treg,D-Xylose,-2.5281625,-0.223460104140698,0.5884112848223257,0.768790652539845,20.770435,0.3756243756243756,0.4915606396638263,False
1750,Cytotoxic CD4,Treg,Dehydroascorbic acid,-5.0623198,-0.2583354232483054,0.6019259749829351,0.768790652539845,20.770435,0.4955044955044955,0.5935042735042735,False
1751,Cytotoxic CD4,Treg,Dehydroepiandrosterone,0.20104861,0.01256553828716278,0.4949872074155313,0.768790652539845,0.0,0.001998001998001998,0.010183669758137844,False
1752,Cytotoxic CD4,Treg,Deoxycholic acid,1.1126223,0.04917142160535622,0.48039134298135455,0.768790652539845,0.0,0.008991008991008992,0.029914529914529916,False
1753,Cytotoxic CD4,Treg,Digoxin,0.20104861,0.017770354664223994,0.4929110272878136,0.768790652539845,0.0,0.001998001998001998,0.010183669758137844,False
1754,Cytotoxic CD4,Treg,Docosahexaenoic acid,-5.0623198,-0.2583354232483054,0.6019259749829351,0.768790652539845,20.770435,0.4955044955044955,0.5935042735042735,False
1755,Cytotoxic CD4,Treg,Dopamine,-1.6582667,-0.059837544036846456,0.5238574883407515,0.768790652539845,0.0,0.01098901098901099,0.03466321535085251,False
1756,Cytotoxic CD4,Treg,E-3179,-1.087126,-0.0960892722942592,0.5382751643248016,0.768790652539845,0.0,0.01098901098901099,0.03466321535085251,False
1757,Cytotoxic CD4,Treg,Estradiol,15.061375,0.420978219799784,0.33688549311692595,0.768790652539845,44.545788,0.013986013986013986,0.04176432985297251,True
1758,Cytotoxic CD4,Treg,Estriol,-1.087126,-0.0960892722942592,0.5382751643248016,0.768790652539845,0.0,0.01098901098901099,0.03466321535085251,False
1759,Cytotoxic CD4,Treg,Estrone,0.20104861,0.017770354664223994,0.4929110272878136,0.768790652539845,0.0,0.001998001998001998,0.010183669758137844,False
1760,Cytotoxic CD4,Treg,Estrone sulfate,0.20104861,0.017770354664223994,0.4929110272878136,0.768790652539845,0.0,0.001998001998001998,0.010183669758137844,False
1761,Cytotoxic CD4,Treg,Ethanol,-0.07847509,-0.004004665058931962,0.5015976259405741,0.768790652539845,0.0,0.11488511488511488,0.2038619816397594,False
1762,Cytotoxic CD4,Treg,Fatty acid,3.6194282,0.15995763715015227,0.4364572225513704,0.768790652539845,52.97409,0.14985014985014986,0.2473789610083638,False
1763,Cytotoxic CD4,Treg,Folic acid,-12.497246,-0.30636394299089037,0.6203362207003934,0.768790652539845,0.0,0.15584415584415584,0.25512528473804097,False
1764,Cytotoxic CD4,Treg,Folinic acid,-1.4739611,-0.058263428819409074,0.5232306012093959,0.768790652539845,0.0,0.04595404595404595,0.1078094919226584,False
1765,Cytotoxic CD4,Treg,Fusidic Acid,-0.10505186,-0.00928536034163392,0.503704269599896,0.768790652539845,0.0,0.005994005994005994,0.02205303229194014,False
1766,Cytotoxic CD4,Treg,GABA,-0.045161102,-0.0028225688729435205,0.5011260405675875,0.768790652539845,0.0,0.000999000999000999,0.005797701625427063,False
1767,Cytotoxic CD4,Treg,Glucosamine,-2.534157,-0.15838481485843658,0.562923210633048,0.768790652539845,0.0,0.28771228771228774,0.40227476803352297,False
1768,Cytotoxic CD4,Treg,Glutathione,10.849931,0.31966915075395047,0.3746095738766969,0.768790652539845,53.56896,0.1018981018981019,0.18594355285002767,False
1769,Cytotoxic CD4,Treg,Glycerol,-1.087126,-0.0960892722942592,0.5382751643248016,0.768790652539845,0.0,0.01098901098901099,0.03466321535085251,False
1770,Cytotoxic CD4,Treg,Glycochenodeoxycholate-3-sulfate,1.1126223,0.04917142160535622,0.48039134298135455,0.768790652539845,0.0,0.008991008991008992,0.029914529914529916,False
1771,Cytotoxic CD4,Treg,Glycyl-glycine,0.0,0.0,0.5,0.768790652539845,0.0,0.000999000999000999,0.005797701625427063,False
1772,Cytotoxic CD4,Treg,Guanosine,-0.07847509,-0.00693628334936597,0.5027671545079868,0.768790652539845,0.0,0.11488511488511488,0.2038619816397594,False
1773,Cytotoxic CD4,Treg,Heme,-0.8491974,-0.05307483673095703,0.5211638597167499,0.768790652539845,0.0,0.22977022977022976,0.3418803418803419,False
1774,Cytotoxic CD4,Treg,Histamine,-1.048065,-0.0926367289047923,0.5369039181262124,0.768790652539845,0.0,0.005994005994005994,0.02205303229194014,False
1775,Cytotoxic CD4,Treg,Hydroxycelecoxib,-2.198848,-0.19435254225498308,0.5770500764446742,0.768790652539845,0.0,0.014985014985014986,0.044166359955833644,False
1776,Cytotoxic CD4,Treg,Hydroxylansoprazole,-0.51847464,-0.02645829810012602,0.5105541023802298,0.768790652539845,0.0,0.016983016983016984,0.04865831842576029,False
1777,Cytotoxic CD4,Treg,Hyodeoxycholic acid,1.1126223,0.04917142160535622,0.48039134298135455,0.768790652539845,0.0,0.008991008991008992,0.029914529914529916,False
1778,Cytotoxic CD4,Treg,Inosine,-0.07847509,-0.00693628334936597,0.5027671545079868,0.768790652539845,0.0,0.11488511488511488,0.2038619816397594,False
1779,Cytotoxic CD4,Treg,Iron,-2.2307858,-0.0569196567694014,0.5226954020704565,0.768790652539845,262.71826,0.2037962037962038,0.3127292636189434,False
1780,Cytotoxic CD4,Treg,Isoursodeoxycholic acid,1.1126223,0.04917142160535622,0.48039134298135455,0.768790652539845,0.0,0.008991008991008992,0.029914529914529916,False
1781,Cytotoxic CD4,Treg,Ketone bodies,-0.8198537,-0.07246551589363767,0.5288842761876047,0.768790652539845,0.0,0.014985014985014986,0.044166359955833644,False
1782,Cytotoxic CD4,Treg,L-Alanine,4.3266683,0.38242705854317743,0.3510723115397518,0.768790652539845,11.143742,0.2967032967032967,0.41215999999999997,False
1783,Cytotoxic CD4,Treg,L-Arginine,-1.2327214,-0.06290705296769221,0.5250797407426371,0.768790652539845,0.0,0.4745254745254745,0.5791547823815019,False
1784,Cytotoxic CD4,Treg,L-Asparagine,4.3266683,0.38242705854317743,0.3510723115397518,0.768790652539845,11.143742,0.2967032967032967,0.41215999999999997,False
1785,Cytotoxic CD4,Treg,L-Aspartate,-0.9611059,-0.060069117695093155,0.5239497069794044,0.768790652539845,0.0,0.005994005994005994,0.02205303229194014,False
1786,Cytotoxic CD4,Treg,L-Carnitine,-11.5971,-0.38743192718777225,0.6507817643292393,0.7730498533850357,0.0,0.013986013986013986,0.04176432985297251,False
1787,Cytotoxic CD4,Treg,L-Cysteine,122.797424,4.431070374054365,4.6883239458240474e-06,5.678666532132948e-05,22.527058,0.16583416583416583,0.267118760955145,False
1788,Cytotoxic CD4,Treg,L-Cystine,147.48592,5.32193958648606,5.1333335357225814e-08,6.960671133973513e-07,24.309977,0.03996003996003996,0.09593969504882645,False
1789,Cytotoxic CD4,Treg,L-Dopa,0.0,0.0,0.5,0.768790652539845,0.0,0.000999000999000999,0.005797701625427063,False
1790,Cytotoxic CD4,Treg,L-Glutamate,141.8462,2.87631165340131,0.002011761179556799,0.017997332378109788,45.83679,0.07292707292707293,0.14924610273447483,False
1791,Cytotoxic CD4,Treg,L-Glutamine,-6.618819,-0.1563549077977237,0.5621233608404237,0.768790652539845,24.0704,0.8381618381618382,0.8791422637202254,False
1792,Cytotoxic CD4,Treg,L-Histidine,-1.2327214,-0.10895821189446941,0.5433821824929868,0.768790652539845,0.0,0.4745254745254745,0.5791547823815019,False
1793,Cytotoxic CD4,Treg,L-Isoleucine,-7.7487497,-0.6848991852376723,0.7532962299085713,0.8067927919034621,0.0,0.12387612387612387,0.2165195971438371,False
1794,Cytotoxic CD4,Treg,L-Lactate,-4.888493,-0.3055308163166046,0.6200190483743029,0.768790652539845,0.0,0.06293706293706294,0.13542146476278213,False
1795,Cytotoxic CD4,Treg,L-Leucine,-31.883,-0.8911569253759698,0.8135775053564371,0.8467647123091858,24.0704,0.7512487512487512,0.8120793721194824,False
1796,Cytotoxic CD4,Treg,L-Lysine,0.0,0.0,0.5,0.768790652539845,0.0,0.000999000999000999,0.005797701625427063,False
1797,Cytotoxic CD4,Treg,L-Methionine,-13.123901,-0.6697262871713315,0.7484838544619256,0.8047998970037643,0.0,0.6083916083916084,0.6918208373904577,False
1798,Cytotoxic CD4,Treg,L-Ornithine,0.0,0.0,0.5,0.768790652539845,0.0,0.000999000999000999,0.005797701625427063,False
1799,Cytotoxic CD4,Treg,L-Phenylalanine,-13.123901,-0.6697262871713315,0.7484838544619256,0.8047998970037643,0.0,0.6083916083916084,0.6918208373904577,False
1800,Cytotoxic CD4,Treg,L-Serine,-0.36888313,-0.018824488550186532,0.5075094408776911,0.768790652539845,24.0704,0.3156843156843157,0.42832937987123015,False
1801,Cytotoxic CD4,Treg,L-Threonine,4.3266683,0.38242705854317743,0.3510723115397518,0.768790652539845,11.143742,0.2967032967032967,0.41215999999999997,False
1802,Cytotoxic CD4,Treg,L-Tyrosine,-1.2327214,-0.10895821189446941,0.5433821824929868,0.768790652539845,0.0,0.4745254745254745,0.5791547823815019,False
1803,Cytotoxic CD4,Treg,L-Valine,-7.7487497,-0.6848991852376723,0.7532962299085713,0.8067927919034621,0.0,0.12387612387612387,0.2165195971438371,False
1804,Cytotoxic CD4,Treg,Leukotriene C4,11.624717,1.0274895061836864,0.15209501211870402,0.6474072093522777,44.566414,0.1108891108891109,0.19923076923076924,False
1805,Cytotoxic CD4,Treg,Lithocholic acid,1.1126223,0.04917142160535622,0.48039134298135455,0.768790652539845,0.0,0.008991008991008992,0.029914529914529916,False
1806,Cytotoxic CD4,Treg,Malic acid,-0.9611059,-0.0849505609241864,0.5338496523877144,0.768790652539845,0.0,0.005994005994005994,0.02205303229194014,False
1807,Cytotoxic CD4,Treg,Manganese,-3.205122,-0.20032012462615967,0.5793848878258752,0.768790652539845,0.0,0.11288711288711288,0.20131068270026084,False
1808,Cytotoxic CD4,Treg,N-Desmethylcitalopram,-0.7703101,-0.04814438149333,0.5191994120615376,0.768790652539845,0.0,0.013986013986013986,0.04176432985297251,False
1809,Cytotoxic CD4,Treg,N-Desmethyleletriptan,-1.087126,-0.0960892722942592,0.5382751643248016,0.768790652539845,0.0,0.01098901098901099,0.03466321535085251,False
1810,Cytotoxic CD4,Treg,N-Desmethyltamoxifen,-0.51847464,-0.02645829810012602,0.5105541023802298,0.768790652539845,0.0,0.016983016983016984,0.04865831842576029,False
1811,Cytotoxic CD4,Treg,N-desmethylimatinib,-0.13508996,-0.004874639180769719,0.5019446919692442,0.768790652539845,0.0,0.01898101898101898,0.05325058805865572,False
1812,Cytotoxic CD4,Treg,Neurotransmitter,-1.3916036,-0.05500796176860007,0.5219339395877489,0.768790652539845,0.0,0.003996003996003996,0.01628617129562309,False
1813,Cytotoxic CD4,Treg,Nicotinate,9.418611,0.4162477128370473,0.3386143746159148,0.768790652539845,44.545788,0.01998001998001998,0.05547575412353262,False
1814,Cytotoxic CD4,Treg,Norepinephrine,-1.048065,-0.04631836445239615,0.5184717488494661,0.768790652539845,0.0,0.005994005994005994,0.02205303229194014,False
1815,Cytotoxic CD4,Treg,O-Deethylated candesartan,-1.087126,-0.0960892722942592,0.5382751643248016,0.768790652539845,0.0,0.01098901098901099,0.03466321535085251,False
1816,Cytotoxic CD4,Treg,O-Desmethylverapamil (D-702),-22.059422,-0.3620679941594106,0.6413493898547377,0.7719104793751966,53.56896,0.13486513486513488,0.22886204704386523,False
1817,Cytotoxic CD4,Treg,Oxalic acid,14.593319,1.2898793477415933,0.09854627618294232,0.47109927150869985,44.545788,0.011988011988011988,0.03687040491605399,True
1818,Cytotoxic CD4,Treg,Phosphate,24.267448,0.9592551253074033,0.16871511798521338,0.690882800334511,12.781374,0.04895104895104895,0.11150392132959486,False
1819,Cytotoxic CD4,Treg,Potassium,0.0,0.0,0.5,0.768790652539845,0.0,0.000999000999000999,0.005797701625427063,False
1820,Cytotoxic CD4,Treg,Progesterone,11.323072,0.3782773001042473,0.35261230333396854,0.768790652539845,44.566414,0.11288711288711288,0.20131068270026084,False
1821,Cytotoxic CD4,Treg,Prostaglandins,0.20104861,0.010259719048984846,0.4959070360919278,0.768790652539845,0.0,0.001998001998001998,0.010183669758137844,False
1822,Cytotoxic CD4,Treg,Putrescine,-4.7722015,-0.4218070085961798,0.6634170551815648,0.7782149353655358,0.0,0.001998001998001998,0.010183669758137844,False
1823,Cytotoxic CD4,Treg,Pyruvate,-0.8198537,-0.07246551589363767,0.5288842761876047,0.768790652539845,0.0,0.014985014985014986,0.044166359955833644,False
1824,Cytotoxic CD4,Treg,Serotonin,0.3168159,0.01616744434514177,0.49355040385854193,0.768790652539845,0.0,0.003996003996003996,0.01628617129562309,False
1825,Cytotoxic CD4,Treg,Sodium,-66.428604,-1.0069564388740533,0.8430221459414164,0.8688124983985152,50.99841,0.6993006993006993,0.7637752318603381,False
1826,Cytotoxic CD4,Treg,Sodium_calcium_potassium exchange,1.1412197,0.07132623344659805,0.47156905856254494,0.768790652539845,0.0,0.01098901098901099,0.03466321535085251,False
1827,Cytotoxic CD4,Treg,Sodium_hydrogen exchange,-11.591759,-0.5915394605233408,0.7229204882430451,0.7914675940505292,0.0,0.14585414585414586,0.2431090363057893,False
1828,Cytotoxic CD4,Treg,Spermine,-4.7722015,-0.24353038995907522,0.5962027270924022,0.768790652539845,0.0,0.001998001998001998,0.010183669758137844,False
1829,Cytotoxic CD4,Treg,Sulfolithocholic acid,1.1126223,0.04917142160535622,0.48039134298135455,0.768790652539845,0.0,0.008991008991008992,0.029914529914529916,False
1830,Cytotoxic CD4,Treg,Taurocholic acid,12.367115,0.2186217723721929,0.41347234557331686,0.768790652539845,98.114746,0.016983016983016984,0.04865831842576029,True
1831,Cytotoxic CD4,Treg,Testosterone,-4.8885794,-0.16331597415464608,0.5648651713992674,0.768790652539845,0.0,0.017982017982017984,0.051045728465083304,False
1832,Cytotoxic CD4,Treg,Thiamine,-1.5436958,-0.13644472169275831,0.554265139281545,0.768790652539845,0.0,0.000999000999000999,0.005797701625427063,False
1833,Cytotoxic CD4,Treg,Thymidine,-0.07847509,-0.004004665058931962,0.5015976259405741,0.768790652539845,0.0,0.11488511488511488,0.2038619816397594,False
1834,Cytotoxic CD4,Treg,Thyroxine,0.20104861,0.017770354664223994,0.4929110272878136,0.768790652539845,0.0,0.001998001998001998,0.010183669758137844,False
1835,Cytotoxic CD4,Treg,Trihydroxycoprostanoic acid,1.1126223,0.04917142160535622,0.48039134298135455,0.768790652539845,0.0,0.008991008991008992,0.029914529914529916,False
1836,Cytotoxic CD4,Treg,Urea,0.21855997,0.011153341534457753,0.49555055274400733,0.768790652539845,0.0,0.000999000999000999,0.005797701625427063,False
1837,Cytotoxic CD4,Treg,Uridine,-0.07847509,-0.00693628334936597,0.5027671545079868,0.768790652539845,0.0,0.11488511488511488,0.2038619816397594,False
1838,Cytotoxic CD4,Treg,Ursocholic acid,1.1126223,0.04917142160535622,0.48039134298135455,0.768790652539845,0.0,0.008991008991008992,0.029914529914529916,False
1839,Cytotoxic CD4,Treg,Ursodeoxycholic acid,1.1126223,0.04917142160535622,0.48039134298135455,0.768790652539845,0.0,0.008991008991008992,0.029914529914529916,False
1840,Cytotoxic CD4,Treg,Ursodeoxycholic acid 3-sulfate,1.1126223,0.04917142160535622,0.48039134298135455,0.768790652539845,0.0,0.008991008991008992,0.029914529914529916,False
1841,Cytotoxic CD4,Treg,Varanic acid,1.1126223,0.04917142160535622,0.48039134298135455,0.768790652539845,0.0,0.008991008991008992,0.029914529914529916,False
1842,Cytotoxic CD4,Treg,Vitamin C,-7.254279,-0.6411937462688454,0.7393015938861354,0.7981643647563885,0.0,0.13086913086913088,0.2259942700471335,False
1843,Cytotoxic CD4,Treg,Vitamin D3,0.58487636,0.05169625490718165,0.479385360701259,0.768790652539845,0.0,0.07892107892107893,0.15667941634792465,False
1844,Cytotoxic CD4,Treg,Water,27.15595,0.6928981491521095,0.24418673564440113,0.768790652539845,12.781374,0.02097902097902098,0.057435897435897436,False
1845,Cytotoxic CD4,Treg,Zinc,-3.3655033,-0.21034395694732666,0.5833003850371896,0.768790652539845,0.0,0.11288711288711288,0.20131068270026084,False
1846,Cytotoxic CD4,Treg,alpha-Ketoisovaleric acid,-0.8198537,-0.07246551589363767,0.5288842761876047,0.768790652539845,0.0,0.014985014985014986,0.044166359955833644,False
1847,Cytotoxic CD4,Treg,alpha-Tocopherol,-0.9281054,-0.08203370397929297,0.5326900440658953,0.768790652539845,0.0,0.03796203796203796,0.09237714881055738,False
1848,Cytotoxic CD4,other,"(3a,5b,7a)-23-Carboxy-7-hydroxy-24-norcholan-3-yl-b-D-Glucopyranosiduronic acid",-10.826949,-0.14577866444069099,0.5579519403679737,0.768790652539845,0.0,0.5674325674325674,0.6550921635258985,False
1849,Cytotoxic CD4,other,17a-Ethynylestradiol,303.79642,4.723238625127196,1.1605911191078193e-06,1.45902883544983e-05,29.10749,0.002997002997002997,0.01360323886639676,True
1850,Cytotoxic CD4,other,"1b,3a,12a-Trihydroxy-5b-cholanoic acid",-10.826949,-0.14577866444069099,0.5579519403679737,0.768790652539845,0.0,0.5674325674325674,0.6550921635258985,False
1851,Cytotoxic CD4,other,2-Hydroxychlorpropamide,261.80496,4.985178838635135,3.095226335358472e-07,3.972207130376705e-06,22.217665,0.003996003996003996,0.01628617129562309,True
1852,Cytotoxic CD4,other,25-Hydroxycholesterol,13.108361,0.352993142219939,0.36204679087437897,0.768790652539845,92.08533,0.4915084915084915,0.5910638206769573,False
1853,Cytotoxic CD4,other,"3',4'-Dihydrodiol",302.00693,4.066350183709015,2.3877580421439866e-05,0.0002723812877704992,29.10749,0.002997002997002997,0.01360323886639676,True
1854,Cytotoxic CD4,other,3-Sulfodeoxycholic acid,-10.826949,-0.14577866444069099,0.5579519403679737,0.768790652539845,0.0,0.5674325674325674,0.6550921635258985,False
1855,Cytotoxic CD4,other,"3alpha,7alpha-Dihydroxycoprostanic acid",-10.826949,-0.14577866444069099,0.5579519403679737,0.768790652539845,0.0,0.5674325674325674,0.6550921635258985,False
1856,Cytotoxic CD4,other,3b-Hydroxy-5-cholenoic acid,-10.826949,-0.14577866444069099,0.5579519403679737,0.768790652539845,0.0,0.5674325674325674,0.6550921635258985,False
1857,Cytotoxic CD4,other,4'-Hydroxydiclofenac,282.80255,3.405776839684889,0.0003298804231445053,0.003362752682267392,290.13162,0.0999000999000999,0.18448361060780763,False
1858,Cytotoxic CD4,other,4-Hydroxycyclophosphamide,261.80496,7.050107524453162,8.938979337299076e-13,1.471178584062352e-11,22.217665,0.003996003996003996,0.01628617129562309,True
1859,Cytotoxic CD4,other,4-Hydroxyvalsartan,-8.484969,-0.16156717676400909,0.564176646600996,0.768790652539845,0.0,0.007992007992007992,0.027437530622243994,False
1860,Cytotoxic CD4,other,4-ene-Valproic acid,-11.167752,-0.21265159304960973,0.5842006368782954,0.768790652539845,0.0,0.2827172827172827,0.39696415600030055,False
1861,Cytotoxic CD4,other,5-Hydroxyomeprazole,262.81424,3.5386431031939463,0.0002010946090433251,0.002099564053740479,22.217665,0.13086913086913088,0.2259942700471335,False
1862,Cytotoxic CD4,other,5-Methyltetrahydrofolic acid,-6.170236,-0.16615738553237283,0.5659834526906504,0.768790652539845,12.971074,0.9500499500499501,0.9772460364063418,False
1863,Cytotoxic CD4,other,8-Hydroxycarvedilol,261.80496,7.050107524453162,8.938979337299076e-13,1.471178584062352e-11,22.217665,0.003996003996003996,0.01628617129562309,True
1864,Cytotoxic CD4,other,ADP,18.20116,0.3465787625672919,0.36445390156984725,0.768790652539845,17.299442,0.4225774225774226,0.5389393215480173,False
1865,Cytotoxic CD4,other,Acetate,49.838432,0.6710459262371434,0.2510956364027808,0.768790652539845,144.33896,0.03296703296703297,0.08264758497316636,False
1866,Cytotoxic CD4,other,Acetyl-L-Carnitine,-6.2223563,-0.16756092300846373,0.5665356423072619,0.768790652539845,0.0,0.24875124875124874,0.3606642180952873,False
1867,Cytotoxic CD4,other,Acetylcholine,0.0,0.0,0.5,0.768790652539845,0.0,0.000999000999000999,0.005797701625427063,False
1868,Cytotoxic CD4,other,Adenine,30.190779,0.8130030636358516,0.20810815083127554,0.768790652539845,24.80737,0.14785214785214784,0.2449244954047105,False
1869,Cytotoxic CD4,other,Adenosine,-6.204021,-0.16706717325520085,0.5663414025461393,0.768790652539845,26.948679,0.975024975024975,0.9979367890595044,False
1870,Cytotoxic CD4,other,Adenosine diphosphate ribose,7.0397534,0.18957249040526405,0.42482207287502083,0.768790652539845,176.03416,0.08691308691308691,0.1688149688149688,False
1871,Cytotoxic CD4,other,Adenosine triphosphate,74.18231,0.9988223137251251,0.15894038733264465,0.6653892720178288,2020.1154,0.000999000999000999,0.005797701625427063,True
1872,Cytotoxic CD4,other,Adenosylcobalamin,-5.4972844,-0.14803556770015713,0.558842650746278,0.768790652539845,0.0,0.09090909090909091,0.1739130434782609,False
1873,Cytotoxic CD4,other,Amiloride-sensitive sodium transport,-18.578047,-0.2888399705873031,0.6136480785003289,0.768790652539845,29.182297,0.7202797202797203,0.783908670834466,False
1874,Cytotoxic CD4,other,Anion exchange,10.024733,0.2699545573117136,0.393597607014604,0.768790652539845,14.198197,0.46553446553446554,0.5745233587248469,False
1875,Cytotoxic CD4,other,Betaine,0.0,0.0,0.5,0.768790652539845,0.0,0.000999000999000999,0.005797701625427063,False
1876,Cytotoxic CD4,other,Bilirubin,33.69253,0.6415588692300942,0.26057982302859106,0.768790652539845,6.8898263,0.04595404595404595,0.1078094919226584,False
1877,Cytotoxic CD4,other,Butyrate,-4.945396,-0.13317384394253853,0.5529720519597248,0.768790652539845,0.0,0.04895104895104895,0.11150392132959486,False
1878,Cytotoxic CD4,other,Cadmium,9.278883,0.2498696822970542,0.40134406483856044,0.768790652539845,72.91605,0.46053946053946054,0.5729504194593634,False
1879,Cytotoxic CD4,other,Calcidiol,-5.4972844,-0.10467695377758135,0.54168392515034,0.768790652539845,0.0,0.09090909090909091,0.1739130434782609,False
1880,Cytotoxic CD4,other,Calcium,-5.4972844,-0.14803556770015713,0.558842650746278,0.768790652539845,0.0,0.09090909090909091,0.1739130434782609,False
1881,Cytotoxic CD4,other,Calcium release-activated calcium transport,-73.27394,-1.1392178738776109,0.8726938538351441,0.8929890597382869,141.43951,0.8051948051948052,0.8526522593320236,False
1882,Cytotoxic CD4,other,Chenodeoxycholic acid,-10.826949,-0.14577866444069099,0.5579519403679737,0.768790652539845,0.0,0.5674325674325674,0.6550921635258985,False
1883,Cytotoxic CD4,other,Chenodeoxycholic acid 3-sulfate,-10.826949,-0.14577866444069099,0.5579519403679737,0.768790652539845,0.0,0.5674325674325674,0.6550921635258985,False
1884,Cytotoxic CD4,other,Chloride,-15.73848,-0.17302347000030424,0.5686835102733524,0.768790652539845,50.674603,0.7972027972027972,0.8481960517358748,False
1885,Cytotoxic CD4,other,Chloride ion,225.96129,3.0424392395377446,0.0011733459409543207,0.011046872701735874,182.35724,0.6173826173826173,0.7001982762109011,False
1886,Cytotoxic CD4,other,Chloride_bicarbonate anion exchange,0.0,0.0,0.5,0.768790652539845,0.0,0.000999000999000999,0.005797701625427063,False
1887,Cytotoxic CD4,other,Cholesterol,285.11157,3.43358426290487,0.000297828514474465,0.003072336254578692,91.89182,0.3756243756243756,0.4915606396638263,False
1888,Cytotoxic CD4,other,Cholic acid,394.15884,2.740586492766012,0.0030664818853646213,0.02685867967798572,399.53735,0.48151848151848153,0.5850402063419815,False
1889,Cytotoxic CD4,other,Choline,-7.6966214,-0.09269002295619927,0.5369250882923973,0.768790652539845,0.0,0.25274725274725274,0.36498531609047347,False
1890,Cytotoxic CD4,other,Citric acid,44.960464,1.2107337702960168,0.11299872765277147,0.5189036353980304,119.40308,0.02097902097902098,0.057435897435897436,False
1891,Cytotoxic CD4,other,Cobalamin,-5.4972844,-0.14803556770015713,0.558842650746278,0.768790652539845,0.0,0.09090909090909091,0.1739130434782609,False
1892,Cytotoxic CD4,other,Coprocholic acid,-10.826949,-0.14577866444069099,0.5579519403679737,0.768790652539845,0.0,0.5674325674325674,0.6550921635258985,False
1893,Cytotoxic CD4,other,Cortisol,253.59785,3.942782449707638,4.0270854679273954e-05,0.00045220813900268046,22.217665,0.012987012987012988,0.03929824561403509,True
1894,Cytotoxic CD4,other,Creatine,-6.2223563,-0.16756092300846373,0.5665356423072619,0.768790652539845,0.0,0.24875124875124874,0.3606642180952873,False
1895,Cytotoxic CD4,other,Cyclic AMP,29.82877,0.803254574930969,0.21091380370977136,0.768790652539845,8.158718,0.17082917082917082,0.27261857313670784,False
1896,Cytotoxic CD4,other,Cytidine,-6.204021,-0.16706717325520085,0.5663414025461393,0.768790652539845,26.948679,0.975024975024975,0.9979367890595044,False
1897,Cytotoxic CD4,other,D-Aspartate,-14.923779,-0.28417224916804984,0.611860809437144,0.768790652539845,0.0,0.04295704295704296,0.10245064669843432,False
1898,Cytotoxic CD4,other,D-Galactose,47.845272,0.9110493393899255,0.1811346887606768,0.7313228257828075,386.46304,0.36663336663336665,0.4822828178532877,False
1899,Cytotoxic CD4,other,D-Glucose,85.680954,0.941947146980958,0.17310985008723578,0.7041978052605289,438.50732,0.24075924075924077,0.3528735031114365,False
1900,Cytotoxic CD4,other,D-Lactate,-4.945396,-0.13317384394253853,0.5529720519597248,0.768790652539845,0.0,0.04895104895104895,0.11150392132959486,False
1901,Cytotoxic CD4,other,D-Maltose,-6.7879457,-0.18279159796915373,0.5725192293049166,0.768790652539845,278.40973,0.5724275724275725,0.659622579451548,False
1902,Cytotoxic CD4,other,D-Mannose,47.845272,0.9110493393899255,0.1811346887606768,0.7313228257828075,386.46304,0.36663336663336665,0.4822828178532877,False
1903,Cytotoxic CD4,other,D-Xylose,-6.7879457,-0.18279159796915373,0.5725192293049166,0.768790652539845,278.40973,0.5724275724275725,0.659622579451548,False
1904,Cytotoxic CD4,other,Dehydroascorbic acid,47.845272,0.7438686706683376,0.22847796532368103,0.768790652539845,386.46304,0.36663336663336665,0.4822828178532877,False
1905,Cytotoxic CD4,other,Dehydroepiandrosterone,-8.484969,-0.16156717676400909,0.564176646600996,0.768790652539845,0.0,0.007992007992007992,0.027437530622243994,False
1906,Cytotoxic CD4,other,Deoxycholic acid,-10.826949,-0.14577866444069099,0.5579519403679737,0.768790652539845,0.0,0.5674325674325674,0.6550921635258985,False
1907,Cytotoxic CD4,other,Digoxin,-8.484969,-0.22849049261399282,0.5903675267735979,0.768790652539845,0.0,0.007992007992007992,0.027437530622243994,False
1908,Cytotoxic CD4,other,Docosahexaenoic acid,47.845272,0.7438686706683376,0.22847796532368103,0.768790652539845,386.46304,0.36663336663336665,0.4822828178532877,False
1909,Cytotoxic CD4,other,Dopamine,-13.230697,-0.1454537608387007,0.5578236895386014,0.768790652539845,0.0,0.5414585414585414,0.6353113553113553,False
1910,Cytotoxic CD4,other,E-3179,261.80496,7.050107524453162,8.938979337299076e-13,1.471178584062352e-11,22.217665,0.003996003996003996,0.01628617129562309,True
1911,Cytotoxic CD4,other,Estradiol,271.5358,2.3123041495118413,0.010380464091793407,0.07908226354030595,141.62074,0.005994005994005994,0.02205303229194014,True
1912,Cytotoxic CD4,other,Estriol,261.80496,7.050107524453162,8.938979337299076e-13,1.471178584062352e-11,22.217665,0.003996003996003996,0.01628617129562309,True
1913,Cytotoxic CD4,other,Estrone,-8.484969,-0.22849049261399282,0.5903675267735979,0.768790652539845,0.0,0.007992007992007992,0.027437530622243994,False
1914,Cytotoxic CD4,other,Estrone sulfate,-8.484969,-0.22849049261399282,0.5903675267735979,0.768790652539845,0.0,0.007992007992007992,0.027437530622243994,False
1915,Cytotoxic CD4,other,Ethanol,-6.204021,-0.09645627745164005,0.5384209012535335,0.768790652539845,26.948679,0.975024975024975,0.9979367890595044,False
1916,Cytotoxic CD4,other,Fatty acid,381.05014,5.130621741748481,1.4439335609765168e-07,1.9157666199786895e-06,495.5352,0.3196803196803197,0.43252636914387776,False
1917,Cytotoxic CD4,other,Folic acid,34.39303,0.25687190546154165,0.3986388296105943,0.768790652539845,33.70536,0.987012987012987,1.0,False
1918,Cytotoxic CD4,other,Folinic acid,54.862034,0.6607007023278383,0.25440213665533473,0.768790652539845,22.316565,0.6053946053946054,0.6904156409578256,False
1919,Cytotoxic CD4,other,Fusidic Acid,42.1775,1.1357917722212951,0.12802186066868404,0.5726455012483045,6.8898263,0.04395604395604396,0.10425657950410426,False
1920,Cytotoxic CD4,other,GABA,-9.26733,-0.17646456305364125,0.5700355068178901,0.768790652539845,0.0,0.013986013986013986,0.04176432985297251,False
1921,Cytotoxic CD4,other,Glucosamine,54.633217,1.040302499698378,0.14909969161044923,0.6472524661616023,108.05331,0.10789210789210789,0.19465722561956872,False
1922,Cytotoxic CD4,other,Glutathione,170.86108,1.5336977113348964,0.06255201854108793,0.33258237231710375,377.31964,0.5874125874125874,0.6749062288630634,False
1923,Cytotoxic CD4,other,Glycerol,261.80496,7.050107524453162,8.938979337299076e-13,1.471178584062352e-11,22.217665,0.003996003996003996,0.01628617129562309,True
1924,Cytotoxic CD4,other,Glycochenodeoxycholate-3-sulfate,-10.826949,-0.14577866444069099,0.5579519403679737,0.768790652539845,0.0,0.5674325674325674,0.6550921635258985,False
1925,Cytotoxic CD4,other,Glycyl-glycine,0.0,0.0,0.5,0.768790652539845,0.0,0.000999000999000999,0.005797701625427063,False
1926,Cytotoxic CD4,other,Guanosine,-6.204021,-0.16706717325520085,0.5663414025461393,0.768790652539845,26.948679,0.975024975024975,0.9979367890595044,False
1927,Cytotoxic CD4,other,Heme,3.006376,0.05724613480401756,0.47717456406603886,0.768790652539845,73.6261,0.42957042957042957,0.5464034490583163,False
1928,Cytotoxic CD4,other,Histamine,-6.2223563,-0.16756092300846373,0.5665356423072619,0.768790652539845,0.0,0.24875124875124874,0.3606642180952873,False
1929,Cytotoxic CD4,other,Hydroxycelecoxib,29.82877,0.803254574930969,0.21091380370977136,0.768790652539845,8.158718,0.17082917082917082,0.27261857313670784,False
1930,Cytotoxic CD4,other,Hydroxylansoprazole,253.59785,3.942782449707638,4.0270854679273954e-05,0.00045220813900268046,22.217665,0.012987012987012988,0.03929824561403509,True
1931,Cytotoxic CD4,other,Hyodeoxycholic acid,-10.826949,-0.14577866444069099,0.5579519403679737,0.768790652539845,0.0,0.5674325674325674,0.6550921635258985,False
1932,Cytotoxic CD4,other,Inosine,-6.204021,-0.16706717325520085,0.5663414025461393,0.768790652539845,26.948679,0.975024975024975,0.9979367890595044,False
1933,Cytotoxic CD4,other,Iron,75.22273,0.5847582388747945,0.2793551440589329,0.768790652539845,3069.1616,0.7962037962037962,0.8481960517358748,False
1934,Cytotoxic CD4,other,Isoursodeoxycholic acid,-10.826949,-0.14577866444069099,0.5579519403679737,0.768790652539845,0.0,0.5674325674325674,0.6550921635258985,False
1935,Cytotoxic CD4,other,Ketone bodies,-4.945396,-0.13317384394253853,0.5529720519597248,0.768790652539845,0.0,0.04895104895104895,0.11150392132959486,False
1936,Cytotoxic CD4,other,L-Alanine,4.7690277,0.12842444950300097,0.448906541727339,0.768790652539845,60.10618,0.995004995004995,1.0,False
1937,Cytotoxic CD4,other,L-Arginine,-9.146889,-0.14221016349055143,0.5565429979605896,0.768790652539845,76.64675,0.16183816183816183,0.26234817813765177,False
1938,Cytotoxic CD4,other,L-Asparagine,4.7690277,0.12842444950300097,0.448906541727339,0.768790652539845,60.10618,0.995004995004995,1.0,False
1939,Cytotoxic CD4,other,L-Aspartate,-14.923779,-0.28417224916804984,0.611860809437144,0.768790652539845,0.0,0.04295704295704296,0.10245064669843432,False
1940,Cytotoxic CD4,other,L-Carnitine,-52.50193,-0.5343725211491719,0.7034580866839341,0.7823047154025067,0.0,0.6253746253746254,0.7016953902199804,False
1941,Cytotoxic CD4,other,L-Cysteine,-27.146423,-0.29843850737030114,0.6173157486580123,0.768790652539845,115.47171,0.99000999000999,1.0,False
1942,Cytotoxic CD4,other,L-Cystine,30.111584,0.3310364678389886,0.3703084698376451,0.768790652539845,109.975136,0.4975024975024975,0.595236062494664,False
1943,Cytotoxic CD4,other,L-Dopa,0.0,0.0,0.5,0.768790652539845,0.0,0.000999000999000999,0.005797701625427063,False
1944,Cytotoxic CD4,other,L-Glutamate,36.773304,0.2271818952444301,0.4101411525807255,0.768790652539845,267.50516,0.987012987012987,1.0,False
1945,Cytotoxic CD4,other,L-Glutamine,206.02676,1.4827826309890297,0.06906608611448006,0.3636299918505959,644.42584,0.6843156843156843,0.7496873045653534,False
1946,Cytotoxic CD4,other,L-Histidine,-9.146889,-0.24631522851831167,0.5972808888078213,0.768790652539845,76.64675,0.16183816183816183,0.26234817813765177,False
1947,Cytotoxic CD4,other,L-Isoleucine,-0.5510518,-0.01483919318285475,0.5059197643099058,0.768790652539845,26.122032,0.4595404595404595,0.5720376621069462,False
1948,Cytotoxic CD4,other,L-Lactate,42.298073,0.8054219284991004,0.21028812090907506,0.768790652539845,24.93587,0.2787212787212787,0.39263186992687155,False
1949,Cytotoxic CD4,other,L-Leucine,92.304245,0.7860307590535435,0.21592473356283165,0.768790652539845,446.54852,0.961038961038961,0.9859624078039495,False
1950,Cytotoxic CD4,other,L-Lysine,0.0,0.0,0.5,0.768790652539845,0.0,0.000999000999000999,0.005797701625427063,False
1951,Cytotoxic CD4,other,L-Methionine,-29.262375,-0.4549532892577563,0.6754285779800112,0.7782149353655358,117.36644,0.24575424575424576,0.3584886020609972,False
1952,Cytotoxic CD4,other,L-Ornithine,0.0,0.0,0.5,0.768790652539845,0.0,0.000999000999000999,0.005797701625427063,False
1953,Cytotoxic CD4,other,L-Phenylalanine,-29.262375,-0.4549532892577563,0.6754285779800112,0.7782149353655358,117.36644,0.24575424575424576,0.3584886020609972,False
1954,Cytotoxic CD4,other,L-Serine,71.68372,1.1144941552329304,0.13253362524811763,0.5843404826890422,245.05556,0.987012987012987,1.0,False
1955,Cytotoxic CD4,other,L-Threonine,4.7690277,0.12842444950300097,0.448906541727339,0.768790652539845,60.10618,0.995004995004995,1.0,False
1956,Cytotoxic CD4,other,L-Tyrosine,-9.146889,-0.24631522851831167,0.5972808888078213,0.768790652539845,76.64675,0.16183816183816183,0.26234817813765177,False
1957,Cytotoxic CD4,other,L-Valine,-0.5510518,-0.01483919318285475,0.5059197643099058,0.768790652539845,26.122032,0.4595404595404595,0.5720376621069462,False
1958,Cytotoxic CD4,other,Leukotriene C4,-1.3005679,-0.03502280177630217,0.513969220581808,0.768790652539845,232.54535,0.13886113886113885,0.2342602624292765,False
1959,Cytotoxic CD4,other,Lithocholic acid,-10.826949,-0.14577866444069099,0.5579519403679737,0.768790652539845,0.0,0.5674325674325674,0.6550921635258985,False
1960,Cytotoxic CD4,other,Malic acid,-14.923779,-0.4018802488235226,0.6561139203741548,0.7758786175390525,0.0,0.04295704295704296,0.10245064669843432,False
1961,Cytotoxic CD4,other,Manganese,9.568864,0.18220623961766114,0.42771043822743693,0.768790652539845,72.91605,0.46153846153846156,0.5734546015107137,False
1962,Cytotoxic CD4,other,N-Desmethylcitalopram,362.161,6.8961160707094535,2.672176717410031e-12,4.348085285083794e-11,52.68864,0.024975024975024976,0.06574621959237344,False
1963,Cytotoxic CD4,other,N-Desmethyleletriptan,261.80496,7.050107524453162,8.938979337299076e-13,1.471178584062352e-11,22.217665,0.003996003996003996,0.01628617129562309,True
1964,Cytotoxic CD4,other,N-Desmethyltamoxifen,253.59785,3.942782449707638,4.0270854679273954e-05,0.00045220813900268046,22.217665,0.012987012987012988,0.03929824561403509,True
1965,Cytotoxic CD4,other,N-desmethylimatinib,253.33813,2.785112935613141,0.0026754541234127564,0.023640488074089767,22.217665,0.014985014985014986,0.044166359955833644,True
1966,Cytotoxic CD4,other,Neurotransmitter,-10.591511,-0.1275530292248758,0.5507486476794365,0.768790652539845,0.0,0.13086913086913088,0.2259942700471335,False
1967,Cytotoxic CD4,other,Nicotinate,-3.6273918,-0.048840751755740056,0.5194768971474354,0.768790652539845,119.40308,0.054945054945054944,0.12199952467717658,False
1968,Cytotoxic CD4,other,Norepinephrine,-6.2223563,-0.08378046150423187,0.533384508571982,0.768790652539845,0.0,0.24875124875124874,0.3606642180952873,False
1969,Cytotoxic CD4,other,O-Deethylated candesartan,261.80496,7.050107524453162,8.938979337299076e-13,1.471178584062352e-11,22.217665,0.003996003996003996,0.01628617129562309,True
1970,Cytotoxic CD4,other,O-Desmethylverapamil (D-702),443.72043,2.218851777201671,0.013248405069301167,0.09666179806908061,464.47723,0.5924075924075924,0.6797396323740125,False
1971,Cytotoxic CD4,other,Oxalic acid,44.960464,1.2107337702960168,0.11299872765277147,0.5189036353980304,119.40308,0.02097902097902098,0.057435897435897436,False
1972,Cytotoxic CD4,other,Phosphate,33.36994,0.40187252240907634,0.3438889228937404,0.768790652539845,41.23705,0.5624375624375625,0.6529969760987532,False
1973,Cytotoxic CD4,other,Potassium,0.0,0.0,0.5,0.768790652539845,0.0,0.000999000999000999,0.005797701625427063,False
1974,Cytotoxic CD4,other,Progesterone,260.05862,2.6469156861398786,0.004061480142558278,0.03462724280229798,254.76302,0.060939060939060936,0.13197851871885022,False
1975,Cytotoxic CD4,other,Prostaglandins,-8.484969,-0.13191904741795896,0.5524758386824429,0.768790652539845,0.0,0.007992007992007992,0.027437530622243994,False
1976,Cytotoxic CD4,other,Putrescine,-6.9257455,-0.186502387003435,0.5739745964299434,0.768790652539845,0.0,0.16383616383616384,0.2650887573964497,False
1977,Cytotoxic CD4,other,Pyruvate,-4.945396,-0.13317384394253853,0.5529720519597248,0.768790652539845,0.0,0.04895104895104895,0.11150392132959486,False
1978,Cytotoxic CD4,other,Serotonin,100.35603,1.5602734791219675,0.05934763393383271,0.3190860318237988,30.470976,0.14785214785214784,0.2449244954047105,False
1979,Cytotoxic CD4,other,Sodium,-52.60881,-0.24296118111104603,0.5959822652545873,0.768790652539845,684.3167,1.0,1.0,False
1980,Cytotoxic CD4,other,Sodium_calcium_potassium exchange,35.345795,0.6730396024950314,0.2504610482459108,0.768790652539845,9.054747,0.13086913086913088,0.2259942700471335,False
1981,Cytotoxic CD4,other,Sodium_hydrogen exchange,87.14384,1.3548584294935169,0.08773133319827092,0.43854243781014773,49.8161,0.16583416583416583,0.267118760955145,False
1982,Cytotoxic CD4,other,Spermine,-6.9257455,-0.10767720334094097,0.542874123273065,0.768790652539845,0.0,0.16383616383616384,0.2650887573964497,False
1983,Cytotoxic CD4,other,Sulfolithocholic acid,-10.826949,-0.14577866444069099,0.5579519403679737,0.768790652539845,0.0,0.5674325674325674,0.6550921635258985,False
1984,Cytotoxic CD4,other,Taurocholic acid,378.59085,2.039003526994553,0.020724837773542733,0.14252870889875002,518.9404,0.24675324675324675,0.3590955113061087,False
1985,Cytotoxic CD4,other,Testosterone,246.48608,2.5087723352798372,0.006057576966530651,0.04891436681588047,22.217665,0.04595404595404595,0.1078094919226584,False
1986,Cytotoxic CD4,other,Thiamine,-1.4478546,-0.03898906573135426,0.5155504468656446,0.768790652539845,0.0,0.03896103896103896,0.09395973154362415,False
1987,Cytotoxic CD4,other,Thymidine,-6.204021,-0.09645627745164005,0.5384209012535335,0.768790652539845,26.948679,0.975024975024975,0.9979367890595044,False
1988,Cytotoxic CD4,other,Thyroxine,-8.484969,-0.22849049261399282,0.5903675267735979,0.768790652539845,0.0,0.007992007992007992,0.027437530622243994,False
1989,Cytotoxic CD4,other,Trihydroxycoprostanoic acid,-10.826949,-0.14577866444069099,0.5579519403679737,0.768790652539845,0.0,0.5674325674325674,0.6550921635258985,False
1990,Cytotoxic CD4,other,Urea,-2.7348402,-0.04251960167763556,0.5169577569996213,0.768790652539845,0.0,0.003996003996003996,0.01628617129562309,False
1991,Cytotoxic CD4,other,Uridine,-6.204021,-0.16706717325520085,0.5663414025461393,0.768790652539845,26.948679,0.975024975024975,0.9979367890595044,False
1992,Cytotoxic CD4,other,Ursocholic acid,-10.826949,-0.14577866444069099,0.5579519403679737,0.768790652539845,0.0,0.5674325674325674,0.6550921635258985,False
1993,Cytotoxic CD4,other,Ursodeoxycholic acid,-10.826949,-0.14577866444069099,0.5579519403679737,0.768790652539845,0.0,0.5674325674325674,0.6550921635258985,False
1994,Cytotoxic CD4,other,Ursodeoxycholic acid 3-sulfate,-10.826949,-0.14577866444069099,0.5579519403679737,0.768790652539845,0.0,0.5674325674325674,0.6550921635258985,False
1995,Cytotoxic CD4,other,Varanic acid,-10.826949,-0.14577866444069099,0.5579519403679737,0.768790652539845,0.0,0.5674325674325674,0.6550921635258985,False
1996,Cytotoxic CD4,other,Vitamin C,-17.601032,-0.4739756226575975,0.6822413545587168,0.7782149353655358,15.768358,0.5244755244755245,0.6197693783333684,False
1997,Cytotoxic CD4,other,Vitamin D3,31.51371,0.8486280867934384,0.19804413658936443,0.768790652539845,69.67416,0.6063936063936064,0.6913720864011715,False
1998,Cytotoxic CD4,other,Water,209.88974,1.6316178708726916,0.05138000556837013,0.2840392102702718,56.65723,0.05194805194805195,0.116849243609807,False
1999,Cytotoxic CD4,other,Zinc,9.278883,0.17668454676517525,0.4298780898982047,0.768790652539845,72.91605,0.46053946053946054,0.5729504194593634,False
2000,Cytotoxic CD4,other,alpha-Ketoisovaleric acid,-4.945396,-0.13317384394253853,0.5529720519597248,0.768790652539845,0.0,0.04895104895104895,0.11150392132959486,False
2001,Cytotoxic CD4,other,alpha-Tocopherol,-32.729492,-0.881367706862598,0.8109405847693543,0.8446318361172598,0.0,0.6053946053946054,0.6904156409578256,False
2002,Cytotoxic CD8,Cytotoxic CD8,"(3a,5b,7a)-23-Carboxy-7-hydroxy-24-norcholan-3-yl-b-D-Glucopyranosiduronic acid",-35.33551,-0.2754875752907057,0.6085291649261702,0.768790652539845,0.0,0.47352647352647353,0.578426672477664,False
2003,Cytotoxic CD8,Cytotoxic CD8,17a-Ethynylestradiol,-163.21384,-1.4693220354097514,0.9291272686009084,0.9371688379431853,14.456379,0.996003996003996,1.0,False
2004,Cytotoxic CD8,Cytotoxic CD8,"1b,3a,12a-Trihydroxy-5b-cholanoic acid",-35.33551,-0.2754875752907057,0.6085291649261702,0.768790652539845,0.0,0.47352647352647353,0.578426672477664,False
2005,Cytotoxic CD8,Cytotoxic CD8,2-Hydroxychlorpropamide,-130.85349,-1.4427495296464994,0.9254544793743884,0.9343384956830632,14.456379,0.994005994005994,1.0,False
2006,Cytotoxic CD8,Cytotoxic CD8,25-Hydroxycholesterol,319.79764,4.986500844424381,3.0741318950549116e-07,3.956912457157247e-06,137.66693,0.00999000999000999,0.03256003256003256,True
2007,Cytotoxic CD8,Cytotoxic CD8,"3',4'-Dihydrodiol",-124.44428,-0.970209667473819,0.8340290035550123,0.8624794430371723,27.352818,0.985014985014985,1.0,False
2008,Cytotoxic CD8,Cytotoxic CD8,3-Sulfodeoxycholic acid,-35.33551,-0.2754875752907057,0.6085291649261702,0.768790652539845,0.0,0.47352647352647353,0.578426672477664,False
2009,Cytotoxic CD8,Cytotoxic CD8,"3alpha,7alpha-Dihydroxycoprostanic acid",-35.33551,-0.2754875752907057,0.6085291649261702,0.768790652539845,0.0,0.47352647352647353,0.578426672477664,False
2010,Cytotoxic CD8,Cytotoxic CD8,3b-Hydroxy-5-cholenoic acid,-35.33551,-0.2754875752907057,0.6085291649261702,0.768790652539845,0.0,0.47352647352647353,0.578426672477664,False
2011,Cytotoxic CD8,Cytotoxic CD8,4'-Hydroxydiclofenac,-123.541794,-0.8614886222669338,0.8055155075380563,0.8408092153241585,581.31964,0.9070929070929071,0.9397848667430599,False
2012,Cytotoxic CD8,Cytotoxic CD8,4-Hydroxycyclophosphamide,-131.09596,-2.0441368236509105,0.9795299838817734,0.981122715562882,14.456379,0.994005994005994,1.0,False
2013,Cytotoxic CD8,Cytotoxic CD8,4-Hydroxyvalsartan,-18.797092,-0.20725085198161788,0.5820930224059245,0.768790652539845,0.0,0.003996003996003996,0.01628617129562309,False
2014,Cytotoxic CD8,Cytotoxic CD8,4-ene-Valproic acid,-52.614662,-0.5801127806152959,0.7190807172191747,0.7897799420909529,0.0,0.22977022977022976,0.3418803418803419,False
2015,Cytotoxic CD8,Cytotoxic CD8,5-Hydroxyomeprazole,-151.14807,-1.1784014259334894,0.880681695238613,0.8994551089220509,28.379059,0.988011988011988,1.0,False
2016,Cytotoxic CD8,Cytotoxic CD8,5-Methyltetrahydrofolic acid,65.77366,1.0255873277338785,0.152543071591353,0.6474072093522777,259.45123,0.15484515484515485,0.2542621126017927,False
2017,Cytotoxic CD8,Cytotoxic CD8,8-Hydroxycarvedilol,-131.09596,-2.0441368236509105,0.9795299838817734,0.981122715562882,14.456379,0.994005994005994,1.0,False
2018,Cytotoxic CD8,Cytotoxic CD8,ADP,-82.29257,-0.9073321163737438,0.8178844022865642,0.8508365603521507,0.0,0.7932067932067932,0.8459826100192166,False
2019,Cytotoxic CD8,Cytotoxic CD8,Acetate,80.63841,0.6286843056337403,0.2647778774350851,0.768790652539845,302.1245,0.12287712287712288,0.21503496503496505,False
2020,Cytotoxic CD8,Cytotoxic CD8,Acetyl-L-Carnitine,-37.48394,-0.5844749207266463,0.7205495832076558,0.7904238533692945,0.0,0.16583416583416583,0.267118760955145,False
2021,Cytotoxic CD8,Cytotoxic CD8,Acetylcholine,0.7273284,0.011340996144635622,0.49547569412091796,0.768790652539845,0.0,0.000999000999000999,0.005797701625427063,False
2022,Cytotoxic CD8,Cytotoxic CD8,Adenine,-33.150646,-0.5169072741846323,0.6973895552560554,0.7823047154025067,0.0,0.4785214785214785,0.5823834646865976,False
2023,Cytotoxic CD8,Cytotoxic CD8,Adenosine,-12.549885,-0.19568628316523667,0.5775721393543497,0.768790652539845,104.49703,0.0919080919080919,0.17466183001661184,False
2024,Cytotoxic CD8,Cytotoxic CD8,Adenosine diphosphate ribose,137.78654,2.1484609030308923,0.015838579540744836,0.11382659163281955,198.70316,0.07992007992007992,0.15844385499557914,False
2025,Cytotoxic CD8,Cytotoxic CD8,Adenosine triphosphate,116.66012,0.9095216918730513,0.18153740647291172,0.7322631400478908,3642.594,0.24775224775224775,0.3598207114542581,False
2026,Cytotoxic CD8,Cytotoxic CD8,Adenosylcobalamin,-12.948064,-0.20189496001192675,0.5800005788630447,0.768790652539845,0.0,0.04695304695304695,0.10821033589606545,False
2027,Cytotoxic CD8,Cytotoxic CD8,Amiloride-sensitive sodium transport,12.410103,0.1117211502577275,0.4555222544178542,0.768790652539845,83.011665,0.1848151848151848,0.28874024526198433,False
2028,Cytotoxic CD8,Cytotoxic CD8,Anion exchange,-26.187876,-0.4083390526924844,0.658487614015389,0.7769862334351528,0.0,0.42857142857142855,0.5457767277023036,False
2029,Cytotoxic CD8,Cytotoxic CD8,Betaine,-4.32944,-0.06750755552111323,0.5269111763435721,0.768790652539845,0.0,0.002997002997002997,0.01360323886639676,False
2030,Cytotoxic CD8,Cytotoxic CD8,Bilirubin,-16.000607,-0.17641767459361057,0.570017089943645,0.768790652539845,0.0,0.015984015984015984,0.04604079954781357,False
2031,Cytotoxic CD8,Cytotoxic CD8,Butyrate,-15.130724,-0.23592847106614168,0.5932559124677551,0.768790652539845,0.0,0.08291708291708291,0.16222253245846713,False
2032,Cytotoxic CD8,Cytotoxic CD8,Cadmium,227.97826,3.5547910062879,0.00018913982167117382,0.0019795410462284018,271.96872,0.04895104895104895,0.11150392132959486,False
2033,Cytotoxic CD8,Cytotoxic CD8,Calcidiol,-18.774483,-0.20700156439526501,0.5819956816250472,0.768790652539845,0.0,0.04895104895104895,0.11150392132959486,False
2034,Cytotoxic CD8,Cytotoxic CD8,Calcium,-12.948064,-0.20189496001192675,0.5800005788630447,0.768790652539845,0.0,0.04695304695304695,0.10821033589606545,False
2035,Cytotoxic CD8,Cytotoxic CD8,Calcium release-activated calcium transport,61.181114,0.5507790336553722,0.2908925792380772,0.768790652539845,101.18871,0.8051948051948052,0.8526522593320236,False
2036,Cytotoxic CD8,Cytotoxic CD8,Chenodeoxycholic acid,-35.33551,-0.2754875752907057,0.6085291649261702,0.768790652539845,0.0,0.47352647352647353,0.578426672477664,False
2037,Cytotoxic CD8,Cytotoxic CD8,Chenodeoxycholic acid 3-sulfate,-35.33551,-0.2754875752907057,0.6085291649261702,0.768790652539845,0.0,0.47352647352647353,0.578426672477664,False
2038,Cytotoxic CD8,Cytotoxic CD8,Chloride,253.76802,1.6154068207819743,0.05311131206486037,0.292112216356732,56.498066,0.5994005994005994,0.6857562707920893,False
2039,Cytotoxic CD8,Cytotoxic CD8,Chloride ion,3.2465553,0.025311242119693555,0.4899033534450294,0.768790652539845,221.75621,0.012987012987012988,0.03929824561403509,True
2040,Cytotoxic CD8,Cytotoxic CD8,Chloride_bicarbonate anion exchange,-12.914797,-0.20137623814058833,0.5797978030813811,0.768790652539845,0.0,0.005994005994005994,0.02205303229194014,False
2041,Cytotoxic CD8,Cytotoxic CD8,Cholesterol,30.276901,0.2111285997472778,0.4163934619144087,0.768790652539845,63.896942,0.9330669330669331,0.9618418874933339,False
2042,Cytotoxic CD8,Cytotoxic CD8,Cholic acid,-133.36731,-0.5369383277827952,0.7043448925472852,0.7823047154025067,654.32886,0.9370629370629371,0.9650383053774504,False
2043,Cytotoxic CD8,Cytotoxic CD8,Choline,-37.203644,-0.25943055259031267,0.6023484705587447,0.768790652539845,0.0,0.17182817182817184,0.2727993655828707,False
2044,Cytotoxic CD8,Cytotoxic CD8,Citric acid,3.7099822,0.05784854846536878,0.4769346334077272,0.768790652539845,191.0175,0.3546453546453546,0.46937715446002737,False
2045,Cytotoxic CD8,Cytotoxic CD8,Cobalamin,-12.948064,-0.20189496001192675,0.5800005788630447,0.768790652539845,0.0,0.04695304695304695,0.10821033589606545,False
2046,Cytotoxic CD8,Cytotoxic CD8,Coprocholic acid,-35.33551,-0.2754875752907057,0.6085291649261702,0.768790652539845,0.0,0.47352647352647353,0.578426672477664,False
2047,Cytotoxic CD8,Cytotoxic CD8,Cortisol,-140.27847,-1.2628479026751394,0.8966780771730201,0.9125503584541096,28.379059,0.981018981018981,1.0,False
2048,Cytotoxic CD8,Cytotoxic CD8,Creatine,-37.48394,-0.5844749207266463,0.7205495832076558,0.7904238533692945,0.0,0.16583416583416583,0.267118760955145,False
2049,Cytotoxic CD8,Cytotoxic CD8,Cyclic AMP,-23.246737,-0.3624788227528958,0.6415028769555154,0.7719104793751966,0.0,0.1938061938061938,0.3000690512360171,False
2050,Cytotoxic CD8,Cytotoxic CD8,Cytidine,-12.549885,-0.19568628316523667,0.5775721393543497,0.768790652539845,104.49703,0.0919080919080919,0.17466183001661184,False
2051,Cytotoxic CD8,Cytotoxic CD8,D-Aspartate,-9.759288,-0.10760285001863754,0.5428446319338163,0.768790652539845,0.0,0.02097902097902098,0.057435897435897436,False
2052,Cytotoxic CD8,Cytotoxic CD8,D-Galactose,287.0497,3.164920202701243,0.0007756274422954553,0.007498891325511218,2119.2598,0.03296703296703297,0.08264758497316636,False
2053,Cytotoxic CD8,Cytotoxic CD8,D-Glucose,265.29056,1.688755642237845,0.04563313381465486,0.2631666145813046,2142.3782,0.03596403596403597,0.0880618529681562,False
2054,Cytotoxic CD8,Cytotoxic CD8,D-Lactate,-15.130724,-0.23592847106614168,0.5932559124677551,0.768790652539845,0.0,0.08291708291708291,0.16222253245846713,False
2055,Cytotoxic CD8,Cytotoxic CD8,D-Maltose,283.27673,4.41704222519782,5.00303444788333e-06,6.0260012679533295e-05,2042.9669,0.04395604395604396,0.10425657950410426,False
2056,Cytotoxic CD8,Cytotoxic CD8,D-Mannose,287.0497,3.164920202701243,0.0007756274422954553,0.007498891325511218,2119.2598,0.03296703296703297,0.08264758497316636,False
2057,Cytotoxic CD8,Cytotoxic CD8,D-Xylose,283.27673,4.41704222519782,5.00303444788333e-06,6.0260012679533295e-05,2042.9669,0.04395604395604396,0.10425657950410426,False
2058,Cytotoxic CD8,Cytotoxic CD8,Dehydroascorbic acid,287.77713,2.590695048959871,0.004789116289097947,0.039712825843442975,2119.2598,0.03296703296703297,0.08264758497316636,False
2059,Cytotoxic CD8,Cytotoxic CD8,Dehydroepiandrosterone,-18.797092,-0.20725085198161788,0.5820930224059245,0.768790652539845,0.0,0.003996003996003996,0.01628617129562309,False
2060,Cytotoxic CD8,Cytotoxic CD8,Deoxycholic acid,-35.33551,-0.2754875752907057,0.6085291649261702,0.768790652539845,0.0,0.47352647352647353,0.578426672477664,False
2061,Cytotoxic CD8,Cytotoxic CD8,Digoxin,-2.2549753,-0.03516109876340994,0.5140243591366714,0.768790652539845,0.0,0.001998001998001998,0.010183669758137844,False
2062,Cytotoxic CD8,Cytotoxic CD8,Docosahexaenoic acid,287.77713,2.590695048959871,0.004789116289097947,0.039712825843442975,2119.2598,0.03296703296703297,0.08264758497316636,False
2063,Cytotoxic CD8,Cytotoxic CD8,Dopamine,-63.512802,-0.4043023762547393,0.6570048108486964,0.7761656833916655,0.0,0.3626373626373626,0.47804717447028666,False
2064,Cytotoxic CD8,Cytotoxic CD8,E-3179,-131.09596,-2.0441368236509105,0.9795299838817734,0.981122715562882,14.456379,0.994005994005994,1.0,False
2065,Cytotoxic CD8,Cytotoxic CD8,Estradiol,-113.21421,-0.5582408169092511,0.7116600238550226,0.7847902362869065,233.91495,0.8101898101898102,0.8570997206914773,False
2066,Cytotoxic CD8,Cytotoxic CD8,Estriol,-131.09596,-2.0441368236509105,0.9795299838817734,0.981122715562882,14.456379,0.994005994005994,1.0,False
2067,Cytotoxic CD8,Cytotoxic CD8,Estrone,-2.2549753,-0.03516109876340994,0.5140243591366714,0.768790652539845,0.0,0.001998001998001998,0.010183669758137844,False
2068,Cytotoxic CD8,Cytotoxic CD8,Estrone sulfate,-2.2549753,-0.03516109876340994,0.5140243591366714,0.768790652539845,0.0,0.001998001998001998,0.010183669758137844,False
2069,Cytotoxic CD8,Cytotoxic CD8,Ethanol,-16.030096,-0.14430990559718293,0.5573721216755053,0.768790652539845,104.49703,0.1108891108891109,0.19923076923076924,False
2070,Cytotoxic CD8,Cytotoxic CD8,Fatty acid,144.34033,1.1253259908295405,0.13022545995829327,0.577094123771908,696.58765,0.4885114885114885,0.5892200107584723,False
2071,Cytotoxic CD8,Cytotoxic CD8,Folic acid,-27.057316,-0.11701288308250253,0.5465750778036034,0.768790652539845,335.26312,0.32967032967032966,0.44381469295612286,False
2072,Cytotoxic CD8,Cytotoxic CD8,Folinic acid,-80.63342,-0.5622775435853442,0.7130365319980012,0.7858796498477025,0.0,0.7562437562437563,0.8152307692307693,False
2073,Cytotoxic CD8,Cytotoxic CD8,Fusidic Acid,-13.745631,-0.21433116928919754,0.5848555934115137,0.768790652539845,0.0,0.014985014985014986,0.044166359955833644,False
2074,Cytotoxic CD8,Cytotoxic CD8,GABA,-2.3896458,-0.026347486065289735,0.5105099101805357,0.768790652539845,0.0,0.002997002997002997,0.01360323886639676,False
2075,Cytotoxic CD8,Cytotoxic CD8,Glucosamine,4.500391,0.04961990123900232,0.4802126436351946,0.768790652539845,76.292725,0.2037962037962038,0.3127292636189434,False
2076,Cytotoxic CD8,Cytotoxic CD8,Glutathione,58.921688,0.3062489238070705,0.37970756242950277,0.768790652539845,639.87244,0.7592407592407593,0.8180525122054358,False
2077,Cytotoxic CD8,Cytotoxic CD8,Glycerol,-131.09596,-2.0441368236509105,0.9795299838817734,0.981122715562882,14.456379,0.994005994005994,1.0,False
2078,Cytotoxic CD8,Cytotoxic CD8,Glycochenodeoxycholate-3-sulfate,-35.33551,-0.2754875752907057,0.6085291649261702,0.768790652539845,0.0,0.47352647352647353,0.578426672477664,False
2079,Cytotoxic CD8,Cytotoxic CD8,Glycyl-glycine,0.24247429,0.003780822924143044,0.49849167347434215,0.768790652539845,0.0,0.000999000999000999,0.005797701625427063,False
2080,Cytotoxic CD8,Cytotoxic CD8,Guanosine,-12.549885,-0.19568628316523667,0.5775721393543497,0.768790652539845,104.49703,0.0919080919080919,0.17466183001661184,False
2081,Cytotoxic CD8,Cytotoxic CD8,Heme,81.469574,0.8982579977589118,0.18452400975831945,0.7401558419329055,278.5329,0.07592407592407592,0.15184815184815184,False
2082,Cytotoxic CD8,Cytotoxic CD8,Histamine,-37.48394,-0.5844749207266463,0.7205495832076558,0.7904238533692945,0.0,0.16583416583416583,0.267118760955145,False
2083,Cytotoxic CD8,Cytotoxic CD8,Hydroxycelecoxib,-23.246737,-0.3624788227528958,0.6415028769555154,0.7719104793751966,0.0,0.1938061938061938,0.3000690512360171,False
2084,Cytotoxic CD8,Cytotoxic CD8,Hydroxylansoprazole,-140.27847,-1.2628479026751394,0.8966780771730201,0.9125503584541096,28.379059,0.981018981018981,1.0,False
2085,Cytotoxic CD8,Cytotoxic CD8,Hyodeoxycholic acid,-35.33551,-0.2754875752907057,0.6085291649261702,0.768790652539845,0.0,0.47352647352647353,0.578426672477664,False
2086,Cytotoxic CD8,Cytotoxic CD8,Inosine,-12.549885,-0.19568628316523667,0.5775721393543497,0.768790652539845,104.49703,0.0919080919080919,0.17466183001661184,False
2087,Cytotoxic CD8,Cytotoxic CD8,Iron,-10.712807,-0.04822067561486133,0.5192298137023089,0.768790652539845,5715.1113,0.18981018981018982,0.29515381841382565,False
2088,Cytotoxic CD8,Cytotoxic CD8,Isoursodeoxycholic acid,-35.33551,-0.2754875752907057,0.6085291649261702,0.768790652539845,0.0,0.47352647352647353,0.578426672477664,False
2089,Cytotoxic CD8,Cytotoxic CD8,Ketone bodies,-15.130724,-0.23592847106614168,0.5932559124677551,0.768790652539845,0.0,0.08291708291708291,0.16222253245846713,False
2090,Cytotoxic CD8,Cytotoxic CD8,L-Alanine,-53.046047,-0.8271298090687528,0.7959182549143915,0.8352523991350229,123.36165,0.8471528471528471,0.8870624276160944,False
2091,Cytotoxic CD8,Cytotoxic CD8,L-Arginine,-51.894966,-0.4671810847093117,0.6798148372519918,0.7782149353655358,85.263626,0.7282717282717283,0.7916076864904694,False
2092,Cytotoxic CD8,Cytotoxic CD8,L-Asparagine,-53.046047,-0.8271298090687528,0.7959182549143915,0.8352523991350229,123.36165,0.8471528471528471,0.8870624276160944,False
2093,Cytotoxic CD8,Cytotoxic CD8,L-Aspartate,-9.759288,-0.10760285001863754,0.5428446319338163,0.768790652539845,0.0,0.02097902097902098,0.057435897435897436,False
2094,Cytotoxic CD8,Cytotoxic CD8,L-Carnitine,-89.351875,-0.526593261126401,0.7007619636523541,0.7823047154025067,0.0,0.24775224775224775,0.3598207114542581,False
2095,Cytotoxic CD8,Cytotoxic CD8,L-Cysteine,-52.158424,-0.33202400480337685,0.6300644334897606,0.7699394468702871,174.69875,0.7522477522477522,0.8129554655870445,False
2096,Cytotoxic CD8,Cytotoxic CD8,L-Cystine,-17.903252,-0.11396642789933813,0.5453677966695674,0.768790652539845,68.33712,0.7822177822177823,0.8373691849362157,False
2097,Cytotoxic CD8,Cytotoxic CD8,L-Dopa,0.24247429,0.003780822924143044,0.49849167347434215,0.768790652539845,0.0,0.000999000999000999,0.005797701625427063,False
2098,Cytotoxic CD8,Cytotoxic CD8,L-Glutamate,-116.97235,-0.4184340942104818,0.6621851183248912,0.7782149353655358,346.9945,0.932067932067932,0.9610418276128462,False
2099,Cytotoxic CD8,Cytotoxic CD8,L-Glutamine,-8.748314,-0.036457004784634754,0.5145410194439171,0.768790652539845,916.64136,0.8591408591408591,0.8972185479814445,False
2100,Cytotoxic CD8,Cytotoxic CD8,L-Histidine,-35.057014,-0.546632656078194,0.7076844354542988,0.7823047154025067,85.263626,0.7152847152847153,0.7796531072567473,False
2101,Cytotoxic CD8,Cytotoxic CD8,L-Isoleucine,-51.85643,-0.808580494583329,0.7906217559556732,0.831705540785768,0.0,0.14085914085914086,0.23688947557902318,False
2102,Cytotoxic CD8,Cytotoxic CD8,L-Lactate,34.970078,0.38556911835051316,0.34990790398080174,0.768790652539845,78.796394,0.03896103896103896,0.09395973154362415,False
2103,Cytotoxic CD8,Cytotoxic CD8,L-Leucine,-233.41458,-1.1509292513326947,0.8751193286730187,0.8952584923459208,748.9918,0.8591408591408591,0.8972185479814445,False
2104,Cytotoxic CD8,Cytotoxic CD8,L-Lysine,-2.3814414,-0.03713304264199793,0.5148105370150909,0.768790652539845,0.0,0.000999000999000999,0.005797701625427063,False
2105,Cytotoxic CD8,Cytotoxic CD8,L-Methionine,-91.19891,-0.8210123360498369,0.7941803792132834,0.8344312366392977,113.33608,0.6793206793206793,0.745351340771188,False
2106,Cytotoxic CD8,Cytotoxic CD8,L-Ornithine,-2.3814414,-0.03713304264199793,0.5148105370150909,0.768790652539845,0.0,0.000999000999000999,0.005797701625427063,False
2107,Cytotoxic CD8,Cytotoxic CD8,L-Phenylalanine,-91.19891,-0.8210123360498369,0.7941803792132834,0.8344312366392977,113.33608,0.6793206793206793,0.745351340771188,False
2108,Cytotoxic CD8,Cytotoxic CD8,L-Serine,-139.8232,-1.2587493054512817,0.8959395518633508,0.9124448152184149,301.03168,0.9340659340659341,0.9624115430567044,False
2109,Cytotoxic CD8,Cytotoxic CD8,L-Threonine,-53.046047,-0.8271298090687528,0.7959182549143915,0.8352523991350229,123.36165,0.8471528471528471,0.8870624276160944,False
2110,Cytotoxic CD8,Cytotoxic CD8,L-Tyrosine,-35.057014,-0.546632656078194,0.7076844354542988,0.7823047154025067,85.263626,0.7152847152847153,0.7796531072567473,False
2111,Cytotoxic CD8,Cytotoxic CD8,L-Valine,-51.85643,-0.808580494583329,0.7906217559556732,0.831705540785768,0.0,0.14085914085914086,0.23688947557902318,False
2112,Cytotoxic CD8,Cytotoxic CD8,Leukotriene C4,-8.869416,-0.13829793065299056,0.5549975195520571,0.768790652539845,513.7382,0.6633366633366633,0.7336003314459328,False
2113,Cytotoxic CD8,Cytotoxic CD8,Lithocholic acid,-35.33551,-0.2754875752907057,0.6085291649261702,0.768790652539845,0.0,0.47352647352647353,0.578426672477664,False
2114,Cytotoxic CD8,Cytotoxic CD8,Malic acid,-7.2631183,-0.11325144740031662,0.5450843955667473,0.768790652539845,0.0,0.02097902097902098,0.057435897435897436,False
2115,Cytotoxic CD8,Cytotoxic CD8,Manganese,221.52914,2.4425109385572683,0.007292743800762452,0.05801902448134261,271.96872,0.04895104895104895,0.11150392132959486,False
2116,Cytotoxic CD8,Cytotoxic CD8,N-Desmethylcitalopram,268.56927,2.9611606807779283,0.0015324099944751157,0.014149361662048606,293.02924,0.07092907092907093,0.14732473692011264,False
2117,Cytotoxic CD8,Cytotoxic CD8,N-Desmethyleletriptan,-131.09596,-2.0441368236509105,0.9795299838817734,0.981122715562882,14.456379,0.994005994005994,1.0,False
2118,Cytotoxic CD8,Cytotoxic CD8,N-Desmethyltamoxifen,-140.27847,-1.2628479026751394,0.8966780771730201,0.9125503584541096,28.379059,0.981018981018981,1.0,False
2119,Cytotoxic CD8,Cytotoxic CD8,N-desmethylimatinib,-139.27231,-0.8865633908306423,0.812342994439365,0.8456839671710628,28.379059,0.983016983016983,1.0,False
2120,Cytotoxic CD8,Cytotoxic CD8,Neurotransmitter,-41.743637,-0.29108909048371234,0.6145084083146778,0.768790652539845,0.0,0.12387612387612387,0.2165195971438371,False
2121,Cytotoxic CD8,Cytotoxic CD8,Nicotinate,-6.946331,-0.05415594333475429,0.5215945393665855,0.768790652539845,223.32812,0.32967032967032966,0.44381469295612286,False
2122,Cytotoxic CD8,Cytotoxic CD8,Norepinephrine,-37.203644,-0.2900521755161366,0.6141118389430327,0.768790652539845,0.0,0.17182817182817184,0.2727993655828707,False
2123,Cytotoxic CD8,Cytotoxic CD8,O-Deethylated candesartan,-131.09596,-2.0441368236509105,0.9795299838817734,0.981122715562882,14.456379,0.994005994005994,1.0,False
2124,Cytotoxic CD8,Cytotoxic CD8,O-Desmethylverapamil (D-702),63.3013,0.18328810272468743,0.42728598446037175,0.768790652539845,972.41907,0.5334665334665335,0.6274707289437241,False
2125,Cytotoxic CD8,Cytotoxic CD8,Oxalic acid,3.7099822,0.05784854846536878,0.4769346334077272,0.768790652539845,191.0175,0.3546453546453546,0.46937715446002737,False
2126,Cytotoxic CD8,Cytotoxic CD8,Phosphate,-128.29242,-0.8946159533936235,0.8145037896293579,0.8475242135332508,65.751205,0.6153846153846154,0.6986673147810589,False
2127,Cytotoxic CD8,Cytotoxic CD8,Potassium,-2.5858834,-0.04032084081659392,0.5160813306403562,0.768790652539845,0.0,0.000999000999000999,0.005797701625427063,False
2128,Cytotoxic CD8,Cytotoxic CD8,Progesterone,-158.23964,-0.932581743858108,0.8244820185395139,0.855224071191336,528.1946,0.9000999000999002,0.9345607438552298,False
2129,Cytotoxic CD8,Cytotoxic CD8,Prostaglandins,-0.4989822,-0.004492054985032653,0.5017920646325355,0.768790652539845,0.0,0.002997002997002997,0.01360323886639676,False
2130,Cytotoxic CD8,Cytotoxic CD8,Putrescine,-5.035949,-0.07852392297405125,0.5312943494041401,0.768790652539845,0.0,0.002997002997002997,0.01360323886639676,False
2131,Cytotoxic CD8,Cytotoxic CD8,Pyruvate,-15.130724,-0.23592847106614168,0.5932559124677551,0.768790652539845,0.0,0.08291708291708291,0.16222253245846713,False
2132,Cytotoxic CD8,Cytotoxic CD8,Serotonin,401.42123,3.6137687638743192,0.00015088911238831905,0.0015946908152412544,278.57285,0.000999000999000999,0.005797701625427063,True
2133,Cytotoxic CD8,Cytotoxic CD8,Sodium,446.5338,1.1940858112380615,0.11622220143369394,0.5297570111861398,2057.4658,0.004995004995004995,0.01947419668938656,True
2134,Cytotoxic CD8,Cytotoxic CD8,Sodium_calcium_potassium exchange,-28.66083,-0.3160053269504884,0.6240007675783379,0.768790652539845,0.0,0.15284715284715283,0.251556077510276,False
2135,Cytotoxic CD8,Cytotoxic CD8,Sodium_hydrogen exchange,-58.523804,-0.5268567674343649,0.70085347098902,0.7823047154025067,26.349989,0.8191808191808192,0.864913734649288,False
2136,Cytotoxic CD8,Cytotoxic CD8,Spermine,-4.309896,-0.038799560631533184,0.515474902431289,0.768790652539845,0.0,0.005994005994005994,0.02205303229194014,False
2137,Cytotoxic CD8,Cytotoxic CD8,Sulfolithocholic acid,-35.33551,-0.2754875752907057,0.6085291649261702,0.768790652539845,0.0,0.47352647352647353,0.578426672477664,False
2138,Cytotoxic CD8,Cytotoxic CD8,Taurocholic acid,-46.10759,-0.14378813837584273,0.5571661151289636,0.768790652539845,918.9945,0.8231768231768232,0.8676456762499295,False
2139,Cytotoxic CD8,Cytotoxic CD8,Testosterone,-162.96062,-0.9604047199072544,0.8315742182222674,0.860717241712534,28.379059,0.985014985014985,1.0,False
2140,Cytotoxic CD8,Cytotoxic CD8,Thiamine,-7.3910217,-0.11524580459027618,0.5458748531489969,0.768790652539845,0.0,0.01098901098901099,0.03466321535085251,False
2141,Cytotoxic CD8,Cytotoxic CD8,Thymidine,-12.937226,-0.11646654512179226,0.5463586006244061,0.768790652539845,104.49703,0.0919080919080919,0.17466183001661184,False
2142,Cytotoxic CD8,Cytotoxic CD8,Thyroxine,-2.2549753,-0.03516109876340994,0.5140243591366714,0.768790652539845,0.0,0.001998001998001998,0.010183669758137844,False
2143,Cytotoxic CD8,Cytotoxic CD8,Trihydroxycoprostanoic acid,-35.33551,-0.2754875752907057,0.6085291649261702,0.768790652539845,0.0,0.47352647352647353,0.578426672477664,False
2144,Cytotoxic CD8,Cytotoxic CD8,Urea,-10.064582,-0.09060574901012129,0.5360970681620595,0.768790652539845,0.0,0.014985014985014986,0.044166359955833644,False
2145,Cytotoxic CD8,Cytotoxic CD8,Uridine,-12.549885,-0.19568628316523667,0.5775721393543497,0.768790652539845,104.49703,0.0919080919080919,0.17466183001661184,False
2146,Cytotoxic CD8,Cytotoxic CD8,Ursocholic acid,-35.33551,-0.2754875752907057,0.6085291649261702,0.768790652539845,0.0,0.47352647352647353,0.578426672477664,False
2147,Cytotoxic CD8,Cytotoxic CD8,Ursodeoxycholic acid,-35.33551,-0.2754875752907057,0.6085291649261702,0.768790652539845,0.0,0.47352647352647353,0.578426672477664,False
2148,Cytotoxic CD8,Cytotoxic CD8,Ursodeoxycholic acid 3-sulfate,-35.33551,-0.2754875752907057,0.6085291649261702,0.768790652539845,0.0,0.47352647352647353,0.578426672477664,False
2149,Cytotoxic CD8,Cytotoxic CD8,Varanic acid,-35.33551,-0.2754875752907057,0.6085291649261702,0.768790652539845,0.0,0.47352647352647353,0.578426672477664,False
2150,Cytotoxic CD8,Cytotoxic CD8,Vitamin C,18.17041,0.28332531213014284,0.38846373780518345,0.768790652539845,32.67151,0.10789210789210789,0.19465722561956872,False
2151,Cytotoxic CD8,Cytotoxic CD8,Vitamin D3,40.8619,0.6371463585883703,0.26201475714848715,0.768790652539845,17.05719,0.3726273726273726,0.4888254428868971,False
2152,Cytotoxic CD8,Cytotoxic CD8,Water,709.6159,3.1941357065258247,0.0007012508557987444,0.006872258386827695,217.3728,0.005994005994005994,0.02205303229194014,True
2153,Cytotoxic CD8,Cytotoxic CD8,Zinc,191.12582,2.107293454326401,0.017546075200109514,0.12362528801122911,271.96872,0.052947052947052944,0.1186013986013986,False
2154,Cytotoxic CD8,Cytotoxic CD8,alpha-Ketoisovaleric acid,-15.130724,-0.23592847106614168,0.5932559124677551,0.768790652539845,0.0,0.08291708291708291,0.16222253245846713,False
2155,Cytotoxic CD8,Cytotoxic CD8,alpha-Tocopherol,-16.67497,-0.26000740858250937,0.6025709705660717,0.768790652539845,0.0,0.06493506493506493,0.13833992094861658,False
2156,Cytotoxic CD8,Exhausted CD4,"(3a,5b,7a)-23-Carboxy-7-hydroxy-24-norcholan-3-yl-b-D-Glucopyranosiduronic acid",-8.343079,-0.07363961030119917,0.5293514238884812,0.768790652539845,41.086216,0.34965034965034963,0.4641909814323607,False
2157,Cytotoxic CD8,Exhausted CD4,17a-Ethynylestradiol,-98.71553,-1.0060973321835127,0.8428156240540211,0.8688073083722063,0.0,0.46253746253746253,0.5734546015107137,False
2158,Cytotoxic CD8,Exhausted CD4,"1b,3a,12a-Trihydroxy-5b-cholanoic acid",-8.343079,-0.07363961030119917,0.5293514238884812,0.768790652539845,41.086216,0.34965034965034963,0.4641909814323607,False
2159,Cytotoxic CD8,Exhausted CD4,2-Hydroxychlorpropamide,-78.74069,-0.9828774507932454,0.837166121477346,0.8640163513188884,0.0,0.4145854145854146,0.531260715510344,False
2160,Cytotoxic CD8,Exhausted CD4,25-Hydroxycholesterol,116.88475,2.0633504407878367,0.019539672461890447,0.13572880528957335,1064.7434,0.000999000999000999,0.005797701625427063,True
2161,Cytotoxic CD8,Exhausted CD4,"3',4'-Dihydrodiol",205.20972,1.811269469627842,0.035049574610550825,0.21935234502277962,8.078989,0.5024975024975025,0.6005457956677468,False
2162,Cytotoxic CD8,Exhausted CD4,3-Sulfodeoxycholic acid,-8.343079,-0.07363961030119917,0.5293514238884812,0.768790652539845,41.086216,0.34965034965034963,0.4641909814323607,False
2163,Cytotoxic CD8,Exhausted CD4,"3alpha,7alpha-Dihydroxycoprostanic acid",-8.343079,-0.07363961030119917,0.5293514238884812,0.768790652539845,41.086216,0.34965034965034963,0.4641909814323607,False
2164,Cytotoxic CD8,Exhausted CD4,3b-Hydroxy-5-cholenoic acid,-8.343079,-0.07363961030119917,0.5293514238884812,0.768790652539845,41.086216,0.34965034965034963,0.4641909814323607,False
2165,Cytotoxic CD8,Exhausted CD4,4'-Hydroxydiclofenac,10.252354,0.08093823294966687,0.4677455370984434,0.768790652539845,642.95526,0.7102897102897103,0.7751883651655862,False
2166,Cytotoxic CD8,Exhausted CD4,4-Hydroxycyclophosphamide,-78.87897,-1.3924395732273878,0.9181053360025015,0.9280052060109674,0.0,0.4145854145854146,0.531260715510344,False
2167,Cytotoxic CD8,Exhausted CD4,4-Hydroxyvalsartan,-6.671583,-0.08327776256905026,0.5331846591180912,0.768790652539845,0.0,0.007992007992007992,0.027437530622243994,False
2168,Cytotoxic CD8,Exhausted CD4,4-ene-Valproic acid,183.42859,2.2896398155971864,0.011021102453543504,0.08221971242159098,39.12881,0.014985014985014986,0.044166359955833644,True
2169,Cytotoxic CD8,Exhausted CD4,5-Hydroxyomeprazole,-72.150085,-0.6368277732899245,0.7378814833790937,0.7974225306650513,74.18366,0.4985014985014985,0.5962658700522778,False
2170,Cytotoxic CD8,Exhausted CD4,5-Methyltetrahydrofolic acid,120.11515,2.1203762497094387,0.01698716398818032,0.12127260118714162,391.04434,0.000999000999000999,0.005797701625427063,True
2171,Cytotoxic CD8,Exhausted CD4,8-Hydroxycarvedilol,-78.87897,-1.3924395732273878,0.9181053360025015,0.9280052060109674,0.0,0.4145854145854146,0.531260715510344,False
2172,Cytotoxic CD8,Exhausted CD4,ADP,-25.0219,-0.3123348397377899,0.6226069674125428,0.768790652539845,54.561745,0.3826173826173826,0.49995337995337996,False
2173,Cytotoxic CD8,Exhausted CD4,Acetate,209.7689,1.851510836781803,0.032048048592447274,0.2071831867025977,2520.0542,0.000999000999000999,0.005797701625427063,True
2174,Cytotoxic CD8,Exhausted CD4,Acetyl-L-Carnitine,53.016743,0.9358972756449511,0.17466304001151794,0.7085108452772017,18.24149,0.12187812187812187,0.2136335209505941,False
2175,Cytotoxic CD8,Exhausted CD4,Acetylcholine,-1.6190954,-0.02858166945636287,0.5114008841166225,0.768790652539845,0.0,0.001998001998001998,0.010183669758137844,False
2176,Cytotoxic CD8,Exhausted CD4,Adenine,143.72441,2.53714728295912,0.005587996225228724,0.04529217993080124,397.07812,0.000999000999000999,0.005797701625427063,True
2177,Cytotoxic CD8,Exhausted CD4,Adenosine,27.855305,0.4917258674730937,0.31145657458441056,0.768790652539845,325.30127,0.1258741258741259,0.21894684581251747,False
2178,Cytotoxic CD8,Exhausted CD4,Adenosine diphosphate ribose,0.26075432,0.0046030601368174905,0.49816365117700495,0.768790652539845,151.08762,0.08891108891108891,0.1708487590840532,False
2179,Cytotoxic CD8,Exhausted CD4,Adenosine triphosphate,478.67728,4.225012102077533,1.1946396886449455e-05,0.00013810419135219852,7163.197,0.000999000999000999,0.005797701625427063,True
2180,Cytotoxic CD8,Exhausted CD4,Adenosylcobalamin,-8.857602,-0.15636203337236282,0.5621261689959041,0.768790652539845,0.0,0.027972027972027972,0.07192330627035456,False
2181,Cytotoxic CD8,Exhausted CD4,Amiloride-sensitive sodium transport,72.85528,0.7425326141979862,0.22888234954038955,0.768790652539845,81.187256,0.06793206793206794,0.14302884615384615,False
2182,Cytotoxic CD8,Exhausted CD4,Anion exchange,-38.506832,-0.6797558174611679,0.7516704566687197,0.8061130725916504,0.0,0.7822177822177823,0.8373691849362157,False
2183,Cytotoxic CD8,Exhausted CD4,Betaine,-12.124042,-0.21402404003115758,0.5847358448606569,0.768790652539845,0.0,0.03896103896103896,0.09395973154362415,False
2184,Cytotoxic CD8,Exhausted CD4,Bilirubin,-15.852362,-0.19787645260653766,0.5784291360060313,0.768790652539845,0.0,0.03496503496503497,0.08615384615384616,False
2185,Cytotoxic CD8,Exhausted CD4,Butyrate,130.41185,2.302142471862349,0.01066356947163604,0.08010681456741221,20.887321,0.025974025974025976,0.06767371601208459,False
2186,Cytotoxic CD8,Exhausted CD4,Cadmium,60.145283,1.0617364136478957,0.14417768176598045,0.6298826380698153,150.87799,0.5304695304695305,0.625481163627185,False
2187,Cytotoxic CD8,Exhausted CD4,Calcidiol,-10.187181,-0.1271610737063229,0.5505935430509804,0.768790652539845,0.0,0.03396603396603397,0.08427016021952731,False
2188,Cytotoxic CD8,Exhausted CD4,Calcium,-8.857602,-0.15636203337236282,0.5621261689959041,0.768790652539845,0.0,0.027972027972027972,0.07192330627035456,False
2189,Cytotoxic CD8,Exhausted CD4,Calcium release-activated calcium transport,-67.094315,-0.6838175374060211,0.7529548045161647,0.8067927919034621,274.03857,0.5634365634365635,0.6538047528359693,False
2190,Cytotoxic CD8,Exhausted CD4,Chenodeoxycholic acid,-8.343079,-0.07363961030119917,0.5293514238884812,0.768790652539845,41.086216,0.34965034965034963,0.4641909814323607,False
2191,Cytotoxic CD8,Exhausted CD4,Chenodeoxycholic acid 3-sulfate,-8.343079,-0.07363961030119917,0.5293514238884812,0.768790652539845,41.086216,0.34965034965034963,0.4641909814323607,False
2192,Cytotoxic CD8,Exhausted CD4,Chloride,3.4027462,0.024522744539772712,0.4902178208247894,0.768790652539845,211.29741,0.061938061938061936,0.1338060736858332,False
2193,Cytotoxic CD8,Exhausted CD4,Chloride ion,90.721016,0.8007428155587748,0.21164027513569433,0.768790652539845,247.8844,0.017982017982017984,0.051045728465083304,False
2194,Cytotoxic CD8,Exhausted CD4,Chloride_bicarbonate anion exchange,-2.7407582,-0.048382227641788254,0.5192941884982759,0.768790652539845,0.0,0.003996003996003996,0.01628617129562309,False
2195,Cytotoxic CD8,Exhausted CD4,Cholesterol,-17.899456,-0.14130904846253883,0.5561870991476237,0.768790652539845,183.80635,0.054945054945054944,0.12199952467717658,False
2196,Cytotoxic CD8,Exhausted CD4,Cholic acid,-59.9731,-0.27335435726958124,0.6077095826552754,0.768790652539845,996.66565,0.6003996003996004,0.6867169965313201,False
2197,Cytotoxic CD8,Exhausted CD4,Choline,47.46208,0.37469412950481246,0.35394397935049393,0.768790652539845,18.24149,0.13186813186813187,0.2269002284843869,False
2198,Cytotoxic CD8,Exhausted CD4,Citric acid,103.53192,1.8276347852016448,0.0338021907855694,0.2130921734903147,2244.7258,0.000999000999000999,0.005797701625427063,True
2199,Cytotoxic CD8,Exhausted CD4,Cobalamin,-8.857602,-0.15636203337236282,0.5621261689959041,0.768790652539845,0.0,0.027972027972027972,0.07192330627035456,False
2200,Cytotoxic CD8,Exhausted CD4,Coprocholic acid,-8.343079,-0.07363961030119917,0.5293514238884812,0.768790652539845,41.086216,0.34965034965034963,0.4641909814323607,False
2201,Cytotoxic CD8,Exhausted CD4,Cortisol,-90.32705,-0.9206028971908673,0.8213711054733185,0.8534342666990239,33.097446,0.6273726273726273,0.7028398984751283,False
2202,Cytotoxic CD8,Exhausted CD4,Creatine,53.016743,0.9358972756449511,0.17466304001151794,0.7085108452772017,18.24149,0.12187812187812187,0.2136335209505941,False
2203,Cytotoxic CD8,Exhausted CD4,Cyclic AMP,63.67718,1.1240845326363682,0.130488583181264,0.577094123771908,19.976564,0.13286713286713286,0.2269002284843869,False
2204,Cytotoxic CD8,Exhausted CD4,Cytidine,27.855305,0.4917258674730937,0.31145657458441056,0.768790652539845,325.30127,0.1258741258741259,0.21894684581251747,False
2205,Cytotoxic CD8,Exhausted CD4,D-Aspartate,16.2944,0.20339416854655598,0.41941347868990386,0.768790652539845,37.16241,0.03296703296703297,0.08264758497316636,False
2206,Cytotoxic CD8,Exhausted CD4,D-Galactose,147.56178,1.841933884627635,0.03274241071375167,0.20957207622846888,3343.9185,0.14985014985014986,0.2473789610083638,False
2207,Cytotoxic CD8,Exhausted CD4,D-Glucose,240.0705,1.7301282811800747,0.04180367919077673,0.24692803379538253,3979.6284,0.08291708291708291,0.16222253245846713,False
2208,Cytotoxic CD8,Exhausted CD4,D-Lactate,130.41185,2.302142471862349,0.01066356947163604,0.08010681456741221,20.887321,0.025974025974025976,0.06767371601208459,False
2209,Cytotoxic CD8,Exhausted CD4,D-Maltose,115.54987,2.0397860402399863,0.02068582040653049,0.14248763193763495,3201.2856,0.23676323676323677,0.3509532749821509,False
2210,Cytotoxic CD8,Exhausted CD4,D-Mannose,147.56178,1.841933884627635,0.03274241071375167,0.20957207622846888,3343.9185,0.14985014985014986,0.2473789610083638,False
2211,Cytotoxic CD8,Exhausted CD4,D-Xylose,115.54987,2.0397860402399863,0.02068582040653049,0.14248763193763495,3201.2856,0.23676323676323677,0.3509532749821509,False
2212,Cytotoxic CD8,Exhausted CD4,Dehydroascorbic acid,143.6615,1.4641814750512872,0.07157218520306854,0.3709366136966725,3343.9185,0.14985014985014986,0.2473789610083638,False
2213,Cytotoxic CD8,Exhausted CD4,Dehydroepiandrosterone,-6.671583,-0.08327776256905026,0.5331846591180912,0.768790652539845,0.0,0.007992007992007992,0.027437530622243994,False
2214,Cytotoxic CD8,Exhausted CD4,Deoxycholic acid,-8.343079,-0.07363961030119917,0.5293514238884812,0.768790652539845,41.086216,0.34965034965034963,0.4641909814323607,False
2215,Cytotoxic CD8,Exhausted CD4,Digoxin,-5.731423,-0.10117602110099858,0.5402946342926602,0.768790652539845,0.0,0.006993006993006993,0.024817980373535928,False
2216,Cytotoxic CD8,Exhausted CD4,Docosahexaenoic acid,143.6615,1.4641814750512872,0.07157218520306854,0.3709366136966725,3343.9185,0.14985014985014986,0.2473789610083638,False
2217,Cytotoxic CD8,Exhausted CD4,Dopamine,0.28843498,0.0020786790934054227,0.4991707276194555,0.768790652539845,18.24149,0.2177822177822178,0.33147791142849387,False
2218,Cytotoxic CD8,Exhausted CD4,E-3179,-78.87897,-1.3924395732273878,0.9181053360025015,0.9280052060109674,0.0,0.4145854145854146,0.531260715510344,False
2219,Cytotoxic CD8,Exhausted CD4,Estradiol,-14.00441,-0.07817717123187608,0.5311564394258341,0.768790652539845,2369.4639,0.000999000999000999,0.005797701625427063,True
2220,Cytotoxic CD8,Exhausted CD4,Estriol,-78.87897,-1.3924395732273878,0.9181053360025015,0.9280052060109674,0.0,0.4145854145854146,0.531260715510344,False
2221,Cytotoxic CD8,Exhausted CD4,Estrone,-5.731423,-0.10117602110099858,0.5402946342926602,0.768790652539845,0.0,0.006993006993006993,0.024817980373535928,False
2222,Cytotoxic CD8,Exhausted CD4,Estrone sulfate,-5.731423,-0.10117602110099858,0.5402946342926602,0.768790652539845,0.0,0.006993006993006993,0.024817980373535928,False
2223,Cytotoxic CD8,Exhausted CD4,Ethanol,31.069756,0.3166593751705781,0.37575103873092924,0.768790652539845,355.9666,0.08291708291708291,0.16222253245846713,False
2224,Cytotoxic CD8,Exhausted CD4,Fatty acid,637.6464,5.628142356222174,9.10803638593972e-09,1.3004587051712606e-07,6118.3154,0.000999000999000999,0.005797701625427063,True
2225,Cytotoxic CD8,Exhausted CD4,Folic acid,300.23776,1.4699710445024037,0.07078479817249249,0.3686280793717242,828.318,0.000999000999000999,0.005797701625427063,True
2226,Cytotoxic CD8,Exhausted CD4,Folinic acid,51.333324,0.4052560714785089,0.34264464646934967,0.768790652539845,86.33528,0.17482517482517482,0.27603301129482016,False
2227,Cytotoxic CD8,Exhausted CD4,Fusidic Acid,-10.120938,-0.1786635334319031,0.5708990477473641,0.768790652539845,0.0,0.028971028971028972,0.07422642716760364,False
2228,Cytotoxic CD8,Exhausted CD4,GABA,-12.969682,-0.16189351883739167,0.5643051466448818,0.768790652539845,0.0,0.03896103896103896,0.09395973154362415,False
2229,Cytotoxic CD8,Exhausted CD4,Glucosamine,28.111633,0.3509023063658889,0.3628308205742066,0.768790652539845,142.63278,0.022977022977022976,0.061196370028982754,False
2230,Cytotoxic CD8,Exhausted CD4,Glutathione,92.498375,0.5442870351763885,0.2931219835846788,0.768790652539845,996.66565,0.5704295704295704,0.6576717400246812,False
2231,Cytotoxic CD8,Exhausted CD4,Glycerol,-78.87897,-1.3924395732273878,0.9181053360025015,0.9280052060109674,0.0,0.4145854145854146,0.531260715510344,False
2232,Cytotoxic CD8,Exhausted CD4,Glycochenodeoxycholate-3-sulfate,-8.343079,-0.07363961030119917,0.5293514238884812,0.768790652539845,41.086216,0.34965034965034963,0.4641909814323607,False
2233,Cytotoxic CD8,Exhausted CD4,Glycyl-glycine,0.13827291,0.002440912707663072,0.4990262176851189,0.768790652539845,0.0,0.000999000999000999,0.005797701625427063,False
2234,Cytotoxic CD8,Exhausted CD4,Guanosine,27.855305,0.4917258674730937,0.31145657458441056,0.768790652539845,325.30127,0.1258741258741259,0.21894684581251747,False
2235,Cytotoxic CD8,Exhausted CD4,Heme,24.297571,0.3032934328545143,0.3808331252338915,0.768790652539845,527.4621,0.9530469530469531,0.9786945609760567,False
2236,Cytotoxic CD8,Exhausted CD4,Histamine,53.016743,0.9358972756449511,0.17466304001151794,0.7085108452772017,18.24149,0.12187812187812187,0.2136335209505941,False
2237,Cytotoxic CD8,Exhausted CD4,Hydroxycelecoxib,63.67718,1.1240845326363682,0.130488583181264,0.577094123771908,19.976564,0.13286713286713286,0.2269002284843869,False
2238,Cytotoxic CD8,Exhausted CD4,Hydroxylansoprazole,-90.32705,-0.9206028971908673,0.8213711054733185,0.8534342666990239,33.097446,0.6273726273726273,0.7028398984751283,False
2239,Cytotoxic CD8,Exhausted CD4,Hyodeoxycholic acid,-8.343079,-0.07363961030119917,0.5293514238884812,0.768790652539845,41.086216,0.34965034965034963,0.4641909814323607,False
2240,Cytotoxic CD8,Exhausted CD4,Inosine,27.855305,0.4917258674730937,0.31145657458441056,0.768790652539845,325.30127,0.1258741258741259,0.21894684581251747,False
2241,Cytotoxic CD8,Exhausted CD4,Iron,37.640915,0.1918159378124345,0.42394319310678397,0.768790652539845,8271.738,0.000999000999000999,0.005797701625427063,True
2242,Cytotoxic CD8,Exhausted CD4,Isoursodeoxycholic acid,-8.343079,-0.07363961030119917,0.5293514238884812,0.768790652539845,41.086216,0.34965034965034963,0.4641909814323607,False
2243,Cytotoxic CD8,Exhausted CD4,Ketone bodies,130.41185,2.302142471862349,0.01066356947163604,0.08010681456741221,20.887321,0.025974025974025976,0.06767371601208459,False
2244,Cytotoxic CD8,Exhausted CD4,L-Alanine,-13.926028,-0.24583426359242302,0.5970947338532995,0.768790652539845,246.43263,0.5194805194805194,0.6148778479275322,False
2245,Cytotoxic CD8,Exhausted CD4,L-Arginine,-19.310307,-0.19680842340438381,0.578011270441774,0.768790652539845,64.91892,0.17482517482517482,0.27603301129482016,False
2246,Cytotoxic CD8,Exhausted CD4,L-Asparagine,-13.926028,-0.24583426359242302,0.5970947338532995,0.768790652539845,246.43263,0.5194805194805194,0.6148778479275322,False
2247,Cytotoxic CD8,Exhausted CD4,L-Aspartate,16.2944,0.20339416854655598,0.41941347868990386,0.768790652539845,37.16241,0.03296703296703297,0.08264758497316636,False
2248,Cytotoxic CD8,Exhausted CD4,L-Carnitine,184.94107,1.233955473439825,0.10860974831513476,0.5052052154637121,31.288929,0.057942057942057944,0.1274725274725275,False
2249,Cytotoxic CD8,Exhausted CD4,L-Cysteine,-110.27002,-0.7946885721051882,0.786602659218782,0.8286906099563617,699.3473,0.3866133866133866,0.50441056674037,False
2250,Cytotoxic CD8,Exhausted CD4,L-Cystine,-36.451443,-0.26269647079308095,0.603607731410506,0.768790652539845,519.71405,0.008991008991008992,0.029914529914529916,True
2251,Cytotoxic CD8,Exhausted CD4,L-Dopa,0.13827291,0.002440912707663072,0.4990262176851189,0.768790652539845,0.0,0.000999000999000999,0.005797701625427063,False
2252,Cytotoxic CD8,Exhausted CD4,L-Glutamate,-14.058075,-0.05693301658358434,0.5227007232362978,0.768790652539845,1492.2634,0.008991008991008992,0.029914529914529916,True
2253,Cytotoxic CD8,Exhausted CD4,L-Glutamine,223.07881,1.0524693227426338,0.1462921390203893,0.6371835388443622,5485.5723,0.000999000999000999,0.005797701625427063,True
2254,Cytotoxic CD8,Exhausted CD4,L-Histidine,2.0195584,0.03565098751633281,0.4857803259896014,0.768790652539845,64.91892,0.15984015984015984,0.26057874072996945,False
2255,Cytotoxic CD8,Exhausted CD4,L-Isoleucine,-4.5864224,-0.080963485318299,0.5322645041846525,0.768790652539845,48.420452,0.4695304695304695,0.5778011942395505,False
2256,Cytotoxic CD8,Exhausted CD4,L-Lactate,169.2441,2.112582452458999,0.017318260968198124,0.12242023163093495,61.0125,0.027972027972027972,0.07192330627035456,False
2257,Cytotoxic CD8,Exhausted CD4,L-Leucine,176.76474,0.9867582820808088,0.16188057533633865,0.6763847295060972,2475.3108,0.000999000999000999,0.005797701625427063,True
2258,Cytotoxic CD8,Exhausted CD4,L-Lysine,-2.4874506,-0.043910623714277175,0.5175121765146034,0.768790652539845,0.0,0.004995004995004995,0.01947419668938656,False
2259,Cytotoxic CD8,Exhausted CD4,L-Methionine,-19.435747,-0.19808689954710418,0.5785114628025686,0.768790652539845,121.48128,0.25074925074925075,0.36258577103647527,False
2260,Cytotoxic CD8,Exhausted CD4,L-Ornithine,-2.4874506,-0.043910623714277175,0.5175121765146034,0.768790652539845,0.0,0.004995004995004995,0.01947419668938656,False
2261,Cytotoxic CD8,Exhausted CD4,L-Phenylalanine,-19.435747,-0.19808689954710418,0.5785114628025686,0.768790652539845,121.48128,0.25074925074925075,0.36258577103647527,False
2262,Cytotoxic CD8,Exhausted CD4,L-Serine,95.74388,0.9758106256231052,0.16457915909927817,0.6823705134962379,1276.5037,0.014985014985014986,0.044166359955833644,True
2263,Cytotoxic CD8,Exhausted CD4,L-Threonine,-13.926028,-0.24583426359242302,0.5970947338532995,0.768790652539845,246.43263,0.5194805194805194,0.6148778479275322,False
2264,Cytotoxic CD8,Exhausted CD4,L-Tyrosine,2.0195584,0.03565098751633281,0.4857803259896014,0.768790652539845,64.91892,0.15984015984015984,0.26057874072996945,False
2265,Cytotoxic CD8,Exhausted CD4,L-Valine,-4.5864224,-0.080963485318299,0.5322645041846525,0.768790652539845,48.420452,0.4695304695304695,0.5778011942395505,False
2266,Cytotoxic CD8,Exhausted CD4,Leukotriene C4,-47.19059,-0.833049000626727,0.797591452773798,0.8352523991350229,518.1739,0.7842157842157842,0.8382594103962473,False
2267,Cytotoxic CD8,Exhausted CD4,Lithocholic acid,-8.343079,-0.07363961030119917,0.5293514238884812,0.768790652539845,41.086216,0.34965034965034963,0.4641909814323607,False
2268,Cytotoxic CD8,Exhausted CD4,Malic acid,23.082066,0.407464532749257,0.34183341920351845,0.768790652539845,37.16241,0.029970029970029972,0.07633240946885365,False
2269,Cytotoxic CD8,Exhausted CD4,Manganese,54.17913,0.676288768601672,0.2494286611121253,0.768790652539845,150.87799,0.5494505494505495,0.642939150401837,False
2270,Cytotoxic CD8,Exhausted CD4,N-Desmethylcitalopram,23.596031,0.29453648874464744,0.3841739926490384,0.768790652539845,19.16318,0.2727272727272727,0.3853211009174312,False
2271,Cytotoxic CD8,Exhausted CD4,N-Desmethyleletriptan,-78.87897,-1.3924395732273878,0.9181053360025015,0.9280052060109674,0.0,0.4145854145854146,0.531260715510344,False
2272,Cytotoxic CD8,Exhausted CD4,N-Desmethyltamoxifen,-90.32705,-0.9206028971908673,0.8213711054733185,0.8534342666990239,33.097446,0.6273726273726273,0.7028398984751283,False
2273,Cytotoxic CD8,Exhausted CD4,N-desmethylimatinib,-98.3772,-0.7089799635029024,0.7608315446039243,0.8110520693033676,33.097446,0.6373626373626373,0.7114438758238913,False
2274,Cytotoxic CD8,Exhausted CD4,Neurotransmitter,-5.798038,-0.04577319179124648,0.518254486870538,0.768790652539845,0.0,0.14185814185814186,0.238290731473435,False
2275,Cytotoxic CD8,Exhausted CD4,Nicotinate,223.9534,1.9767092989158246,0.024037249549682393,0.1627136892593885,2498.1704,0.000999000999000999,0.005797701625427063,True
2276,Cytotoxic CD8,Exhausted CD4,Norepinephrine,47.46208,0.4189207721714351,0.3376370177672403,0.768790652539845,18.24149,0.13186813186813187,0.2269002284843869,False
2277,Cytotoxic CD8,Exhausted CD4,O-Deethylated candesartan,-78.87897,-1.3924395732273878,0.9181053360025015,0.9280052060109674,0.0,0.4145854145854146,0.531260715510344,False
2278,Cytotoxic CD8,Exhausted CD4,O-Desmethylverapamil (D-702),270.39194,0.8863594510742835,0.1877119311407009,0.7515448905094728,1213.5045,0.44655344655344653,0.5602381325395582,False
2279,Cytotoxic CD8,Exhausted CD4,Oxalic acid,103.53192,1.8276347852016448,0.0338021907855694,0.2130921734903147,2244.7258,0.000999000999000999,0.005797701625427063,True
2280,Cytotoxic CD8,Exhausted CD4,Phosphate,-48.95177,-0.38645465764359915,0.6504200114296921,0.7728330364521445,107.9419,0.36163836163836166,0.4770219074287597,False
2281,Cytotoxic CD8,Exhausted CD4,Potassium,0.51041645,0.009010311438459338,0.4964054544453032,0.768790652539845,0.0,0.000999000999000999,0.005797701625427063,False
2282,Cytotoxic CD8,Exhausted CD4,Progesterone,-146.1989,-0.9754616983897372,0.835334354091624,0.8625744193052025,518.1739,0.8221778221778222,0.8670165735462875,False
2283,Cytotoxic CD8,Exhausted CD4,Prostaglandins,-7.2865295,-0.07426347103358907,0.529599628683975,0.768790652539845,0.0,0.007992007992007992,0.027437530622243994,False
2284,Cytotoxic CD8,Exhausted CD4,Putrescine,-34.87171,-0.6155855365705313,0.7309159502483964,0.795852550284024,0.0,0.1038961038961039,0.18902953586497892,False
2285,Cytotoxic CD8,Exhausted CD4,Pyruvate,130.41185,2.302142471862349,0.01066356947163604,0.08010681456741221,20.887321,0.025974025974025976,0.06767371601208459,False
2286,Cytotoxic CD8,Exhausted CD4,Serotonin,100.91989,1.0285639255763204,0.15184231851556346,0.6474072093522777,19.16318,0.1018981018981019,0.18594355285002767,False
2287,Cytotoxic CD8,Exhausted CD4,Sodium,154.07825,0.4664627967400862,0.32044213565210244,0.768790652539845,2567.5356,0.08591408591408592,0.16717578450430437,False
2288,Cytotoxic CD8,Exhausted CD4,Sodium_calcium_potassium exchange,-74.82058,-0.9339448063859636,0.8248338177514727,0.8553832184089346,0.0,0.5154845154845155,0.6121644810711183,False
2289,Cytotoxic CD8,Exhausted CD4,Sodium_hydrogen exchange,139.00739,1.4167472827976129,0.07827841379014484,0.3971017885448289,165.88104,0.1008991008991009,0.18458927580692533,False
2290,Cytotoxic CD8,Exhausted CD4,Spermine,-40.067757,-0.4083659674772609,0.6584974925218863,0.7769862334351528,0.0,0.11988011988011989,0.2110751641172221,False
2291,Cytotoxic CD8,Exhausted CD4,Sulfolithocholic acid,-8.343079,-0.07363961030119917,0.5293514238884812,0.768790652539845,41.086216,0.34965034965034963,0.4641909814323607,False
2292,Cytotoxic CD8,Exhausted CD4,Taurocholic acid,451.92056,1.5955383220098291,0.05529595374915322,0.30193470728073235,3618.873,0.000999000999000999,0.005797701625427063,True
2293,Cytotoxic CD8,Exhausted CD4,Testosterone,-140.11043,-0.9348384802742158,0.8250642273346006,0.8554164338222644,33.097446,0.6553446553446554,0.7283108643933386,False
2294,Cytotoxic CD8,Exhausted CD4,Thiamine,-8.894765,-0.15701806283579023,0.5623846937023081,0.768790652539845,0.0,0.05094905094905095,0.11490183456710654,False
2295,Cytotoxic CD8,Exhausted CD4,Thymidine,11.764299,0.11990038635848126,0.45228102920739743,0.768790652539845,325.30127,0.13386613386613386,0.22752493860101267,False
2296,Cytotoxic CD8,Exhausted CD4,Thyroxine,-5.731423,-0.10117602110099858,0.5402946342926602,0.768790652539845,0.0,0.006993006993006993,0.024817980373535928,False
2297,Cytotoxic CD8,Exhausted CD4,Trihydroxycoprostanoic acid,-8.343079,-0.07363961030119917,0.5293514238884812,0.768790652539845,41.086216,0.34965034965034963,0.4641909814323607,False
2298,Cytotoxic CD8,Exhausted CD4,Urea,-10.156747,-0.10351639587927966,0.5412234313154605,0.768790652539845,0.0,0.01098901098901099,0.03466321535085251,False
2299,Cytotoxic CD8,Exhausted CD4,Uridine,27.855305,0.4917258674730937,0.31145657458441056,0.768790652539845,325.30127,0.1258741258741259,0.21894684581251747,False
2300,Cytotoxic CD8,Exhausted CD4,Ursocholic acid,-8.343079,-0.07363961030119917,0.5293514238884812,0.768790652539845,41.086216,0.34965034965034963,0.4641909814323607,False
2301,Cytotoxic CD8,Exhausted CD4,Ursodeoxycholic acid,-8.343079,-0.07363961030119917,0.5293514238884812,0.768790652539845,41.086216,0.34965034965034963,0.4641909814323607,False
2302,Cytotoxic CD8,Exhausted CD4,Ursodeoxycholic acid 3-sulfate,-8.343079,-0.07363961030119917,0.5293514238884812,0.768790652539845,41.086216,0.34965034965034963,0.4641909814323607,False
2303,Cytotoxic CD8,Exhausted CD4,Varanic acid,-8.343079,-0.07363961030119917,0.5293514238884812,0.768790652539845,41.086216,0.34965034965034963,0.4641909814323607,False
2304,Cytotoxic CD8,Exhausted CD4,Vitamin C,-57.58038,-1.0164585287738912,0.8452944567767948,0.8709461643062221,8.667959,0.7902097902097902,0.8429947093974802,False
2305,Cytotoxic CD8,Exhausted CD4,Vitamin D3,103.279396,1.8231769902498927,0.034138294433244176,0.2145835650089634,142.66463,0.008991008991008992,0.029914529914529916,True
2306,Cytotoxic CD8,Exhausted CD4,Water,50.206455,0.2558492086484796,0.39903363754714927,0.768790652539845,143.04327,0.04395604395604396,0.10425657950410426,False
2307,Cytotoxic CD8,Exhausted CD4,Zinc,78.26169,0.9768983042362673,0.16430975070157589,0.6819091867422475,159.73276,0.4905094905094905,0.5901442307692307,False
2308,Cytotoxic CD8,Exhausted CD4,alpha-Ketoisovaleric acid,130.41185,2.302142471862349,0.01066356947163604,0.08010681456741221,20.887321,0.025974025974025976,0.06767371601208459,False
2309,Cytotoxic CD8,Exhausted CD4,alpha-Tocopherol,149.93352,2.646755786041809,0.004063400941085988,0.03462724280229798,47.53984,0.027972027972027972,0.07192330627035456,False
2310,Cytotoxic CD8,Exhausted CD8,"(3a,5b,7a)-23-Carboxy-7-hydroxy-24-norcholan-3-yl-b-D-Glucopyranosiduronic acid",-3.4034185,-0.10133531238551943,0.5403578573847154,0.768790652539845,0.0,0.1008991008991009,0.18458927580692533,False
2311,Cytotoxic CD8,Exhausted CD8,17a-Ethynylestradiol,44.67057,1.5358058455254255,0.06229300281651874,0.3316141088207763,22.315252,0.0999000999000999,0.18448361060780763,False
2312,Cytotoxic CD8,Exhausted CD8,"1b,3a,12a-Trihydroxy-5b-cholanoic acid",-3.4034185,-0.10133531238551943,0.5403578573847154,0.768790652539845,0.0,0.1008991008991009,0.18458927580692533,False
2313,Cytotoxic CD8,Exhausted CD8,2-Hydroxychlorpropamide,44.07049,1.855702466197223,0.031747989551011456,0.205551547963906,22.315252,0.0959040959040959,0.17933150977383414,False
2314,Cytotoxic CD8,Exhausted CD8,25-Hydroxycholesterol,-6.9999523,-0.4168410943988344,0.6616026790149403,0.7782149353655358,0.0,0.1998001998001998,0.3081324969736987,False
2315,Cytotoxic CD8,Exhausted CD8,"3',4'-Dihydrodiol",44.560066,1.3267566643082562,0.09229459496937015,0.45849572984783876,22.315252,0.0969030969030969,0.18080750923676064,False
2316,Cytotoxic CD8,Exhausted CD8,3-Sulfodeoxycholic acid,-3.4034185,-0.10133531238551943,0.5403578573847154,0.768790652539845,0.0,0.1008991008991009,0.18458927580692533,False
2317,Cytotoxic CD8,Exhausted CD8,"3alpha,7alpha-Dihydroxycoprostanic acid",-3.4034185,-0.10133531238551943,0.5403578573847154,0.768790652539845,0.0,0.1008991008991009,0.18458927580692533,False
2318,Cytotoxic CD8,Exhausted CD8,3b-Hydroxy-5-cholenoic acid,-3.4034185,-0.10133531238551943,0.5403578573847154,0.768790652539845,0.0,0.1008991008991009,0.18458927580692533,False
2319,Cytotoxic CD8,Exhausted CD8,4'-Hydroxydiclofenac,25.563503,0.6807863096684691,0.24800335695600384,0.768790652539845,84.196556,0.3946053946053946,0.5129751165325479,False
2320,Cytotoxic CD8,Exhausted CD8,4-Hydroxycyclophosphamide,44.000412,2.6201864038587934,0.004394085792806129,0.036648545335744735,22.315252,0.0959040959040959,0.17933150977383414,False
2321,Cytotoxic CD8,Exhausted CD8,4-Hydroxyvalsartan,0.24736933,0.01041612799633364,0.4958446412840996,0.768790652539845,0.0,0.000999000999000999,0.005797701625427063,False
2322,Cytotoxic CD8,Exhausted CD8,4-ene-Valproic acid,-3.1652746,-0.13328210509916924,0.5530148603040671,0.768790652539845,0.0,0.0989010989010989,0.18358223782244446,False
2323,Cytotoxic CD8,Exhausted CD8,5-Hydroxyomeprazole,37.92312,1.1291444243015394,0.12941845682067438,0.5759706298424389,22.315252,0.13786213786213786,0.23312217194570137,False
2324,Cytotoxic CD8,Exhausted CD8,5-Methyltetrahydrofolic acid,17.168459,1.0223668519081908,0.15330365162708764,0.6486095052310664,31.88912,0.05194805194805195,0.116849243609807,False
2325,Cytotoxic CD8,Exhausted CD8,8-Hydroxycarvedilol,44.000412,2.6201864038587934,0.004394085792806129,0.036648545335744735,22.315252,0.0959040959040959,0.17933150977383414,False
2326,Cytotoxic CD8,Exhausted CD8,ADP,-22.945269,-0.966170102848418,0.8330204647884085,0.8619926997639238,0.0,0.23976023976023977,0.35248760785753624,False
2327,Cytotoxic CD8,Exhausted CD8,Acetate,-8.517727,-0.2536116277373486,0.6001021936791711,0.768790652539845,0.0,0.6463536463536463,0.7199888718876061,False
2328,Cytotoxic CD8,Exhausted CD8,Acetyl-L-Carnitine,-1.2223827,-0.07279182838634769,0.5290141131449695,0.768790652539845,0.0,0.04695304695304695,0.10821033589606545,False
2329,Cytotoxic CD8,Exhausted CD8,Acetylcholine,0.0,0.0,0.5,0.768790652539845,0.0,0.000999000999000999,0.005797701625427063,False
2330,Cytotoxic CD8,Exhausted CD8,Adenine,-5.1446223,-0.30635780126771534,0.6203338828349135,0.768790652539845,0.0,0.06993006993006994,0.14602346805736638,False
2331,Cytotoxic CD8,Exhausted CD8,Adenosine,-7.5444274,-0.4492641134958857,0.6733794288770851,0.7782149353655358,0.0,0.5754245754245755,0.6620146129217634,False
2332,Cytotoxic CD8,Exhausted CD8,Adenosine diphosphate ribose,10.813028,0.64390646700259,0.25981804398047803,0.768790652539845,29.988157,0.15284715284715283,0.251556077510276,False
2333,Cytotoxic CD8,Exhausted CD8,Adenosine triphosphate,20.793423,0.6191151512542861,0.26792025135883346,0.768790652539845,473.5296,0.14485514485514486,0.2423808244530014,False
2334,Cytotoxic CD8,Exhausted CD8,Adenosylcobalamin,0.9480173,0.05645360863072493,0.4774902257495289,0.768790652539845,0.0,0.003996003996003996,0.01628617129562309,False
2335,Cytotoxic CD8,Exhausted CD8,Amiloride-sensitive sodium transport,-6.7771206,-0.23300220550668294,0.5921201534231284,0.768790652539845,0.0,0.2707292707292707,0.38325167937774635,False
2336,Cytotoxic CD8,Exhausted CD8,Anion exchange,-3.2811496,-0.19538961682838185,0.5774560277330925,0.768790652539845,0.0,0.0959040959040959,0.17933150977383414,False
2337,Cytotoxic CD8,Exhausted CD8,Betaine,0.0,0.0,0.5,0.768790652539845,0.0,0.000999000999000999,0.005797701625427063,False
2338,Cytotoxic CD8,Exhausted CD8,Bilirubin,0.80702287,0.03398179299836301,0.48644583469904323,0.768790652539845,0.0,0.003996003996003996,0.01628617129562309,False
2339,Cytotoxic CD8,Exhausted CD8,Butyrate,-1.9428921,-0.11569753936534358,0.54605387177059,0.768790652539845,0.0,0.056943056943056944,0.12578814627994955,False
2340,Cytotoxic CD8,Exhausted CD8,Cadmium,-0.6182388,-0.0368155851855417,0.5146839763541197,0.768790652539845,0.0,0.6753246753246753,0.7436159346271706,False
2341,Cytotoxic CD8,Exhausted CD8,Calcidiol,0.9480173,0.039918729485237,0.48407895951685664,0.768790652539845,0.0,0.003996003996003996,0.01628617129562309,False
2342,Cytotoxic CD8,Exhausted CD8,Calcium,0.9480173,0.05645360863072493,0.4774902257495289,0.768790652539845,0.0,0.003996003996003996,0.01628617129562309,False
2343,Cytotoxic CD8,Exhausted CD8,Calcium release-activated calcium transport,-14.1075735,-0.48502836835211416,0.6861718887429886,0.7782149353655358,7.924017,0.6913086913086913,0.756195605510674,False
2344,Cytotoxic CD8,Exhausted CD8,Chenodeoxycholic acid,-3.4034185,-0.10133531238551943,0.5403578573847154,0.768790652539845,0.0,0.1008991008991009,0.18458927580692533,False
2345,Cytotoxic CD8,Exhausted CD8,Chenodeoxycholic acid 3-sulfate,-3.4034185,-0.10133531238551943,0.5403578573847154,0.768790652539845,0.0,0.1008991008991009,0.18458927580692533,False
2346,Cytotoxic CD8,Exhausted CD8,Chloride,-18.201645,-0.4424971297026392,0.6709352465607585,0.7782149353655358,9.176334,0.3516483516483517,0.4665562130177515,False
2347,Cytotoxic CD8,Exhausted CD8,Chloride ion,6.2608476,0.18641402358210418,0.4260600479748052,0.768790652539845,7.0509076,0.6633366633366633,0.7336003314459328,False
2348,Cytotoxic CD8,Exhausted CD8,Chloride_bicarbonate anion exchange,0.30547076,0.018190519318526697,0.4927434329372055,0.768790652539845,0.0,0.000999000999000999,0.005797701625427063,False
2349,Cytotoxic CD8,Exhausted CD8,Cholesterol,122.215614,3.254746276057935,0.0005674685520148628,0.0055993693278903614,34.520542,0.03396603396603397,0.08427016021952731,False
2350,Cytotoxic CD8,Exhausted CD8,Cholic acid,15.662403,0.2408175943108264,0.40484824628893024,0.768790652539845,92.120575,0.45454545454545453,0.5664739884393063,False
2351,Cytotoxic CD8,Exhausted CD8,Choline,-0.93751466,-0.024967123671698177,0.509959406530502,0.768790652539845,0.0,0.04795204795204795,0.1101594196959141,False
2352,Cytotoxic CD8,Exhausted CD8,Citric acid,-0.834934,-0.04971959593458822,0.5198270797632765,0.768790652539845,0.0,0.5334665334665335,0.6274707289437241,False
2353,Cytotoxic CD8,Exhausted CD8,Cobalamin,0.9480173,0.05645360863072493,0.4774902257495289,0.768790652539845,0.0,0.003996003996003996,0.01628617129562309,False
2354,Cytotoxic CD8,Exhausted CD8,Coprocholic acid,-3.4034185,-0.10133531238551943,0.5403578573847154,0.768790652539845,0.0,0.1008991008991009,0.18458927580692533,False
2355,Cytotoxic CD8,Exhausted CD8,Cortisol,41.348484,1.4215901646244495,0.07757263083175599,0.393984904766233,22.315252,0.11188811188811189,0.20027461123351534,False
2356,Cytotoxic CD8,Exhausted CD8,Creatine,-1.2223827,-0.07279182838634769,0.5290141131449695,0.768790652539845,0.0,0.04695304695304695,0.10821033589606545,False
2357,Cytotoxic CD8,Exhausted CD8,Cyclic AMP,-1.5579691,-0.09277570939868263,0.5369591255722418,0.768790652539845,0.0,0.03896103896103896,0.09395973154362415,False
2358,Cytotoxic CD8,Exhausted CD8,Cytidine,-7.5444274,-0.4492641134958857,0.6733794288770851,0.7782149353655358,0.0,0.5754245754245755,0.6620146129217634,False
2359,Cytotoxic CD8,Exhausted CD8,D-Aspartate,-0.44376314,-0.018685798910413835,0.5074541214468868,0.768790652539845,0.0,0.002997002997002997,0.01360323886639676,False
2360,Cytotoxic CD8,Exhausted CD8,D-Galactose,4.4220486,0.18620183486008515,0.426143242556315,0.768790652539845,76.88305,0.8261738261738262,0.8693171152907609,False
2361,Cytotoxic CD8,Exhausted CD8,D-Glucose,6.0869026,0.1479776664471041,0.4411801968864929,0.768790652539845,76.88305,0.8491508491508492,0.8882917179860411,False
2362,Cytotoxic CD8,Exhausted CD8,D-Lactate,-1.9428921,-0.11569753936534358,0.54605387177059,0.768790652539845,0.0,0.056943056943056944,0.12578814627994955,False
2363,Cytotoxic CD8,Exhausted CD8,D-Maltose,11.70827,0.697217336661933,0.24283339546966115,0.768790652539845,76.88305,0.7882117882117882,0.8414878016264498,False
2364,Cytotoxic CD8,Exhausted CD8,D-Mannose,4.4220486,0.18620183486008515,0.426143242556315,0.768790652539845,76.88305,0.8261738261738262,0.8693171152907609,False
2365,Cytotoxic CD8,Exhausted CD8,D-Xylose,11.70827,0.697217336661933,0.24283339546966115,0.768790652539845,76.88305,0.7882117882117882,0.8414878016264498,False
2366,Cytotoxic CD8,Exhausted CD8,Dehydroascorbic acid,4.5434303,0.15620635238588326,0.4379351848616097,0.768790652539845,76.88305,0.8261738261738262,0.8693171152907609,False
2367,Cytotoxic CD8,Exhausted CD8,Dehydroepiandrosterone,0.24736933,0.01041612799633364,0.4958446412840996,0.768790652539845,0.0,0.000999000999000999,0.005797701625427063,False
2368,Cytotoxic CD8,Exhausted CD8,Deoxycholic acid,-3.4034185,-0.10133531238551943,0.5403578573847154,0.768790652539845,0.0,0.1008991008991009,0.18458927580692533,False
2369,Cytotoxic CD8,Exhausted CD8,Digoxin,0.24736933,0.014730629479829126,0.4941235416078698,0.768790652539845,0.0,0.000999000999000999,0.005797701625427063,False
2370,Cytotoxic CD8,Exhausted CD8,Docosahexaenoic acid,4.5434303,0.15620635238588326,0.4379351848616097,0.768790652539845,76.88305,0.8261738261738262,0.8693171152907609,False
2371,Cytotoxic CD8,Exhausted CD8,Dopamine,-0.7655057,-0.01861007971085112,0.5074239191085725,0.768790652539845,0.0,0.052947052947052944,0.1186013986013986,False
2372,Cytotoxic CD8,Exhausted CD8,E-3179,44.000412,2.6201864038587934,0.004394085792806129,0.036648545335744735,22.315252,0.0959040959040959,0.17933150977383414,False
2373,Cytotoxic CD8,Exhausted CD8,Estradiol,37.823723,0.7122619073206099,0.23815130390787703,0.768790652539845,22.315252,0.3886113886113886,0.5065575295321365,False
2374,Cytotoxic CD8,Exhausted CD8,Estriol,44.000412,2.6201864038587934,0.004394085792806129,0.036648545335744735,22.315252,0.0959040959040959,0.17933150977383414,False
2375,Cytotoxic CD8,Exhausted CD8,Estrone,0.24736933,0.014730629479829126,0.4941235416078698,0.768790652539845,0.0,0.000999000999000999,0.005797701625427063,False
2376,Cytotoxic CD8,Exhausted CD8,Estrone sulfate,0.24736933,0.014730629479829126,0.4941235416078698,0.768790652539845,0.0,0.000999000999000999,0.005797701625427063,False
2377,Cytotoxic CD8,Exhausted CD8,Ethanol,-7.266255,-0.2498189895512437,0.5986363331303027,0.768790652539845,0.0,0.6013986013986014,0.6874949017048698,False
2378,Cytotoxic CD8,Exhausted CD8,Fatty acid,78.44108,2.335549115158001,0.009757376630437652,0.07446691686804806,69.99492,0.2127872127872128,0.32513765469116285,False
2379,Cytotoxic CD8,Exhausted CD8,Folic acid,-6.741828,-0.11134774748177534,0.5443297031169282,0.768790652539845,31.88912,0.1918081918081918,0.2975096845600443,False
2380,Cytotoxic CD8,Exhausted CD8,Folinic acid,-7.6282015,-0.20314802256370565,0.5804903311870486,0.768790652539845,0.0,0.1918081918081918,0.2975096845600443,False
2381,Cytotoxic CD8,Exhausted CD8,Fusidic Acid,0.5596535,0.03332688216485969,0.4867069583976415,0.768790652539845,0.0,0.003996003996003996,0.01628617129562309,False
2382,Cytotoxic CD8,Exhausted CD8,GABA,0.0,0.0,0.5,0.768790652539845,0.0,0.000999000999000999,0.005797701625427063,False
2383,Cytotoxic CD8,Exhausted CD8,Glucosamine,-7.1648397,-0.301694177751079,0.6185573964581916,0.768790652539845,0.0,0.34065934065934067,0.45604566188235857,False
2384,Cytotoxic CD8,Exhausted CD8,Glutathione,-28.580961,-0.5673238244443437,0.7147529032865776,0.7868303597068477,69.80532,0.6183816183816184,0.7011468678573597,False
2385,Cytotoxic CD8,Exhausted CD8,Glycerol,44.000412,2.6201864038587934,0.004394085792806129,0.036648545335744735,22.315252,0.0959040959040959,0.17933150977383414,False
2386,Cytotoxic CD8,Exhausted CD8,Glycochenodeoxycholate-3-sulfate,-3.4034185,-0.10133531238551943,0.5403578573847154,0.768790652539845,0.0,0.1008991008991009,0.18458927580692533,False
2387,Cytotoxic CD8,Exhausted CD8,Glycyl-glycine,0.070079796,0.004173191122843747,0.4983351424492976,0.768790652539845,0.0,0.000999000999000999,0.005797701625427063,False
2388,Cytotoxic CD8,Exhausted CD8,Guanosine,-7.5444274,-0.4492641134958857,0.6733794288770851,0.7782149353655358,0.0,0.5754245754245755,0.6620146129217634,False
2389,Cytotoxic CD8,Exhausted CD8,Heme,3.401626,0.14323429816756475,0.44305257153164895,0.768790652539845,0.0,0.5424575424575424,0.6357914985259372,False
2390,Cytotoxic CD8,Exhausted CD8,Histamine,-1.2223827,-0.07279182838634769,0.5290141131449695,0.768790652539845,0.0,0.04695304695304695,0.10821033589606545,False
2391,Cytotoxic CD8,Exhausted CD8,Hydroxycelecoxib,-1.5579691,-0.09277570939868263,0.5369591255722418,0.768790652539845,0.0,0.03896103896103896,0.09395973154362415,False
2392,Cytotoxic CD8,Exhausted CD8,Hydroxylansoprazole,41.348484,1.4215901646244495,0.07757263083175599,0.393984904766233,22.315252,0.11188811188811189,0.20027461123351534,False
2393,Cytotoxic CD8,Exhausted CD8,Hyodeoxycholic acid,-3.4034185,-0.10133531238551943,0.5403578573847154,0.768790652539845,0.0,0.1008991008991009,0.18458927580692533,False
2394,Cytotoxic CD8,Exhausted CD8,Inosine,-7.5444274,-0.4492641134958857,0.6733794288770851,0.7782149353655358,0.0,0.5754245754245755,0.6620146129217634,False
2395,Cytotoxic CD8,Exhausted CD8,Iron,43.44593,0.7468509293590267,0.22757677458788284,0.768790652539845,661.1336,0.001998001998001998,0.010183669758137844,True
2396,Cytotoxic CD8,Exhausted CD8,Isoursodeoxycholic acid,-3.4034185,-0.10133531238551943,0.5403578573847154,0.768790652539845,0.0,0.1008991008991009,0.18458927580692533,False
2397,Cytotoxic CD8,Exhausted CD8,Ketone bodies,-1.9428921,-0.11569753936534358,0.54605387177059,0.768790652539845,0.0,0.056943056943056944,0.12578814627994955,False
2398,Cytotoxic CD8,Exhausted CD8,L-Alanine,2.623623,0.15623446976921912,0.43792410369386964,0.768790652539845,24.271683,0.4245754245754246,0.5410074559010729,False
2399,Cytotoxic CD8,Exhausted CD8,L-Arginine,-7.178433,-0.24679960835472958,0.5974683431977753,0.768790652539845,27.449354,0.20279720279720279,0.31208477461154116,False
2400,Cytotoxic CD8,Exhausted CD8,L-Asparagine,2.623623,0.15623446976921912,0.43792410369386964,0.768790652539845,24.271683,0.4245754245754246,0.5410074559010729,False
2401,Cytotoxic CD8,Exhausted CD8,L-Aspartate,-0.44376314,-0.018685798910413835,0.5074541214468868,0.768790652539845,0.0,0.002997002997002997,0.01360323886639676,False
2402,Cytotoxic CD8,Exhausted CD8,L-Carnitine,-2.226004,-0.050101686351814056,0.5199793220433307,0.768790652539845,0.0,0.060939060939060936,0.13197851871885022,False
2403,Cytotoxic CD8,Exhausted CD8,L-Cysteine,22.118477,0.5377185733749842,0.29538567728232534,0.768790652539845,41.175316,0.1878121878121878,0.2926802146173306,False
2404,Cytotoxic CD8,Exhausted CD8,L-Cystine,141.07175,3.4295715252321153,0.00030226753732565093,0.0031106864461771045,24.611488,0.1918081918081918,0.2975096845600443,False
2405,Cytotoxic CD8,Exhausted CD8,L-Dopa,0.070079796,0.004173191122843747,0.4983351424492976,0.768790652539845,0.0,0.000999000999000999,0.005797701625427063,False
2406,Cytotoxic CD8,Exhausted CD8,L-Glutamate,0.8512993,0.011630032127439977,0.49536039305255963,0.768790652539845,78.614685,0.25574425574425574,0.3685726038667215,False
2407,Cytotoxic CD8,Exhausted CD8,L-Glutamine,28.010475,0.4457916238428748,0.32787388642792115,0.768790652539845,175.68843,0.16983016983016982,0.27162748230997485,False
2408,Cytotoxic CD8,Exhausted CD8,L-Histidine,3.4776516,0.20709113887405858,0.4179693411261777,0.768790652539845,27.449354,0.1938061938061938,0.3000690512360171,False
2409,Cytotoxic CD8,Exhausted CD8,L-Isoleucine,-2.7879615,-0.16602069031423525,0.5659296661939917,0.768790652539845,0.0,0.05194805194805195,0.116849243609807,False
2410,Cytotoxic CD8,Exhausted CD8,L-Lactate,-9.585337,-0.40361548517471374,0.6567522516234139,0.7760799421759826,0.0,0.20279720279720279,0.31208477461154116,False
2411,Cytotoxic CD8,Exhausted CD8,L-Leucine,3.319046,0.0625012524307102,0.4750818322981305,0.768790652539845,148.67853,0.22977022977022976,0.3418803418803419,False
2412,Cytotoxic CD8,Exhausted CD8,L-Lysine,-0.6886276,-0.04100717686729094,0.5163549128181523,0.768790652539845,0.0,0.000999000999000999,0.005797701625427063,False
2413,Cytotoxic CD8,Exhausted CD8,L-Methionine,1.1714859,0.04027651492863756,0.48393633847746065,0.768790652539845,27.449354,0.27972027972027974,0.39378186292975714,False
2414,Cytotoxic CD8,Exhausted CD8,L-Ornithine,-0.6886276,-0.04100717686729094,0.5163549128181523,0.768790652539845,0.0,0.000999000999000999,0.005797701625427063,False
2415,Cytotoxic CD8,Exhausted CD8,L-Phenylalanine,1.1714859,0.04027651492863756,0.48393633847746065,0.768790652539845,27.449354,0.27972027972027974,0.39378186292975714,False
2416,Cytotoxic CD8,Exhausted CD8,L-Serine,7.8491936,0.2698608339062719,0.3936336598075046,0.768790652539845,78.614685,0.17882117882117882,0.2818263607737292,False
2417,Cytotoxic CD8,Exhausted CD8,L-Threonine,2.623623,0.15623446976921912,0.43792410369386964,0.768790652539845,24.271683,0.4245754245754246,0.5410074559010729,False
2418,Cytotoxic CD8,Exhausted CD8,L-Tyrosine,3.4776516,0.20709113887405858,0.4179693411261777,0.768790652539845,27.449354,0.1938061938061938,0.3000690512360171,False
2419,Cytotoxic CD8,Exhausted CD8,L-Valine,-2.7879615,-0.16602069031423525,0.5659296661939917,0.768790652539845,0.0,0.05194805194805195,0.116849243609807,False
2420,Cytotoxic CD8,Exhausted CD8,Leukotriene C4,-6.1010947,-0.3633149036379665,0.6418151692953397,0.7719104793751966,61.881306,0.5214785214785215,0.6167348833284105,False
2421,Cytotoxic CD8,Exhausted CD8,Lithocholic acid,-3.4034185,-0.10133531238551943,0.5403578573847154,0.768790652539845,0.0,0.1008991008991009,0.18458927580692533,False
2422,Cytotoxic CD8,Exhausted CD8,Malic acid,0.10990031,0.006544468260666602,0.49738915354520863,0.768790652539845,0.0,0.002997002997002997,0.01360323886639676,False
2423,Cytotoxic CD8,Exhausted CD8,Manganese,-0.33791962,-0.014228982969446271,0.5056763513702184,0.768790652539845,0.0,0.6753246753246753,0.7436159346271706,False
2424,Cytotoxic CD8,Exhausted CD8,N-Desmethylcitalopram,45.84369,1.9303675365259572,0.026780657172555754,0.17802268389891127,22.315252,0.1018981018981019,0.18594355285002767,False
2425,Cytotoxic CD8,Exhausted CD8,N-Desmethyleletriptan,44.000412,2.6201864038587934,0.004394085792806129,0.036648545335744735,22.315252,0.0959040959040959,0.17933150977383414,False
2426,Cytotoxic CD8,Exhausted CD8,N-Desmethyltamoxifen,41.348484,1.4215901646244495,0.07757263083175599,0.393984904766233,22.315252,0.11188811188811189,0.20027461123351534,False
2427,Cytotoxic CD8,Exhausted CD8,N-desmethylimatinib,41.348484,1.0052160454740486,0.15739641527859216,0.6608503823576333,22.315252,0.11188811188811189,0.20027461123351534,False
2428,Cytotoxic CD8,Exhausted CD8,Neurotransmitter,1.0643139,0.02834393693981539,0.48869391902616244,0.768790652539845,0.0,0.005994005994005994,0.02205303229194014,False
2429,Cytotoxic CD8,Exhausted CD8,Nicotinate,-2.0976644,-0.06245704730723095,0.5249005667964887,0.768790652539845,0.0,0.6053946053946054,0.6904156409578256,False
2430,Cytotoxic CD8,Exhausted CD8,Norepinephrine,-0.93751466,-0.027914092866280632,0.5111346658290464,0.768790652539845,0.0,0.04795204795204795,0.1101594196959141,False
2431,Cytotoxic CD8,Exhausted CD8,O-Deethylated candesartan,44.000412,2.6201864038587934,0.004394085792806129,0.036648545335744735,22.315252,0.0959040959040959,0.17933150977383414,False
2432,Cytotoxic CD8,Exhausted CD8,O-Desmethylverapamil (D-702),5.855999,0.06475561618102701,0.4741842901970364,0.768790652539845,92.120575,0.5294705294705294,0.6244739942770576,False
2433,Cytotoxic CD8,Exhausted CD8,Oxalic acid,-0.834934,-0.04971959593458822,0.5198270797632765,0.768790652539845,0.0,0.5334665334665335,0.6274707289437241,False
2434,Cytotoxic CD8,Exhausted CD8,Phosphate,-43.90395,-1.16921407881419,0.8788413048807386,0.8977881323491459,0.0,0.4115884115884116,0.5296237632853569,False
2435,Cytotoxic CD8,Exhausted CD8,Potassium,0.0,0.0,0.5,0.768790652539845,0.0,0.000999000999000999,0.005797701625427063,False
2436,Cytotoxic CD8,Exhausted CD8,Progesterone,38.009823,0.855504446822172,0.19613597184781134,0.768790652539845,84.196556,0.34565434565434566,0.46187218421491744,False
2437,Cytotoxic CD8,Exhausted CD8,Prostaglandins,0.24736933,0.008504732895511983,0.49660714336566775,0.768790652539845,0.0,0.000999000999000999,0.005797701625427063,False
2438,Cytotoxic CD8,Exhausted CD8,Putrescine,-1.3670373,-0.08140588634383587,0.5324404159877048,0.768790652539845,0.0,0.004995004995004995,0.01947419668938656,False
2439,Cytotoxic CD8,Exhausted CD8,Pyruvate,-1.9428921,-0.11569753936534358,0.54605387177059,0.768790652539845,0.0,0.056943056943056944,0.12578814627994955,False
2440,Cytotoxic CD8,Exhausted CD8,Serotonin,1.8432751,0.0633731023364526,0.47473470270628726,0.768790652539845,0.0,0.029970029970029972,0.07633240946885365,False
2441,Cytotoxic CD8,Exhausted CD8,Sodium,133.84332,1.3668872642844654,0.08583032226053533,0.43185571713818943,211.47238,0.23776223776223776,0.3521919509552625,False
2442,Cytotoxic CD8,Exhausted CD8,Sodium_calcium_potassium exchange,-4.4395037,-0.18693682720261828,0.5741449179009486,0.768790652539845,0.0,0.054945054945054944,0.12199952467717658,False
2443,Cytotoxic CD8,Exhausted CD8,Sodium_hydrogen exchange,-9.32604,-0.32063586919409465,0.6257568240234224,0.768790652539845,9.694622,0.3076923076923077,0.41920038886863537,False
2444,Cytotoxic CD8,Exhausted CD8,Spermine,-1.3303471,-0.04573827412585033,0.5182405713118232,0.768790652539845,0.0,0.004995004995004995,0.01947419668938656,False
2445,Cytotoxic CD8,Exhausted CD8,Sulfolithocholic acid,-3.4034185,-0.10133531238551943,0.5403578573847154,0.768790652539845,0.0,0.1008991008991009,0.18458927580692533,False
2446,Cytotoxic CD8,Exhausted CD8,Taurocholic acid,9.087494,0.10823047729456817,0.45690643478138404,0.768790652539845,92.120575,0.6013986013986014,0.6874949017048698,False
2447,Cytotoxic CD8,Exhausted CD8,Testosterone,40.12864,0.9031936149303386,0.1832115730247938,0.7362612328824891,22.315252,0.11788211788211789,0.20849372120906168,False
2448,Cytotoxic CD8,Exhausted CD8,Thiamine,-1.1893843,-0.07082680682123109,0.528232201681124,0.768790652539845,0.0,0.004995004995004995,0.01947419668938656,False
2449,Cytotoxic CD8,Exhausted CD8,Thymidine,-7.7416396,-0.26616305262889517,0.604943181657147,0.768790652539845,0.0,0.5774225774225774,0.6636050516647531,False
2450,Cytotoxic CD8,Exhausted CD8,Thyroxine,0.24736933,0.014730629479829126,0.4941235416078698,0.768790652539845,0.0,0.000999000999000999,0.005797701625427063,False
2451,Cytotoxic CD8,Exhausted CD8,Trihydroxycoprostanoic acid,-3.4034185,-0.10133531238551943,0.5403578573847154,0.768790652539845,0.0,0.1008991008991009,0.18458927580692533,False
2452,Cytotoxic CD8,Exhausted CD8,Urea,0.44322357,0.015238340087537066,0.49392101712059416,0.768790652539845,0.0,0.000999000999000999,0.005797701625427063,False
2453,Cytotoxic CD8,Exhausted CD8,Uridine,-7.5444274,-0.4492641134958857,0.6733794288770851,0.7782149353655358,0.0,0.5754245754245755,0.6620146129217634,False
2454,Cytotoxic CD8,Exhausted CD8,Ursocholic acid,-3.4034185,-0.10133531238551943,0.5403578573847154,0.768790652539845,0.0,0.1008991008991009,0.18458927580692533,False
2455,Cytotoxic CD8,Exhausted CD8,Ursodeoxycholic acid,-3.4034185,-0.10133531238551943,0.5403578573847154,0.768790652539845,0.0,0.1008991008991009,0.18458927580692533,False
2456,Cytotoxic CD8,Exhausted CD8,Ursodeoxycholic acid 3-sulfate,-3.4034185,-0.10133531238551943,0.5403578573847154,0.768790652539845,0.0,0.1008991008991009,0.18458927580692533,False
2457,Cytotoxic CD8,Exhausted CD8,Varanic acid,-3.4034185,-0.10133531238551943,0.5403578573847154,0.768790652539845,0.0,0.1008991008991009,0.18458927580692533,False
2458,Cytotoxic CD8,Exhausted CD8,Vitamin C,-1.2831578,-0.07641093654467354,0.5304539155296842,0.768790652539845,0.0,0.07092907092907093,0.14732473692011264,False
2459,Cytotoxic CD8,Exhausted CD8,Vitamin D3,81.94774,4.879916821983462,5.306529594004544e-07,6.7497804157367534e-06,12.205289,0.00999000999000999,0.03256003256003256,True
2460,Cytotoxic CD8,Exhausted CD8,Water,-37.063583,-0.6371361225741992,0.737981909429895,0.7974225306650513,0.0,0.35264735264735264,0.4673065103304808,False
2461,Cytotoxic CD8,Exhausted CD8,Zinc,-0.36222434,-0.01525239620788121,0.5060845898084869,0.768790652539845,0.0,0.6783216783216783,0.7448238036473331,False
2462,Cytotoxic CD8,Exhausted CD8,alpha-Ketoisovaleric acid,-1.9428921,-0.11569753936534358,0.54605387177059,0.768790652539845,0.0,0.056943056943056944,0.12578814627994955,False
2463,Cytotoxic CD8,Exhausted CD8,alpha-Tocopherol,-0.87303746,-0.0519886240331614,0.5207311210684964,0.768790652539845,0.0,0.003996003996003996,0.01628617129562309,False
2464,Cytotoxic CD8,Treg,"(3a,5b,7a)-23-Carboxy-7-hydroxy-24-norcholan-3-yl-b-D-Glucopyranosiduronic acid",-15.461308,-0.1519616801740827,0.560391420315401,0.768790652539845,11.902687,0.22977022977022976,0.3418803418803419,False
2465,Cytotoxic CD8,Treg,17a-Ethynylestradiol,-8.860256,-0.10055496435044223,0.5400481256657215,0.768790652539845,12.734839,0.4065934065934066,0.5250766005482986,False
2466,Cytotoxic CD8,Treg,"1b,3a,12a-Trihydroxy-5b-cholanoic acid",-15.461308,-0.1519616801740827,0.560391420315401,0.768790652539845,11.902687,0.22977022977022976,0.3418803418803419,False
2467,Cytotoxic CD8,Treg,2-Hydroxychlorpropamide,-40.64595,-0.564963184436623,0.7139505972505138,0.7863486527060576,0.0,0.4925074925074925,0.5910638206769573,False
2468,Cytotoxic CD8,Treg,25-Hydroxycholesterol,69.3269,1.3627607731594913,0.08647895877922668,0.43360147704189,77.50415,0.057942057942057944,0.1274725274725275,False
2469,Cytotoxic CD8,Treg,"3',4'-Dihydrodiol",-71.93163,-0.7069810745019074,0.7602108805362067,0.810590830087073,0.0,0.5774225774225774,0.6636050516647531,False
2470,Cytotoxic CD8,Treg,3-Sulfodeoxycholic acid,-15.461308,-0.1519616801740827,0.560391420315401,0.768790652539845,11.902687,0.22977022977022976,0.3418803418803419,False
2471,Cytotoxic CD8,Treg,"3alpha,7alpha-Dihydroxycoprostanic acid",-15.461308,-0.1519616801740827,0.560391420315401,0.768790652539845,11.902687,0.22977022977022976,0.3418803418803419,False
2472,Cytotoxic CD8,Treg,3b-Hydroxy-5-cholenoic acid,-15.461308,-0.1519616801740827,0.560391420315401,0.768790652539845,11.902687,0.22977022977022976,0.3418803418803419,False
2473,Cytotoxic CD8,Treg,4'-Hydroxydiclofenac,20.782621,0.18269774524817647,0.42751759250809257,0.768790652539845,707.2448,0.06393606393606394,0.1368200038175224,False
2474,Cytotoxic CD8,Treg,4-Hydroxycyclophosphamide,-40.20267,-0.7902650445663336,0.7853135017485544,0.8275346577565411,0.0,0.4925074925074925,0.5910638206769573,False
2475,Cytotoxic CD8,Treg,4-Hydroxyvalsartan,-7.341724,-0.1020471582555362,0.5406403782212503,0.768790652539845,0.0,0.01098901098901099,0.03466321535085251,False
2476,Cytotoxic CD8,Treg,4-ene-Valproic acid,-38.9261,-0.5410579453474736,0.7057661781334844,0.7823047154025067,0.0,0.35764235764235763,0.472763288213932,False
2477,Cytotoxic CD8,Treg,5-Hydroxyomeprazole,-67.04923,-0.6589943318566392,0.7450502957647751,0.8024990060860285,11.902687,0.6293706293706294,0.7043462636507017,False
2478,Cytotoxic CD8,Treg,5-Methyltetrahydrofolic acid,80.23276,1.57713759006125,0.057381934749772524,0.3107966762228396,122.62355,0.005994005994005994,0.02205303229194014,True
2479,Cytotoxic CD8,Treg,8-Hydroxycarvedilol,-40.20267,-0.7902650445663336,0.7853135017485544,0.8275346577565411,0.0,0.4925074925074925,0.5910638206769573,False
2480,Cytotoxic CD8,Treg,ADP,8.885692,0.12350771988887073,0.4508525307546891,0.768790652539845,28.969585,0.34665334665334663,0.46306357830521394,False
2481,Cytotoxic CD8,Treg,Acetate,123.62303,1.215030718551205,0.11217718775652802,0.5162305588112581,478.1697,0.000999000999000999,0.005797701625427063,True
2482,Cytotoxic CD8,Treg,Acetyl-L-Carnitine,-17.235952,-0.33880760450761294,0.6326226639039279,0.7699394468702871,0.0,0.18281718281718282,0.28644901610017887,False
2483,Cytotoxic CD8,Treg,Acetylcholine,0.7769048,0.015271640098862298,0.4939077338838316,0.768790652539845,0.0,0.000999000999000999,0.005797701625427063,False
2484,Cytotoxic CD8,Treg,Adenine,-29.50326,-0.5799464115091346,0.7190246218562982,0.7897799420909529,6.8547363,0.5604395604395604,0.6515544310098098,False
2485,Cytotoxic CD8,Treg,Adenosine,23.889189,0.4695904608237208,0.31932382062475473,0.768790652539845,42.585705,0.3176823176823177,0.4302280633938926,False
2486,Cytotoxic CD8,Treg,Adenosine diphosphate ribose,-3.7995489,-0.07468783974124744,0.5297684584353073,0.768790652539845,43.57503,0.6393606393606394,0.7134894091415831,False
2487,Cytotoxic CD8,Treg,Adenosine triphosphate,118.16113,1.1613483687385133,0.12275012839193317,0.5530810382716989,2504.6958,0.1008991008991009,0.18458927580692533,False
2488,Cytotoxic CD8,Treg,Adenosylcobalamin,-12.047374,-0.2368155677639049,0.5936000631403021,0.768790652539845,0.0,0.04595404595404595,0.1078094919226584,False
2489,Cytotoxic CD8,Treg,Amiloride-sensitive sodium transport,21.755589,0.24690396993542066,0.40249127193382916,0.768790652539845,34.33247,0.11188811188811189,0.20027461123351534,False
2490,Cytotoxic CD8,Treg,Anion exchange,87.39154,1.717857989632268,0.042911260561445744,0.2524329543532797,18.181091,0.11888111888111888,0.20974442905703133,False
2491,Cytotoxic CD8,Treg,Betaine,-1.7657208,-0.034708824692686595,0.5138440379592772,0.768790652539845,0.0,0.004995004995004995,0.01947419668938656,False
2492,Cytotoxic CD8,Treg,Bilirubin,-6.7765703,-0.0941917390963717,0.5375215765769851,0.768790652539845,0.0,0.026973026973026972,0.0698125404007757,False
2493,Cytotoxic CD8,Treg,Butyrate,-21.69015,-0.4263638798325052,0.6650786415353304,0.7782149353655358,0.0,0.22477522477522477,0.3379465722561957,False
2494,Cytotoxic CD8,Treg,Cadmium,-8.738349,-0.1717699732497521,0.5681908137497309,0.768790652539845,27.419792,0.7692307692307693,0.825927060986822,False
2495,Cytotoxic CD8,Treg,Calcidiol,-15.214255,-0.21147233794795792,0.5837406423836771,0.768790652539845,0.0,0.04795204795204795,0.1101594196959141,False
2496,Cytotoxic CD8,Treg,Calcium,-12.047374,-0.2368155677639049,0.5936000631403021,0.768790652539845,0.0,0.04595404595404595,0.1078094919226584,False
2497,Cytotoxic CD8,Treg,Calcium release-activated calcium transport,131.76971,1.49545325076008,0.067398095963154,0.3557167561727296,151.74954,0.16583416583416583,0.267118760955145,False
2498,Cytotoxic CD8,Treg,Chenodeoxycholic acid,-15.461308,-0.1519616801740827,0.560391420315401,0.768790652539845,11.902687,0.22977022977022976,0.3418803418803419,False
2499,Cytotoxic CD8,Treg,Chenodeoxycholic acid 3-sulfate,-15.461308,-0.1519616801740827,0.560391420315401,0.768790652539845,11.902687,0.22977022977022976,0.3418803418803419,False
2500,Cytotoxic CD8,Treg,Chloride,219.92366,1.7648759859079612,0.038792305217756166,0.2329699444275273,88.7999,0.1008991008991009,0.18458927580692533,False
2501,Cytotoxic CD8,Treg,Chloride ion,-53.20496,-0.5229257022371022,0.6994870211366913,0.7823047154025067,56.999348,0.7982017982017982,0.8481960517358748,False
2502,Cytotoxic CD8,Treg,Chloride_bicarbonate anion exchange,-3.9157972,-0.07697293723050068,0.5306774629800365,0.768790652539845,0.0,0.001998001998001998,0.010183669758137844,False
2503,Cytotoxic CD8,Treg,Cholesterol,-80.01731,-0.7034234059417106,0.7591040378522453,0.8096108363143414,0.0,0.7072927072927073,0.7721129503407985,False
2504,Cytotoxic CD8,Treg,Cholic acid,155.39923,0.7887168147439118,0.2151387689867328,0.768790652539845,846.06244,0.023976023976023976,0.06338725652030373,False
2505,Cytotoxic CD8,Treg,Choline,-15.183337,-0.13347505219354702,0.5530911534093989,0.768790652539845,0.0,0.1888111888111888,0.2938122865946756,False
2506,Cytotoxic CD8,Treg,Citric acid,96.76537,1.902119684809301,0.028577754773632343,0.18899889353359303,430.98233,0.000999000999000999,0.005797701625427063,True
2507,Cytotoxic CD8,Treg,Cobalamin,-12.047374,-0.2368155677639049,0.5936000631403021,0.768790652539845,0.0,0.04595404595404595,0.1078094919226584,False
2508,Cytotoxic CD8,Treg,Coprocholic acid,-15.461308,-0.1519616801740827,0.560391420315401,0.768790652539845,11.902687,0.22977022977022976,0.3418803418803419,False
2509,Cytotoxic CD8,Treg,Cortisol,-73.72787,-0.8367368716338359,0.7986297556354516,0.8352523991350229,0.0,0.6263736263736264,0.702268090723629,False
2510,Cytotoxic CD8,Treg,Creatine,-17.235952,-0.33880760450761294,0.6326226639039279,0.7699394468702871,0.0,0.18281718281718282,0.28644901610017887,False
2511,Cytotoxic CD8,Treg,Cyclic AMP,-21.99245,-0.4323062271571829,0.667240569068923,0.7782149353655358,0.0,0.21478521478521478,0.32761013305760384,False
2512,Cytotoxic CD8,Treg,Cytidine,23.889189,0.4695904608237208,0.31932382062475473,0.768790652539845,42.585705,0.3176823176823177,0.4302280633938926,False
2513,Cytotoxic CD8,Treg,D-Aspartate,-24.587402,-0.3417555012659851,0.6337325499310966,0.7699787983383738,0.0,0.06493506493506493,0.13833992094861658,False
2514,Cytotoxic CD8,Treg,D-Galactose,-48.95649,-0.6804765056880848,0.7518986034238446,0.8061130725916504,728.0028,0.6813186813186813,0.74659368585671,False
2515,Cytotoxic CD8,Treg,D-Glucose,-83.758286,-0.6721559042457693,0.74925777507093,0.8047998970037643,745.2483,0.7292707292707292,0.7924937965260545,False
2516,Cytotoxic CD8,Treg,D-Lactate,-21.69015,-0.4263638798325052,0.6650786415353304,0.7782149353655358,0.0,0.22477522477522477,0.3379465722561957,False
2517,Cytotoxic CD8,Treg,D-Maltose,6.642256,0.13056701023111883,0.4480589206431193,0.768790652539845,728.0028,0.6193806193806194,0.7015416944494959,False
2518,Cytotoxic CD8,Treg,D-Mannose,-48.95649,-0.6804765056880848,0.7518986034238446,0.8061130725916504,728.0028,0.6813186813186813,0.74659368585671,False
2519,Cytotoxic CD8,Treg,D-Xylose,6.642256,0.13056701023111883,0.4480589206431193,0.768790652539845,728.0028,0.6193806193806194,0.7015416944494959,False
2520,Cytotoxic CD8,Treg,Dehydroascorbic acid,-49.623455,-0.5631761253173829,0.7133425207569359,0.7858796498477025,728.0028,0.6813186813186813,0.74659368585671,False
2521,Cytotoxic CD8,Treg,Dehydroepiandrosterone,-7.341724,-0.1020471582555362,0.5406403782212503,0.768790652539845,0.0,0.01098901098901099,0.03466321535085251,False
2522,Cytotoxic CD8,Treg,Deoxycholic acid,-15.461308,-0.1519616801740827,0.560391420315401,0.768790652539845,11.902687,0.22977022977022976,0.3418803418803419,False
2523,Cytotoxic CD8,Treg,Digoxin,-3.8888364,-0.0764429670424094,0.530466656584349,0.768790652539845,0.0,0.006993006993006993,0.024817980373535928,False
2524,Cytotoxic CD8,Treg,Docosahexaenoic acid,-49.623455,-0.5631761253173829,0.7133425207569359,0.7858796498477025,728.0028,0.6813186813186813,0.74659368585671,False
2525,Cytotoxic CD8,Treg,Dopamine,-29.398771,-0.23592361727800698,0.5932540292340099,0.768790652539845,0.0,0.2887112887112887,0.40354070564767486,False
2526,Cytotoxic CD8,Treg,E-3179,-40.20267,-0.7902650445663336,0.7853135017485544,0.8275346577565411,0.0,0.4925074925074925,0.5910638206769573,False
2527,Cytotoxic CD8,Treg,Estradiol,-40.84101,-0.25387173368200466,0.6002026736157319,0.768790652539845,430.98233,0.000999000999000999,0.005797701625427063,True
2528,Cytotoxic CD8,Treg,Estriol,-40.20267,-0.7902650445663336,0.7853135017485544,0.8275346577565411,0.0,0.4925074925074925,0.5910638206769573,False
2529,Cytotoxic CD8,Treg,Estrone,-3.8888364,-0.0764429670424094,0.530466656584349,0.768790652539845,0.0,0.006993006993006993,0.024817980373535928,False
2530,Cytotoxic CD8,Treg,Estrone sulfate,-3.8888364,-0.0764429670424094,0.530466656584349,0.768790652539845,0.0,0.006993006993006993,0.024817980373535928,False
2531,Cytotoxic CD8,Treg,Ethanol,7.4001293,0.08398399813745717,0.46653457722628877,0.768790652539845,42.585705,0.35564435564435565,0.47041057102406797,False
2532,Cytotoxic CD8,Treg,Fatty acid,243.36339,2.3919005091497336,0.008380692628907963,0.06582431077568512,567.5367,0.000999000999000999,0.005797701625427063,True
2533,Cytotoxic CD8,Treg,Folic acid,84.890335,0.4628118131785191,0.32174963147069363,0.768790652539845,180.02936,0.013986013986013986,0.04176432985297251,True
2534,Cytotoxic CD8,Treg,Folinic acid,44.305367,0.3894836178485834,0.34845921345845776,0.768790652539845,26.011652,0.1938061938061938,0.3000690512360171,False
2535,Cytotoxic CD8,Treg,Fusidic Acid,-2.887734,-0.056764267851187565,0.5226335109273545,0.768790652539845,0.0,0.02097902097902098,0.057435897435897436,False
2536,Cytotoxic CD8,Treg,GABA,-0.6075058,-0.008444098556283697,0.5033686679013548,0.768790652539845,0.0,0.005994005994005994,0.02205303229194014,False
2537,Cytotoxic CD8,Treg,Glucosamine,-56.265713,-0.7820719160177465,0.7829138448219072,0.8270270697873747,0.0,0.7992007992007992,0.8481960517358748,False
2538,Cytotoxic CD8,Treg,Glutathione,217.21991,1.4232993074562887,0.07732470383530075,0.393984904766233,833.32764,0.02097902097902098,0.057435897435897436,False
2539,Cytotoxic CD8,Treg,Glycerol,-40.20267,-0.7902650445663336,0.7853135017485544,0.8275346577565411,0.0,0.4925074925074925,0.5910638206769573,False
2540,Cytotoxic CD8,Treg,Glycochenodeoxycholate-3-sulfate,-15.461308,-0.1519616801740827,0.560391420315401,0.768790652539845,11.902687,0.22977022977022976,0.3418803418803419,False
2541,Cytotoxic CD8,Treg,Glycyl-glycine,-0.4432798,-0.00871356365028264,0.50347616496435,0.768790652539845,0.0,0.001998001998001998,0.010183669758137844,False
2542,Cytotoxic CD8,Treg,Guanosine,23.889189,0.4695904608237208,0.31932382062475473,0.768790652539845,42.585705,0.3176823176823177,0.4302280633938926,False
2543,Cytotoxic CD8,Treg,Heme,140.77354,1.95669849659427,0.025191463383315637,0.16946269907778008,232.70955,0.006993006993006993,0.024817980373535928,True
2544,Cytotoxic CD8,Treg,Histamine,-17.235952,-0.33880760450761294,0.6326226639039279,0.7699394468702871,0.0,0.18281718281718282,0.28644901610017887,False
2545,Cytotoxic CD8,Treg,Hydroxycelecoxib,-21.99245,-0.4323062271571829,0.667240569068923,0.7782149353655358,0.0,0.21478521478521478,0.32761013305760384,False
2546,Cytotoxic CD8,Treg,Hydroxylansoprazole,-73.72787,-0.8367368716338359,0.7986297556354516,0.8352523991350229,0.0,0.6263736263736264,0.702268090723629,False
2547,Cytotoxic CD8,Treg,Hyodeoxycholic acid,-15.461308,-0.1519616801740827,0.560391420315401,0.768790652539845,11.902687,0.22977022977022976,0.3418803418803419,False
2548,Cytotoxic CD8,Treg,Inosine,23.889189,0.4695904608237208,0.31932382062475473,0.768790652539845,42.585705,0.3176823176823177,0.4302280633938926,False
2549,Cytotoxic CD8,Treg,Iron,42.639023,0.24195493481938327,0.4044075413052167,0.768790652539845,4880.317,0.000999000999000999,0.005797701625427063,True
2550,Cytotoxic CD8,Treg,Isoursodeoxycholic acid,-15.461308,-0.1519616801740827,0.560391420315401,0.768790652539845,11.902687,0.22977022977022976,0.3418803418803419,False
2551,Cytotoxic CD8,Treg,Ketone bodies,-21.69015,-0.4263638798325052,0.6650786415353304,0.7782149353655358,0.0,0.22477522477522477,0.3379465722561957,False
2552,Cytotoxic CD8,Treg,L-Alanine,-32.482594,-0.6385112620023368,0.7384295373250347,0.7974225306650513,40.69192,0.9180819180819181,0.9486626481594131,False
2553,Cytotoxic CD8,Treg,L-Arginine,90.4288,1.02627563023741,0.1523808404373601,0.6474072093522777,119.858246,0.011988011988011988,0.03687040491605399,True
2554,Cytotoxic CD8,Treg,L-Asparagine,-32.482594,-0.6385112620023368,0.7384295373250347,0.7974225306650513,40.69192,0.9180819180819181,0.9486626481594131,False
2555,Cytotoxic CD8,Treg,L-Aspartate,-24.587402,-0.3417555012659851,0.6337325499310966,0.7699787983383738,0.0,0.06493506493506493,0.13833992094861658,False
2556,Cytotoxic CD8,Treg,L-Carnitine,-45.33017,-0.336787674149861,0.631861517283764,0.7699394468702871,0.0,0.25074925074925075,0.36258577103647527,False
2557,Cytotoxic CD8,Treg,L-Cysteine,-54.815384,-0.4398906175017887,0.6699918341681319,0.7782149353655358,84.56641,0.8461538461538461,0.8866623048883073,False
2558,Cytotoxic CD8,Treg,L-Cystine,-31.776464,-0.25500448189868824,0.6006401812041777,0.768790652539845,59.477848,0.6663336663336663,0.7365369826277286,False
2559,Cytotoxic CD8,Treg,L-Dopa,-0.4432798,-0.00871356365028264,0.50347616496435,0.768790652539845,0.0,0.001998001998001998,0.010183669758137844,False
2560,Cytotoxic CD8,Treg,L-Glutamate,-111.52823,-0.5029512229741351,0.6925007168277434,0.7801219586857576,228.85117,0.8321678321678322,0.8732800419342157,False
2561,Cytotoxic CD8,Treg,L-Glutamine,195.79068,1.0285984386339524,0.15183420598720865,0.6474072093522777,633.5989,0.36163836163836166,0.4770219074287597,False
2562,Cytotoxic CD8,Treg,L-Histidine,91.881836,1.8061238538063011,0.035449497799040025,0.2212130745433583,119.858246,0.00999000999000999,0.03256003256003256,True
2563,Cytotoxic CD8,Treg,L-Isoleucine,-27.110312,-0.5329081618737768,0.7029514224787599,0.7823047154025067,0.0,0.3026973026973027,0.41435897435897434,False
2564,Cytotoxic CD8,Treg,L-Lactate,77.99571,1.084110609745567,0.13915787960143633,0.6098056675217413,47.187386,0.056943056943056944,0.12578814627994955,False
2565,Cytotoxic CD8,Treg,L-Leucine,-19.400036,-0.12059252722933404,0.5479931059739849,0.768790652539845,448.2027,0.6793206793206793,0.745351340771188,False
2566,Cytotoxic CD8,Treg,L-Lysine,-1.3765086,-0.02705806844660658,0.5107932904816738,0.768790652539845,0.0,0.001998001998001998,0.010183669758137844,False
2567,Cytotoxic CD8,Treg,L-Methionine,66.19076,0.7511982881185698,0.22626666515817823,0.768790652539845,130.82788,0.01898101898101898,0.05325058805865572,False
2568,Cytotoxic CD8,Treg,L-Ornithine,-1.3765086,-0.02705806844660658,0.5107932904816738,0.768790652539845,0.0,0.001998001998001998,0.010183669758137844,False
2569,Cytotoxic CD8,Treg,L-Phenylalanine,66.19076,0.7511982881185698,0.22626666515817823,0.768790652539845,130.82788,0.01898101898101898,0.05325058805865572,False
2570,Cytotoxic CD8,Treg,L-Serine,-26.54427,-0.30125066597709976,0.6183883213576636,0.768790652539845,177.29828,0.9010989010989011,0.9353727639717048,False
2571,Cytotoxic CD8,Treg,L-Threonine,-32.482594,-0.6385112620023368,0.7384295373250347,0.7974225306650513,40.69192,0.9180819180819181,0.9486626481594131,False
2572,Cytotoxic CD8,Treg,L-Tyrosine,91.881836,1.8061238538063011,0.035449497799040025,0.2212130745433583,119.858246,0.00999000999000999,0.03256003256003256,True
2573,Cytotoxic CD8,Treg,L-Valine,-27.110312,-0.5329081618737768,0.7029514224787599,0.7823047154025067,0.0,0.3026973026973027,0.41435897435897434,False
2574,Cytotoxic CD8,Treg,Leukotriene C4,51.01134,1.002731378038059,0.15799524300987122,0.662719346165919,632.0339,0.0999000999000999,0.18448361060780763,False
2575,Cytotoxic CD8,Treg,Lithocholic acid,-15.461308,-0.1519616801740827,0.560391420315401,0.768790652539845,11.902687,0.22977022977022976,0.3418803418803419,False
2576,Cytotoxic CD8,Treg,Malic acid,-24.120155,-0.4741305771984958,0.6822966024451256,0.7782149353655358,0.0,0.06393606393606394,0.1368200038175224,False
2577,Cytotoxic CD8,Treg,Manganese,-8.765084,-0.12183132342784153,0.548483696891077,0.768790652539845,27.419792,0.7692307692307693,0.825927060986822,False
2578,Cytotoxic CD8,Treg,N-Desmethylcitalopram,27.396389,0.3807993429830315,0.3516760734119816,0.768790652539845,13.505646,0.35664335664335667,0.47158729035453967,False
2579,Cytotoxic CD8,Treg,N-Desmethyleletriptan,-40.20267,-0.7902650445663336,0.7853135017485544,0.8275346577565411,0.0,0.4925074925074925,0.5910638206769573,False
2580,Cytotoxic CD8,Treg,N-Desmethyltamoxifen,-73.72787,-0.8367368716338359,0.7986297556354516,0.8352523991350229,0.0,0.6263736263736264,0.702268090723629,False
2581,Cytotoxic CD8,Treg,N-desmethylimatinib,-79.46937,-0.6377375630588304,0.7381777353651388,0.7974225306650513,0.0,0.6753246753246753,0.7436159346271706,False
2582,Cytotoxic CD8,Treg,Neurotransmitter,-13.981167,-0.12290690430134388,0.5489095908793031,0.768790652539845,0.0,0.07292707292707293,0.14924610273447483,False
2583,Cytotoxic CD8,Treg,Nicotinate,6.7012177,0.0658630126737726,0.47374344411247915,0.768790652539845,430.98233,0.000999000999000999,0.005797701625427063,True
2584,Cytotoxic CD8,Treg,Norepinephrine,-15.183337,-0.1492296450025518,0.5593137857179831,0.768790652539845,0.0,0.1888111888111888,0.2938122865946756,False
2585,Cytotoxic CD8,Treg,O-Deethylated candesartan,-40.20267,-0.7902650445663336,0.7853135017485544,0.8275346577565411,0.0,0.4925074925074925,0.5910638206769573,False
2586,Cytotoxic CD8,Treg,O-Desmethylverapamil (D-702),45.92363,0.16763128417393408,0.4334366791156473,0.768790652539845,860.4066,0.04695304695304695,0.10821033589606545,False
2587,Cytotoxic CD8,Treg,Oxalic acid,96.76537,1.902119684809301,0.028577754773632343,0.18899889353359303,430.98233,0.000999000999000999,0.005797701625427063,True
2588,Cytotoxic CD8,Treg,Phosphate,1.5491352,0.013618277713143617,0.49456726115818045,0.768790652539845,45.641262,0.5164835164835165,0.6128445027729563,False
2589,Cytotoxic CD8,Treg,Potassium,-0.25619602,-0.005036052468086163,0.5020090857634892,0.768790652539845,0.0,0.000999000999000999,0.005797701625427063,False
2590,Cytotoxic CD8,Treg,Progesterone,37.6347,0.27961296927625034,0.38988722790627706,0.768790652539845,644.76874,0.1048951048951049,0.19020508507472345,False
2591,Cytotoxic CD8,Treg,Prostaglandins,-2.3809254,-0.027021100197460037,0.5107785476745644,0.768790652539845,0.0,0.006993006993006993,0.024817980373535928,False
2592,Cytotoxic CD8,Treg,Putrescine,-2.2116563,-0.04347459121727816,0.5173383906788901,0.768790652539845,0.0,0.006993006993006993,0.024817980373535928,False
2593,Cytotoxic CD8,Treg,Pyruvate,-21.69015,-0.4263638798325052,0.6650786415353304,0.7782149353655358,0.0,0.22477522477522477,0.3379465722561957,False
2594,Cytotoxic CD8,Treg,Serotonin,69.10697,0.7842943732962533,0.2164337001508061,0.768790652539845,13.505646,0.07692307692307693,0.15356125356125358,False
2595,Cytotoxic CD8,Treg,Sodium,16.617462,0.056019999929251066,0.4776629372694615,0.768790652539845,749.3687,0.9310689310689311,0.9602413850201461,False
2596,Cytotoxic CD8,Treg,Sodium_calcium_potassium exchange,-21.082842,-0.29304344931370413,0.6152555295159323,0.768790652539845,0.0,0.2077922077922078,0.3179559971611072,False
2597,Cytotoxic CD8,Treg,Sodium_hydrogen exchange,144.97183,1.6452839630511071,0.0499556327164763,0.27723125903918383,66.57103,0.2137862137862138,0.32643277402484205,False
2598,Cytotoxic CD8,Treg,Spermine,-1.825217,-0.020714370689734037,0.5082632473363595,0.768790652539845,0.0,0.007992007992007992,0.027437530622243994,False
2599,Cytotoxic CD8,Treg,Sulfolithocholic acid,-15.461308,-0.1519616801740827,0.560391420315401,0.768790652539845,11.902687,0.22977022977022976,0.3418803418803419,False
2600,Cytotoxic CD8,Treg,Taurocholic acid,98.38986,0.38681046156096305,0.3494482658803056,0.768790652539845,1277.0448,0.000999000999000999,0.005797701625427063,True
2601,Cytotoxic CD8,Treg,Testosterone,-41.322937,-0.30701530446849074,0.6205841384264533,0.768790652539845,12.734839,0.5174825174825175,0.613523402635308,False
2602,Cytotoxic CD8,Treg,Thiamine,-2.1765232,-0.04278397841464871,0.517063132166115,0.768790652539845,0.0,0.004995004995004995,0.01947419668938656,False
2603,Cytotoxic CD8,Treg,Thymidine,24.950428,0.2831621731630134,0.38852626179708843,0.768790652539845,42.585705,0.32167832167832167,0.43509313772801855,False
2604,Cytotoxic CD8,Treg,Thyroxine,-3.8888364,-0.0764429670424094,0.530466656584349,0.768790652539845,0.0,0.006993006993006993,0.024817980373535928,False
2605,Cytotoxic CD8,Treg,Trihydroxycoprostanoic acid,-15.461308,-0.1519616801740827,0.560391420315401,0.768790652539845,11.902687,0.22977022977022976,0.3418803418803419,False
2606,Cytotoxic CD8,Treg,Urea,-4.9736156,-0.056445517262935604,0.5225065514007375,0.768790652539845,0.0,0.007992007992007992,0.027437530622243994,False
2607,Cytotoxic CD8,Treg,Uridine,23.889189,0.4695904608237208,0.31932382062475473,0.768790652539845,42.585705,0.3176823176823177,0.4302280633938926,False
2608,Cytotoxic CD8,Treg,Ursocholic acid,-15.461308,-0.1519616801740827,0.560391420315401,0.768790652539845,11.902687,0.22977022977022976,0.3418803418803419,False
2609,Cytotoxic CD8,Treg,Ursodeoxycholic acid,-15.461308,-0.1519616801740827,0.560391420315401,0.768790652539845,11.902687,0.22977022977022976,0.3418803418803419,False
2610,Cytotoxic CD8,Treg,Ursodeoxycholic acid 3-sulfate,-15.461308,-0.1519616801740827,0.560391420315401,0.768790652539845,11.902687,0.22977022977022976,0.3418803418803419,False
2611,Cytotoxic CD8,Treg,Varanic acid,-15.461308,-0.1519616801740827,0.560391420315401,0.768790652539845,11.902687,0.22977022977022976,0.3418803418803419,False
2612,Cytotoxic CD8,Treg,Vitamin C,1.6775173,0.03297500502191813,0.48684725995090344,0.768790652539845,13.17385,0.3046953046953047,0.4163010626888954,False
2613,Cytotoxic CD8,Treg,Vitamin D3,-2.8882852,-0.05677510327216409,0.5226378266749123,0.768790652539845,0.0,0.16583416583416583,0.267118760955145,False
2614,Cytotoxic CD8,Treg,Water,-15.902576,-0.09023909537465644,0.535951391287088,0.768790652539845,38.485394,0.43656343656343655,0.5515562667628299,False
2615,Cytotoxic CD8,Treg,Zinc,-12.110224,-0.1683274848292397,0.5668371737093405,0.768790652539845,27.419792,0.7822177822177823,0.8373691849362157,False
2616,Cytotoxic CD8,Treg,alpha-Ketoisovaleric acid,-21.69015,-0.4263638798325052,0.6650786415353304,0.7782149353655358,0.0,0.22477522477522477,0.3379465722561957,False
2617,Cytotoxic CD8,Treg,alpha-Tocopherol,-8.370773,-0.16454452836670402,0.565348752076382,0.768790652539845,0.0,0.058941058941058944,0.12914321450906815,False
2618,Cytotoxic CD8,other,"(3a,5b,7a)-23-Carboxy-7-hydroxy-24-norcholan-3-yl-b-D-Glucopyranosiduronic acid",751.7031,1.7836924923006592,0.03723682338291776,0.2242530480825997,1929.1833,0.000999000999000999,0.005797701625427063,True
2619,Cytotoxic CD8,other,17a-Ethynylestradiol,345.09796,0.9455519416115326,0.17218858309640228,0.7017742630545242,348.54596,0.19880119880119881,0.3068112989372832,False
2620,Cytotoxic CD8,other,"1b,3a,12a-Trihydroxy-5b-cholanoic acid",751.7031,1.7836924923006592,0.03723682338291776,0.2242530480825997,1929.1833,0.000999000999000999,0.005797701625427063,True
2621,Cytotoxic CD8,other,2-Hydroxychlorpropamide,252.51764,0.8473841702926446,0.19839051241996497,0.768790652539845,323.521,0.22277722277722278,0.3359969865741114,False
2622,Cytotoxic CD8,other,25-Hydroxycholesterol,793.08575,3.7637760408781853,8.368339385575245e-05,0.0009130400042767881,2086.6978,0.000999000999000999,0.005797701625427063,True
2623,Cytotoxic CD8,other,"3',4'-Dihydrodiol",217.96799,0.5172093199450044,0.3025050233754146,0.768790652539845,364.92532,0.2907092907092907,0.40541347397751015,False
2624,Cytotoxic CD8,other,3-Sulfodeoxycholic acid,751.7031,1.7836924923006592,0.03723682338291776,0.2242530480825997,1929.1833,0.000999000999000999,0.005797701625427063,True
2625,Cytotoxic CD8,other,"3alpha,7alpha-Dihydroxycoprostanic acid",751.7031,1.7836924923006592,0.03723682338291776,0.2242530480825997,1929.1833,0.000999000999000999,0.005797701625427063,True
2626,Cytotoxic CD8,other,3b-Hydroxy-5-cholenoic acid,751.7031,1.7836924923006592,0.03723682338291776,0.2242530480825997,1929.1833,0.000999000999000999,0.005797701625427063,True
2627,Cytotoxic CD8,other,4'-Hydroxydiclofenac,1051.7391,2.2321668630586156,0.012801968313342744,0.09388110096451346,8738.3955,0.054945054945054944,0.12199952467717658,False
2628,Cytotoxic CD8,other,4-Hydroxycyclophosphamide,264.43155,1.2549224637256458,0.10475345418530357,0.4909748852685098,323.521,0.22277722277722278,0.3359969865741114,False
2629,Cytotoxic CD8,other,4-Hydroxyvalsartan,-81.41862,-0.273219913084038,0.6076579131549108,0.768790652539845,0.0,0.12287712287712288,0.21503496503496505,False
2630,Cytotoxic CD8,other,4-ene-Valproic acid,-437.39496,-1.4677848455581481,0.9289186624072474,0.9371688379431853,104.6084,0.9100899100899101,0.9424370058375823,False
2631,Cytotoxic CD8,other,5-Hydroxyomeprazole,1258.7338,2.9868094080475758,0.001409527055833747,0.013070711107000251,2442.9417,0.000999000999000999,0.005797701625427063,True
2632,Cytotoxic CD8,other,5-Methyltetrahydrofolic acid,2349.445,11.149847300436395,3.5864677891247586e-29,8.096779637018827e-28,13360.81,0.000999000999000999,0.005797701625427063,True
2633,Cytotoxic CD8,other,8-Hydroxycarvedilol,264.43155,1.2549224637256458,0.10475345418530357,0.4909748852685098,323.521,0.22277722277722278,0.3359969865741114,False
2634,Cytotoxic CD8,other,ADP,-109.18998,-0.3664134534748085,0.6429717088372098,0.7719104793751966,514.6107,0.9100899100899101,0.9424370058375823,False
2635,Cytotoxic CD8,other,Acetate,1284.1366,3.0470869820929347,0.0011553541675734292,0.011021874271187228,5064.4966,0.000999000999000999,0.005797701625427063,True
2636,Cytotoxic CD8,other,Acetyl-L-Carnitine,-144.68375,-0.6866309411732949,0.7538423373328036,0.8067927919034621,104.6084,0.8201798201798202,0.8651211801896733,False
2637,Cytotoxic CD8,other,Acetylcholine,-32.21694,-0.15289311794012833,0.5607587184054486,0.768790652539845,0.0,0.012987012987012988,0.03929824561403509,False
2638,Cytotoxic CD8,other,Adenine,23.029804,0.10929338335193073,0.4564848972394396,0.768790652539845,190.05669,0.5634365634365635,0.6538047528359693,False
2639,Cytotoxic CD8,other,Adenosine,392.17615,1.861164671586194,0.03136046284824034,0.20334784331069522,2774.5332,0.000999000999000999,0.005797701625427063,True
2640,Cytotoxic CD8,other,Adenosine diphosphate ribose,1199.7695,5.693790099333978,6.212491037706871e-09,8.959284733977267e-08,1605.2874,0.002997002997002997,0.01360323886639676,True
2641,Cytotoxic CD8,other,Adenosine triphosphate,1740.1979,4.12926032001922,1.8196608236301602e-05,0.00020868025190141627,41605.84,0.000999000999000999,0.005797701625427063,True
2642,Cytotoxic CD8,other,Adenosylcobalamin,34.461254,0.16354403275597054,0.4350450533439001,0.768790652539845,13.839147,0.44455544455544455,0.5578937942150981,False
2643,Cytotoxic CD8,other,Amiloride-sensitive sodium transport,1833.5085,5.023725893510006,2.5339276652693914e-07,3.291053039952294e-06,5375.776,0.000999000999000999,0.005797701625427063,True
2644,Cytotoxic CD8,other,Anion exchange,290.37997,1.3780668536923442,0.08409132411072479,0.4240956603104623,383.6176,0.03696303696303696,0.0901496693351897,False
2645,Cytotoxic CD8,other,Betaine,-32.160854,-0.15262694147112638,0.5606537611520587,0.768790652539845,0.0,0.04395604395604396,0.10425657950410426,False
2646,Cytotoxic CD8,other,Bilirubin,33.4879,0.11237676807263511,0.4552623375126862,0.768790652539845,9.413319,0.3116883116883117,0.42370744010088274,False
2647,Cytotoxic CD8,other,Butyrate,-292.7112,-1.3891302940607366,0.9176034333419949,0.9280052060109674,0.0,0.7362637362637363,0.7980817573577755,False
2648,Cytotoxic CD8,other,Cadmium,2962.8462,14.060887421355153,3.302634815276091e-45,8.956579448723588e-44,6601.673,0.000999000999000999,0.005797701625427063,True
2649,Cytotoxic CD8,other,Calcidiol,-61.421658,-0.2061152658661618,0.5816495628210826,0.768790652539845,13.839147,0.5454545454545454,0.6391304347826087,False
2650,Cytotoxic CD8,other,Calcium,34.461254,0.16354403275597054,0.4350450533439001,0.768790652539845,13.839147,0.44455544455544455,0.5578937942150981,False
2651,Cytotoxic CD8,other,Calcium release-activated calcium transport,1012.169,2.773294763136039,0.0027745915708044713,0.02446633712333104,2548.442,0.6113886113886113,0.6944962308502877,False
2652,Cytotoxic CD8,other,Chenodeoxycholic acid,751.7031,1.7836924923006592,0.03723682338291776,0.2242530480825997,1929.1833,0.000999000999000999,0.005797701625427063,True
2653,Cytotoxic CD8,other,Chenodeoxycholic acid 3-sulfate,751.7031,1.7836924923006592,0.03723682338291776,0.2242530480825997,1929.1833,0.000999000999000999,0.005797701625427063,True
2654,Cytotoxic CD8,other,Chloride,1319.5623,2.556571150265113,0.00528547251949358,0.043398951665249735,2068.988,0.14085914085914086,0.23688947557902318,False
2655,Cytotoxic CD8,other,Chloride ion,1408.2534,3.3415998488600156,0.00041648525327796313,0.004195991617136862,5001.43,0.000999000999000999,0.005797701625427063,True
2656,Cytotoxic CD8,other,Chloride_bicarbonate anion exchange,-68.53803,-0.3252634450972115,0.6275091527338295,0.768790652539845,0.0,0.08291708291708291,0.16222253245846713,False
2657,Cytotoxic CD8,other,Cholesterol,2487.7104,5.279811923811455,6.465827813104709e-08,8.740015526679468e-07,1330.4552,0.000999000999000999,0.005797701625427063,True
2658,Cytotoxic CD8,other,Cholic acid,2815.6245,3.45010833321638,0.0002801808174812556,0.0029041819350460914,15851.269,0.001998001998001998,0.010183669758137844,True
2659,Cytotoxic CD8,other,Choline,-208.2269,-0.4419320022894273,0.6707307940329389,0.7782149353655358,113.29437,0.7902097902097902,0.8429947093974802,False
2660,Cytotoxic CD8,other,Citric acid,1223.8337,5.807992495123098,3.1613174988639415e-09,4.589764665017279e-08,3322.109,0.000999000999000999,0.005797701625427063,True
2661,Cytotoxic CD8,other,Cobalamin,34.461254,0.16354403275597054,0.4350450533439001,0.768790652539845,13.839147,0.44455544455544455,0.5578937942150981,False
2662,Cytotoxic CD8,other,Coprocholic acid,751.7031,1.7836924923006592,0.03723682338291776,0.2242530480825997,1929.1833,0.000999000999000999,0.005797701625427063,True
2663,Cytotoxic CD8,other,Cortisol,227.31937,0.622844213363252,0.26669345033892566,0.768790652539845,513.7582,0.26673326673326675,0.3807195783362616,False
2664,Cytotoxic CD8,other,Creatine,-144.68375,-0.6866309411732949,0.7538423373328036,0.8067927919034621,104.6084,0.8201798201798202,0.8651211801896733,False
2665,Cytotoxic CD8,other,Cyclic AMP,274.15808,1.3010820219240187,0.09661519039868954,0.46444225306482645,130.64977,0.31868131868131866,0.43131005842870246,False
2666,Cytotoxic CD8,other,Cytidine,392.17615,1.861164671586194,0.03136046284824034,0.20334784331069522,2774.5332,0.000999000999000999,0.005797701625427063,True
2667,Cytotoxic CD8,other,D-Aspartate,303.40738,1.018157032899216,0.1543016675354965,0.65102621371141,28.091766,0.04695304695304695,0.10821033589606545,False
2668,Cytotoxic CD8,other,D-Galactose,4161.6357,13.965377872937923,1.2677852557172816e-44,3.3954596413993282e-43,27450.328,0.000999000999000999,0.005797701625427063,True
2669,Cytotoxic CD8,other,D-Glucose,3660.7031,7.092388371600794,6.590847969318451e-13,1.1144994683804378e-11,28078.973,0.000999000999000999,0.005797701625427063,True
2670,Cytotoxic CD8,other,D-Lactate,-292.7112,-1.3891302940607366,0.9176034333419949,0.9280052060109674,0.0,0.7362637362637363,0.7980817573577755,False
2671,Cytotoxic CD8,other,D-Maltose,4114.995,19.528682673445623,3.131717078060456e-85,1.089029358112636e-83,26877.65,0.000999000999000999,0.005797701625427063,True
2672,Cytotoxic CD8,other,D-Mannose,4161.6357,13.965377872937923,1.2677852557172816e-44,3.3954596413993282e-43,27450.328,0.000999000999000999,0.005797701625427063,True
2673,Cytotoxic CD8,other,D-Xylose,4114.995,19.528682673445623,3.131717078060456e-85,1.089029358112636e-83,26877.65,0.000999000999000999,0.005797701625427063,True
2674,Cytotoxic CD8,other,Dehydroascorbic acid,4120.184,11.28910771441761,7.426844792177128e-30,1.6855028812561987e-28,27450.328,0.000999000999000999,0.005797701625427063,True
2675,Cytotoxic CD8,other,Dehydroepiandrosterone,-81.41862,-0.273219913084038,0.6076579131549108,0.768790652539845,0.0,0.12287712287712288,0.21503496503496505,False
2676,Cytotoxic CD8,other,Deoxycholic acid,751.7031,1.7836924923006592,0.03723682338291776,0.2242530480825997,1929.1833,0.000999000999000999,0.005797701625427063,True
2677,Cytotoxic CD8,other,Digoxin,-46.078262,-0.2186752930544987,0.5865485017599794,0.768790652539845,0.0,0.058941058941058944,0.12914321450906815,False
2678,Cytotoxic CD8,other,Docosahexaenoic acid,4120.184,11.28910771441761,7.426844792177128e-30,1.6855028812561987e-28,27450.328,0.000999000999000999,0.005797701625427063,True
2679,Cytotoxic CD8,other,Dopamine,1163.8057,2.2548022816245217,0.0120728710055504,0.08918025077384917,717.9264,0.000999000999000999,0.005797701625427063,True
2680,Cytotoxic CD8,other,E-3179,264.43155,1.2549224637256458,0.10475345418530357,0.4909748852685098,323.521,0.22277722277722278,0.3359969865741114,False
2681,Cytotoxic CD8,other,Estradiol,2039.6727,3.0610055264693794,0.001102975113618371,0.010568952644272035,3984.9597,0.000999000999000999,0.005797701625427063,True
2682,Cytotoxic CD8,other,Estriol,264.43155,1.2549224637256458,0.10475345418530357,0.4909748852685098,323.521,0.22277722277722278,0.3359969865741114,False
2683,Cytotoxic CD8,other,Estrone,-46.078262,-0.2186752930544987,0.5865485017599794,0.768790652539845,0.0,0.058941058941058944,0.12914321450906815,False
2684,Cytotoxic CD8,other,Estrone sulfate,-46.078262,-0.2186752930544987,0.5865485017599794,0.768790652539845,0.0,0.058941058941058944,0.12914321450906815,False
2685,Cytotoxic CD8,other,Ethanol,352.6252,0.9661762533307858,0.16697799665196034,0.6844193170753355,2854.1636,0.000999000999000999,0.005797701625427063,True
2686,Cytotoxic CD8,other,Fatty acid,4771.548,11.322254486417588,5.0909608462731295e-30,1.1676714451664754e-28,9658.531,0.000999000999000999,0.005797701625427063,True
2687,Cytotoxic CD8,other,Folic acid,5302.4253,6.979213862230136,1.48418165160421e-12,2.4333807154818835e-11,20089.986,0.000999000999000999,0.005797701625427063,True
2688,Cytotoxic CD8,other,Folinic acid,1251.3097,2.6557270104719803,0.0039568824433753105,0.03385332757109988,2354.9282,0.000999000999000999,0.005797701625427063,True
2689,Cytotoxic CD8,other,Fusidic Acid,79.56616,0.3776000425584751,0.35286386653478297,0.768790652539845,9.413319,0.27672327672327673,0.39007217039253655,False
2690,Cytotoxic CD8,other,GABA,-81.84583,-0.27465353854384555,0.6082087851807245,0.768790652539845,0.0,0.1068931068931069,0.19317815461989812,False
2691,Cytotoxic CD8,other,Glucosamine,5.189064,0.017413162616239968,0.4930535042493439,0.768790652539845,572.6772,0.6543456543456544,0.7273881055783609,False
2692,Cytotoxic CD8,other,Glutathione,1727.43,2.732642639808744,0.0031414229936503144,0.02731011279963741,15429.023,0.002997002997002997,0.01360323886639676,True
2693,Cytotoxic CD8,other,Glycerol,264.43155,1.2549224637256458,0.10475345418530357,0.4909748852685098,323.521,0.22277722277722278,0.3359969865741114,False
2694,Cytotoxic CD8,other,Glycochenodeoxycholate-3-sulfate,751.7031,1.7836924923006592,0.03723682338291776,0.2242530480825997,1929.1833,0.000999000999000999,0.005797701625427063,True
2695,Cytotoxic CD8,other,Glycyl-glycine,-11.913914,-0.05654029566106372,0.5225443022230145,0.768790652539845,0.0,0.00999000999000999,0.03256003256003256,False
2696,Cytotoxic CD8,other,Guanosine,392.17615,1.861164671586194,0.03136046284824034,0.20334784331069522,2774.5332,0.000999000999000999,0.005797701625427063,True
2697,Cytotoxic CD8,other,Heme,1993.1735,6.688576868890131,1.1267563424007918e-11,1.792831493886426e-10,5590.4146,0.000999000999000999,0.005797701625427063,True
2698,Cytotoxic CD8,other,Histamine,-144.68375,-0.6866309411732949,0.7538423373328036,0.8067927919034621,104.6084,0.8201798201798202,0.8651211801896733,False
2699,Cytotoxic CD8,other,Hydroxycelecoxib,274.15808,1.3010820219240187,0.09661519039868954,0.46444225306482645,130.64977,0.31868131868131866,0.43131005842870246,False
2700,Cytotoxic CD8,other,Hydroxylansoprazole,227.31937,0.622844213363252,0.26669345033892566,0.768790652539845,513.7582,0.26673326673326675,0.3807195783362616,False
2701,Cytotoxic CD8,other,Hyodeoxycholic acid,751.7031,1.7836924923006592,0.03723682338291776,0.2242530480825997,1929.1833,0.000999000999000999,0.005797701625427063,True
2702,Cytotoxic CD8,other,Inosine,392.17615,1.861164671586194,0.03136046284824034,0.20334784331069522,2774.5332,0.000999000999000999,0.005797701625427063,True
2703,Cytotoxic CD8,other,Iron,2609.9595,3.575582186434154,0.00017472468535881003,0.0018332973365586262,104114.19,0.000999000999000999,0.005797701625427063,True
2704,Cytotoxic CD8,other,Isoursodeoxycholic acid,751.7031,1.7836924923006592,0.03723682338291776,0.2242530480825997,1929.1833,0.000999000999000999,0.005797701625427063,True
2705,Cytotoxic CD8,other,Ketone bodies,-292.7112,-1.3891302940607366,0.9176034333419949,0.9280052060109674,0.0,0.7362637362637363,0.7980817573577755,False
2706,Cytotoxic CD8,other,L-Alanine,268.45963,1.2740386519846438,0.10132485912477851,0.4790710444583826,4230.0166,0.012987012987012988,0.03929824561403509,True
2707,Cytotoxic CD8,other,L-Arginine,262.95288,0.720478341922634,0.2356152649764472,0.768790652539845,606.88617,0.026973026973026972,0.0698125404007757,False
2708,Cytotoxic CD8,other,L-Asparagine,268.45963,1.2740386519846438,0.10132485912477851,0.4790710444583826,4230.0166,0.012987012987012988,0.03929824561403509,True
2709,Cytotoxic CD8,other,L-Aspartate,303.40738,1.018157032899216,0.1543016675354965,0.65102621371141,28.091766,0.04695304695304695,0.10821033589606545,False
2710,Cytotoxic CD8,other,L-Carnitine,27.55429,0.04942467717705091,0.4802904313235439,0.768790652539845,188.08414,0.8071928071928072,0.8543484007401534,False
2711,Cytotoxic CD8,other,L-Cysteine,-208.01451,-0.40301539057730323,0.6565315488039768,0.7760318087836481,5254.355,0.024975024975024976,0.06574621959237344,False
2712,Cytotoxic CD8,other,L-Cystine,189.59668,0.3673319688576892,0.35668570530854526,0.768790652539845,2350.6702,0.2177822177822178,0.33147791142849387,False
2713,Cytotoxic CD8,other,L-Dopa,-11.913914,-0.05654029566106372,0.5225443022230145,0.768790652539845,0.0,0.00999000999000999,0.03256003256003256,False
2714,Cytotoxic CD8,other,L-Glutamate,610.3018,0.6644640486644168,0.2531966757614994,0.768790652539845,10612.625,0.008991008991008992,0.029914529914529916,True
2715,Cytotoxic CD8,other,L-Glutamine,2078.8608,2.6367261406549614,0.0041855191367275585,0.0355975513167046,15730.172,0.000999000999000999,0.005797701625427063,True
2716,Cytotoxic CD8,other,L-Histidine,501.25525,2.3788253491946114,0.008683951331428914,0.06771283569823053,606.88617,0.02097902097902098,0.057435897435897436,False
2717,Cytotoxic CD8,other,L-Isoleucine,39.974373,0.18970784180665182,0.4247690377654178,0.768790652539845,116.056244,0.47652347652347654,0.5804432855280313,False
2718,Cytotoxic CD8,other,L-Lactate,110.9711,0.3723904345398734,0.3548010873899168,0.768790652539845,1501.5942,0.000999000999000999,0.005797701625427063,True
2719,Cytotoxic CD8,other,L-Leucine,1024.1553,1.5369842948949195,0.06214857766377448,0.33125422359233075,13134.547,0.002997002997002997,0.01360323886639676,True
2720,Cytotoxic CD8,other,L-Lysine,-49.520428,-0.23501090303672226,0.5928998646039925,0.768790652539845,0.0,0.08391608391608392,0.16380541142877045,False
2721,Cytotoxic CD8,other,L-Methionine,892.62305,2.4457445405147036,0.0072276691306099525,0.057714276465166886,855.8323,0.007992007992007992,0.027437530622243994,True
2722,Cytotoxic CD8,other,L-Ornithine,-49.520428,-0.23501090303672226,0.5928998646039925,0.768790652539845,0.0,0.08391608391608392,0.16380541142877045,False
2723,Cytotoxic CD8,other,L-Phenylalanine,892.62305,2.4457445405147036,0.0072276691306099525,0.057714276465166886,855.8323,0.007992007992007992,0.027437530622243994,True
2724,Cytotoxic CD8,other,L-Serine,346.0613,0.9481914702126104,0.171515994366573,0.6996943876146289,9591.683,0.005994005994005994,0.02205303229194014,True
2725,Cytotoxic CD8,other,L-Threonine,268.45963,1.2740386519846438,0.10132485912477851,0.4790710444583826,4230.0166,0.012987012987012988,0.03929824561403509,True
2726,Cytotoxic CD8,other,L-Tyrosine,501.25525,2.3788253491946114,0.008683951331428914,0.06771283569823053,606.88617,0.02097902097902098,0.057435897435897436,False
2727,Cytotoxic CD8,other,L-Valine,39.974373,0.18970784180665182,0.4247690377654178,0.768790652539845,116.056244,0.47652347652347654,0.5804432855280313,False
2728,Cytotoxic CD8,other,Leukotriene C4,645.2074,3.0619843194823,0.0010993748523677512,0.010557916176859116,7241.877,0.006993006993006993,0.024817980373535928,True
2729,Cytotoxic CD8,other,Lithocholic acid,751.7031,1.7836924923006592,0.03723682338291776,0.2242530480825997,1929.1833,0.000999000999000999,0.005797701625427063,True
2730,Cytotoxic CD8,other,Malic acid,347.42484,1.6487867339758406,0.04959566683625645,0.27630040749087575,28.091766,0.03996003996003996,0.09593969504882645,False
2731,Cytotoxic CD8,other,Manganese,3069.0437,10.298920340610186,3.5628265987896863e-25,7.75904459291976e-24,6607.145,0.000999000999000999,0.005797701625427063,True
2732,Cytotoxic CD8,other,N-Desmethylcitalopram,6685.6187,22.435214559471614,8.922328486385427e-112,3.3748316169556106e-110,4552.986,0.000999000999000999,0.005797701625427063,True
2733,Cytotoxic CD8,other,N-Desmethyleletriptan,264.43155,1.2549224637256458,0.10475345418530357,0.4909748852685098,323.521,0.22277722277722278,0.3359969865741114,False
2734,Cytotoxic CD8,other,N-Desmethyltamoxifen,227.31937,0.622844213363252,0.26669345033892566,0.768790652539845,513.7582,0.26673326673326675,0.3807195783362616,False
2735,Cytotoxic CD8,other,N-desmethylimatinib,44.872803,0.08693831033195777,0.4653602737740496,0.768790652539845,531.8978,0.2917082917082917,0.4065436825617821,False
2736,Cytotoxic CD8,other,Neurotransmitter,3266.9404,6.933616828462762,2.0510741608313784e-12,3.3500877960245845e-11,312.7276,0.000999000999000999,0.005797701625427063,True
2737,Cytotoxic CD8,other,Nicotinate,735.7706,1.7458867802063476,0.04041531373163268,0.2397122872225586,3667.5107,0.000999000999000999,0.005797701625427063,True
2738,Cytotoxic CD8,other,Norepinephrine,-208.2269,-0.4940949992758761,0.689380455305954,0.7795866538132442,113.29437,0.7902097902097902,0.8429947093974802,False
2739,Cytotoxic CD8,other,O-Deethylated candesartan,264.43155,1.2549224637256458,0.10475345418530357,0.4909748852685098,323.521,0.22277722277722278,0.3359969865741114,False
2740,Cytotoxic CD8,other,O-Desmethylverapamil (D-702),9167.312,8.078795504421088,3.270480343869069e-16,5.975555611340434e-15,22287.654,0.000999000999000999,0.005797701625427063,True
2741,Cytotoxic CD8,other,Oxalic acid,1223.8337,5.807992495123098,3.1613174988639415e-09,4.589764665017279e-08,3322.109,0.000999000999000999,0.005797701625427063,True
2742,Cytotoxic CD8,other,Phosphate,145.59052,0.30899517990693104,0.37866259670562075,0.768790652539845,1445.541,0.9760239760239761,0.9987222080245336,False
2743,Cytotoxic CD8,other,Potassium,-11.226765,-0.05327926731893896,0.5212453004910542,0.768790652539845,0.0,0.000999000999000999,0.005797701625427063,False
2744,Cytotoxic CD8,other,Progesterone,705.7567,1.2659297979289965,0.10276910852156335,0.4853673559090702,7599.1494,0.004995004995004995,0.01947419668938656,True
2745,Cytotoxic CD8,other,Prostaglandins,-106.966675,-0.2930835830829849,0.6152708675627402,0.768790652539845,0.0,0.08091908091908091,0.15947124173815214,False
2746,Cytotoxic CD8,other,Putrescine,145.93575,0.6925725981026507,0.24428890579829826,0.768790652539845,12.494044,0.5924075924075924,0.6797396323740125,False
2747,Cytotoxic CD8,other,Pyruvate,-292.7112,-1.3891302940607366,0.9176034333419949,0.9280052060109674,0.0,0.7362637362637363,0.7980817573577755,False
2748,Cytotoxic CD8,other,Serotonin,6360.299,17.426915190446735,2.5776530786439302e-68,8.294656772472109e-67,4229.465,0.000999000999000999,0.005797701625427063,True
2749,Cytotoxic CD8,other,Sodium,11491.134,9.352485571351929,4.28058708258322e-21,8.789472142904212e-20,40993.805,0.000999000999000999,0.005797701625427063,True
2750,Cytotoxic CD8,other,Sodium_calcium_potassium exchange,20.244404,0.06793500607454343,0.4729186861467609,0.768790652539845,79.619385,0.5544455544455544,0.647203365124318,False
2751,Cytotoxic CD8,other,Sodium_hydrogen exchange,313.23688,0.858254092331849,0.19537608645837162,0.768790652539845,1632.328,0.002997002997002997,0.01360323886639676,True
2752,Cytotoxic CD8,other,Spermine,26.015541,0.0712813407401162,0.47158692269080077,0.768790652539845,12.494044,0.6623376623376623,0.7336003314459328,False
2753,Cytotoxic CD8,other,Sulfolithocholic acid,751.7031,1.7836924923006592,0.03723682338291776,0.2242530480825997,1929.1833,0.000999000999000999,0.005797701625427063,True
2754,Cytotoxic CD8,other,Taurocholic acid,3052.651,2.8974153615871088,0.0018812562307344205,0.016899951806097543,19684.24,0.000999000999000999,0.005797701625427063,True
2755,Cytotoxic CD8,other,Testosterone,254.43517,0.45638539626863867,0.3240564326822062,0.768790652539845,541.8639,0.3006993006993007,0.41435897435897434,False
2756,Cytotoxic CD8,other,Thiamine,8.081354,0.03835197760909757,0.4847035245517598,0.768790652539845,9.928728,0.35364635364635366,0.4683424683424684,False
2757,Cytotoxic CD8,other,Thymidine,290.3506,0.7955467460513925,0.21314776509442618,0.768790652539845,2794.117,0.000999000999000999,0.005797701625427063,True
2758,Cytotoxic CD8,other,Thyroxine,-46.078262,-0.2186752930544987,0.5865485017599794,0.768790652539845,0.0,0.058941058941058944,0.12914321450906815,False
2759,Cytotoxic CD8,other,Trihydroxycoprostanoic acid,751.7031,1.7836924923006592,0.03723682338291776,0.2242530480825997,1929.1833,0.000999000999000999,0.005797701625427063,True
2760,Cytotoxic CD8,other,Urea,1618.4589,4.434500028188988,4.61431038979101e-06,5.604762366416572e-05,52.49354,0.004995004995004995,0.01947419668938656,True
2761,Cytotoxic CD8,other,Uridine,392.17615,1.861164671586194,0.03136046284824034,0.20334784331069522,2774.5332,0.000999000999000999,0.005797701625427063,True
2762,Cytotoxic CD8,other,Ursocholic acid,751.7031,1.7836924923006592,0.03723682338291776,0.2242530480825997,1929.1833,0.000999000999000999,0.005797701625427063,True
2763,Cytotoxic CD8,other,Ursodeoxycholic acid,751.7031,1.7836924923006592,0.03723682338291776,0.2242530480825997,1929.1833,0.000999000999000999,0.005797701625427063,True
2764,Cytotoxic CD8,other,Ursodeoxycholic acid 3-sulfate,751.7031,1.7836924923006592,0.03723682338291776,0.2242530480825997,1929.1833,0.000999000999000999,0.005797701625427063,True
2765,Cytotoxic CD8,other,Varanic acid,751.7031,1.7836924923006592,0.03723682338291776,0.2242530480825997,1929.1833,0.000999000999000999,0.005797701625427063,True
2766,Cytotoxic CD8,other,Vitamin C,-210.36273,-0.9983261027677842,0.8409393729499002,0.8673523342777316,102.993324,0.9340659340659341,0.9624115430567044,False
2767,Cytotoxic CD8,other,Vitamin D3,2608.9707,12.381487587394117,1.6459205996094003e-35,4.102433309546667e-34,816.69696,0.000999000999000999,0.005797701625427063,True
2768,Cytotoxic CD8,other,Water,3917.4973,5.366877823089897,4.005564171605364e-08,5.465820477203269e-07,2760.6663,0.000999000999000999,0.005797701625427063,True
2769,Cytotoxic CD8,other,Zinc,2839.375,9.528211322293707,8.000821302664935e-22,1.6666445148353237e-20,6652.2354,0.000999000999000999,0.005797701625427063,True
2770,Cytotoxic CD8,other,alpha-Ketoisovaleric acid,-292.7112,-1.3891302940607366,0.9176034333419949,0.9280052060109674,0.0,0.7362637362637363,0.7980817573577755,False
2771,Cytotoxic CD8,other,alpha-Tocopherol,1062.5547,5.042604602056492,2.2961878217067472e-07,3.0003520870301498e-06,96.74815,0.01898101898101898,0.05325058805865572,False
2772,Exhausted CD4,Exhausted CD4,"(3a,5b,7a)-23-Carboxy-7-hydroxy-24-norcholan-3-yl-b-D-Glucopyranosiduronic acid",7.0220985,0.02232039985729354,0.49109618810114947,0.768790652539845,1556.0925,0.022977022977022976,0.061196370028982754,False
2773,Exhausted CD4,Exhausted CD4,17a-Ethynylestradiol,-126.77357,-0.46530008297095105,0.6791417123085564,0.7782149353655358,0.0,0.2627372627372627,0.3758868868357919,False
2774,Exhausted CD4,Exhausted CD4,"1b,3a,12a-Trihydroxy-5b-cholanoic acid",7.0220985,0.02232039985729354,0.49109618810114947,0.768790652539845,1556.0925,0.022977022977022976,0.061196370028982754,False
2775,Exhausted CD4,Exhausted CD4,2-Hydroxychlorpropamide,-59.837326,-0.26898138573353564,0.6060279965055863,0.768790652539845,0.0,0.16283716283716285,0.263769288562677,False
2776,Exhausted CD4,Exhausted CD4,25-Hydroxycholesterol,5296.3804,33.670085084828514,7.924386486407425e-249,4.2712443161736017e-247,108292.27,0.000999000999000999,0.005797701625427063,True
2777,Exhausted CD4,Exhausted CD4,"3',4'-Dihydrodiol",-242.42334,-0.7705653585263316,0.7795176995290632,0.8240451876365091,0.0,0.3706293706293706,0.4869451085173206,False
2778,Exhausted CD4,Exhausted CD4,3-Sulfodeoxycholic acid,7.0220985,0.02232039985729354,0.49109618810114947,0.768790652539845,1556.0925,0.022977022977022976,0.061196370028982754,False
2779,Exhausted CD4,Exhausted CD4,"3alpha,7alpha-Dihydroxycoprostanic acid",7.0220985,0.02232039985729354,0.49109618810114947,0.768790652539845,1556.0925,0.022977022977022976,0.061196370028982754,False
2780,Exhausted CD4,Exhausted CD4,3b-Hydroxy-5-cholenoic acid,7.0220985,0.02232039985729354,0.49109618810114947,0.768790652539845,1556.0925,0.022977022977022976,0.061196370028982754,False
2781,Exhausted CD4,Exhausted CD4,4'-Hydroxydiclofenac,695.7881,1.9781400337974242,0.023956455683107298,0.16242175614081553,8509.183,0.000999000999000999,0.005797701625427063,True
2782,Exhausted CD4,Exhausted CD4,4-Hydroxycyclophosphamide,-43.114,-0.2740837880221933,0.6079898838778782,0.768790652539845,0.0,0.16183816183816183,0.26234817813765177,False
2783,Exhausted CD4,Exhausted CD4,4-Hydroxyvalsartan,-97.886215,-0.4400191577656958,0.6700383840053932,0.7782149353655358,0.0,0.016983016983016984,0.04865831842576029,False
2784,Exhausted CD4,Exhausted CD4,4-ene-Valproic acid,-36.7043,-0.1649935601811681,0.5655254745897178,0.768790652539845,223.54013,0.27472527472527475,0.3877628100214025,False
2785,Exhausted CD4,Exhausted CD4,5-Hydroxyomeprazole,514.7961,1.6363277042457403,0.05088551044757164,0.2819541503575741,1741.9027,0.004995004995004995,0.01947419668938656,True
2786,Exhausted CD4,Exhausted CD4,5-Methyltetrahydrofolic acid,1784.4395,11.34401685788215,3.970687414519909e-30,9.155938038187084e-29,1509.5549,0.8291708291708292,0.870770729514032,False
2787,Exhausted CD4,Exhausted CD4,8-Hydroxycarvedilol,-43.114,-0.2740837880221933,0.6079898838778782,0.768790652539845,0.0,0.16183816183816183,0.26234817813765177,False
2788,Exhausted CD4,Exhausted CD4,ADP,4.6478157,0.020892910685020107,0.4916655409224572,0.768790652539845,938.14954,0.002997002997002997,0.01360323886639676,True
2789,Exhausted CD4,Exhausted CD4,Acetate,4453.2305,14.155011373758185,8.695480526194609e-46,2.373095698034883e-44,158848.47,0.000999000999000999,0.005797701625427063,True
2790,Exhausted CD4,Exhausted CD4,Acetyl-L-Carnitine,-189.44817,-1.2043575834572144,0.8857743005178063,0.903372465428756,95.7434,0.7552447552447552,0.8145611267172047,False
2791,Exhausted CD4,Exhausted CD4,Acetylcholine,-81.541565,-0.5183750480821764,0.6979016898103135,0.7823047154025067,0.0,0.07392607392607392,0.14951652475104632,False
2792,Exhausted CD4,Exhausted CD4,Adenine,1616.8046,10.278330382135081,4.412148167203145e-25,9.560393415567821e-24,18764.318,0.000999000999000999,0.005797701625427063,True
2793,Exhausted CD4,Exhausted CD4,Adenosine,701.8913,4.46205484006071,4.0588721634023925e-06,4.9580330789209964e-05,20391.092,0.000999000999000999,0.005797701625427063,True
2794,Exhausted CD4,Exhausted CD4,Adenosine diphosphate ribose,1944.4408,12.361175454396609,2.1195611850644495e-35,5.252613695401095e-34,1336.4387,0.000999000999000999,0.005797701625427063,True
2795,Exhausted CD4,Exhausted CD4,Adenosine triphosphate,4819.8457,15.320332335425771,2.7965402523004676e-53,8.147757816161902e-52,61606.562,0.000999000999000999,0.005797701625427063,True
2796,Exhausted CD4,Exhausted CD4,Adenosylcobalamin,-43.200848,-0.27463590478391936,0.608202010705897,0.768790652539845,0.0,0.057942057942057944,0.1274725274725275,False
2797,Exhausted CD4,Exhausted CD4,Amiloride-sensitive sodium transport,892.6614,3.2763565933814975,0.0005257784997102877,0.005211854921266116,306.97223,0.8551448551448552,0.8941281802581512,False
2798,Exhausted CD4,Exhausted CD4,Anion exchange,-245.68518,-1.5618668519708598,0.94084032056856,0.9480961585163896,160.53682,0.6493506493506493,0.7225806451612903,False
2799,Exhausted CD4,Exhausted CD4,Betaine,-137.40277,-0.8734952299836989,0.8088033974693807,0.8428130135060342,50.472664,0.2757242757242757,0.38891824564052235,False
2800,Exhausted CD4,Exhausted CD4,Bilirubin,-132.42618,-0.5952835664883996,0.7241730305570565,0.7923456249078984,0.0,0.10589410589410589,0.19169411612736548,False
2801,Exhausted CD4,Exhausted CD4,Butyrate,152.74387,0.971021452944785,0.16576879786388155,0.6827077902474281,127.79674,0.04495504495504495,0.10615890133962422,False
2802,Exhausted CD4,Exhausted CD4,Cadmium,854.5916,5.4327994464753475,2.7738373776218293e-08,3.8583183136468795e-07,2671.1223,0.000999000999000999,0.005797701625427063,True
2803,Exhausted CD4,Exhausted CD4,Calcidiol,-66.60645,-0.2994100370760936,0.6176863976184186,0.768790652539845,0.0,0.09290709290709291,0.17586276760991426,False
2804,Exhausted CD4,Exhausted CD4,Calcium,-43.200848,-0.27463590478391936,0.608202010705897,0.768790652539845,0.0,0.057942057942057944,0.1274725274725275,False
2805,Exhausted CD4,Exhausted CD4,Calcium release-activated calcium transport,895.23486,3.285802122354543,0.0005084621058218151,0.005086980511145398,5151.078,0.06293706293706294,0.13542146476278213,False
2806,Exhausted CD4,Exhausted CD4,Chenodeoxycholic acid,7.0220985,0.02232039985729354,0.49109618810114947,0.768790652539845,1556.0925,0.022977022977022976,0.061196370028982754,False
2807,Exhausted CD4,Exhausted CD4,Chenodeoxycholic acid 3-sulfate,7.0220985,0.02232039985729354,0.49109618810114947,0.768790652539845,1556.0925,0.022977022977022976,0.061196370028982754,False
2808,Exhausted CD4,Exhausted CD4,Chloride,2086.726,5.415703307120705,3.052412980729226e-08,4.232155875531969e-07,2579.3184,0.27372627372627373,0.3866058605658999,False
2809,Exhausted CD4,Exhausted CD4,Chloride ion,826.0257,2.625600269540637,0.004324816439247959,0.03663773769358978,1611.4884,0.6873126873126874,0.7523971332044448,False
2810,Exhausted CD4,Exhausted CD4,Chloride_bicarbonate anion exchange,-25.29978,-0.16083545400914523,0.5638884997627986,0.768790652539845,0.0,0.02097902097902098,0.057435897435897436,False
2811,Exhausted CD4,Exhausted CD4,Cholesterol,3755.3464,10.676528206033431,6.55413228458682e-27,1.4419091026091004e-25,12657.76,0.000999000999000999,0.005797701625427063,True
2812,Exhausted CD4,Exhausted CD4,Cholic acid,851.88995,1.3983082293877196,0.08101026384911453,0.40951495629235857,14000.853,0.000999000999000999,0.005797701625427063,True
2813,Exhausted CD4,Exhausted CD4,Choline,-276.28946,-0.7854966925450654,0.783918795619382,0.8275346577565411,120.90533,0.6423576423576424,0.7160925940657068,False
2814,Exhausted CD4,Exhausted CD4,Citric acid,3434.6987,21.835025129011502,5.394167220608635e-106,1.954592357585247e-104,154920.0,0.000999000999000999,0.005797701625427063,True
2815,Exhausted CD4,Exhausted CD4,Cobalamin,-43.200848,-0.27463590478391936,0.608202010705897,0.768790652539845,0.0,0.057942057942057944,0.1274725274725275,False
2816,Exhausted CD4,Exhausted CD4,Coprocholic acid,7.0220985,0.02232039985729354,0.49109618810114947,0.768790652539845,1556.0925,0.022977022977022976,0.061196370028982754,False
2817,Exhausted CD4,Exhausted CD4,Cortisol,408.16663,1.4981038171284224,0.06705313976051856,0.35432982677372066,211.23549,0.007992007992007992,0.027437530622243994,True
2818,Exhausted CD4,Exhausted CD4,Creatine,-189.44817,-1.2043575834572144,0.8857743005178063,0.903372465428756,95.7434,0.7552447552447552,0.8145611267172047,False
2819,Exhausted CD4,Exhausted CD4,Cyclic AMP,271.76053,1.7276327375206075,0.042027044806024184,0.24756914918521353,134.62964,0.5424575424575424,0.6357914985259372,False
2820,Exhausted CD4,Exhausted CD4,Cytidine,701.8913,4.46205484006071,4.0588721634023925e-06,4.9580330789209964e-05,20391.092,0.000999000999000999,0.005797701625427063,True
2821,Exhausted CD4,Exhausted CD4,D-Aspartate,630.8247,2.835689945620007,0.002286340733046413,0.020285393499786284,3001.3298,0.000999000999000999,0.005797701625427063,True
2822,Exhausted CD4,Exhausted CD4,D-Galactose,7587.6694,34.10817249817099,2.7903020321575206e-255,1.6946172341779197e-253,92440.01,0.000999000999000999,0.005797701625427063,True
2823,Exhausted CD4,Exhausted CD4,D-Glucose,7112.252,18.458506317383062,2.2274595634550075e-76,7.562839084738577e-75,105799.78,0.000999000999000999,0.005797701625427063,True
2824,Exhausted CD4,Exhausted CD4,D-Lactate,152.74387,0.971021452944785,0.16576879786388155,0.6827077902474281,127.79674,0.04495504495504495,0.10615890133962422,False
2825,Exhausted CD4,Exhausted CD4,D-Maltose,3652.9873,23.222726606629017,1.3420453908763355e-119,5.260817932235235e-118,86560.88,0.000999000999000999,0.005797701625427063,True
2826,Exhausted CD4,Exhausted CD4,D-Mannose,7587.6694,34.10817249817099,2.7903020321575206e-255,1.6946172341779197e-253,92440.01,0.000999000999000999,0.005797701625427063,True
2827,Exhausted CD4,Exhausted CD4,D-Xylose,3652.9873,23.222726606629017,1.3420453908763355e-119,5.260817932235235e-118,86560.88,0.000999000999000999,0.005797701625427063,True
2828,Exhausted CD4,Exhausted CD4,Dehydroascorbic acid,8066.5205,29.606744879706344,6.117621866913029e-193,3.067347150014998e-191,92447.37,0.000999000999000999,0.005797701625427063,True
2829,Exhausted CD4,Exhausted CD4,Dehydroepiandrosterone,-97.886215,-0.4400191577656958,0.6700383840053932,0.7782149353655358,0.0,0.016983016983016984,0.04865831842576029,False
2830,Exhausted CD4,Exhausted CD4,Deoxycholic acid,7.0220985,0.02232039985729354,0.49109618810114947,0.768790652539845,1556.0925,0.022977022977022976,0.061196370028982754,False
2831,Exhausted CD4,Exhausted CD4,Digoxin,-70.490425,-0.4481208759227949,0.6729670186962782,0.7782149353655358,0.0,0.015984015984015984,0.04604079954781357,False
2832,Exhausted CD4,Exhausted CD4,Docosahexaenoic acid,8066.5205,29.606744879706344,6.117621866913029e-193,3.067347150014998e-191,92447.37,0.000999000999000999,0.005797701625427063,True
2833,Exhausted CD4,Exhausted CD4,Dopamine,-449.54196,-1.1667012352911776,0.8783344781015232,0.8974830022686654,130.10912,0.8491508491508492,0.8882917179860411,False
2834,Exhausted CD4,Exhausted CD4,E-3179,-43.114,-0.2740837880221933,0.6079898838778782,0.768790652539845,0.0,0.16183816183816183,0.26234817813765177,False
2835,Exhausted CD4,Exhausted CD4,Estradiol,3543.5344,7.123635714573685,5.255832313528774e-13,8.922499581077194e-12,159893.84,0.000999000999000999,0.005797701625427063,True
2836,Exhausted CD4,Exhausted CD4,Estriol,-43.114,-0.2740837880221933,0.6079898838778782,0.768790652539845,0.0,0.16183816183816183,0.26234817813765177,False
2837,Exhausted CD4,Exhausted CD4,Estrone,-70.490425,-0.4481208759227949,0.6729670186962782,0.7782149353655358,0.0,0.015984015984015984,0.04604079954781357,False
2838,Exhausted CD4,Exhausted CD4,Estrone sulfate,-70.490425,-0.4481208759227949,0.6729670186962782,0.7782149353655358,0.0,0.015984015984015984,0.04604079954781357,False
2839,Exhausted CD4,Exhausted CD4,Ethanol,1051.9822,3.861115573191015,5.643524709783195e-05,0.0006255752840253248,20624.385,0.000999000999000999,0.005797701625427063,True
2840,Exhausted CD4,Exhausted CD4,Fatty acid,9018.689,28.666751626984805,4.956439889927579e-181,2.401367281501991e-179,336260.0,0.000999000999000999,0.005797701625427063,True
2841,Exhausted CD4,Exhausted CD4,Folic acid,5206.213,9.179421104439133,2.1670755290179988e-20,4.407749849587553e-19,18106.57,0.000999000999000999,0.005797701625427063,True
2842,Exhausted CD4,Exhausted CD4,Folinic acid,9.507061,0.027028772635120133,0.4892183925832004,0.768790652539845,1979.623,0.20679320679320679,0.3166520979020979,False
2843,Exhausted CD4,Exhausted CD4,Fusidic Acid,-61.93575,-0.3937371930121787,0.6531124605802484,0.7747512874888669,0.0,0.09290709290709291,0.17586276760991426,False
2844,Exhausted CD4,Exhausted CD4,GABA,-154.83398,-0.6960113765974014,0.7567891474312534,0.8081413580296098,50.472664,0.2757242757242757,0.38891824564052235,False
2845,Exhausted CD4,Exhausted CD4,Glucosamine,4413.533,19.839761488830895,6.754905586000851e-88,2.3874715481012844e-86,5886.4854,0.000999000999000999,0.005797701625427063,True
2846,Exhausted CD4,Exhausted CD4,Glutathione,1081.8372,2.292480688851161,0.01093896031663524,0.08189027237036658,13975.428,0.000999000999000999,0.005797701625427063,True
2847,Exhausted CD4,Exhausted CD4,Glycerol,-43.114,-0.2740837880221933,0.6079898838778782,0.768790652539845,0.0,0.16183816183816183,0.26234817813765177,False
2848,Exhausted CD4,Exhausted CD4,Glycochenodeoxycholate-3-sulfate,7.0220985,0.02232039985729354,0.49109618810114947,0.768790652539845,1556.0925,0.022977022977022976,0.061196370028982754,False
2849,Exhausted CD4,Exhausted CD4,Glycyl-glycine,-16.72333,-0.10631334783345535,0.5423331292149994,0.768790652539845,0.0,0.002997002997002997,0.01360323886639676,False
2850,Exhausted CD4,Exhausted CD4,Guanosine,701.8913,4.46205484006071,4.0588721634023925e-06,4.9580330789209964e-05,20391.092,0.000999000999000999,0.005797701625427063,True
2851,Exhausted CD4,Exhausted CD4,Heme,1501.9592,6.751623130103482,7.310011714385725e-12,1.1761481534489271e-10,42354.0,0.000999000999000999,0.005797701625427063,True
2852,Exhausted CD4,Exhausted CD4,Histamine,-189.44817,-1.2043575834572144,0.8857743005178063,0.903372465428756,95.7434,0.7552447552447552,0.8145611267172047,False
2853,Exhausted CD4,Exhausted CD4,Hydroxycelecoxib,271.76053,1.7276327375206075,0.042027044806024184,0.24756914918521353,134.62964,0.5424575424575424,0.6357914985259372,False
2854,Exhausted CD4,Exhausted CD4,Hydroxylansoprazole,408.16663,1.4981038171284224,0.06705313976051856,0.35432982677372066,211.23549,0.007992007992007992,0.027437530622243994,True
2855,Exhausted CD4,Exhausted CD4,Hyodeoxycholic acid,7.0220985,0.02232039985729354,0.49109618810114947,0.768790652539845,1556.0925,0.022977022977022976,0.061196370028982754,False
2856,Exhausted CD4,Exhausted CD4,Inosine,701.8913,4.46205484006071,4.0588721634023925e-06,4.9580330789209964e-05,20391.092,0.000999000999000999,0.005797701625427063,True
2857,Exhausted CD4,Exhausted CD4,Iron,5127.121,9.40909813859644,2.5020601585793958e-21,5.1869631749011316e-20,177128.75,0.000999000999000999,0.005797701625427063,True
2858,Exhausted CD4,Exhausted CD4,Isoursodeoxycholic acid,7.0220985,0.02232039985729354,0.49109618810114947,0.768790652539845,1556.0925,0.022977022977022976,0.061196370028982754,False
2859,Exhausted CD4,Exhausted CD4,Ketone bodies,152.74387,0.971021452944785,0.16576879786388155,0.6827077902474281,127.79674,0.04495504495504495,0.10615890133962422,False
2860,Exhausted CD4,Exhausted CD4,L-Alanine,917.2063,5.830852763225184,2.757241353341007e-09,4.0302456663072623e-08,2187.2585,0.999000999000999,1.0,False
2861,Exhausted CD4,Exhausted CD4,L-Arginine,1493.3007,5.480897445461251,2.115868689114883e-08,2.9718650773496335e-07,246.31792,0.04995004995004995,0.11336032388663968,False
2862,Exhausted CD4,Exhausted CD4,L-Asparagine,917.2063,5.830852763225184,2.757241353341007e-09,4.0302456663072623e-08,2187.2585,0.999000999000999,1.0,False
2863,Exhausted CD4,Exhausted CD4,L-Aspartate,630.8247,2.835689945620007,0.002286340733046413,0.020285393499786284,3001.3298,0.000999000999000999,0.005797701625427063,True
2864,Exhausted CD4,Exhausted CD4,L-Carnitine,-503.81805,-1.2105695696941225,0.8869697936324247,0.904377808026251,372.48178,0.12487512487512488,0.21782424695046054,False
2865,Exhausted CD4,Exhausted CD4,L-Cysteine,2420.043,6.280764337571442,1.6845625565455608e-10,2.603524639363605e-09,15121.143,0.23276723276723277,0.3456240728968002,False
2866,Exhausted CD4,Exhausted CD4,L-Cystine,160.0344,0.41533903458290183,0.33894686483694025,0.768790652539845,13247.626,0.000999000999000999,0.005797701625427063,True
2867,Exhausted CD4,Exhausted CD4,L-Dopa,-16.72333,-0.10631334783345535,0.5423331292149994,0.768790652539845,0.0,0.002997002997002997,0.01360323886639676,False
2868,Exhausted CD4,Exhausted CD4,L-Glutamate,3491.2524,5.091778447272324,1.7736022715813716e-07,2.331638108249657e-06,30211.516,0.000999000999000999,0.005797701625427063,True
2869,Exhausted CD4,Exhausted CD4,L-Glutamine,3255.4812,5.531159987456829,1.5906000380895073e-08,2.2413945634777633e-07,168251.86,0.000999000999000999,0.005797701625427063,True
2870,Exhausted CD4,Exhausted CD4,L-Histidine,1564.1051,9.94330999554497,1.3485653079560697e-23,2.850496866620869e-22,246.31792,0.03896103896103896,0.09395973154362415,False
2871,Exhausted CD4,Exhausted CD4,L-Isoleucine,716.08405,4.552280812087729,2.6533718763053096e-06,3.287741244433475e-05,8763.499,0.000999000999000999,0.005797701625427063,True
2872,Exhausted CD4,Exhausted CD4,L-Lactate,795.4148,3.575557062709696,0.00017474146691224383,0.0018332973365586262,294.6895,0.13686313686313686,0.2319787131107886,False
2873,Exhausted CD4,Exhausted CD4,L-Leucine,4458.0522,8.96210856148557,1.5926401393325364e-19,3.2090954583186436e-18,46101.203,0.000999000999000999,0.005797701625427063,True
2874,Exhausted CD4,Exhausted CD4,L-Lysine,-8.297516,-0.05274886728896051,0.5210339986357876,0.768790652539845,0.0,0.017982017982017984,0.051045728465083304,False
2875,Exhausted CD4,Exhausted CD4,L-Methionine,2370.9255,8.702065213618823,1.6294910330408509e-18,3.150836472857466e-17,9900.674,0.000999000999000999,0.005797701625427063,True
2876,Exhausted CD4,Exhausted CD4,L-Ornithine,-8.297516,-0.05274886728896051,0.5210339986357876,0.768790652539845,0.0,0.017982017982017984,0.051045728465083304,False
2877,Exhausted CD4,Exhausted CD4,L-Phenylalanine,2370.9255,8.702065213618823,1.6294910330408509e-18,3.150836472857466e-17,9900.674,0.000999000999000999,0.005797701625427063,True
2878,Exhausted CD4,Exhausted CD4,L-Serine,1036.3472,3.8037300195468813,7.126675990430423e-05,0.0007839343589473465,19921.453,0.001998001998001998,0.010183669758137844,True
2879,Exhausted CD4,Exhausted CD4,L-Threonine,917.2063,5.830852763225184,2.757241353341007e-09,4.0302456663072623e-08,2187.2585,0.999000999000999,1.0,False
2880,Exhausted CD4,Exhausted CD4,L-Tyrosine,1564.1051,9.94330999554497,1.3485653079560697e-23,2.850496866620869e-22,246.31792,0.03896103896103896,0.09395973154362415,False
2881,Exhausted CD4,Exhausted CD4,L-Valine,716.08405,4.552280812087729,2.6533718763053096e-06,3.287741244433475e-05,8763.499,0.000999000999000999,0.005797701625427063,True
2882,Exhausted CD4,Exhausted CD4,Leukotriene C4,520.12775,3.3065498048397486,0.0004722627894978011,0.0047468464995676415,7495.5327,0.000999000999000999,0.005797701625427063,True
2883,Exhausted CD4,Exhausted CD4,Lithocholic acid,7.0220985,0.02232039985729354,0.49109618810114947,0.768790652539845,1556.0925,0.022977022977022976,0.061196370028982754,False
2884,Exhausted CD4,Exhausted CD4,Malic acid,739.4664,4.700926640137231,1.2949177538291322e-06,1.623164347241633e-05,3001.3298,0.000999000999000999,0.005797701625427063,True
2885,Exhausted CD4,Exhausted CD4,Manganese,1465.2671,6.586684237324864,2.2487868652386103e-11,3.538966774784266e-10,4802.5825,0.000999000999000999,0.005797701625427063,True
2886,Exhausted CD4,Exhausted CD4,N-Desmethylcitalopram,-105.416595,-0.4738698033108669,0.6822036231276825,0.7782149353655358,0.0,0.6173826173826173,0.7001982762109011,False
2887,Exhausted CD4,Exhausted CD4,N-Desmethyleletriptan,-43.114,-0.2740837880221933,0.6079898838778782,0.768790652539845,0.0,0.16183816183816183,0.26234817813765177,False
2888,Exhausted CD4,Exhausted CD4,N-Desmethyltamoxifen,408.16663,1.4981038171284224,0.06705313976051856,0.35432982677372066,211.23549,0.007992007992007992,0.027437530622243994,True
2889,Exhausted CD4,Exhausted CD4,N-desmethylimatinib,260.7858,0.6768202694917707,0.2492599979969266,0.768790652539845,211.23549,0.007992007992007992,0.027437530622243994,True
2890,Exhausted CD4,Exhausted CD4,Neurotransmitter,501.81995,1.4266845690163708,0.07683541773059302,0.39208795414712083,23.681107,0.14285714285714285,0.23968871595330737,False
2891,Exhausted CD4,Exhausted CD4,Nicotinate,3621.1113,11.510042517436007,5.871024866621702e-31,1.3610677002619772e-29,158777.33,0.000999000999000999,0.005797701625427063,True
2892,Exhausted CD4,Exhausted CD4,Norepinephrine,-262.24283,-0.8335634646130623,0.797736489555938,0.8352523991350229,120.90533,0.6423576423576424,0.7160925940657068,False
2893,Exhausted CD4,Exhausted CD4,O-Deethylated candesartan,-43.114,-0.2740837880221933,0.6079898838778782,0.768790652539845,0.0,0.16183816183816183,0.26234817813765177,False
2894,Exhausted CD4,Exhausted CD4,O-Desmethylverapamil (D-702),1636.4664,1.9318488711155226,0.02668908101225986,0.17802268389891127,16422.754,0.000999000999000999,0.005797701625427063,True
2895,Exhausted CD4,Exhausted CD4,Oxalic acid,3434.6987,21.835025129011502,5.394167220608635e-106,1.954592357585247e-104,154920.0,0.000999000999000999,0.005797701625427063,True
2896,Exhausted CD4,Exhausted CD4,Phosphate,796.476,2.2643979100546954,0.011774826201645376,0.08723891852490527,1558.3264,0.007992007992007992,0.027437530622243994,True
2897,Exhausted CD4,Exhausted CD4,Potassium,-18.376978,-0.11682590124442982,0.5465009909662654,0.768790652539845,0.0,0.000999000999000999,0.005797701625427063,False
2898,Exhausted CD4,Exhausted CD4,Progesterone,296.5383,0.7125196064428664,0.23807153738674242,0.768790652539845,7495.5327,0.000999000999000999,0.005797701625427063,True
2899,Exhausted CD4,Exhausted CD4,Prostaglandins,-190.77783,-0.700216480722047,0.7581039396119117,0.8089936457269199,0.0,0.11788211788211789,0.20849372120906168,False
2900,Exhausted CD4,Exhausted CD4,Putrescine,-172.11374,-1.094159375049108,0.863057457331273,0.885650584486542,139.79153,0.03196803196803197,0.08089563019140483,False
2901,Exhausted CD4,Exhausted CD4,Pyruvate,152.74387,0.971021452944785,0.16576879786388155,0.6827077902474281,127.79674,0.04495504495504495,0.10615890133962422,False
2902,Exhausted CD4,Exhausted CD4,Serotonin,-182.59001,-0.6701645257939726,0.7486235424950187,0.8047998970037643,0.0,0.5964035964035964,0.6825085742283195,False
2903,Exhausted CD4,Exhausted CD4,Sodium,3589.5852,3.9135406978432195,4.5476281364561366e-05,0.0005080148322383124,49455.438,0.000999000999000999,0.005797701625427063,True
2904,Exhausted CD4,Exhausted CD4,Sodium_calcium_potassium exchange,1495.3337,6.7218401645751,8.972186805001389e-12,1.432891463080222e-10,183.2721,0.17382617382617382,0.27485825505627487,False
2905,Exhausted CD4,Exhausted CD4,Sodium_hydrogen exchange,304.8495,1.1188964298296624,0.1315921631237965,0.5807834261922319,2918.0735,0.001998001998001998,0.010183669758137844,True
2906,Exhausted CD4,Exhausted CD4,Spermine,-506.40076,-1.8586549181906955,0.9684619663046071,0.9718426806389262,139.79153,0.04895104895104895,0.11150392132959486,False
2907,Exhausted CD4,Exhausted CD4,Sulfolithocholic acid,7.0220985,0.02232039985729354,0.49109618810114947,0.768790652539845,1556.0925,0.022977022977022976,0.061196370028982754,False
2908,Exhausted CD4,Exhausted CD4,Taurocholic acid,5088.4565,6.469654849084385,4.911351211710083e-11,7.645395821261329e-10,177712.97,0.000999000999000999,0.005797701625427063,True
2909,Exhausted CD4,Exhausted CD4,Testosterone,-119.95795,-0.28823389475879696,0.6134161475313709,0.768790652539845,351.02704,0.003996003996003996,0.01628617129562309,True
2910,Exhausted CD4,Exhausted CD4,Thiamine,-118.26631,-0.7518411625996505,0.7739267076564095,0.8194456446234603,0.0,0.5564435564435565,0.6479569579758616,False
2911,Exhausted CD4,Exhausted CD4,Thymidine,240.06808,0.8811276846176892,0.18912435721492604,0.7557963191017247,20535.127,0.000999000999000999,0.005797701625427063,True
2912,Exhausted CD4,Exhausted CD4,Thyroxine,-70.490425,-0.4481208759227949,0.6729670186962782,0.7782149353655358,0.0,0.015984015984015984,0.04604079954781357,False
2913,Exhausted CD4,Exhausted CD4,Trihydroxycoprostanoic acid,7.0220985,0.02232039985729354,0.49109618810114947,0.768790652539845,1556.0925,0.022977022977022976,0.061196370028982754,False
2914,Exhausted CD4,Exhausted CD4,Urea,-16.21699,-0.05952160797061791,0.5237316723425605,0.768790652539845,0.0,0.061938061938061936,0.1338060736858332,False
2915,Exhausted CD4,Exhausted CD4,Uridine,701.8913,4.46205484006071,4.0588721634023925e-06,4.9580330789209964e-05,20391.092,0.000999000999000999,0.005797701625427063,True
2916,Exhausted CD4,Exhausted CD4,Ursocholic acid,7.0220985,0.02232039985729354,0.49109618810114947,0.768790652539845,1556.0925,0.022977022977022976,0.061196370028982754,False
2917,Exhausted CD4,Exhausted CD4,Ursodeoxycholic acid,7.0220985,0.02232039985729354,0.49109618810114947,0.768790652539845,1556.0925,0.022977022977022976,0.061196370028982754,False
2918,Exhausted CD4,Exhausted CD4,Ursodeoxycholic acid 3-sulfate,7.0220985,0.02232039985729354,0.49109618810114947,0.768790652539845,1556.0925,0.022977022977022976,0.061196370028982754,False
2919,Exhausted CD4,Exhausted CD4,Varanic acid,7.0220985,0.02232039985729354,0.49109618810114947,0.768790652539845,1556.0925,0.022977022977022976,0.061196370028982754,False
2920,Exhausted CD4,Exhausted CD4,Vitamin C,183.80501,1.168482968094781,0.1213060027241607,0.5482929599020765,691.01306,0.000999000999000999,0.005797701625427063,True
2921,Exhausted CD4,Exhausted CD4,Vitamin D3,3180.9092,20.221637273584406,3.1576055698075954e-91,1.1252558030587067e-89,11235.741,0.000999000999000999,0.005797701625427063,True
2922,Exhausted CD4,Exhausted CD4,Water,3699.036,6.788330343344344,5.671933632913625e-12,9.160066601169871e-11,15351.845,0.000999000999000999,0.005797701625427063,True
2923,Exhausted CD4,Exhausted CD4,Zinc,1136.8308,5.110293974549604,1.6082895489562327e-07,2.127283599723704e-06,2694.2354,0.000999000999000999,0.005797701625427063,True
2924,Exhausted CD4,Exhausted CD4,alpha-Ketoisovaleric acid,152.74387,0.971021452944785,0.16576879786388155,0.6827077902474281,127.79674,0.04495504495504495,0.10615890133962422,False
2925,Exhausted CD4,Exhausted CD4,alpha-Tocopherol,846.1475,5.379118768475597,3.742565924112322e-08,5.155892736348988e-07,3075.531,0.000999000999000999,0.005797701625427063,True
2926,Exhausted CD4,Exhausted CD8,"(3a,5b,7a)-23-Carboxy-7-hydroxy-24-norcholan-3-yl-b-D-Glucopyranosiduronic acid",-2.9467003,-0.07920779570233175,0.5315663279985262,0.768790652539845,6.225707,0.4645354645354645,0.5734546015107137,False
2927,Exhausted CD4,Exhausted CD8,17a-Ethynylestradiol,-6.3592095,-0.19738059716373713,0.5782351439173369,0.768790652539845,0.0,0.07492507492507493,0.15054842641049537,False
2928,Exhausted CD4,Exhausted CD8,"1b,3a,12a-Trihydroxy-5b-cholanoic acid",-2.9467003,-0.07920779570233175,0.5315663279985262,0.768790652539845,6.225707,0.4645354645354645,0.5734546015107137,False
2929,Exhausted CD4,Exhausted CD8,2-Hydroxychlorpropamide,-4.862293,-0.1848366367757746,0.5733214145244024,0.768790652539845,0.0,0.06993006993006994,0.14602346805736638,False
2930,Exhausted CD4,Exhausted CD8,25-Hydroxycholesterol,31.137758,1.673976254438878,0.04706763310548981,0.2642651483735313,71.52068,0.06493506493506493,0.13833992094861658,False
2931,Exhausted CD4,Exhausted CD8,"3',4'-Dihydrodiol",-6.122061,-0.16456201315008562,0.5653556336927321,0.768790652539845,0.0,0.07492507492507493,0.15054842641049537,False
2932,Exhausted CD4,Exhausted CD8,3-Sulfodeoxycholic acid,-2.9467003,-0.07920779570233175,0.5315663279985262,0.768790652539845,6.225707,0.4645354645354645,0.5734546015107137,False
2933,Exhausted CD4,Exhausted CD8,"3alpha,7alpha-Dihydroxycoprostanic acid",-2.9467003,-0.07920779570233175,0.5315663279985262,0.768790652539845,6.225707,0.4645354645354645,0.5734546015107137,False
2934,Exhausted CD4,Exhausted CD8,3b-Hydroxy-5-cholenoic acid,-2.9467003,-0.07920779570233175,0.5315663279985262,0.768790652539845,6.225707,0.4645354645354645,0.5734546015107137,False
2935,Exhausted CD4,Exhausted CD8,4'-Hydroxydiclofenac,-34.078712,-0.8193323953572704,0.7937016027363313,0.834334790589727,79.13501,0.8451548451548452,0.8858307467933136,False
2936,Exhausted CD4,Exhausted CD8,4-Hydroxycyclophosphamide,-5.074799,-0.27282288770735513,0.6075053175498665,0.768790652539845,0.0,0.06993006993006994,0.14602346805736638,False
2937,Exhausted CD4,Exhausted CD8,4-Hydroxyvalsartan,0.2933261,0.011150585575299946,0.49555165214427216,0.768790652539845,0.0,0.000999000999000999,0.005797701625427063,False
2938,Exhausted CD4,Exhausted CD8,4-ene-Valproic acid,-19.500004,-0.7412789182509941,0.770737829273291,0.8178318110647776,0.0,0.36063936063936064,0.47614112770267086,False
2939,Exhausted CD4,Exhausted CD8,5-Hydroxyomeprazole,-10.154541,-0.2729557535207223,0.6075563859989794,0.768790652539845,6.225707,0.4995004995004995,0.5972951064465207,False
2940,Exhausted CD4,Exhausted CD8,5-Methyltetrahydrofolic acid,2.5664103,0.13797107265654485,0.4451316397713025,0.768790652539845,13.375998,0.4945054945054945,0.5929665440232738,False
2941,Exhausted CD4,Exhausted CD8,8-Hydroxycarvedilol,-5.074799,-0.27282288770735513,0.6075053175498665,0.768790652539845,0.0,0.06993006993006994,0.14602346805736638,False
2942,Exhausted CD4,Exhausted CD8,ADP,-11.668093,-0.44355433144550976,0.671317585068332,0.7782149353655358,7.5700245,0.3806193806193806,0.4977951984321411,False
2943,Exhausted CD4,Exhausted CD8,Acetate,41.323036,1.1107700943548295,0.13333366104078503,0.5872673609886262,109.53216,0.6803196803196803,0.7462575582646811,False
2944,Exhausted CD4,Exhausted CD8,Acetyl-L-Carnitine,-6.961862,-0.3742720245077755,0.6458990283487833,0.7723792249803293,0.0,0.13386613386613386,0.22752493860101267,False
2945,Exhausted CD4,Exhausted CD8,Acetylcholine,0.0,0.0,0.5,0.768790652539845,0.0,0.000999000999000999,0.005797701625427063,False
2946,Exhausted CD4,Exhausted CD8,Adenine,35.058586,1.8847612663529165,0.02973103829122049,0.19542719071912007,10.361365,0.3126873126873127,0.4247976346275023,False
2947,Exhausted CD4,Exhausted CD8,Adenosine,12.228764,0.6574224029540119,0.2554546752472071,0.768790652539845,87.40891,0.25674325674325676,0.36914869058917077,False
2948,Exhausted CD4,Exhausted CD8,Adenosine diphosphate ribose,22.150476,1.1908169916300912,0.11686271846064533,0.5315527869222602,59.38032,0.025974025974025976,0.06767371601208459,False
2949,Exhausted CD4,Exhausted CD8,Adenosine triphosphate,-24.110453,-0.6480929823632378,0.7415375936923296,0.7997774147076852,1063.2974,0.003996003996003996,0.01628617129562309,True
2950,Exhausted CD4,Exhausted CD8,Adenosylcobalamin,-1.3715289,-0.07373384852098615,0.5293889175701108,0.768790652539845,0.0,0.003996003996003996,0.01628617129562309,False
2951,Exhausted CD4,Exhausted CD8,Amiloride-sensitive sodium transport,37.281746,1.1571710646973896,0.12360123851339322,0.5557544738996366,23.757172,0.01898101898101898,0.05325058805865572,False
2952,Exhausted CD4,Exhausted CD8,Anion exchange,-12.922131,-0.694698044041029,0.7563777229572011,0.8081413580296098,0.0,0.22777222777222778,0.3417375943471977,False
2953,Exhausted CD4,Exhausted CD8,Betaine,0.0,0.0,0.5,0.768790652539845,0.0,0.000999000999000999,0.005797701625427063,False
2954,Exhausted CD4,Exhausted CD8,Bilirubin,-0.75393546,-0.028660325647632438,0.5114322505472098,0.768790652539845,0.0,0.005994005994005994,0.02205303229194014,False
2955,Exhausted CD4,Exhausted CD8,Butyrate,-12.538142,-0.6740547008189616,0.749861731218801,0.8047998970037643,0.0,0.2597402597402597,0.37209302325581395,False
2956,Exhausted CD4,Exhausted CD8,Cadmium,-13.7921,-0.7414678870131138,0.7707951020796049,0.8178318110647776,5.2034817,0.8901098901098901,0.9266426475504216,False
2957,Exhausted CD4,Exhausted CD8,Calcidiol,-1.3715289,-0.052137704292170996,0.520790514936652,0.768790652539845,0.0,0.003996003996003996,0.01628617129562309,False
2958,Exhausted CD4,Exhausted CD8,Calcium,-1.3715289,-0.07373384852098615,0.5293889175701108,0.768790652539845,0.0,0.003996003996003996,0.01628617129562309,False
2959,Exhausted CD4,Exhausted CD8,Calcium release-activated calcium transport,56.750233,1.7614445243167163,0.039081597353558754,0.23438087314123135,37.427876,0.5124875124875125,0.6097809475292919,False
2960,Exhausted CD4,Exhausted CD8,Chenodeoxycholic acid,-2.9467003,-0.07920779570233175,0.5315663279985262,0.768790652539845,6.225707,0.4645354645354645,0.5734546015107137,False
2961,Exhausted CD4,Exhausted CD8,Chenodeoxycholic acid 3-sulfate,-2.9467003,-0.07920779570233175,0.5315663279985262,0.768790652539845,6.225707,0.4645354645354645,0.5734546015107137,False
2962,Exhausted CD4,Exhausted CD8,Chloride,-23.124027,-0.5075160695655127,0.6941036179833683,0.780939413102867,0.0,0.8981018981018981,0.9329355299001167,False
2963,Exhausted CD4,Exhausted CD8,Chloride ion,-1.6127068,-0.04334982681973565,0.5172886637659029,0.768790652539845,29.306513,0.2817182817182817,0.39581923452891193,False
2964,Exhausted CD4,Exhausted CD8,Chloride_bicarbonate anion exchange,-0.69879806,-0.037567616467645816,0.5149837859993314,0.768790652539845,0.0,0.000999000999000999,0.005797701625427063,False
2965,Exhausted CD4,Exhausted CD8,Cholesterol,-17.349127,-0.4171138110519366,0.6617024183089377,0.7782149353655358,9.843812,0.17482517482517482,0.27603301129482016,False
2966,Exhausted CD4,Exhausted CD8,Cholic acid,-50.455296,-0.700362808582964,0.7581496217970474,0.8089936457269199,107.8378,0.7562437562437563,0.8152307692307693,False
2967,Exhausted CD4,Exhausted CD8,Choline,-8.855587,-0.21290913855394078,0.5843010828655186,0.768790652539845,0.0,0.14085914085914086,0.23688947557902318,False
2968,Exhausted CD4,Exhausted CD8,Citric acid,-15.422617,-0.8291250243065743,0.7964831675645359,0.8352523991350229,91.2474,0.7772227772227772,0.8334704340673005,False
2969,Exhausted CD4,Exhausted CD8,Cobalamin,-1.3715289,-0.07373384852098615,0.5293889175701108,0.768790652539845,0.0,0.003996003996003996,0.01628617129562309,False
2970,Exhausted CD4,Exhausted CD8,Coprocholic acid,-2.9467003,-0.07920779570233175,0.5315663279985262,0.768790652539845,6.225707,0.4645354645354645,0.5734546015107137,False
2971,Exhausted CD4,Exhausted CD8,Cortisol,-7.052047,-0.21888525541232845,0.5866302837727845,0.768790652539845,0.0,0.13886113886113885,0.2342602624292765,False
2972,Exhausted CD4,Exhausted CD8,Creatine,-6.961862,-0.3742720245077755,0.6458990283487833,0.7723792249803293,0.0,0.13386613386613386,0.22752493860101267,False
2973,Exhausted CD4,Exhausted CD8,Cyclic AMP,4.8566766,0.2610965504116878,0.3970090259080612,0.768790652539845,4.9619246,0.09490509490509491,0.17846958972122515,False
2974,Exhausted CD4,Exhausted CD8,Cytidine,12.228764,0.6574224029540119,0.2554546752472071,0.768790652539845,87.40891,0.25674325674325676,0.36914869058917077,False
2975,Exhausted CD4,Exhausted CD8,D-Aspartate,-16.502525,-0.6273318836741932,0.7347791460985372,0.796672788025369,0.0,0.09290709290709291,0.17586276760991426,False
2976,Exhausted CD4,Exhausted CD8,D-Galactose,-14.118295,-0.5366970352410533,0.7042615478558627,0.7823047154025067,337.29068,0.3076923076923077,0.41920038886863537,False
2977,Exhausted CD4,Exhausted CD8,D-Glucose,-56.466072,-1.2392927345473606,0.8923814458135343,0.9096805660397068,351.81387,0.2967032967032967,0.41215999999999997,False
2978,Exhausted CD4,Exhausted CD8,D-Lactate,-12.538142,-0.6740547008189616,0.749861731218801,0.8047998970037643,0.0,0.2597402597402597,0.37209302325581395,False
2979,Exhausted CD4,Exhausted CD8,D-Maltose,2.9526489,0.15873538708703971,0.4369386783866168,0.768790652539845,337.29068,0.24075924075924077,0.3528735031114365,False
2980,Exhausted CD4,Exhausted CD8,D-Mannose,-14.118295,-0.5366970352410533,0.7042615478558627,0.7823047154025067,337.29068,0.3076923076923077,0.41920038886863537,False
2981,Exhausted CD4,Exhausted CD8,D-Xylose,2.9526489,0.15873538708703971,0.4369386783866168,0.768790652539845,337.29068,0.24075924075924077,0.3528735031114365,False
2982,Exhausted CD4,Exhausted CD8,Dehydroascorbic acid,-16.04439,-0.49799447656464035,0.6907560323531041,0.7801219586857576,337.29068,0.3076923076923077,0.41920038886863537,False
2983,Exhausted CD4,Exhausted CD8,Dehydroepiandrosterone,0.2933261,0.011150585575299946,0.49555165214427216,0.768790652539845,0.0,0.000999000999000999,0.005797701625427063,False
2984,Exhausted CD4,Exhausted CD8,Deoxycholic acid,-2.9467003,-0.07920779570233175,0.5315663279985262,0.768790652539845,6.225707,0.4645354645354645,0.5734546015107137,False
2985,Exhausted CD4,Exhausted CD8,Digoxin,0.2933261,0.015769309348990984,0.4937092164917324,0.768790652539845,0.0,0.000999000999000999,0.005797701625427063,False
2986,Exhausted CD4,Exhausted CD8,Docosahexaenoic acid,-16.04439,-0.49799447656464035,0.6907560323531041,0.7801219586857576,337.29068,0.3076923076923077,0.41920038886863537,False
2987,Exhausted CD4,Exhausted CD8,Dopamine,-9.9053135,-0.21739750244870104,0.5860507112912761,0.768790652539845,0.0,0.16583416583416583,0.267118760955145,False
2988,Exhausted CD4,Exhausted CD8,E-3179,-5.074799,-0.27282288770735513,0.6075053175498665,0.768790652539845,0.0,0.06993006993006994,0.14602346805736638,False
2989,Exhausted CD4,Exhausted CD8,Estradiol,-29.010899,-0.4932000722556085,0.6890643865822168,0.7795866538132442,91.2474,0.8041958041958042,0.852012852012852,False
2990,Exhausted CD4,Exhausted CD8,Estriol,-5.074799,-0.27282288770735513,0.6075053175498665,0.768790652539845,0.0,0.06993006993006994,0.14602346805736638,False
2991,Exhausted CD4,Exhausted CD8,Estrone,0.2933261,0.015769309348990984,0.4937092164917324,0.768790652539845,0.0,0.000999000999000999,0.005797701625427063,False
2992,Exhausted CD4,Exhausted CD8,Estrone sulfate,0.2933261,0.015769309348990984,0.4937092164917324,0.768790652539845,0.0,0.000999000999000999,0.005797701625427063,False
2993,Exhausted CD4,Exhausted CD8,Ethanol,11.950681,0.37093171496026817,0.3553441962304297,0.768790652539845,87.40891,0.2647352647352647,0.37849418486023256,False
2994,Exhausted CD4,Exhausted CD8,Fatty acid,45.75755,1.22997054474181,0.10935406759318228,0.5080715622967615,318.90512,0.029970029970029972,0.07633240946885365,False
2995,Exhausted CD4,Exhausted CD8,Folic acid,-16.12575,-0.24044191925534023,0.5950061578546154,0.768790652539845,48.534767,0.5964035964035964,0.6825085742283195,False
2996,Exhausted CD4,Exhausted CD8,Folinic acid,-12.756384,-0.3066934698526191,0.6204616496440322,0.768790652539845,11.187632,0.3436563436563437,0.45977230960166116,False
2997,Exhausted CD4,Exhausted CD8,Fusidic Acid,-1.0472616,-0.056301132184085015,0.5224490415425919,0.768790652539845,0.0,0.005994005994005994,0.02205303229194014,False
2998,Exhausted CD4,Exhausted CD8,GABA,0.0,0.0,0.5,0.768790652539845,0.0,0.000999000999000999,0.005797701625427063,False
2999,Exhausted CD4,Exhausted CD8,Glucosamine,-18.997038,-0.7221590225874561,0.7649016431934417,0.8139822027270781,0.0,0.7542457542457542,0.8140945412534899,False
3000,Exhausted CD4,Exhausted CD8,Glutathione,-45.061993,-0.807515910941193,0.79031534427582,0.831705540785768,107.8378,0.7492507492507493,0.8103258667592754,False
3001,Exhausted CD4,Exhausted CD8,Glycerol,-5.074799,-0.27282288770735513,0.6075053175498665,0.768790652539845,0.0,0.06993006993006994,0.14602346805736638,False
3002,Exhausted CD4,Exhausted CD8,Glycochenodeoxycholate-3-sulfate,-2.9467003,-0.07920779570233175,0.5315663279985262,0.768790652539845,6.225707,0.4645354645354645,0.5734546015107137,False
3003,Exhausted CD4,Exhausted CD8,Glycyl-glycine,0.21250622,0.011424405150168146,0.4954424208976614,0.768790652539845,0.0,0.000999000999000999,0.005797701625427063,False
3004,Exhausted CD4,Exhausted CD8,Guanosine,12.228764,0.6574224029540119,0.2554546752472071,0.768790652539845,87.40891,0.25674325674325676,0.36914869058917077,False
3005,Exhausted CD4,Exhausted CD8,Heme,14.263833,0.5422295724092284,0.2938301827679147,0.768790652539845,62.246674,0.35364635364635366,0.4683424683424684,False
3006,Exhausted CD4,Exhausted CD8,Histamine,-6.961862,-0.3742720245077755,0.6458990283487833,0.7723792249803293,0.0,0.13386613386613386,0.22752493860101267,False
3007,Exhausted CD4,Exhausted CD8,Hydroxycelecoxib,4.8566766,0.2610965504116878,0.3970090259080612,0.768790652539845,4.9619246,0.09490509490509491,0.17846958972122515,False
3008,Exhausted CD4,Exhausted CD8,Hydroxylansoprazole,-7.052047,-0.21888525541232845,0.5866302837727845,0.768790652539845,0.0,0.13886113886113885,0.2342602624292765,False
3009,Exhausted CD4,Exhausted CD8,Hyodeoxycholic acid,-2.9467003,-0.07920779570233175,0.5315663279985262,0.768790652539845,6.225707,0.4645354645354645,0.5734546015107137,False
3010,Exhausted CD4,Exhausted CD8,Inosine,12.228764,0.6574224029540119,0.2554546752472071,0.768790652539845,87.40891,0.25674325674325676,0.36914869058917077,False
3011,Exhausted CD4,Exhausted CD8,Iron,125.30568,1.9446528429808045,0.025908387370029155,0.17374333800865585,1005.0469,0.8411588411588412,0.8820712361568394,False
3012,Exhausted CD4,Exhausted CD8,Isoursodeoxycholic acid,-2.9467003,-0.07920779570233175,0.5315663279985262,0.768790652539845,6.225707,0.4645354645354645,0.5734546015107137,False
3013,Exhausted CD4,Exhausted CD8,Ketone bodies,-12.538142,-0.6740547008189616,0.749861731218801,0.8047998970037643,0.0,0.2597402597402597,0.37209302325581395,False
3014,Exhausted CD4,Exhausted CD8,L-Alanine,-10.95855,-0.5891353221857349,0.7221147499181615,0.7910972565160346,39.81375,0.5504495504495505,0.6432353554304774,False
3015,Exhausted CD4,Exhausted CD8,L-Arginine,-33.675735,-1.0452457555472257,0.8520452994253236,0.8762268855525865,6.5180926,0.6423576423576424,0.7160925940657068,False
3016,Exhausted CD4,Exhausted CD8,L-Asparagine,-10.95855,-0.5891353221857349,0.7221147499181615,0.7910972565160346,39.81375,0.5504495504495505,0.6432353554304774,False
3017,Exhausted CD4,Exhausted CD8,L-Aspartate,-16.502525,-0.6273318836741932,0.7347791460985372,0.796672788025369,0.0,0.09290709290709291,0.17586276760991426,False
3018,Exhausted CD4,Exhausted CD8,L-Carnitine,-7.005952,-0.14235741089914616,0.556601149558143,0.768790652539845,0.0,0.26673326673326675,0.3807195783362616,False
3019,Exhausted CD4,Exhausted CD8,L-Cysteine,24.76131,0.5434504502382963,0.2934098489521403,0.768790652539845,85.962326,0.14385614385614387,0.24117717430314634,False
3020,Exhausted CD4,Exhausted CD8,L-Cystine,66.04643,1.449558308471582,0.07359086463309354,0.37821669642181094,77.827095,0.32867132867132864,0.44274625717924687,False
3021,Exhausted CD4,Exhausted CD8,L-Dopa,0.21250622,0.011424405150168146,0.4954424208976614,0.768790652539845,0.0,0.000999000999000999,0.005797701625427063,False
3022,Exhausted CD4,Exhausted CD8,L-Glutamate,-58.398964,-0.7202616513099326,0.7643180443185376,0.8139239974198952,150.0192,0.7392607392607392,0.8007265279307479,False
3023,Exhausted CD4,Exhausted CD8,L-Glutamine,-12.884241,-0.1851214639249268,0.5734331166059509,0.768790652539845,382.6957,0.6203796203796204,0.7016953902199804,False
3024,Exhausted CD4,Exhausted CD8,L-Histidine,-34.517014,-1.8556461445721053,0.9682479940871813,0.9718426806389262,6.5180926,0.6243756243756243,0.7016953902199804,False
3025,Exhausted CD4,Exhausted CD8,L-Isoleucine,41.239994,2.2170758153487626,0.013308955569154485,0.09677608164282317,30.906345,0.022977022977022976,0.061196370028982754,False
3026,Exhausted CD4,Exhausted CD8,L-Lactate,74.4545,2.8303353412929266,0.002324961944035902,0.02058570000550885,18.284758,0.03796203796203796,0.09237714881055738,False
3027,Exhausted CD4,Exhausted CD8,L-Leucine,30.690256,0.5217500067541623,0.30092220101209005,0.768790652539845,344.78812,0.5954045954045954,0.6824520508731036,False
3028,Exhausted CD4,Exhausted CD8,L-Lysine,0.3101009,0.0166711283667436,0.49334949009278006,0.768790652539845,0.0,0.001998001998001998,0.010183669758137844,False
3029,Exhausted CD4,Exhausted CD8,L-Methionine,9.573732,0.29715470174949216,0.38317420170328376,0.768790652539845,89.46834,0.4005994005994006,0.5192018681648979,False
3030,Exhausted CD4,Exhausted CD8,L-Ornithine,0.3101009,0.0166711283667436,0.49334949009278006,0.768790652539845,0.0,0.001998001998001998,0.010183669758137844,False
3031,Exhausted CD4,Exhausted CD8,L-Phenylalanine,9.573732,0.29715470174949216,0.38317420170328376,0.768790652539845,89.46834,0.4005994005994006,0.5192018681648979,False
3032,Exhausted CD4,Exhausted CD8,L-Serine,38.148163,1.1840633836648644,0.1181939866607733,0.53647628471711,144.0572,0.5184815184815185,0.6145388421364232,False
3033,Exhausted CD4,Exhausted CD8,L-Threonine,-10.95855,-0.5891353221857349,0.7221147499181615,0.7910972565160346,39.81375,0.5504495504495505,0.6432353554304774,False
3034,Exhausted CD4,Exhausted CD8,L-Tyrosine,-34.517014,-1.8556461445721053,0.9682479940871813,0.9718426806389262,6.5180926,0.6243756243756243,0.7016953902199804,False
3035,Exhausted CD4,Exhausted CD8,L-Valine,41.239994,2.2170758153487626,0.013308955569154485,0.09677608164282317,30.906345,0.022977022977022976,0.061196370028982754,False
3036,Exhausted CD4,Exhausted CD8,Leukotriene C4,-19.35143,-1.0403393699351167,0.850908870376438,0.8752669487269086,74.17309,0.8261738261738262,0.8693171152907609,False
3037,Exhausted CD4,Exhausted CD8,Lithocholic acid,-2.9467003,-0.07920779570233175,0.5315663279985262,0.768790652539845,6.225707,0.4645354645354645,0.5734546015107137,False
3038,Exhausted CD4,Exhausted CD8,Malic acid,-12.307946,-0.6616792872364994,0.7459116090797876,0.8030069546983407,0.0,0.08791208791208792,0.1691552534926029,False
3039,Exhausted CD4,Exhausted CD8,Manganese,-16.123102,-0.6129083800406542,0.7300315390315728,0.795852550284024,5.2034817,0.8951048951048951,0.9304947704176249,False
3040,Exhausted CD4,Exhausted CD8,N-Desmethylcitalopram,-5.7843385,-0.21988755529244844,0.5870206357149306,0.768790652539845,0.0,0.08591408591408592,0.16717578450430437,False
3041,Exhausted CD4,Exhausted CD8,N-Desmethyleletriptan,-5.074799,-0.27282288770735513,0.6075053175498665,0.768790652539845,0.0,0.06993006993006994,0.14602346805736638,False
3042,Exhausted CD4,Exhausted CD8,N-Desmethyltamoxifen,-7.052047,-0.21888525541232845,0.5866302837727845,0.768790652539845,0.0,0.13886113886113885,0.2342602624292765,False
3043,Exhausted CD4,Exhausted CD8,N-desmethylimatinib,-7.052047,-0.1547752484038069,0.5615007475229412,0.768790652539845,0.0,0.13886113886113885,0.2342602624292765,False
3044,Exhausted CD4,Exhausted CD8,Neurotransmitter,-1.0673101,-0.025660644824200583,0.5102359928036116,0.768790652539845,0.0,0.008991008991008992,0.029914529914529916,False
3045,Exhausted CD4,Exhausted CD8,Nicotinate,-52.631466,-1.4147425683512462,0.9214280057629869,0.9307091967322557,91.2474,0.8161838161838162,0.8630173161806315,False
3046,Exhausted CD4,Exhausted CD8,Norepinephrine,-9.102031,-0.24466410241766437,0.5966417372592503,0.768790652539845,0.0,0.14085914085914086,0.23688947557902318,False
3047,Exhausted CD4,Exhausted CD8,O-Deethylated candesartan,-5.074799,-0.27282288770735513,0.6075053175498665,0.768790652539845,0.0,0.06993006993006994,0.14602346805736638,False
3048,Exhausted CD4,Exhausted CD8,O-Desmethylverapamil (D-702),-103.709885,-1.0353402615197196,0.8497449832372488,0.8742783029632586,120.139984,0.7702297702297702,0.8265880461002413,False
3049,Exhausted CD4,Exhausted CD8,Oxalic acid,-15.422617,-0.8291250243065743,0.7964831675645359,0.8352523991350229,91.2474,0.7772227772227772,0.8334704340673005,False
3050,Exhausted CD4,Exhausted CD8,Phosphate,-32.690784,-0.78596334183312,0.7840555181597889,0.8275346577565411,7.5700245,0.6023976023976024,0.688454402740117,False
3051,Exhausted CD4,Exhausted CD8,Potassium,0.0,0.0,0.5,0.768790652539845,0.0,0.000999000999000999,0.005797701625427063,False
3052,Exhausted CD4,Exhausted CD8,Progesterone,-24.663378,-0.5011474046118163,0.6918663067103717,0.7801219586857576,74.17309,0.8301698301698301,0.871395401093551,False
3053,Exhausted CD4,Exhausted CD8,Prostaglandins,0.2933261,0.009104414997574426,0.49636791409670816,0.768790652539845,0.0,0.000999000999000999,0.005797701625427063,False
3054,Exhausted CD4,Exhausted CD8,Putrescine,0.44825476,0.0240983254113514,0.490387089531985,0.768790652539845,0.0,0.06693306693306693,0.14147812971342383,False
3055,Exhausted CD4,Exhausted CD8,Pyruvate,-12.538142,-0.6740547008189616,0.749861731218801,0.8047998970037643,0.0,0.2597402597402597,0.37209302325581395,False
3056,Exhausted CD4,Exhausted CD8,Serotonin,-0.70953935,-0.022023067575866626,0.5087852226328785,0.768790652539845,0.0,0.01898101898101898,0.05325058805865572,False
3057,Exhausted CD4,Exhausted CD8,Sodium,-92.48923,-0.8527341252736991,0.8030966189433221,0.8388935612605631,365.4173,0.7282717282717283,0.7916076864904694,False
3058,Exhausted CD4,Exhausted CD8,Sodium_calcium_potassium exchange,-8.810616,-0.3349293476220275,0.6311608083991169,0.7699394468702871,0.0,0.17082917082917082,0.27261857313670784,False
3059,Exhausted CD4,Exhausted CD8,Sodium_hydrogen exchange,0.385046,0.011951266899339966,0.4952322478283112,0.768790652539845,28.730045,0.1888111888111888,0.2938122865946756,False
3060,Exhausted CD4,Exhausted CD8,Spermine,-0.7149518,-0.022191062427578925,0.5088522265068924,0.768790652539845,0.0,0.07592407592407592,0.15184815184815184,False
3061,Exhausted CD4,Exhausted CD8,Sulfolithocholic acid,-2.9467003,-0.07920779570233175,0.5315663279985262,0.768790652539845,6.225707,0.4645354645354645,0.5734546015107137,False
3062,Exhausted CD4,Exhausted CD8,Taurocholic acid,-104.69456,-1.1256828527582616,0.8698501078456842,0.8905018198078324,199.0852,0.8951048951048951,0.9304947704176249,False
3063,Exhausted CD4,Exhausted CD8,Testosterone,-8.004148,-0.16264024333262117,0.5645991503812449,0.768790652539845,0.0,0.20279720279720279,0.31208477461154116,False
3064,Exhausted CD4,Exhausted CD8,Thiamine,-1.1292529,-0.06070901258024914,0.5242045230392983,0.768790652539845,0.0,0.025974025974025976,0.06767371601208459,False
3065,Exhausted CD4,Exhausted CD8,Thymidine,6.2410355,0.19371264604993338,0.42320044464571993,0.768790652539845,87.40891,0.2707292707292707,0.38325167937774635,False
3066,Exhausted CD4,Exhausted CD8,Thyroxine,0.2933261,0.015769309348990984,0.4937092164917324,0.768790652539845,0.0,0.000999000999000999,0.005797701625427063,False
3067,Exhausted CD4,Exhausted CD8,Trihydroxycoprostanoic acid,-2.9467003,-0.07920779570233175,0.5315663279985262,0.768790652539845,6.225707,0.4645354645354645,0.5734546015107137,False
3068,Exhausted CD4,Exhausted CD8,Urea,-1.877524,-0.05827560952869792,0.5232354523666852,0.768790652539845,0.0,0.001998001998001998,0.010183669758137844,False
3069,Exhausted CD4,Exhausted CD8,Uridine,12.228764,0.6574224029540119,0.2554546752472071,0.768790652539845,87.40891,0.25674325674325676,0.36914869058917077,False
3070,Exhausted CD4,Exhausted CD8,Ursocholic acid,-2.9467003,-0.07920779570233175,0.5315663279985262,0.768790652539845,6.225707,0.4645354645354645,0.5734546015107137,False
3071,Exhausted CD4,Exhausted CD8,Ursodeoxycholic acid,-2.9467003,-0.07920779570233175,0.5315663279985262,0.768790652539845,6.225707,0.4645354645354645,0.5734546015107137,False
3072,Exhausted CD4,Exhausted CD8,Ursodeoxycholic acid 3-sulfate,-2.9467003,-0.07920779570233175,0.5315663279985262,0.768790652539845,6.225707,0.4645354645354645,0.5734546015107137,False
3073,Exhausted CD4,Exhausted CD8,Varanic acid,-2.9467003,-0.07920779570233175,0.5315663279985262,0.768790652539845,6.225707,0.4645354645354645,0.5734546015107137,False
3074,Exhausted CD4,Exhausted CD8,Vitamin C,39.613598,2.1296402150723037,0.016600664128368383,0.11910493131701243,11.499738,0.054945054945054944,0.12199952467717658,False
3075,Exhausted CD4,Exhausted CD8,Vitamin D3,1.7141125,0.09215125998416833,0.4632889310479651,0.768790652539845,9.843812,0.11488511488511488,0.2038619816397594,False
3076,Exhausted CD4,Exhausted CD8,Water,-48.467026,-0.7521729257553439,0.7740264634859355,0.8194456446234603,7.5700245,0.4975024975024975,0.595236062494664,False
3077,Exhausted CD4,Exhausted CD8,Zinc,-19.242617,-0.731494526500111,0.7677614267151616,0.8162746000669555,5.2034817,0.8901098901098901,0.9266426475504216,False
3078,Exhausted CD4,Exhausted CD8,alpha-Ketoisovaleric acid,-12.538142,-0.6740547008189616,0.749861731218801,0.8047998970037643,0.0,0.2597402597402597,0.37209302325581395,False
3079,Exhausted CD4,Exhausted CD8,alpha-Tocopherol,-5.026714,-0.2702378106570799,0.6065113471406638,0.768790652539845,0.0,0.06293706293706294,0.13542146476278213,False
3080,Exhausted CD4,Treg,"(3a,5b,7a)-23-Carboxy-7-hydroxy-24-norcholan-3-yl-b-D-Glucopyranosiduronic acid",-49.0607,-0.4848236059491682,0.6860992618590189,0.7782149353655358,25.901651,0.4865134865134865,0.5871385821007987,False
3081,Exhausted CD4,Treg,17a-Ethynylestradiol,-48.41541,-0.552462743508584,0.7096843233722626,0.7838521522492818,0.0,0.08191808191808192,0.16114542391914655,False
3082,Exhausted CD4,Treg,"1b,3a,12a-Trihydroxy-5b-cholanoic acid",-49.0607,-0.4848236059491682,0.6860992618590189,0.7782149353655358,25.901651,0.4865134865134865,0.5871385821007987,False
3083,Exhausted CD4,Treg,2-Hydroxychlorpropamide,-24.312115,-0.33977213238000803,0.6329859320860779,0.7699394468702871,0.0,0.05094905094905095,0.11490183456710654,False
3084,Exhausted CD4,Treg,25-Hydroxycholesterol,139.43642,2.755854158189103,0.0029269546064099377,0.025704741879510492,835.5217,0.000999000999000999,0.005797701625427063,True
3085,Exhausted CD4,Treg,"3',4'-Dihydrodiol",-51.019863,-0.5041842918644268,0.692934061122498,0.7801388176397419,0.0,0.0919080919080919,0.17466183001661184,False
3086,Exhausted CD4,Treg,3-Sulfodeoxycholic acid,-49.0607,-0.4848236059491682,0.6860992618590189,0.7782149353655358,25.901651,0.4865134865134865,0.5871385821007987,False
3087,Exhausted CD4,Treg,"3alpha,7alpha-Dihydroxycoprostanic acid",-49.0607,-0.4848236059491682,0.6860992618590189,0.7782149353655358,25.901651,0.4865134865134865,0.5871385821007987,False
3088,Exhausted CD4,Treg,3b-Hydroxy-5-cholenoic acid,-49.0607,-0.4848236059491682,0.6860992618590189,0.7782149353655358,25.901651,0.4865134865134865,0.5871385821007987,False
3089,Exhausted CD4,Treg,4'-Hydroxydiclofenac,-100.096535,-0.8847367310019177,0.8118506799248076,0.8453755449977711,650.5026,0.7662337662337663,0.8247628557164255,False
3090,Exhausted CD4,Treg,4-Hydroxycyclophosphamide,-24.524588,-0.4847097224441651,0.6860588655610231,0.7782149353655358,0.0,0.05094905094905095,0.11490183456710654,False
3091,Exhausted CD4,Treg,4-Hydroxyvalsartan,-6.8375807,-0.09555809502508476,0.5380642259197326,0.768790652539845,0.0,0.006993006993006993,0.024817980373535928,False
3092,Exhausted CD4,Treg,4-ene-Valproic acid,-69.43629,-0.9704016104519912,0.8340768268703638,0.8624794430371723,10.333584,0.4975024975024975,0.595236062494664,False
3093,Exhausted CD4,Treg,5-Hydroxyomeprazole,-71.117386,-0.7027903767753655,0.7589068023800118,0.8096007253494831,25.901651,0.4865134865134865,0.5871385821007987,False
3094,Exhausted CD4,Treg,5-Methyltetrahydrofolic acid,92.85256,1.835159889662795,0.033241001145007734,0.21078705431951963,101.77265,0.04495504495504495,0.10615890133962422,False
3095,Exhausted CD4,Treg,8-Hydroxycarvedilol,-24.524588,-0.4847097224441651,0.6860588655610231,0.7782149353655358,0.0,0.05094905094905095,0.11490183456710654,False
3096,Exhausted CD4,Treg,ADP,74.40576,1.0398521320048537,0.1492043022645252,0.6472524661616023,75.313545,0.05094905094905095,0.11490183456710654,False
3097,Exhausted CD4,Treg,Acetate,-99.08345,-0.9791543169720723,0.8362481315845518,0.8632755430674137,2745.7576,0.000999000999000999,0.005797701625427063,True
3098,Exhausted CD4,Treg,Acetyl-L-Carnitine,-13.6026125,-0.2688452350887587,0.6059756090986546,0.768790652539845,10.333584,0.2217782217782218,0.3359969865741114,False
3099,Exhausted CD4,Treg,Acetylcholine,-3.4014974,-0.06722799453399106,0.5267999004411634,0.768790652539845,0.0,0.007992007992007992,0.027437530622243994,False
3100,Exhausted CD4,Treg,Adenine,184.79477,3.652327316453723,0.0001299371736070254,0.0013800223955504766,332.86548,0.000999000999000999,0.005797701625427063,True
3101,Exhausted CD4,Treg,Adenosine,-2.0309784,-0.04014073595632375,0.5160095373196317,0.768790652539845,233.05818,0.26973026973026976,0.38325167937774635,False
3102,Exhausted CD4,Treg,Adenosine diphosphate ribose,-6.28924,-0.1243020173924254,0.5494619249785316,0.768790652539845,71.10338,0.3596403596403596,0.4751131221719457,False
3103,Exhausted CD4,Treg,Adenosine triphosphate,379.9904,3.755109724285896,8.663277777117732e-05,0.0009409585333735934,4889.9736,0.000999000999000999,0.005797701625427063,True
3104,Exhausted CD4,Treg,Adenosylcobalamin,-6.4441257,-0.12736321618517574,0.5506735358347699,0.768790652539845,0.0,0.03396603396603397,0.08427016021952731,False
3105,Exhausted CD4,Treg,Amiloride-sensitive sodium transport,-3.4023857,-0.03882423757531009,0.5154847396954736,0.768790652539845,31.845457,0.14785214785214784,0.2449244954047105,False
3106,Exhausted CD4,Treg,Anion exchange,8.753869,0.17301352848779314,0.4313203968951342,0.768790652539845,15.589311,0.3306693306693307,0.44474302989586834,False
3107,Exhausted CD4,Treg,Betaine,-9.728631,-0.19227895335798628,0.5762381482087563,0.768790652539845,0.0,0.025974025974025976,0.06767371601208459,False
3108,Exhausted CD4,Treg,Bilirubin,-13.691662,-0.19134679117103903,0.575873047889603,0.768790652539845,0.0,0.029970029970029972,0.07633240946885365,False
3109,Exhausted CD4,Treg,Butyrate,-55.833675,-1.1035099022097838,0.8650971031275163,0.886477830010896,0.0,0.5554445554445554,0.6474930854492897,False
3110,Exhausted CD4,Treg,Cadmium,61.031727,1.206245414616527,0.11386143886359135,0.5219155168713834,92.68005,0.12787212787212787,0.2217959032118324,False
3111,Exhausted CD4,Treg,Calcidiol,-7.204336,-0.10068365875493762,0.5400992080639103,0.768790652539845,0.0,0.03996003996003996,0.09593969504882645,False
3112,Exhausted CD4,Treg,Calcium,-6.4441257,-0.12736321618517574,0.5506735358347699,0.768790652539845,0.0,0.03396603396603397,0.08427016021952731,False
3113,Exhausted CD4,Treg,Calcium release-activated calcium transport,-3.5982018,-0.041058672205533615,0.5163754391984005,0.768790652539845,258.03314,0.34965034965034963,0.4641909814323607,False
3114,Exhausted CD4,Treg,Chenodeoxycholic acid,-49.0607,-0.4848236059491682,0.6860992618590189,0.7782149353655358,25.901651,0.4865134865134865,0.5871385821007987,False
3115,Exhausted CD4,Treg,Chenodeoxycholic acid 3-sulfate,-49.0607,-0.4848236059491682,0.6860992618590189,0.7782149353655358,25.901651,0.4865134865134865,0.5871385821007987,False
3116,Exhausted CD4,Treg,Chloride,39.955654,0.32239079809926524,0.3735783272306283,0.768790652539845,156.25551,0.10789210789210789,0.19465722561956872,False
3117,Exhausted CD4,Treg,Chloride ion,103.850746,1.0262652954909197,0.1523832754637614,0.6474072093522777,149.15405,0.3276723276723277,0.4416764854401616,False
3118,Exhausted CD4,Treg,Chloride_bicarbonate anion exchange,-2.1472547,-0.04243884741043628,0.5169255697619123,0.768790652539845,0.0,0.001998001998001998,0.010183669758137844,False
3119,Exhausted CD4,Treg,Cholesterol,77.75447,0.6872589198508396,0.245959790539514,0.768790652539845,61.58187,0.017982017982017984,0.051045728465083304,False
3120,Exhausted CD4,Treg,Cholic acid,-319.53177,-1.630603729512699,0.948513019138827,0.9549353580496432,726.62585,0.8551448551448552,0.8941281802581512,False
3121,Exhausted CD4,Treg,Choline,-27.833195,-0.24601300921942293,0.5971639189839825,0.768790652539845,10.333584,0.24675324675324675,0.3590955113061087,False
3122,Exhausted CD4,Treg,Citric acid,61.798462,1.221399347147539,0.11096742713438512,0.5117556639609291,2685.8967,0.000999000999000999,0.005797701625427063,True
3123,Exhausted CD4,Treg,Cobalamin,-6.4441257,-0.12736321618517574,0.5506735358347699,0.768790652539845,0.0,0.03396603396603397,0.08427016021952731,False
3124,Exhausted CD4,Treg,Coprocholic acid,-49.0607,-0.4848236059491682,0.6860992618590189,0.7782149353655358,25.901651,0.4865134865134865,0.5871385821007987,False
3125,Exhausted CD4,Treg,Cortisol,-47.348335,-0.540286485115992,0.7055002613673492,0.7823047154025067,0.0,0.2047952047952048,0.3138155376961347,False
3126,Exhausted CD4,Treg,Creatine,-13.6026125,-0.2688452350887587,0.6059756090986546,0.768790652539845,10.333584,0.2217782217782218,0.3359969865741114,False
3127,Exhausted CD4,Treg,Cyclic AMP,-53.580486,-1.058977342749262,0.8551949507782831,0.8786277407090676,0.0,0.5144855144855145,0.6113148356190516,False
3128,Exhausted CD4,Treg,Cytidine,-2.0309784,-0.04014073595632375,0.5160095373196317,0.768790652539845,233.05818,0.26973026973026976,0.38325167937774635,False
3129,Exhausted CD4,Treg,D-Aspartate,-69.808334,-0.9756011312746486,0.8353689181397324,0.8625744193052025,18.635666,0.5524475524475524,0.6450457205940552,False
3130,Exhausted CD4,Treg,D-Galactose,89.374794,1.2490507179577133,0.10582326204812847,0.4949131300992733,2026.3701,0.09290709290709291,0.17586276760991426,False
3131,Exhausted CD4,Treg,D-Glucose,286.13065,2.3087067204935177,0.01047993058456118,0.07969922518629244,2217.1338,0.04695304695304695,0.10821033589606545,False
3132,Exhausted CD4,Treg,D-Lactate,-55.833675,-1.1035099022097838,0.8650971031275163,0.886477830010896,0.0,0.5554445554445554,0.6474930854492897,False
3133,Exhausted CD4,Treg,D-Maltose,116.72998,2.307078809426371,0.010525213524295514,0.0797622508203203,1995.9327,0.08391608391608392,0.16380541142877045,False
3134,Exhausted CD4,Treg,D-Mannose,89.374794,1.2490507179577133,0.10582326204812847,0.4949131300992733,2026.3701,0.09290709290709291,0.17586276760991426,False
3135,Exhausted CD4,Treg,D-Xylose,116.72998,2.307078809426371,0.010525213524295514,0.0797622508203203,1995.9327,0.08391608391608392,0.16380541142877045,False
3136,Exhausted CD4,Treg,Dehydroascorbic acid,90.12909,1.028452819320604,0.15186843675065442,0.6474072093522777,2026.3701,0.09290709290709291,0.17586276760991426,False
3137,Exhausted CD4,Treg,Dehydroepiandrosterone,-6.8375807,-0.09555809502508476,0.5380642259197326,0.768790652539845,0.0,0.006993006993006993,0.024817980373535928,False
3138,Exhausted CD4,Treg,Deoxycholic acid,-49.0607,-0.4848236059491682,0.6860992618590189,0.7782149353655358,25.901651,0.4865134865134865,0.5871385821007987,False
3139,Exhausted CD4,Treg,Digoxin,-5.771166,-0.11406268020972554,0.5454059470139231,0.768790652539845,0.0,0.005994005994005994,0.02205303229194014,False
3140,Exhausted CD4,Treg,Docosahexaenoic acid,90.12909,1.028452819320604,0.15186843675065442,0.6474072093522777,2026.3701,0.09290709290709291,0.17586276760991426,False
3141,Exhausted CD4,Treg,Dopamine,-33.035103,-0.26655083990830025,0.6050924947491423,0.768790652539845,10.333584,0.37462537462537465,0.4909983633387889,False
3142,Exhausted CD4,Treg,E-3179,-24.524588,-0.4847097224441651,0.6860588655610231,0.7782149353655358,0.0,0.05094905094905095,0.11490183456710654,False
3143,Exhausted CD4,Treg,Estradiol,-3.5086021,-0.0219287633895874,0.508747609789253,0.768790652539845,2755.7217,0.000999000999000999,0.005797701625427063,True
3144,Exhausted CD4,Treg,Estriol,-24.524588,-0.4847097224441651,0.6860588655610231,0.7782149353655358,0.0,0.05094905094905095,0.11490183456710654,False
3145,Exhausted CD4,Treg,Estrone,-5.771166,-0.11406268020972554,0.5454059470139231,0.768790652539845,0.0,0.005994005994005994,0.02205303229194014,False
3146,Exhausted CD4,Treg,Estrone sulfate,-5.771166,-0.11406268020972554,0.5454059470139231,0.768790652539845,0.0,0.005994005994005994,0.02205303229194014,False
3147,Exhausted CD4,Treg,Ethanol,-61.37686,-0.7003644081667058,0.758150121146216,0.8089936457269199,233.05818,0.2907092907092907,0.40541347397751015,False
3148,Exhausted CD4,Treg,Fatty acid,380.81686,3.7632770677681693,8.385061263766421e-05,0.0009130400042767881,5574.911,0.000999000999000999,0.005797701625427063,True
3149,Exhausted CD4,Treg,Folic acid,-46.632202,-0.25561966782645995,0.6008777349433232,0.768790652539845,375.2038,0.060939060939060936,0.13197851871885022,False
3150,Exhausted CD4,Treg,Folinic acid,-174.59053,-1.5431768496702452,0.9386060636693813,0.9462869643540733,25.901651,0.8681318681318682,0.9061691153194422,False
3151,Exhausted CD4,Treg,Fusidic Acid,-7.9204955,-0.15654253755660844,0.5621973038028066,0.768790652539845,0.0,0.024975024975024976,0.06574621959237344,False
3152,Exhausted CD4,Treg,GABA,-9.904433,-0.13841866266602826,0.5550452258431605,0.768790652539845,0.0,0.025974025974025976,0.06767371601208459,False
3153,Exhausted CD4,Treg,Glucosamine,-26.600891,-0.3717587549460433,0.6449637625193485,0.7723792249803293,30.437391,0.6373626373626373,0.7114438758238913,False
3154,Exhausted CD4,Treg,Glutathione,-241.79796,-1.5929839209177041,0.9444181009052701,0.9512569145301389,726.62585,0.8481518481518482,0.8876773711725169,False
3155,Exhausted CD4,Treg,Glycerol,-24.524588,-0.4847097224441651,0.6860588655610231,0.7782149353655358,0.0,0.05094905094905095,0.11490183456710654,False
3156,Exhausted CD4,Treg,Glycochenodeoxycholate-3-sulfate,-49.0607,-0.4848236059491682,0.6860992618590189,0.7782149353655358,25.901651,0.4865134865134865,0.5871385821007987,False
3157,Exhausted CD4,Treg,Glycyl-glycine,0.21247365,0.004199379146923944,0.49832469503079796,0.768790652539845,0.0,0.000999000999000999,0.005797701625427063,False
3158,Exhausted CD4,Treg,Guanosine,-2.0309784,-0.04014073595632375,0.5160095373196317,0.768790652539845,233.05818,0.26973026973026976,0.38325167937774635,False
3159,Exhausted CD4,Treg,Heme,42.145878,0.589006548859195,0.277928440250106,0.768790652539845,699.2145,0.18581418581418582,0.28998580138645286,False
3160,Exhausted CD4,Treg,Histamine,-13.6026125,-0.2688452350887587,0.6059756090986546,0.768790652539845,10.333584,0.2217782217782218,0.3359969865741114,False
3161,Exhausted CD4,Treg,Hydroxycelecoxib,-53.580486,-1.058977342749262,0.8551949507782831,0.8786277407090676,0.0,0.5144855144855145,0.6113148356190516,False
3162,Exhausted CD4,Treg,Hydroxylansoprazole,-47.348335,-0.540286485115992,0.7055002613673492,0.7823047154025067,0.0,0.2047952047952048,0.3138155376961347,False
3163,Exhausted CD4,Treg,Hyodeoxycholic acid,-49.0607,-0.4848236059491682,0.6860992618590189,0.7782149353655358,25.901651,0.4865134865134865,0.5871385821007987,False
3164,Exhausted CD4,Treg,Inosine,-2.0309784,-0.04014073595632375,0.5160095373196317,0.768790652539845,233.05818,0.26973026973026976,0.38325167937774635,False
3165,Exhausted CD4,Treg,Iron,231.03209,1.318140487298737,0.09372831164923268,0.46444225306482645,8869.613,0.3626373626373626,0.47804717447028666,False
3166,Exhausted CD4,Treg,Isoursodeoxycholic acid,-49.0607,-0.4848236059491682,0.6860992618590189,0.7782149353655358,25.901651,0.4865134865134865,0.5871385821007987,False
3167,Exhausted CD4,Treg,Ketone bodies,-55.833675,-1.1035099022097838,0.8650971031275163,0.886477830010896,0.0,0.5554445554445554,0.6474930854492897,False
3168,Exhausted CD4,Treg,L-Alanine,14.471875,0.2860255476025366,0.38742927721843823,0.768790652539845,267.43204,0.005994005994005994,0.02205303229194014,True
3169,Exhausted CD4,Treg,L-Arginine,478.82883,5.463861451650416,2.329436031153394e-08,3.2612104436147516e-07,48.327232,0.06893106893106893,0.14477874779871858,False
3170,Exhausted CD4,Treg,L-Asparagine,14.471875,0.2860255476025366,0.38742927721843823,0.768790652539845,267.43204,0.005994005994005994,0.02205303229194014,True
3171,Exhausted CD4,Treg,L-Aspartate,-69.808334,-0.9756011312746486,0.8353689181397324,0.8625744193052025,18.635666,0.5524475524475524,0.6450457205940552,False
3172,Exhausted CD4,Treg,L-Carnitine,102.74964,0.7675581938886875,0.22137485377650568,0.768790652539845,29.945822,0.06593406593406594,0.14032956184979878,False
3173,Exhausted CD4,Treg,L-Cysteine,43.922234,0.35439599831155844,0.36152106655196503,0.768790652539845,497.58325,0.000999000999000999,0.005797701625427063,True
3174,Exhausted CD4,Treg,L-Cystine,-80.12671,-0.6465196030893595,0.7410285470347425,0.7994283449621741,271.44067,0.5344655344655345,0.6284743345010594,False
3175,Exhausted CD4,Treg,L-Dopa,0.21247365,0.004199379146923944,0.49832469503079796,0.768790652539845,0.0,0.000999000999000999,0.005797701625427063,False
3176,Exhausted CD4,Treg,L-Glutamate,-314.14838,-1.4244199133491444,0.9228375234291739,0.9319146138235592,1016.27515,0.01098901098901099,0.03466321535085251,True
3177,Exhausted CD4,Treg,L-Glutamine,50.0931,0.26460248666569036,0.3956578521573234,0.768790652539845,3039.0122,0.000999000999000999,0.005797701625427063,True
3178,Exhausted CD4,Treg,L-Histidine,-54.376507,-1.0747100794298328,0.8587477251803424,0.8814377983760143,22.023396,0.45854145854145856,0.5711238501533129,False
3179,Exhausted CD4,Treg,L-Isoleucine,74.58174,1.4740510904614201,0.07023391788772536,0.36821115451246766,151.81651,0.014985014985014986,0.044166359955833644,True
3180,Exhausted CD4,Treg,L-Lactate,-61.63715,-0.8614053557266688,0.8054925863253629,0.8408092153241585,22.516598,0.46353646353646355,0.5734546015107137,False
3181,Exhausted CD4,Treg,L-Leucine,-31.158325,-0.19473953247070314,0.5772015690464809,0.768790652539845,1670.3955,0.001998001998001998,0.010183669758137844,True
3182,Exhausted CD4,Treg,L-Lysine,-10.194389,-0.20148431049534454,0.5798400518556872,0.768790652539845,0.0,0.003996003996003996,0.01628617129562309,False
3183,Exhausted CD4,Treg,L-Methionine,-44.093597,-0.5031470405034109,0.6925695520457538,0.7801219586857576,376.40698,0.02097902097902098,0.057435897435897436,False
3184,Exhausted CD4,Treg,L-Ornithine,-10.194389,-0.20148431049534454,0.5798400518556872,0.768790652539845,0.0,0.003996003996003996,0.01628617129562309,False
3185,Exhausted CD4,Treg,L-Phenylalanine,-44.093597,-0.5031470405034109,0.6925695520457538,0.7801219586857576,376.40698,0.02097902097902098,0.057435897435897436,False
3186,Exhausted CD4,Treg,L-Serine,4.8577127,0.055430809347539585,0.47789762562598836,0.768790652539845,779.2755,0.015984015984015984,0.04604079954781357,True
3187,Exhausted CD4,Treg,L-Threonine,14.471875,0.2860255476025366,0.38742927721843823,0.768790652539845,267.43204,0.005994005994005994,0.02205303229194014,True
3188,Exhausted CD4,Treg,L-Tyrosine,-54.376507,-1.0747100794298328,0.8587477251803424,0.8814377983760143,22.023396,0.45854145854145856,0.5711238501533129,False
3189,Exhausted CD4,Treg,L-Valine,74.58174,1.4740510904614201,0.07023391788772536,0.36821115451246766,151.81651,0.014985014985014986,0.044166359955833644,True
3190,Exhausted CD4,Treg,Leukotriene C4,26.07015,0.5152565883078178,0.3031868651505588,0.768790652539845,598.18,0.7842157842157842,0.8382594103962473,False
3191,Exhausted CD4,Treg,Lithocholic acid,-49.0607,-0.4848236059491682,0.6860992618590189,0.7782149353655358,25.901651,0.4865134865134865,0.5871385821007987,False
3192,Exhausted CD4,Treg,Malic acid,-64.24018,-1.2696580572762255,0.8978967703888835,0.9130704665519533,18.635666,0.5504495504495505,0.6432353554304774,False
3193,Exhausted CD4,Treg,Manganese,48.020943,0.6711130762122705,0.2510742486989238,0.768790652539845,92.68005,0.13986013986013987,0.23585331367889056,False
3194,Exhausted CD4,Treg,N-Desmethylcitalopram,-27.990496,-0.39117906917709816,0.6521675607372224,0.7742694168223851,0.0,0.08091908091908091,0.15947124173815214,False
3195,Exhausted CD4,Treg,N-Desmethyleletriptan,-24.524588,-0.4847097224441651,0.6860588655610231,0.7782149353655358,0.0,0.05094905094905095,0.11490183456710654,False
3196,Exhausted CD4,Treg,N-Desmethyltamoxifen,-47.348335,-0.540286485115992,0.7055002613673492,0.7823047154025067,0.0,0.2047952047952048,0.3138155376961347,False
3197,Exhausted CD4,Treg,N-desmethylimatinib,-59.364464,-0.47899495766200206,0.6840288920959302,0.7782149353655358,0.0,0.21578421578421578,0.329017517136329,False
3198,Exhausted CD4,Treg,Neurotransmitter,-15.772424,-0.13940984731590886,0.5554368543427579,0.768790652539845,0.0,0.06893106893106893,0.14477874779871858,False
3199,Exhausted CD4,Treg,Nicotinate,-106.8826,-1.056226420904146,0.8545676086914797,0.8784017946788225,2733.5745,0.000999000999000999,0.005797701625427063,True
3200,Exhausted CD4,Treg,Norepinephrine,-27.907225,-0.27578247838839176,0.6086424288777342,0.768790652539845,10.333584,0.24675324675324675,0.3590955113061087,False
3201,Exhausted CD4,Treg,O-Deethylated candesartan,-24.524588,-0.4847097224441651,0.6860588655610231,0.7782149353655358,0.0,0.05094905094905095,0.11490183456710654,False
3202,Exhausted CD4,Treg,O-Desmethylverapamil (D-702),-146.95274,-0.5393351394633443,0.7051721867605246,0.7823047154025067,882.3368,0.6243756243756243,0.7016953902199804,False
3203,Exhausted CD4,Treg,Oxalic acid,61.798462,1.221399347147539,0.11096742713438512,0.5117556639609291,2685.8967,0.000999000999000999,0.005797701625427063,True
3204,Exhausted CD4,Treg,Phosphate,219.47485,1.9399019652602827,0.02619580260448381,0.17530665838385853,143.70166,0.026973026973026972,0.0698125404007757,False
3205,Exhausted CD4,Treg,Potassium,0.14573534,0.002880347529368061,0.49885090917717206,0.768790652539845,0.0,0.000999000999000999,0.005797701625427063,False
3206,Exhausted CD4,Treg,Progesterone,-27.418003,-0.20481738559221332,0.5811425983886143,0.768790652539845,598.18,0.7852147852147852,0.8387035308016234,False
3207,Exhausted CD4,Treg,Prostaglandins,-9.3576565,-0.10677915705974889,0.5425179084097905,0.768790652539845,0.0,0.015984015984015984,0.04604079954781357,False
3208,Exhausted CD4,Treg,Putrescine,68.44845,1.3528312409778187,0.08805477488326091,0.4390320862073345,8.984367,0.06493506493506493,0.13833992094861658,False
3209,Exhausted CD4,Treg,Pyruvate,-55.833675,-1.1035099022097838,0.8650971031275163,0.886477830010896,0.0,0.5554445554445554,0.6474930854492897,False
3210,Exhausted CD4,Treg,Serotonin,-7.0523987,-0.08047412171779718,0.5320699113269274,0.768790652539845,0.0,0.04195804195804196,0.10034557788301549,False
3211,Exhausted CD4,Treg,Sodium,242.10754,0.8206328179594853,0.20592772426254874,0.768790652539845,2311.0366,0.03296703296703297,0.08264758497316636,False
3212,Exhausted CD4,Treg,Sodium_calcium_potassium exchange,34.81261,0.4865210239653813,0.3132989014459545,0.768790652539845,19.612808,0.06793206793206794,0.14302884615384615,False
3213,Exhausted CD4,Treg,Sodium_hydrogen exchange,27.165894,0.30998693113930303,0.37828544731331,0.768790652539845,139.00471,0.2817182817182817,0.39581923452891193,False
3214,Exhausted CD4,Treg,Spermine,62.502087,0.7132042238238332,0.2378596964877569,0.768790652539845,8.984367,0.07592407592407592,0.15184815184815184,False
3215,Exhausted CD4,Treg,Sulfolithocholic acid,-49.0607,-0.4848236059491682,0.6860992618590189,0.7782149353655358,25.901651,0.4865134865134865,0.5871385821007987,False
3216,Exhausted CD4,Treg,Taurocholic acid,-467.63867,-1.8485041563764044,0.9677352781692489,0.9717919234899397,3519.6917,0.001998001998001998,0.010183669758137844,True
3217,Exhausted CD4,Treg,Testosterone,-0.8165779,-0.006099983008926621,0.5024335260401486,0.768790652539845,8.984367,0.1978021978021978,0.30537883169462116,False
3218,Exhausted CD4,Treg,Thiamine,-4.0443745,-0.07993396889378135,0.531855113506149,0.768790652539845,0.0,0.03396603396603397,0.08427016021952731,False
3219,Exhausted CD4,Treg,Thymidine,-18.249563,-0.20824369663868275,0.5824806543052805,0.768790652539845,233.05818,0.2857142857142857,0.40025990903183883,False
3220,Exhausted CD4,Treg,Thyroxine,-5.771166,-0.11406268020972554,0.5454059470139231,0.768790652539845,0.0,0.005994005994005994,0.02205303229194014,False
3221,Exhausted CD4,Treg,Trihydroxycoprostanoic acid,-49.0607,-0.4848236059491682,0.6860992618590189,0.7782149353655358,25.901651,0.4865134865134865,0.5871385821007987,False
3222,Exhausted CD4,Treg,Urea,-0.80860734,-0.009226926670938027,0.5036809589366655,0.768790652539845,0.0,0.00999000999000999,0.03256003256003256,False
3223,Exhausted CD4,Treg,Uridine,-2.0309784,-0.04014073595632375,0.5160095373196317,0.768790652539845,233.05818,0.26973026973026976,0.38325167937774635,False
3224,Exhausted CD4,Treg,Ursocholic acid,-49.0607,-0.4848236059491682,0.6860992618590189,0.7782149353655358,25.901651,0.4865134865134865,0.5871385821007987,False
3225,Exhausted CD4,Treg,Ursodeoxycholic acid,-49.0607,-0.4848236059491682,0.6860992618590189,0.7782149353655358,25.901651,0.4865134865134865,0.5871385821007987,False
3226,Exhausted CD4,Treg,Ursodeoxycholic acid 3-sulfate,-49.0607,-0.4848236059491682,0.6860992618590189,0.7782149353655358,25.901651,0.4865134865134865,0.5871385821007987,False
3227,Exhausted CD4,Treg,Varanic acid,-49.0607,-0.4848236059491682,0.6860992618590189,0.7782149353655358,25.901651,0.4865134865134865,0.5871385821007987,False
3228,Exhausted CD4,Treg,Vitamin C,23.70454,0.4685021130351851,0.319712780135835,0.768790652539845,29.907091,0.22077922077922077,0.3350932770151355,False
3229,Exhausted CD4,Treg,Vitamin D3,118.63832,2.344795699338877,0.009518753976483227,0.07355710958171267,54.17563,0.01098901098901099,0.03466321535085251,True
3230,Exhausted CD4,Treg,Water,152.7306,0.8713958142808289,0.19176903523217836,0.762830332030584,137.85243,0.000999000999000999,0.005797701625427063,True
3231,Exhausted CD4,Treg,Zinc,35.302315,0.49336484726659124,0.3108774079879216,0.768790652539845,92.68005,0.13486513486513488,0.22886204704386523,False
3232,Exhausted CD4,Treg,alpha-Ketoisovaleric acid,-55.833675,-1.1035099022097838,0.8650971031275163,0.886477830010896,0.0,0.5554445554445554,0.6474930854492897,False
3233,Exhausted CD4,Treg,alpha-Tocopherol,31.046295,0.6136062852155297,0.26973776460149407,0.768790652539845,27.66471,0.05194805194805195,0.116849243609807,False
3234,Exhausted CD4,other,"(3a,5b,7a)-23-Carboxy-7-hydroxy-24-norcholan-3-yl-b-D-Glucopyranosiduronic acid",659.7946,1.6765940589212196,0.046810944662305336,0.2631666145813046,5568.1826,0.000999000999000999,0.005797701625427063,True
3235,Exhausted CD4,other,17a-Ethynylestradiol,743.1478,2.180538382787655,0.014608788449204317,0.10596995989906105,53.145844,0.01998001998001998,0.05547575412353262,False
3236,Exhausted CD4,other,"1b,3a,12a-Trihydroxy-5b-cholanoic acid",659.7946,1.6765940589212196,0.046810944662305336,0.2631666145813046,5568.1826,0.000999000999000999,0.005797701625427063,True
3237,Exhausted CD4,other,2-Hydroxychlorpropamide,834.60675,2.999273331852175,0.0013531220273090942,0.012629138921551547,46.812214,0.011988011988011988,0.03687040491605399,True
3238,Exhausted CD4,other,25-Hydroxycholesterol,530.04333,2.693770103224154,0.0035324438122684328,0.030342425734066696,20582.68,0.000999000999000999,0.005797701625427063,True
3239,Exhausted CD4,other,"3',4'-Dihydrodiol",975.17444,2.4780009241981693,0.0066060401516750055,0.05324344884864042,63.08525,0.011988011988011988,0.03687040491605399,True
3240,Exhausted CD4,other,3-Sulfodeoxycholic acid,659.7946,1.6765940589212196,0.046810944662305336,0.2631666145813046,5568.1826,0.000999000999000999,0.005797701625427063,True
3241,Exhausted CD4,other,"3alpha,7alpha-Dihydroxycoprostanic acid",659.7946,1.6765940589212196,0.046810944662305336,0.2631666145813046,5568.1826,0.000999000999000999,0.005797701625427063,True
3242,Exhausted CD4,other,3b-Hydroxy-5-cholenoic acid,659.7946,1.6765940589212196,0.046810944662305336,0.2631666145813046,5568.1826,0.000999000999000999,0.005797701625427063,True
3243,Exhausted CD4,other,4'-Hydroxydiclofenac,1503.6118,3.4174319754909535,0.0003160744467532752,0.003237323074584615,10291.648,0.001998001998001998,0.010183669758137844,True
3244,Exhausted CD4,other,4-Hydroxycyclophosphamide,865.2284,4.397237405485056,5.481870245797699e-06,6.458421994502644e-05,46.812214,0.01098901098901099,0.03466321535085251,True
3245,Exhausted CD4,other,4-Hydroxyvalsartan,-130.7125,-0.4697331969268807,0.680727176428018,0.7782149353655358,0.0,0.07992007992007992,0.15844385499557914,False
3246,Exhausted CD4,other,4-ene-Valproic acid,-50.129257,-0.18014633141177006,0.5714811548303209,0.768790652539845,449.8894,0.01098901098901099,0.03466321535085251,True
3247,Exhausted CD4,other,5-Hydroxyomeprazole,1940.7502,4.931610908640399,4.077712054724266e-07,5.2020989289855136e-06,5610.8906,0.000999000999000999,0.005797701625427063,True
3248,Exhausted CD4,other,5-Methyltetrahydrofolic acid,3291.2983,16.726936240629797,4.171022627328193e-63,1.2846749692170836e-61,18654.24,0.000999000999000999,0.005797701625427063,True
3249,Exhausted CD4,other,8-Hydroxycarvedilol,865.2284,4.397237405485056,5.481870245797699e-06,6.458421994502644e-05,46.812214,0.01098901098901099,0.03466321535085251,True
3250,Exhausted CD4,other,ADP,-67.18348,-0.24143300747913304,0.5953902335102265,0.768790652539845,1068.1732,0.05094905094905095,0.11490183456710654,False
3251,Exhausted CD4,other,Acetate,3116.1204,7.918326025184686,1.203647355176249e-15,2.171601420719659e-14,28593.162,0.000999000999000999,0.005797701625427063,True
3252,Exhausted CD4,other,Acetyl-L-Carnitine,113.50809,0.5768673455415924,0.2820145355921302,0.768790652539845,414.86783,0.001998001998001998,0.010183669758137844,True
3253,Exhausted CD4,other,Acetylcholine,-62.83444,-0.3193352698652061,0.6252638549303157,0.768790652539845,0.0,0.1048951048951049,0.19020508507472345,False
3254,Exhausted CD4,other,Adenine,257.2993,1.3076385989438173,0.0954979591956841,0.46444225306482645,2173.9502,0.000999000999000999,0.005797701625427063,True
3255,Exhausted CD4,other,Adenosine,361.6237,1.8378328985772894,0.03304351612734841,0.20984336014893423,13904.444,0.000999000999000999,0.005797701625427063,True
3256,Exhausted CD4,other,Adenosine diphosphate ribose,3085.281,15.679921216709246,1.0375572011048064e-55,3.064347021345154e-54,2043.5732,0.000999000999000999,0.005797701625427063,True
3257,Exhausted CD4,other,Adenosine triphosphate,6038.8794,15.345304522283554,1.9038419355865674e-53,5.584603011053931e-52,71609.44,0.000999000999000999,0.005797701625427063,True
3258,Exhausted CD4,other,Adenosylcobalamin,362.9262,1.8444525298961116,0.03255860892445693,0.20922909341618223,12.753996,0.10989010989010989,0.19768300118738166,False
3259,Exhausted CD4,other,Amiloride-sensitive sodium transport,465.2943,1.3652628299577276,0.0860852285467022,0.43263345628599054,6869.08,0.000999000999000999,0.005797701625427063,True
3260,Exhausted CD4,other,Anion exchange,-69.03801,-0.35086287119828424,0.6371543863359661,0.7708390086288449,327.263,0.6863136863136863,0.7514943157401258,False
3261,Exhausted CD4,other,Betaine,-43.263077,-0.21987029196026325,0.5870139131294713,0.768790652539845,5.1269274,0.3966033966033966,0.5152617794979952,False
3262,Exhausted CD4,other,Bilirubin,-147.88268,-0.531436588097979,0.7024418636107956,0.7823047154025067,6.3336287,0.29270729270729273,0.40767243092824496,False
3263,Exhausted CD4,other,Butyrate,-163.63734,-0.8316327306358758,0.7971918593017585,0.8352523991350229,35.02157,0.5064935064935064,0.6029817780231915,False
3264,Exhausted CD4,other,Cadmium,44.04469,0.2238425786893408,0.41143989873601705,0.768790652539845,4559.7974,0.000999000999000999,0.005797701625427063,True
3265,Exhausted CD4,other,Calcidiol,476.52444,1.7124556658193073,0.04340636406160038,0.25499760467795757,22.188206,0.059940059940059943,0.13040440891096794,False
3266,Exhausted CD4,other,Calcium,362.9262,1.8444525298961116,0.03255860892445693,0.20922909341618223,12.753996,0.10989010989010989,0.19768300118738166,False
3267,Exhausted CD4,other,Calcium release-activated calcium transport,783.6948,2.29951105577232,0.010737968153485922,0.08052542378753269,5410.0337,0.004995004995004995,0.01947419668938656,True
3268,Exhausted CD4,other,Chenodeoxycholic acid,659.7946,1.6765940589212196,0.046810944662305336,0.2631666145813046,5568.1826,0.000999000999000999,0.005797701625427063,True
3269,Exhausted CD4,other,Chenodeoxycholic acid 3-sulfate,659.7946,1.6765940589212196,0.046810944662305336,0.2631666145813046,5568.1826,0.000999000999000999,0.005797701625427063,True
3270,Exhausted CD4,other,Chloride,-299.72687,-0.6218694191959838,0.7329861324992937,0.795852550284024,4541.757,0.000999000999000999,0.005797701625427063,True
3271,Exhausted CD4,other,Chloride ion,901.4796,2.290736127955181,0.010989339881036841,0.0821248415373152,6937.8022,0.000999000999000999,0.005797701625427063,True
3272,Exhausted CD4,other,Chloride_bicarbonate anion exchange,-61.509995,-0.31260422181180275,0.6227093148814052,0.768790652539845,0.0,0.04295704295704296,0.10245064669843432,False
3273,Exhausted CD4,other,Cholesterol,2205.1387,5.011872961778591,2.695139354449831e-07,3.489922191107409e-06,1793.1589,0.9300699300699301,0.9594405594405595,False
3274,Exhausted CD4,other,Cholic acid,2233.2378,2.930478166443006,0.0016922038801210858,0.015558172987381925,25189.994,0.000999000999000999,0.005797701625427063,True
3275,Exhausted CD4,other,Choline,-134.19933,-0.3050102834117129,0.6198208398744597,0.768790652539845,440.43143,0.001998001998001998,0.010183669758137844,True
3276,Exhausted CD4,other,Citric acid,1743.9177,8.862885577802114,3.898479607573776e-19,7.74665625246918e-18,25768.143,0.000999000999000999,0.005797701625427063,True
3277,Exhausted CD4,other,Cobalamin,362.9262,1.8444525298961116,0.03255860892445693,0.20922909341618223,12.753996,0.10989010989010989,0.19768300118738166,False
3278,Exhausted CD4,other,Coprocholic acid,659.7946,1.6765940589212196,0.046810944662305336,0.2631666145813046,5568.1826,0.000999000999000999,0.005797701625427063,True
3279,Exhausted CD4,other,Cortisol,1118.193,3.2809928952014955,0.0005172117494137918,0.005138748994175738,119.81271,0.07392607392607392,0.14951652475104632,False
3280,Exhausted CD4,other,Creatine,113.50809,0.5768673455415924,0.2820145355921302,0.768790652539845,414.86783,0.001998001998001998,0.010183669758137844,True
3281,Exhausted CD4,other,Cyclic AMP,354.10257,1.7996093007753082,0.035961175726596156,0.22311451760155773,333.6164,0.011988011988011988,0.03687040491605399,True
3282,Exhausted CD4,other,Cytidine,361.6237,1.8378328985772894,0.03304351612734841,0.20984336014893423,13904.444,0.000999000999000999,0.005797701625427063,True
3283,Exhausted CD4,other,D-Aspartate,712.5871,2.560779044630855,0.0052218877427197,0.0429709540965789,306.83423,0.000999000999000999,0.005797701625427063,True
3284,Exhausted CD4,other,D-Galactose,4368.4224,15.698522314600035,7.740306559503884e-56,2.30180702652281e-54,42007.613,0.1838161838161838,0.2878051505502486,False
3285,Exhausted CD4,other,D-Glucose,3631.253,7.534076500546389,2.459014478445402e-14,4.2755122705873277e-13,43651.61,0.19480519480519481,0.30150753768844224,False
3286,Exhausted CD4,other,D-Lactate,-163.63734,-0.8316327306358758,0.7971918593017585,0.8352523991350229,35.02157,0.5064935064935064,0.6029817780231915,False
3287,Exhausted CD4,other,D-Maltose,3456.6235,17.56714691599906,2.1986915696222758e-69,7.128389509933273e-68,40426.32,0.3856143856143856,0.5034118167633154,False
3288,Exhausted CD4,other,D-Mannose,4368.4224,15.698522314600035,7.740306559503884e-56,2.30180702652281e-54,42007.613,0.1838161838161838,0.2878051505502486,False
3289,Exhausted CD4,other,D-Xylose,3456.6235,17.56714691599906,2.1986915696222758e-69,7.128389509933273e-68,40426.32,0.3856143856143856,0.5034118167633154,False
3290,Exhausted CD4,other,Dehydroascorbic acid,4341.8057,12.739691290521769,1.7789994591589023e-37,4.485991618650987e-36,42007.613,0.1848151848151848,0.28874024526198433,False
3291,Exhausted CD4,other,Dehydroepiandrosterone,-130.7125,-0.4697331969268807,0.680727176428018,0.7782149353655358,0.0,0.07992007992007992,0.15844385499557914,False
3292,Exhausted CD4,other,Deoxycholic acid,659.7946,1.6765940589212196,0.046810944662305336,0.2631666145813046,5568.1826,0.000999000999000999,0.005797701625427063,True
3293,Exhausted CD4,other,Digoxin,-99.09681,-0.5036267883112499,0.6927381678589438,0.7801219586857576,0.0,0.052947052947052944,0.1186013986013986,False
3294,Exhausted CD4,other,Docosahexaenoic acid,4341.8057,12.739691290521769,1.7789994591589023e-37,4.485991618650987e-36,42007.613,0.1848151848151848,0.28874024526198433,False
3295,Exhausted CD4,other,Dopamine,1794.4772,3.7231579734412397,9.837316569514321e-05,0.0010657916846167274,1424.8314,0.000999000999000999,0.005797701625427063,True
3296,Exhausted CD4,other,E-3179,865.2284,4.397237405485056,5.481870245797699e-06,6.458421994502644e-05,46.812214,0.01098901098901099,0.03466321535085251,True
3297,Exhausted CD4,other,Estradiol,2124.7441,3.4147254472663477,0.0003192316602597657,0.0032619121304268005,26357.42,0.000999000999000999,0.005797701625427063,True
3298,Exhausted CD4,other,Estriol,865.2284,4.397237405485056,5.481870245797699e-06,6.458421994502644e-05,46.812214,0.01098901098901099,0.03466321535085251,True
3299,Exhausted CD4,other,Estrone,-99.09681,-0.5036267883112499,0.6927381678589438,0.7801219586857576,0.0,0.052947052947052944,0.1186013986013986,False
3300,Exhausted CD4,other,Estrone sulfate,-99.09681,-0.5036267883112499,0.6927381678589438,0.7801219586857576,0.0,0.052947052947052944,0.1186013986013986,False
3301,Exhausted CD4,other,Ethanol,-80.08206,-0.23497614213180854,0.5928863746693925,0.768790652539845,13960.231,0.000999000999000999,0.005797701625427063,True
3302,Exhausted CD4,other,Fatty acid,4612.9985,11.722020371349924,4.914965180466139e-32,1.1518114053353257e-30,41839.906,0.000999000999000999,0.005797701625427063,True
3303,Exhausted CD4,other,Folic acid,4196.798,5.915555394316728,1.6537878227478902e-09,2.4590114109272075e-08,38890.613,0.000999000999000999,0.005797701625427063,True
3304,Exhausted CD4,other,Folinic acid,733.9246,1.668075125526199,0.04765040718167384,0.26718927928137526,6620.879,0.000999000999000999,0.005797701625427063,True
3305,Exhausted CD4,other,Fusidic Acid,-48.78587,-0.24793806150513456,0.5979088348437056,0.768790652539845,6.3336287,0.2597402597402597,0.37209302325581395,False
3306,Exhausted CD4,other,GABA,-62.182907,-0.2234627683833517,0.5884123214924727,0.768790652539845,5.1269274,0.4275724275724276,0.544665378934212,False
3307,Exhausted CD4,other,Glucosamine,885.1819,3.181021983422673,0.000733782464259233,0.007174761872756945,1581.2933,0.000999000999000999,0.005797701625427063,True
3308,Exhausted CD4,other,Glutathione,1701.0352,2.881649698055456,0.001977996342070065,0.017732058684004407,25063.77,0.000999000999000999,0.005797701625427063,True
3309,Exhausted CD4,other,Glycerol,865.2284,4.397237405485056,5.481870245797699e-06,6.458421994502644e-05,46.812214,0.01098901098901099,0.03466321535085251,True
3310,Exhausted CD4,other,Glycochenodeoxycholate-3-sulfate,659.7946,1.6765940589212196,0.046810944662305336,0.2631666145813046,5568.1826,0.000999000999000999,0.005797701625427063,True
3311,Exhausted CD4,other,Glycyl-glycine,-30.621647,-0.15562440170270772,0.5618354552447257,0.768790652539845,0.0,0.03796203796203796,0.09237714881055738,False
3312,Exhausted CD4,other,Guanosine,361.6237,1.8378328985772894,0.03304351612734841,0.20984336014893423,13904.444,0.000999000999000999,0.005797701625427063,True
3313,Exhausted CD4,other,Heme,2498.1318,8.977377897548482,1.3864807022832106e-19,2.8068097597395323e-18,16520.473,0.8091908091908092,0.8562529495044833,False
3314,Exhausted CD4,other,Histamine,113.50809,0.5768673455415924,0.2820145355921302,0.768790652539845,414.86783,0.001998001998001998,0.010183669758137844,True
3315,Exhausted CD4,other,Hydroxycelecoxib,354.10257,1.7996093007753082,0.035961175726596156,0.22311451760155773,333.6164,0.011988011988011988,0.03687040491605399,True
3316,Exhausted CD4,other,Hydroxylansoprazole,1118.193,3.2809928952014955,0.0005172117494137918,0.005138748994175738,119.81271,0.07392607392607392,0.14951652475104632,False
3317,Exhausted CD4,other,Hyodeoxycholic acid,659.7946,1.6765940589212196,0.046810944662305336,0.2631666145813046,5568.1826,0.000999000999000999,0.005797701625427063,True
3318,Exhausted CD4,other,Inosine,361.6237,1.8378328985772894,0.03304351612734841,0.20984336014893423,13904.444,0.000999000999000999,0.005797701625427063,True
3319,Exhausted CD4,other,Iron,5200.114,7.629066018288048,1.182302656573434e-14,2.0723939248555476e-13,250963.78,0.000999000999000999,0.005797701625427063,True
3320,Exhausted CD4,other,Isoursodeoxycholic acid,659.7946,1.6765940589212196,0.046810944662305336,0.2631666145813046,5568.1826,0.000999000999000999,0.005797701625427063,True
3321,Exhausted CD4,other,Ketone bodies,-163.63734,-0.8316327306358758,0.7971918593017585,0.8352523991350229,35.02157,0.5064935064935064,0.6029817780231915,False
3322,Exhausted CD4,other,L-Alanine,103.879616,0.5279338213980981,0.29877263464443726,0.768790652539845,7556.359,0.000999000999000999,0.005797701625427063,True
3323,Exhausted CD4,other,L-Arginine,2298.11,6.743096210526539,7.75232321272058e-12,1.2426772376673288e-10,326.38052,0.000999000999000999,0.005797701625427063,True
3324,Exhausted CD4,other,L-Asparagine,103.879616,0.5279338213980981,0.29877263464443726,0.768790652539845,7556.359,0.000999000999000999,0.005797701625427063,True
3325,Exhausted CD4,other,L-Aspartate,712.5871,2.560779044630855,0.0052218877427197,0.0429709540965789,306.83423,0.000999000999000999,0.005797701625427063,True
3326,Exhausted CD4,other,L-Carnitine,609.8447,1.1714382578691112,0.12071133091599479,0.5461776064110908,782.19147,0.07392607392607392,0.14951652475104632,False
3327,Exhausted CD4,other,L-Cysteine,2460.711,5.105451150837812,1.6500311617451355e-07,2.175820908087163e-06,11896.806,0.000999000999000999,0.005797701625427063,True
3328,Exhausted CD4,other,L-Cystine,2826.8289,5.865067864496396,2.2447451841019628e-09,3.3148428883039945e-08,8934.267,0.000999000999000999,0.005797701625427063,True
3329,Exhausted CD4,other,L-Dopa,-30.621647,-0.15562440170270772,0.5618354552447257,0.768790652539845,0.0,0.03796203796203796,0.09237714881055738,False
3330,Exhausted CD4,other,L-Glutamate,1742.2478,2.031338387598995,0.021110339905323742,0.14471826020946896,26922.832,0.000999000999000999,0.005797701625427063,True
3331,Exhausted CD4,other,L-Glutamine,2571.087,3.4922223774028405,0.0002395096320115888,0.002494602737280123,47811.977,0.000999000999000999,0.005797701625427063,True
3332,Exhausted CD4,other,L-Histidine,145.5319,0.7396178235531107,0.2297659617976972,0.768790652539845,296.20224,0.003996003996003996,0.01628617129562309,True
3333,Exhausted CD4,other,L-Isoleucine,501.36206,2.5480070034114504,0.00541701480327778,0.0440720147768562,2136.2207,0.003996003996003996,0.01628617129562309,True
3334,Exhausted CD4,other,L-Lactate,462.81683,1.663195493476413,0.04813665471953133,0.26956526642937545,2188.8813,0.000999000999000999,0.005797701625427063,True
3335,Exhausted CD4,other,L-Leucine,2347.9482,3.773441920919262,8.05053575950336e-05,0.0008810637105324489,33690.047,0.000999000999000999,0.005797701625427063,True
3336,Exhausted CD4,other,L-Lysine,2326.4668,11.823498740961229,1.4756588029262507e-32,3.496176240779117e-31,23.031578,0.002997002997002997,0.01360323886639676,True
3337,Exhausted CD4,other,L-Methionine,498.21622,1.4618620205804687,0.07188951217524707,0.3712426065864256,3805.224,0.000999000999000999,0.005797701625427063,True
3338,Exhausted CD4,other,L-Ornithine,2326.4668,11.823498740961229,1.4756588029262507e-32,3.496176240779117e-31,23.031578,0.002997002997002997,0.01360323886639676,True
3339,Exhausted CD4,other,L-Phenylalanine,498.21622,1.4618620205804687,0.07188951217524707,0.3712426065864256,3805.224,0.000999000999000999,0.005797701625427063,True
3340,Exhausted CD4,other,L-Serine,441.80963,1.2963542700992128,0.09742672965606641,0.4673015108753708,22229.266,0.000999000999000999,0.005797701625427063,True
3341,Exhausted CD4,other,L-Threonine,103.879616,0.5279338213980981,0.29877263464443726,0.768790652539845,7556.359,0.000999000999000999,0.005797701625427063,True
3342,Exhausted CD4,other,L-Tyrosine,145.5319,0.7396178235531107,0.2297659617976972,0.768790652539845,296.20224,0.003996003996003996,0.01628617129562309,True
3343,Exhausted CD4,other,L-Valine,501.36206,2.5480070034114504,0.00541701480327778,0.0440720147768562,2136.2207,0.003996003996003996,0.01628617129562309,True
3344,Exhausted CD4,other,Leukotriene C4,254.32056,1.2925001918273888,0.0980919897712168,0.4699696221038743,8461.456,0.000999000999000999,0.005797701625427063,True
3345,Exhausted CD4,other,Lithocholic acid,659.7946,1.6765940589212196,0.046810944662305336,0.2631666145813046,5568.1826,0.000999000999000999,0.005797701625427063,True
3346,Exhausted CD4,other,Malic acid,831.05835,4.223579448230445,1.2022627613900054e-05,0.0001386138242543771,306.83423,0.000999000999000999,0.005797701625427063,True
3347,Exhausted CD4,other,Manganese,884.6817,3.1792245071281213,0.0007383483369584029,0.00720307246372089,4706.482,0.000999000999000999,0.005797701625427063,True
3348,Exhausted CD4,other,N-Desmethylcitalopram,4238.167,15.230431850889513,1.1105974628002373e-52,3.214024335298405e-51,498.61136,0.000999000999000999,0.005797701625427063,True
3349,Exhausted CD4,other,N-Desmethyleletriptan,865.2284,4.397237405485056,5.481870245797699e-06,6.458421994502644e-05,46.812214,0.01098901098901099,0.03466321535085251,True
3350,Exhausted CD4,other,N-Desmethyltamoxifen,1118.193,3.2809928952014955,0.0005172117494137918,0.005138748994175738,119.81271,0.07392607392607392,0.14951652475104632,False
3351,Exhausted CD4,other,N-desmethylimatinib,922.56067,1.9141169152398858,0.027802609326064667,0.18443823294460132,119.81271,0.08691308691308691,0.1688149688149688,False
3352,Exhausted CD4,other,Neurotransmitter,770.872,1.7520497144081923,0.039882629914414304,0.23687865040076375,207.78337,0.000999000999000999,0.005797701625427063,True
3353,Exhausted CD4,other,Nicotinate,2603.1743,6.614886637083097,1.859182910485789e-11,2.9473517316230595e-10,26854.172,0.000999000999000999,0.005797701625427063,True
3354,Exhausted CD4,other,Norepinephrine,-99.232925,-0.2521592765223663,0.5995410231076815,0.768790652539845,440.43143,0.001998001998001998,0.010183669758137844,True
3355,Exhausted CD4,other,O-Deethylated candesartan,865.2284,4.397237405485056,5.481870245797699e-06,6.458421994502644e-05,46.812214,0.01098901098901099,0.03466321535085251,True
3356,Exhausted CD4,other,O-Desmethylverapamil (D-702),5272.295,4.975650278298283,3.2514480463267386e-07,4.160309785092254e-06,30124.898,0.000999000999000999,0.005797701625427063,True
3357,Exhausted CD4,other,Oxalic acid,1743.9177,8.862885577802114,3.898479607573776e-19,7.74665625246918e-18,25768.143,0.000999000999000999,0.005797701625427063,True
3358,Exhausted CD4,other,Phosphate,-195.8631,-0.4451606505844308,0.6718981694680606,0.7782149353655358,2702.3545,0.017982017982017984,0.051045728465083304,False
3359,Exhausted CD4,other,Potassium,-39.521313,-0.2008540125044234,0.5795936362303515,0.768790652539845,0.0,0.03196803196803197,0.08089563019140483,False
3360,Exhausted CD4,other,Progesterone,837.92053,1.6095444065525526,0.05374867658564371,0.2952411381366824,8508.269,0.000999000999000999,0.005797701625427063,True
3361,Exhausted CD4,other,Prostaglandins,-217.08514,-0.6369694852436542,0.7379276398902068,0.7974225306650513,0.0,0.2077922077922078,0.3179559971611072,False
3362,Exhausted CD4,other,Putrescine,143.57535,0.7296742628837734,0.2327946583276586,0.768790652539845,61.70636,0.996003996003996,1.0,False
3363,Exhausted CD4,other,Pyruvate,-163.63734,-0.8316327306358758,0.7971918593017585,0.8352523991350229,35.02157,0.5064935064935064,0.6029817780231915,False
3364,Exhausted CD4,other,Serotonin,3254.9504,9.550649423995976,6.44428963507559e-22,1.348921209050774e-20,451.79913,0.000999000999000999,0.005797701625427063,True
3365,Exhausted CD4,other,Sodium,8566.678,7.466586864396129,4.115082536826367e-14,7.069416692747129e-13,77024.836,0.000999000999000999,0.005797701625427063,True
3366,Exhausted CD4,other,Sodium_calcium_potassium exchange,235.94058,0.8478847024736463,0.19825109237405103,0.768790652539845,142.00653,0.6363636363636364,0.711065042757191,False
3367,Exhausted CD4,other,Sodium_hydrogen exchange,444.49445,1.3042320310935038,0.09607724087515451,0.46444225306482645,3600.3667,0.000999000999000999,0.005797701625427063,True
3368,Exhausted CD4,other,Spermine,123.47301,0.3622935055540751,0.3585663554156491,0.768790652539845,70.00495,0.997002997002997,1.0,False
3369,Exhausted CD4,other,Sulfolithocholic acid,659.7946,1.6765940589212196,0.046810944662305336,0.2631666145813046,5568.1826,0.000999000999000999,0.005797701625427063,True
3370,Exhausted CD4,other,Taurocholic acid,4786.3726,4.865031385474376,5.721932303075046e-07,7.256756497311647e-06,52202.773,0.000999000999000999,0.005797701625427063,True
3371,Exhausted CD4,other,Testosterone,1168.3713,2.244300598149925,0.012406533551005757,0.09144781653322535,189.81766,0.8481518481518482,0.8876773711725169,False
3372,Exhausted CD4,other,Thiamine,183.63814,0.9332801543494155,0.17533766950937635,0.7105789764327357,29.05282,0.25074925074925075,0.36258577103647527,False
3373,Exhausted CD4,other,Thymidine,532.624,1.5628211296220063,0.05904733641736022,0.31786780852891044,14059.961,0.000999000999000999,0.005797701625427063,True
3374,Exhausted CD4,other,Thyroxine,-99.09681,-0.5036267883112499,0.6927381678589438,0.7801219586857576,0.0,0.052947052947052944,0.1186013986013986,False
3375,Exhausted CD4,other,Trihydroxycoprostanoic acid,659.7946,1.6765940589212196,0.046810944662305336,0.2631666145813046,5568.1826,0.000999000999000999,0.005797701625427063,True
3376,Exhausted CD4,other,Urea,2545.0142,7.467560098039991,4.084770931766052e-14,7.045412903110087e-13,42.080883,0.002997002997002997,0.01360323886639676,True
3377,Exhausted CD4,other,Uridine,361.6237,1.8378328985772894,0.03304351612734841,0.20984336014893423,13904.444,0.000999000999000999,0.005797701625427063,True
3378,Exhausted CD4,other,Ursocholic acid,659.7946,1.6765940589212196,0.046810944662305336,0.2631666145813046,5568.1826,0.000999000999000999,0.005797701625427063,True
3379,Exhausted CD4,other,Ursodeoxycholic acid,659.7946,1.6765940589212196,0.046810944662305336,0.2631666145813046,5568.1826,0.000999000999000999,0.005797701625427063,True
3380,Exhausted CD4,other,Ursodeoxycholic acid 3-sulfate,659.7946,1.6765940589212196,0.046810944662305336,0.2631666145813046,5568.1826,0.000999000999000999,0.005797701625427063,True
3381,Exhausted CD4,other,Varanic acid,659.7946,1.6765940589212196,0.046810944662305336,0.2631666145813046,5568.1826,0.000999000999000999,0.005797701625427063,True
3382,Exhausted CD4,other,Vitamin C,171.15128,0.8698198034460438,0.19219944366798447,0.7631344393152386,304.8095,0.7482517482517482,0.8094484542051024,False
3383,Exhausted CD4,other,Vitamin D3,327.08163,1.6622843270967589,0.04822788939496293,0.2696803450772557,1338.6344,0.988011988011988,1.0,False
3384,Exhausted CD4,other,Water,4415.0137,6.4772488193878335,4.670504422083112e-11,7.296817053631296e-10,3088.0596,0.000999000999000999,0.005797701625427063,True
3385,Exhausted CD4,other,Zinc,553.4468,1.9888865731262082,0.023356862058778825,0.1586059672400855,4630.724,0.000999000999000999,0.005797701625427063,True
3386,Exhausted CD4,other,alpha-Ketoisovaleric acid,-163.63734,-0.8316327306358758,0.7971918593017585,0.8352523991350229,35.02157,0.5064935064935064,0.6029817780231915,False
3387,Exhausted CD4,other,alpha-Tocopherol,440.69135,2.239668140675456,0.012556237682425217,0.09239333939695825,379.1303,0.6853146853146853,0.7505910396436177,False
3388,Exhausted CD8,Exhausted CD8,"(3a,5b,7a)-23-Carboxy-7-hydroxy-24-norcholan-3-yl-b-D-Glucopyranosiduronic acid",-8.582239,-0.3154893857060932,0.6238049455649226,0.768790652539845,0.0,0.07392607392607392,0.14951652475104632,False
3389,Exhausted CD8,Exhausted CD8,17a-Ethynylestradiol,-12.827065,-0.5444786058985992,0.7069439166620243,0.7823047154025067,0.0,0.2817182817182817,0.39581923452891193,False
3390,Exhausted CD8,Exhausted CD8,"1b,3a,12a-Trihydroxy-5b-cholanoic acid",-8.582239,-0.3154893857060932,0.6238049455649226,0.768790652539845,0.0,0.07392607392607392,0.14951652475104632,False
3391,Exhausted CD8,Exhausted CD8,2-Hydroxychlorpropamide,-10.026756,-0.5212662380160388,0.6989093415578007,0.7823047154025067,0.0,0.2707292707292707,0.38325167937774635,False
3392,Exhausted CD8,Exhausted CD8,25-Hydroxycholesterol,-0.47111613,-0.03463714642332811,0.5138154596508633,0.768790652539845,0.0,0.07092907092907093,0.14732473692011264,False
3393,Exhausted CD8,Exhausted CD8,"3',4'-Dihydrodiol",-12.712746,-0.46732982504866805,0.679868039451138,0.7782149353655358,0.0,0.2707292707292707,0.38325167937774635,False
3394,Exhausted CD8,Exhausted CD8,3-Sulfodeoxycholic acid,-8.582239,-0.3154893857060932,0.6238049455649226,0.768790652539845,0.0,0.07392607392607392,0.14951652475104632,False
3395,Exhausted CD8,Exhausted CD8,"3alpha,7alpha-Dihydroxycoprostanic acid",-8.582239,-0.3154893857060932,0.6238049455649226,0.768790652539845,0.0,0.07392607392607392,0.14951652475104632,False
3396,Exhausted CD8,Exhausted CD8,3b-Hydroxy-5-cholenoic acid,-8.582239,-0.3154893857060932,0.6238049455649226,0.768790652539845,0.0,0.07392607392607392,0.14951652475104632,False
3397,Exhausted CD8,Exhausted CD8,4'-Hydroxydiclofenac,7.5578675,0.2485011535256339,0.4018733388404097,0.768790652539845,64.018196,0.6293706293706294,0.7043462636507017,False
3398,Exhausted CD8,Exhausted CD8,4-Hydroxycyclophosphamide,-10.169194,-0.7476540286556143,0.7726655666203681,0.8184067608123379,0.0,0.2707292707292707,0.38325167937774635,False
3399,Exhausted CD8,Exhausted CD8,4-Hydroxyvalsartan,0.14243776,0.007404986331693638,0.49704586486427105,0.768790652539845,0.0,0.000999000999000999,0.005797701625427063,False
3400,Exhausted CD8,Exhausted CD8,4-ene-Valproic acid,-3.7931137,-0.19719459181760232,0.5781623686848736,0.768790652539845,0.0,0.13886113886113885,0.2342602624292765,False
3401,Exhausted CD8,Exhausted CD8,5-Hydroxyomeprazole,-17.684082,-0.6500797843840682,0.7421796566767405,0.8002697373318591,0.0,0.3676323676323676,0.48344945691697744,False
3402,Exhausted CD8,Exhausted CD8,5-Methyltetrahydrofolic acid,22.393871,1.646430163046764,0.04983761364634707,0.2769327191276399,39.90547,0.006993006993006993,0.024817980373535928,True
3403,Exhausted CD8,Exhausted CD8,8-Hydroxycarvedilol,-10.169194,-0.7476540286556143,0.7726655666203681,0.8184067608123379,0.0,0.2707292707292707,0.38325167937774635,False
3404,Exhausted CD8,Exhausted CD8,ADP,-11.444439,-0.5949680493840774,0.7240675858202035,0.7923456249078984,0.0,0.11288711288711288,0.20131068270026084,False
3405,Exhausted CD8,Exhausted CD8,Acetate,-34.201996,-1.2572903726712268,0.8956757455860778,0.9123916406726121,0.0,0.5394605394605395,0.6333116923914638,False
3406,Exhausted CD8,Exhausted CD8,Acetyl-L-Carnitine,0.24216321,0.017804193373924276,0.49289752973119594,0.768790652539845,0.0,0.01898101898101898,0.05325058805865572,False
3407,Exhausted CD8,Exhausted CD8,Acetylcholine,0.0,0.0,0.5,0.768790652539845,0.0,0.000999000999000999,0.005797701625427063,False
3408,Exhausted CD8,Exhausted CD8,Adenine,-3.1666045,-0.2328133944676535,0.5920468442925839,0.768790652539845,0.0,0.011988011988011988,0.03687040491605399,False
3409,Exhausted CD8,Exhausted CD8,Adenosine,-12.674547,-0.9318512426501558,0.8242932958750664,0.855224071191336,16.813633,0.4175824175824176,0.5335156695156695,False
3410,Exhausted CD8,Exhausted CD8,Adenosine diphosphate ribose,-6.048621,-0.4447034733331707,0.6717329705413816,0.7782149353655358,0.0,0.7202797202797203,0.783908670834466,False
3411,Exhausted CD8,Exhausted CD8,Adenosine triphosphate,30.601097,1.1249187022565048,0.13031174301771797,0.577094123771908,511.10464,0.17382617382617382,0.27485825505627487,False
3412,Exhausted CD8,Exhausted CD8,Adenosylcobalamin,-1.16221,-0.08544737768566715,0.5340471355434602,0.768790652539845,0.0,0.002997002997002997,0.01360323886639676,False
3413,Exhausted CD8,Exhausted CD8,Amiloride-sensitive sodium transport,-1.4786276,-0.06276424455028713,0.5250228807884701,0.768790652539845,0.0,0.13586413586413587,0.2303759944341934,False
3414,Exhausted CD8,Exhausted CD8,Anion exchange,3.1777742,0.23363460508639916,0.40763433007738437,0.768790652539845,0.0,0.056943056943056944,0.12578814627994955,False
3415,Exhausted CD8,Exhausted CD8,Betaine,0.0,0.0,0.5,0.768790652539845,0.0,0.000999000999000999,0.005797701625427063,False
3416,Exhausted CD8,Exhausted CD8,Bilirubin,-2.401114,-0.12482797220324197,0.5496701290131442,0.768790652539845,0.0,0.000999000999000999,0.005797701625427063,False
3417,Exhausted CD8,Exhausted CD8,Butyrate,-4.035277,-0.29667945735789364,0.616644379026511,0.768790652539845,0.0,0.12187812187812187,0.2136335209505941,False
3418,Exhausted CD8,Exhausted CD8,Cadmium,-0.108202636,-0.007955216031415168,0.5031736385504264,0.768790652539845,0.0,0.43156843156843155,0.5474913436078485,False
3419,Exhausted CD8,Exhausted CD8,Calcidiol,-1.16221,-0.06042042019614333,0.524089602298788,0.768790652539845,0.0,0.002997002997002997,0.01360323886639676,False
3420,Exhausted CD8,Exhausted CD8,Calcium,-1.16221,-0.08544737768566715,0.5340471355434602,0.768790652539845,0.0,0.002997002997002997,0.01360323886639676,False
3421,Exhausted CD8,Exhausted CD8,Calcium release-activated calcium transport,-7.015072,-0.29777321718933075,0.6170618713260664,0.768790652539845,0.0,0.6723276723276723,0.7408834457134994,False
3422,Exhausted CD8,Exhausted CD8,Chenodeoxycholic acid,-8.582239,-0.3154893857060932,0.6238049455649226,0.768790652539845,0.0,0.07392607392607392,0.14951652475104632,False
3423,Exhausted CD8,Exhausted CD8,Chenodeoxycholic acid 3-sulfate,-8.582239,-0.3154893857060932,0.6238049455649226,0.768790652539845,0.0,0.07392607392607392,0.14951652475104632,False
3424,Exhausted CD8,Exhausted CD8,Chloride,17.83552,0.5353333273332942,0.296209692345596,0.768790652539845,30.805199,0.04195804195804196,0.10034557788301549,False
3425,Exhausted CD8,Exhausted CD8,Chloride ion,-23.17744,-0.8520196631836612,0.8028984106995947,0.8388897375664289,0.0,0.6173826173826173,0.7001982762109011,False
3426,Exhausted CD8,Exhausted CD8,Chloride_bicarbonate anion exchange,0.14243776,0.010472232099468536,0.49582226020596537,0.768790652539845,0.0,0.000999000999000999,0.005797701625427063,False
3427,Exhausted CD8,Exhausted CD8,Cholesterol,-7.480462,-0.2459560779175458,0.5971418835326731,0.768790652539845,0.0,0.3336663336663337,0.448494149242279,False
3428,Exhausted CD8,Exhausted CD8,Cholic acid,-33.915737,-0.6438278619951087,0.7401564678498596,0.7986873597018505,71.77954,0.6583416583416584,0.7297607277041724,False
3429,Exhausted CD8,Exhausted CD8,Choline,-1.2050121,-0.039620553228945816,0.5158021794019052,0.768790652539845,0.0,0.01898101898101898,0.05325058805865572,False
3430,Exhausted CD8,Exhausted CD8,Citric acid,-13.257021,-0.9746755648077287,0.8351393912904771,0.8625744193052025,0.0,0.22077922077922077,0.3350932770151355,False
3431,Exhausted CD8,Exhausted CD8,Cobalamin,-1.16221,-0.08544737768566715,0.5340471355434602,0.768790652539845,0.0,0.002997002997002997,0.01360323886639676,False
3432,Exhausted CD8,Exhausted CD8,Coprocholic acid,-8.582239,-0.3154893857060932,0.6238049455649226,0.768790652539845,0.0,0.07392607392607392,0.14951652475104632,False
3433,Exhausted CD8,Exhausted CD8,Cortisol,-9.474591,-0.4021740008281671,0.6562220125614389,0.7758786175390525,0.0,0.3226773226773227,0.4358974358974359,False
3434,Exhausted CD8,Exhausted CD8,Creatine,0.24216321,0.017804193373924276,0.49289752973119594,0.768790652539845,0.0,0.01898101898101898,0.05325058805865572,False
3435,Exhausted CD8,Exhausted CD8,Cyclic AMP,1.4243776,0.10472232099468536,0.458298074877456,0.768790652539845,0.0,0.008991008991008992,0.029914529914529916,False
3436,Exhausted CD8,Exhausted CD8,Cytidine,-12.674547,-0.9318512426501558,0.8242932958750664,0.855224071191336,16.813633,0.4175824175824176,0.5335156695156695,False
3437,Exhausted CD8,Exhausted CD8,D-Aspartate,-0.65750813,-0.034182220263128386,0.5136340777849042,0.768790652539845,0.0,0.001998001998001998,0.010183669758137844,False
3438,Exhausted CD8,Exhausted CD8,D-Galactose,-14.632736,-0.7607197318826637,0.776587756722215,0.8215521116256602,64.24908,0.47652347652347654,0.5804432855280313,False
3439,Exhausted CD8,Exhausted CD8,D-Glucose,-8.065345,-0.2420814152975404,0.595641460789231,0.768790652539845,72.678444,0.4035964035964036,0.5224580283121262,False
3440,Exhausted CD8,Exhausted CD8,D-Lactate,-4.035277,-0.29667945735789364,0.616644379026511,0.768790652539845,0.0,0.12187812187812187,0.2136335209505941,False
3441,Exhausted CD8,Exhausted CD8,D-Maltose,-7.445747,-0.5474221992297926,0.7079556462695085,0.7823047154025067,64.24908,0.43156843156843155,0.5474913436078485,False
3442,Exhausted CD8,Exhausted CD8,D-Mannose,-14.632736,-0.7607197318826637,0.776587756722215,0.8215521116256602,64.24908,0.47652347652347654,0.5804432855280313,False
3443,Exhausted CD8,Exhausted CD8,D-Xylose,-7.445747,-0.5474221992297926,0.7079556462695085,0.7823047154025067,64.24908,0.43156843156843155,0.5474913436078485,False
3444,Exhausted CD8,Exhausted CD8,Dehydroascorbic acid,-14.490298,-0.6150789065145781,0.7307486942349347,0.795852550284024,64.24908,0.47652347652347654,0.5804432855280313,False
3445,Exhausted CD8,Exhausted CD8,Dehydroepiandrosterone,0.14243776,0.007404986331693638,0.49704586486427105,0.768790652539845,0.0,0.000999000999000999,0.005797701625427063,False
3446,Exhausted CD8,Exhausted CD8,Deoxycholic acid,-8.582239,-0.3154893857060932,0.6238049455649226,0.768790652539845,0.0,0.07392607392607392,0.14951652475104632,False
3447,Exhausted CD8,Exhausted CD8,Digoxin,0.14243776,0.010472232099468536,0.49582226020596537,0.768790652539845,0.0,0.000999000999000999,0.005797701625427063,False
3448,Exhausted CD8,Exhausted CD8,Docosahexaenoic acid,-14.490298,-0.6150789065145781,0.7307486942349347,0.795852550284024,64.24908,0.47652347652347654,0.5804432855280313,False
3449,Exhausted CD8,Exhausted CD8,Dopamine,-2.8920689,-0.08680547948330648,0.5345869339649962,0.768790652539845,0.0,0.024975024975024976,0.06574621959237344,False
3450,Exhausted CD8,Exhausted CD8,E-3179,-10.169194,-0.7476540286556143,0.7726655666203681,0.8184067608123379,0.0,0.2707292707292707,0.38325167937774635,False
3451,Exhausted CD8,Exhausted CD8,Estradiol,-23.052525,-0.5359603095913987,0.7040070091785161,0.7823047154025067,0.0,0.5064935064935064,0.6029817780231915,False
3452,Exhausted CD8,Exhausted CD8,Estriol,-10.169194,-0.7476540286556143,0.7726655666203681,0.8184067608123379,0.0,0.2707292707292707,0.38325167937774635,False
3453,Exhausted CD8,Exhausted CD8,Estrone,0.14243776,0.010472232099468536,0.49582226020596537,0.768790652539845,0.0,0.000999000999000999,0.005797701625427063,False
3454,Exhausted CD8,Exhausted CD8,Estrone sulfate,0.14243776,0.010472232099468536,0.49582226020596537,0.768790652539845,0.0,0.000999000999000999,0.005797701625427063,False
3455,Exhausted CD8,Exhausted CD8,Ethanol,-14.62228,-0.6206812240277042,0.7325953071873825,0.795852550284024,16.813633,0.45054945054945056,0.5649227190372872,False
3456,Exhausted CD8,Exhausted CD8,Fatty acid,14.369407,0.5282298958375725,0.2986698909845843,0.768790652539845,43.76829,0.2957042957042957,0.4114478615930697,False
3457,Exhausted CD8,Exhausted CD8,Folic acid,-9.40955,-0.19187186668216244,0.576078712445315,0.768790652539845,39.90547,0.055944055944055944,0.12415376697414783,False
3458,Exhausted CD8,Exhausted CD8,Folinic acid,-16.431808,-0.5402745344679463,0.7054961411930882,0.7823047154025067,0.0,0.1258741258741259,0.21894684581251747,False
3459,Exhausted CD8,Exhausted CD8,Fusidic Acid,-2.5435517,-0.1870056389706044,0.5741718941583118,0.768790652539845,0.0,0.000999000999000999,0.005797701625427063,False
3460,Exhausted CD8,Exhausted CD8,GABA,0.0,0.0,0.5,0.768790652539845,0.0,0.000999000999000999,0.005797701625427063,False
3461,Exhausted CD8,Exhausted CD8,Glucosamine,-7.0445514,-0.36622878700743666,0.6429028184119328,0.7719104793751966,0.0,0.22677322677322678,0.34083170228168486,False
3462,Exhausted CD8,Exhausted CD8,Glutathione,-23.145157,-0.5672219251461759,0.7147182931272203,0.7868303597068477,71.77954,0.6193806193806194,0.7015416944494959,False
3463,Exhausted CD8,Exhausted CD8,Glycerol,-10.169194,-0.7476540286556143,0.7726655666203681,0.8184067608123379,0.0,0.2707292707292707,0.38325167937774635,False
3464,Exhausted CD8,Exhausted CD8,Glycochenodeoxycholate-3-sulfate,-8.582239,-0.3154893857060932,0.6238049455649226,0.768790652539845,0.0,0.07392607392607392,0.14951652475104632,False
3465,Exhausted CD8,Exhausted CD8,Glycyl-glycine,0.14243776,0.010472232099468536,0.49582226020596537,0.768790652539845,0.0,0.000999000999000999,0.005797701625427063,False
3466,Exhausted CD8,Exhausted CD8,Guanosine,-12.674547,-0.9318512426501558,0.8242932958750664,0.855224071191336,16.813633,0.4175824175824176,0.5335156695156695,False
3467,Exhausted CD8,Exhausted CD8,Heme,-1.6126307,-0.08383667930604352,0.5334068576036295,0.768790652539845,0.0,0.1958041958041958,0.30261924455472844,False
3468,Exhausted CD8,Exhausted CD8,Histamine,0.24216321,0.017804193373924276,0.49289752973119594,0.768790652539845,0.0,0.01898101898101898,0.05325058805865572,False
3469,Exhausted CD8,Exhausted CD8,Hydroxycelecoxib,1.4243776,0.10472232099468536,0.458298074877456,0.768790652539845,0.0,0.008991008991008992,0.029914529914529916,False
3470,Exhausted CD8,Exhausted CD8,Hydroxylansoprazole,-9.474591,-0.4021740008281671,0.6562220125614389,0.7758786175390525,0.0,0.3226773226773227,0.4358974358974359,False
3471,Exhausted CD8,Exhausted CD8,Hyodeoxycholic acid,-8.582239,-0.3154893857060932,0.6238049455649226,0.768790652539845,0.0,0.07392607392607392,0.14951652475104632,False
3472,Exhausted CD8,Exhausted CD8,Inosine,-12.674547,-0.9318512426501558,0.8242932958750664,0.855224071191336,16.813633,0.4175824175824176,0.5335156695156695,False
3473,Exhausted CD8,Exhausted CD8,Iron,24.29686,0.5156721290922722,0.30304171184320483,0.768790652539845,369.91595,0.19080919080919082,0.2964934164934165,False
3474,Exhausted CD8,Exhausted CD8,Isoursodeoxycholic acid,-8.582239,-0.3154893857060932,0.6238049455649226,0.768790652539845,0.0,0.07392607392607392,0.14951652475104632,False
3475,Exhausted CD8,Exhausted CD8,Ketone bodies,-4.035277,-0.29667945735789364,0.616644379026511,0.768790652539845,0.0,0.12187812187812187,0.2136335209505941,False
3476,Exhausted CD8,Exhausted CD8,L-Alanine,20.94319,1.5397739242621649,0.06180773506272031,0.32984523959214107,31.63696,0.35264735264735264,0.4673065103304808,False
3477,Exhausted CD8,Exhausted CD8,L-Arginine,25.759865,1.093445364685569,0.1370991524333925,0.6013952647942914,68.15505,0.03996003996003996,0.09593969504882645,False
3478,Exhausted CD8,Exhausted CD8,L-Asparagine,20.94319,1.5397739242621649,0.06180773506272031,0.32984523959214107,31.63696,0.35264735264735264,0.4673065103304808,False
3479,Exhausted CD8,Exhausted CD8,L-Aspartate,-0.65750813,-0.034182220263128386,0.5136340777849042,0.768790652539845,0.0,0.001998001998001998,0.010183669758137844,False
3480,Exhausted CD8,Exhausted CD8,L-Carnitine,1.7013092,0.04727683204113929,0.48114629639203127,0.768790652539845,0.0,0.06393606393606394,0.1368200038175224,False
3481,Exhausted CD8,Exhausted CD8,L-Cysteine,20.416056,0.612788141087023,0.27000821658045615,0.768790652539845,31.63696,0.4015984015984016,0.5201839314185364,False
3482,Exhausted CD8,Exhausted CD8,L-Cystine,-15.218331,-0.45677838642833185,0.6760848287810537,0.7782149353655358,0.0,0.6243756243756243,0.7016953902199804,False
3483,Exhausted CD8,Exhausted CD8,L-Dopa,0.14243776,0.010472232099468536,0.49582226020596537,0.768790652539845,0.0,0.000999000999000999,0.005797701625427063,False
3484,Exhausted CD8,Exhausted CD8,L-Glutamate,-28.360764,-0.4783604374783763,0.6838031565007081,0.7782149353655358,38.1174,0.7852147852147852,0.8387035308016234,False
3485,Exhausted CD8,Exhausted CD8,L-Glutamine,34.461876,0.6771564699493663,0.24915334160039965,0.768790652539845,172.28555,0.3356643356643357,0.4501973920325398,False
3486,Exhausted CD8,Exhausted CD8,L-Histidine,25.560587,1.8792517259736872,0.030105064899099605,0.19728425508346126,68.15505,0.03896103896103896,0.09395973154362415,False
3487,Exhausted CD8,Exhausted CD8,L-Isoleucine,0.48227075,0.03545725053136256,0.485857567028611,0.768790652539845,0.0,0.02197802197802198,0.05982905982905983,False
3488,Exhausted CD8,Exhausted CD8,L-Lactate,-15.00799,-0.7802282416251803,0.7823717290930134,0.8267976493719752,0.0,0.16783216783216784,0.27013523990007754,False
3489,Exhausted CD8,Exhausted CD8,L-Leucine,18.507227,0.43028428638649424,0.33349442809132257,0.768790652539845,152.57558,0.3946053946053946,0.5129751165325479,False
3490,Exhausted CD8,Exhausted CD8,L-Lysine,0.14243776,0.010472232099468536,0.49582226020596537,0.768790652539845,0.0,0.000999000999000999,0.005797701625427063,False
3491,Exhausted CD8,Exhausted CD8,L-Methionine,24.075468,1.0219467048299518,0.1534030627555345,0.6486095052310664,68.15505,0.04995004995004995,0.11336032388663968,False
3492,Exhausted CD8,Exhausted CD8,L-Ornithine,0.14243776,0.010472232099468536,0.49582226020596537,0.768790652539845,0.0,0.000999000999000999,0.005797701625427063,False
3493,Exhausted CD8,Exhausted CD8,L-Phenylalanine,24.075468,1.0219467048299518,0.1534030627555345,0.6486095052310664,68.15505,0.04995004995004995,0.11336032388663968,False
3494,Exhausted CD8,Exhausted CD8,L-Serine,-4.516927,-0.19173286316820168,0.5760242687744248,0.768790652539845,38.1174,0.7402597402597403,0.8014059753954306,False
3495,Exhausted CD8,Exhausted CD8,L-Threonine,20.94319,1.5397739242621649,0.06180773506272031,0.32984523959214107,31.63696,0.35264735264735264,0.4673065103304808,False
3496,Exhausted CD8,Exhausted CD8,L-Tyrosine,25.560587,1.8792517259736872,0.030105064899099605,0.19728425508346126,68.15505,0.03896103896103896,0.09395973154362415,False
3497,Exhausted CD8,Exhausted CD8,L-Valine,0.48227075,0.03545725053136256,0.485857567028611,0.768790652539845,0.0,0.02197802197802198,0.05982905982905983,False
3498,Exhausted CD8,Exhausted CD8,Leukotriene C4,16.404224,1.2060625639864793,0.1138966839925723,0.5219155168713834,64.018196,0.5474525474525475,0.6409490590864471,False
3499,Exhausted CD8,Exhausted CD8,Lithocholic acid,-8.582239,-0.3154893857060932,0.6238049455649226,0.768790652539845,0.0,0.07392607392607392,0.14951652475104632,False
3500,Exhausted CD8,Exhausted CD8,Malic acid,-1.0845447,-0.0797373091361223,0.531776907244418,0.768790652539845,0.0,0.000999000999000999,0.005797701625427063,False
3501,Exhausted CD8,Exhausted CD8,Manganese,-2.5488677,-0.13250932210722194,0.5527092749651753,0.768790652539845,0.0,0.43156843156843155,0.5474913436078485,False
3502,Exhausted CD8,Exhausted CD8,N-Desmethylcitalopram,-9.599443,-0.4990513007118434,0.6911283779693513,0.7801219586857576,0.0,0.2707292707292707,0.38325167937774635,False
3503,Exhausted CD8,Exhausted CD8,N-Desmethyleletriptan,-10.169194,-0.7476540286556143,0.7726655666203681,0.8184067608123379,0.0,0.2707292707292707,0.38325167937774635,False
3504,Exhausted CD8,Exhausted CD8,N-Desmethyltamoxifen,-9.474591,-0.4021740008281671,0.6562220125614389,0.7758786175390525,0.0,0.3226773226773227,0.4358974358974359,False
3505,Exhausted CD8,Exhausted CD8,N-desmethylimatinib,-9.474591,-0.2843799632025211,0.611940393774957,0.768790652539845,0.0,0.3226773226773227,0.4358974358974359,False
3506,Exhausted CD8,Exhausted CD8,Neurotransmitter,0.6287507,0.02067319507363081,0.49175317584097766,0.768790652539845,0.0,0.000999000999000999,0.005797701625427063,False
3507,Exhausted CD8,Exhausted CD8,Nicotinate,-22.98712,-0.8450233252323456,0.8009510920107543,0.8372608748485751,0.0,0.5194805194805194,0.6148778479275322,False
3508,Exhausted CD8,Exhausted CD8,Norepinephrine,0.24216321,0.008902096686962138,0.49644862415358415,0.768790652539845,0.0,0.01898101898101898,0.05325058805865572,False
3509,Exhausted CD8,Exhausted CD8,O-Deethylated candesartan,-10.169194,-0.7476540286556143,0.7726655666203681,0.8184067608123379,0.0,0.2707292707292707,0.38325167937774635,False
3510,Exhausted CD8,Exhausted CD8,O-Desmethylverapamil (D-702),-41.637684,-0.5684623425009426,0.7151394655298452,0.7870549707413712,71.77954,0.7222777222777222,0.7858848191929191,False
3511,Exhausted CD8,Exhausted CD8,Oxalic acid,-13.257021,-0.9746755648077287,0.8351393912904771,0.8625744193052025,0.0,0.22077922077922077,0.3350932770151355,False
3512,Exhausted CD8,Exhausted CD8,Phosphate,-19.282206,-0.6339950141278881,0.7369579620157523,0.7974225306650513,0.0,0.25074925074925075,0.36258577103647527,False
3513,Exhausted CD8,Exhausted CD8,Potassium,0.0,0.0,0.5,0.768790652539845,0.0,0.000999000999000999,0.005797701625427063,False
3514,Exhausted CD8,Exhausted CD8,Progesterone,6.1207113,0.1700853910989899,0.4324714911649111,0.768790652539845,64.018196,0.5904095904095904,0.6778078151880068,False
3515,Exhausted CD8,Exhausted CD8,Prostaglandins,0.14243776,0.006046146021644399,0.49758795141425455,0.768790652539845,0.0,0.000999000999000999,0.005797701625427063,False
3516,Exhausted CD8,Exhausted CD8,Putrescine,0.12537873,0.00921802740610872,0.4963225912053591,0.768790652539845,0.0,0.008991008991008992,0.029914529914529916,False
3517,Exhausted CD8,Exhausted CD8,Pyruvate,-4.035277,-0.29667945735789364,0.616644379026511,0.768790652539845,0.0,0.12187812187812187,0.2136335209505941,False
3518,Exhausted CD8,Exhausted CD8,Serotonin,0.569751,0.024184584086577594,0.49035268732582943,0.768790652539845,0.0,0.000999000999000999,0.005797701625427063,False
3519,Exhausted CD8,Exhausted CD8,Sodium,53.77667,0.6780606967339778,0.2488666047352232,0.768790652539845,282.27985,0.14985014985014986,0.2473789610083638,False
3520,Exhausted CD8,Exhausted CD8,Sodium_calcium_potassium exchange,-5.775149,-0.3002356932434961,0.6180013095414625,0.768790652539845,0.0,0.027972027972027972,0.07192330627035456,False
3521,Exhausted CD8,Exhausted CD8,Sodium_hydrogen exchange,-27.347847,-1.160851454137033,0.8771488430579286,0.896577477250312,0.0,0.26873126873126874,0.38325167937774635,False
3522,Exhausted CD8,Exhausted CD8,Spermine,0.12537873,0.005322030604314217,0.49787682699714886,0.768790652539845,0.0,0.008991008991008992,0.029914529914529916,False
3523,Exhausted CD8,Exhausted CD8,Sulfolithocholic acid,-8.582239,-0.3154893857060932,0.6238049455649226,0.768790652539845,0.0,0.07392607392607392,0.14951652475104632,False
3524,Exhausted CD8,Exhausted CD8,Taurocholic acid,-56.799454,-0.8351957782634244,0.7981962568419558,0.8352523991350229,71.77954,0.7542457542457542,0.8140945412534899,False
3525,Exhausted CD8,Exhausted CD8,Testosterone,-9.463532,-0.2629773782288373,0.6037159924176394,0.768790652539845,0.0,0.3386613386613387,0.45379356504278817,False
3526,Exhausted CD8,Exhausted CD8,Thiamine,-2.185659,-0.16069284055194286,0.5638323357177549,0.768790652539845,0.0,0.00999000999000999,0.03256003256003256,False
3527,Exhausted CD8,Exhausted CD8,Thymidine,-12.674547,-0.5380045657887548,0.7047130517663094,0.7823047154025067,16.813633,0.4175824175824176,0.5335156695156695,False
3528,Exhausted CD8,Exhausted CD8,Thyroxine,0.14243776,0.010472232099468536,0.49582226020596537,0.768790652539845,0.0,0.000999000999000999,0.005797701625427063,False
3529,Exhausted CD8,Exhausted CD8,Trihydroxycoprostanoic acid,-8.582239,-0.3154893857060932,0.6238049455649226,0.768790652539845,0.0,0.07392607392607392,0.14951652475104632,False
3530,Exhausted CD8,Exhausted CD8,Urea,0.2848755,0.012092292043288797,0.4951759910011917,0.768790652539845,0.0,0.000999000999000999,0.005797701625427063,False
3531,Exhausted CD8,Exhausted CD8,Uridine,-12.674547,-0.9318512426501558,0.8242932958750664,0.855224071191336,16.813633,0.4175824175824176,0.5335156695156695,False
3532,Exhausted CD8,Exhausted CD8,Ursocholic acid,-8.582239,-0.3154893857060932,0.6238049455649226,0.768790652539845,0.0,0.07392607392607392,0.14951652475104632,False
3533,Exhausted CD8,Exhausted CD8,Ursodeoxycholic acid,-8.582239,-0.3154893857060932,0.6238049455649226,0.768790652539845,0.0,0.07392607392607392,0.14951652475104632,False
3534,Exhausted CD8,Exhausted CD8,Ursodeoxycholic acid 3-sulfate,-8.582239,-0.3154893857060932,0.6238049455649226,0.768790652539845,0.0,0.07392607392607392,0.14951652475104632,False
3535,Exhausted CD8,Exhausted CD8,Varanic acid,-8.582239,-0.3154893857060932,0.6238049455649226,0.768790652539845,0.0,0.07392607392607392,0.14951652475104632,False
3536,Exhausted CD8,Exhausted CD8,Vitamin C,-0.1461815,-0.010747477186653448,0.5042875405161854,0.768790652539845,0.0,0.02097902097902098,0.057435897435897436,False
3537,Exhausted CD8,Exhausted CD8,Vitamin D3,0.9970643,0.07330562469627976,0.47078145794223386,0.768790652539845,0.0,0.002997002997002997,0.01360323886639676,False
3538,Exhausted CD8,Exhausted CD8,Water,-11.665522,-0.24758690776128578,0.5977729792539156,0.768790652539845,0.0,0.24375624375624375,0.35605586825099017,False
3539,Exhausted CD8,Exhausted CD8,Zinc,-12.627946,-0.6564956467454152,0.7442473661954192,0.8018977119027105,0.0,0.4695304695304695,0.5778011942395505,False
3540,Exhausted CD8,Exhausted CD8,alpha-Ketoisovaleric acid,-4.035277,-0.29667945735789364,0.616644379026511,0.768790652539845,0.0,0.12187812187812187,0.2136335209505941,False
3541,Exhausted CD8,Exhausted CD8,alpha-Tocopherol,0.2848755,0.02094446419893707,0.4916449785455074,0.768790652539845,0.0,0.000999000999000999,0.005797701625427063,False
3542,Exhausted CD8,Treg,"(3a,5b,7a)-23-Carboxy-7-hydroxy-24-norcholan-3-yl-b-D-Glucopyranosiduronic acid",0.43721873,0.012497065475359082,0.4950145219704778,0.768790652539845,0.0,0.08791208791208792,0.1691552534926029,False
3543,Exhausted CD8,Treg,17a-Ethynylestradiol,-3.8048341,-0.1255782387568266,0.5499671052375422,0.768790652539845,0.0,0.1038961038961039,0.18902953586497892,False
3544,Exhausted CD8,Treg,"1b,3a,12a-Trihydroxy-5b-cholanoic acid",0.43721873,0.012497065475359082,0.4950145219704778,0.768790652539845,0.0,0.08791208791208792,0.1691552534926029,False
3545,Exhausted CD8,Treg,2-Hydroxychlorpropamide,-2.156506,-0.08717159092227154,0.5347324397323111,0.768790652539845,0.0,0.08091908091908091,0.15947124173815214,False
3546,Exhausted CD8,Treg,25-Hydroxycholesterol,-1.2324296,-0.07045331224525667,0.5280835702040084,0.768790652539845,0.0,0.27472527472527475,0.3877628100214025,False
3547,Exhausted CD8,Treg,"3',4'-Dihydrodiol",-3.4364262,-0.09822370414218899,0.5391226698545644,0.768790652539845,0.0,0.10589410589410589,0.19169411612736548,False
3548,Exhausted CD8,Treg,3-Sulfodeoxycholic acid,0.43721873,0.012497065475359082,0.4950145219704778,0.768790652539845,0.0,0.08791208791208792,0.1691552534926029,False
3549,Exhausted CD8,Treg,"3alpha,7alpha-Dihydroxycoprostanic acid",0.43721873,0.012497065475359082,0.4950145219704778,0.768790652539845,0.0,0.08791208791208792,0.1691552534926029,False
3550,Exhausted CD8,Treg,3b-Hydroxy-5-cholenoic acid,0.43721873,0.012497065475359082,0.4950145219704778,0.768790652539845,0.0,0.08791208791208792,0.1691552534926029,False
3551,Exhausted CD8,Treg,4'-Hydroxydiclofenac,19.49363,0.49836437659944205,0.30911362028717126,0.768790652539845,173.93011,0.06493506493506493,0.13833992094861658,False
3552,Exhausted CD8,Treg,4-Hydroxycyclophosphamide,-2.2675853,-0.1296292222636909,0.5515701088560792,0.768790652539845,0.0,0.08091908091908091,0.15947124173815214,False
3553,Exhausted CD8,Treg,4-Hydroxyvalsartan,0.26050374,0.010530239531904278,0.4957991198645393,0.768790652539845,0.0,0.001998001998001998,0.010183669758137844,False
3554,Exhausted CD8,Treg,4-ene-Valproic acid,-9.855817,-0.39839778296766454,0.6548315040539917,0.7758786175390525,0.0,0.19080919080919082,0.2964934164934165,False
3555,Exhausted CD8,Treg,5-Hydroxyomeprazole,-14.3351555,-0.40974314730479267,0.6590028124094407,0.7769862334351528,0.0,0.1878121878121878,0.2926802146173306,False
3556,Exhausted CD8,Treg,5-Methyltetrahydrofolic acid,-0.48682106,-0.027829707406930353,0.5111010139751099,0.768790652539845,0.0,0.3096903096903097,0.4216560200140876,False
3557,Exhausted CD8,Treg,8-Hydroxycarvedilol,-2.2675853,-0.1296292222636909,0.5515701088560792,0.768790652539845,0.0,0.08091908091908091,0.15947124173815214,False
3558,Exhausted CD8,Treg,ADP,-2.766508,-0.11182946196463078,0.5445206866152724,0.768790652539845,0.0,0.2647352647352647,0.37849418486023256,False
3559,Exhausted CD8,Treg,Acetate,-12.025455,-0.3437247666052691,0.634473358131141,0.7702752308252798,35.61294,0.4045954045954046,0.5231230538576865,False
3560,Exhausted CD8,Treg,Acetyl-L-Carnitine,-3.2712827,-0.18700678333349377,0.5741723427796279,0.768790652539845,0.0,0.025974025974025976,0.06767371601208459,False
3561,Exhausted CD8,Treg,Acetylcholine,0.0,0.0,0.5,0.768790652539845,0.0,0.000999000999000999,0.005797701625427063,False
3562,Exhausted CD8,Treg,Adenine,-2.152641,-0.12305829858706978,0.5489695334352732,0.768790652539845,0.0,0.06393606393606394,0.1368200038175224,False
3563,Exhausted CD8,Treg,Adenosine,-7.4195547,-0.42414771173967014,0.6642709542565486,0.7782149353655358,10.293933,0.43456543456543456,0.5498374864572048,False
3564,Exhausted CD8,Treg,Adenosine diphosphate ribose,-8.692642,-0.49692528016443677,0.690379128213652,0.7801219586857576,21.20817,0.2827172827172827,0.39696415600030055,False
3565,Exhausted CD8,Treg,Adenosine triphosphate,-17.294334,-0.4943256470957368,0.6894618924513979,0.7795866538132442,445.39145,0.3966033966033966,0.5152617794979952,False
3566,Exhausted CD8,Treg,Adenosylcobalamin,-2.0110204,-0.11496238568752393,0.5457625319054065,0.768790652539845,0.0,0.01098901098901099,0.03466321535085251,False
3567,Exhausted CD8,Treg,Amiloride-sensitive sodium transport,-14.905743,-0.49196281521501534,0.6886271845854486,0.7795643003235637,0.0,0.16583416583416583,0.267118760955145,False
3568,Exhausted CD8,Treg,Anion exchange,-3.8507442,-0.22013239672700627,0.5871159776803849,0.768790652539845,0.0,0.12187812187812187,0.2136335209505941,False
3569,Exhausted CD8,Treg,Betaine,0.0,0.0,0.5,0.768790652539845,0.0,0.000999000999000999,0.005797701625427063,False
3570,Exhausted CD8,Treg,Bilirubin,-0.19122127,-0.007729661584738637,0.5030836581124194,0.768790652539845,0.0,0.002997002997002997,0.01360323886639676,False
3571,Exhausted CD8,Treg,Butyrate,-6.584534,-0.3764127645587503,0.6466949710601646,0.7723792249803293,0.0,0.16983016983016982,0.27162748230997485,False
3572,Exhausted CD8,Treg,Cadmium,10.539245,0.6024885154178329,0.27342450280398567,0.768790652539845,25.892899,0.03596403596403597,0.0880618529681562,False
3573,Exhausted CD8,Treg,Calcidiol,-2.0110204,-0.08129068250103147,0.5323946081227656,0.768790652539845,0.0,0.01098901098901099,0.03466321535085251,False
3574,Exhausted CD8,Treg,Calcium,-2.0110204,-0.11496238568752393,0.5457625319054065,0.768790652539845,0.0,0.01098901098901099,0.03466321535085251,False
3575,Exhausted CD8,Treg,Calcium release-activated calcium transport,74.5473,2.4604276051503082,0.006938578296970846,0.0558193089860789,65.06859,0.015984015984015984,0.04604079954781357,True
3576,Exhausted CD8,Treg,Chenodeoxycholic acid,0.43721873,0.012497065475359082,0.4950145219704778,0.768790652539845,0.0,0.08791208791208792,0.1691552534926029,False
3577,Exhausted CD8,Treg,Chenodeoxycholic acid 3-sulfate,0.43721873,0.012497065475359082,0.4950145219704778,0.768790652539845,0.0,0.08791208791208792,0.1691552534926029,False
3578,Exhausted CD8,Treg,Chloride,-15.579546,-0.36359546577691987,0.6419199434219564,0.7719104793751966,0.0,0.5564435564435565,0.6479569579758616,False
3579,Exhausted CD8,Treg,Chloride ion,-8.33402,-0.23821209673378768,0.5941417023470996,0.768790652539845,12.716117,0.5684315684315684,0.6560698402240157,False
3580,Exhausted CD8,Treg,Chloride_bicarbonate anion exchange,0.15708965,0.008980217607913035,0.4964174596609774,0.768790652539845,0.0,0.000999000999000999,0.005797701625427063,False
3581,Exhausted CD8,Treg,Cholesterol,-14.162465,-0.3620704961345595,0.6413503246711467,0.7719104793751966,0.0,0.13786213786213786,0.23312217194570137,False
3582,Exhausted CD8,Treg,Cholic acid,32.379543,0.47793009229008615,0.3163499812218266,0.768790652539845,194.66458,0.04895104895104895,0.11150392132959486,False
3583,Exhausted CD8,Treg,Choline,-3.2262208,-0.08247994784355477,0.5328674683499663,0.768790652539845,0.0,0.025974025974025976,0.06767371601208459,False
3584,Exhausted CD8,Treg,Citric acid,8.350579,0.47737084283853637,0.31654903640563165,0.768790652539845,25.787783,0.28471528471528473,0.3991197359207762,False
3585,Exhausted CD8,Treg,Cobalamin,-2.0110204,-0.11496238568752393,0.5457625319054065,0.768790652539845,0.0,0.01098901098901099,0.03466321535085251,False
3586,Exhausted CD8,Treg,Coprocholic acid,0.43721873,0.012497065475359082,0.4950145219704778,0.768790652539845,0.0,0.08791208791208792,0.1691552534926029,False
3587,Exhausted CD8,Treg,Cortisol,-13.926264,-0.4596351964509474,0.6771109543148605,0.7782149353655358,0.0,0.11888111888111888,0.20974442905703133,False
3588,Exhausted CD8,Treg,Creatine,-3.2712827,-0.18700678333349377,0.5741723427796279,0.768790652539845,0.0,0.025974025974025976,0.06767371601208459,False
3589,Exhausted CD8,Treg,Cyclic AMP,-4.8819275,-0.27908121911450484,0.6099087521372981,0.768790652539845,0.0,0.03596403596403597,0.0880618529681562,False
3590,Exhausted CD8,Treg,Cytidine,-7.4195547,-0.42414771173967014,0.6642709542565486,0.7782149353655358,10.293933,0.43456543456543456,0.5498374864572048,False
3591,Exhausted CD8,Treg,D-Aspartate,-2.1053882,-0.08510527240433667,0.5339111506277098,0.768790652539845,0.0,0.005994005994005994,0.02205303229194014,False
3592,Exhausted CD8,Treg,D-Galactose,2.0206122,0.08167840875751473,0.4674512241479246,0.768790652539845,70.390305,0.6573426573426573,0.729028173472618,False
3593,Exhausted CD8,Treg,D-Glucose,-29.343277,-0.6848134391960927,0.7532691731371144,0.8067927919034621,70.390305,0.6923076923076923,0.7567124890318807,False
3594,Exhausted CD8,Treg,D-Lactate,-6.584534,-0.3764127645587503,0.6466949710601646,0.7723792249803293,0.0,0.16983016983016982,0.27162748230997485,False
3595,Exhausted CD8,Treg,D-Maltose,8.077242,0.46174518576309304,0.32213203167880056,0.768790652539845,70.390305,0.6203796203796204,0.7016953902199804,False
3596,Exhausted CD8,Treg,D-Mannose,2.0206122,0.08167840875751473,0.4674512241479246,0.768790652539845,70.390305,0.6573426573426573,0.729028173472618,False
3597,Exhausted CD8,Treg,D-Xylose,8.077242,0.46174518576309304,0.32213203167880056,0.768790652539845,70.390305,0.6203796203796204,0.7016953902199804,False
3598,Exhausted CD8,Treg,Dehydroascorbic acid,2.1566558,0.07118024766507001,0.4716271508078792,0.768790652539845,70.390305,0.6573426573426573,0.729028173472618,False
3599,Exhausted CD8,Treg,Dehydroepiandrosterone,0.26050374,0.010530239531904278,0.4957991198645393,0.768790652539845,0.0,0.001998001998001998,0.010183669758137844,False
3600,Exhausted CD8,Treg,Deoxycholic acid,0.43721873,0.012497065475359082,0.4950145219704778,0.768790652539845,0.0,0.08791208791208792,0.1691552534926029,False
3601,Exhausted CD8,Treg,Digoxin,0.26050374,0.014892007561056343,0.4940591681295663,0.768790652539845,0.0,0.001998001998001998,0.010183669758137844,False
3602,Exhausted CD8,Treg,Docosahexaenoic acid,2.1566558,0.07118024766507001,0.4716271508078792,0.768790652539845,70.390305,0.6573426573426573,0.729028173472618,False
3603,Exhausted CD8,Treg,Dopamine,-2.0303817,-0.047385050480467976,0.5188968281876221,0.768790652539845,0.0,0.03996003996003996,0.09593969504882645,False
3604,Exhausted CD8,Treg,E-3179,-2.2675853,-0.1296292222636909,0.5515701088560792,0.768790652539845,0.0,0.08091908091908091,0.15947124173815214,False
3605,Exhausted CD8,Treg,Estradiol,-8.232331,-0.14882028271704112,0.5591522772155931,0.768790652539845,25.787783,0.3826173826173826,0.49995337995337996,False
3606,Exhausted CD8,Treg,Estriol,-2.2675853,-0.1296292222636909,0.5515701088560792,0.768790652539845,0.0,0.08091908091908091,0.15947124173815214,False
3607,Exhausted CD8,Treg,Estrone,0.26050374,0.014892007561056343,0.4940591681295663,0.768790652539845,0.0,0.001998001998001998,0.010183669758137844,False
3608,Exhausted CD8,Treg,Estrone sulfate,0.26050374,0.014892007561056343,0.4940591681295663,0.768790652539845,0.0,0.001998001998001998,0.010183669758137844,False
3609,Exhausted CD8,Treg,Ethanol,-16.192726,-0.5344395998971945,0.7034812862557139,0.7823047154025067,10.293933,0.4805194805194805,0.5839909808342728,False
3610,Exhausted CD8,Treg,Fatty acid,-19.919044,-0.569347991369923,0.7154399978978063,0.7871848101391531,9.570436,0.8931068931068931,0.9288656350885004,False
3611,Exhausted CD8,Treg,Folic acid,18.637302,0.2954953577647353,0.3838077490364272,0.768790652539845,21.941319,0.18081918081918083,0.2839374754888229,False
3612,Exhausted CD8,Treg,Folinic acid,-11.390096,-0.29119348765897424,0.6145483285145993,0.768790652539845,0.0,0.17782217782217782,0.28045692420235213,False
3613,Exhausted CD8,Treg,Fusidic Acid,-0.451725,-0.025823399806748033,0.5103009011380516,0.768790652539845,0.0,0.001998001998001998,0.010183669758137844,False
3614,Exhausted CD8,Treg,GABA,0.0,0.0,0.5,0.768790652539845,0.0,0.000999000999000999,0.005797701625427063,False
3615,Exhausted CD8,Treg,Glucosamine,-5.920586,-0.23932550876114755,0.594573406544541,0.768790652539845,0.0,0.2787212787212787,0.39263186992687155,False
3616,Exhausted CD8,Treg,Glutathione,35.97207,0.6854621001727247,0.24652618431713075,0.768790652539845,194.66457,0.04495504495504495,0.10615890133962422,False
3617,Exhausted CD8,Treg,Glycerol,-2.2675853,-0.1296292222636909,0.5515701088560792,0.768790652539845,0.0,0.08091908091908091,0.15947124173815214,False
3618,Exhausted CD8,Treg,Glycochenodeoxycholate-3-sulfate,0.43721873,0.012497065475359082,0.4950145219704778,0.768790652539845,0.0,0.08791208791208792,0.1691552534926029,False
3619,Exhausted CD8,Treg,Glycyl-glycine,0.111079164,0.006349973146325697,0.49746674425691856,0.768790652539845,0.0,0.000999000999000999,0.005797701625427063,False
3620,Exhausted CD8,Treg,Guanosine,-7.4195547,-0.42414771173967014,0.6642709542565486,0.7782149353655358,10.293933,0.43456543456543456,0.5498374864572048,False
3621,Exhausted CD8,Treg,Heme,-11.7397785,-0.47455242013589716,0.6824469868313117,0.7782149353655358,0.0,0.5904095904095904,0.6778078151880068,False
3622,Exhausted CD8,Treg,Histamine,-3.2712827,-0.18700678333349377,0.5741723427796279,0.768790652539845,0.0,0.025974025974025976,0.06767371601208459,False
3623,Exhausted CD8,Treg,Hydroxycelecoxib,-4.8819275,-0.27908121911450484,0.6099087521372981,0.768790652539845,0.0,0.03596403596403597,0.0880618529681562,False
3624,Exhausted CD8,Treg,Hydroxylansoprazole,-13.926264,-0.4596351964509474,0.6771109543148605,0.7782149353655358,0.0,0.11888111888111888,0.20974442905703133,False
3625,Exhausted CD8,Treg,Hyodeoxycholic acid,0.43721873,0.012497065475359082,0.4950145219704778,0.768790652539845,0.0,0.08791208791208792,0.1691552534926029,False
3626,Exhausted CD8,Treg,Inosine,-7.4195547,-0.42414771173967014,0.6642709542565486,0.7782149353655358,10.293933,0.43456543456543456,0.5498374864572048,False
3627,Exhausted CD8,Treg,Iron,-1.4087391,-0.023247659143747552,0.509273638816612,0.768790652539845,364.00043,0.9410589410589411,0.9686908937326698,False
3628,Exhausted CD8,Treg,Isoursodeoxycholic acid,0.43721873,0.012497065475359082,0.4950145219704778,0.768790652539845,0.0,0.08791208791208792,0.1691552534926029,False
3629,Exhausted CD8,Treg,Ketone bodies,-6.584534,-0.3764127645587503,0.6466949710601646,0.7723792249803293,0.0,0.16983016983016982,0.27162748230997485,False
3630,Exhausted CD8,Treg,L-Alanine,11.847815,0.6772944780199767,0.2491095668813021,0.768790652539845,45.80708,0.053946053946053944,0.12021466905187836,False
3631,Exhausted CD8,Treg,L-Arginine,-29.296036,-0.966913261108577,0.8332063016270952,0.8619926997639238,0.0,0.6603396603396603,0.7317873593895181,False
3632,Exhausted CD8,Treg,L-Asparagine,11.847815,0.6772944780199767,0.2491095668813021,0.768790652539845,45.80708,0.053946053946053944,0.12021466905187836,False
3633,Exhausted CD8,Treg,L-Aspartate,-2.1053882,-0.08510527240433667,0.5339111506277098,0.768790652539845,0.0,0.005994005994005994,0.02205303229194014,False
3634,Exhausted CD8,Treg,L-Carnitine,-10.5145,-0.2271845944563849,0.5898598968157517,0.768790652539845,0.0,0.061938061938061936,0.1338060736858332,False
3635,Exhausted CD8,Treg,L-Cysteine,21.295156,0.4969863917273046,0.30959932385091293,0.768790652539845,55.585587,0.061938061938061936,0.1338060736858332,False
3636,Exhausted CD8,Treg,L-Cystine,-22.589037,-0.5271829757765849,0.7009667351450786,0.7823047154025067,7.9798727,0.7182817182817183,0.7823265393358851,False
3637,Exhausted CD8,Treg,L-Dopa,0.111079164,0.006349973146325697,0.49746674425691856,0.768790652539845,0.0,0.000999000999000999,0.005797701625427063,False
3638,Exhausted CD8,Treg,L-Glutamate,-31.441227,-0.4123461764461284,0.659957146180751,0.7773109025761809,78.992546,0.21678321678321677,0.33030714868170696,False
3639,Exhausted CD8,Treg,L-Glutamine,-81.27378,-1.2417258788003127,0.892831140807121,0.9097088561342878,87.88931,0.7512487512487512,0.8120793721194824,False
3640,Exhausted CD8,Treg,L-Histidine,-23.26024,-1.3296994484080822,0.9081913416694766,0.9214402506538313,0.0,0.6563436563436563,0.7288575447215674,False
3641,Exhausted CD8,Treg,L-Isoleucine,-3.4516654,-0.1973185775785079,0.5782108788377495,0.768790652539845,0.0,0.0959040959040959,0.17933150977383414,False
3642,Exhausted CD8,Treg,L-Lactate,-12.224637,-0.49415166388175613,0.6894004633083672,0.7795866538132442,0.0,0.2907092907092907,0.40541347397751015,False
3643,Exhausted CD8,Treg,L-Leucine,-59.447693,-1.0746679358991025,0.8587382879322143,0.8814377983760143,97.66783,0.5054945054945055,0.6027910142954391,False
3644,Exhausted CD8,Treg,L-Lysine,-0.62121445,-0.03551246638105169,0.5141644470442245,0.768790652539845,0.0,0.002997002997002997,0.01360323886639676,False
3645,Exhausted CD8,Treg,L-Methionine,-36.37813,-1.2006572628550651,0.8850579107308698,0.9032827718512452,0.0,0.7382617382617382,0.7998453807499033,False
3646,Exhausted CD8,Treg,L-Ornithine,-0.62121445,-0.03551246638105169,0.5141644470442245,0.768790652539845,0.0,0.002997002997002997,0.01360323886639676,False
3647,Exhausted CD8,Treg,L-Phenylalanine,-36.37813,-1.2006572628550651,0.8850579107308698,0.9032827718512452,0.0,0.7382617382617382,0.7998453807499033,False
3648,Exhausted CD8,Treg,L-Serine,-5.9369035,-0.19594701301197068,0.5776741803025349,0.768790652539845,78.992546,0.14685314685314685,0.24392556595946427,False
3649,Exhausted CD8,Treg,L-Threonine,11.847815,0.6772944780199767,0.2491095668813021,0.768790652539845,45.80708,0.053946053946053944,0.12021466905187836,False
3650,Exhausted CD8,Treg,L-Tyrosine,-23.26024,-1.3296994484080822,0.9081913416694766,0.9214402506538313,0.0,0.6563436563436563,0.7288575447215674,False
3651,Exhausted CD8,Treg,L-Valine,-3.4516654,-0.1973185775785079,0.5782108788377495,0.768790652539845,0.0,0.0959040959040959,0.17933150977383414,False
3652,Exhausted CD8,Treg,Leukotriene C4,20.87143,1.193140206479278,0.11640723368742123,0.5300401179093562,151.83925,0.1038961038961039,0.18902953586497892,False
3653,Exhausted CD8,Treg,Lithocholic acid,0.43721873,0.012497065475359082,0.4950145219704778,0.768790652539845,0.0,0.08791208791208792,0.1691552534926029,False
3654,Exhausted CD8,Treg,Malic acid,-2.377394,-0.135906566876581,0.5540524279845619,0.768790652539845,0.0,0.004995004995004995,0.01947419668938656,False
3655,Exhausted CD8,Treg,Manganese,10.125783,0.40931051679832076,0.34115589929505397,0.768790652539845,25.892899,0.03596403596403597,0.0880618529681562,False
3656,Exhausted CD8,Treg,N-Desmethylcitalopram,-1.6317365,-0.06595903933894785,0.5262947818621968,0.768790652539845,0.0,0.08391608391608392,0.16380541142877045,False
3657,Exhausted CD8,Treg,N-Desmethyleletriptan,-2.2675853,-0.1296292222636909,0.5515701088560792,0.768790652539845,0.0,0.08091908091908091,0.15947124173815214,False
3658,Exhausted CD8,Treg,N-Desmethyltamoxifen,-13.926264,-0.4596351964509474,0.6771109543148605,0.7782149353655358,0.0,0.11888111888111888,0.20974442905703133,False
3659,Exhausted CD8,Treg,N-desmethylimatinib,-14.961271,-0.34916617022568286,0.6365177189771829,0.7708390086288449,0.0,0.14585414585414586,0.2431090363057893,False
3660,Exhausted CD8,Treg,Neurotransmitter,-4.1710463,-0.10663488153321589,0.5424606775578794,0.768790652539845,0.0,0.002997002997002997,0.01360323886639676,False
3661,Exhausted CD8,Treg,Nicotinate,-9.656635,-0.27601654808598586,0.6087323218816721,0.768790652539845,35.61294,0.3726273726273726,0.4888254428868971,False
3662,Exhausted CD8,Treg,Norepinephrine,-3.2712827,-0.09350339166674689,0.5372481723295289,0.768790652539845,0.0,0.025974025974025976,0.06767371601208459,False
3663,Exhausted CD8,Treg,O-Deethylated candesartan,-2.2675853,-0.1296292222636909,0.5515701088560792,0.768790652539845,0.0,0.08091908091908091,0.15947124173815214,False
3664,Exhausted CD8,Treg,O-Desmethylverapamil (D-702),-25.336723,-0.26896188315228325,0.6060204925114864,0.768790652539845,194.66457,0.07892107892107893,0.15667941634792465,False
3665,Exhausted CD8,Treg,Oxalic acid,8.350579,0.47737084283853637,0.31654903640563165,0.768790652539845,25.787783,0.28471528471528473,0.3991197359207762,False
3666,Exhausted CD8,Treg,Phosphate,-3.881815,-0.09924053883153859,0.5395263558124509,0.768790652539845,0.0,0.44255744255744256,0.5563579277864993,False
3667,Exhausted CD8,Treg,Potassium,0.0,0.0,0.5,0.768790652539845,0.0,0.000999000999000999,0.005797701625427063,False
3668,Exhausted CD8,Treg,Progesterone,15.303613,0.3306619580601154,0.370449920188076,0.768790652539845,151.83925,0.11288711288711288,0.20131068270026084,False
3669,Exhausted CD8,Treg,Prostaglandins,0.26050374,0.008597904574149821,0.49656997460274527,0.768790652539845,0.0,0.001998001998001998,0.010183669758137844,False
3670,Exhausted CD8,Treg,Putrescine,-2.711533,-0.1550080283351137,0.5615925059436153,0.768790652539845,0.0,0.00999000999000999,0.03256003256003256,False
3671,Exhausted CD8,Treg,Pyruvate,-6.584534,-0.3764127645587503,0.6466949710601646,0.7723792249803293,0.0,0.16983016983016982,0.27162748230997485,False
3672,Exhausted CD8,Treg,Serotonin,0.6358487,0.020986134300009052,0.49162835823344114,0.768790652539845,0.0,0.004995004995004995,0.01947419668938656,False
3673,Exhausted CD8,Treg,Sodium,-0.3765564,-0.003691729377297794,0.5014727835910084,0.768790652539845,155.07314,0.7832167832167832,0.8376068376068376,False
3674,Exhausted CD8,Treg,Sodium_calcium_potassium exchange,-4.3506074,-0.17586288064596042,0.5697991661273916,0.768790652539845,0.0,0.056943056943056944,0.12578814627994955,False
3675,Exhausted CD8,Treg,Sodium_hydrogen exchange,18.54131,0.6119543967698828,0.27028396500489066,0.768790652539845,12.05205,0.25574425574425574,0.3685726038667215,False
3676,Exhausted CD8,Treg,Spermine,-2.711533,-0.08949392688583103,0.5356553100692603,0.768790652539845,0.0,0.00999000999000999,0.03256003256003256,False
3677,Exhausted CD8,Treg,Sulfolithocholic acid,0.43721873,0.012497065475359082,0.4950145219704778,0.768790652539845,0.0,0.08791208791208792,0.1691552534926029,False
3678,Exhausted CD8,Treg,Taurocholic acid,5.343891,0.06109798468780548,0.47564058707021045,0.768790652539845,230.27751,0.07092907092907093,0.14732473692011264,False
3679,Exhausted CD8,Treg,Testosterone,-17.723322,-0.3829441086268206,0.6491193971679765,0.7723792249803293,0.0,0.14785214785214784,0.2449244954047105,False
3680,Exhausted CD8,Treg,Thiamine,-4.7628946,-0.27227656343398754,0.6072953123092869,0.768790652539845,0.0,0.01098901098901099,0.03466321535085251,False
3681,Exhausted CD8,Treg,Thymidine,-7.4195547,-0.24488179554906236,0.5967260211694865,0.768790652539845,10.293933,0.43456543456543456,0.5498374864572048,False
3682,Exhausted CD8,Treg,Thyroxine,0.26050374,0.014892007561056343,0.4940591681295663,0.768790652539845,0.0,0.001998001998001998,0.010183669758137844,False
3683,Exhausted CD8,Treg,Trihydroxycoprostanoic acid,0.43721873,0.012497065475359082,0.4950145219704778,0.768790652539845,0.0,0.08791208791208792,0.1691552534926029,False
3684,Exhausted CD8,Treg,Urea,-6.0709248,-0.20037037445440392,0.5794045362961385,0.768790652539845,0.0,0.002997002997002997,0.01360323886639676,False
3685,Exhausted CD8,Treg,Uridine,-7.4195547,-0.42414771173967014,0.6642709542565486,0.7782149353655358,10.293933,0.43456543456543456,0.5498374864572048,False
3686,Exhausted CD8,Treg,Ursocholic acid,0.43721873,0.012497065475359082,0.4950145219704778,0.768790652539845,0.0,0.08791208791208792,0.1691552534926029,False
3687,Exhausted CD8,Treg,Ursodeoxycholic acid,0.43721873,0.012497065475359082,0.4950145219704778,0.768790652539845,0.0,0.08791208791208792,0.1691552534926029,False
3688,Exhausted CD8,Treg,Ursodeoxycholic acid 3-sulfate,0.43721873,0.012497065475359082,0.4950145219704778,0.768790652539845,0.0,0.08791208791208792,0.1691552534926029,False
3689,Exhausted CD8,Treg,Varanic acid,0.43721873,0.012497065475359082,0.4950145219704778,0.768790652539845,0.0,0.08791208791208792,0.1691552534926029,False
3690,Exhausted CD8,Treg,Vitamin C,-5.006865,-0.2862234225708978,0.6126464973867886,0.768790652539845,0.0,0.07492507492507493,0.15054842641049537,False
3691,Exhausted CD8,Treg,Vitamin D3,-1.2842021,-0.073412947663068,0.5292612426736388,0.768790652539845,0.0,0.00999000999000999,0.03256003256003256,False
3692,Exhausted CD8,Treg,Water,-10.326519,-0.17041295712800736,0.5676573085656672,0.768790652539845,0.0,0.3726273726273726,0.4888254428868971,False
3693,Exhausted CD8,Treg,Zinc,115.6332,4.674195137465856,1.4755432093040963e-06,1.8442151647881922e-05,43.11503,0.002997002997002997,0.01360323886639676,True
3694,Exhausted CD8,Treg,alpha-Ketoisovaleric acid,-6.584534,-0.3764127645587503,0.6466949710601646,0.7723792249803293,0.0,0.16983016983016982,0.27162748230997485,False
3695,Exhausted CD8,Treg,alpha-Tocopherol,-1.3087745,-0.07481765669855418,0.5298201034111116,0.768790652539845,0.0,0.004995004995004995,0.01947419668938656,False
3696,Exhausted CD8,other,"(3a,5b,7a)-23-Carboxy-7-hydroxy-24-norcholan-3-yl-b-D-Glucopyranosiduronic acid",75.70784,0.6865529980291525,0.24618222801539125,0.768790652539845,200.87985,0.000999000999000999,0.005797701625427063,True
3697,Exhausted CD8,other,17a-Ethynylestradiol,-155.42531,-1.6275124449636538,0.9481858461677211,0.9548289044080367,0.0,0.8441558441558441,0.8849987843423291,False
3698,Exhausted CD8,other,"1b,3a,12a-Trihydroxy-5b-cholanoic acid",75.70784,0.6865529980291525,0.24618222801539125,0.768790652539845,200.87985,0.000999000999000999,0.005797701625427063,True
3699,Exhausted CD8,other,2-Hydroxychlorpropamide,-120.28084,-1.5425691996460813,0.9385323320304184,0.9462869643540733,0.0,0.8301698301698301,0.871395401093551,False
3700,Exhausted CD8,other,25-Hydroxycholesterol,-0.44144204,-0.008006392942462697,0.503194054533831,0.768790652539845,138.65604,0.03396603396603397,0.08427016021952731,False
3701,Exhausted CD8,other,"3',4'-Dihydrodiol",-88.80726,-0.8053444619499971,0.7896895344471583,0.8315363302896572,11.346026,0.7402597402597403,0.8014059753954306,False
3702,Exhausted CD8,other,3-Sulfodeoxycholic acid,75.70784,0.6865529980291525,0.24618222801539125,0.768790652539845,200.87985,0.000999000999000999,0.005797701625427063,True
3703,Exhausted CD8,other,"3alpha,7alpha-Dihydroxycoprostanic acid",75.70784,0.6865529980291525,0.24618222801539125,0.768790652539845,200.87985,0.000999000999000999,0.005797701625427063,True
3704,Exhausted CD8,other,3b-Hydroxy-5-cholenoic acid,75.70784,0.6865529980291525,0.24618222801539125,0.768790652539845,200.87985,0.000999000999000999,0.005797701625427063,True
3705,Exhausted CD8,other,4'-Hydroxydiclofenac,95.561554,0.7751065544028407,0.21913834944925736,0.768790652539845,1170.4225,0.011988011988011988,0.03687040491605399,True
3706,Exhausted CD8,other,4-Hydroxycyclophosphamide,-118.17681,-2.1433617463145818,0.9839579688628757,0.9839579688628757,0.0,0.8291708291708292,0.870770729514032,False
3707,Exhausted CD8,other,4-Hydroxyvalsartan,-3.1637628,-0.04057440189977763,0.5161824041643553,0.768790652539845,0.0,0.003996003996003996,0.01628617129562309,False
3708,Exhausted CD8,other,4-ene-Valproic acid,-26.38362,-0.33836277825184785,0.63245508986735,0.7699394468702871,35.210583,0.11588411588411589,0.20521244669088612,False
3709,Exhausted CD8,other,5-Hydroxyomeprazole,88.264404,0.800421613093636,0.21173328143088876,0.768790652539845,243.59709,0.000999000999000999,0.005797701625427063,True
3710,Exhausted CD8,other,5-Methyltetrahydrofolic acid,120.013985,2.176682389163358,0.014752136584343161,0.10655144548021392,720.8374,0.000999000999000999,0.005797701625427063,True
3711,Exhausted CD8,other,8-Hydroxycarvedilol,-118.17681,-2.1433617463145818,0.9839579688628757,0.9839579688628757,0.0,0.8291708291708292,0.870770729514032,False
3712,Exhausted CD8,other,ADP,0.16816711,0.0021566977345143287,0.4991396027546571,0.768790652539845,49.698486,0.5394605394605395,0.6333116923914638,False
3713,Exhausted CD8,other,Acetate,149.16864,1.3527288210049562,0.08807113974242681,0.4390320862073345,368.99973,0.02197802197802198,0.05982905982905983,False
3714,Exhausted CD8,other,Acetyl-L-Carnitine,-2.4562702,-0.044549142673393355,0.5177666596776467,0.768790652539845,23.801174,0.14685314685314685,0.24392556595946427,False
3715,Exhausted CD8,other,Acetylcholine,0.0,0.0,0.5,0.768790652539845,0.0,0.000999000999000999,0.005797701625427063,False
3716,Exhausted CD8,other,Adenine,-72.61835,-1.3170721548151239,0.9060927801948958,0.9201771239284952,0.0,0.7442557442557443,0.8053276710742207,False
3717,Exhausted CD8,other,Adenosine,26.880838,0.487535245950302,0.31293953582528194,0.768790652539845,422.93286,0.1048951048951049,0.19020508507472345,False
3718,Exhausted CD8,other,Adenosine diphosphate ribose,314.07788,5.696401081208959,6.11814156441062e-09,8.852827659643823e-08,412.19507,0.000999000999000999,0.005797701625427063,True
3719,Exhausted CD8,other,Adenosine triphosphate,56.40574,0.5115127986435499,0.30449601439248025,0.768790652539845,4980.225,0.000999000999000999,0.005797701625427063,True
3720,Exhausted CD8,other,Adenosylcobalamin,-24.266047,-0.440111010931533,0.6700716462881736,0.7782149353655358,0.0,0.0999000999000999,0.18448361060780763,False
3721,Exhausted CD8,other,Amiloride-sensitive sodium transport,940.73254,9.850737567217083,3.402139616237889e-23,7.156110256203794e-22,546.8987,0.000999000999000999,0.005797701625427063,True
3722,Exhausted CD8,other,Anion exchange,108.39212,1.9658977255302343,0.024655212931730546,0.16637445721693603,44.189682,0.13386613386613386,0.22752493860101267,False
3723,Exhausted CD8,other,Betaine,0.0,0.0,0.5,0.768790652539845,0.0,0.000999000999000999,0.005797701625427063,False
3724,Exhausted CD8,other,Bilirubin,-20.753357,-0.26615618683704406,0.6049405379229829,0.768790652539845,0.0,0.03696303696303696,0.0901496693351897,False
3725,Exhausted CD8,other,Butyrate,-23.92735,-0.43396808733261,0.6678441923619891,0.7782149353655358,11.4094095,0.24075924075924077,0.3528735031114365,False
3726,Exhausted CD8,other,Cadmium,36.29584,0.6582942695181829,0.25517452976627003,0.768790652539845,269.71088,0.43456543456543456,0.5498374864572048,False
3727,Exhausted CD8,other,Calcidiol,-24.266047,-0.31120548030455375,0.6221777914601806,0.768790652539845,0.0,0.0999000999000999,0.18448361060780763,False
3728,Exhausted CD8,other,Calcium,-24.266047,-0.440111010931533,0.6700716462881736,0.7782149353655358,0.0,0.0999000999000999,0.18448361060780763,False
3729,Exhausted CD8,other,Calcium release-activated calcium transport,196.30177,2.055544121387473,0.019913239326114173,0.1376055897022505,322.27527,0.16283716283716285,0.263769288562677,False
3730,Exhausted CD8,other,Chenodeoxycholic acid,75.70784,0.6865529980291525,0.24618222801539125,0.768790652539845,200.87985,0.000999000999000999,0.005797701625427063,True
3731,Exhausted CD8,other,Chenodeoxycholic acid 3-sulfate,75.70784,0.6865529980291525,0.24618222801539125,0.768790652539845,200.87985,0.000999000999000999,0.005797701625427063,True
3732,Exhausted CD8,other,Chloride,36.34946,0.2691445274328563,0.3939092331227963,0.768790652539845,227.7087,0.2087912087912088,0.31937129915136303,False
3733,Exhausted CD8,other,Chloride ion,90.08945,0.816971927495388,0.20697223547215865,0.768790652539845,615.42816,0.000999000999000999,0.005797701625427063,True
3734,Exhausted CD8,other,Chloride_bicarbonate anion exchange,-0.8866507,-0.016081100289224062,0.506415154324494,0.768790652539845,0.0,0.003996003996003996,0.01628617129562309,False
3735,Exhausted CD8,other,Cholesterol,-52.95359,-0.42951033437697633,0.6662240626137899,0.7782149353655358,42.71724,0.6293706293706294,0.7043462636507017,False
3736,Exhausted CD8,other,Cholic acid,-132.8016,-0.6219004960432125,0.7329963505322512,0.795852550284024,1950.1088,0.011988011988011988,0.03687040491605399,True
3737,Exhausted CD8,other,Choline,-3.117566,-0.025286800231150073,0.5100868987722049,0.768790652539845,23.801174,0.14685314685314685,0.24392556595946427,False
3738,Exhausted CD8,other,Citric acid,134.28987,2.4356028049352427,0.007433499657607581,0.05892141640368362,176.2543,0.06293706293706294,0.13542146476278213,False
3739,Exhausted CD8,other,Cobalamin,-24.266047,-0.440111010931533,0.6700716462881736,0.7782149353655358,0.0,0.0999000999000999,0.18448361060780763,False
3740,Exhausted CD8,other,Coprocholic acid,75.70784,0.6865529980291525,0.24618222801539125,0.768790652539845,200.87985,0.000999000999000999,0.005797701625427063,True
3741,Exhausted CD8,other,Cortisol,-11.828758,-0.12386304047388119,0.5492881415159601,0.768790652539845,42.71724,0.30569430569430567,0.4172693403462634,False
3742,Exhausted CD8,other,Creatine,-2.4562702,-0.044549142673393355,0.5177666596776467,0.768790652539845,23.801174,0.14685314685314685,0.24392556595946427,False
3743,Exhausted CD8,other,Cyclic AMP,-34.79429,-0.631060751108735,0.7359995985655502,0.7973479784107006,5.1111684,0.5204795204795205,0.6157222749815342,False
3744,Exhausted CD8,other,Cytidine,26.880838,0.487535245950302,0.31293953582528194,0.768790652539845,422.93286,0.1048951048951049,0.19020508507472345,False
3745,Exhausted CD8,other,D-Aspartate,-21.006264,-0.26939964810196626,0.6061889215355483,0.768790652539845,0.0,0.08491508491508491,0.16538114099089707,False
3746,Exhausted CD8,other,D-Galactose,286.10458,3.6692138668726835,0.00012164874089282119,0.0012983895315095172,1250.2928,0.6773226773226774,0.7448238036473331,False
3747,Exhausted CD8,other,D-Glucose,280.24506,2.0750355563671827,0.01899161976656247,0.1325111074974391,1305.9438,0.6573426573426573,0.729028173472618,False
3748,Exhausted CD8,other,D-Lactate,-23.92735,-0.43396808733261,0.6678441923619891,0.7782149353655358,11.4094095,0.24075924075924077,0.3528735031114365,False
3749,Exhausted CD8,other,D-Maltose,212.44063,3.853015755250125,5.8335939982281746e-05,0.0006433365043570304,1161.1384,0.7692307692307693,0.825927060986822,False
3750,Exhausted CD8,other,D-Mannose,286.10458,3.6692138668726835,0.00012164874089282119,0.0012983895315095172,1250.2928,0.6773226773226774,0.7448238036473331,False
3751,Exhausted CD8,other,D-Xylose,212.44063,3.853015755250125,5.8335939982281746e-05,0.0006433365043570304,1161.1384,0.7692307692307693,0.825927060986822,False
3752,Exhausted CD8,other,Dehydroascorbic acid,274.05,2.86967271135941,0.0020544843175753975,0.018303587556580812,1250.2928,0.6773226773226774,0.7448238036473331,False
3753,Exhausted CD8,other,Dehydroepiandrosterone,-3.1637628,-0.04057440189977763,0.5161824041643553,0.768790652539845,0.0,0.003996003996003996,0.01628617129562309,False
3754,Exhausted CD8,other,Deoxycholic acid,75.70784,0.6865529980291525,0.24618222801539125,0.768790652539845,200.87985,0.000999000999000999,0.005797701625427063,True
3755,Exhausted CD8,other,Digoxin,-3.1637628,-0.0573808694518422,0.5228790990718095,0.768790652539845,0.0,0.003996003996003996,0.01628617129562309,False
3756,Exhausted CD8,other,Docosahexaenoic acid,274.05,2.86967271135941,0.0020544843175753975,0.018303587556580812,1250.2928,0.6773226773226774,0.7448238036473331,False
3757,Exhausted CD8,other,Dopamine,29.50914,0.21849632464141158,0.41352121082876203,0.768790652539845,58.238102,0.03196803196803197,0.08089563019140483,False
3758,Exhausted CD8,other,E-3179,-118.17681,-2.1433617463145818,0.9839579688628757,0.9839579688628757,0.0,0.8291708291708292,0.870770729514032,False
3759,Exhausted CD8,other,Estradiol,275.55856,1.5804367502070915,0.05700344049523057,0.30957032168190707,251.82076,0.04395604395604396,0.10425657950410426,False
3760,Exhausted CD8,other,Estriol,-118.17681,-2.1433617463145818,0.9839579688628757,0.9839579688628757,0.0,0.8291708291708292,0.870770729514032,False
3761,Exhausted CD8,other,Estrone,-3.1637628,-0.0573808694518422,0.5228790990718095,0.768790652539845,0.0,0.003996003996003996,0.01628617129562309,False
3762,Exhausted CD8,other,Estrone sulfate,-3.1637628,-0.0573808694518422,0.5228790990718095,0.768790652539845,0.0,0.003996003996003996,0.01628617129562309,False
3763,Exhausted CD8,other,Ethanol,58.228077,0.6097264399114141,0.2710215184594298,0.768790652539845,479.95245,0.06493506493506493,0.13833992094861658,False
3764,Exhausted CD8,other,Fatty acid,95.80519,0.8688048842100103,0.1924769305884571,0.763533141395977,591.75574,0.2947052947052947,0.41032264474305163,False
3765,Exhausted CD8,other,Folic acid,304.45227,1.5314779535139402,0.06282565553572501,0.3336258949138501,1390.5745,0.000999000999000999,0.005797701625427063,True
3766,Exhausted CD8,other,Folinic acid,-36.56582,-0.29658795441878044,0.6166094458574078,0.768790652539845,216.11374,0.002997002997002997,0.01360323886639676,True
3767,Exhausted CD8,other,Fusidic Acid,-17.589594,-0.3190208153584375,0.6251446357602064,0.768790652539845,0.0,0.03396603396603397,0.08427016021952731,False
3768,Exhausted CD8,other,GABA,0.0,0.0,0.5,0.768790652539845,0.0,0.000999000999000999,0.005797701625427063,False
3769,Exhausted CD8,other,Glucosamine,61.609344,0.7901231715640222,0.21472791935131913,0.768790652539845,89.154465,0.0969030969030969,0.18080750923676064,False
3770,Exhausted CD8,other,Glutathione,60.701035,0.36697632433463895,0.3568183391261264,0.768790652539845,1950.1089,0.007992007992007992,0.027437530622243994,True
3771,Exhausted CD8,other,Glycerol,-118.17681,-2.1433617463145818,0.9839579688628757,0.9839579688628757,0.0,0.8291708291708292,0.870770729514032,False
3772,Exhausted CD8,other,Glycochenodeoxycholate-3-sulfate,75.70784,0.6865529980291525,0.24618222801539125,0.768790652539845,200.87985,0.000999000999000999,0.005797701625427063,True
3773,Exhausted CD8,other,Glycyl-glycine,-2.104025,-0.03816050213051345,0.5152201436620387,0.768790652539845,0.0,0.006993006993006993,0.024817980373535928,False
3774,Exhausted CD8,other,Guanosine,26.880838,0.487535245950302,0.31293953582528194,0.768790652539845,422.93286,0.1048951048951049,0.19020508507472345,False
3775,Exhausted CD8,other,Heme,62.532963,0.8019683265449302,0.21128564008434275,0.768790652539845,199.54385,0.4205794205794206,0.537185563251914,False
3776,Exhausted CD8,other,Histamine,-2.4562702,-0.044549142673393355,0.5177666596776467,0.768790652539845,23.801174,0.14685314685314685,0.24392556595946427,False
3777,Exhausted CD8,other,Hydroxycelecoxib,-34.79429,-0.631060751108735,0.7359995985655502,0.7973479784107006,5.1111684,0.5204795204795205,0.6157222749815342,False
3778,Exhausted CD8,other,Hydroxylansoprazole,-11.828758,-0.12386304047388119,0.5492881415159601,0.768790652539845,42.71724,0.30569430569430567,0.4172693403462634,False
3779,Exhausted CD8,other,Hyodeoxycholic acid,75.70784,0.6865529980291525,0.24618222801539125,0.768790652539845,200.87985,0.000999000999000999,0.005797701625427063,True
3780,Exhausted CD8,other,Inosine,26.880838,0.487535245950302,0.31293953582528194,0.768790652539845,422.93286,0.1048951048951049,0.19020508507472345,False
3781,Exhausted CD8,other,Iron,427.50507,2.2382770959280016,0.012601495388618848,0.09256839542712857,9704.944,0.000999000999000999,0.005797701625427063,True
3782,Exhausted CD8,other,Isoursodeoxycholic acid,75.70784,0.6865529980291525,0.24618222801539125,0.768790652539845,200.87985,0.000999000999000999,0.005797701625427063,True
3783,Exhausted CD8,other,Ketone bodies,-23.92735,-0.43396808733261,0.6678441923619891,0.7782149353655358,11.4094095,0.24075924075924077,0.3528735031114365,False
3784,Exhausted CD8,other,L-Alanine,67.514915,1.2245116924747996,0.11037962909962307,0.5101360778966502,570.4518,0.023976023976023976,0.06338725652030373,False
3785,Exhausted CD8,other,L-Arginine,23.330166,0.24429827882066474,0.4034999082010527,0.768790652539845,99.80938,0.0959040959040959,0.17933150977383414,False
3786,Exhausted CD8,other,L-Asparagine,67.514915,1.2245116924747996,0.11037962909962307,0.5101360778966502,570.4518,0.023976023976023976,0.06338725652030373,False
3787,Exhausted CD8,other,L-Aspartate,-21.006264,-0.26939964810196626,0.6061889215355483,0.768790652539845,0.0,0.08491508491508491,0.16538114099089707,False
3788,Exhausted CD8,other,L-Carnitine,627.6306,4.302474530488459,8.445054573339162e-06,9.895400902238714e-05,129.0711,0.001998001998001998,0.010183669758137844,True
3789,Exhausted CD8,other,L-Cysteine,37.447857,0.2772774501377531,0.3907835365877771,0.768790652539845,682.39954,0.04695304695304695,0.10821033589606545,False
3790,Exhausted CD8,other,L-Cystine,96.889786,0.7174069483145664,0.23656151676508685,0.768790652539845,434.54404,0.001998001998001998,0.010183669758137844,True
3791,Exhausted CD8,other,L-Dopa,-2.104025,-0.03816050213051345,0.5152201436620387,0.768790652539845,0.0,0.006993006993006993,0.024817980373535928,False
3792,Exhausted CD8,other,L-Glutamate,626.7294,2.6077530080170814,0.004556934496156041,0.037933400670704345,1573.4487,0.001998001998001998,0.010183669758137844,True
3793,Exhausted CD8,other,L-Glutamine,173.9773,0.8433187654377228,0.19952509527129025,0.768790652539845,2222.5005,0.000999000999000999,0.005797701625427063,True
3794,Exhausted CD8,other,L-Histidine,38.651382,0.701016499967543,0.24164635906294962,0.768790652539845,99.80938,0.08691308691308691,0.1688149688149688,False
3795,Exhausted CD8,other,L-Isoleucine,39.847675,0.7227135517321027,0.23492794400607098,0.768790652539845,24.349785,0.11888111888111888,0.20974442905703133,False
3796,Exhausted CD8,other,L-Lactate,-22.767597,-0.2919882731830197,0.6148522049387086,0.768790652539845,88.393105,0.14185814185814186,0.238290731473435,False
3797,Exhausted CD8,other,L-Leucine,182.06812,1.0442322567731037,0.14818897318333746,0.6441440044017652,1835.557,0.001998001998001998,0.010183669758137844,True
3798,Exhausted CD8,other,L-Lysine,-2.9188743,-0.05293934888544282,0.5211098837695353,0.768790652539845,0.0,0.004995004995004995,0.01947419668938656,False
3799,Exhausted CD8,other,L-Methionine,55.612617,0.582339054678459,0.28016916203368925,0.768790652539845,129.91013,0.06793206793206794,0.14302884615384615,False
3800,Exhausted CD8,other,L-Ornithine,-2.9188743,-0.05293934888544282,0.5211098837695353,0.768790652539845,0.0,0.004995004995004995,0.01947419668938656,False
3801,Exhausted CD8,other,L-Phenylalanine,55.612617,0.582339054678459,0.28016916203368925,0.768790652539845,129.91013,0.06793206793206794,0.14302884615384615,False
3802,Exhausted CD8,other,L-Serine,312.2041,3.269197703103764,0.0005392645701232337,0.0053332771247050085,1451.0033,0.000999000999000999,0.005797701625427063,True
3803,Exhausted CD8,other,L-Threonine,67.514915,1.2245116924747996,0.11037962909962307,0.5101360778966502,570.4518,0.023976023976023976,0.06338725652030373,False
3804,Exhausted CD8,other,L-Tyrosine,38.651382,0.701016499967543,0.24164635906294962,0.768790652539845,99.80938,0.08691308691308691,0.1688149688149688,False
3805,Exhausted CD8,other,L-Valine,39.847675,0.7227135517321027,0.23492794400607098,0.768790652539845,24.349785,0.11888111888111888,0.20974442905703133,False
3806,Exhausted CD8,other,Leukotriene C4,84.99565,1.5415581585241491,0.061590499927195834,0.32984523959214107,941.3261,0.017982017982017984,0.051045728465083304,False
3807,Exhausted CD8,other,Lithocholic acid,75.70784,0.6865529980291525,0.24618222801539125,0.768790652539845,200.87985,0.000999000999000999,0.005797701625427063,True
3808,Exhausted CD8,other,Malic acid,-9.936393,-0.18021542441606447,0.5715082751263233,0.768790652539845,0.0,0.04595404595404595,0.1078094919226584,False
3809,Exhausted CD8,other,Manganese,15.840914,0.2031554325989717,0.41950677301311995,0.768790652539845,269.71088,0.43456543456543456,0.5498374864572048,False
3810,Exhausted CD8,other,N-Desmethylcitalopram,-102.86342,-1.3191955085454006,0.9064481202640333,0.9203212372447638,8.049757,0.8921078921078921,0.928050477869537,False
3811,Exhausted CD8,other,N-Desmethyleletriptan,-118.17681,-2.1433617463145818,0.9839579688628757,0.9839579688628757,0.0,0.8291708291708292,0.870770729514032,False
3812,Exhausted CD8,other,N-Desmethyltamoxifen,-11.828758,-0.12386304047388119,0.5492881415159601,0.768790652539845,42.71724,0.30569430569430567,0.4172693403462634,False
3813,Exhausted CD8,other,N-desmethylimatinib,92.0329,0.68144479771421,0.24779504252503215,0.768790652539845,54.063267,0.18581418581418582,0.28998580138645286,False
3814,Exhausted CD8,other,Neurotransmitter,-21.211222,-0.17204572636369242,0.5682992097575401,0.768790652539845,0.0,0.33666333666333664,0.451396861844623,False
3815,Exhausted CD8,other,Nicotinate,145.55261,1.3199370421065129,0.09342801943468398,0.46359219770121673,315.81723,0.015984015984015984,0.04604079954781357,True
3816,Exhausted CD8,other,Norepinephrine,-2.4562702,-0.022274571336696677,0.5088855335087081,0.768790652539845,23.801174,0.14685314685314685,0.24392556595946427,False
3817,Exhausted CD8,other,O-Deethylated candesartan,-118.17681,-2.1433617463145818,0.9839579688628757,0.9839579688628757,0.0,0.8291708291708292,0.870770729514032,False
3818,Exhausted CD8,other,O-Desmethylverapamil (D-702),781.292,2.631343724068736,0.004252398560584099,0.03609516258511543,2412.563,0.000999000999000999,0.005797701625427063,True
3819,Exhausted CD8,other,Oxalic acid,134.28987,2.4356028049352427,0.007433499657607581,0.05892141640368362,176.2543,0.06293706293706294,0.13542146476278213,False
3820,Exhausted CD8,other,Phosphate,157.56288,1.2780037274738467,0.10062405598997348,0.47883038467960737,164.33179,0.2047952047952048,0.3138155376961347,False
3821,Exhausted CD8,other,Potassium,0.0,0.0,0.5,0.768790652539845,0.0,0.000999000999000999,0.005797701625427063,False
3822,Exhausted CD8,other,Progesterone,48.69503,0.3338096041920939,0.3692616178210879,0.768790652539845,952.6721,0.029970029970029972,0.07633240946885365,False
3823,Exhausted CD8,other,Prostaglandins,-3.1637628,-0.033128860424355866,0.5132140859569208,0.768790652539845,0.0,0.003996003996003996,0.01628617129562309,False
3824,Exhausted CD8,other,Putrescine,425.31848,7.713961425535747,6.098567654237993e-15,1.0733479071458868e-13,72.50575,0.000999000999000999,0.005797701625427063,True
3825,Exhausted CD8,other,Pyruvate,-23.92735,-0.43396808733261,0.6678441923619891,0.7782149353655358,11.4094095,0.24075924075924077,0.3528735031114365,False
3826,Exhausted CD8,other,Serotonin,15.313396,0.16035189884795928,0.4363019391905766,0.768790652539845,8.049757,0.47652347652347654,0.5804432855280313,False
3827,Exhausted CD8,other,Sodium,1156.2605,3.59649481508729,0.0001612670046803844,0.0017002037266059108,4954.964,0.000999000999000999,0.005797701625427063,True
3828,Exhausted CD8,other,Sodium_calcium_potassium exchange,-46.78579,-0.6000150900211578,0.7257519105934708,0.7926652073148546,6.357692,0.5424575424575424,0.6357914985259372,False
3829,Exhausted CD8,other,Sodium_hydrogen exchange,-42.81083,-0.448287077799053,0.6730269873048568,0.7782149353655358,154.01688,0.15284715284715283,0.251556077510276,False
3830,Exhausted CD8,other,Spermine,425.31848,4.453657705551453,4.220982422347904e-06,5.141490453436204e-05,72.50575,0.000999000999000999,0.005797701625427063,True
3831,Exhausted CD8,other,Sulfolithocholic acid,75.70784,0.6865529980291525,0.24618222801539125,0.768790652539845,200.87985,0.000999000999000999,0.005797701625427063,True
3832,Exhausted CD8,other,Taurocholic acid,242.91432,0.881142856748016,0.18912025173767144,0.7557963191017247,2317.6912,0.001998001998001998,0.010183669758137844,True
3833,Exhausted CD8,other,Testosterone,393.83078,2.6997518273797048,0.0034695608603658146,0.02986176932115248,115.22299,0.002997002997002997,0.01360323886639676,True
3834,Exhausted CD8,other,Thiamine,63.975872,1.160324393623709,0.12295837821541011,0.5534410510071487,14.013931,0.03996003996003996,0.09593969504882645,False
3835,Exhausted CD8,other,Thymidine,26.880838,0.28147860548883724,0.38917166767907785,0.768790652539845,422.93286,0.1048951048951049,0.19020508507472345,False
3836,Exhausted CD8,other,Thyroxine,-3.1637628,-0.0573808694518422,0.5228790990718095,0.768790652539845,0.0,0.003996003996003996,0.01628617129562309,False
3837,Exhausted CD8,other,Trihydroxycoprostanoic acid,75.70784,0.6865529980291525,0.24618222801539125,0.768790652539845,200.87985,0.000999000999000999,0.005797701625427063,True
3838,Exhausted CD8,other,Urea,-25.617485,-0.2682495933070786,0.6057463983121749,0.768790652539845,0.0,0.057942057942057944,0.1274725274725275,False
3839,Exhausted CD8,other,Uridine,26.880838,0.487535245950302,0.31293953582528194,0.768790652539845,422.93286,0.1048951048951049,0.19020508507472345,False
3840,Exhausted CD8,other,Ursocholic acid,75.70784,0.6865529980291525,0.24618222801539125,0.768790652539845,200.87985,0.000999000999000999,0.005797701625427063,True
3841,Exhausted CD8,other,Ursodeoxycholic acid,75.70784,0.6865529980291525,0.24618222801539125,0.768790652539845,200.87985,0.000999000999000999,0.005797701625427063,True
3842,Exhausted CD8,other,Ursodeoxycholic acid 3-sulfate,75.70784,0.6865529980291525,0.24618222801539125,0.768790652539845,200.87985,0.000999000999000999,0.005797701625427063,True
3843,Exhausted CD8,other,Varanic acid,75.70784,0.6865529980291525,0.24618222801539125,0.768790652539845,200.87985,0.000999000999000999,0.005797701625427063,True
3844,Exhausted CD8,other,Vitamin C,-43.043777,-0.7806809566618286,0.7825049181556194,0.8267976493719752,0.0,0.7112887112887113,0.7756896618808606,False
3845,Exhausted CD8,other,Vitamin D3,-15.334844,-0.2781266214187195,0.6095424196521677,0.768790652539845,0.0,0.5564435564435565,0.6479569579758616,False
3846,Exhausted CD8,other,Water,1368.5654,7.165362237218912,3.879056940970819e-13,6.6112622646111345e-12,146.52258,0.16983016983016982,0.27162748230997485,False
3847,Exhausted CD8,other,Zinc,75.364365,0.9665275827862532,0.16689012582554058,0.6844193170753355,305.90277,0.3726273726273726,0.4888254428868971,False
3848,Exhausted CD8,other,alpha-Ketoisovaleric acid,-23.92735,-0.43396808733261,0.6678441923619891,0.7782149353655358,11.4094095,0.24075924075924077,0.3528735031114365,False
3849,Exhausted CD8,other,alpha-Tocopherol,-7.111314,-0.12897723208514641,0.5513121677506503,0.768790652539845,0.0,0.09090909090909091,0.1739130434782609,False
3850,Treg,Treg,"(3a,5b,7a)-23-Carboxy-7-hydroxy-24-norcholan-3-yl-b-D-Glucopyranosiduronic acid",-15.749853,-0.11741857006080182,0.5467358154595162,0.768790652539845,18.745544,0.23976023976023977,0.35248760785753624,False
3851,Treg,Treg,17a-Ethynylestradiol,-48.301865,-0.4158086728178068,0.6612249939838847,0.7782149353655358,0.0,0.11688311688311688,0.20689655172413793,False
3852,Treg,Treg,"1b,3a,12a-Trihydroxy-5b-cholanoic acid",-15.749853,-0.11741857006080182,0.5467358154595162,0.768790652539845,18.745544,0.23976023976023977,0.35248760785753624,False
3853,Treg,Treg,2-Hydroxychlorpropamide,-29.258375,-0.3084789123748957,0.6211410280621853,0.768790652539845,0.0,0.06693306693306693,0.14147812971342383,False
3854,Treg,Treg,25-Hydroxycholesterol,50.869568,0.7584873164412643,0.22407965161467813,0.768790652539845,135.15717,0.14085914085914086,0.23688947557902318,False
3855,Treg,Treg,"3',4'-Dihydrodiol",-59.814075,-0.4459269017539019,0.6721749754494073,0.7782149353655358,0.0,0.13186813186813187,0.2269002284843869,False
3856,Treg,Treg,3-Sulfodeoxycholic acid,-15.749853,-0.11741857006080182,0.5467358154595162,0.768790652539845,18.745544,0.23976023976023977,0.35248760785753624,False
3857,Treg,Treg,"3alpha,7alpha-Dihydroxycoprostanic acid",-15.749853,-0.11741857006080182,0.5467358154595162,0.768790652539845,18.745544,0.23976023976023977,0.35248760785753624,False
3858,Treg,Treg,3b-Hydroxy-5-cholenoic acid,-15.749853,-0.11741857006080182,0.5467358154595162,0.768790652539845,18.745544,0.23976023976023977,0.35248760785753624,False
3859,Treg,Treg,4'-Hydroxydiclofenac,6.8096104,0.04540749412114632,0.48189125385282583,0.768790652539845,1584.4491,0.13486513486513488,0.22886204704386523,False
3860,Treg,Treg,4-Hydroxycyclophosphamide,-25.428743,-0.37915359065592913,0.6477130938240863,0.7723792249803293,0.0,0.06693306693306693,0.14147812971342383,False
3861,Treg,Treg,4-Hydroxyvalsartan,-9.980759,-0.1052298208840234,0.5419032757817676,0.768790652539845,0.0,0.004995004995004995,0.01947419668938656,False
3862,Treg,Treg,4-ene-Valproic acid,-77.42267,-0.8162880003341236,0.7928322820723055,0.8336241892942652,0.0,0.5284715284715285,0.6239784312073469,False
3863,Treg,Treg,5-Hydroxyomeprazole,-29.749008,-0.22178530627032952,0.5877594907423079,0.768790652539845,18.745544,0.28771228771228774,0.40227476803352297,False
3864,Treg,Treg,5-Methyltetrahydrofolic acid,25.161867,0.37517435047492254,0.3537654023347806,0.768790652539845,51.603752,0.18581418581418582,0.28998580138645286,False
3865,Treg,Treg,8-Hydroxycarvedilol,-25.428743,-0.37915359065592913,0.6477130938240863,0.7723792249803293,0.0,0.06693306693306693,0.14147812971342383,False
3866,Treg,Treg,ADP,-45.322243,-0.4778445852047325,0.6836195874516848,0.7782149353655358,0.0,0.8231768231768232,0.8676456762499295,False
3867,Treg,Treg,Acetate,72.83934,0.5430330745801327,0.29355351512017025,0.768790652539845,922.3276,0.012987012987012988,0.03929824561403509,True
3868,Treg,Treg,Acetyl-L-Carnitine,-28.227236,-0.42088032637216566,0.6630787640364868,0.7782149353655358,0.0,0.15684315684315683,0.2564685977655261,False
3869,Treg,Treg,Acetylcholine,-6.5177903,-0.09718308006078975,0.5387094977037707,0.768790652539845,0.0,0.000999000999000999,0.005797701625427063,False
3870,Treg,Treg,Adenine,-49.623898,-0.7399138318085198,0.7703238594958468,0.8177342398193234,22.239403,0.4165834165834166,0.533187204603055,False
3871,Treg,Treg,Adenosine,69.40673,1.0348844521048532,0.1503614382435881,0.6474072093522777,88.804985,0.2037962037962038,0.3127292636189434,False
3872,Treg,Treg,Adenosine diphosphate ribose,69.31971,1.033586933136741,0.1506646553196469,0.6474072093522777,89.87227,0.3086913086913087,0.42042859225423973,False
3873,Treg,Treg,Adenosine triphosphate,13.785522,0.10277405897798951,0.4590711470782086,0.768790652539845,3927.5986,0.6493506493506493,0.7225806451612903,False
3874,Treg,Treg,Adenosylcobalamin,-23.091465,-0.3443037566615982,0.6346910702973607,0.7702752308252798,0.0,0.07292707292707293,0.14924610273447483,False
3875,Treg,Treg,Amiloride-sensitive sodium transport,-54.432472,-0.46858427126801305,0.680316588936569,0.7782149353655358,0.0,0.43956043956043955,0.5540440267128369,False
3876,Treg,Treg,Anion exchange,-48.4169,-0.7219169843535204,0.7648272408282498,0.8139822027270781,0.0,0.38461538461538464,0.5024118565469672,False
3877,Treg,Treg,Betaine,1.6386046,0.024432305774249048,0.4902538898651441,0.768790652539845,0.0,0.000999000999000999,0.005797701625427063,False
3878,Treg,Treg,Bilirubin,-22.808025,-0.24047114086625432,0.5950174833943699,0.768790652539845,0.0,0.03196803196803197,0.08089563019140483,False
3879,Treg,Treg,Butyrate,-49.195435,-0.7335252629421607,0.768380937307925,0.8162746000669555,0.0,0.44155844155844154,0.5555879778231689,False
3880,Treg,Treg,Cadmium,113.15441,1.6871813418975736,0.04578424396854401,0.2631666145813046,111.25614,0.03496503496503497,0.08615384615384616,False
3881,Treg,Treg,Calcidiol,-28.356438,-0.2989695430839832,0.6175183577941251,0.768790652539845,0.0,0.07892107892107893,0.15667941634792465,False
3882,Treg,Treg,Calcium,-23.091465,-0.3443037566615982,0.6346910702973607,0.7702752308252798,0.0,0.07292707292707293,0.14924610273447483,False
3883,Treg,Treg,Calcium release-activated calcium transport,-28.296082,-0.24358803130913612,0.5962250506187443,0.768790652539845,194.50096,0.5594405594405595,0.6510951936053151,False
3884,Treg,Treg,Chenodeoxycholic acid,-15.749853,-0.11741857006080182,0.5467358154595162,0.768790652539845,18.745544,0.23976023976023977,0.35248760785753624,False
3885,Treg,Treg,Chenodeoxycholic acid 3-sulfate,-15.749853,-0.11741857006080182,0.5467358154595162,0.768790652539845,18.745544,0.23976023976023977,0.35248760785753624,False
3886,Treg,Treg,Chloride,-83.24942,-0.5067524611082366,0.6938357420241766,0.780939413102867,47.904755,0.8781218781218781,0.915046287690077,False
3887,Treg,Treg,Chloride ion,94.27319,0.7028270971821343,0.2410817540951965,0.768790652539845,200.28471,0.16583416583416583,0.267118760955145,False
3888,Treg,Treg,Chloride_bicarbonate anion exchange,-3.7644777,-0.05612999540928699,0.522380875641203,0.768790652539845,0.0,0.000999000999000999,0.005797701625427063,False
3889,Treg,Treg,Cholesterol,-65.31654,-0.43554042137745813,0.6684148972255213,0.7782149353655358,0.0,0.21678321678321677,0.33030714868170696,False
3890,Treg,Treg,Cholic acid,161.57632,0.6220458105870574,0.26695587282735356,0.768790652539845,1780.9537,0.0979020979020979,0.1820413308123528,False
3891,Treg,Treg,Choline,-54.59138,-0.36402344357545713,0.642079748390031,0.7719104793751966,0.0,0.18081918081918083,0.2839374754888229,False
3892,Treg,Treg,Citric acid,114.07139,1.7008538655498089,0.044485215757352065,0.2588667346095845,784.43024,0.00999000999000999,0.03256003256003256,True
3893,Treg,Treg,Cobalamin,-23.091465,-0.3443037566615982,0.6346910702973607,0.7702752308252798,0.0,0.07292707292707293,0.14924610273447483,False
3894,Treg,Treg,Coprocholic acid,-15.749853,-0.11741857006080182,0.5467358154595162,0.768790652539845,18.745544,0.23976023976023977,0.35248760785753624,False
3895,Treg,Treg,Cortisol,-39.298717,-0.3383046947318489,0.6324332069001067,0.7699394468702871,0.0,0.13386613386613386,0.22752493860101267,False
3896,Treg,Treg,Creatine,-28.227236,-0.42088032637216566,0.6630787640364868,0.7782149353655358,0.0,0.15684315684315683,0.2564685977655261,False
3897,Treg,Treg,Cyclic AMP,-46.663696,-0.6957759472856359,0.7567154227097429,0.8081413580296098,0.0,0.24275724275724275,0.3550777580628327,False
3898,Treg,Treg,Cytidine,69.40673,1.0348844521048532,0.1503614382435881,0.6474072093522777,88.804985,0.2037962037962038,0.3127292636189434,False
3899,Treg,Treg,D-Aspartate,-20.446749,-0.21557556681584467,0.585340698578933,0.768790652539845,0.0,0.11988011988011989,0.2110751641172221,False
3900,Treg,Treg,D-Galactose,-48.661995,-0.5130564901551601,0.6960440970685426,0.7823047154025067,997.42285,0.47952047952047955,0.5829411637136476,False
3901,Treg,Treg,D-Glucose,-23.798185,-0.14486333924270245,0.5575906139532856,0.768790652539845,1043.207,0.4875124875124875,0.5881795876199906,False
3902,Treg,Treg,D-Lactate,-49.195435,-0.7335252629421607,0.768380937307925,0.8162746000669555,0.0,0.44155844155844154,0.5555879778231689,False
3903,Treg,Treg,D-Maltose,31.266108,0.4661912221908315,0.3205393159222737,0.768790652539845,997.42285,0.4225774225774226,0.5389393215480173,False
3904,Treg,Treg,D-Mannose,-48.661995,-0.5130564901551601,0.6960440970685426,0.7823047154025067,997.42285,0.47952047952047955,0.5829411637136476,False
3905,Treg,Treg,D-Xylose,31.266108,0.4661912221908315,0.3205393159222737,0.768790652539845,997.42285,0.4225774225774226,0.5389393215480173,False
3906,Treg,Treg,Dehydroascorbic acid,-47.588238,-0.40966538537937697,0.6589742873039335,0.7769862334351528,997.42285,0.47952047952047955,0.5829411637136476,False
3907,Treg,Treg,Dehydroepiandrosterone,-9.980759,-0.1052298208840234,0.5419032757817676,0.768790652539845,0.0,0.004995004995004995,0.01947419668938656,False
3908,Treg,Treg,Deoxycholic acid,-15.749853,-0.11741857006080182,0.5467358154595162,0.768790652539845,18.745544,0.23976023976023977,0.35248760785753624,False
3909,Treg,Treg,Digoxin,-6.9459653,-0.10356735457846868,0.5412436522107805,0.768790652539845,0.0,0.002997002997002997,0.01360323886639676,False
3910,Treg,Treg,Docosahexaenoic acid,-47.588238,-0.40966538537937697,0.6589742873039335,0.7769862334351528,997.42285,0.47952047952047955,0.5829411637136476,False
3911,Treg,Treg,Dopamine,210.7931,1.2831311626821482,0.09972306385282392,0.47514458710870355,25.122997,0.10589410589410589,0.19169411612736548,False
3912,Treg,Treg,E-3179,-25.428743,-0.37915359065592913,0.6477130938240863,0.7723792249803293,0.0,0.06693306693306693,0.14147812971342383,False
3913,Treg,Treg,Estradiol,-17.957054,-0.08466918247323524,0.5337378016067565,0.768790652539845,784.43024,0.012987012987012988,0.03929824561403509,True
3914,Treg,Treg,Estriol,-25.428743,-0.37915359065592913,0.6477130938240863,0.7723792249803293,0.0,0.06693306693306693,0.14147812971342383,False
3915,Treg,Treg,Estrone,-6.9459653,-0.10356735457846868,0.5412436522107805,0.768790652539845,0.0,0.002997002997002997,0.01360323886639676,False
3916,Treg,Treg,Estrone sulfate,-6.9459653,-0.10356735457846868,0.5412436522107805,0.768790652539845,0.0,0.002997002997002997,0.01360323886639676,False
3917,Treg,Treg,Ethanol,156.11395,1.3439136554974846,0.08948815485490835,0.44558074334222264,115.37021,0.1068931068931069,0.19317815461989812,False
3918,Treg,Treg,Fatty acid,135.06885,1.006967545441037,0.15697518530432547,0.6597241705967363,524.5698,0.1018981018981019,0.18594355285002767,False
3919,Treg,Treg,Folic acid,315.22476,1.3035837069964131,0.09618777942579942,0.46444225306482645,232.83139,0.026973026973026972,0.0698125404007757,False
3920,Treg,Treg,Folinic acid,220.63004,1.4711938709744479,0.07061934712008598,0.36821115451246766,90.626526,0.00999000999000999,0.03256003256003256,True
3921,Treg,Treg,Fusidic Acid,-15.862061,-0.23651020130376801,0.5934816038491836,0.768790652539845,0.0,0.029970029970029972,0.07633240946885365,False
3922,Treg,Treg,GABA,3.428198,0.03614441386305791,0.4855836041527639,0.768790652539845,0.0,0.000999000999000999,0.005797701625427063,False
3923,Treg,Treg,Glucosamine,-78.85435,-0.8313825743805215,0.7971212300265235,0.8352523991350229,0.0,0.6783216783216783,0.7448238036473331,False
3924,Treg,Treg,Glutathione,231.63222,1.1512456027917979,0.12481560454590407,0.560046708430737,1780.9536,0.09490509490509491,0.17846958972122515,False
3925,Treg,Treg,Glycerol,-25.428743,-0.37915359065592913,0.6477130938240863,0.7723792249803293,0.0,0.06693306693306693,0.14147812971342383,False
3926,Treg,Treg,Glycochenodeoxycholate-3-sulfate,-15.749853,-0.11741857006080182,0.5467358154595162,0.768790652539845,18.745544,0.23976023976023977,0.35248760785753624,False
3927,Treg,Treg,Glycyl-glycine,-3.8296316,-0.05710146737582553,0.5227678162322059,0.768790652539845,0.0,0.000999000999000999,0.005797701625427063,False
3928,Treg,Treg,Guanosine,69.40673,1.0348844521048532,0.1503614382435881,0.6474072093522777,88.804985,0.2037962037962038,0.3127292636189434,False
3929,Treg,Treg,Heme,146.37137,1.543232673392189,0.061387166203236414,0.32923067247307886,445.4149,0.008991008991008992,0.029914529914529916,True
3930,Treg,Treg,Histamine,-28.227236,-0.42088032637216566,0.6630787640364868,0.7782149353655358,0.0,0.15684315684315683,0.2564685977655261,False
3931,Treg,Treg,Hydroxycelecoxib,-46.663696,-0.6957759472856359,0.7567154227097429,0.8081413580296098,0.0,0.24275724275724275,0.3550777580628327,False
3932,Treg,Treg,Hydroxylansoprazole,-39.298717,-0.3383046947318489,0.6324332069001067,0.7699394468702871,0.0,0.13386613386613386,0.22752493860101267,False
3933,Treg,Treg,Hyodeoxycholic acid,-15.749853,-0.11741857006080182,0.5467358154595162,0.768790652539845,18.745544,0.23976023976023977,0.35248760785753624,False
3934,Treg,Treg,Inosine,69.40673,1.0348844521048532,0.1503614382435881,0.6474072093522777,88.804985,0.2037962037962038,0.3127292636189434,False
3935,Treg,Treg,Iron,386.06805,1.6617416996577887,0.04828228812607639,0.2696803450772557,8487.466,0.013986013986013986,0.04176432985297251,True
3936,Treg,Treg,Isoursodeoxycholic acid,-15.749853,-0.11741857006080182,0.5467358154595162,0.768790652539845,18.745544,0.23976023976023977,0.35248760785753624,False
3937,Treg,Treg,Ketone bodies,-49.195435,-0.7335252629421607,0.768380937307925,0.8162746000669555,0.0,0.44155844155844154,0.5555879778231689,False
3938,Treg,Treg,L-Alanine,-2.4176834,-0.03604870736515285,0.5143782393450566,0.768790652539845,67.88079,0.7822177822177823,0.8373691849362157,False
3939,Treg,Treg,L-Arginine,318.2254,2.739457025903047,0.0030770379779510543,0.02685867967798572,111.89083,0.09490509490509491,0.17846958972122515,False
3940,Treg,Treg,L-Asparagine,-2.4176834,-0.03604870736515285,0.5143782393450566,0.768790652539845,67.88079,0.7822177822177823,0.8373691849362157,False
3941,Treg,Treg,L-Aspartate,-20.446749,-0.21557556681584467,0.585340698578933,0.768790652539845,0.0,0.11988011988011989,0.2110751641172221,False
3942,Treg,Treg,L-Carnitine,-57.094215,-0.32176097078334276,0.6261831080354837,0.768790652539845,0.0,0.25774225774225773,0.3703380924307282,False
3943,Treg,Treg,L-Cysteine,-67.474174,-0.4107260317331609,0.6593632816998551,0.777035930770641,104.58841,0.8581418581418582,0.8966095692531361,False
3944,Treg,Treg,L-Cystine,-87.69609,-0.5338200518668225,0.7032669803738766,0.7823047154025067,169.81174,0.2857142857142857,0.40025990903183883,False
3945,Treg,Treg,L-Dopa,-3.8296316,-0.05710146737582553,0.5227678162322059,0.768790652539845,0.0,0.000999000999000999,0.005797701625427063,False
3946,Treg,Treg,L-Glutamate,-299.234,-1.0235862062982073,0.8469846184444945,0.8724791387321215,352.34036,0.7962037962037962,0.8481960517358748,False
3947,Treg,Treg,L-Glutamine,547.0468,2.179971167529012,0.014629799424858056,0.10596995989906105,1164.2144,0.03996003996003996,0.09593969504882645,False
3948,Treg,Treg,L-Histidine,202.6341,3.021362216950077,0.0012582006795537658,0.011794263761382257,97.558075,0.14885114885114886,0.24639007825188247,False
3949,Treg,Treg,L-Isoleucine,2.1574123,0.03216795280983824,0.48716905644963177,0.768790652539845,19.750069,0.4385614385614386,0.5529464687359424,False
3950,Treg,Treg,L-Lactate,-122.62425,-1.2928604465986644,0.9019703351737074,0.9162063805109603,6.757923,0.7812187812187812,0.8373691849362157,False
3951,Treg,Treg,L-Leucine,217.6398,1.0261919290689063,0.15240056247198536,0.6474072093522777,734.45996,0.4865134865134865,0.5871385821007987,False
3952,Treg,Treg,L-Lysine,-10.50742,-0.15667018255081425,0.5622476061438707,0.768790652539845,0.0,0.003996003996003996,0.01628617129562309,False
3953,Treg,Treg,L-Methionine,219.15535,1.886608225625968,0.02960651979373239,0.19490582190927339,158.12708,0.13786213786213786,0.23312217194570137,False
3954,Treg,Treg,L-Ornithine,-10.50742,-0.15667018255081425,0.5622476061438707,0.768790652539845,0.0,0.003996003996003996,0.01628617129562309,False
3955,Treg,Treg,L-Phenylalanine,219.15535,1.886608225625968,0.02960651979373239,0.19490582190927339,158.12708,0.13786213786213786,0.23312217194570137,False
3956,Treg,Treg,L-Serine,8.433133,0.07259698812507125,0.4710634117629043,0.768790652539845,327.3463,0.6563436563436563,0.7288575447215674,False
3957,Treg,Treg,L-Threonine,-2.4176834,-0.03604870736515285,0.5143782393450566,0.768790652539845,67.88079,0.7822177822177823,0.8373691849362157,False
3958,Treg,Treg,L-Tyrosine,202.6341,3.021362216950077,0.0012582006795537658,0.011794263761382257,97.558075,0.14885114885114886,0.24639007825188247,False
3959,Treg,Treg,L-Valine,2.1574123,0.03216795280983824,0.48716905644963177,0.768790652539845,19.750069,0.4385614385614386,0.5529464687359424,False
3960,Treg,Treg,Leukotriene C4,97.09596,1.4477429067030312,0.07384448268649167,0.3790683444573239,1497.2778,0.1088911088911089,0.1962953434525341,False
3961,Treg,Treg,Lithocholic acid,-15.749853,-0.11741857006080182,0.5467358154595162,0.768790652539845,18.745544,0.23976023976023977,0.35248760785753624,False
3962,Treg,Treg,Malic acid,-17.818459,-0.26568094402461845,0.6047575297205621,0.768790652539845,0.0,0.11988011988011989,0.2110751641172221,False
3963,Treg,Treg,Manganese,100.37391,1.0582690973253104,0.14496638868065337,0.6326873157803414,111.25614,0.03496503496503497,0.08615384615384616,False
3964,Treg,Treg,N-Desmethylcitalopram,-22.887001,-0.24130380265818566,0.5953401680668496,0.768790652539845,0.0,0.07492507492507493,0.15054842641049537,False
3965,Treg,Treg,N-Desmethyleletriptan,-25.428743,-0.37915359065592913,0.6477130938240863,0.7723792249803293,0.0,0.06693306693306693,0.14147812971342383,False
3966,Treg,Treg,N-Desmethyltamoxifen,-39.298717,-0.3383046947318489,0.6324332069001067,0.7699394468702871,0.0,0.13386613386613386,0.22752493860101267,False
3967,Treg,Treg,N-desmethylimatinib,-79.82822,-0.48592705058254976,0.686490555733244,0.7782638879143128,0.0,0.15884115884115885,0.2593423237118807,False
3968,Treg,Treg,Neurotransmitter,-8.12833,-0.05420091419094225,0.521612453831017,0.768790652539845,0.0,0.052947052947052944,0.1186013986013986,False
3969,Treg,Treg,Nicotinate,118.04092,0.8800206261816605,0.18942406793792854,0.7562931305077296,915.56964,0.00999000999000999,0.03256003256003256,True
3970,Treg,Treg,Norepinephrine,-55.307217,-0.41232729201341056,0.659950226368814,0.7773109025761809,0.0,0.18081918081918083,0.2839374754888229,False
3971,Treg,Treg,O-Deethylated candesartan,-25.428743,-0.37915359065592913,0.6477130938240863,0.7723792249803293,0.0,0.06693306693306693,0.14147812971342383,False
3972,Treg,Treg,O-Desmethylverapamil (D-702),304.84424,0.8440521229409989,0.19932013991010394,0.768790652539845,1881.9082,0.1068931068931069,0.19317815461989812,False
3973,Treg,Treg,Oxalic acid,114.07139,1.7008538655498089,0.044485215757352065,0.2588667346095845,784.43024,0.00999000999000999,0.03256003256003256,True
3974,Treg,Treg,Phosphate,-72.18703,-0.48135382592172016,0.6848674761311804,0.7782149353655358,23.70184,0.926073926073926,0.956004493471575,False
3975,Treg,Treg,Potassium,0.2572595,0.003835850527703851,0.49846972079589047,0.768790652539845,0.0,0.000999000999000999,0.005797701625427063,False
3976,Treg,Treg,Progesterone,14.892883,0.08393054455047909,0.46655582709674615,0.768790652539845,1497.2778,0.11188811188811189,0.20027461123351534,False
3977,Treg,Treg,Prostaglandins,-22.815063,-0.1964044522563868,0.5778531941344603,0.768790652539845,0.0,0.004995004995004995,0.01947419668938656,False
3978,Treg,Treg,Putrescine,-6.590223,-0.09826308031446197,0.5391383030482395,0.768790652539845,0.0,0.011988011988011988,0.03687040491605399,False
3979,Treg,Treg,Pyruvate,-49.195435,-0.7335252629421607,0.768380937307925,0.8162746000669555,0.0,0.44155844155844154,0.5555879778231689,False
3980,Treg,Treg,Serotonin,-13.327356,-0.11472911852197706,0.5456700834619491,0.768790652539845,0.0,0.01098901098901099,0.03466321535085251,False
3981,Treg,Treg,Sodium,169.11548,0.43244828061020235,0.3327078170918935,0.768790652539845,1563.7173,0.23076923076923078,0.34312997347480106,False
3982,Treg,Treg,Sodium_calcium_potassium exchange,-14.729679,-0.15529896532864937,0.5617071843662277,0.768790652539845,0.0,0.21178821178821178,0.32372590188967354,False
3983,Treg,Treg,Sodium_hydrogen exchange,-94.55476,-0.8139787386635804,0.7921714344306893,0.8331324939671054,57.286633,0.7852147852147852,0.8387035308016234,False
3984,Treg,Treg,Spermine,-18.568802,-0.15985032722009482,0.5635005108131814,0.768790652539845,0.0,0.01898101898101898,0.05325058805865572,False
3985,Treg,Treg,Sulfolithocholic acid,-15.749853,-0.11741857006080182,0.5467358154595162,0.768790652539845,18.745544,0.23976023976023977,0.35248760785753624,False
3986,Treg,Treg,Taurocholic acid,213.20273,0.6357890266903,0.2624569703275547,0.768790652539845,2696.5234,0.013986013986013986,0.04176432985297251,True
3987,Treg,Treg,Testosterone,-64.87858,-0.3656306362468519,0.6426796443514817,0.7719104793751966,0.0,0.16583416583416583,0.267118760955145,False
3988,Treg,Treg,Thiamine,-6.725633,-0.10028210673963625,0.5399398186849598,0.768790652539845,0.0,0.008991008991008992,0.029914529914529916,False
3989,Treg,Treg,Thymidine,646.24805,5.563254022879793,1.3239500302764055e-08,1.87791859557627e-07,113.34311,0.1018981018981019,0.18594355285002767,False
3990,Treg,Treg,Thyroxine,-6.9459653,-0.10356735457846868,0.5412436522107805,0.768790652539845,0.0,0.002997002997002997,0.01360323886639676,False
3991,Treg,Treg,Trihydroxycoprostanoic acid,-15.749853,-0.11741857006080182,0.5467358154595162,0.768790652539845,18.745544,0.23976023976023977,0.35248760785753624,False
3992,Treg,Treg,Urea,-9.223228,-0.07939855764679958,0.5316421920737406,0.768790652539845,0.0,0.014985014985014986,0.044166359955833644,False
3993,Treg,Treg,Uridine,69.40673,1.0348844521048532,0.1503614382435881,0.6474072093522777,88.804985,0.2037962037962038,0.3127292636189434,False
3994,Treg,Treg,Ursocholic acid,-15.749853,-0.11741857006080182,0.5467358154595162,0.768790652539845,18.745544,0.23976023976023977,0.35248760785753624,False
3995,Treg,Treg,Ursodeoxycholic acid,-15.749853,-0.11741857006080182,0.5467358154595162,0.768790652539845,18.745544,0.23976023976023977,0.35248760785753624,False
3996,Treg,Treg,Ursodeoxycholic acid 3-sulfate,-15.749853,-0.11741857006080182,0.5467358154595162,0.768790652539845,18.745544,0.23976023976023977,0.35248760785753624,False
3997,Treg,Treg,Varanic acid,-15.749853,-0.11741857006080182,0.5467358154595162,0.768790652539845,18.745544,0.23976023976023977,0.35248760785753624,False
3998,Treg,Treg,Vitamin C,194.75246,2.9038435828771476,0.0018430613415443154,0.016626109842550394,52.72061,0.07692307692307693,0.15356125356125358,False
3999,Treg,Treg,Vitamin D3,-17.62284,-0.2627641996495181,0.6036338346697306,0.768790652539845,0.0,0.056943056943056944,0.12578814627994955,False
4000,Treg,Treg,Water,-99.14977,-0.4267675346926664,0.6652256723982001,0.7782149353655358,0.0,0.949050949050949,0.9764513701521574,False
4001,Treg,Treg,Zinc,112.7711,1.188976044362358,0.11722454690949607,0.5326367189396702,111.25614,0.03596403596403597,0.0880618529681562,False
4002,Treg,Treg,alpha-Ketoisovaleric acid,-49.195435,-0.7335252629421607,0.768380937307925,0.8162746000669555,0.0,0.44155844155844154,0.5555879778231689,False
4003,Treg,Treg,alpha-Tocopherol,-10.7215805,-0.15986341472637017,0.5635056656858308,0.768790652539845,0.0,0.04295704295704296,0.10245064669843432,False
4004,Treg,other,"(3a,5b,7a)-23-Carboxy-7-hydroxy-24-norcholan-3-yl-b-D-Glucopyranosiduronic acid",195.3009,0.5464293226750595,0.29238542923883126,0.768790652539845,375.10284,0.8001998001998002,0.8481960517358748,False
4005,Treg,other,17a-Ethynylestradiol,-450.6268,-1.455848321837297,0.9272827228796655,0.9357461036876007,12.643828,0.7702297702297702,0.8265880461002413,False
4006,Treg,other,"1b,3a,12a-Trihydroxy-5b-cholanoic acid",195.3009,0.5464293226750595,0.29238542923883126,0.768790652539845,375.10284,0.8001998001998002,0.8481960517358748,False
4007,Treg,other,2-Hydroxychlorpropamide,-293.4947,-1.1613015094662913,0.8772403470591527,0.896577477250312,12.643828,0.6703296703296703,0.7390594575457781,False
4008,Treg,other,25-Hydroxycholesterol,352.9989,1.9753001373757677,0.024117048834170877,0.16299798522405146,1936.1787,0.002997002997002997,0.01360323886639676,True
4009,Treg,other,"3',4'-Dihydrodiol",-367.11884,-1.0271560099584502,0.8478264958592931,0.8731377717089257,24.067818,0.6193806193806194,0.7015416944494959,False
4010,Treg,other,3-Sulfodeoxycholic acid,195.3009,0.5464293226750595,0.29238542923883126,0.768790652539845,375.10284,0.8001998001998002,0.8481960517358748,False
4011,Treg,other,"3alpha,7alpha-Dihydroxycoprostanic acid",195.3009,0.5464293226750595,0.29238542923883126,0.768790652539845,375.10284,0.8001998001998002,0.8481960517358748,False
4012,Treg,other,3b-Hydroxy-5-cholenoic acid,195.3009,0.5464293226750595,0.29238542923883126,0.768790652539845,375.10284,0.8001998001998002,0.8481960517358748,False
4013,Treg,other,4'-Hydroxydiclofenac,1094.8119,2.7397708662443714,0.0030741015214102627,0.02685867967798572,8272.019,0.32367632367632365,0.4371100243320725,False
4014,Treg,other,4-Hydroxycyclophosphamide,-294.81894,-1.6497385370463846,0.9505017877089218,0.9553761558510188,12.643828,0.6703296703296703,0.7390594575457781,False
4015,Treg,other,4-Hydroxyvalsartan,-92.06455,-0.3642815602011462,0.6421761159338365,0.7719104793751966,0.0,0.08891108891108891,0.1708487590840532,False
4016,Treg,other,4-ene-Valproic acid,-151.45894,-0.5992936160169353,0.7255114478586573,0.7926033349801191,104.89884,0.7352647352647352,0.7980018974229898,False
4017,Treg,other,5-Hydroxyomeprazole,400.02197,1.1192151795386078,0.1315241755667227,0.5807834261922319,414.22107,0.7682317682317682,0.825676815706726,False
4018,Treg,other,5-Methyltetrahydrofolic acid,899.973,5.0360407015896165,2.3762977284243174e-07,3.0956482794458175e-06,2711.9744,0.000999000999000999,0.005797701625427063,True
4019,Treg,other,8-Hydroxycarvedilol,-294.81894,-1.6497385370463846,0.9505017877089218,0.9553761558510188,12.643828,0.6703296703296703,0.7390594575457781,False
4020,Treg,other,ADP,72.38019,0.2863943520852996,0.38728805000439537,0.768790652539845,417.021,0.7322677322677322,0.795149448889061,False
4021,Treg,other,Acetate,1444.608,4.041846070142631,2.6516021071966137e-05,0.00030168095742036404,6536.116,0.000999000999000999,0.005797701625427063,True
4022,Treg,other,Acetyl-L-Carnitine,4.3444147,0.02431033904699397,0.49030253310117167,0.768790652539845,70.245995,0.8171828171828172,0.8634384483441088,False
4023,Treg,other,Acetylcholine,-19.726988,-0.11038765740335933,0.5439490293639587,0.768790652539845,0.0,0.03196803196803197,0.08089563019140483,False
4024,Treg,other,Adenine,329.12793,1.8417237056770972,0.0327577874253219,0.20957207622846888,204.19946,0.14285714285714285,0.23968871595330737,False
4025,Treg,other,Adenosine,147.2438,0.8239422473631417,0.20498618693544174,0.768790652539845,1267.9012,0.9530469530469531,0.9786945609760567,False
4026,Treg,other,Adenosine diphosphate ribose,2181.8125,12.2089176886565,1.3928507882691633e-34,3.336651443898129e-33,1878.1904,0.000999000999000999,0.005797701625427063,True
4027,Treg,other,Adenosine triphosphate,864.9545,2.4200426587194794,0.007759343229972384,0.06139135414246041,26471.363,0.026973026973026972,0.0698125404007757,False
4028,Treg,other,Adenosylcobalamin,-22.911291,-0.12820628145391683,0.5510071353929288,0.768790652539845,19.116673,0.2897102897102897,0.4044126802300969,False
4029,Treg,other,Amiloride-sensitive sodium transport,419.66284,1.3558124888249699,0.08757941833453564,0.43854243781014773,971.537,0.17382617382617382,0.27485825505627487,False
4030,Treg,other,Anion exchange,-70.19786,-0.3928109786808305,0.6527704523333593,0.7747512874888669,114.87564,0.926073926073926,0.956004493471575,False
4031,Treg,other,Betaine,-11.863655,-0.06638626760295602,0.5264648485252368,0.768790652539845,0.0,0.04095904095904096,0.09811965811965812,False
4032,Treg,other,Bilirubin,-159.22194,-0.6300103018514503,0.73565607794872,0.7973479784107006,0.0,0.4125874125874126,0.5302762810959533,False
4033,Treg,other,Butyrate,-155.80336,-0.8718395360175428,0.8083520385858409,0.8425462872569848,34.652847,0.4085914085914086,0.5262383972061391,False
4034,Treg,other,Cadmium,137.52397,0.7695523098176795,0.22078275178727913,0.768790652539845,760.6458,1.0,1.0,False
4035,Treg,other,Calcidiol,733.5246,2.9024144255961795,0.0018514915654047402,0.016667289415501545,42.601273,0.04895104895104895,0.11150392132959486,False
4036,Treg,other,Calcium,-22.911291,-0.12820628145391683,0.5510071353929288,0.768790652539845,19.116673,0.2897102897102897,0.4044126802300969,False
4037,Treg,other,Calcium release-activated calcium transport,1432.7966,4.628962520836522,1.8375113376410694e-06,2.2899852277191592e-05,2480.6387,0.000999000999000999,0.005797701625427063,True
4038,Treg,other,Chenodeoxycholic acid,195.3009,0.5464293226750595,0.29238542923883126,0.768790652539845,375.10284,0.8001998001998002,0.8481960517358748,False
4039,Treg,other,Chenodeoxycholic acid 3-sulfate,195.3009,0.5464293226750595,0.29238542923883126,0.768790652539845,375.10284,0.8001998001998002,0.8481960517358748,False
4040,Treg,other,Chloride,-122.344894,-0.2794923758598664,0.6100665059105057,0.768790652539845,1290.5077,0.997002997002997,1.0,False
4041,Treg,other,Chloride ion,666.8721,1.865830866609588,0.03103251618250248,0.20305342910311183,1741.725,0.00999000999000999,0.03256003256003256,True
4042,Treg,other,Chloride_bicarbonate anion exchange,-12.934435,-0.07237810349441931,0.5288494950176421,0.768790652539845,0.0,0.015984015984015984,0.04604079954781357,False
4043,Treg,other,Cholesterol,628.5404,1.5729247251585619,0.05786812459845634,0.3122995660432337,106.11084,0.7432567432567433,0.8044485634847081,False
4044,Treg,other,Cholic acid,759.9973,1.098060245032133,0.13608909168018174,0.5975724677443418,11340.023,1.0,1.0,False
4045,Treg,other,Choline,-142.21051,-0.35588233609018777,0.6390356576560263,0.7718548335610044,70.245995,0.8761238761238761,0.9134057431929773,False
4046,Treg,other,Citric acid,1573.2883,8.803757299239814,6.615517396255348e-19,1.2907742539662018e-17,5237.9175,0.000999000999000999,0.005797701625427063,True
4047,Treg,other,Cobalamin,-22.911291,-0.12820628145391683,0.5510071353929288,0.768790652539845,19.116673,0.2897102897102897,0.4044126802300969,False
4048,Treg,other,Coprocholic acid,195.3009,0.5464293226750595,0.29238542923883126,0.768790652539845,375.10284,0.8001998001998002,0.8481960517358748,False
4049,Treg,other,Cortisol,395.0233,1.2762090176183198,0.10094082088909162,0.47883038467960737,51.652122,0.3046953046953047,0.4163010626888954,False
4050,Treg,other,Creatine,4.3444147,0.02431033904699397,0.49030253310117167,0.768790652539845,70.245995,0.8171828171828172,0.8634384483441088,False
4051,Treg,other,Cyclic AMP,534.1729,2.9891079647837238,0.0013989662313102225,0.013000737908210516,116.00376,0.14685314685314685,0.24392556595946427,False
4052,Treg,other,Cytidine,147.2438,0.8239422473631417,0.20498618693544174,0.768790652539845,1267.9012,0.9530469530469531,0.9786945609760567,False
4053,Treg,other,D-Aspartate,70.97742,0.28084385958567576,0.38941508087603577,0.768790652539845,36.659786,0.06793206793206794,0.14302884615384615,False
4054,Treg,other,D-Galactose,1552.2614,6.141996818237778,4.074524527598107e-10,6.12172465609862e-09,11022.803,0.18281718281718282,0.28644901610017887,False
4055,Treg,other,D-Glucose,2848.2542,6.506731019628647,3.840187641598367e-11,6.021414222026239e-10,11370.384,0.21878121878121878,0.3326461972442227,False
4056,Treg,other,D-Lactate,-155.80336,-0.8718395360175428,0.8083520385858409,0.8425462872569848,34.652847,0.4085914085914086,0.5262383972061391,False
4057,Treg,other,D-Maltose,1436.1078,8.036126741770781,4.636141795943528e-16,8.39959807735651e-15,10780.133,0.15484515484515485,0.2542621126017927,False
4058,Treg,other,D-Mannose,1552.2614,6.141996818237778,4.074524527598107e-10,6.12172465609862e-09,11022.803,0.18281718281718282,0.28644901610017887,False
4059,Treg,other,D-Xylose,1436.1078,8.036126741770781,4.636141795943528e-16,8.39959807735651e-15,10780.133,0.15484515484515485,0.2542621126017927,False
4060,Treg,other,Dehydroascorbic acid,2740.2585,8.853003858780246,4.2597358631985205e-19,8.387205955302293e-18,11034.13,0.17382617382617382,0.27485825505627487,False
4061,Treg,other,Dehydroepiandrosterone,-92.06455,-0.3642815602011462,0.6421761159338365,0.7719104793751966,0.0,0.08891108891108891,0.1708487590840532,False
4062,Treg,other,Deoxycholic acid,195.3009,0.5464293226750595,0.29238542923883126,0.768790652539845,375.10284,0.8001998001998002,0.8481960517358748,False
4063,Treg,other,Digoxin,-35.12682,-0.19656155113697807,0.5779146693503922,0.768790652539845,0.0,0.04395604395604396,0.10425657950410426,False
4064,Treg,other,Docosahexaenoic acid,2740.2585,8.853003858780246,4.2597358631985205e-19,8.387205955302293e-18,11034.13,0.17382617382617382,0.27485825505627487,False
4065,Treg,other,Dopamine,-3.5331573,-0.008071366986132594,0.5032199745894379,0.768790652539845,171.32986,0.8691308691308691,0.9069923300320203,False
4066,Treg,other,E-3179,-294.81894,-1.6497385370463846,0.9505017877089218,0.9553761558510188,12.643828,0.6703296703296703,0.7390594575457781,False
4067,Treg,other,Estradiol,2094.5552,3.706393669632742,0.00010511571961744579,0.0011275099079363837,5447.4165,0.000999000999000999,0.005797701625427063,True
4068,Treg,other,Estriol,-294.81894,-1.6497385370463846,0.9505017877089218,0.9553761558510188,12.643828,0.6703296703296703,0.7390594575457781,False
4069,Treg,other,Estrone,-35.12682,-0.19656155113697807,0.5779146693503922,0.768790652539845,0.0,0.04395604395604396,0.10425657950410426,False
4070,Treg,other,Estrone sulfate,-35.12682,-0.19656155113697807,0.5779146693503922,0.768790652539845,0.0,0.04395604395604396,0.10425657950410426,False
4071,Treg,other,Ethanol,15.808746,0.051073608580176476,0.47963343292021904,0.768790652539845,1332.0117,0.987012987012987,1.0,False
4072,Treg,other,Fatty acid,1469.788,4.112296604459028,1.9587127804596256e-05,0.00022403102146795507,3852.693,0.003996003996003996,0.01628617129562309,True
4073,Treg,other,Folic acid,2445.0703,3.7947172072517197,7.390591634348508e-05,0.0008108964663437853,4607.6035,0.002997002997002997,0.01360323886639676,True
4074,Treg,other,Folinic acid,268.89905,0.6729208773035301,0.250498814719699,0.768790652539845,592.10645,0.957042957042957,0.9820964375938198,False
4075,Treg,other,Fusidic Acid,-124.095116,-0.6944075408299476,0.7562866669934194,0.8081413580296098,0.0,0.3936063936063936,0.5119851490892214,False
4076,Treg,other,GABA,-65.46951,-0.2590501525454805,0.602201727650885,0.768790652539845,0.0,0.07792207792207792,0.15498154981549817,False
4077,Treg,other,Glucosamine,1304.1508,5.160271358870377,1.2329607718991062e-07,1.6459835444052464e-06,253.99683,0.7532467532467533,0.8134234911094416,False
4078,Treg,other,Glutathione,967.1238,1.8039335974375956,0.03562085862852639,0.22196118844827428,11314.846,1.0,1.0,False
4079,Treg,other,Glycerol,-294.81894,-1.6497385370463846,0.9505017877089218,0.9553761558510188,12.643828,0.6703296703296703,0.7390594575457781,False
4080,Treg,other,Glycochenodeoxycholate-3-sulfate,195.3009,0.5464293226750595,0.29238542923883126,0.768790652539845,375.10284,0.8001998001998002,0.8481960517358748,False
4081,Treg,other,Glycyl-glycine,1.3242377,0.007410127649252084,0.4970438138315928,0.768790652539845,0.0,0.012987012987012988,0.03929824561403509,False
4082,Treg,other,Guanosine,147.2438,0.8239422473631417,0.20498618693544174,0.768790652539845,1267.9012,0.9530469530469531,0.9786945609760567,False
4083,Treg,other,Heme,1351.0436,5.345817152871204,4.5005019367457055e-08,6.12181840733359e-07,5390.183,0.000999000999000999,0.005797701625427063,True
4084,Treg,other,Histamine,4.3444147,0.02431033904699397,0.49030253310117167,0.768790652539845,70.245995,0.8171828171828172,0.8634384483441088,False
4085,Treg,other,Hydroxycelecoxib,534.1729,2.9891079647837238,0.0013989662313102225,0.013000737908210516,116.00376,0.14685314685314685,0.24392556595946427,False
4086,Treg,other,Hydroxylansoprazole,395.0233,1.2762090176183198,0.10094082088909162,0.47883038467960737,51.652122,0.3046953046953047,0.4163010626888954,False
4087,Treg,other,Hyodeoxycholic acid,195.3009,0.5464293226750595,0.29238542923883126,0.768790652539845,375.10284,0.8001998001998002,0.8481960517358748,False
4088,Treg,other,Inosine,147.2438,0.8239422473631417,0.20498618693544174,0.768790652539845,1267.9012,0.9530469530469531,0.9786945609760567,False
4089,Treg,other,Iron,1122.1384,1.812656665048598,0.03494239608833334,0.21899943594897292,73446.95,0.4835164835164835,0.5871385821007987,False
4090,Treg,other,Isoursodeoxycholic acid,195.3009,0.5464293226750595,0.29238542923883126,0.768790652539845,375.10284,0.8001998001998002,0.8481960517358748,False
4091,Treg,other,Ketone bodies,-155.80336,-0.8718395360175428,0.8083520385858409,0.8425462872569848,34.652847,0.4085914085914086,0.5262383972061391,False
4092,Treg,other,L-Alanine,171.00165,0.9568856372564684,0.16931249069218018,0.6913593369930691,1671.6394,0.981018981018981,1.0,False
4093,Treg,other,L-Arginine,164.70134,0.5321036581764867,0.2973271019406851,0.768790652539845,336.263,0.01098901098901099,0.03466321535085251,True
4094,Treg,other,L-Asparagine,171.00165,0.9568856372564684,0.16931249069218018,0.6913593369930691,1671.6394,0.981018981018981,1.0,False
4095,Treg,other,L-Aspartate,70.97742,0.28084385958567576,0.38941508087603577,0.768790652539845,36.659786,0.06793206793206794,0.14302884615384615,False
4096,Treg,other,L-Carnitine,-287.94714,-0.6090086972869388,0.7287406629687908,0.7951239217412516,75.287895,0.9920079920079921,1.0,False
4097,Treg,other,L-Cysteine,-212.81508,-0.4861681581547474,0.6865760272787675,0.7782638879143128,2217.3267,0.989010989010989,1.0,False
4098,Treg,other,L-Cystine,41.820312,0.09553695359558927,0.46194416987875475,0.768790652539845,1445.0958,0.951048951048951,0.9780403236162836,False
4099,Treg,other,L-Dopa,1.3242377,0.007410127649252084,0.4970438138315928,0.768790652539845,0.0,0.012987012987012988,0.03929824561403509,False
4100,Treg,other,L-Glutamate,-119.70889,-0.1536771698199977,0.5610678566176525,0.768790652539845,5011.455,0.998001998001998,1.0,False
4101,Treg,other,L-Glutamine,1181.0767,1.7663379895876883,0.03866958086634958,0.23255680989637292,8493.868,0.2547452547452547,0.36737844095703626,False
4102,Treg,other,L-Histidine,314.3271,1.7589016184527098,0.03929711012209782,0.23467204073030495,336.263,0.007992007992007992,0.027437530622243994,True
4103,Treg,other,L-Isoleucine,-70.76419,-0.39598003001686055,0.6539401197937529,0.7753065154112352,155.07355,0.6503496503496503,0.7233189817662348,False
4104,Treg,other,L-Lactate,-15.161987,-0.05999304023850502,0.5239194111036887,0.768790652539845,666.6862,0.3996003996003996,0.5182186234817814,False
4105,Treg,other,L-Leucine,363.36606,0.6429898214183152,0.26011535226393256,0.768790652539845,6503.4844,0.9790209790209791,1.0,False
4106,Treg,other,L-Lysine,-31.116554,-0.17412103456096878,0.5691148287418004,0.768790652539845,0.0,0.07192807192807193,0.14861228852604033,False
4107,Treg,other,L-Methionine,28.104752,0.09079853968892708,0.4638263352095239,0.768790652539845,582.7443,0.15284715284715283,0.251556077510276,False
4108,Treg,other,L-Ornithine,-31.116554,-0.17412103456096878,0.5691148287418004,0.768790652539845,0.0,0.07192807192807193,0.14861228852604033,False
4109,Treg,other,L-Phenylalanine,28.104752,0.09079853968892708,0.4638263352095239,0.768790652539845,582.7443,0.15284715284715283,0.251556077510276,False
4110,Treg,other,L-Serine,271.28964,0.8764604547555018,0.19038988273913898,0.7587441537626315,4342.826,0.996003996003996,1.0,False
4111,Treg,other,L-Threonine,171.00165,0.9568856372564684,0.16931249069218018,0.6913593369930691,1671.6394,0.981018981018981,1.0,False
4112,Treg,other,L-Tyrosine,314.3271,1.7589016184527098,0.03929711012209782,0.23467204073030495,336.263,0.007992007992007992,0.027437530622243994,True
4113,Treg,other,L-Valine,-70.76419,-0.39598003001686055,0.6539401197937529,0.7753065154112352,155.07355,0.6503496503496503,0.7233189817662348,False
4114,Treg,other,Leukotriene C4,662.55023,3.707477726100442,0.00010466691102104023,0.0011254955619020585,7092.633,0.0989010989010989,0.18358223782244446,False
4115,Treg,other,Lithocholic acid,195.3009,0.5464293226750595,0.29238542923883126,0.768790652539845,375.10284,0.8001998001998002,0.8481960517358748,False
4116,Treg,other,Malic acid,108.805145,0.6088484059131954,0.2713124625674219,0.768790652539845,36.659786,0.06393606393606394,0.1368200038175224,False
4117,Treg,other,Manganese,114.34805,0.4524530462714421,0.3254713197993474,0.768790652539845,760.6458,1.0,1.0,False
4118,Treg,other,N-Desmethylcitalopram,206.4963,0.817065799382638,0.2069454132023319,0.768790652539845,74.25185,0.37362637362637363,0.48983792127604836,False
4119,Treg,other,N-Desmethyleletriptan,-294.81894,-1.6497385370463846,0.9505017877089218,0.9553761558510188,12.643828,0.6703296703296703,0.7390594575457781,False
4120,Treg,other,N-Desmethyltamoxifen,395.0233,1.2762090176183198,0.10094082088909162,0.47883038467960737,51.652122,0.3046953046953047,0.4163010626888954,False
4121,Treg,other,N-desmethylimatinib,250.09946,0.571342937653853,0.2838836006363955,0.768790652539845,51.652122,0.34065934065934067,0.45604566188235857,False
4122,Treg,other,Neurotransmitter,-27.77602,-0.06950959450922686,0.5277080020934921,0.768790652539845,42.28982,0.6373626373626373,0.7114438758238913,False
4123,Treg,other,Nicotinate,1308.3112,3.660503189373522,0.0001258602102501074,0.0013400227817246004,5974.329,0.000999000999000999,0.005797701625427063,True
4124,Treg,other,Norepinephrine,-121.30155,-0.33938770211982294,0.6328411591443731,0.7699394468702871,70.245995,0.8751248751248751,0.9128056268840014,False
4125,Treg,other,O-Deethylated candesartan,-294.81894,-1.6497385370463846,0.9505017877089218,0.9553761558510188,12.643828,0.6703296703296703,0.7390594575457781,False
4126,Treg,other,O-Desmethylverapamil (D-702),1961.1055,2.037800629251459,0.020784937714056023,0.14271441309396427,12681.383,1.0,1.0,False
4127,Treg,other,Oxalic acid,1573.2883,8.803757299239814,6.615517396255348e-19,1.2907742539662018e-17,5237.9175,0.000999000999000999,0.005797701625427063,True
4128,Treg,other,Phosphate,25.328537,0.06338475895132457,0.47473006172029775,0.768790652539845,866.44104,1.0,1.0,False
4129,Treg,other,Potassium,-7.5542374,-0.04227176359044658,0.5168589727252306,0.768790652539845,0.0,0.022977022977022976,0.061196370028982754,False
4130,Treg,other,Progesterone,143.92229,0.3043958812255025,0.3804131526594434,0.768790652539845,7105.277,0.1068931068931069,0.19317815461989812,False
4131,Treg,other,Prostaglandins,-88.70932,-0.28659483767702204,0.6127887161827178,0.768790652539845,0.0,0.08791208791208792,0.1691552534926029,False
4132,Treg,other,Putrescine,-34.486347,-0.1929776157798845,0.5765117507025447,0.768790652539845,0.0,0.7952047952047953,0.8479038271323138,False
4133,Treg,other,Pyruvate,-155.80336,-0.8718395360175428,0.8083520385858409,0.8425462872569848,34.652847,0.4085914085914086,0.5262383972061391,False
4134,Treg,other,Serotonin,447.73273,1.4464983852083113,0.07401873230300621,0.37951102698045514,61.60802,0.23476523476523475,0.3483508920535761,False
4135,Treg,other,Sodium,1674.3228,1.6067912608065953,0.05405008298607417,0.2965190303256384,15809.027,0.999000999000999,1.0,False
4136,Treg,other,Sodium_calcium_potassium exchange,-286.5277,-1.1337345222429278,0.8715470379761134,0.8920272555786853,21.91239,0.9560439560439561,0.9813048175342868,False
4137,Treg,other,Sodium_hydrogen exchange,637.22034,2.058679503818235,0.01976247547407622,0.1367829763149545,1182.5382,0.46153846153846156,0.5734546015107137,False
4138,Treg,other,Spermine,-79.302925,-0.2562054238682053,0.6011038896323277,0.768790652539845,0.0,0.8631368631368631,0.9011734028683182,False
4139,Treg,other,Sulfolithocholic acid,195.3009,0.5464293226750595,0.29238542923883126,0.768790652539845,375.10284,0.8001998001998002,0.8481960517358748,False
4140,Treg,other,Taurocholic acid,3069.7534,3.435525903756847,0.00029570246075593103,0.00305771945031073,17452.385,0.24875124875124874,0.3606642180952873,False
4141,Treg,other,Testosterone,284.00763,0.6006766181525454,0.2740276977121669,0.768790652539845,51.652122,0.6913086913086913,0.756195605510674,False
4142,Treg,other,Thiamine,-50.5203,-0.2826999141825406,0.6112965589818459,0.768790652539845,0.0,0.4155844155844156,0.5320665083135393,False
4143,Treg,other,Thymidine,-25.42923,-0.0821546818634008,0.5327381448986935,0.768790652539845,1267.9012,0.972027972027972,0.9967620964053782,False
4144,Treg,other,Thyroxine,-35.12682,-0.19656155113697807,0.5779146693503922,0.768790652539845,0.0,0.04395604395604396,0.10425657950410426,False
4145,Treg,other,Trihydroxycoprostanoic acid,195.3009,0.5464293226750595,0.29238542923883126,0.768790652539845,375.10284,0.8001998001998002,0.8481960517358748,False
4146,Treg,other,Urea,-50.384842,-0.16277923875433903,0.5646538723489068,0.768790652539845,0.0,0.28771228771228774,0.40227476803352297,False
4147,Treg,other,Uridine,147.2438,0.8239422473631417,0.20498618693544174,0.768790652539845,1267.9012,0.9530469530469531,0.9786945609760567,False
4148,Treg,other,Ursocholic acid,195.3009,0.5464293226750595,0.29238542923883126,0.768790652539845,375.10284,0.8001998001998002,0.8481960517358748,False
4149,Treg,other,Ursodeoxycholic acid,195.3009,0.5464293226750595,0.29238542923883126,0.768790652539845,375.10284,0.8001998001998002,0.8481960517358748,False
4150,Treg,other,Ursodeoxycholic acid 3-sulfate,195.3009,0.5464293226750595,0.29238542923883126,0.768790652539845,375.10284,0.8001998001998002,0.8481960517358748,False
4151,Treg,other,Varanic acid,195.3009,0.5464293226750595,0.29238542923883126,0.768790652539845,375.10284,0.8001998001998002,0.8481960517358748,False
4152,Treg,other,Vitamin C,52.113777,0.2916166333263267,0.3852898782019462,0.768790652539845,106.36144,0.7632367632367633,0.8221526163070005,False
4153,Treg,other,Vitamin D3,-31.42342,-0.1758381839387424,0.56978946473243,0.768790652539845,21.847881,0.9470529470529471,0.9746282357260877,False
4154,Treg,other,Water,714.3418,1.1539186139829534,0.12426676852547042,0.5581649019602379,829.5841,0.4725274725274725,0.578426672477664,False
4155,Treg,other,Zinc,-8.519684,-0.033710734947515364,0.5134460907055779,0.768790652539845,760.6458,1.0,1.0,False
4156,Treg,other,alpha-Ketoisovaleric acid,-155.80336,-0.8718395360175428,0.8083520385858409,0.8425462872569848,34.652847,0.4085914085914086,0.5262383972061391,False
4157,Treg,other,alpha-Tocopherol,-83.9745,-0.46990187733517874,0.6807874385083795,0.7782149353655358,10.927336,0.7262737262737263,0.7898341255213891,False
4158,other,other,"(3a,5b,7a)-23-Carboxy-7-hydroxy-24-norcholan-3-yl-b-D-Glucopyranosiduronic acid",106487.71,53.360334809157564,0.0,0.0,387698.22,0.000999000999000999,0.005797701625427063,True
4159,other,other,17a-Ethynylestradiol,41219.656,23.850241907234686,5.034020581338256e-126,2.009879328400978e-124,3002.3674,0.000999000999000999,0.005797701625427063,True
4160,other,other,"1b,3a,12a-Trihydroxy-5b-cholanoic acid",106487.71,53.360334809157564,0.0,0.0,387698.22,0.000999000999000999,0.005797701625427063,True
4161,other,other,2-Hydroxychlorpropamide,35822.71,25.385896252763544,1.8049644349081673e-142,7.783006643324018e-141,2644.5273,0.000999000999000999,0.005797701625427063,True
4162,other,other,25-Hydroxycholesterol,51339.38,51.45169190348296,0.0,0.0,185720.16,0.000999000999000999,0.005797701625427063,True
4163,other,other,"3',4'-Dihydrodiol",54047.375,27.08280608312416,7.849077809532866e-162,3.4891983004851256e-160,3401.713,0.000999000999000999,0.005797701625427063,True
4164,other,other,3-Sulfodeoxycholic acid,106487.71,53.360334809157564,0.0,0.0,387698.22,0.000999000999000999,0.005797701625427063,True
4165,other,other,"3alpha,7alpha-Dihydroxycoprostanic acid",106487.71,53.360334809157564,0.0,0.0,387698.22,0.000999000999000999,0.005797701625427063,True
4166,other,other,3b-Hydroxy-5-cholenoic acid,106487.71,53.360334809157564,0.0,0.0,387698.22,0.000999000999000999,0.005797701625427063,True
4167,other,other,4'-Hydroxydiclofenac,88751.445,39.77768297159204,0.0,0.0,254188.86,0.000999000999000999,0.005797701625427063,True
4168,other,other,4-Hydroxycyclophosphamide,33816.293,33.890271448808434,4.633250591954801e-252,2.5613559682703978e-250,2563.0635,0.000999000999000999,0.005797701625427063,True
4169,other,other,4-Hydroxyvalsartan,34505.01,24.452103840517104,2.389826574070465e-132,9.630777745226025e-131,248.66579,0.000999000999000999,0.005797701625427063,True
4170,other,other,4-ene-Valproic acid,20358.77,14.427317130072689,1.741853391145173e-47,4.974087299747011e-46,22910.418,0.000999000999000999,0.005797701625427063,True
4171,other,other,5-Hydroxyomeprazole,156610.61,78.47660990497747,0.0,0.0,391450.5,0.000999000999000999,0.005797701625427063,True
4172,other,other,5-Methyltetrahydrofolic acid,106164.36,106.3966106732188,0.0,0.0,1.02276825e+06,0.000999000999000999,0.005797701625427063,True
4173,other,other,8-Hydroxycarvedilol,33816.293,33.890271448808434,4.633250591954801e-252,2.5613559682703978e-250,2563.0635,0.000999000999000999,0.005797701625427063,True
4174,other,other,ADP,25464.188,18.045290407075807,4.2955854971700686e-73,1.4470753643591669e-71,40813.81,0.000999000999000999,0.005797701625427063,True
4175,other,other,Acetate,164941.9,82.6513713561407,0.0,0.0,234437.75,0.000999000999000999,0.005797701625427063,True
4176,other,other,Acetyl-L-Carnitine,8125.172,8.142946971344282,1.9288562437925981e-16,3.554370992834907e-15,22367.35,0.000999000999000999,0.005797701625427063,True
4177,other,other,Acetylcholine,3280.3745,3.287550848895141,0.0005053146807968872,0.005067248613014366,43.428577,0.03596403596403597,0.0880618529681562,False
4178,other,other,Adenine,7834.404,7.85154280388396,2.0547510123504323e-15,3.69170265218961e-14,10477.726,0.000999000999000999,0.005797701625427063,True
4179,other,other,Adenosine,28196.5,28.258184295641016,5.6458256723068364e-176,2.5626105577881136e-174,294800.56,0.000999000999000999,0.005797701625427063,True
4180,other,other,Adenosine diphosphate ribose,202097.47,202.53958887167028,0.0,0.0,89925.984,0.000999000999000999,0.005797701625427063,True
4181,other,other,Adenosine triphosphate,96041.53,48.12581863171078,0.0,0.0,1.1729234e+06,0.000999000999000999,0.005797701625427063,True
4182,other,other,Adenosylcobalamin,10015.403,10.037313596388401,5.224041384177113e-24,1.1151518043847382e-22,1114.2782,0.000999000999000999,0.005797701625427063,True
4183,other,other,Amiloride-sensitive sodium transport,322859.5,186.81080527081875,0.0,0.0,825656.94,0.000999000999000999,0.005797701625427063,True
4184,other,other,Anion exchange,29836.791,29.90206370684508,9.249551212752556e-197,4.805309015589039e-195,16301.842,0.000999000999000999,0.005797701625427063,True
4185,other,other,Betaine,940.11505,0.942171701377136,0.17305236983414662,0.7041978052605289,43.54371,0.02197802197802198,0.05982905982905983,False
4186,other,other,Bilirubin,21069.414,14.930917998649646,1.0369559359236822e-50,2.980902663801945e-49,485.5594,0.000999000999000999,0.005797701625427063,True
4187,other,other,Butyrate,12233.599,12.260361561361076,7.391938666353618e-35,1.780672599403173e-33,543.0693,0.001998001998001998,0.010183669758137844,True
4188,other,other,Cadmium,99930.164,100.14877707416763,0.0,0.0,289031.03,0.000999000999000999,0.005797701625427063,True
4189,other,other,Calcidiol,31867.621,22.58310724500334,3.176109813895785e-113,1.2119810192494358e-111,2738.5042,0.000999000999000999,0.005797701625427063,True
4190,other,other,Calcium,10015.403,10.037313596388401,5.224041384177113e-24,1.1151518043847382e-22,1114.2782,0.000999000999000999,0.005797701625427063,True
4191,other,other,Calcium release-activated calcium transport,47295.047,27.365543810976195,3.527157012301511e-165,1.5842813580254286e-163,131265.0,0.000999000999000999,0.005797701625427063,True
4192,other,other,Chenodeoxycholic acid,106487.71,53.360334809157564,0.0,0.0,387698.22,0.000999000999000999,0.005797701625427063,True
4193,other,other,Chenodeoxycholic acid 3-sulfate,106487.71,53.360334809157564,0.0,0.0,387698.22,0.000999000999000999,0.005797701625427063,True
4194,other,other,Chloride,22450.688,9.185505671086057,2.0479913748751386e-20,4.1852790561429374e-19,164113.81,0.000999000999000999,0.005797701625427063,True
4195,other,other,Chloride ion,65603.29,32.87340330765051,2.637466620726767e-237,1.4040439590831874e-235,518757.88,0.000999000999000999,0.005797701625427063,True
4196,other,other,Chloride_bicarbonate anion exchange,25892.055,25.948697645175496,9.404464190238556e-149,4.096166625081682e-147,241.36354,0.000999000999000999,0.005797701625427063,True
4197,other,other,Cholesterol,190355.42,85.31576693321703,0.0,0.0,40491.574,0.000999000999000999,0.005797701625427063,True
4198,other,other,Cholic acid,187355.75,48.48087469010959,0.0,0.0,914593.94,0.000999000999000999,0.005797701625427063,True
4199,other,other,Choline,24644.805,11.045602967979052,1.151084277663048e-28,2.5851434402515954e-27,23026.816,0.000999000999000999,0.005797701625427063,True
4200,other,other,Citric acid,111606.37,111.85052373703677,0.0,0.0,77872.44,0.000999000999000999,0.005797701625427063,True
4201,other,other,Cobalamin,10015.403,10.037313596388401,5.224041384177113e-24,1.1151518043847382e-22,1114.2782,0.000999000999000999,0.005797701625427063,True
4202,other,other,Coprocholic acid,106487.71,53.360334809157564,0.0,0.0,387698.22,0.000999000999000999,0.005797701625427063,True
4203,other,other,Cortisol,80752.55,46.724498766145295,0.0,0.0,5398.494,0.000999000999000999,0.005797701625427063,True
4204,other,other,Creatine,8125.172,8.142946971344282,1.9288562437925981e-16,3.554370992834907e-15,22367.35,0.000999000999000999,0.005797701625427063,True
4205,other,other,Cyclic AMP,22551.924,22.601259722178792,2.1059204859398586e-113,8.107793870868455e-112,13587.9,0.000999000999000999,0.005797701625427063,True
4206,other,other,Cytidine,28196.5,28.258184295641016,5.6458256723068364e-176,2.5626105577881136e-174,294800.56,0.000999000999000999,0.005797701625427063,True
4207,other,other,D-Aspartate,23539.676,16.681478078225165,8.937053944207292e-63,2.713843423057876e-61,918.17163,0.000999000999000999,0.005797701625427063,True
4208,other,other,D-Galactose,310021.97,219.6982117991053,0.0,0.0,746225.0,0.000999000999000999,0.005797701625427063,True
4209,other,other,D-Glucose,403163.78,164.9509931064861,0.0,0.0,765161.75,0.000999000999000999,0.005797701625427063,True
4210,other,other,D-Lactate,12233.599,12.260361561361076,7.391938666353618e-35,1.780672599403173e-33,543.0693,0.001998001998001998,0.010183669758137844,True
4211,other,other,D-Maltose,262348.7,262.92261667563463,0.0,0.0,702529.8,0.000999000999000999,0.005797701625427063,True
4212,other,other,D-Mannose,310021.97,219.6982117991053,0.0,0.0,746225.0,0.000999000999000999,0.005797701625427063,True
4213,other,other,D-Xylose,262348.7,262.92261667563463,0.0,0.0,702529.8,0.000999000999000999,0.005797701625427063,True
4214,other,other,Dehydroascorbic acid,375626.78,217.34265674882784,0.0,0.0,746856.6,0.000999000999000999,0.005797701625427063,True
4215,other,other,Dehydroepiandrosterone,34505.01,24.452103840517104,2.389826574070465e-132,9.630777745226025e-131,248.66579,0.000999000999000999,0.005797701625427063,True
4216,other,other,Deoxycholic acid,106487.71,53.360334809157564,0.0,0.0,387698.22,0.000999000999000999,0.005797701625427063,True
4217,other,other,Digoxin,14263.444,14.294647872450087,1.1814898820464846e-46,3.28682862669964e-45,84.53317,0.005994005994005994,0.02205303229194014,True
4218,other,other,Docosahexaenoic acid,375626.78,217.34265674882784,0.0,0.0,746856.6,0.000999000999000999,0.005797701625427063,True
4219,other,other,Dopamine,86503.836,35.392300372743776,1.1214506541708961e-274,7.008253943166527e-273,125375.59,0.000999000999000999,0.005797701625427063,True
4220,other,other,E-3179,33816.293,33.890271448808434,4.633250591954801e-252,2.5613559682703978e-250,2563.0635,0.000999000999000999,0.005797701625427063,True
4221,other,other,Estradiol,250192.47,79.29088815826695,0.0,0.0,90408.28,0.000999000999000999,0.005797701625427063,True
4222,other,other,Estriol,33816.293,33.890271448808434,4.633250591954801e-252,2.5613559682703978e-250,2563.0635,0.000999000999000999,0.005797701625427063,True
4223,other,other,Estrone,14263.444,14.294647872450087,1.1814898820464846e-46,3.28682862669964e-45,84.53317,0.005994005994005994,0.02205303229194014,True
4224,other,other,Estrone sulfate,14263.444,14.294647872450087,1.1814898820464846e-46,3.28682862669964e-45,84.53317,0.005994005994005994,0.02205303229194014,True
4225,other,other,Ethanol,30051.322,17.388095168004323,5.07768099428344e-68,1.6218489220259406e-66,302457.12,0.000999000999000999,0.005797701625427063,True
4226,other,other,Fatty acid,200853.62,100.64651200853953,0.0,0.0,279357.06,0.000999000999000999,0.005797701625427063,True
4227,other,other,Folic acid,300497.66,83.52538053401764,0.0,0.0,2.1595998e+06,0.000999000999000999,0.005797701625427063,True
4228,other,other,Folinic acid,93167.94,41.757119198938135,0.0,0.0,445991.7,0.000999000999000999,0.005797701625427063,True
4229,other,other,Fusidic Acid,6805.969,6.82085837057135,4.524906452563417e-12,7.335111512576486e-11,401.0262,0.000999000999000999,0.005797701625427063,True
4230,other,other,GABA,11814.488,8.372380703140445,2.8232838214687863e-17,5.410666594743736e-16,286.89594,0.000999000999000999,0.005797701625427063,True
4231,other,other,Glucosamine,113278.11,80.27495008181083,0.0,0.0,44326.81,0.000999000999000999,0.005797701625427063,True
4232,other,other,Glutathione,116883.44,39.04637949134394,0.0,0.0,910163.7,0.000999000999000999,0.005797701625427063,True
4233,other,other,Glycerol,33816.293,33.890271448808434,4.633250591954801e-252,2.5613559682703978e-250,2563.0635,0.000999000999000999,0.005797701625427063,True
4234,other,other,Glycochenodeoxycholate-3-sulfate,106487.71,53.360334809157564,0.0,0.0,387698.22,0.000999000999000999,0.005797701625427063,True
4235,other,other,Glycyl-glycine,2006.4196,2.0108089152317925,0.022172822046392312,0.15128039345576527,81.4638,0.003996003996003996,0.01628617129562309,True
4236,other,other,Guanosine,28196.5,28.258184295641016,5.6458256723068364e-176,2.5626105577881136e-174,294800.56,0.000999000999000999,0.005797701625427063,True
4237,other,other,Heme,219848.05,155.79612941853298,0.0,0.0,252951.02,0.000999000999000999,0.005797701625427063,True
4238,other,other,Histamine,8125.172,8.142946971344282,1.9288562437925981e-16,3.554370992834907e-15,22367.35,0.000999000999000999,0.005797701625427063,True
4239,other,other,Hydroxycelecoxib,22551.924,22.601259722178792,2.1059204859398586e-113,8.107793870868455e-112,13587.9,0.000999000999000999,0.005797701625427063,True
4240,other,other,Hydroxylansoprazole,80752.55,46.724498766145295,0.0,0.0,5398.494,0.000999000999000999,0.005797701625427063,True
4241,other,other,Hyodeoxycholic acid,106487.71,53.360334809157564,0.0,0.0,387698.22,0.000999000999000999,0.005797701625427063,True
4242,other,other,Inosine,28196.5,28.258184295641016,5.6458256723068364e-176,2.5626105577881136e-174,294800.56,0.000999000999000999,0.005797701625427063,True
4243,other,other,Iron,154213.11,44.61487914349833,0.0,0.0,5.1463935e+06,0.000999000999000999,0.005797701625427063,True
4244,other,other,Isoursodeoxycholic acid,106487.71,53.360334809157564,0.0,0.0,387698.22,0.000999000999000999,0.005797701625427063,True
4245,other,other,Ketone bodies,12233.599,12.260361561361076,7.391938666353618e-35,1.780672599403173e-33,543.0693,0.001998001998001998,0.010183669758137844,True
4246,other,other,L-Alanine,25220.863,25.276037901751206,2.9302788217318757e-141,1.2267342018745484e-139,275708.25,0.000999000999000999,0.005797701625427063,True
4247,other,other,L-Arginine,37991.664,21.982482649864878,2.1182493873813317e-107,7.806744750759232e-106,10767.564,0.000999000999000999,0.005797701625427063,True
4248,other,other,L-Asparagine,25220.863,25.276037901751206,2.9302788217318757e-141,1.2267342018745484e-139,275708.25,0.000999000999000999,0.005797701625427063,True
4249,other,other,L-Aspartate,23539.676,16.681478078225165,8.937053944207292e-63,2.713843423057876e-61,918.17163,0.000999000999000999,0.005797701625427063,True
4250,other,other,L-Carnitine,688237.75,260.69849265807187,0.0,0.0,168269.16,0.000999000999000999,0.005797701625427063,True
4251,other,other,L-Cysteine,42961.395,17.577285020984874,1.8388496948977637e-69,6.052763270533708e-68,340537.1,0.000999000999000999,0.005797701625427063,True
4252,other,other,L-Cystine,60362.875,24.696951068227143,5.766356062453032e-135,2.3680502229807114e-133,151685.61,0.000999000999000999,0.005797701625427063,True
4253,other,other,L-Dopa,2006.4196,2.0108089152317925,0.022172822046392312,0.15128039345576527,81.4638,0.003996003996003996,0.01628617129562309,True
4254,other,other,L-Glutamate,146704.03,33.72984127082094,1.0559000806597296e-249,5.763343225069309e-248,716036.6,0.000999000999000999,0.005797701625427063,True
4255,other,other,L-Glutamine,136869.8,36.66001640092433,1.5844671482728685e-294,1.0047385799047954e-292,869540.6,0.000999000999000999,0.005797701625427063,True
4256,other,other,L-Histidine,13919.029,13.94947937111061,1.5845514265135468e-44,4.1917703994640574e-43,9470.947,0.000999000999000999,0.005797701625427063,True
4257,other,other,L-Isoleucine,13628.027,13.657840805267412,9.063978021396802e-43,2.34035169031515e-41,13374.592,0.000999000999000999,0.005797701625427063,True
4258,other,other,L-Lactate,35439.066,25.114025140461504,1.7476189935536564e-139,7.245897211734006e-138,152036.69,0.000999000999000999,0.005797701625427063,True
4259,other,other,L-Leucine,92709.97,29.38160289172443,4.718123356742545e-190,2.338453783249868e-188,793298.4,0.000999000999000999,0.005797701625427063,True
4260,other,other,L-Lysine,18972.924,19.014430094597383,6.476841104486144e-81,2.2165189557574803e-79,483.49478,0.000999000999000999,0.005797701625427063,True
4261,other,other,L-Methionine,24540.656,14.199550442024629,4.610099571617366e-46,1.2661623791601324e-44,29175.1,0.000999000999000999,0.005797701625427063,True
4262,other,other,L-Ornithine,18972.924,19.014430094597383,6.476841104486144e-81,2.2165189557574803e-79,483.49478,0.000999000999000999,0.005797701625427063,True
4263,other,other,L-Phenylalanine,24540.656,14.199550442024629,4.610099571617366e-46,1.2661623791601324e-44,29175.1,0.000999000999000999,0.005797701625427063,True
4264,other,other,L-Serine,55006.72,31.827619831514774,1.3430468961431259e-222,7.062461239230682e-221,607402.06,0.000999000999000999,0.005797701625427063,True
4265,other,other,L-Threonine,25220.863,25.276037901751206,2.9302788217318757e-141,1.2267342018745484e-139,275708.25,0.000999000999000999,0.005797701625427063,True
4266,other,other,L-Tyrosine,13919.029,13.94947937111061,1.5845514265135468e-44,4.1917703994640574e-43,9470.947,0.000999000999000999,0.005797701625427063,True
4267,other,other,L-Valine,13628.027,13.657840805267412,9.063978021396802e-43,2.34035169031515e-41,13374.592,0.000999000999000999,0.005797701625427063,True
4268,other,other,Leukotriene C4,20737.615,20.782982041922278,3.085219199556459e-96,1.1086220990406209e-94,201157.62,0.000999000999000999,0.005797701625427063,True
4269,other,other,Lithocholic acid,106487.71,53.360334809157564,0.0,0.0,387698.22,0.000999000999000999,0.005797701625427063,True
4270,other,other,Malic acid,8682.081,8.701074477791666,1.6437820328403351e-18,3.164280413217645e-17,371.02615,0.001998001998001998,0.010183669758137844,True
4271,other,other,Manganese,112004.8,79.37261248154537,0.0,0.0,289188.34,0.000999000999000999,0.005797701625427063,True
4272,other,other,N-Desmethylcitalopram,387462.56,274.5767742317425,0.0,0.0,164917.47,0.000999000999000999,0.005797701625427063,True
4273,other,other,N-Desmethyleletriptan,33816.293,33.890271448808434,4.633250591954801e-252,2.5613559682703978e-250,2563.0635,0.000999000999000999,0.005797701625427063,True
4274,other,other,N-Desmethyltamoxifen,80752.55,46.724498766145295,0.0,0.0,5398.494,0.000999000999000999,0.005797701625427063,True
4275,other,other,N-desmethylimatinib,95268.67,38.97835760195091,0.0,0.0,5666.0537,0.000999000999000999,0.005797701625427063,True
4276,other,other,Neurotransmitter,1.2172922e+06,545.5805821953888,0.0,0.0,39498.355,0.000999000999000999,0.005797701625427063,True
4277,other,other,Nicotinate,149861.62,75.09473548302525,0.0,0.0,105311.48,0.000999000999000999,0.005797701625427063,True
4278,other,other,Norepinephrine,15162.418,7.597794076010788,1.5061057061179353e-14,2.629282512056898e-13,22929.059,0.000999000999000999,0.005797701625427063,True
4279,other,other,O-Deethylated candesartan,33816.293,33.890271448808434,4.633250591954801e-252,2.5613559682703978e-250,2563.0635,0.000999000999000999,0.005797701625427063,True
4280,other,other,O-Desmethylverapamil (D-702),1.1967912e+06,222.72473782592635,0.0,0.0,1.3981562e+06,0.000999000999000999,0.005797701625427063,True
4281,other,other,Oxalic acid,111606.37,111.85052373703677,0.0,0.0,77872.44,0.000999000999000999,0.005797701625427063,True
4282,other,other,Phosphate,63584.836,28.498211345368816,6.1638359903028794e-179,2.9531623100206686e-177,116569.77,0.000999000999000999,0.005797701625427063,True
4283,other,other,Potassium,10412.418,10.435196777053235,8.562927764912163e-26,1.8742814478325506e-24,102.38776,0.003996003996003996,0.01628617129562309,True
4284,other,other,Progesterone,77523.625,29.36527701784684,7.625613098858153e-190,3.7365504184404956e-188,204055.8,0.000999000999000999,0.005797701625427063,True
4285,other,other,Prostaglandins,20387.365,11.7964009632174,2.0368217748942537e-32,4.799330870679794e-31,161.68509,0.000999000999000999,0.005797701625427063,True
4286,other,other,Putrescine,524972.8,526.1212734142888,0.0,0.0,109020.83,0.000999000999000999,0.005797701625427063,True
4287,other,other,Pyruvate,12233.599,12.260361561361076,7.391938666353618e-35,1.780672599403173e-33,543.0693,0.001998001998001998,0.010183669758137844,True
4288,other,other,Serotonin,359770.2,208.1678204894341,0.0,0.0,162431.56,0.000999000999000999,0.005797701625427063,True
4289,other,other,Sodium,1.4954759e+06,257.0330696638559,0.0,0.0,3.5727485e+06,0.000999000999000999,0.005797701625427063,True
4290,other,other,Sodium_calcium_potassium exchange,37545.48,26.606743236232706,2.83593255989876e-156,1.2478103263554544e-154,6052.69,0.000999000999000999,0.005797701625427063,True
4291,other,other,Sodium_hydrogen exchange,13965.707,8.080744028545382,3.2186401593702785e-16,5.9058622839168684e-15,84677.28,0.000999000999000999,0.005797701625427063,True
4292,other,other,Spermine,530584.7,307.0033644239699,0.0,0.0,109483.484,0.000999000999000999,0.005797701625427063,True
4293,other,other,Sulfolithocholic acid,106487.71,53.360334809157564,0.0,0.0,387698.22,0.000999000999000999,0.005797701625427063,True
4294,other,other,Taurocholic acid,414130.6,83.0073139620218,0.0,0.0,1.0089655e+06,0.000999000999000999,0.005797701625427063,True
4295,other,other,Testosterone,611934.6,231.79553045845347,0.0,0.0,114920.26,0.000999000999000999,0.005797701625427063,True
4296,other,other,Thiamine,6260.422,6.274117536297501,1.7581141023744474e-10,2.7074957176566494e-09,1438.8121,0.000999000999000999,0.005797701625427063,True
4297,other,other,Thymidine,31086.596,17.98711816263469,1.2290667048153867e-72,4.108322194700734e-71,296509.12,0.000999000999000999,0.005797701625427063,True
4298,other,other,Thyroxine,14263.444,14.294647872450087,1.1814898820464846e-46,3.28682862669964e-45,84.53317,0.005994005994005994,0.02205303229194014,True
4299,other,other,Trihydroxycoprostanoic acid,106487.71,53.360334809157564,0.0,0.0,387698.22,0.000999000999000999,0.005797701625427063,True
4300,other,other,Urea,174009.83,100.68440333045183,0.0,0.0,10988.902,0.000999000999000999,0.005797701625427063,True
4301,other,other,Uridine,28196.5,28.258184295641016,5.6458256723068364e-176,2.5626105577881136e-174,294800.56,0.000999000999000999,0.005797701625427063,True
4302,other,other,Ursocholic acid,106487.71,53.360334809157564,0.0,0.0,387698.22,0.000999000999000999,0.005797701625427063,True
4303,other,other,Ursodeoxycholic acid,106487.71,53.360334809157564,0.0,0.0,387698.22,0.000999000999000999,0.005797701625427063,True
4304,other,other,Ursodeoxycholic acid 3-sulfate,106487.71,53.360334809157564,0.0,0.0,387698.22,0.000999000999000999,0.005797701625427063,True
4305,other,other,Varanic acid,106487.71,53.360334809157564,0.0,0.0,387698.22,0.000999000999000999,0.005797701625427063,True
4306,other,other,Vitamin C,12648.3545,12.676024764663461,4.01511539903061e-37,1.0065800930593017e-35,5868.9365,0.01098901098901099,0.03466321535085251,True
4307,other,other,Vitamin D3,95634.66,95.84387216011834,0.0,0.0,32102.135,0.000999000999000999,0.005797701625427063,True
4308,other,other,Water,278375.38,80.5358491407503,0.0,0.0,270705.7,0.000999000999000999,0.005797701625427063,True
4309,other,other,Zinc,98772.336,69.99538022477401,0.0,0.0,290869.28,0.000999000999000999,0.005797701625427063,True
4310,other,other,alpha-Ketoisovaleric acid,12233.599,12.260361561361076,7.391938666353618e-35,1.780672599403173e-33,543.0693,0.001998001998001998,0.010183669758137844,True
4311,other,other,alpha-Tocopherol,29737.562,29.80261811317515,1.806538221118044e-195,9.27356286840596e-194,3414.4731,0.000999000999000999,0.005797701625427063,True
