cell_type,gene_pair,n_cells,frac_sig,mean_cs,mean_cs_sig,mean_neg_log10_pval,log2_enrichment
CD4,SLC2A4_SLC2A4,10604,0.0,0.0,,2.992918124759978,-inf
CD4,SLC2A9_SLC2A9,10604,0.0038664654847227462,0.03944277443865897,10.201248296281456,2.799346617215168,1.0915179986932795
CD4,SLC2A1_SLC2A1,10604,0.0014145605431912485,0.017118946195334994,12.101953697022152,1.9198746407780263,-4.098392653619211
CD4,SLC2A3_SLC2A9,10604,0.0025462089777442474,0.3376183628086634,33.22595822111637,2.5265845463155565,0.6843582283203007
CD4,SLC2A3_SLC2A3,10604,0.06987929083364768,3.807095890941164,39.202226809416985,0.9362939857277758,0.034103212467801645
CD4,SLC2A1_SLC2A9,10604,0.000943040362127499,0.02212996831781351,21.91446195117253,2.8641049506192116,-1.1537908922783022
CD4,SLC7A7_SLC7A7,10604,0.0508298755186722,0.7746842292535576,15.240726469396522,1.7563809061536697,0.7241779540813488
CD4,SLC38A7_SLC3A2,10604,0.0013202565069784986,0.2608520920085469,51.95869713629747,2.4354372973934493,-1.8719299636720297
CD4,SLC38A7_SLC7A5,10604,0.0014145605431912485,0.05210205324880369,23.917238760822045,2.785542069192822,-0.5663559058776253
CD4,SLC1A5_SLC1A5,10604,0.02791399471897397,0.4872235419761467,16.294226317793793,1.166655305831816,-1.3427151916818933
CD4,SLC1A5_SLC38A7,10604,0.0027348170501697473,0.15392934052251334,28.883644468309775,2.6265174037265306,0.35776744604115923
CD4,SLC3A2_SLC7A5,10604,0.0029234251225952472,0.13007476555133318,28.624479926249318,2.675244844774551,0.27169710091936944
CD4,SLC7A5_SLC7A7,10604,0.0008487363259147492,0.13596535905636284,51.50428147600551,2.5285958669280264,-0.8608032643428806
CD4,SLC38A7_SLC38A7,10604,0.004149377593360996,0.03724657212199379,8.976423881400503,2.2196990487171426,-1.5068223331620627
CD4,SLC1A5_SLC3A2,10604,0.002074688796680498,0.6985029117957707,56.925815306028674,2.155553158348542,-0.19715021645556768
CD4,SLC38A7_SLC7A7,10604,0.002640513013956997,0.2869782325555677,45.077639543491024,2.475754762049172,-0.21832011600130347
CD4,SLC3A2_SLC3A2,10604,0.021595624292719728,0.2965119866959433,13.3716792591337,1.3128874075811612,-1.462279920586096
CD4,SLC3A2_SLC7A7,10604,0.004903809883062995,0.5935630966468209,48.449239957916234,2.2681261719204087,0.6023679843409977
CD4,SLC7A5_SLC7A5,10604,0.0017917766880422483,0.022796107687230206,12.722627679757322,2.3879920520663314,-2.1167848648040404
CD4,SLC1A5_SLC7A5,10604,0.0029234251225952472,0.1754205619476681,32.67749620359667,2.6328070920738864,0.3690938637139493
CD4,SLC43A2_SLC7A11,10604,0.0006601282534892493,0.011011171578005647,16.68035191616741,2.9125380006875554,0.005760655487914124
CD4,SLC1A5_SLC7A11,10604,0.0,0.004089893302622131,,2.905221805747022,-inf
CD4,SLC7A11_SLC7A11,10604,9.43040362127499e-05,0.0008230831443165733,8.727973662332943,2.99354266831945,-0.2858944282856472
CD4,SLC1A5_SLC43A2,10604,0.0021689928328932477,0.31562199779313593,39.71984559714707,2.4845732325898418,0.21529971474291112
CD4,SLC43A2_SLC43A2,10604,0.016125990192380233,0.1634240088279022,10.134199939246052,2.0341165071379685,0.17087019660292002
CD4,SLC43A2_SLC7A5,10604,0.003960769520935496,0.19122538819123672,29.213178187096766,2.6905310042640145,1.0592990823790875
CD4,SLC16A1_SLC16A1,10604,0.0004715201810637495,0.0068895582622035744,14.611375162481341,2.924292128004506,0.07024938193962818
CD4,SLC16A4_SLC16A4,10604,0.006884194643530743,0.08119389544440238,11.79424749715675,1.4733075809733898,-3.053171910967916
CD4,SLCO2B1_SLCO2B1,10604,0.3832516031686156,11.359868927503848,29.00215638831574,1.5907955114425327,2.582552381144559
CD4,SLC22A5_SLC22A5,10604,0.0008487363259147492,0.006403087286502368,7.5442597317856785,2.110473908776591,-4.1647968402072255
CD4,SLC16A1_SLCO2B1,10604,0.0008487363259147492,0.19428420238481053,86.97436076810641,2.4381063547432933,-0.11032286370219285
CD4,SLC3A2_SLC7A11,10604,0.0003772161448509996,0.00995087876900208,23.787309704218217,2.9257669594709164,-0.7288379241343756
CD4,SLC1A3_SLC3A2,10604,0.002640513013956997,0.6160373111624072,50.025916140740996,2.4912475299146215,1.3973391819427694
CD4,SLC1A2_SLC1A5,10604,0.0,0.004253409607946571,,2.741535524777625,-inf
CD4,SLC1A1_SLC3A2,10604,0.0001886080724254998,0.04266439195763824,47.916049967644824,2.5496530521957324,-3.967132840063452
CD4,SLC1A1_SLC1A1,10604,0.0004715201810637495,0.005169783001703299,10.964075790012355,2.5277886917996253,-3.8828295706728797
CD4,SLC1A2_SLC1A2,10604,0.0,0.0,,2.974471549765064,-inf
CD4,SLC1A2_SLC7A11,10604,0.0,0.0,,2.995359906873532,-inf
CD4,SLC1A3_SLC1A3,10604,0.00961901169370049,0.124161745309265,12.907952424112217,2.8069867076402812,2.002826621211796
CD4,SLC1A1_SLC1A5,10604,0.00028291210863824973,0.0655368570807601,77.86226787622793,2.4740026303307077,-3.7562143630656806
CD4,SLC1A1_SLC1A2,10604,9.43040362127499e-05,0.0015363281747146711,16.291223964674373,2.979454700805432,-3.099675619502684
CD4,SLC1A1_SLC7A11,10604,0.0,0.0,,2.987516521625652,-inf
CD4,SLC16A1_SLC1A3,10604,0.0005658242172764995,0.015811742673095527,24.321930474850962,2.9024740239845923,0.15951672003671552
CD4,SLC1A2_SLC3A2,10604,0.0,0.004145772255177074,,2.7803036194070914,-inf
CD4,SLC3A1_SLC7A11,10604,0.0,0.0,,2.997173205981088,-inf
CD4,SLC3A1_SLC3A2,10604,9.43040362127499e-05,0.006944761914282866,32.856544182019434,2.87196428828328,-1.7616278592520451
CD4,SLC3A1_SLC3A1,10604,0.0,0.0,,2.9952957872855994,-inf
CD4,SLC39A8_SLC39A8,10604,0.017069030554507734,0.343380349631468,19.39629669008023,1.2301940077123044,-1.956599576519142
CD4,SLC30A8_SLC39A8,10604,0.0,0.0,,2.908066524476308,-inf
CD4,SLC3A2_SLC40A1,10604,0.006224066390041493,3.3678187510865047,128.76502699896815,1.2197652632678442,0.31763052346193654
CD4,SLC11A1_SLC11A1,10604,0.0003772161448509996,0.004198404306132596,11.129969815557512,2.9390291400335076,-1.8211698049064504
CD4,SLC11A2_SLC40A1,10604,0.012448132780082987,10.806726617246877,143.1135942676021,0.9791041732901403,1.6189483386740127
CD4,CUBN_SLC11A2,10604,0.0,0.016015044374489317,,2.586287122707619,-inf
CD4,SLC11A1_SLC11A2,10604,0.0003772161448509996,0.0727630583326458,90.62344352003248,2.6004904505131745,-1.040781930449116
CD4,CUBN_CUBN,10604,0.0,0.0,,2.9220827073111595,-inf
CD4,SLC11A2_SLC11A2,10604,0.06082610335722369,1.618480167236187,21.26498775154294,1.0073359907023434,-0.4324561974569757
CD4,CUBN_SLC40A1,10604,0.0,0.0828172478526943,,2.253431128084278,-inf
CD4,SLC11A1_SLC3A2,10604,0.0001886080724254998,0.05458412189195923,57.56168229557841,2.7145700525803274,-1.8404832799632844
CD4,SLC11A2_SLC3A2,10604,0.004243681629573746,1.7384617214579177,60.498423494313506,1.931505416966442,0.9723389912843253
CD4,SLC40A1_SLC40A1,10604,0.18983402489626555,21.860133817080595,68.92756313300636,0.9110166830773587,0.6098772526831027
CD4,SLC16A9_SLC22A5,10604,9.43040362127499e-05,0.003283959536618949,18.36947555165773,2.910062550151454,-2.777747524615322
CD4,SLC22A4_SLC22A4,10604,0.0,0.0,,2.579884480237614,-inf
CD4,SLCO1B1_SLCO1B1,10604,0.0,0.0,,2.9988443302371395,-inf
CD4,SLC16A9_SLC22A4,10604,9.43040362127499e-05,0.002939663269336577,31.172189308045063,2.9766823936293108,-3.8595416157789693
CD4,SLC22A4_SLC22A5,10604,9.43040362127499e-05,0.0060237175136578424,39.60216585545004,2.8698336861831,-4.963614069926655
CD4,SLC16A9_SLC16A9,10604,0.0001886080724254998,0.0036265608186428783,19.22802546044454,2.92338907989061,-2.630190336201464
CD4,SLC10A1_SLC5A5,10604,0.0,0.0,,2.9995339917679,-inf
CD4,SLC5A5_SLC5A7,10604,0.0,0.0,,2.9996139212906403,-inf
CD4,SLC5A1_SLC5A7,10604,0.0,0.0,,2.9973184348046895,-inf
CD4,SLC12A2_SLC12A2,10604,0.006601282534892493,0.11334710295185754,15.910294565149519,1.1637199603660322,-3.799114440121201
CD4,SLC12A2_SLC22A5,10604,0.00028291210863824973,0.04947385031323959,30.702234549939835,2.759843017442356,-3.631669265127377
CD4,SLC5A5_SLC5A5,10604,0.0,0.0,,2.9989294952679755,-inf
CD4,SLC1A5_SLC5A1,10604,0.0005658242172764995,0.02632785723712602,29.70898095370224,2.841018644094192,-1.543282270978299
CD4,SLC1A5_SLC22A5,10604,0.0015088645794039985,0.15033539784177608,30.64704754640995,2.637606231668656,-0.5147131187815279
CD4,SLC22A5_SLC5A1,10604,0.0001886080724254998,0.002693684227836849,14.281913775990972,2.9638455544862436,-3.5919561177139885
CD4,SLC5A1_SLC5A1,10604,0.0,0.0,,2.8987096587308856,-inf
CD4,SLC29A1_SLC29A1,10604,0.024990569596378725,0.4738748892915389,17.17697901168944,1.1239795694588368,-1.5677326235820732
CD4,SLC12A2_SLC5A3,10604,0.0005658242172764995,0.16511765367892917,59.23372904144062,2.2493037772435667,-2.96302677293467
CD4,SLC22A4_SLC5A3,10604,0.0001886080724254998,0.028653106250013678,55.88516968350788,2.5565661788455754,-2.656581835092865
CD4,SLC5A7_SLC5A7,10604,0.0,0.0,,2.99873077686269,-inf
CD4,SLC12A2_SLC1A5,10604,0.0004715201810637495,0.21226315264469645,62.790503218891786,2.143952602311304,-3.6600645043541484
CD4,SLC1A5_SLC5A3,10604,0.002074688796680498,0.6688959853249428,56.71467790173717,2.138326043994992,-0.2230675908302085
CD4,SLC22A5_SLC5A3,10604,0.00028291210863824973,0.08001106939356557,70.28772190172549,2.451105195433729,-4.099675619502684
CD4,SLC12A2_SLC5A1,10604,0.0003772161448509996,0.01442245601676185,33.263931691256516,2.9372203815239795,-2.0672541418103068
CD4,SLC22A4_SLC5A1,10604,9.43040362127499e-05,0.0022652003870725205,24.02018490451701,2.9760258862666764,-5.982861954519934
CD4,SLC5A1_SLC6A4,10604,0.00028291210863824973,0.01351869971241113,38.184916826815765,2.8631143242380213,-1.1355601552012158
CD4,SLC5A3_SLC5A3,10604,0.018294983025273482,0.27689033305097976,14.806973596559615,1.3060804510476232,-1.699565972910787
CD4,SLC22A4_SLC5A7,10604,9.43040362127499e-05,0.0006796663227497538,7.207181686438389,2.9958314501159875,-1.929750618060372
CD4,SLC5A1_SLC5A5,10604,0.0,0.0,,2.995570253594776,-inf
CD4,SLC1A5_SLC29A1,10604,0.0012259524707657489,0.7518497144083082,61.812909069434866,2.0600192325670474,-1.114885264290706
CD4,SLC22A5_SLC29A1,10604,0.0005658242172764995,0.09370388983514073,60.69805051055986,2.390768577231109,-3.642713169843021
CD4,SLC22A4_SLC5A5,10604,0.0,0.0,,2.993001078297134,-inf
CD4,SLC12A2_SLC29A1,10604,0.0004715201810637495,0.2009507561417729,60.93224760191117,2.1703862852238927,-3.8701053295936654
CD4,SLC6A4_SLC6A4,10604,0.00961901169370049,0.2037830280668236,21.185443427652917,1.9834380120627255,-1.4695054861333074
CD4,SLC22A4_SLC29A1,10604,0.0,0.02142393387552376,,2.5076146613792183,-inf
CD4,SLC29A1_SLC5A3,10604,0.0023576009053187475,0.7155672932287607,61.66031518741232,2.1507768664485813,-0.18507005876616034
CD4,SLC22A1_SLC22A2,10604,0.0,0.0,,2.9981037607050314,-inf
CD4,SLC22A1_SLC22A1,10604,9.43040362127499e-05,0.001302318289748271,13.809783144490666,2.9982197866776685,2.1291430709931967
CD4,SLC3A2_SLC43A2,10604,0.0029234251225952472,0.2528929425473871,35.82083728246651,2.5331810173619216,0.43228769020114316
CD4,SLC3A1_SLC7A5,10604,9.43040362127499e-05,0.006411235446264372,38.98939594213334,2.959343644218305,-1.0138148828488462
CD4,MSR1_MSR1,10604,0.1989815164089023,4.667017825512062,23.447748052820096,1.6436868751934395,1.9744417225628104
CD4,CD36_CD36,10604,0.007921539041870993,0.10467553284350017,13.21403988419614,2.1139616971105006,-0.7538880604263684
CD4,CPT1A_CPT1A,10604,0.025084873632591476,0.45695971692802845,16.176410232185702,1.1459217258058334,-1.0641939233261508
CD4,CD36_MSR1,10604,0.002074688796680498,0.3756656430709392,67.58944880309993,2.2547754835983755,-1.4104857499058916
CD4,SLC6A12_SLC6A12,10604,0.0,0.0,,2.9926058529802435,-inf
CD4,SLC6A1_SLC6A1,10604,0.0,0.0,,2.993606403344489,-inf
CD4,SLC22A1_SLC22A5,10604,0.0,0.0011394708033075204,,2.9700228641542075,-inf
CD4,ABCA1_ABCA1,10604,0.0929837797057714,1.9504059151068662,20.0709527364743,1.253842271052098,0.5667096977037449
CD4,ABCG2_CD36,10604,0.0003772161448509996,0.03862158738413657,44.855947693344916,2.8488388104813853,-0.4757189871656646
CD4,ABCB1_ABCG2,10604,0.0001886080724254998,0.006573734520015868,21.5745908453718,2.9495190802079345,-1.543282270978299
CD4,ABCB1_ABCB1,10604,0.0001886080724254998,0.001703896723863064,9.034060429921965,2.8197879796410152,-2.5195141050453493
CD4,ABCG2_ABCG2,10604,9.43040362127499e-05,0.0005352286003052493,5.675564077636864,2.905205897268818,-2.9653745277910932
CD4,SLC6A3_SLC6A3,10604,0.0008487363259147492,0.017069872566185362,20.112103187981063,2.326354878185056,-4.549033191965404
CD4,SLC22A5_SLC6A3,10604,9.43040362127499e-05,0.01036776946540284,32.82883947790265,2.896278149298885,-5.705854606133536
CD4,ATP7B_ATP7B,10604,0.0001886080724254998,0.0017225224456527417,9.132814006850836,2.901429045145495,-2.0001399459517697
CD4,SLC20A2_SLC20A2,10604,0.0033006412674462466,0.03325464335332636,10.07520680339065,1.888262315181741,-2.6298097950182084
CD4,ATP7B_SLC20A2,10604,0.0,0.006454875751037754,,2.853596206738796,-inf
CD4,ATP7A_SLC20A2,10604,0.0015088645794039985,0.1133081032014416,33.14779412797933,2.689508210111581,-0.84813685250672
CD4,ATP7A_ATP7A,10604,0.005563938136552244,0.05556943342230527,9.987428339154663,1.8116050757180882,-2.1697802875226704
CD4,SLC19A1_SLC19A1,10604,0.0,0.0,,2.8746085380285944,-inf
CD4,CHRNA5_CHRNA5,10604,9.43040362127499e-05,0.0008515896547623854,9.030256699100335,2.97108526855266,-1.929750618060372
CD4,CHRNA5_SLC29A1,10604,9.43040362127499e-05,0.018061609175811805,74.24373436841779,2.7459632656353983,-3.027361414686794
CD4,ABCC3_SLC19A1,10604,0.00028291210863824973,0.008496049600027531,18.847722412440817,2.895169397414153,-3.2952565314893385
CD4,ABCC4_ABCC4,10604,0.0016974726518294984,0.013134059017390343,7.737420101133733,2.3950092516086943,-2.00166580018273
CD4,ABCC4_FOLR1,10604,0.00028291210863824973,0.12480273508881708,69.17144431630699,2.5873361364485303,-4.647107168288049
CD4,ABCC4_SLC19A1,10604,0.0001886080724254998,0.0050483694968454645,24.36554940187966,2.934559880741368,-2.874609063867911
CD4,ABCG2_FOLR2,10604,9.43040362127499e-05,0.01793581519952657,48.41402766224064,2.7464378395092304,-2.240090738672522
CD4,FOLR1_FOLR1,10604,0.006978498679743493,0.23977219728869864,25.845769369200564,0.9715039390905477,-4.082942470226131
CD4,FOLR1_SLC19A1,10604,0.0001886080724254998,0.01947357850681605,26.066591454462184,2.8939772464894333,-4.054078753062574
CD4,ABCC3_ABCC3,10604,0.0067898906073179935,0.11081593244586066,15.818976675764311,1.3187873319813568,-3.655370605871447
CD4,FOLR2_FOLR2,10604,0.07893247831007168,1.2424909808210778,15.741188005527729,2.352813833655027,2.9560933503589495
CD4,ABCC3_ABCC4,10604,0.000943040362127499,0.05904741997381466,29.981580249303626,2.7402839325058452,-1.4972960657041188
CD4,ABCC3_FOLR1,10604,0.001037344398340249,0.33789317877406005,71.34415751693983,2.402991983527633,-4.259526574770419
CD4,TRPV6_TRPV6,10604,0.0,0.0,,2.998896283035035,-inf
CD4,LRP1_LRP1,10604,0.09666163711806865,2.481271417551745,23.143066874390176,1.2460127863563428,0.7521660857901964
CD4,SLC22A1_SLC22A4,10604,0.0,0.0021654015715159864,,2.991858195483338,-inf
CD4,SLC29A3_SLC29A3,10604,0.00999622783855149,0.1204187227904395,12.046416381790758,2.085542031588665,-0.606120227942009
CD4,LRP2_LRP2,10604,0.0001886080724254998,0.002480145563191286,13.149731776040198,2.955873808525757,-1.9512303454708235
CD4,SLC15A1_SLC15A1,10604,0.0,0.0,,2.9960622725631327,-inf
CD4,SLC22A1_SLC29A1,10604,9.43040362127499e-05,0.008537948016757472,55.583344416257205,2.887626556020709,-0.8708569290068034
CD4,CD38_CD38,10604,0.015182949830252734,0.20847706349222797,13.730998641438418,1.8919959034618927,-0.7406343515982227
CD4,ABCC8_ABCC8,10604,0.0,0.0,,2.9973349241363576,-inf
CD4,SLC12A2_SLC12A6,10604,0.0004715201810637495,0.04433488183103674,27.039508862723846,2.7452166178709496,-1.6042112696206305
CD4,SLC12A6_SLC12A6,10604,0.0023576009053187475,0.023856886422512002,10.11913694497269,2.485655802709488,-0.5383706424208645
CD4,SCARB1_SCARB1,10604,0.006506978498679743,0.08516069347922439,13.087594110923122,2.6245328124565406,1.0845377688720312
CD4,ABCB1_SLCO1B1,10604,0.0,0.0,,2.991648988933507,-inf
CD4,ABCC3_SLC22A1,10604,0.00028291210863824973,0.006325284555683691,22.357772476156622,2.9663216965794157,-0.6316692651273772
CD4,SLCO1B3_SLCO1B3,10604,0.0,0.0,,2.9985604468010156,-inf
CD4,ABCG2_SLCO2B1,10604,0.0006601282534892493,0.11635635323506863,72.2226741608721,2.412047382954133,-0.43854143829612413
CD4,ABCB1_SLCO1C1,10604,0.0001886080724254998,0.005148396928187775,27.296800513251583,2.986508930710905,0.6266427304640134
CD4,ABCC2_ABCC2,10604,0.0,0.0,,2.9717237287877647,-inf
CD4,ABCC2_ABCC3,10604,0.0,0.0045396768644397085,,2.8777410406681714,-inf
CD4,ABCC1_ABCC2,10604,0.000943040362127499,0.039472560868646214,27.46765722614913,2.855455386296295,0.18428462518565764
CD4,ABCC1_ABCC3,10604,0.0003772161448509996,0.37943441161098945,62.55326759913092,2.441416591752996,-2.050766019021738
CD4,ABCC3_SLCO1B1,10604,0.0001886080724254998,0.0030939192680935874,16.4039599594322,2.969292972691704,-1.1807121915935908
CD4,ABCC1_ABCC4,10604,0.0021689928328932477,0.18675893535707552,33.315622374243,2.623692464534231,0.08032059240852286
CD4,ABCC1_ABCC1,10604,0.03055450773293097,0.5863324202091789,17.123707683259113,1.1473562215312703,-0.8403885372253822
CD4,ABCC2_SLCO1C1,10604,9.43040362127499e-05,0.001357585993669864,14.395841876875238,2.9934487605856788,0.3921774768269904
CD4,ABCB1_SLC10A1,10604,0.0,0.0,,2.996181442916671,-inf
CD4,ABCB1_SLC22A2,10604,9.43040362127499e-05,0.0018424620173781274,19.537467232277663,2.991878543679375,0.12914307099319652
CD4,ATP7A_TAP1,10604,0.0012259524707657489,0.6179055255844743,88.0249772744377,1.8738507253952204,-2.616811306400264
CD4,TAP1_TAP1,10604,0.04215390418709921,2.6023888590191877,36.96867354150391,0.7737130781579105,-1.0539306947460378
CD4,SLC10A1_SLC22A2,10604,0.0,0.0,,2.999467983099725,-inf
CD4,AQP5_ATP7B,10604,0.0,0.0,,2.964293749335148,-inf
CD4,AQP4_AQP5,10604,0.000943040362127499,0.023910561130985396,22.51359017948463,2.944593045421382,-1.4538142938375826
CD4,AQP5_AQP7,10604,9.43040362127499e-05,0.0064696678967222565,36.397100274281684,2.8709452356300114,-4.448285757042552
CD4,AQP7_AQP7,10604,0.000943040362127499,0.008564657039711347,9.081962324909913,1.813274641292628,-5.192484431114479
CD4,AQP5_ATP7A,10604,0.0,0.003810882466154704,,2.8046545761905155,-inf
CD4,AQP4_ATP7B,10604,0.0005658242172764995,0.013228090263715013,23.378444859405665,2.9379140810103945,-1.580515177177274
CD4,AQP7_ATP7A,10604,0.0,0.00984862657279167,,2.69257809131466,-inf
CD4,AQP9_AQP9,10604,0.0007544322897019992,0.010216637975640161,13.542153636711035,2.807301918451599,-2.6878405522621844
CD4,AQP5_AQP5,10604,0.0001886080724254998,0.002052175067386777,10.880632207284691,2.773107864585055,-4.663104958674199
CD4,AQP4_AQP4,10604,0.004055073557148246,0.051741919824834344,12.759798088896359,2.1425579424572767,-1.9230247548720587
CD4,ABCC1_SLC22A5,10604,0.0014145605431912485,0.15970677842902561,32.09420461972425,2.626680779658486,-0.15379089227830217
CD4,ABCC4_SLC22A5,10604,0.0004715201810637495,0.025896519090935547,28.04473117777966,2.8336039422040984,-2.0854998507383167
CD4,ABCC2_SLC22A4,10604,0.0,0.0,,2.983464485477455,-inf
CD4,ABCC4_SLC22A4,10604,9.43040362127499e-05,0.002057671321984112,21.819546698319527,2.941973940509025,-3.8211698049064506
CD4,ABCC2_SLC22A5,10604,9.43040362127499e-05,0.003097912228661386,22.229632048447456,2.932616550093838,-2.027361414686794
CD4,ABCC3_SLC22A5,10604,0.001037344398340249,0.07089891363764989,30.690546941043944,2.7517999429547326,-2.122231744068858
CD4,SLC4A1_SLC4A1,10604,9.43040362127499e-05,0.0010828030783271937,11.482043842581561,2.9979359032415456,0.7141055717143528
CD4,SLC24A4_SLC24A4,10604,0.0,0.0,,2.993587662779535,-inf
CD4,SLC24A1_SLC24A1,10604,0.0008487363259147492,0.009249477788346961,10.897940274181243,2.5541261328350076,-2.0628757012997325
CD4,CLCN3_CLCN5,10604,0.000943040362127499,0.033085419617333495,24.349831409144098,2.845102883169261,-1.0219580561574608
CD4,CLCN3_CLCN3,10604,0.01037344398340249,0.1226786929502878,11.807681786498307,1.453004502290431,-2.279424702699585
CD4,CLCN4_CLCN5,10604,0.0,0.0012731163181293648,,2.9241624777767425,-inf
CD4,CLCN3_CLCN4,10604,0.0008487363259147492,0.03523915341123716,24.207282960881898,2.802479745778706,-1.5338219417292327
CD4,CLCN5_CLCN5,10604,0.0012259524707657489,0.012179869761104656,9.935026072827213,2.7500087757818075,-0.96699766132914
CD4,CLCN4_CLCN4,10604,0.0005658242172764995,0.004506274416108796,7.964088984736279,2.4174417512720217,-3.722605970422861
CD4,SLC9A3_SLC9A3,10604,0.0005658242172764995,0.003327862166977069,5.881441736437473,2.4861618162139774,-3.863952567145285
CD4,SLC9A1_SLC9A1,10604,0.007167106752168993,0.08255711685501682,11.518890356981558,1.6383912186311376,-2.2181868970122536
CD4,SLC9A1_SLC9A3,10604,0.0005658242172764995,0.021477326670823384,20.64671293489364,2.8513425009219158,-2.31748077134348
CD4,SLC6A17_SLC6A17,10604,0.0,0.0,,2.99699908790234,-inf
CD4,SLC6A17_SLC6A5,10604,0.0,0.0,,2.9982313462553867,-inf
CD4,SLC6A17_SLC6A9,10604,0.0,0.0018997858155703836,,2.961913016442109,-inf
CD4,SLC6A5_SLC6A5,10604,9.43040362127499e-05,0.0014286225598449962,15.149113624596339,2.9923905284584875,-3.9152510483652567
CD4,SLC6A9_SLC6A9,10604,0.0012259524707657489,0.01223420214590596,9.979344581168217,2.1952492254182543,-3.254339694410802
CD4,SLC26A2_SLC26A2,10604,0.0021689928328932477,0.027003436064279504,12.449758088070428,2.2167211001847087,-1.6997062924207833
CD4,ORAI2_ORAI3,10604,0.0016031686156167484,0.16849713615895007,35.442793027959844,2.561468791092063,-0.7002687719376046
CD4,ORAI2_ORAI2,10604,0.006129762353828744,0.06797699449973252,11.089662302694824,1.7313507431113604,-2.1238376701766746
CD4,ORAI3_ORAI3,10604,0.01027913994718974,0.1217000552468267,11.839517301260095,1.731784363828443,-1.4304123561566413
CD4,SCNN1G_SCNN1G,10604,0.0,0.0,,2.6705740573626673,-inf
CD4,SCNN1A_SCNN1A,10604,0.005375330064126745,0.12785448296224847,20.052689957917845,1.0403114200412051,-4.354389880345651
CD4,SCNN1A_SCNN1G,10604,9.43040362127499e-05,0.0072022208834465985,24.026992148842055,2.8998127499956174,-5.433099353227876
CD4,SLC23A2_SLC23A2,10604,0.002263296869105998,0.023479511933599106,10.374031022661871,2.409743050295022,-0.850679047069173
Cytotoxic CD4,SLC2A4_SLC2A4,377,0.0,0.0,,2.990852220853406,-inf
Cytotoxic CD4,SLC2A9_SLC2A9,377,0.010610079575596816,0.060738607775408265,5.724613782832229,2.8053422315203798,2.5478662356737902
Cytotoxic CD4,SLC2A1_SLC2A1,377,0.029177718832891247,0.4323872807254222,14.819091348498562,1.9409065632463691,0.2680486110081625
Cytotoxic CD4,SLC2A3_SLC2A9,377,0.0,0.23523987540144814,,2.7178314404638417,-inf
Cytotoxic CD4,SLC2A3_SLC2A3,377,0.023872679045092837,1.380275033893959,34.31102425896702,0.8750280364597951,-1.5154012767971252
Cytotoxic CD4,SLC2A1_SLC2A9,377,0.002652519893899204,0.1045542774122041,27.7000250732857,2.660545502334211,0.3381812544329299
Cytotoxic CD4,SLC7A7_SLC7A7,377,0.021220159151193633,0.20279190063449007,9.556568317400345,1.743493358061283,-0.536063267072562
Cytotoxic CD4,SLC38A7_SLC3A2,377,0.0,0.04670938766676968,,2.4761914906297418,-inf
Cytotoxic CD4,SLC38A7_SLC7A5,377,0.0,0.039327008768595226,,2.7804935613332598,-inf
Cytotoxic CD4,SLC1A5_SLC1A5,377,0.026525198938992044,0.34362138897511346,12.61055554557738,1.1655270873226156,-1.4163402208248863
Cytotoxic CD4,SLC1A5_SLC38A7,377,0.002652519893899204,0.27698989593977363,37.13085800883846,2.6407145553636946,0.3136866925121814
Cytotoxic CD4,SLC3A2_SLC7A5,377,0.005305039787798408,0.2173671210000195,28.93835315142951,2.572397560300026,1.1314010321310886
Cytotoxic CD4,SLC7A5_SLC7A7,377,0.013262599469496022,1.695525848566399,52.30759661266016,2.313009079778015,3.105100070700764
Cytotoxic CD4,SLC38A7_SLC38A7,377,0.002652519893899204,0.015741753614656576,5.934641112725529,2.222891890823743,-2.1523537102007655
Cytotoxic CD4,SLC1A5_SLC3A2,377,0.0,0.7016120630852609,,2.149026385406443,-inf
Cytotoxic CD4,SLC38A7_SLC7A7,377,0.002652519893899204,0.10919557378807619,41.16673131810472,2.591770377756182,-0.2117747964603129
Cytotoxic CD4,SLC3A2_SLC3A2,377,0.03183023872679045,0.5069028564220484,15.645233473313745,1.335245181945226,-0.902620966363289
Cytotoxic CD4,SLC3A2_SLC7A7,377,0.0,0.5497808908353613,,2.324249189704761,-inf
Cytotoxic CD4,SLC7A5_SLC7A5,377,0.029177718832891247,0.2946131403403875,10.097195809847825,2.4283329753382636,1.908619481988266
Cytotoxic CD4,SLC1A5_SLC7A5,377,0.007957559681697613,0.42038669349076146,29.085314260591378,2.5701247652381207,1.8137602956468248
Cytotoxic CD4,SLC43A2_SLC7A11,377,0.0,0.0,,2.910583068233188,-inf
Cytotoxic CD4,SLC1A5_SLC7A11,377,0.0,0.0,,2.887845816274184,-inf
Cytotoxic CD4,SLC7A11_SLC7A11,377,0.002652519893899204,0.0301944746461569,11.383316941601151,2.9948446611142012,4.528005813312947
Cytotoxic CD4,SLC1A5_SLC43A2,377,0.0,0.19086977211528322,,2.4154875522537473,-inf
Cytotoxic CD4,SLC43A2_SLC43A2,377,0.010610079575596816,0.09116540217731899,8.592339155212315,2.037145393217517,-0.4330820766843832
Cytotoxic CD4,SLC43A2_SLC7A5,377,0.002652519893899204,0.11683091782045764,18.96676404879048,2.6530940703583155,0.4808819011989217
Cytotoxic CD4,SLC16A1_SLC16A1,377,0.0,0.0,,2.9342196054676575,-inf
Cytotoxic CD4,SLC16A4_SLC16A4,377,0.005305039787798408,0.050971355741216834,9.608100557219373,1.4761799953139079,-3.429096228249339
Cytotoxic CD4,SLCO2B1_SLCO2B1,377,0.029177718832891247,0.6859596237090626,20.63583240021004,1.2767680540182185,-1.1328004453917146
Cytotoxic CD4,SLC22A5_SLC22A5,377,0.0,0.0,,2.1236948959712683,-inf
Cytotoxic CD4,SLC16A1_SLCO2B1,377,0.0,0.1365909380992883,,2.5637641502780104,-inf
Cytotoxic CD4,SLC3A2_SLC7A11,377,0.002652519893899204,0.03279763352682087,12.36470783961147,2.892451780506681,2.0850623174642187
Cytotoxic CD4,SLC1A3_SLC3A2,377,0.005305039787798408,0.2739242606482406,41.7732095987696,2.638725586126368,2.40388450148376
Cytotoxic CD4,SLC1A2_SLC1A5,377,0.0,0.0,,2.811501416997025,-inf
Cytotoxic CD4,SLC1A1_SLC3A2,377,0.0,0.0,,2.538412741470701,-inf
Cytotoxic CD4,SLC1A1_SLC1A1,377,0.0,0.0,,2.5134490357751633,-inf
Cytotoxic CD4,SLC1A2_SLC1A2,377,0.0,0.0,,2.969488762846069,-inf
Cytotoxic CD4,SLC1A2_SLC7A11,377,0.0,0.0,,2.9917994023994647,-inf
Cytotoxic CD4,SLC1A3_SLC1A3,377,0.0,0.0,,2.8242657995020286,-inf
Cytotoxic CD4,SLC1A1_SLC1A5,377,0.0,0.0,,2.5955652196826158,-inf
Cytotoxic CD4,SLC1A1_SLC1A2,377,0.0,0.0,,2.976061063836561,-inf
Cytotoxic CD4,SLC1A1_SLC7A11,377,0.0,0.0,,2.9775690709227307,-inf
Cytotoxic CD4,SLC16A1_SLC1A3,377,0.0,0.0,,2.932014602616433,-inf
Cytotoxic CD4,SLC1A2_SLC3A2,377,0.0,0.0,,2.7817309576207596,-inf
Cytotoxic CD4,SLC3A1_SLC7A11,377,0.0,0.0,,2.997240125270678,-inf
Cytotoxic CD4,SLC3A1_SLC3A2,377,0.0,0.0,,2.878939852082739,-inf
Cytotoxic CD4,SLC3A1_SLC3A1,377,0.0,0.0,,2.996441637218519,-inf
Cytotoxic CD4,SLC39A8_SLC39A8,377,0.015915119363395226,0.2105680925695191,13.230695149784784,1.229803191734628,-2.057582721282597
Cytotoxic CD4,SLC30A8_SLC39A8,377,0.0,0.0,,2.9191382208953676,-inf
Cytotoxic CD4,SLC3A2_SLC40A1,377,0.005305039787798408,3.048323370736155,100.64526463344995,1.333546039212678,0.0871366457020775
Cytotoxic CD4,SLC11A1_SLC11A1,377,0.0,0.0,,2.9399290944678538,-inf
Cytotoxic CD4,SLC11A2_SLC40A1,377,0.0,4.260231522815378,,1.1951720735383298,-inf
Cytotoxic CD4,CUBN_SLC11A2,377,0.0,0.06107522254593273,,2.581046950795273,-inf
Cytotoxic CD4,SLC11A1_SLC11A2,377,0.0,0.0,,2.605118726252304,-inf
Cytotoxic CD4,CUBN_CUBN,377,0.0,0.0,,2.9320798970296775,-inf
Cytotoxic CD4,SLC11A2_SLC11A2,377,0.03183023872679045,0.7625793226809778,19.042372057206975,0.9772469807923272,-1.3667488054478414
Cytotoxic CD4,CUBN_SLC40A1,377,0.0,0.38773170330402335,,2.3061521469530866,-inf
Cytotoxic CD4,SLC11A1_SLC3A2,377,0.0,0.0,,2.7141049152570402,-inf
Cytotoxic CD4,SLC11A2_SLC3A2,377,0.002652519893899204,0.45266577983035183,79.87867714387573,2.0440875064992383,0.2943861365532452
Cytotoxic CD4,SLC40A1_SLC40A1,377,0.034482758620689655,6.199545529946086,58.03664878562956,0.5903812805869558,-1.8509142444985502
Cytotoxic CD4,SLC16A9_SLC22A5,377,0.0,0.0,,2.913164271044754,-inf
Cytotoxic CD4,SLC22A4_SLC22A4,377,0.0,0.0,,2.591222107590375,-inf
Cytotoxic CD4,SLCO1B1_SLCO1B1,377,0.0,0.0,,2.997240125270678,-inf
Cytotoxic CD4,SLC16A9_SLC22A4,377,0.0,0.0,,2.981940858697714,-inf
Cytotoxic CD4,SLC22A4_SLC22A5,377,0.0,0.0,,2.867955208642466,-inf
Cytotoxic CD4,SLC16A9_SLC16A9,377,0.0,0.0,,2.9176470757732744,-inf
Cytotoxic CD4,SLC10A1_SLC5A5,377,0.0,0.0,,2.9975715277550505,-inf
Cytotoxic CD4,SLC5A5_SLC5A7,377,0.0,0.0,,2.996983069533256,-inf
Cytotoxic CD4,SLC5A1_SLC5A7,377,0.0,0.0,,2.9953298883916166,-inf
Cytotoxic CD4,SLC12A2_SLC12A2,377,0.026525198938992044,0.2931891709288611,11.053231744018063,1.177022616264087,-1.7925691205802106
Cytotoxic CD4,SLC12A2_SLC22A5,377,0.0,0.07718339612647988,,2.6245764905098197,-inf
Cytotoxic CD4,SLC5A5_SLC5A5,377,0.0,0.0,,2.999635589427155,-inf
Cytotoxic CD4,SLC1A5_SLC5A1,377,0.0,0.0,,2.847940156467954,-inf
Cytotoxic CD4,SLC1A5_SLC22A5,377,0.0,0.04938736678773191,,2.623713675417466,-inf
Cytotoxic CD4,SLC22A5_SLC5A1,377,0.0,0.0,,2.9801187111105905,-inf
Cytotoxic CD4,SLC5A1_SLC5A1,377,0.0,0.0,,2.8922755670568105,-inf
Cytotoxic CD4,SLC29A1_SLC29A1,377,0.010610079575596816,0.15567311955593938,11.879324378356657,1.117482102507864,-2.80368093143404
Cytotoxic CD4,SLC12A2_SLC5A3,377,0.002652519893899204,0.864376850544116,41.24727943357118,2.082922919164493,-0.734089032057232
Cytotoxic CD4,SLC22A4_SLC5A3,377,0.0,0.0,,2.503494279876502,-inf
Cytotoxic CD4,SLC5A7_SLC5A7,377,0.0,0.0,,2.997240125270678,-inf
Cytotoxic CD4,SLC12A2_SLC1A5,377,0.0,0.35415923824431966,,2.194723566203139,-inf
Cytotoxic CD4,SLC1A5_SLC5A3,377,0.0,0.69086285404196,,2.0758502954618865,-inf
Cytotoxic CD4,SLC22A5_SLC5A3,377,0.0,0.03165489867040321,,2.4065248554437635,-inf
Cytotoxic CD4,SLC12A2_SLC5A1,377,0.0,0.0,,2.8431804599980985,-inf
Cytotoxic CD4,SLC22A4_SLC5A1,377,0.0,0.0,,2.9818986797335025,-inf
Cytotoxic CD4,SLC5A1_SLC6A4,377,0.0,0.0,,2.9128050812524497,-inf
Cytotoxic CD4,SLC5A3_SLC5A3,377,0.034482758620689655,0.39029244335468094,11.318480857285747,1.3185628767809825,-0.7851388553582279
Cytotoxic CD4,SLC22A4_SLC5A7,377,0.0,0.0,,2.988405060372811,-inf
Cytotoxic CD4,SLC5A1_SLC5A5,377,0.0,0.0,,2.993910489978627,-inf
Cytotoxic CD4,SLC1A5_SLC29A1,377,0.0,0.15086085638241778,,2.245556878189089,-inf
Cytotoxic CD4,SLC22A5_SLC29A1,377,0.0,0.0,,2.57102346328064,-inf
Cytotoxic CD4,SLC22A4_SLC5A5,377,0.0,0.0,,2.9858755875151224,-inf
Cytotoxic CD4,SLC12A2_SLC29A1,377,0.0,0.3894425797615365,,2.2517300999766796,-inf
Cytotoxic CD4,SLC6A4_SLC6A4,377,0.007957559681697613,0.1291130367232786,16.225204948225343,2.0059691617850066,-1.7430680857850522
Cytotoxic CD4,SLC22A4_SLC29A1,377,0.0,0.0,,2.6449886776937768,-inf
Cytotoxic CD4,SLC29A1_SLC5A3,377,0.0,0.17844196567912982,,2.134020005381802,-inf
Cytotoxic CD4,SLC22A1_SLC22A2,377,0.0,0.0,,3.000434077479315,-inf
Cytotoxic CD4,SLC22A1_SLC22A1,377,0.0,0.0,,2.9980386133228376,-inf
Cytotoxic CD4,SLC3A2_SLC43A2,377,0.005305039787798408,0.32942993693354894,32.18807251269362,2.45322580894098,1.2919916214128626
Cytotoxic CD4,SLC3A1_SLC7A5,377,0.0,0.0,,2.951046590861614,-inf
Cytotoxic CD4,MSR1_MSR1,377,0.026525198938992044,0.7841282376129778,29.561634558009263,1.5451442508122288,-0.9327572245457799
Cytotoxic CD4,CD36_CD36,377,0.01856763925729443,0.2995169666055944,16.131128058615584,2.141178068513427,0.47504968045106993
Cytotoxic CD4,CPT1A_CPT1A,377,0.04774535809018567,0.8666904096426732,15.765409554700224,1.1667119905564771,-0.13565111578643377
Cytotoxic CD4,CD36_MSR1,377,0.013262599469496022,1.9437044623422814,67.24208035145288,2.319394143430422,1.265910967942768
Cytotoxic CD4,SLC6A12_SLC6A12,377,0.0,0.0,,2.9948446611142012,-inf
Cytotoxic CD4,SLC6A1_SLC6A1,377,0.0,0.0,,2.9932476850098833,-inf
Cytotoxic CD4,SLC22A1_SLC22A5,377,0.0,0.0,,2.9805319124928813,-inf
Cytotoxic CD4,ABCA1_ABCA1,377,0.026525198938992044,0.6966321889219975,26.263033522359308,1.211075781430003,-1.2429058021882096
Cytotoxic CD4,ABCG2_CD36,377,0.0,0.0,,2.8679811398653614,-inf
Cytotoxic CD4,ABCB1_ABCG2,377,0.0,0.0,,2.9557748819429954,-inf
Cytotoxic CD4,ABCB1_ABCB1,377,0.005305039787798408,0.05893279841688599,11.10883250158301,2.838444165058858,2.2943861365532454
Cytotoxic CD4,ABCG2_ABCG2,377,0.0,0.0,,2.917571429007401,-inf
Cytotoxic CD4,SLC6A3_SLC6A3,377,0.0,0.0,,2.3216502434311512,-inf
Cytotoxic CD4,SLC22A5_SLC6A3,377,0.0,0.0,,2.9000909867692792,-inf
Cytotoxic CD4,ATP7B_ATP7B,377,0.0,0.0,,2.920494015049208,-inf
Cytotoxic CD4,SLC20A2_SLC20A2,377,0.005305039787798408,0.06349497761900584,11.968803281182602,1.8914043384028065,-1.9451925703645803
Cytotoxic CD4,ATP7B_SLC20A2,377,0.0,0.0,,2.882620763250424,-inf
Cytotoxic CD4,ATP7A_SLC20A2,377,0.0,0.0,,2.711470516790893,-inf
Cytotoxic CD4,ATP7A_ATP7A,377,0.007957559681697613,0.07978996365596296,10.026938766099343,1.8155865975620555,-1.653560594564761
Cytotoxic CD4,SLC19A1_SLC19A1,377,0.0,0.0,,2.890422835233994,-inf
Cytotoxic CD4,CHRNA5_CHRNA5,377,0.0,0.0,,2.9651649201009027,-inf
Cytotoxic CD4,CHRNA5_SLC29A1,377,0.0,0.0,,2.817574083345447,-inf
Cytotoxic CD4,ABCC3_SLC19A1,377,0.002652519893899204,0.024893566248241898,9.384874475587196,2.9277480211137012,-0.06631879061190014
Cytotoxic CD4,ABCC4_ABCC4,377,0.005305039787798408,0.03177857979337919,5.990262291051977,2.4043707028848056,-0.3576905600264478
Cytotoxic CD4,ABCC4_FOLR1,377,0.0,0.13215234555406488,,2.6790286106748162,-inf
Cytotoxic CD4,ABCC4_SLC19A1,377,0.0,0.0,,2.9339934551409077,-inf
Cytotoxic CD4,ABCG2_FOLR2,377,0.0,0.0,,2.896905692608344,-inf
Cytotoxic CD4,FOLR1_FOLR1,377,0.0,0.034406031049659586,,0.9691646023869104,-inf
Cytotoxic CD4,FOLR1_SLC19A1,377,0.0,0.0,,2.8976969860470234,-inf
Cytotoxic CD4,ABCC3_ABCC3,377,0.0,0.0,,1.3176157221989968,-inf
Cytotoxic CD4,FOLR2_FOLR2,377,0.002652519893899204,0.048320343481138395,18.216769492389176,2.349668404505456,-1.9390902205927998
Cytotoxic CD4,ABCC3_ABCC4,377,0.0,0.0,,2.796661243917914,-inf
Cytotoxic CD4,ABCC3_FOLR1,377,0.0,0.0,,2.5516421329064816,-inf
Cytotoxic CD4,TRPV6_TRPV6,377,0.0,0.0,,2.9988371013749964,-inf
Cytotoxic CD4,LRP1_LRP1,377,0.013262599469496022,0.285010856226367,19.344901154369616,1.184651971724411,-2.113413772116655
Cytotoxic CD4,SLC22A1_SLC22A4,377,0.0,0.0,,2.996305954135104,-inf
Cytotoxic CD4,SLC29A3_SLC29A3,377,0.005305039787798408,0.05878939364200541,11.08180070151802,2.1093641029289625,-1.5201404409066137
Cytotoxic CD4,LRP2_LRP2,377,0.0,0.0,,2.958641332600216,-inf
Cytotoxic CD4,SLC15A1_SLC15A1,377,0.0,0.0,,2.99564314916636,-inf
Cytotoxic CD4,SLC22A1_SLC29A1,377,0.0,0.0,,2.929621796517813,-inf
Cytotoxic CD4,CD38_CD38,377,0.05305039787798409,0.6547628588667916,12.342279889639022,1.92681261794262,1.0642771067731174
Cytotoxic CD4,ABCC8_ABCC8,377,0.0,0.0,,2.995643149166361,-inf
Cytotoxic CD4,SLC12A2_SLC12A6,377,0.005305039787798408,0.4280420278550596,29.466760300276462,2.548200453361307,1.8877608770906016
Cytotoxic CD4,SLC12A6_SLC12A6,377,0.005305039787798408,0.0718539724870897,13.54447381381641,2.4859056599338714,0.6316734094030053
Cytotoxic CD4,SCARB1_SCARB1,377,0.0,0.0,,2.6386350952924253,-inf
Cytotoxic CD4,ABCB1_SLCO1B1,377,0.0,0.0,,2.9835988808588554,-inf
Cytotoxic CD4,ABCC3_SLC22A1,377,0.0,0.0,,2.9733985898186246,-inf
Cytotoxic CD4,SLCO1B3_SLCO1B3,377,0.0,0.0,,2.998038613322837,-inf
Cytotoxic CD4,ABCG2_SLCO2B1,377,0.0,0.0,,2.5503275678996356,-inf
Cytotoxic CD4,ABCB1_SLCO1C1,377,0.002652519893899204,0.029729019657596976,11.20784041091406,2.9874193546169767,4.440542972062608
Cytotoxic CD4,ABCC2_ABCC2,377,0.002652519893899204,0.018275401619136943,6.889826410414628,2.9740839717580676,3.2242250651358444
Cytotoxic CD4,ABCC2_ABCC3,377,0.0,0.01927857022685998,,2.854299805044531,-inf
Cytotoxic CD4,ABCC1_ABCC2,377,0.002652519893899204,0.1373600601211669,33.865118419888404,2.8149603248428257,1.6762567718968897
Cytotoxic CD4,ABCC1_ABCC3,377,0.0,0.5117625515437136,,2.447413896718641,-inf
Cytotoxic CD4,ABCC3_SLCO1B1,377,0.0,0.0,,2.97917833276325,-inf
Cytotoxic CD4,ABCC1_ABCC4,377,0.0,0.2617734161855742,,2.6198896482041034,-inf
Cytotoxic CD4,ABCC1_ABCC1,377,0.04774535809018567,0.7927101238771085,15.50487641325678,1.1646263825039471,-0.19641329706910016
Cytotoxic CD4,ABCC2_SLCO1C1,377,0.0,0.0,,2.9868749262673826,-inf
Cytotoxic CD4,ABCB1_SLC10A1,377,0.0,0.0,,2.995974551650732,-inf
Cytotoxic CD4,ABCB1_SLC22A2,377,0.0,0.0,,2.9914117948777723,-inf
Cytotoxic CD4,ATP7A_TAP1,377,0.002652519893899204,0.7698070807120766,100.87539215802258,1.6779061515963,-1.5033507829427617
Cytotoxic CD4,TAP1_TAP1,377,0.1220159151193634,7.655556931458136,39.590067288577266,0.9357283570345123,0.47940048172625166
Cytotoxic CD4,SLC10A1_SLC22A2,377,0.0,0.0,,3.000434077479315,-inf
Cytotoxic CD4,AQP5_ATP7B,377,0.0,0.0,,2.9664171225956597,-inf
Cytotoxic CD4,AQP4_AQP5,377,0.0,0.0,,2.9512396440603474,-inf
Cytotoxic CD4,AQP5_AQP7,377,0.0,0.0,,2.8765033415322017,-inf
Cytotoxic CD4,AQP7_AQP7,377,0.0,0.0,,1.8208647083126321,-inf
Cytotoxic CD4,AQP5_ATP7A,377,0.0,0.0,,2.837303796465001,-inf
Cytotoxic CD4,AQP4_ATP7B,377,0.0,0.0,,2.927886229849874,-inf
Cytotoxic CD4,AQP7_ATP7A,377,0.0,0.0,,2.753023087838663,-inf
Cytotoxic CD4,AQP9_AQP9,377,0.002652519893899204,0.023875980489364717,9.001244644490498,2.8249299044896956,-0.8739403106635899
Cytotoxic CD4,AQP5_AQP5,377,0.0,0.0,,2.7594957100440176,-inf
Cytotoxic CD4,AQP4_AQP4,377,0.007957559681697613,0.1192738956457686,14.988752886151588,2.153182226923252,-0.9504267672544058
Cytotoxic CD4,ABCC1_SLC22A5,377,0.0,0.14845192822829345,,2.6060262298730033,-inf
Cytotoxic CD4,ABCC4_SLC22A5,377,0.0,0.0,,2.8441023582940064,-inf
Cytotoxic CD4,ABCC2_SLC22A4,377,0.0,0.0,,2.9711279256535934,-inf
Cytotoxic CD4,ABCC4_SLC22A4,377,0.0,0.0,,2.9608363077117814,-inf
Cytotoxic CD4,ABCC2_SLC22A5,377,0.0,0.0,,2.910340845396552,-inf
Cytotoxic CD4,ABCC3_SLC22A5,377,0.0,0.03440706209260019,,2.807324441156635,-inf
Cytotoxic CD4,SLC4A1_SLC4A1,377,0.0,0.0,,2.999635589427155,-inf
Cytotoxic CD4,SLC24A4_SLC24A4,377,0.0,0.0,,2.9948446611142003,-inf
Cytotoxic CD4,SLC24A1_SLC24A1,377,0.002652519893899204,0.024017895497929834,9.054746602719547,2.556078680823411,-0.41890046114345025
Cytotoxic CD4,CLCN3_CLCN5,377,0.0,0.03741924907502345,,2.7933293339933845,-inf
Cytotoxic CD4,CLCN3_CLCN3,377,0.015915119363395226,0.1499795704322815,9.423716342161688,1.4576509760962206,-1.6619216739044935
Cytotoxic CD4,CLCN4_CLCN5,377,0.0,0.0,,2.89774496411224,-inf
Cytotoxic CD4,CLCN3_CLCN4,377,0.0,0.0,,2.7508867568210746,-inf
Cytotoxic CD4,CLCN5_CLCN5,377,0.007957559681697613,0.08709029487283851,10.944347055686706,2.7589345726621173,1.7314253628495186
Cytotoxic CD4,CLCN4_CLCN4,377,0.0,0.0,,2.4352795643356115,-inf
Cytotoxic CD4,SLC9A3_SLC9A3,377,0.002652519893899204,0.012894111510716216,4.861080039540013,2.4874567322621264,-1.6350148262678463
Cytotoxic CD4,SLC9A1_SLC9A1,377,0.007957559681697613,0.10468473642376579,13.155381877253234,1.6451525493984889,-2.0672516681360884
Cytotoxic CD4,SLC9A1_SLC9A3,377,0.0,0.028528202651415237,,2.8377305503640096,-inf
Cytotoxic CD4,SLC6A17_SLC6A17,377,0.0,0.0,,2.999635589427155,-inf
Cytotoxic CD4,SLC6A17_SLC6A5,377,0.0,0.0,,3.000434077479315,-inf
Cytotoxic CD4,SLC6A17_SLC6A9,377,0.0,0.0,,2.9714626039842806,-inf
Cytotoxic CD4,SLC6A5_SLC6A5,377,0.0,0.0,,2.9924491969577245,-inf
Cytotoxic CD4,SLC6A9_SLC6A9,377,0.0,0.0,,2.1908619206496684,-inf
Cytotoxic CD4,SLC26A2_SLC26A2,377,0.002652519893899204,0.03766100176184124,14.198197664214149,2.24554599701175,-1.4093680068792016
Cytotoxic CD4,ORAI2_ORAI3,377,0.002652519893899204,0.5353394719196436,37.953579114666354,2.4631527807311344,0.026168628410650367
Cytotoxic CD4,ORAI2_ORAI2,377,0.015915119363395226,0.18302469028894777,11.500051373155552,1.7397694268002404,-0.7473427408853779
Cytotoxic CD4,ORAI3_ORAI3,377,0.010610079575596816,0.13481296387731953,12.706121845437366,1.7375739185576302,-1.3846964393349732
Cytotoxic CD4,SCNN1G_SCNN1G,377,0.0,0.0,,2.6818421540730886,-inf
Cytotoxic CD4,SCNN1A_SCNN1A,377,0.002652519893899204,0.09656913242457088,28.964501101645965,1.045617841945612,-5.373379652911798
Cytotoxic CD4,SCNN1A_SCNN1G,377,0.0,0.0,,2.918053134703184,-inf
Cytotoxic CD4,SLC23A2_SLC23A2,377,0.005305039787798408,0.0418258829091164,7.884178928368442,2.4091956165807558,0.37825869380826527
Cytotoxic CD8,SLC2A4_SLC2A4,11464,0.0,0.0,,2.99262631284587,-inf
Cytotoxic CD8,SLC2A9_SLC2A9,11464,8.722958827634333e-05,0.000752282732407155,8.624169244315624,2.8007487367668173,-4.378535945319691
Cytotoxic CD8,SLC2A1_SLC2A1,11464,0.007763433356594557,0.07277575488357693,9.37417139309355,1.9247433144978192,-1.6420517576562186
Cytotoxic CD8,SLC2A3_SLC2A9,11464,0.00130844382414515,0.2220953946363997,30.711347385900922,2.574883654473098,-0.27614061762953607
Cytotoxic CD8,SLC2A3_SLC2A3,11464,0.0549546406140963,3.030141551907486,38.046030917106364,0.9172299181676028,-0.31252044084564
Cytotoxic CD8,SLC2A1_SLC2A9,11464,0.00183182135380321,0.05396577885696706,22.50075839568702,2.8410539839361593,-0.19590350378179103
Cytotoxic CD8,SLC7A7_SLC7A7,11464,0.01282274947662247,0.22867745919720783,17.83373055943395,1.7358001257545768,-1.262793103229679
Cytotoxic CD8,SLC38A7_SLC3A2,11464,0.00026168876482903,0.09995484256763947,44.52233779432205,2.4129632758363524,-4.206824324403365
Cytotoxic CD8,SLC38A7_SLC7A5,11464,0.0006978367062107466,0.03139370688987232,29.155961149477562,2.793076228029397,-1.5857484408810305
Cytotoxic CD8,SLC1A5_SLC1A5,11464,0.02712840195394278,0.439923920124505,15.013217314516982,1.166901929008939,-1.3838997265751274
Cytotoxic CD8,SLC1A5_SLC38A7,11464,0.0032274947662247035,0.22352255102600804,29.19373258803394,2.6221012274518674,0.5967378771476499
Cytotoxic CD8,SLC3A2_SLC7A5,11464,0.003314724354501047,0.17667404610497459,31.261161206252076,2.6670661437448677,0.45292636458119306
Cytotoxic CD8,SLC7A5_SLC7A7,11464,0.0037508722958827633,0.412071993613024,49.93962919227092,2.508347727749078,1.2830345495220181
Cytotoxic CD8,SLC38A7_SLC38A7,11464,0.0021807397069085834,0.01962944605619827,9.001278783530278,2.216863504716283,-2.434899701419522
Cytotoxic CD8,SLC1A5_SLC3A2,11464,0.0025296580600139566,0.7420968446182523,55.24151350876824,2.1184169445106686,0.08889722063982028
Cytotoxic CD8,SLC38A7_SLC7A7,11464,0.00078506629448709,0.0971045982401879,52.725343691304346,2.5485546461671134,-1.9682519760114816
Cytotoxic CD8,SLC3A2_SLC3A2,11464,0.019975575715282624,0.2715547063750713,13.286476102482375,1.312859500327497,-1.5747818599809824
Cytotoxic CD8,SLC3A2_SLC7A7,11464,0.0026168876482903,0.4187199803552873,55.19367478146345,2.338716982104653,-0.30368307758646285
Cytotoxic CD8,SLC7A5_SLC7A5,11464,0.008722958827634334,0.0837675896108096,9.603116472983212,2.3938499531124404,0.16664187213221193
Cytotoxic CD8,SLC1A5_SLC7A5,11464,0.0025296580600139566,0.18544062326847188,31.832847742859784,2.6292141284632944,0.1603766090597594
Cytotoxic CD8,SLC43A2_SLC7A11,11464,8.722958827634333e-05,0.0002656924502399675,3.045898249550987,2.976963727801657,-2.9140962059645767
Cytotoxic CD8,SLC1A5_SLC7A11,11464,0.00052337752965806,0.012492747038057002,22.21279591700005,2.9185265055827654,0.3285851379130501
Cytotoxic CD8,SLC7A11_SLC7A11,11464,0.0,0.0,,2.9939437109883666,-inf
Cytotoxic CD8,SLC1A5_SLC43A2,11464,0.0017445917655268667,0.28802431766610803,33.298859005420525,2.497690628419741,-0.09883608582162622
Cytotoxic CD8,SLC43A2_SLC43A2,11464,0.00209351011863224,0.017753785724616746,8.480391647791933,2.030068333432639,-2.7745217569567084
Cytotoxic CD8,SLC43A2_SLC7A5,11464,0.0004361479413817167,0.030244357679069345,33.56875728638615,2.781049573148538,-2.1235921849071975
Cytotoxic CD8,SLC16A1_SLC16A1,11464,0.00026168876482903,0.0038195763856138138,14.59587456155892,2.9271509968542677,-0.7792181516214647
Cytotoxic CD8,SLC16A4_SLC16A4,11464,0.012909979064898814,0.16040535713020163,12.405468653313742,1.4795306658268963,-2.1460450436138703
Cytotoxic CD8,SLCO2B1_SLCO2B1,11464,0.03375785066294487,0.8555441046381216,24.082097255965103,1.2775871322031171,-0.9224444888780832
Cytotoxic CD8,SLC22A5_SLC22A5,11464,0.0019190509420795533,0.012919577606910653,6.732274440255623,2.1119252518164515,-2.987792162407127
Cytotoxic CD8,SLC16A1_SLCO2B1,11464,0.00017445917655268666,0.09524990695882633,70.77313051779447,2.5673878812349136,-2.3927498045393922
Cytotoxic CD8,SLC3A2_SLC7A11,11464,0.00052337752965806,0.00870527934953984,13.47346780293079,2.93412767650797,-0.25637736280810614
Cytotoxic CD8,SLC1A3_SLC3A2,11464,0.00026168876482903,0.03991453514709539,57.0831463555719,2.5868278328901546,-1.9375551787885654
Cytotoxic CD8,SLC1A2_SLC1A5,11464,0.0,0.004811460130082831,,2.727354271827549,-inf
Cytotoxic CD8,SLC1A1_SLC3A2,11464,0.0006978367062107466,0.06283338877296894,42.79358597005025,2.4889033561434215,-2.0796347794583387
Cytotoxic CD8,SLC1A1_SLC1A1,11464,0.00104675505931612,0.010307389611375522,9.84699287540075,2.53257143912337,-2.732297104233972
Cytotoxic CD8,SLC1A2_SLC1A2,11464,0.0,0.0,,2.9752350620816483,-inf
Cytotoxic CD8,SLC1A2_SLC7A11,11464,0.0,0.0,,2.994034626138132,-inf
Cytotoxic CD8,SLC1A3_SLC1A3,11464,0.00078506629448709,0.007501978565408322,9.555853585982334,2.8058878331119956,-1.6121756587122738
Cytotoxic CD8,SLC1A1_SLC1A5,11464,0.00052337752965806,0.0659226035741671,45.228793234972905,2.4359237289198363,-2.8687163024605673
Cytotoxic CD8,SLC1A1_SLC1A2,11464,0.00017445917655268666,0.0052353250979093584,30.008883461216442,2.9709392650496147,-2.2121775588975714
Cytotoxic CD8,SLC1A1_SLC7A11,11464,8.722958827634333e-05,0.0006912450525201353,7.924433282090831,2.9819895041562843,-2.7471245219116116
Cytotoxic CD8,SLC16A1_SLC1A3,11464,0.00026168876482903,0.006861593492133598,23.457827590175118,2.931982890116608,-0.9529852193581712
Cytotoxic CD8,SLC1A2_SLC3A2,11464,0.0,0.005039010861179522,,2.7521113236716803,-inf
Cytotoxic CD8,SLC3A1_SLC7A11,11464,0.0,0.0,,2.9956023546059387,-inf
Cytotoxic CD8,SLC3A1_SLC3A2,11464,0.00017445917655268666,0.014486005337834033,42.85352157484425,2.8546153883513297,-0.8741297986469317
Cytotoxic CD8,SLC3A1_SLC3A1,11464,0.0,0.0,,2.9949524408009873,-inf
Cytotoxic CD8,SLC39A8_SLC39A8,11464,0.030181437543614794,0.6434752812112179,20.59260564743249,1.2459724011142865,-1.1343191753605097
Cytotoxic CD8,SLC30A8_SLC39A8,11464,0.0,0.010268247970378255,,2.873008491989794,-inf
Cytotoxic CD8,SLC3A2_SLC40A1,11464,0.00392533147243545,2.4361788972044076,118.3492531990712,1.317256930314106,-0.3474124389617291
Cytotoxic CD8,SLC11A1_SLC11A1,11464,8.722958827634333e-05,0.00023867428405613568,2.7361619924195395,2.9405098951592814,-3.9336717443013374
Cytotoxic CD8,SLC11A2_SLC40A1,11464,0.0022679692951849267,3.258668167528593,131.51514807162937,1.1442051862097002,-0.8375080019382354
Cytotoxic CD8,CUBN_SLC11A2,11464,0.00017445917655268666,0.04634649169408148,64.30091441795952,2.556069121979412,-2.607849733309484
Cytotoxic CD8,SLC11A1_SLC11A2,11464,0.0,0.007157976898832337,,2.587749853420537,-inf
Cytotoxic CD8,CUBN_CUBN,11464,8.722958827634333e-05,0.0012071830676454627,13.839146687487585,2.9227388898469306,-2.76471858192635
Cytotoxic CD8,SLC11A2_SLC11A2,11464,0.023464759246336356,0.6192743849497518,21.24382021335043,0.9687123939448418,-1.8066511246058548
Cytotoxic CD8,CUBN_SLC40A1,11464,0.0004361479413817167,0.21878005752814653,100.11793387308005,2.2872088437268046,-1.6651829083754353
Cytotoxic CD8,SLC11A1_SLC3A2,11464,0.0,0.0017000313324278763,,2.690035436837533,-inf
Cytotoxic CD8,SLC11A2_SLC3A2,11464,0.00104675505931612,0.710500235872393,60.98788564478304,2.0728476578257173,-1.04705354371908
Cytotoxic CD8,SLC40A1_SLC40A1,11464,0.06585833914863921,8.08287458138304,63.34897012613907,0.6372420959812323,-0.9174233094206826
Cytotoxic CD8,SLC16A9_SLC22A5,11464,8.722958827634333e-05,0.00432670133644348,27.043658663419137,2.8834627222127867,-2.8902494640102088
Cytotoxic CD8,SLC22A4_SLC22A4,11464,8.722958827634333e-05,0.0010898503647084777,12.494044581017988,2.58201257776658,-7.330241907864207
Cytotoxic CD8,SLCO1B1_SLCO1B1,11464,0.0,0.0,,2.9983705367499427,-inf
Cytotoxic CD8,SLC16A9_SLC22A4,11464,0.0,0.0,,2.9719965359093763,-inf
Cytotoxic CD8,SLC22A4_SLC22A5,11464,0.00026168876482903,0.00987464233798315,27.571915243180285,2.8282060738581762,-3.4911535086003864
Cytotoxic CD8,SLC16A9_SLC16A9,11464,8.722958827634333e-05,0.0003553587646857957,4.073832878357962,2.9253926100524614,-3.742692275596351
Cytotoxic CD8,SLC10A1_SLC5A5,11464,0.0,0.0,,2.9992099919934434,-inf
Cytotoxic CD8,SLC5A5_SLC5A7,11464,0.0,0.0,,2.9995214157781747,-inf
Cytotoxic CD8,SLC5A1_SLC5A7,11464,0.0,0.0,,2.9954800639574057,-inf
Cytotoxic CD8,SLC12A2_SLC12A2,11464,0.021284019539427775,0.44921686653996856,20.534808338999998,1.1822590254537888,-2.110162058898168
Cytotoxic CD8,SLC12A2_SLC22A5,11464,0.0019190509420795533,0.18495975006367374,33.32518659300663,2.6676727189772653,-0.869702086606123
Cytotoxic CD8,SLC5A5_SLC5A5,11464,0.0,0.0,,2.9992524349631293,-inf
Cytotoxic CD8,SLC1A5_SLC5A1,11464,0.0009595254710397767,0.035229796205126625,23.820999525612994,2.8446244802299328,-0.7813150924570448
Cytotoxic CD8,SLC1A5_SLC22A5,11464,0.0014829030006978368,0.18004132028971265,32.27423172947614,2.6129329854216534,-0.5397522169260753
Cytotoxic CD8,SLC22A5_SLC5A1,11464,0.00026168876482903,0.005206536108930872,18.107004783055988,2.941275402069102,-3.119495556387719
Cytotoxic CD8,SLC5A1_SLC5A1,11464,0.00026168876482903,0.003234178619736559,12.358874565553302,2.8982728215340754,-3.475211964731365
Cytotoxic CD8,SLC29A1_SLC29A1,11464,0.016399162595952546,0.30672619176659105,17.234367278649326,1.119425804782474,-2.1754942607498844
Cytotoxic CD8,SLC12A2_SLC5A3,11464,0.0019190509420795533,0.5054819912706552,61.35999117854828,2.209388237017687,-1.2010595944134161
Cytotoxic CD8,SLC22A4_SLC5A3,11464,0.0,0.01605873865828777,,2.5428323750283814,-inf
Cytotoxic CD8,SLC5A7_SLC5A7,11464,0.0,0.0,,2.998722798498045,-inf
Cytotoxic CD8,SLC12A2_SLC1A5,11464,0.0027041172365666433,0.6575670813662409,56.17145023126698,2.08252898140249,-1.1402982282495222
Cytotoxic CD8,SLC1A5_SLC5A3,11464,0.00209351011863224,0.7100589400577071,55.22373027303981,2.1641534760335026,-0.2100386481412362
Cytotoxic CD8,SLC22A5_SLC5A3,11464,0.0006978367062107466,0.1043880368352586,46.04520763045215,2.4298445558712696,-2.797140059618727
Cytotoxic CD8,SLC12A2_SLC5A1,11464,0.0006978367062107466,0.015082425712506222,21.09375157393842,2.881954964134223,-1.1797560812051937
Cytotoxic CD8,SLC22A4_SLC5A1,11464,0.0,0.0,,2.960777734985475,-inf
Cytotoxic CD8,SLC5A1_SLC6A4,11464,0.00026168876482903,0.024144623774701997,62.22959548495313,2.8010919157559653,-1.2480620945961023
Cytotoxic CD8,SLC5A3_SLC5A3,11464,0.028349616189811584,0.41871556205513627,14.395918746864306,1.3160700655876283,-1.0676848465769846
Cytotoxic CD8,SLC22A4_SLC5A7,11464,0.0,0.0,,2.994271102621724,-inf
Cytotoxic CD8,SLC5A1_SLC5A5,11464,8.722958827634333e-05,0.0015573103043535622,17.853005329109237,2.99535340221019,-0.7907137904592945
Cytotoxic CD8,SLC1A5_SLC29A1,11464,0.0028785764131193303,0.9544315221548857,61.27624582855481,2.0654347138928157,0.11656719753176874
Cytotoxic CD8,SLC22A5_SLC29A1,11464,0.0006978367062107466,0.1265591105230512,49.82457036325055,2.3490954749576467,-3.3401776099590643
Cytotoxic CD8,SLC22A4_SLC5A5,11464,0.0,0.0,,2.9939179987174933,-inf
Cytotoxic CD8,SLC12A2_SLC29A1,11464,0.0028785764131193303,0.6962422291288592,56.93388492124738,2.1095285068483767,-1.2601412445174607
Cytotoxic CD8,SLC6A4_SLC6A4,11464,0.01753314724354501,0.4027436210976901,22.970412299820495,1.9929016062403626,-0.6033810763207611
Cytotoxic CD8,SLC22A4_SLC29A1,11464,0.00017445917655268666,0.026952217287254186,54.72427826065132,2.47775545398697,-2.8288489193460653
Cytotoxic CD8,SLC29A1_SLC5A3,11464,0.0008722958827634334,0.3989630432995231,54.06967630139344,2.200053482221902,-1.6195000930484094
Cytotoxic CD8,SLC22A1_SLC22A2,11464,0.0,0.0,,2.9989599827104048,-inf
Cytotoxic CD8,SLC22A1_SLC22A1,11464,0.0,0.0,,2.9982020860599055,-inf
Cytotoxic CD8,SLC3A2_SLC43A2,11464,0.00209351011863224,0.22328093685002617,39.623177298321544,2.536068776953605,-0.049448058859462574
Cytotoxic CD8,SLC3A1_SLC7A5,11464,0.0,0.0,,2.952075350013204,-inf
Cytotoxic CD8,MSR1_MSR1,11464,0.025994417306350315,0.7336897123544087,28.224895511513225,1.5312073277995242,-0.9619189799644622
Cytotoxic CD8,CD36_CD36,11464,0.005757152826238661,0.08787049000286189,15.26283783928498,2.116943431423152,-1.214313303241562
Cytotoxic CD8,CPT1A_CPT1A,11464,0.04038729937194697,0.7556889646621401,17.139653468262875,1.1607067860139022,-0.377109914961991
Cytotoxic CD8,CD36_MSR1,11464,0.0014829030006978368,0.19309647155446436,79.21153575333393,2.4526816836392302,-1.8949564666877363
Cytotoxic CD8,SLC6A12_SLC6A12,11464,0.0,0.0,,2.9922894114657947,-inf
Cytotoxic CD8,SLC6A1_SLC6A1,11464,0.0,0.0,,2.9934883886775587,-inf
Cytotoxic CD8,SLC22A1_SLC22A5,11464,0.0,0.0015153471590910765,,2.9628678107892674,-inf
Cytotoxic CD8,ABCA1_ABCA1,11464,0.015614096301465458,0.3271719175614784,20.090314757422277,1.1907435397382689,-2.007420300804797
Cytotoxic CD8,ABCG2_CD36,11464,0.0,0.0069424546653318805,,2.823120237338809,-inf
Cytotoxic CD8,ABCB1_ABCG2,11464,0.0019190509420795533,0.04239552804568324,21.209181046260593,2.8852325079099823,1.8036474082641114
Cytotoxic CD8,ABCB1_ABCB1,11464,0.0029658060013956736,0.033790799318880016,11.39346245269531,2.8169698240642957,1.4554467968101035
Cytotoxic CD8,ABCG2_ABCG2,11464,8.722958827634333e-05,0.00036283517807972115,4.159542481505923,2.907405098618395,-3.07787646718598
Cytotoxic CD8,SLC6A3_SLC6A3,11464,0.0022679692951849267,0.04649159533501612,20.49921726617788,2.3285598980936997,-3.1310204146615113
Cytotoxic CD8,SLC22A5_SLC6A3,11464,0.0006106071179344033,0.026606082223968062,31.922286478091955,2.8707200678218996,-3.011001623470819
Cytotoxic CD8,ATP7B_ATP7B,11464,0.0,0.0,,2.905173449549916,-inf
Cytotoxic CD8,SLC20A2_SLC20A2,11464,0.00444870900209351,0.04806756734342156,10.8048351377448,1.8942846652318568,-2.199169409386566
Cytotoxic CD8,ATP7B_SLC20A2,11464,8.722958827634333e-05,0.0072585128363844,27.34974468731116,2.8229017205429834,-2.7112793229648893
Cytotoxic CD8,ATP7A_SLC20A2,11464,0.0006106071179344033,0.10772536514723476,29.302994772606024,2.6217203971750815,-2.1532838698440027
Cytotoxic CD8,ATP7A_ATP7A,11464,0.0067166782972784365,0.06064625747291312,9.029203839863325,1.8149138624270165,-1.8981387355844972
Cytotoxic CD8,SLC19A1_SLC19A1,11464,8.722958827634333e-05,0.000866078823528741,9.928727632933487,2.875216191714624,-3.5173374404040416
Cytotoxic CD8,CHRNA5_CHRNA5,11464,8.722958827634333e-05,0.00043135469994182683,4.945050280133103,2.9716960575160916,-2.042252557455259
Cytotoxic CD8,CHRNA5_SLC29A1,11464,0.00017445917655268666,0.01757716396426664,47.652613426377116,2.7252206104819368,-2.139863354081681
Cytotoxic CD8,ABCC3_SLC19A1,11464,0.0009595254710397767,0.02718544364569572,21.390714212053705,2.8784954953713675,-1.5332893529680844
Cytotoxic CD8,ABCC4_ABCC4,11464,0.0014829030006978368,0.012943164603633529,8.728261118591456,2.399925710816291,-2.1966298997695897
Cytotoxic CD8,ABCC4_FOLR1,11464,0.0006978367062107466,0.15651613870528386,56.92168418506438,2.432148164459014,-3.344571608404093
Cytotoxic CD8,ABCC4_SLC19A1,11464,0.00052337752965806,0.01072757085908524,19.130259563309966,2.9151483642369485,-1.4021485025416414
Cytotoxic CD8,ABCG2_FOLR2,11464,8.722958827634333e-05,0.004714636481917873,37.088973090809304,2.8559015661377996,-2.3525926780674093
Cytotoxic CD8,FOLR1_FOLR1,11464,0.039515003489183534,1.3074509273067043,30.96829656614349,1.0179963821278415,-1.5815305352037323
Cytotoxic CD8,FOLR1_SLC19A1,11464,0.0027913468248429866,0.11430769613428221,22.321030368041423,2.801207125474082,-0.16658069245746046
Cytotoxic CD8,ABCC3_ABCC3,11464,0.00968248429867411,0.1886325499542736,19.369143347315937,1.3250541364922908,-3.1433816803585404
Cytotoxic CD8,FOLR2_FOLR2,11464,0.005321004884856944,0.0835298448992493,15.698133474180231,2.3263932489504078,-0.9347550640233947
Cytotoxic CD8,ABCC3_ABCC4,11464,0.0004361479413817167,0.03453441801227711,26.821434432006157,2.7441342248847076,-2.6097980050990057
Cytotoxic CD8,ABCC3_FOLR1,11464,0.0034891835310537334,0.5269631162475825,75.46280640199558,2.2004531467118724,-2.5095320379152413
Cytotoxic CD8,TRPV6_TRPV6,11464,0.0,0.0,,2.998764417588652,-inf
Cytotoxic CD8,LRP1_LRP1,11464,0.025819958129797628,0.6399674268482947,22.145034493049966,1.1901217147833159,-1.152290682368549
Cytotoxic CD8,SLC22A1_SLC22A4,11464,0.0,0.0,,2.990901246234682,-inf
Cytotoxic CD8,SLC29A3_SLC29A3,11464,0.004623168178646197,0.055109273315291585,11.920239797858542,2.086977707936187,-1.7186221673368958
Cytotoxic CD8,LRP2_LRP2,11464,0.0,0.0,,2.954522260484704,-inf
Cytotoxic CD8,SLC15A1_SLC15A1,11464,0.0,0.0,,2.9967841150405508,-inf
Cytotoxic CD8,SLC22A1_SLC29A1,11464,0.0,0.003416564511057329,,2.8822381417992657,-inf
Cytotoxic CD8,CD38_CD38,11464,0.0130844382414515,0.19040430202935685,14.551966123096978,1.8955512067079237,-0.9552344786118455
Cytotoxic CD8,ABCC8_ABCC8,11464,0.0,0.0,,2.9971254784340995,-inf
Cytotoxic CD8,SLC12A2_SLC12A6,11464,0.0011339846475924634,0.10175803336226256,31.609467907615,2.690144314335041,-0.3382015857617876
Cytotoxic CD8,SLC12A6_SLC12A6,11464,0.0021807397069085834,0.023991336936279847,11.001467465500486,2.4894961957167285,-0.6508725818157511
Cytotoxic CD8,SCARB1_SCARB1,11464,0.00104675505931612,0.013879353581293842,13.259409121329384,2.61972313602095,-1.551526126579868
Cytotoxic CD8,ABCB1_SLCO1B1,11464,0.0006106071179344033,0.016268779080155255,26.643611910699974,2.955453321619609,3.01664113159831
Cytotoxic CD8,ABCC3_SLC22A1,11464,8.722958827634333e-05,0.0016505752998715512,18.922195237727465,2.975419825188129,-2.3291337052434202
Cytotoxic CD8,SLCO1B3_SLCO1B3,11464,0.0,0.0,,2.9985697081760323,-inf
Cytotoxic CD8,ABCG2_SLCO2B1,11464,0.00017445917655268666,0.041733138171678494,66.4724800807731,2.550790766732171,-2.358398299748615
Cytotoxic CD8,ABCB1_SLCO1C1,11464,0.00026168876482903,0.007831028618457891,29.92497069400042,2.946032172365981,1.0991032917902828
Cytotoxic CD8,ABCC2_ABCC2,11464,8.722958827634333e-05,0.0008211199256980826,9.413318828202819,2.97263442182966,-1.7021771158576369
Cytotoxic CD8,ABCC2_ABCC3,11464,0.00026168876482903,0.025262686334208938,51.79786819361353,2.8363075823550132,-1.4716453497111726
Cytotoxic CD8,ABCC1_ABCC2,11464,0.00130844382414515,0.03785282204695293,19.52360020260588,2.8259937413344005,0.656745186511927
Cytotoxic CD8,ABCC1_ABCC3,11464,0.0027913468248429866,0.9634879607707469,54.84017501346217,2.3125718807856255,0.8367320415833752
Cytotoxic CD8,ABCC3_SLCO1B1,11464,0.0,0.0,,2.9770423252694225,-inf
Cytotoxic CD8,ABCC1_ABCC4,11464,0.0024424284717376133,0.22732691265370022,32.53147095080327,2.5718884328563414,0.25161161901422735
Cytotoxic CD8,ABCC1_ABCC1,11464,0.04370202372644801,0.8210927564112561,17.10113598491049,1.159537129489208,-0.3240736863096854
Cytotoxic CD8,ABCC2_SLCO1C1,11464,8.722958827634333e-05,0.0014094537077088648,16.157977305174427,2.992051614279772,0.2796755374321037
Cytotoxic CD8,ABCB1_SLC10A1,11464,0.0003489183531053733,0.007616719848864701,21.829519086846233,2.9723174984060465,2.601603632319466
Cytotoxic CD8,ABCB1_SLC22A2,11464,0.00017445917655268666,0.002567806479440866,14.718666740155044,2.960389357015027,1.0166411315983095
Cytotoxic CD8,ATP7A_TAP1,11464,0.00340195394277739,0.926124758935883,89.44485009851823,1.748958472446263,-1.1443507450739947
Cytotoxic CD8,TAP1_TAP1,11464,0.08269364968597348,4.639158957411192,38.35159645009859,0.8403252593045882,-0.08182040642598352
Cytotoxic CD8,SLC10A1_SLC22A2,11464,0.0,0.0,,2.99929263357447,-inf
Cytotoxic CD8,AQP5_ATP7B,11464,0.00017445917655268666,0.005416591868525637,31.047904590388953,2.9560501452962957,-2.459092299368088
Cytotoxic CD8,AQP4_AQP5,11464,0.0006106071179344033,0.015604940769948642,20.776135054589172,2.9078075889369117,-2.080889406062228
Cytotoxic CD8,AQP5_AQP7,11464,0.00017445917655268666,0.013888387227327208,24.087662078486375,2.807084962955436,-3.5607876964374388
Cytotoxic CD8,AQP7_AQP7,11464,0.0028785764131193303,0.03417851102697149,11.873407588278821,1.8186667936724095,-3.582520346038274
Cytotoxic CD8,AQP5_ATP7A,11464,0.0003489183531053733,0.020933909968358578,31.76134682066254,2.7609408035290293,-1.358398299748615
Cytotoxic CD8,AQP4_ATP7B,11464,0.0006978367062107466,0.022283305182119222,31.931976325976848,2.921306122022133,-1.2779796172933173
Cytotoxic CD8,AQP7_ATP7A,11464,0.0003489183531053733,0.041681354852166785,34.91093476177866,2.624321779767563,-3.7281927059012356
Cytotoxic CD8,AQP9_AQP9,11464,0.0004361479413817167,0.006692193841148557,15.343862038985412,2.806111804553067,-3.478414396769709
Cytotoxic CD8,AQP5_AQP5,11464,0.0008722958827634334,0.007472987051522901,8.567032355865853,2.769829151241203,-2.453678803181724
Cytotoxic CD8,AQP4_AQP4,11464,0.007763433356594557,0.1297265808280593,16.709949692279455,2.1508466990214723,-0.9860580180026456
Cytotoxic CD8,ABCC1_SLC22A5,11464,0.00209351011863224,0.27342464033388586,31.316539652871356,2.532166392368005,0.4117790734394488
Cytotoxic CD8,ABCC4_SLC22A5,11464,0.0003489183531053733,0.02471436989401578,31.821344657006364,2.796853370984737,-2.519929885020566
Cytotoxic CD8,ABCC2_SLC22A4,11464,0.0,0.0011797579497146698,,2.9750024871091996,-inf
Cytotoxic CD8,ABCC4_SLC22A4,11464,0.0003489183531053733,0.013630392853598265,31.263087709141786,2.940374522056767,-1.9336717443013374
Cytotoxic CD8,ABCC2_SLC22A5,11464,8.722958827634333e-05,0.004580251944039752,24.785011393457808,2.907492139301973,-2.139863354081681
Cytotoxic CD8,ABCC3_SLC22A5,11464,0.0008722958827634334,0.06277977936028631,26.50700825452078,2.7127128688494704,-2.3722372072136793
Cytotoxic CD8,SLC4A1_SLC4A1,11464,0.0,0.0,,2.9977031703308716,-inf
Cytotoxic CD8,SLC24A4_SLC24A4,11464,0.0,0.0,,2.99333529835554,-inf
Cytotoxic CD8,SLC24A1_SLC24A1,11464,0.0009595254710397767,0.007800214704758723,8.129241943214,2.5541221158195957,-1.8858710234996345
Cytotoxic CD8,CLCN3_CLCN5,11464,0.00130844382414515,0.04559987496221131,21.311182256101127,2.8280770874339227,-0.5494974948311915
Cytotoxic CD8,CLCN3_CLCN3,11464,0.013346127006280531,0.1488027911198166,11.149511094101813,1.4586959039203917,-1.9158985129264794
Cytotoxic CD8,CLCN4_CLCN5,11464,8.722958827634333e-05,0.0024216875193987515,14.59809075987664,2.9050726148292876,-4.5276793846255
Cytotoxic CD8,CLCN3_CLCN4,11464,0.00157013258897418,0.07854363549579346,28.053434905848707,2.749067537069392,-0.6463238811241195
Cytotoxic CD8,CLCN5_CLCN5,11464,0.00026168876482903,0.0038029027435290603,14.532159017272383,2.753736180042177,-3.194976818143963
Cytotoxic CD8,CLCN4_CLCN4,11464,0.00157013258897418,0.01050631403378735,6.691354671296566,2.419926141806255,-2.2501454090965916
Cytotoxic CD8,SLC9A3_SLC9A3,11464,0.0011339846475924634,0.0064317002848991505,5.671770158929528,2.487053460340169,-2.8609772891202354
Cytotoxic CD8,SLC9A1_SLC9A1,11464,0.013433356594556873,0.14114102132139153,10.506757587197614,1.6437563113885933,-1.3118298091558245
Cytotoxic CD8,SLC9A1_SLC9A3,11464,0.0011339846475924634,0.05584249353206403,21.88882333153663,2.794571436964638,-1.314505493318431
Cytotoxic CD8,SLC6A17_SLC6A17,11464,0.0,0.0,,2.9973727052918755,-inf
Cytotoxic CD8,SLC6A17_SLC6A5,11464,0.0,0.0,,2.998567326009866,-inf
Cytotoxic CD8,SLC6A17_SLC6A9,11464,0.0,0.002213316064160574,,2.9569005320324178,-inf
Cytotoxic CD8,SLC6A5_SLC6A5,11464,8.722958827634333e-05,0.0012941732648689209,14.83640230845731,2.9924534001423573,-4.0277529877601435
Cytotoxic CD8,SLC6A9_SLC6A9,11464,0.002006280530355897,0.024551120585008402,12.237132451588536,2.19739910694062,-2.543719395889768
Cytotoxic CD8,SLC26A2_SLC26A2,11464,0.0028785764131193303,0.03353455153473741,11.649699963461506,2.216528294678861,-1.2913760685142295
Cytotoxic CD8,ORAI2_ORAI3,11464,0.00157013258897418,0.16199739907606694,40.282793025398206,2.5139830499146907,-0.7303085511405183
Cytotoxic CD8,ORAI2_ORAI2,11464,0.00942079553384508,0.1121087697150963,11.900138296424666,1.7364137467413987,-1.503819920436547
Cytotoxic CD8,ORAI3_ORAI3,11464,0.008810188415910677,0.08981105073753508,10.193998867872299,1.7339151129218349,-1.6528871375766596
Cytotoxic CD8,SCNN1G_SCNN1G,11464,0.0006978367062107466,0.01239105780994403,17.756385841649795,2.6740696296351425,-3.422843491721181
Cytotoxic CD8,SCNN1A_SCNN1A,11464,0.01910327983251919,0.4866563559505067,23.803091470973516,1.0593077670875464,-2.524994774304106
Cytotoxic CD8,SCNN1A_SCNN1G,11464,0.0006978367062107466,0.04902550397690822,31.242795813475936,2.8380382099451653,-2.545601292622763
Cytotoxic CD8,SLC23A2_SLC23A2,11464,0.0013956734124214933,0.01562523366744547,11.19547992272468,2.4180822844807777,-1.5481434871852162
Exhausted CD4,SLC2A4_SLC2A4,14488,0.0002070679182771949,0.0010343617843190332,4.995277843738052,2.9933123558952794,0.04146327429499567
Exhausted CD4,SLC2A9_SLC2A9,14488,0.021189950303699613,0.1422860257967104,6.714788083852574,2.802598074064041,3.545810963362466
Exhausted CD4,SLC2A1_SLC2A1,14488,0.046038100496963004,0.5256226531648065,11.41712293710902,1.954093378117812,0.9260098258739465
Exhausted CD4,SLC2A3_SLC2A9,14488,0.005383765875207068,1.6204047849721326,32.145430980544624,1.9669924304266329,1.7646230689361715
Exhausted CD4,SLC2A3_SLC2A3,14488,0.17987299834345666,9.31020528280954,38.22263032756865,1.0877929039839187,1.3981449726471935
Exhausted CD4,SLC2A1_SLC2A9,14488,0.01138873550524572,0.28260345897333145,17.11358263650791,2.5764845567501253,2.4403533509972424
Exhausted CD4,SLC7A7_SLC7A7,14488,0.34670071783545003,7.216768031598284,20.81555549309097,2.004353494336613,3.494120174917764
Exhausted CD4,SLC38A7_SLC3A2,14488,0.012562120375483158,1.0712832655109497,34.860085019595516,1.9983252570498635,1.3782598783861535
Exhausted CD4,SLC38A7_SLC7A5,14488,0.002691882937603534,0.14248216794603447,18.84406997186562,2.6156605443730094,0.3619058412931956
Exhausted CD4,SLC1A5_SLC1A5,14488,0.0475565985643291,0.7433944475814294,12.93030308198637,1.1828010546682586,-0.5740582606894606
Exhausted CD4,SLC1A5_SLC38A7,14488,0.001725565985643291,0.540089627048698,29.585573718612196,2.203490381200209,-0.30660723539459733
Exhausted CD4,SLC3A2_SLC7A5,14488,0.003658199889563777,0.5313605893787763,27.37134760920146,2.27949239154227,0.5951713690127843
Exhausted CD4,SLC7A5_SLC7A7,14488,0.00883489784649365,0.526472156836832,42.30413724042409,2.0729478656821265,2.519021858131898
Exhausted CD4,SLC38A7_SLC38A7,14488,0.025883489784649365,0.17475801010078718,6.7517174675738785,2.2333237102880252,1.1342429575009743
Exhausted CD4,SLC1A5_SLC3A2,14488,0.0024157923799006074,1.594402143593763,48.9538541601571,1.5784498810817873,0.02245130576919255
Exhausted CD4,SLC38A7_SLC7A7,14488,0.03561568194367753,1.9259214510629241,45.80326646932942,1.9903223747865977,3.535302341281438
Exhausted CD4,SLC3A2_SLC3A2,14488,0.1350773053561568,1.5657472052101598,11.287637953882486,1.3838022320471668,1.182694455860855
Exhausted CD4,SLC3A2_SLC7A7,14488,0.025745444505797903,5.392856002197755,57.51420243644897,1.571389670446297,2.9947102103722343
Exhausted CD4,SLC7A5_SLC7A5,14488,0.0061430149088901155,0.04581483128911728,7.458036805805968,2.3969079881780044,-0.33922882336413723
Exhausted CD4,SLC1A5_SLC7A5,14488,0.002139701822197681,0.323701123346232,27.89548469223809,2.433981404160302,-0.08115601236895979
Exhausted CD4,SLC43A2_SLC7A11,14488,0.003658199889563777,0.04177868435201495,11.420558092301748,2.77334242595735,2.4760763119106004
Exhausted CD4,SLC1A5_SLC7A11,14488,0.0006212037548315848,0.02557354879592108,12.403670879291136,2.8305086656121845,0.5757997019461841
Exhausted CD4,SLC7A11_SLC7A11,14488,0.0003451131971286582,0.0029529447465159314,8.556452697504563,2.9946421405254715,1.5857837905188061
Exhausted CD4,SLC1A5_SLC43A2,14488,0.0024157923799006074,0.8626304527581206,36.483763563307406,1.9686339795444527,0.3707708995479558
Exhausted CD4,SLC43A2_SLC43A2,14488,0.08758972943125345,0.7940858830417116,9.065970270692134,2.0750789137111982,2.6122441594752193
Exhausted CD4,SLC43A2_SLC7A5,14488,0.00883489784649365,0.4286008516304247,21.415654336752674,2.3890303198943483,2.2167317835174183
Exhausted CD4,SLC16A1_SLC16A1,14488,0.002691882937603534,0.01541889166089281,5.727920573923462,2.929754674984936,2.5834736298316052
Exhausted CD4,SLC16A4_SLC16A4,14488,0.01725565985643291,0.17877894211090942,10.350572194546881,1.48597762731614,-1.7274620612687552
Exhausted CD4,SLCO2B1_SLCO2B1,14488,0.42766427388183326,13.761412159335428,31.31838953951709,1.668650468712225,2.740739247079053
Exhausted CD4,SLC22A5_SLC22A5,14488,0.006833241303147432,0.03805297776522653,5.568803453157596,2.1206886599651464,-1.155615097652837
Exhausted CD4,SLC16A1_SLCO2B1,14488,0.008282716731087797,0.6564753606740414,56.134178959759176,2.338654741856989,3.1763928543811044
Exhausted CD4,SLC3A2_SLC7A11,14488,0.0014494754279403643,0.04986258752114768,13.087328861421978,2.7344305687701955,1.2132296225614756
Exhausted CD4,SLC1A3_SLC3A2,14488,0.013528437327443401,1.3583230753751208,36.76732613587211,2.1985214832476525,3.7544442279174643
Exhausted CD4,SLC1A2_SLC1A5,14488,0.0001380452788514633,0.020103771149887102,39.454569784140006,2.649118490886011,-2.1455352405062578
Exhausted CD4,SLC1A1_SLC3A2,14488,0.0002070679182771949,0.051616964739538605,52.095977593818056,2.191970707399279,-3.8324202154252047
Exhausted CD4,SLC1A1_SLC1A1,14488,0.0005521811154058532,0.0034810410424618203,6.304165327898357,2.532405170239437,-3.6550075416431507
Exhausted CD4,SLC1A2_SLC1A2,14488,0.0,0.0,,2.974991697993135,-inf
Exhausted CD4,SLC1A2_SLC7A11,14488,0.0001380452788514633,0.001638106538751248,11.866443766714042,2.9840621517158943,0.17639285438110452
Exhausted CD4,SLC1A3_SLC1A3,14488,0.03106018774157924,0.25016899514424196,8.05432978144395,2.8105052388475693,3.6939325943744286
Exhausted CD4,SLC1A1_SLC1A5,14488,0.0002760905577029266,0.039924504814409616,39.57359416203869,2.3028061921274645,-3.791426739869746
Exhausted CD4,SLC1A1_SLC1A2,14488,6.902263942573165e-05,0.0009805677774020946,14.206465959001548,2.9634528612662403,-3.5499254955855934
Exhausted CD4,SLC1A1_SLC7A11,14488,6.902263942573165e-05,0.0009555166036611087,13.843524553842144,2.970876780306432,-3.0848724585996337
Exhausted CD4,SLC16A1_SLC1A3,14488,0.0033821093318608503,0.07803386544728018,16.854091003572787,2.7727267202817476,2.7390141873478586
Exhausted CD4,SLC1A2_SLC3A2,14488,0.0003451131971286582,0.037541385540430086,32.244993872551554,2.5941764603315,-0.3449535470440801
Exhausted CD4,SLC3A1_SLC7A11,14488,0.0,0.0,,2.9915328265454226,-inf
Exhausted CD4,SLC3A1_SLC3A2,14488,0.0,0.010118922413267081,,2.76620673166987,-inf
Exhausted CD4,SLC3A1_SLC3A1,14488,0.0002070679182771949,0.0017342001169819842,8.375030431611663,2.9957970784755457,-0.508733808265484
Exhausted CD4,SLC39A8_SLC39A8,14488,0.03775538376587521,0.5129862696982153,11.689319668809814,1.2420295438708324,-0.8112983168926999
Exhausted CD4,SLC30A8_SLC39A8,14488,6.902263942573165e-05,0.012118806146914816,21.0042043285421,2.853104540925901,-0.9840718178121417
Exhausted CD4,SLC3A2_SLC40A1,14488,0.007661512976256212,8.600938732584643,114.86060712467493,1.0957444139071475,0.61740239437068
Exhausted CD4,SLC11A1_SLC11A1,14488,0.023053561568194367,0.15997922118565489,6.939457953705892,2.9400273265097545,4.112284611484693
Exhausted CD4,SLC11A2_SLC40A1,14488,0.008627829928216455,13.785954826164778,128.62345798723007,0.9079890251439104,1.0900886278947373
Exhausted CD4,CUBN_SLC11A2,14488,0.0003451131971286582,0.03604207939922602,51.18200820911484,2.3609752544216063,-1.6236695751101438
Exhausted CD4,SLC11A1_SLC11A2,14488,0.012078961899503037,1.654581981513108,47.151059837140366,2.2589373915917417,3.960179305300304
Exhausted CD4,CUBN_CUBN,14488,0.0002070679182771949,0.0013890857936035372,6.708358325909349,2.9273495281991355,-1.517504017893216
Exhausted CD4,SLC11A2_SLC11A2,14488,0.1424627277747101,3.7434366924554108,20.84348168998729,1.1056106275757154,0.795365831572753
Exhausted CD4,CUBN_SLC40A1,14488,0.0002760905577029266,0.08578845509963084,62.98504478036878,2.2586179137503186,-2.3248589399508197
Exhausted CD4,SLC11A1_SLC3A2,14488,0.011043622308117063,1.0673481483333607,36.70887673998086,2.3557058443285723,4.0311949388411685
Exhausted CD4,SLC11A2_SLC3A2,14488,0.008351739370513528,4.724475997378342,55.699806197067524,1.367457626477146,1.9490992561463363
Exhausted CD4,SLC40A1_SLC40A1,14488,0.09014356709000552,11.757062770197857,62.128767890912165,0.7059015338754973,-0.46456489877471513
Exhausted CD4,SLC16A9_SLC22A5,14488,0.0002070679182771949,0.00654503861539403,21.126919548728136,2.825669378605216,-1.6430348999770747
Exhausted CD4,SLC22A4_SLC22A4,14488,0.0023467697404748757,0.013351629382887878,5.689364897037635,2.585014013141164,-2.58052700330189
Exhausted CD4,SLCO1B1_SLCO1B1,14488,0.0,0.0,,2.9986887351513927,-inf
Exhausted CD4,SLC16A9_SLC22A4,14488,0.0001380452788514633,0.004914716365185017,28.06749695418989,2.9328979187114586,-3.309791491861878
Exhausted CD4,SLC22A4_SLC22A5,14488,0.0008972943125345113,0.04721754821072311,19.873588817161217,2.7053527195801457,-1.7134242278684728
Exhausted CD4,SLC16A9_SLC16A9,14488,0.0002070679182771949,0.0013954882442872099,6.739277894411032,2.9250031657456894,-2.495477711563217
Exhausted CD4,SLC10A1_SLC5A5,14488,6.902263942573165e-05,0.0006773384553814175,9.813279541565976,2.999704333027361,2.678893194910288
Exhausted CD4,SLC5A5_SLC5A7,14488,0.0,0.0,,2.9986137664960917,-inf
Exhausted CD4,SLC5A1_SLC5A7,14488,0.0,0.0,,2.9944580413150255,-inf
Exhausted CD4,SLC12A2_SLC12A2,14488,0.026780784097183877,0.5030272397053646,17.585324360784952,1.188943011728964,-1.7787344909619487
Exhausted CD4,SLC12A2_SLC22A5,14488,0.001311430149088901,0.20830929120853092,28.659381090315826,2.4935099995917143,-1.418954128487857
Exhausted CD4,SLC5A5_SLC5A5,14488,0.0,0.0,,2.9991042928483274,-inf
Exhausted CD4,SLC1A5_SLC5A1,14488,0.0005521811154058532,0.03564087610541411,23.678403252436055,2.7559451892118476,-1.578494647782364
Exhausted CD4,SLC1A5_SLC22A5,14488,0.0011043622308117063,0.33535086138699627,28.161147669657257,2.3595986812359078,-0.9649629948644369
Exhausted CD4,SLC22A5_SLC5A1,14488,0.0008282716731087797,0.015665729670491377,15.765799110961504,2.9257921259764808,-1.4572434930757414
Exhausted CD4,SLC5A1_SLC5A1,14488,0.0002070679182771949,0.0020349730221076627,9.827563048098606,2.8993660284566354,-3.8129599014193873
Exhausted CD4,SLC29A1_SLC29A1,14488,0.13210933186085036,2.4356472132556073,16.300318395799057,1.2242879932140687,0.8345440653704819
Exhausted CD4,SLC12A2_SLC5A3,14488,0.0011043622308117063,0.6756800353986545,53.73950765232692,1.9077145089905827,-1.9982391497387355
Exhausted CD4,SLC22A4_SLC5A3,14488,0.0008282716731087797,0.1631528981358179,34.20871487847398,2.3322041655160843,-0.5218692104546178
Exhausted CD4,SLC5A7_SLC5A7,14488,0.0,0.0,,2.9989588476543982,-inf
Exhausted CD4,SLC12A2_SLC1A5,14488,0.0012424075096631696,0.7856800818034935,59.81612177153852,1.8389882115114684,-2.262317473882107
Exhausted CD4,SLC1A5_SLC5A3,14488,0.0022087244616234127,1.2898872378391726,53.38325475305766,1.7936275152657688,-0.13274908555041467
Exhausted CD4,SLC22A5_SLC5A3,14488,0.0018636112644947543,0.2569011870550211,38.527635191384384,2.185385712651911,-1.3800004941432809
Exhausted CD4,SLC12A2_SLC5A1,14488,0.0002760905577029266,0.021311278752792547,21.59095714077978,2.870437067098987,-2.5175040178932155
Exhausted CD4,SLC22A4_SLC5A1,14488,0.000759249033683048,0.010804923680901,13.167027288111766,2.942045475945499,-2.9736802119655463
Exhausted CD4,SLC5A1_SLC6A4,14488,0.0,0.0032668676669763766,,2.9100244325270888,-inf
Exhausted CD4,SLC5A3_SLC5A3,14488,0.04286305908337935,0.4847919522226843,10.585390197691007,1.3217493406967087,-0.4712792329603425
Exhausted CD4,SLC22A4_SLC5A7,14488,0.0001380452788514633,0.0010554569587036368,7.645730208849145,2.9772937390717247,-1.3800004941432809
Exhausted CD4,SLC5A1_SLC5A5,14488,6.902263942573165e-05,0.001326342537804459,19.216050687711004,2.9955544166360766,-1.1284617271473163
Exhausted CD4,SLC1A5_SLC29A1,14488,0.0022087244616234127,1.9748236088645466,61.91103915354404,1.497004869034453,-0.2655748585147069
Exhausted CD4,SLC22A5_SLC29A1,14488,0.004417448923246825,0.4609192515125955,39.77433613393195,1.9453228566477212,-0.6779255466470862
Exhausted CD4,SLC22A4_SLC5A5,14488,6.902263942573165e-05,0.0007058239611297778,10.22597754884822,2.9793241687755314,-2.4226448315517746
Exhausted CD4,SLC12A2_SLC29A1,14488,0.002139701822197681,1.1303494125472566,58.05718012719665,1.5912290924072487,-1.6880869901770614
Exhausted CD4,SLC6A4_SLC6A4,14488,0.002139701822197681,0.031150834984054583,14.558493459644605,1.9879133722542257,-3.6379843938008367
Exhausted CD4,SLC22A4_SLC29A1,14488,0.002691882937603534,0.3178914163139941,38.067309227498356,2.1347407992206713,1.1188053628281607
Exhausted CD4,SLC29A1_SLC5A3,14488,0.004003313086692435,2.576954585730002,52.14495049274139,1.623467705491273,0.5788048705037779
Exhausted CD4,SLC22A1_SLC22A2,14488,6.902263942573165e-05,0.0005842876914798412,8.46516007415994,2.9974146867112994,1.9419276007440816
Exhausted CD4,SLC22A1_SLC22A1,14488,0.0,0.0,,2.9981986895164257,-inf
Exhausted CD4,SLC3A2_SLC43A2,14488,0.00966316951960243,1.8590899821036955,34.956507366464244,1.9084358076836627,2.157124520676325
Exhausted CD4,SLC3A1_SLC7A5,14488,0.0002070679182771949,0.00490668677652141,23.69602600608073,2.934969719575675,0.12089774178940067
Exhausted CD4,MSR1_MSR1,14488,0.5303009387078962,22.601744691817775,42.61461270044,2.091300006017727,3.3886186012039783
Exhausted CD4,CD36_CD36,14488,0.06971286581998895,0.8827023489388383,12.66197191230286,2.1434351177161464,2.383684218351119
Exhausted CD4,CPT1A_CPT1A,14488,0.04300110436223081,0.7636592651544533,12.94331183591902,1.1602651395361196,-0.2866378818862477
Exhausted CD4,CD36_MSR1,14488,0.08192987299834345,7.302826393386593,80.14939876936319,1.8340824011986672,3.8929369750158087
Exhausted CD4,SLC6A12_SLC6A12,14488,0.0008972943125345113,0.003837630497887202,4.276891588722291,2.9930508669936313,3.263855695631444
Exhausted CD4,SLC6A1_SLC6A1,14488,0.0,0.0,,2.9929383539680314,-inf
Exhausted CD4,SLC22A1_SLC22A5,14488,0.0,0.006655757534145622,,2.9385985815422484,-inf
Exhausted CD4,ABCA1_ABCA1,14488,0.2903092214246273,9.199568339117027,31.05674934573357,1.5349617131009725,2.2092491199747037
Exhausted CD4,ABCG2_CD36,14488,0.004279403644395362,0.2174042225151733,33.182326981751594,2.6706306016260553,3.0282274471383017
Exhausted CD4,ABCB1_ABCG2,14488,0.0003451131971286582,0.005860523568352579,16.98145309165843,2.9109241560530985,-0.6716040521738456
Exhausted CD4,ABCB1_ABCB1,14488,0.0002760905577029266,0.003231102618683146,11.703053684870355,2.8220038058697896,-1.9697639811282583
Exhausted CD4,ABCG2_ABCG2,14488,0.0029679734953064604,0.016626939432267465,5.602118569643978,2.9064808138640053,2.0106403508280954
Exhausted CD4,SLC6A3_SLC6A3,14488,0.003106018774157924,0.03682569157047441,11.85623598828963,2.337457004455432,-2.677354973160951
Exhausted CD4,SLC22A5_SLC6A3,14488,0.001311430149088901,0.06297114811806884,24.335316084464008,2.7672677306050404,-1.9081769687728598
Exhausted CD4,ATP7B_ATP7B,14488,0.0,0.0,,2.907936658897997,-inf
Exhausted CD4,SLC20A2_SLC20A2,14488,0.009318056322473772,0.06391464857704099,6.8592253969197765,1.8962114480153087,-1.1325270909952527
Exhausted CD4,ATP7B_SLC20A2,14488,0.0,0.0068410085912059045,,2.778888851569549,-inf
Exhausted CD4,ATP7A_SLC20A2,14488,0.0013804527885146328,0.18863450171075302,26.942264023549257,2.47178266684485,-0.9764586337022665
Exhausted CD4,ATP7A_ATP7A,14488,0.022225289895085588,0.14647811825659696,6.590605519570114,1.8246741812968035,-0.17175633485280378
Exhausted CD4,SLC19A1_SLC19A1,14488,0.0004831584759801215,0.0024863322675723063,5.145997413226796,2.8771447394733767,-1.0477304550344597
Exhausted CD4,CHRNA5_CHRNA5,14488,0.0,0.0,,2.971951065441256,-inf
Exhausted CD4,CHRNA5_SLC29A1,14488,0.0003451131971286582,0.04151908948547767,40.689335790712825,2.55838726887998,-1.1556831958823408
Exhausted CD4,ABCC3_SLC19A1,14488,0.0020706791827719492,0.06756596005017135,15.350974524689125,2.76172232437389,-0.42357831268488516
Exhausted CD4,ABCC4_ABCC4,14488,0.004486471562672557,0.03523491304209037,7.8535910792893135,2.4045081401268087,-0.5994728646794969
Exhausted CD4,ABCC4_FOLR1,14488,0.0041413583655438985,0.4563808078021249,54.49874407125835,2.266897540963486,-0.7754289494835964
Exhausted CD4,ABCC4_SLC19A1,14488,0.0010353395913859746,0.01678640617828443,12.654621688922589,2.881382147827633,-0.4179683443423013
Exhausted CD4,ABCG2_FOLR2,14488,0.002622860298177802,0.1240471629481815,26.304659907372393,2.682108581238658,2.5575868986881543
Exhausted CD4,FOLR1_FOLR1,14488,0.04569298729983434,1.4706463497003868,28.23730414853726,1.0261186625350869,-1.3719583051307722
Exhausted CD4,FOLR1_SLC19A1,14488,0.0002070679182771949,0.06714727756249074,14.071988222640092,2.7401048354983226,-3.9193661284243264
Exhausted CD4,ABCC3_ABCC3,14488,0.041482606294864714,0.4998480353274129,11.770285143357691,1.347061467685985,-1.0443243026854832
Exhausted CD4,FOLR2_FOLR2,14488,0.0730949751518498,0.9997523506470529,13.677442923677528,2.3510567180994704,2.845246535718033
Exhausted CD4,ABCC3_ABCC4,14488,0.0010353395913859746,0.1395970892947996,30.155900715421513,2.567498868842081,-1.3625834410658717
Exhausted CD4,ABCC3_FOLR1,14488,0.0037962451684152403,1.4300367053856928,72.17574255886305,1.9020783697736592,-2.387848355965966
Exhausted CD4,TRPV6_TRPV6,14488,6.902263942573165e-05,0.00020010904787714774,2.8991798856441164,2.9988134024604687,0.6788931949102878
Exhausted CD4,LRP1_LRP1,14488,0.17359193815571508,4.232864592693921,20.794191544505388,1.3016968590844862,1.5968507000073684
Exhausted CD4,SLC22A1_SLC22A4,14488,0.0,0.0005727905551161754,,2.974561852502342,-inf
Exhausted CD4,SLC29A3_SLC29A3,14488,0.12292932081722806,1.523675908892755,12.394731368915348,2.15221182225437,3.0141812425135015
Exhausted CD4,LRP2_LRP2,14488,0.0001380452788514633,0.0006511741570434082,4.717105593622449,2.9563663705883623,-2.401480221553732
Exhausted CD4,SLC15A1_SLC15A1,14488,0.0,0.0,,2.9964411929058,-inf
Exhausted CD4,SLC22A1_SLC29A1,14488,0.0003451131971286582,0.04148190961009288,39.90159279328439,2.808583724056371,1.0008212897976498
Exhausted CD4,CD38_CD38,14488,0.024434014356709,0.26789098358108143,10.963854717860757,1.9017632217521694,-0.05419555571275116
Exhausted CD4,ABCC8_ABCC8,14488,0.0,0.0,,2.997774508218121,-inf
Exhausted CD4,SLC12A2_SLC12A6,14488,0.0006212037548315848,0.1396660278906942,27.465205325350794,2.5116230539072797,-1.2064642391485896
Exhausted CD4,SLC12A6_SLC12A6,14488,0.011181667586968525,0.07338751893515265,6.56319984155859,2.4950211308845054,1.7073732946061264
Exhausted CD4,SCARB1_SCARB1,14488,0.02898950855880729,0.252184575232319,8.699166966585329,2.6283926225321896,3.240008953677076
Exhausted CD4,ABCB1_SLCO1B1,14488,6.902263942573165e-05,0.0003186897045132325,4.617176438987713,2.987861869369694,-0.12846172714731638
Exhausted CD4,ABCC3_SLC22A1,14488,0.0002070679182771949,0.010656268674403686,16.46614409028598,2.905831431535139,-1.0819191412102864
Exhausted CD4,SLCO1B3_SLCO1B3,14488,0.0,0.0,,2.998252399569606,-inf
Exhausted CD4,ABCG2_SLCO2B1,14488,0.009180011043622309,0.7524265247145113,57.23721646651236,2.2978202137562724,3.3591361990645527
Exhausted CD4,ABCB1_SLCO1C1,14488,6.902263942573165e-05,0.0007371790723789142,10.68025040062571,2.984313417760354,-0.8236071456188955
Exhausted CD4,ABCC2_ABCC2,14488,6.902263942573165e-05,0.00043716376445138106,6.333628619371609,2.9745432081278773,-2.039925052545659
Exhausted CD4,ABCC2_ABCC3,14488,0.0003451131971286582,0.024168798666315758,34.79463879469971,2.7014866459099967,-1.0724276922329887
Exhausted CD4,ABCC1_ABCC2,14488,0.0005521811154058532,0.059059840556594495,26.097585457365753,2.719884641310438,-0.5878933457846136
Exhausted CD4,ABCC1_ABCC3,14488,0.0013804527885146328,1.6892856199400952,58.80022621251292,1.7911414115356894,-0.17908780021728454
Exhausted CD4,ABCC3_SLCO1B1,14488,0.0002760905577029266,0.014802348838211778,12.703469946111937,2.9139537116366796,-0.6309620676764994
Exhausted CD4,ABCC1_ABCC4,14488,0.0013804527885146328,0.34733353936560996,31.143686174028765,2.3876932427422037,-0.5715631448440368
Exhausted CD4,ABCC1_ABCC1,14488,0.0678492545554942,1.2128716068833232,13.922953831038571,1.174776769199625,0.31055919014766464
Exhausted CD4,ABCC2_SLCO1C1,14488,6.902263942573165e-05,0.0013720883409222462,19.878815883281504,2.989870489151642,-0.05807239925591848
Exhausted CD4,ABCB1_SLC10A1,14488,0.0,0.0,,2.9944322203592724,-inf
Exhausted CD4,ABCB1_SLC22A2,14488,0.0,0.0,,2.9928574101578476,-inf
Exhausted CD4,ATP7A_TAP1,14488,0.00924903368304804,1.865958043281381,66.27532593550774,1.4845912253542854,0.2985882898335071
Exhausted CD4,TAP1_TAP1,14488,0.169243511871894,9.332653719537085,36.82709961532927,0.9827792301139028,0.9514316716785167
Exhausted CD4,SLC10A1_SLC22A2,14488,0.0,0.0,,2.9994629483608346,-inf
Exhausted CD4,AQP5_ATP7B,14488,0.0,0.0,,2.967769833257722,-inf
Exhausted CD4,AQP4_AQP5,14488,0.0005521811154058532,0.012287393128274694,19.91359288806983,2.921741647003977,-2.225992264807854
Exhausted CD4,AQP5_AQP7,14488,0.0002070679182771949,0.012471702230962826,14.068651439507486,2.750817288257299,-3.3135731324043047
Exhausted CD4,AQP7_AQP7,14488,0.0041413583655438985,0.029163956089516233,7.04212326374852,1.822951071171826,-3.0577718064762314
Exhausted CD4,AQP5_ATP7A,14488,6.902263942573165e-05,0.012519113171434353,30.609127778136326,2.633273911954537,-3.696146236436637
Exhausted CD4,AQP4_ATP7B,14488,0.0002070679182771949,0.003868564855610859,18.682589209363375,2.950591256925834,-3.030765053260183
Exhausted CD4,AQP7_ATP7A,14488,0.0004141358365543898,0.05634068212425209,29.44675796490861,2.420629941866974,-3.480978141868102
Exhausted CD4,AQP9_AQP9,14488,0.08275814467145223,1.0442177845672744,12.61770413912483,2.8191044937116527,4.08952551506913
Exhausted CD4,AQP5_AQP5,14488,0.0005521811154058532,0.0035112685324643227,6.358907312292889,2.773476400253997,-3.113354834757108
Exhausted CD4,AQP4_AQP4,14488,0.0024157923799006074,0.02600747388601174,10.765608047443944,2.1541860220409865,-2.6702563687120993
Exhausted CD4,ABCC1_SLC22A5,14488,0.0011043622308117063,0.44166821619153906,26.86827871217345,2.2594372217223135,-0.5109313639697297
Exhausted CD4,ABCC4_SLC22A5,14488,0.001518498067366096,0.07192491482978085,20.620482505372426,2.668920594074837,-0.39824620307129077
Exhausted CD4,ABCC2_SLC22A4,14488,6.902263942573165e-05,0.0020710074838857853,30.004756426537256,2.946580050529673,-3.1707725320052806
Exhausted CD4,ABCC4_SLC22A4,14488,0.0006902263942573164,0.03656626253884828,15.309922638143268,2.844024439108976,-0.9494915861019972
Exhausted CD4,ABCC2_SLC22A5,14488,0.0,0.0025895411105951506,,2.863778699279671,-inf
Exhausted CD4,ABCC3_SLC22A5,14488,0.0013804527885146328,0.2391898437581761,27.655120270888904,2.4529214038550404,-1.7099851439017015
Exhausted CD4,SLC4A1_SLC4A1,14488,0.0,0.0,,2.9980861764908258,-inf
Exhausted CD4,SLC24A4_SLC24A4,14488,0.0005521811154058532,0.005464404426503003,9.896036416396939,2.994068983351132,2.678893194910288
Exhausted CD4,SLC24A1_SLC24A1,14488,0.0028989508558807287,0.017364036348203913,5.9897656812566265,2.5610455996316444,-0.2907331560461937
Exhausted CD4,CLCN3_CLCN5,14488,0.0029679734953064604,0.13053585633765194,18.263936132204673,2.6310226200684195,0.6321287275743658
Exhausted CD4,CLCN3_CLCN3,14488,0.04293208172280508,0.35593239279729355,8.224577684151841,1.472608954096683,-0.230263522176551
Exhausted CD4,CLCN4_CLCN5,14488,0.000759249033683048,0.017989904800837238,15.137350931350966,2.8144255663217765,-1.4059957026762253
Exhausted CD4,CLCN3_CLCN4,14488,0.0012424075096631696,0.13365017673912838,22.71188684584837,2.5901605133589514,-0.9840718178121417
Exhausted CD4,CLCN5_CLCN5,14488,0.003106018774157924,0.022345927986513213,7.194395659302298,2.7609779843584947,0.37416584077653364
Exhausted CD4,CLCN4_CLCN4,14488,0.003036996134732192,0.01811516369731778,5.964829355607727,2.4241536791068174,-1.298386728589629
Exhausted CD4,SLC9A3_SLC9A3,14488,0.0017945886250690225,0.009387911153012542,5.231232953263297,2.49249312036009,-2.198725225808258
Exhausted CD4,SLC9A1_SLC9A1,14488,0.050041413583655436,0.394851091182576,7.890486357314705,1.6610138495074491,0.5854728983635485
Exhausted CD4,SLC9A1_SLC9A3,14488,0.003036996134732192,0.13303759132684928,17.641464588230825,2.5921769417382703,0.10673847048975169
Exhausted CD4,SLC6A17_SLC6A17,14488,0.0,0.0,,2.997139017389233,-inf
Exhausted CD4,SLC6A17_SLC6A5,14488,0.0,0.0,,2.9981544015964885,-inf
Exhausted CD4,SLC6A17_SLC6A9,14488,6.902263942573165e-05,0.0020203063700146005,26.06959432856968,2.9536229429141763,-0.6903406147554312
Exhausted CD4,SLC6A5_SLC6A5,14488,0.0,0.0,,2.9923287339432356,-inf
Exhausted CD4,SLC6A9_SLC6A9,14488,0.0018636112644947543,0.015514611646058848,8.325025686225947,2.2023238445403908,-2.650141786471335
Exhausted CD4,SLC26A2_SLC26A2,14488,0.005383765875207068,0.03380294147672343,6.2786796937790905,2.221614034592231,-0.38811590569845683
Exhausted CD4,ORAI2_ORAI3,14488,0.003658199889563777,0.4762975918535163,30.750074494655866,2.1722058748408295,0.48993896529234604
Exhausted CD4,ORAI2_ORAI2,14488,0.03264770844837107,0.24752585252975168,7.581722096090998,1.7484503305246923,0.2892410140513573
Exhausted CD4,ORAI3_ORAI3,14488,0.04037824406405301,0.3053768501030795,7.562905648364813,1.7488688543143835,0.5434462574542901
Exhausted CD4,SCNN1G_SCNN1G,14488,6.902263942573165e-05,0.0006295840268800781,9.121413381438572,2.6787932129425402,-6.760591428409203
Exhausted CD4,SCNN1A_SCNN1A,14488,0.02263942573163998,0.5182391786727852,20.24784654715838,1.0641100686907379,-2.279977765975218
Exhausted CD4,SCNN1A_SCNN1G,14488,0.0,0.020886239099150022,,2.833273232881032,-inf
Exhausted CD4,SLC23A2_SLC23A2,14488,0.011181667586968525,0.0715135062222978,6.395602951534879,2.4181952486592366,1.4539585790113865
Exhausted CD8,SLC2A4_SLC2A4,875,0.0,0.0,,2.9942414604256484,-inf
Exhausted CD8,SLC2A9_SLC2A9,875,0.0,0.0,,2.8023429757174667,-inf
Exhausted CD8,SLC2A1_SLC2A1,875,0.014857142857142857,0.11099684595060628,7.470941554367731,1.9329734459293346,-0.7056617829390694
Exhausted CD8,SLC2A3_SLC2A9,875,0.0,0.14145351292866035,,2.53839219643918,-inf
Exhausted CD8,SLC2A3_SLC2A3,875,0.030857142857142857,2.0564192315559273,33.12106671182549,0.8867847427770824,-1.1451572695269958
Exhausted CD8,SLC2A1_SLC2A9,875,0.0034285714285714284,0.07731245349985394,15.996393751951928,2.7990996125023866,0.7084252617030594
Exhausted CD8,SLC7A7_SLC7A7,875,0.019428571428571427,0.2345466386956295,12.072253462275047,1.7424067866198412,-0.6633189192732495
Exhausted CD8,SLC38A7_SLC3A2,875,0.0,0.10676131145048229,,2.323859758348021,-inf
Exhausted CD8,SLC38A7_SLC7A5,875,0.0,0.012308167996999535,,2.712132658331237,-inf
Exhausted CD8,SLC1A5_SLC1A5,875,0.052571428571428575,0.8727611079194075,15.299722006204549,1.1890527144654122,-0.42942485310626244
Exhausted CD8,SLC1A5_SLC38A7,875,0.001142857142857143,0.31477640444417165,20.825985625298415,2.447423647539326,-0.901031800938845
Exhausted CD8,SLC3A2_SLC7A5,875,0.002285714285714286,0.24104155606588917,22.793563592806663,2.45927628339533,-0.08331746131993799
Exhausted CD8,SLC7A5_SLC7A7,875,0.008,1.0001943948465406,44.82420092493751,2.325900141150083,2.375808404419979
Exhausted CD8,SLC38A7_SLC38A7,875,0.001142857142857143,0.017613925043787535,15.412184413314094,2.2231992043014905,-3.367072203651792
Exhausted CD8,SLC1A5_SLC3A2,875,0.002285714285714286,1.3470335293494182,42.6221281220719,1.905127595261828,-0.057400086945297094
Exhausted CD8,SLC38A7_SLC7A7,875,0.0,0.017669433560424035,,2.467691238552168,-inf
Exhausted CD8,SLC3A2_SLC3A2,875,0.053714285714285714,0.6382938501574964,11.567427864021665,1.3355239371157022,-0.14771310885783467
Exhausted CD8,SLC3A2_SLC7A7,875,0.0034285714285714284,0.7190541522364811,49.82762275052894,2.1503013770036272,0.08607251506862913
Exhausted CD8,SLC7A5_SLC7A5,875,0.030857142857142857,0.2621376432713163,8.495201402311176,2.414239758940574,1.9893568720634103
Exhausted CD8,SLC1A5_SLC7A5,875,0.0034285714285714284,0.3554885487232057,27.751053518712695,2.4205521821538234,0.5990418021957977
Exhausted CD8,SLC43A2_SLC7A11,875,0.0,0.0,,2.9713046681710025,-inf
Exhausted CD8,SLC1A5_SLC7A11,875,0.0,0.0,,2.85609591523876,-inf
Exhausted CD8,SLC7A11_SLC7A11,875,0.0,0.0,,2.9942414604256475,-inf
Exhausted CD8,SLC1A5_SLC43A2,875,0.001142857142857143,0.36967676399925425,27.114452174979647,2.3265699256336787,-0.7090804931665338
Exhausted CD8,SLC43A2_SLC43A2,875,0.008,0.059763361496142774,7.470420187017846,2.034084828066777,-0.840445648077806
Exhausted CD8,SLC43A2_SLC7A5,875,0.001142857142857143,0.03504888244307494,19.165855202270905,2.6832058554910145,-0.7338365922521051
Exhausted CD8,SLC16A1_SLC16A1,875,0.0034285714285714284,0.017499892733214957,5.104135380521029,2.9332822068325184,2.9324655359209895
Exhausted CD8,SLC16A4_SLC16A4,875,0.010285714285714285,0.12107512716162978,11.771192918491785,1.4760504430081884,-2.4738897202580534
Exhausted CD8,SLCO2B1_SLCO2B1,875,0.02057142857142857,0.4864030402069474,20.489648781537547,1.2658932942070764,-1.6370255560377267
Exhausted CD8,SLC22A5_SLC22A5,875,0.004571428571428572,0.03215920199882472,7.034825437242908,2.113857522513092,-1.7355400935019696
Exhausted CD8,SLC16A1_SLCO2B1,875,0.002285714285714286,0.5857788104709621,76.40033137556446,2.50664095197153,1.3189338830030626
Exhausted CD8,SLC3A2_SLC7A11,875,0.002285714285714286,0.042822979514709654,18.735053537685474,2.881565471265756,1.8703438240131922
Exhausted CD8,SLC1A3_SLC3A2,875,0.0,0.009489485843037724,,2.5272590231530017,-inf
Exhausted CD8,SLC1A2_SLC1A5,875,0.001142857142857143,0.10292274852367544,61.21238627406228,2.682064871855343,0.903896383724219
Exhausted CD8,SLC1A1_SLC3A2,875,0.0,0.042717783756223524,,2.405805494767779,-inf
Exhausted CD8,SLC1A1_SLC1A1,875,0.0,0.0,,2.5487222325580094,-inf
Exhausted CD8,SLC1A2_SLC1A2,875,0.0,0.0,,2.9742290121159827,-inf
Exhausted CD8,SLC1A2_SLC7A11,875,0.001142857142857143,0.022052579478105534,19.296007043342343,2.992770037867061,3.2258244786115813
Exhausted CD8,SLC1A3_SLC1A3,875,0.0,0.0,,2.8185727273061025,-inf
Exhausted CD8,SLC1A1_SLC1A5,875,0.001142857142857143,0.07694891472362607,25.516390979370158,2.360068474961721,-1.7419951156392688
Exhausted CD8,SLC1A1_SLC1A2,875,0.001142857142857143,0.008030246611033362,7.026465784654192,2.9637950119655705,0.49950612864488364
Exhausted CD8,SLC1A1_SLC7A11,875,0.0,0.0,,2.982425977947917,-inf
Exhausted CD8,SLC16A1_SLC1A3,875,0.005714285714285714,0.09771459521460384,17.100054162555672,2.873524370780897,3.4956640623504893
Exhausted CD8,SLC1A2_SLC3A2,875,0.0,0.06833490606597427,,2.709620710824806,-inf
Exhausted CD8,SLC3A1_SLC7A11,875,0.0,0.0,,2.995876744605105,-inf
Exhausted CD8,SLC3A1_SLC3A2,875,0.0,0.0,,2.826279225530408,-inf
Exhausted CD8,SLC3A1_SLC3A1,875,0.0,0.0,,2.9980258375139943,-inf
Exhausted CD8,SLC39A8_SLC39A8,875,0.025142857142857144,0.34719944065331726,11.594467845137434,1.2308133724757109,-1.3978320968174824
Exhausted CD8,SLC30A8_SLC39A8,875,0.0,0.12660610946054346,,2.877800545917239,-inf
Exhausted CD8,SLC3A2_SLC40A1,875,0.006857142857142857,5.141706134810889,103.76919659708688,1.224475567756434,0.45738065297220687
Exhausted CD8,SLC11A1_SLC11A1,875,0.0,0.0,,2.9370665839208643,-inf
Exhausted CD8,SLC11A2_SLC40A1,875,0.004571428571428572,5.196705795781563,153.66484767235096,1.0550620096804861,0.17373596746312717
Exhausted CD8,CUBN_SLC11A2,875,0.001142857142857143,0.2109515124968813,106.61687938036732,2.496775840701119,0.10383395423297075
Exhausted CD8,SLC11A1_SLC11A2,875,0.0,0.03696284134026778,,2.524078493554801,-inf
Exhausted CD8,CUBN_CUBN,875,0.0,0.0,,2.9243047225833787,-inf
Exhausted CD8,SLC11A2_SLC11A2,875,0.038857142857142854,1.0199355794079399,19.795795769309716,0.9871215614027965,-1.078966958369685
Exhausted CD8,CUBN_SLC40A1,875,0.001142857142857143,0.29039126911777174,111.38140123115295,2.2526058634787494,-0.2754273157203431
Exhausted CD8,SLC11A1_SLC3A2,875,0.0,0.015655174386656135,,2.63192006478509,-inf
Exhausted CD8,SLC11A2_SLC3A2,875,0.0,0.9241005729194407,,1.8803062785450786,-inf
Exhausted CD8,SLC40A1_SLC40A1,875,0.060571428571428575,8.687019423049108,65.24431372777815,0.6454534320803755,-1.03815200152747
Exhausted CD8,SLC16A9_SLC22A5,875,0.0,0.0,,2.819169165252856,-inf
Exhausted CD8,SLC22A4_SLC22A4,875,0.004571428571428572,0.09873554939598009,21.598401430370643,2.5787830433174497,-1.6185582203217526
Exhausted CD8,SLCO1B1_SLCO1B1,875,0.0,0.0,,2.9987139060755124,-inf
Exhausted CD8,SLC16A9_SLC22A4,875,0.0,0.0,,2.9619338709763627,-inf
Exhausted CD8,SLC22A4_SLC22A5,875,0.002285714285714286,0.0943563779009513,29.571219423482944,2.718851874463401,-0.3644323217790881
Exhausted CD8,SLC16A9_SLC16A9,875,0.0,0.0,,2.906647659841661,-inf
Exhausted CD8,SLC10A1_SLC5A5,875,0.0,0.0,,2.9974805560800295,-inf
Exhausted CD8,SLC5A5_SLC5A7,875,0.0,0.0,,3.0000900431985476,-inf
Exhausted CD8,SLC5A1_SLC5A7,875,0.0,0.0,,2.99591948608729,-inf
Exhausted CD8,SLC12A2_SLC12A2,875,0.03428571428571429,0.6609325753159654,18.075845210669506,1.1914514934560838,-1.4223251133100812
Exhausted CD8,SLC12A2_SLC22A5,875,0.006857142857142857,0.3753828760458301,29.31746641522498,2.455541496352063,0.9675124830201903
Exhausted CD8,SLC5A5_SLC5A5,875,0.0,0.0,,2.999057940356271,-inf
Exhausted CD8,SLC1A5_SLC5A1,875,0.001142857142857143,0.052917352441843445,14.68048455179462,2.7508065349582185,-0.5290630235518873
Exhausted CD8,SLC1A5_SLC22A5,875,0.001142857142857143,0.2866827860045551,23.30304136960592,2.338811234603722,-0.9155313706339601
Exhausted CD8,SLC22A5_SLC5A1,875,0.0,0.0,,2.934481423147513,-inf
Exhausted CD8,SLC5A1_SLC5A1,875,0.0,0.0,,2.8986899469333407,-inf
Exhausted CD8,SLC29A1_SLC29A1,875,0.037714285714285714,0.6905094386325524,15.54929299165787,1.1393782654770825,-0.9740053055266135
Exhausted CD8,SLC12A2_SLC5A3,875,0.0034285714285714284,1.1437998410983061,45.27365889031902,1.946932415199959,-0.36384502478710257
Exhausted CD8,SLC22A4_SLC5A3,875,0.0,0.1156874756446154,,2.3845851162567535,-inf
Exhausted CD8,SLC5A7_SLC5A7,875,0.0,0.0,,2.999746008917789,-inf
Exhausted CD8,SLC12A2_SLC1A5,875,0.004571428571428572,1.0461953565757813,51.961652454244245,1.9155362444327535,-0.38281085109394264
Exhausted CD8,SLC1A5_SLC5A3,875,0.0034285714285714284,1.2429311168347426,50.59568808249867,1.8430906828482676,0.5016450394012181
Exhausted CD8,SLC22A5_SLC5A3,875,0.001142857142857143,0.22449387433658435,31.448422127069534,2.2541173740419564,-2.0854563720762727
Exhausted CD8,SLC12A2_SLC5A1,875,0.001142857142857143,0.03384116209524966,20.431550186842287,2.8283407193900274,-0.46807239366273895
Exhausted CD8,SLC22A4_SLC5A1,875,0.002285714285714286,0.05354126123142942,23.42430178875037,2.951783071457697,-1.3836802063723663
Exhausted CD8,SLC5A1_SLC6A4,875,0.0,0.062063325871979554,,2.937369896995826,-inf
Exhausted CD8,SLC5A3_SLC5A3,875,0.04914285714285714,0.6335086914615936,12.222984639701444,1.325763880028068,-0.27403231224824925
Exhausted CD8,SLC22A4_SLC5A7,875,0.0,0.0,,2.989461121323442,-inf
Exhausted CD8,SLC5A1_SLC5A5,875,0.0,0.0,,2.9874361903302793,-inf
Exhausted CD8,SLC1A5_SLC29A1,875,0.0,1.414600953223099,,1.8293957544110369,-inf
Exhausted CD8,SLC22A5_SLC29A1,875,0.002285714285714286,0.21137168863425593,43.37516508295539,2.2332070994274402,-1.6284939224166095
Exhausted CD8,SLC22A4_SLC5A5,875,0.0,0.0,,2.9781485982528118,-inf
Exhausted CD8,SLC12A2_SLC29A1,875,0.002285714285714286,1.2177686963051289,56.10568309359752,1.930398094711283,-1.5928516763334597
Exhausted CD8,SLC6A4_SLC6A4,875,0.001142857142857143,0.004599861146161791,4.024878502891568,1.9988910028238733,-4.542749079957235
Exhausted CD8,SLC22A4_SLC29A1,875,0.0,0.11558453069285828,,2.3695859088665427,-inf
Exhausted CD8,SLC29A1_SLC5A3,875,0.006857142857142857,1.3034892718082094,48.210952292917675,1.8953155360603042,1.355218000327839
Exhausted CD8,SLC22A1_SLC22A2,875,0.0,0.0,,3.0004340774793063,-inf
Exhausted CD8,SLC22A1_SLC22A1,875,0.0,0.0,,2.998369871794754,-inf
Exhausted CD8,SLC3A2_SLC43A2,875,0.001142857142857143,0.4252933133969731,33.83084558542578,2.3986953226877814,-0.9227268720381642
Exhausted CD8,SLC3A1_SLC7A5,875,0.0,0.0,,2.9300040613019993,-inf
Exhausted CD8,MSR1_MSR1,875,0.022857142857142857,0.4210923280218636,18.42278935095653,1.5243481509660848,-1.147475717996807
Exhausted CD8,CD36_CD36,875,0.002285714285714286,0.03081420846408316,13.481216203036382,2.1280015379975863,-2.547023735057561
Exhausted CD8,CPT1A_CPT1A,875,0.046857142857142854,0.8336092393837498,15.439673535990822,1.1631904212558142,-0.16274260606168922
Exhausted CD8,CD36_MSR1,875,0.002285714285714286,0.17325107659908787,60.59009252943457,2.4507819434709464,-1.270735620395621
Exhausted CD8,SLC6A12_SLC6A12,875,0.0,0.0,,2.989911801903335,-inf
Exhausted CD8,SLC6A1_SLC6A1,875,0.0,0.0,,2.9945854947064072,-inf
Exhausted CD8,SLC22A1_SLC22A5,875,0.0,0.0,,2.9417767949343148,-inf
Exhausted CD8,ABCA1_ABCA1,875,0.012571428571428572,0.25022473813597307,17.44550985734131,1.1902630697081773,-2.3201207718893015
Exhausted CD8,ABCG2_CD36,875,0.0,0.01950273556142838,,2.8623055019951975,-inf
Exhausted CD8,ABCB1_ABCG2,875,0.006857142857142857,0.11393996664277743,16.61624513540504,2.8660432626273074,3.6408619778904248
Exhausted CD8,ABCB1_ABCB1,875,0.002285714285714286,0.02550314543882483,11.157626129485863,2.8151053971773927,1.0796676431022187
Exhausted CD8,ABCG2_ABCG2,875,0.001142857142857143,0.008438742319358426,7.383899529438622,2.903603645589756,0.6338072203564745
Exhausted CD8,SLC6A3_SLC6A3,875,0.0,0.0,,2.3419217739316496,-inf
Exhausted CD8,SLC22A5_SLC6A3,875,0.002285714285714286,0.08862869805082249,31.203946487384428,2.8388764899378693,-1.1066728579859684
Exhausted CD8,ATP7B_ATP7B,875,0.0,0.0,,2.901903175511477,-inf
Exhausted CD8,SLC20A2_SLC20A2,875,0.006857142857142857,0.0562147275914894,8.197981107092204,1.8946254819233381,-1.5749485630944509
Exhausted CD8,ATP7B_SLC20A2,875,0.001142857142857143,0.024357418641978646,21.312741311731315,2.8008869270221455,1.0004043645775653
Exhausted CD8,ATP7A_SLC20A2,875,0.002285714285714286,0.14741570502281737,29.741611390689172,2.547639353665789,-0.24895510435915208
Exhausted CD8,ATP7A_ATP7A,875,0.008,0.07188027492243418,8.985034365304273,1.8197825234905023,-1.64588666667934
Exhausted CD8,SLC19A1_SLC19A1,875,0.002285714285714286,0.013375133501468229,5.85162090689235,2.8794690354901675,1.1943462471384132
Exhausted CD8,CHRNA5_CHRNA5,875,0.0,0.0,,2.9724503806865346,-inf
Exhausted CD8,CHRNA5_SLC29A1,875,0.002285714285714286,0.2177613384360091,51.896450100279196,2.665584057036565,1.5718203334607737
Exhausted CD8,ABCC3_SLC19A1,875,0.0,0.0,,2.8520874320154097,-inf
Exhausted CD8,ABCC4_ABCC4,875,0.002285714285714286,0.011512106186990357,5.036546456808281,2.392056059981821,-1.5724090534774744
Exhausted CD8,ABCC4_FOLR1,875,0.0034285714285714284,0.3058337320418972,52.288639286852,2.3754089365558717,-1.0479254201404822
Exhausted CD8,ABCC4_SLC19A1,875,0.001142857142857143,0.012295064709197895,10.758181620548157,2.911050160896768,-0.2754273157203431
Exhausted CD8,ABCG2_FOLR2,875,0.001142857142857143,0.028310632798533332,24.771803698716667,2.824712116180362,1.3590910094750455
Exhausted CD8,FOLR1_FOLR1,875,0.032,1.022415025300525,28.031281958817317,1.0067976246696195,-1.8858591656499089
Exhausted CD8,FOLR1_SLC19A1,875,0.0,0.04594760422201125,,2.79838492138214,-inf
Exhausted CD8,ABCC3_ABCC3,875,0.012571428571428572,0.2608280973234267,20.507743556409103,1.3300346734256003,-2.7666822405288944
Exhausted CD8,FOLR2_FOLR2,875,0.008,0.09761988012221867,12.202485015277334,2.3277386851192947,-0.3464537919862224
Exhausted CD8,ABCC3_ABCC4,875,0.001142857142857143,0.07320480366289926,42.23456095747338,2.7071654119479533,-1.2200424124439133
Exhausted CD8,ABCC3_FOLR1,875,0.0034285714285714284,0.7434663642339026,73.03507487987036,2.0978450658822756,-2.5348139445389926
Exhausted CD8,TRPV6_TRPV6,875,0.0,0.0,,2.999057940356271,-inf
Exhausted CD8,LRP1_LRP1,875,0.013714285714285714,0.3311216927325277,17.44522189817887,1.1790364782760145,-2.0650978597338883
Exhausted CD8,SLC22A1_SLC22A4,875,0.0,0.0,,2.989684127551446,-inf
Exhausted CD8,SLC29A3_SLC29A3,875,0.002285714285714286,0.01764649840729349,7.720343053190902,2.09359905093751,-2.7348589343576406
Exhausted CD8,LRP2_LRP2,875,0.0,0.0,,2.95315186801463,-inf
Exhausted CD8,SLC15A1_SLC15A1,875,0.0,0.0,,2.9945854947064072,-inf
Exhausted CD8,SLC22A1_SLC29A1,875,0.0,0.0,,2.863936239401413,-inf
Exhausted CD8,CD38_CD38,875,0.05142857142857143,0.6284183286361068,12.21924527903541,1.9154204905058534,1.0194836147644029
Exhausted CD8,ABCC8_ABCC8,875,0.0,0.0,,2.997681803233236,-inf
Exhausted CD8,SLC12A2_SLC12A6,875,0.001142857142857143,0.20120975604733154,27.90109248671115,2.5630893610539833,-0.32695761636042514
Exhausted CD8,SLC12A6_SLC12A6,875,0.006857142857142857,0.05587966745868942,8.149118171058873,2.4956363776139665,1.0019174166731346
Exhausted CD8,SCARB1_SCARB1,875,0.0,0.0,,2.625971288513819,-inf
Exhausted CD8,ABCB1_SLCO1B1,875,0.0,0.0,,2.942774822659114,-inf
Exhausted CD8,ABCC3_SLC22A1,875,0.0,0.0,,2.9572203826305272,-inf
Exhausted CD8,SLCO1B3_SLCO1B3,875,0.0,0.0,,2.998713906075513,-inf
Exhausted CD8,ABCG2_SLCO2B1,875,0.0,0.06163907852804537,,2.5328774330801593,-inf
Exhausted CD8,ABCB1_SLCO1C1,875,0.001142857142857143,0.025933775753350475,22.692053784181667,2.9310643331786457,3.2258244786115813
Exhausted CD8,ABCC2_ABCC2,875,0.0,0.0,,2.9707302092827392,-inf
Exhausted CD8,ABCC2_ABCC3,875,0.0,0.0,,2.7859557911735267,-inf
Exhausted CD8,ABCC1_ABCC2,875,0.0034285714285714284,0.12255932136875572,18.622219871836535,2.6826742668209578,2.0465007791670193
Exhausted CD8,ABCC1_ABCC3,875,0.002285714285714286,1.5802424912152777,55.55091629911601,1.9535207222495878,0.5484157291258299
Exhausted CD8,ABCC3_SLCO1B1,875,0.0,0.0,,2.964147661183688,-inf
Exhausted CD8,ABCC1_ABCC4,875,0.0034285714285714284,0.645124210819649,28.610471335497703,2.3946747744356633,0.7409028852202338
Exhausted CD8,ABCC1_ABCC1,875,0.08571428571428572,1.5806820261698926,15.9414565956962,1.189603323819321,0.6477618985334416
Exhausted CD8,ABCC2_SLCO1C1,875,0.0,0.0,,2.9904118813197877,-inf
Exhausted CD8,ABCB1_SLC10A1,875,0.0,0.0,,2.9626056830106786,-inf
Exhausted CD8,ABCB1_SLC22A2,875,0.001142857142857143,0.025933775753350475,22.692053784181667,2.955594134754574,3.7283248191407643
Exhausted CD8,ATP7A_TAP1,875,0.006857142857142857,1.2950659262466324,73.8242371273281,1.6023511579941334,-0.13310677567263257
Exhausted CD8,TAP1_TAP1,875,0.1462857142857143,8.237803450314754,36.90382540306405,0.9477211039558414,0.741120032218212
Exhausted CD8,SLC10A1_SLC22A2,875,0.0,0.0,,2.999124216867103,-inf
Exhausted CD8,AQP5_ATP7B,875,0.0,0.0,,2.971336920941561,-inf
Exhausted CD8,AQP4_AQP5,875,0.0,0.0,,2.8980692473600964,-inf
Exhausted CD8,AQP5_AQP7,875,0.0,0.0,,2.7358842393239557,-inf
Exhausted CD8,AQP7_AQP7,875,0.005714285714285714,0.0380808117788635,6.664142061301112,1.8230826114126075,-2.593302682966911
Exhausted CD8,AQP5_ATP7A,875,0.0,0.0,,2.684759841253898,-inf
Exhausted CD8,AQP4_ATP7B,875,0.001142857142857143,0.02756014402448532,24.115126021424658,2.959296723579086,-0.5662959297508625
Exhausted CD8,AQP7_ATP7A,875,0.002285714285714286,0.08776124398738423,29.810485790327093,2.5039659916776955,-1.016509018358781
Exhausted CD8,AQP9_AQP9,875,0.001142857142857143,0.030102564921230493,26.339744306076682,2.79202743946167,-2.088658804114617
Exhausted CD8,AQP5_AQP5,875,0.0034285714285714284,0.0220451591522351,6.429838086068571,2.769873381528496,-0.4789607098054753
Exhausted CD8,AQP4_AQP4,875,0.0,0.0,,2.1515058889822023,-inf
Exhausted CD8,ABCC1_SLC22A5,875,0.002285714285714286,0.6256554117185642,49.44929288753008,2.198262917535563,0.5385002602607473
Exhausted CD8,ABCC4_SLC22A5,875,0.001142857142857143,0.07438178380150585,34.46251242353628,2.6928565793419765,-0.8082461974781112
Exhausted CD8,ABCC2_SLC22A4,875,0.0,0.0,,2.969997577558427,-inf
Exhausted CD8,ABCC4_SLC22A4,875,0.0,0.0,,2.9220889732137505,-inf
Exhausted CD8,ABCC2_SLC22A5,875,0.0,0.0,,2.8606029091964422,-inf
Exhausted CD8,ABCC3_SLC22A5,875,0.002285714285714286,0.18436147097867336,30.797835238592057,2.550984048001365,-0.9824816145585871
Exhausted CD8,SLC4A1_SLC4A1,875,0.0,0.0,,2.9987139060755124,-inf
Exhausted CD8,SLC24A4_SLC24A4,875,0.0,0.0,,2.994929528987165,-inf
Exhausted CD8,SLC24A1_SLC24A1,875,0.002285714285714286,0.009742632206264229,4.2624015902406,2.5623372181378015,-0.633618954594477
Exhausted CD8,CLCN3_CLCN5,875,0.0034285714285714284,0.11880817235880009,18.421893979579618,2.7510536492640223,0.8402580978239008
Exhausted CD8,CLCN3_CLCN3,875,0.026285714285714287,0.25056820128323476,9.53248591838393,1.4648650371144338,-0.9380407120196639
Exhausted CD8,CLCN4_CLCN5,875,0.0,0.0,,2.882615532435994,-inf
Exhausted CD8,CLCN3_CLCN4,875,0.001142857142857143,0.08158419932360325,15.284691976999397,2.6630772211019993,-1.1045651950239772
Exhausted CD8,CLCN5_CLCN5,875,0.001142857142857143,0.0018301211886556693,1.6013560400737106,2.756331194581093,-1.0682556313226643
Exhausted CD8,CLCN4_CLCN4,875,0.0,0.0,,2.4157141527294943,-inf
Exhausted CD8,SLC9A3_SLC9A3,875,0.0,0.0,,2.4895531215342652,-inf
Exhausted CD8,SLC9A1_SLC9A1,875,0.022857142857142857,0.1791783330868174,7.839052072548261,1.6471899633081635,-0.545004567420909
Exhausted CD8,SLC9A1_SLC9A3,875,0.0034285714285714284,0.08685344484579449,17.30136685330865,2.707358158175517,0.28170097680408746
Exhausted CD8,SLC6A17_SLC6A17,875,0.0,0.0,,2.9963056661102003,-inf
Exhausted CD8,SLC6A17_SLC6A5,875,0.0,0.0,,2.9960459589313397,-inf
Exhausted CD8,SLC6A17_SLC6A9,875,0.0,0.0,,2.9627248191097033,-inf
Exhausted CD8,SLC6A5_SLC6A5,875,0.0,0.0,,2.9888796990610587,-inf
Exhausted CD8,SLC6A9_SLC6A9,875,0.0,0.0,,2.2041099161049686,-inf
Exhausted CD8,SLC26A2_SLC26A2,875,0.004571428571428572,0.04269362814828524,9.339231157437396,2.2214865469680696,-0.6240865003302283
Exhausted CD8,ORAI2_ORAI3,875,0.002285714285714286,0.3166569209071319,33.76142669013689,2.37811152419994,-0.1885498650403761
Exhausted CD8,ORAI2_ORAI2,875,0.021714285714285714,0.20018935537543867,9.219246629132044,1.7399112205678942,-0.29909622161397553
Exhausted CD8,ORAI3_ORAI3,875,0.019428571428571427,0.1834858984821902,9.44412712775979,1.7420017474745162,-0.5119520915356606
Exhausted CD8,SCNN1G_SCNN1G,875,0.0034285714285714284,0.06537318721184218,19.06717960345397,2.680005474784797,-1.12619730345757
Exhausted CD8,SCNN1A_SCNN1A,875,0.022857142857142857,0.559060769139419,21.270540912311525,1.0639954054935121,-2.266170051475463
Exhausted CD8,SCNN1A_SCNN1G,875,0.0,0.06028318690154057,,2.8223786520533287,-inf
Exhausted CD8,SLC23A2_SLC23A2,875,0.001142857142857143,0.013142556976033445,11.499737354029264,2.4143193843702093,-1.8364597996427614
Treg,SLC2A4_SLC2A4,8915,0.00011217049915872125,0.0012705324889441866,11.326797138937422,2.9927970688935948,-0.8429474779883498
Treg,SLC2A9_SLC2A9,8915,0.0006730229949523276,0.008528046822503485,12.671256237103094,2.803521344608761,-1.4307696328487463
Treg,SLC2A1_SLC2A1,8915,0.003925967470555244,0.03350873586810398,8.535153721832772,1.9264507781591504,-2.625698359927861
Treg,SLC2A3_SLC2A9,8915,0.00089736399326977,0.20249625187611595,30.790700305109766,2.6506409905218318,-0.8202274014882662
Treg,SLC2A3_SLC2A3,8915,0.027593942793045428,1.7295043394500889,35.892934510999574,0.8820223973758953,-1.3064101421438907
Treg,SLC2A1_SLC2A9,8915,0.0007851934941110488,0.02230218768753841,22.904287459686934,2.8579227765475324,-1.4180621927531587
Treg,SLC7A7_SLC7A7,8915,0.016376892877173303,0.25630316673952747,15.650292681389638,1.7397993841489607,-0.9098370774362378
Treg,SLC38A7_SLC3A2,8915,0.0003365114974761638,0.10113696319441384,63.19648418757415,2.4697404582669327,-3.844020512653576
Treg,SLC38A7_SLC7A5,8915,0.0007851934941110488,0.03397265366548598,29.711358490638027,2.8000489013256766,-1.415589707073638
Treg,SLC1A5_SLC1A5,8915,0.016376892877173303,0.26870362020573263,14.864101966008883,1.1586878445991935,-2.1120421260759246
Treg,SLC1A5_SLC38A7,8915,0.0020190689848569826,0.1359146654206616,31.13576506860093,2.668734171112567,-0.07998667528919899
Treg,SLC3A2_SLC7A5,8915,0.00358945597307908,0.169213334754289,29.79696466334414,2.673381235329206,0.5678026628873959
Treg,SLC7A5_SLC7A7,8915,0.0033651149747616375,0.346424336115866,47.43254739955141,2.5301000341382376,1.1264642021782272
Treg,SLC38A7_SLC38A7,8915,0.0014582164890633764,0.01090791086169902,7.480309640926674,2.2219546191881805,-3.015512361303366
Treg,SLC1A5_SLC3A2,8915,0.0007851934941110488,0.45625640241138277,49.33989839687246,2.211181996974534,-1.5989250406803592
Treg,SLC38A7_SLC7A7,8915,0.0007851934941110488,0.12099407032132657,64.77619005635854,2.538326398616635,-1.9680182436464018
Treg,SLC3A2_SLC3A2,8915,0.017498597868760516,0.24293603710664094,13.526205131402422,1.314239525659802,-1.7657796174658897
Treg,SLC3A2_SLC7A7,8915,0.003925967470555244,0.5464944385789495,52.865719393690455,2.3323021146759646,0.2815131554997734
Treg,SLC7A5_SLC7A5,8915,0.0065058889512058325,0.06833356913871673,10.503340842614822,2.395702796992818,-0.2564295107651523
Treg,SLC1A5_SLC7A5,8915,0.0019068984856982613,0.13858211584224822,32.52107358230033,2.6663591442762677,-0.24733773306768503
Treg,SLC43A2_SLC7A11,8915,0.0002243409983174425,0.004047832940753267,18.043215333407687,2.967215679138313,-1.5512923942147883
Treg,SLC1A5_SLC7A11,8915,0.00011217049915872125,0.004832894702697079,18.07184474008136,2.933898275841624,-1.8935735510583176
Treg,SLC7A11_SLC7A11,8915,0.00011217049915872125,0.0012768723434213294,11.383316941601151,2.9934526503466774,-0.0355925559307455
Treg,SLC1A5_SLC43A2,8915,0.0014582164890633764,0.19111795700558856,31.799254806613817,2.566061832870558,-0.3575206508181078
Treg,SLC43A2_SLC43A2,8915,0.00358945597307908,0.04257230192417888,11.86037723918921,2.033405478160655,-1.9966804459280763
Treg,SLC43A2_SLC7A5,8915,0.0006730229949523276,0.038063563139535406,28.139125335944147,2.7722230108762385,-1.497753967323615
Treg,SLC16A1_SLC16A1,8915,0.000448681996634885,0.005518582969038486,12.299541792244526,2.928973100108149,-0.0013768405928326715
Treg,SLC16A4_SLC16A4,8915,0.007066741446999439,0.0878763915185111,12.435206831548038,1.4796418428724931,-3.0154146739931154
Treg,SLCO2B1_SLCO2B1,8915,0.056421761076836795,1.605617994644531,27.324848670841305,1.3015639408787714,-0.1814158434671779
Treg,SLC22A5_SLC22A5,8915,0.0010095344924284913,0.009038651511675789,8.953286469621073,2.115960358532993,-3.9144949678523235
Treg,SLC16A1_SLCO2B1,8915,0.00179472798653954,0.3551319582781227,70.0900093594899,2.515813195683836,0.9700540072103964
Treg,SLC3A2_SLC7A11,8915,0.000448681996634885,0.009744077296089051,21.717112273658472,2.931799971623097,-0.47853605177947395
Treg,SLC1A3_SLC3A2,8915,0.0005608524957936063,0.09197626816277547,56.12536816298027,2.6178548609053696,-0.8377857728725709
Treg,SLC1A2_SLC1A5,8915,0.0,0.007477130182806046,,2.7561259622186753,-inf
Treg,SLC1A1_SLC3A2,8915,0.000448681996634885,0.04708756958068184,50.972006422064354,2.548385244464709,-2.7168309677085505
Treg,SLC1A1_SLC1A1,8915,0.0003365114974761638,0.003999125458111016,11.88406781968657,2.531358545016418,-4.369493292484184
Treg,SLC1A2_SLC1A2,8915,0.00011217049915872125,0.0007335691896642141,6.539769325856469,2.974977754470363,-1.3931445605488293
Treg,SLC1A2_SLC7A11,8915,0.0,0.0,,2.9938749302431518,-inf
Treg,SLC1A3_SLC1A3,8915,0.0012338754907459339,0.013213081992677032,10.708602360428705,2.8064833196653636,-0.9598652297675003
Treg,SLC1A1_SLC1A5,8915,0.00011217049915872125,0.01571198055059845,46.39491964493277,2.504478243535748,-5.090874991431935
Treg,SLC1A1_SLC1A2,8915,0.00011217049915872125,0.0005875256999571635,5.2377916151181125,2.9762748953832205,-2.8493737471477827
Treg,SLC1A1_SLC7A11,8915,0.0,0.0,,2.9854214778489485,-inf
Treg,SLC16A1_SLC1A3,8915,0.0015703869882220977,0.039610554008738585,24.381326499694545,2.8973763156270915,1.6322110137280652
Treg,SLC1A2_SLC3A2,8915,0.0,0.006025880481867504,,2.7773542880889392,-inf
Treg,SLC3A1_SLC7A11,8915,0.0,0.0,,2.995735752503431,-inf
Treg,SLC3A1_SLC3A2,8915,0.0,0.010543769212245726,,2.8685547393081317,-inf
Treg,SLC3A1_SLC3A1,8915,0.0,0.0,,2.9952760513299554,-inf
Treg,SLC39A8_SLC39A8,8915,0.007627593942793045,0.12102869987405833,14.391769402160564,1.2238164099112745,-3.1186807499971065
Treg,SLC30A8_SLC39A8,8915,0.0,0.0,,2.9203518985155017,-inf
Treg,SLC3A2_SLC40A1,8915,0.0037016264722378013,2.352865950350353,120.79279005200846,1.3198887065075298,-0.43206760418316187
Treg,SLC11A1_SLC11A1,8915,0.0,0.0,,2.9385139488840375,-inf
Treg,SLC11A2_SLC40A1,8915,0.003477285473920359,4.095067983979187,135.84466505950738,1.1315587139521095,-0.22094759794266391
Treg,CUBN_SLC11A2,8915,0.00011217049915872125,0.050217370473462114,93.16095254773245,2.5744566253987924,-3.2450459215596954
Treg,SLC11A1_SLC11A2,8915,0.0,0.01285004554067814,,2.609277833162717,-inf
Treg,CUBN_CUBN,8915,0.0003365114974761638,0.0027799044755701914,8.26094946656942,2.9214710015628382,-0.8169522694554053
Treg,SLC11A2_SLC11A2,8915,0.02501402131239484,0.6617512201124798,20.210117483867872,0.971916192190129,-1.7144097754923857
Treg,CUBN_SLC40A1,8915,0.0003365114974761638,0.26030321681526003,126.23571306236322,2.289329785845583,-2.039344690791853
Treg,SLC11A1_SLC3A2,8915,0.0,0.0036424637001006535,,2.7213493011204344,-inf
Treg,SLC11A2_SLC3A2,8915,0.0014582164890633764,0.7902462859762055,56.67172156865601,2.1078103051424817,-0.5687725145493555
Treg,SLC40A1_SLC40A1,8915,0.06472237801458217,8.273027622268593,63.80804716160874,0.6398013249055999,-0.9425248232378527
Treg,SLC16A9_SLC22A5,8915,0.0,0.0009735011940351279,,2.9045425099444584,-inf
Treg,SLC22A4_SLC22A4,8915,0.00011217049915872125,0.001007780989298351,8.984367519594798,2.5828418932429247,-6.967438096114419
Treg,SLCO1B1_SLCO1B1,8915,0.0,0.0,,2.9983405430171475,-inf
Treg,SLC16A9_SLC22A4,8915,0.0,0.0,,2.9789781857883284,-inf
Treg,SLC22A4_SLC22A5,8915,0.0,0.0005655525485070619,,2.8552892801839316,-inf
Treg,SLC16A9_SLC16A9,8915,0.0,0.0,,2.925458779300735,-inf
Treg,SLC10A1_SLC5A5,8915,0.0,0.0,,2.9989012744256858,-inf
Treg,SLC5A5_SLC5A7,8915,0.0,0.0,,2.998359948022947,-inf
Treg,SLC5A1_SLC5A7,8915,0.0,0.0,,2.996304754637401,-inf
Treg,SLC12A2_SLC12A2,8915,0.008524957936062815,0.1564879133698518,17.834186627145197,1.16952298381861,-3.4301680712676803
Treg,SLC12A2_SLC22A5,8915,0.0011217049915872126,0.06891197730996161,29.072759910084265,2.7287844282274927,-1.6444017986062696
Treg,SLC5A5_SLC5A5,8915,0.0,0.0,,2.9988610577307315,-inf
Treg,SLC1A5_SLC5A1,8915,0.0005608524957936063,0.01585618333476406,28.27157488588432,2.908358393398527,-1.5560148044571913
Treg,SLC1A5_SLC22A5,8915,0.0014582164890633764,0.10140119880372289,30.308958132673464,2.68300664703852,-0.5639715282855342
Treg,SLC22A5_SLC5A1,8915,0.0,0.0,,2.9721710397026895,-inf
Treg,SLC5A1_SLC5A1,8915,0.0,0.0,,2.900574801283068,-inf
Treg,SLC29A1_SLC29A1,8915,0.012002243409983175,0.22022690756335359,16.725364070226238,1.1159726936082879,-2.625812314276586
Treg,SLC12A2_SLC5A3,8915,0.0007851934941110488,0.276459211779192,59.2985793709171,2.1442700864972033,-2.4903324792433206
Treg,SLC22A4_SLC5A3,8915,0.0002243409983174425,0.031825339265263305,45.14762062905481,2.495169689693161,-2.406279962737963
Treg,SLC5A7_SLC5A7,8915,0.0,0.0,,2.998880809975156,-inf
Treg,SLC12A2_SLC1A5,8915,0.0005608524957936063,0.2655112661197607,58.43985350236835,2.1842520378242343,-3.4097626319992465
Treg,SLC1A5_SLC5A3,8915,0.0019068984856982613,0.5286414077825218,57.363241931285096,2.1084743075309467,-0.34473449586226473
Treg,SLC22A5_SLC5A3,8915,0.000448681996634885,0.09434534190222657,68.62111420208146,2.371106375688953,-3.434336247868939
Treg,SLC12A2_SLC5A1,8915,0.0002243409983174425,0.009345535482405347,41.657724412821835,2.9440687029780954,-2.8169522694554052
Treg,SLC22A4_SLC5A1,8915,0.0,0.0,,2.9846567131361224,-inf
Treg,SLC5A1_SLC6A4,8915,0.0,0.0,,2.9650413660333306,-inf
Treg,SLC5A3_SLC5A3,8915,0.03499719573752103,0.5049716032834356,14.128414599987376,1.3219559740471174,-0.7637747238807646
Treg,SLC22A4_SLC5A7,8915,0.0,0.0,,2.9938105170169917,-inf
Treg,SLC5A1_SLC5A5,8915,0.0,0.0,,2.994819002554089,-inf
Treg,SLC1A5_SLC29A1,8915,0.0015703869882220977,0.5528494587137418,58.62704614210405,2.192566916587429,-0.7576681880192923
Treg,SLC22A5_SLC29A1,8915,0.0003365114974761638,0.0976182540712764,65.29133607379345,2.4359652847794466,-4.3924112974881195
Treg,SLC22A4_SLC5A5,8915,0.0,0.0,,2.9915607940699007,-inf
Treg,SLC12A2_SLC29A1,8915,0.0012338754907459339,0.2697868847544322,55.92609742830068,2.2290483480547083,-2.4822999334888287
Treg,SLC6A4_SLC6A4,8915,0.000448681996634885,0.01088464778863135,24.259158758912122,1.985130619094882,-5.891628955749901
Treg,SLC22A4_SLC29A1,8915,0.0,0.022760798575819256,,2.5472257464793486,-inf
Treg,SLC29A1_SLC5A3,8915,0.0010095344924284913,0.3767295230578588,63.357428535192916,2.1195141445966184,-1.408699374743671
Treg,SLC22A1_SLC22A2,8915,0.0,0.0,,2.998617893687895,-inf
Treg,SLC22A1_SLC22A1,8915,0.0,0.0,,2.9968548088826266,-inf
Treg,SLC3A2_SLC43A2,8915,0.0019068984856982613,0.2118446941524837,37.872355262316034,2.574708543933261,-0.18414390658049107
Treg,SLC3A1_SLC7A5,8915,0.00011217049915872125,0.0032154254217777586,28.665517635148717,2.9517728828897827,-0.7635130104939447
Treg,MSR1_MSR1,8915,0.03813796971396523,1.046945707809511,27.433084317816366,1.5433707123243168,-0.4088927525391337
Treg,CD36_CD36,8915,0.0010095344924284913,0.010533622059023808,10.434137850688582,2.115489062928294,-3.725978609407915
Treg,CPT1A_CPT1A,8915,0.01704991587212563,0.28578306505930146,14.875580260246352,1.1415585855831298,-1.6212469730288535
Treg,CD36_MSR1,8915,0.0013460459899046551,0.14381758758659327,67.23150728533888,2.455615772482293,-2.0346529954671313
Treg,SLC6A12_SLC6A12,8915,0.0,0.0,,2.991837587276638,-inf
Treg,SLC6A1_SLC6A1,8915,0.0,0.0,,2.9928110833340473,-inf
Treg,SLC22A1_SLC22A5,8915,0.0,0.0,,2.968313019495791,-inf
Treg,ABCA1_ABCA1,8915,0.01895681435782389,0.399495428971497,20.081028054204268,1.1968178529522746,-1.7275528300370808
Treg,ABCG2_CD36,8915,0.00011217049915872125,0.010363959190826137,68.62055820435967,2.903353252540583,-2.225417114810763
Treg,ABCB1_ABCG2,8915,0.00011217049915872125,0.001295442386385266,11.548868874624645,2.953790309691148,-2.2929803986233974
Treg,ABCB1_ABCB1,8915,0.0002243409983174425,0.0021367236554650578,9.524445694235496,2.821372782516481,-2.269212232690448
Treg,ABCG2_ABCG2,8915,0.0003365114974761638,0.00501221048145422,14.89461881405479,2.9086941871194494,-1.1301101547150352
Treg,SLC6A3_SLC6A3,8915,0.0012338754907459339,0.014143367346531535,11.462556354029875,2.33312509350201,-4.009224702415517
Treg,SLC22A5_SLC6A3,8915,0.00011217049915872125,0.005350695899896233,19.64904050896621,2.887425224195287,-5.455552733778634
Treg,ATP7B_ATP7B,8915,0.0,0.0,,2.9066573705579466,-inf
Treg,SLC20A2_SLC20A2,8915,0.0020190689848569826,0.021624537049063128,10.71015265513321,1.893024111902494,-3.3388659381659607
Treg,ATP7B_SLC20A2,8915,0.0,0.004788828873306619,,2.850400147619245,-inf
Treg,ATP7A_SLC20A2,8915,0.00089736399326977,0.09091857226715022,40.03135475570235,2.6639182040344833,-1.5978349801518184
Treg,ATP7A_ATP7A,8915,0.006057206954570948,0.061889499677691744,10.217497956048554,1.817128418510037,-2.0472339623661413
Treg,SLC19A1_SLC19A1,8915,0.0,0.0,,2.8747540647344003,-inf
Treg,CHRNA5_CHRNA5,8915,0.0,0.0,,2.972665066625881,-inf
Treg,CHRNA5_SLC29A1,8915,0.0,0.02486700084182352,,2.7614023358672837,-inf
Treg,ABCC3_SLC19A1,8915,0.00011217049915872125,0.004415421520764728,30.675407897216928,2.927876753555935,-4.629917159855593
Treg,ABCC4_ABCC4,8915,0.0011217049915872126,0.013598103112328038,12.122708924640445,2.399955808983907,-2.5993608343827783
Treg,ABCC4_FOLR1,8915,0.00011217049915872125,0.0677270942095359,66.4418371437639,2.61921187893731,-5.981767796654304
Treg,ABCC4_SLC19A1,8915,0.000448681996634885,0.008650678061256942,19.28019872902641,2.9474331773499975,-1.6243071915130092
Treg,ABCG2_FOLR2,8915,0.00011217049915872125,0.015896164256934596,31.018593420442812,2.82321265157448,-1.9897888663176209
Treg,FOLR1_FOLR1,8915,0.011329220415030847,0.3670435115423897,28.81844108375988,0.9820327234486365,-3.3838824807483845
Treg,FOLR1_SLC19A1,8915,0.0002243409983174425,0.017932919836836862,18.360422309550813,2.9065141079121792,-3.803776880707672
Treg,ABCC3_ABCC3,8915,0.0032529444756029162,0.04746706047065746,14.592029106755563,1.3200808711041845,-4.7170127398312856
Treg,FOLR2_FOLR2,8915,0.008412787436904094,0.12596885228041274,14.973497574398396,2.328473901249193,-0.27386989934061184
Treg,ABCC3_ABCC4,8915,0.0007851934941110488,0.03111131993952635,24.646895498579543,2.772916941553139,-1.7615673661789752
Treg,ABCC3_FOLR1,8915,0.0010095344924284913,0.15399350070634263,74.45567459191278,2.4647239210003464,-4.298731319610503
Treg,TRPV6_TRPV6,8915,0.0,0.0,,2.9991171767692832,-inf
Treg,LRP1_LRP1,8915,0.03286595625350533,0.8596661002032716,23.763563842128555,1.1990356050221005,-0.8041833818254626
Treg,SLC22A1_SLC22A4,8915,0.0,0.0,,2.9926993324226188,-inf
Treg,SLC29A3_SLC29A3,8915,0.005047672462142457,0.06694797745034345,13.263138199329152,2.0872296794939986,-1.5918857138206317
Treg,LRP2_LRP2,8915,0.00011217049915872125,0.002634279025016952,23.484597508026127,2.9556917430424963,-2.7009284731159218
Treg,SLC15A1_SLC15A1,8915,0.0,0.0,,2.9964833753489977,-inf
Treg,SLC22A1_SLC29A1,8915,0.0,0.006063139674468268,,2.898884010165086,-inf
Treg,CD38_CD38,8915,0.015367358384744812,0.25280844736158675,16.451002249843402,1.8980029958542304,-0.7232172743974112
Treg,ABCC8_ABCC8,8915,0.0,0.0,,2.996956108937254,-inf
Treg,SLC12A2_SLC12A6,8915,0.0014582164890633764,0.0843605741685876,32.40051169060716,2.6951556211723724,0.024602225988000978
Treg,SLC12A6_SLC12A6,8915,0.004711160964666293,0.052497293935332874,11.143175605559346,2.494091399156071,0.46039246293807273
Treg,SCARB1_SCARB1,8915,0.00089736399326977,0.007385029039964457,8.229691736410391,2.625960232605424,-1.773684815551236
Treg,ABCB1_SLCO1B1,8915,0.0,0.0,,2.9894662277023807,-inf
Treg,ABCC3_SLC22A1,8915,0.0,0.0,,2.979504072025027,-inf
Treg,SLCO1B3_SLCO1B3,8915,0.0,0.0,,2.998509376441526,-inf
Treg,ABCG2_SLCO2B1,8915,0.000448681996634885,0.07183991358831168,96.03975639310195,2.5112632273388047,-0.9955944879988267
Treg,ABCB1_SLCO1C1,8915,0.00011217049915872125,0.002562869100012123,22.847978026608075,2.985094507008054,-0.12305539718108509
Treg,ABCC2_ABCC2,8915,0.0,0.0,,2.9724139702767656,-inf
Treg,ABCC2_ABCC3,8915,0.0,0.016880010558808514,,2.8508997587790303,-inf
Treg,ABCC1_ABCC2,8915,0.0023555804823331464,0.07194268135964887,23.221967561445815,2.764567943884909,1.5049758254319572
Treg,ABCC1_ABCC3,8915,0.0020190689848569826,0.6866627326950067,58.24101484759141,2.242854428772711,0.3694608547754761
Treg,ABCC3_SLCO1B1,8915,0.0002243409983174425,0.005630826480327263,25.099409036058773,2.977937094214119,-0.9304103192386891
Treg,ABCC1_ABCC4,8915,0.0038137969713965226,0.33363774532772705,32.84052774398191,2.521695966214776,0.894523349956751
Treg,ABCC1_ABCC1,8915,0.064385866517106,1.1831325525620056,16.97865868101641,1.1756389886487877,0.23497025892058235
Treg,ABCC2_SLCO1C1,8915,0.0,0.0,,2.9905938597652013,-inf
Treg,ABCB1_SLC10A1,8915,0.0,0.0,,2.994614616129834,-inf
Treg,ABCB1_SLC22A2,8915,0.0,0.0,,2.991249181719101,-inf
Treg,ATP7A_TAP1,8915,0.002131239484015704,0.7501805961117423,92.23442360757959,1.714639427619326,-1.8190216387428693
Treg,TAP1_TAP1,8915,0.0727986539540101,4.299877631509935,37.24009483467365,0.8280530934966411,-0.26568517557531557
Treg,SLC10A1_SLC22A2,8915,0.0,0.0,,2.998946279431007,-inf
Treg,AQP5_ATP7B,8915,0.0,0.0,,2.9746535621850683,-inf
Treg,AQP4_AQP5,8915,0.00011217049915872125,0.004202077281069318,19.80891450437707,2.9699633345644805,-4.525440516370043
Treg,AQP5_AQP7,8915,0.0,0.005187066117905882,,2.852749606900942,-inf
Treg,AQP7_AQP7,8915,0.0014582164890633764,0.0160323325434665,10.994480355769527,1.8197228004662853,-4.563670935505847
Treg,AQP5_ATP7A,8915,0.00011217049915872125,0.008861492158788571,47.56500806056704,2.7818071454561824,-2.9955944879988268
Treg,AQP4_ATP7B,8915,0.0,0.0,,2.962538737453672,-inf
Treg,AQP7_ATP7A,8915,0.0002243409983174425,0.027350177301489448,26.502232620029986,2.648273703064422,-4.365388894151447
Treg,AQP9_AQP9,8915,0.000448681996634885,0.0034786728558487924,7.753092127472996,2.8056545484865714,-3.437538679907283
Treg,AQP5_AQP5,8915,0.000448681996634885,0.0016013103236289898,3.568920383788111,2.7721514162722616,-3.4128030863192977
Treg,AQP4_AQP4,8915,0.0007851934941110488,0.011254057422718348,14.332845989076295,2.152658586195362,-4.291632715161651
Treg,ABCC1_SLC22A5,8915,0.0023555804823331464,0.2586591177573711,31.28277009148646,2.48339915313029,0.5819378072468413
Treg,ABCC4_SLC22A5,8915,0.0003365114974761638,0.020024460877895674,29.838731738249255,2.826511027935753,-2.5721635725496212
Treg,ABCC2_SLC22A4,8915,0.0,0.0,,2.978888248330154,-inf
Treg,ABCC4_SLC22A4,8915,0.000448681996634885,0.014404630428775326,32.104320068133006,2.9490533075259298,-1.5708679325515489
Treg,ABCC2_SLC22A5,8915,0.00011217049915872125,0.008379329520350828,40.39862589627364,2.9212796508747014,-1.7770595423318927
Treg,ABCC3_SLC22A5,8915,0.0006730229949523276,0.0376160298816819,27.48326405119646,2.759493120475329,-2.746398989630097
Treg,SLC4A1_SLC4A1,8915,0.0,0.0,,2.9982054762776467,-inf
Treg,SLC24A4_SLC24A4,8915,0.0,0.0,,2.9942152696583655,-inf
Treg,SLC24A1_SLC24A1,8915,0.0006730229949523276,0.004046626618068185,6.012612716679645,2.5599771955457546,-2.397536329665987
Treg,CLCN3_CLCN5,8915,0.0014582164890633764,0.04375132516496534,25.09064830785708,2.8302570691365667,-0.3931445605488292
Treg,CLCN3_CLCN3,8915,0.012787436904094224,0.15219703489702874,11.902075141289574,1.4607338239608068,-1.9775925297046009
Treg,CLCN4_CLCN5,8915,0.0002243409983174425,0.004514549228421519,15.320875078082395,2.9221469009940026,-3.164875572875712
Treg,CLCN3_CLCN4,8915,0.0015703869882220977,0.057618206231886696,25.42632895725103,2.7732626172018513,-0.6460901487590393
Treg,CLCN5_CLCN5,8915,0.0002243409983174425,0.0018885523559699251,8.418222126735941,2.7602450235857994,-3.4171355071153307
Treg,CLCN4_CLCN4,8915,0.0005608524957936063,0.0035858784259612214,6.393621233488858,2.418515386248395,-3.735338503901753
Treg,SLC9A3_SLC9A3,8915,0.000448681996634885,0.005021076024588218,11.190723189800991,2.487749026028227,-4.198613195511539
Treg,SLC9A1_SLC9A1,8915,0.012002243409983175,0.1359017695733386,11.323030614451529,1.6460410847240567,-1.4743455516997905
Treg,SLC9A1_SLC9A3,8915,0.0019068984856982613,0.06474106344368603,22.499979513133177,2.8069730974497227,-0.5646785584593956
Treg,SLC6A17_SLC6A17,8915,0.0,0.0,,2.997091175676755,-inf
Treg,SLC6A17_SLC6A5,8915,0.0,0.0,,2.9992967306088887,-inf
Treg,SLC6A17_SLC6A9,8915,0.0,0.0,,2.9704979105559497,-inf
Treg,SLC6A5_SLC6A5,8915,0.0,0.0,,2.992014697337484,-inf
Treg,SLC6A9_SLC6A9,8915,0.0006730229949523276,0.0055912013438750505,8.307593330107679,2.1963888851264,-4.119515039475837
Treg,SLC26A2_SLC26A2,8915,0.0016825574873808188,0.01677145116516708,9.967832475830969,2.217123046658215,-2.066075780514376
Treg,ORAI2_ORAI3,8915,0.0014582164890633764,0.22171988153447458,36.93193423279607,2.506825099784414,-0.8369900226919502
Treg,ORAI2_ORAI2,8915,0.013236118900729107,0.16063165237320215,12.135857465314384,1.7411606402923743,-1.013260561488386
Treg,ORAI3_ORAI3,8915,0.010095344924284913,0.10206499999662136,10.110105277443104,1.7366835989420375,-1.4564417122489912
Treg,SCNN1G_SCNN1G,8915,0.00011217049915872125,0.00042547667435925934,3.793124551912797,2.67784355072603,-6.060039679971393
Treg,SCNN1A_SCNN1A,8915,0.004598990465507572,0.12280595620345311,24.34470507540391,1.044814107597744,-4.579426017537408
Treg,SCNN1A_SCNN1G,8915,0.00011217049915872125,0.01749855962498542,31.291202497794075,2.9310054142656363,-5.182797480872974
Treg,SLC23A2_SLC23A2,8915,0.00179472798653954,0.023356913447324934,13.014180211431361,2.4142124078415237,-1.1853396754354277
other,SLC2A4_SLC2A4,231605,0.0002245201960234019,0.0028089630635620335,12.510959429543938,2.9930628600079574,0.15820444897134597
other,SLC2A9_SLC2A9,231605,0.0006303836272964746,0.005532583280203841,8.776533908298703,2.801242924402121,-1.5251953658712816
other,SLC2A1_SLC2A1,231605,0.025534854601584594,0.2002234309632776,7.841181557025687,1.9346225025917683,0.0756493600661
other,SLC2A3_SLC2A9,231605,0.0013514388722177845,0.19784220902113486,32.814527531318944,2.550039677336729,-0.2294963457370444
other,SLC2A3_SLC2A3,231605,0.0636255693961702,3.503152498794883,38.454804046746844,0.9311407691615199,-0.1011550925731913
other,SLC2A1_SLC2A9,231605,0.001627771421169664,0.043346056007400165,19.05735220865068,2.8270355548214576,-0.36628419272349494
other,SLC7A7_SLC7A7,231605,0.011588696271669438,0.1440941201255015,12.43402335755096,1.736758882453761,-1.4087804712974679
other,SLC38A7_SLC3A2,231605,0.004935126616437469,0.38400369932611533,30.82714119761278,2.3739132979628716,0.030338883658349993
other,SLC38A7_SLC7A5,231605,0.0022192957837697804,0.09086733808375184,18.053351777187267,2.761969520408662,0.08339212888123951
other,SLC1A5_SLC1A5,231605,0.07861229248073229,1.2715714153545876,14.745933545507745,1.2086179136800053,0.15105112986325753
other,SLC1A5_SLC38A7,231605,0.0020854472053712138,0.5245960182430676,28.895314969673674,2.4870112621744007,-0.033320089077134775
other,SLC3A2_SLC7A5,231605,0.0022279311759245265,0.3276542748349641,29.36112331655517,2.5861436270736373,-0.12025787287074642
other,SLC7A5_SLC7A7,231605,0.0008937630880162345,0.09871019919437068,34.30256102431163,2.6269837186786433,-0.7862272271123625
other,SLC38A7_SLC38A7,231605,0.0121888560264243,0.06196756098883716,5.083952165362958,2.225335732128149,0.04777354282383815
other,SLC1A5_SLC3A2,231605,0.0024481336758705556,1.7692355789842251,55.1658361106994,2.0336106885295147,0.041637171022869235
other,SLC38A7_SLC7A7,231605,0.0012694026467476955,0.12196424818992341,31.213279184026685,2.5884560372823735,-1.2749886120490377
other,SLC3A2_SLC3A2,231605,0.06015414174996222,0.6923086287478941,11.092159341002768,1.3364744030984395,0.01564513007718811
other,SLC3A2_SLC7A7,231605,0.001752984607413484,0.4739380698173988,48.18500974436927,2.337794070607894,-0.8817217354414133
other,SLC7A5_SLC7A5,231605,0.008026597007836618,0.047848500860918,5.9612437019327125,2.396949211736454,0.04661275784536082
other,SLC1A5_SLC7A5,231605,0.0022279311759245265,0.4228959941225039,30.987741530080058,2.520747256700489,-0.02286111007616678
other,SLC43A2_SLC7A11,231605,0.0005181235292847737,0.005801907943810716,10.51910511260541,2.950052660874503,-0.34368958978766584
other,SLC1A5_SLC7A11,231605,0.00043176960773731135,0.030885686197199877,15.807679718870624,2.8368839653900024,0.05099484753501046
other,SLC7A11_SLC7A11,231605,0.00010362470585695472,0.0006032111036457167,5.821112819161091,2.993997486235534,-0.1499178463909858
other,SLC1A5_SLC43A2,231605,0.0018479739211156928,0.5268181198572737,35.641657370583516,2.3772777120620865,-0.01578117373944939
other,SLC43A2_SLC43A2,231605,0.010707886271885321,0.07206606273005968,6.730185668788496,2.03632782002108,-0.41984383183523505
other,SLC43A2_SLC7A5,231605,0.0014939228427710974,0.0686736756034113,21.04823272778617,2.741688962618772,-0.347376031589443
other,SLC16A1_SLC16A1,231605,0.0003065564214934911,0.00283145135239929,9.236313950316022,2.928268384481199,-0.5509175122695469
other,SLC16A4_SLC16A4,231605,0.06631549405237365,0.6779239631292749,10.213905236949001,1.5139573776511213,0.21481427841809692
other,SLCO2B1_SLCO2B1,231605,0.028622007296906372,0.6948265689484137,22.50618202718394,1.273887424156751,-1.1605426869281121
other,SLC22A5_SLC22A5,231605,0.01767664774076553,0.09965711637249328,5.637783692587031,2.1195707344178127,0.2155876265473784
other,SLC16A1_SLCO2B1,231605,0.00045767578420155005,0.08135590759815685,69.59615433868697,2.646965143107746,-1.001313329407801
other,SLC3A2_SLC7A11,231605,0.0005872066665227434,0.025478816177418723,16.53490242197629,2.872622856261858,-0.09036100171053105
other,SLC1A3_SLC3A2,231605,0.00019429632348179013,0.031834403540274975,42.30086703278007,2.572582176062923,-2.367148562611655
other,SLC1A2_SLC1A5,231605,0.00072105524492131,0.06354668821764388,33.4389686318669,2.697129024285985,0.23943300922420854
other,SLC1A1_SLC3A2,231605,0.0034714276462079834,0.27984925495556107,33.995594264772386,2.4506146523428236,0.23493293228898207
other,SLC1A1_SLC1A1,231605,0.0082381641156279,0.0629388023249413,7.6399063482536835,2.5346663295654595,0.24410187161877506
other,SLC1A2_SLC1A2,231605,0.0003497333822672222,0.002390644451630948,6.835619854567725,2.974237088010059,0.24741765115439904
other,SLC1A2_SLC7A11,231605,0.00013384857839856653,0.0013858959415352333,10.354207404492508,2.989036332802007,0.1318531220243939
other,SLC1A3_SLC1A3,231605,0.0004144988234278189,0.004729923567565638,11.411186956937913,2.809461782706321,-2.533622138865038
other,SLC1A1_SLC1A5,231605,0.004529263185164396,0.3692317400353002,36.65437342600965,2.3730148397345334,0.24463617996393625
other,SLC1A1_SLC1A2,231605,0.0009455754409447119,0.008214824381023597,8.687645665602604,2.9395975530454654,0.22612552127199434
other,SLC1A1_SLC7A11,231605,0.0006951490684570713,0.006374538189833835,9.17003054320786,2.962703524776942,0.24730837677139744
other,SLC16A1_SLC1A3,231605,0.0002763325489518793,0.007459690807179971,22.87834283313653,2.951420972627798,-0.8744316995109354
other,SLC1A2_SLC3A2,231605,0.0005051704410526543,0.04608122650439305,33.03772438715538,2.736511999125535,0.2047470349083764
other,SLC3A1_SLC7A11,231605,7.771852939271604e-05,0.0008978488909872948,11.552571799839578,2.99450322833265,0.265119652887858
other,SLC3A1_SLC3A2,231605,0.0003713218626540878,0.028231639235884256,38.485405580589145,2.848856303188532,0.21565097662355834
other,SLC3A1_SLC3A1,231605,0.000341097990112476,0.0021960660499397567,6.438226297421486,2.9952547920400394,0.2113483964468772
other,SLC39A8_SLC39A8,231605,0.07456661125623368,1.3161258290222528,16.519243256680312,1.2753905575466014,0.17054907998744445
other,SLC30A8_SLC39A8,231605,0.0001597547548628052,0.016566012965720644,34.369794663204836,2.873252369409436,0.2266455050732222
other,SLC3A2_SLC40A1,231605,0.004866043479199499,5.50302221348586,117.65745733518197,1.33363123502528,-0.03747771455079055
other,SLC11A1_SLC11A1,231605,0.00013816627447593965,0.0013032531583616353,9.43249836694833,2.9402090486543493,-3.270155723732945
other,SLC11A2_SLC40A1,231605,0.003497333822672222,9.607368025919394,133.53080465527322,1.150755469031083,-0.2126536017389483
other,CUBN_SLC11A2,231605,0.0012391787742060836,0.14406895346605042,41.14435634174813,2.5293856363168974,0.22057321393459606
other,SLC11A1_SLC11A2,231605,0.0001597547548628052,0.0270349517719287,44.475473942740756,2.5646120570585658,-2.2803144836466607
other,CUBN_CUBN,231605,0.000682195980224952,0.005064766846867768,7.424210921321579,2.9238799000482905,0.20257818681914516
other,SLC11A2_SLC11A2,231605,0.08462684311651303,2.054968764657368,19.57658083128418,1.0327162790581357,0.04396856729584594
other,CUBN_SLC40A1,231605,0.0016061829407827983,0.30481376543392463,73.31818714431796,2.2940911473332384,0.21556382841362584
other,SLC11A1_SLC3A2,231605,0.00011226009801170095,0.01679863982452265,38.32254683119884,2.6777976998866584,-2.589029480648687
other,SLC11A2_SLC3A2,231605,0.0017702553917229766,2.2074969559831374,56.58466008057479,1.9555258435784446,-0.289019924366398
other,SLC40A1_SLC40A1,231605,0.12911638349776558,13.328005216651496,63.45399295464081,0.760568014267004,0.0538107306804263
other,SLC16A9_SLC22A5,231605,0.0007555968135402949,0.03526516681434719,24.018820117282065,2.831477459080825,0.22447766839051203
other,SLC22A4_SLC22A4,231605,0.01669653073120183,0.4713386102936967,28.22973334292,2.5895748569883295,0.2502731617869919
other,SLCO1B1_SLCO1B1,231605,2.590617646423868e-05,0.00036498855681521173,14.088862450197851,2.9983397287808935,0.265119652887858
other,SLC16A9_SLC22A4,231605,0.001632089117247037,0.0841107105337425,47.302025371736136,2.935492416877349,0.2537148896156087
other,SLC22A4_SLC22A5,231605,0.003454156861898491,0.18136039295473488,30.681321685106223,2.740186240446138,0.23125620102157393
other,SLC16A9_SLC16A9,231605,0.0013773450486820233,0.012208260818841708,8.863618328990075,2.9247675389578607,0.23823635873691076
other,SLC10A1_SLC5A5,231605,8.635392154746228e-06,0.0002601654113720251,30.127805050408938,2.9994779960210716,-0.319842847833298
other,SLC5A5_SLC5A7,231605,2.158848038686557e-05,0.000594418286509045,27.534049449385474,2.9983416743678637,0.265119652887858
other,SLC5A1_SLC5A7,231605,0.00013384857839856653,0.0022698290181072493,16.958185475442885,2.987692999662169,0.26511965288785827
other,SLC12A2_SLC12A2,231605,0.10689751948360354,2.1547386004388573,19.574357332628868,1.275768361412781,0.21822377916928823
other,SLC12A2_SLC22A5,231605,0.003955009606873772,0.8405911279045863,30.232958097949336,2.447403719699812,0.17358610342191588
other,SLC5A5_SLC5A5,231605,9.49893137022085e-05,0.0012280566946537867,12.92836685296774,2.9990600144833643,0.26511965288785827
other,SLC1A5_SLC5A1,231605,0.0018479739211156928,0.12134224128453362,26.003748496416495,2.697784386073221,0.16423629587519714
other,SLC1A5_SLC22A5,231605,0.002318602793549362,0.630963278752456,30.865464704575686,2.4285553997800875,0.1050792403773899
other,SLC22A5_SLC5A1,231605,0.002659700783661838,0.05170199370122577,18.312292330134138,2.8716093848884263,0.22584450415441815
other,SLC5A1_SLC5A1,231605,0.0034714276462079834,0.04516525018440106,13.01056936437588,2.8998788737472943,0.2543932462947997
other,SLC29A1_SLC29A1,231605,0.07818484056907234,1.369326215025601,15.720795030022964,1.17238976371235,0.07777249938871005
other,SLC12A2_SLC5A3,231605,0.005064657498758662,2.3044765877347957,54.36713098680135,2.0407497788133444,0.1990121055461872
other,SLC22A4_SLC5A3,231605,0.0013600742643725308,0.2573925613313963,46.91660027896369,2.4499634972204403,0.19364026446791904
other,SLC5A7_SLC5A7,231605,6.044774508322359e-05,0.00042209093290425327,6.982740751092114,2.9988594103324293,0.265119652887858
other,SLC12A2_SLC1A5,231605,0.0068910429394874895,2.9650110491709536,56.86449800829269,1.9641283670829512,0.2092664181543407
other,SLC1A5_SLC5A3,231605,0.0024869929405669134,1.7964272809817898,56.61192733108703,2.0085129669221953,0.038439873148311876
other,SLC22A5_SLC5A3,231605,0.00564322877312666,0.5161826679283948,33.33427890078055,2.3213232874872576,0.21841938674509823
other,SLC12A2_SLC5A1,231605,0.0018177500485740809,0.1119782755558502,24.626015904880312,2.6879026966433224,0.20143636242959473
other,SLC22A4_SLC5A1,231605,0.007106927743356145,0.1878191972607059,25.84537962129311,2.9245832897279893,0.25290074707519655
other,SLC5A1_SLC6A4,231605,0.00072105524492131,0.06319729792382428,59.76025049008031,2.807833904915473,0.21419571772518545
other,SLC5A3_SLC5A3,231605,0.06489928973899527,0.8463519453418497,12.595176938890006,1.3373220031229562,0.12718863938026015
other,SLC22A4_SLC5A7,231605,0.00041881651950519203,0.00846542406482017,20.212727221986345,2.9769997441194054,0.2211763053002611
other,SLC5A1_SLC5A5,231605,0.00017270784309492455,0.002595870857599555,15.030416749358622,2.9889238628344925,0.1947303249964602
other,SLC1A5_SLC29A1,231605,0.0027935493620604044,2.419530353434412,60.37994260854621,1.9131982554592986,0.07331100073421458
other,SLC22A5_SLC29A1,231605,0.008134539409770946,0.6844730379732082,35.57826783567856,2.238706631874953,0.20292166022211108
other,SLC22A4_SLC5A5,231605,0.0004404049998920576,0.009410342611147204,21.367474514262238,2.978576461553464,0.25104446767613525
other,SLC12A2_SLC29A1,231605,0.00793160769413441,3.1912602085745765,59.25481409928284,1.955456538992084,0.20211656780382725
other,SLC6A4_SLC6A4,231605,0.03053474665918266,0.7301321637063957,23.911518633373838,2.0028764597975632,0.19698581246013397
other,SLC22A4_SLC29A1,231605,0.0013125796075214265,0.2890935247083851,49.563583688576244,2.375820177891371,0.08259461466591213
other,SLC29A1_SLC5A3,231605,0.0027546900973640467,1.9319536211979185,59.037165099663056,2.002337669599004,0.039500446397489605
other,SLC22A1_SLC22A2,231605,1.7270784309492456e-05,0.00034726030277826145,20.10680560623981,2.9981550484438646,-0.05680844199950413
other,SLC22A1_SLC22A1,231605,2.158848038686557e-05,0.0002471378374020949,11.447671766302438,2.9980187867665284,0.0020852470540640724
other,SLC3A2_SLC43A2,231605,0.0016752660780207681,0.38758943302385396,35.10841482050014,2.4465964048109985,-0.370981696825099
other,SLC3A1_SLC7A5,231605,0.00020724941171390945,0.007405950808763628,18.628611784155318,2.9497265954005067,0.12216169904581518
other,MSR1_MSR1,231605,0.01568187215301915,0.3047076005453752,19.41308086896465,1.5221104736489643,-1.6910229925673168
other,CD36_CD36,231605,0.010966948036527709,0.15206503211202801,13.865756599333169,2.1204801679531675,-0.28457862037209536
other,CPT1A_CPT1A,231605,0.05628548606463591,1.0195631359513575,14.872672849816842,1.1712713812835664,0.10175135908472882
other,CD36_MSR1,231605,0.001252131862438203,0.2513303699054051,62.53021328786181,2.508196405969058,-2.1389941973547493
other,SLC6A12_SLC6A12,231605,5.613004900585048e-05,0.00021014501817847653,3.743895148863543,2.9931548495099842,-0.734880347112142
other,SLC6A1_SLC6A1,231605,0.00011657779408907407,0.001050720984410317,9.013045688679684,2.993027596554545,0.265119652887858
other,SLC22A1_SLC22A5,231605,0.00011226009801170095,0.004449031222740174,17.38724487262018,2.946757833971805,0.265119652887858
other,ABCA1_ABCA1,231605,0.05143239567366853,0.9595232106968258,16.648385706773322,1.2172895263509957,-0.2875920189185614
other,ABCG2_CD36,231605,0.000341097990112476,0.029616001270274684,39.737308352580946,2.8292635138884816,-0.6209241578150563
other,ABCB1_ABCG2,231605,0.0005051704410526543,0.013316566330604367,25.147461919306057,2.9425261130173617,-0.12190347022138902
other,ABCB1_ABCB1,231605,0.001101012499730144,0.012983339875831555,11.79218208604693,2.8203219308755134,0.02585341298701372
other,ABCG2_ABCG2,231605,0.0006735605880702057,0.006991233110587084,10.379516311394369,2.9084795112976303,-0.12895822775533963
other,SLC6A3_SLC6A3,231605,0.023483948964832364,0.3536084204043615,15.05745140793384,2.3426819793443943,0.24118159823110275
other,SLC22A5_SLC6A3,231605,0.005785712743679973,0.19030870546715956,26.28968405848011,2.7792938753345386,0.23317676038510396
other,ATP7B_ATP7B,231605,0.0008980807840936076,0.008473309404535084,9.434907810756481,2.905528680275108,0.25131385336282747
other,SLC20A2_SLC20A2,231605,0.023483948964832364,0.17291199007595207,7.362986111700842,1.899835075257138,0.20104697967564453
other,ATP7B_SLC20A2,231605,0.0006778782841475789,0.04817151603937746,30.959754820821363,2.766932845216689,0.24685744649512978
other,ATP7A_SLC20A2,231605,0.003035340342393299,0.2908496990481613,27.154278249389005,2.5028064813343613,0.1602581077393209
other,ATP7A_ATP7A,231605,0.02783186891474709,0.17903819633077023,6.4328485046832204,1.8244077404927272,0.15277921734853855
other,SLC19A1_SLC19A1,231605,0.0011571425487359945,0.006461285908816387,5.5838288168336545,2.8752339468890953,0.2122677706221229
other,CHRNA5_CHRNA5,231605,0.0004231342155825651,0.0015521030813296242,3.6681105525647717,2.9719597121610297,0.23597330722834153
other,CHRNA5_SLC29A1,231605,0.0008808099997841152,0.06701425917522022,32.45783723975979,2.6865951659498366,0.19607800845820672
other,ABCC3_SLC19A1,231605,0.0031389650482502537,0.12191381685406003,14.616829556377994,2.7265285550245077,0.17660660288260494
other,ABCC4_ABCC4,231605,0.0076768636255693965,0.06165709951240304,8.031548106057427,2.403010699509015,0.175462888378233
other,ABCC4_FOLR1,231605,0.00819498715485417,0.6263829657509602,49.14342958212159,2.367306258692855,0.2092086891854088
other,ABCC4_SLC19A1,231605,0.0015414174996222017,0.022177642947471685,13.294984078280011,2.886608881265628,0.15618528133469417
other,ABCG2_FOLR2,231605,0.0003540510783445953,0.02183490759859805,36.15975906003511,2.8786589167405308,-0.3315246528809333
other,FOLR1_FOLR1,231605,0.13643056065283565,4.586719348786494,31.814960704331703,1.156920907506493,0.20616387056786492
other,FOLR1_SLC19A1,231605,0.0035966408324518036,0.25060122876066815,20.101318406188962,2.6077453651786304,0.19910801347647913
other,ABCC3_ABCC3,231605,0.09925519742665313,1.7070232041805433,17.095675882588104,1.4178179166700287,0.21431180769515468
other,FOLR2_FOLR2,231605,0.003415297597202133,0.044509855884892875,13.032497057168918,2.325966228884819,-1.5744424965450972
other,ABCC3_ABCC4,231605,0.003035340342393299,0.37611511778273116,30.824699819806046,2.5610860205373416,0.1891707996545595
other,ABCC3_FOLR1,231605,0.023367371170743292,5.144736780725261,75.45482503797076,2.13064587088925,0.23400201174232577
other,TRPV6_TRPV6,231605,4.749465685110425e-05,0.0004907335665885685,10.33239524452231,2.9988726287537895,0.13958877080399917
other,LRP1_LRP1,231605,0.051065391507091815,1.2957667032947024,22.709551873809772,1.2126125814777666,-0.16843147732964478
other,SLC22A1_SLC22A4,231605,7.771852939271604e-05,0.004176288217066144,51.48432260077502,2.9805797763883377,0.265119652887858
other,SLC29A3_SLC29A3,231605,0.009697545389780014,0.0592547317319151,6.1102814527026705,2.088609596674211,-0.6498843889311018
other,LRP2_LRP2,231605,0.0008549038233198765,0.007268600669668311,8.502243727770349,2.955304377759548,0.22914035578229147
other,SLC15A1_SLC15A1,231605,6.908313723796982e-05,0.00035173593646118257,5.091487597755762,2.9959614430093007,0.26511965288785827
other,SLC22A1_SLC29A1,231605,0.00018134323524967078,0.015447370642741919,32.32820690461284,2.865959323470378,0.07247457494546197
other,CD38_CD38,231605,0.026743809503249068,0.4219706245420847,15.778254197137478,1.903898518562059,0.07611851913532895
other,ABCC8_ABCC8,231605,3.885926469635802e-05,0.0004420792098645736,11.37641726674273,2.997268827536379,0.265119652887858
other,SLC12A2_SLC12A6,231605,0.0015370998035448284,0.29767084629718865,29.78032468124339,2.5202796224770623,0.10060814763190996
other,SLC12A6_SLC12A6,231605,0.0029835279894648214,0.021800296113447467,7.306885067083937,2.4912204097460147,-0.19867085063382536
other,SCARB1_SCARB1,231605,0.0014896051466937242,0.018495582368194274,12.416432911262708,2.6235333110114336,-1.042520055067101
other,ABCB1_SLCO1B1,231605,5.613004900585048e-05,0.0017329333255131816,30.87354021965234,2.985802047077613,-0.42675805174980996
other,ABCC3_SLC22A1,231605,0.0004965350488979081,0.014458977062627498,13.691656914956903,2.8894089611388845,0.17987236626934686
other,SLCO1B3_SLCO1B3,231605,2.158848038686557e-05,0.0007086747713023775,32.826524081497425,2.9982684630602088,0.265119652887858
other,ABCG2_SLCO2B1,231605,0.00044472269596943073,0.10140401323917078,66.71977706198352,2.622857341535872,-1.0083817519970044
other,ABCB1_SLCO1C1,231605,0.00010794240193432784,0.002712663377565086,25.13065606243847,2.9820234156312964,-0.17848699858775674
other,ABCC2_ABCC2,231605,0.00032814490188035663,0.0018292479691818999,5.574512840820709,2.973182514820655,0.2092664181543407
other,ABCC2_ABCC3,231605,0.0008376330390103841,0.04258718743633661,32.40562304226983,2.808881976029115,0.20682101232319097
other,ABCC1_ABCC2,231605,0.0007469614213855487,0.050582200340655734,21.722404301313464,2.777395257610652,-0.1520011608914747
other,ABCC1_ABCC3,231605,0.0015500528917769478,1.9792011802879053,65.2526385488226,2.246526519704114,-0.011911904025181322
other,ABCC3_SLCO1B1,231605,0.0004792642645884156,0.012699688973684129,12.51566411213013,2.8950590743783042,0.16471775593002055
other,ABCC1_ABCC4,231605,0.001999093283823752,0.34488102447741986,33.402241187319184,2.5001020373870038,-0.037358899214748206
other,ABCC1_ABCC1,231605,0.05505926037866195,0.9911182226691868,14.927518113275042,1.1662945381110348,0.009211455053970011
other,ABCC2_SLCO1C1,231605,7.340083331534293e-05,0.0012998465274916121,17.708879705864405,2.9908638086042485,0.030654399250835136
other,ABCB1_SLC10A1,231605,5.181235292847736e-05,0.0010304227558098763,19.887588529945532,2.992313085589954,-0.1499178463909858
other,ABCB1_SLC22A2,231605,8.635392154746227e-05,0.001866251398344976,21.61165775568441,2.9880675651547763,0.0020852470540640724
other,ATP7A_TAP1,231605,0.008121586321538827,1.7022759317390461,62.56532324903375,1.8027329700303483,0.11104719015534391
other,TAP1_TAP1,231605,0.08501111806739924,4.796366076215844,37.088052788414096,0.8472060627402628,-0.0419454162715231
other,SLC10A1_SLC22A2,231605,4.317696077373114e-06,0.00025276773367861064,58.54227095863462,2.9994471435117345,0.26511965288785827
other,AQP5_ATP7B,231605,0.0011441894605038752,0.022434888629607262,18.50191392440465,2.9266805139493437,0.25427227065086583
other,AQP4_AQP5,231605,0.002992163381619568,0.07180172168171181,20.277923537213194,2.831416875398364,0.21198323458577392
other,AQP5_AQP7,231605,0.0024481336758705556,0.10511825380588925,23.992009972653662,2.7322386055467187,0.24993324907318232
other,AQP7_AQP7,231605,0.040918805725264996,0.35823474388724474,8.754770270972388,1.840410403735562,0.2468162776396935
other,AQP5_ATP7A,231605,0.0010492001468016667,0.07235207886218487,22.469197097163924,2.700865259595762,0.2299302244255582
other,AQP4_ATP7B,231605,0.0019559163230500206,0.04567267722391291,22.430607940744594,2.866474021665095,0.20890364332131006
other,AQP7_ATP7A,231605,0.005496427106495973,0.4480769416012345,26.51530561206901,2.4981867411971668,0.24934001856851426
other,AQP9_AQP9,231605,0.0005828889704453704,0.009156018540176081,15.707997585166527,2.8067226751895396,-3.060010874037848
other,AQP5_AQP5,231605,0.005625957988817167,0.04743828120431962,8.432036161417074,2.7739777548104736,0.2355304910674406
other,AQP4_AQP4,231605,0.017715507005461886,0.2281318026713438,12.877520389397167,2.156554753746475,0.2041880104918839
other,ABCC1_SLC22A5,231605,0.001554370587854321,0.5263556882533912,33.16916758983754,2.416616800482256,-0.01781431038364069
other,ABCC4_SLC22A5,231605,0.002253837352388765,0.0975969071599991,20.30961723608789,2.7041231642770867,0.17149213211771044
other,ABCC2_SLC22A4,231605,0.0007426437253081756,0.03731392150406389,48.39500108117848,2.9530421466406556,0.25675617995323124
other,ABCC4_SLC22A4,231605,0.001519829019235336,0.0698941142282805,40.219492720027525,2.8652969034115725,0.18927589490435198
other,ABCC2_SLC22A5,231605,0.0004490403920468038,0.018595062273611466,22.729866593029083,2.874690264606557,0.22409238462780331
other,ABCC3_SLC22A5,231605,0.005215776861466721,0.7276515320985599,28.065485040702907,2.5097533106207144,0.20775545779242924
other,SLC4A1_SLC4A1,231605,6.476544116059671e-05,0.0010917103629885041,16.856371907996834,2.9982352088508843,0.17201024849637675
other,SLC24A4_SLC24A4,231605,6.908313723796982e-05,0.0008580999065412041,12.421264303404723,2.9937740982386876,-0.319842847833298
other,SLC24A1_SLC24A1,231605,0.003955009606873772,0.026826769563155203,6.7829846775923155,2.556723780648969,0.15741716652840432
other,CLCN3_CLCN5,231605,0.001938645538740528,0.12263584296708174,19.44658725272384,2.7210123950523384,0.017699564869829217
other,CLCN3_CLCN3,231605,0.05608255434899937,0.48843900922317124,8.679935509853317,1.4778067977268061,0.15523240903548757
other,CLCN4_CLCN5,231605,0.00235746205824572,0.03995151133038407,11.76191200643671,2.8613223689334433,0.2285937768627442
other,CLCN3_CLCN4,231605,0.002694242352280823,0.25946210593294344,23.670971341844748,2.6157458219379346,0.13266935686420844
other,CLCN5_CLCN5,231605,0.0025906176464238683,0.011685359208077752,4.510646032311413,2.7555920563079614,0.11239539219915409
other,CLCN4_CLCN4,231605,0.008661298331210467,0.042125791327312465,4.8636809074587255,2.422119001008179,0.2135515006416689
other,SLC9A3_SLC9A3,231605,0.009684592301547895,0.04564303910740597,4.712954111667749,2.4894600348375886,0.23331291839333695
other,SLC9A1_SLC9A1,231605,0.035392154746227415,0.2580127524019647,7.289753571800814,1.6520750131722637,0.08577995327648542
other,SLC9A1_SLC9A3,231605,0.0030310226463159257,0.18142638818583665,18.694614967818552,2.694713290116832,0.1038980294134295
other,SLC6A17_SLC6A17,231605,0.00032814490188035663,0.004250674348932917,12.953650428744844,2.9970559861336676,0.265119652887858
other,SLC6A17_SLC6A5,231605,0.0005440297057490123,0.027484921816548758,50.52099458191885,2.9963194773101187,0.265119652887858
other,SLC6A17_SLC6A9,231605,0.00012953088232119342,0.005655862560242661,22.885526498399024,2.9415930825514187,0.21781393810950156
other,SLC6A5_SLC6A5,231605,0.0017011722544850068,0.05205935809762879,30.60204982792212,2.9925366796762627,0.25781485226462453
other,SLC6A9_SLC6A9,231605,0.013760497398588114,0.10082482632356349,7.327120772095676,2.2021618828979235,0.23421797239946407
other,SLC26A2_SLC26A2,231605,0.007802076811813216,0.07494354828524233,9.605589651689845,2.2205420000678386,0.1471266235603086
other,ORAI2_ORAI3,231605,0.002681289264048704,0.3836958265826245,32.70351679050874,2.426545240448151,0.0417319262060428
other,ORAI2_ORAI2,231605,0.028699725826299087,0.22690519131178113,7.906179755343023,1.743962446157641,0.10329623652606812
other,ORAI3_ORAI3,231605,0.02938192180652404,0.20820961603070431,7.086317137515249,1.7424960790062851,0.08479684663129489
other,SCNN1G_SCNN1G,231605,0.008937630880162346,0.1580795014157357,17.686957934971723,2.679296584772076,0.25608758123389896
other,SCNN1A_SCNN1A,231605,0.1292588674683189,3.2036704156265268,23.556388976766602,1.1930901781683916,0.23337622174466024
other,SCNN1A_SCNN1G,231605,0.00485309039096738,0.5423376438058222,42.62917200643529,2.550942662070587,0.2523410481665553
other,SLC23A2_SLC23A2,231605,0.003950691910796399,0.028494197403880615,7.212457475110131,2.4160459420247076,-0.04699953344541896
